M,C,d,L,R,T,N
0.9990,24.2460,0.7930,83.8170,1.0460,2025-01-02 11:56:18,0.0
1.0020,24.1310,0.4860,84.0250,1.1340,2025-01-02 11:56:18,0.0
0.99,24.2810,0.6060,84.2220,1.0440,2025-01-02 11:56:18,0.0
0.97,24.2850,0.6690,84.0670,0.9340,2025-01-02 11:56:18,0.0
0.9770,24.3170,0.4750,83.9950,1.0890,2025-01-02 11:56:18,0.0
0.9440,24.1350,0.4570,83.9140,1.0480,2025-01-02 11:56:18,0.0
1,24.2740,0.6440,84.14,0.9710,2025-01-02 11:56:18,0.0
0.9560,24.19,1.0460,84.0010,1.1230,2025-01-02 11:56:18,0.0
1.0120,24.3050,0.3490,84.1870,1.0880,2025-01-02 11:56:18,0.0
0.9890,24.3110,0.8160,83.83,1.0190,2025-01-02 11:56:18,0.0
1.0090,24.27,0.3650,84.1710,1.1060,2025-01-02 11:56:18,0.0
1.0170,24.3290,0.4810,84.1590,1.0930,2025-01-02 11:56:18,0.0
1.0090,24.2880,0.5580,84.0690,1.1320,2025-01-02 11:56:18,0.0
1.02,24.3660,0.3560,84.1320,1.0750,2025-01-02 11:56:18,0.0
0.9970,24.2680,0.4940,84.03,1.0510,2025-01-02 11:56:18,0.0
1.0330,24.4150,0.3710,83.9760,1.0950,2025-01-02 11:56:18,0.0
0.9640,24.35,0.6790,84.0450,1.0740,2025-01-02 11:56:18,0.0
0.9890,24.3820,0.7880,84.22,1.0370,2025-01-02 11:56:18,0.0
0.9860,24.3980,0.5480,84.0440,0.9930,2025-01-02 11:56:18,0.0
0.9910,24.2090,0.5080,84.0960,1.1250,2025-01-02 11:56:18,0.0
0.9560,24.3070,1.14,84.19,0.9670,2025-01-02 13:01:00,1.0
1.0090,24.3280,0.6330,84.06,1.0830,2025-01-02 13:01:00,1.0
0.9790,24.3070,0.5120,83.92,1.1130,2025-01-02 13:01:00,1.0
0.9880,24.3390,0.5850,83.97,1.0290,2025-01-02 13:01:00,1.0
0.9760,24.2280,0.4470,84.14,0.9790,2025-01-02 13:01:00,1.0
0.9660,24.2680,0.9120,84.11,1.0060,2025-01-02 13:01:00,1.0
0.9660,24.3010,0.8860,83.90,1.0350,2025-01-02 13:01:00,1.0
0.9730,24.3480,0.6680,84.10,1.0140,2025-01-02 13:01:00,1.0
0.9740,24.2890,0.5350,83.98,1.03,2025-01-02 13:01:00,1.0
0.9870,24.3560,0.50,84.21,1.0980,2025-01-02 13:01:00,1.0
0.9920,24.3590,0.4220,83.89,1.0470,2025-01-02 13:01:00,1.0
0.9860,24.3740,0.4570,84.24,1.1030,2025-01-02 13:01:00,1.0
1.0020,24.3740,0.4520,84.28,1.0520,2025-01-02 13:01:00,1.0
0.9690,24.37,1.0880,83.96,1.0730,2025-01-02 13:01:00,1.0
0.97,24.3280,0.57,84.05,1.11,2025-01-02 13:01:00,1.0
0.9790,24.3190,0.52,83.98,1.0140,2025-01-02 13:01:00,1.0
0.9640,24.2560,0.6030,83.97,1.0080,2025-01-02 13:01:00,1.0
0.9980,24.3650,0.4550,84.18,0.9990,2025-01-02 13:01:00,1.0
1.0160,24.4120,0.4390,84.25,1.0250,2025-01-02 13:01:00,1.0
0.9760,24.2860,0.5070,83.84,1.0550,2025-01-02 13:01:00,1.0
0.9920,24.3320,0.6550,83.92,1.0390,2025-01-02 19:26:09,2.0
0.9830,24.3280,0.8940,84.24,1.0680,2025-01-02 19:26:09,2.0
0.96,24.3120,0.6710,83.96,1.08,2025-01-02 19:26:09,2.0
1.0060,24.2790,0.7310,84.01,1.1370,2025-01-02 19:26:09,2.0
0.9970,24.3320,0.60,84.19,1.0980,2025-01-02 19:26:09,2.0
1.0070,24.4180,0.4750,84.06,1.0160,2025-01-02 19:26:09,2.0
0.9630,24.3440,0.4870,83.95,1.1120,2025-01-02 19:26:09,2.0
0.9890,24.3210,0.5220,83.98,1.05,2025-01-02 19:26:09,2.0
0.9990,24.2450,0.61,83.91,1.1490,2025-01-02 19:26:09,2.0
1.0170,24.3470,0.7010,84,1.0610,2025-01-02 19:26:09,2.0
0.9950,24.3050,0.5580,83.89,1.1460,2025-01-02 19:26:09,2.0
0.9680,24.3120,0.9120,83.87,1.1190,2025-01-02 19:26:09,2.0
0.9910,24.3010,0.4070,84.06,1.1110,2025-01-02 19:26:09,2.0
1.0190,24.2880,0.58,83.98,1.0750,2025-01-02 19:26:09,2.0
1.0310,24.3960,0.5370,84.11,1.1120,2025-01-02 19:26:09,2.0
0.9820,24.3140,0.57,84.31,1.0340,2025-01-02 19:26:09,2.0
0.9710,24.2570,0.60,84.06,1.0920,2025-01-02 19:26:09,2.0
0.9990,24.3030,0.6330,84.11,1.13,2025-01-02 19:26:09,2.0
0.9720,24.3070,0.63,83.88,1.0590,2025-01-02 19:26:09,2.0
1.0040,24.4030,0.6180,84.17,1.1040,2025-01-02 19:26:09,2.0
0.9920,24.4640,0.6080,83.8050,1.1050,2025-01-02 21:02:06,3.0
0.9570,24.2320,1.1380,83.8820,1.0180,2025-01-02 21:02:06,3.0
0.99,24.2990,0.5550,84.0740,1.0780,2025-01-02 21:02:06,3.0
0.9880,24.4010,0.5710,84.2610,1.1550,2025-01-02 21:02:06,3.0
1.0070,24.3530,0.6290,84.31,1.1090,2025-01-02 21:02:06,3.0
1.0020,24.3010,0.3380,83.8040,1.0710,2025-01-02 21:02:06,3.0
0.9720,24.35,0.7510,84.46,1.0610,2025-01-02 21:02:06,3.0
1.0070,24.3880,0.35,84.19,1.1530,2025-01-02 21:02:06,3.0
0.9980,24.3150,0.5540,83.99,1.0320,2025-01-02 21:02:06,3.0
0.9690,24.3140,0.7150,83.9270,1.0070,2025-01-02 21:02:06,3.0
1.0160,24.3980,0.8470,84.1940,1.10,2025-01-02 21:02:06,3.0
0.9960,24.4040,0.4320,83.9260,1.10,2025-01-02 21:02:06,3.0
1.0080,24.4250,0.5230,84.1720,1.0760,2025-01-02 21:02:06,3.0
0.9890,24.3630,0.6550,84.1960,1.1160,2025-01-02 21:02:06,3.0
1.0020,24.3420,0.5220,83.8870,1.1210,2025-01-02 21:02:06,3.0
0.9920,24.3120,0.6440,84.2440,1.07,2025-01-02 21:02:06,3.0
1.0290,24.4690,0.4490,83.9930,1.1550,2025-01-02 21:02:06,3.0
1.0110,24.43,0.59,84.13,1.0860,2025-01-02 21:02:06,3.0
0.9890,24.36,0.48,84.1480,1.1170,2025-01-02 21:02:06,3.0
1,24.3930,0.5540,84.0580,1.1830,2025-01-02 21:02:06,3.0
0.9820,24.35,0.4350,84.20,1.1020,2025-01-03 11:30:01,4.0
0.9440,24.2390,1.3060,84.07,1.0150,2025-01-03 11:30:01,4.0
0.9640,24.3610,0.56,83.91,1.0520,2025-01-03 11:30:01,4.0
1.0050,24.3870,0.5020,84.04,1.15,2025-01-03 11:30:01,4.0
0.9490,24.2850,0.4570,84.06,1.0240,2025-01-03 11:30:01,4.0
0.9590,24.3750,0.7730,84.13,0.9650,2025-01-03 11:30:01,4.0
1.0070,24.3560,0.6080,84,1.0630,2025-01-03 11:30:01,4.0
0.9930,24.4160,0.47,84.22,1.1230,2025-01-03 11:30:01,4.0
0.9830,24.3990,0.6430,83.86,1.0980,2025-01-03 11:30:01,4.0
0.9760,24.4350,0.6080,84.02,1.1040,2025-01-03 11:30:01,4.0
0.9690,24.4650,0.56,84.06,1.06,2025-01-03 11:30:01,4.0
0.9930,24.3320,0.50,84.10,1.0890,2025-01-03 11:30:01,4.0
0.9860,24.4350,0.5150,83.85,1.1330,2025-01-03 11:30:01,4.0
0.9940,24.4040,0.60,84.03,1.0340,2025-01-03 11:30:01,4.0
0.9780,24.3820,0.4070,84.10,1.0750,2025-01-03 11:30:01,4.0
0.9880,24.3450,0.5550,84.02,1.0990,2025-01-03 11:30:01,4.0
0.9680,24.3450,0.4920,83.88,1.0640,2025-01-03 11:30:01,4.0
1.0030,24.4710,0.7180,84.06,1.1320,2025-01-03 11:30:01,4.0
0.9960,24.3530,0.9820,84.11,1.0460,2025-01-03 11:30:01,4.0
0.9720,24.3370,0.9820,83.94,1.1160,2025-01-03 11:30:01,4.0
1.0050,24.3990,0.4850,83.86,1.1280,2025-01-03 13:00:09,5.0
0.9760,24.3290,0.8410,84.09,1.0990,2025-01-03 13:00:09,5.0
0.9930,24.3350,0.5450,84.12,1.0960,2025-01-03 13:00:09,5.0
0.9720,24.34,0.4970,84.03,0.9810,2025-01-03 13:00:09,5.0
0.9550,24.3470,0.5280,83.88,0.9860,2025-01-03 13:00:09,5.0
0.9860,24.4150,0.4950,83.97,1.0250,2025-01-03 13:00:09,5.0
0.9830,24.3460,0.6930,84.16,1.0990,2025-01-03 13:00:09,5.0
0.9640,24.2780,0.6830,83.73,1.08,2025-01-03 13:00:09,5.0
1,24.3880,0.5750,83.99,1.0860,2025-01-03 13:00:09,5.0
1.0160,24.3210,0.60,84.08,1.0810,2025-01-03 13:00:09,5.0
0.9590,24.2740,0.8490,83.94,1.0190,2025-01-03 13:00:09,5.0
0.9810,24.3770,0.9640,84.11,1.0510,2025-01-03 13:00:09,5.0
0.9760,24.3450,0.6630,83.87,1.0870,2025-01-03 13:00:09,5.0
1.01,24.3520,0.6230,84.04,1.0620,2025-01-03 13:00:09,5.0
1.0110,24.3820,0.6760,84.06,1.0780,2025-01-03 13:00:09,5.0
0.9680,24.3330,0.5070,84.05,1.0860,2025-01-03 13:00:09,5.0
1.0370,24.41,0.4650,84.11,1.1410,2025-01-03 13:00:09,5.0
0.98,24.3440,0.6880,83.91,1.0930,2025-01-03 13:00:09,5.0
0.9930,24.3780,0.44,83.88,1.0630,2025-01-03 13:00:09,5.0
0.9950,24.3220,0.3840,83.86,1.1830,2025-01-03 13:00:09,5.0
1.0130,24.3470,0.9190,84.18,1.0430,2025-01-03 19:35:20,6.0
0.9950,24.3090,1.01,83.79,1.1150,2025-01-03 19:35:20,6.0
0.9770,24.25,0.4270,83.97,1.0340,2025-01-03 19:35:20,6.0
0.9850,24.3070,0.6760,84.23,1.0270,2025-01-03 19:35:20,6.0
0.9880,24.3190,0.5630,83.80,1.0680,2025-01-03 19:35:20,6.0
1.0010,24.3570,0.4420,84.19,1.1380,2025-01-03 19:35:20,6.0
0.9910,24.3080,0.5580,84.12,1.03,2025-01-03 19:35:20,6.0
0.98,24.3490,0.6550,83.84,1.0790,2025-01-03 19:35:20,6.0
1.0250,24.3230,0.6230,84.15,1.0690,2025-01-03 19:35:20,6.0
0.9570,24.3060,0.5250,83.97,1.0110,2025-01-03 19:35:20,6.0
0.9840,24.35,0.6580,83.92,1.1560,2025-01-03 19:35:20,6.0
0.9950,24.3280,0.5420,84.25,1.0720,2025-01-03 19:35:20,6.0
0.9660,24.3630,0.7480,83.98,1.0690,2025-01-03 19:35:20,6.0
0.9540,24.2290,0.8770,83.84,0.9410,2025-01-03 19:35:20,6.0
1.0050,24.3620,0.5980,84.05,1.1050,2025-01-03 19:35:20,6.0
0.9580,24.3450,0.3290,83.84,1.0840,2025-01-03 19:35:20,6.0
1.0160,24.4040,0.4850,84.41,1.0460,2025-01-03 19:35:20,6.0
1.0220,24.3490,0.4670,84.11,1.1330,2025-01-03 19:35:20,6.0
1.0270,24.3120,0.4620,84.04,1.1250,2025-01-03 19:35:20,6.0
0.9680,24.2970,0.6560,84.03,1.1020,2025-01-03 19:35:20,6.0
1.0140,24.3220,0.9790,84.32,1.1140,2025-01-03 21:15:26,7.0
0.9830,24.3250,0.6680,83.95,1.1160,2025-01-03 21:15:26,7.0
0.9490,24.2710,0.6780,84.11,1.0490,2025-01-03 21:15:26,7.0
1.0220,24.4670,0.57,84.50,1.1890,2025-01-03 21:15:26,7.0
0.9890,24.3620,0.5350,84.23,0.99,2025-01-03 21:15:26,7.0
1.0170,24.3470,0.6380,84.19,1.0820,2025-01-03 21:15:26,7.0
0.9610,24.3410,0.5550,84.03,1.0890,2025-01-03 21:15:26,7.0
0.9520,24.24,0.6680,84.09,1.0330,2025-01-03 21:15:26,7.0
0.9480,24.3390,0.99,84.03,1.12,2025-01-03 21:15:26,7.0
0.9670,24.3650,0.4170,84.19,1.1310,2025-01-03 21:15:26,7.0
0.9610,24.3340,0.4390,83.95,1.0230,2025-01-03 21:15:26,7.0
0.9840,24.40,0.5430,84.23,1.0660,2025-01-03 21:15:26,7.0
0.97,24.4430,0.5320,83.87,1.1210,2025-01-03 21:15:26,7.0
0.9740,24.2750,0.5730,84,1.0980,2025-01-03 21:15:26,7.0
0.9840,24.3390,0.6860,83.88,1.0530,2025-01-03 21:15:26,7.0
1.0130,24.3370,0.5950,84.54,0.9930,2025-01-03 21:15:26,7.0
0.9950,24.3260,0.60,84.15,1.1380,2025-01-03 21:15:26,7.0
0.9950,24.3890,0.6450,84.16,1.1160,2025-01-03 21:15:26,7.0
0.9930,24.3550,0.4040,84.35,1.1160,2025-01-03 21:15:26,7.0
0.9840,24.3720,0.6380,84.11,1.06,2025-01-03 21:15:26,7.0
0.9710,24.2940,0.64,83.91,1.15,2025-01-04 11:42:19,8.0
0.9720,24.3440,0.4070,83.92,1.1240,2025-01-04 11:42:19,8.0
0.9720,24.2540,0.4070,83.96,1.1510,2025-01-04 11:42:19,8.0
0.9910,24.3120,0.5830,83.99,1.1470,2025-01-04 11:42:19,8.0
1.0250,24.31,0.4520,84.53,1.1860,2025-01-04 11:42:19,8.0
0.9930,24.3610,0.5630,84.26,1.1390,2025-01-04 11:42:19,8.0
0.9410,24.2830,0.5250,83.91,1.0680,2025-01-04 11:42:19,8.0
0.9640,24.3260,0.4520,84.03,1.1460,2025-01-04 11:42:19,8.0
0.9720,24.3430,0.3210,84.18,1.0820,2025-01-04 11:42:19,8.0
0.9830,24.3540,0.57,83.91,1.1540,2025-01-04 11:42:19,8.0
0.9570,24.2960,0.6280,84.03,1.1070,2025-01-04 11:42:19,8.0
0.96,24.3170,0.9070,83.82,1.1030,2025-01-04 11:42:19,8.0
0.9730,24.3340,0.54,84.01,1.1260,2025-01-04 11:42:19,8.0
0.9760,24.3140,0.5650,83.73,1.12,2025-01-04 11:42:19,8.0
0.9460,24.2770,0.52,84.01,1.1510,2025-01-04 11:42:19,8.0
0.9630,24.2350,0.4190,84.09,1.10,2025-01-04 11:42:19,8.0
0.9730,24.3450,0.4220,83.95,1.1440,2025-01-04 11:42:19,8.0
0.9410,24.2710,0.6050,84.01,1.0710,2025-01-04 11:42:19,8.0
0.9270,24.3030,0.7840,83.93,1.0630,2025-01-04 11:42:19,8.0
0.9880,24.3450,0.4140,84.25,1.1220,2025-01-04 11:42:19,8.0
0.9550,24.2940,0.7460,83.91,1.0310,2025-01-04 13:07:29,9.0
0.9990,24.3610,0.1960,84.12,1.1590,2025-01-04 13:07:29,9.0
1.0010,24.2990,0.5730,84.58,1.2020,2025-01-04 13:07:29,9.0
0.9780,24.3530,0.50,83.98,1.0580,2025-01-04 13:07:29,9.0
0.9810,24.2890,0.6330,84,1.1280,2025-01-04 13:07:29,9.0
0.9760,24.3030,1.0050,84.20,1.1340,2025-01-04 13:07:29,9.0
1.0110,24.2960,0.53,84.36,1.1170,2025-01-04 13:07:29,9.0
0.9990,24.3110,0.4820,84.02,1.1390,2025-01-04 13:07:29,9.0
0.9430,24.31,0.49,83.85,1.1370,2025-01-04 13:07:29,9.0
1.0040,24.3120,0.3440,84.06,1.1540,2025-01-04 13:07:29,9.0
0.9740,24.33,0.5150,83.87,1.0760,2025-01-04 13:07:29,9.0
0.9370,24.2910,0.8410,84.22,0.9940,2025-01-04 13:07:29,9.0
0.9940,24.3650,0.5320,84.19,1.06,2025-01-04 13:07:29,9.0
0.9810,24.26,0.4870,83.85,1.1330,2025-01-04 13:07:29,9.0
0.9650,24.2520,0.5070,83.97,1.12,2025-01-04 13:07:29,9.0
0.9760,24.2920,0.6130,83.84,1.18,2025-01-04 13:07:29,9.0
0.9750,24.3510,0.7030,83.76,1.0620,2025-01-04 13:07:29,9.0
1.0270,24.39,0.3970,84.05,1.1450,2025-01-04 13:07:29,9.0
0.9660,24.2420,0.6910,83.97,1.0680,2025-01-04 13:07:29,9.0
0.9790,24.4090,0.6450,84.05,1.1790,2025-01-04 13:07:29,9.0
0.9750,24.3870,0.3890,83.91,1.0230,2025-01-05 08:43:33,10.0
1.0240,24.4310,0.7740,84.05,1.1640,2025-01-05 08:43:33,10.0
0.9850,24.3680,0.58,84.06,1.1410,2025-01-05 08:43:33,10.0
0.9630,24.2460,0.8490,84.08,1.0710,2025-01-05 08:43:33,10.0
0.9960,24.41,0.5420,83.99,1.1380,2025-01-05 08:43:33,10.0
0.9940,24.3610,0.6350,83.99,1.0740,2025-01-05 08:43:33,10.0
1.0190,24.3830,0.4570,84.40,1.1020,2025-01-05 08:43:33,10.0
0.9790,24.4350,0.5350,83.79,1.1210,2025-01-05 08:43:33,10.0
0.9750,24.3840,0.5950,84.06,1.13,2025-01-05 08:43:33,10.0
0.9710,24.3240,0.6910,84.18,1.0480,2025-01-05 08:43:33,10.0
0.9450,24.2670,0.60,84.18,1.0180,2025-01-05 08:43:33,10.0
0.9540,24.3550,0.6730,84.01,1.0490,2025-01-05 08:43:33,10.0
1.0220,24.3950,0.5020,84.20,1.1970,2025-01-05 08:43:33,10.0
0.9880,24.3780,1.16,84.27,1.1810,2025-01-05 08:43:33,10.0
1.0090,24.4150,0.6280,84.17,1.1880,2025-01-05 08:43:33,10.0
0.9840,24.4330,0.47,84.06,1.1460,2025-01-05 08:43:33,10.0
0.95,24.3490,0.4390,84.03,1.0470,2025-01-05 08:43:33,10.0
0.9970,24.3120,0.4870,84.06,1.0630,2025-01-05 08:43:33,10.0
0.9540,24.3220,0.6510,84.01,1.0040,2025-01-05 08:43:33,10.0
0.9270,24.3330,0.5750,84.09,1.0370,2025-01-05 08:43:33,10.0
0.96,24.2570,0.3890,84.14,1.0650,2025-01-05 08:43:30,11.0
0.9790,24.3290,0.9640,84.06,1.0640,2025-01-05 08:43:30,11.0
0.9830,24.2520,0.6480,84.10,1.0570,2025-01-05 08:43:30,11.0
0.9780,24.3440,0.6230,84.02,1.0780,2025-01-05 08:43:30,11.0
0.98,24.2620,0.55,84.19,1.1840,2025-01-05 08:43:30,11.0
0.9790,24.3110,0.5480,84,1.1160,2025-01-05 08:43:30,11.0
1.0230,24.3620,0.6780,84.04,1.15,2025-01-05 08:43:30,11.0
0.9610,24.3580,0.53,84.08,1.0870,2025-01-05 08:43:30,11.0
0.9460,24.2150,0.8560,84.29,0.9550,2025-01-05 08:43:30,11.0
1.0110,24.3570,0.50,84.03,1.13,2025-01-05 08:43:30,11.0
0.9640,24.3390,0.5730,84.40,1.0240,2025-01-05 08:43:30,11.0
0.9540,24.2850,0.3870,84.10,1.1640,2025-01-05 08:43:30,11.0
0.99,24.3410,0.7690,84.01,1.1070,2025-01-05 08:43:30,11.0
1.0370,24.3140,0.3870,83.99,1.17,2025-01-05 08:43:30,11.0
0.94,24.2880,0.7010,84.19,1.0280,2025-01-05 08:43:30,11.0
0.9890,24.3190,0.50,83.92,1.1360,2025-01-05 08:43:30,11.0
0.9810,24.3170,0.61,84,1.1170,2025-01-05 08:43:30,11.0
0.9510,24.28,0.8660,84.08,0.9840,2025-01-05 08:43:30,11.0
1.0010,24.3960,0.6250,84.37,1.0950,2025-01-05 08:43:30,11.0
0.9540,24.2920,0.9420,83.93,1.10,2025-01-05 08:43:30,11.0
0.9750,24.2740,0.4950,83.98,1.0820,2025-01-05 13:42:22,12.0
0.9470,24.27,0.5850,84.11,1.0410,2025-01-05 13:42:22,12.0
0.97,24.2760,0.4190,83.93,1.0540,2025-01-05 13:42:22,12.0
0.97,24.2460,0.7480,83.91,1.1470,2025-01-05 13:42:22,12.0
0.9710,24.3170,0.6660,83.96,1.0640,2025-01-05 13:42:22,12.0
0.9820,24.2310,0.58,83.83,1.1250,2025-01-05 13:42:22,12.0
0.9470,24.2990,1.0450,83.69,1.0870,2025-01-05 13:42:22,12.0
1.0090,24.3690,0.5120,84.14,1.1210,2025-01-05 13:42:22,12.0
0.9930,24.2240,0.7860,84.06,1.1530,2025-01-05 13:42:22,12.0
0.9980,24.2890,0.4870,84.24,1.0870,2025-01-05 13:42:22,12.0
0.9690,24.3260,0.6880,83.97,1.1310,2025-01-05 13:42:22,12.0
0.9430,24.2780,0.4570,83.85,1.0150,2025-01-05 13:42:22,12.0
0.9680,24.2680,0.6050,83.94,1.1280,2025-01-05 13:42:22,12.0
1.0010,24.3290,0.8190,84.19,1.0870,2025-01-05 13:42:22,12.0
0.9750,24.3450,0.3040,83.68,1.0770,2025-01-05 13:42:22,12.0
0.9730,24.3610,0.4970,84.24,1.0830,2025-01-05 13:42:22,12.0
0.9580,24.2370,0.5550,84.11,1.1340,2025-01-05 13:42:22,12.0
0.9740,24.2920,0.6450,83.99,1.09,2025-01-05 13:42:22,12.0
0.99,24.4040,0.9190,84.02,1.0770,2025-01-05 13:42:22,12.0
0.9750,24.32,0.4320,84,1.0990,2025-01-05 13:42:22,12.0
0.9310,24.2170,0.5370,84.04,1.0130,2025-01-05 13:42:18,13.0
0.9860,24.3610,0.4870,84.32,1.1050,2025-01-05 13:42:18,13.0
0.9940,24.3410,0.5050,84.06,1.1040,2025-01-05 13:42:18,13.0
0.9640,24.2740,0.8790,84.22,1.1510,2025-01-05 13:42:18,13.0
1.0160,24.2960,0.8510,84.26,1.1250,2025-01-05 13:42:18,13.0
1.0090,24.34,0.5550,84.08,1.1590,2025-01-05 13:42:18,13.0
1,24.3180,0.4120,84.18,1.1670,2025-01-05 13:42:18,13.0
0.9970,24.2830,0.9290,84.61,1.0380,2025-01-05 13:42:18,13.0
0.9620,24.1910,0.59,84,1.0870,2025-01-05 13:42:18,13.0
0.9670,24.2790,0.56,83.83,1.0720,2025-01-05 13:42:18,13.0
0.9770,24.3040,0.6810,83.94,1.0360,2025-01-05 13:42:18,13.0
1.01,24.4010,0.3160,84.07,1.1820,2025-01-05 13:42:18,13.0
0.9650,24.3340,0.53,83.93,1.0750,2025-01-05 13:42:18,13.0
0.9530,24.2970,0.7760,84.07,1.0580,2025-01-05 13:42:18,13.0
0.9270,24.1670,0.5730,83.84,1.0520,2025-01-05 13:42:18,13.0
0.9820,24.33,0.3970,84.11,1.1170,2025-01-05 13:42:18,13.0
0.9790,24.2610,0.4520,83.89,1.1510,2025-01-05 13:42:18,13.0
1.0180,24.3540,0.5150,84.12,1.1780,2025-01-05 13:42:18,13.0
0.9830,24.3150,0.6430,84,1.1450,2025-01-05 13:42:18,13.0
0.9930,24.3060,0.45,84.05,1.1230,2025-01-05 13:42:18,13.0
0.9690,24.31,0.4520,83.87,1.0290,2025-01-05 19:51:55,14.0
0.9550,24.2880,0.4620,83.89,1.0560,2025-01-05 19:51:55,14.0
0.94,24.2570,0.3970,83.88,1.0790,2025-01-05 19:51:55,14.0
0.9610,24.2910,1.0930,83.77,1.1420,2025-01-05 19:51:55,14.0
0.9980,24.3190,0.7640,83.99,1.1550,2025-01-05 19:51:55,14.0
1.0020,24.33,0.5250,84,1.0960,2025-01-05 19:51:55,14.0
1.02,24.32,0.5630,84,1.0910,2025-01-05 19:51:55,14.0
1.0040,24.1590,0.4370,84.23,1.1590,2025-01-05 19:51:55,14.0
0.9550,24.1940,0.8340,84.04,1.09,2025-01-05 19:51:55,14.0
0.9490,24.1860,0.7180,84.07,1.0420,2025-01-05 19:51:55,14.0
0.9550,24.2840,0.4770,84.04,1.09,2025-01-05 19:51:55,14.0
0.9850,24.3410,0.5850,84.16,1.0920,2025-01-05 19:51:55,14.0
0.9870,24.3320,0.8060,84.17,1.0680,2025-01-05 19:51:55,14.0
0.9980,24.2870,0.59,84.01,1.1340,2025-01-05 19:51:55,14.0
0.9860,24.3320,0.5020,84.04,1.1330,2025-01-05 19:51:55,14.0
0.9580,24.1820,0.5830,83.95,1.0480,2025-01-05 19:51:55,14.0
0.9660,24.3160,0.6830,83.89,1.1060,2025-01-05 19:51:55,14.0
0.99,24.3270,0.5270,83.93,1.1090,2025-01-05 19:51:55,14.0
0.9860,24.2550,0.9770,83.79,1.0120,2025-01-05 19:51:55,14.0
0.9670,24.1280,0.4620,83.95,1.13,2025-01-05 19:51:55,14.0
0.9930,24.2970,0.7690,83.87,1.10,2025-01-05 21:17:02,15.0
0.9630,24.3050,0.4070,83.85,1.0320,2025-01-05 21:17:02,15.0
0.9780,24.3620,0.7410,84,1.15,2025-01-05 21:17:02,15.0
1.0230,24.3060,0.51,83.95,1.0910,2025-01-05 21:17:02,15.0
0.9720,24.3140,0.4650,83.85,1.1190,2025-01-05 21:17:02,15.0
1.03,24.5170,0.4370,84.18,1.2050,2025-01-05 21:17:02,15.0
0.9970,24.3040,0.9770,84.17,1.1680,2025-01-05 21:17:02,15.0
0.9670,24.3220,0.4570,84.04,1.0890,2025-01-05 21:17:02,15.0
0.9790,24.3620,0.5730,84.07,1.2160,2025-01-05 21:17:02,15.0
0.9830,24.3120,0.5830,84.11,1.0870,2025-01-05 21:17:02,15.0
0.9710,24.0890,0.5430,83.95,1.1760,2025-01-05 21:17:02,15.0
0.9490,24.2110,0.7380,83.87,1.0550,2025-01-05 21:17:02,15.0
1.0050,24.3980,0.4090,84.20,1.1670,2025-01-05 21:17:02,15.0
0.97,24.28,0.6960,84.08,1.1370,2025-01-05 21:17:02,15.0
0.9710,24.2420,0.9690,83.98,1.1240,2025-01-05 21:17:02,15.0
0.9650,24.3420,0.3890,84.15,1.1220,2025-01-05 21:17:02,15.0
1.0120,24.3880,0.5070,83.91,1.1950,2025-01-05 21:17:02,15.0
0.9470,24.3040,0.5250,83.99,1.1410,2025-01-05 21:17:02,15.0
0.9930,24.3260,0.6930,83.90,1.1140,2025-01-05 21:17:02,15.0
0.9970,24.3240,0.4240,84.16,1.09,2025-01-05 21:17:02,15.0
0.9540,24.2970,0.6880,83.92,1.0610,2025-01-06 11:28:56,16.0
0.9810,24.3370,1.2380,84.17,1.0670,2025-01-06 11:28:56,16.0
0.9650,24.3670,0.4920,83.74,1.1280,2025-01-06 11:28:56,16.0
0.97,24.2850,0.4850,83.87,1.0590,2025-01-06 11:28:56,16.0
0.96,24.2520,0.7380,84.02,1.0750,2025-01-06 11:28:56,16.0
0.9680,24.3650,0.5980,83.98,0.9870,2025-01-06 11:28:56,16.0
0.9350,24.2630,0.4750,83.85,0.9450,2025-01-06 11:28:56,16.0
0.9750,24.4590,0.46,84.09,1.0150,2025-01-06 11:28:56,16.0
0.9860,24.27,0.52,83.94,1.0550,2025-01-06 11:28:56,16.0
0.9880,24.3340,0.5780,83.93,1.1240,2025-01-06 11:28:56,16.0
1.0090,24.3730,0.6980,83.98,1.1010,2025-01-06 11:28:56,16.0
0.9830,24.3120,0.5680,84.03,1.07,2025-01-06 11:28:56,16.0
0.9950,24.3920,0.4920,84.24,1.0910,2025-01-06 11:28:56,16.0
0.9910,24.3770,0.61,83.80,1.1490,2025-01-06 11:28:56,16.0
0.9860,24.3510,0.6450,84.15,1.1010,2025-01-06 11:28:56,16.0
0.9930,24.3850,0.58,84,1.0820,2025-01-06 11:28:56,16.0
0.9560,24.2590,0.5630,84.09,1.0460,2025-01-06 11:28:56,16.0
0.9480,24.1870,1.2830,84.30,1.05,2025-01-06 11:28:56,16.0
1.0060,24.4150,0.8140,84.18,1.1480,2025-01-06 11:28:56,16.0
0.9740,24.2850,0.5050,83.95,1.0590,2025-01-06 11:28:56,16.0
0.9850,24.3320,0.47,83.98,1.1450,2025-01-06 13:09:07,17.0
0.9990,24.2830,0.4970,84.10,1.0610,2025-01-06 13:09:07,17.0
0.9610,24.2170,0.5070,83.93,1.0750,2025-01-06 13:09:07,17.0
1.0430,24.3390,0.5330,84,1.11,2025-01-06 13:09:07,17.0
0.9990,24.2930,0.2960,84.08,1.1250,2025-01-06 13:09:07,17.0
0.9870,24.3630,0.2910,84,1.0940,2025-01-06 13:09:07,17.0
0.9870,24.2280,0.5450,83.71,1.0940,2025-01-06 13:09:07,17.0
0.99,24.3310,0.51,83.99,1.12,2025-01-06 13:09:07,17.0
0.97,24.2730,0.8440,83.82,1.1160,2025-01-06 13:09:07,17.0
0.9730,24.3680,0.6350,84.03,1.0970,2025-01-06 13:09:07,17.0
0.99,24.3260,0.7380,84.11,1.0550,2025-01-06 13:09:07,17.0
0.99,24.3220,0.4470,84.03,1.0750,2025-01-06 13:09:07,17.0
0.9710,24.3210,0.46,84.10,1.1360,2025-01-06 13:09:07,17.0
0.9480,24.2570,0.4040,84.16,1.0780,2025-01-06 13:09:07,17.0
1.0430,24.3390,0.4350,84.14,1.2060,2025-01-06 13:09:07,17.0
0.9980,24.3290,0.4750,84.12,1.0990,2025-01-06 13:09:07,17.0
0.9670,24.3350,0.7130,84.04,1.10,2025-01-06 13:09:07,17.0
0.9850,24.31,0.3410,84.16,1.1130,2025-01-06 13:09:07,17.0
0.9860,24.3050,0.8140,83.79,1.1170,2025-01-06 13:09:07,17.0
0.9760,24.31,0.3520,84.18,1.1760,2025-01-06 13:09:07,17.0
1.0160,24.2140,0.3440,84.0640,1.0680,2025-01-06 19:35:02,18.0
1.0160,24.3270,0.44,84.1710,1.1740,2025-01-06 19:35:02,18.0
1.0080,24.3460,0.5850,84.0290,1.1180,2025-01-06 19:35:02,18.0
1.0150,24.3060,0.6550,84.2660,1.0780,2025-01-06 19:35:02,18.0
0.9640,24.3340,0.6430,84.1890,1.0250,2025-01-06 19:35:02,18.0
1.0130,24.1410,0.42,84.11,1.0640,2025-01-06 19:35:02,18.0
1.0180,24.2550,0.4620,84.2690,1.0740,2025-01-06 19:35:02,18.0
1.0230,24.3170,0.39,84.0340,1.0320,2025-01-06 19:35:02,18.0
1.0080,24.2630,0.5130,84.3810,1.1180,2025-01-06 19:35:02,18.0
1.0280,24.3370,0.4530,84.2630,1.2060,2025-01-06 19:35:02,18.0
1,24.1820,0.4450,84.3560,1.0720,2025-01-06 19:35:02,18.0
1.0150,24.2250,0.5410,84.2440,1.13,2025-01-06 19:35:02,18.0
0.9940,24.3030,0.6130,83.9340,1.1440,2025-01-06 19:35:02,18.0
1.0170,24.2160,0.4680,83.9210,1.1480,2025-01-06 19:35:02,18.0
0.9830,24.1680,0.4830,83.90,1.0750,2025-01-06 19:35:02,18.0
1.0320,24.33,0.4360,84.0760,1.1120,2025-01-06 19:35:02,18.0
1.0140,24.3110,0.66,84.0420,1.0950,2025-01-06 19:35:02,18.0
0.9910,24.3280,0.5140,83.9770,1.1240,2025-01-06 19:35:02,18.0
0.9990,24.1970,0.4920,83.9660,1.0990,2025-01-06 19:35:02,18.0
1.0020,24.2720,0.7570,84.15,1.1990,2025-01-06 19:35:02,18.0
0.99,24.3560,0.4770,84.28,1.08,2025-01-06 21:24:25,19.0
0.9910,24.3570,0.62,84.07,1.0990,2025-01-06 21:24:25,19.0
1.0190,24.3980,0.5580,84.26,1.1380,2025-01-06 21:24:25,19.0
0.96,24.3380,0.5220,84.12,1.06,2025-01-06 21:24:25,19.0
0.9690,24.2830,0.7610,83.97,1.1280,2025-01-06 21:24:25,19.0
1.0170,24.3370,0.6610,83.99,1.0950,2025-01-06 21:24:25,19.0
0.9870,24.4350,0.4570,84.10,1.0520,2025-01-06 21:24:25,19.0
0.9980,24.3770,0.58,84.11,1.1490,2025-01-06 21:24:25,19.0
0.9910,24.2670,0.4020,84.01,1.1130,2025-01-06 21:24:25,19.0
0.9610,24.3060,0.4970,84.20,1.0430,2025-01-06 21:24:25,19.0
0.9860,24.2960,0.63,84,1.1580,2025-01-06 21:24:25,19.0
0.9760,24.3380,0.8210,84.01,1.1320,2025-01-06 21:24:25,19.0
1.0320,24.4310,0.2690,83.94,1.2060,2025-01-06 21:24:25,19.0
0.9810,24.24,0.7660,83.87,1.1250,2025-01-06 21:24:25,19.0
0.9860,24.4440,0.4120,84.24,1.0210,2025-01-06 21:24:25,19.0
1.03,24.4130,0.5280,84.40,1.1640,2025-01-06 21:24:25,19.0
0.9850,24.3720,0.4550,83.92,1.1660,2025-01-06 21:24:25,19.0
0.9980,24.34,0.4670,83.91,1.1090,2025-01-06 21:24:25,19.0
1.0060,24.2180,0.5070,84.09,1.1960,2025-01-06 21:24:25,19.0
1.0110,24.2980,0.3640,84.13,1.1460,2025-01-06 21:24:25,19.0
1.0150,24.3050,0.57,84.21,1.1630,2025-01-07 11:26:37,20.0
1.0230,24.4180,0.59,84.22,1.0460,2025-01-07 11:26:37,20.0
1.0180,24.3910,0.9740,83.93,1.1660,2025-01-07 11:26:37,20.0
1.0540,24.4430,0.6230,84.35,1.1550,2025-01-07 11:26:37,20.0
0.9850,24.3230,0.5250,83.97,1.1240,2025-01-07 11:26:37,20.0
1.0150,24.3140,0.5630,84.07,1.1610,2025-01-07 11:26:37,20.0
1.0220,24.41,0.5930,84.34,1.1450,2025-01-07 11:26:37,20.0
1.0340,24.4090,0.4190,84.17,1.1420,2025-01-07 11:26:37,20.0
0.9970,24.3790,0.6230,84.17,1.1570,2025-01-07 11:26:37,20.0
0.9820,24.2560,0.7580,83.86,1.1030,2025-01-07 11:26:37,20.0
1.0470,24.4240,0.6230,84.13,1.2330,2025-01-07 11:26:37,20.0
0.98,24.39,0.6480,83.77,1.1360,2025-01-07 11:26:37,20.0
1.0420,24.41,0.5680,84.01,1.1750,2025-01-07 11:26:37,20.0
1.0150,24.3610,0.3370,83.85,1.1360,2025-01-07 11:26:37,20.0
1.0310,24.4050,0.5350,83.92,1.2340,2025-01-07 11:26:37,20.0
1.0190,24.4060,0.5430,83.92,1.1470,2025-01-07 11:26:37,20.0
1.0050,24.3110,0.6180,83.91,1.1570,2025-01-07 11:26:37,20.0
1.0210,24.3980,0.5050,84,1.1060,2025-01-07 11:26:37,20.0
1.0320,24.4070,0.7310,84,1.1840,2025-01-07 11:26:37,20.0
1.0510,24.4190,0.4870,84.24,1.1990,2025-01-07 11:26:37,20.0
0.9960,24.3110,0.3840,83.85,1.0390,2025-01-07 13:11:46,21.0
0.9590,24.2610,0.54,84.02,1.0120,2025-01-07 13:11:46,21.0
0.9850,24.3050,0.6230,83.80,1.0880,2025-01-07 13:11:46,21.0
0.9490,24.2250,0.6480,84.07,1.0570,2025-01-07 13:11:46,21.0
0.9870,24.3060,0.5680,84.04,1.1280,2025-01-07 13:11:46,21.0
0.9460,24.1710,0.7660,83.82,1.0750,2025-01-07 13:11:46,21.0
0.9670,24.2180,0.9750,84.30,1.0610,2025-01-07 13:11:46,21.0
0.9730,24.3110,0.7960,83.93,1.1630,2025-01-07 13:11:46,21.0
0.97,24.29,0.7430,83.97,1.1290,2025-01-07 13:11:46,21.0
0.9740,24.2590,0.6930,83.99,1.1020,2025-01-07 13:11:46,21.0
1.0210,24.3040,0.43,84.08,1.1140,2025-01-07 13:11:46,21.0
1.0080,24.3570,0.5050,83.96,1.1240,2025-01-07 13:11:46,21.0
0.9430,24.2470,0.8360,83.68,1.06,2025-01-07 13:11:46,21.0
1.02,24.3590,0.4850,84.09,1.0170,2025-01-07 13:11:46,21.0
0.9880,24.2930,0.5930,83.91,1.1470,2025-01-07 13:11:46,21.0
0.99,24.3570,0.7940,84.19,1.0840,2025-01-07 13:11:46,21.0
0.9760,24.2140,0.5930,83.85,1.1190,2025-01-07 13:11:46,21.0
0.9330,24.1970,0.6460,84.19,1.0420,2025-01-07 13:11:46,21.0
0.9590,24.2450,0.5780,83.97,1.0490,2025-01-07 13:11:46,21.0
1.0020,24.2790,0.5850,83.98,1.1760,2025-01-07 13:11:46,21.0
0.9720,24.3390,0.8390,83.8950,1.09,2025-01-07 20:13:26,22.0
0.9850,24.0690,1.0660,84.1210,1.0520,2025-01-07 20:13:26,22.0
0.9620,24.2460,0.4880,84.1010,1.0530,2025-01-07 20:13:26,22.0
0.9920,24.1370,0.6390,84.23,1.0070,2025-01-07 20:13:26,22.0
1.0140,24.3270,0.5660,84.4550,1.0030,2025-01-07 20:13:26,22.0
0.9940,24.2620,0.5370,84.2280,1.0370,2025-01-07 20:13:26,22.0
0.9890,24.2710,0.4170,83.9860,1.07,2025-01-07 20:13:26,22.0
0.9630,24.3960,0.4550,84.0780,0.9960,2025-01-07 20:13:26,22.0
0.98,24.2580,0.60,84.0790,1.0440,2025-01-07 20:13:26,22.0
0.9960,24.2120,0.6280,83.8830,1.1160,2025-01-07 20:13:26,22.0
0.9920,24.3380,0.6420,102.6870,1.0150,2025-01-07 20:13:26,22.0
0.9780,24.3110,0.5670,83.8020,1.1060,2025-01-07 20:13:26,22.0
0.9490,24.2420,0.5020,84.0110,1.1510,2025-01-07 20:13:26,22.0
0.9580,24.2130,0.5030,83.7430,1.04,2025-01-07 20:13:26,22.0
0.9730,24.2180,0.4470,84.0570,1.06,2025-01-07 20:13:26,22.0
0.9890,24.2380,0.7080,83.9880,1.1070,2025-01-07 20:13:26,22.0
0.9770,24.2680,0.5510,84.1730,1.0920,2025-01-07 20:13:26,22.0
0.9830,24.3360,0.36,83.9040,1.04,2025-01-07 20:13:26,22.0
1.0240,24.4060,0.5780,84.2320,1.08,2025-01-07 20:13:26,22.0
0.9690,24.2970,0.7020,84.0720,1.0520,2025-01-07 20:13:26,22.0
1.0330,24.4260,0.4740,84.2260,1.1790,2025-01-07 21:53:52,23.0
0.9860,24.29,0.4190,84.0420,0.9960,2025-01-07 21:53:52,23.0
0.9890,24.2440,1.0950,83.8890,1.1580,2025-01-07 21:53:52,23.0
0.9370,24.0990,0.7510,83.7920,0.99,2025-01-07 21:53:52,23.0
1.0210,24.2470,0.5060,84.0160,1.1450,2025-01-07 21:53:52,23.0
1.0080,24.4350,0.6480,83.9160,1.0550,2025-01-07 21:53:52,23.0
0.9790,24.2690,1.2510,84.0060,1.0880,2025-01-07 21:53:52,23.0
0.9670,24.2190,0.4660,84.0360,1.0230,2025-01-07 21:53:52,23.0
1.0270,24.3540,0.6950,84.0950,1.0420,2025-01-07 21:53:52,23.0
0.9870,24.3490,0.5450,84.0910,1.0650,2025-01-07 21:53:52,23.0
1.0090,24.40,0.7030,84.1870,1.0660,2025-01-07 21:53:52,23.0
0.9820,24.37,0.3740,83.7740,1.0930,2025-01-07 21:53:52,23.0
0.9720,24.3580,0.5060,84.1460,1.0720,2025-01-07 21:53:52,23.0
0.9730,24.3740,0.9120,84.1240,1.0810,2025-01-07 21:53:52,23.0
0.9750,24.2790,0.5990,84.0930,1.0940,2025-01-07 21:53:52,23.0
0.9910,24.3350,0.4870,84.0560,1.0350,2025-01-07 21:53:52,23.0
1.0080,24.4130,0.7350,84.08,1.0630,2025-01-07 21:53:52,23.0
0.9950,24.3290,0.7150,84.1670,1.0850,2025-01-07 21:53:52,23.0
0.9530,24.17,0.4860,84.0460,1.0620,2025-01-07 21:53:52,23.0
0.9350,24.21,0.70,83.67,1.02,2025-01-07 21:53:52,23.0
0.9740,24.3470,0.6810,84.04,1.0830,2025-01-08 11:34:15,24.0
0.9740,24.39,0.7580,84.10,1.1070,2025-01-08 11:34:15,24.0
0.9910,24.3930,1.1830,84.06,1.0980,2025-01-08 11:34:15,24.0
0.9570,24.3780,0.4090,84.34,0.9930,2025-01-08 11:34:15,24.0
0.9720,24.3770,0.4020,84.39,1.0990,2025-01-08 11:34:15,24.0
0.9590,24.3190,0.6980,84.11,1.0320,2025-01-08 11:34:15,24.0
0.98,24.3280,0.5020,84.28,1.1390,2025-01-08 11:34:15,24.0
0.9990,24.3730,0.4920,84.01,1.1910,2025-01-08 11:34:15,24.0
1.0050,24.35,0.4670,83.85,1.1450,2025-01-08 11:34:15,24.0
0.9570,24.3610,0.4420,84.13,1.0640,2025-01-08 11:34:15,24.0
0.9460,24.3640,0.6030,84.01,1.0960,2025-01-08 11:34:15,24.0
0.9940,24.3670,0.5050,84.01,1.1340,2025-01-08 11:34:15,24.0
0.9710,24.3650,1.0270,83.68,1.0750,2025-01-08 11:34:15,24.0
0.9950,24.3710,0.3010,83.99,1.1620,2025-01-08 11:34:15,24.0
0.9790,24.3720,0.6050,83.89,1.2060,2025-01-08 11:34:15,24.0
1.0050,24.3940,0.5350,83.95,1.0980,2025-01-08 11:34:15,24.0
0.9580,24.3450,0.4720,83.78,1.1740,2025-01-08 11:34:15,24.0
0.9770,24.4240,0.4820,83.82,1.1440,2025-01-08 11:34:15,24.0
1.0370,24.44,0.65,84.21,1.2190,2025-01-08 11:34:15,24.0
0.9720,24.3530,0.6810,84.08,1.0490,2025-01-08 11:34:15,24.0
0.9960,24.3390,0.4390,83.95,1.0880,2025-01-08 13:09:23,25.0
0.9950,24.18,0.3940,83.97,1.0770,2025-01-08 13:09:23,25.0
0.9310,24.3020,0.5930,83.99,1.0020,2025-01-08 13:09:23,25.0
0.9840,24.23,0.3920,84.17,1.1020,2025-01-08 13:09:23,25.0
0.9780,24.2780,0.50,84.25,1.1050,2025-01-08 13:09:23,25.0
0.9570,24.23,0.8290,84.02,1.0140,2025-01-08 13:09:23,25.0
0.9960,24.3120,0.56,84.18,1.1050,2025-01-08 13:09:23,25.0
0.9630,24.3230,0.6450,84.02,1.0750,2025-01-08 13:09:23,25.0
0.9850,24.2940,0.4870,84.13,1.1350,2025-01-08 13:09:23,25.0
0.9930,24.2830,0.4320,83.99,1.0990,2025-01-08 13:09:23,25.0
0.9830,24.1930,0.62,84.18,1.1410,2025-01-08 13:09:23,25.0
0.9550,24.29,0.8210,83.75,1.06,2025-01-08 13:09:23,25.0
1.0070,24.2650,0.7560,84.32,1.1460,2025-01-08 13:09:23,25.0
0.9690,24.3110,0.45,84.02,1.0530,2025-01-08 13:09:23,25.0
0.9890,24.2960,0.5170,84.10,1.0730,2025-01-08 13:09:23,25.0
0.9430,24.2350,1.0870,83.96,0.9380,2025-01-08 13:09:23,25.0
0.9910,24.3090,0.5830,83.94,1.1690,2025-01-08 13:09:23,25.0
0.9690,24.2630,0.5880,83.77,1.1640,2025-01-08 13:09:23,25.0
0.9660,24.2590,0.5370,84.02,1.1230,2025-01-08 13:09:23,25.0
1.0150,24.2580,0.54,84.26,1.1690,2025-01-08 13:09:23,25.0
0.9660,24.3630,0.6180,83.97,1.0750,2025-01-08 19:14:42,26.0
0.9690,24.3450,0.8140,83.93,1.0560,2025-01-08 19:14:42,26.0
0.9570,24.3640,0.7080,83.94,1.0540,2025-01-08 19:14:42,26.0
0.9730,24.4060,1.0930,83.97,1.16,2025-01-08 19:14:42,26.0
0.9940,24.2650,0.57,84.25,1.1160,2025-01-08 19:14:42,26.0
0.9570,24.3010,0.5850,84.02,1.07,2025-01-08 19:14:42,26.0
0.9470,24.3240,0.5350,83.89,1.1150,2025-01-08 19:14:42,26.0
0.9860,24.4050,0.6530,84.02,1.0880,2025-01-08 19:14:42,26.0
0.9690,24.35,0.5830,84.05,1.0490,2025-01-08 19:14:42,26.0
0.9780,24.3080,0.6250,84.04,1.0840,2025-01-08 19:14:42,26.0
0.9770,24.3760,0.4770,83.90,1.0420,2025-01-08 19:14:42,26.0
0.9810,24.3940,0.5480,84.09,1.1210,2025-01-08 19:14:42,26.0
0.9640,24.2710,0.4620,84,1.1070,2025-01-08 19:14:42,26.0
0.9490,24.35,0.5420,83.88,1.0630,2025-01-08 19:14:42,26.0
0.9240,24.3350,0.4040,83.82,1.0170,2025-01-08 19:14:42,26.0
0.9850,24.2720,0.4450,84.22,1.0980,2025-01-08 19:14:42,26.0
0.9810,24.2760,0.7610,84.19,1.0450,2025-01-08 19:14:42,26.0
0.9850,24.3450,0.50,84.13,1.14,2025-01-08 19:14:42,26.0
0.9710,24.3010,0.6180,84.07,1.1240,2025-01-08 19:14:42,26.0
0.9750,24.3660,0.9090,83.86,1.07,2025-01-08 19:14:42,26.0
0.9950,24.4690,0.5370,84.09,1.1120,2025-01-08 21:14:49,27.0
1.0090,24.3760,0.6960,84.23,1.1950,2025-01-08 21:14:49,27.0
0.9730,24.3190,0.62,83.92,1.04,2025-01-08 21:14:49,27.0
0.9660,24.3210,0.53,83.91,1.0860,2025-01-08 21:14:49,27.0
1.0250,24.3790,0.5750,83.93,1.1280,2025-01-08 21:14:49,27.0
0.9710,24.3680,0.7510,84.16,1.0990,2025-01-08 21:14:49,27.0
0.9960,24.4180,0.9320,83.98,1.18,2025-01-08 21:14:49,27.0
0.9950,24.3950,0.5250,84.25,1.2010,2025-01-08 21:14:49,27.0
1.0070,24.3770,0.5750,84.01,1.1030,2025-01-08 21:14:49,27.0
0.98,24.3070,0.52,84.09,1.1950,2025-01-08 21:14:49,27.0
0.9920,24.3220,0.4720,84.02,1.1150,2025-01-08 21:14:49,27.0
1.0210,24.4560,0.52,83.97,1.1280,2025-01-08 21:14:49,27.0
1.0130,24.4630,0.4850,83.97,1.1750,2025-01-08 21:14:49,27.0
0.9880,24.3360,0.6580,83.91,1.1060,2025-01-08 21:14:49,27.0
0.9860,24.3590,0.61,84.01,1.1610,2025-01-08 21:14:49,27.0
0.9950,24.4160,0.7160,84.26,1.1470,2025-01-08 21:14:49,27.0
0.9460,24.3870,0.58,83.91,1.0120,2025-01-08 21:14:49,27.0
0.9830,24.3770,0.8090,84.04,1.1030,2025-01-08 21:14:49,27.0
1.0060,24.3760,0.5570,84.09,1.2080,2025-01-08 21:14:49,27.0
0.9690,24.3440,0.6730,83.99,1.0960,2025-01-08 21:14:49,27.0
0.9940,24.2730,0.6630,83.97,1.0980,2025-01-12 11:59:08,28.0
0.9850,24.3070,0.4770,83.90,1.0340,2025-01-12 11:59:08,28.0
0.98,24.2940,0.48,83.69,0.9910,2025-01-12 11:59:08,28.0
1.0110,24.4060,0.5580,84.19,1.1890,2025-01-12 11:59:08,28.0
0.9930,24.3360,0.5480,84.11,1.0730,2025-01-12 11:59:08,28.0
0.9760,24.3390,0.7560,83.85,1.0590,2025-01-12 11:59:08,28.0
0.9920,24.2710,0.4070,84.07,1.0380,2025-01-12 11:59:08,28.0
1.0050,24.2730,0.6630,83.99,1.1470,2025-01-12 11:59:08,28.0
1.0060,24.38,0.5220,84.01,1.0770,2025-01-12 11:59:08,28.0
0.9940,24.3050,0.5980,84.09,1.1240,2025-01-12 11:59:08,28.0
0.9540,24.2460,0.3990,83.87,1.0040,2025-01-12 11:59:08,28.0
0.9670,24.23,0.57,83.90,1.0240,2025-01-12 11:59:08,28.0
0.9640,24.2840,0.56,83.99,1.0680,2025-01-12 11:59:08,28.0
0.9760,24.2830,0.57,83.96,1.0790,2025-01-12 11:59:08,28.0
0.9680,24.1960,0.3940,83.85,1.1160,2025-01-12 11:59:08,28.0
0.9730,24.17,0.6710,84.08,1.0910,2025-01-12 11:59:08,28.0
1.0310,24.3160,0.4850,84.23,1.0140,2025-01-12 11:59:08,28.0
0.96,24.2410,0.9850,84.03,1.0860,2025-01-12 11:59:08,28.0
1.0230,24.3660,0.5680,83.97,1.16,2025-01-12 11:59:08,28.0
0.9450,24.2390,0.9090,83.94,1.07,2025-01-12 11:59:08,28.0
1.0360,24.3280,0.5930,84.10,1.1320,2025-01-12 13:09:17,29.0
0.9760,24.1850,0.4820,83.78,1.1270,2025-01-12 13:09:17,29.0
1.0030,24.38,0.6230,84,1.1680,2025-01-12 13:09:17,29.0
1.0040,24.3010,0.8340,83.91,1.0940,2025-01-12 13:09:17,29.0
0.94,24.1820,0.4020,83.98,1.0820,2025-01-12 13:09:17,29.0
0.9850,24.3390,0.8970,83.94,1.1150,2025-01-12 13:09:17,29.0
0.9840,24.2530,0.3890,84,1.1220,2025-01-12 13:09:17,29.0
1.0130,24.4250,0.4870,84.10,1.1380,2025-01-12 13:09:17,29.0
0.9660,24.2660,0.8610,83.85,1.0920,2025-01-12 13:09:17,29.0
0.9910,24.2580,0.64,83.97,1.0810,2025-01-12 13:09:17,29.0
1.0170,24.3330,0.5950,84.04,1.1320,2025-01-12 13:09:17,29.0
0.9920,24.3160,0.51,83.82,1.1620,2025-01-12 13:09:17,29.0
0.9880,24.3150,0.6430,84.04,1.14,2025-01-12 13:09:17,29.0
0.9890,24.2070,1.03,83.92,1.1180,2025-01-12 13:09:17,29.0
0.9840,24.3560,0.6910,84,1.0740,2025-01-12 13:09:17,29.0
0.9490,24.2690,0.4020,83.68,1.0810,2025-01-12 13:09:17,29.0
0.9720,24.3130,0.5450,83.77,1.1310,2025-01-12 13:09:17,29.0
1.0010,24.2540,0.2080,84.15,1.12,2025-01-12 13:09:17,29.0
0.9470,24.2150,0.49,83.96,1.09,2025-01-12 13:09:17,29.0
0.9990,24.3460,0.5850,84,1.04,2025-01-12 13:09:17,29.0
1.0110,24.2620,0.3940,84.19,1.14,2025-01-12 19:24:29,30.0
1.0060,24.1450,0.4290,84.22,1.12,2025-01-12 19:24:29,30.0
1.0060,24.2590,1.2110,83.92,1.1940,2025-01-12 19:24:29,30.0
1.0330,24.3010,0.58,84.17,1.2060,2025-01-12 19:24:29,30.0
1.0160,24.23,0.3470,84.52,1.23,2025-01-12 19:24:29,30.0
1.01,24.2870,0.57,83.82,1.1330,2025-01-12 19:24:29,30.0
1.0190,24.3070,0.4950,84.05,1.1590,2025-01-12 19:24:29,30.0
1.0260,24.3020,0.3720,83.96,1.1960,2025-01-12 19:24:29,30.0
1.0420,24.3720,0.47,84.01,1.1420,2025-01-12 19:24:29,30.0
0.9830,24.2680,0.8210,83.85,1.0790,2025-01-12 19:24:29,30.0
1.0120,24.3040,0.4520,84.03,1.2490,2025-01-12 19:24:29,30.0
1.0050,24.2290,0.8740,83.91,1.1670,2025-01-12 19:24:29,30.0
1.0160,24.3110,0.3870,84.01,1.3130,2025-01-12 19:24:29,30.0
1.0160,24.3410,0.5370,83.82,1.2390,2025-01-12 19:24:29,30.0
0.9980,24.2520,0.45,83.94,1.1430,2025-01-12 19:24:29,30.0
1.02,24.2540,0.4120,84.02,1.1470,2025-01-12 19:24:29,30.0
1.0430,24.3430,0.46,83.97,1.1640,2025-01-12 19:24:29,30.0
1.0150,24.2610,0.3890,83.95,1.1050,2025-01-12 19:24:29,30.0
0.9730,24.3210,0.5220,84.08,1.1080,2025-01-12 19:24:29,30.0
0.9990,24.3060,0.8240,83.99,1.1360,2025-01-12 19:24:29,30.0
0.99,24.2980,1.01,83.94,1.0730,2025-01-12 21:09:36,31.0
0.9640,24.3090,0.5530,83.91,0.9840,2025-01-12 21:09:36,31.0
0.9790,24.3740,0.6780,83.67,1.0640,2025-01-12 21:09:36,31.0
1.0080,24.3330,0.4440,84.16,1.0450,2025-01-12 21:09:36,31.0
1.0260,24.3480,0.4770,84.23,1.09,2025-01-12 21:09:36,31.0
0.9910,24.3010,0.6910,84.05,1.0550,2025-01-12 21:09:36,31.0
0.98,24.2720,0.8290,84.08,1.0770,2025-01-12 21:09:36,31.0
0.9320,24.2720,0.6450,83.85,1.0380,2025-01-12 21:09:36,31.0
0.9870,24.2530,0.5170,83.94,1.08,2025-01-12 21:09:36,31.0
0.9810,24.2940,0.5370,83.88,1.0390,2025-01-12 21:09:36,31.0
0.97,24.3120,0.3540,84.02,1.0160,2025-01-12 21:09:36,31.0
0.9730,24.2810,0.49,84.09,1.0230,2025-01-12 21:09:36,31.0
0.9750,24.2670,0.7660,84.04,1.0830,2025-01-12 21:09:36,31.0
0.9780,24.2750,0.3970,84.09,1.0980,2025-01-12 21:09:36,31.0
1.0140,24.3110,0.54,83.93,1.1460,2025-01-12 21:09:36,31.0
0.97,24.3260,0.48,83.80,1.0830,2025-01-12 21:09:36,31.0
0.9760,24.2370,0.5750,83.91,1.0210,2025-01-12 21:09:36,31.0
0.9590,24.2830,0.5950,84.24,1.1270,2025-01-12 21:09:36,31.0
0.9540,24.2930,0.4520,83.96,1.1110,2025-01-12 21:09:36,31.0
0.9840,24.30,0.6350,83.92,1.0490,2025-01-12 21:09:36,31.0
0.9920,24.39,0.50,84.07,1.1540,2025-01-13 11:25:29,32.0
0.9680,24.2270,0.8940,84,1.0610,2025-01-13 11:25:29,32.0
0.9720,24.3180,0.8240,83.95,1.1410,2025-01-13 11:25:29,32.0
0.9950,24.3460,0.4970,83.82,1.1210,2025-01-13 11:25:29,32.0
0.9510,24.3280,0.5350,83.58,1.0830,2025-01-13 11:25:29,32.0
1.0040,24.2990,0.4320,83.83,1.1460,2025-01-13 11:25:29,32.0
0.9460,24.1990,0.7660,83.90,1.1080,2025-01-13 11:25:29,32.0
0.9560,24.1660,0.9370,83.93,1.08,2025-01-13 11:25:29,32.0
1.01,24.40,0.51,84.40,0.8760,2025-01-13 11:25:29,32.0
0.95,24.2540,0.7030,83.91,1.0320,2025-01-13 11:25:29,32.0
1.0230,24.3590,0.5270,84.23,1.1670,2025-01-13 11:25:29,32.0
0.9270,24.24,0.6960,83.88,1.0630,2025-01-13 11:25:29,32.0
0.9720,24.2750,0.8110,84.10,1.0910,2025-01-13 11:25:29,32.0
0.9970,24.28,0.6730,83.97,1.1440,2025-01-13 11:25:29,32.0
0.9570,24.2980,0.7110,84.02,1.0550,2025-01-13 11:25:29,32.0
0.9660,24.3070,0.7110,83.74,1.0530,2025-01-13 11:25:29,32.0
0.9760,24.3780,0.5550,84.19,1.07,2025-01-13 11:25:29,32.0
0.9610,24.2450,0.6350,83.87,1.0160,2025-01-13 11:25:29,32.0
0.9380,24.2030,0.8060,84.12,1.0920,2025-01-13 11:25:29,32.0
0.9560,24.3160,0.6960,84.19,1.1180,2025-01-13 11:25:29,32.0
1.0040,24.3110,0.7360,83.91,1.1220,2025-01-13 13:10:38,33.0
0.9870,24.2940,0.4320,84.20,1.1270,2025-01-13 13:10:38,33.0
0.94,24.31,0.57,83.67,1.0660,2025-01-13 13:10:38,33.0
0.9450,24.28,0.7260,83.90,1.0780,2025-01-13 13:10:38,33.0
0.9910,24.3130,0.4750,84.05,1.1080,2025-01-13 13:10:38,33.0
0.9450,24.3340,0.4970,84.06,1.0330,2025-01-13 13:10:38,33.0
0.9610,24.2910,0.6080,83.93,1.13,2025-01-13 13:10:38,33.0
1.0160,24.3710,0.4650,84.16,1.07,2025-01-13 13:10:38,33.0
0.9430,24.2630,0.7060,84.02,1.0510,2025-01-13 13:10:38,33.0
0.9810,24.3270,0.8940,84.13,1.1110,2025-01-13 13:10:38,33.0
0.9770,24.2850,0.5450,84.15,1.0860,2025-01-13 13:10:38,33.0
0.9360,24.2720,0.5350,83.92,1.0890,2025-01-13 13:10:38,33.0
0.9390,24.2660,0.5120,83.97,1.1110,2025-01-13 13:10:38,33.0
0.98,24.3570,0.55,83.93,1.07,2025-01-13 13:10:38,33.0
0.99,24.3780,0.49,83.94,1.0860,2025-01-13 13:10:38,33.0
0.9980,24.3310,0.6550,84.22,1.1030,2025-01-13 13:10:38,33.0
0.9550,24.1590,0.3320,83.98,1.0740,2025-01-13 13:10:38,33.0
0.9750,24.35,0.4550,83.95,1.0780,2025-01-13 13:10:38,33.0
0.98,24.3340,0.6180,84.02,1.1240,2025-01-13 13:10:38,33.0
0.9480,24.1820,0.9070,83.95,1.1310,2025-01-13 13:10:38,33.0
0.9580,24.2620,0.6150,84.15,1.0830,2025-01-13 19:05:47,34.0
0.9980,24.3640,0.9940,84.22,1.0760,2025-01-13 19:05:47,34.0
0.9980,24.3380,0.3670,84.19,1.16,2025-01-13 19:05:47,34.0
1.0280,24.3440,0.4950,84.41,1.0850,2025-01-13 19:05:47,34.0
0.9740,24.3170,0.4950,84.09,1.1180,2025-01-13 19:05:47,34.0
0.9660,24.3110,0.4720,84.04,1.1390,2025-01-13 19:05:47,34.0
0.98,24.3590,0.6150,84.04,1.0840,2025-01-13 19:05:47,34.0
0.9590,24.3420,0.3390,83.95,1.0650,2025-01-13 19:05:47,34.0
0.96,24.2190,0.9940,83.90,1.1160,2025-01-13 19:05:47,34.0
0.9890,24.3250,0.59,84.24,1.0830,2025-01-13 19:05:47,34.0
0.9830,24.3180,0.4870,84.07,1.1640,2025-01-13 19:05:47,34.0
0.9890,24.3040,0.4120,84.11,1.1170,2025-01-13 19:05:47,34.0
0.9970,24.3760,0.51,83.76,1.0770,2025-01-13 19:05:47,34.0
1.0070,24.2910,0.5450,84,1.1180,2025-01-13 19:05:47,34.0
0.9870,24.2570,0.47,84.17,1.1490,2025-01-13 19:05:47,34.0
0.9980,24.29,0.6580,84.15,1.1070,2025-01-13 19:05:47,34.0
0.9890,24.3220,0.6150,84.02,1.1290,2025-01-13 19:05:47,34.0
1,24.2690,0.3340,84.03,1.1270,2025-01-13 19:05:47,34.0
1.0090,24.3450,0.6650,84,1.1120,2025-01-13 19:05:47,34.0
0.9860,24.2520,0.5320,84.01,1.1370,2025-01-13 19:05:47,34.0
1.0070,24.36,0.4670,84.17,1.0830,2025-01-13 21:20:55,35.0
0.9890,24.4190,0.3190,84.01,1.13,2025-01-13 21:20:55,35.0
1.0230,24.3820,0.6830,84.23,1.1690,2025-01-13 21:20:55,35.0
0.9870,24.3470,0.6860,84.19,1.0880,2025-01-13 21:20:55,35.0
0.9380,24.2420,0.8940,83.98,1.0480,2025-01-13 21:20:55,35.0
0.95,24.2960,0.4670,84.09,1.0950,2025-01-13 21:20:55,35.0
1.0080,24.4160,0.6380,84.01,1.0990,2025-01-13 21:20:55,35.0
0.9620,24.33,0.65,83.98,1.07,2025-01-13 21:20:55,35.0
0.9530,24.3260,0.50,83.95,1.0410,2025-01-13 21:20:55,35.0
0.9820,24.3160,0.4090,84.21,1.1020,2025-01-13 21:20:55,35.0
0.9650,24.24,0.6630,84.05,1.0860,2025-01-13 21:20:55,35.0
1.0010,24.2740,0.6480,84.05,1.1830,2025-01-13 21:20:55,35.0
1.0060,24.3290,0.6550,84.14,1.1480,2025-01-13 21:20:55,35.0
0.9940,24.3460,0.5730,83.90,1.16,2025-01-13 21:20:55,35.0
1.0220,24.3840,0.9440,84.10,1.2250,2025-01-13 21:20:55,35.0
0.9620,24.2360,0.6630,84.24,1.0950,2025-01-13 21:20:55,35.0
0.9580,24.2090,0.5520,84.02,1.1190,2025-01-13 21:20:55,35.0
0.9580,24.2480,1.0550,83.86,1.1630,2025-01-13 21:20:55,35.0
0.9890,24.3790,0.69,84.19,1.0990,2025-01-13 21:20:55,35.0
0.9820,24.34,0.3970,83.92,1.0940,2025-01-13 21:20:55,35.0
0.9490,24.2840,1.24,84.14,1.0920,2025-01-14 11:32:08,36.0
0.9910,24.2810,0.7280,84.22,1.0970,2025-01-14 11:32:08,36.0
0.9740,24.3950,0.58,84.28,1.1090,2025-01-14 11:32:08,36.0
0.9650,24.2960,0.3440,83.90,1.1190,2025-01-14 11:32:08,36.0
0.9640,24.2590,0.7030,84.15,1.0430,2025-01-14 11:32:08,36.0
0.9790,24.3290,0.5650,83.88,1.16,2025-01-14 11:32:08,36.0
0.9620,24.2550,0.6580,83.90,1.0620,2025-01-14 11:32:08,36.0
0.9910,24.3250,0.3790,83.99,1.2050,2025-01-14 11:32:08,36.0
0.9570,24.2260,0.7180,83.99,1.0480,2025-01-14 11:32:08,36.0
0.9810,24.2460,0.4470,83.85,1.08,2025-01-14 11:32:08,36.0
0.93,24.2490,0.5150,83.95,1.0070,2025-01-14 11:32:08,36.0
0.9620,24.18,1.09,84.12,1.09,2025-01-14 11:32:08,36.0
0.9850,24.2950,0.6250,83.91,1.0910,2025-01-14 11:32:08,36.0
0.9830,24.36,0.55,83.91,1.13,2025-01-14 11:32:08,36.0
0.9620,24.2370,0.6380,83.84,1.0410,2025-01-14 11:32:08,36.0
0.9470,24.2670,0.4470,83.81,1.1280,2025-01-14 11:32:08,36.0
0.9890,24.3010,0.6580,84.26,1.0910,2025-01-14 11:32:08,36.0
0.9670,24.29,0.68,84.25,1.0440,2025-01-14 11:32:08,36.0
0.9440,24.2210,0.3970,83.97,1.0660,2025-01-14 11:32:08,36.0
0.9860,24.3140,0.5730,84.14,1.0640,2025-01-14 11:32:08,36.0
0.9780,24.4020,0.3970,83.99,1.1360,2025-01-14 13:07:16,37.0
0.9540,24.2220,0.5650,83.99,0.9950,2025-01-14 13:07:16,37.0
1.0220,24.2970,0.4270,84,1.12,2025-01-14 13:07:16,37.0
0.9880,24.2920,0.4090,83.93,1.1580,2025-01-14 13:07:16,37.0
1.0060,24.3280,0.7110,84.09,1.0770,2025-01-14 13:07:16,37.0
0.9550,24.2930,0.5320,84.17,1.0870,2025-01-14 13:07:16,37.0
0.9660,24.2910,0.8240,83.96,1.0710,2025-01-14 13:07:16,37.0
0.9970,24.3440,0.6980,84.14,1.1670,2025-01-14 13:07:16,37.0
0.9730,24.2750,1.05,83.92,1.1410,2025-01-14 13:07:16,37.0
0.94,24.2330,0.3110,83.73,1.1410,2025-01-14 13:07:16,37.0
0.9710,24.3140,0.6780,84.21,1.1370,2025-01-14 13:07:16,37.0
0.9720,24.3280,0.7410,83.84,1.0860,2025-01-14 13:07:16,37.0
1.0010,24.2550,0.8690,84.17,1.21,2025-01-14 13:07:16,37.0
0.9550,24.3280,0.4490,84.02,1.1040,2025-01-14 13:07:16,37.0
0.9710,24.2790,0.7160,84.07,1.1230,2025-01-14 13:07:16,37.0
1.0020,24.3610,0.5780,84,1.1410,2025-01-14 13:07:16,37.0
0.9710,24.2590,0.48,84.07,1.0860,2025-01-14 13:07:16,37.0
0.9790,24.2820,0.54,84,1.1270,2025-01-14 13:07:16,37.0
0.9640,24.2410,0.7880,83.91,1.1140,2025-01-14 13:07:16,37.0
0.9630,24.35,0.5850,84,1.1210,2025-01-14 13:07:16,37.0
1.0160,24.3510,0.5320,83.90,1.1190,2025-01-14 19:22:25,38.0
0.9890,24.2340,0.9190,83.98,1.1440,2025-01-14 19:22:25,38.0
1.0020,24.2630,0.6130,84.05,1.0750,2025-01-14 19:22:25,38.0
0.98,24.3180,0.68,83.96,1.1210,2025-01-14 19:22:25,38.0
0.9690,24.2810,0.6330,83.75,1.0820,2025-01-14 19:22:25,38.0
0.9380,24.2640,0.6930,83.95,1.0830,2025-01-14 19:22:25,38.0
0.96,24.36,0.7990,84,1.1040,2025-01-14 19:22:25,38.0
0.9680,24.2030,1.0970,84.02,1.0740,2025-01-14 19:22:25,38.0
0.9870,24.2430,0.47,84.26,1.1540,2025-01-14 19:22:25,38.0
0.9980,24.2460,0.6050,84.07,1.1250,2025-01-14 19:22:25,38.0
0.9870,24.37,0.64,83.88,1.0910,2025-01-14 19:22:25,38.0
0.9680,24.4120,0.63,83.62,1.0340,2025-01-14 19:22:25,38.0
0.9810,24.2580,0.3210,83.80,1.0650,2025-01-14 19:22:25,38.0
1.0120,24.24,0.6080,83.97,1.1550,2025-01-14 19:22:25,38.0
0.9860,24.3150,0.5770,84.06,1.0890,2025-01-14 19:22:25,38.0
0.9880,24.2450,1.0970,83.92,1.1110,2025-01-14 19:22:25,38.0
0.9840,24.2430,0.5170,83.99,1.1010,2025-01-14 19:22:25,38.0
0.9640,24.2480,0.61,84.06,1.0790,2025-01-14 19:22:25,38.0
0.9860,24.2780,0.6480,83.91,1.1030,2025-01-14 19:22:25,38.0
0.9640,24.3030,0.55,84.03,1.1210,2025-01-14 19:22:25,38.0
0.9930,24.3360,0.62,83.85,1.1250,2025-01-14 21:12:35,39.0
1.0010,24.3010,0.7080,84.06,1.1540,2025-01-14 21:12:35,39.0
0.9820,24.2740,0.8890,84.18,1.0490,2025-01-14 21:12:35,39.0
1.0030,24.2350,0.45,84.04,1.1060,2025-01-14 21:12:35,39.0
0.9710,24.3010,0.68,84.17,1.1410,2025-01-14 21:12:35,39.0
1,24.30,0.5120,84.15,1.1390,2025-01-14 21:12:35,39.0
0.9810,24.2590,0.5850,83.93,1.0950,2025-01-14 21:12:35,39.0
1.0040,24.2840,0.4070,84.07,1.2060,2025-01-14 21:12:35,39.0
0.9860,24.2650,0.6980,83.91,1.0930,2025-01-14 21:12:35,39.0
0.9720,24.2490,0.5680,84.23,1.1440,2025-01-14 21:12:35,39.0
0.9850,24.2520,0.50,83.93,1.1620,2025-01-14 21:12:35,39.0
0.9650,24.3930,0.9520,83.85,1.1250,2025-01-14 21:12:35,39.0
1.0090,24.2170,0.6180,84.46,1.1940,2025-01-14 21:12:35,39.0
1.0210,24.26,0.6130,84.05,1.1440,2025-01-14 21:12:35,39.0
0.9570,24.2020,0.50,84.02,1.0990,2025-01-14 21:12:35,39.0
0.9740,24.2650,0.5220,83.90,1.0530,2025-01-14 21:12:35,39.0
0.9930,24.3210,0.6180,84.15,1.1610,2025-01-14 21:12:35,39.0
1.0080,24.3630,0.5070,84.23,1.1650,2025-01-14 21:12:35,39.0
0.9820,24.2860,0.6530,84.01,1.0740,2025-01-14 21:12:35,39.0
0.9720,24.2680,0.5470,83.97,1.18,2025-01-14 21:12:35,39.0
0.9620,24.3020,0.4950,84,1.0970,2025-01-15 11:29:14,40.0
0.9890,24.3470,0.6280,84.16,1.1690,2025-01-15 11:29:14,40.0
1.02,24.3930,0.7180,83.96,1.1020,2025-01-15 11:29:14,40.0
1.0160,24.3670,0.5830,84.17,1.1480,2025-01-15 11:29:14,40.0
0.9610,24.36,0.60,83.86,1.09,2025-01-15 11:29:14,40.0
0.9970,24.3230,0.4020,83.97,1.1530,2025-01-15 11:29:14,40.0
0.9610,24.2260,0.5750,84.15,1.1010,2025-01-15 11:29:14,40.0
0.9770,24.2120,0.5370,84.21,1.1520,2025-01-15 11:29:14,40.0
0.9690,24.4160,0.6550,84.02,1.0920,2025-01-15 11:29:14,40.0
0.9740,24.2860,0.6830,83.99,1.0910,2025-01-15 11:29:14,40.0
0.9680,24.3210,0.7610,84.13,1.0440,2025-01-15 11:29:14,40.0
0.9730,24.2950,0.4370,84.11,1.0150,2025-01-15 11:29:14,40.0
0.99,24.4590,0.5420,84.05,1.0910,2025-01-15 11:29:14,40.0
0.9810,24.3220,0.7460,84.04,1.0960,2025-01-15 11:29:14,40.0
0.9830,24.3180,0.5350,84.12,1.0280,2025-01-15 11:29:14,40.0
0.9870,24.3830,0.4140,83.98,1.0880,2025-01-15 11:29:14,40.0
0.9920,24.2680,0.9540,83.94,1.1180,2025-01-15 11:29:14,40.0
0.9370,24.3420,0.7430,84.22,1.0020,2025-01-15 11:29:14,40.0
0.9950,24.4140,0.6880,84.11,1.1390,2025-01-15 11:29:14,40.0
0.95,24.2850,0.57,83.99,1.1660,2025-01-15 11:29:14,40.0
0.97,24.2810,0.4920,83.77,1.0840,2025-01-15 13:09:23,41.0
0.9790,24.3160,0.7810,83.76,1.0720,2025-01-15 13:09:23,41.0
1.0170,24.3390,0.7280,84.03,1.06,2025-01-15 13:09:23,41.0
1.0110,24.2580,0.4140,84.10,1.0830,2025-01-15 13:09:23,41.0
0.9880,24.3050,0.3570,84.02,1.0650,2025-01-15 13:09:23,41.0
0.9910,24.3250,0.2230,84.07,1.0710,2025-01-15 13:09:23,41.0
1.0070,24.2140,0.6080,84.06,1.1040,2025-01-15 13:09:23,41.0
0.9790,24.2180,0.52,83.86,1.0450,2025-01-15 13:09:23,41.0
0.9840,24.2560,0.5680,83.96,1.0060,2025-01-15 13:09:23,41.0
0.9870,24.2550,0.6750,84.06,1.0730,2025-01-15 13:09:23,41.0
0.9890,24.3470,0.4670,84.18,1.0690,2025-01-15 13:09:23,41.0
0.9720,24.1970,0.7180,83.80,1.0980,2025-01-15 13:09:23,41.0
0.9970,24.2520,0.4070,84.06,1.0630,2025-01-15 13:09:23,41.0
0.9970,24.2750,0.5050,84.06,1.1450,2025-01-15 13:09:23,41.0
0.9720,24.2170,0.4750,84.23,1.0860,2025-01-15 13:09:23,41.0
0.9910,24.3170,0.8160,83.98,1.0690,2025-01-15 13:09:23,41.0
0.9680,24.2990,0.52,84,1.1020,2025-01-15 13:09:23,41.0
1.0140,24.32,0.67,84.04,1.1690,2025-01-15 13:09:23,41.0
0.9970,24.2680,0.55,83.70,1.1370,2025-01-15 13:09:23,41.0
0.9830,24.2260,0.8610,83.87,1.1440,2025-01-15 13:09:23,41.0
0.9990,24.3990,0.8110,84.19,1.0060,2025-02-12 11:03:57,42.0
1.0090,24.3340,0.9590,84.06,1.1490,2025-02-12 11:03:57,42.0
0.9850,24.39,0.4290,84.11,1.1060,2025-02-12 11:03:57,42.0
1.0060,24.3780,0.3240,84.38,1.1020,2025-02-12 11:03:57,42.0
1.0040,24.2980,0.7380,84.12,1.01,2025-02-12 11:03:57,42.0
0.9890,24.3520,0.51,83.93,1.0840,2025-02-12 11:03:57,42.0
0.9660,24.3040,0.6030,84.32,1.0460,2025-02-12 11:03:57,42.0
0.9790,24.3230,0.4850,83.88,1.0580,2025-02-12 11:03:57,42.0
0.9910,24.3130,0.4140,83.61,1.1240,2025-02-12 11:03:57,42.0
0.9880,24.3530,0.4190,83.97,1.1120,2025-02-12 11:03:57,42.0
0.96,24.3980,0.6380,83.85,1.0960,2025-02-12 11:03:57,42.0
0.9590,24.28,1.3890,84.18,1.0580,2025-02-12 11:03:57,42.0
1.0050,24.2840,0.5350,83.95,1.0840,2025-02-12 11:03:57,42.0
0.9990,24.3140,0.5950,83.97,1.1350,2025-02-12 11:03:57,42.0
1.0090,24.3210,0.7280,84.19,1.1180,2025-02-12 11:03:57,42.0
0.9960,24.37,0.5220,83.70,1.1860,2025-02-12 11:03:57,42.0
1.0290,24.4140,0.5420,84.09,1.17,2025-02-12 11:03:57,42.0
0.9950,24.3660,0.54,83.97,1.1590,2025-02-12 11:03:57,42.0
0.9890,24.3220,0.4270,83.98,1.1140,2025-02-12 11:03:57,42.0
0.9980,24.2990,0.3840,84.02,1.0810,2025-02-12 11:03:57,42.0
0.9780,24.2350,0.3840,83.92,1.0120,2025-02-12 19:54:09,43.0
0.9870,24.28,0.6950,84.16,1.0760,2025-02-12 19:54:09,43.0
0.9770,24.3250,0.6280,83.77,1.0420,2025-02-12 19:54:09,43.0
0.9940,24.2510,1.0570,84.15,1.11,2025-02-12 19:54:09,43.0
1.0180,24.3040,0.5550,84.18,1.1360,2025-02-12 19:54:09,43.0
0.9870,24.2970,0.5370,83.78,1.1390,2025-02-12 19:54:09,43.0
0.9580,24.3280,0.3290,83.62,1.0690,2025-02-12 19:54:09,43.0
1,24.3010,0.9240,84.32,1.1150,2025-02-12 19:54:09,43.0
0.9830,24.28,0.50,84.05,1.1670,2025-02-12 19:54:09,43.0
0.9780,24.3690,0.3620,84.12,1.0450,2025-02-12 19:54:09,43.0
1.0270,24.3550,0.2860,84.26,1.1760,2025-02-12 19:54:09,43.0
0.9760,24.2590,0.4020,84.41,1.07,2025-02-12 19:54:09,43.0
0.9960,24.3070,0.5150,84.09,1.0670,2025-02-12 19:54:09,43.0
0.9550,24.2880,0.6530,84.45,1.1290,2025-02-12 19:54:09,43.0
0.9860,24.2250,0.6980,84.05,1.08,2025-02-12 19:54:09,43.0
0.9740,24.3370,0.3540,84.02,1.1090,2025-02-12 19:54:09,43.0
1.0010,24.2790,0.3770,83.90,1.0730,2025-02-12 19:54:09,43.0
0.9620,24.2910,0.5850,83.86,1.0710,2025-02-12 19:54:09,43.0
0.9880,24.15,0.4870,84.54,1.1090,2025-02-12 19:54:09,43.0
0.9770,24.3180,0.2990,84.01,1.1050,2025-02-12 19:54:09,43.0
0.9930,24.3240,0.6980,84.43,1.0930,2025-02-12 21:09:19,44.0
0.9640,24.2340,0.7210,84.01,1.0240,2025-02-12 21:09:19,44.0
0.9980,24.2870,0.4120,83.86,1.1210,2025-02-12 21:09:19,44.0
0.9960,24.3460,0.7130,84.07,1.0980,2025-02-12 21:09:19,44.0
1.0160,24.3420,0.5550,83.76,1.07,2025-02-12 21:09:19,44.0
0.9840,24.2760,0.5650,84.04,1.0850,2025-02-12 21:09:19,44.0
0.9960,24.3420,0.5020,84.15,1.1040,2025-02-12 21:09:19,44.0
1.0210,24.4230,0.5070,84,1.1290,2025-02-12 21:09:19,44.0
0.9610,24.3330,0.9820,84.08,1.0640,2025-02-12 21:09:19,44.0
0.99,24.37,0.4920,84.24,1.1280,2025-02-12 21:09:19,44.0
0.96,24.2110,0.6380,83.88,1.0760,2025-02-12 21:09:19,44.0
0.9580,24.2550,1.2430,84.30,1.0710,2025-02-12 21:09:19,44.0
0.9830,24.3440,0.5150,84.11,1.0270,2025-02-12 21:09:19,44.0
0.96,24.3160,0.3570,83.74,1.0970,2025-02-12 21:09:19,44.0
0.9850,24.3250,0.8860,84.23,1.1270,2025-02-12 21:09:19,44.0
1.01,24.3720,0.4540,84,1.1030,2025-02-12 21:09:19,44.0
0.9970,24.3230,0.3690,83.92,1.1110,2025-02-12 21:09:19,44.0
0.9960,24.4330,0.7910,83.81,1.0380,2025-02-12 21:09:19,44.0
1.0030,24.3720,0.3390,84.09,1.1290,2025-02-12 21:09:19,44.0
0.9950,24.2630,0.5470,84.10,1.1370,2025-02-12 21:09:19,44.0
0.98,24.2840,0.4640,84.04,1.1380,2025-02-13 12:34:52,45.0
0.9920,24.3290,0.6730,83.86,1.1140,2025-02-13 12:34:52,45.0
0.9810,24.2860,0.4750,83.85,1.1520,2025-02-13 12:34:52,45.0
0.9860,24.2630,0.59,83.92,1.0890,2025-02-13 12:34:52,45.0
1.0240,24.2970,0.5250,84.01,1.1190,2025-02-13 12:34:52,45.0
0.9820,24.2790,0.6830,84.01,1.0840,2025-02-13 12:34:52,45.0
0.9550,24.23,0.5780,84.02,1.0860,2025-02-13 12:34:52,45.0
0.9480,24.2290,0.4550,83.89,1.0050,2025-02-13 12:34:52,45.0
0.9780,24.2430,0.62,83.91,1.0990,2025-02-13 12:34:52,45.0
0.9860,24.3250,0.8990,83.90,1.0390,2025-02-13 12:34:52,45.0
0.9740,24.2050,0.55,83.70,1.10,2025-02-13 12:34:52,45.0
1,24.2790,0.6050,84.19,1.1580,2025-02-13 12:34:52,45.0
0.9880,24.3940,0.56,83.94,1.07,2025-02-13 12:34:52,45.0
0.9490,24.2460,0.6930,83.86,1.1020,2025-02-13 12:34:52,45.0
0.9820,24.2890,0.5220,84.15,1.0990,2025-02-13 12:34:52,45.0
0.9670,24.2370,0.51,83.94,1.0690,2025-02-13 12:34:52,45.0
0.9790,24.2820,0.5680,84.18,1.1080,2025-02-13 12:34:52,45.0
0.9910,24.35,0.5470,83.76,1.1430,2025-02-13 12:34:52,45.0
0.9670,24.2530,0.5170,84.05,1.0160,2025-02-13 12:34:52,45.0
0.98,24.2220,0.4790,84.06,1.1280,2025-02-13 12:34:52,45.0
0.9960,24.40,0.6450,83.89,1.0880,2025-02-13 13:19:58,46.0
1.0110,24.2160,0.7180,84.26,1.1720,2025-02-13 13:19:58,46.0
0.9760,24.3130,0.4590,84.12,1.0710,2025-02-13 13:19:58,46.0
1,24.3290,0.63,83.91,1.0150,2025-02-13 13:19:58,46.0
0.9970,24.3440,0.49,84.04,1.1110,2025-02-13 13:19:58,46.0
0.9850,24.2940,0.9470,84.28,1.0640,2025-02-13 13:19:58,46.0
1.0070,24.2890,0.5050,84.03,1.11,2025-02-13 13:19:58,46.0
1.0030,24.3910,0.5070,83.81,1.1180,2025-02-13 13:19:58,46.0
0.9910,24.2750,0.5520,84,1.1590,2025-02-13 13:19:58,46.0
0.9950,24.35,0.6730,84.21,1.1530,2025-02-13 13:19:58,46.0
1,24.3190,0.9370,84.53,1.1130,2025-02-13 13:19:58,46.0
0.9970,24.3890,0.59,84.22,1.1350,2025-02-13 13:19:58,46.0
0.9760,24.2660,0.4920,84.16,1.1760,2025-02-13 13:19:58,46.0
0.9960,24.3550,0.5020,83.90,1.1480,2025-02-13 13:19:58,46.0
0.99,24.3350,0.4020,83.93,1.1320,2025-02-13 13:19:58,46.0
1.0170,24.2540,0.4850,84.36,1.0910,2025-02-13 13:19:58,46.0
0.9990,24.2670,0.8290,84.04,1.0790,2025-02-13 13:19:58,46.0
0.97,24.2590,0.9270,84.17,1.0970,2025-02-13 13:19:58,46.0
0.9830,24.3550,0.55,84.25,1.0560,2025-02-13 13:19:58,46.0
0.98,24.2630,0.4750,83.71,1.0830,2025-02-13 13:19:58,46.0
0.9560,24.2830,0.59,83.69,1.12,2025-02-13 19:30:12,47.0
0.9750,24.3990,0.5170,83.84,1.0650,2025-02-13 19:30:12,47.0
0.99,24.27,0.9260,84.21,1.0490,2025-02-13 19:30:12,47.0
0.9930,24.2850,0.6430,84.20,1.0860,2025-02-13 19:30:12,47.0
0.9910,24.3450,0.6030,84.20,1.0970,2025-02-13 19:30:12,47.0
0.9380,24.2960,0.6150,84.07,0.9780,2025-02-13 19:30:12,47.0
0.96,24.3220,0.6280,84.20,1.0740,2025-02-13 19:30:12,47.0
0.98,24.3680,0.4470,84.57,0.9940,2025-02-13 19:30:12,47.0
0.9890,24.3510,0.4520,84.17,1.1320,2025-02-13 19:30:12,47.0
0.9720,24.2710,0.48,84.02,1.1570,2025-02-13 19:30:12,47.0
1.0030,24.2810,0.8090,83.99,1.2110,2025-02-13 19:30:12,47.0
0.9670,24.3760,0.4020,83.68,1.0730,2025-02-13 19:30:12,47.0
0.9610,24.4020,0.8640,83.57,1.1070,2025-02-13 19:30:12,47.0
0.98,24.2860,0.6430,83.99,1.0020,2025-02-13 19:30:12,47.0
0.9830,24.3040,0.6380,84.21,1.0750,2025-02-13 19:30:12,47.0
0.9490,24.2410,0.5250,84.26,1.1040,2025-02-13 19:30:12,47.0
0.9430,24.3390,0.4520,83.90,1.0260,2025-02-13 19:30:12,47.0
0.9870,24.2760,0.4970,84.33,1.1130,2025-02-13 19:30:12,47.0
0.9650,24.2550,0.63,83.97,1.0120,2025-02-13 19:30:12,47.0
0.9860,24.2630,0.7280,84.24,1.0940,2025-02-13 19:30:12,47.0
1.0010,24.3020,0.5570,84.23,1.1210,2025-02-13 21:05:18,48.0
0.9680,24.2920,0.5770,83.96,1.1560,2025-02-13 21:05:18,48.0
0.9770,24.3610,0.4640,84,1.1130,2025-02-13 21:05:18,48.0
1,24.3290,0.6430,84.01,1.0710,2025-02-13 21:05:18,48.0
0.9750,24.2010,0.6930,84.23,1.0050,2025-02-13 21:05:18,48.0
0.9790,24.3630,0.58,84.23,1.0390,2025-02-13 21:05:18,48.0
0.98,24.2630,0.3940,84.22,1.0550,2025-02-13 21:05:18,48.0
1.0150,24.3320,0.3440,84.02,1.0220,2025-02-13 21:05:18,48.0
0.9850,24.3170,0.8910,83.98,1.0330,2025-02-13 21:05:18,48.0
0.9590,24.3310,0.4950,83.84,1.0560,2025-02-13 21:05:18,48.0
1.0080,24.3820,0.6780,83.88,1.2090,2025-02-13 21:05:18,48.0
0.97,24.3610,0.4920,83.89,1.1280,2025-02-13 21:05:18,48.0
0.9610,24.3360,0.5750,84.27,1.0310,2025-02-13 21:05:18,48.0
0.9940,24.3830,0.4920,84.03,1.0620,2025-02-13 21:05:18,48.0
0.9710,24.3130,0.48,84.09,1.0980,2025-02-13 21:05:18,48.0
0.9610,24.2910,0.56,84,1.1250,2025-02-13 21:05:18,48.0
0.9730,24.2980,0.56,83.86,1.0680,2025-02-13 21:05:18,48.0
0.9960,24.2520,0.8160,83.86,1.1210,2025-02-13 21:05:18,48.0
0.9740,24.2690,0.5250,84.26,0.9930,2025-02-13 21:05:18,48.0
1.0160,24.3460,0.4570,84.15,1.09,2025-02-13 21:05:18,48.0
1.0030,24.38,0.3060,83.95,1.1090,2025-02-14 11:31:34,49.0
0.9980,24.2950,0.2790,83.91,1.1720,2025-02-14 11:31:34,49.0
0.98,24.4190,0.7880,84.26,1.1130,2025-02-14 11:31:34,49.0
0.9830,24.3120,0.5020,84.12,1.1130,2025-02-14 11:31:34,49.0
0.9770,24.3990,1.1070,84.11,1.0330,2025-02-14 11:31:34,49.0
1.0060,24.40,0.5050,83.98,1.17,2025-02-14 11:31:34,49.0
0.97,24.3270,0.5450,84.06,1.1870,2025-02-14 11:31:34,49.0
0.97,24.3420,0.5070,84.07,1.10,2025-02-14 11:31:34,49.0
0.98,24.3810,0.54,84.01,1.0810,2025-02-14 11:31:34,49.0
0.9730,24.3910,0.4840,84.19,1.0770,2025-02-14 11:31:34,49.0
0.9880,24.3860,0.4370,83.84,1.1070,2025-02-14 11:31:34,49.0
0.9820,24.3660,0.3940,83.98,1.1770,2025-02-14 11:31:34,49.0
0.9470,24.2770,0.5550,84.07,1.1770,2025-02-14 11:31:34,49.0
0.9960,24.3890,0.54,83.95,1.1630,2025-02-14 11:31:34,49.0
0.9670,24.4230,0.6730,83.97,1.1110,2025-02-14 11:31:34,49.0
0.9880,24.30,0.3590,84.07,1.0790,2025-02-14 11:31:34,49.0
0.97,24.3590,0.7210,83.95,1.0760,2025-02-14 11:31:34,49.0
0.9660,24.3250,0.8130,84.02,1.0710,2025-02-14 11:31:34,49.0
1.0240,24.4220,0.66,83.90,1.1150,2025-02-14 11:31:34,49.0
0.9860,24.4030,0.7180,84.31,1.1460,2025-02-14 11:31:34,49.0
0.97,24.4120,0.5320,84.20,1.0870,2025-02-14 13:11:41,50.0
0.9970,24.3560,1.0920,83.91,1.0180,2025-02-14 13:11:41,50.0
0.9710,24.3190,0.52,84.04,1.1220,2025-02-14 13:11:41,50.0
0.9680,24.3560,0.7680,84.21,1.0170,2025-02-14 13:11:41,50.0
0.9550,24.2990,0.9040,83.81,1.0390,2025-02-14 13:11:41,50.0
1.0170,24.3610,0.4820,83.90,1.1750,2025-02-14 13:11:41,50.0
0.9670,24.3840,0.4140,84.10,1.0970,2025-02-14 13:11:41,50.0
0.9840,24.36,0.8410,84.07,1.1240,2025-02-14 13:11:41,50.0
0.9940,24.3580,0.4220,83.83,1.1080,2025-02-14 13:11:41,50.0
0.9940,24.3770,0.3670,83.85,1.1120,2025-02-14 13:11:41,50.0
0.9730,24.3730,0.4570,83.80,1.1430,2025-02-14 13:11:41,50.0
0.9940,24.3850,0.5780,84.18,1.1230,2025-02-14 13:11:41,50.0
0.9840,24.3190,1.09,83.96,1.1310,2025-02-14 13:11:41,50.0
0.9830,24.3520,0.5570,84.19,1.1070,2025-02-14 13:11:41,50.0
0.9580,24.3850,0.4120,84.02,1.03,2025-02-14 13:11:41,50.0
0.9750,24.3660,0.7050,84,1.0620,2025-02-14 13:11:41,50.0
0.9680,24.3430,0.5650,84.16,1.1710,2025-02-14 13:11:41,50.0
0.9930,24.3880,0.4390,84.30,1.1160,2025-02-14 13:11:41,50.0
0.9890,24.4210,0.5370,84.40,1.1970,2025-02-14 13:11:41,50.0
0.9850,24.3980,0.4970,84.02,1.0930,2025-02-14 13:11:41,50.0
1.0030,24.1790,1.0190,84.0720,1.12,2025-02-14 22:24:44,51.0
0.94,24.2940,0.8030,84.2380,0.9140,2025-02-14 22:24:44,51.0
1.0050,24.2890,0.8180,83.8020,1.1440,2025-02-14 22:24:44,51.0
0.9790,24.3190,0.4030,83.8510,1.0830,2025-02-14 22:24:44,51.0
0.9750,24.3320,0.6730,84.2480,1.0310,2025-02-14 22:24:44,51.0
0.9650,24.2130,0.5480,84.2120,1.0570,2025-02-14 22:24:44,51.0
0.9920,24.3340,0.5150,84.0050,1.0970,2025-02-14 22:24:44,51.0
0.9970,24.3650,0.5390,84.2410,1.0510,2025-02-14 22:24:44,51.0
1.0240,24.3680,0.5210,84.0840,1.1260,2025-02-14 22:24:44,51.0
0.9980,24.2860,0.4670,84.3280,1.0290,2025-02-14 22:24:44,51.0
0.9890,24.2190,0.68,83.9380,1.1280,2025-02-14 22:24:44,51.0
0.9950,24.2680,0.4170,84.2040,1.0670,2025-02-14 22:24:44,51.0
0.9950,24.3860,0.5030,84.4220,1.1030,2025-02-14 22:24:44,51.0
0.9550,24.2050,0.3770,84.10,1.0550,2025-02-14 22:24:44,51.0
0.9770,24.3790,0.4630,83.89,1.1240,2025-02-14 22:24:44,51.0
0.9520,24.3280,0.5610,84.1010,1.0230,2025-02-14 22:24:44,51.0
0.97,24.32,0.4420,84.0070,1.0790,2025-02-14 22:24:44,51.0
1.0060,24.3430,0.3620,83.8790,1.1160,2025-02-14 22:24:44,51.0
1,24.3060,0.4640,83.81,1.0720,2025-02-14 22:24:44,51.0
0.98,24.39,0.4940,84.2410,1.1760,2025-02-14 22:24:44,51.0
1.0250,24.3120,0.3660,83.9810,1.1150,2025-02-17 12:25:02,52.0
0.9940,24.2170,0.4830,83.9290,1.1410,2025-02-17 12:25:02,52.0
0.9770,24.1720,0.7790,83.9450,1.0980,2025-02-17 12:25:02,52.0
0.9850,24.2510,0.6410,84.0480,1.0980,2025-02-17 12:25:02,52.0
1.0090,24.2680,0.4640,84.3720,1.1650,2025-02-17 12:25:02,52.0
0.98,24.2540,0.3740,83.8220,1.0740,2025-02-17 12:25:02,52.0
0.9820,24.2390,0.5880,84.4360,1.1120,2025-02-17 12:25:02,52.0
0.9950,24.2540,0.3880,83.88,1.1430,2025-02-17 12:25:02,52.0
0.9860,24.2610,0.5180,83.8750,1.07,2025-02-17 12:25:02,52.0
0.9780,24.2860,0.4690,84.2310,1.0360,2025-02-17 12:25:02,52.0
0.9630,24.2510,0.4130,83.7870,1.0880,2025-02-17 12:25:02,52.0
0.9940,24.3820,1.0660,84.3610,1.1140,2025-02-17 12:25:02,52.0
0.9750,24.2340,0.4990,84.4770,1.1270,2025-02-17 12:25:02,52.0
0.9980,24.2640,0.4760,84.1780,1.1240,2025-02-17 12:25:02,52.0
0.9710,24.2630,0.5650,83.9160,1.0390,2025-02-17 12:25:02,52.0
0.9970,24.2620,0.4040,84.22,1.1630,2025-02-17 12:25:02,52.0
0.9910,24.2630,0.4480,83.8880,1.1890,2025-02-17 12:25:02,52.0
0.9630,24.2430,0.6440,84.0220,0.98,2025-02-17 12:25:02,52.0
0.9880,24.2850,0.4770,84.0170,1.0890,2025-02-17 12:25:02,52.0
0.9890,24.3150,0.4110,84.2090,1.1360,2025-02-17 12:25:02,52.0
0.9710,24.2650,0.5720,83.84,1.1420,2025-02-17 13:24:05,53.0
0.9670,24.2520,0.4950,83.96,1.1190,2025-02-17 13:24:05,53.0
0.9880,24.3430,0.59,83.73,1.1560,2025-02-17 13:24:05,53.0
0.9920,24.3280,0.5270,83.85,1.1270,2025-02-17 13:24:05,53.0
0.9550,24.4050,0.5550,84.17,1.0410,2025-02-17 13:24:05,53.0
1,24.3760,0.4540,83.83,1.1060,2025-02-17 13:24:05,53.0
0.9990,24.3270,0.5120,84.23,1.1110,2025-02-17 13:24:05,53.0
0.9810,24.3220,0.5780,83.92,1.1790,2025-02-17 13:24:05,53.0
0.9750,24.3040,0.53,83.83,1.0680,2025-02-17 13:24:05,53.0
0.9840,24.2070,0.4540,84.03,1.1160,2025-02-17 13:24:05,53.0
0.9780,24.2540,0.6430,83.64,1.1390,2025-02-17 13:24:05,53.0
1,24.3440,0.5730,84.08,1.0610,2025-02-17 13:24:05,53.0
0.9890,24.3280,0.7010,84.20,1.0570,2025-02-17 13:24:05,53.0
0.98,24.2170,0.4870,84.48,1.1290,2025-02-17 13:24:05,53.0
0.9880,24.3510,0.8640,84.07,1.1080,2025-02-17 13:24:05,53.0
1.0030,24.2960,0.4570,84.26,1.14,2025-02-17 13:24:05,53.0
0.9950,24.3240,0.8010,84.28,1.1180,2025-02-17 13:24:05,53.0
0.9880,24.3230,0.5170,83.74,1.0790,2025-02-17 13:24:05,53.0
0.9830,24.3280,0.5150,84.18,1.1590,2025-02-17 13:24:05,53.0
0.99,24.3390,0.50,84.05,1.1290,2025-02-17 13:24:05,53.0
1.0040,24.2730,0.5120,84.26,1.1210,2025-02-17 21:24:22,54.0
0.99,24.3210,0.5850,84.23,1.0720,2025-02-17 21:24:22,54.0
0.9820,24.2950,0.5830,84.28,1.1330,2025-02-17 21:24:22,54.0
1.0090,24.3140,0.52,84,1.0980,2025-02-17 21:24:22,54.0
0.9960,24.29,0.5830,84.06,1.1970,2025-02-17 21:24:22,54.0
0.9760,24.2690,0.5750,84.25,1.0620,2025-02-17 21:24:22,54.0
0.9780,24.3830,0.5020,84.43,1.1140,2025-02-17 21:24:22,54.0
1.01,24.3070,0.4970,83.93,1.1910,2025-02-17 21:24:22,54.0
0.9840,24.3820,0.4640,84.19,1.11,2025-02-17 21:24:22,54.0
0.9730,24.2380,0.4340,84.04,1.07,2025-02-17 21:24:22,54.0
0.9730,24.2630,0.7530,83.84,1.1660,2025-02-17 21:24:22,54.0
0.9780,24.2340,0.7280,84.09,1.1120,2025-02-17 21:24:22,54.0
0.9610,24.2640,0.3560,84.24,1.0870,2025-02-17 21:24:22,54.0
0.95,24.2410,0.58,84.21,0.9960,2025-02-17 21:24:22,54.0
0.9980,24.3210,0.64,83.98,1.0290,2025-02-17 21:24:22,54.0
1.0180,24.3580,0.4490,83.96,1.1590,2025-02-17 21:24:22,54.0
1.0060,24.2850,0.4320,84.21,1.1350,2025-02-17 21:24:22,54.0
0.9410,24.1970,1.0240,83.90,1.1370,2025-02-17 21:24:22,54.0
0.9770,24.2740,0.4920,83.73,1.0870,2025-02-17 21:24:22,54.0
0.9870,24.2770,0.56,83.98,1.1110,2025-02-17 21:24:22,54.0
1.0110,24.3670,0.4790,84.21,1.1990,2025-02-18 13:20:50,55.0
0.9980,24.4360,0.8060,83.99,1.1360,2025-02-18 13:20:50,55.0
0.9640,24.2640,0.60,84.18,1.0790,2025-02-18 13:20:50,55.0
0.99,24.2650,0.7560,83.88,1.1630,2025-02-18 13:20:50,55.0
0.9720,24.3480,0.49,84.14,1.1130,2025-02-18 13:20:50,55.0
0.9860,24.2130,0.8010,84.02,1.1030,2025-02-18 13:20:50,55.0
0.9660,24.3520,0.7180,84.01,1.1510,2025-02-18 13:20:50,55.0
0.9860,24.3250,0.4340,84.05,1.13,2025-02-18 13:20:50,55.0
0.9690,24.3460,0.6250,83.70,1.1630,2025-02-18 13:20:50,55.0
1.02,24.3590,0.4420,84.01,1.1570,2025-02-18 13:20:50,55.0
1,24.36,0.50,83.81,1.1830,2025-02-18 13:20:50,55.0
0.9650,24.3020,0.5770,83.90,1.0790,2025-02-18 13:20:50,55.0
0.9480,24.29,0.3540,83.82,1.0980,2025-02-18 13:20:50,55.0
0.9690,24.2510,0.8340,83.89,1.1230,2025-02-18 13:20:50,55.0
0.98,24.2990,0.5550,84.07,1.1160,2025-02-18 13:20:50,55.0
0.9790,24.3380,0.5420,84.06,1.0940,2025-02-18 13:20:50,55.0
1.0260,24.4040,0.5420,84.17,1.2310,2025-02-18 13:20:50,55.0
0.9840,24.3570,0.6180,83.96,1.0870,2025-02-18 13:20:50,55.0
0.9730,24.3920,0.4620,84.11,1.1860,2025-02-18 13:20:50,55.0
0.9810,24.3350,0.47,83.99,1.1170,2025-02-18 13:20:50,55.0
0.9680,24.3640,0.5020,83.87,1.1060,2025-02-18 19:21:00,56.0
0.9620,24.2790,1.1950,83.88,1.0820,2025-02-18 19:21:00,56.0
0.9540,24.2270,0.5770,84.21,1.0890,2025-02-18 19:21:00,56.0
0.9910,24.3360,0.4390,84.01,1.1090,2025-02-18 19:21:00,56.0
0.9650,24.3680,0.7530,84,1.1190,2025-02-18 19:21:00,56.0
0.9860,24.3170,0.47,84.17,1.1340,2025-02-18 19:21:00,56.0
0.9830,24.2790,0.6950,83.91,1.0670,2025-02-18 19:21:00,56.0
0.9650,24.2740,0.8260,83.97,1.0560,2025-02-18 19:21:00,56.0
0.99,24.3320,0.3720,83.78,1.0950,2025-02-18 19:21:00,56.0
0.9840,24.3520,0.5980,83.91,1.0970,2025-02-18 19:21:00,56.0
1.0160,24.3350,0.56,84,1.1020,2025-02-18 19:21:00,56.0
1.0110,24.3710,0.71,83.90,1.1080,2025-02-18 19:21:00,56.0
0.9930,24.35,0.4490,83.88,1.0990,2025-02-18 19:21:00,56.0
1.0040,24.3620,0.8310,84.11,1.1270,2025-02-18 19:21:00,56.0
0.9980,24.3290,0.3720,84.04,1.14,2025-02-18 19:21:00,56.0
1.0070,24.2360,0.6080,83.99,1.1640,2025-02-18 19:21:00,56.0
0.9570,24.2690,0.5550,84.08,1.0880,2025-02-18 19:21:00,56.0
0.9940,24.3090,0.4120,84.03,1.1160,2025-02-18 19:21:00,56.0
0.9950,24.2880,0.65,83.74,1.1590,2025-02-18 19:21:00,56.0
0.9750,24.3230,0.5170,84.04,1.08,2025-02-18 19:21:00,56.0
0.96,24.3850,0.6780,84.21,1.1260,2025-02-18 21:31:06,57.0
0.9940,24.2350,0.55,84.26,1.0530,2025-02-18 21:31:06,57.0
0.9740,24.35,0.61,84.09,1.14,2025-02-18 21:31:06,57.0
0.99,24.2610,0.56,84.25,1.1140,2025-02-18 21:31:06,57.0
1.0110,24.3340,0.4420,84.03,1.1610,2025-02-18 21:31:06,57.0
1.0020,24.3610,0.4520,84.02,1.1220,2025-02-18 21:31:06,57.0
1,24.3090,0.56,84.19,1.1340,2025-02-18 21:31:06,57.0
0.9880,24.3430,0.4420,83.66,1.1560,2025-02-18 21:31:06,57.0
1.0120,24.2540,0.5830,84.11,1.1770,2025-02-18 21:31:06,57.0
1.0250,24.3670,0.4420,84.18,1.12,2025-02-18 21:31:06,57.0
1.0040,24.2640,0.3410,84.64,1.1060,2025-02-18 21:31:06,57.0
0.9630,24.3380,0.7310,84.04,1.0460,2025-02-18 21:31:06,57.0
0.9780,24.2520,0.5630,84.16,1.0930,2025-02-18 21:31:06,57.0
1.0140,24.2960,0.6250,83.89,1.1040,2025-02-18 21:31:06,57.0
0.97,24.2230,0.9470,84.20,1.1510,2025-02-18 21:31:06,57.0
0.99,24.3430,0.48,84.04,1.0550,2025-02-18 21:31:06,57.0
0.9970,24.3390,0.9210,83.68,1.1720,2025-02-18 21:31:06,57.0
0.9820,24.3380,0.3440,84.04,1.1960,2025-02-18 21:31:06,57.0
0.9860,24.3240,0.62,83.94,1.1470,2025-02-18 21:31:06,57.0
0.9580,24.3660,0.7710,83.84,1.1750,2025-02-18 21:31:06,57.0
0.9740,24.3060,0.4540,84.1890,1.0450,2025-02-19 11:27:53,58.0
0.9650,24.3810,0.4860,84.35,1.0420,2025-02-19 11:27:53,58.0
0.9590,24.2170,0.8450,84.0030,1.0520,2025-02-19 11:27:53,58.0
0.9820,24.2650,0.8160,83.8440,1.0640,2025-02-19 11:27:53,58.0
0.9960,24.2530,0.4220,83.9290,1.1110,2025-02-19 11:27:53,58.0
0.99,24.1710,0.6380,84.1990,1.0930,2025-02-19 11:27:53,58.0
1.0010,24.2810,0.5340,83.8110,1.1590,2025-02-19 11:27:53,58.0
0.9890,24.3550,0.4830,84.2330,1.0330,2025-02-19 11:27:53,58.0
0.9980,24.4020,0.6390,84.1850,1.0530,2025-02-19 11:27:53,58.0
0.9870,24.3420,0.5330,84.2120,1.1130,2025-02-19 11:27:53,58.0
0.9560,24.3530,0.5690,84.08,1.0410,2025-02-19 11:27:53,58.0
1.0140,24.4010,0.6250,84.0040,1.1410,2025-02-19 11:27:53,58.0
0.9890,24.2920,0.4530,83.8660,1.1140,2025-02-19 11:27:53,58.0
1.0030,24.4070,0.6330,83.9040,1.0880,2025-02-19 11:27:53,58.0
1.0080,24.3090,0.4710,84.0980,1.1080,2025-02-19 11:27:53,58.0
0.9940,24.3920,0.5680,84.1780,1.0870,2025-02-19 11:27:53,58.0
1.0220,24.3910,0.6020,84.0030,1.1330,2025-02-19 11:27:53,58.0
0.9560,24.2590,1.1710,83.8070,1.0470,2025-02-19 11:27:53,58.0
0.9490,24.1980,0.5380,84.0780,1.1040,2025-02-19 11:27:53,58.0
0.9850,24.3130,0.4180,83.7370,1.0930,2025-02-19 11:27:53,58.0
0.9020,24.42,0.5930,83.97,1.1490,2025-02-19 13:26:11,59.0
0.9120,24.3910,0.4620,83.85,1.2110,2025-02-19 13:26:11,59.0
0.9090,24.4310,0.4950,83.85,1.1750,2025-02-19 13:26:11,59.0
0.9340,24.3760,0.2390,84.11,1.2820,2025-02-19 13:26:11,59.0
0.8980,24.32,0.3540,84.15,1.1420,2025-02-19 13:26:11,59.0
0.9280,24.4730,0.4670,83.82,1.2810,2025-02-19 13:26:11,59.0
0.9220,24.4380,0.4570,83.93,1.1510,2025-02-19 13:26:11,59.0
0.88,24.3650,0.3640,84.02,1.0820,2025-02-19 13:26:11,59.0
0.9280,24.5220,0.4090,83.81,1.1760,2025-02-19 13:26:11,59.0
0.8950,24.2520,0.3390,84.06,1.1890,2025-02-19 13:26:11,59.0
0.8880,24.3030,0.5850,83.90,1.1540,2025-02-19 13:26:11,59.0
0.9140,24.3690,0.4340,83.85,1.1650,2025-02-19 13:26:11,59.0
0.8940,24.3080,0.2590,84.13,1.1540,2025-02-19 13:26:11,59.0
0.9160,24.3050,0.3740,83.71,1.1810,2025-02-19 13:26:11,59.0
0.9160,24.4640,0.5930,83.81,1.1450,2025-02-19 13:26:11,59.0
0.9440,24.4580,0.6030,83.97,1.2690,2025-02-19 13:26:11,59.0
0.9060,24.3260,0.2840,84.25,1.2040,2025-02-19 13:26:11,59.0
0.8950,24.3420,0.4750,83.93,1.1810,2025-02-19 13:26:11,59.0
0.9180,24.2840,0.3970,83.83,1.2270,2025-02-19 13:26:11,59.0
0.8910,24.27,0.2760,83.88,1.1860,2025-02-19 13:26:11,59.0
0.9950,24.4090,0.5720,83.68,1.1230,2025-02-19 21:51:22,60.0
0.97,24.3250,0.6780,83.79,1.0810,2025-02-19 21:51:22,60.0
0.9680,24.3860,0.48,83.86,1.1260,2025-02-19 21:51:22,60.0
0.9550,24.3870,0.4640,84.06,1.0910,2025-02-19 21:51:22,60.0
0.97,24.3090,0.5050,84.19,1.0690,2025-02-19 21:51:22,60.0
0.9670,24.3880,0.3360,83.74,1.07,2025-02-19 21:51:22,60.0
0.9780,24.3360,0.6280,84.30,1.10,2025-02-19 21:51:22,60.0
0.9780,24.3460,0.57,83.92,1.1020,2025-02-19 21:51:22,60.0
1.0020,24.3230,0.66,83.96,1.1110,2025-02-19 21:51:22,60.0
0.99,24.4030,0.4440,84,1.1360,2025-02-19 21:51:22,60.0
0.99,24.3080,0.4820,83.97,1.1850,2025-02-19 21:51:22,60.0
0.9640,24.2610,0.8390,84.14,1.0980,2025-02-19 21:51:22,60.0
1.0210,24.3550,0.3970,84.42,1.1520,2025-02-19 21:51:22,60.0
0.9970,24.3680,0.8740,84.24,1.1420,2025-02-19 21:51:22,60.0
0.9880,24.3230,0.6280,84.23,1.0750,2025-02-19 21:51:22,60.0
0.9970,24.2850,0.9190,84.29,1.1020,2025-02-19 21:51:22,60.0
0.9590,24.2940,0.4570,84.03,1.0990,2025-02-19 21:51:22,60.0
0.9750,24.3510,1.0920,83.97,1.1290,2025-02-19 21:51:22,60.0
0.9940,24.3690,0.2890,84.13,1.03,2025-02-19 21:51:22,60.0
0.9830,24.2890,0.5350,83.86,1.0810,2025-02-19 21:51:22,60.0
1.0010,24.2880,1.0270,84.37,1.0930,2025-04-10 12:26:58,61.0
0.96,24.1270,0.52,83.92,1.0390,2025-04-10 12:26:58,61.0
0.98,24.2550,0.7310,84.37,1.1280,2025-04-10 12:26:58,61.0
1.0030,24.2620,0.51,83.93,1.1130,2025-04-10 12:26:58,61.0
0.9960,24.3570,0.51,83.99,1.0680,2025-04-10 12:26:58,61.0
0.99,24.25,0.6450,84.09,1.0280,2025-04-10 12:26:58,61.0
1.0070,24.3590,0.4970,84.43,1.0880,2025-04-10 12:26:58,61.0
0.9920,24.2580,0.6350,84.18,1.06,2025-04-10 12:26:58,61.0
0.9470,24.1320,0.5980,83.80,1.0540,2025-04-10 12:26:58,61.0
0.9960,24.2120,0.8610,84.10,0.9680,2025-04-10 12:26:58,61.0
0.9620,24.2380,0.4470,83.74,1.0050,2025-04-10 12:26:58,61.0
0.9720,24.2770,0.4970,84.14,1.06,2025-04-10 12:26:58,61.0
1.0120,24.3380,0.8360,84.06,1.1740,2025-04-10 12:26:58,61.0
1,24.3490,0.4720,84.03,1.1560,2025-04-10 12:26:58,61.0
0.9820,24.31,0.69,83.67,1.1470,2025-04-10 12:26:58,61.0
0.9730,24.2590,0.6730,84.41,1.08,2025-04-10 12:26:58,61.0
1.0050,24.2760,0.4420,84.28,1.0910,2025-04-10 12:26:58,61.0
0.9990,24.3720,0.3690,83.73,1.13,2025-04-10 12:26:58,61.0
0.99,24.2080,0.6880,84.25,1.0950,2025-04-10 12:26:58,61.0
0.9770,24.2990,0.3790,84.19,1.1210,2025-04-10 12:26:58,61.0
0.9730,24.3080,0.7410,83.62,1.1460,2025-04-10 13:12:09,62.0
1.0050,24.4070,0.4770,84.30,1.2040,2025-04-10 13:12:09,62.0
0.9680,24.3770,0.3190,84.15,1.0270,2025-04-10 13:12:09,62.0
0.9730,24.4270,0.67,84.10,1.1170,2025-04-10 13:12:09,62.0
1.0080,24.4080,0.8840,84.11,1.0340,2025-04-10 13:12:09,62.0
1.02,24.4150,0.4750,84.13,1.1360,2025-04-10 13:12:09,62.0
0.9930,24.3760,0.49,83.97,1.1440,2025-04-10 13:12:09,62.0
0.9930,24.41,0.4970,84.17,1.1150,2025-04-10 13:12:09,62.0
0.9840,24.3520,0.5420,84.01,1.0810,2025-04-10 13:12:09,62.0
0.9920,24.4010,0.5370,84.11,1.2040,2025-04-10 13:12:09,62.0
1.0140,24.3340,0.4790,83.93,1.1640,2025-04-10 13:12:09,62.0
0.9890,24.3580,0.5450,83.92,1.0840,2025-04-10 13:12:09,62.0
1.0070,24.3440,0.5050,84.22,1.08,2025-04-10 13:12:09,62.0
0.9890,24.3070,0.59,84.22,1.0550,2025-04-10 13:12:09,62.0
0.9860,24.4190,0.6830,83.73,1.1340,2025-04-10 13:12:09,62.0
0.9850,24.3350,0.55,83.95,1.06,2025-04-10 13:12:09,62.0
1.0030,24.3190,0.4970,84.05,1.0040,2025-04-10 13:12:09,62.0
1.0020,24.3870,1.0440,83.89,1.0770,2025-04-10 13:12:09,62.0
0.9740,24.4510,0.7630,83.79,1.1070,2025-04-10 13:12:09,62.0
1.0060,24.4030,0.5570,83.90,1.1110,2025-04-10 13:12:09,62.0
0.9720,24.2630,1.1450,83.77,1.1180,2025-04-10 19:32:23,63.0
1.0080,24.2540,0.4120,84.23,1.0910,2025-04-10 19:32:23,63.0
0.9640,24.2810,0.57,83.90,1.0960,2025-04-10 19:32:23,63.0
0.9790,24.2780,0.4970,84.23,0.9530,2025-04-10 19:32:23,63.0
0.9990,24.2660,0.7360,84.01,1.1140,2025-04-10 19:32:23,63.0
0.9980,24.3220,0.5020,83.73,1.0750,2025-04-10 19:32:23,63.0
0.9670,24.3150,0.5850,84.09,0.9910,2025-04-10 19:32:23,63.0
0.9670,24.3230,0.7130,84.01,1.0660,2025-04-10 19:32:23,63.0
0.9670,24.2620,0.5520,84.19,0.95,2025-04-10 19:32:23,63.0
0.9850,24.2860,0.4540,83.93,1.0660,2025-04-10 19:32:23,63.0
1.0070,24.2960,0.8460,84.13,1.0890,2025-04-10 19:32:23,63.0
0.97,24.2520,0.7010,84.02,0.9930,2025-04-10 19:32:23,63.0
0.9750,24.2480,0.6080,83.99,1.0790,2025-04-10 19:32:23,63.0
0.9880,24.2930,0.7380,84.18,1.14,2025-04-10 19:32:23,63.0
0.9830,24.2590,0.5650,84.25,1.0530,2025-04-10 19:32:23,63.0
0.96,24.2940,0.52,83.77,1.10,2025-04-10 19:32:23,63.0
0.9670,24.2370,0.4070,84.09,1.1190,2025-04-10 19:32:23,63.0
0.9640,24.3410,0.8540,83.96,0.9930,2025-04-10 19:32:23,63.0
1.0090,24.2620,0.4220,84.28,1.1730,2025-04-10 19:32:23,63.0
1.0130,24.2580,0.4090,84.22,1.0930,2025-04-10 19:32:23,63.0
0.9910,24.26,0.5620,84,1.0240,2025-04-10 21:32:32,64.0
1.0140,24.3590,0.4470,84.27,1.0860,2025-04-10 21:32:32,64.0
0.9920,24.2660,0.5120,84.09,1.0520,2025-04-10 21:32:32,64.0
0.9790,24.2430,0.5270,84.04,1.08,2025-04-10 21:32:32,64.0
1.0330,24.2940,0.4920,84.94,1.1840,2025-04-10 21:32:32,64.0
1.01,24.3450,0.4770,84.31,1.1260,2025-04-10 21:32:32,64.0
1.0170,24.23,0.4950,84,1.12,2025-04-10 21:32:32,64.0
0.99,24.1970,0.5450,84.12,1.1520,2025-04-10 21:32:32,64.0
1.0090,24.2710,0.5470,84.24,1.16,2025-04-10 21:32:32,64.0
0.9830,24.2880,0.2990,84.15,1.0920,2025-04-10 21:32:32,64.0
0.9950,24.2430,1.15,84.06,1.0090,2025-04-10 21:32:32,64.0
0.9970,24.2740,0.54,84.09,1.1380,2025-04-10 21:32:32,64.0
0.9750,24.2630,0.4140,83.89,1.0540,2025-04-10 21:32:32,64.0
1.0130,24.2610,0.4190,84,1.1390,2025-04-10 21:32:32,64.0
0.9710,24.2120,0.60,84.45,1.0680,2025-04-10 21:32:32,64.0
0.9980,24.2110,0.2160,84.11,1.1040,2025-04-10 21:32:32,64.0
1.0020,24.2660,0.6650,84.20,1.1120,2025-04-10 21:32:32,64.0
0.9820,24.2090,0.55,84.23,1.04,2025-04-10 21:32:32,64.0
1.0120,24.27,0.4790,83.98,1.0810,2025-04-10 21:32:32,64.0
0.9950,24.2390,0.7710,84.29,1.12,2025-04-10 21:32:32,64.0
0.9730,24.2790,0.64,84.21,1.0510,2025-04-11 11:17:46,65.0
0.9730,24.3440,0.4570,83.94,1.0970,2025-04-11 11:17:46,65.0
0.9780,24.3440,0.48,84.13,1.0350,2025-04-11 11:17:46,65.0
0.9840,24.3010,0.4070,83.92,1.1650,2025-04-11 11:17:46,65.0
0.9850,24.3090,0.5650,84.28,1.1110,2025-04-11 11:17:46,65.0
0.9870,24.2670,0.5470,84.10,1.0510,2025-04-11 11:17:46,65.0
0.9860,24.3770,0.3040,83.99,1.1530,2025-04-11 11:17:46,65.0
1.0390,24.2810,0.5750,83.84,1.1250,2025-04-11 11:17:46,65.0
0.9580,24.3450,0.54,84.06,1.0820,2025-04-11 11:17:46,65.0
0.9950,24.2850,0.7330,83.89,1.2130,2025-04-11 11:17:46,65.0
1.0170,24.3510,0.61,84.38,1.1240,2025-04-11 11:17:46,65.0
0.9790,24.3030,0.6030,84.06,1.1110,2025-04-11 11:17:46,65.0
1.0140,24.3230,0.4850,83.93,1.1440,2025-04-11 11:17:46,65.0
0.9590,24.3180,0.7480,84.03,1.0540,2025-04-11 11:17:46,65.0
1.0130,24.3760,0.5270,84.26,1.2210,2025-04-11 11:17:46,65.0
1.0130,24.3580,0.4320,84.25,1.1280,2025-04-11 11:17:46,65.0
0.9780,24.3390,0.8360,84.21,1.0720,2025-04-11 11:17:46,65.0
0.9880,24.29,0.5020,84.02,1.0840,2025-04-11 11:17:46,65.0
0.9750,24.3450,0.6230,84.11,1.1830,2025-04-11 11:17:46,65.0
0.9710,24.3140,0.7260,84.03,1.1330,2025-04-11 11:17:46,65.0
0.9830,24.3230,0.8010,83.70,1.0270,2025-04-11 13:07:53,66.0
1.0090,24.3770,0.6380,83.70,1.0980,2025-04-11 13:07:53,66.0
1.0030,24.3560,1.10,84.32,1.1830,2025-04-11 13:07:53,66.0
0.9750,24.2860,0.4570,84.10,1.13,2025-04-11 13:07:53,66.0
0.9570,24.3260,0.4550,84.02,0.9980,2025-04-11 13:07:53,66.0
0.97,24.3180,0.5980,84.13,1.07,2025-04-11 13:07:53,66.0
0.9930,24.3490,0.4190,84.19,1.0880,2025-04-11 13:07:53,66.0
0.9950,24.3490,0.46,84.21,1.0210,2025-04-11 13:07:53,66.0
0.9780,24.39,0.4540,84.26,1.05,2025-04-11 13:07:53,66.0
0.9660,24.2690,0.9670,84.10,1.1290,2025-04-11 13:07:53,66.0
1.0090,24.3870,0.51,84.35,1.1510,2025-04-11 13:07:53,66.0
0.9810,24.36,1.0420,84.24,1.0840,2025-04-11 13:07:53,66.0
0.9730,24.3210,0.3410,84.19,1.08,2025-04-11 13:07:53,66.0
0.9520,24.2850,0.3320,83.94,1.0770,2025-04-11 13:07:53,66.0
0.9950,24.2870,0.4570,84.20,1.1210,2025-04-11 13:07:53,66.0
0.9850,24.3420,0.3990,83.88,1.0640,2025-04-11 13:07:53,66.0
0.9950,24.2510,0.4290,84.30,1.0390,2025-04-11 13:07:53,66.0
0.9910,24.2830,0.6130,83.76,1.0450,2025-04-11 13:07:53,66.0
0.9880,24.3210,0.4950,83.99,1.0820,2025-04-11 13:07:53,66.0
0.9960,24.3270,0.4670,84.02,1.1190,2025-04-11 13:07:53,66.0
1.0340,24.3570,0.68,84.22,1.1880,2025-04-11 20:13:06,67.0
1.0170,24.4020,0.5050,83.91,1.1150,2025-04-11 20:13:06,67.0
0.9670,24.2960,0.8290,84.21,1.0520,2025-04-11 20:13:06,67.0
1.0010,24.2990,1.3130,83.88,1.1220,2025-04-11 20:13:06,67.0
1.0080,24.2820,0.4570,84.24,1.1190,2025-04-11 20:13:06,67.0
0.9850,24.3260,0.4240,83.81,1.0390,2025-04-11 20:13:06,67.0
1.0370,24.4260,0.4370,84.21,1.1060,2025-04-11 20:13:06,67.0
1.01,24.3390,0.4320,84.25,1.0660,2025-04-11 20:13:06,67.0
0.9650,24.3390,0.6380,84.06,1.1480,2025-04-11 20:13:06,67.0
0.9780,24.3710,0.6350,84.11,1.1390,2025-04-11 20:13:06,67.0
0.9940,24.3370,0.4570,83.71,1.1050,2025-04-11 20:13:06,67.0
0.9880,24.3020,0.4140,83.88,1.1320,2025-04-11 20:13:06,67.0
1.0060,24.3010,0.6450,84.32,1.1160,2025-04-11 20:13:06,67.0
0.9850,24.3030,0.5220,84.02,1.0930,2025-04-11 20:13:06,67.0
0.9580,24.30,0.49,83.92,1.0520,2025-04-11 20:13:06,67.0
0.9650,24.31,0.4120,83.86,1.1730,2025-04-11 20:13:06,67.0
1.0090,24.2740,0.8030,84.21,1.1060,2025-04-11 20:13:06,67.0
0.9750,24.3550,0.6780,84.25,1.0840,2025-04-11 20:13:06,67.0
0.9850,24.3290,0.4670,84.28,1.1190,2025-04-11 20:13:06,67.0
0.9930,24.3360,0.5050,84.07,1.0690,2025-04-11 20:13:06,67.0
0.9770,24.2460,0.3410,83.92,1.0710,2025-04-11 21:23:12,68.0
0.9950,24.2610,0.60,84.30,1.1550,2025-04-11 21:23:12,68.0
0.9790,24.2990,0.5880,83.61,1.1390,2025-04-11 21:23:12,68.0
0.9790,24.2820,0.48,83.76,1.1150,2025-04-11 21:23:12,68.0
0.9840,24.3270,0.5570,84.07,1.0730,2025-04-11 21:23:12,68.0
0.9740,24.2210,0.58,84.09,1.0570,2025-04-11 21:23:12,68.0
0.9720,24.3160,0.4540,83.85,1.15,2025-04-11 21:23:12,68.0
0.9740,24.2360,0.64,84.03,1.1250,2025-04-11 21:23:12,68.0
0.9610,24.1640,0.5450,84.14,1.0630,2025-04-11 21:23:12,68.0
0.9830,24.2090,0.8010,83.93,1.0670,2025-04-11 21:23:12,68.0
0.9820,24.2390,0.5070,83.85,1.1270,2025-04-11 21:23:12,68.0
0.9880,24.2150,0.5930,84.13,1.0950,2025-04-11 21:23:12,68.0
1,24.2720,0.4470,84.40,1.1470,2025-04-11 21:23:12,68.0
0.9710,24.3190,0.3890,83.91,1.12,2025-04-11 21:23:12,68.0
1.0030,24.2630,0.5220,83.99,1.1480,2025-04-11 21:23:12,68.0
1.01,24.2820,0.4620,83.96,1.1490,2025-04-11 21:23:12,68.0
0.9510,24.2650,0.5670,83.99,1.0740,2025-04-11 21:23:12,68.0
0.9750,24.2930,0.4790,84.04,1.1530,2025-04-11 21:23:12,68.0
0.9570,24.2360,0.9490,84.02,1.1090,2025-04-11 21:23:12,68.0
0.9670,24.2610,0.5780,84.27,1.0470,2025-04-11 21:23:12,68.0
0.9730,24.2380,0.6050,84.10,1.0530,2025-04-14 13:09:28,69.0
0.9720,24.2650,0.3940,84.35,1.0720,2025-04-14 13:09:28,69.0
1.0010,24.2410,0.8210,84.50,0.9760,2025-04-14 13:09:28,69.0
0.98,24.27,0.54,83.90,1.0170,2025-04-14 13:09:28,69.0
0.9620,24.3070,0.6410,84.20,1.0850,2025-04-14 13:09:28,69.0
0.9870,24.3030,0.8060,84.18,1.1060,2025-04-14 13:09:28,69.0
0.9760,24.2990,0.5350,84.03,1.0750,2025-04-14 13:09:28,69.0
0.9920,24.3310,0.5170,84.17,1.0910,2025-04-14 13:09:28,69.0
1.0030,24.3520,0.3870,84.02,1.0580,2025-04-14 13:09:28,69.0
0.9790,24.36,0.6830,84.08,1.0630,2025-04-14 13:09:28,69.0
0.9930,24.4530,0.4020,83.76,1.0210,2025-04-14 13:09:28,69.0
0.9960,24.3170,0.6180,83.96,1.0680,2025-04-14 13:09:28,69.0
0.9770,24.35,0.4020,83.91,1.01,2025-04-14 13:09:28,69.0
0.9970,24.3560,0.8260,83.94,1.0890,2025-04-14 13:09:28,69.0
0.9990,24.3050,0.6710,84.28,1.0490,2025-04-14 13:09:28,69.0
0.9750,24.3170,0.6150,84.46,0.97,2025-04-14 13:09:28,69.0
0.9920,24.33,0.6230,84.41,1.0520,2025-04-14 13:09:28,69.0
0.9630,24.3340,0.6780,83.98,1.0860,2025-04-14 13:09:28,69.0
0.9970,24.3190,0.6030,84.12,1.1080,2025-04-14 13:09:28,69.0
1.0310,24.3480,0.5120,84.18,1.2090,2025-04-14 13:09:28,69.0
0.9940,24.2810,0.7840,83.90,1.1080,2025-04-14 13:54:34,70.0
1.01,24.3420,0.59,83.76,1.0640,2025-04-14 13:54:34,70.0
1,24.3460,1.1280,84.22,1.0960,2025-04-14 13:54:34,70.0
0.9790,24.2740,0.7280,83.86,0.9880,2025-04-14 13:54:34,70.0
0.9840,24.3410,0.5270,84.38,1.1260,2025-04-14 13:54:34,70.0
0.9560,24.2580,0.5270,83.88,1.0620,2025-04-14 13:54:34,70.0
1.0280,24.2860,0.54,83.86,1.18,2025-04-14 13:54:34,70.0
0.9990,24.2870,0.5350,83.92,1.0650,2025-04-14 13:54:34,70.0
0.9580,24.2850,0.7530,84.01,1.0880,2025-04-14 13:54:34,70.0
0.9860,24.2420,0.6330,83.96,1.1020,2025-04-14 13:54:34,70.0
0.9910,24.3060,0.6280,83.99,1.0470,2025-04-14 13:54:34,70.0
0.9660,24.2780,0.4470,83.93,1.03,2025-04-14 13:54:34,70.0
0.9690,24.3210,0.6150,83.73,1.0470,2025-04-14 13:54:34,70.0
0.9630,24.28,0.5370,83.95,1.0780,2025-04-14 13:54:34,70.0
1.0130,24.3630,0.5730,84.37,1.0550,2025-04-14 13:54:34,70.0
0.9820,24.2690,0.4220,83.85,1.0640,2025-04-14 13:54:34,70.0
0.9710,24.2740,0.6830,84.29,1.0090,2025-04-14 13:54:34,70.0
1.0070,24.3810,0.45,84.04,1.1060,2025-04-14 13:54:34,70.0
1.0010,24.3660,0.5470,84.18,1.1490,2025-04-14 13:54:34,70.0
0.9950,24.3030,0.5320,83.96,1.0460,2025-04-14 13:54:34,70.0
1.0130,24.3680,0.6250,83.71,1.0770,2025-04-14 19:29:45,71.0
1.0450,24.4270,0.5430,84.06,1.15,2025-04-14 19:29:45,71.0
0.9820,24.3550,0.4120,84.51,1.0870,2025-04-14 19:29:45,71.0
1.0280,24.4080,0.3640,83.78,1.1210,2025-04-14 19:29:45,71.0
1.0140,24.3530,0.6050,84.06,1.0790,2025-04-14 19:29:45,71.0
1.0060,24.4540,0.7660,83.92,1.0960,2025-04-14 19:29:45,71.0
1.0040,24.3860,0.4820,84.07,1.13,2025-04-14 19:29:45,71.0
1.0020,24.4370,0.5550,84.20,1.1530,2025-04-14 19:29:45,71.0
0.9930,24.3810,0.7940,83.81,1.1040,2025-04-14 19:29:45,71.0
0.98,24.3890,0.5630,84.16,1.0510,2025-04-14 19:29:45,71.0
1.0040,24.3380,0.5150,84.09,1.1340,2025-04-14 19:29:45,71.0
0.9980,24.3430,0.3540,83.91,1.0760,2025-04-14 19:29:45,71.0
0.9790,24.3370,0.48,84.08,1.0060,2025-04-14 19:29:45,71.0
0.9880,24.32,0.5350,83.70,1.1510,2025-04-14 19:29:45,71.0
1.0280,24.3790,0.6430,84.21,1.14,2025-04-14 19:29:45,71.0
0.9860,24.3810,0.8740,83.92,1.1270,2025-04-14 19:29:45,71.0
1,24.4180,0.6630,84.04,1.1550,2025-04-14 19:29:45,71.0
0.9940,24.38,0.4090,84.11,1.2260,2025-04-14 19:29:45,71.0
1.0010,24.30,0.4670,84.20,1.0910,2025-04-14 19:29:45,71.0
0.9970,24.3940,0.3770,83.84,1.09,2025-04-14 19:29:45,71.0
0.9960,24.3660,0.5930,83.85,1.1180,2025-04-14 21:54:52,72.0
0.9630,24.4030,0.4950,84.18,1.0140,2025-04-14 21:54:52,72.0
0.9660,24.3470,0.5780,83.60,0.9480,2025-04-14 21:54:52,72.0
0.9710,24.2640,0.6250,84.23,1.04,2025-04-14 21:54:52,72.0
0.9770,24.3880,0.6480,84.11,1.02,2025-04-14 21:54:52,72.0
0.9580,24.3270,0.5370,83.93,1.0430,2025-04-14 21:54:52,72.0
0.9950,24.3390,0.3790,84.04,1.0710,2025-04-14 21:54:52,72.0
0.9740,24.3850,0.44,83.95,1.0610,2025-04-14 21:54:52,72.0
1.0010,24.3570,0.8870,84.35,1.1450,2025-04-14 21:54:52,72.0
0.9810,24.3030,0.5930,84.09,1.0520,2025-04-14 21:54:52,72.0
0.9930,24.3780,0.4420,84.12,1.0710,2025-04-14 21:54:52,72.0
1.0050,24.4080,0.8870,84.22,1.1370,2025-04-14 21:54:52,72.0
1,24.3310,0.4670,83.99,1.0910,2025-04-14 21:54:52,72.0
1.0060,24.3630,0.59,84.09,1.1150,2025-04-14 21:54:52,72.0
0.9650,24.3470,0.5170,84.21,1.1640,2025-04-14 21:54:52,72.0
1.0190,24.3450,0.3890,83.96,1.08,2025-04-14 21:54:52,72.0
1.0060,24.33,1.0770,83.94,1.1770,2025-04-14 21:54:52,72.0
0.9620,24.3630,0.8040,84.05,0.9240,2025-04-14 21:54:52,72.0
0.9570,24.3060,0.5680,83.88,1.06,2025-04-14 21:54:52,72.0
0.9830,24.4450,0.5270,83.89,1.0860,2025-04-14 21:54:52,72.0
0.9690,24.2610,0.9190,83.94,1.0680,2025-04-15 11:01:07,73.0
0.9930,24.2450,0.4850,83.93,1.1190,2025-04-15 11:01:07,73.0
0.9780,24.2680,0.4220,83.89,1.0510,2025-04-15 11:01:07,73.0
0.9660,24.2630,0.6860,84.21,1.0890,2025-04-15 11:01:07,73.0
1.0230,24.3240,0.6560,83.80,1.0440,2025-04-15 11:01:07,73.0
0.9970,24.3210,0.6080,84.24,1.1190,2025-04-15 11:01:07,73.0
0.9790,24.2680,0.61,83.79,1.0970,2025-04-15 11:01:07,73.0
1.0040,24.3560,0.4650,84,1.1180,2025-04-15 11:01:07,73.0
0.9770,24.2540,0.4520,83.78,1.0830,2025-04-15 11:01:07,73.0
0.9880,24.22,0.55,83.93,1.1120,2025-04-15 11:01:07,73.0
0.9840,24.2110,0.5050,83.55,1.0860,2025-04-15 11:01:07,73.0
0.99,24.2650,0.4750,83.98,1.0370,2025-04-15 11:01:07,73.0
1.0070,24.2940,0.45,84.05,1.0960,2025-04-15 11:01:07,73.0
1.0050,24.3010,0.4090,83.94,1.2350,2025-04-15 11:01:07,73.0
1,24.2540,0.8610,83.77,1.1440,2025-04-15 11:01:07,73.0
0.9890,24.2790,0.4070,83.97,1.0790,2025-04-15 11:01:07,73.0
0.9890,24.2530,0.7410,83.96,1.0880,2025-04-15 11:01:07,73.0
1.0050,24.2210,0.5680,83.97,1.0350,2025-04-15 11:01:07,73.0
0.96,24.3570,0.52,84.01,1.0070,2025-04-15 11:01:07,73.0
0.9380,24.2170,0.7310,83.83,0.9920,2025-04-15 11:01:07,73.0
0.9910,24.3360,0.5320,83.97,1.1910,2025-04-15 13:01:12,74.0
1.0020,24.3730,0.3690,84.38,1.1330,2025-04-15 13:01:12,74.0
0.9820,24.2370,0.4290,84.13,1.0630,2025-04-15 13:01:12,74.0
0.9740,24.3260,0.9670,83.90,1.0970,2025-04-15 13:01:12,74.0
0.9870,24.2610,1.0220,83.80,1.1030,2025-04-15 13:01:12,74.0
0.9910,24.2940,0.6130,83.94,1.1170,2025-04-15 13:01:12,74.0
1.0340,24.4410,0.47,84.22,1.1460,2025-04-15 13:01:12,74.0
0.9660,24.3080,0.3640,83.87,1.09,2025-04-15 13:01:12,74.0
1.01,24.3390,0.4420,83.86,1.1030,2025-04-15 13:01:12,74.0
1.01,24.3950,0.51,83.90,1.1420,2025-04-15 13:01:12,74.0
0.9970,24.3260,0.4520,84.19,1.0470,2025-04-15 13:01:12,74.0
0.9620,24.1580,0.6530,84.23,1.0520,2025-04-15 13:01:12,74.0
1.0240,24.3250,0.67,84.26,1.1410,2025-04-15 13:01:12,74.0
1.0180,24.3050,0.5750,84.55,1.1830,2025-04-15 13:01:12,74.0
0.9860,24.30,0.5350,83.89,1.1210,2025-04-15 13:01:12,74.0
0.9620,24.3160,0.7310,84.23,1.1250,2025-04-15 13:01:12,74.0
0.9970,24.2930,0.6880,83.85,1.1310,2025-04-15 13:01:12,74.0
0.9910,24.2910,0.48,83.98,1.0880,2025-04-15 13:01:12,74.0
0.9820,24.3740,0.5250,84.10,1.1520,2025-04-15 13:01:12,74.0
1.0090,24.2630,0.56,83.92,1.1130,2025-04-15 13:01:12,74.0
0.9610,24.3360,0.6860,83.89,1.1010,2025-04-15 19:36:25,75.0
0.94,24.2850,0.5170,83.82,1.1040,2025-04-15 19:36:25,75.0
0.9820,24.3320,0.7110,83.94,1.0340,2025-04-15 19:36:25,75.0
0.9710,24.3550,0.7540,83.87,0.9950,2025-04-15 19:36:25,75.0
0.9990,24.3470,0.7260,84.07,1.11,2025-04-15 19:36:25,75.0
1,24.3340,0.5250,84.11,1.1340,2025-04-15 19:36:25,75.0
0.9980,24.2910,0.4450,83.91,1.1570,2025-04-15 19:36:25,75.0
0.9980,24.3280,0.5830,83.82,1.1330,2025-04-15 19:36:25,75.0
1.01,24.4010,0.4950,84.06,1.0660,2025-04-15 19:36:25,75.0
0.9820,24.3090,1.0020,84.22,1.1230,2025-04-15 19:36:25,75.0
1.0020,24.4080,0.3440,84.08,1.1290,2025-04-15 19:36:25,75.0
0.9580,24.2640,1.0550,83.91,1.0380,2025-04-15 19:36:25,75.0
0.9770,24.3320,0.4720,83.84,1.1310,2025-04-15 19:36:25,75.0
1.0110,24.3890,0.4320,83.84,1.0570,2025-04-15 19:36:25,75.0
1.0030,24.3340,0.4320,84.09,1.1640,2025-04-15 19:36:25,75.0
0.9590,24.3070,0.5750,84.01,1.0210,2025-04-15 19:36:25,75.0
0.9820,24.3190,0.5850,83.98,1.1480,2025-04-15 19:36:25,75.0
0.9890,24.3730,0.5750,84.20,1.0420,2025-04-15 19:36:25,75.0
0.9850,24.3120,0.6230,84.03,1.0660,2025-04-15 19:36:25,75.0
0.9820,24.3220,0.4620,84.09,1.02,2025-04-15 19:36:25,75.0
1.01,24.34,0.4220,84.04,1.09,2025-04-15 21:26:32,76.0
0.9730,24.2960,0.7460,83.93,1.0410,2025-04-15 21:26:32,76.0
1.0280,24.3770,0.3690,83.85,1.0980,2025-04-15 21:26:32,76.0
0.98,24.3120,0.5880,84.12,1.0350,2025-04-15 21:26:32,76.0
0.9890,24.2880,0.5530,84.05,1.1160,2025-04-15 21:26:32,76.0
1.0060,24.3070,1.12,84.02,1.1390,2025-04-15 21:26:32,76.0
0.9430,24.2880,0.4820,83.98,1.0280,2025-04-15 21:26:32,76.0
0.9820,24.2930,0.5830,83.70,1.0850,2025-04-15 21:26:32,76.0
0.9940,24.2730,0.6830,84.13,0.97,2025-04-15 21:26:32,76.0
0.9570,24.1880,0.5950,83.88,1.0780,2025-04-15 21:26:32,76.0
1.0040,24.2930,0.4320,83.97,1.0750,2025-04-15 21:26:32,76.0
0.9520,24.3310,1.1180,84.14,1.0660,2025-04-15 21:26:32,76.0
0.9970,24.2770,0.8360,84.25,1.1290,2025-04-15 21:26:32,76.0
1.0040,24.3530,0.4770,83.91,1.1070,2025-04-15 21:26:32,76.0
1.0260,24.3290,0.4970,84.17,1.2110,2025-04-15 21:26:32,76.0
0.9680,24.3110,0.3690,83.89,1.0640,2025-04-15 21:26:32,76.0
0.9670,24.2980,0.55,83.71,1.0710,2025-04-15 21:26:32,76.0
0.9760,24.3190,0.5580,83.94,1.0820,2025-04-15 21:26:32,76.0
0.9780,24.3260,0.64,83.59,1.0810,2025-04-15 21:26:32,76.0
0.9820,24.3350,0.53,83.92,1.0650,2025-04-15 21:26:32,76.0
1.0080,24.2570,0.4960,83.99,1.1060,2025-06-03 13:44:35,77.0
1.0030,24.3210,0.6840,83.9790,1.1620,2025-06-03 13:44:35,77.0
0.9840,24.2190,0.6920,83.9890,1.1150,2025-06-03 13:44:35,77.0
1.0030,24.2780,0.7410,83.8070,1.1370,2025-06-03 13:44:35,77.0
0.9860,24.2670,0.6640,83.8910,1.1460,2025-06-03 13:44:35,77.0
1.0050,24.2650,0.6310,83.9110,1.09,2025-06-03 13:44:35,77.0
1.0310,24.3560,0.5340,84.0620,1.1910,2025-06-03 13:44:35,77.0
0.9930,24.3240,0.7910,84.12,1.1810,2025-06-03 13:44:35,77.0
1.0080,24.35,0.4760,83.9550,1.15,2025-06-03 13:44:35,77.0
0.9820,24.1820,0.55,83.8910,1.1290,2025-06-03 13:44:35,77.0
1.0090,24.2470,0.4770,83.9320,1.0210,2025-06-03 13:44:35,77.0
1.0080,24.3640,0.5290,84.1480,1.1050,2025-06-03 13:44:35,77.0
0.9850,24.2620,0.4460,83.7810,1.0690,2025-06-03 13:44:35,77.0
1.0150,24.3320,0.5250,83.8980,1.1620,2025-06-03 13:44:35,77.0
0.9960,24.3410,0.5670,83.9830,1.0630,2025-06-03 13:44:35,77.0
0.99,24.2260,0.6890,84.0380,1.1160,2025-06-03 13:44:35,77.0
1.02,24.2750,0.5130,83.8740,1.1340,2025-06-03 13:44:35,77.0
1.0170,24.4030,0.4660,83.8710,1.1110,2025-06-03 13:44:35,77.0
0.9850,24.2730,0.4790,84.1870,1.0730,2025-06-03 13:44:35,77.0
0.9970,24.3480,0.8460,83.9150,1.1160,2025-06-03 13:44:35,77.0
1.0020,24.33,0.4390,84.20,1.0180,2025-06-03 19:13:57,78.0
0.9890,24.3140,0.4240,84.15,1.12,2025-06-03 19:13:57,78.0
1.0020,24.4030,0.5020,84.22,1.0710,2025-06-03 19:13:57,78.0
0.9940,24.3170,0.4040,84.02,1.0610,2025-06-03 19:13:57,78.0
0.9710,24.2760,0.5370,84.12,1.0890,2025-06-03 19:13:57,78.0
0.9610,24.30,0.8010,84,1.0920,2025-06-03 19:13:57,78.0
0.9860,24.26,0.57,84.07,1.1120,2025-06-03 19:13:57,78.0
0.9650,24.33,0.5070,84.13,1.0890,2025-06-03 19:13:57,78.0
0.9940,24.3340,0.57,83.88,1.07,2025-06-03 19:13:57,78.0
0.9740,24.2480,0.4770,84.20,1.0420,2025-06-03 19:13:57,78.0
0.9970,24.3430,0.7210,84.35,1.14,2025-06-03 19:13:57,78.0
0.9870,24.3060,0.5650,84.05,1.0610,2025-06-03 19:13:57,78.0
0.9720,24.2440,0.4570,83.99,1.15,2025-06-03 19:13:57,78.0
0.97,24.3270,0.3570,84.08,1.0760,2025-06-03 19:13:57,78.0
0.9730,24.3460,0.5220,83.92,1.0570,2025-06-03 19:13:57,78.0
1.0090,24.3710,0.62,83.93,1.1880,2025-06-03 19:13:57,78.0
0.9890,24.2740,0.55,84.10,1.1410,2025-06-03 19:13:57,78.0
0.9760,24.28,0.5550,83.96,1.0930,2025-06-03 19:13:57,78.0
0.9690,24.3120,0.3260,84,1.0860,2025-06-03 19:13:57,78.0
0.9610,24.2460,0.54,84.18,1.0860,2025-06-03 19:13:57,78.0
1.0040,24.3550,0.4640,84.08,1.1130,2025-06-03 21:44:03,79.0
1.0010,24.3810,0.6130,83.85,1.1130,2025-06-03 21:44:03,79.0
1.0070,24.2990,0.2840,84.09,1.1270,2025-06-03 21:44:03,79.0
0.9570,24.2360,0.5120,84.01,1.1420,2025-06-03 21:44:03,79.0
0.9870,24.2730,0.5750,83.83,1.0890,2025-06-03 21:44:03,79.0
0.9760,24.3410,0.62,84.02,1.0610,2025-06-03 21:44:03,79.0
1.0220,24.3320,0.5520,83.92,1.1840,2025-06-03 21:44:03,79.0
0.9720,24.3180,0.3840,83.77,1.0430,2025-06-03 21:44:03,79.0
0.9660,24.2720,0.54,83.80,1.0480,2025-06-03 21:44:03,79.0
0.93,24.17,0.4270,84.42,1.0180,2025-06-03 21:44:03,79.0
1.0040,24.3090,0.5120,84.17,1.1350,2025-06-03 21:44:03,79.0
0.97,24.2620,0.5650,84.04,1.0280,2025-06-03 21:44:03,79.0
0.9920,24.2910,0.61,84.14,1.1320,2025-06-03 21:44:03,79.0
0.9950,24.2730,0.5750,84.19,0.9890,2025-06-03 21:44:03,79.0
1.0410,24.4210,0.4770,84.22,1.2220,2025-06-03 21:44:03,79.0
0.9440,24.2480,0.5020,83.73,1.0620,2025-06-03 21:44:03,79.0
0.9990,24.3360,0.8510,83.89,1.1170,2025-06-03 21:44:03,79.0
1.0110,24.3150,0.51,84.15,1.2090,2025-06-03 21:44:03,79.0
0.9750,24.2690,0.4970,83.99,1.0840,2025-06-03 21:44:03,79.0
1.0150,24.3330,0.4170,83.99,1.0780,2025-06-03 21:44:03,79.0
1.0040,24.3840,0.7530,84.25,1.0640,2025-06-04 11:22:54,80.0
0.9930,24.36,0.4020,84.07,1.0310,2025-06-04 11:22:54,80.0
0.9590,24.3720,0.6830,84.02,1.0560,2025-06-04 11:22:54,80.0
0.97,24.36,0.8210,83.98,1.0510,2025-06-04 11:22:54,80.0
0.9970,24.2740,0.52,83.85,1.0750,2025-06-04 11:22:54,80.0
1.0210,24.3510,0.4070,83.76,1.1080,2025-06-04 11:22:54,80.0
0.9870,24.3260,0.50,83.89,1.1120,2025-06-04 11:22:54,80.0
0.9660,24.3380,1.0920,83.91,0.9570,2025-06-04 11:22:54,80.0
0.9710,24.3130,0.55,83.92,1.0570,2025-06-04 11:22:54,80.0
0.9990,24.4150,0.4140,83.91,1.0510,2025-06-04 11:22:54,80.0
1.0130,24.3570,0.50,84.21,1.1420,2025-06-04 11:22:54,80.0
0.9770,24.3330,0.4390,83.86,1.0230,2025-06-04 11:22:54,80.0
0.9440,24.3050,0.5150,83.76,1.0970,2025-06-04 11:22:54,80.0
0.9630,24.2950,0.47,84.08,1.0910,2025-06-04 11:22:54,80.0
0.9560,24.3120,0.3010,84.06,1.0880,2025-06-04 11:22:54,80.0
0.9790,24.2510,0.6480,83.83,1.0780,2025-06-04 11:22:54,80.0
0.9540,24.2790,0.48,83.85,1.0570,2025-06-04 11:22:54,80.0
0.9920,24.3260,0.3770,84,1.0720,2025-06-04 11:22:54,80.0
0.9780,24.3350,0.8040,83.84,1.0710,2025-06-04 11:22:54,80.0
0.9780,24.2770,0.4850,84.03,1.0710,2025-06-04 11:22:54,80.0
0.9730,24.3330,0.49,84.29,1.0890,2025-06-04 13:08:01,81.0
0.9880,24.2950,0.5880,84.15,1.06,2025-06-04 13:08:01,81.0
0.9930,24.2540,0.5070,83.98,1.0370,2025-06-04 13:08:01,81.0
0.9770,24.2740,0.9340,84,1.0370,2025-06-04 13:08:01,81.0
0.9530,24.2750,0.6730,83.96,1.0930,2025-06-04 13:08:01,81.0
1.0120,24.3180,0.4440,83.85,1.1020,2025-06-04 13:08:01,81.0
0.9970,24.3120,0.3790,84.06,1.0750,2025-06-04 13:08:01,81.0
0.9540,24.2380,0.8840,83.82,1.1090,2025-06-04 13:08:01,81.0
0.9960,24.3060,0.4370,83.93,1.1470,2025-06-04 13:08:01,81.0
0.9370,24.2860,0.8310,83.92,1.0360,2025-06-04 13:08:01,81.0
0.9630,24.2570,0.5120,84.24,1.0870,2025-06-04 13:08:01,81.0
0.9730,24.2970,0.3160,84.12,1.0560,2025-06-04 13:08:01,81.0
0.9750,24.2890,0.7760,84.04,1.0840,2025-06-04 13:08:01,81.0
0.93,24.2560,0.3520,83.90,1.0420,2025-06-04 13:08:01,81.0
1.0040,24.32,0.4440,84.08,1.1280,2025-06-04 13:08:01,81.0
0.9790,24.2780,0.5450,84.05,1.1220,2025-06-04 13:08:01,81.0
0.9850,24.3210,0.7410,84.22,1.1050,2025-06-04 13:08:01,81.0
1.0080,24.36,0.4920,84.10,1.0220,2025-06-04 13:08:01,81.0
0.9920,24.3240,0.7160,83.85,1.1050,2025-06-04 13:08:01,81.0
0.9880,24.35,0.6080,84.01,1.1420,2025-06-04 13:08:01,81.0
0.9690,24.3040,0.4270,83.94,1.1510,2025-06-04 19:03:12,82.0
0.9910,24.3350,1.1530,84.11,1.1190,2025-06-04 19:03:12,82.0
0.9870,24.3450,0.4790,83.98,1.0360,2025-06-04 19:03:12,82.0
0.9990,24.3040,0.7410,84.17,1.0970,2025-06-04 19:03:12,82.0
0.9780,24.2940,0.4440,83.77,1.1080,2025-06-04 19:03:12,82.0
0.9580,24.2920,0.5670,83.89,1.0010,2025-06-04 19:03:12,82.0
1.0130,24.3280,0.5880,83.99,1.1390,2025-06-04 19:03:12,82.0
1.0020,24.3310,0.9040,83.84,1.1140,2025-06-04 19:03:12,82.0
0.9850,24.2970,0.3240,83.99,1.0840,2025-06-04 19:03:12,82.0
0.9870,24.3180,0.65,83.88,1.0880,2025-06-04 19:03:12,82.0
0.9980,24.3530,0.5730,83.87,1.1510,2025-06-04 19:03:12,82.0
0.9990,24.22,0.8760,84.13,1.1160,2025-06-04 19:03:12,82.0
0.9940,24.2570,0.4550,83.94,1.1310,2025-06-04 19:03:12,82.0
0.9990,24.3280,0.6750,84.01,1.1090,2025-06-04 19:03:12,82.0
0.9870,24.3440,0.3040,83.87,1.1420,2025-06-04 19:03:12,82.0
0.97,24.30,0.4770,83.93,1.1170,2025-06-04 19:03:12,82.0
0.9810,24.3030,0.5150,84.13,1.0690,2025-06-04 19:03:12,82.0
0.97,24.2550,0.5950,83.97,1.0440,2025-06-04 19:03:12,82.0
1.0070,24.2790,0.4190,83.81,1.04,2025-06-04 19:03:12,82.0
0.9790,24.3570,0.3870,84.06,1.15,2025-06-04 19:03:12,82.0
0.9910,24.3140,0.6650,84.02,1.1440,2025-06-04 21:28:18,83.0
0.9690,24.3320,0.4070,83.96,1.0420,2025-06-04 21:28:18,83.0
1.0010,24.3560,0.56,84.27,1.2020,2025-06-04 21:28:18,83.0
0.9730,24.25,0.52,83.83,1.0910,2025-06-04 21:28:18,83.0
0.9780,24.26,0.6080,84.33,1.1330,2025-06-04 21:28:18,83.0
1.0050,24.2890,0.4170,84.36,1.15,2025-06-04 21:28:18,83.0
0.9620,24.2590,0.5350,84.06,1.0870,2025-06-04 21:28:18,83.0
1.0160,24.3370,0.57,83.88,1.1240,2025-06-04 21:28:18,83.0
0.9840,24.2480,0.8910,84.17,1.1480,2025-06-04 21:28:18,83.0
1.0010,24.3620,0.5120,84,1.10,2025-06-04 21:28:18,83.0
1.0150,24.3460,0.4470,83.95,1.1440,2025-06-04 21:28:18,83.0
0.9750,24.2650,0.5150,84.07,1.0540,2025-06-04 21:28:18,83.0
0.9610,24.3170,1.0350,83.98,1.0930,2025-06-04 21:28:18,83.0
0.9680,24.2180,0.5250,83.87,1.0720,2025-06-04 21:28:18,83.0
0.9790,24.2930,0.4620,83.97,1.1040,2025-06-04 21:28:18,83.0
1.0130,24.3370,0.5770,84.20,1.1880,2025-06-04 21:28:18,83.0
0.9550,24.2510,0.6780,83.97,1.0850,2025-06-04 21:28:18,83.0
1.0070,24.2930,0.8610,83.96,1.0970,2025-06-04 21:28:18,83.0
0.9780,24.3060,0.3820,84.13,1.1340,2025-06-04 21:28:18,83.0
0.9840,24.23,0.3770,83.84,1.05,2025-06-04 21:28:18,83.0
1.0060,24.42,0.6130,84.05,1.0910,2025-06-05 11:22:25,84.0
0.9710,24.3190,0.5730,83.92,1.0390,2025-06-05 11:22:25,84.0
0.9690,24.4080,0.4770,83.82,1.0430,2025-06-05 11:22:25,84.0
0.99,24.2790,0.5150,84.16,1.0930,2025-06-05 11:22:25,84.0
0.9690,24.4080,0.9190,83.90,1.0220,2025-06-05 11:22:25,84.0
1.0150,24.3980,0.4820,83.80,1.1430,2025-06-05 11:22:25,84.0
0.9740,24.3060,0.5880,83.82,1.0870,2025-06-05 11:22:25,84.0
0.9930,24.4470,0.5050,83.98,1.0870,2025-06-05 11:22:25,84.0
0.9950,24.3090,0.4640,84.13,1.1680,2025-06-05 11:22:25,84.0
0.9830,24.4220,0.3670,83.89,1.1220,2025-06-05 11:22:25,84.0
0.9860,24.3520,0.6050,84.17,1.1240,2025-06-05 11:22:25,84.0
1.0150,24.3590,0.3820,84.05,1.1340,2025-06-05 11:22:25,84.0
0.9540,24.3550,0.4140,84.06,1.1320,2025-06-05 11:22:25,84.0
0.9990,24.3820,0.5830,83.77,1.1170,2025-06-05 11:22:25,84.0
1.01,24.4530,0.4520,84.01,1.1290,2025-06-05 11:22:25,84.0
0.9910,24.3560,0.3460,83.96,1.1480,2025-06-05 11:22:25,84.0
0.9570,24.3320,0.8080,83.92,1.1220,2025-06-05 11:22:25,84.0
0.9690,24.3590,0.7410,84.03,1.1320,2025-06-05 11:22:25,84.0
1.0040,24.3970,0.5750,83.90,1.1040,2025-06-05 11:22:25,84.0
0.9890,24.3720,0.4140,83.73,1.0650,2025-06-05 11:22:25,84.0
1.0060,24.3450,0.3320,84.20,1.0970,2025-06-09 19:26:22,85.0
0.99,24.3030,1.3110,83.77,1.0480,2025-06-09 19:26:22,85.0
0.9650,24.3660,0.7530,83.99,1.15,2025-06-09 19:26:22,85.0
0.9880,24.3670,0.4820,83.93,1.1480,2025-06-09 19:26:22,85.0
0.9920,24.3550,0.53,84,1.0810,2025-06-09 19:26:22,85.0
1.0030,24.33,0.4870,83.88,1.2130,2025-06-09 19:26:22,85.0
0.9930,24.3390,0.4270,83.92,1.0550,2025-06-09 19:26:22,85.0
0.9910,24.3160,0.4820,84.10,1.0960,2025-06-09 19:26:22,85.0
0.9890,24.2760,0.5470,83.92,1.1450,2025-06-09 19:26:22,85.0
0.9920,24.3780,0.4040,83.89,1.0340,2025-06-09 19:26:22,85.0
0.9920,24.3490,0.5350,84.18,1.0880,2025-06-09 19:26:22,85.0
1.0250,24.4210,0.4290,84.07,1.18,2025-06-09 19:26:22,85.0
0.9760,24.3620,0.8640,84.02,1.0690,2025-06-09 19:26:22,85.0
1.02,24.3370,0.4020,84.16,1.11,2025-06-09 19:26:22,85.0
0.9830,24.3470,0.2660,84.16,1.0870,2025-06-09 19:26:22,85.0
0.95,24.26,0.5880,83.89,1.0670,2025-06-09 19:26:22,85.0
0.98,24.2680,0.9310,84.18,1.1260,2025-06-09 19:26:22,85.0
1.0080,24.3660,0.6180,84.24,1.1650,2025-06-09 19:26:22,85.0
0.9780,24.23,0.3260,83.78,1.0690,2025-06-09 19:26:22,85.0
0.9880,24.3360,0.5930,83.79,1.1790,2025-06-09 19:26:22,85.0
0.9890,24.3410,0.6250,83.79,1.1120,2025-06-10 11:12:45,86.0
0.9560,24.2640,0.8740,83.94,1.0970,2025-06-10 11:12:45,86.0
1.0060,24.3470,0.61,83.97,1.0490,2025-06-10 11:12:45,86.0
1.0360,24.4050,0.4040,84.10,1.1360,2025-06-10 11:12:45,86.0
0.9690,24.2520,0.47,83.62,1.07,2025-06-10 11:12:45,86.0
1.0110,24.3560,0.4970,84.05,1.1980,2025-06-10 11:12:45,86.0
1.0410,24.3660,0.6680,84.13,1.1420,2025-06-10 11:12:45,86.0
0.9740,24.2660,0.7130,84.10,1.0930,2025-06-10 11:12:45,86.0
1.0360,24.3730,0.65,83.83,1.1390,2025-06-10 11:12:45,86.0
1.0030,24.3480,0.9110,84.04,1.1920,2025-06-10 11:12:45,86.0
1.0330,24.3470,0.60,84.02,1.1720,2025-06-10 11:12:45,86.0
0.9860,24.3080,0.68,84.02,1.0520,2025-06-10 11:12:45,86.0
1.0030,24.2860,0.9690,83.94,1.1020,2025-06-10 11:12:45,86.0
0.9990,24.35,0.5720,84,1.1960,2025-06-10 11:12:45,86.0
1.0120,24.2780,0.6630,84.02,1.1520,2025-06-10 11:12:45,86.0
1.0070,24.2840,0.66,83.72,1.0970,2025-06-10 11:12:45,86.0
1.0190,24.38,0.4270,83.82,1.0640,2025-06-10 11:12:45,86.0
0.9840,24.2580,0.4820,83.85,1.1040,2025-06-10 11:12:45,86.0
1.0160,24.3380,0.5350,83.94,1.1680,2025-06-10 11:12:45,86.0
0.9830,24.3040,0.3970,83.68,1.0610,2025-06-10 11:12:45,86.0
1.0240,24.3610,0.5150,84.12,1.1090,2025-06-10 12:52:50,87.0
0.97,24.3630,0.3620,83.99,1.0230,2025-06-10 12:52:50,87.0
1.0050,24.37,0.6230,84.03,1.1210,2025-06-10 12:52:50,87.0
0.9560,24.2950,0.2640,84.17,1.01,2025-06-10 12:52:50,87.0
0.9710,24.3310,0.9470,83.66,1.0810,2025-06-10 12:52:50,87.0
0.9720,24.3160,0.6550,84.20,1.0740,2025-06-10 12:52:50,87.0
0.9740,24.3310,0.5770,84.02,1.0510,2025-06-10 12:52:50,87.0
0.9740,24.2710,0.7060,84.19,1.1220,2025-06-10 12:52:50,87.0
1.0270,24.3610,0.8390,84.14,1.12,2025-06-10 12:52:50,87.0
1.0250,24.3220,0.4220,84.20,1.1290,2025-06-10 12:52:50,87.0
0.9830,24.2660,0.5220,84.22,1.0820,2025-06-10 12:52:50,87.0
0.9610,24.2580,1.0620,83.94,1.0570,2025-06-10 12:52:50,87.0
0.9840,24.3350,0.4470,83.87,1.10,2025-06-10 12:52:50,87.0
1,24.3130,0.5470,84.24,1.0950,2025-06-10 12:52:50,87.0
0.9910,24.29,0.5750,83.83,1.0830,2025-06-10 12:52:50,87.0
0.9850,24.3310,0.6880,84.17,1.1670,2025-06-10 12:52:50,87.0
1.0080,24.3110,0.8010,84.39,1.0980,2025-06-10 12:52:50,87.0
1.0170,24.3570,0.58,83.90,1.2060,2025-06-10 12:52:50,87.0
0.9860,24.3110,0.5650,84,1.0760,2025-06-10 12:52:50,87.0
0.9690,24.3150,0.5020,84.09,1.0690,2025-06-10 12:52:50,87.0
1.0050,24.33,0.5770,84.18,1.0740,2025-06-10 19:23:33,88.0
0.9880,24.2260,0.4970,83.91,0.9430,2025-06-10 19:23:33,88.0
1.0360,24.3330,0.5270,83.75,1.1190,2025-06-10 19:23:33,88.0
0.9960,24.3320,0.5620,84.09,1.0580,2025-06-10 19:23:33,88.0
1.0030,24.3380,0.3490,83.88,1.1510,2025-06-10 19:23:33,88.0
0.9880,24.2940,0.53,83.85,1.0690,2025-06-10 19:23:33,88.0
1.0030,24.2760,1.0870,83.84,1.0660,2025-06-10 19:23:33,88.0
0.9640,24.3020,0.5780,83.98,1.1010,2025-06-10 19:23:33,88.0
0.9810,24.3050,0.60,83.77,1.0820,2025-06-10 19:23:33,88.0
0.9990,24.3030,0.4670,84.19,1.1120,2025-06-10 19:23:33,88.0
0.9990,24.2910,0.4570,84.03,1.0870,2025-06-10 19:23:33,88.0
0.9920,24.2410,0.4140,84.12,1.0640,2025-06-10 19:23:33,88.0
0.9670,24.3150,0.4090,83.71,1.1190,2025-06-10 19:23:33,88.0
1.0060,24.3290,0.6980,84.14,1.0560,2025-06-10 19:23:33,88.0
0.9570,24.2870,0.3240,83.99,0.9690,2025-06-10 19:23:33,88.0
1.0080,24.3590,0.59,84.21,1.1290,2025-06-10 19:23:33,88.0
1.0180,24.29,0.9090,83.92,1.0960,2025-06-10 19:23:33,88.0
0.9680,24.2560,0.3590,83.94,1.0480,2025-06-10 19:23:33,88.0
0.99,24.2420,0.7630,84.19,1.0910,2025-06-10 19:23:33,88.0
1.0060,24.2550,0.6730,84.24,1.1290,2025-06-10 19:23:33,88.0
0.9890,24.36,0.57,83.88,0.9940,2025-06-10 21:33:43,89.0
1.0250,24.3890,0.4970,84.21,1.10,2025-06-10 21:33:43,89.0
1.0110,24.3350,0.63,84.01,1.0570,2025-06-10 21:33:43,89.0
0.9870,24.3970,0.5120,84.04,1.1650,2025-06-10 21:33:43,89.0
1,24.3670,0.53,84.18,1.1150,2025-06-10 21:33:43,89.0
0.9920,24.3260,0.4920,83.88,1.08,2025-06-10 21:33:43,89.0
1.0130,24.3480,0.61,83.99,1.0940,2025-06-10 21:33:43,89.0
1.0050,24.3630,0.4950,83.90,1.1040,2025-06-10 21:33:43,89.0
0.9870,24.3670,0.61,84.29,1.1060,2025-06-10 21:33:43,89.0
1.0140,24.3710,0.8910,83.90,1.0690,2025-06-10 21:33:43,89.0
0.9750,24.3050,0.6880,83.75,0.9540,2025-06-10 21:33:43,89.0
0.98,24.3040,0.7380,84,1.0730,2025-06-10 21:33:43,89.0
0.9640,24.3430,0.9690,84.09,1.1090,2025-06-10 21:33:43,89.0
0.9820,24.3480,0.6230,84.11,1.1050,2025-06-10 21:33:43,89.0
0.9940,24.3340,0.3940,84,1.0920,2025-06-10 21:33:43,89.0
0.9670,24.3670,1.0140,83.84,1.0960,2025-06-10 21:33:43,89.0
0.9820,24.3610,0.61,84,1.0850,2025-06-10 21:33:43,89.0
0.9690,24.3660,0.4850,84.13,1.1120,2025-06-10 21:33:43,89.0
0.9740,24.31,0.5450,84.08,1.0950,2025-06-10 21:33:43,89.0
0.9680,24.3260,0.5250,83.85,1.0380,2025-06-10 21:33:43,89.0
0.9870,24.3080,0.6730,84.18,1.1030,2025-06-11 11:16:36,90.0
0.9570,24.2680,0.3010,84.21,1.0860,2025-06-11 11:16:36,90.0
0.9950,24.2920,0.7180,84.16,1.0360,2025-06-11 11:16:36,90.0
1.01,24.3710,0.49,84.22,1.1520,2025-06-11 11:16:36,90.0
0.9950,24.3760,0.3560,84.09,1.0470,2025-06-11 11:16:36,90.0
1.0110,24.3590,0.6550,84.29,1.1560,2025-06-11 11:16:36,90.0
1.0170,24.4160,0.4120,84.18,1.0810,2025-06-11 11:16:36,90.0
1.03,24.3890,0.57,83.95,1.1250,2025-06-11 11:16:36,90.0
1.01,24.4120,0.5730,84.16,1.0950,2025-06-11 11:16:36,90.0
0.9720,24.32,0.3160,84.04,0.9930,2025-06-11 11:16:36,90.0
1.0120,24.3560,0.4590,84.05,1.0720,2025-06-11 11:16:36,90.0
0.9780,24.3060,0.7710,84.24,1.0970,2025-06-11 11:16:36,90.0
1.0190,24.3920,0.6130,84.04,1.0480,2025-06-11 11:16:36,90.0
0.9920,24.3230,1.0090,83.98,1.08,2025-06-11 11:16:36,90.0
0.9880,24.3380,0.51,84.15,1.1650,2025-06-11 11:16:36,90.0
1.0010,24.33,0.52,84.22,1.1210,2025-06-11 11:16:36,90.0
0.9520,24.2940,0.5720,84.03,1.09,2025-06-11 11:16:36,90.0
1.0120,24.2910,0.68,83.98,1.0580,2025-06-11 11:16:36,90.0
1.0110,24.3510,0.64,84.16,1.10,2025-06-11 11:16:36,90.0
0.9870,24.3020,0.6530,84.29,1.0780,2025-06-11 11:16:36,90.0
0.9910,24.30,0.5070,83.93,1.1190,2025-06-11 13:06:43,91.0
0.9840,24.3390,0.4920,83.92,1.0570,2025-06-11 13:06:43,91.0
0.9920,24.3280,0.6050,83.97,1.0280,2025-06-11 13:06:43,91.0
0.9930,24.3260,0.69,83.95,1.1350,2025-06-11 13:06:43,91.0
0.9720,24.3230,0.5320,84.02,1.1060,2025-06-11 13:06:43,91.0
0.9990,24.36,0.6450,83.73,1.0440,2025-06-11 13:06:43,91.0
0.9570,24.3060,0.8040,83.69,1.1240,2025-06-11 13:06:43,91.0
0.98,24.3120,0.4590,84.15,1.0220,2025-06-11 13:06:43,91.0
0.9720,24.3860,0.5170,83.91,1.0770,2025-06-11 13:06:43,91.0
0.98,24.3170,0.7280,84.04,1.1470,2025-06-11 13:06:43,91.0
0.9650,24.3480,0.5420,83.69,1.1340,2025-06-11 13:06:43,91.0
1.0150,24.3540,0.7110,84.18,1.0830,2025-06-11 13:06:43,91.0
0.9520,24.2320,0.66,84.14,1.0560,2025-06-11 13:06:43,91.0
0.9620,24.2750,0.4320,84.19,1.02,2025-06-11 13:06:43,91.0
0.9630,24.33,0.4920,84.09,0.9640,2025-06-11 13:06:43,91.0
0.9910,24.3450,0.5880,83.91,1.1040,2025-06-11 13:06:43,91.0
0.9870,24.3230,0.67,83.99,1.0340,2025-06-11 13:06:43,91.0
0.9640,24.3170,0.5570,83.91,1.0780,2025-06-11 13:06:43,91.0
0.9960,24.3510,0.5980,83.66,1.1440,2025-06-11 13:06:43,91.0
0.9660,24.2840,0.55,84.01,1.0770,2025-06-11 13:06:43,91.0
0.9980,24.2630,0.6430,84.09,1.0850,2025-07-03 21:26:09,92.0
1.0150,24.3240,0.5350,84.13,1.0850,2025-07-03 21:26:09,92.0
0.9660,24.2060,1.4940,83.79,0.98,2025-07-03 21:26:09,92.0
0.9770,24.2380,0.54,83.88,1.1080,2025-07-03 21:26:09,92.0
1.0050,24.3550,0.53,83.90,1.0490,2025-07-03 21:26:09,92.0
1.0090,24.3260,0.67,84.20,1.0480,2025-07-03 21:26:09,92.0
1.0160,24.3390,0.3940,83.86,1.1730,2025-07-03 21:26:09,92.0
0.9650,24.2240,0.5930,83.77,1.06,2025-07-03 21:26:09,92.0
0.9860,24.2820,0.6150,83.61,1.1360,2025-07-03 21:26:09,92.0
0.9760,24.3330,0.7230,83.96,1.1090,2025-07-03 21:26:09,92.0
0.9770,24.3320,0.5070,83.95,1.02,2025-07-03 21:26:09,92.0
0.9510,24.3180,0.68,84.15,1.0870,2025-07-03 21:26:09,92.0
0.9910,24.3390,0.6050,84.07,1.0790,2025-07-03 21:26:09,92.0
1.0010,24.2730,0.8560,84.17,1.0940,2025-07-03 21:26:09,92.0
1.0180,24.3180,0.4870,84.28,1.1080,2025-07-03 21:26:09,92.0
1.0160,24.3270,0.5320,84.13,1.1010,2025-07-03 21:26:09,92.0
0.9740,24.2870,0.4490,83.72,1.0980,2025-07-03 21:26:09,92.0
0.9780,24.2320,0.7780,83.62,1.1350,2025-07-03 21:26:09,92.0
0.9820,24.2210,0.6230,84.14,1.0340,2025-07-03 21:26:09,92.0
0.9830,24.2920,0.51,83.94,1.1020,2025-07-03 21:26:09,92.0
1,24.23,0.7030,84.10,1.0980,2025-07-04 11:16:19,93.0
1.0140,24.2520,0.7330,84.31,1.0830,2025-07-04 11:16:19,93.0
1.0110,24.2840,0.4340,84.14,1.1410,2025-07-04 11:16:19,93.0
1.0210,24.3530,0.4820,83.91,1.1010,2025-07-04 11:16:19,93.0
0.9330,24.25,0.3920,83.79,0.9940,2025-07-04 11:16:19,93.0
0.9860,24.35,0.3820,83.90,1.0650,2025-07-04 11:16:19,93.0
0.9580,24.2250,0.5850,84.02,1.0050,2025-07-04 11:16:19,93.0
0.9390,24.1610,0.6150,83.83,1.0320,2025-07-04 11:16:19,93.0
0.9760,24.2730,0.6230,84.20,1.1090,2025-07-04 11:16:19,93.0
0.9770,24.2980,0.6250,84.12,1.1040,2025-07-04 11:16:19,93.0
0.9980,24.2870,0.5670,83.67,1.1280,2025-07-04 11:16:19,93.0
0.9550,24.2030,0.7610,83.99,1.0380,2025-07-04 11:16:19,93.0
0.9620,24.2410,0.5520,83.79,1.0850,2025-07-04 11:16:19,93.0
1.0030,24.3160,0.6330,84.21,1.0720,2025-07-04 11:16:19,93.0
0.9930,24.2410,0.3340,83.99,1.0970,2025-07-04 11:16:19,93.0
1.0140,24.2320,1.10,84.14,1.0430,2025-07-04 11:16:19,93.0
0.99,24.2870,0.4340,83.86,1.0450,2025-07-04 11:16:19,93.0
1.0060,24.3460,0.9090,84.33,1.1060,2025-07-04 11:16:19,93.0
0.9910,24.2540,0.6450,84.35,1.0970,2025-07-04 11:16:19,93.0
1.0150,24.4270,0.7410,84,1.0050,2025-07-04 11:16:19,93.0
1.0080,24.3060,0.8610,84.38,0.96,2025-07-04 13:06:26,94.0
0.9740,24.3250,0.6650,83.86,1.0780,2025-07-04 13:06:26,94.0
1.0240,24.2660,0.5070,84.06,1.1320,2025-07-04 13:06:26,94.0
0.9920,24.2690,0.6630,84.17,1.1340,2025-07-04 13:06:26,94.0
0.9720,24.2780,0.65,83.98,1.0830,2025-07-04 13:06:26,94.0
0.9370,24.1490,0.9790,84.20,1.0490,2025-07-04 13:06:26,94.0
1.0070,24.30,0.7080,84.20,1.1370,2025-07-04 13:06:26,94.0
0.9820,24.3450,0.5720,84.21,1.0920,2025-07-04 13:06:26,94.0
0.9820,24.3070,0.5450,84.07,1.0840,2025-07-04 13:06:26,94.0
0.9680,24.2460,0.5750,83.91,1.1170,2025-07-04 13:06:26,94.0
0.9520,24.2180,0.6350,84.13,1.0530,2025-07-04 13:06:26,94.0
0.9970,24.2560,0.7230,84.07,1.0920,2025-07-04 13:06:26,94.0
0.9560,24.2550,0.4540,83.99,1,2025-07-04 13:06:26,94.0
1.0230,24.2790,0.54,84.18,1.1260,2025-07-04 13:06:26,94.0
0.9990,24.3310,0.56,84.30,1.1180,2025-07-04 13:06:26,94.0
1.0090,24.2850,0.4270,84.28,1.1650,2025-07-04 13:06:26,94.0
0.9710,24.2450,0.54,84.17,1.0380,2025-07-04 13:06:26,94.0
0.9740,24.2410,0.6530,83.73,1.0750,2025-07-04 13:06:26,94.0
0.9930,24.3450,0.6580,83.68,1.14,2025-07-04 13:06:26,94.0
0.98,24.2790,0.5830,84.18,1.0160,2025-07-04 13:06:26,94.0
0.9990,24.3290,0.5780,84.02,1.0560,2025-07-04 18:46:36,95.0
0.9740,24.3040,0.5870,84.28,1.0580,2025-07-04 18:46:36,95.0
1.0090,24.3070,0.46,84.36,1.1190,2025-07-04 18:46:36,95.0
0.9610,24.2490,1.11,83.95,1.1340,2025-07-04 18:46:36,95.0
0.9730,24.35,0.4420,84.08,1.0860,2025-07-04 18:46:36,95.0
0.9880,24.2790,0.4540,84.14,1.0750,2025-07-04 18:46:36,95.0
0.9620,24.3450,0.4670,83.86,1.0780,2025-07-04 18:46:36,95.0
0.9870,24.3130,0.7230,83.90,1.0850,2025-07-04 18:46:36,95.0
0.97,24.3010,0.5020,84.32,1.0640,2025-07-04 18:46:36,95.0
0.96,24.2850,0.7180,83.80,1.1040,2025-07-04 18:46:36,95.0
0.9380,24.2570,0.6550,83.95,1.0620,2025-07-04 18:46:36,95.0
1.0050,24.3030,0.5220,84.14,1.1270,2025-07-04 18:46:36,95.0
0.9890,24.31,0.4020,84.08,1.1390,2025-07-04 18:46:36,95.0
0.9940,24.3230,0.7010,84.14,1.1360,2025-07-04 18:46:36,95.0
1.0010,24.3130,0.9470,84.03,1.1090,2025-07-04 18:46:36,95.0
0.9990,24.3710,0.5250,84.21,1.0960,2025-07-04 18:46:36,95.0
0.97,24.2630,0.5470,83.98,1.1490,2025-07-04 18:46:36,95.0
0.9940,24.2760,0.4440,84,1.0720,2025-07-04 18:46:36,95.0
0.9490,24.2380,0.48,84.34,1.1020,2025-07-04 18:46:36,95.0
1.0040,24.2220,0.9190,83.89,1.0840,2025-07-04 18:46:36,95.0
0.9770,24.3850,0.7410,84.08,1.1060,2025-07-04 21:26:43,96.0
0.9950,24.4350,0.5750,84.23,1.0330,2025-07-04 21:26:43,96.0
0.9680,24.3670,0.8210,84.21,1.0960,2025-07-04 21:26:43,96.0
1.0070,24.3250,0.6630,84.08,1.1230,2025-07-04 21:26:43,96.0
0.9660,24.3520,0.54,83.92,1.1060,2025-07-04 21:26:43,96.0
0.9940,24.4030,0.7510,84.20,1.0680,2025-07-04 21:26:43,96.0
0.9870,24.3480,0.4770,84,1.1030,2025-07-04 21:26:43,96.0
0.9610,24.3180,0.6630,83.70,1.0790,2025-07-04 21:26:43,96.0
0.9630,24.4270,0.6080,83.94,1.0120,2025-07-04 21:26:43,96.0
0.9660,24.3660,0.4390,84.04,1.1220,2025-07-04 21:26:43,96.0
0.9330,24.2990,0.50,83.52,1.0240,2025-07-04 21:26:43,96.0
0.9980,24.36,0.5120,84.16,1.0430,2025-07-04 21:26:43,96.0
0.9740,24.3260,1.2730,84.19,1,2025-07-04 21:26:43,96.0
0.9910,24.4380,0.5880,84.02,1.0310,2025-07-04 21:26:43,96.0
0.9960,24.3930,0.7330,84.14,0.9440,2025-07-04 21:26:43,96.0
0.9970,24.3880,0.58,84.08,1.0250,2025-07-04 21:26:43,96.0
1.0120,24.4710,0.65,84.14,1.0460,2025-07-04 21:26:43,96.0
0.9930,24.4430,0.6180,84.29,1.0510,2025-07-04 21:26:43,96.0
0.9690,24.3540,0.6050,83.96,1.0340,2025-07-04 21:26:43,96.0
0.9830,24.4130,1.0020,83.68,1.0070,2025-07-04 21:26:43,96.0
0.9630,24.2840,0.6530,83.75,1.0450,2025-07-05 11:42:35,97.0
1,24.3210,0.8810,84.17,1.14,2025-07-05 11:42:35,97.0
1.0180,24.3610,0.4540,83.93,1.07,2025-07-05 11:42:35,97.0
0.9780,24.3360,0.8740,83.41,1.0490,2025-07-05 11:42:35,97.0
0.9930,24.30,0.54,83.81,1.0580,2025-07-05 11:42:35,97.0
1.0070,24.3640,0.5070,84.02,1.0420,2025-07-05 11:42:35,97.0
1.0020,24.3140,0.6780,83.87,1.0740,2025-07-05 11:42:35,97.0
0.9890,24.3650,0.4770,83.74,1.0880,2025-07-05 11:42:35,97.0
0.9810,24.3440,0.5020,83.88,1.1250,2025-07-05 11:42:35,97.0
0.9780,24.2580,0.6380,83.86,1.0280,2025-07-05 11:42:35,97.0
0.9670,24.2840,0.5170,83.85,1.0420,2025-07-05 11:42:35,97.0
0.9780,24.2760,0.4320,83.76,1.0670,2025-07-05 11:42:35,97.0
0.9430,24.2730,0.5120,83.68,1.0710,2025-07-05 11:42:35,97.0
0.9810,24.3130,1.0540,83.94,1.0730,2025-07-05 11:42:35,97.0
0.9930,24.3170,0.58,83.92,1.0960,2025-07-05 11:42:35,97.0
0.9870,24.3010,0.3340,84.08,1.0910,2025-07-05 11:42:35,97.0
0.9740,24.3040,0.57,83.99,1.0320,2025-07-05 11:42:35,97.0
0.9990,24.3260,0.4970,84.02,1.1430,2025-07-05 11:42:35,97.0
1.0050,24.3420,0.8040,84.18,1.1010,2025-07-05 11:42:35,97.0
0.9860,24.31,0.6980,84.10,1.0610,2025-07-05 11:42:35,97.0
0.98,24.1790,0.6280,84.05,1.1220,2025-07-05 13:07:41,98.0
0.9470,24.2640,0.4320,83.57,1.0740,2025-07-05 13:07:41,98.0
0.9820,24.2430,0.4970,83.99,1.1780,2025-07-05 13:07:41,98.0
1.0050,24.2890,0.51,83.98,1.0850,2025-07-05 13:07:41,98.0
0.9770,24.2240,0.4950,83.64,1.0560,2025-07-05 13:07:41,98.0
0.9660,24.2110,0.6550,84.01,1.0980,2025-07-05 13:07:41,98.0
0.9870,24.2830,0.8560,83.72,1.1310,2025-07-05 13:07:41,98.0
1.0010,24.2540,0.4750,84,1.07,2025-07-05 13:07:41,98.0
0.99,24.3030,0.5450,84.19,1.1130,2025-07-05 13:07:41,98.0
0.9640,24.2460,0.5050,83.94,1.1630,2025-07-05 13:07:41,98.0
0.9610,24.2540,0.4770,84.20,1.0780,2025-07-05 13:07:41,98.0
0.9880,24.2650,0.5050,83.93,1.1820,2025-07-05 13:07:41,98.0
0.9720,24.2130,0.7960,84.17,1.1290,2025-07-05 13:07:41,98.0
0.9780,24.2610,0.5620,83.95,1.0820,2025-07-05 13:07:41,98.0
0.9920,24.2740,0.9240,83.96,1.1130,2025-07-05 13:07:41,98.0
0.9690,24.2170,0.8040,84.15,1.0190,2025-07-05 13:07:41,98.0
0.9730,24.25,0.5650,83.78,1.0890,2025-07-05 13:07:41,98.0
1.0150,24.29,0.5420,84.01,1.0840,2025-07-05 13:07:41,98.0
0.9130,24.1650,0.5750,83.91,1.0660,2025-07-05 13:07:41,98.0
0.9980,24.3490,0.5420,83.95,1.14,2025-07-05 13:07:41,98.0
0.9810,24.3390,0.2960,84.24,1.1140,2025-07-05 18:52:52,99.0
0.9970,24.3550,0.5520,84.07,1.0670,2025-07-05 18:52:52,99.0
0.9770,24.2810,0.4850,84.21,1.0940,2025-07-05 18:52:52,99.0
0.99,24.2960,0.5120,84.06,1.1660,2025-07-05 18:52:52,99.0
0.9610,24.2830,0.4640,83.92,1.0030,2025-07-05 18:52:52,99.0
0.9840,24.3250,0.6860,83.93,1.0950,2025-07-05 18:52:52,99.0
1.01,24.4280,0.8990,84.05,1.0870,2025-07-05 18:52:52,99.0
1.0190,24.3340,0.59,83.77,1.1120,2025-07-05 18:52:52,99.0
0.9920,24.4050,0.7760,84.04,1.1190,2025-07-05 18:52:52,99.0
1.0210,24.2950,0.53,84.04,1.1940,2025-07-05 18:52:52,99.0
1.0020,24.2810,0.7260,83.89,1.1510,2025-07-05 18:52:52,99.0
1.0070,24.3290,0.8010,83.98,1.2070,2025-07-05 18:52:52,99.0
0.9720,24.2560,0.6580,83.93,1.0950,2025-07-05 18:52:52,99.0
1.0220,24.2860,0.7380,84.22,1.1560,2025-07-05 18:52:52,99.0
0.9890,24.2740,0.3640,83.77,1.1370,2025-07-05 18:52:52,99.0
0.9860,24.3130,0.8510,83.76,1.1110,2025-07-05 18:52:52,99.0
0.9940,24.2890,0.8240,84.20,1.1950,2025-07-05 18:52:52,99.0
1.0030,24.2850,0.5170,83.98,1.1760,2025-07-05 18:52:52,99.0
0.9950,24.3810,0.5350,84.14,1.1060,2025-07-05 18:52:52,99.0
1.0060,24.27,0.5350,84.28,1.2350,2025-07-05 18:52:52,99.0
1.0020,24.2120,0.6190,84.57,1.0940,2025-07-05 21:40:52,100.0
0.9440,24.2540,0.6340,84.0920,1.0360,2025-07-05 21:40:52,100.0
1.01,24.30,0.5430,84.4180,1.1930,2025-07-05 21:40:52,100.0
0.9730,24.28,0.5930,84.3490,1.0240,2025-07-05 21:40:52,100.0
0.9970,24.3380,0.5150,83.9120,1.0510,2025-07-05 21:40:52,100.0
0.9710,24.2250,0.6430,83.8540,1.0680,2025-07-05 21:40:52,100.0
0.98,24.1720,0.4940,84.2480,1.06,2025-07-05 21:40:52,100.0
0.9980,24.3860,0.6740,84.3480,1.1370,2025-07-05 21:40:52,100.0
1.0080,24.4230,0.4950,84.3690,1.1530,2025-07-05 21:40:52,100.0
0.9890,24.3120,0.5130,84.3230,1.1110,2025-07-05 21:40:52,100.0
0.9990,24.33,0.5650,84.1910,1.0920,2025-07-05 21:40:52,100.0
1,24.3190,0.4870,83.9620,1.1050,2025-07-05 21:40:52,100.0
0.9790,24.2520,0.5630,84.0340,1.1090,2025-07-05 21:40:52,100.0
0.9660,24.1360,0.6730,84.2340,1.0580,2025-07-05 21:40:52,100.0
1.0370,24.3780,0.6480,84.1290,1.1720,2025-07-05 21:40:52,100.0
0.9670,24.3190,0.6290,83.8010,1.0270,2025-07-05 21:40:52,100.0
0.9520,24.3240,0.5120,84.0290,1.0370,2025-07-05 21:40:52,100.0
0.9950,24.2610,0.5950,84.4510,1.0750,2025-07-05 21:40:52,100.0
0.9820,24.3280,0.6160,83.8580,1.0970,2025-07-05 21:40:52,100.0
0.9680,24.3460,0.5190,83.9290,1.0340,2025-07-05 21:40:52,100.0
0.9370,24.2390,0.7060,84.11,1.0290,2025-07-07 12:02:05,101.0
0.9690,24.2590,0.8060,83.67,1.0870,2025-07-07 12:02:05,101.0
0.9630,24.2280,0.47,84.09,1.0230,2025-07-07 12:02:05,101.0
0.9910,24.3120,1.0520,84.17,1.0960,2025-07-07 12:02:05,101.0
0.9890,24.28,0.51,84,1.0640,2025-07-07 12:02:05,101.0
0.9840,24.3110,0.5420,84.20,1.0260,2025-07-07 12:02:05,101.0
1.0130,24.3390,0.7960,83.99,1.1020,2025-07-07 12:02:05,101.0
0.9720,24.3070,0.4070,84.15,1.0780,2025-07-07 12:02:05,101.0
1.0310,24.2720,0.47,84.01,1.0830,2025-07-07 12:02:05,101.0
0.9580,24.2650,0.58,83.83,1.0630,2025-07-07 12:02:05,101.0
1.0210,24.2730,0.6680,84.33,1.0310,2025-07-07 12:02:05,101.0
0.9650,24.2730,0.5320,84.23,1.0530,2025-07-07 12:02:05,101.0
1,24.2820,0.6530,83.98,1.1010,2025-07-07 12:02:05,101.0
0.9890,24.2990,0.61,84.12,1.1260,2025-07-07 12:02:05,101.0
0.9920,24.2670,0.6380,84.24,1.1080,2025-07-07 12:02:05,101.0
0.9420,24.1460,0.7930,83.85,1.1050,2025-07-07 12:02:05,101.0
1.0220,24.3020,0.7180,84.35,1.07,2025-07-07 12:02:05,101.0
0.9680,24.3040,0.7260,83.88,0.9920,2025-07-07 12:02:05,101.0
0.9880,24.2950,0.4020,84.04,1.0690,2025-07-07 12:02:05,101.0
1.0130,24.2720,0.4370,84.32,1.1370,2025-07-07 12:02:05,101.0
0.9720,24.1960,0.7710,83.97,1.1430,2025-07-07 13:07:12,102.0
0.9630,24.3510,0.4440,84.28,1.0020,2025-07-07 13:07:12,102.0
0.9760,24.2680,0.5050,83.87,1.1370,2025-07-07 13:07:12,102.0
0.9640,24.2960,0.6380,84.08,1.0510,2025-07-07 13:07:12,102.0
0.9810,24.3090,0.5220,84.05,1.02,2025-07-07 13:07:12,102.0
0.9840,24.2430,0.9540,84,1.0740,2025-07-07 13:07:12,102.0
0.9950,24.2610,0.4520,84.20,1.13,2025-07-07 13:07:12,102.0
0.9730,24.3010,0.5170,84.35,1.0650,2025-07-07 13:07:12,102.0
0.9970,24.2520,0.6430,84.02,1.0190,2025-07-07 13:07:12,102.0
0.98,24.3060,0.55,83.82,1.1050,2025-07-07 13:07:12,102.0
0.9890,24.2930,0.5680,83.84,1.0960,2025-07-07 13:07:12,102.0
0.9640,24.2660,1.0850,84.20,1.0680,2025-07-07 13:07:12,102.0
0.9760,24.2610,0.49,83.95,1.1130,2025-07-07 13:07:12,102.0
1.0170,24.3140,0.7330,84.20,1.1170,2025-07-07 13:07:12,102.0
1.0120,24.3170,0.6230,83.89,1.1520,2025-07-07 13:07:12,102.0
0.9960,24.2760,0.5150,83.91,1.1280,2025-07-07 13:07:12,102.0
0.9940,24.2880,0.9320,84.13,1.1420,2025-07-07 13:07:12,102.0
0.9940,24.2440,0.9240,84.10,1.0210,2025-07-07 13:07:12,102.0
0.9730,24.2880,0.6030,84.01,1.0940,2025-07-07 13:07:12,102.0
0.9950,24.2610,0.5980,83.97,1.0730,2025-07-07 13:07:12,102.0
1.0240,24.3160,1.05,84.05,1.1370,2025-07-07 19:32:27,103.0
1.0130,24.3120,0.5320,84.24,1.1220,2025-07-07 19:32:27,103.0
1.0020,24.2560,0.7110,83.92,1.1750,2025-07-07 19:32:27,103.0
0.9920,24.33,0.3490,83.84,1.1320,2025-07-07 19:32:27,103.0
1.01,24.4190,0.55,84.09,1.0310,2025-07-07 19:32:27,103.0
0.97,24.2650,0.4670,83.75,1.0950,2025-07-07 19:32:27,103.0
1.0220,24.3850,0.57,83.89,1.1380,2025-07-07 19:32:27,103.0
0.9560,24.2520,0.6430,84.10,1.1320,2025-07-07 19:32:27,103.0
0.9920,24.29,0.7260,83.98,1.0940,2025-07-07 19:32:27,103.0
1.0110,24.2840,0.6880,84.23,1.1190,2025-07-07 19:32:27,103.0
0.9590,24.2790,0.6550,83.90,1.1550,2025-07-07 19:32:27,103.0
0.9840,24.3150,0.5320,84.10,1.0980,2025-07-07 19:32:27,103.0
1.0120,24.2250,0.4390,84.11,1.13,2025-07-07 19:32:27,103.0
1.0380,24.2680,0.5830,83.96,1.1490,2025-07-07 19:32:27,103.0
1.0080,24.2830,0.9390,83.91,1.0950,2025-07-07 19:32:27,103.0
0.9950,24.3640,0.5270,84,1.13,2025-07-07 19:32:27,103.0
0.99,24.2740,1.0090,83.78,1.0880,2025-07-07 19:32:27,103.0
0.9820,24.3230,0.65,83.89,1.1260,2025-07-07 19:32:27,103.0
0.9410,24.2260,0.7560,84.25,1.0060,2025-07-07 19:32:27,103.0
0.9690,24.2930,0.60,84,1.0510,2025-07-07 19:32:27,103.0
0.9670,24.2170,0.7580,84.03,1.0480,2025-07-07 21:27:34,104.0
0.9840,24.2860,0.5550,84.13,1.1270,2025-07-07 21:27:34,104.0
0.9850,24.2720,0.6150,84.06,1.1070,2025-07-07 21:27:34,104.0
0.9370,24.2210,0.5750,84.53,1.1020,2025-07-07 21:27:34,104.0
0.9620,24.3650,0.4870,83.76,1.0590,2025-07-07 21:27:34,104.0
0.9850,24.2650,0.4520,84.20,1.1020,2025-07-07 21:27:34,104.0
0.9650,24.30,0.6860,83.77,1.0510,2025-07-07 21:27:34,104.0
0.9450,24.27,0.6280,83.83,1.0920,2025-07-07 21:27:34,104.0
0.9850,24.4280,0.8390,83.85,1.0880,2025-07-07 21:27:34,104.0
0.9740,24.2320,0.8790,83.94,1.1250,2025-07-07 21:27:34,104.0
0.9740,24.2680,0.5930,84.36,1.0590,2025-07-07 21:27:34,104.0
0.9880,24.3360,0.6480,83.76,1.0930,2025-07-07 21:27:34,104.0
0.9740,24.2770,0.5050,83.93,1.0960,2025-07-07 21:27:34,104.0
1.0110,24.3370,0.5780,83.86,1.0960,2025-07-07 21:27:34,104.0
0.9860,24.33,0.52,84.18,1.0630,2025-07-07 21:27:34,104.0
0.9860,24.4080,0.9210,83.93,1.14,2025-07-07 21:27:34,104.0
0.9950,24.2970,0.4750,84.19,1.1620,2025-07-07 21:27:34,104.0
0.9690,24.3580,0.4270,83.92,1.0570,2025-07-07 21:27:34,104.0
0.9710,24.25,0.66,83.94,1.0190,2025-07-07 21:27:34,104.0
1.0110,24.3540,0.5070,83.88,1.1410,2025-07-07 21:27:34,104.0
0.9450,24.3020,0.4770,83.89,1.0810,2025-07-08 11:12:00,105.0
0.97,24.2310,0.8090,83.94,1.0160,2025-07-08 11:12:00,105.0
0.9350,24.2790,0.7880,83.96,0.9570,2025-07-08 11:12:00,105.0
0.9710,24.2560,0.64,83.90,1.14,2025-07-08 11:12:00,105.0
0.9450,24.28,0.6030,83.97,1.0340,2025-07-08 11:12:00,105.0
1.0120,24.2930,0.5270,84.07,1.1210,2025-07-08 11:12:00,105.0
0.9480,24.3060,0.4270,84.10,1.0180,2025-07-08 11:12:00,105.0
0.9790,24.3330,0.6280,84.16,1.17,2025-07-08 11:12:00,105.0
0.9570,24.2310,0.6830,83.80,1.0620,2025-07-08 11:12:00,105.0
1.0020,24.3350,1.10,84.63,1.1170,2025-07-08 11:12:00,105.0
1.0350,24.2530,0.4420,84.34,1.14,2025-07-08 11:12:00,105.0
0.9930,24.3220,0.4040,84.35,1.0820,2025-07-08 11:12:00,105.0
0.9280,24.2410,0.6030,84.03,0.9530,2025-07-08 11:12:00,105.0
0.9930,24.2430,0.5470,84.20,1.0960,2025-07-08 11:12:00,105.0
0.9690,24.2630,0.6350,84.09,1.1440,2025-07-08 11:12:00,105.0
0.98,24.2970,0.8010,83.85,1.1060,2025-07-08 11:12:00,105.0
1.0260,24.3390,0.5950,84.19,1.1260,2025-07-08 11:12:00,105.0
0.95,24.2830,0.6580,84.19,1.0820,2025-07-08 11:12:00,105.0
1.0190,24.3250,0.7930,83.96,1.1860,2025-07-08 11:12:00,105.0
0.9950,24.3330,0.4270,83.93,1.10,2025-07-08 11:12:00,105.0
0.9590,24.3350,0.5370,83.87,1.0660,2025-07-08 13:07:05,106.0
0.9880,24.3050,0.7230,83.70,1.0630,2025-07-08 13:07:05,106.0
0.9970,24.3470,0.5970,84,1.0960,2025-07-08 13:07:05,106.0
0.9930,24.3440,0.7280,83.96,1.0770,2025-07-08 13:07:05,106.0
0.98,24.31,0.5250,83.85,1.0830,2025-07-08 13:07:05,106.0
0.9620,24.3250,0.5720,83.91,1.0820,2025-07-08 13:07:05,106.0
1.0210,24.3830,0.7080,84.18,1.1580,2025-07-08 13:07:05,106.0
0.9880,24.3010,0.7880,83.95,1.0950,2025-07-08 13:07:05,106.0
0.9840,24.3580,0.3320,84.14,1.0670,2025-07-08 13:07:05,106.0
1.0010,24.3670,0.3990,84.14,1.0540,2025-07-08 13:07:05,106.0
0.9990,24.3670,0.5550,84.09,1.0880,2025-07-08 13:07:05,106.0
0.9820,24.2840,0.6150,83.98,1.12,2025-07-08 13:07:05,106.0
0.9980,24.2950,0.6230,83.89,1.0620,2025-07-08 13:07:05,106.0
0.9840,24.2790,0.7580,83.96,1.0650,2025-07-08 13:07:05,106.0
0.9760,24.2170,0.8990,84,1.0850,2025-07-08 13:07:05,106.0
0.9820,24.3160,0.3460,83.99,1.0630,2025-07-08 13:07:05,106.0
0.9750,24.33,0.50,83.70,1.0740,2025-07-08 13:07:05,106.0
0.9980,24.3880,0.4620,83.56,1.0940,2025-07-08 13:07:05,106.0
1.0280,24.3190,0.5020,83.88,1.0780,2025-07-08 13:07:05,106.0
0.9950,24.3340,0.5370,83.84,1.1060,2025-07-08 13:07:05,106.0
0.9650,24.29,0.4920,83.90,1.1070,2025-07-08 18:57:17,107.0
0.9670,24.2610,0.9470,83.98,1.0350,2025-07-08 18:57:17,107.0
0.9740,24.2960,0.4620,83.96,1.1020,2025-07-08 18:57:17,107.0
0.99,24.2840,0.9940,83.87,1.0830,2025-07-08 18:57:17,107.0
0.9820,24.4590,0.54,83.83,1.0910,2025-07-08 18:57:17,107.0
0.9780,24.3090,0.4640,84.20,1.0320,2025-07-08 18:57:17,107.0
1.0060,24.3880,0.5170,84.06,1.0920,2025-07-08 18:57:17,107.0
0.9580,24.2690,0.6550,83.63,1.0740,2025-07-08 18:57:17,107.0
1,24.3330,0.6650,83.97,1.0770,2025-07-08 18:57:17,107.0
0.9890,24.2640,0.6230,83.98,1.1110,2025-07-08 18:57:17,107.0
0.9680,24.3940,0.64,83.79,1.12,2025-07-08 18:57:17,107.0
0.9610,24.2660,1.1020,84.21,1.0890,2025-07-08 18:57:17,107.0
0.9450,24.2590,0.4970,83.78,1.0650,2025-07-08 18:57:17,107.0
0.99,24.2580,0.4770,84.23,1.0980,2025-07-08 18:57:17,107.0
0.94,24.2740,0.4240,83.87,1.1360,2025-07-08 18:57:17,107.0
0.9710,24.3230,1.11,84.41,1.0610,2025-07-08 18:57:17,107.0
1.0090,24.3820,0.7210,84.28,1.0960,2025-07-08 18:57:17,107.0
0.9780,24.3370,0.7460,84.23,1.05,2025-07-08 18:57:17,107.0
1.01,24.3810,0.6150,83.86,1.1090,2025-07-08 18:57:17,107.0
0.9170,24.23,0.7880,83.99,1.0450,2025-07-08 18:57:17,107.0
0.9570,24.2340,0.60,83.7510,1.10,2025-08-13 15:39:06,108.0
0.9650,24.1540,0.6440,83.7790,1.1570,2025-08-13 15:39:06,108.0
1.0090,24.2420,0.4980,83.9260,1.1230,2025-08-13 15:39:06,108.0
0.9760,24.2540,0.4790,84.0190,1.1060,2025-08-13 15:39:06,108.0
1.0010,24.2910,0.5750,84.2630,1.0830,2025-08-13 15:39:06,108.0
1.0060,24.1770,0.5220,84.2250,1.08,2025-08-13 15:39:06,108.0
0.9860,24.3280,0.3610,84.33,1.0970,2025-08-13 15:39:06,108.0
0.9790,24.2290,0.4530,83.9920,1.1430,2025-08-13 15:39:06,108.0
0.9760,24.2940,0.8640,84.1040,1.0620,2025-08-13 15:39:06,108.0
0.9750,24.2250,0.6060,84.2070,1.0170,2025-08-13 15:39:06,108.0
0.9670,24.3380,0.4430,84.0290,1.1230,2025-08-13 15:39:06,108.0
0.9840,24.2470,0.4440,83.8560,1.0880,2025-08-13 15:39:06,108.0
1.0270,24.2810,0.4010,84.1880,1.0910,2025-08-13 15:39:06,108.0
0.9910,24.2710,0.7750,84.1690,1.0910,2025-08-13 15:39:06,108.0
0.9920,24.2770,0.4440,84.0020,1.0680,2025-08-13 15:39:06,108.0
0.9830,24.3550,0.8450,83.9720,1.0950,2025-08-13 15:39:06,108.0
1.0140,24.3010,0.5090,84.2770,1.2470,2025-08-13 15:39:06,108.0
0.9680,24.3020,0.6770,83.9610,1.0550,2025-08-13 15:39:06,108.0
0.9570,24.1580,0.48,84.0330,1.0640,2025-08-13 15:39:06,108.0
1.0120,24.3060,0.5840,84.2530,1.1590,2025-08-13 15:39:06,108.0
0.9590,24.2450,0.4770,83.90,1.0740,2025-08-13 18:48:15,109.0
0.9890,24.3420,0.9320,84.06,1.1140,2025-08-13 18:48:15,109.0
0.9550,24.2460,0.6130,83.87,1.0520,2025-08-13 18:48:15,109.0
0.9780,24.2670,0.56,84.11,1.0840,2025-08-13 18:48:15,109.0
0.9760,24.2390,0.5220,83.99,1.1520,2025-08-13 18:48:15,109.0
0.9660,24.2610,1.0020,83.64,1.0670,2025-08-13 18:48:15,109.0
1.0090,24.3240,0.5150,84.16,1.0370,2025-08-13 18:48:15,109.0
0.9760,24.2630,0.4520,84.02,1.1460,2025-08-13 18:48:15,109.0
0.9990,24.31,0.4870,84.07,1.1210,2025-08-13 18:48:15,109.0
0.9850,24.2580,0.6230,83.98,1.1070,2025-08-13 18:48:15,109.0
0.97,24.2460,0.5430,84.14,1.1390,2025-08-13 18:48:15,109.0
0.9710,24.3080,0.5150,83.90,1.1530,2025-08-13 18:48:15,109.0
0.9590,24.2740,0.5750,84.11,1.1210,2025-08-13 18:48:15,109.0
0.9770,24.2540,0.5070,84.15,1.0620,2025-08-13 18:48:15,109.0
0.98,24.3230,0.5430,83.84,1.0640,2025-08-13 18:48:15,109.0
1.0080,24.3410,0.4750,84.19,1.1130,2025-08-13 18:48:15,109.0
1.0070,24.3750,0.6880,84.18,1.1570,2025-08-13 18:48:15,109.0
0.9770,24.3310,0.5650,84.05,1.0190,2025-08-13 18:48:15,109.0
0.9860,24.3070,1.1650,83.96,1.0780,2025-08-13 18:48:15,109.0
0.9870,24.3320,0.4270,83.96,1.1530,2025-08-13 18:48:15,109.0
0.9590,24.2960,0.56,83.81,1.1070,2025-08-13 21:28:22,110.0
0.9840,24.3090,0.7640,84.33,1.1060,2025-08-13 21:28:22,110.0
0.9710,24.3090,0.4550,83.84,1.1030,2025-08-13 21:28:22,110.0
0.9920,24.3040,0.7160,83.68,1.1450,2025-08-13 21:28:22,110.0
0.9650,24.2590,0.4820,83.99,1.0770,2025-08-13 21:28:22,110.0
0.9940,24.3240,0.9670,83.88,1.0870,2025-08-13 21:28:22,110.0
0.9710,24.3190,0.4620,83.91,1.0910,2025-08-13 21:28:22,110.0
0.9580,24.3070,0.5270,83.99,1.1510,2025-08-13 21:28:22,110.0
1.0020,24.3480,0.5550,83.93,1.1190,2025-08-13 21:28:22,110.0
1.0040,24.4130,0.6080,84.16,1.1380,2025-08-13 21:28:22,110.0
0.9430,24.2760,0.3270,83.88,1.0660,2025-08-13 21:28:22,110.0
1.0010,24.3950,0.6450,84,1.1030,2025-08-13 21:28:22,110.0
0.9620,24.33,0.6280,83.83,1.0780,2025-08-13 21:28:22,110.0
0.9790,24.2670,0.7380,84.14,1.1060,2025-08-13 21:28:22,110.0
1.04,24.3640,0.63,83.87,1.1660,2025-08-13 21:28:22,110.0
0.9620,24.35,0.4290,83.88,1.1590,2025-08-13 21:28:22,110.0
0.9810,24.3470,0.6710,84.74,1.1120,2025-08-13 21:28:22,110.0
0.9520,24.2910,0.5950,83.99,1.0290,2025-08-13 21:28:22,110.0
1.0090,24.3220,0.5680,84.15,1.1230,2025-08-13 21:28:22,110.0
0.9880,24.3190,0.3420,83.96,1.1480,2025-08-13 21:28:22,110.0
0.9820,24.3670,0.5510,83.9890,1.1630,2025-08-14 11:24:07,111.0
1.0010,24.2940,0.6730,83.8510,1.18,2025-08-14 11:24:07,111.0
0.9930,24.3760,0.94,84.1350,1.01,2025-08-14 11:24:07,111.0
0.9910,24.2650,0.5750,83.8140,1.1220,2025-08-14 11:24:07,111.0
0.9640,24.2640,0.77,83.8610,1.0910,2025-08-14 11:24:07,111.0
0.9550,24.3620,0.7050,83.7020,1.1090,2025-08-14 11:24:07,111.0
1.0190,24.3880,0.5740,83.9870,1.0430,2025-08-14 11:24:07,111.0
1,24.3040,0.5140,83.9950,1.10,2025-08-14 11:24:07,111.0
0.9690,24.2410,0.6330,84.0980,1.0110,2025-08-14 11:24:07,111.0
1.0190,24.4190,0.5270,83.9730,1.0950,2025-08-14 11:24:07,111.0
0.9890,24.3910,1.1610,84.1610,1.0390,2025-08-14 11:24:07,111.0
1.0020,24.3070,0.4780,83.93,1.0950,2025-08-14 11:24:07,111.0
1.0060,24.3370,0.6140,83.8850,1.14,2025-08-14 11:24:07,111.0
0.9520,24.2630,0.5350,84.13,1.0560,2025-08-14 11:24:07,111.0
0.97,24.3290,0.7630,83.9780,1.0610,2025-08-14 11:24:07,111.0
1.0110,24.43,0.7440,83.8680,1.2260,2025-08-14 11:24:07,111.0
0.9450,24.3320,0.6580,83.8150,1.0450,2025-08-14 11:24:07,111.0
0.9560,24.3760,0.5870,83.8340,1.01,2025-08-14 11:24:07,111.0
0.99,24.4680,0.9450,83.8340,1.1430,2025-08-14 11:24:07,111.0
0.9750,24.3850,0.6890,84.1690,1.0580,2025-08-14 11:24:07,111.0
0.9920,24.2550,0.54,84.03,1.1150,2025-08-14 13:17:52,112.0
0.95,24.1710,0.5120,84.17,1.1260,2025-08-14 13:17:52,112.0
1.0080,24.2660,0.3440,83.95,1.1480,2025-08-14 13:17:52,112.0
0.9770,24.1970,0.5630,84.09,1.10,2025-08-14 13:17:52,112.0
0.9940,24.2090,0.4120,84.11,1.1030,2025-08-14 13:17:52,112.0
0.9690,24.2280,0.6080,83.96,1.0850,2025-08-14 13:17:52,112.0
0.9790,24.2740,0.5050,83.99,1.1570,2025-08-14 13:17:52,112.0
0.9720,24.2190,0.4520,84.16,1.11,2025-08-14 13:17:52,112.0
0.9560,24.2160,0.48,83.82,1.0810,2025-08-14 13:17:52,112.0
0.9750,24.2360,0.5250,83.90,1.0730,2025-08-14 13:17:52,112.0
1,24.32,0.4920,84.09,1.1290,2025-08-14 13:17:52,112.0
0.9820,24.2810,0.4550,83.97,1.0660,2025-08-14 13:17:52,112.0
0.9810,24.2410,0.4820,84.06,1.0620,2025-08-14 13:17:52,112.0
0.9150,24.1460,0.9770,83.96,1.0940,2025-08-14 13:17:52,112.0
0.9940,24.3530,0.4070,84.01,1.0960,2025-08-14 13:17:52,112.0
0.9510,24.2350,0.6380,83.94,1.0830,2025-08-14 13:17:52,112.0
1.0110,24.2070,0.7210,84.06,1.1660,2025-08-14 13:17:52,112.0
0.9760,24.2460,0.8040,84.13,1.1150,2025-08-14 13:17:52,112.0
1.0050,24.23,0.4650,83.93,1.1990,2025-08-14 13:17:52,112.0
0.9640,24.1430,0.44,83.92,1.0850,2025-08-14 13:17:52,112.0
0.9850,24.2420,0.7180,83.8730,1.0310,2025-08-15 11:29:57,113.0
0.9770,24.2170,0.8020,83.8220,1.1230,2025-08-15 11:29:57,113.0
0.9660,24.2320,0.5770,83.9230,1.0360,2025-08-15 11:29:57,113.0
1.0240,24.3580,0.4620,84.11,1.1680,2025-08-15 11:29:57,113.0
0.9750,24.2390,0.48,83.9170,1.1050,2025-08-15 11:29:57,113.0
1.0050,24.2810,0.4420,83.9880,1.1250,2025-08-15 11:29:57,113.0
0.9650,24.3730,0.6880,83.9980,1.0150,2025-08-15 11:29:57,113.0
0.9950,24.4470,0.7110,84.1670,1.0550,2025-08-15 11:29:57,113.0
0.9850,24.3940,0.6960,83.8120,0.9950,2025-08-15 11:29:57,113.0
0.9910,24.29,0.7970,83.9220,1.0960,2025-08-15 11:29:57,113.0
0.9730,24.3990,0.5930,84.2690,1.08,2025-08-15 11:29:57,113.0
0.9840,24.3330,0.4850,84.2180,1.0650,2025-08-15 11:29:57,113.0
0.9830,24.2680,0.6970,84,1.1020,2025-08-15 11:29:57,113.0
0.9580,24.2650,0.7050,84.1160,1.0010,2025-08-15 11:29:57,113.0
0.9980,24.3320,0.5840,83.7790,1.1060,2025-08-15 11:29:57,113.0
1.0070,24.2920,0.7790,83.8030,1.1510,2025-08-15 11:29:57,113.0
0.9830,24.32,0.6670,83.9150,1.0520,2025-08-15 11:29:57,113.0
1.0160,24.2530,0.6730,83.96,1.1030,2025-08-15 11:29:57,113.0
0.9740,24.2750,0.5650,84.1660,1.1370,2025-08-15 11:29:57,113.0
1.0130,24.3310,0.6820,84.0040,1.0810,2025-08-15 11:29:57,113.0
0.9730,24.3050,0.6150,83.95,1.1050,2025-08-15 13:05:52,114.0
0.9510,24.21,0.5550,83.89,1.0080,2025-08-15 13:05:52,114.0
0.9960,24.2470,0.55,84.01,1.0720,2025-08-15 13:05:52,114.0
1.0050,24.3610,0.7310,84.02,1.1650,2025-08-15 13:05:52,114.0
0.9680,24.1490,0.4070,83.93,1.1080,2025-08-15 13:05:52,114.0
0.9950,24.26,0.6510,83.95,1.05,2025-08-15 13:05:52,114.0
0.9650,24.2730,0.6130,83.87,1.07,2025-08-15 13:05:52,114.0
0.99,24.2740,1.1950,84.22,1.0840,2025-08-15 13:05:52,114.0
0.9930,24.2960,0.5120,84.08,1.1360,2025-08-15 13:05:52,114.0
0.9620,24.2850,0.9840,84.02,1.0460,2025-08-15 13:05:52,114.0
0.9910,24.2530,0.7790,83.92,1.1010,2025-08-15 13:05:52,114.0
0.9590,24.2950,0.3640,83.92,1.0410,2025-08-15 13:05:52,114.0
0.9650,24.2150,0.46,84.12,1.0990,2025-08-15 13:05:52,114.0
0.97,24.2950,0.8090,84.10,1.0980,2025-08-15 13:05:52,114.0
1.0190,24.3960,0.5530,83.87,1.1470,2025-08-15 13:05:52,114.0
0.98,24.3180,0.7210,83.91,0.98,2025-08-15 13:05:52,114.0
0.9790,24.3160,0.6080,83.77,1.0970,2025-08-15 13:05:52,114.0
0.9660,24.2530,0.63,83.88,1.0810,2025-08-15 13:05:52,114.0
0.9850,24.2710,0.6530,83.87,1.1160,2025-08-15 13:05:52,114.0
1.0020,24.2610,0.4470,84.01,1.0880,2025-08-15 13:05:52,114.0
0.9640,24.2630,0.8310,84.06,1.0880,2025-08-15 18:51:05,115.0
0.9650,24.2640,0.8770,84.07,1.0880,2025-08-15 18:51:05,115.0
0.9970,24.3060,0.56,83.88,1.1130,2025-08-15 18:51:05,115.0
0.9930,24.3140,0.5070,84.24,1.1050,2025-08-15 18:51:05,115.0
1.0080,24.3460,0.5550,83.96,1.1260,2025-08-15 18:51:05,115.0
1.0140,24.3290,0.6630,84.04,1.1690,2025-08-15 18:51:05,115.0
1.0020,24.3340,0.6680,84.13,1.0750,2025-08-15 18:51:05,115.0
0.98,24.2880,0.50,84.02,1.1650,2025-08-15 18:51:05,115.0
0.9770,24.3630,0.4370,84.09,1.1030,2025-08-15 18:51:05,115.0
1.02,24.24,0.5780,83.94,1.14,2025-08-15 18:51:05,115.0
0.9630,24.3210,0.51,84.07,1.1440,2025-08-15 18:51:05,115.0
0.9760,24.2970,0.5220,83.77,1.1020,2025-08-15 18:51:05,115.0
0.9780,24.2350,0.6730,83.95,1.1070,2025-08-15 18:51:05,115.0
0.9810,24.2940,0.5420,84.15,1.0940,2025-08-15 18:51:05,115.0
0.9770,24.3370,0.6380,84.13,1.08,2025-08-15 18:51:05,115.0
0.9950,24.2490,0.6930,84.01,1.1450,2025-08-15 18:51:05,115.0
1.0010,24.3390,0.6930,84.20,1.1570,2025-08-15 18:51:05,115.0
1.0120,24.39,0.6680,84.21,1.0970,2025-08-15 18:51:05,115.0
0.9610,24.2120,0.9920,83.92,1.0820,2025-08-15 18:51:05,115.0
0.9720,24.29,0.7690,83.88,1.1510,2025-08-15 18:51:05,115.0
1.0730,24.2640,0.6730,84.3150,1.2860,2025-08-18 12:47:27,116.0
0.9910,24.2680,0.7370,83.9570,1.07,2025-08-18 12:47:27,116.0
0.9840,24.3690,0.6440,84.2320,1.1110,2025-08-18 12:47:27,116.0
0.9780,24.24,0.6820,84.0050,1.0610,2025-08-18 12:47:27,116.0
0.9730,24.3140,0.5510,83.9510,1.0620,2025-08-18 12:47:27,116.0
0.9730,24.3380,0.6180,83.9610,1.0690,2025-08-18 12:47:27,116.0
0.9690,24.4120,0.50,84.0540,1.0480,2025-08-18 12:47:27,116.0
1,24.3250,0.6410,84.0750,1.1260,2025-08-18 12:47:27,116.0
0.9810,24.2290,0.4730,83.95,1.0630,2025-08-18 12:47:27,116.0
0.9990,24.2910,0.43,84.0540,1.1050,2025-08-18 12:47:27,116.0
0.9820,24.2460,0.7120,83.9640,0.9890,2025-08-18 12:47:27,116.0
0.9790,24.2380,0.8670,84.0020,1.1110,2025-08-18 12:47:27,116.0
0.9850,24.3590,0.8840,83.88,1.1050,2025-08-18 12:47:27,116.0
0.9570,24.1670,1.1430,83.6710,1.0820,2025-08-18 12:47:27,116.0
1.0080,24.2910,0.5010,84.2070,1.1330,2025-08-18 12:47:27,116.0
0.9750,24.2930,0.59,84.0120,1.0470,2025-08-18 12:47:27,116.0
1.0060,24.2860,0.5690,83.9610,1.1190,2025-08-18 12:47:27,116.0
0.9880,24.3640,0.5120,84.0720,1.1040,2025-08-18 12:47:27,116.0
0.9710,24.2930,0.5950,84.1090,1.0580,2025-08-18 12:47:27,116.0
0.9790,24.3720,0.7470,83.9270,1.0630,2025-08-18 12:47:27,116.0
0.9750,24.4140,0.2960,84.11,0.9990,2025-08-18 13:10:23,117.0
0.9890,24.2660,0.7010,84.04,1.0310,2025-08-18 13:10:23,117.0
0.99,24.3060,0.5170,83.99,1.1050,2025-08-18 13:10:23,117.0
1.0130,24.3880,0.5530,84.08,1.1080,2025-08-18 13:10:23,117.0
0.9580,24.2940,0.8560,84.18,1.08,2025-08-18 13:10:23,117.0
0.9820,24.2830,0.3240,84.19,1.1040,2025-08-18 13:10:23,117.0
0.9860,24.3760,0.5650,84.12,1.0060,2025-08-18 13:10:23,117.0
0.9590,24.3080,0.6760,84.07,1.09,2025-08-18 13:10:23,117.0
0.96,24.3360,0.4370,83.74,1.1250,2025-08-18 13:10:23,117.0
1.0090,24.3850,0.5550,83.94,1.1280,2025-08-18 13:10:23,117.0
0.9970,24.3440,0.6530,84.16,1.0810,2025-08-18 13:10:23,117.0
1.0310,24.3660,1.1730,84.01,1.1090,2025-08-18 13:10:23,117.0
0.9980,24.3350,0.5780,84.23,1.1430,2025-08-18 13:10:23,117.0
0.9770,24.3140,0.5680,84.05,1.0570,2025-08-18 13:10:23,117.0
1.01,24.3240,0.7840,83.98,1.1520,2025-08-18 13:10:23,117.0
1.0060,24.3390,0.7210,83.99,1.0650,2025-08-18 13:10:23,117.0
0.9710,24.2850,0.4650,83.98,1.1070,2025-08-18 13:10:23,117.0
0.9410,24.3160,0.55,84.09,1.0110,2025-08-18 13:10:23,117.0
1.0030,24.3350,1.15,84.21,1.1460,2025-08-18 13:10:23,117.0
0.9750,24.3150,0.6450,83.94,1.1330,2025-08-18 13:10:23,117.0
0.9630,24.2910,0.46,84.19,1.0920,2025-08-18 18:55:34,118.0
0.9840,24.2580,0.3990,84.06,1.1070,2025-08-18 18:55:34,118.0
1.0080,24.3380,0.6280,84.08,1.1240,2025-08-18 18:55:34,118.0
0.9820,24.2340,0.48,84.04,1.1340,2025-08-18 18:55:34,118.0
1.0010,24.3250,0.52,83.88,1.0920,2025-08-18 18:55:34,118.0
0.9820,24.3010,0.6050,83.99,1.1590,2025-08-18 18:55:34,118.0
1.0060,24.2880,0.6150,83.92,1.1580,2025-08-18 18:55:34,118.0
0.9740,24.2190,0.8110,84.18,1.0410,2025-08-18 18:55:34,118.0
0.9650,24.3160,0.4720,83.93,1.0740,2025-08-18 18:55:34,118.0
0.9730,24.2790,0.6980,83.96,1.0410,2025-08-18 18:55:34,118.0
1.0220,24.3230,0.55,84.16,1.1950,2025-08-18 18:55:34,118.0
0.9750,24.2790,0.5880,83.89,1.1160,2025-08-18 18:55:34,118.0
0.9930,24.3130,0.6180,83.91,1.0630,2025-08-18 18:55:34,118.0
0.9820,24.2660,0.4070,84.15,1.10,2025-08-18 18:55:34,118.0
1.0160,24.3430,0.5150,84.16,1.0950,2025-08-18 18:55:34,118.0
0.9820,24.3180,0.3520,83.96,1.0740,2025-08-18 18:55:34,118.0
0.9780,24.1840,0.6450,84.24,1.0480,2025-08-18 18:55:34,118.0
0.97,24.3050,0.4950,84.16,1.0630,2025-08-18 18:55:34,118.0
0.9730,24.2340,0.5350,84,1.0720,2025-08-18 18:55:34,118.0
0.95,24.1780,0.9850,83.84,1.0130,2025-08-18 18:55:34,118.0
0.97,24.2090,0.7360,84.21,1.0450,2025-08-18 21:20:40,119.0
0.9950,24.3450,0.4620,84.36,1.1420,2025-08-18 21:20:40,119.0
0.9940,24.3170,0.6760,83.83,1.0510,2025-08-18 21:20:40,119.0
1.0260,24.3540,0.4070,84,1.2460,2025-08-18 21:20:40,119.0
0.97,24.2760,0.53,84.02,1.2170,2025-08-18 21:20:40,119.0
0.9490,24.2730,0.4150,84.17,1.1310,2025-08-18 21:20:40,119.0
0.9960,24.3250,0.5950,83.88,1.1530,2025-08-18 21:20:40,119.0
0.9590,24.2510,0.3840,84.25,1.1230,2025-08-18 21:20:40,119.0
1.0180,24.3080,0.5050,83.88,1.18,2025-08-18 21:20:40,119.0
0.9480,24.2260,0.6880,83.95,1.0330,2025-08-18 21:20:40,119.0
0.9580,24.2630,0.5220,83.88,1.1170,2025-08-18 21:20:40,119.0
1.0180,24.35,0.4250,83.86,1.1490,2025-08-18 21:20:40,119.0
0.9820,24.2630,0.5370,84.04,1.0850,2025-08-18 21:20:40,119.0
0.9950,24.2550,1.0050,84.12,1.1740,2025-08-18 21:20:40,119.0
1.02,24.3260,0.63,84.21,1.1740,2025-08-18 21:20:40,119.0
0.9650,24.29,0.4620,84.17,1.1010,2025-08-18 21:20:40,119.0
0.96,24.2330,0.65,84.08,1.11,2025-08-18 21:20:40,119.0
0.9920,24.3070,0.4390,84.06,1.14,2025-08-18 21:20:40,119.0
0.9440,24.2360,0.5430,84.04,0.9680,2025-08-18 21:20:40,119.0
1.0210,24.3010,1.0020,84.11,1.1140,2025-08-18 21:20:40,119.0
0.9440,24.3620,1.0210,83.9860,1.1050,2025-08-19 15:19:09,120.0
0.9470,24.30,0.6830,83.8170,1.12,2025-08-19 15:19:09,120.0
1.0050,24.2620,0.7290,83.7980,1.14,2025-08-19 15:19:09,120.0
0.9960,24.1920,0.6390,83.92,1.1330,2025-08-19 15:19:09,120.0
0.9910,24.1620,0.4790,84.0060,1.1060,2025-08-19 15:19:09,120.0
0.9750,24.30,0.4140,83.8120,1.1250,2025-08-19 15:19:09,120.0
0.9950,24.3390,0.5110,83.9750,1.1130,2025-08-19 15:19:09,120.0
1.0060,24.2930,0.6470,83.9810,1.15,2025-08-19 15:19:09,120.0
0.9890,24.06,1.0120,83.9490,1.0790,2025-08-19 15:19:09,120.0
0.9750,24.2950,0.84,83.8040,1.0640,2025-08-19 15:19:09,120.0
0.9410,24.1540,0.8390,83.7130,1.0440,2025-08-19 15:19:09,120.0
0.9980,24.3060,0.6620,83.9110,1.1020,2025-08-19 15:19:09,120.0
0.99,24.2350,0.5880,83.8950,1.1560,2025-08-19 15:19:09,120.0
0.9760,24.2980,0.5750,83.9060,1.0370,2025-08-19 15:19:09,120.0
0.9870,24.1750,0.6080,83.7990,1.18,2025-08-19 15:19:09,120.0
0.9880,24.25,0.7270,84.1760,1.1450,2025-08-19 15:19:09,120.0
0.9890,24.3950,0.6430,83.9060,1.1140,2025-08-19 15:19:09,120.0
0.94,24.2480,0.4110,83.9430,1.0810,2025-08-19 15:19:09,120.0
0.9910,24.3620,0.6370,83.7920,1.1270,2025-08-19 15:19:09,120.0
0.9610,24.0540,0.70,84.17,1.0920,2025-08-19 15:19:09,120.0
1.05,24.3310,0.59,84.14,1.1290,2025-08-19 19:09:20,121.0
0.9610,24.3230,0.7260,84.02,1.1050,2025-08-19 19:09:20,121.0
0.9810,24.2340,0.6960,84.38,1.1820,2025-08-19 19:09:20,121.0
0.9930,24.3620,0.4650,83.90,1.14,2025-08-19 19:09:20,121.0
0.9630,24.2890,0.4820,83.85,1.1270,2025-08-19 19:09:20,121.0
0.9840,24.3860,0.5850,83.98,1.0450,2025-08-19 19:09:20,121.0
1.0120,24.3750,0.5420,83.92,1.1020,2025-08-19 19:09:20,121.0
0.9890,24.3280,0.9690,83.91,1.12,2025-08-19 19:09:20,121.0
1.0160,24.3520,0.3670,84.19,1.1540,2025-08-19 19:09:20,121.0
0.9210,24.3140,0.44,83.75,1.04,2025-08-19 19:09:20,121.0
1.0070,24.3740,0.4920,83.98,1.1040,2025-08-19 19:09:20,121.0
1.0110,24.3670,0.4950,83.87,1.1260,2025-08-19 19:09:20,121.0
0.9790,24.34,0.4750,83.83,1.1520,2025-08-19 19:09:20,121.0
1.0010,24.31,0.5730,84.05,1.12,2025-08-19 19:09:20,121.0
0.9580,24.3040,1.02,84.20,1.1270,2025-08-19 19:09:20,121.0
1.0040,24.4040,0.6960,84.24,1.1550,2025-08-19 19:09:20,121.0
0.9870,24.3050,0.4620,84.12,1.1660,2025-08-19 19:09:20,121.0
0.98,24.3110,0.6150,84.02,1.1170,2025-08-19 19:09:20,121.0
0.9670,24.3160,1.2660,84.03,1.1570,2025-08-19 19:09:20,121.0
0.9910,24.2570,0.5780,83.93,1.1350,2025-08-19 19:09:20,121.0
0.9710,24.4130,0.8290,84.07,1.1420,2025-08-19 21:29:27,122.0
0.9690,24.3450,0.7710,84.11,1.0850,2025-08-19 21:29:27,122.0
0.9980,24.3540,0.51,83.94,1.1740,2025-08-19 21:29:27,122.0
0.9890,24.2740,0.5020,84.11,1.07,2025-08-19 21:29:27,122.0
0.9590,24.3860,1.2030,83.91,1.1550,2025-08-19 21:29:27,122.0
0.9470,24.3780,0.4920,83.92,1.1120,2025-08-19 21:29:27,122.0
0.94,24.2410,0.48,83.89,1.0640,2025-08-19 21:29:27,122.0
0.9850,24.2850,0.9240,83.94,1.0980,2025-08-19 21:29:27,122.0
1.0210,24.3790,0.4650,84.02,1.1710,2025-08-19 21:29:27,122.0
1.0060,24.4370,0.5830,83.94,1.1210,2025-08-19 21:29:27,122.0
1.0110,24.37,0.4770,84.03,1.1470,2025-08-19 21:29:27,122.0
0.9250,24.2130,0.6560,84.20,1.0510,2025-08-19 21:29:27,122.0
0.9680,24.3240,0.52,84.01,1.0960,2025-08-19 21:29:27,122.0
1.0210,24.3350,0.7530,84.02,1.2180,2025-08-19 21:29:27,122.0
0.9640,24.3840,1.1130,83.83,1.1290,2025-08-19 21:29:27,122.0
0.9920,24.2880,0.5170,84.19,1.1070,2025-08-19 21:29:27,122.0
0.97,24.28,0.6580,83.93,1.1160,2025-08-19 21:29:27,122.0
0.9970,24.2840,0.3990,84.12,1.1270,2025-08-19 21:29:27,122.0
0.9870,24.4250,0.5480,84,1.0770,2025-08-19 21:29:27,122.0
0.9490,24.3040,0.4670,83.98,1.0820,2025-08-19 21:29:27,122.0
0.9990,24.3430,0.4590,84.04,1.0460,2025-09-01 11:14:57,123.0
1.0080,24.2480,0.5150,84.05,1.1240,2025-09-01 11:14:57,123.0
0.9980,24.3350,0.5370,83.96,1.1620,2025-09-01 11:14:57,123.0
0.9960,24.3720,0.5750,84.18,1.0920,2025-09-01 11:14:57,123.0
1.0030,24.2890,0.4950,84.33,1.1020,2025-09-01 11:14:57,123.0
1.0130,24.3920,0.65,84.20,1.0880,2025-09-01 11:14:57,123.0
1.0070,24.3440,0.5980,84.05,1.1870,2025-09-01 11:14:57,123.0
1.0050,24.3340,0.6050,83.97,1.1340,2025-09-01 11:14:57,123.0
1.0140,24.3350,0.5930,84.04,1.1530,2025-09-01 11:14:57,123.0
1.0110,24.3870,0.9090,83.90,1.1150,2025-09-01 11:14:57,123.0
0.9920,24.3010,0.5050,83.93,1.15,2025-09-01 11:14:57,123.0
0.9770,24.2860,0.7780,84.20,1.06,2025-09-01 11:14:57,123.0
0.9910,24.3120,0.58,84.06,1.1260,2025-09-01 11:14:57,123.0
0.9870,24.3470,0.58,84.07,1.15,2025-09-01 11:14:57,123.0
0.9770,24.3120,0.58,83.83,1.0880,2025-09-01 11:14:57,123.0
0.9990,24.2670,0.54,84.07,1.1010,2025-09-01 11:14:57,123.0
1.0150,24.3920,0.47,84.05,1.1310,2025-09-01 11:14:57,123.0
0.9760,24.3340,0.3820,83.95,1.06,2025-09-01 11:14:57,123.0
0.9750,24.3290,0.5670,83.88,1.0260,2025-09-01 11:14:57,123.0
0.9620,24.29,0.51,84.06,1.1080,2025-09-01 11:14:57,123.0
0.9660,24.2090,0.4870,84.11,1.07,2025-09-01 13:00:03,124.0
0.9780,24.2320,1.1170,84.29,1.0960,2025-09-01 13:00:03,124.0
1.0130,24.2570,0.6230,84.06,1.1170,2025-09-01 13:00:03,124.0
0.9780,24.2770,0.57,83.76,1.0780,2025-09-01 13:00:03,124.0
1.0210,24.22,0.7880,84.03,1.15,2025-09-01 13:00:03,124.0
0.9790,24.38,0.7480,83.68,1.1290,2025-09-01 13:00:03,124.0
0.9970,24.2070,0.58,84.11,1.1110,2025-09-01 13:00:03,124.0
0.9990,24.1970,0.50,84.17,1.0430,2025-09-01 13:00:03,124.0
0.9920,24.3060,0.6180,84.02,1.1820,2025-09-01 13:00:03,124.0
1.0030,24.2830,0.5980,83.97,1.1290,2025-09-01 13:00:03,124.0
1.0110,24.2850,0.4640,84.17,1.0950,2025-09-01 13:00:03,124.0
0.9730,24.2690,0.8760,84.13,1.0710,2025-09-01 13:00:03,124.0
0.9860,24.3260,0.4270,84.18,1.0750,2025-09-01 13:00:03,124.0
0.9870,24.2160,0.8210,83.96,1.0690,2025-09-01 13:00:03,124.0
1.0450,24.2290,0.5650,83.75,1.2630,2025-09-01 13:00:03,124.0
1.0210,24.29,0.6350,84.05,1.1350,2025-09-01 13:00:03,124.0
0.9830,24.2420,0.62,84.11,1.0980,2025-09-01 13:00:03,124.0
0.9860,24.1750,0.4370,84.02,1.0370,2025-09-01 13:00:03,124.0
0.9710,24.2250,0.5120,84.01,1.1190,2025-09-01 13:00:03,124.0
1.0220,24.2550,0.4570,83.91,1.1180,2025-09-01 13:00:03,124.0
0.9560,24.1880,0.67,84.19,1.0040,2025-09-01 19:45:22,125.0
0.9630,24.2440,0.7680,84,1.0250,2025-09-01 19:45:22,125.0
0.9710,24.2620,0.4620,83.98,1.1040,2025-09-01 19:45:22,125.0
0.9840,24.2480,0.5370,83.93,1.08,2025-09-01 19:45:22,125.0
0.9660,24.1460,0.7260,84.09,1.0430,2025-09-01 19:45:22,125.0
0.9990,24.2960,1.1350,83.92,1.18,2025-09-01 19:45:22,125.0
1.0030,24.3430,0.5620,83.92,1.1370,2025-09-01 19:45:22,125.0
0.9660,24.3280,0.9540,83.87,1.0560,2025-09-01 19:45:22,125.0
0.9780,24.3420,0.57,83.92,1.11,2025-09-01 19:45:22,125.0
0.9650,24.2920,0.5550,84.06,1.0840,2025-09-01 19:45:22,125.0
1.0010,24.3720,0.4870,84.21,1.1410,2025-09-01 19:45:22,125.0
0.9770,24.2610,0.5150,84.21,1.06,2025-09-01 19:45:22,125.0
0.9860,24.2820,0.5270,84.01,1.0670,2025-09-01 19:45:22,125.0
0.95,24.2530,0.5220,83.88,1.0640,2025-09-01 19:45:22,125.0
0.9980,24.2570,0.4570,83.92,1.0550,2025-09-01 19:45:22,125.0
0.9760,24.1990,0.4720,84.01,1.0690,2025-09-01 19:45:22,125.0
0.9660,24.2570,0.67,83.97,1.10,2025-09-01 19:45:22,125.0
0.9410,24.1660,0.5930,83.92,1.0910,2025-09-01 19:45:22,125.0
0.9610,24.25,0.65,84.01,1.0830,2025-09-01 19:45:22,125.0
0.9470,24.1740,0.7310,84.14,1.0530,2025-09-01 19:45:22,125.0
1.0060,24.3880,0.9090,83.88,1.1410,2025-09-01 21:30:30,126.0
0.98,24.34,0.4620,83.94,1.1270,2025-09-01 21:30:30,126.0
1.0050,24.2910,0.5470,83.94,1.1330,2025-09-01 21:30:30,126.0
0.9840,24.3140,0.9690,84.11,1.12,2025-09-01 21:30:30,126.0
0.9850,24.3650,0.52,84.08,1.1430,2025-09-01 21:30:30,126.0
0.9890,24.33,0.6130,83.93,1.1510,2025-09-01 21:30:30,126.0
1.0250,24.3740,0.5250,84.19,1.1160,2025-09-01 21:30:30,126.0
1.0060,24.3320,0.4670,83.69,1.19,2025-09-01 21:30:30,126.0
0.97,24.34,0.5150,83.92,1.0870,2025-09-01 21:30:30,126.0
0.9740,24.3330,0.4920,83.95,1.1160,2025-09-01 21:30:30,126.0
1.0090,24.3640,0.5050,83.92,1.1260,2025-09-01 21:30:30,126.0
0.9630,24.3030,0.71,84.12,1.1550,2025-09-01 21:30:30,126.0
0.9810,24.3110,0.48,84.15,1.09,2025-09-01 21:30:30,126.0
0.9830,24.3370,0.5670,83.91,1.0820,2025-09-01 21:30:30,126.0
1.0170,24.2640,0.5150,83.99,1.2110,2025-09-01 21:30:30,126.0
0.97,24.3550,0.5120,83.85,1.1460,2025-09-01 21:30:30,126.0
1.0010,24.3670,0.6950,84.13,1.1740,2025-09-01 21:30:30,126.0
0.9650,24.3270,0.57,84.20,1.0480,2025-09-01 21:30:30,126.0
0.9780,24.2770,0.6130,83.92,1.1260,2025-09-01 21:30:30,126.0
0.9480,24.28,0.9570,83.80,1.0270,2025-09-01 21:30:30,126.0
1.0110,24.2950,0.6880,84.25,0.0010,2025-09-02 11:05:46,127.0
1.0070,24.1990,1.15,83.98,1.0810,2025-09-02 11:05:46,127.0
0.9920,24.3380,0.6030,83.93,1.1130,2025-09-02 11:05:46,127.0
0.9840,24.3070,0.7110,83.86,1.0650,2025-09-02 11:05:46,127.0
0.9840,24.2080,0.6450,83.98,1.1510,2025-09-02 11:05:46,127.0
0.9740,24.3480,0.4420,83.88,1.1310,2025-09-02 11:05:46,127.0
0.9810,24.22,0.7080,83.73,1.1030,2025-09-02 11:05:46,127.0
1.0020,24.3130,0.5370,83.91,1.1230,2025-09-02 11:05:46,127.0
0.9680,24.2390,0.4850,84.16,1.0620,2025-09-02 11:05:46,127.0
0.9920,24.2860,0.7910,84.01,1.0750,2025-09-02 11:05:46,127.0
1.0090,24.3210,0.5150,83.80,1.1170,2025-09-02 11:05:46,127.0
0.9650,24.3460,0.4540,83.70,1.1160,2025-09-02 11:05:46,127.0
0.9840,24.25,0.6830,84.17,1.0920,2025-09-02 11:05:46,127.0
0.9540,24.1570,0.5750,83.86,1.1090,2025-09-02 11:05:46,127.0
0.9710,24.3110,0.7960,84.12,1.05,2025-09-02 11:05:46,127.0
0.98,24.3160,0.4170,83.89,1.0330,2025-09-02 11:05:46,127.0
0.97,24.3460,0.8860,84.10,1.1040,2025-09-02 11:05:46,127.0
1,24.3540,0.55,83.92,1.1360,2025-09-02 11:05:46,127.0
0.9840,24.1890,0.9970,83.98,1.12,2025-09-02 11:05:46,127.0
0.9890,24.2590,0.2940,83.78,1.1080,2025-09-02 11:05:46,127.0
0.9850,24.24,0.4570,84.13,1.0870,2025-09-02 13:10:52,128.0
0.97,24.1760,0.6980,84.10,1.0930,2025-09-02 13:10:52,128.0
0.99,24.2130,0.7380,84.05,1.1060,2025-09-02 13:10:52,128.0
0.9970,24.3460,0.55,83.89,1.1050,2025-09-02 13:10:52,128.0
1.0040,24.2580,0.5880,83.99,1.1160,2025-09-02 13:10:52,128.0
0.9990,24.2240,0.4720,83.75,1.0920,2025-09-02 13:10:52,128.0
0.9540,24.1660,0.59,84.03,1.0620,2025-09-02 13:10:52,128.0
0.9850,24.2450,0.6330,84.05,1.0740,2025-09-02 13:10:52,128.0
0.9940,24.2190,0.5570,83.75,1.1160,2025-09-02 13:10:52,128.0
1.0130,24.19,0.5880,84.17,1.1540,2025-09-02 13:10:52,128.0
1.0130,24.2590,0.5620,83.87,1.2080,2025-09-02 13:10:52,128.0
0.9680,24.2230,0.48,83.96,1.1330,2025-09-02 13:10:52,128.0
0.9950,24.2740,0.9770,84.04,1.1650,2025-09-02 13:10:52,128.0
1.0240,24.3560,0.4340,84.02,1.1350,2025-09-02 13:10:52,128.0
0.9870,24.2350,0.4420,84.33,1.1180,2025-09-02 13:10:52,128.0
0.96,24.3170,1.12,84.15,1.0490,2025-09-02 13:10:52,128.0
0.9670,24.2680,0.59,83.94,1.06,2025-09-02 13:10:52,128.0
1.0140,24.2070,0.7510,84.23,1.0840,2025-09-02 13:10:52,128.0
1.0080,24.2230,0.7030,83.98,1.10,2025-09-02 13:10:52,128.0
1.0010,24.1990,0.54,83.96,1.1550,2025-09-02 13:10:52,128.0
0.9840,24.3260,1.1420,83.97,1.11,2025-09-02 19:41:10,129.0
0.9750,24.2270,0.5350,84.87,1.0920,2025-09-02 19:41:10,129.0
0.9860,24.35,0.7060,83.93,1.1870,2025-09-02 19:41:10,129.0
0.98,24.3370,0.4520,83.99,1.0940,2025-09-02 19:41:10,129.0
0.9920,24.2340,0.6980,84.09,1.0580,2025-09-02 19:41:10,129.0
0.9850,24.3040,0.5420,84.17,1.1060,2025-09-02 19:41:10,129.0
0.9870,24.3380,0.4540,84.22,1.1320,2025-09-02 19:41:10,129.0
0.9810,24.3550,0.4920,83.96,1.0930,2025-09-02 19:41:10,129.0
0.9770,24.3380,0.9340,83.92,1.07,2025-09-02 19:41:10,129.0
0.9740,24.3620,0.5170,83.82,1.0950,2025-09-02 19:41:10,129.0
0.9760,24.3250,0.9040,83.97,1.1020,2025-09-02 19:41:10,129.0
1.0180,24.2970,0.4320,84.02,1.1440,2025-09-02 19:41:10,129.0
0.9690,24.2950,0.5720,83.94,1.1040,2025-09-02 19:41:10,129.0
0.9890,24.3460,0.54,83.92,1.1320,2025-09-02 19:41:10,129.0
0.9860,24.3310,0.7860,84.16,1.1070,2025-09-02 19:41:10,129.0
0.9960,24.3780,0.4970,83.87,1.1070,2025-09-02 19:41:10,129.0
0.9620,24.3450,0.6380,84.07,1.1170,2025-09-02 19:41:10,129.0
0.9920,24.3170,0.64,84.01,1.1020,2025-09-02 19:41:10,129.0
0.9880,24.3280,0.5980,83.93,1.1450,2025-09-02 19:41:10,129.0
0.9570,24.3160,0.3390,83.95,1.0950,2025-09-02 19:41:10,129.0
0.9650,24.3040,0.7310,84.15,1.10,2025-09-02 21:36:18,130.0
1.0120,24.3410,0.58,84.06,1.1780,2025-09-02 21:36:18,130.0
0.9410,24.2790,0.5250,83.72,1.10,2025-09-02 21:36:18,130.0
0.9790,24.3450,0.6580,84.05,1.0810,2025-09-02 21:36:18,130.0
0.9730,24.3950,0.53,84.04,1.1260,2025-09-02 21:36:18,130.0
0.9910,24.3280,0.3290,83.93,1.1140,2025-09-02 21:36:18,130.0
1.0090,24.2830,0.6580,84.01,1.1690,2025-09-02 21:36:18,130.0
0.9830,24.22,0.6150,84,1.0510,2025-09-02 21:36:18,130.0
0.9990,24.3610,0.7530,83.92,1.0980,2025-09-02 21:36:18,130.0
0.9640,24.3470,0.4090,84.04,1.1220,2025-09-02 21:36:18,130.0
0.9740,24.3710,0.59,83.96,1.1280,2025-09-02 21:36:18,130.0
0.9540,24.3130,0.5520,84.04,1.1170,2025-09-02 21:36:18,130.0
0.9860,24.3020,1.0320,84.11,1.0640,2025-09-02 21:36:18,130.0
0.9870,24.3110,0.7560,84.05,1.0960,2025-09-02 21:36:18,130.0
1,24.2970,0.3990,84.22,1.1950,2025-09-02 21:36:18,130.0
0.9920,24.2630,0.5120,84,1.1380,2025-09-02 21:36:18,130.0
0.9930,24.3380,0.6450,83.99,1.1130,2025-09-02 21:36:18,130.0
0.9770,24.29,0.5750,83.89,1.1450,2025-09-02 21:36:18,130.0
0.9690,24.3050,0.54,83.96,1.0520,2025-09-02 21:36:18,130.0
0.9720,24.3210,0.6080,83.86,1.08,2025-09-02 21:36:18,130.0
0.9960,24.3240,0.3730,83.8160,1.1530,2025-09-05 14:26:20,131.0
0.9680,24.1980,0.6770,83.6430,1.0470,2025-09-05 14:26:20,131.0
0.9980,24.4470,0.5470,84.2520,1.1670,2025-09-05 14:26:20,131.0
1.0030,24.4490,0.7130,83.74,1.0780,2025-09-05 14:26:20,131.0
0.9810,24.3790,0.6060,84.01,1.1430,2025-09-05 14:26:20,131.0
0.9940,24.3940,0.4410,83.9790,1.0960,2025-09-05 14:26:20,131.0
1.0010,24.5240,0.5570,84.1260,1.1980,2025-09-05 14:26:20,131.0
1.0160,24.4270,0.4820,83.80,1.1670,2025-09-05 14:26:20,131.0
1.0250,24.4560,0.5660,83.8350,1.1390,2025-09-05 14:26:20,131.0
1.0410,24.4320,0.5760,84.2190,1.1910,2025-09-05 14:26:20,131.0
0.9710,24.21,0.7120,83.9340,1.0560,2025-09-05 14:26:20,131.0
1.0430,24.4460,0.5890,84.0010,1.1170,2025-09-05 14:26:20,131.0
1.0140,24.3880,0.44,83.8590,1.0880,2025-09-05 14:26:20,131.0
0.9770,24.2980,0.43,84.3120,1.0630,2025-09-05 14:26:20,131.0
0.9810,24.2890,0.4730,83.9670,1.0930,2025-09-05 14:26:20,131.0
0.9970,24.3320,0.6960,84.3360,1.18,2025-09-05 14:26:20,131.0
0.9860,24.4030,0.8410,84.2050,1.1850,2025-09-05 14:26:20,131.0
1.0080,24.3690,0.7090,84.0750,1.0670,2025-09-05 14:26:20,131.0
1.0220,24.4010,0.4050,83.9970,1.1480,2025-09-05 14:26:20,131.0
0.9830,24.4970,0.30,83.9940,1.1430,2025-09-05 14:26:20,131.0
0.99,24.3690,0.46,84.08,1.0590,2025-09-05 21:28:19,132.0
0.9990,24.3290,1.0850,84,1.0680,2025-09-05 21:28:19,132.0
0.9990,24.2870,0.6180,83.99,1.1250,2025-09-05 21:28:19,132.0
0.9750,24.2890,0.3060,83.91,1.0740,2025-09-05 21:28:19,132.0
0.9480,24.1440,0.4950,84.07,1.0230,2025-09-05 21:28:19,132.0
0.9660,24.2410,0.4820,84,1.0490,2025-09-05 21:28:19,132.0
1.0180,24.3570,0.8940,84.08,1.1230,2025-09-05 21:28:19,132.0
0.98,24.2910,0.4440,84.18,1.1110,2025-09-05 21:28:19,132.0
0.9950,24.3820,0.6030,83.97,1.1050,2025-09-05 21:28:19,132.0
1.0010,24.2810,0.5420,84.13,1.1730,2025-09-05 21:28:19,132.0
0.9990,24.3090,0.4340,84.13,1.1080,2025-09-05 21:28:19,132.0
0.9890,24.2210,0.5980,84.16,1.0570,2025-09-05 21:28:19,132.0
0.9930,24.2520,0.9890,83.80,1.1480,2025-09-05 21:28:19,132.0
0.9830,24.2950,0.5070,84.09,1.1340,2025-09-05 21:28:19,132.0
0.9860,24.2210,1.0020,84.06,1.1730,2025-09-05 21:28:19,132.0
0.9810,24.23,0.53,84.15,1.1340,2025-09-05 21:28:19,132.0
0.9750,24.2720,0.6680,84.01,1.1460,2025-09-05 21:28:19,132.0
0.9850,24.3080,0.6480,84.28,1.1250,2025-09-05 21:28:19,132.0
0.9590,24.13,0.4340,84,1.0520,2025-09-05 21:28:19,132.0
1.0040,24.3660,0.58,84.19,1.1710,2025-09-05 21:28:19,132.0
0.9730,24.3520,0.7940,83.94,1.0220,2025-09-08 12:54:15,133.0
1,24.4320,0.7330,84.04,1.1110,2025-09-08 12:54:15,133.0
0.9950,24.38,1.11,83.68,1.0590,2025-09-08 12:54:15,133.0
1.0130,24.3280,0.4870,83.82,1.1010,2025-09-08 12:54:15,133.0
0.9830,24.2970,0.3620,83.90,1.1020,2025-09-08 12:54:15,133.0
0.9830,24.2430,0.5430,83.90,1.1220,2025-09-08 12:54:15,133.0
0.9720,24.1780,0.7560,84.01,1.10,2025-09-08 12:54:15,133.0
1.0310,24.2980,0.47,84.07,1.0950,2025-09-08 12:54:15,133.0
1.0010,24.3320,0.6760,83.83,1.0730,2025-09-08 12:54:15,133.0
1.0160,24.3630,0.5170,84.18,1.1450,2025-09-08 12:54:15,133.0
0.9830,24.3770,0.3040,83.97,1.1070,2025-09-08 12:54:15,133.0
1.0040,24.2950,0.55,83.93,1.1040,2025-09-08 12:54:15,133.0
0.98,24.39,0.5950,84.09,1.0350,2025-09-08 12:54:15,133.0
1.0030,24.2350,0.5250,84.07,1.1650,2025-09-08 12:54:15,133.0
0.9930,24.2880,0.9690,84.15,1.09,2025-09-08 12:54:15,133.0
0.9630,24.2910,0.6660,83.71,1.0630,2025-09-08 12:54:15,133.0
1.0050,24.3540,0.8540,84.12,1.0970,2025-09-08 12:54:15,133.0
0.9670,24.2850,0.5170,84.24,1.1040,2025-09-08 12:54:15,133.0
0.9530,24.2690,0.5580,84.02,1.0740,2025-09-08 12:54:15,133.0
0.9390,24.2470,0.4920,83.89,1.0020,2025-09-08 12:54:15,133.0
0.94,24.3450,0.6910,83.92,1.0150,2025-09-08 13:19:21,134.0
1,24.4580,0.4950,84.20,1.1010,2025-09-08 13:19:21,134.0
0.9570,24.2830,0.6430,84.24,1.0480,2025-09-08 13:19:21,134.0
0.9670,24.4140,0.4750,84.11,1.0080,2025-09-08 13:19:21,134.0
0.9980,24.4440,0.6250,84,1.0850,2025-09-08 13:19:21,134.0
0.9760,24.3190,0.4620,84.02,1.0610,2025-09-08 13:19:21,134.0
0.99,24.2430,0.8720,84.03,1.1150,2025-09-08 13:19:21,134.0
1.0230,24.4170,0.5170,84.16,1.1460,2025-09-08 13:19:21,134.0
0.9510,24.1950,0.6080,83.94,1.1150,2025-09-08 13:19:21,134.0
0.9890,24.4180,0.7080,83.88,1.0190,2025-09-08 13:19:21,134.0
0.9520,24.3950,0.7480,84.02,1.0960,2025-09-08 13:19:21,134.0
0.9830,24.3840,0.4670,83.92,1.0740,2025-09-08 13:19:21,134.0
0.9760,24.38,0.4570,84.34,1.0580,2025-09-08 13:19:21,134.0
0.9720,24.3480,0.8510,83.99,1.0430,2025-09-08 13:19:21,134.0
0.9650,24.3990,0.6230,84.36,1.0030,2025-09-08 13:19:21,134.0
0.9890,24.4510,0.5350,84,1.1130,2025-09-08 13:19:21,134.0
0.9920,24.4510,0.6910,83.93,1.1050,2025-09-08 13:19:21,134.0
0.96,24.3990,0.9270,83.91,1.0730,2025-09-08 13:19:21,134.0
0.9850,24.3830,0.6280,83.92,1.1190,2025-09-08 13:19:21,134.0
0.9870,24.34,0.5050,84.10,1.0650,2025-09-08 13:19:21,134.0
0.9780,24.2860,0.7080,84.20,1.0560,2025-09-08 19:14:40,135.0
0.9530,24.2120,0.8360,83.82,1.0930,2025-09-08 19:14:40,135.0
1.03,24.3170,0.5570,83.86,1.2020,2025-09-08 19:14:40,135.0
0.9510,24.3180,0.5270,83.79,1.1020,2025-09-08 19:14:40,135.0
0.9870,24.3730,0.5150,83.84,1.1210,2025-09-08 19:14:40,135.0
1.0160,24.34,0.5320,83.99,1.1920,2025-09-08 19:14:40,135.0
1.0030,24.3480,0.5270,84.05,1.1240,2025-09-08 19:14:40,135.0
0.9780,24.2580,0.6710,83.95,1.1120,2025-09-08 19:14:40,135.0
0.9930,24.3010,0.45,84.06,1.17,2025-09-08 19:14:40,135.0
1.0080,24.2670,0.6080,84.07,1.1740,2025-09-08 19:14:40,135.0
0.9780,24.2510,0.5530,83.95,1.0960,2025-09-08 19:14:40,135.0
0.9790,24.3550,0.4570,83.95,1.1050,2025-09-08 19:14:40,135.0
1.0250,24.32,0.4520,84.16,1.14,2025-09-08 19:14:40,135.0
0.9990,24.2140,0.58,84.09,1.1740,2025-09-08 19:14:40,135.0
0.9910,24.3130,0.4090,84.43,1.1040,2025-09-08 19:14:40,135.0
0.9860,24.38,0.5430,83.91,1.1340,2025-09-08 19:14:40,135.0
1.0020,24.3110,0.53,84.01,1.1190,2025-09-08 19:14:40,135.0
0.9860,24.3620,0.5430,84.06,1.1240,2025-09-08 19:14:40,135.0
0.9610,24.2730,0.8210,84.11,1.1710,2025-09-08 19:14:40,135.0
1.0140,24.3210,0.6330,84.14,1.1080,2025-09-08 19:14:40,135.0
0.9850,24.3990,1.0150,84.05,1.1320,2025-09-08 21:19:46,136.0
1.0020,24.4170,0.58,84.06,1.1790,2025-09-08 21:19:46,136.0
0.9810,24.3270,0.6550,84.11,1.0870,2025-09-08 21:19:46,136.0
1.0020,24.3270,0.3420,83.78,1.1190,2025-09-08 21:19:46,136.0
0.9590,24.4010,0.4950,84.04,1.0880,2025-09-08 21:19:46,136.0
0.9670,24.2790,0.57,83.96,1.0250,2025-09-08 21:19:46,136.0
0.96,24.28,0.5780,84.05,1.0810,2025-09-08 21:19:46,136.0
0.9930,24.3420,0.5680,83.95,1.1120,2025-09-08 21:19:46,136.0
0.9820,24.2920,0.58,83.91,1.1650,2025-09-08 21:19:46,136.0
1.0160,24.3810,0.5350,84.06,1.1370,2025-09-08 21:19:46,136.0
0.9830,24.2860,0.6610,83.79,1.0680,2025-09-08 21:19:46,136.0
1.0010,24.3540,0.7210,83.93,1.1140,2025-09-08 21:19:46,136.0
0.9920,24.3180,0.48,83.99,1.1340,2025-09-08 21:19:46,136.0
0.9770,24.31,0.55,83.87,1.0550,2025-09-08 21:19:46,136.0
0.9820,24.2620,0.45,83.92,1.1090,2025-09-08 21:19:46,136.0
0.9640,24.2580,0.8970,84.16,1.1140,2025-09-08 21:19:46,136.0
0.9890,24.4220,0.5730,84.12,1.16,2025-09-08 21:19:46,136.0
0.9540,24.3510,0.9270,84,1.0970,2025-09-08 21:19:46,136.0
1.0110,24.3780,0.6230,83.95,1.0680,2025-09-08 21:19:46,136.0
0.9780,24.2820,0.7080,84.06,1.0860,2025-09-08 21:19:46,136.0
0.97,24.2780,0.5480,84.21,1.1080,2025-09-09 11:00:37,137.0
0.9890,24.4090,0.50,84.21,1.0710,2025-09-09 11:00:37,137.0
0.9990,24.34,0.4290,84.23,1.1180,2025-09-09 11:00:37,137.0
0.9920,24.3230,0.8820,83.97,1.1680,2025-09-09 11:00:37,137.0
0.9940,24.3250,1.01,83.81,1.1220,2025-09-09 11:00:37,137.0
0.9880,24.3270,0.49,83.94,1.0570,2025-09-09 11:00:37,137.0
0.9680,24.31,0.55,84.11,1.0440,2025-09-09 11:00:37,137.0
0.9710,24.3750,0.7660,83.86,1.0220,2025-09-09 11:00:37,137.0
0.9760,24.3140,0.5730,83.92,1.0650,2025-09-09 11:00:37,137.0
0.9860,24.3150,0.4670,84.25,1.1040,2025-09-09 11:00:37,137.0
1.01,24.3130,0.7460,83.97,1.0740,2025-09-09 11:00:37,137.0
0.9790,24.3560,0.5020,83.93,1.0330,2025-09-09 11:00:37,137.0
0.9840,24.3520,0.47,84.09,1.1290,2025-09-09 11:00:37,137.0
0.9540,24.2810,0.7010,83.90,1.0260,2025-09-09 11:00:37,137.0
1.0210,24.3020,0.6710,84.13,1.1120,2025-09-09 11:00:37,137.0
0.9820,24.3740,0.7130,84.08,1.1380,2025-09-09 11:00:37,137.0
0.98,24.2550,0.5830,84.04,1.11,2025-09-09 11:00:37,137.0
1.0120,24.4170,0.5270,84.01,1.1810,2025-09-09 11:00:37,137.0
0.9870,24.2880,0.8510,83.81,1.0860,2025-09-09 11:00:37,137.0
1.0240,24.40,0.7860,84.17,1.0860,2025-09-09 11:00:37,137.0
0.9910,24.3420,0.7580,84.01,1.1210,2025-09-09 13:10:44,138.0
0.9810,24.2850,0.5520,84.16,1.0810,2025-09-09 13:10:44,138.0
0.9640,24.4090,0.3790,84.07,1.0860,2025-09-09 13:10:44,138.0
1.0420,24.4310,0.48,84.04,1.2010,2025-09-09 13:10:44,138.0
0.9940,24.2950,0.60,84.17,1.0710,2025-09-09 13:10:44,138.0
0.9680,24.2510,0.6680,84.25,1.0610,2025-09-09 13:10:44,138.0
0.9840,24.3290,0.3440,84.01,1.0320,2025-09-09 13:10:44,138.0
1.0010,24.3770,0.6150,84,1.0940,2025-09-09 13:10:44,138.0
1.02,24.2810,0.7510,83.89,1.1610,2025-09-09 13:10:44,138.0
1.0080,24.3260,0.7960,84.16,1.1670,2025-09-09 13:10:44,138.0
1.0050,24.3150,0.7060,83.99,1.0910,2025-09-09 13:10:44,138.0
0.99,24.3020,0.7510,83.69,1.1160,2025-09-09 13:10:44,138.0
0.9540,24.34,0.56,83.77,1.0040,2025-09-09 13:10:44,138.0
0.9970,24.3420,0.7480,84.02,1.1450,2025-09-09 13:10:44,138.0
1.0020,24.3630,0.5780,83.95,1.0980,2025-09-09 13:10:44,138.0
0.9610,24.3610,0.4120,84.12,1.0990,2025-09-09 13:10:44,138.0
0.98,24.32,0.3360,84.03,1.0990,2025-09-09 13:10:44,138.0
0.9770,24.34,0.67,84.13,1.0980,2025-09-09 13:10:44,138.0
1.0090,24.2830,0.8390,84.12,1.1380,2025-09-09 13:10:44,138.0
1.0240,24.4260,0.55,83.92,1.1710,2025-09-09 13:10:44,138.0
0.9860,24.2520,0.7660,83.94,1.1170,2025-10-13 12:11:33,139.0
0.9770,24.2010,0.4850,84.14,1.1580,2025-10-13 12:11:33,139.0
1.0070,24.33,0.5950,84.04,1.1640,2025-10-13 12:11:33,139.0
0.9950,24.2850,0.4970,83.88,1.1680,2025-10-13 12:11:33,139.0
0.9770,24.35,0.4850,83.78,1.1020,2025-10-13 12:11:33,139.0
1.02,24.3510,0.47,83.91,1.1730,2025-10-13 12:11:33,139.0
0.9630,24.2660,0.5370,83.87,1.1160,2025-10-13 12:11:33,139.0
0.9910,24.2870,0.4750,84.08,1.10,2025-10-13 12:11:33,139.0
0.99,24.3570,0.5850,84.06,1.1140,2025-10-13 12:11:33,139.0
0.9870,24.2990,0.7680,83.85,1.0730,2025-10-13 12:11:33,139.0
0.9830,24.2470,0.3060,83.81,1.1870,2025-10-13 12:11:33,139.0
1.0170,24.3030,0.2560,84.06,1.2170,2025-10-13 12:11:33,139.0
0.9780,24.29,0.62,84.03,1.20,2025-10-13 12:11:33,139.0
0.9980,24.3320,0.7010,83.96,1.1450,2025-10-13 12:11:33,139.0
0.9810,24.2410,0.3740,84.28,1.1770,2025-10-13 12:11:33,139.0
0.96,24.3030,0.3670,84.25,1.0440,2025-10-13 12:11:33,139.0
0.9650,24.2220,0.3690,84,1.1090,2025-10-13 12:11:33,139.0
0.9670,24.2790,0.4820,83.87,1.08,2025-10-13 12:11:33,139.0
0.9920,24.3090,0.5020,84.21,1.1370,2025-10-13 12:11:33,139.0
1.0150,24.2390,0.7230,84.09,1.1320,2025-10-13 12:11:33,139.0
0.9540,24.2270,0.3220,84.05,1.0790,2025-10-13 13:06:40,140.0
0.96,24.2470,0.8690,83.80,1.0810,2025-10-13 13:06:40,140.0
0.9590,24.2690,0.2140,83.93,1.0360,2025-10-13 13:06:40,140.0
0.9910,24.2520,0.5070,84.15,1.2170,2025-10-13 13:06:40,140.0
0.9920,24.2650,0.5050,83.86,1.1460,2025-10-13 13:06:40,140.0
1.01,24.3570,0.55,84.11,1.1410,2025-10-13 13:06:40,140.0
1.0050,24.2910,0.4250,84.14,1.1350,2025-10-13 13:06:40,140.0
0.9950,24.2760,0.4520,84.27,1.1390,2025-10-13 13:06:40,140.0
0.9790,24.2910,0.8290,84.29,1.1340,2025-10-13 13:06:40,140.0
1.0120,24.2450,0.6580,83.92,1.1290,2025-10-13 13:06:40,140.0
0.9940,24.2470,0.6330,83.90,1.0590,2025-10-13 13:06:40,140.0
0.9690,24.2420,0.4040,84.29,1.0940,2025-10-13 13:06:40,140.0
0.9860,24.3520,0.5750,84.07,1.1860,2025-10-13 13:06:40,140.0
0.97,24.2080,0.4170,83.97,1.1010,2025-10-13 13:06:40,140.0
1.0410,24.2890,0.4770,84.39,1.2680,2025-10-13 13:06:40,140.0
1.0090,24.3550,0.5120,84.10,1.0950,2025-10-13 13:06:40,140.0
0.9880,24.22,0.8390,84.21,1.1550,2025-10-13 13:06:40,140.0
0.9910,24.1850,0.61,83.88,1.1720,2025-10-13 13:06:40,140.0
1.0010,24.3410,0.4220,83.89,1.1320,2025-10-13 13:06:40,140.0
0.9950,24.1940,0.4440,84.15,1.1970,2025-10-13 13:06:40,140.0
0.9690,24.3180,0.3540,83.93,1.1370,2025-10-13 19:31:56,141.0
0.9950,24.3060,0.56,84.11,1.1890,2025-10-13 19:31:56,141.0
1.0090,24.4070,0.4270,84.26,1.2050,2025-10-13 19:31:56,141.0
0.97,24.3070,0.6610,83.93,1.0880,2025-10-13 19:31:56,141.0
1.0230,24.3770,0.4970,83.86,1.2010,2025-10-13 19:31:56,141.0
0.9620,24.2890,0.5950,83.90,1.1610,2025-10-13 19:31:56,141.0
1.0240,24.4010,0.5430,84.01,1.2630,2025-10-13 19:31:56,141.0
1.0050,24.35,0.53,83.82,1.2110,2025-10-13 19:31:56,141.0
1.0090,24.3510,0.3340,84.18,1.1570,2025-10-13 19:31:56,141.0
0.9950,24.3190,0.3090,83.91,1.1720,2025-10-13 19:31:56,141.0
0.9920,24.3120,0.9220,83.74,1.27,2025-10-13 19:31:56,141.0
1,24.2770,0.5630,84.14,1.2590,2025-10-13 19:31:56,141.0
1.0240,24.3540,0.6930,84.14,1.2170,2025-10-13 19:31:56,141.0
0.96,24.3090,0.7910,84.10,1.1690,2025-10-13 19:31:56,141.0
1.0010,24.3010,0.4470,84.01,1.1460,2025-10-13 19:31:56,141.0
1.0430,24.43,0.5520,84.22,1.2240,2025-10-13 19:31:56,141.0
0.98,24.3030,0.4570,83.89,1.2370,2025-10-13 19:31:56,141.0
0.9540,24.2910,0.7890,84.22,1.1730,2025-10-13 19:31:56,141.0
0.9920,24.3260,0.6330,84.27,1.2020,2025-10-13 19:31:56,141.0
1.0420,24.3360,0.4520,84.06,1.2690,2025-10-13 19:31:56,141.0
0.9850,24.2830,0.64,84.02,1.1490,2025-10-13 21:32:03,142.0
1.0310,24.29,0.4470,84.03,1.1790,2025-10-13 21:32:03,142.0
1.0290,24.2670,0.4920,84.14,1.2170,2025-10-13 21:32:03,142.0
0.9910,24.3230,0.4650,83.92,1.2290,2025-10-13 21:32:03,142.0
0.9530,24.2140,0.4750,84.04,1.1590,2025-10-13 21:32:03,142.0
0.9870,24.2620,0.5880,83.74,1.2370,2025-10-13 21:32:03,142.0
0.9840,24.3170,0.46,83.89,1.1650,2025-10-13 21:32:03,142.0
0.9940,24.2730,0.8720,83.83,1.2340,2025-10-13 21:32:03,142.0
0.9770,24.3530,0.51,83.81,1.1960,2025-10-13 21:32:03,142.0
1.0170,24.2930,0.98,83.87,1.22,2025-10-13 21:32:03,142.0
1.0180,24.3870,0.6180,83.92,1.2890,2025-10-13 21:32:03,142.0
0.9740,24.3390,0.5520,83.92,1.1190,2025-10-13 21:32:03,142.0
1.0270,24.2930,0.8870,83.95,1.1980,2025-10-13 21:32:03,142.0
0.9810,24.1610,0.52,84.37,1.2150,2025-10-13 21:32:03,142.0
0.9630,24.2860,0.62,84.28,1.0810,2025-10-13 21:32:03,142.0
1.0370,24.3170,0.7410,84.01,1.19,2025-10-13 21:32:03,142.0
1.0010,24.3040,0.8790,84.22,1.1720,2025-10-13 21:32:03,142.0
0.9530,24.3160,0.6030,83.70,1.1510,2025-10-13 21:32:03,142.0
0.9940,24.2050,0.5780,84,1.1050,2025-10-13 21:32:03,142.0
0.9770,24.1820,0.6580,83.90,1.1830,2025-10-13 21:32:03,142.0
0.9840,24.3730,0.5520,84.11,1.0960,2025-10-14 11:15:14,143.0
1.0010,24.2060,0.6480,83.91,1.2210,2025-10-14 11:15:14,143.0
0.9830,24.3230,0.4650,83.82,1.0760,2025-10-14 11:15:14,143.0
0.9550,24.2680,0.3820,83.91,1.1760,2025-10-14 11:15:14,143.0
1.0150,24.2680,0.3240,83.80,1.1580,2025-10-14 11:15:14,143.0
0.96,24.3390,0.8940,83.97,1.1820,2025-10-14 11:15:14,143.0
1,24.3730,0.4320,83.83,1.1810,2025-10-14 11:15:14,143.0
1.0480,24.3490,0.3940,83.97,1.2130,2025-10-14 11:15:14,143.0
0.9670,24.33,0.6910,84.11,1.1110,2025-10-14 11:15:14,143.0
1,24.3450,0.6910,83.97,1.1490,2025-10-14 11:15:14,143.0
0.9610,24.3040,0.4190,83.89,1.1140,2025-10-14 11:15:14,143.0
0.9790,24.2560,0.5220,83.98,1.1490,2025-10-14 11:15:14,143.0
0.9910,24.2910,0.4820,84.11,1.23,2025-10-14 11:15:14,143.0
0.98,24.2830,0.5120,83.88,1.1730,2025-10-14 11:15:14,143.0
0.99,24.30,0.5550,84.17,1.1720,2025-10-14 11:15:14,143.0
0.9750,24.1980,0.5850,84.04,1.1940,2025-10-14 11:15:14,143.0
0.95,24.2980,0.5430,83.93,1.0680,2025-10-14 11:15:14,143.0
1.0160,24.2630,0.8770,84.10,1.2480,2025-10-14 11:15:14,143.0
0.9910,24.2940,0.4920,83.99,1.2160,2025-10-14 11:15:14,143.0
0.97,24.2470,1.0120,83.63,1.14,2025-10-14 11:15:14,143.0
0.9680,24.25,1.2110,83.93,1.1830,2025-10-14 13:00:19,144.0
0.9640,24.29,0.2660,83.96,1.1550,2025-10-14 13:00:19,144.0
0.9810,24.3010,0.43,83.90,1.1050,2025-10-14 13:00:19,144.0
1.0020,24.3550,0.5480,84.06,1.2030,2025-10-14 13:00:19,144.0
0.9750,24.2930,0.5370,84.16,1.1480,2025-10-14 13:00:19,144.0
0.9750,24.2980,0.5020,84.21,1.1210,2025-10-14 13:00:19,144.0
0.9680,24.2910,0.6250,84.07,1.22,2025-10-14 13:00:19,144.0
0.9950,24.3070,0.3940,84.26,1.2430,2025-10-14 13:00:19,144.0
1.0070,24.29,0.9390,83.86,1.2140,2025-10-14 13:00:19,144.0
0.9720,24.2510,0.4750,83.94,1.2050,2025-10-14 13:00:19,144.0
0.9780,24.2990,0.5830,84.06,1.1610,2025-10-14 13:00:19,144.0
0.9660,24.2560,0.55,84.04,1.1190,2025-10-14 13:00:19,144.0
0.9560,24.3280,0.3340,84.52,1.0990,2025-10-14 13:00:19,144.0
0.9990,24.2880,1.1050,83.98,1.2420,2025-10-14 13:00:19,144.0
0.9840,24.2950,0.5630,84.03,1.2250,2025-10-14 13:00:19,144.0
0.98,24.2660,0.5530,84.03,1.1180,2025-10-14 13:00:19,144.0
0.9830,24.2910,0.4720,83.77,1.0060,2025-10-14 13:00:19,144.0
0.9850,24.3050,0.3410,83.94,1.1730,2025-10-14 13:00:19,144.0
0.9820,24.3230,0.4220,84.02,1.1980,2025-10-14 13:00:19,144.0
0.9510,24.27,0.4250,84.25,1.18,2025-10-14 13:00:19,144.0
0.9890,24.3940,0.61,84,1.1080,2025-10-14 19:45:33,145.0
0.9660,24.2370,0.6480,83.93,1.1520,2025-10-14 19:45:33,145.0
0.9940,24.4020,0.3060,84.12,1.1670,2025-10-14 19:45:33,145.0
1.0030,24.3210,0.53,84.10,1.2040,2025-10-14 19:45:33,145.0
0.9980,24.3640,0.8890,84.08,1.0510,2025-10-14 19:45:33,145.0
0.9730,24.30,0.4520,84.17,1.2020,2025-10-14 19:45:33,145.0
0.9740,24.2160,0.6580,83.99,1.1310,2025-10-14 19:45:33,145.0
0.98,24.2770,0.4620,83.89,1.2290,2025-10-14 19:45:33,145.0
0.99,24.3940,0.3790,84.23,1.1630,2025-10-14 19:45:33,145.0
0.9830,24.2760,0.53,83.90,1.1420,2025-10-14 19:45:33,145.0
1.0150,24.3110,0.62,83.99,1.2180,2025-10-14 19:45:33,145.0
0.9930,24.3420,0.6280,83.86,1.16,2025-10-14 19:45:33,145.0
0.9950,24.40,0.4870,83.72,1.1670,2025-10-14 19:45:33,145.0
1.0010,24.2390,0.5070,84.19,1.1650,2025-10-14 19:45:33,145.0
0.9570,24.2410,0.3740,84.06,1.1350,2025-10-14 19:45:33,145.0
0.9960,24.1810,0.59,83.97,1.1740,2025-10-14 19:45:33,145.0
0.9630,24.3240,0.3670,83.96,1.1410,2025-10-14 19:45:33,145.0
1.0520,24.3530,0.6980,84.22,1.1940,2025-10-14 19:45:33,145.0
1.0010,24.3220,0.5680,84.17,1.16,2025-10-14 19:45:33,145.0
0.9750,24.31,0.6530,84.08,1.1120,2025-10-14 19:45:33,145.0
0.99,24.2960,0.2540,83.93,1.1960,2025-10-14 21:25:39,146.0
1.0040,24.34,0.4770,84.23,1.2420,2025-10-14 21:25:39,146.0
0.9950,24.2850,0.3540,84.19,1.1850,2025-10-14 21:25:39,146.0
1.0040,24.2870,0.4490,84.06,1.2040,2025-10-14 21:25:39,146.0
0.9770,24.3140,0.64,83.95,1.1540,2025-10-14 21:25:39,146.0
0.9730,24.2450,0.63,83.95,1.1380,2025-10-14 21:25:39,146.0
0.9640,24.2910,0.48,83.77,1.2140,2025-10-14 21:25:39,146.0
0.9840,24.3240,0.6780,83.90,1.24,2025-10-14 21:25:39,146.0
0.99,24.2790,0.4870,83.79,1.2250,2025-10-14 21:25:39,146.0
1.0110,24.3010,1.0950,84.08,1.2360,2025-10-14 21:25:39,146.0
1.0050,24.29,0.6330,83.99,1.2140,2025-10-14 21:25:39,146.0
0.9990,24.2720,0.6150,83.83,1.2870,2025-10-14 21:25:39,146.0
1.0240,24.3990,0.7790,84.36,1.1960,2025-10-14 21:25:39,146.0
0.9660,24.2230,0.3720,83.96,1.2040,2025-10-14 21:25:39,146.0
0.9630,24.2520,0.3870,83.98,1.1530,2025-10-14 21:25:39,146.0
0.9480,24.2620,0.3970,83.96,1.2060,2025-10-14 21:25:39,146.0
1.0190,24.3370,0.5830,84.03,1.1550,2025-10-14 21:25:39,146.0
1.0110,24.2580,0.47,84.14,1.2530,2025-10-14 21:25:39,146.0
0.9850,24.2470,0.4870,83.93,1.1420,2025-10-14 21:25:39,146.0
0.9770,24.3270,0.6680,84.10,1.1790,2025-10-14 21:25:39,146.0
0.9750,24.3590,0.7330,84.16,1.1910,2025-10-15 11:04:41,147.0
0.9890,24.3110,0.4850,84.20,1.2310,2025-10-15 11:04:41,147.0
0.9920,24.3240,0.4770,84.37,1.1430,2025-10-15 11:04:41,147.0
0.9670,24.21,0.7180,84.14,1.1540,2025-10-15 11:04:41,147.0
1.0260,24.32,0.5850,84.35,1.2510,2025-10-15 11:04:41,147.0
1.01,24.2610,0.3320,84.12,1.2530,2025-10-15 11:04:41,147.0
0.9880,24.31,0.4670,83.98,1.1430,2025-10-15 11:04:41,147.0
0.9790,24.2850,0.3640,84.29,1.2050,2025-10-15 11:04:41,147.0
1.01,24.3010,0.7910,84.37,1.1520,2025-10-15 11:04:41,147.0
0.9840,24.2740,0.5730,84.07,1.1250,2025-10-15 11:04:41,147.0
0.98,24.28,0.3740,84.11,1.2660,2025-10-15 11:04:41,147.0
1.0060,24.2970,0.7560,84.37,1.0810,2025-10-15 11:04:41,147.0
0.9830,24.3010,0.61,84.03,1.1930,2025-10-15 11:04:41,147.0
1.0160,24.2960,0.8040,84.19,1.2370,2025-10-15 11:04:41,147.0
0.9880,24.2440,0.4770,84.34,1.2240,2025-10-15 11:04:41,147.0
1.0070,24.30,0.3140,84.10,1.2090,2025-10-15 11:04:41,147.0
0.9620,24.2880,0.3940,84.23,1.1240,2025-10-15 11:04:41,147.0
0.9860,24.27,0.50,83.90,1.2060,2025-10-15 11:04:41,147.0
1.0510,24.3980,0.3940,84.04,1.2360,2025-10-15 11:04:41,147.0
0.9910,24.2990,0.6960,83.93,1.1430,2025-10-15 11:04:41,147.0
1.0090,24.3550,0.6130,84.01,1.1880,2025-10-15 13:19:53,148.0
1.0340,24.3760,0.7990,84.03,1.1930,2025-10-15 13:19:53,148.0
0.9810,24.3010,0.6610,83.95,1.1450,2025-10-15 13:19:53,148.0
1.0110,24.3570,0.52,83.98,1.2220,2025-10-15 13:19:53,148.0
0.9910,24.2640,0.4090,84.25,1.1190,2025-10-15 13:19:53,148.0
0.9770,24.2930,0.3790,83.96,1.1110,2025-10-15 13:19:53,148.0
0.9790,24.2910,0.7330,84,1.1270,2025-10-15 13:19:53,148.0
0.9710,24.3150,0.63,84.15,1.1040,2025-10-15 13:19:53,148.0
1,24.2590,0.9670,84.06,1.1820,2025-10-15 13:19:53,148.0
1.0220,24.3990,0.4470,84.06,1.2050,2025-10-15 13:19:53,148.0
0.9760,24.2590,0.4220,84.22,1.2140,2025-10-15 13:19:53,148.0
0.9850,24.3860,0.5470,83.98,1.1930,2025-10-15 13:19:53,148.0
0.9890,24.3310,0.6780,84.08,1.2160,2025-10-15 13:19:53,148.0
0.9920,24.2250,0.5170,84.23,1.1780,2025-10-15 13:19:53,148.0
1.0150,24.4180,0.6860,84.04,1.2140,2025-10-15 13:19:53,148.0
0.9830,24.2730,0.4090,84.01,1.1570,2025-10-15 13:19:53,148.0
1.0410,24.3230,0.4240,84.11,1.2080,2025-10-15 13:19:53,148.0
0.9980,24.3040,0.56,84.17,1.2290,2025-10-15 13:19:53,148.0
1.0040,24.3280,0.4240,84.25,1.1420,2025-10-15 13:19:53,148.0
1,24.33,0.5530,84.22,1.1820,2025-10-15 13:19:53,148.0
0.9840,24.2410,0.6730,83.96,1.1070,2025-10-15 21:35:05,149.0
1.0020,24.3550,0.4070,84.14,1.1710,2025-10-15 21:35:05,149.0
0.9920,24.2920,0.5220,84.17,1.1850,2025-10-15 21:35:05,149.0
1.0010,24.3090,0.7440,84.16,1.1130,2025-10-15 21:35:05,149.0
1.0140,24.2950,0.6560,84.16,1.1780,2025-10-15 21:35:05,149.0
0.9510,24.2460,0.6250,84.10,1.0950,2025-10-15 21:35:05,149.0
1.0180,24.3270,0.3320,83.95,1.1940,2025-10-15 21:35:05,149.0
0.9940,24.3630,0.4140,83.91,1.15,2025-10-15 21:35:05,149.0
0.96,24.29,0.6080,84.11,1.1130,2025-10-15 21:35:05,149.0
0.9220,24.2190,0.7480,84.19,1.0780,2025-10-15 21:35:05,149.0
0.9840,24.3180,0.5220,83.91,1.1320,2025-10-15 21:35:05,149.0
0.9840,24.2550,0.6860,84.07,1.1120,2025-10-15 21:35:05,149.0
0.9510,24.2840,0.4750,84.13,1.1380,2025-10-15 21:35:05,149.0
0.9930,24.2910,0.5250,84.02,1.2040,2025-10-15 21:35:05,149.0
1.0170,24.3410,0.3940,83.90,1.2170,2025-10-15 21:35:05,149.0
0.9730,24.29,0.7990,84.05,1.1630,2025-10-15 21:35:05,149.0
0.9720,24.2210,0.7790,83.89,1.1390,2025-10-15 21:35:05,149.0
1.0010,24.2450,0.5480,84.23,1.1830,2025-10-15 21:35:05,149.0
0.9620,24.2290,0.4950,84.09,1.1240,2025-10-15 21:35:05,149.0
0.97,24.2820,0.7960,83.95,1.14,2025-10-15 21:35:05,149.0
0.9750,24.2170,0.4190,83.90,1.1960,2025-10-16 11:14:44,150.0
0.9690,24.2520,0.56,84.17,1.1910,2025-10-16 11:14:44,150.0
0.9940,24.2740,0.6960,84.20,1.1640,2025-10-16 11:14:44,150.0
0.9920,24.2440,0.4720,84.03,1.16,2025-10-16 11:14:44,150.0
1.01,24.3030,0.4340,84.11,1.1380,2025-10-16 11:14:44,150.0
0.9730,24.2990,0.8970,83.93,1.09,2025-10-16 11:14:44,150.0
0.9920,24.2720,0.5530,83.89,1.21,2025-10-16 11:14:44,150.0
0.9580,24.2250,0.53,84.18,1.1320,2025-10-16 11:14:44,150.0
1.0070,24.3970,0.4970,84.26,1.1390,2025-10-16 11:14:44,150.0
0.9490,24.2190,0.6230,83.86,1.0680,2025-10-16 11:14:44,150.0
0.9890,24.2110,0.9190,83.92,1.1660,2025-10-16 11:14:44,150.0
0.9830,24.2260,0.6130,84.08,1.0770,2025-10-16 11:14:44,150.0
1.0010,24.3470,0.2160,83.96,1.2070,2025-10-16 11:14:44,150.0
0.9740,24.2650,0.8920,83.94,1.1780,2025-10-16 11:14:44,150.0
0.9730,24.2570,0.4120,84.16,1.2030,2025-10-16 11:14:44,150.0
0.9430,24.2740,0.7030,84.08,1.1360,2025-10-16 11:14:44,150.0
0.9680,24.2160,0.6760,84.03,1.1350,2025-10-16 11:14:44,150.0
0.9860,24.2910,0.9170,84.20,1.2440,2025-10-16 11:14:44,150.0
0.9630,24.3260,0.7560,84.17,1.1330,2025-10-16 11:14:44,150.0
0.9780,24.2060,0.3970,84.08,1.1950,2025-10-16 11:14:44,150.0
1.0020,24.2930,0.5630,84.16,1.1360,2025-10-16 12:59:52,151.0
0.9980,24.2820,0.5980,84.08,1.1660,2025-10-16 12:59:52,151.0
1.0180,24.3320,0.7480,84.06,1.2360,2025-10-16 12:59:52,151.0
1.0170,24.3380,0.4670,84.37,1.1830,2025-10-16 12:59:52,151.0
0.9960,24.2160,0.55,84.15,1.2070,2025-10-16 12:59:52,151.0
0.9820,24.3180,0.5170,84.17,1.1790,2025-10-16 12:59:52,151.0
0.9840,24.2950,0.52,84.02,1.1620,2025-10-16 12:59:52,151.0
1.0090,24.3390,0.7060,84.06,1.1360,2025-10-16 12:59:52,151.0
0.9540,24.2890,0.5450,84.15,1.0860,2025-10-16 12:59:52,151.0
0.9740,24.2760,0.5520,84.25,1.1750,2025-10-16 12:59:52,151.0
0.9950,24.26,1.1450,84.13,1.1130,2025-10-16 12:59:52,151.0
1.0110,24.3150,0.4320,84.16,1.1620,2025-10-16 12:59:52,151.0
0.9810,24.2570,0.8160,84.17,1.1480,2025-10-16 12:59:52,151.0
0.9790,24.2880,0.2990,84.08,1.1890,2025-10-16 12:59:52,151.0
1.0110,24.3230,0.8340,84.18,1.2460,2025-10-16 12:59:52,151.0
0.9540,24.2090,0.6380,84.20,1.1640,2025-10-16 12:59:52,151.0
0.9730,24.2930,0.54,84.06,1.1290,2025-10-16 12:59:52,151.0
0.9640,24.25,0.5430,84.17,1.0860,2025-10-16 12:59:52,151.0
0.9730,24.2880,0.6460,84.08,1.1660,2025-10-16 12:59:52,151.0
0.9750,24.28,0.5830,84.23,1.1770,2025-10-16 12:59:52,151.0
0.97,24.2820,0.6980,84,1.0890,2025-10-16 21:35:09,152.0
1.0230,24.1910,0.9020,83.86,1.1380,2025-10-16 21:35:09,152.0
0.9590,24.2570,0.6530,83.91,1.0440,2025-10-16 21:35:09,152.0
1.0010,24.2020,0.5170,84.09,1.1650,2025-10-16 21:35:09,152.0
0.9890,24.2230,0.6350,84.38,1.1590,2025-10-16 21:35:09,152.0
1.0120,24.1870,0.4950,84.03,1.1410,2025-10-16 21:35:09,152.0
0.9470,24.1670,0.5850,84.11,1.0420,2025-10-16 21:35:09,152.0
0.9740,24.2250,0.4620,84.12,1.1310,2025-10-16 21:35:09,152.0
0.9780,24.2720,0.6780,83.97,1.1790,2025-10-16 21:35:09,152.0
0.9790,24.31,0.8210,84.17,1.0730,2025-10-16 21:35:09,152.0
0.9840,24.30,0.5980,83.84,1.0910,2025-10-16 21:35:09,152.0
0.9470,24.24,0.5580,84.25,1.1330,2025-10-16 21:35:09,152.0
0.9690,24.2380,0.58,84.08,1.1050,2025-10-16 21:35:09,152.0
0.9690,24.22,0.5630,83.91,1.1360,2025-10-16 21:35:09,152.0
0.9650,24.1620,0.7810,84.02,1.0790,2025-10-16 21:35:09,152.0
1.0110,24.3420,0.5220,84.33,1.1930,2025-10-16 21:35:09,152.0
0.9950,24.2490,0.4550,84.21,1.1620,2025-10-16 21:35:09,152.0
0.9640,24.2420,0.48,84.06,1.0820,2025-10-16 21:35:09,152.0
0.9610,24.2360,0.3690,84.04,1.0930,2025-10-16 21:35:09,152.0
1.02,24.2350,0.60,84.19,1.2740,2025-10-16 21:35:09,152.0
0.9710,24.1510,0.5430,83.95,1.1770,2025-10-17 13:04:21,153.0
0.99,24.1920,0.5950,84.40,1.1240,2025-10-17 13:04:21,153.0
0.9680,24.1460,0.4870,83.91,1.1070,2025-10-17 13:04:21,153.0
0.9610,24.1770,0.4820,83.85,1.1930,2025-10-17 13:04:21,153.0
0.9730,24.2570,0.8390,84.04,1.1940,2025-10-17 13:04:21,153.0
0.97,24.23,0.3690,83.85,1.13,2025-10-17 13:04:21,153.0
0.9440,24.1090,0.6630,84.25,1.0970,2025-10-17 13:04:21,153.0
0.9850,24.2630,1.04,84.27,1.16,2025-10-17 13:04:21,153.0
0.9890,24.1120,0.5220,84.21,1.1610,2025-10-17 13:04:21,153.0
0.9910,24.21,0.5250,83.91,1.1350,2025-10-17 13:04:21,153.0
0.9970,24.1810,0.5330,84.16,1.1750,2025-10-17 13:04:21,153.0
0.9690,24.2060,0.8390,84.37,1.1150,2025-10-17 13:04:21,153.0
0.9980,24.2620,0.5830,84.19,1.1940,2025-10-17 13:04:21,153.0
0.9650,24.22,0.7940,84.34,1.1230,2025-10-17 13:04:21,153.0
0.9690,24.1260,0.9740,83.95,1.1670,2025-10-17 13:04:21,153.0
0.9770,24.2220,0.2460,84.30,1.18,2025-10-17 13:04:21,153.0
1.03,24.16,0.53,84.17,1.2230,2025-10-17 13:04:21,153.0
1.0080,24.1380,0.3440,84.17,1.2630,2025-10-17 13:04:21,153.0
0.97,24.1860,0.5550,84.11,1.1470,2025-10-17 13:04:21,153.0
0.9740,24.2380,0.4670,84.17,1.1150,2025-10-17 13:04:21,153.0
0.9130,24.3870,0.47,84.38,1.0890,2025-10-20 19:26:53,154.0
0.8820,24.3410,0.3820,83.95,1.0210,2025-10-20 19:26:53,154.0
0.9220,24.3120,0.8660,84.10,1.1710,2025-10-20 19:26:53,154.0
0.8990,24.2970,0.6660,84.07,1,2025-10-20 19:26:53,154.0
0.9240,24.2980,0.4440,84.35,1.1350,2025-10-20 19:26:53,154.0
0.9190,24.3320,0.4550,84.22,1.17,2025-10-20 19:26:53,154.0
0.92,24.3540,0.4850,84.07,1.1540,2025-10-20 19:26:53,154.0
0.9020,24.2950,1.0950,84.08,1.1250,2025-10-20 19:26:53,154.0
0.9080,24.3820,0.6050,84.08,1.1110,2025-10-20 19:26:53,154.0
0.92,24.3830,0.52,83.97,1.19,2025-10-20 19:26:53,154.0
0.8810,24.3540,0.4750,84.25,1.0350,2025-10-20 19:26:53,154.0
0.8710,24.2430,0.5650,84.13,1.1410,2025-10-20 19:26:53,154.0
0.8860,24.34,0.7130,84.11,1.0030,2025-10-20 19:26:53,154.0
0.9170,24.3380,0.5370,84.13,0.9840,2025-10-20 19:26:53,154.0
0.9030,24.3220,0.53,84.23,1.1380,2025-10-20 19:26:53,154.0
0.9350,24.3510,0.4550,84.13,1.1610,2025-10-20 19:26:53,154.0
0.9450,24.3630,0.6280,84,1.2020,2025-10-20 19:26:53,154.0
0.9140,24.3220,0.6130,84.47,1.0310,2025-10-20 19:26:53,154.0
0.9430,24.2810,0.3740,84.25,1.0990,2025-10-20 19:26:53,154.0
0.9210,24.3050,0.5120,84.18,1.07,2025-10-20 19:26:53,154.0
0.9810,23.9840,0.5250,84,1.1040,2025-11-02 11:01:14,155.0
0.98,24.0620,0.5650,84.15,1.0610,2025-11-02 11:01:14,155.0
0.9990,23.9750,0.4020,84.10,1.1040,2025-11-02 11:01:14,155.0
0.9770,24.1010,0.4820,84.08,1.1340,2025-11-02 11:01:14,155.0
0.9780,24.0490,0.5480,84.34,0.9660,2025-11-02 11:01:14,155.0
0.9850,24.0970,0.4670,83.99,1.1340,2025-11-02 11:01:14,155.0
1.0090,24.0440,0.55,84.21,1.1610,2025-11-02 11:01:14,155.0
0.9830,24.0360,0.8440,84,1.0980,2025-11-02 11:01:14,155.0
0.9520,23.9760,0.6910,84.14,0.9680,2025-11-02 11:01:14,155.0
1.0210,24.1790,0.4770,84.22,1.1680,2025-11-02 11:01:14,155.0
0.98,24.1490,0.54,84.04,1.1160,2025-11-02 11:01:14,155.0
1.01,24.1540,0.6330,83.87,1.1360,2025-11-02 11:01:14,155.0
1,24.0720,0.5230,84.34,1.1730,2025-11-02 11:01:14,155.0
1.01,24.1820,0.5370,84.13,1.0950,2025-11-02 11:01:14,155.0
0.9740,24.1220,0.8340,84.24,1.1250,2025-11-02 11:01:14,155.0
1.0170,24.0350,0.4450,84.26,1.1370,2025-11-02 11:01:14,155.0
1.0160,24.22,0.4270,84.11,1.0580,2025-11-02 11:01:14,155.0
0.9910,24.0990,0.52,84.09,1.1540,2025-11-02 11:01:14,155.0
0.9930,24.1330,0.8790,83.89,1.1050,2025-11-02 11:01:14,155.0
0.9730,24.1170,0.3790,84.16,1.1060,2025-11-02 11:01:14,155.0
0.9710,24.1710,0.5580,83.86,1.0370,2025-11-02 13:21:21,156.0
0.9760,24.2190,0.5150,84.03,1.1010,2025-11-02 13:21:21,156.0
1.0220,24.1780,0.5580,84.22,1.2080,2025-11-02 13:21:21,156.0
1.0390,24.2760,0.5950,84.21,1.15,2025-11-02 13:21:21,156.0
1.0280,24.3080,0.4920,83.76,1.1970,2025-11-02 13:21:21,156.0
0.9650,24.1540,0.6530,83.95,1.0280,2025-11-02 13:21:21,156.0
0.9590,24.16,0.8870,83.91,1.15,2025-11-02 13:21:21,156.0
0.9820,24.13,0.6180,84.10,1.0710,2025-11-02 13:21:21,156.0
1.0080,25.02,0.0230,84.15,1.11,2025-11-02 13:21:21,156.0
1.0020,24.1780,0.8740,83.89,1.2430,2025-11-02 13:21:21,156.0
1.0240,24.2940,0.6430,84.21,1.1090,2025-11-02 13:21:21,156.0
1.0090,24.1910,0.47,84.26,1.2130,2025-11-02 13:21:21,156.0
1.0110,24.2240,0.4190,84.18,1.1350,2025-11-02 13:21:21,156.0
0.9780,24.2240,0.5830,84.12,1.0930,2025-11-02 13:21:21,156.0
0.9590,24.1260,0.6760,84.18,1.0180,2025-11-02 13:21:21,156.0
1.0190,24.1630,0.58,83.99,1.0990,2025-11-02 13:21:21,156.0
1.0160,24.15,0.4950,84.09,1.1830,2025-11-02 13:21:21,156.0
0.9640,24.19,0.4440,84.07,1.14,2025-11-02 13:21:21,156.0
0.9850,24.1720,0.7310,83.90,1.1280,2025-11-02 13:21:21,156.0
1.0020,24.1630,0.5930,84.89,1.1440,2025-11-02 13:21:21,156.0
0.9750,24.1370,0.6150,84.10,1.0650,2025-11-02 19:16:37,157.0
0.9770,24.0850,0.5630,83.97,1.1250,2025-11-02 19:16:37,157.0
0.9980,24.1240,0.3670,83.98,1.1190,2025-11-02 19:16:37,157.0
0.9790,24.0130,0.6580,84.20,1.03,2025-11-02 19:16:37,157.0
0.9940,24.0660,0.5070,84.15,1.0450,2025-11-02 19:16:37,157.0
0.99,24.1370,0.6730,84.25,1.0810,2025-11-02 19:16:37,157.0
0.9560,24.1290,0.49,83.99,1.1070,2025-11-02 19:16:37,157.0
0.9890,24.0920,0.7530,84.02,1.0390,2025-11-02 19:16:37,157.0
0.9590,23.9620,0.3570,84.05,1.0790,2025-11-02 19:16:37,157.0
0.9950,24.0490,0.7440,84.41,1.09,2025-11-02 19:16:37,157.0
0.9710,24.0970,0.6710,84.16,1.01,2025-11-02 19:16:37,157.0
1.0090,24.1810,0.7060,84.21,1.1080,2025-11-02 19:16:37,157.0
0.9790,24.1320,0.59,84.03,1.0950,2025-11-02 19:16:37,157.0
0.9830,24.0430,0.8290,84.20,1.1210,2025-11-02 19:16:37,157.0
0.9770,24.1420,0.8560,84.15,1.1330,2025-11-02 19:16:37,157.0
0.9940,24.11,0.5830,84.08,1.1210,2025-11-02 19:16:37,157.0
0.9720,24.0570,0.4190,84.08,1.0860,2025-11-02 19:16:37,157.0
0.9830,24.1240,0.7740,84.03,1.0670,2025-11-02 19:16:37,157.0
0.9790,23.9890,0.6430,84.14,1.1890,2025-11-02 19:16:37,157.0
1.0130,24.2180,0.6780,84.08,1.23,2025-11-02 19:16:37,157.0
0.9920,24.1980,0.4190,84.08,1.1420,2025-11-02 21:26:43,158.0
0.9580,24.2050,0.5250,84.06,1.0630,2025-11-02 21:26:43,158.0
0.9890,24.2480,0.6960,83.93,1.1230,2025-11-02 21:26:43,158.0
0.9780,24.12,0.4120,84.10,1.1520,2025-11-02 21:26:43,158.0
0.9820,24.1180,0.63,83.97,1.0590,2025-11-02 21:26:43,158.0
0.9590,24.2180,0.6150,84.20,1.1320,2025-11-02 21:26:43,158.0
0.9650,24.1080,0.8010,83.90,1.0750,2025-11-02 21:26:43,158.0
0.9730,24.1060,0.9220,84.41,1.0920,2025-11-02 21:26:43,158.0
0.9760,24.18,0.51,84.01,1.0370,2025-11-02 21:26:43,158.0
0.9590,24.2740,0.5270,83.77,1.0730,2025-11-02 21:26:43,158.0
0.9950,24.2130,0.5120,84.21,1.0480,2025-11-02 21:26:43,158.0
0.9560,24.1240,0.5930,83.94,1.1440,2025-11-02 21:26:43,158.0
1.0050,24.2380,0.5570,83.85,1.15,2025-11-02 21:26:43,158.0
0.9910,24.26,0.7480,83.96,1.0830,2025-11-02 21:26:43,158.0
0.96,24.0770,0.5680,84.01,1.1150,2025-11-02 21:26:43,158.0
0.9810,24.1740,0.4420,83.94,1.1610,2025-11-02 21:26:43,158.0
1.0120,24.2550,0.9140,83.83,1.1940,2025-11-02 21:26:43,158.0
0.9870,24.1730,0.7010,83.95,1.1480,2025-11-02 21:26:43,158.0
0.9790,24.2080,0.4970,84.05,1.0530,2025-11-02 21:26:43,158.0
0.9870,24.26,0.7280,83.95,1.0820,2025-11-02 21:26:43,158.0
0.9970,24.2760,1.1750,83.88,1.1570,2025-11-03 11:10:33,159.0
0.9920,24.2740,0.3990,84.13,1.1020,2025-11-03 11:10:33,159.0
1.0110,24.1910,0.5370,84.05,1.1610,2025-11-03 11:10:33,159.0
1.0040,24.2310,0.5120,83.91,1.1720,2025-11-03 11:10:33,159.0
0.9850,24.2660,0.6510,83.97,1.1530,2025-11-03 11:10:33,159.0
0.9880,24.2760,0.6760,84,1.1150,2025-11-03 11:10:33,159.0
0.9640,24.2580,0.51,84.09,1.0710,2025-11-03 11:10:33,159.0
0.9790,24.2810,0.2940,84.14,1.0180,2025-11-03 11:10:33,159.0
0.9820,24.2960,1.3260,83.98,1.0840,2025-11-03 11:10:33,159.0
0.98,24.2910,0.8260,84.10,1.0770,2025-11-03 11:10:33,159.0
0.9910,24.25,0.6480,83.92,1.1290,2025-11-03 11:10:33,159.0
0.9990,24.2660,0.5980,84.07,1.1890,2025-11-03 11:10:33,159.0
0.9770,24.2740,0.9270,84.10,1.1210,2025-11-03 11:10:33,159.0
1.0010,24.3140,0.53,84.19,1.0910,2025-11-03 11:10:33,159.0
0.9770,24.2570,0.5350,83.93,1.0940,2025-11-03 11:10:33,159.0
0.9830,24.2570,0.47,84.06,1.0790,2025-11-03 11:10:33,159.0
0.9660,24.2720,0.65,84.01,1.1110,2025-11-03 11:10:33,159.0
0.9920,24.2110,0.9540,84.06,1.1620,2025-11-03 11:10:33,159.0
0.9730,24.2920,0.63,83.82,1.0880,2025-11-03 11:10:33,159.0
0.9110,24.1920,0.8240,83.79,1.0150,2025-11-03 11:10:33,159.0
0.9840,24.2560,1.1050,84.08,1.09,2025-11-03 19:30:55,160.0
0.9610,24.20,0.4820,84.05,1.0840,2025-11-03 19:30:55,160.0
0.9930,24.2590,0.4520,83.95,1.10,2025-11-03 19:30:55,160.0
0.9780,24.2420,0.7360,84,1.0290,2025-11-03 19:30:55,160.0
1.0130,24.27,0.4140,84.20,1.0870,2025-11-03 19:30:55,160.0
0.9710,24.1950,0.6330,83.99,1.05,2025-11-03 19:30:55,160.0
0.9850,24.2220,0.5750,83.96,1.0770,2025-11-03 19:30:55,160.0
0.9860,24.21,0.5070,83.91,1.0240,2025-11-03 19:30:55,160.0
0.9640,24.2250,0.4450,84.05,1.1690,2025-11-03 19:30:55,160.0
0.9790,24.2660,0.59,83.91,1.0980,2025-11-03 19:30:55,160.0
0.9630,24.2120,0.6810,83.93,1.0520,2025-11-03 19:30:55,160.0
0.9760,24.2090,0.6050,84.33,1.0740,2025-11-03 19:30:55,160.0
0.9890,24.2940,0.4820,84.25,1.1670,2025-11-03 19:30:55,160.0
0.9830,24.1850,1.0680,84.05,1.07,2025-11-03 19:30:55,160.0
1.0010,24.2420,0.7710,84.07,1.1020,2025-11-03 19:30:55,160.0
0.9860,24.2040,0.47,84.02,1.1070,2025-11-03 19:30:55,160.0
0.9710,24.2460,1.03,84.14,1.0150,2025-11-03 19:30:55,160.0
0.9430,24.2480,0.7280,84.10,1.0660,2025-11-03 19:30:55,160.0
0.9730,24.2010,0.6130,83.95,1.0650,2025-11-03 19:30:55,160.0
0.9550,24.2390,0.7110,83.99,1.1050,2025-11-03 19:30:55,160.0
0.9960,24.2670,0.58,84.08,1.1740,2025-11-03 21:21:01,161.0
0.9650,24.2470,0.50,83.95,1.0850,2025-11-03 21:21:01,161.0
0.9890,24.2080,0.49,84.13,1.0670,2025-11-03 21:21:01,161.0
1.0150,24.3780,0.8660,83.95,1.0530,2025-11-03 21:21:01,161.0
0.9850,24.2080,0.48,84.13,1.1230,2025-11-03 21:21:01,161.0
0.9790,24.1670,0.5780,84.11,1.0820,2025-11-03 21:21:01,161.0
1.0080,24.2030,0.43,84,1.1250,2025-11-03 21:21:01,161.0
1.0030,24.2940,1.1230,84.05,1.1770,2025-11-03 21:21:01,161.0
0.9950,24.2270,0.5980,83.89,1.1390,2025-11-03 21:21:01,161.0
0.9940,24.2920,0.7510,84,1.1360,2025-11-03 21:21:01,161.0
0.9920,24.2590,0.3240,83.96,1.0850,2025-11-03 21:21:01,161.0
0.9920,24.2170,1.1680,84.04,1.1140,2025-11-03 21:21:01,161.0
0.97,24.2540,0.8160,84.09,1.07,2025-11-03 21:21:01,161.0
0.9740,24.2140,0.2560,83.93,1.1540,2025-11-03 21:21:01,161.0
0.9920,24.2460,0.5120,84.35,1.1470,2025-11-03 21:21:01,161.0
0.9640,24.1470,0.8990,83.97,1.1330,2025-11-03 21:21:01,161.0
0.9630,24.2170,0.4240,84.11,1.0290,2025-11-03 21:21:01,161.0
0.9570,24.3310,0.5830,83.78,1.0910,2025-11-03 21:21:01,161.0
0.9920,24.2490,0.7130,84.12,1.1730,2025-11-03 21:21:01,161.0
1.0070,24.3330,0.53,83.88,1.0780,2025-11-03 21:21:01,161.0
0.99,24.2230,0.4850,84.23,1.0070,2025-11-04 11:10:30,162.0
1.0080,24.3360,0.5930,84.30,1.1090,2025-11-04 11:10:30,162.0
1.0150,24.3260,1.0850,83.98,1.1290,2025-11-04 11:10:30,162.0
1.0150,24.29,0.5950,84.05,1.0920,2025-11-04 11:10:30,162.0
0.9740,24.2280,0.6350,83.90,1.0930,2025-11-04 11:10:30,162.0
0.9990,24.2690,0.5170,84.14,1.13,2025-11-04 11:10:30,162.0
0.9940,24.3230,0.3420,84.20,1.0650,2025-11-04 11:10:30,162.0
1.0070,24.2540,0.3890,84.06,1.1810,2025-11-04 11:10:30,162.0
0.9950,24.2590,0.4670,84.09,1.0490,2025-11-04 11:10:30,162.0
1.0050,24.2930,0.6610,84.13,1.1120,2025-11-04 11:10:30,162.0
0.9810,24.2740,0.6760,84.05,1.0930,2025-11-04 11:10:30,162.0
0.9810,24.2860,0.7540,84.31,1.0910,2025-11-04 11:10:30,162.0
0.9580,24.2170,1.02,84.20,1.0540,2025-11-04 11:10:30,162.0
1.0020,24.2320,0.6080,84.30,1.0790,2025-11-04 11:10:30,162.0
0.9840,24.2590,0.6250,83.84,1.0840,2025-11-04 11:10:30,162.0
0.9860,24.3510,0.9770,84.17,1.1160,2025-11-04 11:10:30,162.0
1.0220,24.3030,1.0570,84,1.1250,2025-11-04 11:10:30,162.0
0.9470,24.2890,0.8010,83.89,1.0690,2025-11-04 11:10:30,162.0
0.9690,24.2970,0.6430,84.09,1.10,2025-11-04 11:10:30,162.0
1.0210,24.3450,0.6130,83.97,1.0780,2025-11-04 11:10:30,162.0
0.9440,24.2170,0.6730,83.99,0.9970,2025-11-04 13:20:37,163.0
0.9840,24.2660,0.7380,83.99,1.0750,2025-11-04 13:20:37,163.0
1.0110,24.2420,0.6830,83.98,1.1580,2025-11-04 13:20:37,163.0
0.9690,24.2030,0.8770,83.93,1.0490,2025-11-04 13:20:37,163.0
0.9880,24.2970,0.4820,83.96,1.0570,2025-11-04 13:20:37,163.0
0.9440,24.20,0.5650,83.89,1.0790,2025-11-04 13:20:37,163.0
0.9550,24.2360,0.4870,83.93,1.0920,2025-11-04 13:20:37,163.0
0.9740,24.1820,0.51,84.05,1.1530,2025-11-04 13:20:37,163.0
0.9860,24.3020,0.5020,84.10,1.1080,2025-11-04 13:20:37,163.0
0.9820,24.2740,0.4920,83.88,1.0960,2025-11-04 13:20:37,163.0
1.0020,24.2250,0.5350,83.97,1.0590,2025-11-04 13:20:37,163.0
0.9770,24.2230,0.4870,83.90,1.07,2025-11-04 13:20:37,163.0
0.9190,24.1440,1.1980,84.18,1.0120,2025-11-04 13:20:37,163.0
0.9960,24.2650,0.7480,84.06,1.1720,2025-11-04 13:20:37,163.0
0.94,24.2350,0.5050,84.02,1.0920,2025-11-04 13:20:37,163.0
0.9940,24.21,0.6960,84,1.1150,2025-11-04 13:20:37,163.0
1.0110,24.2050,0.5350,83.94,1.0610,2025-11-04 13:20:37,163.0
1.03,24.2730,0.6930,84.01,1.1860,2025-11-04 13:20:37,163.0
1.0090,24.2530,0.6980,84.10,1.0920,2025-11-04 13:20:37,163.0
1.01,24.2470,0.6280,84.30,1.1370,2025-11-04 13:20:37,163.0
0.9910,24.2540,0.9720,83.99,1.1630,2025-11-04 19:40:55,164.0
0.94,24.1650,0.3670,83.81,1.0210,2025-11-04 19:40:55,164.0
1.0080,24.2710,0.4770,84.16,1.1360,2025-11-04 19:40:55,164.0
1.0010,24.29,0.8510,83.92,1.1390,2025-11-04 19:40:55,164.0
0.94,24.27,0.6150,84.25,1.0450,2025-11-04 19:40:55,164.0
0.9710,24.2180,0.5170,83.84,1.0740,2025-11-04 19:40:55,164.0
0.9610,24.3280,0.51,83.61,1.0520,2025-11-04 19:40:55,164.0
0.94,24.2110,0.4320,83.89,1.0780,2025-11-04 19:40:55,164.0
0.9880,24.2160,0.6380,84.04,1.0990,2025-11-04 19:40:55,164.0
1.0050,24.30,0.5120,83.96,1.0960,2025-11-04 19:40:55,164.0
1.0160,24.2760,0.6330,84.11,1.0460,2025-11-04 19:40:55,164.0
1.0020,24.3390,0.7310,83.89,1.1450,2025-11-04 19:40:55,164.0
0.9570,24.3150,0.7030,84.02,1.0690,2025-11-04 19:40:55,164.0
0.9790,24.3280,0.3920,83.85,1.0980,2025-11-04 19:40:55,164.0
0.9520,24.3020,0.3690,83.95,1.1410,2025-11-04 19:40:55,164.0
0.9730,24.2370,0.8360,83.82,1.0970,2025-11-04 19:40:55,164.0
0.9630,24.1640,0.4620,84.08,1.0750,2025-11-04 19:40:55,164.0
0.9660,24.3370,0.6780,83.85,1.0410,2025-11-04 19:40:55,164.0
0.9570,24.2260,1.1480,83.84,1.0640,2025-11-04 19:40:55,164.0
0.9980,24.2320,0.4920,84.23,1.1250,2025-11-04 19:40:55,164.0
0.9910,24.2520,0.6410,84.22,1.1070,2025-11-04 21:26:01,165.0
1.01,24.2710,0.7890,83.98,1.1130,2025-11-04 21:26:01,165.0
0.9620,24.26,0.5750,83.79,1.02,2025-11-04 21:26:01,165.0
0.9830,24.1780,0.7260,83.80,1.1840,2025-11-04 21:26:01,165.0
1,24.2660,0.5630,84.04,1.1690,2025-11-04 21:26:01,165.0
1.0010,24.2330,0.9870,84.07,1.0930,2025-11-04 21:26:01,165.0
0.9910,24.2640,0.6980,84.15,1.1530,2025-11-04 21:26:01,165.0
0.9850,24.2890,0.5980,84.17,1.1090,2025-11-04 21:26:01,165.0
1.0230,24.2560,0.8590,83.97,1.1210,2025-11-04 21:26:01,165.0
0.9850,24.1750,0.5430,84.18,1.0880,2025-11-04 21:26:01,165.0
0.9880,24.2420,0.7580,84.10,1.1020,2025-11-04 21:26:01,165.0
0.97,24.2220,0.8660,84.15,1.0860,2025-11-04 21:26:01,165.0
0.9780,24.2870,0.7110,83.91,1.0840,2025-11-04 21:26:01,165.0
1.0290,24.3360,0.4520,84.11,1.1830,2025-11-04 21:26:01,165.0
0.9610,24.2310,1.0520,83.96,1.0670,2025-11-04 21:26:01,165.0
0.9840,24.1920,0.9390,84.37,1.1130,2025-11-04 21:26:01,165.0
0.9740,24.2660,0.6630,83.82,1.0250,2025-11-04 21:26:01,165.0
0.9460,24.1440,0.51,83.90,1.0620,2025-11-04 21:26:01,165.0
0.9880,24.18,0.61,84.30,1.1640,2025-11-04 21:26:01,165.0
0.9960,24.2040,0.6930,84.23,1.1340,2025-11-04 21:26:01,165.0
0.9390,24.2930,0.7760,83.95,1.0570,2025-11-05 11:02:47,166.0
1,24.3170,0.5280,83.82,1.1180,2025-11-05 11:02:47,166.0
0.9840,24.2760,0.4120,83.95,1.0780,2025-11-05 11:02:47,166.0
0.9640,24.2570,0.5830,84.10,1.0780,2025-11-05 11:02:47,166.0
0.9870,24.3350,0.6180,83.95,1.08,2025-11-05 11:02:47,166.0
0.99,24.3260,0.6710,83.80,1.1210,2025-11-05 11:02:47,166.0
0.9960,24.31,0.6430,83.86,1.10,2025-11-05 11:02:47,166.0
0.9850,24.3240,0.4470,83.85,1.0850,2025-11-05 11:02:47,166.0
0.9760,24.2380,0.5380,84.21,1.0950,2025-11-05 11:02:47,166.0
1.0120,24.2940,0.8540,84.70,1.1090,2025-11-05 11:02:47,166.0
0.9770,24.2910,0.8540,84.04,1.11,2025-11-05 11:02:47,166.0
0.9820,24.3620,0.5050,84.36,1.1110,2025-11-05 11:02:47,166.0
0.9730,24.2510,0.5980,83.98,1.0770,2025-11-05 11:02:47,166.0
0.97,24.2090,0.8360,83.99,1.1130,2025-11-05 11:02:47,166.0
0.9890,24.3530,0.5630,84.14,1.0730,2025-11-05 11:02:47,166.0
0.9480,24.2050,0.64,83.71,1.0890,2025-11-05 11:02:47,166.0
0.9860,24.2640,0.7590,84.07,1.09,2025-11-05 11:02:47,166.0
0.9790,24.28,1.0270,83.88,1.1110,2025-11-05 11:02:47,166.0
0.9650,24.2160,0.6680,84,1.1610,2025-11-05 11:02:47,166.0
0.9740,24.3270,0.53,83.91,1.0730,2025-11-05 11:02:47,166.0
1.0190,24.2480,0.7130,83.96,1.1650,2025-11-05 13:22:55,167.0
0.9370,24.3280,1.2030,84.06,1.0630,2025-11-05 13:22:55,167.0
0.9740,24.2570,0.4240,83.94,1.0870,2025-11-05 13:22:55,167.0
0.9810,24.22,0.5480,83.89,1.2120,2025-11-05 13:22:55,167.0
0.9650,24.2650,0.5430,83.83,1.0690,2025-11-05 13:22:55,167.0
0.9770,24.2850,0.5850,83.87,1.1280,2025-11-05 13:22:55,167.0
0.9570,24.2460,0.6450,83.89,1.0450,2025-11-05 13:22:55,167.0
0.9930,24.3120,0.49,84.12,1.1380,2025-11-05 13:22:55,167.0
1.0090,24.2440,0.7410,83.88,1.1110,2025-11-05 13:22:55,167.0
0.9830,24.3130,0.7710,84.07,1.1080,2025-11-05 13:22:55,167.0
0.9990,24.2840,0.6610,84.18,1.1110,2025-11-05 13:22:55,167.0
0.9460,24.1870,0.4950,84.10,1.0830,2025-11-05 13:22:55,167.0
0.97,24.2210,0.5950,83.93,1.1330,2025-11-05 13:22:55,167.0
1.01,24.2210,0.8210,84.07,1.1130,2025-11-05 13:22:55,167.0
0.9780,24.2350,0.7430,84.15,1.0330,2025-11-05 13:22:55,167.0
0.9780,24.2840,0.4670,84.17,1.0720,2025-11-05 13:22:55,167.0
0.9730,24.2250,0.7160,84.14,1.1660,2025-11-05 13:22:55,167.0
0.9560,24.2360,0.43,84.19,1.1340,2025-11-05 13:22:55,167.0
1.0130,24.2690,0.6150,84.22,1.1880,2025-11-05 13:22:55,167.0
0.9840,24.2540,0.4620,84.08,1.0640,2025-11-05 13:22:55,167.0
0.9940,24.2220,0.7760,83.96,1.0940,2025-11-05 19:23:11,168.0
0.9720,24.2010,0.5050,83.81,1.0660,2025-11-05 19:23:11,168.0
0.9730,24.2750,1.15,84,1.1240,2025-11-05 19:23:11,168.0
0.9930,24.1990,1.2810,83.93,1.0920,2025-11-05 19:23:11,168.0
0.9630,24.1810,0.5020,84.04,1.0790,2025-11-05 19:23:11,168.0
0.9840,24.22,0.6330,83.78,1.0580,2025-11-05 19:23:11,168.0
0.9830,24.2460,0.59,83.89,1.1080,2025-11-05 19:23:11,168.0
0.9810,24.1920,1.2160,84.01,1.1960,2025-11-05 19:23:11,168.0
0.9950,24.2430,0.7430,83.99,1.0880,2025-11-05 19:23:11,168.0
1.0120,24.3190,0.56,84.03,1.0840,2025-11-05 19:23:11,168.0
0.9470,24.1620,0.6480,83.90,1.0640,2025-11-05 19:23:11,168.0
0.9670,24.2120,0.6550,83.97,1.09,2025-11-05 19:23:11,168.0
0.9570,24.2550,0.6710,83.91,1.1330,2025-11-05 19:23:11,168.0
0.9980,24.2370,0.5320,83.92,1.1490,2025-11-05 19:23:11,168.0
0.9770,24.20,0.7790,83.74,1.0870,2025-11-05 19:23:11,168.0
0.9540,24.2250,0.6580,84.10,1.1410,2025-11-05 19:23:11,168.0
0.9920,24.2630,0.55,83.90,1.0550,2025-11-05 19:23:11,168.0
0.9740,24.2220,0.5980,84.08,1.1280,2025-11-05 19:23:11,168.0
0.9890,24.2420,0.55,83.98,1.19,2025-11-05 19:23:11,168.0
0.9730,24.2030,0.5550,84.06,1.1370,2025-11-05 19:23:11,168.0
0.9990,24.2470,1.1330,83.92,1.1710,2025-11-05 21:23:18,169.0
0.9470,24.20,0.5630,83.96,1.0910,2025-11-05 21:23:18,169.0
0.9750,24.2080,0.7590,83.94,1.12,2025-11-05 21:23:18,169.0
0.9830,24.2590,0.6330,83.96,1.1440,2025-11-05 21:23:18,169.0
1,24.2050,0.5850,84.02,1.1540,2025-11-05 21:23:18,169.0
1.0140,24.3090,0.6710,84.16,1.1030,2025-11-05 21:23:18,169.0
0.97,24.2280,0.5270,83.97,1.1890,2025-11-05 21:23:18,169.0
1.0070,24.2560,0.5070,83.98,1.2080,2025-11-05 21:23:18,169.0
1.0030,24.2550,0.49,83.91,1.1310,2025-11-05 21:23:18,169.0
0.9880,24.2140,0.5050,84.31,1.12,2025-11-05 21:23:18,169.0
1.0070,24.2060,0.6660,83.74,1.1010,2025-11-05 21:23:18,169.0
0.97,24.2340,0.8260,84.15,1.1490,2025-11-05 21:23:18,169.0
0.9850,24.2550,0.62,83.97,1.0440,2025-11-05 21:23:18,169.0
1.0020,24.29,0.47,84.25,1.0860,2025-11-05 21:23:18,169.0
0.9940,24.1490,0.4520,84.08,1.1660,2025-11-05 21:23:18,169.0
0.9430,24.1820,0.3840,83.93,1.0930,2025-11-05 21:23:18,169.0
0.9690,24.2160,0.2490,84.24,1.0850,2025-11-05 21:23:18,169.0
0.9730,24.3190,0.7610,83.96,1.0860,2025-11-05 21:23:18,169.0
0.9460,24.2110,0.5150,84.01,1.1450,2025-11-05 21:23:18,169.0
1.0030,24.2790,0.2960,84.12,1.0870,2025-11-05 21:23:18,169.0
