M,C,d,L,R,T,N
0.6990,20.0150,0.3220,88.7430,1.0280,2025-01-02 12:50:40,0.0
0.7350,20.0460,0.42,89.0890,1.0920,2025-01-02 12:50:40,0.0
0.7290,19.99,0.4940,89.2860,1.0940,2025-01-02 12:50:40,0.0
0.6940,19.9550,0.4870,88.8840,0.9330,2025-01-02 12:50:40,0.0
0.72,20.1190,0.4970,89.1090,1.1010,2025-01-02 12:50:40,0.0
0.7220,19.94,0.5210,89,1.1720,2025-01-02 12:50:40,0.0
0.70,20.0060,0.4790,88.7610,1.0350,2025-01-02 12:50:40,0.0
0.6950,19.94,0.42,89.2260,1.01,2025-01-02 12:50:40,0.0
0.7410,19.9810,0.4090,88.7120,1.1370,2025-01-02 12:50:40,0.0
0.7440,20.0750,0.3710,88.8550,1.1440,2025-01-02 12:50:40,0.0
0.69,20.0460,0.5150,88.74,1.0160,2025-01-02 12:50:40,0.0
0.6610,20.0030,0.5110,89.1260,0.9290,2025-01-02 12:50:40,0.0
0.7260,20.0280,0.4580,89.0520,1.0260,2025-01-02 12:50:40,0.0
0.7490,20.0150,0.5950,88.7580,1.1950,2025-01-02 12:50:40,0.0
0.70,19.9590,0.4620,89.1880,0.9520,2025-01-02 12:50:40,0.0
0.73,19.9840,0.3960,88.9310,1.0970,2025-01-02 12:50:40,0.0
0.6990,19.9590,0.34,89.2310,1.0140,2025-01-02 12:50:40,0.0
0.6870,19.9990,0.4410,88.9050,1.0870,2025-01-02 12:50:40,0.0
0.71,20.0250,0.5070,89.2030,1.05,2025-01-02 12:50:40,0.0
0.70,19.9740,0.5320,88.9710,1.0070,2025-01-02 12:50:40,0.0
0.7260,20.0870,0.4270,88.95,1.0920,2025-01-02 21:15:55,1.0
0.7020,19.8610,0.5770,89.3240,1.0670,2025-01-02 21:15:55,1.0
0.6810,19.9590,0.4340,88.8440,0.9990,2025-01-02 21:15:55,1.0
0.7060,19.9270,0.4550,89.1750,1.0120,2025-01-02 21:15:55,1.0
0.71,19.9810,0.4020,89.0110,0.9860,2025-01-02 21:15:55,1.0
0.7230,19.9740,0.5320,89.0540,1.06,2025-01-02 21:15:55,1.0
0.6980,20.0090,0.48,88.86,1.0480,2025-01-02 21:15:55,1.0
0.7130,20.0150,0.5320,88.9360,1.0540,2025-01-02 21:15:55,1.0
0.7510,20.1250,0.4340,89.3060,1.1320,2025-01-02 21:15:55,1.0
0.6970,19.9080,0.5780,89.3910,0.9620,2025-01-02 21:15:55,1.0
0.6860,19.9180,0.4230,89.0610,1.06,2025-01-02 21:15:55,1.0
0.6930,19.8770,0.3330,89.25,1.0360,2025-01-02 21:15:55,1.0
0.6760,19.9710,0.6620,89.2380,0.98,2025-01-02 21:15:55,1.0
0.7150,19.9960,0.3530,88.6030,1.0720,2025-01-02 21:15:55,1.0
0.70,19.9430,0.56,88.9180,0.9490,2025-01-02 21:15:55,1.0
0.7530,19.9990,0.3610,89.3860,1.0610,2025-01-02 21:15:55,1.0
0.7070,20.0970,0.3780,88.9790,1.0460,2025-01-02 21:15:55,1.0
0.7090,19.9770,0.6370,89.5370,1.1590,2025-01-02 21:15:55,1.0
0.7040,19.9620,0.4480,88.9360,0.9930,2025-01-02 21:15:55,1.0
0.7130,20.0210,0.4130,88.5740,1.0620,2025-01-02 21:15:55,1.0
0.7270,19.93,0.5210,89.2340,1.0940,2025-01-03 11:30:32,2.0
0.7030,19.9270,0.41,89.1310,1.1270,2025-01-03 11:30:32,2.0
0.7270,20.0340,0.3810,88.79,1.1930,2025-01-03 11:30:32,2.0
0.6820,19.8170,0.5530,89.1630,0.9850,2025-01-03 11:30:32,2.0
0.7340,19.9080,0.4620,89.1850,1.1880,2025-01-03 11:30:32,2.0
0.7220,19.9990,0.43,88.6320,1.0950,2025-01-03 11:30:32,2.0
0.7410,20.0180,0.4550,89.10,1.1520,2025-01-03 11:30:32,2.0
0.7440,19.9740,0.4690,89.1260,1.1260,2025-01-03 11:30:32,2.0
0.7060,19.9930,0.3190,88.6980,1.0660,2025-01-03 11:30:32,2.0
0.7110,19.8960,0.5770,88.7080,1.0860,2025-01-03 11:30:32,2.0
0.70,19.8770,0.4310,88.86,1.0620,2025-01-03 11:30:32,2.0
0.7010,19.8450,0.4690,88.7770,1.0020,2025-01-03 11:30:32,2.0
0.6960,19.8770,0.6510,89.0240,1.0180,2025-01-03 11:30:32,2.0
0.6790,19.9020,0.2340,88.9440,1.0090,2025-01-03 11:30:32,2.0
0.7060,19.8890,0.2870,88.9130,1.0530,2025-01-03 11:30:32,2.0
0.6730,19.8490,0.4940,89.0270,0.9350,2025-01-03 11:30:32,2.0
0.7280,20.0210,0.2870,89.19,1.2020,2025-01-03 11:30:32,2.0
0.7090,19.9650,0.5710,88.9610,1.10,2025-01-03 11:30:32,2.0
0.7210,19.9210,0.4480,88.5530,1.1560,2025-01-03 11:30:32,2.0
0.7010,19.9210,0.4550,89.2260,1.0230,2025-01-03 11:30:32,2.0
0.7060,19.9430,0.5840,88.9410,1.0750,2025-01-03 13:00:38,3.0
0.7040,19.7920,0.6720,88.7470,1.0260,2025-01-03 13:00:38,3.0
0.7220,19.8740,0.6340,88.9860,1.1270,2025-01-03 13:00:38,3.0
0.6630,19.9150,0.1680,88.4380,1.0120,2025-01-03 13:00:38,3.0
0.7210,20.0250,0.3920,89.1860,1.1440,2025-01-03 13:00:38,3.0
0.6790,19.9080,0.3570,88.6220,1.06,2025-01-03 13:00:38,3.0
0.6990,19.94,0.4270,88.9080,0.98,2025-01-03 13:00:38,3.0
0.74,19.9620,0.49,88.91,1.1880,2025-01-03 13:00:38,3.0
0.68,19.9460,0.6760,88.5470,1.0240,2025-01-03 13:00:38,3.0
0.7270,19.9710,0.5950,88.7570,1.1610,2025-01-03 13:00:38,3.0
0.7130,19.94,0.55,89.1280,1.08,2025-01-03 13:00:38,3.0
0.71,19.9810,0.4940,88.7240,1.0630,2025-01-03 13:00:38,3.0
0.6810,19.8830,0.4130,89.1060,0.9630,2025-01-03 13:00:38,3.0
0.7080,19.9330,0.3570,88.6820,1.1320,2025-01-03 13:00:38,3.0
0.7150,19.93,0.4760,89.1920,1.1270,2025-01-03 13:00:38,3.0
0.7220,19.9810,0.4970,89.0840,1.1240,2025-01-03 13:00:38,3.0
0.7220,19.9490,0.5290,88.3750,1.1990,2025-01-03 13:00:38,3.0
0.7250,19.9960,0.56,88.8970,1.0760,2025-01-03 13:00:38,3.0
0.6690,19.9520,0.6120,89.1060,1.0030,2025-01-03 13:00:38,3.0
0.7090,19.9620,0.3640,88.9060,1.1060,2025-01-03 13:00:38,3.0
0.7060,19.9330,0.42,89.0560,1.1060,2025-01-03 19:25:53,4.0
0.6920,19.8550,0.6410,89.1940,1.0660,2025-01-03 19:25:53,4.0
0.7530,20.0970,0.4170,89.0410,1.1520,2025-01-03 19:25:53,4.0
0.6970,19.9990,0.5040,88.8920,1.0760,2025-01-03 19:25:53,4.0
0.7170,19.9150,0.43,88.8790,1.1980,2025-01-03 19:25:53,4.0
0.7230,19.9430,0.3290,89.2160,1.1050,2025-01-03 19:25:53,4.0
0.6920,19.9550,0.5670,88.9580,1.0080,2025-01-03 19:25:53,4.0
0.7290,19.9960,0.3670,88.8940,1.1460,2025-01-03 19:25:53,4.0
0.6960,19.9430,0.5740,89.0480,0.9930,2025-01-03 19:25:53,4.0
0.7020,19.9650,0.4090,88.9620,1.0440,2025-01-03 19:25:53,4.0
0.6890,19.9770,0.2980,88.8220,0.9890,2025-01-03 19:25:53,4.0
0.7370,19.99,0.4650,88.9030,1.1510,2025-01-03 19:25:53,4.0
0.68,19.8170,0.7490,88.7080,0.9480,2025-01-03 19:25:53,4.0
0.7010,19.9370,0.3750,88.6890,0.9690,2025-01-03 19:25:53,4.0
0.7150,19.9240,0.2940,88.8150,1.1360,2025-01-03 19:25:53,4.0
0.6910,19.9370,0.4690,88.6860,1.0650,2025-01-03 19:25:53,4.0
0.7110,19.9370,0.4480,88.7390,1.0820,2025-01-03 19:25:53,4.0
0.7070,19.9650,0.4440,88.7720,1.0880,2025-01-03 19:25:53,4.0
0.75,20.0620,0.4020,88.8430,1.1480,2025-01-03 19:25:53,4.0
0.6890,19.9330,0.43,88.5050,1.0710,2025-01-03 19:25:53,4.0
0.7490,19.9770,0.3530,88.8120,1.1950,2025-01-04 07:53:48,5.0
0.7260,20.0250,0.3890,88.7310,1.0910,2025-01-04 07:53:48,5.0
0.7070,19.9460,0.4060,88.7620,1.11,2025-01-04 07:53:48,5.0
0.70,19.8670,0.4170,88.6170,1.1130,2025-01-04 07:53:48,5.0
0.6960,19.9330,0.5250,88.6850,1.18,2025-01-04 07:53:48,5.0
0.72,20.0310,0.4340,88.7320,1.2710,2025-01-04 07:53:48,5.0
0.7040,19.9270,0.3990,88.51,1.1450,2025-01-04 07:53:48,5.0
0.7020,19.9960,0.5210,88.37,1.1120,2025-01-04 07:53:48,5.0
0.7270,19.99,0.3710,88.95,1.2080,2025-01-04 07:53:48,5.0
0.7220,19.9740,0.5070,88.7580,1.2180,2025-01-04 07:53:48,5.0
0.7430,20.0460,0.4130,88.4750,1.2750,2025-01-04 07:53:48,5.0
0.6890,19.9050,0.2310,88.5870,1.1260,2025-01-04 07:53:48,5.0
0.7080,19.94,0.48,88.5930,1.0570,2025-01-04 07:53:48,5.0
0.7070,19.8580,0.6720,88.5250,1.1780,2025-01-04 07:53:48,5.0
0.7480,19.99,0.4230,88.6010,1.0920,2025-01-04 07:53:48,5.0
0.7010,19.8930,0.4510,88.73,1.0940,2025-01-04 07:53:48,5.0
0.74,20.04,0.3220,88.8680,1.2220,2025-01-04 07:53:48,5.0
0.7190,19.8930,0.4620,88.7950,1.1620,2025-01-04 07:53:48,5.0
0.7250,19.9810,0.5430,88.80,1.1980,2025-01-04 07:53:48,5.0
0.7270,19.9650,0.41,88.5240,1.2210,2025-01-04 07:53:48,5.0
0.6650,19.9460,0.4440,88.4890,1.11,2025-01-04 11:03:57,6.0
0.6710,20.0120,0.2480,88.6690,0.9180,2025-01-04 11:03:57,6.0
0.7210,19.9370,0.4650,88.8370,1.1620,2025-01-04 11:03:57,6.0
0.7060,20.0090,0.3430,88.8280,1.0940,2025-01-04 11:03:57,6.0
0.7090,20.0250,0.4940,89.0280,1.0640,2025-01-04 11:03:57,6.0
0.70,19.8830,0.3110,88.6830,1.1230,2025-01-04 11:03:57,6.0
0.6810,19.9960,0.4760,88.6820,1.0360,2025-01-04 11:03:57,6.0
0.7360,19.9430,0.3920,88.8190,1.1870,2025-01-04 11:03:57,6.0
0.71,20.0430,0.4130,88.6720,1.1470,2025-01-04 11:03:57,6.0
0.7210,19.9840,0.42,88.8640,1.2060,2025-01-04 11:03:57,6.0
0.6720,19.9370,0.3050,88.6840,1.1050,2025-01-04 11:03:57,6.0
0.72,19.9330,0.5950,88.4460,0.9980,2025-01-04 11:03:57,6.0
0.6980,19.8890,0.4170,89.0360,1.09,2025-01-04 11:03:57,6.0
0.7120,19.88,0.4830,88.7920,1.0470,2025-01-04 11:03:57,6.0
0.7130,19.9740,0.2690,88.5710,1.2260,2025-01-04 11:03:57,6.0
0.7390,19.8930,0.6120,88.7510,1.1850,2025-01-04 11:03:57,6.0
0.7040,19.9550,0.5280,88.6670,1.1640,2025-01-04 11:03:57,6.0
0.6870,19.9050,0.5110,88.8120,1.0560,2025-01-04 11:03:57,6.0
0.7030,19.8490,0.4620,88.5620,1.01,2025-01-04 11:03:57,6.0
0.7030,19.9990,0.3920,88.9310,1.2070,2025-01-04 11:03:57,6.0
0.7150,19.9810,0.3890,88.5150,1.0680,2025-01-04 12:49:03,7.0
0.6920,19.9620,0.4270,88.8830,1.1660,2025-01-04 12:49:03,7.0
0.6750,19.9870,0.2770,88.79,1.1030,2025-01-04 12:49:03,7.0
0.7160,19.9150,0.5770,88.83,1.1860,2025-01-04 12:49:03,7.0
0.71,19.9460,0.2070,88.6490,1.1860,2025-01-04 12:49:03,7.0
0.7190,20.0310,0.4270,88.5950,1.0670,2025-01-04 12:49:03,7.0
0.6790,19.9210,0.5080,88.78,1.0890,2025-01-04 12:49:03,7.0
0.7040,19.9870,0.34,88.6270,1.2190,2025-01-04 12:49:03,7.0
0.7010,19.9770,0.4760,88.5880,1.08,2025-01-04 12:49:03,7.0
0.7140,19.9960,0.3710,88.9140,1.3070,2025-01-04 12:49:03,7.0
0.6960,20.0120,0.41,88.8830,1.2080,2025-01-04 12:49:03,7.0
0.6930,19.8580,0.5290,88.7190,0.99,2025-01-04 12:49:03,7.0
0.6870,19.9590,0.4830,89.2640,1.1860,2025-01-04 12:49:03,7.0
0.7210,20.0060,0.3220,88.8720,1.1590,2025-01-04 12:49:03,7.0
0.7170,19.9810,0.5250,88.7510,1.2250,2025-01-04 12:49:03,7.0
0.6990,20.0250,0.5210,88.77,1.1110,2025-01-04 12:49:03,7.0
0.7090,20.0310,0.3710,88.92,1.1140,2025-01-04 12:49:03,7.0
0.6780,19.9270,0.4410,88.5710,1.0760,2025-01-04 12:49:03,7.0
0.7040,20.0090,0.4550,88.6720,1.0510,2025-01-04 12:49:03,7.0
0.6890,19.94,0.4270,88.8140,1.0480,2025-01-04 12:49:03,7.0
0.6890,20.0030,0.3290,88.7690,1.0190,2025-01-04 19:09:07,8.0
0.6860,19.9080,0.3670,88.7340,1.0530,2025-01-04 19:09:07,8.0
0.7220,20.0250,0.5710,88.9310,1.1180,2025-01-04 19:09:07,8.0
0.70,19.9770,0.5290,88.8190,1.0210,2025-01-04 19:09:07,8.0
0.7170,20.0340,0.4090,88.6890,1.1530,2025-01-04 19:09:07,8.0
0.7150,20.0680,0.6540,88.5960,1.0480,2025-01-04 19:09:07,8.0
0.7020,19.8740,0.6790,88.7770,1,2025-01-04 19:09:07,8.0
0.7210,19.93,0.3320,89.1540,1.0990,2025-01-04 19:09:07,8.0
0.7080,19.94,0.50,88.9430,1.0320,2025-01-04 19:09:07,8.0
0.7380,20.0750,0.3750,89.0060,1.1590,2025-01-04 19:09:07,8.0
0.7130,20.0430,0.3220,89.0180,1.0650,2025-01-04 19:09:07,8.0
0.72,19.9460,0.2940,88.62,1.0820,2025-01-04 19:09:07,8.0
0.7150,19.9620,0.5280,88.51,1.0480,2025-01-04 19:09:07,8.0
0.7110,20.0250,0.5740,89.1010,1.1340,2025-01-04 19:09:07,8.0
0.7350,20.1030,0.5220,89.09,1.1660,2025-01-04 19:09:07,8.0
0.7240,20.0430,0.3680,88.85,1.1030,2025-01-04 19:09:07,8.0
0.7360,20.0310,0.4940,88.8180,1.1330,2025-01-04 19:09:07,8.0
0.7160,19.9960,0.3570,88.9070,1.13,2025-01-04 19:09:07,8.0
0.6970,19.9270,0.43,88.4080,1.0910,2025-01-04 19:09:07,8.0
0.7110,19.9740,0.3290,88.6420,1.0460,2025-01-04 19:09:07,8.0
0.7370,20.0250,0.4090,89.2010,1.1520,2025-01-04 21:14:15,9.0
0.7070,20.0970,0.4450,88.8950,1.0260,2025-01-04 21:14:15,9.0
0.6990,20.0870,0.4230,88.1390,1.0160,2025-01-04 21:14:15,9.0
0.7160,20.0650,0.5290,88.6570,1.1040,2025-01-04 21:14:15,9.0
0.7120,20.0370,0.4690,88.4940,1.0450,2025-01-04 21:14:15,9.0
0.7070,20.0180,0.3460,88.9130,1.0580,2025-01-04 21:14:15,9.0
0.6620,19.9930,0.4970,88.4580,1.0030,2025-01-04 21:14:15,9.0
0.7280,20.0780,0.4230,88.8020,1.1750,2025-01-04 21:14:15,9.0
0.7390,20.1780,0.6680,88.8820,1.1640,2025-01-04 21:14:15,9.0
0.6980,20.0720,0.6270,88.3430,1.0750,2025-01-04 21:14:15,9.0
0.6850,19.9330,0.3710,88.8030,1.0340,2025-01-04 21:14:15,9.0
0.7340,20.0840,0.6410,89.2590,1.1290,2025-01-04 21:14:15,9.0
0.7110,20.04,0.5280,88.9520,1.1110,2025-01-04 21:14:15,9.0
0.7010,19.9590,0.4270,88.7020,1.0370,2025-01-04 21:14:15,9.0
0.7320,19.9840,0.5040,88.9690,1.0770,2025-01-04 21:14:15,9.0
0.7140,20.0620,0.5390,88.6080,1.0370,2025-01-04 21:14:15,9.0
0.6870,20.0210,0.4650,88.4230,1.0330,2025-01-04 21:14:15,9.0
0.7270,20.0250,0.6480,88.7780,1.0490,2025-01-04 21:14:15,9.0
0.6980,20.04,0.5390,88.54,1.0380,2025-01-04 21:14:15,9.0
0.7030,20.0530,0.3880,88.3690,0.9870,2025-01-04 21:14:15,9.0
0.7480,20.2440,0.4090,88.9650,1.1850,2025-01-04 21:24:16,10.0
0.68,20.0650,0.3290,88.71,0.9760,2025-01-04 21:24:16,10.0
0.7430,20.15,0.4020,88.6930,1.1130,2025-01-04 21:24:16,10.0
0.6860,20.1410,0.4760,88.5560,1.04,2025-01-04 21:24:16,10.0
0.73,20.16,0.5990,88.7660,1.1430,2025-01-04 21:24:16,10.0
0.7350,20.1780,0.2980,88.7490,1.1540,2025-01-04 21:24:16,10.0
0.6990,20.1060,0.4170,88.9190,1.0630,2025-01-04 21:24:16,10.0
0.7260,20.1690,0.4860,88.6290,1.0790,2025-01-04 21:24:16,10.0
0.7180,20.2510,0.4620,88.5310,1.05,2025-01-04 21:24:16,10.0
0.7060,20.1190,0.3250,88.8390,1.0480,2025-01-04 21:24:16,10.0
0.6940,20.1160,0.3920,88.59,1.0050,2025-01-04 21:24:16,10.0
0.6870,20.1310,0.4240,88.5480,1.0130,2025-01-04 21:24:16,10.0
0.7480,20.1630,0.3850,88.78,1.1030,2025-01-04 21:24:16,10.0
0.7110,20.0870,0.3640,88.6440,1.1010,2025-01-04 21:24:16,10.0
0.7240,20.1030,0.4550,88.61,1.1460,2025-01-04 21:24:16,10.0
0.7030,20.1160,0.2240,88.3450,1.0450,2025-01-04 21:24:16,10.0
0.7130,20.21,0.5570,88.5940,1.0390,2025-01-04 21:24:16,10.0
0.7190,20.1090,0.5530,88.6820,1.0660,2025-01-04 21:24:16,10.0
0.7670,20.1780,0.6020,88.9980,1.1840,2025-01-04 21:24:16,10.0
0.7260,20.21,0.4510,88.5890,1.0820,2025-01-04 21:24:16,10.0
0.7270,20.0340,0.3150,88.9150,1.0880,2025-01-05 11:02:21,11.0
0.6660,19.8860,0.3010,88.73,0.9510,2025-01-05 11:02:21,11.0
0.7010,20.0280,0.5810,89.0950,0.9590,2025-01-05 11:02:21,11.0
0.6750,19.9430,0.5250,88.9450,0.9450,2025-01-05 11:02:21,11.0
0.6940,19.9710,0.42,88.6760,1.0260,2025-01-05 11:02:21,11.0
0.7050,19.9870,0.49,88.8660,1.0220,2025-01-05 11:02:21,11.0
0.6770,19.9210,0.5910,88.6170,1.0080,2025-01-05 11:02:21,11.0
0.7090,20.04,0.5910,88.7840,0.98,2025-01-05 11:02:21,11.0
0.6870,19.9680,0.4870,88.6190,1.0070,2025-01-05 11:02:21,11.0
0.7010,20.0150,0.6620,105.9480,1.0640,2025-01-05 11:02:21,11.0
0.6870,19.9590,0.3680,88.6440,1.0210,2025-01-05 11:02:21,11.0
0.6990,19.9110,0.3430,88.5560,0.99,2025-01-05 11:02:21,11.0
0.6910,19.9810,0.3330,88.5880,0.9880,2025-01-05 11:02:21,11.0
0.6950,19.9650,0.4720,88.9560,1.0680,2025-01-05 11:02:21,11.0
0.6850,20.0210,0.4550,88.8420,1.0440,2025-01-05 11:02:21,11.0
0.7150,19.9590,0.3990,88.7160,1.0150,2025-01-05 11:02:21,11.0
0.68,20.0530,0.3570,88.8220,0.9560,2025-01-05 11:02:21,11.0
0.7120,20.0280,0.4520,88.8840,1.01,2025-01-05 11:02:21,11.0
0.7250,19.9490,0.5420,88.8650,1.1230,2025-01-05 11:02:21,11.0
0.7120,20.1160,0.3810,89.0050,1.0010,2025-01-05 11:02:21,11.0
0.6840,19.9210,0.5770,89.4230,0.9850,2025-01-05 13:17:30,12.0
0.7060,19.9840,0.2940,89.0760,0.9970,2025-01-05 13:17:30,12.0
0.7260,20.0030,0.5640,89.0430,1.0940,2025-01-05 13:17:30,12.0
0.6910,19.9520,0.5850,88.5980,0.9960,2025-01-05 13:17:30,12.0
0.7080,19.9650,0.5220,88.8230,0.9970,2025-01-05 13:17:30,12.0
0.7020,20.0810,0.4380,88.7750,1.0240,2025-01-05 13:17:30,12.0
0.6890,19.9270,0.4170,88.94,0.9980,2025-01-05 13:17:30,12.0
0.6990,19.9370,0.3640,89.1710,1.0210,2025-01-05 13:17:30,12.0
0.71,19.9590,0.5420,89.0940,1.0790,2025-01-05 13:17:30,12.0
0.7390,20.1340,0.4270,89.7530,1.1130,2025-01-05 13:17:30,12.0
0.6890,19.8930,0.3540,88.8170,0.9480,2025-01-05 13:17:30,12.0
0.7130,19.9520,0.4620,88.83,1.0870,2025-01-05 13:17:30,12.0
0.7320,20.0090,0.4730,88.7060,1.08,2025-01-05 13:17:30,12.0
0.7420,19.9180,0.3250,88.64,1.1220,2025-01-05 13:17:30,12.0
0.7270,19.9590,0.3850,89.1260,1.0810,2025-01-05 13:17:30,12.0
0.7120,20.0060,0.6120,89.19,1.0690,2025-01-05 13:17:30,12.0
0.6760,19.9270,0.5850,88.5720,1.0240,2025-01-05 13:17:30,12.0
0.70,19.8450,0.4620,88.4270,0.9960,2025-01-05 13:17:30,12.0
0.7280,20.1030,0.5740,89.0380,1.0650,2025-01-05 13:17:30,12.0
0.6810,20.0060,0.5150,88.6560,0.9520,2025-01-05 13:17:30,12.0
0.6990,20.0340,0.3430,88.4060,1.0660,2025-01-05 19:01:57,13.0
0.7140,20.0620,0.3320,88.9620,1.0790,2025-01-05 19:01:57,13.0
0.7430,20.0060,0.5530,88.6210,1.1110,2025-01-05 19:01:57,13.0
0.6960,20.0030,0.4940,88.8410,1.0230,2025-01-05 19:01:57,13.0
0.74,20.1090,0.4660,88.89,1.1360,2025-01-05 19:01:57,13.0
0.7230,19.9210,0.5810,89.06,1.1380,2025-01-05 19:01:57,13.0
0.7260,20.0060,0.4520,88.8970,1.0940,2025-01-05 19:01:57,13.0
0.7110,19.8890,0.6090,88.93,1.0250,2025-01-05 19:01:57,13.0
0.7360,20.0680,0.49,88.6360,1.1260,2025-01-05 19:01:57,13.0
0.7170,20.0060,0.4410,89.0860,1.08,2025-01-05 19:01:57,13.0
0.6970,19.9740,0.5840,88.8620,1.0240,2025-01-05 19:01:57,13.0
0.7160,19.9650,0.3110,89.0650,1.0690,2025-01-05 19:01:57,13.0
0.7050,19.9840,0.4760,88.7990,1.0570,2025-01-05 19:01:57,13.0
0.7250,19.8890,0.3960,88.8780,1.0980,2025-01-05 19:01:57,13.0
0.7080,19.9680,0.4060,89.0280,1.0770,2025-01-05 19:01:57,13.0
0.6870,19.8610,0.4440,88.5980,0.9990,2025-01-05 19:01:57,13.0
0.7160,19.8450,0.5910,89.0180,1.0770,2025-01-05 19:01:57,13.0
0.6970,19.8520,0.3710,89.0410,1.0090,2025-01-05 19:01:57,13.0
0.7080,19.9370,0.2660,88.6160,1.13,2025-01-05 19:01:57,13.0
0.7090,20.0180,0.4270,88.62,1.0960,2025-01-05 19:01:57,13.0
0.6850,20.0310,0.4790,89.0320,0.9420,2025-01-05 21:12:05,14.0
0.6910,19.9080,0.6440,88.6240,1.0030,2025-01-05 21:12:05,14.0
0.6820,19.9490,0.49,88.7380,0.9990,2025-01-05 21:12:05,14.0
0.7360,20.16,0.5640,88.9080,1.1190,2025-01-05 21:12:05,14.0
0.6830,20.0210,0.4760,89.0960,1.0010,2025-01-05 21:12:05,14.0
0.7190,20.0280,0.3990,88.7440,1.0380,2025-01-05 21:12:05,14.0
0.6860,19.9550,0.6230,89.0260,0.9340,2025-01-05 21:12:05,14.0
0.6960,19.93,0.2730,88.7070,1.0050,2025-01-05 21:12:05,14.0
0.6960,19.8890,0.4170,88.4630,0.9850,2025-01-05 21:12:05,14.0
0.7020,19.94,0.3360,88.7290,0.97,2025-01-05 21:12:05,14.0
0.7080,19.9180,0.6440,89.30,1.0180,2025-01-05 21:12:05,14.0
0.7260,20.0370,0.4270,88.9720,1.0910,2025-01-05 21:12:05,14.0
0.6840,19.9680,0.3990,88.8070,0.9930,2025-01-05 21:12:05,14.0
0.7060,19.9050,0.2980,88.4460,1.05,2025-01-05 21:12:05,14.0
0.7220,20.0560,0.5390,88.7630,1.0860,2025-01-05 21:12:05,14.0
0.6870,19.9150,0.3810,88.4110,0.9780,2025-01-05 21:12:05,14.0
0.72,20.0650,0.41,88.75,1.1360,2025-01-05 21:12:05,14.0
0.7060,19.9770,0.5560,88.9660,0.9940,2025-01-05 21:12:05,14.0
0.7160,19.9550,0.8820,89.0670,1.1340,2025-01-05 21:12:05,14.0
0.71,19.99,0.4690,88.9070,1.0670,2025-01-05 21:12:05,14.0
0.7180,19.9740,0.41,88.7830,1.0690,2025-01-06 11:15:02,15.0
0.6810,19.9270,0.3610,88.7590,1.0340,2025-01-06 11:15:02,15.0
0.7110,19.8490,0.3460,88.8740,1.0020,2025-01-06 11:15:02,15.0
0.6790,19.8830,0.6020,88.5670,1.0140,2025-01-06 11:15:02,15.0
0.7090,19.9620,0.3780,88.7930,1.08,2025-01-06 11:15:02,15.0
0.71,20.0340,0.3780,88.5870,1.0370,2025-01-06 11:15:02,15.0
0.7410,19.9770,0.2730,88.6350,1.1270,2025-01-06 11:15:02,15.0
0.7320,19.9680,0.43,88.6170,1.1290,2025-01-06 11:15:02,15.0
0.6780,19.8860,0.5630,89.07,1.0010,2025-01-06 11:15:02,15.0
0.6970,19.9960,0.4620,88.5560,0.9770,2025-01-06 11:15:02,15.0
0.72,19.8890,0.7840,88.8320,0.9740,2025-01-06 11:15:02,15.0
0.6850,19.8490,0.3610,89.0110,1.0040,2025-01-06 11:15:02,15.0
0.6960,19.8550,0.3810,88.7720,1.0290,2025-01-06 11:15:02,15.0
0.70,19.9810,0.4760,89.2040,1.0390,2025-01-06 11:15:02,15.0
0.7140,19.9740,0.3960,88.8390,1.1290,2025-01-06 11:15:02,15.0
0.7170,19.9110,0.4730,88.6790,1.11,2025-01-06 11:15:02,15.0
0.7270,19.9840,0.4450,89.0690,1.0710,2025-01-06 11:15:02,15.0
0.7180,19.9930,0.2730,88.7730,1.1420,2025-01-06 11:15:02,15.0
0.72,19.8860,0.4340,88.8570,1.1320,2025-01-06 11:15:02,15.0
0.7290,19.94,0.4730,88.9070,1.0890,2025-01-06 11:15:02,15.0
0.7040,19.9870,0.4830,88.5560,1.1240,2025-01-06 13:05:14,16.0
0.6930,19.9680,0.3610,89.0850,1.0120,2025-01-06 13:05:14,16.0
0.7150,19.9460,0.34,88.8150,1,2025-01-06 13:05:14,16.0
0.73,19.9810,0.4940,88.87,1.06,2025-01-06 13:05:14,16.0
0.7430,20.0430,0.49,89.0580,1.1520,2025-01-06 13:05:14,16.0
0.7160,19.9650,0.3080,89.0790,1.04,2025-01-06 13:05:14,16.0
0.7380,19.9770,0.5040,88.6590,1.1090,2025-01-06 13:05:14,16.0
0.69,19.9810,0.4870,88.49,1.08,2025-01-06 13:05:14,16.0
0.7160,19.9960,0.5070,88.9520,1.0460,2025-01-06 13:05:14,16.0
0.6990,19.9550,0.4520,88.9060,1.0680,2025-01-06 13:05:14,16.0
0.6890,19.9650,0.3920,88.5060,1.0670,2025-01-06 13:05:14,16.0
0.74,20.0430,0.4270,89.0150,1.1810,2025-01-06 13:05:14,16.0
0.7310,20.0370,0.4230,88.9870,1.1440,2025-01-06 13:05:14,16.0
0.71,19.9960,0.4620,88.6950,1.0860,2025-01-06 13:05:14,16.0
0.6930,20.0250,0.3640,88.4940,0.9820,2025-01-06 13:05:14,16.0
0.7160,19.9810,0.5080,88.6860,1.0040,2025-01-06 13:05:14,16.0
0.71,19.9460,0.4690,88.7570,1.0670,2025-01-06 13:05:14,16.0
0.6910,19.93,0.5150,88.91,1.02,2025-01-06 13:05:14,16.0
0.7180,20.0210,0.6230,88.9630,1.1240,2025-01-06 13:05:14,16.0
0.7470,19.9240,0.3710,89.1740,1.2580,2025-01-06 13:05:14,16.0
0.7050,20.0090,0.4550,88.9080,0.9480,2025-01-06 19:15:23,17.0
0.7060,19.9990,0.5740,89.0320,1.0310,2025-01-06 19:15:23,17.0
0.6910,19.9810,0.3120,88.8430,1.0010,2025-01-06 19:15:23,17.0
0.71,20.0340,0.2870,89.0270,1.0620,2025-01-06 19:15:23,17.0
0.7030,19.9840,0.3150,89.0490,1.0150,2025-01-06 19:15:23,17.0
0.7070,19.9620,0.4130,88.7570,1.1440,2025-01-06 19:15:23,17.0
0.7250,19.8890,0.5840,88.9320,1.12,2025-01-06 19:15:23,17.0
0.7340,20.0460,0.4550,89.0460,1.0840,2025-01-06 19:15:23,17.0
0.7010,20.0060,0.2520,88.6290,1.0130,2025-01-06 19:15:23,17.0
0.7020,19.8990,0.3850,89.0070,1.0330,2025-01-06 19:15:23,17.0
0.7280,19.9770,0.5670,88.9630,1.1520,2025-01-06 19:15:23,17.0
0.7210,19.9550,0.4230,88.6140,1.0780,2025-01-06 19:15:23,17.0
0.7450,20.0530,0.3670,88.7540,1.1760,2025-01-06 19:15:23,17.0
0.7170,20.0750,0.3710,89.2660,1.1170,2025-01-06 19:15:23,17.0
0.7220,19.8930,0.4620,89.1870,1.0550,2025-01-06 19:15:23,17.0
0.7120,19.9050,0.5740,88.9480,1.1110,2025-01-06 19:15:23,17.0
0.7070,20.1030,0.4340,88.9830,1.1420,2025-01-06 19:15:23,17.0
0.6880,19.9680,0.3220,88.7080,1.0150,2025-01-06 19:15:23,17.0
0.7460,19.9050,0.4690,89.1840,1.0760,2025-01-06 19:15:23,17.0
0.7420,19.9870,0.41,89.0220,1.1680,2025-01-06 19:15:23,17.0
0.7180,19.94,0.5430,88.6670,1.1020,2025-01-06 21:10:31,18.0
0.70,19.9990,0.56,88.6840,1.0120,2025-01-06 21:10:31,18.0
0.6980,20.0340,0.42,89.0180,1.01,2025-01-06 21:10:31,18.0
0.7240,20.0530,0.4690,88.78,1.1530,2025-01-06 21:10:31,18.0
0.7390,19.9870,0.3850,88.7680,1.1380,2025-01-06 21:10:31,18.0
0.7220,20.0750,0.4450,88.69,1.0580,2025-01-06 21:10:31,18.0
0.7280,19.9210,0.4480,89.1410,1.0720,2025-01-06 21:10:31,18.0
0.6710,19.9960,0.3960,88.5960,0.9180,2025-01-06 21:10:31,18.0
0.7140,19.9770,0.50,89.02,1.10,2025-01-06 21:10:31,18.0
0.7180,19.9180,0.50,89.0220,1.10,2025-01-06 21:10:31,18.0
0.7020,19.9550,0.3220,89.1290,0.9970,2025-01-06 21:10:31,18.0
0.7220,19.9430,0.4870,88.8090,1.1170,2025-01-06 21:10:31,18.0
0.6950,19.9840,0.5570,88.4590,1.08,2025-01-06 21:10:31,18.0
0.7440,20.0750,0.5180,89.0440,1.1070,2025-01-06 21:10:31,18.0
0.73,19.9460,0.3850,89.4030,1.0050,2025-01-06 21:10:31,18.0
0.6960,20.04,0.2940,88.9590,1.0490,2025-01-06 21:10:31,18.0
0.7070,20.0430,0.4450,88.8020,1.0290,2025-01-06 21:10:31,18.0
0.7560,20.0720,0.55,89.0680,1.1260,2025-01-06 21:10:31,18.0
0.7470,20.0620,0.4410,89.2810,1.1290,2025-01-06 21:10:31,18.0
0.7360,20.0530,0.4790,88.9050,0.0170,2025-01-06 21:10:31,18.0
0.69,19.9460,0.3810,88.73,1.0160,2025-01-07 11:18:28,19.0
0.7050,20.0250,0.4060,88.3440,1.0030,2025-01-07 11:18:28,19.0
0.6950,19.9810,0.6930,88.8550,1.02,2025-01-07 11:18:28,19.0
0.70,20.0720,0.4270,89.0180,1.0410,2025-01-07 11:18:28,19.0
0.6650,19.9810,0.6270,88.8030,0.9940,2025-01-07 11:18:28,19.0
0.7010,19.9870,0.4690,89.0180,1.0660,2025-01-07 11:18:28,19.0
0.7110,19.93,0.5980,88.6390,1.07,2025-01-07 11:18:28,19.0
0.7020,20.0460,0.4020,89.1110,1.0350,2025-01-07 11:18:28,19.0
0.7160,19.9770,0.3640,88.8960,1.0270,2025-01-07 11:18:28,19.0
0.7180,19.9870,0.3850,89.2170,1.1210,2025-01-07 11:18:28,19.0
0.7290,19.9990,0.4760,88.8310,1.1180,2025-01-07 11:18:28,19.0
0.7180,19.9840,0.5560,89.1140,1.1230,2025-01-07 11:18:28,19.0
0.6950,20.0340,0.4410,88.3640,1.03,2025-01-07 11:18:28,19.0
0.7020,20.0180,0.3290,88.9740,0.9970,2025-01-07 11:18:28,19.0
0.7250,19.9840,0.3890,89.1180,1.0440,2025-01-07 11:18:28,19.0
0.7390,20.04,0.34,88.7350,1.1140,2025-01-07 11:18:28,19.0
0.7140,19.9550,0.5420,88.7970,0.0120,2025-01-07 11:18:28,19.0
0.7140,19.9650,0.5780,88.7870,1.1110,2025-01-07 11:18:28,19.0
0.7090,19.9680,0.3780,88.8960,1.0510,2025-01-07 11:18:28,19.0
0.7350,20.0650,0.3080,88.9030,1.1530,2025-01-07 11:18:28,19.0
0.7310,20.0250,0.3990,88.9770,1.1230,2025-01-07 12:48:32,20.0
0.7190,20.0310,0.4620,88.7110,1.0110,2025-01-07 12:48:32,20.0
0.7170,20.0180,0.3670,89.1080,1.1290,2025-01-07 12:48:32,20.0
0.7210,20.1120,0.5320,89.0160,1.1270,2025-01-07 12:48:32,20.0
0.7070,20.0310,0.3670,88.9140,1.0730,2025-01-07 12:48:32,20.0
0.7170,20.0120,0.2520,88.5920,1.0120,2025-01-07 12:48:32,20.0
0.6880,19.9840,0.4830,88.3010,0.9840,2025-01-07 12:48:32,20.0
0.71,20.0030,0.3290,88.4710,1.0450,2025-01-07 12:48:32,20.0
0.7290,20.0340,0.3670,88.6990,1.1140,2025-01-07 12:48:32,20.0
0.6850,20.0210,0.3430,88.8640,1.0280,2025-01-07 12:48:32,20.0
0.71,19.9870,0.2550,88.9010,1.0060,2025-01-07 12:48:32,20.0
0.7230,19.9870,0.35,88.7550,1.0870,2025-01-07 12:48:32,20.0
0.7220,19.9770,0.4270,88.7620,1.1490,2025-01-07 12:48:32,20.0
0.6920,19.9370,0.3880,89.1520,1.0680,2025-01-07 12:48:32,20.0
0.70,19.9740,0.41,89.1080,1.0890,2025-01-07 12:48:32,20.0
0.6860,20.0340,0.4340,88.9040,0.9680,2025-01-07 12:48:32,20.0
0.71,19.99,0.5040,88.9620,1.0410,2025-01-07 12:48:32,20.0
0.7310,19.9840,0.62,88.91,1.1630,2025-01-07 12:48:32,20.0
0.7110,19.9960,0.5150,88.6320,1.0910,2025-01-07 12:48:32,20.0
0.7310,19.9620,0.5070,88.6580,1.1390,2025-01-07 12:48:32,20.0
0.7260,19.9770,0.5430,88.9510,1.0860,2025-01-07 19:08:52,21.0
0.7090,20.0340,0.4970,88.7930,1.0950,2025-01-07 19:08:52,21.0
0.7380,20.0530,0.3430,88.5920,1.0640,2025-01-07 19:08:52,21.0
0.70,20.0310,0.5780,88.6190,1.0350,2025-01-07 19:08:52,21.0
0.7440,20.0780,0.4270,88.5970,1.0690,2025-01-07 19:08:52,21.0
0.7110,20.05,0.3920,88.4460,1.09,2025-01-07 19:08:52,21.0
0.6960,19.9840,0.48,88.7240,1.0290,2025-01-07 19:08:52,21.0
0.6930,19.9990,0.5320,88.6720,0.9970,2025-01-07 19:08:52,21.0
0.68,19.9520,0.7280,88.9810,1.0480,2025-01-07 19:08:52,21.0
0.7350,20.0060,0.3150,88.69,1.0940,2025-01-07 19:08:52,21.0
0.7050,19.9590,0.5350,88.8740,0.9790,2025-01-07 19:08:52,21.0
0.70,20.0620,0.5070,88.4980,1.0520,2025-01-07 19:08:52,21.0
0.69,19.88,0.5110,89.0230,1.0350,2025-01-07 19:08:52,21.0
0.7380,19.9460,0.5460,88.8010,1.0720,2025-01-07 19:08:52,21.0
0.7050,19.9990,0.3360,88.9410,1.0840,2025-01-07 19:08:52,21.0
0.7270,19.9370,0.4550,88.5530,1.0730,2025-01-07 19:08:52,21.0
0.7410,20.0970,0.4620,88.8820,1.1190,2025-01-07 19:08:52,21.0
0.7340,19.9870,0.5250,88.7350,1.05,2025-01-07 19:08:52,21.0
0.69,20.0030,0.4170,88.9570,1.0020,2025-01-07 19:08:52,21.0
0.7270,20.0210,0.6260,88.6840,1.0270,2025-01-07 19:08:52,21.0
0.7120,19.9960,0.50,89.0950,1.0240,2025-01-08 11:27:06,22.0
0.7240,20.1280,0.5770,88.8410,1.0340,2025-01-08 11:27:06,22.0
0.7230,19.9460,0.4520,88.7890,1.0390,2025-01-08 11:27:06,22.0
0.7010,19.9840,0.41,89.0020,1.0120,2025-01-08 11:27:06,22.0
0.6590,19.9150,0.6370,88.4590,0.9260,2025-01-08 11:27:06,22.0
0.7350,19.9180,0.4380,89.1380,1.0880,2025-01-08 11:27:06,22.0
0.7210,20.0280,0.42,88.8860,1,2025-01-08 11:27:06,22.0
0.6710,19.9490,0.4060,88.7980,0.9090,2025-01-08 11:27:06,22.0
0.7280,20.0210,0.4550,88.6740,1.07,2025-01-08 11:27:06,22.0
0.7120,19.8930,0.5530,88.8420,1.0830,2025-01-08 11:27:06,22.0
0.72,19.9930,0.43,88.8390,1.0350,2025-01-08 11:27:06,22.0
0.73,20.0180,0.6270,88.9260,0.9680,2025-01-08 11:27:06,22.0
0.7460,20.0180,0.4520,88.5320,1.05,2025-01-08 11:27:06,22.0
0.7240,20.0460,0.29,89.0710,0.9920,2025-01-08 11:27:06,22.0
0.71,19.9770,0.3960,89.0510,1.1150,2025-01-08 11:27:06,22.0
0.7050,20.04,0.4940,89.0380,1.0730,2025-01-08 11:27:06,22.0
0.7480,19.9650,0.50,88.6920,1.0020,2025-01-08 11:27:06,22.0
0.7210,19.9210,0.49,88.7260,1.0650,2025-01-08 11:27:06,22.0
0.7280,19.9210,0.3810,88.5320,1.0030,2025-01-08 11:27:06,22.0
0.7280,19.9520,0.3960,88.6850,1.0410,2025-01-08 11:27:06,22.0
0.7370,19.9770,0.4690,89.0130,1.0160,2025-01-08 13:07:12,23.0
0.6910,19.9270,0.4060,88.94,0.9920,2025-01-08 13:07:12,23.0
0.69,19.8740,0.4860,88.6560,0.99,2025-01-08 13:07:12,23.0
0.7410,19.9680,0.3710,88.8920,1.0780,2025-01-08 13:07:12,23.0
0.6970,19.9270,0.3780,88.7690,1.0460,2025-01-08 13:07:12,23.0
0.71,20.0810,0.3740,89.1380,0.0170,2025-01-08 13:07:12,23.0
0.7110,19.9460,0.4760,88.8430,1.0080,2025-01-08 13:07:12,23.0
0.6980,20.0340,0.4520,88.4830,0.9990,2025-01-08 13:07:12,23.0
0.7620,19.99,0.3670,88.6760,1.1990,2025-01-08 13:07:12,23.0
0.7190,19.9590,0.3920,88.7650,1.0430,2025-01-08 13:07:12,23.0
0.7040,19.9460,0.56,88.5330,0.9960,2025-01-08 13:07:12,23.0
0.7170,19.9180,0.49,89.1110,1.1310,2025-01-08 13:07:12,23.0
0.7010,19.8710,0.5880,88.52,1.0850,2025-01-08 13:07:12,23.0
0.71,19.9240,0.4730,89,1.0660,2025-01-08 13:07:12,23.0
0.7390,19.9740,0.5460,88.7740,1.1130,2025-01-08 13:07:12,23.0
0.7080,20.0250,0.3780,89.3050,1.0680,2025-01-08 13:07:12,23.0
0.7080,19.9370,0.4790,88.9970,1.1070,2025-01-08 13:07:12,23.0
0.7150,19.9520,0.4020,88.7650,1.1020,2025-01-08 13:07:12,23.0
0.7230,19.9210,0.4580,89.1640,1.0830,2025-01-08 13:07:12,23.0
0.7230,19.9550,0.5390,89.1190,1.0540,2025-01-08 13:07:12,23.0
0.7430,20.0750,0.5110,88.9470,1.0750,2025-01-08 21:17:35,24.0
0.6910,19.9150,0.5670,88.6980,1.0290,2025-01-08 21:17:35,24.0
0.7230,20.0310,0.34,89.0570,1.0680,2025-01-08 21:17:35,24.0
0.6860,19.9590,0.3960,88.8240,1.0170,2025-01-08 21:17:35,24.0
0.7110,20.0180,0.4340,88.6440,1.0950,2025-01-08 21:17:35,24.0
0.7180,19.9960,0.5910,88.7640,1.0980,2025-01-08 21:17:35,24.0
0.7040,20.0310,0.5640,88.8160,1.0340,2025-01-08 21:17:35,24.0
0.7040,19.9680,0.4020,88.8370,1.0280,2025-01-08 21:17:35,24.0
0.7080,19.9810,0.3920,88.9520,0.9830,2025-01-08 21:17:35,24.0
0.7040,19.9430,0.5180,89.1480,1.08,2025-01-08 21:17:35,24.0
0.7080,20.0060,0.5530,88.7810,1.0740,2025-01-08 21:17:35,24.0
0.7090,20.0310,0.4310,89.10,1.0310,2025-01-08 21:17:35,24.0
0.7210,20.1090,0.6090,88.8630,1.11,2025-01-08 21:17:35,24.0
0.7310,20.0370,0.5710,88.7190,1.1420,2025-01-08 21:17:35,24.0
0.7090,19.9270,0.4520,88.8080,1.0470,2025-01-08 21:17:35,24.0
0.6660,19.8770,0.3960,88.7180,1.0120,2025-01-08 21:17:35,24.0
0.6880,19.9520,0.5320,88.6570,1.0370,2025-01-08 21:17:35,24.0
0.7110,20.0310,0.50,89,1.0890,2025-01-08 21:17:35,24.0
0.6990,19.9960,0.4170,88.70,1.0320,2025-01-08 21:17:35,24.0
0.7050,19.8710,0.5010,88.8040,1.0480,2025-01-08 21:17:35,24.0
,,,,1.0380,2025-01-09 09:40:02,25.0
,,,,1.0220,2025-01-09 09:40:02,25.0
,,,,1.0470,2025-01-09 09:40:02,25.0
,,,,1.0180,2025-01-09 09:40:02,25.0
,,,,1.0310,2025-01-09 09:40:02,25.0
,,,,1.0760,2025-01-09 09:40:02,25.0
,,,,1.04,2025-01-09 09:40:02,25.0
,,,,0.9860,2025-01-09 09:40:02,25.0
,,,,1.0550,2025-01-09 09:40:02,25.0
,,,,1.0550,2025-01-09 09:40:02,25.0
,,,,1.0050,2025-01-09 09:40:02,25.0
,,,,1.0360,2025-01-09 09:40:02,25.0
,,,,1.11,2025-01-09 09:40:02,25.0
,,,,1.0690,2025-01-09 09:40:02,25.0
,,,,1.1220,2025-01-09 09:40:02,25.0
,,,,1.0220,2025-01-09 09:40:02,25.0
,,,,0.9970,2025-01-09 09:40:02,25.0
,,,,1.1380,2025-01-09 09:40:02,25.0
,,,,1.03,2025-01-09 09:40:02,25.0
,,,,0.9610,2025-01-09 09:45:04,26.0
,,,,1.0750,2025-01-09 09:45:04,26.0
,,,,1.0330,2025-01-09 09:45:04,26.0
,,,,1.1670,2025-01-09 09:45:04,26.0
,,,,0.9980,2025-01-09 09:45:04,26.0
,,,,1.0080,2025-01-09 09:45:04,26.0
,,,,1.0560,2025-01-09 09:45:04,26.0
,,,,1.0090,2025-01-09 09:45:04,26.0
,,,,1.03,2025-01-09 09:45:04,26.0
,,,,1.0290,2025-01-09 09:45:04,26.0
0.7350,20.1440,0.42,88.8210,1.1110,2025-01-09 11:45:11,27.0
0.7150,20.0720,0.4060,88.8160,1.0630,2025-01-09 11:45:11,27.0
0.7090,20.0310,0.3610,88.7010,1.0330,2025-01-09 11:45:11,27.0
0.7020,20.0030,0.3610,88.9150,0.9870,2025-01-09 11:45:11,27.0
0.74,20.0840,0.5910,88.5780,1.1550,2025-01-09 11:45:11,27.0
0.7290,19.9620,0.3670,88.6550,1.1260,2025-01-09 11:45:11,27.0
0.7020,20.0210,0.4230,88.5510,1.0230,2025-01-09 11:45:11,27.0
0.6980,20.0530,0.2340,87.9530,1.0260,2025-01-09 11:45:11,27.0
0.7240,20.0250,0.4730,88.9880,1.1190,2025-01-09 11:45:11,27.0
0.7140,20.0090,0.49,88.48,1.1020,2025-01-09 11:45:11,27.0
0.70,19.9210,0.2450,88.7920,1.0360,2025-01-09 11:45:11,27.0
0.7080,20.0280,0.4520,88.65,1.06,2025-01-09 11:45:11,27.0
0.6880,19.9490,0.3360,88.6870,1.0240,2025-01-09 11:45:11,27.0
0.7330,20.0810,0.4340,88.6440,1.09,2025-01-09 11:45:11,27.0
0.7230,20.0060,0.6410,89.1510,1.2050,2025-01-09 11:45:11,27.0
0.7030,19.9550,0.5040,88.7730,1.0870,2025-01-09 11:45:11,27.0
0.7260,20.05,0.3920,88.5490,1.1170,2025-01-09 11:45:11,27.0
0.7230,20.04,0.3640,88.7560,1.1070,2025-01-09 11:45:11,27.0
0.71,19.9740,0.3850,88.7430,1.0680,2025-01-09 11:45:11,27.0
0.7170,20.1090,0.3080,88.8230,1.1150,2025-01-09 11:45:11,27.0
0.7250,20.0620,0.42,89.0750,1.1010,2025-01-09 12:55:15,28.0
0.6850,19.9110,0.4170,88.7260,1.0210,2025-01-09 12:55:15,28.0
0.6850,19.9840,0.4690,88.3940,1.0370,2025-01-09 12:55:15,28.0
0.7220,19.99,0.4760,88.9770,1.0990,2025-01-09 12:55:15,28.0
0.7250,20.0680,0.3960,88.5780,1.0980,2025-01-09 12:55:15,28.0
0.7130,20.0780,0.5210,88.5770,1.0560,2025-01-09 12:55:15,28.0
0.71,19.9620,0.4270,88.7980,1.0770,2025-01-09 12:55:15,28.0
0.7260,19.94,0.2590,88.8190,1.0930,2025-01-09 12:55:15,28.0
0.6920,19.9960,0.3710,88.7090,1.0540,2025-01-09 12:55:15,28.0
0.7010,19.9840,0.3610,88.9390,1.0940,2025-01-09 12:55:15,28.0
0.6930,19.9740,0.4970,88.1840,1.08,2025-01-09 12:55:15,28.0
0.7040,19.9520,0.6020,88.5250,1.0470,2025-01-09 12:55:15,28.0
0.7110,20.0720,0.4690,88.8060,1.1310,2025-01-09 12:55:15,28.0
0.7310,19.9960,0.3950,88.7260,1.0540,2025-01-09 12:55:15,28.0
0.7040,19.9810,0.5460,88.7280,1.0520,2025-01-09 12:55:15,28.0
0.6750,20.0060,0.49,88.51,1.0380,2025-01-09 12:55:15,28.0
0.7380,20.0870,0.4940,88.7890,1.14,2025-01-09 12:55:15,28.0
0.6990,20.0340,0.2870,88.6090,1.04,2025-01-09 12:55:15,28.0
0.7320,19.9620,0.5250,89.0470,1.1120,2025-01-09 12:55:15,28.0
0.7220,20.0340,0.2630,88.6590,1.1030,2025-01-09 12:55:15,28.0
0.7020,19.9490,0.3080,88.4060,1.0030,2025-01-09 19:15:30,29.0
0.7270,20.0250,0.4340,88.6350,1.1450,2025-01-09 19:15:30,29.0
0.7130,20.0620,0.3780,88.94,0.95,2025-01-09 19:15:30,29.0
0.6680,20.0250,0.5110,88.6590,1.0540,2025-01-09 19:15:30,29.0
0.6970,19.9870,0.5350,88.3660,1.0580,2025-01-09 19:15:30,29.0
0.7040,20.0120,0.2940,88.4780,1.0360,2025-01-09 19:15:30,29.0
0.7260,20.0280,0.4450,89.0230,1.0980,2025-01-09 19:15:30,29.0
0.7140,20.1030,0.3320,88.6290,1.1170,2025-01-09 19:15:30,29.0
0.7190,20.0030,0.3710,88.8640,1.0020,2025-01-09 19:15:30,29.0
0.7090,20.0620,0.42,88.6640,1.0490,2025-01-09 19:15:30,29.0
0.7360,20.0210,0.3680,89.0190,1.1790,2025-01-09 19:15:30,29.0
0.7310,20.1560,0.5150,89.0520,1.0320,2025-01-09 19:15:30,29.0
0.7340,20.0680,0.3180,88.68,1.1470,2025-01-09 19:15:30,29.0
0.7330,20.0870,0.49,89.1060,1.1580,2025-01-09 19:15:30,29.0
0.7020,20.1190,0.3010,89.0030,1.0870,2025-01-09 19:15:30,29.0
0.7110,20.0460,0.4450,88.6540,1.0350,2025-01-09 19:15:30,29.0
0.6870,20.0530,0.3610,88.7210,1.1040,2025-01-09 19:15:30,29.0
0.7120,19.9650,0.4550,88.9860,1.1310,2025-01-09 19:15:30,29.0
0.7010,20.0310,0.3110,88.6420,1.0340,2025-01-09 19:15:30,29.0
0.7080,19.9680,0.3530,88.7040,1.0340,2025-01-09 19:15:30,29.0
0.7160,19.9270,0.5460,88.4990,1.1010,2025-01-09 21:20:34,30.0
0.7090,19.9490,0.3360,88.6280,0.9950,2025-01-09 21:20:34,30.0
0.6950,19.9430,0.4620,88.4140,1.0770,2025-01-09 21:20:34,30.0
0.6870,19.9430,0.3950,88.8230,1.0390,2025-01-09 21:20:34,30.0
0.6890,19.8490,0.35,88.7010,1.0460,2025-01-09 21:20:34,30.0
0.7070,20.0370,0.4450,88.6510,0.9810,2025-01-09 21:20:34,30.0
0.7040,19.9650,0.42,88.7380,1.0560,2025-01-09 21:20:34,30.0
0.6830,19.9490,0.4690,88.5120,1.0130,2025-01-09 21:20:34,30.0
0.7010,19.9020,0.3990,88.8380,0.97,2025-01-09 21:20:34,30.0
0.7140,20.0210,0.4970,88.8740,1.0810,2025-01-09 21:20:34,30.0
0.7180,19.8390,0.4730,88.3530,1.0270,2025-01-09 21:20:34,30.0
0.6880,19.9960,0.4480,88.7520,0.9780,2025-01-09 21:20:34,30.0
0.7140,19.9770,0.6890,89.0710,1.11,2025-01-09 21:20:34,30.0
0.7040,20.0780,0.3780,88.8020,1.0380,2025-01-09 21:20:34,30.0
0.7070,20.0370,0.5880,88.5140,0.9720,2025-01-09 21:20:34,30.0
0.7160,19.9050,0.4690,88.6270,0.9680,2025-01-09 21:20:34,30.0
0.7480,19.9990,0.41,88.70,1.1810,2025-01-09 21:20:34,30.0
0.7120,20.0870,0.4660,89.0280,1.1360,2025-01-09 21:20:34,30.0
0.6710,19.9210,0.4170,88.8530,0.9660,2025-01-09 21:20:34,30.0
0.75,19.9680,0.2970,89.1060,1.0310,2025-01-09 21:20:34,30.0
0.7340,20.0460,0.4170,88.9530,1.1620,2025-02-10 20:24:04,31.0
0.7060,19.9270,0.5080,88.6740,1.2010,2025-02-10 20:24:04,31.0
0.7330,20.0590,0.3010,89.3050,1.1610,2025-02-10 20:24:04,31.0
0.7060,19.9330,0.4830,88.7950,0.8920,2025-02-10 20:24:04,31.0
0.7230,20.04,0.3680,88.8850,1.2080,2025-02-10 20:24:04,31.0
0.7090,20.0120,0.3920,89.0470,1.1850,2025-02-10 20:24:04,31.0
0.7320,19.9710,0.4520,88.9750,1.1980,2025-02-10 20:24:04,31.0
0.6940,19.9870,0.4440,88.7280,1.1010,2025-02-10 20:24:04,31.0
0.7360,20.0210,0.4130,89.3150,1.1220,2025-02-10 20:24:04,31.0
0.7190,19.9840,0.4480,88.9270,1.0460,2025-02-10 20:24:04,31.0
0.7280,20.0620,0.3460,88.9760,1.1760,2025-02-10 20:24:04,31.0
0.7050,19.94,0.3960,89.0040,1.0930,2025-02-10 20:24:04,31.0
0.71,20.0180,0.3680,88.7430,1.0880,2025-02-10 20:24:04,31.0
0.7280,19.9840,0.5110,88.8140,1.0650,2025-02-10 20:24:04,31.0
0.7360,20.0530,0.4020,88.9460,1.2030,2025-02-10 20:24:04,31.0
0.7270,20.0120,0.4130,88.7330,1.1870,2025-02-10 20:24:04,31.0
0.7310,20.0280,0.3010,89.2540,1.12,2025-02-10 20:24:04,31.0
0.7330,19.9870,0.4270,89.4880,1.1780,2025-02-10 20:24:04,31.0
0.7330,19.9650,0.4270,88.9890,1.1750,2025-02-10 20:24:04,31.0
0.7390,19.9810,0.35,89.1120,1.2190,2025-02-10 20:24:04,31.0
0.68,19.9330,0.4550,88.7220,1.0740,2025-02-11 11:13:18,32.0
0.6760,20.0030,0.3850,88.7340,1.1070,2025-02-11 11:13:18,32.0
0.7320,19.9840,0.3680,89.0260,1.1820,2025-02-11 11:13:18,32.0
0.6840,20.0030,0.5010,88.5850,1.0790,2025-02-11 11:13:18,32.0
0.7010,19.9840,0.3220,88.9670,1.0880,2025-02-11 11:13:18,32.0
0.7230,20.0340,0.4620,89.0360,1.2370,2025-02-11 11:13:18,32.0
0.7330,20.0430,0.4520,89.4920,1.2520,2025-02-11 11:13:18,32.0
0.6830,20.0120,0.3780,88.8760,1.0990,2025-02-11 11:13:18,32.0
0.69,20.0250,0.3850,88.9250,1.1420,2025-02-11 11:13:18,32.0
0.71,19.9740,0.3990,89.1680,1.0950,2025-02-11 11:13:18,32.0
0.76,20.0870,0.3220,89.1470,1.2630,2025-02-11 11:13:18,32.0
0.6770,19.9150,0.6190,88.9080,1.0750,2025-02-11 11:13:18,32.0
0.7420,19.9770,0.3080,89.2580,0.0150,2025-02-11 11:13:18,32.0
0.7340,20.0620,0.6270,88.9140,1.22,2025-02-11 11:13:18,32.0
0.7370,20.1220,0.4830,89.2770,1.1650,2025-02-11 11:13:18,32.0
0.74,20.0620,0.3250,88.9490,1.2580,2025-02-11 11:13:18,32.0
0.7520,20.1030,0.4160,89.0050,1.1860,2025-02-11 11:13:18,32.0
0.7020,19.93,0.5280,88.92,1.1630,2025-02-11 11:13:18,32.0
0.7790,20.0180,0.5180,89.0680,1.3110,2025-02-11 11:13:18,32.0
0.72,20.0870,0.2730,89.2480,1.2040,2025-02-11 11:13:18,32.0
0.7220,19.9710,0.3260,88.8480,1.1680,2025-02-11 12:58:24,33.0
0.7380,20.0750,0.4580,88.8930,1.2120,2025-02-11 12:58:24,33.0
0.71,20.0370,0.3610,88.8840,1.1120,2025-02-11 12:58:24,33.0
0.7260,20.0180,0.3610,89.01,1.2830,2025-02-11 12:58:24,33.0
0.7270,20.0560,0.5290,89.2730,1.1750,2025-02-11 12:58:24,33.0
0.74,20.05,0.4790,89.0250,1.1980,2025-02-11 12:58:24,33.0
0.7320,19.9710,0.4830,89.1440,1.2910,2025-02-11 12:58:24,33.0
0.6970,19.9430,0.6820,89.1130,1.0690,2025-02-11 12:58:24,33.0
0.7160,20.0180,0.5910,88.8440,1.1770,2025-02-11 12:58:24,33.0
0.7190,19.9960,0.4760,88.7650,1.2070,2025-02-11 12:58:24,33.0
0.7210,20.0720,0.4170,89.0770,1.1430,2025-02-11 12:58:24,33.0
0.7310,20.0120,0.4790,89.19,1.2220,2025-02-11 12:58:24,33.0
0.7240,20.0870,0.4030,89.1310,1.1820,2025-02-11 12:58:24,33.0
0.7350,20.1060,0.3330,89.2880,1.1660,2025-02-11 12:58:24,33.0
0.7090,20.0430,0.4580,89.0460,1.1280,2025-02-11 12:58:24,33.0
0.7110,19.9840,0.3780,88.9930,1.1420,2025-02-11 12:58:24,33.0
0.7070,20.0680,0.5670,89.1290,1.1430,2025-02-11 12:58:24,33.0
0.7230,20.04,0.3640,89.1950,1.07,2025-02-11 12:58:24,33.0
0.7020,19.9990,0.4270,88.6190,1.0830,2025-02-11 12:58:24,33.0
0.7420,20.0150,0.4580,89.5860,1.2720,2025-02-11 12:58:24,33.0
0.7250,20.0250,0.3120,89.0860,1.1920,2025-02-11 19:58:44,34.0
0.6970,20.0180,0.49,89.1770,1.0890,2025-02-11 19:58:44,34.0
0.7130,19.9740,0.5770,89.0130,1.1630,2025-02-11 19:58:44,34.0
0.6910,19.8550,0.4690,89.4990,0.9970,2025-02-11 19:58:44,34.0
0.7130,19.9370,0.3880,89.1970,1.1420,2025-02-11 19:58:44,34.0
0.6690,19.9650,0.4170,89.6050,1.0630,2025-02-11 19:58:44,34.0
0.6940,19.9960,0.7420,89.3830,1.0580,2025-02-11 19:58:44,34.0
0.7070,20.0370,0.3680,89.5730,1.1270,2025-02-11 19:58:44,34.0
0.6730,19.9520,0.2910,88.8740,0.9750,2025-02-11 19:58:44,34.0
0.6980,19.94,0.3290,89.18,1.0960,2025-02-11 19:58:44,34.0
0.6930,20.04,0.4940,88.6580,1.1110,2025-02-11 19:58:44,34.0
0.7130,20.0180,0.4030,89.14,1.1220,2025-02-11 19:58:44,34.0
0.7180,20.0430,0.3710,89.3110,1.2170,2025-02-11 19:58:44,34.0
0.7290,20.0120,0.4650,89.3810,1.1640,2025-02-11 19:58:44,34.0
0.7120,20.0590,0.3810,89.2860,1.1750,2025-02-11 19:58:44,34.0
0.7230,19.9960,0.3470,89.0770,1.1410,2025-02-11 19:58:44,34.0
0.7230,19.9650,0.4270,89.5360,1.2180,2025-02-11 19:58:44,34.0
0.7460,20.0650,0.3640,89.09,1.1570,2025-02-11 19:58:44,34.0
0.69,19.9020,0.4620,89.0850,1.0950,2025-02-11 19:58:44,34.0
0.7190,20.0810,0.3540,89.2710,1.1540,2025-02-11 19:58:44,34.0
0.7350,20.0560,0.2980,89.1550,1.17,2025-02-12 11:04:11,35.0
0.7450,19.9590,0.4550,89.4980,1.2350,2025-02-12 11:04:11,35.0
0.68,19.9710,0.5880,89.1410,1.1040,2025-02-12 11:04:11,35.0
0.72,19.9840,0.4480,88.9740,1.1920,2025-02-12 11:04:11,35.0
0.7070,19.9550,0.3110,88.8910,1.0860,2025-02-12 11:04:11,35.0
0.71,19.8420,0.3540,89.2280,1.1590,2025-02-12 11:04:11,35.0
0.6970,19.8960,0.4690,89.1250,1.0930,2025-02-12 11:04:11,35.0
0.7290,20.0780,0.49,89.50,1.2230,2025-02-12 11:04:11,35.0
0.7410,19.9870,0.4550,89.2080,1.2130,2025-02-12 11:04:11,35.0
0.7190,19.9270,0.4310,89.2310,1.2030,2025-02-12 11:04:11,35.0
0.7370,19.9180,0.2870,89.3270,1.1840,2025-02-12 11:04:11,35.0
0.7310,19.9990,0.3640,89.0830,1.1590,2025-02-12 11:04:11,35.0
0.7350,19.9590,0.43,89.1790,1.2430,2025-02-12 11:04:11,35.0
0.7090,19.9520,0.5880,89.3580,1.1730,2025-02-12 11:04:11,35.0
0.7230,19.99,0.2480,88.8810,1.1620,2025-02-12 11:04:11,35.0
0.6960,19.9620,0.3880,88.7540,1.1340,2025-02-12 11:04:11,35.0
0.7220,19.8580,0.3710,89.2840,1.1220,2025-02-12 11:04:11,35.0
0.7340,20.0120,0.2730,89.2910,1.1740,2025-02-12 11:04:11,35.0
0.72,19.88,0.4060,89.3350,1.16,2025-02-12 11:04:11,35.0
0.6980,19.9240,0.42,89.0970,1.0580,2025-02-12 11:04:11,35.0
0.7220,20.0750,0.5420,88.8120,1.1250,2025-02-12 20:29:31,36.0
0.6980,20.0120,0.5290,88.7120,1.1110,2025-02-12 20:29:31,36.0
0.7230,20.0650,0.3850,88.9330,1.18,2025-02-12 20:29:31,36.0
0.6950,19.9370,0.5430,89.0250,1.1050,2025-02-12 20:29:31,36.0
0.7010,20.10,0.3780,88.8950,1.1160,2025-02-12 20:29:31,36.0
0.6960,20.0120,0.5560,89.12,1.1160,2025-02-12 20:29:31,36.0
0.6950,19.9650,0.3710,88.9980,1.1330,2025-02-12 20:29:31,36.0
0.7830,19.9870,0.3610,89.1590,1.3660,2025-02-12 20:29:31,36.0
0.7060,20.0090,0.4620,88.7880,1.1420,2025-02-12 20:29:31,36.0
0.7030,19.9710,0.42,88.9230,1.14,2025-02-12 20:29:31,36.0
0.7040,19.9180,0.55,88.9020,1.11,2025-02-12 20:29:31,36.0
0.7250,19.9080,0.5640,89.3340,1.1970,2025-02-12 20:29:31,36.0
0.6840,19.9330,0.4380,89.0270,1.1220,2025-02-12 20:29:31,36.0
0.7190,19.9650,0.3470,89.2150,1.18,2025-02-12 20:29:31,36.0
0.7370,19.9740,0.2910,89.1930,1.2110,2025-02-12 20:29:31,36.0
0.7330,20.0720,0.29,88.9610,1.1370,2025-02-12 20:29:31,36.0
0.7020,20.0280,0.3780,88.9140,1.0850,2025-02-12 20:29:31,36.0
0.6890,20.0120,0.3750,88.83,1.1250,2025-02-12 20:29:31,36.0
0.7150,19.9520,0.3570,88.6540,1.1810,2025-02-12 20:29:31,36.0
0.7140,19.9990,0.5110,88.8010,1.1210,2025-02-12 20:29:31,36.0
0.7060,20.0090,0.4650,88.6440,1.1780,2025-02-12 20:49:32,37.0
0.7030,20.0280,0.6480,88.7650,1.1080,2025-02-12 20:49:32,37.0
0.70,20.05,0.50,88.8830,1.2160,2025-02-12 20:49:32,37.0
0.7110,20.0560,0.3010,89.37,1.2130,2025-02-12 20:49:32,37.0
0.6980,20.0340,0.5040,88.7310,1.1250,2025-02-12 20:49:32,37.0
0.7170,20.0870,0.4060,89.6420,1.2330,2025-02-12 20:49:32,37.0
0.6860,19.9870,0.3990,88.5930,1.0830,2025-02-12 20:49:32,37.0
0.6750,19.9990,0.3850,88.87,1.1110,2025-02-12 20:49:32,37.0
0.7330,20.1340,0.3220,89.4790,1.2070,2025-02-12 20:49:32,37.0
0.7140,20.04,0.3850,89.0170,1.1740,2025-02-12 20:49:32,37.0
0.72,20.0090,0.4690,89.2770,1.2860,2025-02-12 20:49:32,37.0
0.6850,19.9990,0.2730,88.9410,1.1110,2025-02-12 20:49:32,37.0
0.6970,19.9550,0.5110,88.9070,1.1680,2025-02-12 20:49:32,37.0
0.6890,20.0210,0.4830,88.7870,1.1040,2025-02-12 20:49:32,37.0
0.6870,20.0250,0.3360,88.4710,1.0340,2025-02-12 20:49:32,37.0
0.6980,20.1410,0.3290,89.1930,1.1540,2025-02-12 20:49:32,37.0
0.7320,20.0870,0.4480,89.1390,1.2260,2025-02-12 20:49:32,37.0
0.6850,20.0310,0.4340,89.1130,1.1160,2025-02-12 20:49:32,37.0
0.7270,20.1280,0.4790,89.2250,1.19,2025-02-12 20:49:32,37.0
0.7280,20.0560,0.4970,88.9830,1.2150,2025-02-12 20:49:32,37.0
0.7120,20.09,0.4170,88.7870,1.1950,2025-02-13 10:45:53,38.0
0.6870,19.9650,0.49,88.8030,1.04,2025-02-13 10:45:53,38.0
0.69,19.94,0.3460,88.7260,1.1820,2025-02-13 10:45:53,38.0
0.7370,20.0590,0.3120,89.18,1.1660,2025-02-13 10:45:53,38.0
0.6990,19.9520,0.4730,88.7910,1.1640,2025-02-13 10:45:53,38.0
0.7260,20.04,0.4480,89.1430,1.1620,2025-02-13 10:45:53,38.0
0.7030,20.0810,0.5250,88.6740,1.0930,2025-02-13 10:45:53,38.0
0.68,20.04,0.4760,89.1020,1.1120,2025-02-13 10:45:53,38.0
0.7350,19.9930,0.3080,88.9260,1.1980,2025-02-13 10:45:53,38.0
0.7080,19.9430,0.3360,88.8750,1.1640,2025-02-13 10:45:53,38.0
0.7320,20.05,0.2590,89.1660,1.1960,2025-02-13 10:45:53,38.0
0.7020,19.9810,0.4480,88.8850,1.1590,2025-02-13 10:45:53,38.0
0.6930,19.9840,0.41,88.8570,1.0590,2025-02-13 10:45:53,38.0
0.7570,20.0340,0.3010,89.58,1.1880,2025-02-13 10:45:53,38.0
0.71,20.0030,0.28,89.0460,1.1490,2025-02-13 10:45:53,38.0
0.6870,19.9460,0.4410,88.7620,1.1530,2025-02-13 10:45:53,38.0
0.7150,20.0720,0.50,89.0250,1.2350,2025-02-13 10:45:53,38.0
0.7090,19.9650,0.3470,89.3950,1.1170,2025-02-13 10:45:53,38.0
0.6980,19.9930,0.4060,88.7650,1.1350,2025-02-13 10:45:53,38.0
0.7510,20.1310,0.41,89.0590,1.24,2025-02-13 10:45:53,38.0
0.7040,20.0970,0.4310,89.0480,1.1010,2025-02-13 13:00:59,39.0
0.7430,20.0870,0.4310,89.4250,1.2160,2025-02-13 13:00:59,39.0
0.6950,19.8710,0.3540,89.0570,1.0930,2025-02-13 13:00:59,39.0
0.7140,20.0340,0.3710,89.4010,1.1580,2025-02-13 13:00:59,39.0
0.6850,19.99,0.6050,88.9020,1.0860,2025-02-13 13:00:59,39.0
0.7270,19.99,0.43,88.6760,1.0950,2025-02-13 13:00:59,39.0
0.70,19.9680,0.5210,88.8620,1.13,2025-02-13 13:00:59,39.0
0.7610,20.0530,0.28,89.4520,1.2910,2025-02-13 13:00:59,39.0
0.7330,20.0120,0.4760,89.4050,1.21,2025-02-13 13:00:59,39.0
0.6890,19.9930,0.3010,89.2430,1.0970,2025-02-13 13:00:59,39.0
0.7290,20.0180,0.4480,89.1750,1.2250,2025-02-13 13:00:59,39.0
0.7310,20.0120,0.42,89.3610,1.1730,2025-02-13 13:00:59,39.0
0.74,20.0180,0.48,89.2550,1.1930,2025-02-13 13:00:59,39.0
0.7440,20.0310,0.3920,89.3390,1.2960,2025-02-13 13:00:59,39.0
0.7240,20.0590,0.3750,89.3390,1.2540,2025-02-13 13:00:59,39.0
0.6910,19.9270,0.4090,88.8610,1.1280,2025-02-13 13:00:59,39.0
0.7290,19.9550,0.3890,88.95,1.2280,2025-02-13 13:00:59,39.0
0.7070,19.8930,0.3880,89.2060,1.1230,2025-02-13 13:00:59,39.0
0.7220,19.9520,0.3990,89.0690,1.1840,2025-02-13 13:00:59,39.0
0.7290,20.0430,0.28,89.3880,1.1730,2025-02-13 13:00:59,39.0
0.7380,20.2040,0.3710,89.3980,1.19,2025-02-13 21:51:28,40.0
0.7170,20.1280,0.4580,88.80,1.1940,2025-02-13 21:51:28,40.0
0.6990,20.0940,0.3710,88.9660,1.1110,2025-02-13 21:51:28,40.0
0.7180,20.1660,0.4170,89.2940,1.1820,2025-02-13 21:51:28,40.0
0.6870,20.1530,0.3850,88.8970,1.1120,2025-02-13 21:51:28,40.0
0.7390,20.1940,0.2380,89.6140,1.2220,2025-02-13 21:51:28,40.0
0.6940,20.1060,0.3080,88.92,1.0750,2025-02-13 21:51:28,40.0
0.7450,20.1190,0.3780,89.28,1.1450,2025-02-13 21:51:28,40.0
0.71,20.0870,0.4380,89.1280,1.1040,2025-02-13 21:51:28,40.0
0.6970,20.1160,0.3750,88.5340,1.1380,2025-02-13 21:51:28,40.0
0.71,20.1060,0.29,88.6980,1.0740,2025-02-13 21:51:28,40.0
0.7460,20.10,0.4580,89.22,1.17,2025-02-13 21:51:28,40.0
0.7010,20.0780,0.2420,88.7970,1.0950,2025-02-13 21:51:28,40.0
0.7490,20.0750,0.4270,88.9920,1.2740,2025-02-13 21:51:28,40.0
0.7450,20.0750,0.3990,89.3010,1.1850,2025-02-13 21:51:28,40.0
0.7050,20.0940,0.2550,88.96,1.1070,2025-02-13 21:51:28,40.0
0.7220,20.0340,0.4660,88.5710,1.1320,2025-02-13 21:51:28,40.0
0.74,20.1340,0.3990,89.3480,1.1860,2025-02-13 21:51:28,40.0
0.6990,20.1190,0.4020,88.7880,1.05,2025-02-13 21:51:28,40.0
0.7390,20.1410,0.4410,89.2430,1.1850,2025-02-13 21:51:28,40.0
0.7210,20.0590,0.3150,89.1940,1.2190,2025-02-14 11:03:30,41.0
0.7070,19.8490,0.49,88.9740,1.1840,2025-02-14 11:03:30,41.0
0.6970,19.9270,0.41,88.8920,1.1590,2025-02-14 11:03:30,41.0
0.6940,19.9710,0.3320,88.7190,1.1460,2025-02-14 11:03:30,41.0
0.7020,20.0210,0.3710,88.4270,1.1740,2025-02-14 11:03:30,41.0
0.6850,20.0680,0.2840,88.9140,1.12,2025-02-14 11:03:30,41.0
0.7040,20.04,0.3680,89.0950,1.2190,2025-02-14 11:03:30,41.0
0.7030,20.1380,0.4720,89.0490,1.2120,2025-02-14 11:03:30,41.0
0.6890,19.9740,0.3640,89.1270,1.1080,2025-02-14 11:03:30,41.0
0.6920,19.9870,0.5640,89.2430,1.09,2025-02-14 11:03:30,41.0
0.7030,19.9810,0.2980,88.9120,1.1610,2025-02-14 11:03:30,41.0
0.6790,19.9080,0.3890,89.0480,1.0930,2025-02-14 11:03:30,41.0
0.7310,20.0870,0.4170,89.0440,1.1650,2025-02-14 11:03:30,41.0
0.7020,19.9810,0.3850,88.7160,1.1480,2025-02-14 11:03:30,41.0
0.7390,20.1690,0.4970,89.2750,1.1980,2025-02-14 11:03:30,41.0
0.7330,19.9270,0.3710,89.0310,1.1870,2025-02-14 11:03:30,41.0
0.7010,20.0590,0.4270,89.1550,1.1380,2025-02-14 11:03:30,41.0
0.7150,20.1190,0.29,89.19,1.1560,2025-02-14 11:03:30,41.0
0.6710,19.8860,0.4650,88.7640,1.0950,2025-02-14 11:03:30,41.0
0.7030,20.1280,0.4860,89.0070,1.1520,2025-02-14 11:03:30,41.0
0.6740,19.9020,0.5220,88.6210,1.08,2025-02-14 12:53:36,42.0
0.6910,19.9740,0.3080,88.8310,1.0910,2025-02-14 12:53:36,42.0
0.6970,19.8640,0.2420,88.8910,1.0670,2025-02-14 12:53:36,42.0
0.7420,19.9770,0.3780,89.5150,1.2930,2025-02-14 12:53:36,42.0
0.7220,20.0210,0.3920,89.2840,1.1930,2025-02-14 12:53:36,42.0
0.7390,20.0180,0.3670,89.5190,1.2670,2025-02-14 12:53:36,42.0
0.7310,19.9710,0.3220,89.17,1.2160,2025-02-14 12:53:36,42.0
0.7060,19.9080,0.2970,88.7430,1.1670,2025-02-14 12:53:36,42.0
0.7110,20.1060,0.4730,88.9420,1.1910,2025-02-14 12:53:36,42.0
0.7130,19.9710,0.3250,89.2110,1.1730,2025-02-14 12:53:36,42.0
0.7030,19.9550,0.3850,89.1260,1.1390,2025-02-14 12:53:36,42.0
0.6690,19.8990,0.2760,88.8580,1.0590,2025-02-14 12:53:36,42.0
0.6990,19.9870,0.42,88.5860,1.0910,2025-02-14 12:53:36,42.0
0.7310,20.0560,0.3670,89.5280,1.2040,2025-02-14 12:53:36,42.0
0.7240,20.0150,0.3850,88.93,1.1940,2025-02-14 12:53:36,42.0
0.6950,20.0250,0.4970,88.9140,1.1060,2025-02-14 12:53:36,42.0
0.6870,19.8360,0.50,89.0020,1.0680,2025-02-14 12:53:36,42.0
0.7840,20.0780,0.3750,88.7970,1.3580,2025-02-14 12:53:36,42.0
0.7390,19.9770,0.4730,89.2670,1.1810,2025-02-14 12:53:36,42.0
0.6790,19.9990,0.5290,88.8790,1.1170,2025-02-14 12:53:36,42.0
0.6860,19.9930,0.3610,88.5940,1.0150,2025-02-14 19:48:50,43.0
0.7230,20.0810,0.2280,88.9530,1.1580,2025-02-14 19:48:50,43.0
0.7280,20.1160,0.3610,89.1380,1.0230,2025-02-14 19:48:50,43.0
0.6940,20.04,0.4340,88.55,1.0990,2025-02-14 19:48:50,43.0
0.7120,20.0060,0.3150,89.3110,1.0950,2025-02-14 19:48:50,43.0
0.6860,19.9180,0.4650,89.1140,1.0060,2025-02-14 19:48:50,43.0
0.7180,20.0310,0.2550,88.6440,1.0620,2025-02-14 19:48:50,43.0
0.7320,19.9960,0.4860,89.2520,1.0810,2025-02-14 19:48:50,43.0
0.7180,19.9490,0.2070,88.8440,1.1070,2025-02-14 19:48:50,43.0
0.7020,20.0280,0.3080,88.7920,0.9810,2025-02-14 19:48:50,43.0
0.7060,20.0780,0.3810,89.1540,1.0810,2025-02-14 19:48:50,43.0
0.7270,20.0870,0.3390,89.0590,1.0510,2025-02-14 19:48:50,43.0
0.7110,20.1060,0.4030,88.5490,1.0310,2025-02-14 19:48:50,43.0
0.7450,20.09,0.4730,89.2750,1.1770,2025-02-14 19:48:50,43.0
0.7170,20.1470,0.3250,89.1820,1.12,2025-02-14 19:48:50,43.0
0.6860,20.0280,0.3810,88.3890,1.0180,2025-02-14 19:48:50,43.0
0.7270,20.0430,0.4870,89.3430,1.07,2025-02-14 19:48:50,43.0
0.7310,20.0120,0.5040,89.1490,1.1980,2025-02-14 19:48:50,43.0
0.7370,20.0060,0.5180,88.8840,1.1110,2025-02-14 19:48:50,43.0
0.7040,19.8770,0.4020,88.9540,1.1440,2025-02-14 19:48:50,43.0
0.74,19.9990,0.3360,88.6940,1.2220,2025-02-14 20:48:52,44.0
0.7520,20.0720,0.3010,89.0580,1.2340,2025-02-14 20:48:52,44.0
0.72,20.0280,0.2840,88.3610,1.1150,2025-02-14 20:48:52,44.0
0.6930,20.0560,0.4230,88.5340,1.0860,2025-02-14 20:48:52,44.0
0.7410,20.0720,0.3710,89.0460,1.21,2025-02-14 20:48:52,44.0
0.7320,20.0940,0.3460,89.2560,1.2090,2025-02-14 20:48:52,44.0
0.7120,20.0120,0.4520,89.1910,1.2120,2025-02-14 20:48:52,44.0
0.7080,19.9210,0.3920,88.5690,1.1730,2025-02-14 20:48:52,44.0
0.7110,20.0780,0.4270,89.0150,1.1530,2025-02-14 20:48:52,44.0
0.74,20.0120,0.4620,89.38,1.2270,2025-02-14 20:48:52,44.0
0.7370,20.0460,0.3960,88.6480,1.1430,2025-02-14 20:48:52,44.0
0.7060,20.0590,0.3180,89.1570,1.14,2025-02-14 20:48:52,44.0
0.7310,20.0870,0.4170,89.1530,1.1370,2025-02-14 20:48:52,44.0
0.70,20.0150,0.3670,88.82,1.1830,2025-02-14 20:48:52,44.0
0.6870,19.9960,0.4230,88.5070,1.0810,2025-02-14 20:48:52,44.0
0.7170,20.0310,0.4310,89.3990,1.1250,2025-02-14 20:48:52,44.0
0.6680,19.9770,0.3610,88.69,1.0240,2025-02-14 20:48:52,44.0
0.7250,20.0620,0.5280,89.2310,1.1340,2025-02-14 20:48:52,44.0
0.7320,20.0870,0.3960,88.9820,1.1930,2025-02-14 20:48:52,44.0
0.6960,20.1380,0.4580,89.2920,1.1270,2025-02-14 20:48:52,44.0
0.7320,19.93,0.4480,89.2650,1.1330,2025-02-27 21:54:17,45.0
0.6820,19.93,0.48,88.5920,1.0540,2025-02-27 21:54:17,45.0
0.7090,19.9840,0.4550,88.7080,1.0220,2025-02-27 21:54:17,45.0
0.7070,19.9020,0.4830,88.8990,0.9680,2025-02-27 21:54:17,45.0
0.6850,19.9990,0.6440,88.7550,1.0260,2025-02-27 21:54:17,45.0
0.7240,19.9930,0.3320,89.3090,1.0790,2025-02-27 21:54:17,45.0
0.7110,19.9710,0.4090,89.4160,1.0420,2025-02-27 21:54:17,45.0
0.6960,19.8830,0.4970,89.1240,0.8750,2025-02-27 21:54:17,45.0
0.7090,20.0750,0.4760,89.2770,1.0310,2025-02-27 21:54:17,45.0
0.7440,20.0750,0.4660,89.4760,1.0970,2025-02-27 21:54:17,45.0
0.7160,19.9460,0.41,89.2070,0.9450,2025-02-27 21:54:17,45.0
0.7080,19.9370,0.5640,89.3760,1.0740,2025-02-27 21:54:17,45.0
0.69,19.8960,0.4860,88.9650,1.0530,2025-02-27 21:54:17,45.0
0.6940,19.8930,0.29,88.8590,1.0220,2025-02-27 21:54:17,45.0
0.7170,19.9990,0.3330,89.2080,1.0970,2025-02-27 21:54:17,45.0
0.7070,19.9650,0.5250,88.9030,0.9620,2025-02-27 21:54:17,45.0
0.6970,19.9740,0.5350,89.1340,0.9750,2025-02-27 21:54:17,45.0
0.6870,19.9020,0.3530,88.8460,1.0270,2025-02-27 21:54:17,45.0
0.7210,19.9490,0.5350,89.4480,1.1070,2025-02-27 21:54:17,45.0
0.7280,20.0180,0.49,89.2390,1.1020,2025-02-27 21:54:17,45.0
0.6980,20.09,0.5980,89.06,0.9850,2025-03-03 12:57:02,46.0
0.6720,20.0620,0.4940,88.6550,1.0290,2025-03-03 12:57:02,46.0
0.6760,19.9990,0.5210,88.6420,0.9780,2025-03-03 12:57:02,46.0
0.7320,20.1250,0.5040,88.9130,1.0490,2025-03-03 12:57:02,46.0
0.7180,20.0620,0.6060,89.1350,1.0630,2025-03-03 12:57:02,46.0
0.7080,20.0060,0.7740,88.8970,1.0750,2025-03-03 12:57:02,46.0
0.7330,20.1750,0.4020,89.0110,1.13,2025-03-03 12:57:02,46.0
0.7060,20.0280,0.6120,88.4170,1.0240,2025-03-03 12:57:02,46.0
0.7090,20.0750,0.5110,88.5220,1.0530,2025-03-03 12:57:02,46.0
0.7110,20.0430,0.5390,88.9570,1.0310,2025-03-03 12:57:02,46.0
0.6970,20.09,0.4580,88.7280,0.9890,2025-03-03 12:57:02,46.0
0.7320,20.1220,0.3890,88.9940,0.8460,2025-03-03 12:57:02,46.0
0.6830,20.0370,0.4510,88.4910,0.9930,2025-03-03 12:57:02,46.0
0.7420,20.1090,0.4580,89.1630,1.1240,2025-03-03 12:57:02,46.0
0.7450,20.0750,0.5810,89.1940,1.1570,2025-03-03 12:57:02,46.0
0.7050,20.0030,0.4690,89.1450,1.0710,2025-03-03 12:57:02,46.0
0.7260,20.0030,0.3880,88.6850,1.0680,2025-03-03 12:57:02,46.0
0.7020,20.0720,0.4860,88.5140,1.0580,2025-03-03 12:57:02,46.0
0.6880,20.0430,0.3810,88.9210,1.0210,2025-03-03 12:57:02,46.0
0.6990,20.1280,0.5110,88.3740,0.9230,2025-03-03 12:57:02,46.0
0.6920,20.0680,0.3780,88.9260,1.0210,2025-03-03 13:27:07,47.0
0.68,19.9550,0.3920,88.8710,0.9940,2025-03-03 13:27:07,47.0
0.7250,20.0250,0.6160,88.99,1.0620,2025-03-03 13:27:07,47.0
0.7110,19.9990,0.5350,89.0480,1.0710,2025-03-03 13:27:07,47.0
0.7080,19.9960,0.6620,88.9650,1.0510,2025-03-03 13:27:07,47.0
0.7180,20.0530,0.5850,89.0210,1.0920,2025-03-03 13:27:07,47.0
0.70,20.0340,0.49,88.64,0.99,2025-03-03 13:27:07,47.0
0.6950,19.9490,0.4020,88.8990,1.0140,2025-03-03 13:27:07,47.0
0.6940,20.0030,0.63,88.9660,1.0870,2025-03-03 13:27:07,47.0
0.7150,20.0120,0.7350,88.8370,0.9820,2025-03-03 13:27:07,47.0
0.6930,19.99,0.5910,88.8610,1.0190,2025-03-03 13:27:07,47.0
0.7260,19.9650,0.5530,89.0430,1.09,2025-03-03 13:27:07,47.0
0.6980,19.9590,0.3570,88.7620,0.9860,2025-03-03 13:27:07,47.0
0.7090,19.9370,0.3850,88.7040,1.0370,2025-03-03 13:27:07,47.0
0.7290,20.0620,0.56,89.2280,1.1150,2025-03-03 13:27:07,47.0
0.7310,20.0870,0.55,89.2320,1.0690,2025-03-03 13:27:07,47.0
0.6830,20.0280,0.6440,88.5910,0.9950,2025-03-03 13:27:07,47.0
0.7130,20.0810,0.42,88.89,1.0260,2025-03-03 13:27:07,47.0
0.6910,19.8890,0.5150,88.9930,0.9770,2025-03-03 13:27:07,47.0
0.71,19.9210,0.4970,88.7830,1.0480,2025-03-03 13:27:07,47.0
0.6720,20.09,0.5810,88.93,1.0020,2025-03-03 19:32:19,48.0
0.7070,20.0150,0.5780,88.7860,1.0740,2025-03-03 19:32:19,48.0
0.7270,20.09,0.4340,89.0780,0.9070,2025-03-03 19:32:19,48.0
0.6940,19.9330,0.4240,88.6780,0.9860,2025-03-03 19:32:19,48.0
0.71,20.0340,0.3920,89.0570,1.1020,2025-03-03 19:32:19,48.0
0.7390,20.0560,0.4760,88.9680,1.10,2025-03-03 19:32:19,48.0
0.7160,20.0780,0.5290,88.8820,1.1050,2025-03-03 19:32:19,48.0
0.70,20.0210,0.3880,88.9870,1.0680,2025-03-03 19:32:19,48.0
0.6910,19.9680,0.3850,89.1050,1.0410,2025-03-03 19:32:19,48.0
0.6810,20.0720,0.6020,88.6540,1.0160,2025-03-03 19:32:19,48.0
0.6950,20.1190,0.3360,88.9750,0.9950,2025-03-03 19:32:19,48.0
0.7150,20.0620,0.6090,89.0780,1.1350,2025-03-03 19:32:19,48.0
0.7020,19.9490,0.4480,88.5720,1.03,2025-03-03 19:32:19,48.0
0.6930,19.9520,0.3710,88.53,1.0590,2025-03-03 19:32:19,48.0
0.7390,20.1470,0.3610,89.3020,1.1290,2025-03-03 19:32:19,48.0
0.6980,19.8550,0.3430,88.7190,1.0480,2025-03-03 19:32:19,48.0
0.6950,20.0310,0.3960,88.6480,1.0350,2025-03-03 19:32:19,48.0
0.7160,19.9810,0.4870,89.04,0.9940,2025-03-03 19:32:19,48.0
0.70,19.9180,0.5780,88.9950,1.0220,2025-03-03 19:32:19,48.0
0.7620,20.0530,0.3260,89.0860,1.1580,2025-03-03 19:32:19,48.0
0.7120,20.0650,0.2830,89.3960,1.0540,2025-03-03 21:37:32,49.0
0.7240,19.8890,0.3990,89.2290,1.0580,2025-03-03 21:37:32,49.0
0.6740,20.1340,0.5460,88.6050,0.9740,2025-03-03 21:37:32,49.0
0.7210,20.0530,0.5390,88.8510,1.0620,2025-03-03 21:37:32,49.0
0.7520,19.9990,0.43,89.2140,1.1310,2025-03-03 21:37:32,49.0
0.7420,20.0650,0.5010,89.0860,1.1690,2025-03-03 21:37:32,49.0
0.7070,19.9740,0.2590,88.9280,1.0270,2025-03-03 21:37:32,49.0
0.74,20.0180,0.5180,89.0970,1.1390,2025-03-03 21:37:32,49.0
0.70,20.0560,0.3710,89.0490,1.1140,2025-03-03 21:37:32,49.0
0.7480,19.9930,0.4380,89.1310,1.1290,2025-03-03 21:37:32,49.0
0.7050,19.8740,0.6580,88.90,1.0850,2025-03-03 21:37:32,49.0
0.7220,20.0460,0.5150,89.0910,1.0020,2025-03-03 21:37:32,49.0
0.6890,19.8420,0.2310,88.8940,1.0350,2025-03-03 21:37:32,49.0
0.6690,19.9370,0.4730,88.6930,1.0050,2025-03-03 21:37:32,49.0
0.7150,20.04,0.4830,89.05,1.03,2025-03-03 21:37:32,49.0
0.6950,19.9210,0.4270,88.5430,1.07,2025-03-03 21:37:32,49.0
0.6980,20.0680,0.5210,88.7810,0.9890,2025-03-03 21:37:32,49.0
0.7140,19.9270,0.4410,89.2290,1.0540,2025-03-03 21:37:32,49.0
0.68,19.9330,0.6230,88.55,1.0020,2025-03-03 21:37:32,49.0
0.6780,19.9550,0.6510,88.4720,1.0060,2025-03-03 21:37:32,49.0
0.7070,20.0060,0.4030,88.7640,1.1390,2025-03-04 12:54:59,50.0
0.7380,20.05,0.4410,89.0040,1.0820,2025-03-04 12:54:59,50.0
0.6990,20.0560,0.5770,88.8380,1.0560,2025-03-04 12:54:59,50.0
0.7040,20.0370,0.4060,88.8030,1.0320,2025-03-04 12:54:59,50.0
0.6870,19.9840,0.4060,88.7170,1.02,2025-03-04 12:54:59,50.0
0.6940,19.9650,0.5850,88.6390,1.0150,2025-03-04 12:54:59,50.0
0.7020,19.9810,0.4580,88.4330,1.07,2025-03-04 12:54:59,50.0
0.6970,20.0430,0.4310,88.95,1.0910,2025-03-04 12:54:59,50.0
0.7060,20.0120,0.5110,88.7450,1.0590,2025-03-04 12:54:59,50.0
0.7280,20.0650,0.4090,89.1630,1.0710,2025-03-04 12:54:59,50.0
0.6920,20.0370,0.5320,88.6140,1.0020,2025-03-04 12:54:59,50.0
0.7150,20.04,0.3190,88.9250,1.0470,2025-03-04 12:54:59,50.0
0.7080,20.05,0.3850,88.9690,1.1340,2025-03-04 12:54:59,50.0
0.7550,20.0940,0.6440,89.1480,1.1670,2025-03-04 12:54:59,50.0
0.6860,19.9840,0.4020,88.6750,0.9770,2025-03-04 12:54:59,50.0
0.6980,20.0180,0.3330,88.4830,1.0580,2025-03-04 12:54:59,50.0
0.7670,20.1280,0.5210,89.3020,1.2130,2025-03-04 12:54:59,50.0
0.6950,19.9240,0.4090,88.4790,0.9890,2025-03-04 12:54:59,50.0
0.7350,19.9930,0.5810,89.1570,1.1060,2025-03-04 12:54:59,50.0
0.72,20.0120,0.5080,88.9580,1.0960,2025-03-04 12:54:59,50.0
0.6950,19.9520,0.4620,88.7020,1.0810,2025-03-04 13:00:01,51.0
0.7260,20.04,0.4340,88.9230,1.0650,2025-03-04 13:00:01,51.0
0.6950,19.9840,0.6510,88.53,1.0920,2025-03-04 13:00:01,51.0
0.7170,20.0210,0.4580,88.8530,1.0880,2025-03-04 13:00:01,51.0
0.71,19.9810,0.4970,88.60,1.0710,2025-03-04 13:00:01,51.0
0.7050,20.0030,0.4130,88.6180,1.0480,2025-03-04 13:00:01,51.0
0.7130,20.0680,0.62,89.0910,1.0990,2025-03-04 13:00:01,51.0
0.7150,19.9870,0.4830,88.92,1.0690,2025-03-04 13:00:01,51.0
0.7340,20.0720,0.4830,89.1710,1.1390,2025-03-04 13:00:01,51.0
0.6910,19.9710,0.5110,88.6250,1.0320,2025-03-04 13:00:01,51.0
0.6960,19.9520,0.5080,88.5480,1.0680,2025-03-04 13:00:01,51.0
0.6930,19.9710,0.7770,88.77,1.0260,2025-03-04 13:00:01,51.0
0.7140,20.0590,0.4130,88.9770,1.1240,2025-03-04 13:00:01,51.0
0.7230,20.0090,0.5850,88.9090,1.06,2025-03-04 13:00:01,51.0
0.6810,20.0460,0.4550,88.7630,1.0510,2025-03-04 13:00:01,51.0
0.7120,20.0590,0.5250,88.8290,1.1040,2025-03-04 13:00:01,51.0
0.7640,20.1630,0.4620,88.9810,1.1390,2025-03-04 13:00:01,51.0
0.69,19.9330,0.5080,88.4750,1.0950,2025-03-04 13:00:01,51.0
0.7010,19.8770,0.50,88.6810,1.0570,2025-03-04 13:00:01,51.0
0.7010,19.9930,0.5740,89.0590,1.0570,2025-03-04 13:00:01,51.0
0.7190,19.9710,0.6620,88.9320,1.0350,2025-03-04 19:10:17,52.0
0.72,19.9650,0.3920,89.1980,1.1380,2025-03-04 19:10:17,52.0
0.7140,19.9460,0.4440,88.52,1.0820,2025-03-04 19:10:17,52.0
0.7050,19.9020,0.6020,88.3490,1.05,2025-03-04 19:10:17,52.0
0.7450,19.9870,0.3920,89.27,1.1630,2025-03-04 19:10:17,52.0
0.7360,20.0750,0.5350,89.0180,1.1260,2025-03-04 19:10:17,52.0
0.7240,19.9650,0.4520,88.5810,1.1250,2025-03-04 19:10:17,52.0
0.7290,20.0310,0.5080,88.8320,1.1570,2025-03-04 19:10:17,52.0
0.7170,20.0590,0.5530,88.8670,1.0510,2025-03-04 19:10:17,52.0
0.7230,20.0870,0.3640,88.8280,1.1480,2025-03-04 19:10:17,52.0
0.75,19.99,0.5430,89.09,1.10,2025-03-04 19:10:17,52.0
0.7390,20.0210,0.5640,89.1160,1.1150,2025-03-04 19:10:17,52.0
0.7060,19.9680,0.4030,88.7340,0.9610,2025-03-04 19:10:17,52.0
0.6890,20.0030,0.5850,88.7790,1.0060,2025-03-04 19:10:17,52.0
0.7260,20.0430,0.5080,88.9380,1.14,2025-03-04 19:10:17,52.0
0.73,20.0150,0.3430,88.8210,1.0490,2025-03-04 19:10:17,52.0
0.7170,19.9770,0.4440,89.1340,1.0920,2025-03-04 19:10:17,52.0
0.7040,19.9490,0.3750,88.8470,1.0660,2025-03-04 19:10:17,52.0
0.7290,20.0870,0.4730,89.2940,1.1230,2025-03-04 19:10:17,52.0
0.7340,19.9550,0.4650,89.5160,1.1270,2025-03-04 19:10:17,52.0
0.7240,20.0810,0.3710,88.6910,1.0060,2025-03-04 21:45:29,53.0
0.6830,20.04,0.5850,89.03,1.0240,2025-03-04 21:45:29,53.0
0.69,20.0310,0.3850,88.7220,0.9980,2025-03-04 21:45:29,53.0
0.7290,20.1090,0.3430,88.9810,1.1020,2025-03-04 21:45:29,53.0
0.6980,19.9930,0.3880,88.4060,1.02,2025-03-04 21:45:29,53.0
0.6850,20.0180,0.4790,89.0460,1.02,2025-03-04 21:45:29,53.0
0.6890,19.9990,0.5350,88.6520,1.0690,2025-03-04 21:45:29,53.0
0.7040,19.9770,0.4090,88.9890,1.07,2025-03-04 21:45:29,53.0
0.7510,20.0590,0.4310,89.1160,1.1620,2025-03-04 21:45:29,53.0
0.7460,20.0720,0.3530,89.0610,1.1670,2025-03-04 21:45:29,53.0
0.7640,20.1120,0.5110,89.1560,1.1720,2025-03-04 21:45:29,53.0
0.7330,20.1220,0.5150,88.9210,1.1170,2025-03-04 21:45:29,53.0
0.7020,19.9490,0.35,88.8970,1.0950,2025-03-04 21:45:29,53.0
0.71,20.0120,0.6160,89.0360,0.9240,2025-03-04 21:45:29,53.0
0.7120,20.0590,0.4940,88.5340,1.0810,2025-03-04 21:45:29,53.0
0.77,20.05,0.4410,89.4820,1.1650,2025-03-04 21:45:29,53.0
0.7210,20.0590,0.5080,89.1220,1.1170,2025-03-04 21:45:29,53.0
0.7320,20.09,0.3780,88.9260,1.1270,2025-03-04 21:45:29,53.0
0.7220,20.0340,0.4760,88.6270,1.0760,2025-03-04 21:45:29,53.0
0.7030,19.9740,0.5710,88.8430,1.0810,2025-03-04 21:45:29,53.0
0.7090,20.0590,0.4030,88.5250,1.1020,2025-03-05 11:31:03,54.0
0.7260,20.0530,0.5980,88.9740,1.0890,2025-03-05 11:31:03,54.0
0.7290,20.0180,0.5250,88.9990,1.0930,2025-03-05 11:31:03,54.0
0.7410,20.0430,0.4660,89.0930,1.1440,2025-03-05 11:31:03,54.0
0.7280,19.9770,0.6370,89.0630,1.0930,2025-03-05 11:31:03,54.0
0.7190,20.0560,0.28,89.0210,1.1060,2025-03-05 11:31:03,54.0
0.7180,19.9740,0.5320,88.5980,1.05,2025-03-05 11:31:03,54.0
0.7170,20.0340,0.34,89.1350,1.0750,2025-03-05 11:31:03,54.0
0.7410,19.9430,0.3570,89.1770,1.1470,2025-03-05 11:31:03,54.0
0.7280,20.0180,0.4170,89.1790,1.1140,2025-03-05 11:31:03,54.0
0.73,20.1090,0.5150,89.0350,1.0750,2025-03-05 11:31:03,54.0
0.7010,19.9810,0.5950,88.6650,1.0390,2025-03-05 11:31:03,54.0
0.7220,20.0030,0.6650,88.9430,1.0910,2025-03-05 11:31:03,54.0
0.7130,20.0430,0.3530,88.7150,1.0390,2025-03-05 11:31:03,54.0
0.7180,19.9810,0.3750,88.8940,1.1350,2025-03-05 11:31:03,54.0
0.7050,20.0120,0.4760,89.0550,1.0730,2025-03-05 11:31:03,54.0
0.7230,19.9770,0.4510,89.1850,1.0960,2025-03-05 11:31:03,54.0
0.6780,19.9960,0.4790,88.5630,0.98,2025-03-05 11:31:03,54.0
0.7280,19.9240,0.4690,88.9990,1.13,2025-03-05 11:31:03,54.0
0.6830,20.0250,0.5250,88.5640,1.0530,2025-03-05 11:31:03,54.0
0.74,20.0430,0.5430,88.9640,1.2030,2025-03-05 12:56:05,55.0
0.6990,20.0720,0.62,88.4810,1.0080,2025-03-05 12:56:05,55.0
0.7210,20.0460,0.4310,88.8750,1.12,2025-03-05 12:56:05,55.0
0.7380,20.0560,0.3290,89.3450,1.0950,2025-03-05 12:56:05,55.0
0.7090,20.0720,0.49,88.7410,1.1140,2025-03-05 12:56:05,55.0
0.7350,20.0560,0.3990,89.0230,1.1030,2025-03-05 12:56:05,55.0
0.7010,20.0680,0.5710,88.7210,1.0980,2025-03-05 12:56:05,55.0
0.6850,19.99,0.4760,88.5910,1.0130,2025-03-05 12:56:05,55.0
0.6850,20.0180,0.62,88.6040,1.0250,2025-03-05 12:56:05,55.0
0.7310,20.04,0.3250,89.3520,1.1630,2025-03-05 12:56:05,55.0
0.7120,20.0210,0.3250,89.02,1.1480,2025-03-05 12:56:05,55.0
0.7290,20.0680,0.4480,88.8660,1.0470,2025-03-05 12:56:05,55.0
0.6840,20.0090,0.3850,88.8780,1.0350,2025-03-05 12:56:05,55.0
0.7290,20.0340,0.35,89.4170,1.1810,2025-03-05 12:56:05,55.0
0.6970,19.9520,0.7770,88.7670,1.0750,2025-03-05 12:56:05,55.0
0.7310,20.0430,0.3710,89.1370,1.1220,2025-03-05 12:56:05,55.0
0.7220,20.0870,0.5010,89.0930,1.1020,2025-03-05 12:56:05,55.0
0.6950,19.9810,0.5390,88.8190,1.0820,2025-03-05 12:56:05,55.0
0.7310,20.0340,0.4970,88.7350,1.0930,2025-03-05 12:56:05,55.0
0.7310,19.9550,0.4620,89.3180,1.0850,2025-03-05 12:56:05,55.0
0.6980,20.0250,0.5630,88.9910,1.05,2025-03-05 19:16:19,56.0
0.7150,20.1190,0.55,88.5450,1.1150,2025-03-05 19:16:19,56.0
0.7080,20.0250,0.5390,88.9020,1.1340,2025-03-05 19:16:19,56.0
0.7220,20.0280,0.4060,88.9570,1.13,2025-03-05 19:16:19,56.0
0.6980,19.9330,0.7280,88.4230,1.0940,2025-03-05 19:16:19,56.0
0.7130,19.9430,0.5320,88.8260,1.13,2025-03-05 19:16:19,56.0
0.7210,20.0180,0.4790,88.7040,1.0680,2025-03-05 19:16:19,56.0
0.72,20.0620,0.5210,89.1640,1.0650,2025-03-05 19:16:19,56.0
0.7130,19.9770,0.4940,88.8960,1.0630,2025-03-05 19:16:19,56.0
0.7250,20.1160,0.4870,89.0310,1.1580,2025-03-05 19:16:19,56.0
0.6850,20.0280,0.4520,88.7810,1.0490,2025-03-05 19:16:19,56.0
0.7410,20.0720,0.4310,89.07,1.1120,2025-03-05 19:16:19,56.0
0.7310,20.1120,0.42,88.9630,1.1520,2025-03-05 19:16:19,56.0
0.7160,20.1090,0.42,89.0160,1.1270,2025-03-05 19:16:19,56.0
0.7260,20.1060,0.2420,89.1850,1.1440,2025-03-05 19:16:19,56.0
0.7430,20.0590,0.4550,89.0580,1.1840,2025-03-05 19:16:19,56.0
0.7390,20.0720,0.5460,88.9130,1.1480,2025-03-05 19:16:19,56.0
0.7230,20.0720,0.3250,88.8620,1.1380,2025-03-05 19:16:19,56.0
0.7430,20.0750,0.5110,89.0890,1.1720,2025-03-05 19:16:19,56.0
0.7170,20.0810,0.62,89.1330,1.1210,2025-03-05 19:16:19,56.0
0.7180,20.1030,0.3050,89.2730,1.0480,2025-03-05 21:31:29,57.0
0.7010,19.9960,0.3290,88.9690,1.0920,2025-03-05 21:31:29,57.0
0.68,20.09,0.5180,88.4640,1.0370,2025-03-05 21:31:29,57.0
0.7410,20.1060,0.4660,89.2270,1.1530,2025-03-05 21:31:29,57.0
0.7250,20.0340,0.3960,88.7960,1.0530,2025-03-05 21:31:29,57.0
0.7140,20.0720,0.5250,88.8490,1.0920,2025-03-05 21:31:29,57.0
0.7180,20.0310,0.4410,88.6320,1.0910,2025-03-05 21:31:29,57.0
0.7140,20.0340,0.49,88.9860,1.0250,2025-03-05 21:31:29,57.0
0.7040,20.0370,0.4480,88.60,1.0510,2025-03-05 21:31:29,57.0
0.70,20.0680,0.5110,88.84,1.0290,2025-03-05 21:31:29,57.0
0.7150,20.0150,0.4870,88.7250,1.0510,2025-03-05 21:31:29,57.0
0.6950,20.0750,0.3810,88.6220,1.0790,2025-03-05 21:31:29,57.0
0.7070,20.0780,0.5390,89.1650,0.0170,2025-03-05 21:31:29,57.0
0.6810,20.0840,0.4060,88.3220,0.9970,2025-03-05 21:31:29,57.0
0.7270,20.0250,0.3220,88.8510,1.1020,2025-03-05 21:31:29,57.0
0.7340,20.0340,0.43,89.40,1.0780,2025-03-05 21:31:29,57.0
0.6970,20.0530,0.4790,88.4240,1.0060,2025-03-05 21:31:29,57.0
0.6970,20.0430,0.5110,89.0360,1.1180,2025-03-05 21:31:29,57.0
0.7050,20.0970,0.5210,88.7690,1.1180,2025-03-05 21:31:29,57.0
0.7240,20.1190,0.3740,89.0320,1.1210,2025-03-05 21:31:29,57.0
0.7070,20.0460,0.5980,88.5890,1.0430,2025-03-06 13:35:30,58.0
0.74,20.04,0.2940,88.9880,1.14,2025-03-06 13:35:30,58.0
0.6930,20.0340,0.5670,88.6620,1.0550,2025-03-06 13:35:30,58.0
0.7320,20.0840,0.2870,88.9920,0.0160,2025-03-06 13:35:30,58.0
0.7220,20.04,0.55,88.9660,1.2040,2025-03-06 13:35:30,58.0
0.7530,20.1030,0.3850,89.1460,1.18,2025-03-06 13:35:30,58.0
0.7170,20.0810,0.6690,89.1050,1.1080,2025-03-06 13:35:30,58.0
0.7170,20.0620,0.4550,89.0690,1.1360,2025-03-06 13:35:30,58.0
0.6860,19.8860,0.4310,88.7520,1.0310,2025-03-06 13:35:30,58.0
0.6870,19.9960,0.3890,88.5720,1.0660,2025-03-06 13:35:30,58.0
0.7180,20.05,0.4380,89.0250,1.1090,2025-03-06 13:35:30,58.0
0.70,19.99,0.4730,89.0310,1.0720,2025-03-06 13:35:30,58.0
0.6980,20.0460,0.5390,88.3720,1.0490,2025-03-06 13:35:30,58.0
0.68,19.9740,0.3880,88.7820,1.0480,2025-03-06 13:35:30,58.0
0.74,20.0940,0.5180,89.0240,1.14,2025-03-06 13:35:30,58.0
0.7020,19.9710,0.4860,88.9210,1.0650,2025-03-06 13:35:30,58.0
0.7020,19.9050,0.5290,88.87,1.1060,2025-03-06 13:35:30,58.0
0.74,20.1630,0.4830,89.0670,1.2020,2025-03-06 13:35:30,58.0
0.6950,20.0370,0.4480,89.19,1.0490,2025-03-06 13:35:30,58.0
0.6830,19.9020,0.4230,88.5680,1.0390,2025-03-06 13:35:30,58.0
0.6960,20.0250,0.4690,88.6530,1.02,2025-03-06 14:45:32,59.0
0.6960,19.9680,0.3850,88.9750,0.9790,2025-03-06 14:45:32,59.0
0.7460,20.0560,0.3960,88.9580,1.1720,2025-03-06 14:45:32,59.0
0.7260,20.0840,0.3820,88.9770,1.1310,2025-03-06 14:45:32,59.0
0.7120,19.9460,0.5570,88.5060,1.1190,2025-03-06 14:45:32,59.0
0.7290,20.0180,0.3430,89.0870,1.1830,2025-03-06 14:45:32,59.0
0.7090,20.0560,0.5150,88.5870,1.0840,2025-03-06 14:45:32,59.0
0.75,20.0720,0.4090,89.1490,1.1710,2025-03-06 14:45:32,59.0
0.74,20.0810,0.5010,89.1560,1.1380,2025-03-06 14:45:32,59.0
0.7020,20.0780,0.5390,88.3130,1.0730,2025-03-06 14:45:32,59.0
0.6990,20.04,0.3880,88.9920,1.0790,2025-03-06 14:45:32,59.0
0.6980,20.05,0.3640,88.6770,1.0690,2025-03-06 14:45:32,59.0
0.7370,20.0120,0.3850,89.1630,1.1550,2025-03-06 14:45:32,59.0
0.7060,19.9680,0.3540,89.0310,1.0850,2025-03-06 14:45:32,59.0
0.7460,19.9990,0.4940,89.0910,1.1060,2025-03-06 14:45:32,59.0
0.6950,19.9710,0.6130,88.5140,1.0740,2025-03-06 14:45:32,59.0
0.6880,20.0340,0.3850,88.5030,1.0510,2025-03-06 14:45:32,59.0
0.75,20.0780,0.4030,89.2270,1.1890,2025-03-06 14:45:32,59.0
0.7320,20.1190,0.2380,88.9640,1.1560,2025-03-06 14:45:32,59.0
0.6990,20.0370,0.5360,88.5540,1.0710,2025-03-06 14:45:32,59.0
0.7420,20.1340,0.4940,89.0930,1.1720,2025-03-06 19:40:41,60.0
0.7060,19.9930,0.2870,88.6220,1.0840,2025-03-06 19:40:41,60.0
0.7490,20.0530,0.4650,89.2660,1.0760,2025-03-06 19:40:41,60.0
0.7470,20.0840,0.5180,89.1950,1.1360,2025-03-06 19:40:41,60.0
0.7340,20.1060,0.3080,89.0340,1.16,2025-03-06 19:40:41,60.0
0.7080,20.1090,0.3810,88.5530,1.1120,2025-03-06 19:40:41,60.0
0.6850,20.0680,0.3330,88.6160,1.0540,2025-03-06 19:40:41,60.0
0.7020,20.0310,0.50,88.8060,1.0410,2025-03-06 19:40:41,60.0
0.7460,20.0530,0.4940,89.2510,1.1470,2025-03-06 19:40:41,60.0
0.7250,20.0680,0.4860,89.0370,1.1270,2025-03-06 19:40:41,60.0
0.7280,20.1190,0.3320,89.0070,1.1170,2025-03-06 19:40:41,60.0
0.7180,20.0650,0.3710,88.9940,1.0460,2025-03-06 19:40:41,60.0
0.7580,20.0720,0.5070,88.87,1.1610,2025-03-06 19:40:41,60.0
0.70,20.05,0.5740,88.9670,1.1010,2025-03-06 19:40:41,60.0
0.7170,20.1030,0.5530,89.2970,1.1150,2025-03-06 19:40:41,60.0
0.7480,20.04,0.4130,89.0510,1.2470,2025-03-06 19:40:41,60.0
0.7360,20.0750,0.41,88.9690,1.1770,2025-03-06 19:40:41,60.0
0.6980,20.0940,0.5040,88.7680,1.1160,2025-03-06 19:40:41,60.0
0.7160,20.05,0.3850,88.8220,1.06,2025-03-06 19:40:41,60.0
0.7450,20.0280,0.3610,88.9230,1.2610,2025-03-06 19:40:41,60.0
0.6740,19.9840,0.5390,88.81,1.0260,2025-03-06 21:45:53,61.0
0.6940,20.0430,0.4550,88.7050,1.0250,2025-03-06 21:45:53,61.0
0.7530,20.0970,0.4310,89.1860,1.1680,2025-03-06 21:45:53,61.0
0.7250,19.9330,0.5460,89.0210,1.1150,2025-03-06 21:45:53,61.0
0.7380,20.0840,0.4690,89.1120,1.09,2025-03-06 21:45:53,61.0
0.7020,19.8710,0.5320,88.5780,1.0680,2025-03-06 21:45:53,61.0
0.6960,20.0750,0.5080,88.6490,1.0570,2025-03-06 21:45:53,61.0
0.6860,19.9240,0.3610,88.7730,1.04,2025-03-06 21:45:53,61.0
0.7170,19.9840,0.4130,88.8480,1.1010,2025-03-06 21:45:53,61.0
0.7410,19.9370,0.6120,89.1060,1.1660,2025-03-06 21:45:53,61.0
0.6960,19.9960,0.4860,88.8250,1.0220,2025-03-06 21:45:53,61.0
0.6970,19.9520,0.4550,88.6620,1.0560,2025-03-06 21:45:53,61.0
0.6930,19.9110,0.4870,88.8520,1,2025-03-06 21:45:53,61.0
0.7330,20.0250,0.4720,89.3110,1.1350,2025-03-06 21:45:53,61.0
0.7150,19.9490,0.4480,88.7870,1.0190,2025-03-06 21:45:53,61.0
0.6950,19.9960,0.3680,88.9440,0.9450,2025-03-06 21:45:53,61.0
0.6960,19.9930,0.4340,88.6730,1.05,2025-03-06 21:45:53,61.0
0.7070,20.04,0.7390,88.9470,1.0990,2025-03-06 21:45:53,61.0
0.6860,19.8640,0.3850,88.8050,1.0160,2025-03-06 21:45:53,61.0
0.7090,19.94,0.3750,88.8870,1.0630,2025-03-06 21:45:53,61.0
0.7390,20.1660,0.5290,88.9320,1.0930,2025-03-07 11:05:52,62.0
0.7250,20.1630,0.4650,88.9630,1.1020,2025-03-07 11:05:52,62.0
0.73,20.0430,0.28,89.1250,1.1380,2025-03-07 11:05:52,62.0
0.6730,19.9810,0.4270,88.9720,1.0150,2025-03-07 11:05:52,62.0
0.7130,19.9020,0.4620,88.9040,1.06,2025-03-07 11:05:52,62.0
0.7360,20.1030,0.5710,89.02,1.0790,2025-03-07 11:05:52,62.0
0.69,20.0430,0.6480,88.99,0.9730,2025-03-07 11:05:52,62.0
0.7140,19.9840,0.5210,88.6670,0.9990,2025-03-07 11:05:52,62.0
0.6740,19.9110,0.4550,88.6650,1.0210,2025-03-07 11:05:52,62.0
0.7130,19.9370,0.4160,88.6080,0.9910,2025-03-07 11:05:52,62.0
0.7050,19.9870,0.5640,88.5230,1.0510,2025-03-07 11:05:52,62.0
0.7370,20.04,0.5630,88.9370,1.2090,2025-03-07 11:05:52,62.0
0.7420,20.0090,0.5810,89.1120,1.0990,2025-03-07 11:05:52,62.0
0.72,20.1250,0.2980,89.0040,1.1510,2025-03-07 11:05:52,62.0
0.6960,19.9240,0.3610,88.8650,1.1110,2025-03-07 11:05:52,62.0
0.6980,19.9930,0.3150,89.0560,0.0180,2025-03-07 11:05:52,62.0
0.7660,20.0120,0.5420,89.2810,1.22,2025-03-07 11:05:52,62.0
0.6910,20.0460,0.5350,88.5660,1.0160,2025-03-07 11:05:52,62.0
0.7340,20.0430,0.3540,89.2610,1.1340,2025-03-07 11:05:52,62.0
0.7040,19.9840,0.4690,88.8480,1.0720,2025-03-07 11:05:52,62.0
0.7270,20.1190,0.3610,89.0240,1.1160,2025-03-07 21:31:16,63.0
0.7060,20.0150,0.5150,88.68,1.06,2025-03-07 21:31:16,63.0
0.6880,20.0150,0.5950,88.9040,0.9760,2025-03-07 21:31:16,63.0
0.6830,19.9870,0.3610,88.7330,1.0350,2025-03-07 21:31:16,63.0
0.6980,19.9960,0.3610,88.80,1.0590,2025-03-07 21:31:16,63.0
0.6940,19.9740,0.3540,88.7410,1.0070,2025-03-07 21:31:16,63.0
0.6940,19.9620,0.3890,88.7530,0.9880,2025-03-07 21:31:16,63.0
0.7140,20.1030,0.5710,88.9060,1.0530,2025-03-07 21:31:16,63.0
0.7210,20.0970,0.3680,88.97,1.1390,2025-03-07 21:31:16,63.0
0.6880,20.0250,0.2690,88.6290,1.0210,2025-03-07 21:31:16,63.0
0.6890,20.0780,0.5180,89.0790,0.9740,2025-03-07 21:31:16,63.0
0.7140,20.0590,0.4510,89.1480,1.0630,2025-03-07 21:31:16,63.0
0.74,20.1410,0.3640,88.9410,1.0950,2025-03-07 21:31:16,63.0
0.7010,20.0840,0.4060,89.1450,1.0040,2025-03-07 21:31:16,63.0
0.7580,20.1880,0.4310,88.9120,1.25,2025-03-07 21:31:16,63.0
0.7250,20.1410,0.5210,89.1260,1.0880,2025-03-07 21:31:16,63.0
0.6790,19.9680,0.5770,88.3890,1.0120,2025-03-07 21:31:16,63.0
0.7030,20.0810,0.4550,88.6760,1.0590,2025-03-07 21:31:16,63.0
0.6910,20.0180,0.3920,88.6220,1.0380,2025-03-07 21:31:16,63.0
0.6860,19.9740,0.3920,88.4840,1.0170,2025-03-07 21:31:16,63.0
0.6810,20.0590,0.3710,88.9030,0.9550,2025-03-10 12:50:02,64.0
0.6740,19.94,0.5220,89.1490,0.9570,2025-03-10 12:50:02,64.0
0.6810,20.0650,0.4580,88.9230,1.0840,2025-03-10 12:50:02,64.0
0.6630,19.9330,0.5150,89.0420,1.0060,2025-03-10 12:50:02,64.0
0.70,19.9150,0.3960,88.7550,1.0760,2025-03-10 12:50:02,64.0
0.7060,20.1910,0.3610,88.9420,1.0710,2025-03-10 12:50:02,64.0
0.6840,20.0030,0.3430,88.8880,0.9260,2025-03-10 12:50:02,64.0
0.6660,19.9330,0.4620,88.7210,0.99,2025-03-10 12:50:02,64.0
0.7110,20.0180,0.4940,88.8220,1.0710,2025-03-10 12:50:02,64.0
0.7170,20.0310,0.6720,88.6690,1.06,2025-03-10 12:50:02,64.0
0.6630,19.9550,0.3810,88.72,1.0040,2025-03-10 12:50:02,64.0
0.73,20.1250,0.56,89.2250,1.1170,2025-03-10 12:50:02,64.0
0.7360,20.1090,0.3850,88.9720,1.1270,2025-03-10 12:50:02,64.0
0.7020,19.9960,0.3530,88.5750,1.0590,2025-03-10 12:50:02,64.0
0.6740,20.0090,0.4690,89.0740,0.9460,2025-03-10 12:50:02,64.0
0.6960,20.0090,0.3740,88.9790,1.0320,2025-03-10 12:50:02,64.0
0.7350,20.1660,0.4790,89.0870,1.2060,2025-03-10 12:50:02,64.0
0.7130,20.0970,0.4090,89.1740,1.1350,2025-03-10 12:50:02,64.0
0.67,20.0030,0.4130,88.68,0.9980,2025-03-10 12:50:02,64.0
0.7190,20.10,0.5980,89.1370,1.11,2025-03-10 12:50:02,64.0
0.6690,19.9520,0.3180,89.3120,0.9640,2025-03-10 13:30:05,65.0
0.7310,20.1820,0.6370,89.1810,1.13,2025-03-10 13:30:05,65.0
0.7260,20.0870,0.4410,89.3470,1.0970,2025-03-10 13:30:05,65.0
0.6550,19.9370,0.4760,88.8090,0.9620,2025-03-10 13:30:05,65.0
0.7340,20.0870,0.42,88.8580,1.1240,2025-03-10 13:30:05,65.0
0.7060,20.0280,0.4760,88.8570,1.0460,2025-03-10 13:30:05,65.0
0.6780,19.9810,0.3640,88.9250,0.9550,2025-03-10 13:30:05,65.0
0.7220,20.15,0.56,89.1070,1.0710,2025-03-10 13:30:05,65.0
0.7240,20.0650,0.4970,89.0310,1.0780,2025-03-10 13:30:05,65.0
0.7280,20.0780,0.5710,88.9970,1.1710,2025-03-10 13:30:05,65.0
0.6920,20.0340,0.3010,88.7090,1.0280,2025-03-10 13:30:05,65.0
0.7010,20.0870,0.6120,89.1620,1.0760,2025-03-10 13:30:05,65.0
0.6860,20.0370,0.4690,88.80,0.9930,2025-03-10 13:30:05,65.0
0.73,20.0430,0.5080,89.0330,1.1040,2025-03-10 13:30:05,65.0
0.7180,20.1280,0.5210,89.3190,1.1120,2025-03-10 13:30:05,65.0
0.6840,19.9990,0.4130,88.7580,1.02,2025-03-10 13:30:05,65.0
0.6850,19.9650,0.6650,88.9050,1.1060,2025-03-10 13:30:05,65.0
0.7460,20.0840,0.4230,89.2610,1.1690,2025-03-10 13:30:05,65.0
0.7250,20.1310,0.4090,89.0060,1.1260,2025-03-10 13:30:05,65.0
0.7180,20.0590,0.4720,89.3540,1.10,2025-03-10 13:30:05,65.0
0.7420,20.0310,0.3530,89.2750,1.21,2025-03-10 19:45:16,66.0
0.7070,19.9870,0.5950,88.8860,1.1050,2025-03-10 19:45:16,66.0
0.7290,19.99,0.2450,89.2350,1.1080,2025-03-10 19:45:16,66.0
0.7190,19.9490,0.3250,88.9090,1.0870,2025-03-10 19:45:16,66.0
0.7090,19.9110,0.4620,88.8770,1.1320,2025-03-10 19:45:16,66.0
0.7020,19.9370,0.5670,88.73,1.1030,2025-03-10 19:45:16,66.0
0.6980,19.9590,0.3260,88.8760,1.0680,2025-03-10 19:45:16,66.0
0.7180,19.9520,0.3540,88.6570,1.1160,2025-03-10 19:45:16,66.0
0.7430,20.0180,0.3820,89.3020,1.2330,2025-03-10 19:45:16,66.0
0.7140,19.9740,0.3990,89.0520,1.1170,2025-03-10 19:45:16,66.0
0.7440,20.0150,0.2520,89.29,1.18,2025-03-10 19:45:16,66.0
0.7310,20.0060,0.4270,89.0060,1.1230,2025-03-10 19:45:16,66.0
0.70,19.9870,0.5530,88.7420,1.0610,2025-03-10 19:45:16,66.0
0.7550,20.0060,0.5290,89.45,1.1590,2025-03-10 19:45:16,66.0
0.7270,19.9270,0.4170,88.7030,1.0860,2025-03-10 19:45:16,66.0
0.7020,19.9840,0.5350,88.9160,1.0580,2025-03-10 19:45:16,66.0
0.7350,20.0090,0.42,89.0670,1.1440,2025-03-10 19:45:16,66.0
0.6880,19.9620,0.3880,88.9660,1.11,2025-03-10 19:45:16,66.0
0.6920,19.9740,0.35,88.4330,1.1370,2025-03-10 19:45:16,66.0
0.7250,20.05,0.3290,88.9490,1.1820,2025-03-10 19:45:16,66.0
0.7350,19.99,0.3190,89.1480,1.2110,2025-03-11 11:07:18,67.0
0.7260,20.0060,0.4620,88.7950,1.0740,2025-03-11 11:07:18,67.0
0.7190,20.0460,0.56,89.3370,1.1540,2025-03-11 11:07:18,67.0
0.7180,19.9460,0.2660,88.6920,1.1010,2025-03-11 11:07:18,67.0
0.7280,20.0590,0.5770,89.4430,1.0860,2025-03-11 11:07:18,67.0
0.7370,19.9550,0.5250,88.6740,1.1150,2025-03-11 11:07:18,67.0
0.7090,19.9960,0.28,88.9190,1.0460,2025-03-11 11:07:18,67.0
0.7130,19.9840,0.3540,88.8650,1.0210,2025-03-11 11:07:18,67.0
0.7310,20.0560,0.3780,89.2750,1.2240,2025-03-11 11:07:18,67.0
0.7180,19.9430,0.4440,88.6270,1.0810,2025-03-11 11:07:18,67.0
0.7090,20.05,0.4060,88.5540,1.0520,2025-03-11 11:07:18,67.0
0.74,20.0940,0.3050,89.3680,1.1520,2025-03-11 11:07:18,67.0
0.7380,20.05,0.4870,89.1630,1.1710,2025-03-11 11:07:18,67.0
0.7320,19.99,0.6050,89.0840,1.1330,2025-03-11 11:07:18,67.0
0.7310,20.0530,0.42,89.4740,1.13,2025-03-11 11:07:18,67.0
0.7530,20.1410,0.5150,89.3650,1.2480,2025-03-11 11:07:18,67.0
0.71,19.9490,0.3710,88.5250,1.1320,2025-03-11 11:07:18,67.0
0.7220,19.9590,0.4580,88.7130,1.0570,2025-03-11 11:07:18,67.0
0.72,19.9810,0.3610,89.1830,1.1440,2025-03-11 11:07:18,67.0
0.7240,20.0530,0.4830,89.44,1.0720,2025-03-11 11:07:18,67.0
0.7080,19.9490,0.6120,89.1140,1.1020,2025-03-11 19:42:33,68.0
0.7070,20.0650,0.4130,88.8280,1.0430,2025-03-11 19:42:33,68.0
0.7360,20.1630,0.3360,89.0920,1.1620,2025-03-11 19:42:33,68.0
0.6950,19.9520,0.55,88.6240,1.0280,2025-03-11 19:42:33,68.0
0.7570,20.1560,0.4690,89.3850,1.18,2025-03-11 19:42:33,68.0
0.7030,20.0250,0.3150,88.3570,1.0940,2025-03-11 19:42:33,68.0
0.7220,19.9590,0.6160,89.05,1.1190,2025-03-11 19:42:33,68.0
0.7390,20.09,0.4440,89.0870,1.1850,2025-03-11 19:42:33,68.0
0.6920,20.0090,0.4130,88.6560,1.0580,2025-03-11 19:42:33,68.0
0.7430,20.0970,0.4660,89.32,1.1720,2025-03-11 19:42:33,68.0
0.6990,19.9930,0.3080,88.6790,1.0150,2025-03-11 19:42:33,68.0
0.7040,19.9240,0.5150,89.0260,1.0330,2025-03-11 19:42:33,68.0
0.6760,19.9490,0.4440,88.5130,1.0530,2025-03-11 19:42:33,68.0
0.6910,19.93,0.4480,88.9460,1.0320,2025-03-11 19:42:33,68.0
0.72,20.0310,0.5110,89.0440,1.1120,2025-03-11 19:42:33,68.0
0.7360,20.16,0.3530,89.1720,1.1450,2025-03-11 19:42:33,68.0
0.7260,19.99,0.5350,89.0280,1.1210,2025-03-11 19:42:33,68.0
0.7460,20.09,0.5180,89.32,1.1740,2025-03-11 19:42:33,68.0
0.7380,20.1820,0.42,89.3440,1.16,2025-03-11 19:42:33,68.0
0.73,20.1060,0.5080,89.2280,1.1680,2025-03-11 19:42:33,68.0
0.6930,19.9680,0.4310,88.8030,1.0860,2025-03-12 11:11:12,69.0
0.70,19.8610,0.2480,88.6850,1.1150,2025-03-12 11:11:12,69.0
0.7080,19.8860,0.4170,88.8380,1.0650,2025-03-12 11:11:12,69.0
0.6970,19.9050,0.4270,88.9590,1.0860,2025-03-12 11:11:12,69.0
0.7120,20.0430,0.2760,88.3780,1.0910,2025-03-12 11:11:12,69.0
0.7190,19.88,0.5770,89.0990,1.11,2025-03-12 11:11:12,69.0
0.7010,20.0280,0.4440,89.1640,1.08,2025-03-12 11:11:12,69.0
0.6840,19.9150,0.4690,88.64,1.0210,2025-03-12 11:11:12,69.0
0.6960,19.8770,0.34,89.1180,1.1010,2025-03-12 11:11:12,69.0
0.6970,20.0560,0.4130,89.0180,1.1060,2025-03-12 11:11:12,69.0
0.7030,19.9240,0.4690,89.30,1.01,2025-03-12 11:11:12,69.0
0.74,19.9620,0.2410,88.8290,1.0450,2025-03-12 11:11:12,69.0
0.7240,20.10,0.3010,89.2630,1.1580,2025-03-12 11:11:12,69.0
0.74,20.0650,0.4730,89.24,1.1690,2025-03-12 11:11:12,69.0
0.6870,19.8140,0.62,88.6310,1.0560,2025-03-12 11:11:12,69.0
0.7330,19.9810,0.6370,89.21,1.0880,2025-03-12 11:11:12,69.0
0.7420,19.99,0.4940,89.0530,1.2130,2025-03-12 11:11:12,69.0
0.6850,19.9050,0.4410,88.7760,1.0470,2025-03-12 11:11:12,69.0
0.7010,20.0250,0.5320,89.2320,1.1680,2025-03-12 11:11:12,69.0
0.6980,19.9770,0.5320,88.72,1.0790,2025-03-12 11:11:12,69.0
0.7460,20.0180,0.3810,89.1480,1.0860,2025-03-12 21:31:36,70.0
0.6980,20.0680,0.3990,88.9820,0.9950,2025-03-12 21:31:36,70.0
0.6680,19.9590,0.3750,88.8650,0.9860,2025-03-12 21:31:36,70.0
0.7040,19.9840,0.5710,89.1780,1.0620,2025-03-12 21:31:36,70.0
0.71,20.0370,0.4230,89.1220,0.9730,2025-03-12 21:31:36,70.0
0.71,19.9840,0.4940,88.7430,1.0460,2025-03-12 21:31:36,70.0
0.7120,19.9840,0.4520,89.20,1.0670,2025-03-12 21:31:36,70.0
0.71,19.9990,0.3960,88.8670,1.0990,2025-03-12 21:31:36,70.0
0.70,20.0720,0.4620,88.5640,1.0090,2025-03-12 21:31:36,70.0
0.7110,19.99,0.2730,89.2780,1.1260,2025-03-12 21:31:36,70.0
0.7160,19.9020,0.4340,89.2040,1.0940,2025-03-12 21:31:36,70.0
0.7020,20.0310,0.4860,88.9880,1.0420,2025-03-12 21:31:36,70.0
0.6840,20.0430,0.4760,88.4860,1.01,2025-03-12 21:31:36,70.0
0.7120,19.9650,0.4440,89.0130,1.0880,2025-03-12 21:31:36,70.0
0.7210,20.0650,0.5080,89.1040,1.0790,2025-03-12 21:31:36,70.0
0.6840,19.94,0.3680,88.51,1.0510,2025-03-12 21:31:36,70.0
0.71,19.9680,0.4550,88.8950,1.0260,2025-03-12 21:31:36,70.0
0.6950,20.0210,0.3960,88.7170,0.9750,2025-03-12 21:31:36,70.0
0.6830,19.9680,0.55,88.86,0.9720,2025-03-12 21:31:36,70.0
0.6870,19.9770,0.4170,88.8390,0.9420,2025-03-12 21:31:36,70.0
0.72,20.04,0.4450,89.3490,1.08,2025-03-13 11:29:22,71.0
0.6850,20.0150,0.6330,88.8920,1.02,2025-03-13 11:29:22,71.0
0.7130,19.9960,0.3780,88.6270,1.0550,2025-03-13 11:29:22,71.0
0.7380,20.04,0.4240,88.9990,1.0820,2025-03-13 11:29:22,71.0
0.7460,19.9990,0.3570,89.2110,1.15,2025-03-13 11:29:22,71.0
0.6840,20.0030,0.34,88.3870,0.9920,2025-03-13 11:29:22,71.0
0.7090,19.9680,0.5560,88.99,1.1540,2025-03-13 11:29:22,71.0
0.7060,19.93,0.4380,88.8060,1.0340,2025-03-13 11:29:22,71.0
0.7140,19.9740,0.4230,88.8670,1.0520,2025-03-13 11:29:22,71.0
0.7230,20.0940,0.3330,88.8750,1.0820,2025-03-13 11:29:22,71.0
0.7610,20.0150,0.4340,89.0630,1.18,2025-03-13 11:29:22,71.0
0.6990,19.9740,0.7040,88.7420,1.0530,2025-03-13 11:29:22,71.0
0.7180,19.9460,0.2560,88.8640,0.9920,2025-03-13 11:29:22,71.0
0.7340,20.0090,0.4380,89.0890,1.1090,2025-03-13 11:29:22,71.0
0.7460,19.99,0.3360,89.1770,1.17,2025-03-13 11:29:22,71.0
0.7190,20.0120,0.5420,88.57,1.0430,2025-03-13 11:29:22,71.0
0.6670,19.9150,0.4270,88.6950,0.9880,2025-03-13 11:29:22,71.0
0.6910,20.0030,0.4940,88.6070,1.0630,2025-03-13 11:29:22,71.0
0.7340,20.0090,0.5150,89.2160,1.1580,2025-03-13 11:29:22,71.0
0.7440,20.0030,0.4790,88.8550,1.1680,2025-03-13 11:29:22,71.0
0.7080,20.0280,0.4170,88.9420,1.0410,2025-03-13 21:29:40,72.0
0.7060,20.0590,0.4130,88.8540,0.9880,2025-03-13 21:29:40,72.0
0.7050,20.0060,0.3810,88.7820,1.0850,2025-03-13 21:29:40,72.0
0.6830,20.0340,0.6090,88.4870,1.0190,2025-03-13 21:29:40,72.0
0.6810,19.94,0.6970,88.6680,0.9640,2025-03-13 21:29:40,72.0
0.7180,20.04,0.5390,88.8720,1.0920,2025-03-13 21:29:40,72.0
0.7020,20.0750,0.4550,89.1330,1.0070,2025-03-13 21:29:40,72.0
0.7250,19.9870,0.4450,88.6860,1.03,2025-03-13 21:29:40,72.0
0.7450,20.1280,0.5670,89.1630,1.0920,2025-03-13 21:29:40,72.0
0.67,19.8740,0.6860,88.75,0.9750,2025-03-13 21:29:40,72.0
0.6840,19.9740,0.4480,88.8040,1.08,2025-03-13 21:29:40,72.0
0.7030,20.1250,0.6620,89.1690,1.0730,2025-03-13 21:29:40,72.0
0.6860,19.9770,0.5460,88.6050,1.0040,2025-03-13 21:29:40,72.0
0.7630,20.0620,0.6370,89.0310,1.2120,2025-03-13 21:29:40,72.0
0.7280,20.0620,0.4270,89.0130,1.1430,2025-03-13 21:29:40,72.0
0.6820,20.0090,0.4340,88.6660,1.0250,2025-03-13 21:29:40,72.0
0.7060,19.9330,0.7490,88.6860,1.0550,2025-03-13 21:29:40,72.0
0.7070,19.9710,0.5180,89.0710,1.1270,2025-03-13 21:29:40,72.0
0.7220,20.0530,0.4940,89.0360,1.1260,2025-03-13 21:29:40,72.0
0.7330,20.0460,0.3250,88.9930,1.1330,2025-03-13 21:29:40,72.0
0.7110,19.9210,0.4940,89.0860,1.0210,2025-03-14 22:26:59,73.0
0.7520,20.0090,0.3610,88.9460,1.1220,2025-03-14 22:26:59,73.0
0.7040,19.9840,0.2940,88.9410,1.0760,2025-03-14 22:26:59,73.0
0.73,20.0680,0.4450,89.02,1.0480,2025-03-14 22:26:59,73.0
0.7220,20.0180,0.5670,88.78,1.0530,2025-03-14 22:26:59,73.0
0.7140,20.0560,0.3640,88.7920,1.0530,2025-03-14 22:26:59,73.0
0.7050,19.9870,0.4450,88.5130,1.1110,2025-03-14 22:26:59,73.0
0.6740,19.9080,0.5950,89.1180,1.0490,2025-03-14 22:26:59,73.0
0.6920,19.93,0.4650,89.0150,1.0130,2025-03-14 22:26:59,73.0
0.7270,19.9710,0.6270,89.01,1.0430,2025-03-14 22:26:59,73.0
0.6920,20.0280,0.4790,88.8010,1.0140,2025-03-14 22:26:59,73.0
0.7370,20.1120,0.4270,89.0670,1.1470,2025-03-14 22:26:59,73.0
0.7140,19.9960,0.49,88.6510,1.0480,2025-03-14 22:26:59,73.0
0.7350,20.0430,0.3990,89.0540,1.1460,2025-03-14 22:26:59,73.0
0.74,20.04,0.4480,88.9440,1.1430,2025-03-14 22:26:59,73.0
0.7170,19.9770,0.2840,88.7530,1.0370,2025-03-14 22:26:59,73.0
0.7090,19.9110,0.4480,88.87,1.1270,2025-03-14 22:26:59,73.0
0.7030,20.0210,0.6060,88.7320,1.0650,2025-03-14 22:26:59,73.0
0.7070,19.9870,0.4090,88.4990,1.0510,2025-03-14 22:26:59,73.0
0.7250,20.04,0.4340,88.7990,1.0870,2025-03-14 22:26:59,73.0
0.7510,20.0650,0.4760,88.8460,1.1410,2025-03-17 13:19:15,74.0
0.7060,20.0060,0.5390,89.1310,1.0450,2025-03-17 13:19:15,74.0
0.7070,20.0560,0.2730,88.9230,1.0860,2025-03-17 13:19:15,74.0
0.7130,19.9240,0.3890,88.9920,1.0030,2025-03-17 13:19:15,74.0
0.7240,19.9960,0.4870,89.1160,1.18,2025-03-17 13:19:15,74.0
0.7450,20.09,0.4410,89.1230,1.1330,2025-03-17 13:19:15,74.0
0.7090,20.0090,0.41,89.0880,1.0690,2025-03-17 13:19:15,74.0
0.7010,19.9210,0.5080,89.2520,1.0460,2025-03-17 13:19:15,74.0
0.7160,20.0870,0.4870,89.0020,1.0480,2025-03-17 13:19:15,74.0
0.7170,19.9990,0.5210,88.8660,1.1570,2025-03-17 13:19:15,74.0
0.7360,20.0840,0.5390,88.9930,1.1860,2025-03-17 13:19:15,74.0
0.7210,19.94,0.5460,89.14,1.1180,2025-03-17 13:19:15,74.0
0.7340,20.0120,0.3890,88.99,1.0810,2025-03-17 13:19:15,74.0
0.7370,20.1090,0.34,88.9920,1.1480,2025-03-17 13:19:15,74.0
0.7420,20.1310,0.5150,88.8610,1.1380,2025-03-17 13:19:15,74.0
0.7410,20.1470,0.3880,88.8710,1.1560,2025-03-17 13:19:15,74.0
0.7110,20.05,0.4550,88.9550,1.0610,2025-03-17 13:19:15,74.0
0.7030,19.9710,0.49,88.8970,1.0570,2025-03-17 13:19:15,74.0
0.7380,20.16,0.3810,88.7730,1.1590,2025-03-17 13:19:15,74.0
0.7270,19.9180,0.5350,88.8730,1.1460,2025-03-17 13:19:15,74.0
0.6980,20.0150,0.2380,88.8580,1.0620,2025-03-17 19:59:24,75.0
0.7450,20.1440,0.4060,89.0170,1.0680,2025-03-17 19:59:24,75.0
0.7020,19.94,0.5210,89.0490,1.0850,2025-03-17 19:59:24,75.0
0.7150,20.0810,0.48,89.1530,1.1030,2025-03-17 19:59:24,75.0
0.7260,19.9620,0.43,88.9760,1.0450,2025-03-17 19:59:24,75.0
0.7240,20.05,0.41,89.0060,1.1680,2025-03-17 19:59:24,75.0
0.7160,20.1190,0.21,88.9780,1.1580,2025-03-17 19:59:24,75.0
0.7520,20.0590,0.5460,89.1560,1.1430,2025-03-17 19:59:24,75.0
0.7070,20.0030,0.4580,88.8930,1.0490,2025-03-17 19:59:24,75.0
0.75,20.15,0.6020,89.1620,1.1560,2025-03-17 19:59:24,75.0
0.7110,20.0310,0.2520,88.9190,1.0380,2025-03-17 19:59:24,75.0
0.76,20.0530,0.3780,88.8960,1.1590,2025-03-17 19:59:24,75.0
0.7150,20.0340,0.3890,89.0010,1.0660,2025-03-17 19:59:24,75.0
0.7370,20.0720,0.4270,89.0290,1.1840,2025-03-17 19:59:24,75.0
0.7180,19.9180,0.5150,89.0460,1.1020,2025-03-17 19:59:24,75.0
0.7230,19.9180,0.3330,88.9110,1.09,2025-03-17 19:59:24,75.0
0.7240,20.1160,0.3920,88.9090,1.1510,2025-03-17 19:59:24,75.0
0.7140,20.1190,0.3110,88.84,1.0980,2025-03-17 19:59:24,75.0
0.7070,20.0970,0.4580,88.9580,1.1260,2025-03-17 19:59:24,75.0
0.7370,20.0780,0.4340,88.8410,1.1180,2025-03-17 19:59:24,75.0
0.6960,19.99,0.49,89.0340,1.0140,2025-03-17 21:44:30,76.0
0.7350,19.9930,0.5250,89.3340,1.0850,2025-03-17 21:44:30,76.0
0.7160,19.9430,0.56,89.0510,1.1070,2025-03-17 21:44:30,76.0
0.7210,20.0210,0.4230,89.0370,1.1150,2025-03-17 21:44:30,76.0
0.7390,20.04,0.5850,89.0690,1.1640,2025-03-17 21:44:30,76.0
0.6950,19.9840,0.3920,88.81,0.9990,2025-03-17 21:44:30,76.0
0.7020,19.9810,0.5640,88.8060,1.0270,2025-03-17 21:44:30,76.0
0.7160,20.0150,0.5460,88.9080,1.11,2025-03-17 21:44:30,76.0
0.7140,20.0180,0.5770,88.7450,1.0520,2025-03-17 21:44:30,76.0
0.7010,20.0150,0.4580,89.0910,1.1490,2025-03-17 21:44:30,76.0
0.6970,19.9770,0.4380,88.7650,1.0380,2025-03-17 21:44:30,76.0
0.6970,19.9270,0.3810,89.3960,1.0660,2025-03-17 21:44:30,76.0
0.7290,19.9620,0.3960,89.1780,1.0860,2025-03-17 21:44:30,76.0
0.7110,19.9240,0.5390,88.6960,1.0450,2025-03-17 21:44:30,76.0
0.70,19.9430,0.56,89.1760,1.0470,2025-03-17 21:44:30,76.0
0.6920,19.9840,0.5850,88.95,1.0290,2025-03-17 21:44:30,76.0
0.7040,19.9370,0.50,88.8380,1.0450,2025-03-17 21:44:30,76.0
0.6750,19.9330,0.5810,88.79,1.0470,2025-03-17 21:44:30,76.0
0.7350,19.9110,0.6230,89.1110,1.1030,2025-03-17 21:44:30,76.0
0.7060,20.0460,0.4060,89.1770,1.0340,2025-03-17 21:44:30,76.0
0.7340,20.0340,0.4060,88.7930,1.2210,2025-03-18 11:09:30,77.0
0.7340,20.1560,0.4730,88.99,1.1310,2025-03-18 11:09:30,77.0
0.7070,19.9870,0.3680,88.7870,1.1050,2025-03-18 11:09:30,77.0
0.7180,20.1120,0.5110,88.7860,1.1470,2025-03-18 11:09:30,77.0
0.7350,20.0310,0.3710,89.0080,1.1630,2025-03-18 11:09:30,77.0
0.6980,20.0530,0.3740,88.8380,1.0380,2025-03-18 11:09:30,77.0
0.7350,19.9870,0.6160,88.9730,1.1340,2025-03-18 11:09:30,77.0
0.7650,20.1380,0.3780,88.9610,1.21,2025-03-18 11:09:30,77.0
0.7380,20.0530,0.3360,89.23,1.1640,2025-03-18 11:09:30,77.0
0.7420,20.0940,0.3990,88.8830,1.1680,2025-03-18 11:09:30,77.0
0.72,19.9550,0.34,89.0390,1.0960,2025-03-18 11:09:30,77.0
0.7250,20.0310,0.5180,88.8820,1.1780,2025-03-18 11:09:30,77.0
0.7460,19.9840,0.3250,88.6940,1.1920,2025-03-18 11:09:30,77.0
0.7270,20.0340,0.4090,89.15,1.1570,2025-03-18 11:09:30,77.0
0.7330,19.9620,0.4550,88.9360,1.1770,2025-03-18 11:09:30,77.0
0.7360,20.09,0.3810,88.9180,1.1310,2025-03-18 11:09:30,77.0
0.7410,20.0090,0.43,89.0310,1.1820,2025-03-18 11:09:30,77.0
0.7450,20.1630,0.3810,89.3770,1.1910,2025-03-18 11:09:30,77.0
0.6970,20.0180,0.5990,88.7030,1.1040,2025-03-18 11:09:30,77.0
0.7080,20.05,0.3990,88.7190,1.0410,2025-03-18 11:09:30,77.0
0.7280,20.0560,0.5210,88.9840,1.1170,2025-03-18 12:54:31,78.0
0.6930,20.0120,0.3290,88.7180,1.0520,2025-03-18 12:54:31,78.0
0.7250,20.0430,0.4860,89.1310,1.0770,2025-03-18 12:54:31,78.0
0.7310,20.0870,0.4830,89.0430,1.2190,2025-03-18 12:54:31,78.0
0.7330,20.0060,0.3920,88.9380,1.1660,2025-03-18 12:54:31,78.0
0.7280,19.9840,0.4440,88.8820,1.0930,2025-03-18 12:54:31,78.0
0.6950,19.9870,0.71,88.9240,1.0130,2025-03-18 12:54:31,78.0
0.70,19.9180,0.4580,88.9420,1.1160,2025-03-18 12:54:31,78.0
0.7340,19.9650,0.3810,88.95,1.1720,2025-03-18 12:54:31,78.0
0.72,20.0460,0.5420,89.19,1.0910,2025-03-18 12:54:31,78.0
0.71,19.9650,0.4410,89.1540,1.0930,2025-03-18 12:54:31,78.0
0.7260,20.0370,0.3220,89.0350,1.14,2025-03-18 12:54:31,78.0
0.6960,19.9370,0.5640,88.8720,1.1010,2025-03-18 12:54:31,78.0
0.75,20.0650,0.56,88.9870,1.1720,2025-03-18 12:54:31,78.0
0.7340,20.0590,0.4240,89.1520,1.1080,2025-03-18 12:54:31,78.0
0.7420,20.0210,0.4650,88.9030,1.1380,2025-03-18 12:54:31,78.0
0.7290,19.9770,0.5040,88.9130,1.1780,2025-03-18 12:54:31,78.0
0.7170,20.0870,0.4270,88.8720,1.0860,2025-03-18 12:54:31,78.0
0.7490,20.0750,0.4650,88.9630,1.1630,2025-03-18 12:54:31,78.0
0.7080,20.0840,0.56,89.0440,1.1350,2025-03-18 12:54:31,78.0
0.7090,19.9270,0.4410,89.1050,1.0010,2025-03-18 19:34:41,79.0
0.6930,19.9330,0.5150,88.9450,1.0590,2025-03-18 19:34:41,79.0
0.7110,20.0530,0.5070,89.09,1.05,2025-03-18 19:34:41,79.0
0.74,20.1220,0.4730,89.1040,1.1910,2025-03-18 19:34:41,79.0
0.7360,20.0430,0.2870,89.1810,1.1950,2025-03-18 19:34:41,79.0
0.6930,20.1120,0.28,89.0260,1.0740,2025-03-18 19:34:41,79.0
0.7590,20.1060,0.3670,89.1190,1.20,2025-03-18 19:34:41,79.0
0.7430,20.0780,0.4520,88.9460,1.1390,2025-03-18 19:34:41,79.0
0.71,20.0530,0.3990,88.9950,1.0580,2025-03-18 19:34:41,79.0
0.7260,20.0620,0.5460,89.0790,1.1380,2025-03-18 19:34:41,79.0
0.7390,20.0750,0.4730,89.1890,1.1610,2025-03-18 19:34:41,79.0
0.7290,20.1310,0.3640,89.1070,1.1220,2025-03-18 19:34:41,79.0
0.6960,20.1190,0.5080,88.8150,1.1140,2025-03-18 19:34:41,79.0
0.7420,20.0590,0.28,88.9770,1.14,2025-03-18 19:34:41,79.0
0.72,20.0370,0.49,89.0580,1.1170,2025-03-18 19:34:41,79.0
0.7150,20.04,0.50,88.9550,1.04,2025-03-18 19:34:41,79.0
0.7040,19.9270,0.6020,89.19,1.1120,2025-03-18 19:34:41,79.0
0.7260,20.0060,0.4730,89.0240,1.0780,2025-03-18 19:34:41,79.0
0.6720,19.8990,0.4520,89.0160,1.0010,2025-03-18 19:34:41,79.0
0.7350,20.0430,0.4790,89.3060,1.2090,2025-03-18 19:34:41,79.0
0.6890,20.0150,0.5110,88.9980,1.0790,2025-03-18 21:39:48,80.0
0.73,20.1190,0.5180,89.1070,1.0850,2025-03-18 21:39:48,80.0
0.6920,19.99,0.5810,89.2420,1.02,2025-03-18 21:39:48,80.0
0.7370,20.1120,0.4550,89.1090,1.1840,2025-03-18 21:39:48,80.0
0.6880,19.9460,0.3010,89.3520,1.0210,2025-03-18 21:39:48,80.0
0.7510,20.1470,0.4660,89.1080,1.1340,2025-03-18 21:39:48,80.0
0.6870,20.1410,0.3540,89.0040,1.0010,2025-03-18 21:39:48,80.0
0.70,19.9430,0.4660,89.1030,1.0760,2025-03-18 21:39:48,80.0
0.6940,20.1380,0.5390,89.0650,1.0610,2025-03-18 21:39:48,80.0
0.6910,20.0090,0.3680,89.1720,1.09,2025-03-18 21:39:48,80.0
0.7170,20.15,0.3360,89.4040,1.1290,2025-03-18 21:39:48,80.0
0.7320,20.16,0.4520,89.1720,1.1480,2025-03-18 21:39:48,80.0
0.6990,20.1030,0.4650,88.7740,1.0980,2025-03-18 21:39:48,80.0
0.6910,20.0090,0.5880,89.1520,1.0520,2025-03-18 21:39:48,80.0
0.7070,20.0030,0.3460,88.9850,1.0850,2025-03-18 21:39:48,80.0
0.6950,19.99,0.5110,88.8870,1.0850,2025-03-18 21:39:48,80.0
0.7150,20.1310,0.4650,89.2080,1.0940,2025-03-18 21:39:48,80.0
0.7310,20.0650,0.5250,89.13,1.1550,2025-03-18 21:39:48,80.0
0.7210,20.0650,0.5320,89.3660,1.16,2025-03-18 21:39:48,80.0
0.6870,19.9930,0.5320,88.8040,1.0810,2025-03-18 21:39:48,80.0
0.6790,19.93,0.4550,89.1490,1.0280,2025-03-19 11:26:42,81.0
0.7150,20.0120,0.5250,89.2180,1.0290,2025-03-19 11:26:42,81.0
0.6850,20.0310,0.34,88.9190,1.0580,2025-03-19 11:26:42,81.0
0.6850,19.9770,0.3260,89.0410,1.0340,2025-03-19 11:26:42,81.0
0.7010,20.0090,0.3220,88.8310,1.1020,2025-03-19 11:26:42,81.0
0.7230,20.1780,0.3880,88.9460,1.1070,2025-03-19 11:26:42,81.0
0.7150,20.0180,0.5390,89.0230,1.1560,2025-03-19 11:26:42,81.0
0.6660,19.9430,0.6060,88.8460,1.0340,2025-03-19 11:26:42,81.0
0.6940,19.9930,0.5280,89.0880,1.09,2025-03-19 11:26:42,81.0
0.7050,19.9650,0.5350,88.9340,1.1320,2025-03-19 11:26:42,81.0
0.6820,20.0210,0.5290,88.9750,1.0510,2025-03-19 11:26:42,81.0
0.71,20.0150,0.4790,88.9840,1.1080,2025-03-19 11:26:42,81.0
0.73,20.0310,0.4580,89.1230,1.1260,2025-03-19 11:26:42,81.0
0.66,19.9710,0.3990,89.1460,0.9750,2025-03-19 11:26:42,81.0
0.70,19.8740,0.5670,89.2250,1.1380,2025-03-19 11:26:42,81.0
0.6640,19.9050,0.62,88.96,1.0030,2025-03-19 11:26:42,81.0
0.7140,19.9620,0.5850,89.0430,1.1120,2025-03-19 11:26:42,81.0
0.7110,20.0120,0.5710,88.9520,1.1640,2025-03-19 11:26:42,81.0
0.7220,19.9620,0.4340,88.9220,1.1290,2025-03-19 11:26:42,81.0
0.6940,20.0340,0.70,89.0570,1.0160,2025-03-19 11:26:42,81.0
0.6990,20.10,0.4620,88.8910,1.10,2025-03-19 13:06:44,82.0
0.71,19.9960,0.5390,88.7570,1.06,2025-03-19 13:06:44,82.0
0.7140,20.0780,0.5420,88.6540,1.0520,2025-03-19 13:06:44,82.0
0.6750,20.0750,0.4090,88.8290,1.0060,2025-03-19 13:06:44,82.0
0.70,20.0060,0.2840,88.7930,1.0280,2025-03-19 13:06:44,82.0
0.7470,20.1750,0.35,88.7630,1.1150,2025-03-19 13:06:44,82.0
0.7320,20.1630,0.3080,88.8150,1.1010,2025-03-19 13:06:44,82.0
0.7340,20.0870,0.5010,89.0860,1.0620,2025-03-19 13:06:44,82.0
0.7350,20.0340,0.5490,88.7690,1.2330,2025-03-19 13:06:44,82.0
0.7290,20.1380,0.3320,89.0450,1.1910,2025-03-19 13:06:44,82.0
0.6920,20.0530,0.4580,89.0180,1.1180,2025-03-19 13:06:44,82.0
0.6860,20.0370,0.2690,88.5620,0.0130,2025-03-19 13:06:44,82.0
0.7420,20.1160,0.5810,88.8840,1.1890,2025-03-19 13:06:44,82.0
0.7240,20.2070,0.4310,88.7430,1.1450,2025-03-19 13:06:44,82.0
0.7320,20.0810,0.4860,88.8640,1.1770,2025-03-19 13:06:44,82.0
0.6890,19.94,0.4550,88.63,1.0710,2025-03-19 13:06:44,82.0
0.7030,20.0310,0.4930,88.8810,1.0670,2025-03-19 13:06:44,82.0
0.7430,20.1560,0.4580,88.7530,1.1570,2025-03-19 13:06:44,82.0
0.7370,20.0940,0.3780,88.4980,1.1510,2025-03-19 13:06:44,82.0
0.7330,20.05,0.4380,88.7020,1.1830,2025-03-19 13:06:44,82.0
0.6960,19.9210,0.4970,89.0340,1.0810,2025-03-19 19:21:53,83.0
0.6840,19.9620,0.3250,88.9240,1.0380,2025-03-19 19:21:53,83.0
0.6930,19.9370,0.4270,88.9820,1.1050,2025-03-19 19:21:53,83.0
0.6950,20.10,0.42,88.7340,1.1180,2025-03-19 19:21:53,83.0
0.7070,19.9870,0.4970,88.84,1.0840,2025-03-19 19:21:53,83.0
0.7060,20.2070,0.4270,88.75,1.0810,2025-03-19 19:21:53,83.0
0.6890,19.9460,0.43,88.9760,1.0610,2025-03-19 19:21:53,83.0
0.72,20.1440,0.5150,88.7990,1.1570,2025-03-19 19:21:53,83.0
0.7430,20.1340,0.41,89,1.1750,2025-03-19 19:21:53,83.0
0.70,20.0340,0.5390,89.3060,1.1140,2025-03-19 19:21:53,83.0
0.7080,20.0180,0.4940,89.0170,1.0480,2025-03-19 19:21:53,83.0
0.7140,20.1470,0.4130,89.0650,1.09,2025-03-19 19:21:53,83.0
0.6950,19.9770,0.50,89.4340,1.0120,2025-03-19 19:21:53,83.0
0.6820,19.9590,0.4310,89.0360,1.0720,2025-03-19 19:21:53,83.0
0.7130,20.1030,0.3780,89.0090,1.17,2025-03-19 19:21:53,83.0
0.72,20.0090,0.3990,88.9750,1.0840,2025-03-19 19:21:53,83.0
0.7040,20.0310,0.4410,88.8450,1.1220,2025-03-19 19:21:53,83.0
0.6780,19.9590,0.4090,89.0590,1.0580,2025-03-19 19:21:53,83.0
0.6890,19.9770,0.42,88.9140,1.0390,2025-03-19 19:21:53,83.0
0.7310,20.0090,0.6440,89.1310,1.1890,2025-03-19 19:21:53,83.0
0.6910,19.9990,0.5420,88.4990,1.0620,2025-03-20 14:35:00,84.0
0.7550,20.0530,0.4730,89.33,1.1280,2025-03-20 14:35:00,84.0
0.7190,19.9520,0.4020,88.8360,0.9910,2025-03-20 14:35:00,84.0
0.6820,20.0090,0.4240,88.98,1.0520,2025-03-20 14:35:00,84.0
0.7190,19.9930,0.3710,88.7980,1.1280,2025-03-20 14:35:00,84.0
0.7320,20.10,0.3430,89.0480,1.1650,2025-03-20 14:35:00,84.0
0.7120,20.0280,0.3920,88.60,1.0810,2025-03-20 14:35:00,84.0
0.6970,19.9840,0.5950,88.7320,1.0350,2025-03-20 14:35:00,84.0
0.7070,20.1120,0.5110,88.9390,1.0390,2025-03-20 14:35:00,84.0
0.72,19.9270,0.5360,89.2220,1.10,2025-03-20 14:35:00,84.0
0.7040,20.0180,0.3960,88.8670,1.0260,2025-03-20 14:35:00,84.0
0.7250,20.1160,0.35,89.0590,1.0890,2025-03-20 14:35:00,84.0
0.7140,20.0870,0.4480,89.3340,1.0940,2025-03-20 14:35:00,84.0
0.6860,20.0370,0.6130,88.3710,0.9840,2025-03-20 14:35:00,84.0
0.7370,20.1160,0.4310,88.9750,1.0980,2025-03-20 14:35:00,84.0
0.7320,19.9770,0.3190,89.0350,1.0920,2025-03-20 14:35:00,84.0
0.7340,20.0650,0.4660,89.2310,1.0680,2025-03-20 14:35:00,84.0
0.6950,20.0090,0.5390,89.1720,1.0270,2025-03-20 14:35:00,84.0
0.6990,19.9740,0.6020,88.7750,1.0460,2025-03-20 14:35:00,84.0
0.6990,20.09,0.5210,88.7150,1.0020,2025-03-20 14:35:00,84.0
0.7240,20.1470,0.4090,89.0360,1.1120,2025-03-20 19:15:09,85.0
0.7070,19.9620,0.3670,88.56,1.0620,2025-03-20 19:15:09,85.0
0.7090,20.0620,0.3880,89.02,1.0940,2025-03-20 19:15:09,85.0
0.6850,20.0780,0.5180,88.8370,1.0520,2025-03-20 19:15:09,85.0
0.7150,19.9990,0.4660,88.8680,1.1270,2025-03-20 19:15:09,85.0
0.7230,19.9590,0.42,88.8370,1.1160,2025-03-20 19:15:09,85.0
0.7030,19.9330,0.4730,88.6730,1.0730,2025-03-20 19:15:09,85.0
0.7080,20.1220,0.49,89.1660,1.0750,2025-03-20 19:15:09,85.0
0.72,20.0650,0.3710,89.3290,1.1480,2025-03-20 19:15:09,85.0
0.7080,20.0150,0.3190,88.6960,1.0740,2025-03-20 19:15:09,85.0
0.6990,20.0370,0.4130,88.8270,1.0760,2025-03-20 19:15:09,85.0
0.7110,19.9050,0.4410,88.6750,1.07,2025-03-20 19:15:09,85.0
0.7260,19.9620,0.4970,89.3090,1.1080,2025-03-20 19:15:09,85.0
0.7180,19.9710,0.5180,88.7440,1.0950,2025-03-20 19:15:09,85.0
0.7230,19.9490,0.5560,88.5210,1.15,2025-03-20 19:15:09,85.0
0.7190,19.99,0.4410,89.0430,1.1250,2025-03-20 19:15:09,85.0
0.7220,20.0180,0.5110,89.0330,1.1180,2025-03-20 19:15:09,85.0
0.7220,19.9370,0.3990,89.31,1.0990,2025-03-20 19:15:09,85.0
0.6970,20.0250,0.4380,89.1250,1.0820,2025-03-20 19:15:09,85.0
0.7230,20.2040,0.4480,89.4870,1.1220,2025-03-20 19:15:09,85.0
0.6980,20.0280,0.56,89.3190,1.0690,2025-03-21 12:51:21,86.0
0.7110,20.0720,0.6160,88.7640,1.0110,2025-03-21 12:51:21,86.0
0.7290,19.9770,0.3190,88.4130,1.0960,2025-03-21 12:51:21,86.0
0.7250,20.0560,0.6020,89.3450,1.1330,2025-03-21 12:51:21,86.0
0.6990,19.9810,0.5670,88.6270,1.0370,2025-03-21 12:51:21,86.0
0.7120,20.1190,0.4730,89.0870,1.1230,2025-03-21 12:51:21,86.0
0.7150,20.1530,0.4830,88.9190,1.0890,2025-03-21 12:51:21,86.0
0.7230,20.0650,0.4760,89.2310,1.0930,2025-03-21 12:51:21,86.0
0.7120,19.9370,0.7630,89.1930,1.1040,2025-03-21 12:51:21,86.0
0.6850,20.1380,0.6440,89.1130,1.0260,2025-03-21 12:51:21,86.0
0.6750,20.0370,0.6690,88.7960,1.0260,2025-03-21 12:51:21,86.0
0.6970,20.0460,0.5390,89.1540,1.06,2025-03-21 12:51:21,86.0
0.7140,20.0250,0.5180,88.55,1.0820,2025-03-21 12:51:21,86.0
0.6880,19.9490,0.5350,88.6810,1.0140,2025-03-21 12:51:21,86.0
0.6910,20.0970,0.4830,88.8090,1.06,2025-03-21 12:51:21,86.0
0.6950,20.0780,0.4940,89.0880,1.0980,2025-03-21 12:51:21,86.0
0.68,19.9150,0.5710,88.9580,1.0360,2025-03-21 12:51:21,86.0
0.6970,19.9870,0.5280,89.10,1.0640,2025-03-21 12:51:21,86.0
0.7040,20.0090,0.5280,89.0540,1.0770,2025-03-21 12:51:21,86.0
0.6810,20.0680,0.4130,89.0020,1.06,2025-03-21 12:51:21,86.0
0.7210,20.05,0.5630,89.1930,1.0970,2025-03-21 19:26:29,87.0
0.7170,20.1090,0.4650,88.9610,1.1090,2025-03-21 19:26:29,87.0
0.7140,19.9460,0.50,88.9110,1.1070,2025-03-21 19:26:29,87.0
0.7420,20.1030,0.4550,89.2180,1.0840,2025-03-21 19:26:29,87.0
0.74,20.1060,0.4940,88.9370,1.0440,2025-03-21 19:26:29,87.0
0.6950,20.0310,0.5320,88.7730,1.0740,2025-03-21 19:26:29,87.0
0.7380,20.1530,0.7240,89.0980,1.1330,2025-03-21 19:26:29,87.0
0.7230,20.10,0.5460,89.0240,1.0770,2025-03-21 19:26:29,87.0
0.7210,19.9150,0.5010,88.6990,1.13,2025-03-21 19:26:29,87.0
0.7340,20.1220,0.5670,88.9220,1.1750,2025-03-21 19:26:29,87.0
0.6950,19.9620,0.62,88.9650,1.0560,2025-03-21 19:26:29,87.0
0.7290,20.0560,0.4860,89.0970,1.1230,2025-03-21 19:26:29,87.0
0.7280,20.0310,0.63,88.9580,1.1180,2025-03-21 19:26:29,87.0
0.75,20.1030,0.5630,88.9510,1.1380,2025-03-21 19:26:29,87.0
0.70,20.04,0.42,89.0560,1.0460,2025-03-21 19:26:29,87.0
0.7050,19.9960,0.3320,88.9730,1.08,2025-03-21 19:26:29,87.0
0.7120,20.0940,0.3570,88.8570,1.0380,2025-03-21 19:26:29,87.0
0.7260,19.9650,0.4730,88.7750,1.0340,2025-03-21 19:26:29,87.0
0.6940,20.0560,0.6120,88.8840,1.0950,2025-03-21 19:26:29,87.0
0.7230,20.0030,0.49,88.7590,1.0980,2025-03-21 19:26:29,87.0
0.7270,20.0940,0.4660,89.1240,1.1090,2025-03-21 21:26:33,88.0
0.6940,19.93,0.6860,88.7880,1.0710,2025-03-21 21:26:33,88.0
0.7240,20.0340,0.3920,88.9340,1.0740,2025-03-21 21:26:33,88.0
0.7120,20.0210,0.55,88.9840,1.1490,2025-03-21 21:26:33,88.0
0.6810,19.9840,0.3850,88.78,0.9890,2025-03-21 21:26:33,88.0
0.6810,20.0340,0.4480,88.9060,1.0090,2025-03-21 21:26:33,88.0
0.6960,20.1380,0.3850,89.2330,1.0470,2025-03-21 21:26:33,88.0
0.7170,20.1190,0.5560,89.0740,1.1680,2025-03-21 21:26:33,88.0
0.71,19.9710,0.3530,88.9880,1.1140,2025-03-21 21:26:33,88.0
0.6850,20.0340,0.3610,89.0110,1.0660,2025-03-21 21:26:33,88.0
0.7230,20.0340,0.5110,88.8250,1.1410,2025-03-21 21:26:33,88.0
0.7210,20.0180,0.4550,88.9540,1.0690,2025-03-21 21:26:33,88.0
0.72,19.99,0.3670,88.9340,1.0650,2025-03-21 21:26:33,88.0
0.7040,19.9990,0.4440,88.6870,1.0720,2025-03-21 21:26:33,88.0
0.7130,19.9840,0.5880,88.9610,1.1080,2025-03-21 21:26:33,88.0
0.6890,20.0210,0.4450,88.9360,1.03,2025-03-21 21:26:33,88.0
0.6980,20.0430,0.5810,88.6710,1.0080,2025-03-21 21:26:33,88.0
0.6960,20.0590,0.4410,88.9090,1.0590,2025-03-21 21:26:33,88.0
0.6870,19.9680,0.5460,88.7580,1.0830,2025-03-21 21:26:33,88.0
0.7040,20.0370,0.3960,88.9710,1.0650,2025-03-21 21:26:33,88.0
0.7150,19.9270,0.8190,88.9160,1.0910,2025-03-24 14:38:42,89.0
0.7140,19.9550,0.4730,88.8960,1.1080,2025-03-24 14:38:42,89.0
0.7280,19.9520,0.5290,88.7470,1.1310,2025-03-24 14:38:42,89.0
0.7250,20.0720,0.50,88.8670,1.0770,2025-03-24 14:38:42,89.0
0.7230,19.9460,0.5210,88.8840,1.1750,2025-03-24 14:38:42,89.0
0.7230,19.9840,0.4830,88.9760,1.1390,2025-03-24 14:38:42,89.0
0.7150,19.9680,0.4270,89.0580,1.0680,2025-03-24 14:38:42,89.0
0.7080,19.8770,0.3850,88.6460,1.1070,2025-03-24 14:38:42,89.0
0.7080,19.8960,0.55,88.8650,1.0720,2025-03-24 14:38:42,89.0
0.7350,19.9870,0.6230,88.9330,1.0990,2025-03-24 14:38:42,89.0
0.7390,20.0590,0.5180,88.7670,1.0720,2025-03-24 14:38:42,89.0
0.7350,19.9960,0.3120,89.1970,1.1260,2025-03-24 14:38:42,89.0
0.7180,19.9050,0.56,88.9080,1.1010,2025-03-24 14:38:42,89.0
0.7040,19.9550,0.4860,89.0650,1.0920,2025-03-24 14:38:42,89.0
0.7020,19.9330,0.4620,88.9020,1.1340,2025-03-24 14:38:42,89.0
0.7180,19.99,0.5110,89.01,1.0660,2025-03-24 14:38:42,89.0
0.7220,19.8610,0.5150,88.8280,1.13,2025-03-24 14:38:42,89.0
0.6960,19.9930,0.4020,88.5630,1.07,2025-03-24 14:38:42,89.0
0.71,19.9590,0.5040,88.9340,1.0670,2025-03-24 14:38:42,89.0
0.7290,20.1060,0.6620,89.0550,1.1150,2025-03-24 14:38:42,89.0
0.6950,19.9110,0.3960,88.7750,1.0780,2025-03-24 19:23:50,90.0
0.7350,19.9960,0.5530,88.9270,1.1310,2025-03-24 19:23:50,90.0
0.6880,19.99,0.6440,88.6150,1.0520,2025-03-24 19:23:50,90.0
0.7210,20.0620,0.3330,88.99,1.1430,2025-03-24 19:23:50,90.0
0.70,20.0150,0.4270,88.9860,1.0480,2025-03-24 19:23:50,90.0
0.6820,20.0180,0.2980,88.8990,1.0520,2025-03-24 19:23:50,90.0
0.7470,20.0620,0.4580,88.8430,1.1150,2025-03-24 19:23:50,90.0
0.7160,20.0280,0.5460,88.8360,1.0810,2025-03-24 19:23:50,90.0
0.7280,20.0210,0.4690,88.8190,1.1380,2025-03-24 19:23:50,90.0
0.7050,20.0780,0.4020,88.90,1.1070,2025-03-24 19:23:50,90.0
0.6880,19.9870,0.5430,89.2190,1.0320,2025-03-24 19:23:50,90.0
0.7340,20.0780,0.5080,88.5170,1.0830,2025-03-24 19:23:50,90.0
0.6990,20.04,0.6020,88.8970,1.0970,2025-03-24 19:23:50,90.0
0.7130,19.9740,0.5320,89.0320,1.0910,2025-03-24 19:23:50,90.0
0.7310,20.0030,0.6440,89.0710,1.0910,2025-03-24 19:23:50,90.0
0.7450,20.0590,0.5460,88.9530,1.0990,2025-03-24 19:23:50,90.0
0.7110,20.0650,0.5640,88.8810,1.11,2025-03-24 19:23:50,90.0
0.7310,20.0810,0.5640,89.1130,1.1020,2025-03-24 19:23:50,90.0
0.71,20.0150,0.5290,89.1140,1.0860,2025-03-24 19:23:50,90.0
0.7110,19.9210,0.6060,88.8930,1.1090,2025-03-24 19:23:50,90.0
0.7250,19.9990,0.6610,89.1490,1.0980,2025-03-24 21:38:54,91.0
0.6880,20.0280,0.4340,89.1440,1.0330,2025-03-24 21:38:54,91.0
0.7120,20.0250,0.4830,89.0620,1.0390,2025-03-24 21:38:54,91.0
0.71,20.0620,0.5530,88.75,1.0780,2025-03-24 21:38:54,91.0
0.7040,20.0120,0.4690,88.8850,1.0290,2025-03-24 21:38:54,91.0
0.7270,19.9710,0.4760,88.9780,1.1510,2025-03-24 21:38:54,91.0
0.6920,19.94,0.3990,89.0310,1.0530,2025-03-24 21:38:54,91.0
0.6870,19.9460,0.3810,88.8590,1.0650,2025-03-24 21:38:54,91.0
0.6930,19.9770,0.4480,89.0780,1.0890,2025-03-24 21:38:54,91.0
0.7020,20.0180,0.4760,88.6880,1.0110,2025-03-24 21:38:54,91.0
0.6940,19.9990,0.4830,89.0990,1.0130,2025-03-24 21:38:54,91.0
0.7310,20.0060,0.6190,88.94,1.0840,2025-03-24 21:38:54,91.0
0.7260,20.0560,0.3740,89.30,1.1050,2025-03-24 21:38:54,91.0
0.6880,20.0840,0.5280,89.2220,1.0850,2025-03-24 21:38:54,91.0
0.7020,20.0250,0.3920,88.7630,1.0380,2025-03-24 21:38:54,91.0
0.7070,19.9430,0.4870,88.7540,1.1050,2025-03-24 21:38:54,91.0
0.6970,19.9620,0.69,89.1260,1.0330,2025-03-24 21:38:54,91.0
0.7280,20.0370,0.4440,89.2630,1.0720,2025-03-24 21:38:54,91.0
0.7120,19.9620,0.4970,89.1090,1.0890,2025-03-24 21:38:54,91.0
0.7370,19.99,0.5150,88.8220,1.1470,2025-03-24 21:38:54,91.0
0.6530,20.16,0.4020,89.2950,0.9890,2025-05-14 10:33:37,92.0
0.6550,19.9770,0.3290,89.0030,0.9890,2025-05-14 10:33:37,92.0
0.6590,20.04,0.3890,89.5360,1.09,2025-05-14 10:33:37,92.0
0.6670,20.1060,0.3960,89.5460,1.1360,2025-05-14 10:33:37,92.0
0.6590,20.04,0.3880,89.4840,1.0770,2025-05-14 10:33:37,92.0
0.6530,20.0460,0.2870,89.4620,1.0530,2025-05-14 10:33:37,92.0
0.6530,19.9990,0.34,89.4620,1.0290,2025-05-14 10:33:37,92.0
0.6360,20.0460,0.3150,89.5670,0.9730,2025-05-14 10:33:37,92.0
0.6590,20.1440,0.3360,89.1960,1.0250,2025-05-14 10:33:37,92.0
0.6450,20.05,0.3330,89.0090,0.9620,2025-05-14 10:33:37,92.0
0.6390,19.9770,0.34,89.28,0.9660,2025-05-14 10:33:37,92.0
0.6790,20.0430,0.2520,89.0310,1.0410,2025-05-14 10:33:37,92.0
0.6590,20.0150,0.3610,89.6460,1.0850,2025-05-14 10:33:37,92.0
0.6740,20.1340,0.4170,89.4170,1.1050,2025-05-14 10:33:37,92.0
0.6640,20.0150,0.3610,89.7220,1.0640,2025-05-14 10:33:37,92.0
0.6540,20.0150,0.3680,89.5420,1.0940,2025-05-14 10:33:37,92.0
0.6570,20.05,0.2980,89.0630,1.0360,2025-05-14 10:33:37,92.0
0.6380,20.0310,0.3710,89.1690,0.9890,2025-05-14 10:33:37,92.0
0.6750,19.99,0.4310,89.6980,1.0750,2025-05-14 10:33:37,92.0
0.6610,20.1250,0.3570,88.9730,1.0440,2025-05-14 10:33:37,92.0
0.6480,20.0180,0.3640,89.7540,1.0820,2025-05-14 10:33:37,92.0
0.6470,20.0460,0.4310,89.1020,0.9380,2025-05-14 10:33:37,92.0
0.6460,20.0720,0.4230,89.0380,1,2025-05-14 10:33:37,92.0
0.6510,19.99,0.5180,89.1980,1.0360,2025-05-14 10:33:37,92.0
0.6420,19.9770,0.3080,89.3410,0.96,2025-05-14 10:33:37,92.0
0.6650,20.0680,0.2660,89.67,1.1020,2025-05-14 10:33:37,92.0
0.6530,19.9590,0.3460,89.5230,1.0240,2025-05-14 10:33:37,92.0
0.6350,20.0680,0.4520,89.3980,0.9990,2025-05-14 10:33:37,92.0
0.6560,19.9520,0.3190,89.7110,1.1830,2025-05-14 10:33:37,92.0
0.6480,20.0780,0.4090,89.4730,0.9970,2025-05-14 10:33:37,92.0
0.7020,19.9990,0.5430,89.1330,1.0810,2025-05-23 11:04:57,93.0
0.7060,20.0280,0.3220,88.9960,0.9940,2025-05-23 11:04:57,93.0
0.6950,19.8740,0.3640,88.8450,1.0260,2025-05-23 11:04:57,93.0
0.71,19.9990,0.3990,88.9920,1.0620,2025-05-23 11:04:57,93.0
0.7370,20.0310,0.4580,88.9070,1.0250,2025-05-23 11:04:57,93.0
0.7010,19.9810,0.2940,88.7920,1.0210,2025-05-23 11:04:57,93.0
0.6790,19.9020,0.3290,88.7830,1.0710,2025-05-23 11:04:57,93.0
0.6950,19.9110,0.4410,88.6170,0.9890,2025-05-23 11:04:57,93.0
0.7150,20.0430,0.4870,89.02,1.0740,2025-05-23 11:04:57,93.0
0.7120,19.9870,0.3640,88.7760,1.0480,2025-05-23 11:04:57,93.0
0.7030,20.04,0.3540,88.9740,1.0420,2025-05-23 11:04:57,93.0
0.6910,19.9960,0.4790,89.0170,1.0060,2025-05-23 11:04:57,93.0
0.70,19.8990,0.4380,88.9040,1.0280,2025-05-23 11:04:57,93.0
0.7040,19.8960,0.4060,88.72,1.0460,2025-05-23 11:04:57,93.0
0.7120,19.9270,0.4410,88.9270,1.07,2025-05-23 11:04:57,93.0
0.7370,20.0680,0.4870,88.9810,1.1370,2025-05-23 11:04:57,93.0
0.6930,19.8770,0.4230,88.88,1.0190,2025-05-23 11:04:57,93.0
0.7020,20.0460,0.3780,89.1510,1.0580,2025-05-23 11:04:57,93.0
0.68,19.8360,0.4790,89.0010,1.0660,2025-05-23 11:04:57,93.0
0.7390,20.0370,0.3180,88.8910,1.0690,2025-05-23 11:04:57,93.0
0.7020,19.9870,0.4060,88.9730,1.0990,2025-05-23 12:55:01,94.0
0.6940,19.99,0.42,88.9710,1.0750,2025-05-23 12:55:01,94.0
0.7140,19.9520,0.41,88.8080,1.0060,2025-05-23 12:55:01,94.0
0.7290,20.0340,0.3850,89.1360,1.0650,2025-05-23 12:55:01,94.0
0.7070,20.04,0.3180,88.8410,1.0490,2025-05-23 12:55:01,94.0
0.7320,20.0280,0.3460,89.2640,1.0650,2025-05-23 12:55:01,94.0
0.7130,19.9620,0.4510,88.8250,1.04,2025-05-23 12:55:01,94.0
0.7070,19.9770,0.3920,89.1070,1.0590,2025-05-23 12:55:01,94.0
0.7190,19.9180,0.4270,89.1810,1.0130,2025-05-23 12:55:01,94.0
0.6920,20.0750,0.3360,89.1790,1.0340,2025-05-23 12:55:01,94.0
0.6910,19.7950,0.5530,88.7470,1.0720,2025-05-23 12:55:01,94.0
0.7170,20.1160,0.3780,88.8250,1.0670,2025-05-23 12:55:01,94.0
0.7190,19.9080,0.3880,88.89,1.1140,2025-05-23 12:55:01,94.0
0.7240,19.9990,0.4830,88.9650,1.0310,2025-05-23 12:55:01,94.0
0.7060,19.9270,0.6370,88.5780,0.99,2025-05-23 12:55:01,94.0
0.6810,19.9020,0.35,88.6620,1.0220,2025-05-23 12:55:01,94.0
0.7320,20.0280,0.4060,88.7820,1.0480,2025-05-23 12:55:01,94.0
0.7110,19.9960,0.42,89.0050,1.0880,2025-05-23 12:55:01,94.0
0.7080,19.9870,0.3570,88.9590,1.0210,2025-05-23 12:55:01,94.0
0.7410,20.0210,0.4970,89.0210,1.1240,2025-05-23 12:55:01,94.0
0.7180,19.9960,0.2840,88.77,1.0460,2025-05-23 20:40:14,95.0
0.7310,20.1410,0.3190,88.8830,1.1340,2025-05-23 20:40:14,95.0
0.7160,20.0250,0.2940,89.0080,1.07,2025-05-23 20:40:14,95.0
0.7110,19.9930,0.3810,89.1350,1.0330,2025-05-23 20:40:14,95.0
0.6930,19.9960,0.4830,88.6020,1.0890,2025-05-23 20:40:14,95.0
0.7280,20.0150,0.3290,88.8020,1.1010,2025-05-23 20:40:14,95.0
0.7280,20.1410,0.3780,89.1490,1.1240,2025-05-23 20:40:14,95.0
0.71,20.0840,0.4520,88.8480,1.11,2025-05-23 20:40:14,95.0
0.7210,20.0370,0.2940,88.9260,1.1230,2025-05-23 20:40:14,95.0
0.6830,19.9870,0.3670,88.7850,1.0790,2025-05-23 20:40:14,95.0
0.73,20.0250,0.5110,88.9570,1.0780,2025-05-23 20:40:14,95.0
0.71,19.9590,0.3640,89.0760,1.0470,2025-05-23 20:40:14,95.0
0.70,19.9550,0.3710,89.0970,1.0660,2025-05-23 20:40:14,95.0
0.7470,20.0370,0.2840,89.2130,1.13,2025-05-23 20:40:14,95.0
0.7330,20.0430,0.3990,88.9110,1.1450,2025-05-23 20:40:14,95.0
0.70,20.0030,0.4440,88.9760,1.0590,2025-05-23 20:40:14,95.0
0.7040,19.9020,0.4480,88.5010,1.0060,2025-05-23 20:40:14,95.0
0.7210,20.0310,0.3290,89.1530,1.0240,2025-05-23 20:40:14,95.0
0.7140,20.0340,0.2940,88.8520,1.1160,2025-05-23 20:40:14,95.0
0.6840,19.9590,0.3990,88.8870,1.0380,2025-05-23 20:40:14,95.0
0.7510,20.0750,0.2940,89.2550,1.0440,2025-05-23 21:10:15,96.0
0.7150,20.0780,0.4380,89.3490,1.0930,2025-05-23 21:10:15,96.0
0.7290,20.0310,0.29,88.90,1.0360,2025-05-23 21:10:15,96.0
0.7080,19.9490,0.2980,88.7130,1.0710,2025-05-23 21:10:15,96.0
0.7370,20.0840,0.3990,89.3010,1.1120,2025-05-23 21:10:15,96.0
0.6970,19.9590,0.4480,89.1690,1.0970,2025-05-23 21:10:15,96.0
0.7190,19.9650,0.4240,89.0880,1.0980,2025-05-23 21:10:15,96.0
0.6990,20.0090,0.4550,88.7290,1.1310,2025-05-23 21:10:15,96.0
0.7090,20.0680,0.3430,89.0240,1.0890,2025-05-23 21:10:15,96.0
0.7070,20.1030,0.3330,89.0760,1.0840,2025-05-23 21:10:15,96.0
0.6880,19.9710,0.4480,88.88,1.0090,2025-05-23 21:10:15,96.0
0.7450,20.1190,0.3150,89.1720,1.1080,2025-05-23 21:10:15,96.0
0.7270,20.0430,0.4480,88.89,1.10,2025-05-23 21:10:15,96.0
0.7070,19.9620,0.4930,88.8460,1.0550,2025-05-23 21:10:15,96.0
0.7050,19.94,0.4410,88.8860,1.0840,2025-05-23 21:10:15,96.0
0.7140,20.1030,0.2910,89.0420,1.04,2025-05-23 21:10:15,96.0
0.7120,19.9650,0.3220,88.9490,1.03,2025-05-23 21:10:15,96.0
0.7270,20.0460,0.2590,89.04,1.1370,2025-05-23 21:10:15,96.0
0.7140,19.99,0.2840,89.0140,1.0810,2025-05-23 21:10:15,96.0
0.7140,20.09,0.3990,88.9110,1.1090,2025-05-23 21:10:15,96.0
0.7180,20.0060,0.34,88.8920,1.0780,2025-05-26 14:21:41,97.0
0.6980,19.9590,0.35,88.8560,1.0150,2025-05-26 14:21:41,97.0
0.7410,20.2040,0.5420,88.9250,1.1180,2025-05-26 14:21:41,97.0
0.6970,20.0530,0.4860,88.8050,1.0830,2025-05-26 14:21:41,97.0
0.7120,19.9270,0.2590,88.92,1.0210,2025-05-26 14:21:41,97.0
0.7240,19.9370,0.3920,88.4960,1.0830,2025-05-26 14:21:41,97.0
0.7140,20.0460,0.50,88.9840,1.0310,2025-05-26 14:21:41,97.0
0.7170,19.9490,0.3220,89.1630,1.0090,2025-05-26 14:21:41,97.0
0.7220,20.1630,0.2380,89.1070,1.1130,2025-05-26 14:21:41,97.0
0.7130,19.8740,0.56,89.04,0.9450,2025-05-26 14:21:41,97.0
0.7220,19.9330,0.4270,88.6910,1.0680,2025-05-26 14:21:41,97.0
0.7240,20.0210,0.6120,89.0460,1.0920,2025-05-26 14:21:41,97.0
0.7290,20.0250,0.4660,88.7710,1.0850,2025-05-26 14:21:41,97.0
0.7220,20.0560,0.34,88.9790,1.1170,2025-05-26 14:21:41,97.0
0.7510,20.1410,0.42,89.2360,1.1520,2025-05-26 14:21:41,97.0
0.7270,19.9740,0.2170,89.1810,1.0830,2025-05-26 14:21:41,97.0
0.7140,20.0150,0.3360,88.9140,1.1140,2025-05-26 14:21:41,97.0
0.6910,19.8860,0.3920,88.54,1.07,2025-05-26 14:21:41,97.0
0.7280,20.0620,0.3960,89.0580,1.1250,2025-05-26 14:21:41,97.0
0.6970,19.9590,0.3540,88.65,1.0180,2025-05-26 14:21:41,97.0
0.7330,20.0680,0.4660,89.1470,1.0980,2025-05-27 19:38:24,98.0
0.7190,19.8830,0.4340,89.0280,1.04,2025-05-27 19:38:24,98.0
0.7310,19.9430,0.4130,89.0810,1.0990,2025-05-27 19:38:24,98.0
0.7130,20.0310,0.3710,89.0770,1.07,2025-05-27 19:38:24,98.0
0.7690,20.0870,0.3740,89.1080,1.1340,2025-05-27 19:38:24,98.0
0.7110,19.8610,0.4760,88.7680,1.0860,2025-05-27 19:38:24,98.0
0.7270,19.9960,0.3150,89.0510,1.1310,2025-05-27 19:38:24,98.0
0.7130,20.0780,0.5290,89.0240,1.1450,2025-05-27 19:38:24,98.0
0.7370,20.0780,0.4790,88.9950,1.0430,2025-05-27 19:38:24,98.0
0.76,20.05,0.5530,89.14,1.0640,2025-05-27 19:38:24,98.0
0.72,19.8890,0.50,89.1480,1.1340,2025-05-27 19:38:24,98.0
0.7220,20.0840,0.43,89.1320,1.0930,2025-05-27 19:38:24,98.0
0.7370,20.0340,0.55,88.9140,1.1680,2025-05-27 19:38:24,98.0
0.7110,20.0840,0.5080,88.9310,1.1150,2025-05-27 19:38:24,98.0
0.7390,20.0840,0.5110,88.9710,1.1260,2025-05-27 19:38:24,98.0
0.7140,20.0970,0.4830,89.2310,1.0570,2025-05-27 19:38:24,98.0
0.6780,19.8770,0.5640,89.2060,1.0330,2025-05-27 19:38:24,98.0
0.7320,20.0870,0.4170,88.9560,1.0850,2025-05-27 19:38:24,98.0
0.7380,20.0680,0.4060,89.0890,1.1520,2025-05-27 19:38:24,98.0
0.7140,19.9710,0.4550,88.9250,1.0680,2025-05-27 19:38:24,98.0
0.7170,20.0590,0.56,89.0150,1.0790,2025-05-27 21:58:27,99.0
0.7290,19.9840,0.29,89.3040,1.09,2025-05-27 21:58:27,99.0
0.7260,19.9810,0.5290,89.0820,1.0830,2025-05-27 21:58:27,99.0
0.7290,20.0150,0.4270,88.9260,1.21,2025-05-27 21:58:27,99.0
0.7160,19.9110,0.2910,88.78,1.0890,2025-05-27 21:58:27,99.0
0.7080,19.8960,0.5320,88.9110,1.0380,2025-05-27 21:58:27,99.0
0.7240,20.0030,0.6750,89.0320,1.1110,2025-05-27 21:58:27,99.0
0.7190,19.9990,0.2730,89.2310,1.0850,2025-05-27 21:58:27,99.0
0.7130,20.0560,0.4130,89.2050,1.0090,2025-05-27 21:58:27,99.0
0.7060,20.0180,0.3080,89.1390,1.0280,2025-05-27 21:58:27,99.0
0.7220,19.9990,0.4310,89.0770,1.0930,2025-05-27 21:58:27,99.0
0.7340,20.0370,0.3850,88.9110,1.0870,2025-05-27 21:58:27,99.0
0.7240,19.9870,0.3880,89.24,1.0360,2025-05-27 21:58:27,99.0
0.7290,19.9930,0.4380,88.9590,1.0780,2025-05-27 21:58:27,99.0
0.7280,19.9490,0.2240,89.1570,1.13,2025-05-27 21:58:27,99.0
0.7240,20.04,0.4520,89.2810,1.1280,2025-05-27 21:58:27,99.0
0.7310,19.9930,0.5460,89.2510,1.0780,2025-05-27 21:58:27,99.0
0.7080,19.9840,0.2980,88.8360,1.0620,2025-05-27 21:58:27,99.0
0.7220,19.8580,0.4270,88.6110,1.0720,2025-05-27 21:58:27,99.0
0.7250,20.0970,0.4060,89.3420,1.1450,2025-05-27 21:58:27,99.0
0.7370,19.9710,0.4130,89.0350,1.06,2025-05-29 13:24:58,100.0
0.7340,19.9590,0.4450,89.06,1.06,2025-05-29 13:24:58,100.0
0.7360,20.15,0.4170,89.1370,1.1330,2025-05-29 13:24:58,100.0
0.7180,19.9620,0.55,89.3650,1.0980,2025-05-29 13:24:58,100.0
0.71,20.0250,0.4270,89.0630,1.0520,2025-05-29 13:24:58,100.0
0.7230,20.0810,0.3960,88.8340,1.0850,2025-05-29 13:24:58,100.0
0.6880,19.9460,0.4830,88.7750,1.0740,2025-05-29 13:24:58,100.0
0.7160,20.0460,0.4940,88.9450,1.1210,2025-05-29 13:24:58,100.0
0.6740,19.99,0.4730,88.7170,0.9680,2025-05-29 13:24:58,100.0
0.7320,20.0870,0.35,88.9450,1.10,2025-05-29 13:24:58,100.0
0.7040,19.9550,0.4660,88.9940,1.0080,2025-05-29 13:24:58,100.0
0.7320,20.1030,0.49,89.2870,1.1280,2025-05-29 13:24:58,100.0
0.73,20.1250,0.5150,88.9280,1.11,2025-05-29 13:24:58,100.0
0.7320,20.0810,0.4830,89.5460,1.1070,2025-05-29 13:24:58,100.0
0.7240,20.0530,0.5040,89.1520,1.1970,2025-05-29 13:24:58,100.0
0.7140,20.05,0.5110,88.9280,1.0860,2025-05-29 13:24:58,100.0
0.6980,19.9590,0.3460,88.7210,1.06,2025-05-29 13:24:58,100.0
0.7160,20.0030,0.3960,89.0680,1.0990,2025-05-29 13:24:58,100.0
0.7520,20.0620,0.56,89.22,1.1440,2025-05-29 13:24:58,100.0
0.69,20.0720,0.5640,89.2930,0.9780,2025-05-29 13:24:58,100.0
0.7010,19.9150,0.5040,88.8360,1.0340,2025-05-29 19:15:05,101.0
0.73,19.9210,0.3430,88.9380,1.15,2025-05-29 19:15:05,101.0
0.7040,19.9810,0.2870,89.0430,1.0870,2025-05-29 19:15:05,101.0
0.7460,20.0210,0.4580,89.5840,1.1830,2025-05-29 19:15:05,101.0
0.7360,19.9520,0.4760,89.0670,1.1170,2025-05-29 19:15:05,101.0
0.7160,20.0150,0.41,89.1820,1.1040,2025-05-29 19:15:05,101.0
0.7120,19.9740,0.4510,89.3840,1.07,2025-05-29 19:15:05,101.0
0.6990,19.9050,0.4440,89.1040,1.0790,2025-05-29 19:15:05,101.0
0.7140,19.99,0.4060,89.2890,1.1040,2025-05-29 19:15:05,101.0
0.7190,20.0590,0.5180,89.2510,1.08,2025-05-29 19:15:05,101.0
0.7060,19.9550,0.2450,88.9890,1.1620,2025-05-29 19:15:05,101.0
0.6970,19.9150,0.4650,89.2680,1.0620,2025-05-29 19:15:05,101.0
0.6850,19.9550,0.1990,88.8270,1.0610,2025-05-29 19:15:05,101.0
0.7180,20.05,0.3610,88.98,1.1060,2025-05-29 19:15:05,101.0
0.7450,20.09,0.4970,89.0260,1.1550,2025-05-29 19:15:05,101.0
0.7220,20.05,0.3990,89.2710,1.0780,2025-05-29 19:15:05,101.0
0.6880,19.9740,0.4930,89.0970,1.0850,2025-05-29 19:15:05,101.0
0.7180,20.0650,0.5040,88.82,1.0990,2025-05-29 19:15:05,101.0
0.6960,19.9050,0.4410,89.2470,1.04,2025-05-29 19:15:05,101.0
0.6960,19.93,0.4060,89.0820,1.0460,2025-05-29 19:15:05,101.0
0.7280,19.9960,0.4550,89.1410,1.16,2025-05-29 21:50:12,102.0
0.7310,19.9460,0.6160,89.5250,1.1720,2025-05-29 21:50:12,102.0
0.6920,19.8830,0.4790,89.2760,1.05,2025-05-29 21:50:12,102.0
0.7240,19.9050,0.3220,89.3170,1.1260,2025-05-29 21:50:12,102.0
0.7250,19.9620,0.3190,89.1480,1.07,2025-05-29 21:50:12,102.0
0.7270,19.9150,0.6160,89.1590,1.1230,2025-05-29 21:50:12,102.0
0.7090,20.0310,0.5110,89.2570,1.15,2025-05-29 21:50:12,102.0
0.6870,19.9620,0.3610,89.2590,1.0550,2025-05-29 21:50:12,102.0
0.7140,19.8610,0.3330,89.0790,1.1180,2025-05-29 21:50:12,102.0
0.7210,19.8640,0.5040,89.4050,1.1230,2025-05-29 21:50:12,102.0
0.6920,20.0030,0.2840,89.1580,1.0530,2025-05-29 21:50:12,102.0
0.7250,19.9430,0.4830,89.2350,1.1230,2025-05-29 21:50:12,102.0
0.7060,19.9490,0.2340,89.2930,1.11,2025-05-29 21:50:12,102.0
0.72,19.9240,0.2630,89.1450,1.0630,2025-05-29 21:50:12,102.0
0.6990,19.8860,0.4650,89.4770,1.02,2025-05-29 21:50:12,102.0
0.7190,20.04,0.4090,89.0110,1.1140,2025-05-29 21:50:12,102.0
0.6960,19.9680,0.3150,89.0030,1.0240,2025-05-29 21:50:12,102.0
0.7110,19.9240,0.3950,89.1670,1.0840,2025-05-29 21:50:12,102.0
0.7390,20.0060,0.28,89.1070,1.1970,2025-05-29 21:50:12,102.0
0.7080,19.8860,0.35,89.3030,1.0610,2025-05-29 21:50:12,102.0
0.6910,19.9270,0.5530,89.3620,1.0370,2025-05-30 13:32:24,103.0
0.70,19.9650,0.4380,89.1640,1.0280,2025-05-30 13:32:24,103.0
0.6930,19.9770,0.50,89.3590,1.0370,2025-05-30 13:32:24,103.0
0.7360,20.0560,0.4690,89.3330,1.1310,2025-05-30 13:32:24,103.0
0.7180,19.9930,0.41,89.1890,1.1430,2025-05-30 13:32:24,103.0
0.7210,20.0650,0.4160,88.9620,1.0930,2025-05-30 13:32:24,103.0
0.71,19.9050,0.5350,88.7240,1.0660,2025-05-30 13:32:24,103.0
0.7340,20.0180,0.43,89.3540,1.2060,2025-05-30 13:32:24,103.0
0.6860,19.8830,0.4520,88.97,1.0850,2025-05-30 13:32:24,103.0
0.7080,19.99,0.4340,89.1420,1.11,2025-05-30 13:32:24,103.0
0.7230,19.9960,0.3460,89.1190,1.1710,2025-05-30 13:32:24,103.0
0.7210,20.0310,0.3610,88.9950,1.1650,2025-05-30 13:32:24,103.0
0.7180,20.0210,0.4650,89.0720,1.1360,2025-05-30 13:32:24,103.0
0.7040,19.9990,0.3360,89.2590,1.1150,2025-05-30 13:32:24,103.0
0.7150,20.0460,0.43,89.3290,1.16,2025-05-30 13:32:24,103.0
0.7210,19.9740,0.4650,88.9570,1.0620,2025-05-30 13:32:24,103.0
0.6840,19.9680,0.2630,89.2370,0.9980,2025-05-30 13:32:24,103.0
0.7130,20.0030,0.4550,89.4360,1.1280,2025-05-30 13:32:24,103.0
0.6760,19.94,0.63,89.0960,1.1060,2025-05-30 13:32:24,103.0
0.7190,19.9430,0.4480,88.8910,1.13,2025-05-30 13:32:24,103.0
0.7010,19.9370,0.5530,89.2070,1.18,2025-06-05 19:27:08,104.0
0.7140,19.9520,0.2030,88.8520,1.1170,2025-06-05 19:27:08,104.0
0.7220,19.9680,0.41,89.1240,1.1210,2025-06-05 19:27:08,104.0
0.6950,19.93,0.4510,89.0980,1.1460,2025-06-05 19:27:08,104.0
0.7010,19.9020,0.4870,88.9020,1.0420,2025-06-05 19:27:08,104.0
0.6980,19.9180,0.4380,89.3410,1.1690,2025-06-05 19:27:08,104.0
0.7040,19.8710,0.5390,88.9830,1.1170,2025-06-05 19:27:08,104.0
0.7120,20.0030,0.4730,89.2340,1.1750,2025-06-05 19:27:08,104.0
0.71,19.9370,0.4170,88.9460,1.1680,2025-06-05 19:27:08,104.0
0.7060,19.9330,0.4510,89.2330,1.1360,2025-06-05 19:27:08,104.0
0.72,19.9110,0.4340,89.5290,1.15,2025-06-05 19:27:08,104.0
0.7070,19.9330,0.3050,89.2650,1.1680,2025-06-05 19:27:08,104.0
0.7180,19.9710,0.3890,89.1430,1.1440,2025-06-05 19:27:08,104.0
0.6920,19.9620,0.5670,89.2340,1.1310,2025-06-05 19:27:08,104.0
0.7290,20.0090,0.3220,88.7130,1.1660,2025-06-05 19:27:08,104.0
0.7130,19.9620,0.2730,88.6510,1.1180,2025-06-05 19:27:08,104.0
0.6850,19.99,0.4970,89.0290,1.1960,2025-06-05 19:27:08,104.0
0.71,19.9240,0.2550,89.13,1.1240,2025-06-05 19:27:08,104.0
0.7050,19.9810,0.4970,89.0380,1.15,2025-06-05 19:27:08,104.0
0.6950,19.8930,0.4230,88.8310,1.1750,2025-06-05 19:27:08,104.0
0.6910,19.99,0.3010,89.1360,1.2210,2025-06-05 21:17:10,105.0
0.7180,20.04,0.2660,89.0840,1.2270,2025-06-05 21:17:10,105.0
0.6960,20.04,0.4020,89.2730,1.11,2025-06-05 21:17:10,105.0
0.7160,20.0310,0.3610,89.0540,1.1120,2025-06-05 21:17:10,105.0
0.7070,20.0370,0.5150,89.0760,1.1980,2025-06-05 21:17:10,105.0
0.6970,20.0180,0.2420,88.9120,1.1910,2025-06-05 21:17:10,105.0
0.6970,19.9520,0.3990,89.1130,1.0930,2025-06-05 21:17:10,105.0
0.6960,20.0370,0.4440,89.1610,1.1570,2025-06-05 21:17:10,105.0
0.6840,19.9810,0.34,88.8120,1.1130,2025-06-05 21:17:10,105.0
0.7230,20.0210,0.5290,89.30,1.2030,2025-06-05 21:17:10,105.0
0.6890,20.0060,0.2870,89.21,1.1380,2025-06-05 21:17:10,105.0
0.6920,20.0310,0.2590,88.70,1.1530,2025-06-05 21:17:10,105.0
0.6870,19.9590,0.3330,88.8840,1.24,2025-06-05 21:17:10,105.0
0.7010,20.0150,0.28,89.2850,1.1890,2025-06-05 21:17:10,105.0
0.7180,20.0090,0.4590,89.1830,1.2220,2025-06-05 21:17:10,105.0
0.6840,19.9930,0.3960,88.8690,1.1540,2025-06-05 21:17:10,105.0
0.6690,19.9680,0.3220,89.1690,1.1470,2025-06-05 21:17:10,105.0
0.7280,20.0430,0.3990,89.03,1.16,2025-06-05 21:17:10,105.0
0.6790,19.9550,0.4380,88.9850,1.1910,2025-06-05 21:17:10,105.0
0.75,20.0530,0.3850,89.3640,1.1530,2025-06-05 21:17:10,105.0
0.6850,20.0590,0.3640,89.1880,1.1070,2025-06-06 14:57:11,106.0
0.7140,20.0180,0.4440,88.9360,1.1690,2025-06-06 14:57:11,106.0
0.70,20.0780,0.3850,89.1160,1.1340,2025-06-06 14:57:11,106.0
0.6980,19.9620,0.49,89.6780,1.1250,2025-06-06 14:57:11,106.0
0.7340,19.9990,0.4410,89.2670,1.0950,2025-06-06 14:57:11,106.0
0.6840,20.1190,0.4760,88.9560,1.1450,2025-06-06 14:57:11,106.0
0.7290,20.0970,0.5250,88.9790,1.1460,2025-06-06 14:57:11,106.0
0.7110,19.8960,0.4870,89.23,1.2010,2025-06-06 14:57:11,106.0
0.6510,19.9330,0.5180,89.0470,0.9840,2025-06-06 14:57:11,106.0
0.6760,19.9680,0.3920,88.74,1.1210,2025-06-06 14:57:11,106.0
0.6920,20.0180,0.5010,89.1530,1.1740,2025-06-06 14:57:11,106.0
0.6940,19.9080,0.6480,89.3350,1.16,2025-06-06 14:57:11,106.0
0.7040,20.0560,0.5290,88.85,1.0650,2025-06-06 14:57:11,106.0
0.6860,19.9210,0.3570,89.2230,1.1450,2025-06-06 14:57:11,106.0
0.6910,20.0340,0.3460,89.2810,1.1470,2025-06-06 14:57:11,106.0
0.6980,19.9590,0.5350,89.2630,1.1590,2025-06-06 14:57:11,106.0
0.7190,20.0250,0.5560,89.23,1.1690,2025-06-06 14:57:11,106.0
0.6690,19.8230,0.4130,89.1770,1.1440,2025-06-06 14:57:11,106.0
0.6810,19.9240,0.49,89.0170,1.0750,2025-06-06 14:57:11,106.0
0.7390,19.9740,0.4730,89.03,1.1850,2025-06-06 14:57:11,106.0
0.69,20.0180,0.41,88.8190,1.1980,2025-06-06 21:07:17,107.0
0.70,20.05,0.41,89.2650,1.1630,2025-06-06 21:07:17,107.0
0.6960,20.0970,0.5210,89.2480,1.1270,2025-06-06 21:07:17,107.0
0.6570,19.9620,0.4410,88.9250,1.0940,2025-06-06 21:07:17,107.0
0.7080,20.0680,0.4720,89.1840,1.1360,2025-06-06 21:07:17,107.0
0.6490,19.93,0.2560,89.0960,1.0860,2025-06-06 21:07:17,107.0
0.7010,20.0370,0.4590,89.0650,1.0710,2025-06-06 21:07:17,107.0
0.6970,19.9810,0.4620,88.8850,1.0710,2025-06-06 21:07:17,107.0
0.6780,20.0180,0.4580,88.8870,1.0950,2025-06-06 21:07:17,107.0
0.7040,19.9590,0.3810,89.06,1.1090,2025-06-06 21:07:17,107.0
0.7070,19.9520,0.2940,88.9350,1.2050,2025-06-06 21:07:17,107.0
0.7060,20.0210,0.4870,89.0780,1.0880,2025-06-06 21:07:17,107.0
0.7110,19.9960,0.4410,89.1650,1.1560,2025-06-06 21:07:17,107.0
0.6970,20.0250,0.4020,89.0410,1.1390,2025-06-06 21:07:17,107.0
0.7010,20.0530,0.42,89.0580,1.0810,2025-06-06 21:07:17,107.0
0.6930,19.9620,0.3610,89.0490,1.1510,2025-06-06 21:07:17,107.0
0.71,19.9740,0.35,89.1320,1.1360,2025-06-06 21:07:17,107.0
0.7270,19.9680,0.4230,89.2490,1.2020,2025-06-06 21:07:17,107.0
0.6830,19.9680,0.3990,88.9810,1.0560,2025-06-06 21:07:17,107.0
0.69,19.9680,0.5040,88.9040,1.15,2025-06-06 21:07:17,107.0
0.7180,19.8770,0.5290,89.0060,1.2250,2025-06-09 19:38:22,108.0
0.7780,20.0060,0.3290,88.9270,1.1110,2025-06-09 19:38:22,108.0
0.7170,19.8740,0.3360,88.8240,1.0960,2025-06-09 19:38:22,108.0
0.7170,19.8640,0.5850,88.8360,1.14,2025-06-09 19:38:22,108.0
0.6830,19.8960,0.3150,89.1090,1.1210,2025-06-09 19:38:22,108.0
0.6980,19.8640,0.3010,89.1030,1.1950,2025-06-09 19:38:22,108.0
0.6440,19.8170,0.4660,89.2380,1.1220,2025-06-09 19:38:22,108.0
0.7190,19.8390,0.4270,89.0150,1.1490,2025-06-09 19:38:22,108.0
0.6660,19.8770,0.4340,88.9110,1.0710,2025-06-09 19:38:22,108.0
0.6970,19.8990,0.4380,89.3950,1.14,2025-06-09 19:38:22,108.0
0.7270,19.8740,0.3810,88.8310,1.1370,2025-06-09 19:38:22,108.0
0.72,19.9050,0.3990,89.0570,1.1810,2025-06-09 19:38:22,108.0
0.6790,20.0280,0.5320,88.7790,1.0990,2025-06-09 19:38:22,108.0
0.6840,19.8830,0.3470,89.0840,1.0680,2025-06-09 19:38:22,108.0
0.6970,20.0060,0.34,88.9030,1.12,2025-06-09 19:38:22,108.0
0.6820,19.7830,0.3360,88.9340,1.1940,2025-06-09 19:38:22,108.0
0.7030,19.8710,0.35,88.8290,1.1220,2025-06-09 19:38:22,108.0
0.69,19.8890,0.4060,88.9890,1.1540,2025-06-09 19:38:22,108.0
0.6710,19.7860,0.4690,88.8870,1.08,2025-06-09 19:38:22,108.0
0.7140,19.7980,0.3640,88.89,1.1570,2025-06-09 19:48:23,109.0
0.7110,19.8360,0.4270,89.0920,1.1590,2025-06-09 19:48:23,109.0
0.7560,19.8580,0.4340,88.9450,1.1130,2025-06-09 19:48:23,109.0
0.7270,19.8930,0.35,89.1150,1.1790,2025-06-09 19:48:23,109.0
0.7010,19.82,0.4230,88.9460,1.1470,2025-06-09 19:48:23,109.0
0.7380,19.8550,0.3250,89.2760,1.0730,2025-06-09 19:48:23,109.0
0.7680,20.0590,0.3670,88.9680,1.1770,2025-06-09 19:48:23,109.0
0.7310,19.88,0.4090,88.9810,1.1040,2025-06-09 19:48:23,109.0
0.7410,19.8640,0.3080,88.9510,1.1180,2025-06-09 19:48:23,109.0
0.7090,20.0030,0.5110,89.0130,1.0690,2025-06-09 19:48:23,109.0
0.7370,19.8550,0.4580,89.0860,1.0820,2025-06-09 19:48:23,109.0
0.7380,19.9810,0.3570,89.0010,1.1470,2025-06-09 19:48:23,109.0
0.7780,19.9180,0.3530,88.9030,1.0480,2025-06-09 19:48:23,109.0
0.7580,19.9370,0.3740,89.3790,1.1150,2025-06-09 19:48:23,109.0
0.7620,19.8930,0.3540,89.1170,1.1330,2025-06-09 19:48:23,109.0
0.7370,19.8490,0.3190,89.08,1.0610,2025-06-09 19:48:23,109.0
0.7190,19.7950,0.4520,89.0920,1.1190,2025-06-09 19:48:23,109.0
0.7410,19.8890,0.42,89.0720,1.1240,2025-06-09 19:48:23,109.0
0.6740,19.8490,0.3330,88.94,1.0550,2025-06-09 19:48:23,109.0
0.6680,19.8170,0.4090,88.9620,1.12,2025-06-09 19:48:23,109.0
0.7210,19.9050,0.4520,89.0440,1.0560,2025-06-10 11:10:08,110.0
0.7210,19.9430,0.48,89.1480,1.0960,2025-06-10 11:10:08,110.0
0.7280,19.9770,0.4410,88.9130,1.0560,2025-06-10 11:10:08,110.0
0.7320,20.0340,0.3360,89.02,1.1030,2025-06-10 11:10:08,110.0
0.7230,20.0120,0.4380,88.6790,1.0330,2025-06-10 11:10:08,110.0
0.7310,19.9650,0.5390,88.8750,1.0940,2025-06-10 11:10:08,110.0
0.7180,19.88,0.4480,88.7890,1.1050,2025-06-10 11:10:08,110.0
0.7320,19.9240,0.5110,89.1440,1.0650,2025-06-10 11:10:08,110.0
0.7180,19.93,0.5110,89.1360,1.1210,2025-06-10 11:10:08,110.0
0.6940,19.9930,0.6160,88.8480,1.0620,2025-06-10 11:10:08,110.0
0.7350,19.9490,0.48,88.7310,1.09,2025-06-10 11:10:08,110.0
0.7010,19.8580,0.3750,89.1780,1.0610,2025-06-10 11:10:08,110.0
0.6940,19.9240,0.3890,89.0280,1.0460,2025-06-10 11:10:08,110.0
0.7120,20.0030,0.4580,89.0690,1.0390,2025-06-10 11:10:08,110.0
0.7380,19.9180,0.4720,89.0490,1.0970,2025-06-10 11:10:08,110.0
0.6870,19.9080,0.4550,89.2170,1.0150,2025-06-10 11:10:08,110.0
0.70,20.0030,0.4860,89.2080,1.0590,2025-06-10 11:10:08,110.0
0.7380,19.9870,0.3460,89.3710,1.1060,2025-06-10 11:10:08,110.0
0.7230,19.9430,0.3610,89.0940,0.0180,2025-06-10 11:10:08,110.0
0.71,19.94,0.49,89.1370,1.0690,2025-06-10 11:10:08,110.0
0.70,20.0250,0.4440,88.8140,1.0670,2025-06-10 13:05:11,111.0
0.6950,20.0060,0.29,89.2210,1.0890,2025-06-10 13:05:11,111.0
0.6990,19.9270,0.4830,89.0010,1.0540,2025-06-10 13:05:11,111.0
0.7050,19.8960,0.3460,88.9460,1.1510,2025-06-10 13:05:11,111.0
0.7140,20.0430,0.5070,88.9620,1.1040,2025-06-10 13:05:11,111.0
0.6980,19.9680,0.3960,89.0890,1.0630,2025-06-10 13:05:11,111.0
0.7130,20.0430,0.4340,89.2570,1.0180,2025-06-10 13:05:11,111.0
0.6950,20.0460,0.4970,89.0810,1.0640,2025-06-10 13:05:11,111.0
0.74,20.0810,0.5350,88.9910,1.0870,2025-06-10 13:05:11,111.0
0.7150,19.9990,0.3570,89.0090,1.0060,2025-06-10 13:05:11,111.0
0.7060,19.8520,0.3960,89.2470,1.1530,2025-06-10 13:05:11,111.0
0.7060,19.93,0.3430,89.0260,1.1080,2025-06-10 13:05:11,111.0
0.7130,20.0030,0.4060,89.11,1.0480,2025-06-10 13:05:11,111.0
0.6740,19.8670,0.50,89.2710,1.0630,2025-06-10 13:05:11,111.0
0.7090,19.9620,0.4410,89.0210,1.09,2025-06-10 13:05:11,111.0
0.7080,19.9550,0.3810,89.0060,0.0210,2025-06-10 13:05:11,111.0
0.7130,19.9180,0.49,89.4360,1.08,2025-06-10 13:05:11,111.0
0.72,19.9460,0.3780,89.2420,1.0860,2025-06-10 13:05:11,111.0
0.6830,19.9650,0.4870,89.0520,1.0540,2025-06-10 13:05:11,111.0
0.7310,19.9490,0.5350,88.8860,1.1470,2025-06-10 13:05:11,111.0
0.7290,19.8890,0.3710,88.8240,1.1330,2025-06-10 19:13:28,112.0
0.6950,19.9050,0.4730,88.9160,1.0730,2025-06-10 19:13:28,112.0
0.7290,19.8010,0.3570,88.9930,1.0810,2025-06-10 19:13:28,112.0
0.7050,19.8990,0.4580,88.9580,1.1140,2025-06-10 19:13:28,112.0
0.6860,19.8640,0.3880,89.0730,1.0810,2025-06-10 19:13:28,112.0
0.72,19.8830,0.3850,88.98,1.1690,2025-06-10 19:13:28,112.0
0.7030,19.8670,0.3890,89.04,1.1670,2025-06-10 19:13:28,112.0
0.7140,19.9240,0.5670,88.7380,1.1270,2025-06-10 19:13:28,112.0
0.7170,19.8740,0.4730,89.0680,1.1090,2025-06-10 19:13:28,112.0
0.6940,19.8270,0.5420,88.6890,1.0780,2025-06-10 19:13:28,112.0
0.7230,19.8550,0.4870,89.26,1.1150,2025-06-10 19:13:28,112.0
0.7150,19.8930,0.5630,88.9140,1.0790,2025-06-10 19:13:28,112.0
0.71,19.7950,0.4550,88.8840,1.1080,2025-06-10 19:13:28,112.0
0.7130,19.8230,0.3610,89.2730,1.0640,2025-06-10 19:13:28,112.0
0.7430,19.9960,0.4090,89.1150,1.0980,2025-06-10 19:13:28,112.0
0.6970,19.9240,0.3290,89.06,1.0970,2025-06-10 19:13:28,112.0
0.7030,19.83,0.3360,88.7210,1.1330,2025-06-10 19:13:28,112.0
0.71,19.8740,0.4060,88.9920,1.1170,2025-06-10 19:13:28,112.0
0.7210,19.8490,0.4480,88.7660,1.1190,2025-06-10 19:13:28,112.0
0.7240,19.8140,0.5150,88.9690,1.1020,2025-06-10 19:13:28,112.0
0.7330,20.0180,0.3180,88.7960,1.1020,2025-06-10 21:18:29,113.0
0.7340,20.0560,0.5210,88.98,1.1010,2025-06-10 21:18:29,113.0
0.7410,20.0090,0.3920,89.1060,1.0930,2025-06-10 21:18:29,113.0
0.7030,20.0840,0.5810,88.8890,1.0570,2025-06-10 21:18:29,113.0
0.71,19.9620,0.4450,88.7970,1.1440,2025-06-10 21:18:29,113.0
0.7050,19.9680,0.3810,88.6810,1.0830,2025-06-10 21:18:29,113.0
0.7160,19.9550,0.4090,89.2590,1.0810,2025-06-10 21:18:29,113.0
0.7250,20.0370,0.4130,89.22,1.0940,2025-06-10 21:18:29,113.0
0.7180,19.9520,0.3640,89.2360,1.1140,2025-06-10 21:18:29,113.0
0.6950,19.9930,0.3540,89.0590,1.0150,2025-06-10 21:18:29,113.0
0.7430,19.99,0.4170,88.8970,1.1780,2025-06-10 21:18:29,113.0
0.7140,19.9490,0.5180,89.4170,1.0850,2025-06-10 21:18:29,113.0
0.7020,19.9550,0.3880,88.6440,1.0730,2025-06-10 21:18:29,113.0
0.7450,20.0680,0.5040,88.9980,1.0980,2025-06-10 21:18:29,113.0
0.6970,19.9490,0.49,88.8540,1.1050,2025-06-10 21:18:29,113.0
0.73,19.9590,0.50,88.8830,1.1170,2025-06-10 21:18:29,113.0
0.7030,19.9430,0.3960,88.7360,1.0420,2025-06-10 21:18:29,113.0
0.6960,19.9870,0.4410,88.9340,1.07,2025-06-10 21:18:29,113.0
0.6910,19.93,0.3610,88.9210,1.0250,2025-06-10 21:18:29,113.0
0.7160,19.9520,0.4830,89.1050,1.0920,2025-06-10 21:18:29,113.0
0.72,19.7830,0.5460,88.9170,1.1010,2025-06-11 10:31:30,114.0
0.7090,19.8640,0.4240,89.0820,1.0650,2025-06-11 10:31:30,114.0
0.7420,19.8990,0.4690,89.2760,1.0690,2025-06-11 10:31:30,114.0
0.7180,19.8420,0.4230,88.8490,1.1110,2025-06-11 10:31:30,114.0
0.7390,19.8990,0.3780,88.9210,1.1970,2025-06-11 10:31:30,114.0
0.7440,19.7760,0.3990,89.1260,1.2240,2025-06-11 10:31:30,114.0
0.6990,19.8050,0.4690,89.2790,1.0660,2025-06-11 10:31:30,114.0
0.7570,19.9550,0.3810,89.1030,1.2170,2025-06-11 10:31:30,114.0
0.7030,19.8390,0.4270,88.9140,1.0370,2025-06-11 10:31:30,114.0
0.73,19.7830,0.4870,89.0950,1.1910,2025-06-11 10:31:30,114.0
0.7240,19.8890,0.43,89.0370,1.0870,2025-06-11 10:31:30,114.0
0.7060,19.7670,0.4340,89.0210,1.0840,2025-06-11 10:31:30,114.0
0.7340,19.8360,0.4660,89.1920,1.1880,2025-06-11 10:31:30,114.0
0.7160,19.7670,0.4650,88.9770,1.0990,2025-06-11 10:31:30,114.0
0.7330,19.9050,0.3740,88.8680,1.1070,2025-06-11 10:31:30,114.0
0.7170,19.8740,0.5670,89.1360,1.0980,2025-06-11 10:31:30,114.0
0.7440,19.8770,0.6580,89.2690,1.1060,2025-06-11 10:31:30,114.0
0.7150,19.7350,0.5210,89.40,1.0210,2025-06-11 10:31:30,114.0
0.7310,19.9520,0.4730,88.7590,1.0940,2025-06-11 10:31:30,114.0
0.76,19.9680,0.4340,88.9450,1.1330,2025-06-11 10:31:30,114.0
0.7070,19.9180,0.4230,88.9720,1.0640,2025-06-11 11:01:32,115.0
0.72,19.9930,0.5070,89.1420,1.0850,2025-06-11 11:01:32,115.0
0.7120,19.8640,0.4690,89.1050,1.1210,2025-06-11 11:01:32,115.0
0.7040,19.8580,0.4310,88.8950,1.0920,2025-06-11 11:01:32,115.0
0.7490,19.9490,0.55,88.9530,1.1490,2025-06-11 11:01:32,115.0
0.7380,19.8960,0.4020,88.89,1.15,2025-06-11 11:01:32,115.0
0.7240,19.8230,0.4760,89.0520,1.1680,2025-06-11 11:01:32,115.0
0.7130,19.8740,0.4650,89.34,1.0980,2025-06-11 11:01:32,115.0
0.7150,19.77,0.4310,88.78,1.1070,2025-06-11 11:01:32,115.0
0.7350,19.9840,0.3640,89.1090,1.11,2025-06-11 11:01:32,115.0
0.7060,19.9180,0.4580,89.2390,1.08,2025-06-11 11:01:32,115.0
0.7120,19.8520,0.4230,89.1560,1.0990,2025-06-11 11:01:32,115.0
0.71,19.99,0.4170,89.0580,1.0910,2025-06-11 11:01:32,115.0
0.7270,19.7760,0.4550,88.9980,1.0870,2025-06-11 11:01:32,115.0
0.7080,19.7830,0.41,88.8970,1.1030,2025-06-11 11:01:32,115.0
0.71,19.8420,0.5210,89.2630,1.1030,2025-06-11 11:01:32,115.0
0.7180,19.8450,0.4130,89.0330,1.1110,2025-06-11 11:01:32,115.0
0.7390,19.9370,0.3710,89.0720,1.11,2025-06-11 11:01:32,115.0
0.71,19.8110,0.5390,88.8520,1.0630,2025-06-11 11:01:32,115.0
0.6820,19.7420,0.5740,89.1690,1.02,2025-06-11 11:01:32,115.0
0.7240,19.9770,0.4520,88.9820,1.1130,2025-06-11 20:06:46,116.0
0.7120,19.8740,0.70,88.6490,1.0070,2025-06-11 20:06:46,116.0
0.6990,19.8860,0.5420,88.9470,1.0360,2025-06-11 20:06:46,116.0
0.6850,19.8550,0.5360,88.9060,1.0450,2025-06-11 20:06:46,116.0
0.7050,19.9590,0.4970,89.1790,1.07,2025-06-11 20:06:46,116.0
0.7180,19.8930,0.56,89.0870,1.06,2025-06-11 20:06:46,116.0
0.7270,19.9240,0.4940,88.9880,1.1210,2025-06-11 20:06:46,116.0
0.7070,19.8360,0.5430,89.1470,1.0390,2025-06-11 20:06:46,116.0
0.7070,20.0090,0.3220,89.1170,1.1050,2025-06-11 20:06:46,116.0
0.7110,20.0430,0.3220,89.3060,1.07,2025-06-11 20:06:46,116.0
0.7210,19.9770,0.3960,88.97,1.0990,2025-06-11 20:06:46,116.0
0.6810,19.8930,0.3290,88.8630,0.9620,2025-06-11 20:06:46,116.0
0.71,19.9210,0.4170,88.7660,1.1210,2025-06-11 20:06:46,116.0
0.7360,19.9960,0.63,89.04,1.1430,2025-06-11 20:06:46,116.0
0.7040,19.9520,0.4650,88.8340,1.0390,2025-06-11 20:06:46,116.0
0.7020,19.8230,0.4620,89.3180,1.13,2025-06-11 20:06:46,116.0
0.7120,19.9210,0.3570,89.0350,1.0680,2025-06-11 20:06:46,116.0
0.6890,19.8930,0.5320,88.8260,1.0450,2025-06-11 20:06:46,116.0
0.7250,19.8450,0.3780,88.93,1.1540,2025-06-11 20:06:46,116.0
0.7060,19.93,0.5150,88.8170,1.0980,2025-06-11 20:06:46,116.0
0.7410,20.1190,0.4030,88.9720,1.09,2025-06-11 21:21:47,117.0
0.73,19.9870,0.6020,89.1450,1.1110,2025-06-11 21:21:47,117.0
0.7080,19.9330,0.4270,88.8410,1.05,2025-06-11 21:21:47,117.0
0.7150,19.9330,0.4270,89.0530,1.0520,2025-06-11 21:21:47,117.0
0.7270,19.9990,0.41,88.9210,1.1530,2025-06-11 21:21:47,117.0
0.6790,19.9150,0.6230,88.92,1.0290,2025-06-11 21:21:47,117.0
0.7120,20.0030,0.42,88.9850,1.1270,2025-06-11 21:21:47,117.0
0.7150,19.9370,0.4760,89.50,1.1150,2025-06-11 21:21:47,117.0
0.7090,19.8860,0.5040,89.5750,1.0980,2025-06-11 21:21:47,117.0
0.7110,19.9020,0.4690,89.0710,1.05,2025-06-11 21:21:47,117.0
0.73,19.9770,0.4690,89.0230,1.11,2025-06-11 21:21:47,117.0
0.7230,19.9990,0.4580,89.2740,1.1070,2025-06-11 21:21:47,117.0
0.75,19.8360,0.50,89.2440,1.1840,2025-06-11 21:21:47,117.0
0.7230,19.9770,0.3670,88.8930,1.1020,2025-06-11 21:21:47,117.0
0.6960,19.8490,0.4170,89.0040,1.0970,2025-06-11 21:21:47,117.0
0.6910,19.9110,0.42,88.8440,1.03,2025-06-11 21:21:47,117.0
0.7020,19.9240,0.3920,88.7710,1.0940,2025-06-11 21:21:47,117.0
0.7210,19.9520,0.4310,89.6260,1.0510,2025-06-11 21:21:47,117.0
0.7320,19.9430,0.3570,88.9310,0.9990,2025-06-11 21:21:47,117.0
0.7280,20.05,0.4410,89.1130,1.0640,2025-06-11 21:21:47,117.0
0.7120,20.0940,0.4380,89.0130,1.0330,2025-06-12 21:14:18,118.0
0.72,20.0650,0.5950,89.2370,1.0320,2025-06-12 21:14:18,118.0
0.7270,19.9520,0.5150,89.2590,1.1410,2025-06-12 21:14:18,118.0
0.72,20.0120,0.49,88.8510,1.0820,2025-06-12 21:14:18,118.0
0.6950,19.9110,0.4870,88.6060,1.0860,2025-06-12 21:14:18,118.0
0.7120,19.8520,0.4450,88.8050,1.1580,2025-06-12 21:14:18,118.0
0.7130,20.0180,0.41,88.7790,1.0610,2025-06-12 21:14:18,118.0
0.7150,19.9710,0.4730,89.1410,1.0780,2025-06-12 21:14:18,118.0
0.7060,20.0750,0.5210,88.9870,1.0890,2025-06-12 21:14:18,118.0
0.7450,20.0940,0.4060,88.8630,1.1030,2025-06-12 21:14:18,118.0
0.72,19.9710,0.4760,88.8320,1.0370,2025-06-12 21:14:18,118.0
0.6880,19.9180,0.4440,88.7170,1.0280,2025-06-12 21:14:18,118.0
0.7110,19.9930,0.3850,88.9490,1.1110,2025-06-12 21:14:18,118.0
0.7080,19.93,0.4520,88.5670,1.0670,2025-06-12 21:14:18,118.0
0.7170,19.9430,0.4520,88.6370,1.0620,2025-06-12 21:14:18,118.0
0.6920,19.8610,0.5710,88.7870,1.0590,2025-06-12 21:14:18,118.0
0.6990,19.93,0.4730,88.7640,1.0780,2025-06-12 21:14:18,118.0
0.7170,20.0120,0.5390,88.9860,1.0670,2025-06-12 21:14:18,118.0
0.7090,19.8890,0.5780,88.9060,1.0670,2025-06-12 21:14:18,118.0
0.7050,19.9050,0.3990,88.9680,1.1350,2025-06-12 21:14:18,118.0
0.7070,19.9330,0.3920,88.7250,1.0940,2025-06-13 12:51:41,119.0
0.7120,20.0150,0.48,88.9090,1.0790,2025-06-13 12:51:41,119.0
0.6930,19.9680,0.4340,88.9710,1.0990,2025-06-13 12:51:41,119.0
0.7150,20.04,0.4620,88.7690,1.03,2025-06-13 12:51:41,119.0
0.7230,20.0560,0.4550,89.0610,1.1060,2025-06-13 12:51:41,119.0
0.6980,19.9740,0.2770,88.7070,1.0230,2025-06-13 12:51:41,119.0
0.6990,20.0560,0.3190,88.8460,1.0990,2025-06-13 12:51:41,119.0
0.6920,19.9870,0.4020,88.6690,1.1070,2025-06-13 12:51:41,119.0
0.7140,19.9990,0.3610,88.8320,1.1230,2025-06-13 12:51:41,119.0
0.7340,19.9710,0.5150,89.13,1.1130,2025-06-13 12:51:41,119.0
0.7150,20.0620,0.4340,89.2060,1.0730,2025-06-13 12:51:41,119.0
0.7070,19.9590,0.56,88.8830,1.1280,2025-06-13 12:51:41,119.0
0.6780,19.9270,0.5110,88.7390,0.9630,2025-06-13 12:51:41,119.0
0.7070,20.0180,0.3890,88.7130,1.0670,2025-06-13 12:51:41,119.0
0.6980,19.9710,0.4380,88.7660,1.0330,2025-06-13 12:51:41,119.0
0.7210,19.99,0.4020,88.6360,1.0430,2025-06-13 12:51:41,119.0
0.7150,19.9710,0.4270,89.1440,1.1080,2025-06-13 12:51:41,119.0
0.7370,20.1220,0.4520,88.9780,1.1360,2025-06-13 12:51:41,119.0
0.7080,20.09,0.4340,88.8910,1.0980,2025-06-13 12:51:41,119.0
0.71,20.0030,0.3220,89.1260,1.1190,2025-06-13 12:51:41,119.0
0.7350,19.9520,0.4380,89.0830,1.1280,2025-06-13 19:26:54,120.0
0.7050,19.8860,0.5740,88.6910,1.15,2025-06-13 19:26:54,120.0
0.7040,19.9990,0.3990,89.0710,1.0610,2025-06-13 19:26:54,120.0
0.7360,19.9080,0.4270,88.8120,1.1420,2025-06-13 19:26:54,120.0
0.7220,19.8610,0.3810,88.8880,1.0520,2025-06-13 19:26:54,120.0
0.7410,20.0310,0.3610,89.3260,1.1510,2025-06-13 19:26:54,120.0
0.7060,19.9150,0.42,88.9130,1.08,2025-06-13 19:26:54,120.0
0.7090,19.8550,0.4550,89.0190,1.0930,2025-06-13 19:26:54,120.0
0.7150,19.8990,0.5350,88.7710,1.1760,2025-06-13 19:26:54,120.0
0.7410,19.88,0.3640,88.95,1.1130,2025-06-13 19:26:54,120.0
0.6970,19.8960,0.5780,88.8480,1.0740,2025-06-13 19:26:54,120.0
0.7140,20.0870,0.4830,88.7320,1.08,2025-06-13 19:26:54,120.0
0.7090,19.8710,0.5460,88.6730,1.0860,2025-06-13 19:26:54,120.0
0.7080,19.8390,0.4690,88.7560,1.0540,2025-06-13 19:26:54,120.0
0.7060,19.93,0.4270,88.8840,1.1180,2025-06-13 19:26:54,120.0
0.7120,19.8770,0.5290,88.7830,1.0910,2025-06-13 19:26:54,120.0
0.7160,19.8640,0.3990,88.9640,1.1370,2025-06-13 19:26:54,120.0
0.7270,19.9740,0.43,88.7220,1.0730,2025-06-13 19:26:54,120.0
0.7140,19.9210,0.4310,89.0050,1.0710,2025-06-13 19:26:54,120.0
0.7330,19.9430,0.3890,89.0020,1.0810,2025-06-13 19:26:54,120.0
0.7230,19.9710,0.4870,88.9760,1.1160,2025-06-13 21:01:55,121.0
0.7320,20.0780,0.4410,89.0250,0.0190,2025-06-13 21:01:55,121.0
0.7520,20.0340,0.4060,88.9710,1.2060,2025-06-13 21:01:55,121.0
0.74,20.0460,0.5110,89.0880,1.0890,2025-06-13 21:01:55,121.0
0.7140,19.9810,0.5770,88.9540,1.1090,2025-06-13 21:01:55,121.0
0.7250,19.9810,0.4520,88.85,1.0870,2025-06-13 21:01:55,121.0
0.7290,20.04,0.5070,88.9040,1.0980,2025-06-13 21:01:55,121.0
0.7060,19.9650,0.5740,89.1280,1.1030,2025-06-13 21:01:55,121.0
0.7130,20.0090,0.4090,89.2810,1.0840,2025-06-13 21:01:55,121.0
0.7410,20.0090,0.4520,89.2880,1.1080,2025-06-13 21:01:55,121.0
0.70,19.9770,0.5320,88.9470,1.1080,2025-06-13 21:01:55,121.0
0.7010,19.9460,0.49,88.8330,1.1270,2025-06-13 21:01:55,121.0
0.7310,19.9330,0.4870,88.86,1.0490,2025-06-13 21:01:55,121.0
0.7110,20.0120,0.4970,89.0660,1.0840,2025-06-13 21:01:55,121.0
0.7320,19.9270,0.4160,88.7990,1.1360,2025-06-13 21:01:55,121.0
0.7010,19.9210,0.3290,88.7550,1.0740,2025-06-13 21:01:55,121.0
0.7140,19.9810,0.3850,88.9150,1.0930,2025-06-13 21:01:55,121.0
0.7190,19.9710,0.5040,88.9310,1.1270,2025-06-13 21:01:55,121.0
0.7280,20.0430,0.3960,89.0250,1.0960,2025-06-13 21:01:55,121.0
0.7370,19.9840,0.5290,89.08,1.14,2025-06-13 21:01:55,121.0
0.69,19.9180,0.4520,89.0320,1.1370,2025-06-16 20:05:08,122.0
0.6890,19.8960,0.3710,88.5790,1.1150,2025-06-16 20:05:08,122.0
0.6740,19.8960,0.5390,88.9680,1.0520,2025-06-16 20:05:08,122.0
0.6870,19.94,0.4060,88.9040,1.0150,2025-06-16 20:05:08,122.0
0.7360,19.9110,0.42,88.7530,1.1810,2025-06-16 20:05:08,122.0
0.6850,19.9490,0.4870,88.70,1.12,2025-06-16 20:05:08,122.0
0.7270,20.0460,0.3610,89.0920,1.0990,2025-06-16 20:05:08,122.0
0.6890,19.8960,0.4550,89.0340,1.0990,2025-06-16 20:05:08,122.0
0.6970,19.9520,0.4760,88.7570,1.1480,2025-06-16 20:05:08,122.0
0.6740,19.9520,0.3430,89.0050,1.1160,2025-06-16 20:05:08,122.0
0.7030,19.9650,0.4170,88.8190,1.0560,2025-06-16 20:05:08,122.0
0.7160,19.9870,0.4790,89.0240,1.1350,2025-06-16 20:05:08,122.0
0.6840,19.9240,0.42,88.6530,1.1780,2025-06-16 20:05:08,122.0
0.6850,19.8230,0.4020,88.7820,1.1340,2025-06-16 20:05:08,122.0
0.6950,19.8740,0.4580,89,1.1290,2025-06-16 20:05:08,122.0
0.6860,19.8740,0.6720,88.9880,1.0570,2025-06-16 20:05:08,122.0
0.7340,19.9990,0.3810,89.1840,1.1180,2025-06-16 20:05:08,122.0
0.6630,19.93,0.4270,88.8060,1.1290,2025-06-16 20:05:08,122.0
0.6770,19.8990,0.5150,88.9720,1.0740,2025-06-16 20:05:08,122.0
0.7070,19.9460,0.5040,88.6590,1.0870,2025-06-16 20:05:08,122.0
0.6940,19.8830,0.4550,88.8720,1.0690,2025-06-17 10:44:58,123.0
0.7020,19.8990,0.4450,88.8540,1.1380,2025-06-17 10:44:58,123.0
0.7210,19.8330,0.3460,89.04,1.0320,2025-06-17 10:44:58,123.0
0.7010,19.8930,0.5180,88.9610,1.1120,2025-06-17 10:44:58,123.0
0.7190,19.8830,0.4340,89.0580,1.0970,2025-06-17 10:44:58,123.0
0.7150,19.8830,0.3960,88.8520,1.1240,2025-06-17 10:44:58,123.0
0.7240,19.9050,0.3990,89.0310,1.13,2025-06-17 10:44:58,123.0
0.7090,19.82,0.3740,89.1120,1.1310,2025-06-17 10:44:58,123.0
0.7210,19.8010,0.3990,89.1290,1.1190,2025-06-17 10:44:58,123.0
0.7280,19.8170,0.5350,88.9210,1.2060,2025-06-17 10:44:58,123.0
0.7170,19.8050,0.4480,89.0350,1.1740,2025-06-17 10:44:58,123.0
0.7190,19.9550,0.4550,88.9460,1.1670,2025-06-17 10:44:58,123.0
0.6980,19.8110,0.49,88.7960,1.0880,2025-06-17 10:44:58,123.0
0.7340,19.8230,0.3460,89.2030,1.1150,2025-06-17 10:44:58,123.0
0.6810,19.8080,0.5250,88.9080,1.0570,2025-06-17 10:44:58,123.0
0.7140,19.8520,0.3990,88.8270,1.1030,2025-06-17 10:44:58,123.0
0.7350,19.93,0.4060,88.98,1.1850,2025-06-17 10:44:58,123.0
0.6940,19.8110,0.3850,88.9620,1.0440,2025-06-17 10:44:58,123.0
0.7330,19.8390,0.3430,88.9090,1.1150,2025-06-17 10:44:58,123.0
0.7140,19.8360,0.4060,88.69,1.1050,2025-06-17 10:44:58,123.0
0.7140,19.8710,0.4030,88.7250,1.1320,2025-06-17 12:50:00,124.0
0.7020,19.9590,0.5010,89.0770,1.1760,2025-06-17 12:50:00,124.0
0.7090,19.9840,0.5150,89.0240,1.1560,2025-06-17 12:50:00,124.0
0.6930,19.9490,0.4410,88.8890,1.11,2025-06-17 12:50:00,124.0
0.7210,19.8520,0.4380,88.9360,1.1730,2025-06-17 12:50:00,124.0
0.69,19.8710,0.4440,88.7030,1.0390,2025-06-17 12:50:00,124.0
0.7140,19.9550,0.4790,88.95,1.0990,2025-06-17 12:50:00,124.0
0.7010,19.8270,0.3110,88.9210,1.1070,2025-06-17 12:50:00,124.0
0.7170,19.7830,0.50,88.9670,1.1320,2025-06-17 12:50:00,124.0
0.7180,19.8670,0.3810,88.9630,0.0190,2025-06-17 12:50:00,124.0
0.7020,19.82,0.4520,89.03,1.0920,2025-06-17 12:50:00,124.0
0.6910,19.8710,0.7210,89.1960,1.0440,2025-06-17 12:50:00,124.0
0.7280,19.9080,0.4620,88.8760,1.0630,2025-06-17 12:50:00,124.0
0.7130,19.88,0.4550,89.1170,1.0910,2025-06-17 12:50:00,124.0
0.6990,19.8140,0.4790,89.1720,1.1050,2025-06-17 12:50:00,124.0
0.7260,19.8930,0.4060,88.97,1.1440,2025-06-17 12:50:00,124.0
0.6960,19.9050,0.4660,89.1790,1.1130,2025-06-17 12:50:00,124.0
0.6840,19.8640,0.4130,89.0760,1.0460,2025-06-17 12:50:00,124.0
0.7110,19.9050,0.4520,88.9650,1.0960,2025-06-17 12:50:00,124.0
0.7140,19.8330,0.3010,88.9040,1.0840,2025-06-17 12:50:00,124.0
0.7050,19.8860,0.49,89.1270,1.1290,2025-06-17 21:20:11,125.0
0.7020,19.9430,0.5010,88.7880,1.0950,2025-06-17 21:20:11,125.0
0.7040,19.9050,0.2410,88.8270,1.0280,2025-06-17 21:20:11,125.0
0.7230,19.9520,0.5080,89.0270,1.1160,2025-06-17 21:20:11,125.0
0.6940,19.9370,0.55,88.9080,1.0990,2025-06-17 21:20:11,125.0
0.7390,19.9180,0.41,89.0530,1.2030,2025-06-17 21:20:11,125.0
0.7080,19.88,0.4380,89.0310,1.0890,2025-06-17 21:20:11,125.0
0.7180,19.93,0.4230,88.9210,1.0890,2025-06-17 21:20:11,125.0
0.7220,19.8830,0.4580,88.7390,1.1260,2025-06-17 21:20:11,125.0
0.6980,19.9840,0.3880,89.0230,1.1150,2025-06-17 21:20:11,125.0
0.7050,19.8170,0.3990,88.9380,1.0660,2025-06-17 21:20:11,125.0
0.7170,19.8930,0.4660,89.1370,1.1180,2025-06-17 21:20:11,125.0
0.7150,19.9270,0.4690,89.0360,1.2260,2025-06-17 21:20:11,125.0
0.72,19.8740,0.5320,89.1480,1.1880,2025-06-17 21:20:11,125.0
0.7050,19.9520,0.5770,88.8350,1.0640,2025-06-17 21:20:11,125.0
0.7140,19.8990,0.3850,89.0670,1.1040,2025-06-17 21:20:11,125.0
0.6950,19.8710,0.5210,88.8410,1.0590,2025-06-17 21:20:11,125.0
0.7180,19.9960,0.4170,89.0240,1.1990,2025-06-17 21:20:11,125.0
0.7170,19.9210,0.5080,88.9640,0.9940,2025-06-17 21:20:11,125.0
0.7330,19.9770,0.4790,88.9260,1.1070,2025-06-17 21:20:11,125.0
0.7080,19.9050,0.5290,88.8670,1.0820,2025-06-18 10:45:52,126.0
0.7180,19.8230,0.5080,89.2410,1.1870,2025-06-18 10:45:52,126.0
0.6840,19.8990,0.4830,89.2760,1.1560,2025-06-18 10:45:52,126.0
0.7120,19.8080,0.4550,88.8740,1.1470,2025-06-18 10:45:52,126.0
0.6950,19.8450,0.4870,89.04,1.0930,2025-06-18 10:45:52,126.0
0.7020,19.8890,0.4860,89.0120,1.1160,2025-06-18 10:45:52,126.0
0.7040,19.8860,0.4620,88.7290,1.0640,2025-06-18 10:45:52,126.0
0.6910,19.8420,0.5670,88.93,1.0940,2025-06-18 10:45:52,126.0
0.7080,19.9080,0.3430,88.9550,1.1150,2025-06-18 10:45:52,126.0
0.71,19.83,0.42,89.1640,1.1790,2025-06-18 10:45:52,126.0
0.6850,19.7890,0.42,89.0320,1.1040,2025-06-18 10:45:52,126.0
0.7050,19.8270,0.5710,88.9270,1.0950,2025-06-18 10:45:52,126.0
0.7190,19.9050,0.4830,89.1490,1.13,2025-06-18 10:45:52,126.0
0.7190,19.8960,0.4760,89.1060,1.1320,2025-06-18 10:45:52,126.0
0.6960,19.7950,0.55,88.9530,1.0260,2025-06-18 10:45:52,126.0
0.6810,19.8580,0.4620,88.8360,1.0940,2025-06-18 10:45:52,126.0
0.7220,19.8330,0.3670,89.1370,1.0770,2025-06-18 10:45:52,126.0
0.69,19.8770,0.4790,89.30,1.0670,2025-06-18 10:45:52,126.0
0.7180,19.8550,0.49,88.8450,1.1280,2025-06-18 10:45:52,126.0
0.7060,19.9150,0.3780,89.9380,1.1030,2025-06-18 10:45:52,126.0
0.7270,19.9620,0.5070,88.9820,1.15,2025-06-18 13:00:55,127.0
0.6770,19.8640,0.42,89.0040,1.0510,2025-06-18 13:00:55,127.0
0.7150,19.8330,0.3780,89.0990,1.1050,2025-06-18 13:00:55,127.0
0.7240,19.93,0.4130,88.8940,1.1340,2025-06-18 13:00:55,127.0
0.6980,19.9020,0.4020,89.2340,1.1210,2025-06-18 13:00:55,127.0
0.7250,19.8420,0.5110,89.13,1.0650,2025-06-18 13:00:55,127.0
0.7180,19.9240,0.4790,88.8280,1.1440,2025-06-18 13:00:55,127.0
0.7180,19.9330,0.5110,88.9440,1.0830,2025-06-18 13:00:55,127.0
0.7290,19.94,0.4730,88.9850,1.1760,2025-06-18 13:00:55,127.0
0.7240,19.9080,0.5110,89.2270,1.1040,2025-06-18 13:00:55,127.0
0.7290,19.8640,0.5460,88.8680,1.1090,2025-06-18 13:00:55,127.0
0.7130,19.8990,0.5110,88.8760,1.1240,2025-06-18 13:00:55,127.0
0.7120,19.8890,0.4970,88.87,1.0950,2025-06-18 13:00:55,127.0
0.7370,19.8860,0.5210,89.1180,1.21,2025-06-18 13:00:55,127.0
0.7250,19.8860,0.48,89.07,1.1070,2025-06-18 13:00:55,127.0
0.7210,19.8610,0.2590,89.11,1.1460,2025-06-18 13:00:55,127.0
0.7310,19.8990,0.3470,88.9240,1.1860,2025-06-18 13:00:55,127.0
0.7010,19.8740,0.49,88.9520,0.9990,2025-06-18 13:00:55,127.0
0.7420,19.9960,0.4270,89.0030,1.1050,2025-06-18 13:00:55,127.0
0.7380,19.9430,0.5150,89.1390,1.1270,2025-06-18 13:00:55,127.0
0.7180,19.7980,0.3960,88.8860,1.1550,2025-06-18 19:51:05,128.0
0.6860,19.8890,0.3850,88.9280,1.0970,2025-06-18 19:51:05,128.0
0.7140,19.8550,0.4550,88.9630,1.1810,2025-06-18 19:51:05,128.0
0.7320,19.9330,0.5080,88.7540,1.1710,2025-06-18 19:51:05,128.0
0.7150,19.7480,0.4510,89.0070,1.1710,2025-06-18 19:51:05,128.0
0.7430,19.8490,0.4580,88.9210,1.2160,2025-06-18 19:51:05,128.0
0.7280,19.9330,0.4130,88.9910,1.1660,2025-06-18 19:51:05,128.0
0.7220,19.9050,0.4650,89.1290,1.1620,2025-06-18 19:51:05,128.0
0.7370,19.8990,0.5710,88.9570,1.1320,2025-06-18 19:51:05,128.0
0.7120,19.9490,0.4660,89.2170,1.1260,2025-06-18 19:51:05,128.0
0.7370,19.9520,0.5040,88.8520,1.1860,2025-06-18 19:51:05,128.0
0.72,19.9210,0.6330,88.9430,1.2030,2025-06-18 19:51:05,128.0
0.6950,19.9110,0.4170,88.7480,1.1620,2025-06-18 19:51:05,128.0
0.7330,19.8520,0.4510,89.1060,1.1740,2025-06-18 19:51:05,128.0
0.72,19.8080,0.49,88.9980,1.0950,2025-06-18 19:51:05,128.0
0.7040,19.9150,0.5320,88.8510,1.1480,2025-06-18 19:51:05,128.0
0.7050,19.8550,0.3990,89.0450,1.1860,2025-06-18 19:51:05,128.0
0.7210,19.8990,0.5220,88.7720,1.0790,2025-06-18 19:51:05,128.0
0.6950,19.7890,0.5530,88.8950,1.0980,2025-06-18 19:51:05,128.0
0.7330,19.9240,0.4580,88.8090,1.1630,2025-06-18 19:51:05,128.0
0.7210,20.0060,0.4620,89.0330,1.1250,2025-06-18 21:16:06,129.0
0.72,20.0120,0.3710,88.8060,1.1040,2025-06-18 21:16:06,129.0
0.7390,19.8770,0.4830,88.9650,1.1740,2025-06-18 21:16:06,129.0
0.7210,19.8770,0.4790,89.1030,1.2180,2025-06-18 21:16:06,129.0
0.7370,19.8490,0.3320,88.81,1.1940,2025-06-18 21:16:06,129.0
0.6850,19.9180,0.4510,89.1220,1.1070,2025-06-18 21:16:06,129.0
0.7180,19.8830,0.3920,89.0710,1.1030,2025-06-18 21:16:06,129.0
0.6970,19.9180,0.2450,88.82,1.0860,2025-06-18 21:16:06,129.0
0.7020,19.8550,0.4130,88.9710,1.2510,2025-06-18 21:16:06,129.0
0.7240,19.9330,0.5530,89.0240,1.1870,2025-06-18 21:16:06,129.0
0.7170,19.9150,0.4830,88.8690,1.0850,2025-06-18 21:16:06,129.0
0.7330,19.8740,0.4760,88.8770,1.1730,2025-06-18 21:16:06,129.0
0.7010,19.8930,0.4730,88.8310,1.1130,2025-06-18 21:16:06,129.0
0.70,19.8740,0.4380,88.8950,1.1010,2025-06-18 21:16:06,129.0
0.7060,19.7290,0.5430,88.8450,1.15,2025-06-18 21:16:06,129.0
0.7040,19.93,0.5740,88.9890,1.05,2025-06-18 21:16:06,129.0
0.7420,19.9990,0.3250,88.9420,1.1680,2025-06-18 21:16:06,129.0
0.6930,19.8140,0.5670,89.1150,1.0960,2025-06-18 21:16:06,129.0
0.7040,19.9050,0.4520,89.1760,1.0470,2025-06-18 21:16:06,129.0
0.7120,19.9520,0.4410,88.8940,1.0560,2025-06-18 21:16:06,129.0
0.7060,19.8770,0.49,88.9970,1.0290,2025-06-19 10:47:26,130.0
0.7080,19.8890,0.4340,89.25,1.1290,2025-06-19 10:47:26,130.0
0.7160,19.9490,0.35,88.9370,1.0670,2025-06-19 10:47:26,130.0
0.7350,19.94,0.49,89.0770,1.1320,2025-06-19 10:47:26,130.0
0.7350,19.9960,0.4790,88.8910,1.1250,2025-06-19 10:47:26,130.0
0.6840,19.8140,0.4730,89.3330,1.0760,2025-06-19 10:47:26,130.0
0.71,19.9680,0.4520,88.9030,1.0610,2025-06-19 10:47:26,130.0
0.71,19.8550,0.4060,89.4030,1.1470,2025-06-19 10:47:26,130.0
0.7040,19.93,0.4730,89.0520,0.02,2025-06-19 10:47:26,130.0
0.7040,19.8610,0.5840,89.0320,1.1530,2025-06-19 10:47:26,130.0
0.7120,19.9620,0.5180,88.8020,1.0670,2025-06-19 10:47:26,130.0
0.69,19.7450,0.5110,89.1880,1.0770,2025-06-19 10:47:26,130.0
0.6930,19.9490,0.3920,89.2420,1.0840,2025-06-19 10:47:26,130.0
0.7170,19.8580,0.4650,88.88,1.1250,2025-06-19 10:47:26,130.0
0.6940,19.8420,0.4870,89.0860,0.0190,2025-06-19 10:47:26,130.0
0.70,19.8930,0.5320,88.8320,1.07,2025-06-19 10:47:26,130.0
0.71,19.82,0.4020,89.15,1.1770,2025-06-19 10:47:26,130.0
0.6890,19.8390,0.5080,89.0580,1.1140,2025-06-19 10:47:26,130.0
0.71,19.9330,0.5670,89.1680,1.0610,2025-06-19 10:47:26,130.0
0.7150,19.8610,0.4340,89.1520,1.1420,2025-06-19 10:47:26,130.0
0.7080,19.9430,0.3850,89.0490,1.1210,2025-06-19 13:17:29,131.0
0.69,19.9520,0.4580,88.8930,1.0810,2025-06-19 13:17:29,131.0
0.7190,19.9430,0.5250,88.8270,1.0970,2025-06-19 13:17:29,131.0
0.7030,19.9740,0.4020,89.1220,1.1550,2025-06-19 13:17:29,131.0
0.7190,19.8520,0.5150,89.1130,1.13,2025-06-19 13:17:29,131.0
0.7310,19.9590,0.4410,88.9190,1.1420,2025-06-19 13:17:29,131.0
0.7310,19.9590,0.2980,88.7720,1.1240,2025-06-19 13:17:29,131.0
0.7070,19.9490,0.49,88.8890,1.1270,2025-06-19 13:17:29,131.0
0.7110,19.9210,0.4520,89.2940,1.10,2025-06-19 13:17:29,131.0
0.7160,19.9430,0.3810,88.7880,1.1860,2025-06-19 13:17:29,131.0
0.7090,19.8710,0.34,88.9760,1.1140,2025-06-19 13:17:29,131.0
0.7180,19.9330,0.4940,89.05,1.1830,2025-06-19 13:17:29,131.0
0.7120,19.9460,0.5040,89.0430,1.1520,2025-06-19 13:17:29,131.0
0.7030,19.9740,0.4270,88.8960,1.1570,2025-06-19 13:17:29,131.0
0.7040,19.8450,0.4310,89.04,1.0890,2025-06-19 13:17:29,131.0
0.7020,19.9210,0.50,88.9040,1.1190,2025-06-19 13:17:29,131.0
0.7090,19.9050,0.62,89.0590,1.1450,2025-06-19 13:17:29,131.0
0.7050,19.8490,0.4790,89.1320,1.1290,2025-06-19 13:17:29,131.0
0.7070,19.9430,0.3780,89.0160,1.0650,2025-06-19 13:17:29,131.0
0.7210,20.0150,0.4790,88.92,1.1270,2025-06-19 13:17:29,131.0
0.73,19.9270,0.4480,88.8750,1.1250,2025-07-05 20:56:42,132.0
0.7230,19.9870,0.35,88.8780,1.12,2025-07-05 20:56:42,132.0
0.7230,19.9430,0.4440,88.8860,1.1180,2025-07-05 20:56:42,132.0
0.7060,19.8830,0.4830,88.8650,1.0480,2025-07-05 20:56:42,132.0
0.7060,19.9020,0.4650,89.0030,1.1610,2025-07-05 20:56:42,132.0
0.7140,19.9960,0.3750,88.6740,1.1030,2025-07-05 20:56:42,132.0
0.6890,19.8610,0.3540,88.9550,1.0420,2025-07-05 20:56:42,132.0
0.70,19.8580,0.4480,88.9420,1.0950,2025-07-05 20:56:42,132.0
0.7110,19.9870,0.5180,88.70,1.1640,2025-07-05 20:56:42,132.0
0.7040,19.8640,0.4580,88.84,1.1040,2025-07-05 20:56:42,132.0
0.7110,19.8670,0.3050,88.8190,1.1390,2025-07-05 20:56:42,132.0
0.7040,19.8520,0.3920,88.7660,1.0540,2025-07-05 20:56:42,132.0
0.7280,19.99,0.3540,89.0530,1.1230,2025-07-05 20:56:42,132.0
0.7470,19.9460,0.3190,88.9790,1.1280,2025-07-05 20:56:42,132.0
0.7260,19.7920,0.3960,89.2090,1.1020,2025-07-05 20:56:42,132.0
0.7210,20.0060,0.4310,88.9390,1.0970,2025-07-05 20:56:42,132.0
0.7120,19.93,0.3610,88.6860,1.1160,2025-07-05 20:56:42,132.0
0.6960,19.7390,0.4620,88.8050,1.0720,2025-07-05 20:56:42,132.0
0.70,19.8230,0.41,88.98,1.0280,2025-07-05 20:56:42,132.0
0.71,19.9710,0.4030,88.8530,1.0770,2025-07-05 20:56:42,132.0
0.71,19.7760,0.4620,88.8370,1.0660,2025-07-07 13:01:17,133.0
0.7420,20.09,0.28,88.8990,1.0750,2025-07-07 13:01:17,133.0
0.7210,19.9930,0.5180,88.9720,1.0570,2025-07-07 13:01:17,133.0
0.7050,19.8390,0.5670,88.9430,1.0970,2025-07-07 13:01:17,133.0
0.7320,19.9330,0.4340,88.8830,1.1180,2025-07-07 13:01:17,133.0
0.6790,19.77,0.3890,88.8030,1.0240,2025-07-07 13:01:17,133.0
0.7280,19.9050,0.42,88.8340,1.0660,2025-07-07 13:01:17,133.0
0.6930,20.0030,0.4090,88.83,1.0830,2025-07-07 13:01:17,133.0
0.7230,19.8550,0.4310,88.8980,1.1090,2025-07-07 13:01:17,133.0
0.6910,19.8710,0.3740,89.0580,1.0690,2025-07-07 13:01:17,133.0
0.7030,19.9740,0.28,88.9670,1.0610,2025-07-07 13:01:17,133.0
0.7250,19.9240,0.4510,88.9430,1.1070,2025-07-07 13:01:17,133.0
0.70,19.8770,0.3890,88.8460,1.0430,2025-07-07 13:01:17,133.0
0.7250,19.8890,0.5250,88.8470,1.0710,2025-07-07 13:01:17,133.0
0.7030,19.8770,0.4310,89.0630,1.0420,2025-07-07 13:01:17,133.0
0.7130,19.8550,0.4130,89.0720,1.0720,2025-07-07 13:01:17,133.0
0.7340,19.9270,0.3810,88.8640,1.1090,2025-07-07 13:01:17,133.0
0.69,19.94,0.2310,88.8320,1.0340,2025-07-07 13:01:17,133.0
0.7120,19.8930,0.5670,88.8740,1.1350,2025-07-07 13:01:17,133.0
0.6930,19.8710,0.5220,88.9520,1.0490,2025-07-07 13:01:17,133.0
0.7120,19.8140,0.3920,88.8940,1.0890,2025-07-07 13:31:21,134.0
0.7160,19.9870,0.5530,88.7670,1.0430,2025-07-07 13:31:21,134.0
0.7110,19.9330,0.2310,88.8530,1.0540,2025-07-07 13:31:21,134.0
0.7210,19.8640,0.4620,88.85,1.0940,2025-07-07 13:31:21,134.0
0.7230,19.9550,0.41,89.3470,1.1470,2025-07-07 13:31:21,134.0
0.7120,19.8330,0.4270,88.9760,1.0510,2025-07-07 13:31:21,134.0
0.7230,19.9430,0.4650,88.8860,1.1330,2025-07-07 13:31:21,134.0
0.7180,19.9680,0.6540,89.1220,1.1010,2025-07-07 13:31:21,134.0
0.7150,19.9740,0.3570,88.7230,1.0550,2025-07-07 13:31:21,134.0
0.7160,20.0090,0.3880,88.9460,1.1280,2025-07-07 13:31:21,134.0
0.7120,19.8610,0.5350,88.9040,1.1260,2025-07-07 13:31:21,134.0
0.7070,19.8770,0.5320,89.2470,1.0790,2025-07-07 13:31:21,134.0
0.7640,20.0250,0.4730,88.9950,1.1480,2025-07-07 13:31:21,134.0
0.7160,20.0120,0.3460,89.1220,1.1060,2025-07-07 13:31:21,134.0
0.7220,20.0120,0.3610,88.8160,1.0840,2025-07-07 13:31:21,134.0
0.7120,19.9620,0.5950,89.0790,1.0530,2025-07-07 13:31:21,134.0
0.7110,19.9590,0.4340,88.6150,1.0850,2025-07-07 13:31:21,134.0
0.7370,20.05,0.5430,89.0880,1.0980,2025-07-07 13:31:21,134.0
0.7180,19.8610,0.5320,88.8990,1.0690,2025-07-07 13:31:21,134.0
0.7050,19.9050,0.3360,88.7220,1.0650,2025-07-07 13:31:21,134.0
0.7320,20.0530,0.4240,88.8930,1.0250,2025-07-07 19:16:31,135.0
0.72,19.9870,0.4620,88.9380,1.1080,2025-07-07 19:16:31,135.0
0.7260,20.0250,0.3750,88.7110,1.1580,2025-07-07 19:16:31,135.0
0.7050,19.9770,0.5430,88.8240,1.0610,2025-07-07 19:16:31,135.0
0.7210,19.9110,0.2870,88.8170,1.0340,2025-07-07 19:16:31,135.0
0.71,19.94,0.5320,88.8530,0.0160,2025-07-07 19:16:31,135.0
0.7180,20.0310,0.4340,88.9080,1.1860,2025-07-07 19:16:31,135.0
0.71,19.93,0.4380,88.9230,1.0550,2025-07-07 19:16:31,135.0
0.7220,19.9740,0.4440,88.9810,1.0450,2025-07-07 19:16:31,135.0
0.7010,19.83,0.6890,88.6210,1.0830,2025-07-07 19:16:31,135.0
0.7160,19.99,0.4480,88.9590,1.0720,2025-07-07 19:16:31,135.0
0.7190,19.9740,0.5320,88.9730,1.05,2025-07-07 19:16:31,135.0
0.7240,20.0620,0.4520,88.8830,1.0620,2025-07-07 19:16:31,135.0
0.7120,19.9150,0.4270,88.8810,1.1080,2025-07-07 19:16:31,135.0
0.70,19.9110,0.3670,88.5780,1.05,2025-07-07 19:16:31,135.0
0.7150,19.9740,0.4970,88.7860,1.0840,2025-07-07 19:16:31,135.0
0.6960,19.9520,0.5560,88.8380,1.0560,2025-07-07 19:16:31,135.0
0.6780,19.8670,0.6330,88.8730,1.0370,2025-07-07 19:16:31,135.0
0.72,19.9770,0.4480,88.6910,1.0480,2025-07-07 19:16:31,135.0
0.6750,19.8580,0.6090,88.7030,1.0380,2025-07-07 19:16:31,135.0
0.7150,19.9870,0.4550,88.8690,1.0780,2025-07-07 21:21:35,136.0
0.74,20.0780,0.3850,89.1470,1.1230,2025-07-07 21:21:35,136.0
0.7110,19.9270,0.41,88.9060,1.0730,2025-07-07 21:21:35,136.0
0.7170,20.0430,0.3080,88.61,1.1090,2025-07-07 21:21:35,136.0
0.71,19.9520,0.4340,88.7850,1.1470,2025-07-07 21:21:35,136.0
0.7290,20.0590,0.5070,88.7820,1.0610,2025-07-07 21:21:35,136.0
0.7230,20.0560,0.4440,88.6170,1.09,2025-07-07 21:21:35,136.0
0.7410,19.9590,0.4510,88.7830,1.1560,2025-07-07 21:21:35,136.0
0.69,19.8930,0.4970,88.9930,1.0570,2025-07-07 21:21:35,136.0
0.7270,19.9990,0.4270,88.9760,1.1130,2025-07-07 21:21:35,136.0
0.7090,19.9650,0.3710,88.9630,1.10,2025-07-07 21:21:35,136.0
0.71,20.0460,0.55,89.2360,1.0650,2025-07-07 21:21:35,136.0
0.7330,20.1380,0.50,88.8480,1.0760,2025-07-07 21:21:35,136.0
0.6990,19.94,0.5880,88.9260,1.0970,2025-07-07 21:21:35,136.0
0.7140,20.0370,0.42,88.7640,1.0910,2025-07-07 21:21:35,136.0
0.6680,19.93,0.55,88.8250,1.0210,2025-07-07 21:21:35,136.0
0.7220,19.93,0.4970,88.7590,1.1020,2025-07-07 21:21:35,136.0
0.7130,20.04,0.2660,88.4660,1.1110,2025-07-07 21:21:35,136.0
0.7190,20.0530,0.4520,88.3160,1.0880,2025-07-07 21:21:35,136.0
0.6880,19.9110,0.4580,88.8770,1.0550,2025-07-07 21:21:35,136.0
0.7170,19.9710,0.4870,88.6420,1.0780,2025-07-08 11:17:40,137.0
0.6990,20.0340,0.6160,88.78,1.0280,2025-07-08 11:17:40,137.0
0.7330,20.0650,0.3850,88.9790,1.0830,2025-07-08 11:17:40,137.0
0.7050,19.8830,0.4520,89.05,1.0420,2025-07-08 11:17:40,137.0
0.6960,19.9110,0.5320,88.8270,1.0340,2025-07-08 11:17:40,137.0
0.7440,20.0780,0.3190,88.8860,1.1040,2025-07-08 11:17:40,137.0
0.6860,19.9620,0.5560,88.8850,1.0870,2025-07-08 11:17:40,137.0
0.6960,19.9180,0.3960,88.8690,0.9670,2025-07-08 11:17:40,137.0
0.7230,20.0650,0.50,88.8080,1.1030,2025-07-08 11:17:40,137.0
0.7210,19.9330,0.4020,88.5930,1.1430,2025-07-08 11:17:40,137.0
0.7260,19.9650,0.4940,88.7120,1.0670,2025-07-08 11:17:40,137.0
0.6720,19.8670,0.3530,88.8890,0.9990,2025-07-08 11:17:40,137.0
0.7260,19.9810,0.4650,88.8190,1.0570,2025-07-08 11:17:40,137.0
0.6860,19.9620,0.5320,88.7210,1.0390,2025-07-08 11:17:40,137.0
0.6810,19.9180,0.4550,88.6960,0.9910,2025-07-08 11:17:40,137.0
0.7110,19.93,0.3990,88.8460,1.0560,2025-07-08 11:17:40,137.0
0.6840,19.8270,0.3080,88.8530,1.0250,2025-07-08 11:17:40,137.0
0.6920,19.8670,0.5810,88.7740,0.9930,2025-07-08 11:17:40,137.0
0.6850,19.8860,0.4620,88.4640,1.0590,2025-07-08 11:17:40,137.0
0.6760,19.8930,0.4480,88.8240,1.0570,2025-07-08 11:17:40,137.0
0.7050,19.9550,0.3360,88.9240,1.0210,2025-07-08 13:27:44,138.0
0.7060,19.8710,0.5150,88.9260,1.0950,2025-07-08 13:27:44,138.0
0.7410,20.0620,0.4730,88.8740,1.1070,2025-07-08 13:27:44,138.0
0.6950,19.88,0.4790,88.7040,1.0810,2025-07-08 13:27:44,138.0
0.7340,20.0150,0.4340,88.8360,1.06,2025-07-08 13:27:44,138.0
0.7310,20.0180,0.4170,88.8670,1.0780,2025-07-08 13:27:44,138.0
0.7210,20.0060,0.4830,89.05,1.09,2025-07-08 13:27:44,138.0
0.7330,20.0120,0.4860,88.8820,1.1150,2025-07-08 13:27:44,138.0
0.6910,19.9020,0.3460,88.6850,1.0240,2025-07-08 13:27:44,138.0
0.7350,20.0090,0.3810,88.9230,1.0170,2025-07-08 13:27:44,138.0
0.7030,19.8830,0.3320,88.9430,1.0950,2025-07-08 13:27:44,138.0
0.7280,20.0060,0.4060,88.9570,1.1220,2025-07-08 13:27:44,138.0
0.7130,20.0250,0.3290,88.89,1.0710,2025-07-08 13:27:44,138.0
0.7120,20.0250,0.3530,88.7790,1.0720,2025-07-08 13:27:44,138.0
0.7010,19.94,0.3780,88.8250,1.0250,2025-07-08 13:27:44,138.0
0.7080,19.9870,0.3640,88.8950,1.0620,2025-07-08 13:27:44,138.0
0.7160,19.9180,0.3360,88.8510,1.1030,2025-07-08 13:27:44,138.0
0.7010,19.83,0.5710,88.68,1.0320,2025-07-08 13:27:44,138.0
0.7040,19.9330,0.5850,89.0210,1.0570,2025-07-08 13:27:44,138.0
0.6970,19.8610,0.4580,89.0180,0.0230,2025-07-08 13:27:44,138.0
0.7480,19.9810,0.4830,88.9950,1.1480,2025-07-08 19:47:58,139.0
0.7080,20.0180,0.4270,88.7550,1.0240,2025-07-08 19:47:58,139.0
0.72,19.9550,0.4930,89.0610,1.0260,2025-07-08 19:47:58,139.0
0.69,19.93,0.4970,88.6420,1.1530,2025-07-08 19:47:58,139.0
0.7240,20.0870,0.5490,88.7340,1.0680,2025-07-08 19:47:58,139.0
0.7280,19.9810,0.4450,88.91,1.1130,2025-07-08 19:47:58,139.0
0.7190,19.99,0.4380,89.1190,1.0790,2025-07-08 19:47:58,139.0
0.7080,19.99,0.3010,88.7670,1.0180,2025-07-08 19:47:58,139.0
0.7220,20.0530,0.4340,88.8780,1.1150,2025-07-08 19:47:58,139.0
0.7260,20.0030,0.4340,88.8250,1.1450,2025-07-08 19:47:58,139.0
0.7490,19.99,0.5210,88.9660,1.1540,2025-07-08 19:47:58,139.0
0.7240,19.9840,0.5670,88.8160,1.11,2025-07-08 19:47:58,139.0
0.6870,19.9840,0.4270,88.8770,1.0090,2025-07-08 19:47:58,139.0
0.73,20.0310,0.5320,88.8460,1.1160,2025-07-08 19:47:58,139.0
0.7050,19.9960,0.4340,88.8710,1.0670,2025-07-08 19:47:58,139.0
0.6690,19.9460,0.5460,88.9440,1.0790,2025-07-08 19:47:58,139.0
0.70,19.9080,0.6650,88.8030,1.0610,2025-07-08 19:47:58,139.0
0.72,19.9680,0.6540,89.17,1.1180,2025-07-08 19:47:58,139.0
0.7360,19.99,0.50,88.7270,1.17,2025-07-08 19:47:58,139.0
0.7090,19.9810,0.5150,89.0450,1.0660,2025-07-08 19:47:58,139.0
0.7070,20.1120,0.41,88.8660,1.0880,2025-07-08 21:17:59,140.0
0.7040,19.9810,0.4380,88.8510,1.1030,2025-07-08 21:17:59,140.0
0.7130,19.9770,0.4450,88.7210,1.1020,2025-07-08 21:17:59,140.0
0.6880,19.8830,0.3990,88.9560,1.1240,2025-07-08 21:17:59,140.0
0.7410,20.0120,0.4940,88.8550,1.1760,2025-07-08 21:17:59,140.0
0.70,19.8420,0.3610,88.8120,1.0710,2025-07-08 21:17:59,140.0
0.7210,19.99,0.5080,88.7470,1.1190,2025-07-08 21:17:59,140.0
0.7210,20.09,0.3780,88.8840,1.1370,2025-07-08 21:17:59,140.0
0.7290,20.0310,0.5530,88.7680,1.1090,2025-07-08 21:17:59,140.0
0.6990,20.0430,0.3880,88.8660,1.1040,2025-07-08 21:17:59,140.0
0.7090,19.9740,0.4940,88.7580,1.1050,2025-07-08 21:17:59,140.0
0.7190,20.0720,0.4720,88.7440,1.1390,2025-07-08 21:17:59,140.0
0.7110,19.9550,0.3460,88.6490,1.07,2025-07-08 21:17:59,140.0
0.6970,19.8710,0.5110,88.7720,1.0660,2025-07-08 21:17:59,140.0
0.7190,19.9520,0.3990,88.7520,1.1180,2025-07-08 21:17:59,140.0
0.6930,20.0030,0.4690,88.9010,1.0860,2025-07-08 21:17:59,140.0
0.7430,20.0750,0.5710,89.1250,1.15,2025-07-08 21:17:59,140.0
0.7350,20.0120,0.4380,88.97,1.1390,2025-07-08 21:17:59,140.0
0.6940,19.8960,0.4440,88.9540,1.0890,2025-07-08 21:17:59,140.0
0.7220,20.0590,0.42,88.7990,1.1380,2025-07-08 21:17:59,140.0
0.6930,19.9550,0.4580,88.7790,1.04,2025-07-09 10:46:17,141.0
0.7120,19.8770,0.2170,88.9920,1.0590,2025-07-09 10:46:17,141.0
0.6870,19.8770,0.42,88.8430,1.0030,2025-07-09 10:46:17,141.0
0.7240,19.9650,0.49,88.9650,1.0740,2025-07-09 10:46:17,141.0
0.6820,19.9110,0.3920,88.8840,1.0530,2025-07-09 10:46:17,141.0
0.7020,19.9210,0.43,89.0250,1.0220,2025-07-09 10:46:17,141.0
0.7140,19.9020,0.4060,89.0890,1.1490,2025-07-09 10:46:17,141.0
0.73,20.0210,0.4230,88.7650,1.1020,2025-07-09 10:46:17,141.0
0.6860,19.8770,0.3990,88.8390,1.0510,2025-07-09 10:46:17,141.0
0.7190,19.9110,0.4730,88.9110,1.0610,2025-07-09 10:46:17,141.0
0.7310,19.94,0.42,88.9210,1.1360,2025-07-09 10:46:17,141.0
0.6940,19.7980,0.5430,88.8850,1.0750,2025-07-09 10:46:17,141.0
0.6920,19.9870,0.42,89.1210,1.0210,2025-07-09 10:46:17,141.0
0.6810,19.83,0.2070,88.7590,0.9980,2025-07-09 10:46:17,141.0
0.7420,19.9590,0.3290,88.8380,1.1450,2025-07-09 10:46:17,141.0
0.6980,20.0120,0.2480,88.88,1.0290,2025-07-09 10:46:17,141.0
0.6980,19.9650,0.3810,88.8080,0.9890,2025-07-09 10:46:17,141.0
0.7240,20.0460,0.3640,88.9530,1.1110,2025-07-09 10:46:17,141.0
0.7280,19.9770,0.41,88.9730,1.1190,2025-07-09 10:46:17,141.0
0.7060,19.8960,0.4170,88.6990,1.0250,2025-07-09 10:46:17,141.0
0.7190,20.0030,0.3850,89.1180,1.11,2025-07-09 13:11:21,142.0
0.7010,19.94,0.4580,88.9710,1.0430,2025-07-09 13:11:21,142.0
0.7370,19.9990,0.5040,88.7680,1.1110,2025-07-09 13:11:21,142.0
0.7180,20.0430,0.4380,88.9490,1.0540,2025-07-09 13:11:21,142.0
0.7320,20.05,0.4790,88.9210,1.1270,2025-07-09 13:11:21,142.0
0.76,20.0310,0.4410,89.0280,1.2090,2025-07-09 13:11:21,142.0
0.6970,19.9490,0.4970,88.9320,1.0710,2025-07-09 13:11:21,142.0
0.7150,19.9240,0.5420,88.8230,1.1430,2025-07-09 13:11:21,142.0
0.7380,20.1340,0.4830,88.8450,1.1120,2025-07-09 13:11:21,142.0
0.7160,19.9870,0.4830,88.7710,1.1250,2025-07-09 13:11:21,142.0
0.7150,19.9870,0.4830,89.4640,1.0680,2025-07-09 13:11:21,142.0
0.7020,19.9370,0.5180,88.8170,1.0740,2025-07-09 13:11:21,142.0
0.7170,20.0430,0.4090,88.7670,1.1280,2025-07-09 13:11:21,142.0
0.6990,20.0620,0.5560,88.7750,1.1220,2025-07-09 13:11:21,142.0
0.7430,19.9430,0.56,88.9470,1.1280,2025-07-09 13:11:21,142.0
0.7070,19.94,0.3530,89.0340,1.0830,2025-07-09 13:11:21,142.0
0.72,19.9430,0.4170,88.7870,1.1450,2025-07-09 13:11:21,142.0
0.7120,19.9710,0.4170,88.9850,0.9830,2025-07-09 13:11:21,142.0
0.7260,19.9180,0.3890,88.7850,1.1330,2025-07-09 13:11:21,142.0
0.6760,19.9550,0.4310,88.8830,1.03,2025-07-09 13:11:21,142.0
0.7330,19.9110,0.4520,88.9830,1.0620,2025-07-09 18:51:27,143.0
0.7340,19.9930,0.4690,88.8160,1.1910,2025-07-09 18:51:27,143.0
0.7110,19.9810,0.50,89.0480,1.0810,2025-07-09 18:51:27,143.0
0.7070,19.9520,0.4380,89.0150,1.1210,2025-07-09 18:51:27,143.0
0.7020,19.99,0.4620,88.8860,1.1170,2025-07-09 18:51:27,143.0
0.7190,19.9210,0.4130,88.6630,1.0730,2025-07-09 18:51:27,143.0
0.7250,19.9840,0.5250,88.9920,1.07,2025-07-09 18:51:27,143.0
0.6930,19.8170,0.2830,88.6860,1.1020,2025-07-09 18:51:27,143.0
0.6780,19.88,0.34,89.0380,1.0620,2025-07-09 18:51:27,143.0
0.7380,20.0120,0.3960,88.9650,1.1420,2025-07-09 18:51:27,143.0
0.7430,19.9680,0.7460,88.99,1.1560,2025-07-09 18:51:27,143.0
0.7110,20.0210,0.4060,89.0270,1.1180,2025-07-09 18:51:27,143.0
0.7180,19.8770,0.3460,88.8490,1.1070,2025-07-09 18:51:27,143.0
0.7290,19.9270,0.4760,88.8510,1.1130,2025-07-09 18:51:27,143.0
0.7110,19.9150,0.35,88.7680,1.1370,2025-07-09 18:51:27,143.0
0.7150,19.8860,0.5430,88.9320,1.0890,2025-07-09 18:51:27,143.0
0.7340,19.9520,0.4690,88.9470,1.1620,2025-07-09 18:51:27,143.0
0.7390,19.9840,0.3010,89.0570,1.1030,2025-07-09 18:51:27,143.0
0.7180,19.9810,0.4450,88.8980,1.1070,2025-07-09 18:51:27,143.0
0.7270,20.0180,0.5840,88.9310,1.0980,2025-07-09 18:51:27,143.0
0.6930,19.9620,0.6160,89.1180,1.0850,2025-07-10 13:16:52,144.0
0.7350,20.0530,0.3890,88.9690,1.1440,2025-07-10 13:16:52,144.0
0.6840,19.9270,0.4550,88.96,1.0350,2025-07-10 13:16:52,144.0
0.7210,20.0030,0.3990,89.1780,1.0690,2025-07-10 13:16:52,144.0
0.7020,19.9490,0.4130,89.1580,1.0560,2025-07-10 13:16:52,144.0
0.7290,19.9620,0.5040,88.7940,1.1170,2025-07-10 13:16:52,144.0
0.7240,19.9740,0.5640,88.9380,1.1160,2025-07-10 13:16:52,144.0
0.6990,19.83,0.4410,89.0780,1.1310,2025-07-10 13:16:52,144.0
0.7150,20.0970,0.35,88.6940,1.1350,2025-07-10 13:16:52,144.0
0.70,19.8330,0.4690,88.9990,1.0940,2025-07-10 13:16:52,144.0
0.7290,19.94,0.3920,88.9350,1.0860,2025-07-10 13:16:52,144.0
0.7090,19.8960,0.3050,88.9490,1.0860,2025-07-10 13:16:52,144.0
0.7270,19.99,0.4170,88.9620,1.1210,2025-07-10 13:16:52,144.0
0.70,19.8860,0.6650,88.7970,1.0330,2025-07-10 13:16:52,144.0
0.7260,20.0210,0.3780,89.0890,1.0880,2025-07-10 13:16:52,144.0
0.7180,19.9050,0.3680,89.19,1.0610,2025-07-10 13:16:52,144.0
0.7090,19.9210,0.5530,88.94,1.0650,2025-07-10 13:16:52,144.0
0.7220,19.9740,0.4660,88.9140,1.1080,2025-07-10 13:16:52,144.0
0.7320,19.9870,0.4760,88.8160,1.09,2025-07-10 13:16:52,144.0
0.6950,19.8490,0.4380,88.8350,1.0270,2025-07-10 13:16:52,144.0
0.7070,19.8770,0.2870,89.0290,1,2025-07-10 13:51:54,145.0
0.7280,19.9710,0.4020,88.90,1.1540,2025-07-10 13:51:54,145.0
0.69,19.8890,0.5810,88.9660,1.0220,2025-07-10 13:51:54,145.0
0.7150,19.8930,0.2940,88.9190,1.0530,2025-07-10 13:51:54,145.0
0.7090,19.9270,0.4170,88.8840,1.0870,2025-07-10 13:51:54,145.0
0.7110,19.8830,0.3850,89.1040,0.9960,2025-07-10 13:51:54,145.0
0.7030,19.9870,0.5250,88.7960,1.0280,2025-07-10 13:51:54,145.0
0.7460,20.0030,0.5290,88.9020,1.1270,2025-07-10 13:51:54,145.0
0.7070,19.8710,0.3850,88.9770,1.1270,2025-07-10 13:51:54,145.0
0.6970,19.8170,0.4790,88.9760,1.0790,2025-07-10 13:51:54,145.0
0.6990,19.9210,0.4650,88.9620,1.0250,2025-07-10 13:51:54,145.0
0.6960,19.8930,0.43,88.9290,1.1090,2025-07-10 13:51:54,145.0
0.7120,19.9330,0.3120,88.82,1.0910,2025-07-10 13:51:54,145.0
0.6940,19.9590,0.3610,89.0940,1.03,2025-07-10 13:51:54,145.0
0.7060,19.9620,0.6620,88.8850,1.0340,2025-07-10 13:51:54,145.0
0.7190,19.9810,0.41,89.0510,1.0870,2025-07-10 13:51:54,145.0
0.72,19.8270,0.4440,88.9560,1.0470,2025-07-10 13:51:54,145.0
0.7210,20.0280,0.3610,88.9590,1.1310,2025-07-10 13:51:54,145.0
0.7130,19.8830,0.3120,88.93,1.0280,2025-07-10 13:51:54,145.0
0.7250,19.9590,0.5740,88.91,1.0780,2025-07-10 13:51:54,145.0
0.6980,19.8670,0.5290,88.9430,1.03,2025-07-10 18:57:00,146.0
0.7270,20.0090,0.5420,88.8880,1.0560,2025-07-10 18:57:00,146.0
0.7120,19.9990,0.34,88.99,1.0810,2025-07-10 18:57:00,146.0
0.6980,19.9110,0.5390,89.1030,1.0280,2025-07-10 18:57:00,146.0
0.68,19.9080,0.4170,88.9790,1.0020,2025-07-10 18:57:00,146.0
0.7060,19.83,0.4340,89.1420,1.1540,2025-07-10 18:57:00,146.0
0.6830,19.9990,0.3710,89.14,1.0370,2025-07-10 18:57:00,146.0
0.6960,19.9110,0.3710,88.9760,1.0180,2025-07-10 18:57:00,146.0
0.6960,19.8830,0.5220,89.0340,0.9870,2025-07-10 18:57:00,146.0
0.6790,19.9180,0.3360,88.9470,0.9970,2025-07-10 18:57:00,146.0
0.6950,19.8230,0.49,88.8860,1.0220,2025-07-10 18:57:00,146.0
0.7010,19.9150,0.35,88.94,1.0840,2025-07-10 18:57:00,146.0
0.7160,19.99,0.3670,89.5370,1.0530,2025-07-10 18:57:00,146.0
0.7190,19.9490,0.4060,88.8740,1.06,2025-07-10 18:57:00,146.0
0.7210,19.9740,0.4730,88.7280,1.1490,2025-07-10 18:57:00,146.0
0.70,19.9270,0.3250,88.8930,1.0680,2025-07-10 18:57:00,146.0
0.7390,20.0120,0.4240,88.8280,1.14,2025-07-10 18:57:00,146.0
0.7070,19.9620,0.5180,88.9590,1.0540,2025-07-10 18:57:00,146.0
0.7250,19.94,0.4580,88.8850,1.1270,2025-07-10 18:57:00,146.0
0.7180,19.9430,0.3290,88.9740,1.1420,2025-07-10 18:57:00,146.0
0.7040,19.9520,0.4550,88.9140,1.0920,2025-07-10 21:17:01,147.0
0.6890,19.9330,0.4550,89.1370,0.0150,2025-07-10 21:17:01,147.0
0.7030,20.0370,0.5080,88.8710,1.0850,2025-07-10 21:17:01,147.0
0.6870,19.9270,0.4730,88.7880,1.0540,2025-07-10 21:17:01,147.0
0.6920,19.8890,0.4760,88.9820,0.9850,2025-07-10 21:17:01,147.0
0.7350,20.0680,0.4550,89.1070,1.11,2025-07-10 21:17:01,147.0
0.7410,20.0310,0.4690,89.0570,1.1330,2025-07-10 21:17:01,147.0
0.7060,20.0210,0.3570,88.9110,1.0630,2025-07-10 21:17:01,147.0
0.7050,19.93,0.7070,88.6140,1.0940,2025-07-10 21:17:01,147.0
0.7180,19.9650,0.4020,88.7750,1.06,2025-07-10 21:17:01,147.0
0.7370,19.9370,0.5180,89.0120,1.1320,2025-07-10 21:17:01,147.0
0.6970,19.9490,0.6270,88.8150,1.0370,2025-07-10 21:17:01,147.0
0.71,19.93,0.3640,88.7560,1.1360,2025-07-10 21:17:01,147.0
0.7010,19.9050,0.5250,88.98,1.07,2025-07-10 21:17:01,147.0
0.7440,19.9870,0.4380,88.8340,1.1740,2025-07-10 21:17:01,147.0
0.7290,19.9740,0.4690,88.8990,1.1140,2025-07-10 21:17:01,147.0
0.6960,19.8930,0.5840,89.0940,1.10,2025-07-10 21:17:01,147.0
0.7080,19.8960,0.3540,88.9760,1.0450,2025-07-10 21:17:01,147.0
0.7410,19.9810,0.4870,89.1370,1.15,2025-07-10 21:17:01,147.0
0.6890,19.8670,0.49,88.6470,1.0370,2025-07-10 21:17:01,147.0
0.7270,19.9870,0.49,88.9630,1.1140,2025-07-11 11:08:27,148.0
0.6970,19.9770,0.5640,89.0360,1.0840,2025-07-11 11:08:27,148.0
0.7310,19.9960,0.5180,88.8790,1.1660,2025-07-11 11:08:27,148.0
0.6970,19.93,0.3150,88.9280,1.1150,2025-07-11 11:08:27,148.0
0.6920,19.8640,0.3920,88.9530,1.0030,2025-07-11 11:08:27,148.0
0.7270,20.0090,0.5180,88.9280,1.1120,2025-07-11 11:08:27,148.0
0.7340,20.0150,0.4130,88.8120,1.13,2025-07-11 11:08:27,148.0
0.7330,19.9680,0.3950,88.8230,1.1620,2025-07-11 11:08:27,148.0
0.7350,20.0620,0.3810,88.9720,1.1710,2025-07-11 11:08:27,148.0
0.6880,19.8610,0.5320,88.6780,1.0910,2025-07-11 11:08:27,148.0
0.7250,20.0060,0.3670,88.7810,1.0850,2025-07-11 11:08:27,148.0
0.7140,19.7450,0.4830,89.0020,1.17,2025-07-11 11:08:27,148.0
0.7340,20.0030,0.3220,88.8120,1.0460,2025-07-11 11:08:27,148.0
0.7140,19.9770,0.4020,88.92,1.0710,2025-07-11 11:08:27,148.0
0.7130,19.94,0.4520,88.8830,1.1710,2025-07-11 11:08:27,148.0
0.7140,19.99,0.4650,88.7550,1.0640,2025-07-11 11:08:27,148.0
0.7380,20.05,0.5740,88.9980,1.1290,2025-07-11 11:08:27,148.0
0.7120,19.9550,0.4510,89.15,1.1520,2025-07-11 11:08:27,148.0
0.7340,20.0250,0.4550,88.9080,1.1470,2025-07-11 11:08:27,148.0
0.7230,19.8420,0.42,88.9230,1.0870,2025-08-11 14:36:11,149.0
0.6980,19.9270,0.4170,88.7790,1.03,2025-08-11 14:36:11,149.0
0.7070,20.0280,0.4340,88.8920,1.0390,2025-08-11 14:36:11,149.0
0.70,19.8930,0.6190,89.0030,1.0680,2025-08-11 14:36:11,149.0
0.6860,19.8890,0.3670,89.0860,1.0140,2025-08-11 14:36:11,149.0
0.7030,19.9150,0.3890,89.1010,1.0950,2025-08-11 14:36:11,149.0
0.7180,19.8640,0.42,88.6730,1.1260,2025-08-11 14:36:11,149.0
0.7030,19.8990,0.4550,88.7870,1.0750,2025-08-11 14:36:11,149.0
0.7150,19.8670,0.6160,88.9940,1.0330,2025-08-11 14:36:11,149.0
0.7170,19.7980,0.4660,89.0230,1.0620,2025-08-11 14:36:11,149.0
0.7030,19.8450,0.49,88.8990,1.1020,2025-08-11 14:36:11,149.0
0.70,19.8580,0.5560,89.0590,1.1040,2025-08-11 14:36:11,149.0
0.7170,19.94,0.2520,88.8870,1.0710,2025-08-11 14:36:11,149.0
0.7050,19.8990,0.4340,88.9240,0.0290,2025-08-11 14:36:11,149.0
0.6930,19.8010,0.6060,89.1270,1.0710,2025-08-11 14:36:11,149.0
0.7260,19.94,0.4170,88.8610,1.1530,2025-08-11 14:36:11,149.0
0.7260,19.8740,0.3110,88.7430,1.1230,2025-08-11 14:36:11,149.0
0.6980,19.93,0.50,88.8180,1.0110,2025-08-11 14:36:11,149.0
0.7050,19.93,0.4340,88.9450,1.0810,2025-08-11 14:36:11,149.0
0.6990,19.82,0.2730,88.7750,1.0580,2025-08-11 14:36:11,149.0
0.7330,19.93,0.4410,88.7950,1.1130,2025-08-11 14:51:12,150.0
0.7070,19.8770,0.3990,89.01,0.9640,2025-08-11 14:51:12,150.0
0.7160,19.8740,0.5430,88.8870,1.0960,2025-08-11 14:51:12,150.0
0.7540,19.9960,0.4130,89.0290,1.1430,2025-08-11 14:51:12,150.0
0.6970,19.82,0.4130,88.88,0.9820,2025-08-11 14:51:12,150.0
0.7130,19.8830,0.4450,88.8690,1.0750,2025-08-11 14:51:12,150.0
0.7360,19.9740,0.2550,89.1090,1.1780,2025-08-11 14:51:12,150.0
0.7110,19.9520,0.3680,88.7740,1.0810,2025-08-11 14:51:12,150.0
0.7010,20.3450,0.5460,88.7660,0.9710,2025-08-11 14:51:12,150.0
0.6890,19.9050,0.3530,88.9380,1.0560,2025-08-11 14:51:12,150.0
0.72,19.8930,0.3640,88.7190,1.0920,2025-08-11 14:51:12,150.0
0.7260,19.9370,0.2980,88.9220,1.1030,2025-08-11 14:51:12,150.0
0.7160,19.8770,0.4090,88.6320,1.0410,2025-08-11 14:51:12,150.0
0.6910,19.7570,0.5210,88.8380,0.9830,2025-08-11 14:51:12,150.0
0.7030,19.7510,0.5150,89.0930,1.1720,2025-08-11 14:51:12,150.0
0.7320,19.9650,0.3850,88.8690,1.2130,2025-08-11 14:51:12,150.0
0.7250,20.0180,0.4380,88.9410,1.1210,2025-08-11 14:51:12,150.0
0.7190,19.9490,0.4090,88.9830,1.0750,2025-08-11 14:51:12,150.0
0.7210,19.8990,0.4020,88.6390,1.0810,2025-08-11 14:51:12,150.0
0.7060,19.8610,0.27,88.8730,1.0740,2025-08-11 14:51:12,150.0
0.7370,19.9520,0.4660,89.01,1.1480,2025-08-11 19:01:17,151.0
0.7160,20.0650,0.4590,88.8480,1.0810,2025-08-11 19:01:17,151.0
0.7150,20.0250,0.5430,88.8280,1.11,2025-08-11 19:01:17,151.0
0.7150,19.9840,0.6160,89.0950,1.0820,2025-08-11 19:01:17,151.0
0.7060,19.9810,0.5150,88.9210,1.0570,2025-08-11 19:01:17,151.0
0.7270,19.9770,0.4580,88.8270,1.1210,2025-08-11 19:01:17,151.0
0.69,19.9460,0.3670,89.1470,1.0540,2025-08-11 19:01:17,151.0
0.7230,20.0780,0.4130,89.01,1.1030,2025-08-11 19:01:17,151.0
0.7090,19.9270,0.5180,88.9280,1.0520,2025-08-11 19:01:17,151.0
0.7060,19.9960,0.4830,88.8830,1.0860,2025-08-11 19:01:17,151.0
0.7090,19.9080,0.5080,88.9330,1.11,2025-08-11 19:01:17,151.0
0.6970,19.9620,0.5110,89.02,1.0730,2025-08-11 19:01:17,151.0
0.7290,19.9180,0.4940,88.7080,1.1030,2025-08-11 19:01:17,151.0
0.7330,19.9840,0.5460,88.8750,1.0860,2025-08-11 19:01:17,151.0
0.7180,20.0620,0.5560,89.0020,1.0560,2025-08-11 19:01:17,151.0
0.7270,20.0750,0.4660,88.7430,1.0460,2025-08-11 19:01:17,151.0
0.7160,20.0430,0.4830,89.0320,1.0580,2025-08-11 19:01:17,151.0
0.6930,20.0060,0.56,88.9270,1.0650,2025-08-11 19:01:17,151.0
0.7040,19.94,0.3850,88.8070,1.0870,2025-08-11 19:01:17,151.0
0.6880,19.9490,0.3050,88.8860,1.06,2025-08-11 19:01:17,151.0
0.7130,20.1160,0.5770,88.7870,1.1170,2025-08-11 19:16:18,152.0
0.7230,19.93,0.6680,89.1330,1.1040,2025-08-11 19:16:18,152.0
0.7150,20.0530,0.5390,88.8770,1.07,2025-08-11 19:16:18,152.0
0.7310,19.9960,0.5880,88.8020,1.1180,2025-08-11 19:16:18,152.0
0.7050,19.9520,0.5320,88.9790,1.0910,2025-08-11 19:16:18,152.0
0.72,19.99,0.5670,88.9560,1.1260,2025-08-11 19:16:18,152.0
0.7060,19.9620,0.5430,88.9190,1.0750,2025-08-11 19:16:18,152.0
0.7270,19.8770,0.6370,88.8240,1.1370,2025-08-11 19:16:18,152.0
0.6990,19.9490,0.42,88.9220,1.07,2025-08-11 19:16:18,152.0
0.7460,20.0780,0.4620,88.7380,1.1360,2025-08-11 19:16:18,152.0
0.7240,20.0560,0.5110,89.0410,1.1530,2025-08-11 19:16:18,152.0
0.7060,20.0180,0.5850,89.1880,1.1450,2025-08-11 19:16:18,152.0
0.6930,20.0530,0.41,88.8720,1.0560,2025-08-11 19:16:18,152.0
0.7080,20.0590,0.4870,88.71,1.0550,2025-08-11 19:16:18,152.0
0.6920,19.94,0.5290,88.5710,1.1070,2025-08-11 19:16:18,152.0
0.7240,20.1030,0.4730,89.1360,1.1620,2025-08-11 19:16:18,152.0
0.7110,19.9460,0.4480,88.9050,1.1440,2025-08-11 19:16:18,152.0
0.7080,19.99,0.6230,89.11,1.0780,2025-08-11 19:16:18,152.0
0.69,19.9710,0.5390,88.7480,1.10,2025-08-11 19:16:18,152.0
0.6960,19.8830,0.5290,89.0790,1.1380,2025-08-11 19:16:18,152.0
0.7560,20.0590,0.4860,88.7370,1.1370,2025-08-11 19:46:20,153.0
0.7250,19.9870,0.4620,89.1480,1.0590,2025-08-11 19:46:20,153.0
0.6870,19.9330,0.50,89.0050,1.0620,2025-08-11 19:46:20,153.0
0.6950,19.8890,0.5110,89.0440,1.0440,2025-08-11 19:46:20,153.0
0.6930,19.8830,0.6440,88.8140,1.0410,2025-08-11 19:46:20,153.0
0.6920,20.0250,0.41,88.6890,1.0160,2025-08-11 19:46:20,153.0
0.7190,19.83,0.6480,88.85,1.0480,2025-08-11 19:46:20,153.0
0.7130,19.8580,0.5390,88.9260,1.0590,2025-08-11 19:46:20,153.0
0.7310,19.9620,0.4130,88.7190,1.0750,2025-08-11 19:46:20,153.0
0.7330,19.9620,0.3960,88.9440,1.1770,2025-08-11 19:46:20,153.0
0.7180,19.8890,0.4860,88.7520,1.0350,2025-08-11 19:46:20,153.0
0.7110,19.9620,0.3360,88.9940,0.95,2025-08-11 19:46:20,153.0
0.6990,19.93,0.5460,88.9790,1,2025-08-11 19:46:20,153.0
0.7020,20.0560,0.5420,88.8510,1.06,2025-08-11 19:46:20,153.0
0.74,19.9620,0.5880,88.7870,1.15,2025-08-11 19:46:20,153.0
0.7110,19.9080,0.5670,89.0230,1.1030,2025-08-11 19:46:20,153.0
0.6990,19.8610,0.4310,88.9970,1.08,2025-08-11 19:46:20,153.0
0.73,20.0120,0.5850,88.8550,1.0690,2025-08-11 19:46:20,153.0
0.70,19.9520,0.7660,89.0710,1.1540,2025-08-11 19:46:20,153.0
0.7050,19.9210,0.4020,88.8640,0.9890,2025-08-11 19:46:20,153.0
0.6830,19.8550,0.6190,89.0740,1.1040,2025-08-11 20:26:21,154.0
0.7110,19.9050,0.4830,88.9820,1.1250,2025-08-11 20:26:21,154.0
0.7230,20.0340,0.5390,89.3050,1.1580,2025-08-11 20:26:21,154.0
0.6780,19.94,0.4310,88.6970,1.0560,2025-08-11 20:26:21,154.0
0.7080,19.99,0.5780,89.0650,1.1150,2025-08-11 20:26:21,154.0
0.7260,19.9810,0.6510,88.73,1.1170,2025-08-11 20:26:21,154.0
0.6910,19.8360,0.7140,88.98,1.0550,2025-08-11 20:26:21,154.0
0.7040,19.9770,0.5880,88.8020,1.0670,2025-08-11 20:26:21,154.0
0.6790,19.9870,0.5420,88.7850,1.0340,2025-08-11 20:26:21,154.0
0.7170,20.0030,0.5220,88.8270,1.1150,2025-08-11 20:26:21,154.0
0.6910,20.0250,0.5530,88.7630,1.0950,2025-08-11 20:26:21,154.0
0.7170,19.9740,0.3880,88.8440,1.1360,2025-08-11 20:26:21,154.0
0.7280,20.0720,0.4690,88.9140,1.0880,2025-08-11 20:26:21,154.0
0.7030,19.8450,0.5430,88.8220,1.0710,2025-08-11 20:26:21,154.0
0.6950,19.9370,0.4650,88.7370,1.06,2025-08-11 20:26:21,154.0
0.7520,20.0250,0.50,88.8820,1.1240,2025-08-11 20:26:21,154.0
0.7040,19.9370,0.5070,88.9470,1.0470,2025-08-11 20:26:21,154.0
0.6970,20.0060,0.5560,88.9780,1.1130,2025-08-11 20:26:21,154.0
0.7170,19.8830,0.2940,89.0270,1.0750,2025-08-11 20:26:21,154.0
0.6990,19.9150,0.6120,88.9520,1.0710,2025-08-11 20:26:21,154.0
0.71,20.10,0.5710,89.0250,1.0720,2025-08-11 21:16:22,155.0
0.7260,20.0680,0.6580,88.9660,1.2150,2025-08-11 21:16:22,155.0
0.6930,19.8860,0.55,88.9060,1.0770,2025-08-11 21:16:22,155.0
0.7270,19.99,0.62,88.8880,1.1510,2025-08-11 21:16:22,155.0
0.7140,19.99,0.70,88.7140,1.0630,2025-08-11 21:16:22,155.0
0.6980,19.9870,0.35,88.7660,1.0450,2025-08-11 21:16:22,155.0
0.6980,19.9710,0.6270,88.9950,1.0570,2025-08-11 21:16:22,155.0
0.7010,19.9870,0.5390,88.7470,1.0950,2025-08-11 21:16:22,155.0
0.7090,19.9960,0.4550,89.0460,1.0880,2025-08-11 21:16:22,155.0
0.7120,20.0250,0.5350,89.0230,1.0490,2025-08-11 21:16:22,155.0
0.7160,20.0750,0.6020,88.7930,1.09,2025-08-11 21:16:22,155.0
0.7160,20.0150,0.2550,89.0160,1.1480,2025-08-11 21:16:22,155.0
0.7380,20.0680,0.50,88.9580,1.0950,2025-08-11 21:16:22,155.0
0.7150,20.0030,0.5670,88.8420,1.0970,2025-08-11 21:16:22,155.0
0.7090,20.0590,0.5070,88.8410,1.0420,2025-08-11 21:16:22,155.0
0.7050,20.0720,0.4270,88.8270,1.0330,2025-08-11 21:16:22,155.0
0.7140,20.0090,0.5910,88.87,1.08,2025-08-11 21:16:22,155.0
0.7120,20.0650,0.5420,88.8190,1.0990,2025-08-11 21:16:22,155.0
0.7180,19.9960,0.42,89.2870,1.0920,2025-08-11 21:16:22,155.0
0.6730,19.99,0.6190,89.1550,1.0130,2025-08-11 21:16:22,155.0
0.7160,20.0780,0.4410,89.1030,1.1090,2025-08-11 21:51:25,156.0
0.6970,19.9460,0.3470,88.9710,1.0670,2025-08-11 21:51:25,156.0
0.7210,19.9960,0.55,89.2140,1.1640,2025-08-11 21:51:25,156.0
0.7250,20.0310,0.4620,89.1170,1.1460,2025-08-11 21:51:25,156.0
0.7050,20.0280,0.7950,88.6790,1.0530,2025-08-11 21:51:25,156.0
0.72,19.99,0.5220,88.8060,1.1710,2025-08-11 21:51:25,156.0
0.7120,19.9620,0.4230,88.8530,1.13,2025-08-11 21:51:25,156.0
0.74,20.0370,0.5710,88.8770,1.0680,2025-08-11 21:51:25,156.0
0.7050,19.9460,0.48,88.9740,1.1140,2025-08-11 21:51:25,156.0
0.7020,20.1720,0.4170,88.6810,1.0760,2025-08-11 21:51:25,156.0
0.7230,20.05,0.35,88.9970,1.0710,2025-08-11 21:51:25,156.0
0.7180,19.9680,0.4340,88.9740,1.1210,2025-08-11 21:51:25,156.0
0.71,20.0590,0.49,88.9660,1.1240,2025-08-11 21:51:25,156.0
0.7290,20.0720,0.56,88.9240,1.0460,2025-08-11 21:51:25,156.0
0.7380,20.0250,0.5110,88.7810,1.0310,2025-08-11 21:51:25,156.0
0.7240,19.9490,0.5250,88.6930,1.0620,2025-08-11 21:51:25,156.0
0.70,20.1030,0.4090,88.7610,1.1330,2025-08-11 21:51:25,156.0
0.7130,19.9550,0.6270,88.9350,1.0830,2025-08-11 21:51:25,156.0
0.6890,19.9210,0.4270,89.0080,1.0850,2025-08-11 21:51:25,156.0
0.7340,20.0250,0.5290,88.74,1.0910,2025-08-11 21:51:25,156.0
0.72,20.0210,0.5290,89.2080,1.1010,2025-08-11 22:06:26,157.0
0.7170,19.9840,0.4480,88.9040,1.0520,2025-08-11 22:06:26,157.0
0.7050,20.0340,0.6580,88.7630,1.1060,2025-08-11 22:06:26,157.0
0.7490,20.0460,0.4720,89.1050,1.1970,2025-08-11 22:06:26,157.0
0.7060,19.8890,0.5390,88.7810,1.0780,2025-08-11 22:06:26,157.0
0.7120,19.9210,0.6540,88.7810,1.0760,2025-08-11 22:06:26,157.0
0.7060,19.9330,0.5180,88.9630,1.0750,2025-08-11 22:06:26,157.0
0.7080,19.9080,0.5740,88.8730,1.0670,2025-08-11 22:06:26,157.0
0.7170,19.94,0.4930,88.8720,1.1610,2025-08-11 22:06:26,157.0
0.7380,20.04,0.6480,89.0460,1.1230,2025-08-11 22:06:26,157.0
0.7070,20.0780,0.5710,88.8550,1.0770,2025-08-11 22:06:26,157.0
0.7120,20.0460,0.5980,88.9120,1.0690,2025-08-11 22:06:26,157.0
0.7080,19.9680,0.4520,88.7870,1.0370,2025-08-11 22:06:26,157.0
0.71,19.9370,0.6410,88.9090,1.0860,2025-08-11 22:06:26,157.0
0.6880,19.9240,0.5390,88.8870,1.1250,2025-08-11 22:06:26,157.0
0.6920,19.9430,0.5880,88.8780,1.0850,2025-08-11 22:06:26,157.0
0.7160,20.0460,0.5910,88.90,1.1020,2025-08-11 22:06:26,157.0
0.7010,20.0720,0.7070,88.7590,1.1010,2025-08-11 22:06:26,157.0
0.7150,20.0780,0.3850,88.8930,1.1140,2025-08-11 22:06:26,157.0
0.7280,20.0460,0.6540,88.9160,1.1040,2025-08-11 22:06:26,157.0
0.7190,20.0090,0.5670,88.7720,1.1730,2025-08-11 22:21:27,158.0
0.7230,19.9870,0.5430,88.7010,1.0740,2025-08-11 22:21:27,158.0
0.7190,20.0870,0.5180,88.8740,1.0680,2025-08-11 22:21:27,158.0
0.7160,20.0460,0.5430,88.7820,1.1270,2025-08-11 22:21:27,158.0
0.6880,19.9180,0.4020,88.8810,1.0980,2025-08-11 22:21:27,158.0
0.7230,20.0250,0.5180,88.7480,1.1490,2025-08-11 22:21:27,158.0
0.7380,20.0430,0.55,88.6850,1.0780,2025-08-11 22:21:27,158.0
0.7040,19.9650,0.5320,88.9270,1.1270,2025-08-11 22:21:27,158.0
0.7020,19.9960,0.7770,88.5220,1.0570,2025-08-11 22:21:27,158.0
0.72,20.0090,0.50,89.0190,1.1770,2025-08-11 22:21:27,158.0
0.7270,19.9840,0.3810,89.0740,1.2140,2025-08-11 22:21:27,158.0
0.7170,19.9810,0.4660,88.8650,1.1270,2025-08-11 22:21:27,158.0
0.7060,19.99,0.55,88.9970,1.0920,2025-08-11 22:21:27,158.0
0.7010,20.2130,0.4160,88.5560,1.0840,2025-08-11 22:21:27,158.0
0.7010,20.1120,0.4380,88.60,1.14,2025-08-11 22:21:27,158.0
0.7080,20.0680,0.49,88.59,1.1360,2025-08-11 22:21:27,158.0
0.7280,20.0750,0.5780,88.6190,1.0490,2025-08-11 22:21:27,158.0
0.71,19.9370,0.5910,88.6950,1.0950,2025-08-11 22:21:27,158.0
0.7360,20.0340,0.49,88.5740,1.0420,2025-08-11 22:21:27,158.0
0.7180,20.0560,0.3750,88.7390,1.08,2025-08-11 22:21:27,158.0
0.7280,20.0970,0.5180,88.9950,1.0640,2025-08-12 11:12:28,159.0
0.7210,19.9990,0.5110,88.9380,1.0780,2025-08-12 11:12:28,159.0
0.7020,19.8740,0.4760,88.7420,1.1180,2025-08-12 11:12:28,159.0
0.7070,20.0590,0.5530,88.9490,1.0840,2025-08-12 11:12:28,159.0
0.7130,20.0840,0.4130,88.7590,1.05,2025-08-12 11:12:28,159.0
0.72,19.9430,0.6410,88.8260,1.0530,2025-08-12 11:12:28,159.0
0.6850,19.8960,0.6120,88.7460,1.0810,2025-08-12 11:12:28,159.0
0.7070,20.0060,0.3710,88.7170,1.08,2025-08-12 11:12:28,159.0
0.7120,19.9740,0.4720,88.7730,1.0690,2025-08-12 11:12:28,159.0
0.7130,20.0940,0.6650,88.8460,1.0710,2025-08-12 11:12:28,159.0
0.7270,19.9680,0.4580,88.8830,1.0740,2025-08-12 11:12:28,159.0
0.7160,20.0310,0.7040,88.78,1.0590,2025-08-12 11:12:28,159.0
0.7410,20.0750,0.4520,88.8380,1.1060,2025-08-12 11:12:28,159.0
0.7030,19.9270,0.5110,88.5510,0.9870,2025-08-12 11:12:28,159.0
0.7350,20.0620,0.4340,89.1120,1.0770,2025-08-12 11:12:28,159.0
0.71,20.1120,0.4660,88.6540,1.0650,2025-08-12 11:12:28,159.0
0.7370,20.0180,0.3540,88.9050,1.0910,2025-08-12 11:12:28,159.0
0.7350,19.9370,0.4660,88.9920,1.1050,2025-08-12 11:12:28,159.0
0.7040,19.9370,0.6330,88.8530,1.0490,2025-08-12 11:12:28,159.0
0.7010,20.0030,0.5150,88.9810,1.0730,2025-08-12 11:12:28,159.0
0.7030,20.04,0.4580,89.0320,1.0770,2025-08-12 11:42:30,160.0
0.7060,19.9550,0.4380,88.67,1.0610,2025-08-12 11:42:30,160.0
0.71,20.0590,0.5080,88.9530,1.14,2025-08-12 11:42:30,160.0
0.6970,19.9370,0.6620,88.8880,1.0550,2025-08-12 11:42:30,160.0
0.6930,19.9080,0.6090,89.0090,1.0180,2025-08-12 11:42:30,160.0
0.7150,19.9680,0.6190,89.0420,1.1050,2025-08-12 11:42:30,160.0
0.6860,19.8640,0.6790,88.91,1.0510,2025-08-12 11:42:30,160.0
0.72,19.9270,0.4870,88.9310,1.1030,2025-08-12 11:42:30,160.0
0.7180,19.9210,0.5840,88.9550,1.11,2025-08-12 11:42:30,160.0
0.7250,19.9150,0.4650,88.8620,1.1370,2025-08-12 11:42:30,160.0
0.7080,19.9180,0.5670,88.9090,1.0420,2025-08-12 11:42:30,160.0
0.7040,19.9590,0.5880,89.0320,1.0630,2025-08-12 11:42:30,160.0
0.7080,19.8830,0.5770,89.20,1.1230,2025-08-12 11:42:30,160.0
0.7140,19.9180,0.4310,88.7730,1.0410,2025-08-12 11:42:30,160.0
0.7210,19.9960,0.4520,89.0720,1.0830,2025-08-12 11:42:30,160.0
0.7150,20.0060,0.3750,88.9240,1.0560,2025-08-12 11:42:30,160.0
0.7060,19.8830,0.4760,88.9310,1.0480,2025-08-12 11:42:30,160.0
0.7010,19.9590,0.2140,88.6340,1.0740,2025-08-12 11:42:30,160.0
0.7070,19.8710,0.4270,88.8110,1.0120,2025-08-12 11:42:30,160.0
0.7190,19.9590,0.4520,88.89,1.1270,2025-08-12 11:42:30,160.0
0.7010,19.99,0.4790,88.6570,1.0940,2025-08-12 11:57:31,161.0
0.6950,19.9020,0.6330,88.8330,1.0770,2025-08-12 11:57:31,161.0
0.6880,19.9990,0.5670,89.0490,1.05,2025-08-12 11:57:31,161.0
0.6940,19.8450,0.4550,88.8530,1.11,2025-08-12 11:57:31,161.0
0.7150,19.9810,0.5010,89.0080,1.0880,2025-08-12 11:57:31,161.0
0.7070,19.8740,0.4230,89.0850,1.0860,2025-08-12 11:57:31,161.0
0.7050,19.9550,0.5290,88.8910,1.07,2025-08-12 11:57:31,161.0
0.7140,19.9840,0.6790,89.0390,1.0460,2025-08-12 11:57:31,161.0
0.71,19.9270,0.4020,88.9590,1.1010,2025-08-12 11:57:31,161.0
0.7040,19.9550,0.4170,88.9220,1.0660,2025-08-12 11:57:31,161.0
0.6950,19.9240,0.6720,88.8380,0.9980,2025-08-12 11:57:31,161.0
0.7040,19.9770,0.5250,88.8060,1.02,2025-08-12 11:57:31,161.0
0.71,19.9080,0.5710,88.6360,1.0860,2025-08-12 11:57:31,161.0
0.6950,19.9520,0.5320,88.90,1.0150,2025-08-12 11:57:31,161.0
0.7060,19.9330,0.5810,89.0280,1.0240,2025-08-12 11:57:31,161.0
0.7170,19.9680,0.6330,89.2250,1.0310,2025-08-12 11:57:31,161.0
0.6850,19.9990,0.4480,88.5920,1.0310,2025-08-12 11:57:31,161.0
0.75,19.9520,0.4730,88.83,1.1520,2025-08-12 11:57:31,161.0
0.6850,19.9680,0.4270,89.0740,1.0190,2025-08-12 11:57:31,161.0
0.7030,19.93,0.5110,88.8690,1.0790,2025-08-12 11:57:31,161.0
0.6860,19.9370,0.49,88.7660,1.0650,2025-08-12 13:22:34,162.0
0.7090,20.0810,0.5460,88.8890,1.0360,2025-08-12 13:22:34,162.0
0.7390,19.9870,0.5460,89.0610,1.14,2025-08-12 13:22:34,162.0
0.69,19.8330,0.5070,89.3520,1.0750,2025-08-12 13:22:34,162.0
0.7120,19.9680,0.4650,89.0510,1.0780,2025-08-12 13:22:34,162.0
0.7120,20.0750,0.6190,88.9590,1.0920,2025-08-12 13:22:34,162.0
0.6790,19.8390,0.5250,88.7080,1.05,2025-08-12 13:22:34,162.0
0.7050,19.9650,0.5390,88.9960,1.0750,2025-08-12 13:22:34,162.0
0.6970,19.8170,0.5390,88.8240,1.0430,2025-08-12 13:22:34,162.0
0.7410,20.0150,0.5810,88.8090,1.1080,2025-08-12 13:22:34,162.0
0.7020,20.0120,0.5850,88.6970,1.0590,2025-08-12 13:22:34,162.0
0.6880,19.82,0.5430,88.6840,1.0850,2025-08-12 13:22:34,162.0
0.7220,19.9430,0.6160,88.7690,1.0820,2025-08-12 13:22:34,162.0
0.7160,20.0180,0.4760,88.6880,1.0380,2025-08-12 13:22:34,162.0
0.7270,20.0060,0.4970,88.9170,1.1050,2025-08-12 13:22:34,162.0
0.7430,19.9810,0.4730,88.8740,1.1070,2025-08-12 13:22:34,162.0
0.7080,19.9770,0.6020,88.8520,1.0950,2025-08-12 13:22:34,162.0
0.7040,19.8860,0.5460,89.2420,1.1010,2025-08-12 13:22:34,162.0
0.6990,20.09,0.5740,89.0280,1.04,2025-08-12 13:22:34,162.0
0.7190,19.8010,0.4520,88.7640,1.0930,2025-08-12 13:22:34,162.0
0.7390,19.9620,0.49,89.0990,1.0740,2025-08-12 13:37:35,163.0
0.71,19.9650,0.5990,88.8360,1.0660,2025-08-12 13:37:35,163.0
0.7050,19.8490,0.4170,88.9770,1.0390,2025-08-12 13:37:35,163.0
0.7220,19.9650,0.5980,88.8980,1.0360,2025-08-12 13:37:35,163.0
0.7010,19.8520,0.3990,88.6370,0.0250,2025-08-12 13:37:35,163.0
0.7160,20.0060,0.5080,89.0110,1.0670,2025-08-12 13:37:35,163.0
0.7260,19.8740,0.49,89.0930,1.0710,2025-08-12 13:37:35,163.0
0.7190,19.9460,0.6090,89.4260,1.0720,2025-08-12 13:37:35,163.0
0.7070,19.9150,0.5430,88.8690,1.0750,2025-08-12 13:37:35,163.0
0.7160,19.8610,0.6750,89.0560,1.0510,2025-08-12 13:37:35,163.0
0.7030,19.9590,0.5880,88.8940,1.0560,2025-08-12 13:37:35,163.0
0.7230,20.0250,0.4410,88.9710,1.1120,2025-08-12 13:37:35,163.0
0.6790,19.7830,0.4790,88.6760,1.0620,2025-08-12 13:37:35,163.0
0.7120,19.9990,0.5780,89.0250,1.02,2025-08-12 13:37:35,163.0
0.6940,19.8710,0.4510,88.8160,1.0950,2025-08-12 13:37:35,163.0
0.7450,20.0370,0.6160,89.2620,1.10,2025-08-12 13:37:35,163.0
0.6940,19.8610,0.56,88.9190,1.0780,2025-08-12 13:37:35,163.0
0.69,19.8990,0.5710,88.8250,1.0760,2025-08-12 13:37:35,163.0
0.7240,19.9770,0.5670,88.9190,1.0330,2025-08-12 13:37:35,163.0
0.7240,19.8490,0.5810,88.8770,1.0860,2025-08-12 13:37:35,163.0
0.7060,19.9740,0.49,89.0530,1.0840,2025-08-12 14:52:36,164.0
0.7180,19.9710,0.5350,88.8320,1.1020,2025-08-12 14:52:36,164.0
0.7010,19.9430,0.5250,88.9370,1.0060,2025-08-12 14:52:36,164.0
0.7230,20.0090,0.5430,89.1290,1.1530,2025-08-12 14:52:36,164.0
0.6970,19.9370,0.3710,88.8520,1.09,2025-08-12 14:52:36,164.0
0.7170,19.9150,0.6440,88.55,1.09,2025-08-12 14:52:36,164.0
0.7350,20.0120,0.5320,88.80,1.1970,2025-08-12 14:52:36,164.0
0.7010,19.8770,0.4060,88.73,1.0260,2025-08-12 14:52:36,164.0
0.7250,20.0280,0.3880,88.8890,1.1380,2025-08-12 14:52:36,164.0
0.7270,19.8420,0.3710,88.9590,1.11,2025-08-12 14:52:36,164.0
0.7150,20.0150,0.5850,88.7940,1.1010,2025-08-12 14:52:36,164.0
0.7060,20.0250,0.5180,89.0320,1.06,2025-08-12 14:52:36,164.0
0.7220,20.05,0.4730,88.8740,1.0740,2025-08-12 14:52:36,164.0
0.7240,19.9620,0.62,89.0080,1.1130,2025-08-12 14:52:36,164.0
0.7110,20.0590,0.6750,88.6870,1.0230,2025-08-12 14:52:36,164.0
0.7010,19.94,0.6160,88.8670,1.09,2025-08-12 14:52:36,164.0
0.7150,19.93,0.5910,88.7990,1.0550,2025-08-12 14:52:36,164.0
0.72,20.0060,0.6160,88.6520,1.0690,2025-08-12 14:52:36,164.0
0.7420,19.9840,0.55,88.8270,1.1760,2025-08-12 14:52:36,164.0
0.6880,19.88,0.7390,88.8740,1.0860,2025-08-12 14:52:36,164.0
0.7450,20.0430,0.4230,88.9260,1.12,2025-08-12 16:02:38,165.0
0.7220,20.0210,0.5950,89.6150,1.1380,2025-08-12 16:02:38,165.0
0.7190,19.9960,0.5460,88.70,1.1450,2025-08-12 16:02:38,165.0
0.7480,20.0280,0.4310,88.9890,1.17,2025-08-12 16:02:38,165.0
0.7250,20.0210,0.55,88.8940,1.09,2025-08-12 16:02:38,165.0
0.7090,19.9710,0.6230,88.6550,1.1490,2025-08-12 16:02:38,165.0
0.7220,19.9150,0.5770,88.8570,1.06,2025-08-12 16:02:38,165.0
0.7060,20.0150,0.4270,88.7970,1.0780,2025-08-12 16:02:38,165.0
0.7320,20.0430,0.4440,88.68,1.17,2025-08-12 16:02:38,165.0
0.7060,19.9080,0.4580,88.8230,1.08,2025-08-12 16:02:38,165.0
0.7180,19.8520,0.3850,88.8390,1.1430,2025-08-12 16:02:38,165.0
0.70,19.9550,0.71,88.95,1.02,2025-08-12 16:02:38,165.0
0.7250,19.9620,0.6540,88.9410,1.1690,2025-08-12 16:02:38,165.0
0.7180,19.94,0.4480,88.6360,1.0870,2025-08-12 16:02:38,165.0
0.6970,19.9180,0.6330,88.8160,1.0860,2025-08-12 16:02:38,165.0
0.7230,19.9870,0.5360,88.9530,1.1230,2025-08-12 16:02:38,165.0
0.6920,19.9650,0.4130,88.7560,1.0130,2025-08-12 16:02:38,165.0
0.7120,20.0120,0.5350,88.7770,0.9970,2025-08-12 16:02:38,165.0
0.7170,20.0210,0.5880,88.8880,1.1410,2025-08-12 16:02:38,165.0
0.7050,19.8830,0.6020,88.8430,1.0870,2025-08-12 16:02:38,165.0
0.6850,20.0370,0.3460,88.6860,1.0540,2025-08-12 18:52:42,166.0
0.6980,19.94,0.5430,89.0230,1.0950,2025-08-12 18:52:42,166.0
0.7340,19.9330,0.5810,88.8460,1.0740,2025-08-12 18:52:42,166.0
0.7070,19.9240,0.3780,88.8280,1.1050,2025-08-12 18:52:42,166.0
0.6890,19.93,0.4690,88.6570,1.0540,2025-08-12 18:52:42,166.0
0.7340,19.9680,0.6120,88.8370,1.1570,2025-08-12 18:52:42,166.0
0.7140,20.0750,0.3850,88.9340,1.13,2025-08-12 18:52:42,166.0
0.7380,20.0180,0.6050,88.9140,1.1060,2025-08-12 18:52:42,166.0
0.7460,20.05,0.5110,89.07,1.1830,2025-08-12 18:52:42,166.0
0.7240,19.8830,0.4860,88.9430,1.1510,2025-08-12 18:52:42,166.0
0.7250,19.9370,0.5220,88.8690,1.1140,2025-08-12 18:52:42,166.0
0.7240,20.0530,0.5210,88.9360,1.15,2025-08-12 18:52:42,166.0
0.7440,20.0430,0.5290,88.8060,1.1140,2025-08-12 18:52:42,166.0
0.6930,19.9990,0.7140,88.8780,1.0090,2025-08-12 18:52:42,166.0
0.7180,19.9810,0.5740,89.1310,1.12,2025-08-12 18:52:42,166.0
0.7260,19.9770,0.55,88.7850,1.1080,2025-08-12 18:52:42,166.0
0.7140,19.9990,0.5770,88.9260,1.0610,2025-08-12 18:52:42,166.0
0.6940,20.0120,0.48,88.9120,1.0570,2025-08-12 18:52:42,166.0
0.7160,19.8890,0.3010,88.7570,1.1170,2025-08-12 18:52:42,166.0
0.6820,19.9150,0.5810,88.7730,0.0320,2025-08-12 18:52:42,166.0
0.7310,20.0430,0.5640,88.8610,1.1310,2025-08-12 19:27:45,167.0
0.71,19.9270,0.6750,88.8590,1.0910,2025-08-12 19:27:45,167.0
0.7310,20.0180,0.5210,88.9840,1.1610,2025-08-12 19:27:45,167.0
0.71,20.0150,0.5390,88.9680,1.1280,2025-08-12 19:27:45,167.0
0.7180,19.9740,0.6330,88.7550,1.0870,2025-08-12 19:27:45,167.0
0.71,19.9810,0.4510,88.7650,1.1230,2025-08-12 19:27:45,167.0
0.6990,20.0340,0.4940,88.96,1.05,2025-08-12 19:27:45,167.0
0.7080,19.9520,0.4730,88.8060,1.0920,2025-08-12 19:27:45,167.0
0.7220,19.8830,0.6680,89.0060,1.0880,2025-08-12 19:27:45,167.0
0.6970,19.8580,0.8960,88.8070,1.1520,2025-08-12 19:27:45,167.0
0.7410,20.1380,0.5740,88.7690,1.1020,2025-08-12 19:27:45,167.0
0.7110,20.0370,0.5460,88.6520,1.0460,2025-08-12 19:27:45,167.0
0.7170,19.9210,0.5770,89.0550,1.1170,2025-08-12 19:27:45,167.0
0.7170,19.8550,0.4310,88.7570,1.1630,2025-08-12 19:27:45,167.0
0.7020,19.9840,0.4270,88.6430,1.0810,2025-08-12 19:27:45,167.0
0.7240,20.0120,0.5110,88.7860,1.0850,2025-08-12 19:27:45,167.0
0.6890,19.9110,0.5250,88.8810,1.0820,2025-08-12 19:27:45,167.0
0.7390,19.9990,0.5530,88.8990,1.0790,2025-08-12 19:27:45,167.0
0.7330,19.9930,0.8720,88.80,1.0710,2025-08-12 19:27:45,167.0
0.7130,20.0280,0.5990,88.7350,1.1260,2025-08-12 19:27:45,167.0
0.6980,19.9620,0.63,88.8490,1.1610,2025-08-12 22:07:48,168.0
0.6880,19.8860,0.5770,88.8690,1.06,2025-08-12 22:07:48,168.0
0.7050,20.0750,0.3530,89.0560,1.0960,2025-08-12 22:07:48,168.0
0.6970,20.0120,0.9340,89.0330,1.0620,2025-08-12 22:07:48,168.0
0.7030,19.9050,0.50,88.8020,1.0680,2025-08-12 22:07:48,168.0
0.6760,19.8770,0.4060,88.9840,1.0190,2025-08-12 22:07:48,168.0
0.7030,19.8890,0.6760,88.8240,1.0930,2025-08-12 22:07:48,168.0
0.6980,19.9370,0.5180,89.0570,1.0640,2025-08-12 22:07:48,168.0
0.73,19.9770,0.5990,88.8450,1.0510,2025-08-12 22:07:48,168.0
0.7130,19.9330,0.5710,88.7710,1.1240,2025-08-12 22:07:48,168.0
0.7080,19.9210,0.3850,88.8840,1.1130,2025-08-12 22:07:48,168.0
0.7040,19.9430,0.4440,88.9650,1.0450,2025-08-12 22:07:48,168.0
0.7020,20.0030,0.4620,88.9720,1.0470,2025-08-12 22:07:48,168.0
0.6880,19.8990,0.4660,88.6590,1.0670,2025-08-12 22:07:48,168.0
0.7270,19.9520,0.5740,88.7940,1.0630,2025-08-12 22:07:48,168.0
0.7350,20.0840,0.2870,88.83,1.1290,2025-08-12 22:07:48,168.0
0.7110,19.9430,0.2240,88.7230,1.1520,2025-08-12 22:07:48,168.0
0.7010,20.0940,0.6440,88.9870,1.10,2025-08-12 22:07:48,168.0
0.7430,20.0620,0.4940,89.0710,1.1530,2025-08-12 22:07:48,168.0
0.7030,19.9110,0.4830,88.6950,1.0930,2025-08-12 22:07:48,168.0
0.7080,19.9270,0.4550,88.97,1.1180,2025-08-13 07:57:17,169.0
0.6980,19.9330,0.7350,88.9980,1.06,2025-08-13 07:57:17,169.0
0.6940,19.99,0.4020,88.96,0.9810,2025-08-13 07:57:17,169.0
0.6960,19.9590,0.4870,88.9920,1.0370,2025-08-13 07:57:17,169.0
0.72,20.05,0.6480,88.9050,1.11,2025-08-13 07:57:17,169.0
0.7180,20.0210,0.7180,88.91,1.0430,2025-08-13 07:57:17,169.0
0.7090,19.8890,0.4440,88.8410,1.0510,2025-08-13 07:57:17,169.0
0.7190,19.9650,0.4550,88.7990,1.16,2025-08-13 07:57:17,169.0
0.6930,19.9650,0.4970,88.9050,1.0450,2025-08-13 07:57:17,169.0
0.7340,20.0030,0.6160,89.0230,1.1560,2025-08-13 07:57:17,169.0
0.7060,19.9930,0.4340,88.6460,1.0820,2025-08-13 07:57:17,169.0
0.7340,20.0370,0.5220,88.9020,1.1460,2025-08-13 07:57:17,169.0
0.7260,19.9240,0.6090,88.8350,1.0790,2025-08-13 07:57:17,169.0
0.7220,19.9050,0.4760,89.3350,0.9530,2025-08-13 07:57:17,169.0
0.7260,19.8640,0.5320,88.7190,1.0490,2025-08-13 07:57:17,169.0
0.71,19.8390,0.5350,88.9010,1.0570,2025-08-13 07:57:17,169.0
0.6960,19.9990,0.4480,88.7690,1.0540,2025-08-13 07:57:17,169.0
0.7150,19.8740,0.5040,89.0540,1.1420,2025-08-13 07:57:17,169.0
0.7420,19.9490,0.3750,88.8360,1.1730,2025-08-13 07:57:17,169.0
0.6990,19.8960,0.4790,89.2420,1.0270,2025-08-13 07:57:17,169.0
0.7260,19.9740,0.4270,88.89,1.1370,2025-08-13 11:07:23,170.0
0.7330,19.9050,0.4730,89.1140,1.0830,2025-08-13 11:07:23,170.0
0.7180,19.9430,0.28,88.9970,1.1030,2025-08-13 11:07:23,170.0
0.7290,19.93,0.3740,88.6790,1.0960,2025-08-13 11:07:23,170.0
0.6930,19.8860,0.3680,89.0010,1.1010,2025-08-13 11:07:23,170.0
0.7310,19.94,0.5570,89.0740,1.1760,2025-08-13 11:07:23,170.0
0.6960,19.9430,0.2590,88.7790,1.0060,2025-08-13 11:07:23,170.0
0.7070,19.9050,0.4550,88.7850,1.0990,2025-08-13 11:07:23,170.0
0.73,19.9810,0.3150,88.9460,1.1940,2025-08-13 11:07:23,170.0
0.7070,19.94,0.3120,88.6480,1.1350,2025-08-13 11:07:23,170.0
0.7240,20.0210,0.4580,88.8790,1.1420,2025-08-13 11:07:23,170.0
0.71,19.9460,0.4550,88.8870,1.1520,2025-08-13 11:07:23,170.0
0.6890,19.8610,0.2980,89.1170,1.0630,2025-08-13 11:07:23,170.0
0.7490,20.0120,0.4970,88.9640,1.1010,2025-08-13 11:07:23,170.0
0.7150,20.0090,0.4020,88.9270,1.1710,2025-08-13 11:07:23,170.0
0.7090,19.9370,0.6790,89.31,1.1320,2025-08-13 11:07:23,170.0
0.7360,19.9110,0.4450,88.9940,1.1470,2025-08-13 11:07:23,170.0
0.6830,19.9650,0.4660,88.9630,1.0920,2025-08-13 11:07:23,170.0
0.7320,19.93,0.4380,88.9660,1.1710,2025-08-13 11:07:23,170.0
0.7410,19.9110,0.4130,89.1430,1.1730,2025-08-13 11:07:23,170.0
0.7190,19.94,0.4870,88.8970,1.1630,2025-08-13 11:47:25,171.0
0.6920,19.9550,0.3850,89.2050,1.0260,2025-08-13 11:47:25,171.0
0.7270,19.9460,0.55,89.1370,1.0590,2025-08-13 11:47:25,171.0
0.7310,19.9840,0.56,89.3670,1.1830,2025-08-13 11:47:25,171.0
0.7140,19.8960,0.3740,89.04,1.1640,2025-08-13 11:47:25,171.0
0.7110,19.9150,0.4940,88.9930,1.0290,2025-08-13 11:47:25,171.0
0.7240,19.9550,0.3850,88.9340,1.1260,2025-08-13 11:47:25,171.0
0.7340,19.9370,0.50,88.9190,1.1190,2025-08-13 11:47:25,171.0
0.7110,19.9150,0.5110,89.01,1.1720,2025-08-13 11:47:25,171.0
0.7140,19.93,0.3640,88.9170,1.0840,2025-08-13 11:47:25,171.0
0.7150,19.9150,0.4870,88.7880,1.0560,2025-08-13 11:47:25,171.0
0.7020,19.9370,0.4690,88.7720,1.1120,2025-08-13 11:47:25,171.0
0.7370,19.94,0.4340,89.0130,1.1310,2025-08-13 11:47:25,171.0
0.7140,19.9870,0.3880,88.8420,1.1150,2025-08-13 11:47:25,171.0
0.7450,20.0060,0.3810,88.9920,1.1440,2025-08-13 11:47:25,171.0
0.7340,19.9110,0.3780,88.8630,1.1440,2025-08-13 11:47:25,171.0
0.73,20.0210,0.4060,89.1490,1.1220,2025-08-13 11:47:25,171.0
0.7170,19.9520,0.4550,89.0220,1.0420,2025-08-13 11:47:25,171.0
0.7130,19.9150,0.4620,88.9980,1.0990,2025-08-13 11:47:25,171.0
0.7050,20.0620,0.2840,88.9690,1.1370,2025-08-13 11:47:25,171.0
0.7240,19.9840,0.3880,89.0240,1.1280,2025-08-13 13:22:28,172.0
0.7170,20.0530,0.4940,88.8590,1.1670,2025-08-13 13:22:28,172.0
0.6820,19.9270,0.5980,88.8520,1.0550,2025-08-13 13:22:28,172.0
0.7140,19.9270,0.34,89.03,1.0710,2025-08-13 13:22:28,172.0
0.6960,19.8520,0.3290,88.7510,0.0250,2025-08-13 13:22:28,172.0
0.72,19.99,0.42,88.8790,1.1160,2025-08-13 13:22:28,172.0
0.7160,19.8610,0.5460,89.1760,1.1210,2025-08-13 13:22:28,172.0
0.7010,19.8930,0.4830,88.8670,1.0730,2025-08-13 13:22:28,172.0
0.7230,19.8740,0.63,89.1890,1.13,2025-08-13 13:22:28,172.0
0.7060,19.9330,0.4970,89.0330,1.0770,2025-08-13 13:22:28,172.0
0.7170,19.9050,0.5320,88.8170,1.14,2025-08-13 13:22:28,172.0
0.7140,19.9740,0.4380,89.1810,1.1010,2025-08-13 13:22:28,172.0
0.7170,19.9370,0.3670,88.7580,1.0750,2025-08-13 13:22:28,172.0
0.6960,19.8890,0.3430,89.1120,1.0730,2025-08-13 13:22:28,172.0
0.7290,20.0370,0.3330,88.9570,1.0920,2025-08-13 13:22:28,172.0
0.7080,19.8360,0.6860,89.0240,1.1250,2025-08-13 13:22:28,172.0
0.7060,19.8990,0.4830,88.7710,1.2030,2025-08-13 13:22:28,172.0
0.70,19.9520,0.6020,88.7030,1.1290,2025-08-13 13:22:28,172.0
0.6960,19.9490,0.3710,88.7720,1.1160,2025-08-13 13:22:28,172.0
0.7090,19.8930,0.5180,89.0020,1.1050,2025-08-13 13:22:28,172.0
0.7020,19.8890,0.3530,89.2420,1.0550,2025-08-13 14:57:30,173.0
0.6970,19.9810,0.3960,89.1710,1.1870,2025-08-13 14:57:30,173.0
0.7080,19.8740,0.5710,88.9430,1.0740,2025-08-13 14:57:30,173.0
0.7280,19.9460,0.34,88.7280,1.1480,2025-08-13 14:57:30,173.0
0.7040,19.9330,0.3810,88.8380,1.12,2025-08-13 14:57:30,173.0
0.7340,19.9240,0.3990,88.8220,1.0820,2025-08-13 14:57:30,173.0
0.72,19.9650,0.3710,88.8690,1.1640,2025-08-13 14:57:30,173.0
0.72,19.9550,0.4790,89.2030,1.0810,2025-08-13 14:57:30,173.0
0.71,19.8990,0.3640,88.9160,1.1110,2025-08-13 14:57:30,173.0
0.7310,19.9810,0.3330,88.7590,1.1230,2025-08-13 14:57:30,173.0
0.72,19.8420,0.4550,89.1540,1.1250,2025-08-13 14:57:30,173.0
0.7340,19.9240,0.4720,88.8270,1.2020,2025-08-13 14:57:30,173.0
0.7070,19.9330,0.5080,88.9230,1.09,2025-08-13 14:57:30,173.0
0.7110,19.9110,0.5150,89.17,1.0490,2025-08-13 14:57:30,173.0
0.7330,19.9150,0.3330,89.1670,1.0920,2025-08-13 14:57:30,173.0
0.7150,19.8830,0.50,89.0520,1.1220,2025-08-13 14:57:30,173.0
0.7270,19.9050,0.4790,89.0320,1.08,2025-08-13 14:57:30,173.0
0.7410,19.9460,0.2980,89.0430,1.1260,2025-08-13 14:57:30,173.0
0.7040,19.8740,0.5980,88.99,1.1240,2025-08-13 14:57:30,173.0
0.7180,19.8930,0.29,88.7870,1.1170,2025-08-13 14:57:30,173.0
0.7030,20.0180,0.34,88.8190,1.0580,2025-08-13 18:22:35,174.0
0.7160,19.9840,0.3540,89.2340,1.1090,2025-08-13 18:22:35,174.0
0.7210,19.9620,0.4130,89.1760,1.1310,2025-08-13 18:22:35,174.0
0.6870,20.0310,0.34,88.8230,1.0260,2025-08-13 18:22:35,174.0
0.7190,19.9870,0.2620,88.8760,1.1280,2025-08-13 18:22:35,174.0
0.7230,19.9810,0.4730,88.7980,1.1350,2025-08-13 18:22:35,174.0
0.7160,19.9590,0.3640,89.1060,1.1180,2025-08-13 18:22:35,174.0
0.7010,19.94,0.4020,88.9950,1.2020,2025-08-13 18:22:35,174.0
0.7260,19.9460,0.3110,89.0230,1.2110,2025-08-13 18:22:35,174.0
0.7180,19.9150,0.4410,89.0870,1.1620,2025-08-13 18:22:35,174.0
0.7180,19.9810,0.3150,89.0290,0.0210,2025-08-13 18:22:35,174.0
0.7150,20.0620,0.3780,88.8270,1.1430,2025-08-13 18:22:35,174.0
0.7220,19.9550,0.3850,88.9760,1.14,2025-08-13 18:22:35,174.0
0.7210,19.8860,0.3920,88.9320,1.1920,2025-08-13 18:22:35,174.0
0.7030,19.9740,0.2690,88.6370,1.0970,2025-08-13 18:22:35,174.0
0.6890,19.9210,0.6120,89.1090,1.0860,2025-08-13 18:22:35,174.0
0.6920,19.9870,0.3640,88.9970,1.0690,2025-08-13 18:22:35,174.0
0.7090,19.9330,0.5950,88.7650,1.0650,2025-08-13 18:22:35,174.0
0.7280,20.0090,0.3460,88.9140,1.1530,2025-08-13 18:22:35,174.0
0.71,20.0060,0.3610,88.9060,1.0350,2025-08-13 18:22:35,174.0
0.68,19.9840,0.5250,89.0680,1.0330,2025-08-13 21:17:39,175.0
0.6890,19.9460,0.2240,88.9920,1.0280,2025-08-13 21:17:39,175.0
0.7010,20.0210,0.2520,88.8270,1.1560,2025-08-13 21:17:39,175.0
0.7130,20.0280,0.3990,88.9590,1.05,2025-08-13 21:17:39,175.0
0.7170,20.0210,0.3950,89.0350,1.0260,2025-08-13 21:17:39,175.0
0.7060,19.9490,0.3850,88.9440,1.0680,2025-08-13 21:17:39,175.0
0.7260,20.0840,0.3570,89.0170,1.0890,2025-08-13 21:17:39,175.0
0.7410,20.1060,0.3460,89.0220,1.1340,2025-08-13 21:17:39,175.0
0.7010,19.9680,0.4060,88.8440,1.0630,2025-08-13 21:17:39,175.0
0.7080,20.0750,0.35,89.0130,1.1690,2025-08-13 21:17:39,175.0
0.7240,19.9650,0.3610,89.0230,1.1370,2025-08-13 21:17:39,175.0
0.7560,19.9810,0.3710,88.9170,1.12,2025-08-13 21:17:39,175.0
0.7040,20.0680,0.4620,88.9420,1.0890,2025-08-13 21:17:39,175.0
0.7130,19.9990,0.2590,89.1480,1.1070,2025-08-13 21:17:39,175.0
0.6930,19.9590,0.3110,88.8850,1.0930,2025-08-13 21:17:39,175.0
0.7180,20.0460,0.3150,89.0590,1.0840,2025-08-13 21:17:39,175.0
0.7220,20.09,0.3850,88.9430,1.0740,2025-08-13 21:17:39,175.0
0.7090,19.9520,0.41,88.8830,1.1240,2025-08-13 21:17:39,175.0
0.7150,20.05,0.3250,89.0570,1.0790,2025-08-13 21:17:39,175.0
0.7230,20.0460,0.4480,89.0120,1.1130,2025-08-13 21:17:39,175.0
0.7150,19.9650,0.3050,88.82,1.0260,2025-08-14 10:57:59,176.0
0.7020,19.9270,0.3360,88.7980,1.11,2025-08-14 10:57:59,176.0
0.7090,19.9840,0.4130,88.8190,1.05,2025-08-14 10:57:59,176.0
0.7250,19.9430,0.3290,88.8360,1.0550,2025-08-14 10:57:59,176.0
0.7220,19.9240,0.2380,89.0230,1.09,2025-08-14 10:57:59,176.0
0.73,19.9270,0.4690,88.9780,1.0910,2025-08-14 10:57:59,176.0
0.6950,19.9080,0.3780,88.6720,1.0180,2025-08-14 10:57:59,176.0
0.7130,19.9550,0.3290,88.9260,1.0620,2025-08-14 10:57:59,176.0
0.7080,19.9550,0.3780,88.9010,1.0890,2025-08-14 10:57:59,176.0
0.7160,19.8890,0.4270,88.8530,1.1030,2025-08-14 10:57:59,176.0
0.7050,19.9180,0.4520,89.1550,1.1320,2025-08-14 10:57:59,176.0
0.71,19.9770,0.2870,88.8940,1.02,2025-08-14 10:57:59,176.0
0.7250,19.9990,0.3080,88.7760,1.0730,2025-08-14 10:57:59,176.0
0.6880,19.9240,0.3540,88.8090,1.0850,2025-08-14 10:57:59,176.0
0.7010,19.9590,0.4440,88.9060,1.0760,2025-08-14 10:57:59,176.0
0.7130,19.9430,0.4020,88.8620,1.0850,2025-08-14 10:57:59,176.0
0.6820,19.9520,0.2980,88.7520,1.2570,2025-08-14 10:57:59,176.0
0.7180,19.9110,0.4270,88.9740,1.11,2025-08-14 10:57:59,176.0
0.7080,19.94,0.3950,88.9230,1.0760,2025-08-14 10:57:59,176.0
0.7170,19.9050,0.3460,88.9640,1.07,2025-08-14 10:57:59,176.0
0.7270,19.8420,0.2660,88.8680,1.0880,2025-08-14 11:08:00,177.0
0.71,19.9550,0.4020,89.0120,1.05,2025-08-14 11:08:00,177.0
0.7190,19.9650,0.4130,88.8780,1.0430,2025-08-14 11:08:00,177.0
0.7060,19.9330,0.4380,88.9020,1.0950,2025-08-14 11:08:00,177.0
0.71,19.9930,0.4510,88.96,1.0650,2025-08-14 11:08:00,177.0
0.7030,19.9680,0.3850,88.8880,1.04,2025-08-14 11:08:00,177.0
0.7320,19.99,0.3110,88.8890,1.0920,2025-08-14 11:08:00,177.0
0.7080,19.9840,0.4940,88.70,1.0540,2025-08-14 11:08:00,177.0
0.6970,19.8860,0.3920,88.6680,1.2440,2025-08-14 11:08:00,177.0
0.7040,19.9550,0.4440,89.0060,1.0260,2025-08-14 11:08:00,177.0
0.6920,19.9430,0.3810,88.9310,0.9760,2025-08-14 11:08:00,177.0
0.70,19.9990,0.3850,89.0150,1.0460,2025-08-14 11:08:00,177.0
0.7010,19.8710,0.3990,88.88,1.12,2025-08-14 11:08:00,177.0
0.7130,20.0590,0.2870,89.0330,1.0640,2025-08-14 11:08:00,177.0
0.6940,19.9650,0.5010,88.8060,1.0360,2025-08-14 11:08:00,177.0
0.7020,19.7950,0.41,88.7230,1.0590,2025-08-14 11:08:00,177.0
0.7070,19.8890,0.4130,88.6740,1.12,2025-08-14 11:08:00,177.0
0.73,19.9490,0.4410,88.8860,1.0740,2025-08-14 11:08:00,177.0
0.7410,20.0180,0.4270,88.9670,1.1420,2025-08-14 11:08:00,177.0
0.7030,19.9490,0.4410,88.6750,1.0910,2025-08-14 11:08:00,177.0
0.7040,20.0030,0.4730,88.8590,1.0740,2025-08-14 12:58:02,178.0
0.7210,19.99,0.3250,88.92,1.0140,2025-08-14 12:58:02,178.0
0.7030,20.0120,0.3710,89.0920,1.0410,2025-08-14 12:58:02,178.0
0.7230,19.9330,0.5180,89.0720,1.0950,2025-08-14 12:58:02,178.0
0.7120,19.9430,0.3570,89.0910,1.1080,2025-08-14 12:58:02,178.0
0.7240,19.9810,0.3110,88.8990,1.0760,2025-08-14 12:58:02,178.0
0.7020,20.0310,0.4730,89.0310,1.0080,2025-08-14 12:58:02,178.0
0.7230,20.0340,0.2760,89.1770,1.1140,2025-08-14 12:58:02,178.0
0.7210,19.9930,0.3430,89.1140,1.0420,2025-08-14 12:58:02,178.0
0.7020,19.9370,0.1680,89,1.0770,2025-08-14 12:58:02,178.0
0.7160,19.94,0.34,89.0410,1.0830,2025-08-14 12:58:02,178.0
0.7090,19.9210,0.3890,88.9390,1.1140,2025-08-14 12:58:02,178.0
0.6930,19.88,0.70,88.93,1.0530,2025-08-14 12:58:02,178.0
0.72,19.9840,0.3920,88.8970,1.0620,2025-08-14 12:58:02,178.0
0.7160,19.9770,0.4410,89.0130,1.0380,2025-08-14 12:58:02,178.0
0.7280,19.94,0.3570,89.1280,1.14,2025-08-14 12:58:02,178.0
0.6970,19.9110,0.5110,89.0370,1.0720,2025-08-14 12:58:02,178.0
0.7340,19.9330,0.3220,88.9470,1.1360,2025-08-14 12:58:02,178.0
0.7240,19.9990,0.49,88.9980,1.1060,2025-08-14 12:58:02,178.0
0.7050,19.9520,0.4020,88.9490,1.0830,2025-08-14 12:58:02,178.0
0.7350,20.0870,0.2350,89.0080,1.17,2025-08-14 21:16:32,179.0
0.7370,20.1280,0.3110,88.9020,1.0410,2025-08-14 21:16:32,179.0
0.6910,20.0060,0.4270,88.9040,1.0750,2025-08-14 21:16:32,179.0
0.73,20.1160,0.2840,88.9830,1.1040,2025-08-14 21:16:32,179.0
0.7050,19.9840,0.3080,89.0540,1.0510,2025-08-14 21:16:32,179.0
0.7580,20.0870,0.2240,88.8650,1.1580,2025-08-14 21:16:32,179.0
0.7490,20.0460,0.4480,89.1440,1.0360,2025-08-14 21:16:32,179.0
0.7190,20.0250,0.34,88.8790,1.0580,2025-08-14 21:16:32,179.0
0.7680,20.0680,0.43,88.8960,1.1650,2025-08-14 21:16:32,179.0
0.7120,19.9520,0.3810,89.0270,1.0910,2025-08-14 21:16:32,179.0
0.6790,19.9240,0.42,88.7530,1.0040,2025-08-14 21:16:32,179.0
0.6980,20.0280,0.3780,88.9880,1.0750,2025-08-14 21:16:32,179.0
0.70,19.99,0.5350,88.88,1.0470,2025-08-14 21:16:32,179.0
0.7230,20.04,0.3190,88.9510,1.0590,2025-08-14 21:16:32,179.0
0.7580,20.0680,0.3780,89.0010,1.1290,2025-08-14 21:16:32,179.0
0.6820,19.9710,0.8010,88.8670,1.05,2025-08-14 21:16:32,179.0
0.7310,20.1160,0.2870,88.9320,1.1230,2025-08-14 21:16:32,179.0
0.6920,19.93,0.2550,88.8520,0.9440,2025-08-14 21:16:32,179.0
0.6980,19.9210,0.35,88.7460,0.9960,2025-08-14 21:16:32,179.0
0.7320,20.0250,0.3960,88.9640,1.1110,2025-08-14 21:16:32,179.0
0.72,20.0680,0.35,88.9670,1.1140,2025-08-15 12:57:16,180.0
0.71,19.8990,0.2590,89.01,1.0640,2025-08-15 12:57:16,180.0
0.70,20.0030,0.3290,88.8770,1.0510,2025-08-15 12:57:16,180.0
0.7160,20.05,0.3360,89.1850,1.1320,2025-08-15 12:57:16,180.0
0.7310,19.9650,0.2660,89.07,1.2310,2025-08-15 12:57:16,180.0
0.7110,19.9490,0.3290,88.9020,0.0230,2025-08-15 12:57:16,180.0
0.7310,20.0780,0.2940,88.7860,1.1340,2025-08-15 12:57:16,180.0
0.7370,20.0430,0.2480,88.7420,1.1170,2025-08-15 12:57:16,180.0
0.7240,19.94,0.3610,89.1470,1.1770,2025-08-15 12:57:16,180.0
0.6810,19.94,0.4170,88.6230,1.0390,2025-08-15 12:57:16,180.0
0.7140,19.9870,0.28,88.9410,1.1170,2025-08-15 12:57:16,180.0
0.7030,19.9150,0.3610,88.8370,1.07,2025-08-15 12:57:16,180.0
0.7360,19.9460,0.4480,88.8570,1.1680,2025-08-15 12:57:16,180.0
0.7310,19.8640,0.4310,89.1460,1.1350,2025-08-15 12:57:16,180.0
0.7260,20.0250,0.3150,88.7490,1.0960,2025-08-15 12:57:16,180.0
0.7380,19.9460,0.3330,88.72,1.1290,2025-08-15 12:57:16,180.0
0.7330,20.0680,0.3640,88.8910,1.0070,2025-08-15 12:57:16,180.0
0.7240,19.9520,0.4410,89.0460,1.1480,2025-08-15 12:57:16,180.0
0.6940,20.0460,0.3710,88.9970,1.1310,2025-08-15 12:57:16,180.0
0.7040,19.9080,0.2940,88.8550,0.0250,2025-08-15 12:57:16,180.0
0.7170,20.0150,0.3670,88.8940,1.1140,2025-08-15 18:57:26,181.0
0.7250,19.9650,0.4410,88.9180,1.1010,2025-08-15 18:57:26,181.0
0.7320,20.0310,0.3570,89.0920,1.1260,2025-08-15 18:57:26,181.0
0.7130,19.94,0.3810,88.6170,1.0430,2025-08-15 18:57:26,181.0
0.71,19.9520,0.4020,88.9860,1.1650,2025-08-15 18:57:26,181.0
0.7230,19.9550,0.3460,88.7430,1.1030,2025-08-15 18:57:26,181.0
0.71,19.9810,0.3920,88.9040,1.0490,2025-08-15 18:57:26,181.0
0.72,19.9930,0.2940,88.8880,1.0740,2025-08-15 18:57:26,181.0
0.7230,19.9990,0.4410,89.1470,1.1430,2025-08-15 18:57:26,181.0
0.6970,19.8990,0.3330,89.0720,1.0860,2025-08-15 18:57:26,181.0
0.7080,19.9240,0.4020,88.89,1.0940,2025-08-15 18:57:26,181.0
0.6980,19.9020,0.3330,89.3560,1.0520,2025-08-15 18:57:26,181.0
0.7260,20.0060,0.3570,88.9390,1.0290,2025-08-15 18:57:26,181.0
0.7120,20.0250,0.3850,88.8810,1.0540,2025-08-15 18:57:26,181.0
0.6870,19.9080,0.4060,88.82,1.0130,2025-08-15 18:57:26,181.0
0.7020,20.0210,0.3810,88.8580,1.1130,2025-08-15 18:57:26,181.0
0.6870,19.94,0.2310,88.9370,1.0790,2025-08-15 18:57:26,181.0
0.7080,19.9710,0.2980,88.8820,0.9940,2025-08-15 18:57:26,181.0
0.6980,19.9620,0.4230,88.7370,1.0250,2025-08-15 18:57:26,181.0
0.7110,19.94,0.3850,88.8270,1.0260,2025-08-15 18:57:26,181.0
0.6710,19.8080,0.4730,88.9110,1.0070,2025-08-15 21:12:30,182.0
0.6940,19.9180,0.2870,88.8770,1.01,2025-08-15 21:12:30,182.0
0.69,19.9520,0.3250,89.1910,1.0460,2025-08-15 21:12:30,182.0
0.7140,19.9810,0.3260,88.8540,0.9590,2025-08-15 21:12:30,182.0
0.7090,20.0310,0.4580,88.9120,1.0920,2025-08-15 21:12:30,182.0
0.7190,20.0720,0.2310,89.0390,1.1170,2025-08-15 21:12:30,182.0
0.6760,19.8890,0.3570,89.0820,1.0730,2025-08-15 21:12:30,182.0
0.7210,19.9330,0.5250,88.8130,1.0360,2025-08-15 21:12:30,182.0
0.71,19.9270,0.3850,88.8640,1.0450,2025-08-15 21:12:30,182.0
0.7160,19.9150,0.3960,89.0620,1.0860,2025-08-15 21:12:30,182.0
0.71,19.9050,0.34,88.9710,1.0890,2025-08-15 21:12:30,182.0
0.7270,19.9960,0.3780,88.7270,1.0620,2025-08-15 21:12:30,182.0
0.7280,19.9050,0.2840,89.1040,1.1470,2025-08-15 21:12:30,182.0
0.70,19.8990,0.2520,88.9050,0.0180,2025-08-15 21:12:30,182.0
0.7180,19.9210,0.2210,88.7770,1.0610,2025-08-15 21:12:30,182.0
0.7350,20.0180,0.2870,88.9340,1.1110,2025-08-15 21:12:30,182.0
0.6840,19.9050,0.2630,88.8720,1.0090,2025-08-15 21:12:30,182.0
0.7040,19.9110,0.35,89.1020,1.1150,2025-08-15 21:12:30,182.0
0.7070,19.9180,0.3920,88.6880,1.0930,2025-08-15 21:12:30,182.0
0.7070,19.9490,0.3780,89.14,1.0520,2025-08-15 21:12:30,182.0
0.6990,20.0530,0.49,88.8490,1.1420,2025-08-16 12:08:40,183.0
0.7180,20.0590,0.4580,89.1530,0.9640,2025-08-16 12:08:40,183.0
0.7270,20.0090,0.4790,88.9170,1.1350,2025-08-16 12:08:40,183.0
0.7250,20.0530,0.3110,88.7750,1.0430,2025-08-16 12:08:40,183.0
0.7410,20.0750,0.3960,88.9740,1.0940,2025-08-16 12:08:40,183.0
0.70,20.0560,0.3990,89.0590,1.1250,2025-08-16 12:08:40,183.0
0.7420,20.0750,0.4310,88.7550,1.1450,2025-08-16 12:08:40,183.0
0.6940,20.0030,0.4970,88.8920,1.0910,2025-08-16 12:08:40,183.0
0.7050,19.9990,0.6020,88.9350,1.1520,2025-08-16 12:08:40,183.0
0.6820,19.9740,0.3780,88.6160,1.0020,2025-08-16 12:08:40,183.0
0.7330,20.1190,0.5180,89.1460,1.0730,2025-08-16 12:08:40,183.0
0.6990,20.0030,0.3780,89.1060,1.06,2025-08-16 12:08:40,183.0
0.7270,20.0310,0.6190,89.0270,1.18,2025-08-16 12:08:40,183.0
0.7250,20.0840,0.4380,88.63,1.1270,2025-08-16 12:08:40,183.0
0.7250,20.04,0.4720,88.9750,1.08,2025-08-16 12:08:40,183.0
0.7280,20.0940,0.5640,88.9770,1.0810,2025-08-16 12:08:40,183.0
0.7510,20.0430,0.4170,88.9370,1.1540,2025-08-16 12:08:40,183.0
0.6990,20.0250,0.3740,89.1910,1.0290,2025-08-16 12:08:40,183.0
0.7110,20.0680,0.3780,88.8960,1.0520,2025-08-16 12:08:40,183.0
0.72,20.0060,0.4380,88.8860,1.1060,2025-08-16 12:08:40,183.0
0.7360,20.1190,0.4270,88.9340,1.1140,2025-08-16 13:33:41,184.0
0.7020,20.0090,0.6860,88.9690,1.1110,2025-08-16 13:33:41,184.0
0.7280,20.0370,0.34,88.9810,1.1310,2025-08-16 13:33:41,184.0
0.7260,20.0810,0.5850,89.1340,1.1380,2025-08-16 13:33:41,184.0
0.7010,19.9490,0.5420,89.0090,1.05,2025-08-16 13:33:41,184.0
0.7190,20.0840,0.56,89,1.1070,2025-08-16 13:33:41,184.0
0.7190,20.10,0.56,89.0210,1.1250,2025-08-16 13:33:41,184.0
0.7030,20.0150,0.4550,89.1140,1.0740,2025-08-16 13:33:41,184.0
0.7250,20.05,0.41,88.9970,1.0760,2025-08-16 13:33:41,184.0
0.7120,19.9770,0.4310,89.0930,1.18,2025-08-16 13:33:41,184.0
0.74,20.1160,0.5150,88.9060,1.0910,2025-08-16 13:33:41,184.0
0.7210,20.0530,0.3460,89.0030,1.1310,2025-08-16 13:33:41,184.0
0.7110,20.0940,0.3460,88.9920,1.0620,2025-08-16 13:33:41,184.0
0.7230,20.0720,0.43,88.8140,1.0930,2025-08-16 13:33:41,184.0
0.7370,20.0460,0.3740,88.8850,1.1440,2025-08-16 13:33:41,184.0
0.72,20.0530,0.6160,88.8810,1.1140,2025-08-16 13:33:41,184.0
0.72,19.9990,0.3460,88.9760,1.0970,2025-08-16 13:33:41,184.0
0.6960,19.9210,0.4130,89.05,1.1310,2025-08-16 13:33:41,184.0
0.6840,20.0280,0.7770,88.9590,1.0490,2025-08-16 13:33:41,184.0
0.6990,20.1060,0.4230,88.8430,1.0610,2025-08-16 13:33:41,184.0
0.7150,19.9990,0.3430,88.7580,1.07,2025-08-16 18:02:14,185.0
0.7440,19.9180,0.5850,88.9520,1.1650,2025-08-16 18:02:14,185.0
0.7420,20.0590,0.4270,88.9140,1.0990,2025-08-16 18:02:14,185.0
0.7550,20.0210,0.42,89.0660,1.1720,2025-08-16 18:02:14,185.0
0.7470,19.9590,0.3470,88.8950,1.1020,2025-08-16 18:02:14,185.0
0.6970,19.9590,0.5560,88.8060,1.0840,2025-08-16 18:02:14,185.0
0.7210,20.1060,0.3290,89.08,1.0760,2025-08-16 18:02:14,185.0
0.7050,20.0280,0.3430,88.9510,0.9980,2025-08-16 18:02:14,185.0
0.7380,20.0940,0.3360,89.0470,1.1130,2025-08-16 18:02:14,185.0
0.71,20.0680,0.4270,88.9190,1.0510,2025-08-16 18:02:14,185.0
0.7230,19.9770,0.2840,88.8720,1.0860,2025-08-16 18:02:14,185.0
0.7280,20.05,0.3810,89.05,1.0860,2025-08-16 18:02:14,185.0
0.72,20.1090,0.3180,89.0650,1.1610,2025-08-16 18:02:14,185.0
0.7150,20.0370,0.3850,89.1740,1.0580,2025-08-16 18:02:14,185.0
0.7190,19.9520,0.3710,88.9460,1.1130,2025-08-16 18:02:14,185.0
0.7250,20.0210,0.4270,88.9010,1.1390,2025-08-16 18:02:14,185.0
0.7070,19.9870,0.4240,89.0380,1.0680,2025-08-16 18:02:14,185.0
0.6880,20.0780,0.3740,88.8540,1.12,2025-08-16 18:02:14,185.0
0.7250,20.0180,0.3120,88.9430,1.0760,2025-08-16 18:02:14,185.0
0.7080,19.9810,0.4130,89.0440,1.0620,2025-08-16 18:02:14,185.0
0.7050,19.8860,0.4170,88.80,1.1430,2025-08-16 20:47:18,186.0
0.7410,20.0560,0.4170,88.9580,1.1640,2025-08-16 20:47:18,186.0
0.7220,20.04,0.4730,88.8580,1.1380,2025-08-16 20:47:18,186.0
0.7190,19.9990,0.4020,88.7670,1.0690,2025-08-16 20:47:18,186.0
0.7120,20.0560,0.4550,88.9650,1.0760,2025-08-16 20:47:18,186.0
0.7110,20.0210,0.3150,88.7980,1.0920,2025-08-16 20:47:18,186.0
0.7150,20.0310,0.4620,88.8840,1.1250,2025-08-16 20:47:18,186.0
0.7280,20.0150,0.3010,89.2450,1.1030,2025-08-16 20:47:18,186.0
0.7150,20.0120,0.5210,89.0020,1.1070,2025-08-16 20:47:18,186.0
0.7160,20.0090,0.3460,88.9070,1.1020,2025-08-16 20:47:18,186.0
0.70,20.0970,0.3850,88.8720,1.0820,2025-08-16 20:47:18,186.0
0.7170,20.05,0.4060,88.8790,1.2050,2025-08-16 20:47:18,186.0
0.72,19.9870,0.4030,89.14,1.1480,2025-08-16 20:47:18,186.0
0.6930,19.9870,0.4970,88.9970,1.1040,2025-08-16 20:47:18,186.0
0.7210,20.0560,0.5010,88.87,1.1580,2025-08-16 20:47:18,186.0
0.7010,19.9520,0.5040,88.9260,1.0930,2025-08-16 20:47:18,186.0
0.7190,20.0590,0.4270,88.9750,1.0610,2025-08-16 20:47:18,186.0
0.6920,19.9710,0.35,88.9470,1.0540,2025-08-16 20:47:18,186.0
0.73,20.0340,0.4860,88.9140,1.0890,2025-08-16 20:47:18,186.0
0.6890,20.0180,0.4410,88.8950,1.05,2025-08-16 20:47:18,186.0
0.7290,19.9520,0.4520,89.0680,1.0590,2025-08-17 10:33:49,187.0
0.71,19.9460,0.4580,89.1520,1.1020,2025-08-17 10:33:49,187.0
0.7010,19.9930,0.3920,88.8740,1.1280,2025-08-17 10:33:49,187.0
0.7140,19.93,0.4970,89.1090,1.0890,2025-08-17 10:33:49,187.0
0.7350,19.9460,0.3710,89.0020,1.0130,2025-08-17 10:33:49,187.0
0.7290,19.9460,0.4060,88.8680,1.0370,2025-08-17 10:33:49,187.0
0.7080,20.0060,0.4580,89.0250,1.0250,2025-08-17 10:33:49,187.0
0.7250,19.9460,0.3190,89.0180,1.0930,2025-08-17 10:33:49,187.0
0.7060,19.8740,0.4340,88.9950,1.0740,2025-08-17 10:33:49,187.0
0.7180,19.8830,0.4240,88.9480,1.1480,2025-08-17 10:33:49,187.0
0.7040,19.9430,0.3540,89.2150,1.0720,2025-08-17 10:33:49,187.0
0.7250,19.8930,0.5460,88.9980,1.0560,2025-08-17 10:33:49,187.0
0.7260,19.9650,0.2350,89.0020,1.0540,2025-08-17 10:33:49,187.0
0.7240,19.8960,0.3250,89.0180,1,2025-08-17 10:33:49,187.0
0.7020,19.9270,0.5360,88.9470,1.06,2025-08-17 10:33:49,187.0
0.7260,19.94,0.4590,88.8330,1.11,2025-08-17 10:33:49,187.0
0.7180,19.9840,0.42,89.0540,1.0830,2025-08-17 10:33:49,187.0
0.7080,19.9680,0.3010,88.9020,1.0520,2025-08-17 10:33:49,187.0
0.7150,19.9330,0.50,88.9160,1.1150,2025-08-17 10:33:49,187.0
0.7340,19.94,0.2380,88.7790,1.1010,2025-08-17 10:33:49,187.0
0.6980,19.8770,0.3780,89.0280,1.10,2025-08-17 13:53:52,188.0
0.7310,19.9330,0.22,89.2210,1.09,2025-08-17 13:53:52,188.0
0.7230,19.9270,0.4130,89.0120,1.1250,2025-08-17 13:53:52,188.0
0.7550,19.9650,0.4520,88.9880,1.1420,2025-08-17 13:53:52,188.0
0.7140,19.9490,0.5110,88.9830,1.1480,2025-08-17 13:53:52,188.0
0.7060,19.8860,0.4410,89.2160,1.05,2025-08-17 13:53:52,188.0
0.72,19.9590,0.4340,88.9370,1.1180,2025-08-17 13:53:52,188.0
0.7090,19.8830,0.34,88.8870,1.09,2025-08-17 13:53:52,188.0
0.6980,19.8860,0.4730,88.7490,1.1460,2025-08-17 13:53:52,188.0
0.7160,19.8670,0.5080,89.1060,1.1130,2025-08-17 13:53:52,188.0
0.6920,19.94,0.4970,89.4570,1.0210,2025-08-17 13:53:52,188.0
0.7310,19.9050,0.3850,88.87,1.22,2025-08-17 13:53:52,188.0
0.7070,19.8640,0.4580,88.9610,1.0540,2025-08-17 13:53:52,188.0
0.7190,19.9520,0.3780,88.8330,1.1190,2025-08-17 13:53:52,188.0
0.6870,19.9370,0.1790,89.0040,1.0630,2025-08-17 13:53:52,188.0
0.6950,19.9430,0.4760,88.8570,1.0480,2025-08-17 13:53:52,188.0
0.7210,19.8710,0.49,88.8690,1.0540,2025-08-17 13:53:52,188.0
0.7160,19.9650,0.3710,88.8680,1.1650,2025-08-17 13:53:52,188.0
0.7190,19.8390,0.4970,88.8730,1.1440,2025-08-17 13:53:52,188.0
0.7150,19.9990,0.4690,88.9520,1.12,2025-08-17 13:53:52,188.0
0.7480,20.0250,0.4170,88.9770,1.1790,2025-08-17 19:53:56,189.0
0.7240,19.8830,0.48,88.9570,1.1520,2025-08-17 19:53:56,189.0
0.7190,19.9810,0.3080,89.1650,1.1490,2025-08-17 19:53:56,189.0
0.7260,20.0560,0.5080,89.0610,1.1230,2025-08-17 19:53:56,189.0
0.7260,20.05,0.3780,89.0450,1.1620,2025-08-17 19:53:56,189.0
0.7170,19.9020,0.3640,88.9910,1.1060,2025-08-17 19:53:56,189.0
0.7160,19.9490,0.2730,89.1040,1.2160,2025-08-17 19:53:56,189.0
0.7090,19.9270,0.5570,89.13,1.1320,2025-08-17 19:53:56,189.0
0.7160,19.9240,0.5080,88.9780,1.1270,2025-08-17 19:53:56,189.0
0.7060,19.9590,0.4860,88.7470,1.1760,2025-08-17 19:53:56,189.0
0.7150,19.9150,0.4550,88.90,1.0480,2025-08-17 19:53:56,189.0
0.7160,19.9770,0.3920,88.8630,1.1110,2025-08-17 19:53:56,189.0
0.72,19.9210,0.4730,89.0540,1.1550,2025-08-17 19:53:56,189.0
0.7130,19.9520,0.2550,88.8840,1.1340,2025-08-17 19:53:56,189.0
0.7250,19.9770,0.5210,88.8360,1.1540,2025-08-17 19:53:56,189.0
0.7190,19.9990,0.3640,88.9050,1.1180,2025-08-17 19:53:56,189.0
0.7060,19.9710,0.3460,88.9380,1.0460,2025-08-17 19:53:56,189.0
0.7190,19.9150,0.5390,88.8660,1.1390,2025-08-17 19:53:56,189.0
0.7580,20.0120,0.50,89.0490,1.2230,2025-08-17 19:53:56,189.0
0.7160,19.9650,0.5290,89.0250,1.1170,2025-08-17 19:53:56,189.0
0.7140,19.9930,0.4690,89.0560,1.1310,2025-08-17 20:53:57,190.0
0.74,20.0210,0.4410,88.9450,1.1490,2025-08-17 20:53:57,190.0
0.7040,19.9740,0.4940,89.0310,1.0160,2025-08-17 20:53:57,190.0
0.73,19.9650,0.5220,88.8740,1.1740,2025-08-17 20:53:57,190.0
0.71,19.9150,0.4620,89.0580,1.1120,2025-08-17 20:53:57,190.0
0.7090,20.0090,0.2590,89.03,1.1180,2025-08-17 20:53:57,190.0
0.7180,20.05,0.5290,88.7650,1.1320,2025-08-17 20:53:57,190.0
0.7320,20.0030,0.4690,88.8810,1.0850,2025-08-17 20:53:57,190.0
0.6970,19.9110,0.3250,88.9330,1.0880,2025-08-17 20:53:57,190.0
0.7430,19.99,0.5980,88.8640,1.1120,2025-08-17 20:53:57,190.0
0.7280,19.9990,0.3120,88.9580,1.1230,2025-08-17 20:53:57,190.0
0.7110,19.9960,0.4830,88.8010,1.0710,2025-08-17 20:53:57,190.0
0.7130,19.9870,0.5290,88.8830,1.0920,2025-08-17 20:53:57,190.0
0.6920,19.93,0.2210,88.8280,1.06,2025-08-17 20:53:57,190.0
0.7170,19.9460,0.42,88.7870,1.1230,2025-08-17 20:53:57,190.0
0.7050,19.99,0.3360,88.8620,1.0910,2025-08-17 20:53:57,190.0
0.7190,19.9840,0.3960,88.7770,1.1210,2025-08-17 20:53:57,190.0
0.7110,19.9550,0.4480,88.7770,1.1320,2025-08-17 20:53:57,190.0
0.7090,19.9590,0.4060,88.7980,1.0640,2025-08-17 20:53:57,190.0
0.7060,19.9770,0.3220,88.85,1.0690,2025-08-17 20:53:57,190.0
0.7070,20.0340,0.3220,88.9110,1.0470,2025-08-18 12:30:02,191.0
0.7140,19.94,0.5710,88.8990,1.0680,2025-08-18 12:30:02,191.0
0.71,19.9810,0.4410,88.9050,1.1380,2025-08-18 12:30:02,191.0
0.6790,19.9210,0.4130,88.8840,1.0870,2025-08-18 12:30:02,191.0
0.7040,19.8420,0.4440,88.8680,1.0310,2025-08-18 12:30:02,191.0
0.68,19.9460,0.5110,89.1570,1.0560,2025-08-18 12:30:02,191.0
0.7030,19.9020,0.3010,88.9290,1.0580,2025-08-18 12:30:02,191.0
0.6890,19.9460,0.41,88.9310,0.97,2025-08-18 12:30:02,191.0
0.7230,19.9740,0.3610,89.2630,1.0140,2025-08-18 12:30:02,191.0
0.6970,20.0340,0.3710,88.9290,1.0470,2025-08-18 12:30:02,191.0
0.7240,19.9270,0.3920,89.0330,1.0570,2025-08-18 12:30:02,191.0
0.7030,19.9490,0.4830,88.9180,1.0170,2025-08-18 12:30:02,191.0
0.7190,20.0310,0.4550,88.7070,1.0510,2025-08-18 12:30:02,191.0
0.6960,19.9460,0.4020,88.95,1.0960,2025-08-18 12:30:02,191.0
0.6720,19.8990,0.43,88.9760,1.0320,2025-08-18 12:30:02,191.0
0.7170,19.8890,0.5220,88.7610,1.1040,2025-08-18 12:30:02,191.0
0.7020,19.8490,0.5180,88.9060,1.0920,2025-08-18 12:30:02,191.0
0.6940,19.9080,0.5950,88.81,1.0530,2025-08-18 12:30:02,191.0
0.6790,19.9430,0.41,88.8390,1.0340,2025-08-18 12:30:02,191.0
0.69,19.9430,0.5210,88.77,1.0610,2025-08-18 12:30:02,191.0
0.7160,19.9490,0.42,88.9910,1.1560,2025-08-18 13:25:09,192.0
0.7250,19.9990,0.5250,89.0750,1.1110,2025-08-18 13:25:09,192.0
0.6740,19.93,0.3010,88.70,1.1140,2025-08-18 13:25:09,192.0
0.6690,19.8710,0.41,88.97,1.0880,2025-08-18 13:25:09,192.0
0.7220,20.0090,0.4480,88.6740,1.0780,2025-08-18 13:25:09,192.0
0.71,19.9840,0.4690,88.80,1.1550,2025-08-18 13:25:09,192.0
0.6930,19.99,0.4270,88.7870,1.0750,2025-08-18 13:25:09,192.0
0.7150,20.0150,0.4020,88.83,1.0930,2025-08-18 13:25:09,192.0
0.7010,19.9330,0.5040,88.9220,1.1330,2025-08-18 13:25:09,192.0
0.7220,20.0210,0.5150,88.8690,1.0810,2025-08-18 13:25:09,192.0
0.7280,20.0310,0.4480,89.2560,1.1230,2025-08-18 13:25:09,192.0
0.7320,19.9870,0.4550,88.9630,1.1310,2025-08-18 13:25:09,192.0
0.7210,19.9430,0.3810,89.0220,1.1240,2025-08-18 13:25:09,192.0
0.7080,19.9590,0.5390,88.7480,1.1370,2025-08-18 13:25:09,192.0
0.7070,20.0280,0.4130,89.0490,1.0560,2025-08-18 13:25:09,192.0
0.7030,20.0120,0.4060,88.8970,1.0820,2025-08-18 13:25:09,192.0
0.7190,19.9740,0.3920,89.0340,1.0630,2025-08-18 13:25:09,192.0
0.7220,20.04,0.3990,88.8480,1.1570,2025-08-18 13:25:09,192.0
0.6980,19.8740,0.2970,88.8550,1.0910,2025-08-18 13:25:09,192.0
0.70,19.9840,0.3850,89.1050,1.0740,2025-08-18 13:25:09,192.0
0.7590,19.88,0.4380,89.0550,1.1290,2025-08-18 18:20:12,193.0
0.7240,19.9050,0.4870,88.8860,1.13,2025-08-18 18:20:12,193.0
0.7260,19.9110,0.3290,88.9810,1.1480,2025-08-18 18:20:12,193.0
0.7330,19.9150,0.3150,88.9370,1.1050,2025-08-18 18:20:12,193.0
0.73,19.9460,0.3740,88.9340,1.0810,2025-08-18 18:20:12,193.0
0.7040,19.9270,0.22,88.9770,1.1470,2025-08-18 18:20:12,193.0
0.7310,19.9430,0.28,89.1510,1.1350,2025-08-18 18:20:12,193.0
0.7220,19.9330,0.4170,88.9660,1.0810,2025-08-18 18:20:12,193.0
0.7430,19.8930,0.3540,88.9480,1.0670,2025-08-18 18:20:12,193.0
0.7190,19.9370,0.3120,89.0520,1.0890,2025-08-18 18:20:12,193.0
0.70,19.9240,0.3150,88.7750,1.0360,2025-08-18 18:20:12,193.0
0.7450,19.8830,0.3360,88.9250,1.1390,2025-08-18 18:20:12,193.0
0.7460,20.0340,0.2520,89.1250,1.0350,2025-08-18 18:20:12,193.0
0.7070,19.8990,0.2660,88.9280,1.0830,2025-08-18 18:20:12,193.0
0.6870,19.94,0.3990,89.0660,0.0220,2025-08-18 18:20:12,193.0
0.7050,19.9110,0.3430,89.1590,1.07,2025-08-18 18:20:12,193.0
0.7020,19.8830,0.2130,88.8690,1.1210,2025-08-18 18:20:12,193.0
0.7270,19.9680,0.29,88.9020,1.0630,2025-08-18 18:20:12,193.0
0.6960,19.9330,0.3850,88.8920,1.0580,2025-08-18 18:20:12,193.0
0.7050,19.9490,0.2450,88.76,1.0740,2025-08-18 18:20:12,193.0
0.7150,19.9990,0.3610,89.1330,1.0760,2025-08-19 11:24:39,194.0
0.7020,19.9990,0.3850,89.0420,1.0230,2025-08-19 11:24:39,194.0
0.7310,20.0430,0.4790,88.9780,1.1010,2025-08-19 11:24:39,194.0
0.7220,20.04,0.3960,88.9320,1.0930,2025-08-19 11:24:39,194.0
0.7220,19.9710,0.3960,89.1220,1.1470,2025-08-19 11:24:39,194.0
0.7270,19.9960,0.3880,88.9160,1.0960,2025-08-19 11:24:39,194.0
0.7290,19.9840,0.4940,88.9290,1.1060,2025-08-19 11:24:39,194.0
0.7260,20.0030,0.4480,88.8180,1.1310,2025-08-19 11:24:39,194.0
0.7090,19.9870,0.2840,89.2940,1.08,2025-08-19 11:24:39,194.0
0.71,19.99,0.4550,89.0440,1.0570,2025-08-19 11:24:39,194.0
0.7170,19.9270,0.4450,89,1.1120,2025-08-19 11:24:39,194.0
0.7140,19.9110,0.3810,88.8580,1.0880,2025-08-19 11:24:39,194.0
0.7570,20.0210,0.2520,88.7210,1.1580,2025-08-19 11:24:39,194.0
0.7220,19.9930,0.3540,88.7360,1.1080,2025-08-19 11:24:39,194.0
0.7350,19.9650,0.3810,89.0180,1.1250,2025-08-19 11:24:39,194.0
0.6940,20.0030,0.4230,88.8320,1.0560,2025-08-19 11:24:39,194.0
0.7040,19.9550,0.3960,88.98,1.13,2025-08-19 11:24:39,194.0
0.7060,20.0060,0.4060,88.93,1.0980,2025-08-19 11:24:39,194.0
0.7220,19.9430,0.3220,89.0250,1.0830,2025-08-19 11:24:39,194.0
0.6980,19.9050,0.3050,89.0520,1.1070,2025-08-19 11:24:39,194.0
0.7110,20.05,0.2910,88.7850,1.0410,2025-08-19 12:59:40,195.0
0.7030,19.8990,0.4310,88.9330,1.0090,2025-08-19 12:59:40,195.0
0.68,19.9650,0.3960,88.92,1.04,2025-08-19 12:59:40,195.0
0.7210,19.9650,0.2380,88.7980,1.05,2025-08-19 12:59:40,195.0
0.6960,19.9240,0.4940,88.9560,1.05,2025-08-19 12:59:40,195.0
0.7180,20.1030,0.2970,89.0180,1.07,2025-08-19 12:59:40,195.0
0.7130,19.9930,0.3430,88.8360,1.0560,2025-08-19 12:59:40,195.0
0.7090,19.94,0.34,88.7850,1.0750,2025-08-19 12:59:40,195.0
0.69,20.0060,0.5150,88.9580,1.0750,2025-08-19 12:59:40,195.0
0.7020,20.0030,0.2520,89.0250,1.0480,2025-08-19 12:59:40,195.0
0.7090,19.9650,0.3750,88.9050,1.0810,2025-08-19 12:59:40,195.0
0.7130,19.9520,0.4410,89.1330,1.11,2025-08-19 12:59:40,195.0
0.72,20.0060,0.3670,89.0410,1.0260,2025-08-19 12:59:40,195.0
0.6750,19.9740,0.4760,88.7820,1.0360,2025-08-19 12:59:40,195.0
0.7330,19.9870,0.3640,88.8310,1.1390,2025-08-19 12:59:40,195.0
0.6710,19.9770,0.4310,88.7150,1.0010,2025-08-19 12:59:40,195.0
0.7010,19.9840,0.4450,88.92,1.0770,2025-08-19 12:59:40,195.0
0.70,20.0180,0.4520,88.9010,1.1050,2025-08-19 12:59:40,195.0
0.6820,19.8890,0.5070,88.8570,1.05,2025-08-19 12:59:40,195.0
0.7130,19.9240,0.4230,89.20,1.1170,2025-08-19 12:59:40,195.0
0.7090,19.9740,0.2660,88.8180,1.1030,2025-08-19 20:04:55,196.0
0.7170,19.9710,0.3570,88.9160,1.0510,2025-08-19 20:04:55,196.0
0.7170,19.93,0.4060,88.9720,1.1130,2025-08-19 20:04:55,196.0
0.7140,19.9490,0.5110,88.8030,1.1170,2025-08-19 20:04:55,196.0
0.7210,20.0060,0.29,88.9690,1.1020,2025-08-19 20:04:55,196.0
0.72,19.9680,0.2480,88.7540,1.1670,2025-08-19 20:04:55,196.0
0.6920,19.8770,0.4480,89.0040,1.0860,2025-08-19 20:04:55,196.0
0.6990,19.9180,0.3640,88.7830,1.1040,2025-08-19 20:04:55,196.0
0.7110,19.94,0.35,88.8560,1.10,2025-08-19 20:04:55,196.0
0.6980,19.9080,0.3390,88.9760,1.1080,2025-08-19 20:04:55,196.0
0.7270,19.9810,0.3220,89.2140,1.1110,2025-08-19 20:04:55,196.0
0.7040,19.9740,0.4130,88.9660,1.1520,2025-08-19 20:04:55,196.0
0.7070,19.8960,0.2280,88.8780,1.1480,2025-08-19 20:04:55,196.0
0.7210,19.9330,0.3460,89.1940,1.1230,2025-08-19 20:04:55,196.0
0.7250,20.0310,0.3080,88.9540,1.1430,2025-08-19 20:04:55,196.0
0.6950,19.9590,0.4310,88.9940,1.0840,2025-08-19 20:04:55,196.0
0.7130,19.9680,0.3750,88.8180,1.0940,2025-08-19 20:04:55,196.0
0.7050,19.9110,0.41,88.8370,1.0620,2025-08-19 20:04:55,196.0
0.6980,19.9710,0.4580,89.1940,1.1380,2025-08-19 20:04:55,196.0
0.6970,19.9770,0.4310,88.8150,1.1410,2025-08-19 20:04:55,196.0
0.72,19.9110,0.3710,88.9910,1.0740,2025-09-01 13:37:33,197.0
0.7260,19.8930,0.49,89.2680,1.1840,2025-09-01 13:37:33,197.0
0.7240,19.9150,0.4620,89.2580,1.0910,2025-09-01 13:37:33,197.0
0.7190,19.8860,0.4590,89.0880,0.0270,2025-09-01 13:37:33,197.0
0.6970,19.9150,0.5390,88.7860,1.1350,2025-09-01 13:37:33,197.0
0.74,19.9080,0.4020,88.8880,1.1690,2025-09-01 13:37:33,197.0
0.7450,20.0120,0.5040,89.0060,1.0940,2025-09-01 13:37:33,197.0
0.6970,19.9650,0.5670,88.9130,1.0910,2025-09-01 13:37:33,197.0
0.7050,19.8670,0.4520,88.9850,1.1450,2025-09-01 13:37:33,197.0
0.7360,20.0430,0.4790,88.9110,1.08,2025-09-01 13:37:33,197.0
0.7350,19.9430,0.4480,88.9170,1.17,2025-09-01 13:37:33,197.0
0.7070,19.9490,0.4090,88.8480,1.1170,2025-09-01 13:37:33,197.0
0.7270,19.9810,0.4170,88.9410,1.1150,2025-09-01 13:37:33,197.0
0.7050,19.8740,0.4620,89.0130,1.16,2025-09-01 13:37:33,197.0
0.7240,19.9430,0.3750,88.8270,1.1470,2025-09-01 13:37:33,197.0
0.7110,19.9430,0.2560,88.9230,1.1210,2025-09-01 13:37:33,197.0
0.75,19.9620,0.4480,88.9220,1.1440,2025-09-01 13:37:33,197.0
0.7250,19.9870,0.5180,88.7460,1.0480,2025-09-01 13:37:33,197.0
0.7190,19.93,0.5110,88.8950,1.1330,2025-09-01 13:37:33,197.0
0.7210,19.9240,0.4230,89.0780,1.08,2025-09-01 13:37:33,197.0
0.7120,20.0280,0.3050,88.8920,1.1250,2025-09-01 20:12:45,198.0
0.6970,19.9960,0.2870,88.8840,1.0780,2025-09-01 20:12:45,198.0
0.6950,19.9080,0.3880,89.0740,1.0820,2025-09-01 20:12:45,198.0
0.6930,19.9210,0.4020,89.1610,1.0820,2025-09-01 20:12:45,198.0
0.7080,19.9740,0.3460,89.1820,1.0370,2025-09-01 20:12:45,198.0
0.7210,20.0940,0.3610,89.0010,1.0460,2025-09-01 20:12:45,198.0
0.7110,19.8450,0.2770,88.9420,1.1090,2025-09-01 20:12:45,198.0
0.7250,19.9740,0.2870,88.9550,1.09,2025-09-01 20:12:45,198.0
0.6840,20.0460,0.3780,88.9610,1.04,2025-09-01 20:12:45,198.0
0.7210,19.9680,0.2980,89.0180,1.1080,2025-09-01 20:12:45,198.0
0.7170,19.9870,0.41,88.8070,1.0280,2025-09-01 20:12:45,198.0
0.6930,19.8930,0.4660,88.80,1.0630,2025-09-01 20:12:45,198.0
0.7160,19.9490,0.5220,88.9410,1.0560,2025-09-01 20:12:45,198.0
0.6940,19.9150,0.2660,88.9560,1.0250,2025-09-01 20:12:45,198.0
0.7490,19.9870,0.4270,89.0820,1.1150,2025-09-01 20:12:45,198.0
0.7250,19.99,0.5110,89.0940,1.0610,2025-09-01 20:12:45,198.0
0.7070,20.0530,0.4060,88.8170,1.1010,2025-09-01 20:12:45,198.0
0.6960,19.8960,0.28,88.8770,1.0410,2025-09-01 20:12:45,198.0
0.7080,19.9550,0.4060,88.8430,1.0520,2025-09-01 20:12:45,198.0
0.71,20.0250,0.4510,88.7910,1.0530,2025-09-01 20:12:45,198.0
0.6880,19.9370,0.49,88.9640,1.1210,2025-09-01 21:12:46,199.0
0.7250,20.0060,0.5110,89.2020,1.0860,2025-09-01 21:12:46,199.0
0.7450,20.0840,0.4660,88.8630,1.0980,2025-09-01 21:12:46,199.0
0.6960,19.9520,0.3890,88.7670,1.09,2025-09-01 21:12:46,199.0
0.7240,19.9770,0.27,88.8630,1.0740,2025-09-01 21:12:46,199.0
0.7370,20.0590,0.1860,88.8060,1.1190,2025-09-01 21:12:46,199.0
0.71,20.0340,0.35,88.7760,1.1110,2025-09-01 21:12:46,199.0
0.7240,19.9550,0.3010,88.9450,1.1210,2025-09-01 21:12:46,199.0
0.7030,20.0120,0.4230,88.9850,1.0540,2025-09-01 21:12:46,199.0
0.7260,20.0030,0.4270,88.9710,1.1090,2025-09-01 21:12:46,199.0
0.7270,20.0940,0.2240,88.7530,1.0250,2025-09-01 21:12:46,199.0
0.7130,20.0340,0.3880,89.2310,1.0420,2025-09-01 21:12:46,199.0
0.7120,19.9770,0.4340,88.9860,1.0950,2025-09-01 21:12:46,199.0
0.7370,20.0870,0.4410,88.85,1.1290,2025-09-01 21:12:46,199.0
0.7360,20.0650,0.5350,88.8750,1.1350,2025-09-01 21:12:46,199.0
0.7310,20.0210,0.4240,88.9940,1.0950,2025-09-01 21:12:46,199.0
0.6980,20.0210,0.3430,89.0070,1.1040,2025-09-01 21:12:46,199.0
0.7240,20.05,0.5040,88.8590,1.0630,2025-09-01 21:12:46,199.0
0.7030,19.9180,0.2940,88.9560,1.0510,2025-09-01 21:12:46,199.0
0.7080,20.0060,0.3960,88.85,1.0180,2025-09-01 21:12:46,199.0
0.6950,19.8490,0.5560,88.8110,1.0470,2025-09-02 12:09:07,200.0
0.7070,19.8490,0.55,89.1660,1.0830,2025-09-02 12:09:07,200.0
0.69,19.9810,0.2170,88.8670,1.1150,2025-09-02 12:09:07,200.0
0.7350,20.0280,0.4130,89.0780,1.0960,2025-09-02 12:09:07,200.0
0.7210,20.0720,0.1960,88.8530,1.1250,2025-09-02 12:09:07,200.0
0.6970,19.93,0.3670,88.8840,1.1370,2025-09-02 12:09:07,200.0
0.7170,19.8520,0.3780,89.1370,1.12,2025-09-02 12:09:07,200.0
0.6810,19.9370,0.28,88.7660,0.9960,2025-09-02 12:09:07,200.0
0.7120,19.9650,0.3920,88.8880,1.09,2025-09-02 12:09:07,200.0
0.72,19.9740,0.3570,88.9330,0.0260,2025-09-02 12:09:07,200.0
0.6960,19.9330,0.3780,89.0170,1.0190,2025-09-02 12:09:07,200.0
0.7220,19.9960,0.2870,89.0140,1.0220,2025-09-02 12:09:07,200.0
0.7130,19.9210,0.55,88.9940,1.0510,2025-09-02 12:09:07,200.0
0.7130,19.9520,0.27,88.9570,1.0520,2025-09-02 12:09:07,200.0
0.73,19.9430,0.3080,88.95,1.0960,2025-09-02 12:09:07,200.0
0.7130,20.0210,0.2280,89.1680,1.0390,2025-09-02 12:09:07,200.0
0.7190,19.9550,0.3260,88.9720,1.0760,2025-09-02 12:09:07,200.0
0.71,19.9520,0.2620,88.8420,1.0940,2025-09-02 12:09:07,200.0
0.70,19.9270,0.4340,88.9160,1.1130,2025-09-02 12:09:07,200.0
0.7270,19.9840,0.4060,89.2260,1.1340,2025-09-02 12:09:07,200.0
0.7380,20.0430,0.3950,88.9840,1.1070,2025-09-02 12:54:09,201.0
0.6980,20.0120,0.3080,88.8940,1.1120,2025-09-02 12:54:09,201.0
0.7370,20.1190,0.3290,89.0070,1.0990,2025-09-02 12:54:09,201.0
0.7030,19.9210,0.4760,89.1120,1.1090,2025-09-02 12:54:09,201.0
0.7820,20.1280,0.3670,88.9330,1.3380,2025-09-02 12:54:09,201.0
0.7150,19.9930,0.3430,89.1770,1.0650,2025-09-02 12:54:09,201.0
0.7790,20.1310,0.1960,89.0650,1.2050,2025-09-02 12:54:09,201.0
0.6960,19.93,0.4650,88.8520,1.1010,2025-09-02 12:54:09,201.0
0.6890,19.8770,0.4510,89.0380,1.0520,2025-09-02 12:54:09,201.0
0.7370,20.0620,0.3570,88.9940,1.0950,2025-09-02 12:54:09,201.0
0.7250,19.9590,0.29,88.9940,1.1270,2025-09-02 12:54:09,201.0
0.7130,20.0650,0.2690,88.9470,1.0810,2025-09-02 12:54:09,201.0
0.7050,19.8860,0.4170,89.1980,1.1160,2025-09-02 12:54:09,201.0
0.6760,19.9240,0.4230,89.1240,1.0960,2025-09-02 12:54:09,201.0
0.7190,19.9930,0.1960,89.0060,1.08,2025-09-02 12:54:09,201.0
0.7120,19.9370,0.3540,89.2310,1.0770,2025-09-02 12:54:09,201.0
0.7170,19.9990,0.6510,88.9280,1.1260,2025-09-02 12:54:09,201.0
0.6960,19.99,0.2310,89.0110,1.0640,2025-09-02 12:54:09,201.0
0.7330,20.0460,0.4340,88.8420,1.1620,2025-09-02 12:54:09,201.0
0.6890,19.9050,0.5390,88.8820,1.0860,2025-09-02 12:54:09,201.0
0.6870,20.0030,0.4410,88.9770,1.0470,2025-09-02 21:44:25,202.0
0.71,19.9180,0.4130,89.2390,0.9930,2025-09-02 21:44:25,202.0
0.6910,19.9080,0.4340,88.8250,1.0840,2025-09-02 21:44:25,202.0
0.7060,19.9370,0.3570,88.9410,1.0230,2025-09-02 21:44:25,202.0
0.6720,19.9080,0.4830,89.1020,0.9990,2025-09-02 21:44:25,202.0
0.7240,19.9770,0.4620,89.0830,1.0740,2025-09-02 21:44:25,202.0
0.7090,19.9840,0.42,89.2570,1.0910,2025-09-02 21:44:25,202.0
0.7010,19.9110,0.4860,89.1120,1.0570,2025-09-02 21:44:25,202.0
0.6970,19.9840,0.29,88.7070,1.0270,2025-09-02 21:44:25,202.0
0.6980,19.8960,0.2590,88.9160,1.0450,2025-09-02 21:44:25,202.0
0.7190,20.0090,0.4480,89.0260,1.07,2025-09-02 21:44:25,202.0
0.7380,20.0650,0.3880,88.9610,1.0720,2025-09-02 21:44:25,202.0
0.6840,19.9870,0.4310,88.8390,1.0210,2025-09-02 21:44:25,202.0
0.7160,20.0120,0.4060,89.02,1.12,2025-09-02 21:44:25,202.0
0.7060,19.9430,0.4130,89.0580,1.1290,2025-09-02 21:44:25,202.0
0.7290,20.0530,0.3920,88.9830,1.1030,2025-09-02 21:44:25,202.0
0.6860,19.8860,0.5180,88.9050,1.0210,2025-09-02 21:44:25,202.0
0.70,20.05,0.4340,88.8870,1.0720,2025-09-02 21:44:25,202.0
0.7040,19.9990,0.4030,88.8240,1.1070,2025-09-02 21:44:25,202.0
0.7270,20.05,0.2520,88.9740,1.0590,2025-09-02 21:44:25,202.0
0.6990,19.9680,0.4480,89.0830,1.1040,2025-09-03 12:20:44,203.0
0.73,20.0430,0.5640,89.2650,1.0460,2025-09-03 12:20:44,203.0
0.7190,19.9270,0.4310,88.9640,1.0490,2025-09-03 12:20:44,203.0
0.7160,19.9210,0.4270,89.0880,1.04,2025-09-03 12:20:44,203.0
0.7260,20.05,0.4060,89.0060,1.0840,2025-09-03 12:20:44,203.0
0.7050,19.9620,0.2590,88.9320,1.0880,2025-09-03 12:20:44,203.0
0.71,19.9080,0.3470,89.0150,1.0780,2025-09-03 12:20:44,203.0
0.6990,19.9650,0.4730,88.7890,1.0520,2025-09-03 12:20:44,203.0
0.71,19.8930,0.4730,89.1730,1.11,2025-09-03 12:20:44,203.0
0.7320,20.0090,0.4480,89.1260,1.0850,2025-09-03 12:20:44,203.0
0.7250,19.9930,0.2940,89.05,1.13,2025-09-03 12:20:44,203.0
0.6920,19.8990,0.4620,88.8990,1.0450,2025-09-03 12:20:44,203.0
0.7340,19.94,0.2840,88.8620,1.1480,2025-09-03 12:20:44,203.0
0.7320,20.0180,0.4520,89.0680,1.13,2025-09-03 12:20:44,203.0
0.7070,19.9180,0.4830,89.1220,1.1220,2025-09-03 12:20:44,203.0
0.7360,19.9150,0.42,89.06,1.1350,2025-09-03 12:20:44,203.0
0.7040,19.9840,0.4970,88.9240,1.0310,2025-09-03 12:20:44,203.0
0.7230,19.9810,0.4860,89.1920,1.0970,2025-09-03 12:20:44,203.0
0.7120,20.0680,0.4480,88.8340,1.0730,2025-09-03 12:20:44,203.0
0.7250,19.9240,0.5040,88.9170,1.0780,2025-09-03 12:20:44,203.0
0.7330,20.0150,0.5950,88.8510,1.0440,2025-09-03 20:40:58,204.0
0.7080,19.9770,0.28,89.2250,1.0780,2025-09-03 20:40:58,204.0
0.7220,20.1220,0.21,88.9420,1.0350,2025-09-03 20:40:58,204.0
0.7090,19.9680,0.3460,89.1050,0.9530,2025-09-03 20:40:58,204.0
0.7220,19.9710,0.2480,88.9980,0.9860,2025-09-03 20:40:58,204.0
0.7110,20.0370,0.2830,88.7720,1.0950,2025-09-03 20:40:58,204.0
0.7150,20.0210,0.4760,89.1650,1.0490,2025-09-03 20:40:58,204.0
0.7080,19.8930,0.3460,88.8610,0.9960,2025-09-03 20:40:58,204.0
0.73,20.0940,0.28,89.2280,1.0490,2025-09-03 20:40:58,204.0
0.7070,20.0030,0.5560,88.9160,1.0750,2025-09-03 20:40:58,204.0
0.7190,19.9990,0.3250,88.8690,1.06,2025-09-03 20:40:58,204.0
0.7110,19.9520,0.4090,88.9250,1.0310,2025-09-03 20:40:58,204.0
0.7180,20.0180,0.4130,88.9060,1.0450,2025-09-03 20:40:58,204.0
0.7230,19.9650,0.3780,88.7690,0.9850,2025-09-03 20:40:58,204.0
0.7150,19.9810,0.3640,89.3420,1.0810,2025-09-03 20:40:58,204.0
0.7110,19.9330,0.4520,88.6380,1.0330,2025-09-03 20:40:58,204.0
0.7040,19.9110,0.4020,89.1370,1.0490,2025-09-03 20:40:58,204.0
0.7280,19.99,0.3610,89.0290,1.0110,2025-09-03 20:40:58,204.0
0.7340,20.0750,0.3290,89.0030,1.0810,2025-09-03 20:40:58,204.0
0.7140,19.8860,0.3470,89.1290,1.0060,2025-09-03 20:40:58,204.0
0.7180,20.0650,0.3010,88.8860,1.0260,2025-09-03 21:15:59,205.0
0.7360,19.9240,0.3050,89.0220,1.10,2025-09-03 21:15:59,205.0
0.73,20.0970,0.3640,88.9920,1.0910,2025-09-03 21:15:59,205.0
0.6910,20.0720,0.3610,88.9680,1.0140,2025-09-03 21:15:59,205.0
0.7190,19.9710,0.4020,88.8490,1.1030,2025-09-03 21:15:59,205.0
0.6780,20.0530,0.3530,88.9690,0.9970,2025-09-03 21:15:59,205.0
0.7320,20.0780,0.4170,88.98,1.0870,2025-09-03 21:15:59,205.0
0.7090,20.0210,0.49,89.0560,1.0390,2025-09-03 21:15:59,205.0
0.6990,19.9770,0.3430,88.9610,1.0180,2025-09-03 21:15:59,205.0
0.7370,20.1250,0.4230,88.9070,1.1220,2025-09-03 21:15:59,205.0
0.7150,20.0530,0.3610,88.9780,1.0980,2025-09-03 21:15:59,205.0
0.7220,20.0030,0.2690,88.8190,1.0810,2025-09-03 21:15:59,205.0
0.7270,20.1120,0.4410,89.0020,1.1050,2025-09-03 21:15:59,205.0
0.7160,20.10,0.5350,88.9510,1.0940,2025-09-03 21:15:59,205.0
0.7050,20.0280,0.3950,88.6370,1.0850,2025-09-03 21:15:59,205.0
0.7240,19.9520,0.5290,89.1150,1.0680,2025-09-03 21:15:59,205.0
0.7250,19.9430,0.3810,89.1270,1.0290,2025-09-03 21:15:59,205.0
0.72,19.9330,0.2730,88.7180,1.0660,2025-09-03 21:15:59,205.0
0.6890,19.9870,0.2690,88.8650,1.0570,2025-09-03 21:15:59,205.0
0.71,19.9770,0.3820,89.1770,1.0670,2025-09-03 21:15:59,205.0
0.7420,20.0060,0.49,88.9560,1.0680,2025-09-04 11:31:12,206.0
0.6960,19.9240,0.4270,89.0940,1.0950,2025-09-04 11:31:12,206.0
0.7220,19.8890,0.3990,88.9660,1.1010,2025-09-04 11:31:12,206.0
0.7330,20.0030,0.4550,88.9860,1.0960,2025-09-04 11:31:12,206.0
0.7410,19.9840,0.4760,88.9190,1.1340,2025-09-04 11:31:12,206.0
0.6980,19.9520,0.4340,88.9510,0.9830,2025-09-04 11:31:12,206.0
0.7310,19.9960,0.4830,88.8750,1.0820,2025-09-04 11:31:12,206.0
0.7170,19.9520,0.2340,88.8550,1.0640,2025-09-04 11:31:12,206.0
0.7150,19.9270,0.2980,88.9350,1.0920,2025-09-04 11:31:12,206.0
0.7360,19.9810,0.4060,89.1310,1.16,2025-09-04 11:31:12,206.0
0.7220,19.9590,0.4230,88.9350,1.0860,2025-09-04 11:31:12,206.0
0.6970,19.9270,0.4830,89.2240,1.07,2025-09-04 11:31:12,206.0
0.7320,19.9460,0.3640,88.9560,1.1010,2025-09-04 11:31:12,206.0
0.7120,19.9550,0.49,89.0560,1.1580,2025-09-04 11:31:12,206.0
0.7120,20.0090,0.4480,88.84,1.1270,2025-09-04 11:31:12,206.0
0.7120,19.9080,0.42,88.9010,1.1150,2025-09-04 11:31:12,206.0
0.7070,19.8930,0.49,89.0520,1.09,2025-09-04 11:31:12,206.0
0.7020,19.9650,0.4830,88.9170,1.0690,2025-09-04 11:31:12,206.0
0.6980,19.94,0.4720,89.0670,1.0480,2025-09-04 11:31:12,206.0
0.7140,19.9650,0.5180,88.9630,1.0880,2025-09-04 11:31:12,206.0
0.6950,19.9810,0.4230,88.8180,1.0070,2025-09-04 21:56:29,207.0
0.7290,19.9770,0.3360,88.9620,1.0660,2025-09-04 21:56:29,207.0
0.6890,19.93,0.4060,88.6740,1.0010,2025-09-04 21:56:29,207.0
0.7110,20.0060,0.3640,89.0410,0.9980,2025-09-04 21:56:29,207.0
0.7250,19.9960,0.4940,88.7530,1.1170,2025-09-04 21:56:29,207.0
0.7150,19.9460,0.4450,88.6760,1.0620,2025-09-04 21:56:29,207.0
0.7080,19.9650,0.4620,88.8750,1.0690,2025-09-04 21:56:29,207.0
0.6920,19.9840,0.3750,89.0910,1.0360,2025-09-04 21:56:29,207.0
0.7090,19.9650,0.50,89.1340,1.1190,2025-09-04 21:56:29,207.0
0.7340,19.9990,0.4550,89.0060,1.07,2025-09-04 21:56:29,207.0
0.7160,19.9840,0.4310,88.7470,1.0520,2025-09-04 21:56:29,207.0
0.7090,20.0180,0.5010,88.9960,1.04,2025-09-04 21:56:29,207.0
0.7260,19.9550,0.3330,88.9980,1.1110,2025-09-04 21:56:29,207.0
0.7170,19.9150,0.34,88.9930,1.0310,2025-09-04 21:56:29,207.0
0.7160,20.0280,0.4340,88.9770,1.0720,2025-09-04 21:56:29,207.0
0.7170,19.9680,0.3960,89.0130,1.0620,2025-09-04 21:56:29,207.0
0.7270,19.93,0.7070,88.9240,1.0540,2025-09-04 21:56:29,207.0
0.7220,19.9930,0.4340,89.0060,1.0440,2025-09-04 21:56:29,207.0
0.7090,19.99,0.4970,88.9920,1.0610,2025-09-04 21:56:29,207.0
0.6910,19.8960,0.4380,89.0870,1.0390,2025-09-04 21:56:29,207.0
0.6690,19.8830,0.3950,88.9260,0.99,2025-09-05 12:21:41,208.0
0.6920,19.8670,0.5770,88.7950,1.0890,2025-09-05 12:21:41,208.0
0.6910,19.8930,0.4970,88.9830,1.0850,2025-09-05 12:21:41,208.0
0.71,19.9020,0.5280,88.7230,0.0190,2025-09-05 12:21:41,208.0
0.7440,19.9650,0.5150,88.8830,1.1430,2025-09-05 12:21:41,208.0
0.6670,19.8830,0.4790,89.0150,1.0490,2025-09-05 12:21:41,208.0
0.7170,19.9740,0.49,88.9630,1.1040,2025-09-05 12:21:41,208.0
0.6820,19.8930,0.4830,89.2090,1.0980,2025-09-05 12:21:41,208.0
0.7070,19.8670,0.4580,88.7830,1.1140,2025-09-05 12:21:41,208.0
0.7230,19.9430,0.49,88.8830,1.1860,2025-09-05 12:21:41,208.0
0.7170,19.9490,0.6680,89.0790,1.0940,2025-09-05 12:21:41,208.0
0.7120,19.9370,0.49,88.9870,1.1140,2025-09-05 12:21:41,208.0
0.7240,19.9180,0.3810,88.7370,1.1240,2025-09-05 12:21:41,208.0
0.6840,19.8930,0.4870,88.9590,1.1410,2025-09-05 12:21:41,208.0
0.7190,19.9840,0.5110,88.94,1.1460,2025-09-05 12:21:41,208.0
0.6990,19.8390,0.4240,88.9710,1.0380,2025-09-05 12:21:41,208.0
0.7040,19.8890,0.4130,88.78,1.1440,2025-09-05 12:21:41,208.0
0.7030,19.9210,0.4380,88.9020,1.0950,2025-09-05 12:21:41,208.0
0.71,19.9590,0.6090,88.9260,1.1410,2025-09-05 12:21:41,208.0
0.6950,19.8670,0.4550,88.8690,1.1250,2025-09-05 12:21:41,208.0
0.72,19.99,0.55,88.9580,1.0920,2025-09-05 13:31:44,209.0
0.7040,19.8740,0.3880,89.1220,1.0980,2025-09-05 13:31:44,209.0
0.7150,19.9050,0.4450,88.9150,1.1510,2025-09-05 13:31:44,209.0
0.7010,19.9240,0.2690,88.8720,1.0190,2025-09-05 13:31:44,209.0
0.6950,19.93,0.4580,88.6950,1.0170,2025-09-05 13:31:44,209.0
0.7410,19.9710,0.4380,88.8430,1.1040,2025-09-05 13:31:44,209.0
0.7140,19.9430,0.3920,89.1470,1.1320,2025-09-05 13:31:44,209.0
0.7360,19.88,0.4310,88.9250,1.15,2025-09-05 13:31:44,209.0
0.7260,19.8930,0.3640,88.9720,1.1230,2025-09-05 13:31:44,209.0
0.7180,20.0030,0.5460,89.0150,1.1080,2025-09-05 13:31:44,209.0
0.7120,19.8960,0.3960,88.94,1.1220,2025-09-05 13:31:44,209.0
0.7270,19.9370,0.3880,88.6190,1.1120,2025-09-05 13:31:44,209.0
0.71,19.93,0.3850,88.9570,1.1060,2025-09-05 13:31:44,209.0
0.7080,19.9150,0.41,88.7840,1.0880,2025-09-05 13:31:44,209.0
0.7070,19.9080,0.4310,88.9140,1.0840,2025-09-05 13:31:44,209.0
0.7220,19.8670,0.3810,88.9410,1.1080,2025-09-05 13:31:44,209.0
0.71,19.8890,0.4060,88.7430,1.1830,2025-09-05 13:31:44,209.0
0.7370,19.9620,0.4130,88.9480,1.1370,2025-09-05 13:31:44,209.0
0.7260,19.9080,0.3640,88.9820,1.0360,2025-09-05 13:31:44,209.0
0.7150,19.9810,0.3320,89.04,1.1790,2025-09-05 13:31:44,209.0
0.6980,19.93,0.3750,88.8680,1.0070,2025-09-05 21:46:54,210.0
0.7160,20.0430,0.3110,88.9230,1.1180,2025-09-05 21:46:54,210.0
0.6880,20.0310,0.5840,88.7570,1.03,2025-09-05 21:46:54,210.0
0.7130,19.9770,0.4970,88.9150,1.1070,2025-09-05 21:46:54,210.0
0.7270,19.9770,0.4830,88.8380,1.1410,2025-09-05 21:46:54,210.0
0.6980,19.9930,0.4270,88.8730,1.0330,2025-09-05 21:46:54,210.0
0.7360,20.0780,0.3430,88.9810,1.06,2025-09-05 21:46:54,210.0
0.7260,20.15,0.3960,89.1070,1.11,2025-09-05 21:46:54,210.0
0.72,20.0870,0.4310,88.8910,1.1010,2025-09-05 21:46:54,210.0
0.6910,19.9330,0.5110,88.9770,1.0460,2025-09-05 21:46:54,210.0
0.7090,19.9770,0.3740,89.0020,1.10,2025-09-05 21:46:54,210.0
0.7320,20.0460,0.4660,89.0680,1.1260,2025-09-05 21:46:54,210.0
0.7040,19.9650,0.5040,88.8750,1.1310,2025-09-05 21:46:54,210.0
0.7190,19.9840,0.42,88.8440,1.0840,2025-09-05 21:46:54,210.0
0.6640,19.9870,0.4440,88.77,0.9970,2025-09-05 21:46:54,210.0
0.7120,20.0210,0.35,89.1610,1.0610,2025-09-05 21:46:54,210.0
0.7040,19.9650,0.5390,88.8450,1.0940,2025-09-05 21:46:54,210.0
0.6990,20.0590,0.3780,88.87,1.0570,2025-09-05 21:46:54,210.0
0.7230,20.0430,0.3460,88.7850,1.0970,2025-09-05 21:46:54,210.0
0.7230,20.0090,0.5150,89.1560,1.1120,2025-09-05 21:46:54,210.0
0.6810,19.9210,0.3850,88.7340,1.03,2025-09-08 13:41:07,211.0
0.6810,19.9180,0.34,88.7970,1.0350,2025-09-08 13:41:07,211.0
0.7070,20.0280,0.3220,88.9160,1.0980,2025-09-08 13:41:07,211.0
0.7030,19.9370,0.3960,88.6750,1.0340,2025-09-08 13:41:07,211.0
0.7130,20.0060,0.3920,88.9030,1.0110,2025-09-08 13:41:07,211.0
0.7040,19.9550,0.4790,88.8840,1.09,2025-09-08 13:41:07,211.0
0.72,20.0650,0.4310,88.9610,1.1120,2025-09-08 13:41:07,211.0
0.7080,19.9770,0.3530,88.9230,1.1220,2025-09-08 13:41:07,211.0
0.7190,19.9990,0.3610,88.93,1.1210,2025-09-08 13:41:07,211.0
0.72,20.0180,0.4060,89.1050,1.0970,2025-09-08 13:41:07,211.0
0.7270,20.0060,0.4090,89.21,1.1010,2025-09-08 13:41:07,211.0
0.7060,19.9680,0.4550,88.57,1.0370,2025-09-08 13:41:07,211.0
0.72,20.0590,0.3150,89.0580,1.0930,2025-09-08 13:41:07,211.0
0.7130,19.9490,0.3640,88.91,1.0840,2025-09-08 13:41:07,211.0
0.7160,19.9490,0.1960,89.1020,1.1070,2025-09-08 13:41:07,211.0
0.7260,19.9990,0.3150,88.8740,1.0870,2025-09-08 13:41:07,211.0
0.7030,19.9370,0.35,88.8830,1.0980,2025-09-08 13:41:07,211.0
0.7030,19.9550,0.3920,88.8980,1.0810,2025-09-08 13:41:07,211.0
0.7040,19.9770,0.3990,89.01,1.0460,2025-09-08 13:41:07,211.0
0.6970,19.9870,0.3360,88.8960,1.0350,2025-09-08 13:41:07,211.0
0.6930,20.0030,0.3080,88.8760,1.0140,2025-09-08 19:16:18,212.0
0.7080,20.0250,0.50,89.0450,1.0780,2025-09-08 19:16:18,212.0
0.7060,19.9840,0.42,89.1360,1.0870,2025-09-08 19:16:18,212.0
0.7220,20.1060,0.4690,89.0140,1.1420,2025-09-08 19:16:18,212.0
0.7070,19.93,0.49,88.8370,1.0180,2025-09-08 19:16:18,212.0
0.7060,19.9370,0.4660,88.7350,1.0380,2025-09-08 19:16:18,212.0
0.7210,20.0840,0.5350,88.8060,1.0440,2025-09-08 19:16:18,212.0
0.7120,20.0810,0.3880,89.0830,1.1130,2025-09-08 19:16:18,212.0
0.7140,19.9330,0.3670,89.0180,1.1650,2025-09-08 19:16:18,212.0
0.7030,19.9710,0.5180,89.1890,1.0930,2025-09-08 19:16:18,212.0
0.7010,20.0870,0.5040,89.0060,1.0840,2025-09-08 19:16:18,212.0
0.7330,20.0180,0.4170,88.9410,1.0970,2025-09-08 19:16:18,212.0
0.6970,19.9210,0.4580,88.6690,1.0820,2025-09-08 19:16:18,212.0
0.7080,19.9770,0.5770,88.98,1.0680,2025-09-08 19:16:18,212.0
0.7040,19.8960,0.4520,88.8230,1.10,2025-09-08 19:16:18,212.0
0.7170,19.9590,0.4170,88.6110,1.1010,2025-09-08 19:16:18,212.0
0.7010,20.0680,0.3780,88.9990,1.0680,2025-09-08 19:16:18,212.0
0.71,20.0180,0.3670,88.6960,1.1150,2025-09-08 19:16:18,212.0
0.69,19.9210,0.3360,88.7190,1.0920,2025-09-08 19:16:18,212.0
0.7010,20.0030,0.4660,88.86,1.1010,2025-09-08 19:16:18,212.0
0.71,20.0650,0.3850,88.8840,1.0750,2025-09-09 11:37:54,213.0
0.6970,19.9870,0.5210,89.1210,1.0350,2025-09-09 11:37:54,213.0
0.7280,20.15,0.4340,88.9650,1.0140,2025-09-09 11:37:54,213.0
0.7120,20.1340,0.5880,88.8660,1.0340,2025-09-09 11:37:54,213.0
0.7230,20.1190,0.4230,88.97,1.0470,2025-09-09 11:37:54,213.0
0.70,20.04,0.4650,88.9250,1.0130,2025-09-09 11:37:54,213.0
0.6950,20.0530,0.4970,88.8890,1.0040,2025-09-09 11:37:54,213.0
0.7090,20.0370,0.2940,88.9880,1.0640,2025-09-09 11:37:54,213.0
0.7180,20.10,0.5150,88.8750,1.0510,2025-09-09 11:37:54,213.0
0.7240,20.0970,0.4760,88.8780,1.0870,2025-09-09 11:37:54,213.0
0.7230,20.09,0.34,89.0210,1.0390,2025-09-09 11:37:54,213.0
0.7350,20.0430,0.5080,88.78,1.0690,2025-09-09 11:37:54,213.0
0.7110,20.0720,0.3750,89.1960,1.0720,2025-09-09 11:37:54,213.0
0.7140,20.1060,0.3360,88.9130,1.1270,2025-09-09 11:37:54,213.0
0.7130,20.0810,0.5810,88.8670,1.0230,2025-09-09 11:37:54,213.0
0.7070,20.0560,0.3570,88.9730,1.0240,2025-09-09 11:37:54,213.0
0.7250,20.0560,0.3990,89.0910,1.0550,2025-09-09 11:37:54,213.0
0.7240,20.0530,0.3120,88.85,1.0790,2025-09-09 11:37:54,213.0
0.6910,20.0430,0.3920,88.9630,1.0420,2025-09-09 11:37:54,213.0
0.7670,20.1560,0.4230,88.7730,1.1890,2025-09-09 11:37:54,213.0
0.7340,20.0780,0.4940,88.9930,1.1070,2025-09-09 12:57:58,214.0
0.7190,20.1160,0.2620,88.93,1.1180,2025-09-09 12:57:58,214.0
0.71,19.9770,0.3780,89.07,0.9680,2025-09-09 12:57:58,214.0
0.6850,19.9370,0.5390,89.12,1.0390,2025-09-09 12:57:58,214.0
0.6840,19.9460,0.4940,88.7710,1.0140,2025-09-09 12:57:58,214.0
0.6940,20.1120,0.3960,88.8890,0.9860,2025-09-09 12:57:58,214.0
0.6930,20.0210,0.2870,88.8260,1.0510,2025-09-09 12:57:58,214.0
0.7430,20.1090,0.35,88.9960,1.0910,2025-09-09 12:57:58,214.0
0.7070,20.1630,0.2690,88.9430,1.0490,2025-09-09 12:57:58,214.0
0.6840,19.9770,0.4940,88.8340,1.0370,2025-09-09 12:57:58,214.0
0.7220,20.04,0.2770,88.8680,0.9920,2025-09-09 12:57:58,214.0
0.72,20.0370,0.4030,88.6450,1.0260,2025-09-09 12:57:58,214.0
0.7190,20.0460,0.4310,88.8770,1.0840,2025-09-09 12:57:58,214.0
0.7130,20.0210,0.4130,88.8150,1.0570,2025-09-09 12:57:58,214.0
0.6990,20.0120,0.41,88.8110,1.0290,2025-09-09 12:57:58,214.0
0.71,19.9990,0.4380,89.1060,1.0840,2025-09-09 12:57:58,214.0
0.7120,20.0940,0.4520,88.8620,0.9830,2025-09-09 12:57:58,214.0
0.71,20.0590,0.3430,88.9970,1.0520,2025-09-09 12:57:58,214.0
0.6930,19.9810,0.4620,88.9540,0.9560,2025-09-09 12:57:58,214.0
0.71,19.9960,0.4230,88.77,1.0170,2025-09-09 12:57:58,214.0
0.6930,19.9370,0.4380,88.9850,1.0130,2025-09-09 19:48:14,215.0
0.7220,20.0280,0.4760,88.8740,1.0230,2025-09-09 19:48:14,215.0
0.7030,19.88,0.4060,89.0350,1.0550,2025-09-09 19:48:14,215.0
0.6910,19.9270,0.4440,88.9190,1.0440,2025-09-09 19:48:14,215.0
0.6960,19.99,0.4550,88.9810,0.9920,2025-09-09 19:48:14,215.0
0.7190,19.9740,0.3050,88.8110,1.0710,2025-09-09 19:48:14,215.0
0.72,20.0310,0.4480,89.1250,0.9740,2025-09-09 19:48:14,215.0
0.7120,19.93,0.3610,88.9070,1.03,2025-09-09 19:48:14,215.0
0.6970,19.9740,0.6480,88.8150,1.0050,2025-09-09 19:48:14,215.0
0.7280,20.0560,0.3990,88.8670,1.0720,2025-09-09 19:48:14,215.0
0.7020,19.9930,0.4170,89.0070,1.0540,2025-09-09 19:48:14,215.0
0.7130,19.9180,0.41,88.9190,1.1020,2025-09-09 19:48:14,215.0
0.7040,19.9270,0.4440,88.8620,1.0440,2025-09-09 19:48:14,215.0
0.7040,19.9520,0.4660,88.93,1.0580,2025-09-09 19:48:14,215.0
0.7190,19.8710,0.3190,88.9530,1.0630,2025-09-09 19:48:14,215.0
0.6950,19.9210,0.4270,89.0850,1.0010,2025-09-09 19:48:14,215.0
0.6970,20.0180,0.5420,89.0090,1.03,2025-09-09 19:48:14,215.0
0.7110,19.99,0.55,88.9310,1.0460,2025-09-09 19:48:14,215.0
0.7010,19.9870,0.4830,89.0760,1.0280,2025-09-09 19:48:14,215.0
0.7020,19.9330,0.5390,89.1350,1.02,2025-09-09 19:48:14,215.0
0.6970,20.0030,0.3460,88.74,1.0280,2025-09-09 21:18:15,216.0
0.7290,20.0970,0.3080,88.9930,1.0350,2025-09-09 21:18:15,216.0
0.7230,20.0750,0.3710,88.9640,1.07,2025-09-09 21:18:15,216.0
0.7210,19.9840,0.3120,88.8590,1.09,2025-09-09 21:18:15,216.0
0.7150,20.0780,0.49,89.1030,1.0970,2025-09-09 21:18:15,216.0
0.7140,19.9870,0.4310,88.8570,1.0840,2025-09-09 21:18:15,216.0
0.6940,19.9650,0.5710,89.1420,1.0860,2025-09-09 21:18:15,216.0
0.7120,19.99,0.4450,88.8290,1.0380,2025-09-09 21:18:15,216.0
0.7010,19.9620,0.5180,89.1350,1.0920,2025-09-09 21:18:15,216.0
0.7170,20.0280,0.3710,88.9830,1.1020,2025-09-09 21:18:15,216.0
0.7080,19.9810,0.3460,89,1.1210,2025-09-09 21:18:15,216.0
0.6950,20.0120,0.4440,88.9610,1.0710,2025-09-09 21:18:15,216.0
0.7250,20.0340,0.4690,88.9840,1.1280,2025-09-09 21:18:15,216.0
0.6890,20.0030,0.4730,88.9920,1.0480,2025-09-09 21:18:15,216.0
0.6910,19.93,0.4440,88.88,1.0460,2025-09-09 21:18:15,216.0
0.6960,19.9870,0.3290,88.8770,1.0780,2025-09-09 21:18:15,216.0
0.6660,20.0150,0.3540,88.8870,1.0260,2025-09-09 21:18:15,216.0
0.7130,20.0590,0.4860,88.8460,1.1050,2025-09-09 21:18:15,216.0
0.7110,19.9930,0.3810,88.5960,1.0410,2025-09-09 21:18:15,216.0
0.7110,20.0620,0.4410,88.7360,1.1160,2025-09-09 21:18:15,216.0
0.7090,19.9650,0.3960,88.8640,1.0460,2025-09-10 13:14:25,217.0
0.7230,19.9590,0.2520,89.1710,1.1060,2025-09-10 13:14:25,217.0
0.69,19.9270,0.41,89.0160,1.0220,2025-09-10 13:14:25,217.0
0.70,19.9430,0.4790,88.8560,1.0370,2025-09-10 13:14:25,217.0
0.7060,20.0280,0.3080,88.8750,1.0260,2025-09-10 13:14:25,217.0
0.7220,19.9620,0.4060,88.9560,1.0880,2025-09-10 13:14:25,217.0
0.6980,19.9650,0.4690,89.25,1.0650,2025-09-10 13:14:25,217.0
0.7260,19.9430,0.3990,88.8860,1.0930,2025-09-10 13:14:25,217.0
0.6880,19.99,0.6190,88.97,1.0030,2025-09-10 13:14:25,217.0
0.7240,19.9740,0.4410,89.1760,1.1010,2025-09-10 13:14:25,217.0
0.7040,19.9710,0.4650,88.8410,1.0440,2025-09-10 13:14:25,217.0
0.7110,19.9490,0.6230,89.2630,1.1310,2025-09-10 13:14:25,217.0
0.71,19.9870,0.3110,88.89,1.1150,2025-09-10 13:14:25,217.0
0.7210,19.9430,0.3920,89.0420,1.1250,2025-09-10 13:14:25,217.0
0.7060,19.9770,0.49,89.1290,1.0350,2025-09-10 13:14:25,217.0
0.7020,20.0030,0.3430,88.9080,1.10,2025-09-10 13:14:25,217.0
0.6980,19.9870,0.5320,88.8470,1.0310,2025-09-10 13:14:25,217.0
0.7120,20.05,0.3540,88.9790,1.0730,2025-09-10 13:14:25,217.0
0.7240,19.99,0.3080,89.12,1.07,2025-09-10 13:14:25,217.0
0.7140,19.94,0.4270,88.9460,1.0950,2025-09-10 13:14:25,217.0
0.7410,20.0840,0.3010,88.99,1.1370,2025-09-10 18:49:30,218.0
0.7150,20.0090,0.2450,88.8170,1.0470,2025-09-10 18:49:30,218.0
0.6970,19.9210,0.5810,89.0330,1.0750,2025-09-10 18:49:30,218.0
0.7270,20.05,0.3810,88.9190,1.0470,2025-09-10 18:49:30,218.0
0.7230,19.9550,0.3220,88.8740,1.0810,2025-09-10 18:49:30,218.0
0.7160,20.0250,0.3010,88.9120,1.0640,2025-09-10 18:49:30,218.0
0.7090,19.93,0.4730,88.8390,1.09,2025-09-10 18:49:30,218.0
0.7170,20.0650,0.4380,88.8070,1.0770,2025-09-10 18:49:30,218.0
0.6740,19.8830,0.3110,88.8080,1.0610,2025-09-10 18:49:30,218.0
0.7060,19.9740,0.29,88.8140,1.0620,2025-09-10 18:49:30,218.0
0.7090,19.9960,0.4510,88.8240,1.0990,2025-09-10 18:49:30,218.0
0.7260,19.9650,0.4020,88.8760,1.0770,2025-09-10 18:49:30,218.0
0.7160,19.9870,0.3570,88.88,1.0560,2025-09-10 18:49:30,218.0
0.71,20.0310,0.2520,89.0080,1.1960,2025-09-10 18:49:30,218.0
0.7020,20.0120,0.6580,88.8860,1.0620,2025-09-10 18:49:30,218.0
0.7120,19.9520,0.6790,88.7240,1.0340,2025-09-10 18:49:30,218.0
0.7020,20.0180,0.2870,88.9780,1.0990,2025-09-10 18:49:30,218.0
0.7010,20.0310,0.2380,89.06,1.0190,2025-09-10 18:49:30,218.0
0.6870,19.9680,0.4240,88.8060,1.0480,2025-09-10 18:49:30,218.0
0.7190,20.0280,0.3430,88.9570,1.0890,2025-09-10 21:09:33,219.0
0.7080,19.9650,0.4230,88.8040,1.1230,2025-09-10 21:09:33,219.0
0.71,19.9770,0.5530,89.0460,1.0760,2025-09-10 21:09:33,219.0
0.7590,20.0810,0.28,88.8820,1.1920,2025-09-10 21:09:33,219.0
0.7170,20.0090,0.4620,89.07,1.1140,2025-09-10 21:09:33,219.0
0.7060,19.8050,0.4410,88.9410,1.1510,2025-09-10 21:09:33,219.0
0.7070,19.9710,0.4690,88.8430,1,2025-09-10 21:09:33,219.0
0.7150,20.0460,0.3880,88.8740,1.0870,2025-09-10 21:09:33,219.0
0.6860,19.8450,0.3360,88.8720,1.08,2025-09-10 21:09:33,219.0
0.6990,19.9810,0.4410,88.8320,1.0480,2025-09-10 21:09:33,219.0
0.7060,19.9270,0.4340,88.8870,1.0860,2025-09-10 21:09:33,219.0
0.6850,19.9840,0.2940,88.9410,1.0310,2025-09-10 21:09:33,219.0
0.7190,20.0280,0.3530,88.80,1.1030,2025-09-10 21:09:33,219.0
0.7350,20.0590,0.4270,89.06,1.07,2025-09-10 21:09:33,219.0
0.7060,19.9240,0.3180,88.7440,1.0570,2025-09-10 21:09:33,219.0
0.7350,20.0060,0.4060,88.9930,1.1180,2025-09-10 21:09:33,219.0
0.7030,19.9840,0.4270,89.0750,1.0860,2025-09-10 21:09:33,219.0
0.7030,19.9620,0.5850,88.8450,1.0130,2025-09-10 21:09:33,219.0
0.7220,20.0280,0.4060,88.9150,1.0380,2025-09-10 21:09:33,219.0
0.7060,19.9770,0.3250,88.7980,1.0610,2025-09-10 21:09:33,219.0
0.7240,19.9770,0.3460,88.9520,1.0010,2025-09-11 10:57:07,220.0
0.7150,19.9490,0.3610,88.8870,1.0510,2025-09-11 10:57:07,220.0
0.7170,19.9990,0.4480,88.9180,1.0730,2025-09-11 10:57:07,220.0
0.7070,19.9270,0.4270,88.8010,1.0520,2025-09-11 10:57:07,220.0
0.73,19.9330,0.3430,88.9530,1.0960,2025-09-11 10:57:07,220.0
0.7060,19.9550,0.2980,88.93,1.0380,2025-09-11 10:57:07,220.0
0.6950,19.8450,0.3150,89.0440,1.0240,2025-09-11 10:57:07,220.0
0.7030,19.8450,0.4940,88.91,1.0340,2025-09-11 10:57:07,220.0
0.7210,19.8770,0.3850,89.0690,1.12,2025-09-11 10:57:07,220.0
0.6940,19.9180,0.4340,88.8620,1.1010,2025-09-11 10:57:07,220.0
0.6990,20.0150,0.3050,88.7370,1.0060,2025-09-11 10:57:07,220.0
0.7160,19.9210,0.3880,89.0770,1.09,2025-09-11 10:57:07,220.0
0.7050,19.8580,0.3120,88.9620,1.1470,2025-09-11 10:57:07,220.0
0.7440,20.0210,0.3850,88.9470,1.1080,2025-09-11 10:57:07,220.0
0.6740,19.9620,0.4380,88.8030,1.0340,2025-09-11 10:57:07,220.0
0.6940,19.9330,0.3920,88.9540,1.0350,2025-09-11 10:57:07,220.0
0.7070,19.8710,0.3850,88.8610,1.0670,2025-09-11 10:57:07,220.0
0.6980,19.8830,0.4340,89.0830,1.0450,2025-09-11 10:57:07,220.0
0.7290,19.9150,0.3330,88.8850,1.1090,2025-09-11 10:57:07,220.0
0.7060,19.93,0.3670,88.9530,1.0550,2025-09-11 10:57:07,220.0
0.7210,20.1720,0.4060,88.8880,1.0980,2025-09-11 12:57:08,221.0
0.7080,20.1850,0.3710,89.1350,1.0090,2025-09-11 12:57:08,221.0
0.6950,20.0370,0.3740,88.7180,1.0520,2025-09-11 12:57:08,221.0
0.7360,20.0560,0.3610,88.92,1.0350,2025-09-11 12:57:08,221.0
0.7030,20.0870,0.3080,88.9150,1.1030,2025-09-11 12:57:08,221.0
0.7080,20.0060,0.4660,88.9640,1.0640,2025-09-11 12:57:08,221.0
0.6850,19.99,0.49,88.7950,1.0680,2025-09-11 12:57:08,221.0
0.7120,20.0150,0.5110,88.9260,1.1140,2025-09-11 12:57:08,221.0
0.7110,19.9490,0.4380,88.8490,1.1480,2025-09-11 12:57:08,221.0
0.6880,19.9460,0.5080,89.0210,1.0610,2025-09-11 12:57:08,221.0
0.7020,19.9180,0.3850,89.0040,1.1050,2025-09-11 12:57:08,221.0
0.7050,20.0280,0.3890,88.9830,1.0840,2025-09-11 12:57:08,221.0
0.7020,20.1160,0.3330,88.8360,1.0840,2025-09-11 12:57:08,221.0
0.7050,20.1030,0.4340,88.9570,1.0420,2025-09-11 12:57:08,221.0
0.72,19.93,0.3670,88.9010,1.11,2025-09-11 12:57:08,221.0
0.7090,20.0870,0.3750,88.8650,1.0560,2025-09-11 12:57:08,221.0
0.7080,19.9870,0.6480,88.9070,1.0920,2025-09-11 12:57:08,221.0
0.7250,20.0840,0.5950,88.9330,1.1190,2025-09-11 12:57:08,221.0
0.7010,19.9080,0.3780,89.1160,1.1110,2025-09-11 12:57:08,221.0
0.7150,20.1250,0.5530,89.0580,1.1070,2025-09-11 12:57:08,221.0
0.7020,20.0250,0.3390,88.9440,1.1190,2025-09-11 18:47:19,222.0
0.7110,19.9960,0.5710,88.8060,1.0720,2025-09-11 18:47:19,222.0
0.6680,19.8360,0.3670,88.8950,1.01,2025-09-11 18:47:19,222.0
0.6790,19.94,0.5980,88.5520,1.0810,2025-09-11 18:47:19,222.0
0.6870,19.9490,0.4060,88.9370,1.0570,2025-09-11 18:47:19,222.0
0.7430,19.8770,0.5040,88.8630,1.0930,2025-09-11 18:47:19,222.0
0.7080,20.0180,0.4230,88.8850,1.0910,2025-09-11 18:47:19,222.0
0.73,19.8860,0.4410,88.8140,1.1240,2025-09-11 18:47:19,222.0
0.7160,19.9930,0.3430,88.9670,1.1130,2025-09-11 18:47:19,222.0
0.7220,19.8860,0.5880,89.2690,1.1820,2025-09-11 18:47:19,222.0
0.6940,19.9430,0.49,89.2090,1.0770,2025-09-11 18:47:19,222.0
0.7180,20.05,0.4830,89.1570,1.0830,2025-09-11 18:47:19,222.0
0.7020,19.8990,0.4240,88.75,1.0380,2025-09-11 18:47:19,222.0
0.75,20.0310,0.4130,89.1110,1.1750,2025-09-11 18:47:19,222.0
0.7080,19.8860,0.4410,88.9090,1.1470,2025-09-11 18:47:19,222.0
0.7080,20.1250,0.4450,88.9860,0.0190,2025-09-11 18:47:19,222.0
0.7230,19.9840,0.5180,89.0780,1.0920,2025-09-11 18:47:19,222.0
0.7090,19.9330,0.4970,88.9090,1.1060,2025-09-11 18:47:19,222.0
0.6760,19.8520,0.4860,88.6690,1.0260,2025-09-11 18:47:19,222.0
0.6890,19.9870,0.5530,89.1490,1.0350,2025-09-11 18:47:19,222.0
0.7210,20.1340,0.3810,88.8120,1.0380,2025-11-02 13:07:50,223.0
0.7160,20.2040,0.3290,88.8860,1.0390,2025-11-02 13:07:50,223.0
0.7040,20.21,0.4170,88.9660,1.0250,2025-11-02 13:07:50,223.0
0.7150,20.1530,0.2380,88.8810,1.0470,2025-11-02 13:07:50,223.0
0.71,20.2350,0.3190,88.9670,1.05,2025-11-02 13:07:50,223.0
0.7240,20.2440,0.2690,88.8180,1.1230,2025-11-02 13:07:50,223.0
0.6960,20.1750,0.3850,88.9510,1.0310,2025-11-02 13:07:50,223.0
0.6980,20.2350,0.5180,88.7430,1.0650,2025-11-02 13:07:50,223.0
0.70,20.1880,0.2520,88.9970,1.0310,2025-11-02 13:07:50,223.0
0.7110,20.2850,0.4580,88.9190,1.0340,2025-11-02 13:07:50,223.0
0.6960,20.1220,0.2940,89.0140,1.0660,2025-11-02 13:07:50,223.0
0.6470,20.2040,0.5290,88.6740,1.0230,2025-11-02 13:07:50,223.0
0.6920,20.1970,0.4270,88.9180,1.0860,2025-11-02 13:07:50,223.0
0.7210,20.2790,0.2490,88.9320,1.0650,2025-11-02 13:07:50,223.0
0.6930,20.2820,0.3710,88.83,1.0390,2025-11-02 13:07:50,223.0
0.7010,20.1910,0.2730,88.8190,0.98,2025-11-02 13:07:50,223.0
0.7350,20.2160,0.3430,89.0750,1.0210,2025-11-02 13:07:50,223.0
0.7080,20.2480,0.3320,89.0670,1.0050,2025-11-02 13:07:50,223.0
0.7040,20.2850,0.3430,88.8120,1.0580,2025-11-02 13:07:50,223.0
0.6970,20.2160,0.2590,89.0380,1.0710,2025-11-02 13:07:50,223.0
0.69,20.20,0.2840,88.9530,1.01,2025-11-02 13:37:53,224.0
0.74,20.2510,0.3540,88.9080,1.1590,2025-11-02 13:37:53,224.0
0.7070,20.2630,0.3850,89.0610,1.0970,2025-11-02 13:37:53,224.0
0.7010,20.2160,0.3780,89.0590,1.0640,2025-11-02 13:37:53,224.0
0.7020,20.1970,0.2980,89.0280,1.02,2025-11-02 13:37:53,224.0
0.69,20.2570,0.4550,88.6810,0.9930,2025-11-02 13:37:53,224.0
0.72,20.2630,0.2490,88.8870,1.1410,2025-11-02 13:37:53,224.0
0.6970,20.2480,0.3610,88.9140,1.0530,2025-11-02 13:37:53,224.0
0.6950,20.3230,0.3150,88.7580,1.0510,2025-11-02 13:37:53,224.0
0.7270,20.2980,0.2870,88.8480,1.1250,2025-11-02 13:37:53,224.0
0.7050,20.1850,0.3250,88.9870,1.0420,2025-11-02 13:37:53,224.0
0.7150,20.2040,0.4650,88.7860,1.07,2025-11-02 13:37:53,224.0
0.7210,20.2040,0.4170,88.9840,1.0490,2025-11-02 13:37:53,224.0
0.7130,20.2880,0.2970,88.8890,1.0510,2025-11-02 13:37:53,224.0
0.70,20.1250,0.3120,89.0850,1.0580,2025-11-02 13:37:53,224.0
0.7060,20.1560,0.3890,89.0480,1.0090,2025-11-02 13:37:53,224.0
0.7070,20.1780,0.2940,88.5810,1.02,2025-11-02 13:37:53,224.0
0.71,20.1530,0.2590,88.6830,1.0580,2025-11-02 13:37:53,224.0
0.6440,20.2160,0.4790,88.6240,1.0020,2025-11-02 13:37:53,224.0
0.6920,20.0620,0.4270,89.0790,1.0380,2025-11-02 13:47:53,225.0
0.7040,19.9840,0.3780,88.7940,1.0230,2025-11-02 13:47:53,225.0
0.7070,20.0460,0.5460,89.2190,1.0140,2025-11-02 13:47:53,225.0
0.6930,20.0210,0.2340,88.8880,1.0010,2025-11-02 13:47:53,225.0
0.7210,20.0870,0.4090,88.6620,1.0890,2025-11-02 13:47:53,225.0
0.7260,20.0250,0.3740,88.94,1.0640,2025-11-02 13:47:53,225.0
0.7120,20.0870,0.4310,88.8990,1.0560,2025-11-02 13:47:53,225.0
0.6960,20.0150,0.4230,88.9390,1.07,2025-11-02 13:47:53,225.0
0.7090,20.05,0.3150,89.1270,1.11,2025-11-02 13:47:53,225.0
0.7240,20.0210,0.2840,89.0760,1.0450,2025-11-02 13:47:53,225.0
0.6980,20.0250,0.3640,88.9070,1.0470,2025-11-02 13:47:53,225.0
0.6860,20.0780,0.2410,88.9630,1.0440,2025-11-02 13:47:53,225.0
0.73,19.9990,0.4620,88.7730,1.0370,2025-11-02 13:47:53,225.0
0.6720,19.9810,0.3750,89.1210,0.9530,2025-11-02 13:47:53,225.0
0.7210,20.0430,0.4340,89.0890,1.0360,2025-11-02 13:47:53,225.0
0.7120,19.93,0.6190,89.1050,1.0210,2025-11-02 13:47:53,225.0
0.7120,19.9490,0.3740,88.8320,1.0680,2025-11-02 13:47:53,225.0
0.6830,19.99,0.3990,89.2830,0.9930,2025-11-02 13:47:53,225.0
0.6960,19.9990,0.3640,88.8040,1.0310,2025-11-02 13:47:53,225.0
0.6810,19.9770,0.3820,89.0170,0.9970,2025-11-02 13:47:53,225.0
0.7330,19.8860,0.4730,88.9630,1.1130,2025-11-02 19:53:05,226.0
0.7430,19.9020,0.4860,88.9290,1.2050,2025-11-02 19:53:05,226.0
0.7170,19.83,0.5420,89.0640,1.1080,2025-11-02 19:53:05,226.0
0.7010,19.8390,0.3750,88.7320,1.1910,2025-11-02 19:53:05,226.0
0.7210,19.8450,0.4440,89.2850,1.1710,2025-11-02 19:53:05,226.0
0.6940,19.8640,0.4340,88.9910,1.0240,2025-11-02 19:53:05,226.0
0.7260,19.83,0.4580,89.0640,1.0750,2025-11-02 19:53:05,226.0
0.7080,19.77,0.3780,88.9360,1.0450,2025-11-02 19:53:05,226.0
0.7090,19.8520,0.4730,89.4610,1.1150,2025-11-02 19:53:05,226.0
0.6850,19.8740,0.3320,89.1280,1.0930,2025-11-02 19:53:05,226.0
0.7430,19.8830,0.43,89.0390,1.1430,2025-11-02 19:53:05,226.0
0.7150,19.8140,0.4970,88.9550,1.1120,2025-11-02 19:53:05,226.0
0.7050,19.8670,0.4090,89.0310,1.1180,2025-11-02 19:53:05,226.0
0.7230,19.83,0.5350,88.9640,1.0760,2025-11-02 19:53:05,226.0
0.7030,19.8050,0.3460,88.8760,1.0690,2025-11-02 19:53:05,226.0
0.7370,19.83,0.4410,88.9590,1.1190,2025-11-02 19:53:05,226.0
0.6920,19.7540,0.3330,88.9890,1.0490,2025-11-02 19:53:05,226.0
0.7050,19.7730,0.35,89.0810,1.1510,2025-11-02 19:53:05,226.0
0.7150,19.9020,0.4130,88.9210,1.1910,2025-11-02 19:53:05,226.0
0.7040,19.82,0.5880,89.1380,1.0630,2025-11-02 19:53:05,226.0
0.7290,19.9460,0.3150,89.0120,1.1020,2025-11-02 21:13:07,227.0
0.7230,19.8930,0.49,89.0640,1.20,2025-11-02 21:13:07,227.0
0.6970,19.8520,0.3670,89.0570,1.0680,2025-11-02 21:13:07,227.0
0.7210,19.8360,0.5320,89.1110,1.1120,2025-11-02 21:13:07,227.0
0.7240,19.7730,0.4940,88.8070,1.1130,2025-11-02 21:13:07,227.0
0.68,19.8490,0.4690,88.9550,1.0110,2025-11-02 21:13:07,227.0
0.7240,19.8990,0.3640,88.8730,1.0690,2025-11-02 21:13:07,227.0
0.7330,19.8550,0.4440,89.1360,1.0270,2025-11-02 21:13:07,227.0
0.7060,19.8170,0.6060,89.1510,1.0630,2025-11-02 21:13:07,227.0
0.6950,19.8140,0.4380,88.69,1.0430,2025-11-02 21:13:07,227.0
0.7030,19.7670,0.3960,89.1780,1.0490,2025-11-02 21:13:07,227.0
0.7180,19.8710,0.3960,88.9490,1.0130,2025-11-02 21:13:07,227.0
0.7030,19.8990,0.3120,88.9160,1.0790,2025-11-02 21:13:07,227.0
0.7160,19.8390,0.3460,89.03,1.0720,2025-11-02 21:13:07,227.0
0.7110,19.9110,0.4020,89.2280,1.0760,2025-11-02 21:13:07,227.0
0.7180,19.8640,0.5640,88.7160,1.0970,2025-11-02 21:13:07,227.0
0.7320,19.8110,0.4760,88.9430,1.1080,2025-11-02 21:13:07,227.0
0.7040,19.7890,0.5460,89.0440,1.0570,2025-11-02 21:13:07,227.0
0.7190,19.8710,0.3430,89.3520,1.1310,2025-11-02 21:13:07,227.0
0.6930,19.8490,0.3990,89.1070,1.0650,2025-11-02 21:13:07,227.0
0.7140,19.9710,0.4170,88.87,1.0550,2025-11-03 13:37:26,228.0
0.7470,20.0060,0.3190,89.1540,1.0580,2025-11-03 13:37:26,228.0
0.7160,19.9430,0.4690,88.9220,1.0840,2025-11-03 13:37:26,228.0
0.7550,19.9990,0.49,88.8370,1.1770,2025-11-03 13:37:26,228.0
0.7130,20.0150,0.3220,88.8560,1.1360,2025-11-03 13:37:26,228.0
0.7190,19.9020,0.3110,88.8590,1.1010,2025-11-03 13:37:26,228.0
0.7480,19.9430,0.5110,89.1630,1.1060,2025-11-03 13:37:26,228.0
0.71,19.9620,0.49,88.8450,1.05,2025-11-03 13:37:26,228.0
0.7150,20.0150,0.3710,88.9660,1.0790,2025-11-03 13:37:26,228.0
0.7220,19.9490,0.3780,89.2930,1.0220,2025-11-03 13:37:26,228.0
0.7020,19.9740,0.3330,89.0520,1.0390,2025-11-03 13:37:26,228.0
0.7350,19.9020,0.4620,88.8590,1.1310,2025-11-03 13:37:26,228.0
0.7240,20.0250,0.3960,88.91,1.1430,2025-11-03 13:37:26,228.0
0.72,19.9990,0.3710,88.84,1.1410,2025-11-03 13:37:26,228.0
0.7080,19.8860,0.4020,89.4840,1.0350,2025-11-03 13:37:26,228.0
0.6880,19.9180,0.2770,89.1210,0.9560,2025-11-03 13:37:26,228.0
0.7170,19.9770,0.42,88.8360,1.0770,2025-11-03 13:37:26,228.0
0.7080,19.8890,0.4130,89.3150,1.0330,2025-11-03 13:37:26,228.0
0.6920,19.9620,0.4170,89.3710,1.0290,2025-11-03 13:37:26,228.0
0.7010,19.9370,0.3680,89.1660,1.0110,2025-11-03 13:37:26,228.0
0.7180,19.9180,0.4130,89.0530,1.0270,2025-11-03 19:37:37,229.0
0.7250,20.0280,0.5320,89.1340,1.0880,2025-11-03 19:37:37,229.0
0.7050,19.9150,0.6440,89.5310,1.0920,2025-11-03 19:37:37,229.0
0.7230,19.9710,0.4310,89.1730,1.09,2025-11-03 19:37:37,229.0
0.7120,19.9460,0.4550,89.0770,1.07,2025-11-03 19:37:37,229.0
0.7140,19.93,0.3220,88.9130,1.0540,2025-11-03 19:37:37,229.0
0.7440,19.9680,0.2550,88.9070,1.1050,2025-11-03 19:37:37,229.0
0.6970,19.9460,0.3960,89.0690,1.0560,2025-11-03 19:37:37,229.0
0.7140,19.9430,0.4870,88.8950,1.1070,2025-11-03 19:37:37,229.0
0.7350,19.9550,0.4690,88.9490,1.1270,2025-11-03 19:37:37,229.0
0.6920,19.9930,0.6120,89.0440,0.9910,2025-11-03 19:37:37,229.0
0.7090,19.9840,0.3780,89.2320,1.1020,2025-11-03 19:37:37,229.0
0.73,19.9710,0.3610,89.0140,1.16,2025-11-03 19:37:37,229.0
0.7060,19.9430,0.3960,88.8140,1.11,2025-11-03 19:37:37,229.0
0.6890,19.9590,0.3530,89.2380,1.0070,2025-11-03 19:37:37,229.0
0.7310,19.9150,0.6480,88.9540,1.0760,2025-11-03 19:37:37,229.0
0.7260,19.9650,0.4620,89.1980,1.1060,2025-11-03 19:37:37,229.0
0.7310,19.9840,0.3750,89.1160,1.0920,2025-11-03 19:37:37,229.0
0.73,20.0060,0.3120,88.9260,1.1820,2025-11-03 19:37:37,229.0
0.7110,19.9460,0.4760,88.8790,1.0940,2025-11-03 19:37:37,229.0
0.6970,19.9150,0.4340,89.1530,1.0170,2025-11-03 21:12:39,230.0
0.7270,19.9870,0.4060,89.0950,1.03,2025-11-03 21:12:39,230.0
0.7310,20.04,0.4380,88.9490,1.1040,2025-11-03 21:12:39,230.0
0.7280,19.9870,0.3710,89.0390,1.0990,2025-11-03 21:12:39,230.0
0.7070,19.9960,0.4720,89.2350,1.0880,2025-11-03 21:12:39,230.0
0.7140,19.9050,0.4340,89.0180,1.0630,2025-11-03 21:12:39,230.0
0.7360,20.0030,0.3250,89.0630,1.1410,2025-11-03 21:12:39,230.0
0.67,19.9240,0.3540,89.0040,0.9710,2025-11-03 21:12:39,230.0
0.6910,20.0180,0.3950,88.7790,1.0080,2025-11-03 21:12:39,230.0
0.6990,19.9330,0.2970,89.1690,1.0050,2025-11-03 21:12:39,230.0
0.7230,20.0250,0.5770,89.3140,1.1520,2025-11-03 21:12:39,230.0
0.7320,19.9960,0.2730,88.7850,1.10,2025-11-03 21:12:39,230.0
0.7010,20.0060,0.2870,88.97,1.0570,2025-11-03 21:12:39,230.0
0.7270,19.9460,0.2450,88.9050,1.1290,2025-11-03 21:12:39,230.0
0.7130,19.9330,0.5560,89.4070,1.0410,2025-11-03 21:12:39,230.0
0.6670,19.9210,0.35,88.9250,0.9780,2025-11-03 21:12:39,230.0
0.7110,19.9210,0.4270,89.1740,1.0930,2025-11-03 21:12:39,230.0
0.7230,19.9960,0.3890,88.9410,1.0860,2025-11-03 21:12:39,230.0
0.7130,20.0060,0.29,89.2390,1.0760,2025-11-03 21:12:39,230.0
0.7090,19.9210,0.3640,89.2340,1.0750,2025-11-03 21:12:39,230.0
0.7090,19.9710,0.2840,89.37,1.1320,2025-11-04 10:53:21,231.0
0.7240,19.9370,0.3920,89.3780,1.1470,2025-11-04 10:53:21,231.0
0.7020,19.9460,0.4830,89.1490,1.0380,2025-11-04 10:53:21,231.0
0.7050,19.9270,0.3530,89.1630,1.1110,2025-11-04 10:53:21,231.0
0.7150,19.9710,0.3460,88.9670,1.0920,2025-11-04 10:53:21,231.0
0.72,19.99,0.3430,89.1140,1.1360,2025-11-04 10:53:21,231.0
0.72,19.8670,0.4310,89.3310,1.0560,2025-11-04 10:53:21,231.0
0.6810,19.9460,0.1850,88.9390,1.0850,2025-11-04 10:53:21,231.0
0.7060,19.8830,0.5560,89.1270,1.06,2025-11-04 10:53:21,231.0
0.7050,19.9810,0.3880,89.2540,0.9490,2025-11-04 10:53:21,231.0
0.7110,19.9740,0.2340,88.9820,1.0480,2025-11-04 10:53:21,231.0
0.7060,19.8710,0.6090,89.1110,1.0840,2025-11-04 10:53:21,231.0
0.7210,19.9490,0.2130,89.2440,1.0230,2025-11-04 10:53:21,231.0
0.7090,19.9150,0.4480,88.9910,0.9860,2025-11-04 10:53:21,231.0
0.7130,19.9680,0.50,89.4880,1.0380,2025-11-04 10:53:21,231.0
0.7030,19.9740,0.49,88.8960,1.0790,2025-11-04 10:53:21,231.0
0.6980,19.9770,0.1780,88.7130,1.0540,2025-11-04 10:53:21,231.0
0.7110,19.8990,0.3460,89.1920,1.12,2025-11-04 10:53:21,231.0
0.7020,19.8890,0.4310,88.9780,1.0320,2025-11-04 10:53:21,231.0
0.7250,19.9370,0.3610,89.15,1.1930,2025-11-04 10:53:21,231.0
0.7180,20.0180,0.4730,88.9970,1.0950,2025-11-04 13:38:29,232.0
0.7050,20.0210,0.6440,89.2330,0.9580,2025-11-04 13:38:29,232.0
0.7070,19.99,0.5560,88.7760,1.0710,2025-11-04 13:38:29,232.0
0.6810,19.9240,0.4380,88.8630,1.0740,2025-11-04 13:38:29,232.0
0.7070,20.0180,0.28,89.2930,1.0630,2025-11-04 13:38:29,232.0
0.72,20.0370,0.41,89.1550,1,2025-11-04 13:38:29,232.0
0.7180,19.9840,0.6650,89.11,1.0210,2025-11-04 13:38:29,232.0
0.7340,19.9330,0.4170,88.9960,1.0620,2025-11-04 13:38:29,232.0
0.7220,19.9810,0.5740,89.0080,1.0940,2025-11-04 13:38:29,232.0
0.7180,19.9740,0.4440,89.1140,1.0560,2025-11-04 13:38:29,232.0
0.7170,20.0120,0.3920,88.8990,1.0790,2025-11-04 13:38:29,232.0
0.7210,19.9490,0.2940,89.3380,1.0120,2025-11-04 13:38:29,232.0
0.72,19.8640,0.5180,89.1590,1.0480,2025-11-04 13:38:29,232.0
0.7360,20.0650,0.5390,88.8570,1.1050,2025-11-04 13:38:29,232.0
0.7190,20.0560,0.3810,88.6670,1.0730,2025-11-04 13:38:29,232.0
0.72,19.9020,0.3880,88.9080,1.0840,2025-11-04 13:38:29,232.0
0.7110,19.9460,0.6020,89.4280,1.0730,2025-11-04 13:38:29,232.0
0.71,20.0560,0.4940,88.9770,1.1090,2025-11-04 13:38:29,232.0
0.6990,19.9150,0.4830,89.0640,1.0420,2025-11-04 13:38:29,232.0
0.7220,19.9870,0.5670,89.0510,1.0940,2025-11-04 13:38:29,232.0
0.7140,20.0460,0.42,88.6770,1.1370,2025-11-05 10:56:14,233.0
0.7160,19.94,0.4230,89.1230,1.05,2025-11-05 10:56:14,233.0
0.7410,20.0180,0.5110,88.97,1.1540,2025-11-05 10:56:14,233.0
0.7170,19.9150,0.5560,89.0880,1.0810,2025-11-05 10:56:14,233.0
0.7080,20.0180,0.3320,89.3440,1.0340,2025-11-05 10:56:14,233.0
0.7010,19.8610,0.4660,88.9270,1.0660,2025-11-05 10:56:14,233.0
0.7050,20.0250,0.4620,89.1920,1.0130,2025-11-05 10:56:14,233.0
0.6980,19.9150,0.4690,89.2580,1.0030,2025-11-05 10:56:14,233.0
0.6960,19.99,0.4480,88.8450,1.0720,2025-11-05 10:56:14,233.0
0.7330,20.0250,0.4130,88.9990,1.07,2025-11-05 10:56:14,233.0
0.6940,20.0210,0.4650,89.2130,0.9680,2025-11-05 10:56:14,233.0
0.7320,20.0370,0.3470,88.9130,1.1340,2025-11-05 10:56:14,233.0
0.7150,20.0310,0.3850,88.7350,1.0760,2025-11-05 10:56:14,233.0
0.7250,19.9650,0.3880,88.9550,1.1370,2025-11-05 10:56:14,233.0
0.7090,19.9430,0.6160,89.0270,1.0740,2025-11-05 10:56:14,233.0
0.7140,20.05,0.3850,88.6640,1.0850,2025-11-05 10:56:14,233.0
0.7120,20.0180,0.4230,89.0480,1.0630,2025-11-05 10:56:14,233.0
0.74,20.0340,0.5390,88.8130,1.1480,2025-11-05 10:56:14,233.0
0.7150,20.0210,0.42,88.59,1.03,2025-11-05 10:56:14,233.0
0.6990,19.9330,0.42,88.7160,1.0740,2025-11-05 10:56:14,233.0
0.6990,19.9620,0.57,89.33,1.0550,2025-11-05 13:31:20,234.0
0.71,19.9330,0.3810,88.9740,1.0620,2025-11-05 13:31:20,234.0
0.6960,19.9330,0.4340,89.0810,1.0710,2025-11-05 13:31:20,234.0
0.7060,20.0340,0.3850,88.8490,1.0180,2025-11-05 13:31:20,234.0
0.7250,20.1120,0.2140,88.8780,1.0930,2025-11-05 13:31:20,234.0
0.72,19.9270,0.42,89.0290,1.0760,2025-11-05 13:31:20,234.0
0.7010,19.9960,0.3250,88.8830,0.9740,2025-11-05 13:31:20,234.0
0.7260,19.9270,0.2380,89.4770,1.0090,2025-11-05 13:31:20,234.0
0.7060,20.0370,0.2240,89.0230,1.0640,2025-11-05 13:31:20,234.0
0.7060,20.0060,0.3640,89.0460,1.0150,2025-11-05 13:31:20,234.0
0.7110,19.9770,0.34,89.1330,1.0690,2025-11-05 13:31:20,234.0
0.7080,19.9460,0.4550,89.0810,1.09,2025-11-05 13:31:20,234.0
0.7030,19.9650,0.4440,88.9980,1.0890,2025-11-05 13:31:20,234.0
0.7080,19.9210,0.3850,89.0890,1.0230,2025-11-05 13:31:20,234.0
0.6930,19.9520,0.3080,88.9320,1.0570,2025-11-05 13:31:20,234.0
0.7220,19.9620,0.4480,89.0030,1.15,2025-11-05 13:31:20,234.0
0.6970,19.88,0.5740,89.1060,0.9780,2025-11-05 13:31:20,234.0
0.7160,19.9990,0.3540,89.0590,1.1020,2025-11-05 13:31:20,234.0
0.7120,19.9740,0.3360,89.0220,1.0810,2025-11-05 13:31:20,234.0
0.71,19.9240,0.3920,88.7950,1.0640,2025-11-05 13:31:20,234.0
0.6880,19.9210,0.42,88.9210,1.0480,2025-11-05 20:06:32,235.0
0.6890,19.9020,0.4380,88.8470,1.0350,2025-11-05 20:06:32,235.0
0.7050,19.9740,0.2840,89.0510,1.0970,2025-11-05 20:06:32,235.0
0.7050,19.9180,0.3850,89.2750,1.09,2025-11-05 20:06:32,235.0
0.7140,19.9210,0.4270,88.9990,1.0890,2025-11-05 20:06:32,235.0
0.7150,19.9710,0.5560,88.9360,1.1140,2025-11-05 20:06:32,235.0
0.72,19.93,0.4690,89.1330,0.9890,2025-11-05 20:06:32,235.0
0.7150,19.8890,0.4310,89.15,1.0450,2025-11-05 20:06:32,235.0
0.7050,19.9240,0.3150,89.3680,1.0560,2025-11-05 20:06:32,235.0
0.7260,19.9960,0.3640,89.2540,1.0390,2025-11-05 20:06:32,235.0
0.7150,20.0210,0.3250,88.8770,1.0850,2025-11-05 20:06:32,235.0
0.7210,19.9810,0.4020,88.7640,1.1130,2025-11-05 20:06:32,235.0
0.7030,19.9680,0.55,89.1490,1.0150,2025-11-05 20:06:32,235.0
0.7030,19.9590,0.3710,88.9620,1.0570,2025-11-05 20:06:32,235.0
0.70,19.8610,0.4870,89.1170,1.0510,2025-11-05 20:06:32,235.0
0.7110,19.9370,0.4760,88.9240,1.0940,2025-11-05 20:06:32,235.0
0.7160,19.9650,0.5390,88.9740,1.0540,2025-11-05 20:06:32,235.0
0.6970,19.9460,0.4830,89.5590,0.9950,2025-11-05 20:06:32,235.0
0.7060,19.9710,0.2940,89.0410,1.0610,2025-11-05 20:06:32,235.0
0.6960,19.8860,0.5740,88.6080,1.0770,2025-11-05 20:06:32,235.0
0.6970,20.0030,0.3460,88.88,1.1170,2025-11-05 21:11:33,236.0
0.7130,19.9370,0.4060,89.3080,1.0410,2025-11-05 21:11:33,236.0
0.7180,20.0530,0.3150,89.2250,1.0790,2025-11-05 21:11:33,236.0
0.70,20.0940,0.5420,89.5010,1.0390,2025-11-05 21:11:33,236.0
0.7060,19.9460,0.4520,89.2210,1.0410,2025-11-05 21:11:33,236.0
0.7040,20.0340,0.3990,89.0980,1.0460,2025-11-05 21:11:33,236.0
0.6950,19.9810,0.3460,89.2260,0.9720,2025-11-05 21:11:33,236.0
0.71,19.9460,0.3430,89.23,1.0110,2025-11-05 21:11:33,236.0
0.6950,19.8830,0.5950,88.8890,1.1040,2025-11-05 21:11:33,236.0
0.7220,19.9770,0.3460,88.8750,1.0780,2025-11-05 21:11:33,236.0
0.7170,19.9330,0.6160,89.0060,1.0720,2025-11-05 21:11:33,236.0
0.7480,19.9710,0.4270,88.7990,1.15,2025-11-05 21:11:33,236.0
0.69,19.9960,0.5420,89.0030,1.0920,2025-11-05 21:11:33,236.0
0.7130,20.0180,0.3610,88.9350,1.0440,2025-11-05 21:11:33,236.0
0.7180,19.9770,0.5070,88.8940,1.0060,2025-11-05 21:11:33,236.0
0.7210,20.0210,0.4690,89.1080,1.0840,2025-11-05 21:11:33,236.0
0.7160,19.9740,0.4060,88.9020,1.1250,2025-11-05 21:11:33,236.0
0.7220,20.0030,0.4660,89.0770,1.1010,2025-11-05 21:11:33,236.0
0.7080,19.9550,0.3190,88.9790,1,2025-11-05 21:11:33,236.0
0.7140,19.9240,0.5920,88.9390,1.0830,2025-11-05 21:11:33,236.0
0.6990,19.9210,0.5430,88.9130,0.9770,2025-11-06 13:24:22,237.0
0.7110,19.8990,0.4620,89.1530,1.0340,2025-11-06 13:24:22,237.0
0.7390,19.9110,0.7950,89.2380,1.0760,2025-11-06 13:24:22,237.0
0.7150,19.9650,0.4970,88.6730,1.0420,2025-11-06 13:24:22,237.0
0.7080,19.9150,0.2980,89.1020,1.0160,2025-11-06 13:24:22,237.0
0.7310,19.8930,0.5210,89.1710,1.0930,2025-11-06 13:24:22,237.0
0.7040,19.8890,0.6480,89.2660,1.08,2025-11-06 13:24:22,237.0
0.7060,19.9330,0.3570,89.0530,1.0230,2025-11-06 13:24:22,237.0
0.72,19.9110,0.5810,89.3460,1.0590,2025-11-06 13:24:22,237.0
0.7010,19.8770,0.6510,89.22,1.03,2025-11-06 13:24:22,237.0
0.7150,19.9110,0.5110,89.0240,1.0950,2025-11-06 13:24:22,237.0
0.7080,19.8890,0.49,88.7890,1.0580,2025-11-06 13:24:22,237.0
0.7240,19.9740,0.4580,88.78,1.0730,2025-11-06 13:24:22,237.0
0.7150,19.9210,0.4380,88.8570,1.0410,2025-11-06 13:24:22,237.0
0.7130,19.9330,0.35,88.9650,1.0550,2025-11-06 13:24:22,237.0
0.7240,19.9680,0.4860,89.0270,1.0290,2025-11-06 13:24:22,237.0
0.7030,19.9330,0.6090,89.2260,1.0310,2025-11-06 13:24:22,237.0
0.7190,20.0340,0.4130,89.1840,1.0360,2025-11-06 13:24:22,237.0
0.7410,19.8860,0.3250,88.9230,1.0560,2025-11-06 13:24:22,237.0
0.6960,19.9080,0.3010,88.9530,0.9820,2025-11-06 13:24:22,237.0
0.7060,19.9460,0.4380,89.1560,1.0460,2025-11-06 19:29:30,238.0
0.6990,19.9990,0.3460,89.0330,1.0180,2025-11-06 19:29:30,238.0
0.6930,19.9960,0.3190,89.0410,0.9910,2025-11-06 19:29:30,238.0
0.6940,19.9710,0.2240,88.8780,1.0350,2025-11-06 19:29:30,238.0
0.7190,19.99,0.4480,88.9240,1.0790,2025-11-06 19:29:30,238.0
0.6980,19.9330,0.3220,88.8110,1.0590,2025-11-06 19:29:30,238.0
0.7070,20.0560,0.4170,89.1190,1.0430,2025-11-06 19:29:30,238.0
0.7130,19.9740,0.3010,88.91,0.9760,2025-11-06 19:29:30,238.0
0.7040,20.0340,0.3150,89.0580,1.03,2025-11-06 19:29:30,238.0
0.7220,20.0840,0.3540,89.1910,1.0460,2025-11-06 19:29:30,238.0
0.7210,20.0030,0.5390,89.0010,1.0630,2025-11-06 19:29:30,238.0
0.7030,20.0120,0.3570,88.8270,1.0280,2025-11-06 19:29:30,238.0
0.7280,20.0430,0.3710,88.9870,1.0550,2025-11-06 19:29:30,238.0
0.7010,19.9650,0.4310,89.0280,1.07,2025-11-06 19:29:30,238.0
0.7130,20.0970,0.28,89.0290,0.9730,2025-11-06 19:29:30,238.0
0.7130,20.05,0.4130,89.0620,1.0470,2025-11-06 19:29:30,238.0
0.7250,20.0030,0.3460,89.3110,1.0640,2025-11-06 19:29:30,238.0
0.7040,20.0280,0.3610,89.1340,1.0360,2025-11-06 19:29:30,238.0
0.6930,19.9490,0.3710,89.0580,0.99,2025-11-06 19:29:30,238.0
0.71,19.9930,0.4870,88.9470,1.0520,2025-11-06 19:29:30,238.0
0.6920,19.9770,0.3360,88.9210,1.0640,2025-11-06 21:14:32,239.0
0.7090,20.0060,0.3150,88.9920,1.0920,2025-11-06 21:14:32,239.0
0.7330,20.0030,0.4130,89.12,1.08,2025-11-06 21:14:32,239.0
0.7270,20.10,0.3080,88.9450,1.0670,2025-11-06 21:14:32,239.0
0.7170,19.9990,0.2910,88.9210,1.0970,2025-11-06 21:14:32,239.0
0.7110,20.0090,0.3710,88.9140,1.0870,2025-11-06 21:14:32,239.0
0.7070,19.99,0.2660,88.9540,1.0330,2025-11-06 21:14:32,239.0
0.7160,19.9620,0.5110,89.0250,1.0960,2025-11-06 21:14:32,239.0
0.7210,20.0810,0.4230,88.7340,1.0840,2025-11-06 21:14:32,239.0
0.6850,19.99,0.4170,89.0350,1.0510,2025-11-06 21:14:32,239.0
0.6940,19.9490,0.3360,89.1380,1.0110,2025-11-06 21:14:32,239.0
0.7260,20.0780,0.4310,89.0310,1.1270,2025-11-06 21:14:32,239.0
0.7170,20.0430,0.3750,89.0790,1.1190,2025-11-06 21:14:32,239.0
0.7180,19.9840,0.4970,88.9140,1.1130,2025-11-06 21:14:32,239.0
0.6890,19.9270,0.49,88.9530,1.0130,2025-11-06 21:14:32,239.0
0.7040,19.9430,0.3150,89.2320,1.0540,2025-11-06 21:14:32,239.0
0.7150,20.0120,0.2590,88.9830,1.0780,2025-11-06 21:14:32,239.0
0.6910,20.0940,0.3960,88.9820,1.0510,2025-11-06 21:14:32,239.0
0.7250,20.0530,0.4170,88.8330,1.1320,2025-11-06 21:14:32,239.0
0.6710,20.0430,0.3360,88.8210,0.9370,2025-11-07 10:59:07,240.0
0.7040,20.0340,0.3050,88.9180,1.0210,2025-11-07 10:59:07,240.0
0.7330,20.09,0.4450,88.9820,1.1030,2025-11-07 10:59:07,240.0
0.7160,20.10,0.5430,89.3130,1.0390,2025-11-07 10:59:07,240.0
0.7110,19.9960,0.3780,88.9260,1.0410,2025-11-07 10:59:07,240.0
0.7350,20.0940,0.3080,89.2790,1.07,2025-11-07 10:59:07,240.0
0.72,20.0720,0.3460,88.7760,1.0660,2025-11-07 10:59:07,240.0
0.7110,19.9960,0.4440,88.7820,1.1180,2025-11-07 10:59:07,240.0
0.6850,20.0310,0.3010,89.0840,1.0150,2025-11-07 10:59:07,240.0
0.7150,20.0970,0.4870,89.0990,1.0740,2025-11-07 10:59:07,240.0
0.7110,20.1440,0.3120,88.9440,1.0230,2025-11-07 10:59:07,240.0
0.7110,20.0530,0.2630,88.9740,0.9990,2025-11-07 10:59:07,240.0
0.72,20.0340,0.3050,89.1990,1.0560,2025-11-07 10:59:07,240.0
0.75,20.09,0.4440,89.2190,0.9790,2025-11-07 10:59:07,240.0
0.7170,19.9810,0.4830,89.0810,0.9670,2025-11-07 10:59:07,240.0
0.7280,20.05,0.3640,88.7880,1.05,2025-11-07 10:59:07,240.0
0.70,19.9180,0.3120,89.0920,1.1270,2025-11-07 10:59:07,240.0
0.7160,19.9740,0.2840,88.7740,1.0330,2025-11-07 10:59:07,240.0
0.71,19.9960,0.3920,88.8690,1.04,2025-11-07 10:59:07,240.0
0.7240,20.1120,0.3220,88.95,1.0810,2025-11-07 10:59:07,240.0
0.7380,20.1190,0.3920,88.9230,1.0840,2025-11-07 13:29:13,241.0
0.7150,20.0750,0.4340,88.9760,1.0340,2025-11-07 13:29:13,241.0
0.7060,20.0430,0.4090,89.0980,0.9880,2025-11-07 13:29:13,241.0
0.7030,20.0310,0.5710,88.9470,1.05,2025-11-07 13:29:13,241.0
0.7170,20.0680,0.5560,89.1670,1.0570,2025-11-07 13:29:13,241.0
0.69,20.0650,0.4230,89.1030,0.9830,2025-11-07 13:29:13,241.0
0.7030,19.9840,0.3850,89.0450,1.0410,2025-11-07 13:29:13,241.0
0.7010,20.0120,0.28,88.9840,1.0180,2025-11-07 13:29:13,241.0
0.7070,20.0210,0.5460,89.2140,1.0390,2025-11-07 13:29:13,241.0
0.72,20.0750,0.5460,88.9090,1.1130,2025-11-07 13:29:13,241.0
0.7170,19.99,0.3430,88.83,1.0610,2025-11-07 13:29:13,241.0
0.7290,20.0090,0.3460,89.2560,1.0920,2025-11-07 13:29:13,241.0
0.6890,20.0590,0.50,89.0950,1.0070,2025-11-07 13:29:13,241.0
0.7340,20.0340,0.5460,88.9770,1.0880,2025-11-07 13:29:13,241.0
0.7090,19.9080,0.6960,89.0240,1.0680,2025-11-07 13:29:13,241.0
0.7060,20.16,0.3460,88.9370,1.0040,2025-11-07 13:29:13,241.0
0.7240,20.1060,0.5640,89.0890,1.02,2025-11-07 13:29:13,241.0
0.7180,20.0030,0.3990,89.0950,1.0750,2025-11-07 13:29:13,241.0
0.7070,20.0180,0.4520,88.9830,1.0560,2025-11-07 13:29:13,241.0
0.7290,20.05,0.5290,89.0590,1.14,2025-11-07 13:29:13,241.0
0.7190,19.9930,0.5670,88.9210,1.04,2025-11-07 19:29:21,242.0
0.7240,19.9870,0.5320,88.72,1.0120,2025-11-07 19:29:21,242.0
0.7330,19.9180,0.3570,88.9680,1.0390,2025-11-07 19:29:21,242.0
0.7290,20.04,0.5150,89.10,1.0610,2025-11-07 19:29:21,242.0
0.7040,19.9520,0.4520,88.9690,1.0960,2025-11-07 19:29:21,242.0
0.7180,20.0680,0.4170,89.0580,1.0330,2025-11-07 19:29:21,242.0
0.7010,19.8890,0.3050,88.9190,1.0660,2025-11-07 19:29:21,242.0
0.7220,19.9590,0.3670,89.0690,1.0350,2025-11-07 19:29:21,242.0
0.6830,19.9810,0.56,88.9610,0.9670,2025-11-07 19:29:21,242.0
0.7230,19.9240,0.3990,89.0870,1.0530,2025-11-07 19:29:21,242.0
0.6810,19.9430,0.3430,88.7720,0.9880,2025-11-07 19:29:21,242.0
0.7090,19.9710,0.3150,89.0530,1.0260,2025-11-07 19:29:21,242.0
0.6950,19.9270,0.3990,89.0310,0.9990,2025-11-07 19:29:21,242.0
0.7160,19.9050,0.2520,89.0150,1.0280,2025-11-07 19:29:21,242.0
0.7280,19.9710,0.5290,89.1380,1.0120,2025-11-07 19:29:21,242.0
0.7030,19.9330,0.4340,89.20,1.0470,2025-11-07 19:29:21,242.0
0.7430,20.0750,0.49,89.0910,1.1020,2025-11-07 19:29:21,242.0
0.7110,20.04,0.4550,89.0280,1.0610,2025-11-07 19:29:21,242.0
0.7290,20.0560,0.3430,89.1190,1.0580,2025-11-07 19:29:21,242.0
0.7170,19.9810,0.3330,88.9080,1.0620,2025-11-07 19:29:21,242.0
0.71,20.0310,0.6230,88.9460,1.0320,2025-11-09 15:00:59,243.0
0.7270,20.0560,0.4030,89.0770,1.06,2025-11-09 15:00:59,243.0
0.7060,20.0120,0.3920,89.0670,1.0250,2025-11-09 15:00:59,243.0
0.7210,20.0210,0.4730,88.97,1.0220,2025-11-09 15:00:59,243.0
0.7240,20.0060,0.3610,88.9170,1.11,2025-11-09 15:00:59,243.0
0.7030,19.9960,0.4620,88.8840,0.9690,2025-11-09 15:00:59,243.0
0.7120,20.0150,0.3750,89.0390,1.0770,2025-11-09 15:00:59,243.0
0.7130,20.0650,0.3540,88.8750,0.9680,2025-11-09 15:00:59,243.0
0.7170,19.9810,0.5670,88.9720,1.0770,2025-11-09 15:00:59,243.0
0.7170,19.9710,0.5350,88.7720,1.0030,2025-11-09 15:00:59,243.0
0.6860,19.9550,0.4730,88.95,0.9440,2025-11-09 15:00:59,243.0
0.7140,20.05,0.5320,88.7590,1.1030,2025-11-09 15:00:59,243.0
0.7210,19.9810,0.4580,88.9420,1.0110,2025-11-09 15:00:59,243.0
0.7040,20.0030,0.3750,88.9630,1.0730,2025-11-09 15:00:59,243.0
0.7110,20.0460,0.3150,89.0650,1.0460,2025-11-09 15:00:59,243.0
0.7180,20.0780,0.5390,89.0080,1.0350,2025-11-09 15:00:59,243.0
0.7490,19.9990,0.5770,89.06,1.0860,2025-11-09 15:00:59,243.0
0.73,20.0090,0.4060,88.9340,1.0650,2025-11-09 15:00:59,243.0
0.7080,19.9650,0.4720,89.21,0.9910,2025-11-09 15:00:59,243.0
0.7030,19.9620,0.3250,88.8750,1.0080,2025-11-09 15:00:59,243.0
0.7280,19.9810,0.4440,88.9910,1.1060,2025-11-09 19:26:07,244.0
0.7230,19.9020,0.3990,89.1140,1.0920,2025-11-09 19:26:07,244.0
0.7270,19.8990,0.4380,88.9910,1.0970,2025-11-09 19:26:07,244.0
0.7040,20.0180,0.4170,88.7810,1.11,2025-11-09 19:26:07,244.0
0.7120,19.9330,0.3920,89.0140,1.0350,2025-11-09 19:26:07,244.0
0.7090,19.9330,0.41,88.8810,1.0410,2025-11-09 19:26:07,244.0
0.7020,19.9430,0.5460,88.9630,1.0020,2025-11-09 19:26:07,244.0
0.7180,19.9590,0.3610,89.1130,1.1070,2025-11-09 19:26:07,244.0
0.7170,19.9680,0.3810,89.09,0.9790,2025-11-09 19:26:07,244.0
0.7030,20.0090,0.3430,89.0590,1.0650,2025-11-09 19:26:07,244.0
0.7180,19.9740,0.3990,89.07,1.0080,2025-11-09 19:26:07,244.0
0.7160,19.9960,0.3540,89.0840,1.0450,2025-11-09 19:26:07,244.0
0.7040,19.93,0.4550,89.2130,0.9790,2025-11-09 19:26:07,244.0
0.7170,19.8990,0.3050,89.3430,1.0390,2025-11-09 19:26:07,244.0
0.7280,19.9520,0.3180,89.0320,1.0290,2025-11-09 19:26:07,244.0
0.7110,19.9590,0.4620,89.0120,1.0150,2025-11-09 19:26:07,244.0
0.7060,19.9430,0.5290,89.49,1.1220,2025-11-09 19:26:07,244.0
0.7280,19.9490,0.3320,88.8670,1.0580,2025-11-09 19:26:07,244.0
0.7050,19.9430,0.4130,89.4140,1.0870,2025-11-09 19:26:07,244.0
0.7520,19.9990,0.3890,89.0580,1.0910,2025-11-09 19:26:07,244.0
0.71,19.9840,0.4130,89.2140,0.9920,2025-11-09 21:56:11,245.0
0.7180,19.9550,0.2380,88.78,1.0320,2025-11-09 21:56:11,245.0
0.7050,20.0280,0.3710,88.9810,1.0310,2025-11-09 21:56:11,245.0
0.6870,19.9680,0.35,88.9220,1.0050,2025-11-09 21:56:11,245.0
0.7130,19.9740,0.4620,89.2350,0.9970,2025-11-09 21:56:11,245.0
0.7390,19.9990,0.4730,89.2060,1.1350,2025-11-09 21:56:11,245.0
0.7130,19.9490,0.5670,89.1730,1.0450,2025-11-09 21:56:11,245.0
0.7230,19.9490,0.43,89.1570,1.0480,2025-11-09 21:56:11,245.0
0.7320,19.9990,0.5420,89.0890,1.0430,2025-11-09 21:56:11,245.0
0.73,19.9490,0.5530,89.0660,1.0830,2025-11-09 21:56:11,245.0
0.71,20.0150,0.4440,88.7630,1.01,2025-11-09 21:56:11,245.0
0.7310,20.0180,0.3110,89.3270,1.0410,2025-11-09 21:56:11,245.0
0.7090,20.0090,0.4760,88.6020,1.0760,2025-11-09 21:56:11,245.0
0.70,20.0150,0.4270,88.8470,1.0820,2025-11-09 21:56:11,245.0
0.7290,19.9590,0.4970,88.9080,1.0950,2025-11-09 21:56:11,245.0
0.6780,19.9490,0.3710,88.7890,0.9840,2025-11-09 21:56:11,245.0
0.71,19.9210,0.4130,89.91,1.0470,2025-11-09 21:56:11,245.0
0.72,19.9960,0.5040,89.1160,1.1180,2025-11-09 21:56:11,245.0
0.7090,19.9620,0.4730,89.0510,1.0770,2025-11-09 21:56:11,245.0
0.7510,19.9930,0.4340,88.9590,1.0690,2025-11-09 21:56:11,245.0
