M,C,d,L,R,T,N
0.9010,24.5070,1.0620,84.20,0.9750,2025-01-09 11:51:25,0.0
0.9110,24.4070,0.7160,84.25,1.0950,2025-01-09 11:51:25,0.0
0.90,24.3240,0.5020,84.08,1.0620,2025-01-09 11:51:25,0.0
0.9110,24.3550,0.6860,84.18,1.0010,2025-01-09 11:51:25,0.0
0.91,24.4080,0.5450,84.02,1.0090,2025-01-09 11:51:25,0.0
0.8910,24.3630,0.47,84.24,1.0470,2025-01-09 11:51:25,0.0
0.8950,24.3470,0.5250,84.35,1.0840,2025-01-09 11:51:25,0.0
0.9060,24.3960,0.5750,84.10,1.0640,2025-01-09 11:51:25,0.0
0.8630,24.3440,0.4950,84.01,1.0030,2025-01-09 11:51:25,0.0
0.8650,24.3390,0.6710,84.26,1.0330,2025-01-09 11:51:25,0.0
0.8870,24.4130,0.7010,84.26,1.0090,2025-01-09 11:51:25,0.0
0.8910,24.4060,1.3610,83.97,1.0540,2025-01-09 11:51:25,0.0
0.8860,24.3820,0.7280,84.08,1.1170,2025-01-09 11:51:25,0.0
0.8760,24.3170,0.46,84.23,1.06,2025-01-09 11:51:25,0.0
0.9050,24.3890,0.5750,83.99,1.0670,2025-01-09 11:51:25,0.0
0.9010,24.3980,0.3770,83.98,1.0410,2025-01-09 11:51:25,0.0
0.8830,24.2970,0.9070,84.21,1.0840,2025-01-09 11:51:25,0.0
0.9010,24.3680,0.8920,83.88,1.02,2025-01-09 11:51:25,0.0
0.9040,24.3430,0.5880,83.99,1.0680,2025-01-09 11:51:25,0.0
0.8760,24.3520,0.5020,83.91,1.0260,2025-01-09 11:51:25,0.0
0.8620,24.3480,0.5450,83.96,1.0670,2025-01-09 13:11:37,1.0
0.9030,24.4190,0.7530,83.96,1.0120,2025-01-09 13:11:37,1.0
0.9110,24.3910,0.3420,83.97,1.0040,2025-01-09 13:11:37,1.0
0.9110,24.4230,0.5150,84.20,1.0840,2025-01-09 13:11:37,1.0
0.89,24.3770,0.6580,83.97,1.0380,2025-01-09 13:11:37,1.0
0.8930,24.3050,0.5780,84.25,1.0330,2025-01-09 13:11:37,1.0
0.87,24.2660,0.4620,83.84,1.0260,2025-01-09 13:11:37,1.0
0.89,24.3330,0.7680,83.87,1.0330,2025-01-09 13:11:37,1.0
0.9070,24.3610,0.6380,84.22,1.0230,2025-01-09 13:11:37,1.0
0.8680,24.2540,0.4570,84.18,1.0340,2025-01-09 13:11:37,1.0
0.8650,24.3270,0.64,84.16,1.0440,2025-01-09 13:11:37,1.0
0.8890,24.34,0.4190,84.01,1.0460,2025-01-09 13:11:37,1.0
0.8470,24.26,1.3970,84.17,1.0040,2025-01-09 13:11:37,1.0
0.8920,24.3010,0.4170,84.08,1.0770,2025-01-09 13:11:37,1.0
0.8880,24.2980,0.4720,84.02,1.0460,2025-01-09 13:11:37,1.0
0.9090,24.3450,0.4140,84.37,1.0330,2025-01-09 13:11:37,1.0
0.9020,24.3360,0.5220,84.16,1.07,2025-01-09 13:11:37,1.0
0.9090,24.3530,0.4870,84.14,1.0910,2025-01-09 13:11:37,1.0
0.9290,24.3590,0.5850,84.17,1.0420,2025-01-09 13:11:37,1.0
0.86,24.27,1.1980,83.85,0.9730,2025-01-09 13:11:37,1.0
0.9110,24.4450,1.0150,84.16,1.0370,2025-01-09 19:01:50,2.0
0.9060,24.3390,1.0520,84.33,1.0280,2025-01-09 19:01:50,2.0
0.8920,24.3570,0.5270,83.75,1.04,2025-01-09 19:01:50,2.0
0.9240,24.4090,0.7160,84.07,1.0970,2025-01-09 19:01:50,2.0
0.8870,24.3390,0.7160,83.95,1.0060,2025-01-09 19:01:50,2.0
0.9180,24.3310,0.3190,84.15,1.0730,2025-01-09 19:01:50,2.0
0.9070,24.3650,0.6480,84,1.0690,2025-01-09 19:01:50,2.0
0.9320,24.3850,0.57,84.42,1.0920,2025-01-09 19:01:50,2.0
0.86,24.3770,0.4040,83.93,0.9940,2025-01-09 19:01:50,2.0
0.8530,24.3250,0.4370,83.91,0.9750,2025-01-09 19:01:50,2.0
0.92,24.4370,0.5830,84.10,1.03,2025-01-09 19:01:50,2.0
0.9020,24.2690,0.4350,84.28,1.0280,2025-01-09 19:01:50,2.0
0.8970,24.3830,0.5830,84.22,1.0480,2025-01-09 19:01:50,2.0
0.9030,24.3460,0.47,84.07,1.0780,2025-01-09 19:01:50,2.0
0.9290,24.4310,0.5150,84.26,1.0460,2025-01-09 19:01:50,2.0
0.8770,24.2950,0.6250,83.99,0.9750,2025-01-09 19:01:50,2.0
0.8850,24.2520,0.7310,83.99,0.9590,2025-01-09 19:01:50,2.0
0.9250,24.3240,0.9720,84.20,1.0010,2025-01-09 19:01:50,2.0
0.8980,24.3610,0.4040,84.22,1.0160,2025-01-09 19:01:50,2.0
0.8820,24.3670,0.6810,84.01,0.9680,2025-01-09 19:01:50,2.0
0.9090,24.2970,0.6050,84.25,1.0830,2025-01-09 21:16:57,3.0
0.9150,24.3480,0.6050,84.09,1.0320,2025-01-09 21:16:57,3.0
0.9130,24.2920,0.3570,84.04,1.0640,2025-01-09 21:16:57,3.0
0.9330,24.2730,0.5350,84.21,1.1060,2025-01-09 21:16:57,3.0
0.8850,24.2970,0.8160,83.86,1.0070,2025-01-09 21:16:57,3.0
0.9110,24.3410,1.1430,84.26,1.0220,2025-01-09 21:16:57,3.0
0.8960,24.3260,0.4920,83.95,1.0390,2025-01-09 21:16:57,3.0
0.8930,24.3250,0.5950,84.18,1.0140,2025-01-09 21:16:57,3.0
0.9150,24.3890,0.7540,84.41,1.0440,2025-01-09 21:16:57,3.0
0.9050,24.2610,0.48,84.26,1.0880,2025-01-09 21:16:57,3.0
0.8990,24.3810,1.2610,84.17,1.0940,2025-01-09 21:16:57,3.0
0.9180,24.3210,0.6050,84.19,1.0680,2025-01-09 21:16:57,3.0
0.8930,24.2610,0.6230,84.13,1.0050,2025-01-09 21:16:57,3.0
0.9160,24.2810,0.7710,84.30,1.0470,2025-01-09 21:16:57,3.0
0.9420,24.38,0.4020,84.29,1.0890,2025-01-09 21:16:57,3.0
0.9250,24.35,0.5650,84.36,1.0610,2025-01-09 21:16:57,3.0
0.9070,24.3950,0.4870,84.40,1.0940,2025-01-09 21:16:57,3.0
0.9160,24.2840,0.5370,84.25,1.0370,2025-01-09 21:16:57,3.0
0.8960,24.3450,0.5320,84.20,1.0170,2025-01-09 21:16:57,3.0
0.9030,24.42,0.4420,84.10,1.0620,2025-01-09 21:16:57,3.0
0.8980,24.2450,0.6660,84.19,1.0650,2025-01-10 11:38:08,4.0
0.8810,24.3850,0.6710,83.90,1.0980,2025-01-10 11:38:08,4.0
0.94,24.35,1.0120,84.20,1.0660,2025-01-10 11:38:08,4.0
0.9010,24.26,0.6480,83.99,1.0650,2025-01-10 11:38:08,4.0
0.8990,24.35,0.51,83.89,1.0480,2025-01-10 11:38:08,4.0
0.9190,24.4650,0.9320,84.20,1.1130,2025-01-10 11:38:08,4.0
0.8880,24.3180,0.5480,83.97,1.05,2025-01-10 11:38:08,4.0
0.8860,24.3530,0.4250,83.95,1.0470,2025-01-10 11:38:08,4.0
0.8960,24.3050,0.4650,84.45,1.1150,2025-01-10 11:38:08,4.0
0.9540,24.4630,0.60,84.37,1.0840,2025-01-10 11:38:08,4.0
0.8930,24.4540,0.43,84.30,1.0790,2025-01-10 11:38:08,4.0
0.8920,24.3250,0.6550,84,1.0580,2025-01-10 11:38:08,4.0
0.8670,24.1940,0.4750,83.97,1.0060,2025-01-10 11:38:08,4.0
0.9290,24.3690,0.4420,84,1.0910,2025-01-10 11:38:08,4.0
0.8730,24.3210,0.9390,83.92,1.0420,2025-01-10 11:38:08,4.0
0.9050,24.3980,0.54,84.21,1.1080,2025-01-10 11:38:08,4.0
0.9080,24.3060,0.8040,84.39,1.0950,2025-01-10 11:38:08,4.0
0.8830,24.36,0.7530,83.86,0.9980,2025-01-10 11:38:08,4.0
0.8970,24.3890,0.51,84.25,1.0530,2025-01-10 11:38:08,4.0
0.9040,24.2910,0.4390,84.22,1.0730,2025-01-10 11:38:08,4.0
0.8560,24.2210,0.7530,84.05,0.9940,2025-01-10 13:13:19,5.0
0.9320,24.3110,0.5880,84.21,1.0320,2025-01-10 13:13:19,5.0
0.8820,24.2490,0.6880,83.96,1.0040,2025-01-10 13:13:19,5.0
0.9280,24.3020,0.62,83.99,1.0580,2025-01-10 13:13:19,5.0
0.90,24.2720,0.9640,83.87,1.0410,2025-01-10 13:13:19,5.0
0.8750,24.2540,0.3670,84.18,1.0160,2025-01-10 13:13:19,5.0
0.8890,24.4510,0.9390,84.30,1.0310,2025-01-10 13:13:19,5.0
0.8980,24.2850,0.3640,83.94,1.0290,2025-01-10 13:13:19,5.0
0.9180,24.24,0.6150,84.36,1.0650,2025-01-10 13:13:19,5.0
0.8910,24.3540,0.7460,84.19,1.0570,2025-01-10 13:13:19,5.0
0.90,24.2820,0.4170,84.15,1.0220,2025-01-10 13:13:19,5.0
0.88,24.2270,0.6580,84.17,1,2025-01-10 13:13:19,5.0
0.8910,24.2650,1.0450,84.84,1.0630,2025-01-10 13:13:19,5.0
0.8890,24.2640,0.6760,84.03,0.9960,2025-01-10 13:13:19,5.0
0.9050,24.3460,0.57,83.82,1.0290,2025-01-10 13:13:19,5.0
0.89,24.30,0.54,84.31,1.0630,2025-01-10 13:13:19,5.0
0.92,24.2490,0.6710,84.23,1.0250,2025-01-10 13:13:19,5.0
0.8910,24.3670,0.6460,84.20,1.0760,2025-01-10 13:13:19,5.0
0.9010,24.2750,0.46,84.24,1.0740,2025-01-10 13:13:19,5.0
0.9160,24.3670,0.7260,83.86,1.0250,2025-01-10 13:13:19,5.0
0.9190,24.4110,0.6730,84.11,1.0940,2025-01-10 19:13:29,6.0
0.8680,24.2660,0.8740,84.11,1.0670,2025-01-10 19:13:29,6.0
0.90,24.3010,0.5450,83.94,1.0540,2025-01-10 19:13:29,6.0
0.8910,24.4360,0.52,84.06,1.0540,2025-01-10 19:13:29,6.0
0.9020,24.4380,0.59,84.26,1.0950,2025-01-10 19:13:29,6.0
0.87,24.3050,0.7690,83.70,1.06,2025-01-10 19:13:29,6.0
0.8920,24.3880,0.4270,84.10,1.0690,2025-01-10 19:13:29,6.0
0.8990,24.2330,0.4950,84.02,1.0510,2025-01-10 19:13:29,6.0
0.9180,24.3570,0.5650,83.89,1.10,2025-01-10 19:13:29,6.0
0.9070,24.3340,0.5680,84.23,1.1150,2025-01-10 19:13:29,6.0
0.9040,24.3770,0.6550,84.24,1.0650,2025-01-10 19:13:29,6.0
0.9130,24.34,0.6180,84.04,1.0490,2025-01-10 19:13:29,6.0
0.8660,24.3070,0.7740,83.86,0.99,2025-01-10 19:13:29,6.0
0.9170,24.4480,0.5930,84.20,1.0710,2025-01-10 19:13:29,6.0
0.8950,24.40,0.8970,84.20,1.0360,2025-01-10 19:13:29,6.0
0.8880,24.3150,0.6280,83.89,1.0580,2025-01-10 19:13:29,6.0
0.8940,24.3280,0.50,83.94,1.01,2025-01-10 19:13:29,6.0
0.9240,24.3540,0.5850,84.38,1.1270,2025-01-10 19:13:29,6.0
0.8890,24.3530,0.5750,84.16,1.0440,2025-01-10 19:13:29,6.0
0.8770,24.2960,0.4120,83.72,1.0580,2025-01-10 19:13:29,6.0
0.9030,24.3440,0.54,83.94,1.0030,2025-01-10 21:13:37,7.0
0.89,24.4270,0.5530,84.15,1.0220,2025-01-10 21:13:37,7.0
0.9020,24.3920,0.4650,84.16,1.0010,2025-01-10 21:13:37,7.0
0.8930,24.3250,0.7060,84.19,1.02,2025-01-10 21:13:37,7.0
0.8840,24.3390,0.5750,84.23,1.0590,2025-01-10 21:13:37,7.0
0.9160,24.4380,0.4240,84.49,1.0790,2025-01-10 21:13:37,7.0
0.8890,24.3060,1.3360,83.97,1.0360,2025-01-10 21:13:37,7.0
0.9030,24.4530,0.5320,83.92,1.0530,2025-01-10 21:13:37,7.0
0.9090,24.3370,0.7380,84.27,1.0730,2025-01-10 21:13:37,7.0
0.8960,24.3650,0.3890,84.49,1.0590,2025-01-10 21:13:37,7.0
0.8960,24.3930,0.8210,84.48,1.0130,2025-01-10 21:13:37,7.0
0.8640,24.3980,0.8140,84.21,1.0150,2025-01-10 21:13:37,7.0
0.8920,24.2680,0.4320,83.93,1.0540,2025-01-10 21:13:37,7.0
0.88,24.3080,0.49,84.13,0.9770,2025-01-10 21:13:37,7.0
0.9050,24.4050,0.4820,84.22,1.0570,2025-01-10 21:13:37,7.0
0.9190,24.3350,0.3940,84.27,1.0770,2025-01-10 21:13:37,7.0
0.8740,24.3790,0.5020,83.74,0.9780,2025-01-10 21:13:37,7.0
0.8880,24.3870,0.3790,84.25,1.0470,2025-01-10 21:13:37,7.0
0.8990,24.3710,0.4570,84.38,1.0870,2025-01-10 21:13:37,7.0
0.9010,24.41,0.4120,84.17,1.0170,2025-01-10 21:13:37,7.0
0.9020,24.3190,1.0370,84.15,1.0730,2025-02-10 13:13:52,8.0
0.9050,24.2930,0.5420,84.10,1.0940,2025-02-10 13:13:52,8.0
0.9080,24.3530,0.5450,83.88,0.9920,2025-02-10 13:13:52,8.0
0.8920,24.2740,0.5880,84.02,1.0840,2025-02-10 13:13:52,8.0
0.8990,24.3020,0.4440,84.02,0.97,2025-02-10 13:13:52,8.0
0.9160,24.32,0.5570,83.93,1.0210,2025-02-10 13:13:52,8.0
0.8970,24.3010,0.54,84.07,1.0740,2025-02-10 13:13:52,8.0
0.9160,24.2790,1.10,84.40,1.0270,2025-02-10 13:13:52,8.0
0.9180,24.3230,0.5220,84.10,1.0230,2025-02-10 13:13:52,8.0
0.8970,24.4160,0.57,84.09,1.0420,2025-02-10 13:13:52,8.0
0.9120,24.3540,0.5750,83.80,1.0060,2025-02-10 13:13:52,8.0
0.9130,24.3240,0.8260,84.23,1.0350,2025-02-10 13:13:52,8.0
0.90,24.2450,1.0120,84.29,1.0620,2025-02-10 13:13:52,8.0
0.8950,24.2490,0.53,84.23,0.9850,2025-02-10 13:13:52,8.0
0.8980,24.2990,0.58,84.25,1.0430,2025-02-10 13:13:52,8.0
0.8840,24.2660,0.5670,84.22,0.9840,2025-02-10 13:13:52,8.0
0.9170,24.3120,0.67,84.23,1.0550,2025-02-10 13:13:52,8.0
0.9320,24.4170,0.63,84.27,1.1190,2025-02-10 13:13:52,8.0
0.8940,24.2320,0.4870,84.11,1.0090,2025-02-10 13:13:52,8.0
0.9050,24.2740,0.5120,84.24,1.0940,2025-02-10 13:13:52,8.0
0.9090,24.3470,0.4340,84.25,1.0360,2025-02-10 14:13:59,9.0
0.8910,24.3440,0.4570,83.88,1.0260,2025-02-10 14:13:59,9.0
0.9010,24.4490,0.4390,84.11,1.0120,2025-02-10 14:13:59,9.0
0.9170,24.3940,0.6680,84.34,1.0350,2025-02-10 14:13:59,9.0
0.9170,24.3470,0.7210,84.23,1.0390,2025-02-10 14:13:59,9.0
0.9150,24.3070,0.6180,84,1.0090,2025-02-10 14:13:59,9.0
0.8910,24.3490,0.5450,84.07,1.0070,2025-02-10 14:13:59,9.0
0.8910,24.1930,0.6280,84.38,0.99,2025-02-10 14:13:59,9.0
0.8950,24.4680,0.4570,83.81,0.9570,2025-02-10 14:13:59,9.0
0.88,24.3180,0.7580,84.24,0.9870,2025-02-10 14:13:59,9.0
0.91,24.3170,0.7430,84.06,0.9830,2025-02-10 14:13:59,9.0
0.8890,24.3010,0.4590,84.12,1.0240,2025-02-10 14:13:59,9.0
0.89,24.27,0.7330,84.39,1.0150,2025-02-10 14:13:59,9.0
0.8780,24.3540,0.4340,84.18,0.9410,2025-02-10 14:13:59,9.0
0.8730,24.3010,0.6280,83.98,0.9950,2025-02-10 14:13:59,9.0
0.9290,24.4490,0.3870,83.88,1.0130,2025-02-10 14:13:59,9.0
0.88,24.3090,0.4320,84,0.9930,2025-02-10 14:13:59,9.0
0.8910,24.3760,0.6480,83.96,0.9530,2025-02-10 14:13:59,9.0
0.8810,24.2970,1.16,84.27,0.9910,2025-02-10 14:13:59,9.0
0.8960,24.2630,0.5470,84.19,0.9990,2025-02-10 14:13:59,9.0
0.9310,24.3160,0.6680,84.11,1.0920,2025-02-10 19:44:09,10.0
0.8970,24.3230,0.6680,84.04,1.0670,2025-02-10 19:44:09,10.0
0.9270,24.3670,0.7930,83.63,1.0750,2025-02-10 19:44:09,10.0
0.89,24.3440,0.45,84.05,1.0230,2025-02-10 19:44:09,10.0
0.9020,24.3260,0.5470,84.35,1.0460,2025-02-10 19:44:09,10.0
0.9010,24.3520,0.5750,84.07,1.0540,2025-02-10 19:44:09,10.0
0.90,24.2950,0.3670,84.14,1.0670,2025-02-10 19:44:09,10.0
0.8770,24.27,0.5680,84.09,1.0290,2025-02-10 19:44:09,10.0
0.8920,24.3110,0.7060,83.77,0.9980,2025-02-10 19:44:09,10.0
0.9220,24.2760,0.8240,83.88,1.0330,2025-02-10 19:44:09,10.0
0.93,24.2780,0.4040,84.22,1.0580,2025-02-10 19:44:09,10.0
0.8890,24.3240,0.6830,84.02,1.0440,2025-02-10 19:44:09,10.0
0.9140,24.3010,0.8190,84.33,1.0450,2025-02-10 19:44:09,10.0
0.8960,24.2430,1.2150,84.12,1.0570,2025-02-10 19:44:09,10.0
0.9090,24.31,0.57,84.18,1.0450,2025-02-10 19:44:09,10.0
0.90,24.3810,0.4490,83.94,1.0470,2025-02-10 19:44:09,10.0
0.8830,24.2790,0.7130,84.06,1.0280,2025-02-10 19:44:09,10.0
0.9390,24.3980,0.51,84.05,1.0410,2025-02-10 19:44:09,10.0
0.9130,24.2580,0.5520,84.49,1.0040,2025-02-10 19:44:09,10.0
0.90,24.2250,0.5620,84.11,1.0690,2025-02-10 19:44:09,10.0
0.9280,24.3630,0.5070,83.89,1.0260,2025-02-10 21:09:21,11.0
0.9170,24.3570,0.7010,84,1.0680,2025-02-10 21:09:21,11.0
0.8860,24.3450,0.4970,84.20,0.9840,2025-02-10 21:09:21,11.0
0.92,24.3610,0.4790,83.91,0.9980,2025-02-10 21:09:21,11.0
0.9080,24.3960,0.4040,84.02,1.1050,2025-02-10 21:09:21,11.0
0.9250,24.3460,0.6150,84.23,1.03,2025-02-10 21:09:21,11.0
0.92,24.3060,0.56,84.05,1.08,2025-02-10 21:09:21,11.0
0.9450,24.3750,0.61,84.21,1.0950,2025-02-10 21:09:21,11.0
0.9090,24.3160,0.56,84.02,1.0450,2025-02-10 21:09:21,11.0
0.9010,24.3050,1.10,84.02,1.0040,2025-02-10 21:09:21,11.0
0.8970,24.3140,0.8340,84.16,1.0870,2025-02-10 21:09:21,11.0
0.90,24.3790,0.54,84.01,0.9910,2025-02-10 21:09:21,11.0
0.8890,24.30,0.4590,84.19,1.0630,2025-02-10 21:09:21,11.0
0.8980,24.2780,0.7180,84.39,1.0410,2025-02-10 21:09:21,11.0
0.9220,24.2920,0.5650,84.07,1.0950,2025-02-10 21:09:21,11.0
0.9210,24.35,0.9590,84.18,1.0720,2025-02-10 21:09:21,11.0
0.9060,24.2770,0.5830,83.93,1.0960,2025-02-10 21:09:21,11.0
0.90,24.3140,0.7580,83.96,1.0680,2025-02-10 21:09:21,11.0
0.8890,24.2930,0.7680,83.79,0.9840,2025-02-10 21:09:21,11.0
0.9050,24.3540,0.3890,84.19,1.0930,2025-02-10 21:09:21,11.0
0.9250,24.4090,0.4820,84.02,1.0380,2025-02-11 11:23:53,12.0
0.9140,24.3820,1.0120,84.16,1.0490,2025-02-11 11:23:53,12.0
0.9030,24.3480,0.4370,84.28,1.0090,2025-02-11 11:23:53,12.0
0.91,24.3220,0.7030,84.01,1.0650,2025-02-11 11:23:53,12.0
0.9030,24.42,0.3720,84.12,1.0450,2025-02-11 11:23:53,12.0
0.9310,24.3660,0.5350,83.83,1.1290,2025-02-11 11:23:53,12.0
0.8940,24.36,0.9890,84.16,1.03,2025-02-11 11:23:53,12.0
0.9250,24.37,0.4440,83.91,1.0390,2025-02-11 11:23:53,12.0
0.9140,24.4210,0.7330,84.16,0.9620,2025-02-11 11:23:53,12.0
0.8960,24.2790,0.7360,83.88,1.0720,2025-02-11 11:23:53,12.0
0.93,24.3830,0.3620,84.01,1.0970,2025-02-11 11:23:53,12.0
0.9030,24.31,0.5830,84.18,1.0850,2025-02-11 11:23:53,12.0
0.9170,24.3270,0.5780,84.05,1.0510,2025-02-11 11:23:53,12.0
0.8890,24.2490,0.52,84.24,1.07,2025-02-11 11:23:53,12.0
0.8730,24.3330,0.6580,84.24,1.0550,2025-02-11 11:23:53,12.0
0.88,24.3530,0.5320,84.02,1.0260,2025-02-11 11:23:53,12.0
0.8840,24.32,0.6150,83.99,0.9720,2025-02-11 11:23:53,12.0
0.9010,24.3410,0.5170,83.96,1.0720,2025-02-11 11:23:53,12.0
0.8830,24.2380,1.0620,84.27,1.0640,2025-02-11 11:23:53,12.0
0.9010,24.3420,0.6910,84.09,1.08,2025-02-11 11:23:53,12.0
0.90,24.2680,0.9190,84.11,1.0490,2025-02-11 13:13:58,13.0
0.8930,24.4140,0.2890,84.35,1.0330,2025-02-11 13:13:58,13.0
0.8660,24.4720,0.7360,84.38,0.9830,2025-02-11 13:13:58,13.0
0.8890,24.3870,0.4220,84.18,1.0370,2025-02-11 13:13:58,13.0
0.9320,24.5310,0.53,84.07,1.0290,2025-02-11 13:13:58,13.0
0.90,24.3760,0.5520,84.44,0.9840,2025-02-11 13:13:58,13.0
0.8920,24.5070,0.5620,84,1.0330,2025-02-11 13:13:58,13.0
0.8760,24.3560,0.6630,84.09,0.9670,2025-02-11 13:13:58,13.0
0.9210,24.3540,0.6330,84.01,0.9870,2025-02-11 13:13:58,13.0
0.9230,24.3680,1.0620,83.99,0.9770,2025-02-11 13:13:58,13.0
0.88,24.4180,0.4040,83.94,0.9850,2025-02-11 13:13:58,13.0
0.92,24.4810,0.5270,84.01,1.0440,2025-02-11 13:13:58,13.0
0.8970,24.3380,0.3210,84.17,1.03,2025-02-11 13:13:58,13.0
0.9110,24.4850,0.3970,83.88,1.0460,2025-02-11 13:13:58,13.0
0.9230,24.4160,0.4440,84.22,1.0440,2025-02-11 13:13:58,13.0
0.9010,24.3950,0.49,83.87,1.0150,2025-02-11 13:13:58,13.0
0.9230,24.4350,0.5680,84.22,1.0390,2025-02-11 13:13:58,13.0
0.9230,24.4230,1.0920,84.37,1.0460,2025-02-11 13:13:58,13.0
0.9210,24.4870,0.6230,84.10,1.0610,2025-02-11 13:13:58,13.0
0.90,24.3470,0.52,84.17,1.0170,2025-02-11 13:13:58,13.0
0.9310,24.3260,0.9490,84.38,1.0630,2025-02-11 19:19:10,14.0
0.90,24.35,0.6730,84.33,1.0040,2025-02-11 19:19:10,14.0
0.9180,24.3740,0.3920,84.05,1.0130,2025-02-11 19:19:10,14.0
0.9230,24.30,0.5320,83.97,1.0310,2025-02-11 19:19:10,14.0
0.9080,24.3620,0.60,83.68,1.0430,2025-02-11 19:19:10,14.0
0.9130,24.31,0.7480,84.22,1.0520,2025-02-11 19:19:10,14.0
0.91,24.4220,0.5720,84.10,1.0310,2025-02-11 19:19:10,14.0
0.9030,24.2870,0.8640,84.29,1.0390,2025-02-11 19:19:10,14.0
0.9230,24.3430,0.5370,83.79,1.0930,2025-02-11 19:19:10,14.0
0.8790,24.43,0.7410,83.95,1.0060,2025-02-11 19:19:10,14.0
0.8990,24.3380,0.6650,84.20,1.0220,2025-02-11 19:19:10,14.0
0.9040,24.3270,0.7780,84.06,1.0150,2025-02-11 19:19:10,14.0
0.8960,24.34,0.5370,83.71,0.9680,2025-02-11 19:19:10,14.0
0.9030,24.3370,0.7060,84.20,1.0610,2025-02-11 19:19:10,14.0
0.9020,24.3370,0.62,83.91,0.99,2025-02-11 19:19:10,14.0
0.8940,24.3520,0.4950,83.94,0.9870,2025-02-11 19:19:10,14.0
0.9340,24.3410,0.8190,84.26,1.0480,2025-02-11 19:19:10,14.0
0.8920,24.3170,0.5520,84.42,1.0430,2025-02-11 19:19:10,14.0
0.9250,24.4010,0.4670,84.13,1.05,2025-02-11 19:19:10,14.0
0.9130,24.3460,0.7050,84.18,1.0910,2025-02-11 19:19:10,14.0
0.90,24.31,0.4670,84.29,1.0090,2025-02-11 21:04:17,15.0
0.8730,24.2670,0.48,84.15,0.9450,2025-02-11 21:04:17,15.0
0.9150,24.3130,0.5750,84.27,1.0390,2025-02-11 21:04:17,15.0
0.8740,24.2830,0.8040,83.99,0.9760,2025-02-11 21:04:17,15.0
0.8890,24.2560,0.6750,84.23,0.5620,2025-02-11 21:04:17,15.0
0.9270,24.3280,0.4270,84.16,1.0110,2025-02-11 21:04:17,15.0
0.8780,24.3060,0.4870,83.82,1.0360,2025-02-11 21:04:17,15.0
0.90,24.2540,0.6880,84.49,1.0040,2025-02-11 21:04:17,15.0
0.9110,24.2850,0.3640,84.17,0.9940,2025-02-11 21:04:17,15.0
0.9120,24.2940,0.6280,83.88,1.0050,2025-02-11 21:04:17,15.0
0.8840,24.2160,0.6530,84,0.9990,2025-02-11 21:04:17,15.0
0.89,24.3670,0.8410,84.20,0.9860,2025-02-11 21:04:17,15.0
0.8870,24.3120,0.47,84.20,0.9960,2025-02-11 21:04:17,15.0
0.8990,24.2160,1.0120,84.19,0.9980,2025-02-11 21:04:17,15.0
0.8720,24.3120,1.18,83.99,1.0090,2025-02-11 21:04:17,15.0
0.8630,24.2380,0.5520,84.04,0.9560,2025-02-11 21:04:17,15.0
0.9010,24.3010,0.6980,84.03,0.9640,2025-02-11 21:04:17,15.0
0.8830,24.2740,0.57,84.03,1.0130,2025-02-11 21:04:17,15.0
0.8750,24.2660,0.7810,83.76,0.9720,2025-02-11 21:04:17,15.0
0.8980,24.2940,0.4520,84.33,1.0230,2025-02-11 21:04:17,15.0
0.8810,24.3370,0.2340,83.97,1.0510,2025-02-20 11:20:19,16.0
0.8890,24.3360,0.5930,84.39,1.0060,2025-02-20 11:20:19,16.0
0.8990,24.3260,0.8510,84.15,1.0580,2025-02-20 11:20:19,16.0
0.9370,24.3230,0.7830,84.15,1.0690,2025-02-20 11:20:19,16.0
0.9340,24.4170,0.5220,84.08,1.1030,2025-02-20 11:20:19,16.0
0.9270,24.3710,0.7150,84.07,1.07,2025-02-20 11:20:19,16.0
0.8990,24.3170,0.3440,84.19,1.0170,2025-02-20 11:20:19,16.0
0.9130,24.3130,0.4920,84.02,1.0940,2025-02-20 11:20:19,16.0
0.8930,24.3120,0.7410,84.29,1.0690,2025-02-20 11:20:19,16.0
0.8960,24.3260,0.56,84.25,1.0430,2025-02-20 11:20:19,16.0
0.8920,24.3370,0.54,83.94,1.0060,2025-02-20 11:20:19,16.0
0.9370,24.34,0.6030,83.96,1.0710,2025-02-20 11:20:19,16.0
0.8740,24.3150,0.5020,84.24,1.0690,2025-02-20 11:20:19,16.0
0.8740,24.3250,0.9970,83.87,1.0570,2025-02-20 11:20:19,16.0
0.91,24.2850,0.8690,83.88,1.0460,2025-02-20 11:20:19,16.0
0.8810,24.3480,0.4470,84.07,1.0470,2025-02-20 11:20:19,16.0
0.9220,24.3520,0.5070,84.08,1.05,2025-02-20 11:20:19,16.0
0.9060,24.3090,0.5320,84.19,1.0740,2025-02-20 11:20:19,16.0
0.8850,24.3680,0.3870,84.06,0.9920,2025-02-20 11:20:19,16.0
0.8970,24.3330,0.2210,83.84,1.0570,2025-02-20 11:20:19,16.0
0.9010,24.2540,0.6230,84.11,1.0090,2025-02-20 13:15:25,17.0
0.8920,24.3370,0.5220,84.16,1.0480,2025-02-20 13:15:25,17.0
0.92,24.2910,0.5930,83.97,1.1330,2025-02-20 13:15:25,17.0
0.91,24.3010,0.4820,83.78,1.0540,2025-02-20 13:15:25,17.0
0.8950,24.3520,0.6180,84.01,1.0180,2025-02-20 13:15:25,17.0
0.9150,24.3180,0.5070,84.21,1.05,2025-02-20 13:15:25,17.0
0.8810,24.2420,0.5220,83.92,0.9620,2025-02-20 13:15:25,17.0
0.8940,24.2640,0.5730,84.39,1.0280,2025-02-20 13:15:25,17.0
0.8750,24.22,1.0870,84.16,0.9690,2025-02-20 13:15:25,17.0
0.8820,24.3570,0.6250,84.07,0.9790,2025-02-20 13:15:25,17.0
0.8760,24.3120,0.5930,83.84,0.9890,2025-02-20 13:15:25,17.0
0.9240,24.34,0.65,84.25,1.0080,2025-02-20 13:15:25,17.0
0.8950,24.2930,0.5270,83.84,0.9860,2025-02-20 13:15:25,17.0
0.9080,24.3140,0.7180,83.89,1.1230,2025-02-20 13:15:25,17.0
0.9020,24.3770,0.6080,83.98,1.0740,2025-02-20 13:15:25,17.0
0.8780,24.2790,0.7480,83.72,0.9380,2025-02-20 13:15:25,17.0
0.9030,24.3730,0.4850,84.10,1.0740,2025-02-20 13:15:25,17.0
0.8890,24.31,0.3870,83.66,1.0160,2025-02-20 13:15:25,17.0
0.9010,24.29,0.47,83.98,1.0140,2025-02-20 13:15:25,17.0
0.9110,24.3580,0.5950,84.30,1.0820,2025-02-20 13:15:25,17.0
0.8890,24.3060,0.3740,83.92,0.9960,2025-02-20 21:35:41,18.0
0.8910,24.2790,1.0320,84,1.0040,2025-02-20 21:35:41,18.0
0.9130,24.28,0.5420,83.89,1.0210,2025-02-20 21:35:41,18.0
0.8910,24.3150,0.4020,84.23,1.0180,2025-02-20 21:35:41,18.0
0.8880,24.3450,0.8110,84.03,1.0280,2025-02-20 21:35:41,18.0
0.9070,24.3770,0.7680,84.10,1.0110,2025-02-20 21:35:41,18.0
0.8880,24.3090,0.4470,84.08,1,2025-02-20 21:35:41,18.0
0.8870,24.2570,0.5850,83.71,0.9650,2025-02-20 21:35:41,18.0
0.8770,24.1460,0.5850,84.02,1.0560,2025-02-20 21:35:41,18.0
0.9310,24.32,0.5020,83.94,1.0390,2025-02-20 21:35:41,18.0
0.9410,24.35,0.62,84.12,1.0710,2025-02-20 21:35:41,18.0
0.9260,24.28,0.7530,84.16,1.0890,2025-02-20 21:35:41,18.0
0.9080,24.3450,1.06,84,1.1180,2025-02-20 21:35:41,18.0
0.8760,24.3250,0.8390,83.83,1.0020,2025-02-20 21:35:41,18.0
0.8970,24.2970,0.68,84.22,1.0570,2025-02-20 21:35:41,18.0
0.9060,24.3090,0.3990,84.17,1.0120,2025-02-20 21:35:41,18.0
0.8950,24.2790,0.5020,84.27,1.0080,2025-02-20 21:35:41,18.0
0.9130,24.3060,0.5320,84.23,1.0630,2025-02-20 21:35:41,18.0
0.8840,24.3280,1.0240,84.17,1.0190,2025-02-20 21:35:41,18.0
0.8890,24.2730,0.62,84.21,1.08,2025-02-20 21:35:41,18.0
0.9220,24.1610,0.72,84.1680,1.0190,2025-02-21 14:03:19,19.0
0.9020,24.1860,0.4540,84.5350,0.9740,2025-02-21 14:03:19,19.0
0.8840,24.1460,0.9130,84.2120,0.9750,2025-02-21 14:03:19,19.0
0.9090,24.2210,0.4120,83.6910,1.0130,2025-02-21 14:03:19,19.0
0.9080,24.1290,0.4640,83.9330,1.0030,2025-02-21 14:03:19,19.0
0.9060,24.2070,0.4050,83.8020,0.9860,2025-02-21 14:03:19,19.0
0.8860,24.1490,0.4550,84.2850,0.9970,2025-02-21 14:03:19,19.0
0.9230,24.2860,0.6870,84.0070,1.0060,2025-02-21 14:03:19,19.0
0.9020,24.3160,0.4920,84.1880,1.0070,2025-02-21 14:03:19,19.0
0.8980,24.1270,0.5550,83.8940,0.9780,2025-02-21 14:03:19,19.0
0.8790,24.15,0.6850,84.1640,1.0050,2025-02-21 14:03:19,19.0
0.8950,24.22,0.5060,84.1330,1.0320,2025-02-21 14:03:19,19.0
0.8990,24.24,0.5090,84.05,0.9680,2025-02-21 14:03:19,19.0
0.8830,24.13,0.5360,84.2960,0.9920,2025-02-21 14:03:19,19.0
0.9230,24.2690,0.6130,84.0240,1.0260,2025-02-21 14:03:19,19.0
0.9180,24.28,0.41,84.0310,1.0330,2025-02-21 14:03:19,19.0
0.9050,24.3120,0.5810,83.96,1.0280,2025-02-21 14:03:19,19.0
0.9270,24.1710,0.5190,84.1940,1.0520,2025-02-21 14:03:19,19.0
0.9140,24.1630,0.7970,84.0890,0.9790,2025-02-21 14:03:19,19.0
0.9280,24.3070,0.6080,84.4230,0.9250,2025-02-21 14:03:19,19.0
0.9140,24.3620,0.7160,84.19,1.0660,2025-02-21 21:26:46,20.0
0.9070,24.35,0.53,84.26,1.1080,2025-02-21 21:26:46,20.0
0.9040,24.3460,0.4420,83.99,1.0060,2025-02-21 21:26:46,20.0
0.9110,24.35,0.9010,84.18,1.0730,2025-02-21 21:26:46,20.0
0.9010,24.2680,0.5950,83.99,1.1240,2025-02-21 21:26:46,20.0
0.8930,24.3780,0.4070,84.26,0.9890,2025-02-21 21:26:46,20.0
0.8970,24.3280,0.8110,84.11,1.0490,2025-02-21 21:26:46,20.0
0.9240,24.3150,0.51,84.26,1.1270,2025-02-21 21:26:46,20.0
0.90,24.3690,0.4270,84.15,1.0640,2025-02-21 21:26:46,20.0
0.9090,24.2980,0.6180,84,1.0160,2025-02-21 21:26:46,20.0
0.90,24.3040,0.9820,84.08,1.0030,2025-02-21 21:26:46,20.0
0.9380,24.3190,0.54,84.26,1.0960,2025-02-21 21:26:46,20.0
0.8980,24.3240,0.4970,83.87,1.0290,2025-02-21 21:26:46,20.0
0.8850,24.3420,0.6380,83.99,1.0390,2025-02-21 21:26:46,20.0
0.9120,24.3680,0.4390,84.21,1.0120,2025-02-21 21:26:46,20.0
0.8720,24.2560,0.5370,84.38,1.0410,2025-02-21 21:26:46,20.0
0.8950,24.3660,0.7430,84.20,0.9650,2025-02-21 21:26:46,20.0
0.9110,24.2920,0.5780,84.07,1.04,2025-02-21 21:26:46,20.0
0.8930,24.31,0.7530,83.97,1.0840,2025-02-21 21:26:46,20.0
0.9160,24.3640,0.6450,83.99,1.0740,2025-02-21 21:26:46,20.0
0.9090,24.24,0.5670,84.01,0.9790,2025-02-24 13:14:10,21.0
0.9090,24.3330,0.5880,83.82,1.0020,2025-02-24 13:14:10,21.0
0.9120,24.3250,0.5750,84.32,1.0630,2025-02-24 13:14:10,21.0
0.8970,24.26,0.6450,83.86,1.0840,2025-02-24 13:14:10,21.0
0.90,24.2470,0.6380,84.18,1.0230,2025-02-24 13:14:10,21.0
0.9350,24.3030,0.7160,84.01,1.0450,2025-02-24 13:14:10,21.0
0.8960,24.1770,0.4020,84.23,1.0690,2025-02-24 13:14:10,21.0
0.8930,24.2860,0.3770,84.21,1.0170,2025-02-24 13:14:10,21.0
0.9040,24.2130,0.7210,84.06,1.0860,2025-02-24 13:14:10,21.0
0.9110,24.3060,0.5980,83.77,1.0040,2025-02-24 13:14:10,21.0
0.91,24.22,0.45,84.02,1.0520,2025-02-24 13:14:10,21.0
0.9210,24.2290,0.5370,84.21,1.0260,2025-02-24 13:14:10,21.0
0.8960,24.3220,0.57,84.37,1.0550,2025-02-24 13:14:10,21.0
0.8990,24.2320,0.5320,84.08,1.0150,2025-02-24 13:14:10,21.0
0.9250,24.2030,0.57,84.01,1.0420,2025-02-24 13:14:10,21.0
0.90,24.1640,0.8790,84.03,1.0520,2025-02-24 13:14:10,21.0
0.8910,24.2490,0.4950,84.20,1.03,2025-02-24 13:14:10,21.0
0.8980,24.2650,1.0650,83.90,1.0180,2025-02-24 13:14:10,21.0
0.9140,24.2290,0.4820,83.88,1.0770,2025-02-24 13:14:10,21.0
0.9160,24.2020,0.5950,83.83,0.9990,2025-02-24 13:14:10,21.0
0.9090,24.3070,0.3970,84.29,0.9820,2025-02-24 19:14:20,22.0
0.8940,24.3670,0.5650,84.19,1.0210,2025-02-24 19:14:20,22.0
0.9250,24.3680,0.5250,84.23,1.0430,2025-02-24 19:14:20,22.0
0.9090,24.2610,0.9940,84.22,1.0220,2025-02-24 19:14:20,22.0
0.9320,24.4020,0.5520,83.85,0.9880,2025-02-24 19:14:20,22.0
0.8950,24.3240,0.9770,83.87,1.0320,2025-02-24 19:14:20,22.0
0.9280,24.3190,0.55,84.13,1.0340,2025-02-24 19:14:20,22.0
0.9280,24.4080,0.4640,84.15,1.05,2025-02-24 19:14:20,22.0
0.8950,24.2960,0.60,83.79,0.9520,2025-02-24 19:14:20,22.0
0.8840,24.36,0.3690,84.07,0.9910,2025-02-24 19:14:20,22.0
0.9190,24.3420,0.4850,84.32,1.0180,2025-02-24 19:14:20,22.0
0.8890,24.3960,1.0140,83.98,0.9520,2025-02-24 19:14:20,22.0
0.8990,24.3680,0.49,84,0.9870,2025-02-24 19:14:20,22.0
0.9220,24.42,0.5520,84.04,0.9660,2025-02-24 19:14:20,22.0
0.8620,24.3190,0.4320,83.95,0.9790,2025-02-24 19:14:20,22.0
0.9050,24.3880,0.4640,83.92,1.0010,2025-02-24 19:14:20,22.0
0.9480,24.3070,0.51,84.22,1.0210,2025-02-24 19:14:20,22.0
0.8850,24.33,0.4670,84.02,0.9680,2025-02-24 19:14:20,22.0
0.8990,24.3810,0.5650,83.82,0.95,2025-02-24 19:14:20,22.0
0.8980,24.2960,0.7110,83.86,1.02,2025-02-24 19:14:20,22.0
0.9120,24.3220,0.5070,84.21,1.0240,2025-04-08 13:09:03,23.0
0.9130,24.36,0.64,84.61,1.0180,2025-04-08 13:09:03,23.0
0.9350,24.3230,0.60,84.25,0.9580,2025-04-08 13:09:03,23.0
0.9050,24.3030,0.56,84.37,1.0030,2025-04-08 13:09:03,23.0
0.9250,24.2890,0.4850,83.98,1.07,2025-04-08 13:09:03,23.0
0.90,24.3240,0.5350,84.47,1.0070,2025-04-08 13:09:03,23.0
0.9140,24.3570,1.0670,84.28,1.05,2025-04-08 13:09:03,23.0
0.9180,24.2890,0.7210,84.27,1.0380,2025-04-08 13:09:03,23.0
0.9220,24.3450,0.5950,84.28,1.0530,2025-04-08 13:09:03,23.0
0.9080,24.2850,0.4720,84.28,1.0010,2025-04-08 13:09:03,23.0
0.9130,24.3190,0.4320,84.23,0.9650,2025-04-08 13:09:03,23.0
0.9010,24.3120,0.4070,84.09,0.9820,2025-04-08 13:09:03,23.0
0.9170,24.3290,0.4170,84.43,1.04,2025-04-08 13:09:03,23.0
0.9250,24.3340,0.4670,84.06,1.0230,2025-04-08 13:09:03,23.0
0.9040,24.3240,0.5270,83.98,1.0130,2025-04-08 13:09:03,23.0
0.9210,24.3050,0.3870,84.37,1.0690,2025-04-08 13:09:03,23.0
0.9170,24.3350,0.4270,84.11,0.9510,2025-04-08 13:09:03,23.0
0.91,24.3030,1.08,84.26,1.1060,2025-04-08 13:09:03,23.0
0.8960,24.2950,0.4970,84.41,1.0420,2025-04-08 13:09:03,23.0
0.9130,24.3030,0.7010,84.09,1.0230,2025-04-08 13:09:03,23.0
0.9290,24.3720,0.9920,84.12,1.0370,2025-04-08 13:59:08,24.0
0.9080,24.4340,0.60,84.23,1.0150,2025-04-08 13:59:08,24.0
0.9160,24.35,0.44,83.94,1.0310,2025-04-08 13:59:08,24.0
0.9150,24.4450,0.5370,84.13,1.0360,2025-04-08 13:59:08,24.0
0.9090,24.3860,0.3090,84.03,1.0370,2025-04-08 13:59:08,24.0
0.9190,24.3340,0.45,84.24,1.0850,2025-04-08 13:59:08,24.0
0.9080,24.33,0.3590,84.29,1.0370,2025-04-08 13:59:08,24.0
0.8920,24.33,0.3940,84.10,1.0710,2025-04-08 13:59:08,24.0
0.9070,24.3950,0.4870,84.24,1.0770,2025-04-08 13:59:08,24.0
0.9590,24.3780,0.7160,84.23,1.0890,2025-04-08 13:59:08,24.0
0.8950,24.4650,0.8340,84.04,1.0730,2025-04-08 13:59:08,24.0
0.9120,24.3450,0.8890,84.06,1.0630,2025-04-08 13:59:08,24.0
0.9010,24.43,0.49,84.24,1.0560,2025-04-08 13:59:08,24.0
0.9180,24.3790,0.7690,84.12,1.0840,2025-04-08 13:59:08,24.0
0.9290,24.3640,0.3110,84.25,1.0590,2025-04-08 13:59:08,24.0
0.9030,24.3640,0.58,84.07,1.0010,2025-04-08 13:59:08,24.0
0.8930,24.2950,0.5270,84.23,1.0180,2025-04-08 13:59:08,24.0
0.90,24.3030,0.7010,84.21,1.0690,2025-04-08 13:59:08,24.0
0.9250,24.3460,0.4140,84.04,0.9960,2025-04-08 13:59:08,24.0
0.8810,24.2930,0.5520,84.29,1.0320,2025-04-08 13:59:08,24.0
0.8920,24.2890,0.7230,84.06,1.0720,2025-04-08 19:24:18,25.0
0.93,24.3210,0.4750,84.21,1.0950,2025-04-08 19:24:18,25.0
0.9690,24.35,0.4190,84.09,1.0470,2025-04-08 19:24:18,25.0
0.8980,24.30,0.4570,84,1.1140,2025-04-08 19:24:18,25.0
0.9120,24.2210,0.5430,84.23,1.0760,2025-04-08 19:24:18,25.0
0.9030,24.2870,1.1780,84.52,1.0250,2025-04-08 19:24:18,25.0
0.9060,24.2450,0.59,84.41,1.0380,2025-04-08 19:24:18,25.0
0.9240,24.3220,0.4070,83.90,1.0810,2025-04-08 19:24:18,25.0
0.9060,24.2420,0.4620,84.43,1.0410,2025-04-08 19:24:18,25.0
0.93,24.4050,0.7260,84.32,1.0630,2025-04-08 19:24:18,25.0
0.87,24.2540,1.0950,84.09,1.0120,2025-04-08 19:24:18,25.0
0.8920,24.2990,0.4370,84.29,0.9480,2025-04-08 19:24:18,25.0
0.8740,24.2490,0.53,84.15,1.0280,2025-04-08 19:24:18,25.0
0.9070,24.2680,0.5250,84,1.0840,2025-04-08 19:24:18,25.0
0.9210,24.3150,0.5750,84.17,1.0810,2025-04-08 19:24:18,25.0
0.9160,24.3160,0.5120,84.09,1.1220,2025-04-08 19:24:18,25.0
0.9040,24.2460,0.7210,84.25,1.0550,2025-04-08 19:24:18,25.0
0.9060,24.2440,0.5350,84.16,1.0740,2025-04-08 19:24:18,25.0
0.9070,24.3360,0.5450,84.05,1.0540,2025-04-08 19:24:18,25.0
0.9290,24.3090,0.5450,83.89,1.0580,2025-04-08 19:24:18,25.0
0.9110,24.3320,0.7840,84.23,1.0550,2025-04-08 21:29:27,26.0
0.9130,24.3350,0.47,84.14,0.9990,2025-04-08 21:29:27,26.0
0.9210,24.3820,0.65,84.26,1.0490,2025-04-08 21:29:27,26.0
0.9150,24.3130,0.6830,83.97,1.0620,2025-04-08 21:29:27,26.0
0.9140,24.32,0.5050,83.79,1.0310,2025-04-08 21:29:27,26.0
0.9220,24.3730,0.6550,84.24,1.1520,2025-04-08 21:29:27,26.0
0.9210,24.3220,0.7430,84.21,1.0890,2025-04-08 21:29:27,26.0
0.8950,24.3890,0.4720,84.02,1.0240,2025-04-08 21:29:27,26.0
0.9340,24.3440,0.3640,84.18,1.0910,2025-04-08 21:29:27,26.0
0.9130,24.3070,0.4140,84.14,1.0230,2025-04-08 21:29:27,26.0
0.9110,24.3080,0.63,84.25,1.0710,2025-04-08 21:29:27,26.0
0.8980,24.3740,0.4550,83.90,1.0870,2025-04-08 21:29:27,26.0
0.9220,24.3060,0.4720,84,1.1110,2025-04-08 21:29:27,26.0
0.9240,24.3660,0.7760,83.90,1.0280,2025-04-08 21:29:27,26.0
0.9040,24.2710,0.6030,84.11,1.0620,2025-04-08 21:29:27,26.0
0.9120,24.3120,0.4450,84.27,1.0880,2025-04-08 21:29:27,26.0
0.8860,24.2890,0.7360,83.99,1.0270,2025-04-08 21:29:27,26.0
0.9140,24.3250,0.5570,84.31,1.0590,2025-04-08 21:29:27,26.0
0.8680,24.2840,0.6130,84.10,1.0310,2025-04-08 21:29:27,26.0
0.9090,24.3440,0.3340,84.08,1.0580,2025-04-08 21:29:27,26.0
0.90,24.3060,0.6150,84.29,1.0350,2025-04-09 11:16:11,27.0
0.8890,24.3370,0.7030,83.89,1,2025-04-09 11:16:11,27.0
0.9130,24.3080,0.8970,84.24,1.0540,2025-04-09 11:16:11,27.0
0.8830,24.2790,0.6760,83.98,1.0190,2025-04-09 11:16:11,27.0
0.9120,24.2640,0.60,84.46,1.1390,2025-04-09 11:16:11,27.0
0.8830,24.2920,0.65,84.05,0.9480,2025-04-09 11:16:11,27.0
0.9110,24.25,0.4870,84.26,1.0870,2025-04-09 11:16:11,27.0
0.8940,24.2220,0.2690,84.21,1.0340,2025-04-09 11:16:11,27.0
0.9050,24.2850,0.8740,84,1.0750,2025-04-09 11:16:11,27.0
0.90,24.2530,0.3520,84.26,1.0090,2025-04-09 11:16:11,27.0
0.9070,24.31,0.3470,83.97,1.0320,2025-04-09 11:16:11,27.0
0.9260,24.3050,0.5170,84.41,1.0530,2025-04-09 11:16:11,27.0
0.8890,24.2790,0.4820,84.29,1.07,2025-04-09 11:16:11,27.0
0.88,24.3490,0.4270,84.25,0.9960,2025-04-09 11:16:11,27.0
0.8620,24.2610,0.8990,84.25,1.0130,2025-04-09 11:16:11,27.0
0.89,24.2280,0.3670,83.86,1.0620,2025-04-09 11:16:11,27.0
0.9320,24.3410,0.4950,84.16,1.07,2025-04-09 11:16:11,27.0
0.9150,24.2440,0.6130,84.13,1.0820,2025-04-09 11:16:11,27.0
0.9050,24.2990,0.7010,84.06,1.0220,2025-04-09 11:16:11,27.0
0.8950,24.3070,0.5070,83.99,1.0320,2025-04-09 11:16:11,27.0
0.89,24.3070,0.6760,84.06,1.0150,2025-04-09 13:06:18,28.0
0.9490,24.3350,0.5570,84.25,1.13,2025-04-09 13:06:18,28.0
0.8720,24.2640,0.5320,83.62,1.06,2025-04-09 13:06:18,28.0
0.8680,24.3590,0.4270,84.22,1.0290,2025-04-09 13:06:18,28.0
0.93,24.3610,0.6980,84.07,1.0650,2025-04-09 13:06:18,28.0
0.9190,24.4060,0.7230,84.64,1.1180,2025-04-09 13:06:18,28.0
0.9020,24.3750,0.4920,84.26,1.0880,2025-04-09 13:06:18,28.0
0.9260,24.34,0.3770,84.04,1.06,2025-04-09 13:06:18,28.0
0.8670,24.3910,1.1830,84.02,0.9930,2025-04-09 13:06:18,28.0
0.92,24.3550,0.5730,84.59,1.04,2025-04-09 13:06:18,28.0
0.9120,24.3420,0.6630,84.23,1.1280,2025-04-09 13:06:18,28.0
0.9320,24.3290,0.6680,84.24,1.1130,2025-04-09 13:06:18,28.0
0.9140,24.3020,0.3590,84.08,1.0020,2025-04-09 13:06:18,28.0
0.88,24.3050,0.6230,84.05,1.0370,2025-04-09 13:06:18,28.0
0.9280,24.32,0.5930,83.92,1.0790,2025-04-09 13:06:18,28.0
0.92,24.3210,0.6610,84.81,1.0990,2025-04-09 13:06:18,28.0
0.9050,24.33,0.6530,84.38,1.0270,2025-04-09 13:06:18,28.0
0.8910,24.2780,0.6710,84.32,1.0620,2025-04-09 13:06:18,28.0
0.9270,24.3320,0.6450,84.38,1.10,2025-04-09 13:06:18,28.0
0.9070,24.3640,0.7030,83.98,1.0660,2025-04-09 13:06:18,28.0
0.9090,24.3690,0.63,83.95,1.0870,2025-04-09 19:41:32,29.0
0.9070,24.3130,1.1750,84.11,1.0950,2025-04-09 19:41:32,29.0
0.9040,24.2480,0.3620,84.16,0.7260,2025-04-09 19:41:32,29.0
0.9280,24.31,0.3990,84.31,1.0570,2025-04-09 19:41:32,29.0
0.9150,24.3430,0.50,84.06,1.1270,2025-04-09 19:41:32,29.0
0.9210,24.3820,0.4390,84.25,1.0340,2025-04-09 19:41:32,29.0
0.9290,24.2740,0.9390,84.18,0.9730,2025-04-09 19:41:32,29.0
0.8750,24.3020,0.3060,84.08,1.0610,2025-04-09 19:41:32,29.0
0.92,24.3480,0.59,84.10,1.1490,2025-04-09 19:41:32,29.0
0.9390,24.40,0.8010,84.27,1.03,2025-04-09 19:41:32,29.0
0.9330,24.3190,0.5170,84.61,1.0820,2025-04-09 19:41:32,29.0
0.8970,24.2690,0.44,83.91,1.0180,2025-04-09 19:41:32,29.0
0.9430,24.3290,0.4470,84.47,1.0950,2025-04-09 19:41:32,29.0
0.9110,24.3710,0.59,84.19,1.0310,2025-04-09 19:41:32,29.0
0.8860,24.2590,0.9220,84.03,1.0730,2025-04-09 19:41:32,29.0
0.94,24.3780,0.7640,84.24,1.0540,2025-04-09 19:41:32,29.0
0.8980,24.2960,0.4850,84.37,1.02,2025-04-09 19:41:32,29.0
0.9060,24.3290,0.8290,84.14,1.1110,2025-04-09 19:41:32,29.0
0.92,24.4160,0.5050,84.87,1.0340,2025-04-09 19:41:32,29.0
0.9130,24.4240,0.4450,84.52,0.9840,2025-04-09 19:41:32,29.0
0.9110,24.2640,0.5320,84.04,0.9830,2025-04-16 11:23:41,30.0
0.9140,24.2440,0.3970,84.21,1.0820,2025-04-16 11:23:41,30.0
0.9220,24.2760,0.4670,84.14,1.06,2025-04-16 11:23:41,30.0
0.90,24.1440,0.9770,83.56,1.0230,2025-04-16 11:23:41,30.0
0.8940,24.17,0.6660,84.12,1.0550,2025-04-16 11:23:41,30.0
0.9120,24.2350,0.5070,83.98,1.0680,2025-04-16 11:23:41,30.0
0.8890,24.1180,0.64,84.29,1.1070,2025-04-16 11:23:41,30.0
0.94,24.1930,0.5750,83.97,1.0970,2025-04-16 11:23:41,30.0
0.9130,24.21,0.6730,84.08,1.10,2025-04-16 11:23:41,30.0
0.9160,24.2250,0.60,84.11,1.0820,2025-04-16 11:23:41,30.0
0.9030,24.2170,0.4750,84.15,1.0360,2025-04-16 11:23:41,30.0
0.8990,24.2310,0.43,84.19,1.0790,2025-04-16 11:23:41,30.0
0.8750,24.2310,0.2410,83.82,1.0190,2025-04-16 11:23:41,30.0
0.8820,24.1810,1.0850,84.24,1.0560,2025-04-16 11:23:41,30.0
0.9230,24.19,0.3940,83.84,1.0690,2025-04-16 11:23:41,30.0
0.8780,24.1940,0.3420,84,1.0320,2025-04-16 11:23:41,30.0
0.9120,24.1760,0.54,84.10,1.10,2025-04-16 11:23:41,30.0
0.9410,24.2710,0.47,84.21,1.0630,2025-04-16 11:23:41,30.0
0.92,24.1430,0.5270,83.82,1.1650,2025-04-16 11:23:41,30.0
0.8860,24.1690,0.6550,84.27,1.0110,2025-04-16 11:23:41,30.0
0.9080,24.37,0.4950,84.53,1.0250,2025-04-16 13:03:47,31.0
0.8990,24.2710,0.7210,83.83,1.0670,2025-04-16 13:03:47,31.0
0.8950,24.3390,0.4920,84.19,1.0640,2025-04-16 13:03:47,31.0
0.9020,24.2830,0.5650,84.01,1.0520,2025-04-16 13:03:47,31.0
0.8950,24.3310,0.5450,84,1.0680,2025-04-16 13:03:47,31.0
0.9210,24.2080,0.4720,84.41,1.0780,2025-04-16 13:03:47,31.0
0.9140,24.2510,1.1550,84.37,1.0520,2025-04-16 13:03:47,31.0
0.9040,24.2370,0.8460,84.31,1.0670,2025-04-16 13:03:47,31.0
0.91,24.2320,0.58,84.56,1.0060,2025-04-16 13:03:47,31.0
0.9110,24.2250,0.9770,84.35,1.0760,2025-04-16 13:03:47,31.0
0.8990,24.34,0.60,83.96,1.0240,2025-04-16 13:03:47,31.0
0.9190,24.3110,0.3440,83.92,1.0630,2025-04-16 13:03:47,31.0
0.9060,24.3110,0.47,83.88,1.0560,2025-04-16 13:03:47,31.0
0.90,24.3720,0.5450,84.24,1.0480,2025-04-16 13:03:47,31.0
0.9110,24.3190,0.43,84.14,1.0130,2025-04-16 13:03:47,31.0
0.8920,24.2420,0.5480,84.27,1.0120,2025-04-16 13:03:47,31.0
0.9180,24.2910,0.5450,84.10,1.0670,2025-04-16 13:03:47,31.0
0.9260,24.3050,0.55,84.02,1.0820,2025-04-16 13:03:47,31.0
0.92,24.3570,0.4190,84.49,1.0430,2025-04-16 13:03:47,31.0
0.9050,24.3530,0.3920,83.72,1.0350,2025-04-16 13:03:47,31.0
0.89,24.2910,0.7790,84.19,1.0580,2025-04-16 19:49:01,32.0
0.8830,24.3680,0.9040,83.93,1.0530,2025-04-16 19:49:01,32.0
0.8830,24.3050,0.5450,84.04,1.0220,2025-04-16 19:49:01,32.0
0.8830,24.29,1.6120,84.02,0.98,2025-04-16 19:49:01,32.0
0.9170,24.3340,1.1630,84.23,1.0890,2025-04-16 19:49:01,32.0
0.9040,24.3790,0.3570,83.87,1.1010,2025-04-16 19:49:01,32.0
0.9380,24.3890,0.59,84.37,1.1640,2025-04-16 19:49:01,32.0
0.8910,24.3050,0.56,84.19,1.0230,2025-04-16 19:49:01,32.0
0.9030,24.3490,0.6130,84.16,1.0490,2025-04-16 19:49:01,32.0
0.8920,24.3230,0.5730,84.01,1.1160,2025-04-16 19:49:01,32.0
0.9370,24.3270,0.6430,84.27,1.0760,2025-04-16 19:49:01,32.0
0.8930,24.3620,0.5880,84.09,0.9860,2025-04-16 19:49:01,32.0
0.8860,24.3140,0.5650,83.87,1.0490,2025-04-16 19:49:01,32.0
0.9020,24.33,0.44,83.98,1.0660,2025-04-16 19:49:01,32.0
0.91,24.3460,0.56,84.17,1.05,2025-04-16 19:49:01,32.0
0.91,24.3810,0.5070,84.37,1.0710,2025-04-16 19:49:01,32.0
0.8910,24.2920,0.4850,84.06,1.0620,2025-04-16 19:49:01,32.0
0.9270,24.3870,0.5750,83.69,1.0140,2025-04-16 19:49:01,32.0
0.91,24.3990,0.52,84.14,1.0560,2025-04-16 19:49:01,32.0
0.8890,24.3380,0.4370,84.18,1.1380,2025-04-16 19:49:01,32.0
0.9030,24.4040,0.5520,84.25,1.0790,2025-04-16 21:29:09,33.0
0.9090,24.4630,0.4090,84.01,1.0110,2025-04-16 21:29:09,33.0
0.9060,24.36,0.5270,84.36,1.0550,2025-04-16 21:29:09,33.0
0.93,24.4450,0.6760,84.23,1.0650,2025-04-16 21:29:09,33.0
0.8820,24.3770,0.4720,84.02,1.0480,2025-04-16 21:29:09,33.0
0.9090,24.3580,0.8260,84.21,1.0570,2025-04-16 21:29:09,33.0
0.88,24.3490,0.4550,84.06,1.0120,2025-04-16 21:29:09,33.0
0.9310,24.4330,0.6780,84.01,1.03,2025-04-16 21:29:09,33.0
0.9550,24.4760,0.5680,84.17,1.1130,2025-04-16 21:29:09,33.0
0.9180,24.3390,0.4520,84.24,1.0440,2025-04-16 21:29:09,33.0
0.8810,24.3240,0.8090,84.16,1.0150,2025-04-16 21:29:09,33.0
0.89,24.3790,0.6630,84.47,1.0950,2025-04-16 21:29:09,33.0
0.87,24.3320,1.2360,83.93,1.0510,2025-04-16 21:29:09,33.0
0.9110,24.3790,0.9920,84.01,1.1230,2025-04-16 21:29:09,33.0
0.9060,24.3740,0.50,84.23,1.0570,2025-04-16 21:29:09,33.0
0.9220,24.4180,0.5050,83.94,1.0530,2025-04-16 21:29:09,33.0
0.9050,24.3450,0.5680,84.17,1.08,2025-04-16 21:29:09,33.0
0.91,24.3390,0.6730,84.08,1.0740,2025-04-16 21:29:09,33.0
0.8690,24.2870,0.63,84.23,1.0160,2025-04-16 21:29:09,33.0
0.8980,24.35,0.8560,83.98,1.0090,2025-04-16 21:29:09,33.0
0.9210,24.3440,0.6830,84.04,1.0520,2025-04-17 11:05:29,34.0
0.8830,24.2830,0.6560,84.10,1.0110,2025-04-17 11:05:29,34.0
0.9090,24.41,0.5250,84.21,1.0170,2025-04-17 11:05:29,34.0
0.90,24.34,0.67,84.27,1.0750,2025-04-17 11:05:29,34.0
0.8930,24.3290,0.5050,84.24,0.99,2025-04-17 11:05:29,34.0
0.9130,24.3580,0.6760,84.21,1.0420,2025-04-17 11:05:29,34.0
0.8930,24.3520,0.7560,84.18,1.0470,2025-04-17 11:05:29,34.0
0.8980,24.3270,0.6680,84.29,1.0860,2025-04-17 11:05:29,34.0
0.9370,24.3340,0.53,83.89,1.0810,2025-04-17 11:05:29,34.0
0.8750,24.25,0.55,83.71,1.0160,2025-04-17 11:05:29,34.0
0.9170,24.3450,0.7060,84.12,1.0930,2025-04-17 11:05:29,34.0
0.9260,24.3480,0.9340,84.34,1.1060,2025-04-17 11:05:29,34.0
0.8970,24.3230,0.2490,84.23,1.0640,2025-04-17 11:05:29,34.0
0.8820,24.3770,0.5850,83.99,1.0470,2025-04-17 11:05:29,34.0
0.8780,24.28,1.3490,84.02,1.0120,2025-04-17 11:05:29,34.0
0.9190,24.3480,0.55,84.01,1.0750,2025-04-17 11:05:29,34.0
0.9060,24.3370,0.3640,83.97,0.9890,2025-04-17 11:05:29,34.0
0.8970,24.2610,0.4820,84.30,1.0250,2025-04-17 11:05:29,34.0
0.8760,24.3180,0.7280,83.98,0.98,2025-04-17 11:05:29,34.0
0.8950,24.3170,0.4270,84.04,0.9880,2025-04-17 11:05:29,34.0
0.9220,24.3080,0.7430,84.26,1.0280,2025-04-17 13:00:34,35.0
0.9080,24.3110,0.4670,83.72,1.0740,2025-04-17 13:00:34,35.0
0.9110,24.3190,0.56,83.72,1.1240,2025-04-17 13:00:34,35.0
0.8950,24.3270,0.51,84.37,1.0220,2025-04-17 13:00:34,35.0
0.9080,24.2890,0.6030,84.18,0.9790,2025-04-17 13:00:34,35.0
0.8640,24.2430,0.8440,83.88,1.0160,2025-04-17 13:00:34,35.0
0.9220,24.2620,0.7510,84.20,1.0570,2025-04-17 13:00:34,35.0
0.9130,24.3770,0.47,84.20,1.0510,2025-04-17 13:00:34,35.0
0.92,24.3210,0.50,84.06,1.1070,2025-04-17 13:00:34,35.0
0.9050,24.3350,0.5630,84.01,1.0410,2025-04-17 13:00:34,35.0
0.8590,24.2310,0.5680,84.20,1.0020,2025-04-17 13:00:34,35.0
0.8840,24.2860,0.8460,84.15,1.0250,2025-04-17 13:00:34,35.0
0.8620,24.2110,0.7540,84,1.0320,2025-04-17 13:00:34,35.0
0.90,24.3410,0.4770,84.25,1.0330,2025-04-17 13:00:34,35.0
0.9190,24.2930,0.5780,83.99,0.9850,2025-04-17 13:00:34,35.0
0.9090,24.3450,0.7710,84.05,1.0050,2025-04-17 13:00:34,35.0
0.92,24.3350,0.47,84.06,1.0110,2025-04-17 13:00:34,35.0
0.8840,24.2710,0.8310,83.75,1.0580,2025-04-17 13:00:34,35.0
0.9070,24.2760,0.3320,83.88,1.0260,2025-04-17 13:00:34,35.0
0.9280,24.2850,0.6230,84.18,1.0080,2025-04-17 13:00:34,35.0
0.8950,24.31,0.99,84.05,0.9520,2025-04-17 19:40:52,36.0
0.90,24.3860,0.5370,84.23,1.0290,2025-04-17 19:40:52,36.0
0.8680,24.3260,0.3970,83.99,0.9750,2025-04-17 19:40:52,36.0
0.8750,24.2660,0.61,83.71,0.9680,2025-04-17 19:40:52,36.0
0.8760,24.3050,0.55,84.21,0.9690,2025-04-17 19:40:52,36.0
0.8760,24.24,1.0420,84.01,1.0160,2025-04-17 19:40:52,36.0
0.8870,24.3360,0.5270,83.78,0.9990,2025-04-17 19:40:52,36.0
0.8630,24.25,0.5320,83.92,1.0770,2025-04-17 19:40:52,36.0
0.90,24.39,0.5550,84,1.0170,2025-04-17 19:40:52,36.0
0.90,24.3880,0.4270,83.89,0.9860,2025-04-17 19:40:52,36.0
0.8650,24.2840,0.6780,83.87,1.0030,2025-04-17 19:40:52,36.0
0.8560,24.26,0.8190,84.05,1.02,2025-04-17 19:40:52,36.0
0.8910,24.2690,1.3310,84.27,1.0490,2025-04-17 19:40:52,36.0
0.8810,24.3440,0.5350,84.06,0.9760,2025-04-17 19:40:52,36.0
0.8760,24.2580,0.6030,83.91,1.01,2025-04-17 19:40:52,36.0
0.9190,24.3090,0.5980,84.25,1.0940,2025-04-17 19:40:52,36.0
0.8910,24.3660,0.3470,84.24,0.9660,2025-04-17 19:40:52,36.0
0.9170,24.3420,0.5370,84.01,1.0320,2025-04-17 19:40:52,36.0
0.8820,24.3020,0.4970,84.16,0.9940,2025-04-17 19:40:52,36.0
0.9120,24.3720,0.5120,84.03,0.9980,2025-04-17 19:40:52,36.0
0.9060,24.32,0.6710,83.90,1.0610,2025-04-17 21:31:00,37.0
0.9190,24.3550,0.6150,84.04,1.0960,2025-04-17 21:31:00,37.0
0.8820,24.3140,0.57,83.89,1.0210,2025-04-17 21:31:00,37.0
0.9120,24.3640,0.5630,84.46,1.0620,2025-04-17 21:31:00,37.0
0.8950,24.2880,0.5650,83.71,1.0250,2025-04-17 21:31:00,37.0
0.9160,24.3490,0.5830,84.24,0.9950,2025-04-17 21:31:00,37.0
0.8840,24.3110,0.5420,83.95,1.0380,2025-04-17 21:31:00,37.0
0.8950,24.3780,0.7590,84.26,1.0520,2025-04-17 21:31:00,37.0
0.8970,24.3360,0.6630,83.96,1.0370,2025-04-17 21:31:00,37.0
0.9130,24.4190,0.57,84.25,1.0720,2025-04-17 21:31:00,37.0
0.9080,24.4190,0.5450,83.71,1.0590,2025-04-17 21:31:00,37.0
0.9150,24.3830,0.3940,84.19,1.0380,2025-04-17 21:31:00,37.0
0.9070,24.33,0.7890,83.98,1.0550,2025-04-17 21:31:00,37.0
0.9240,24.4290,0.5020,84.02,1.1270,2025-04-17 21:31:00,37.0
0.91,24.3580,0.6080,84.37,1.01,2025-04-17 21:31:00,37.0
0.9140,24.3470,0.5020,84.25,1.0650,2025-04-17 21:31:00,37.0
0.8640,24.3290,0.9950,84.10,0.9750,2025-04-17 21:31:00,37.0
0.9060,24.3390,0.7940,84.35,1.0220,2025-04-17 21:31:00,37.0
0.8980,24.3920,0.5980,84.13,1.0340,2025-04-17 21:31:00,37.0
0.9120,24.2850,0.5020,84.07,1.0630,2025-04-17 21:31:00,37.0
0.9260,24.2840,0.8670,84.21,1.0160,2025-04-18 11:08:20,38.0
0.9120,24.3480,0.6730,84.24,1.0070,2025-04-18 11:08:20,38.0
0.9020,24.3090,0.7680,84.16,1.0570,2025-04-18 11:08:20,38.0
0.89,24.2690,0.7330,84.29,1.1290,2025-04-18 11:08:20,38.0
0.9060,24.33,0.58,84.09,1.0460,2025-04-18 11:08:20,38.0
0.9030,24.3250,0.5020,84.36,1.0240,2025-04-18 11:08:20,38.0
0.9080,24.3010,0.49,84.24,1.0420,2025-04-18 11:08:20,38.0
0.9120,24.27,0.4620,84.41,1.1050,2025-04-18 11:08:20,38.0
0.9020,24.4050,0.55,84.16,1.0960,2025-04-18 11:08:20,38.0
0.8760,24.2820,0.5930,84.03,1.0190,2025-04-18 11:08:20,38.0
0.8860,24.2880,0.3820,84.16,1.0630,2025-04-18 11:08:20,38.0
0.8520,24.2250,0.5270,84.02,0.97,2025-04-18 11:08:20,38.0
0.8640,24.29,0.6430,83.94,1.0510,2025-04-18 11:08:20,38.0
0.8870,24.2750,0.3740,84.24,1.0260,2025-04-18 11:08:20,38.0
0.8860,24.3640,0.9870,84.32,1.0770,2025-04-18 11:08:20,38.0
0.8940,24.3030,0.5650,84.03,1.0720,2025-04-18 11:08:20,38.0
0.8890,24.3220,0.59,84.35,1.06,2025-04-18 11:08:20,38.0
0.9040,24.3370,0.6280,84.09,1.0460,2025-04-18 11:08:20,38.0
0.8910,24.3390,0.5930,83.87,1.0390,2025-04-18 11:08:20,38.0
0.8880,24.3340,0.3990,84.17,1.0140,2025-04-18 11:08:20,38.0
0.9130,24.3580,0.6860,84.07,1.2310,2025-04-18 21:08:35,39.0
0.8950,24.2920,0.6380,83.83,1.1280,2025-04-18 21:08:35,39.0
0.8850,24.2890,0.8010,83.91,1.2410,2025-04-18 21:08:35,39.0
0.9180,24.3810,0.6710,83.97,1.15,2025-04-18 21:08:35,39.0
0.8960,24.3870,0.6550,83.96,1.1850,2025-04-18 21:08:35,39.0
0.9160,24.3640,0.63,84.01,1.2190,2025-04-18 21:08:35,39.0
0.9240,24.3570,0.6080,84.17,1.2280,2025-04-18 21:08:35,39.0
0.9160,24.3530,0.45,83.92,1.2610,2025-04-18 21:08:35,39.0
0.8970,24.3590,0.5430,84.15,1.1170,2025-04-18 21:08:35,39.0
0.92,24.2570,0.6250,84.05,1.1820,2025-04-18 21:08:35,39.0
0.9010,24.2930,1.0520,83.92,1.2290,2025-04-18 21:08:35,39.0
0.9210,24.30,0.5650,83.95,1.2170,2025-04-18 21:08:35,39.0
0.9010,24.4240,0.5450,83.98,1.1480,2025-04-18 21:08:35,39.0
0.92,24.3730,0.6630,84.18,1.2750,2025-04-18 21:08:35,39.0
0.9290,24.3580,0.56,83.97,1.2180,2025-04-18 21:08:35,39.0
0.9110,24.36,0.9570,83.97,1.2240,2025-04-18 21:08:35,39.0
0.87,24.2810,0.4140,83.89,1.1330,2025-04-18 21:08:35,39.0
0.8880,24.29,0.6250,84.01,1.1230,2025-04-18 21:08:35,39.0
0.9110,24.3470,0.7560,83.91,1.2320,2025-04-18 21:08:35,39.0
0.8820,24.2420,0.5550,83.91,1.1710,2025-04-18 21:08:35,39.0
0.8970,24.3130,0.5520,84.20,1.0190,2025-06-05 13:17:34,40.0
0.9080,24.3310,0.55,84.20,1.0040,2025-06-05 13:17:34,40.0
0.9330,24.3640,0.3690,83.87,1.0530,2025-06-05 13:17:34,40.0
0.9540,24.3290,0.58,84.05,1.0140,2025-06-05 13:17:34,40.0
0.8870,24.3320,0.5370,84.09,1.0570,2025-06-05 13:17:34,40.0
0.9170,24.3440,1.0170,84.08,1.0110,2025-06-05 13:17:34,40.0
0.9280,24.35,0.65,84.27,1.0470,2025-06-05 13:17:34,40.0
0.8910,24.3030,0.6050,84.22,1.0260,2025-06-05 13:17:34,40.0
0.8740,24.2430,0.5770,83.99,0.9860,2025-06-05 13:17:34,40.0
0.9430,24.3170,0.5350,84.13,0.8750,2025-06-05 13:17:34,40.0
0.9120,24.3050,0.6450,84.04,1.0240,2025-06-05 13:17:34,40.0
0.8590,24.2870,0.4770,83.94,0.9770,2025-06-05 13:17:34,40.0
0.9080,24.2860,0.3310,84.28,1.0740,2025-06-05 13:17:34,40.0
0.9030,24.2990,1.2530,84,1.0060,2025-06-05 13:17:34,40.0
0.90,24.28,0.5020,84.27,1.0830,2025-06-05 13:17:34,40.0
0.8860,24.2940,0.4640,84.06,1.0360,2025-06-05 13:17:34,40.0
0.91,24.2990,1.2230,84.13,1.0360,2025-06-05 13:17:34,40.0
0.9070,24.2780,0.6030,84.09,1.0220,2025-06-05 13:17:34,40.0
0.8960,24.3210,0.2940,84.01,0.9960,2025-06-05 13:17:34,40.0
0.9350,24.3330,0.5050,84.06,1.0380,2025-06-05 13:17:34,40.0
0.8870,24.2970,0.5350,83.84,0.9440,2025-06-05 19:12:44,41.0
0.8270,24.1680,1.5240,83.96,0.9330,2025-06-05 19:12:44,41.0
0.9220,24.3580,0.5750,84.37,1.0750,2025-06-05 19:12:44,41.0
0.8890,24.3570,0.5070,84.09,0.9760,2025-06-05 19:12:44,41.0
0.8990,24.3210,0.7360,84.20,0.9880,2025-06-05 19:12:44,41.0
0.9130,24.2780,0.5470,83.93,1.0480,2025-06-05 19:12:44,41.0
0.9280,24.3640,0.69,84.21,1.0430,2025-06-05 19:12:44,41.0
0.8970,24.3030,0.5980,84.24,0.9640,2025-06-05 19:12:44,41.0
0.8950,24.3040,0.5220,84.52,0.9680,2025-06-05 19:12:44,41.0
0.9160,24.2950,0.3490,84.50,1.0320,2025-06-05 19:12:44,41.0
0.9150,24.3570,0.6380,84.47,1.0070,2025-06-05 19:12:44,41.0
0.8640,24.2960,0.4170,83.72,0.9960,2025-06-05 19:12:44,41.0
0.9290,24.2790,0.4190,84.35,1.0190,2025-06-05 19:12:44,41.0
0.9150,24.2950,0.6480,84.19,1.0750,2025-06-05 19:12:44,41.0
0.9190,24.3090,0.5650,84.03,0.9940,2025-06-05 19:12:44,41.0
0.9240,24.4340,0.59,84.01,1.03,2025-06-05 19:12:44,41.0
0.8920,24.2720,0.5020,84.02,1.04,2025-06-05 19:12:44,41.0
0.8970,24.2890,0.3920,84.17,0.9990,2025-06-05 19:12:44,41.0
0.8950,24.2830,0.5150,83.68,0.9820,2025-06-05 19:12:44,41.0
0.9360,24.3390,0.7110,84.13,1.0110,2025-06-05 19:12:44,41.0
0.9040,24.3290,0.4070,84.22,1.1050,2025-06-05 21:27:50,42.0
0.9040,24.2360,0.5420,83.89,1.0140,2025-06-05 21:27:50,42.0
0.9070,24.29,0.4820,84.14,1.0150,2025-06-05 21:27:50,42.0
0.8840,24.2680,0.4750,84.03,1.0210,2025-06-05 21:27:50,42.0
0.8910,24.2650,0.6050,84.63,1.0280,2025-06-05 21:27:50,42.0
0.9120,24.2760,0.5570,84.14,1.0080,2025-06-05 21:27:50,42.0
0.9110,24.2920,0.66,84.05,1.0050,2025-06-05 21:27:50,42.0
0.92,24.2440,0.7210,84.02,1.0960,2025-06-05 21:27:50,42.0
0.8540,24.2320,1.0550,83.98,0.9980,2025-06-05 21:27:50,42.0
0.8490,24.2010,0.6650,84.20,1.0660,2025-06-05 21:27:50,42.0
0.9110,24.3250,0.4290,84.32,1.1260,2025-06-05 21:27:50,42.0
0.9090,24.3780,0.52,84.06,1.0420,2025-06-05 21:27:50,42.0
0.8980,24.3130,0.5620,83.95,1.0450,2025-06-05 21:27:50,42.0
0.9040,24.3590,1.2130,83.90,1.0190,2025-06-05 21:27:50,42.0
0.92,24.35,0.48,84.19,1.0770,2025-06-05 21:27:50,42.0
0.9150,24.2640,0.7260,84.13,1.0350,2025-06-05 21:27:50,42.0
0.9150,24.3290,0.5470,83.99,1.0950,2025-06-05 21:27:50,42.0
0.8890,24.3050,0.7660,83.92,0.9940,2025-06-05 21:27:50,42.0
0.9270,24.3280,0.8210,84.17,1.0940,2025-06-05 21:27:50,42.0
0.8910,24.3080,0.3790,84.18,1.0540,2025-06-05 21:27:50,42.0
0.91,24.3960,1.0970,84.11,1.0720,2025-06-06 11:27:18,43.0
0.9270,24.4210,1.0950,84.02,1.0160,2025-06-06 11:27:18,43.0
0.9080,24.3150,0.3870,83.76,1.0360,2025-06-06 11:27:18,43.0
0.9240,24.3170,0.5270,84.19,1.02,2025-06-06 11:27:18,43.0
0.9330,24.4150,0.4740,83.98,0.9950,2025-06-06 11:27:18,43.0
0.9080,24.3740,0.4920,83.88,1.0210,2025-06-06 11:27:18,43.0
0.9120,24.3360,0.66,84.24,1.0150,2025-06-06 11:27:18,43.0
0.9320,24.3510,0.4090,83.96,0.9710,2025-06-06 11:27:18,43.0
0.93,24.3140,0.5120,84.18,1.0590,2025-06-06 11:27:18,43.0
0.9250,24.3580,0.4920,83.99,1.0250,2025-06-06 11:27:18,43.0
0.9510,24.3340,0.58,84.13,1.0360,2025-06-06 11:27:18,43.0
0.9030,24.3840,0.53,84.08,1.0330,2025-06-06 11:27:18,43.0
0.90,24.3160,0.7310,84.03,1.0220,2025-06-06 11:27:18,43.0
0.9060,24.3550,0.4270,84.02,0.9750,2025-06-06 11:27:18,43.0
0.8940,24.35,0.51,84.37,1.0190,2025-06-06 11:27:18,43.0
0.9350,24.3550,0.5650,84.23,1.0250,2025-06-06 11:27:18,43.0
0.9260,24.3370,0.66,84.09,1.0740,2025-06-06 11:27:18,43.0
0.9240,24.3770,0.3840,84,0.9980,2025-06-06 11:27:18,43.0
0.9040,24.3730,0.4040,84.18,0.9640,2025-06-06 11:27:18,43.0
0.8790,24.2970,0.6930,84.09,1.03,2025-06-06 11:27:18,43.0
0.8920,24.2510,0.6180,84.26,0.9970,2025-06-06 13:12:27,44.0
0.91,24.2770,0.9670,84.05,1.0260,2025-06-06 13:12:27,44.0
0.9050,24.3290,0.6380,84.17,0.9940,2025-06-06 13:12:27,44.0
0.9020,24.3680,0.4290,84.08,1.0110,2025-06-06 13:12:27,44.0
0.8970,24.27,0.5420,84.03,0.9510,2025-06-06 13:12:27,44.0
0.8930,24.3250,0.63,83.90,1.02,2025-06-06 13:12:27,44.0
0.8980,24.28,0.7060,83.87,1.0550,2025-06-06 13:12:27,44.0
0.9240,24.3270,0.8040,84.14,1.0750,2025-06-06 13:12:27,44.0
0.8960,24.2680,0.6130,83.98,1.0010,2025-06-06 13:12:27,44.0
0.9170,24.3770,0.49,84.13,1.0270,2025-06-06 13:12:27,44.0
0.89,24.2750,0.5470,84.36,0.9950,2025-06-06 13:12:27,44.0
0.8880,24.2850,0.3620,84.08,1.0360,2025-06-06 13:12:27,44.0
0.91,24.2990,0.64,84.14,1.0510,2025-06-06 13:12:27,44.0
0.9080,24.2590,0.5630,84.11,1.0030,2025-06-06 13:12:27,44.0
0.9160,24.2550,0.5470,84.23,1.0210,2025-06-06 13:12:27,44.0
0.8930,24.2880,1.0670,83.91,1.0420,2025-06-06 13:12:27,44.0
0.9070,24.3340,0.8080,84.06,1.02,2025-06-06 13:12:27,44.0
0.8850,24.3040,0.5980,84.19,0.9780,2025-06-06 13:12:27,44.0
0.9320,24.3410,0.4670,83.99,0.9960,2025-06-06 13:12:27,44.0
0.8940,24.25,0.5420,83.99,1.0240,2025-06-06 13:12:27,44.0
0.9150,24.36,0.6150,83.96,1.0550,2025-06-06 21:27:57,45.0
0.8930,24.3060,0.3990,84.33,1.0160,2025-06-06 21:27:57,45.0
0.8790,24.2640,0.4720,83.94,1.0080,2025-06-06 21:27:57,45.0
0.8960,24.2450,0.5830,84.34,0.9840,2025-06-06 21:27:57,45.0
0.9020,24.3020,0.9470,83.92,0.9890,2025-06-06 21:27:57,45.0
0.8940,24.2810,0.6330,84.09,1.0140,2025-06-06 21:27:57,45.0
0.89,24.35,0.7210,84.17,1.04,2025-06-06 21:27:57,45.0
0.9060,24.2630,0.4570,84.03,1.04,2025-06-06 21:27:57,45.0
0.9360,24.3530,0.3690,84.17,1.0270,2025-06-06 21:27:57,45.0
0.9030,24.3280,0.5350,83.73,0.9620,2025-06-06 21:27:57,45.0
0.8920,24.3020,0.5250,84.04,0.9680,2025-06-06 21:27:57,45.0
0.8890,24.2730,0.4370,84.32,1.0190,2025-06-06 21:27:57,45.0
0.9250,24.40,0.46,84.12,1.0240,2025-06-06 21:27:57,45.0
0.9060,24.3070,0.5980,84.19,0.9870,2025-06-06 21:27:57,45.0
0.9150,24.3370,0.4270,84.15,1.0150,2025-06-06 21:27:57,45.0
0.9060,24.38,0.4750,84.03,1.0380,2025-06-06 21:27:57,45.0
0.8830,24.3170,0.8310,83.87,0.9860,2025-06-06 21:27:57,45.0
0.8760,24.3230,1.1250,83.91,0.9830,2025-06-06 21:27:57,45.0
0.9140,24.3330,0.4790,84.03,1.0370,2025-06-06 21:27:57,45.0
0.9140,24.2910,0.9790,84.20,1.0120,2025-06-06 21:27:57,45.0
0.9480,24.3260,0.5680,84.38,0.9980,2025-06-09 13:55:59,46.0
0.8920,24.3860,0.5470,84.21,1.0220,2025-06-09 13:55:59,46.0
0.8990,24.3170,0.7680,83.85,1.0440,2025-06-09 13:55:59,46.0
0.8880,24.2660,0.7580,83.92,0.9990,2025-06-09 13:55:59,46.0
0.91,24.3390,0.6150,84.09,1.0330,2025-06-09 13:55:59,46.0
0.8930,24.3350,0.5250,83.93,1.0120,2025-06-09 13:55:59,46.0
0.9110,24.2830,0.6680,83.69,1.0320,2025-06-09 13:55:59,46.0
0.93,24.3460,0.4950,83.99,1.0580,2025-06-09 13:55:59,46.0
0.8780,24.3320,0.6050,84.19,0.9860,2025-06-09 13:55:59,46.0
0.9270,24.3860,0.52,83.51,1.0510,2025-06-09 13:55:59,46.0
0.9290,24.39,0.5750,84.16,1.0850,2025-06-09 13:55:59,46.0
0.9080,24.3140,1.13,83.64,1.0320,2025-06-09 13:55:59,46.0
0.88,24.3210,0.52,83.79,1.0340,2025-06-09 13:55:59,46.0
0.8950,24.3120,0.7710,83.85,1.0470,2025-06-09 13:55:59,46.0
0.9260,24.3640,0.7910,84.17,1.0280,2025-06-09 13:55:59,46.0
0.9080,24.3780,0.5220,84.21,1.0940,2025-06-09 13:55:59,46.0
0.9160,24.3680,0.5120,84.05,1.0690,2025-06-09 13:55:59,46.0
0.8850,24.3080,0.4590,84.21,1.0520,2025-06-09 13:55:59,46.0
0.9260,24.4110,0.5850,84.23,1.0520,2025-06-09 13:55:59,46.0
0.8910,24.2690,0.9640,83.89,1.0360,2025-06-09 13:55:59,46.0
0.9280,24.3140,0.5550,84.14,1.0050,2025-07-01 13:43:41,47.0
0.8850,24.2750,0.4920,83.89,0.9980,2025-07-01 13:43:41,47.0
0.8990,24.3770,0.6050,83.77,1.0370,2025-07-01 13:43:41,47.0
0.8990,24.3170,0.7960,83.88,1.0350,2025-07-01 13:43:41,47.0
0.9180,24.3030,0.3670,84.14,1.1190,2025-07-01 13:43:41,47.0
0.90,24.3330,0.6150,84.04,0.9680,2025-07-01 13:43:41,47.0
0.8830,24.3310,0.7460,84.27,0.9330,2025-07-01 13:43:41,47.0
0.8640,24.2890,0.6680,83.85,1.02,2025-07-01 13:43:41,47.0
0.8770,24.2840,0.7230,84.13,0.9720,2025-07-01 13:43:41,47.0
0.8880,24.2690,0.6830,83.98,1.0660,2025-07-01 13:43:41,47.0
0.8840,24.2370,0.6050,84.02,0.9840,2025-07-01 13:43:41,47.0
0.8920,24.2650,0.6180,84.13,1.0570,2025-07-01 13:43:41,47.0
0.9260,24.3350,0.50,84.13,1.0510,2025-07-01 13:43:41,47.0
0.8850,24.3020,0.6250,84,0.98,2025-07-01 13:43:41,47.0
0.9190,24.3590,0.5620,83.90,1.0330,2025-07-01 13:43:41,47.0
0.8820,24.2330,0.8690,84.02,1.0190,2025-07-01 13:43:41,47.0
0.92,24.2920,0.53,83.83,0.98,2025-07-01 13:43:41,47.0
0.8960,24.3280,0.5680,83.66,1.0310,2025-07-01 13:43:41,47.0
0.8310,24.2270,0.5980,83.83,0.9670,2025-07-01 13:43:41,47.0
0.91,24.3340,0.3190,84.03,0.9950,2025-07-01 13:43:41,47.0
0.9150,24.2920,1.2380,83.99,1.0410,2025-07-01 19:08:50,48.0
0.9120,24.2990,0.3490,83.79,1.0880,2025-07-01 19:08:50,48.0
0.8950,24.2870,0.7780,83.84,1.05,2025-07-01 19:08:50,48.0
0.9070,24.3320,0.7560,84.15,1.0220,2025-07-01 19:08:50,48.0
0.8730,24.26,0.4490,83.97,1.0730,2025-07-01 19:08:50,48.0
0.8870,24.2850,0.58,84.11,1.0160,2025-07-01 19:08:50,48.0
0.9220,24.32,0.4490,84.07,1.0380,2025-07-01 19:08:50,48.0
0.8760,24.3310,0.6230,83.97,0.9430,2025-07-01 19:08:50,48.0
0.9010,24.3360,0.55,83.96,1.0860,2025-07-01 19:08:50,48.0
0.9220,24.35,0.3670,83.67,1.0040,2025-07-01 19:08:50,48.0
0.9040,24.3050,0.66,83.93,1.0470,2025-07-01 19:08:50,48.0
0.8980,24.34,0.8460,83.92,1.0710,2025-07-01 19:08:50,48.0
0.9170,24.26,0.4470,84.09,1.0870,2025-07-01 19:08:50,48.0
0.9390,24.2860,0.5070,84.15,1.0850,2025-07-01 19:08:50,48.0
0.9080,24.3010,0.7380,83.86,1.0610,2025-07-01 19:08:50,48.0
0.9130,24.3150,0.5070,84.12,1.0010,2025-07-01 19:08:50,48.0
0.8780,24.3280,1.0070,84.16,0.9380,2025-07-01 19:08:50,48.0
0.9190,24.3560,0.4550,83.98,1.0490,2025-07-01 19:08:50,48.0
0.92,24.3170,0.4650,84.16,1.0950,2025-07-01 19:08:50,48.0
0.9250,24.36,0.7110,84.20,0.9880,2025-07-01 19:08:50,48.0
0.9240,24.3670,0.4490,84.09,0.9980,2025-07-01 20:48:54,49.0
0.9160,24.3240,0.5250,84.06,1.1310,2025-07-01 20:48:54,49.0
0.90,24.33,0.5320,84.22,1.0350,2025-07-01 20:48:54,49.0
0.9180,24.4010,0.9440,83.97,0.9680,2025-07-01 20:48:54,49.0
0.9160,24.3140,0.53,83.89,1.0130,2025-07-01 20:48:54,49.0
0.9180,24.38,0.4440,83.98,1,2025-07-01 20:48:54,49.0
0.9140,24.3150,0.5320,83.96,1.11,2025-07-01 20:48:54,49.0
0.9290,24.3140,0.9160,84.23,1.0080,2025-07-01 20:48:54,49.0
0.91,24.3330,0.6250,84.19,1.0370,2025-07-01 20:48:54,49.0
0.8980,24.3340,0.49,83.87,1.0670,2025-07-01 20:48:54,49.0
0.8990,24.3480,0.6530,84.13,1.0460,2025-07-01 20:48:54,49.0
0.8980,24.34,0.48,83.97,1.0110,2025-07-01 20:48:54,49.0
0.9240,24.40,0.3790,84.20,1.0530,2025-07-01 20:48:54,49.0
0.9470,24.3950,0.5350,84.11,1.1120,2025-07-01 20:48:54,49.0
0.8730,24.3110,1.0020,83.98,1.0260,2025-07-01 20:48:54,49.0
0.9120,24.3820,0.6980,83.81,1.1140,2025-07-01 20:48:54,49.0
0.9240,24.3460,0.8690,83.93,1.0490,2025-07-01 20:48:54,49.0
0.9090,24.3640,0.5420,84.21,1.0490,2025-07-01 20:48:54,49.0
0.9130,24.3480,0.62,84.33,1.0490,2025-07-01 20:48:54,49.0
0.9120,24.3960,0.7460,84.33,1.0650,2025-07-01 21:18:58,50.0
0.9230,24.4170,0.6150,84.39,1.0050,2025-07-01 21:18:58,50.0
0.9130,24.3750,0.4370,84.09,0.9990,2025-07-01 21:18:58,50.0
0.9240,24.35,0.6180,84.03,1.0630,2025-07-01 21:18:58,50.0
0.91,24.3550,0.50,84.10,1.0180,2025-07-01 21:18:58,50.0
0.9160,24.3110,0.4470,84.59,1.0730,2025-07-01 21:18:58,50.0
0.8580,24.2880,0.8440,83.80,0.9580,2025-07-01 21:18:58,50.0
0.9080,24.3190,0.7660,83.86,1.0340,2025-07-01 21:18:58,50.0
0.9270,24.3150,0.8290,84.23,1.0440,2025-07-01 21:18:58,50.0
0.8860,24.3190,0.4740,84.16,0.9770,2025-07-01 21:18:58,50.0
0.8990,24.3420,0.5220,84.32,1.0190,2025-07-01 21:18:58,50.0
0.9140,24.2890,0.3640,83.86,0.9850,2025-07-01 21:18:58,50.0
0.9090,24.3490,0.6450,84.32,0.9960,2025-07-01 21:18:58,50.0
0.8950,24.3750,0.6180,84.20,1.06,2025-07-01 21:18:58,50.0
0.9160,24.3940,0.55,84.03,0.98,2025-07-01 21:18:58,50.0
0.9010,24.3660,1.1980,83.83,1.0150,2025-07-01 21:18:58,50.0
0.9470,24.3670,0.4720,83.92,1.1310,2025-07-01 21:18:58,50.0
0.8880,24.37,0.5250,83.94,0.9970,2025-07-01 21:18:58,50.0
0.8970,24.3370,0.6450,84.24,0.9980,2025-07-01 21:18:58,50.0
0.9180,24.2850,0.5050,83.81,1.0090,2025-07-01 21:18:58,50.0
0.9150,24.2990,0.4390,84.22,1.0330,2025-07-02 18:55:54,51.0
0.9260,24.3020,1.0920,83.94,0.9830,2025-07-02 18:55:54,51.0
0.8970,24.3570,0.4950,84.09,1.0050,2025-07-02 18:55:54,51.0
0.8810,24.27,0.4090,84.15,0.9210,2025-07-02 18:55:54,51.0
0.8720,24.3650,0.5980,83.94,1.0560,2025-07-02 18:55:54,51.0
0.9250,24.3760,0.9420,83.91,1.0570,2025-07-02 18:55:54,51.0
0.8970,24.2640,0.7960,83.65,1.0630,2025-07-02 18:55:54,51.0
0.8960,24.2950,0.4590,84.29,1.0440,2025-07-02 18:55:54,51.0
0.9290,24.4070,0.5270,84.21,1.0640,2025-07-02 18:55:54,51.0
0.9210,24.3350,0.8180,84.01,1.0950,2025-07-02 18:55:54,51.0
0.8910,24.2840,0.7610,84.14,0.9880,2025-07-02 18:55:54,51.0
0.9160,24.2840,0.5980,83.78,1.1020,2025-07-02 18:55:54,51.0
0.8730,24.2980,1.05,84.09,1.0410,2025-07-02 18:55:54,51.0
0.8880,24.2680,0.4440,84.19,0.9660,2025-07-02 18:55:54,51.0
0.9050,24.2840,0.4950,84.18,0.9940,2025-07-02 18:55:54,51.0
0.8920,24.2580,0.68,84.25,1.0390,2025-07-02 18:55:54,51.0
0.91,24.2930,0.4390,83.94,1.0970,2025-07-02 18:55:54,51.0
0.9190,24.2920,0.4040,84.10,1.0830,2025-07-02 18:55:54,51.0
0.8910,24.2770,0.3340,84.03,1.0420,2025-07-02 18:55:54,51.0
0.8720,24.2740,0.5320,83.90,1.0620,2025-07-02 18:55:54,51.0
0.8860,24.25,0.8910,83.84,1.0130,2025-07-02 21:26:00,52.0
0.9210,24.2830,0.5350,84.28,1.0450,2025-07-02 21:26:00,52.0
0.8880,24.3430,0.4520,84.19,1.0560,2025-07-02 21:26:00,52.0
0.9060,24.3170,0.58,84.42,1.0370,2025-07-02 21:26:00,52.0
0.8930,24.3260,0.68,83.89,1.0040,2025-07-02 21:26:00,52.0
0.8850,24.2930,0.4720,83.90,1.0990,2025-07-02 21:26:00,52.0
0.8830,24.2490,0.5880,83.96,0.9950,2025-07-02 21:26:00,52.0
0.9060,24.3060,0.8230,84.22,1.0960,2025-07-02 21:26:00,52.0
0.8780,24.2570,0.6980,83.77,1.0480,2025-07-02 21:26:00,52.0
0.8860,24.2580,0.3740,84.17,0.9860,2025-07-02 21:26:00,52.0
0.9330,24.3540,0.7910,84.15,1.0510,2025-07-02 21:26:00,52.0
0.9160,24.3270,0.53,84.17,1.0630,2025-07-02 21:26:00,52.0
0.90,24.32,0.5250,84.35,0.9940,2025-07-02 21:26:00,52.0
0.9080,24.2550,0.4170,83.88,1.0190,2025-07-02 21:26:00,52.0
0.9240,24.2710,0.6930,84.52,1.0620,2025-07-02 21:26:00,52.0
0.9210,24.3360,0.61,84.06,1.0250,2025-07-02 21:26:00,52.0
0.8930,24.2980,0.6580,84.13,1.0350,2025-07-02 21:26:00,52.0
0.8970,24.23,0.5650,83.81,1.0950,2025-07-02 21:26:00,52.0
0.9130,24.3180,0.68,84.33,1.0930,2025-07-02 21:26:00,52.0
0.8830,24.3090,0.62,83.89,1.0630,2025-07-02 21:26:00,52.0
0.8980,24.2990,0.6530,84.23,0.99,2025-07-03 11:35:47,53.0
0.9260,24.32,0.8210,83.86,1.0190,2025-07-03 11:35:47,53.0
0.8980,24.3150,0.7080,84.03,1.1070,2025-07-03 11:35:47,53.0
0.9210,24.3260,0.7680,83.88,1.0180,2025-07-03 11:35:47,53.0
0.94,24.3390,0.49,83.86,1.0970,2025-07-03 11:35:47,53.0
0.8950,24.2620,0.6960,84.12,1.0950,2025-07-03 11:35:47,53.0
0.9110,24.2770,0.6080,84.22,1.0530,2025-07-03 11:35:47,53.0
0.9010,24.3130,0.8960,84.19,1.01,2025-07-03 11:35:47,53.0
0.8960,24.3030,1.1950,84.17,1.0830,2025-07-03 11:35:47,53.0
0.9140,24.3720,0.6680,84.30,1.1370,2025-07-03 11:35:47,53.0
0.8530,24.2950,0.5270,83.63,0.9490,2025-07-03 11:35:47,53.0
0.8980,24.3730,0.4470,84.11,0.9630,2025-07-03 11:35:47,53.0
0.8730,24.3750,0.4270,83.70,1.0040,2025-07-03 11:35:47,53.0
0.8830,24.2680,0.4020,83.77,0.9980,2025-07-03 11:35:47,53.0
0.8920,24.2410,0.7260,84.04,1.0110,2025-07-03 11:35:47,53.0
0.9230,24.3510,0.5150,84.22,1.0370,2025-07-03 11:35:47,53.0
0.8460,24.1640,1.27,84.03,1.0870,2025-07-03 11:35:47,53.0
0.8860,24.3090,0.5420,83.95,1.1050,2025-07-03 11:35:47,53.0
0.9180,24.3090,0.4820,83.74,1.0180,2025-07-03 11:35:47,53.0
0.8880,24.2780,0.4220,83.89,1.0290,2025-07-03 11:35:47,53.0
0.9130,24.4310,0.6530,84.02,1.04,2025-07-03 13:10:52,54.0
0.9130,24.3810,0.5620,84.13,1.0460,2025-07-03 13:10:52,54.0
0.8940,24.39,0.66,83.66,1.0080,2025-07-03 13:10:52,54.0
0.9220,24.3870,0.4170,84.35,0.9850,2025-07-03 13:10:52,54.0
0.9120,24.3350,0.50,83.95,1.05,2025-07-03 13:10:52,54.0
0.87,24.36,0.7060,84.10,1.0750,2025-07-03 13:10:52,54.0
0.9220,24.4170,0.6930,84.22,1.0620,2025-07-03 13:10:52,54.0
0.8930,24.2850,0.5250,84.19,1.0570,2025-07-03 13:10:52,54.0
0.9490,24.3680,0.6180,84.06,1.1040,2025-07-03 13:10:52,54.0
0.8840,24.3380,0.67,84.20,1.0610,2025-07-03 13:10:52,54.0
0.9240,24.3420,0.5750,83.95,1.0270,2025-07-03 13:10:52,54.0
0.9270,24.31,0.7180,84.22,1.05,2025-07-03 13:10:52,54.0
0.90,24.4510,0.9740,84.02,0.9720,2025-07-03 13:10:52,54.0
0.9020,24.4370,1.0920,83.98,1.0760,2025-07-03 13:10:52,54.0
0.8720,24.3280,0.8460,83.95,1.0630,2025-07-03 13:10:52,54.0
0.9120,24.2920,0.6450,83.84,1.0320,2025-07-03 13:10:52,54.0
0.9080,24.3880,0.5680,84.06,1.0370,2025-07-03 13:10:52,54.0
0.8950,24.2910,0.62,83.96,1.0310,2025-07-03 13:10:52,54.0
0.8970,24.33,1.3460,84.33,1.0830,2025-07-03 13:10:52,54.0
0.9060,24.3670,0.7410,84.32,1.0280,2025-07-03 13:10:52,54.0
0.8730,24.3180,0.4340,84.32,0.9990,2025-07-03 18:51:03,55.0
0.89,24.2940,0.4270,83.96,1.1720,2025-07-03 18:51:03,55.0
0.9240,24.3380,0.6150,84.11,1.1240,2025-07-03 18:51:03,55.0
0.8840,24.32,0.4870,84.09,1.0860,2025-07-03 18:51:03,55.0
0.9070,24.3280,0.5150,84.07,1.05,2025-07-03 18:51:03,55.0
0.9330,24.3780,0.5620,83.98,1.1380,2025-07-03 18:51:03,55.0
0.8970,24.3190,0.7180,84.22,1.0710,2025-07-03 18:51:03,55.0
0.88,24.3160,0.57,84.14,1.1370,2025-07-03 18:51:03,55.0
0.91,24.3840,0.7480,84.23,1.0520,2025-07-03 18:51:03,55.0
0.8940,24.2420,0.3740,84.16,1.0060,2025-07-03 18:51:03,55.0
0.9390,24.3840,0.5720,84.14,1.0110,2025-07-03 18:51:03,55.0
0.8980,24.3090,0.6450,83.91,1.0990,2025-07-03 18:51:03,55.0
0.9080,24.2750,0.5250,83.97,1.0830,2025-07-03 18:51:03,55.0
0.9030,24.31,0.5320,84.26,1.0010,2025-07-03 18:51:03,55.0
0.91,24.3060,1.07,84.13,1.0340,2025-07-03 18:51:03,55.0
0.9030,24.3270,0.4550,83.85,1.0550,2025-07-03 18:51:03,55.0
0.90,24.3010,0.8290,84.11,1.1030,2025-07-03 18:51:03,55.0
0.91,24.3730,0.7380,83.65,1.0710,2025-07-03 18:51:03,55.0
0.8930,24.34,0.7530,83.93,1.0150,2025-07-03 18:51:03,55.0
0.9060,24.3620,0.1980,84.22,1.0360,2025-07-03 18:51:03,55.0
0.9150,24.2890,0.59,83.94,1.0550,2025-08-11 13:05:44,56.0
0.9130,24.34,0.6380,84.15,1.0640,2025-08-11 13:05:44,56.0
0.9090,24.2690,0.48,84.07,0.9960,2025-08-11 13:05:44,56.0
0.9030,24.3030,0.5150,84.08,1.0150,2025-08-11 13:05:44,56.0
0.9060,24.2190,0.6050,84.13,1.0180,2025-08-11 13:05:44,56.0
0.9030,24.3290,0.50,84.29,1.0450,2025-08-11 13:05:44,56.0
0.8910,24.2450,0.5880,84.14,1.0940,2025-08-11 13:05:44,56.0
0.8910,24.2050,0.6880,83.48,1.0230,2025-08-11 13:05:44,56.0
0.9020,24.2310,0.5850,84.16,1.0610,2025-08-11 13:05:44,56.0
0.8860,24.2280,0.8210,84.19,1.0120,2025-08-11 13:05:44,56.0
0.9010,24.2280,0.5830,84.17,1.0220,2025-08-11 13:05:44,56.0
0.8990,24.2070,0.7130,84.19,1.0790,2025-08-11 13:05:44,56.0
0.9010,24.2660,0.4670,84.24,1.0650,2025-08-11 13:05:44,56.0
0.8940,24.2280,0.7840,83.99,1.0370,2025-08-11 13:05:44,56.0
0.8650,24.2350,0.5550,83.99,1.0050,2025-08-11 13:05:44,56.0
0.9080,24.2810,0.7710,84.50,1.0390,2025-08-11 13:05:44,56.0
0.9250,24.2220,1.0170,84.03,1.0930,2025-08-11 13:05:44,56.0
0.9030,24.3280,0.5780,84.14,1.0170,2025-08-11 13:05:44,56.0
0.9130,24.2550,0.4570,83.94,1.0310,2025-08-11 13:05:44,56.0
0.9050,24.3040,0.5580,83.85,1.0680,2025-08-11 13:05:44,56.0
0.90,24.3910,0.6560,84.09,0.9740,2025-08-11 19:05:58,57.0
0.9030,24.3690,0.8870,83.96,0.9660,2025-08-11 19:05:58,57.0
0.9010,24.3640,0.6180,83.73,0.9610,2025-08-11 19:05:58,57.0
0.8890,24.4190,0.8090,83.92,0.99,2025-08-11 19:05:58,57.0
0.8930,24.3390,1.4020,84.14,1,2025-08-11 19:05:58,57.0
0.8820,24.3430,1.0270,84,0.9980,2025-08-11 19:05:58,57.0
0.88,24.3130,0.4970,83.96,1.0520,2025-08-11 19:05:58,57.0
0.8970,24.3430,0.50,83.83,0.9650,2025-08-11 19:05:58,57.0
0.8790,24.4150,0.5480,84.04,1.0240,2025-08-11 19:05:58,57.0
0.9140,24.3770,0.3970,83.95,0.9910,2025-08-11 19:05:58,57.0
0.8960,24.4070,0.5270,84.13,1.0370,2025-08-11 19:05:58,57.0
0.92,24.3450,0.7940,83.97,1.0350,2025-08-11 19:05:58,57.0
0.8790,24.3560,0.6130,83.99,1.0750,2025-08-11 19:05:58,57.0
0.9070,24.3920,0.47,84.03,1.0590,2025-08-11 19:05:58,57.0
0.9020,24.4260,0.7210,83.76,0.9590,2025-08-11 19:05:58,57.0
0.9050,24.3840,0.5480,83.99,1.0140,2025-08-11 19:05:58,57.0
0.8910,24.3750,0.7060,84.29,1.0150,2025-08-11 19:05:58,57.0
0.9050,24.3530,0.8240,84.11,1.0150,2025-08-11 19:05:58,57.0
0.9040,24.3620,0.7390,83.84,0.9670,2025-08-11 19:05:58,57.0
0.8650,24.3440,0.5420,83.88,0.9650,2025-08-11 19:05:58,57.0
0.91,24.40,0.5950,83.99,1.0990,2025-08-11 21:16:05,58.0
0.8690,24.3060,0.4220,84.14,0.9780,2025-08-11 21:16:05,58.0
0.8910,24.3960,0.7430,83.79,1.0850,2025-08-11 21:16:05,58.0
0.9170,24.4430,0.6980,84.06,1.0150,2025-08-11 21:16:05,58.0
0.9020,24.3620,0.4850,84.25,1.1260,2025-08-11 21:16:05,58.0
0.8850,24.3650,0.5050,83.85,1.0180,2025-08-11 21:16:05,58.0
0.8990,24.37,0.4170,84.16,1.05,2025-08-11 21:16:05,58.0
0.9290,24.4150,0.7080,83.84,1.0770,2025-08-11 21:16:05,58.0
0.8880,24.2540,1.05,83.97,1.0290,2025-08-11 21:16:05,58.0
0.8970,24.3470,1.0020,84.16,0.9960,2025-08-11 21:16:05,58.0
0.9210,24.4440,0.6980,84.19,0.9740,2025-08-11 21:16:05,58.0
0.8640,24.2880,0.43,83.93,0.8840,2025-08-11 21:16:05,58.0
0.9240,24.42,0.6710,84.02,1.0490,2025-08-11 21:16:05,58.0
0.8880,24.3610,0.6830,84.01,1.04,2025-08-11 21:16:05,58.0
0.9030,24.3710,0.4920,83.85,1.0790,2025-08-11 21:16:05,58.0
0.8680,24.3360,0.9540,83.78,0.9440,2025-08-11 21:16:05,58.0
0.8910,24.4470,0.63,84,1.1010,2025-08-11 21:16:05,58.0
0.8540,24.3950,0.8470,83.99,1.0650,2025-08-11 21:16:05,58.0
0.8720,24.3560,0.6260,84.06,1.0920,2025-08-11 21:16:05,58.0
0.9250,24.4160,0.58,83.83,1.0340,2025-08-11 21:16:05,58.0
0.9040,24.3650,0.9770,83.95,0.91,2025-08-12 11:37:25,59.0
0.9250,24.4140,0.7480,84.15,0.9740,2025-08-12 11:37:25,59.0
0.8980,24.4030,0.47,84.18,1.0140,2025-08-12 11:37:25,59.0
0.9290,24.4010,0.5550,83.78,1.0450,2025-08-12 11:37:25,59.0
0.9330,24.4620,0.7410,83.72,1.0730,2025-08-12 11:37:25,59.0
0.8820,24.3560,0.7480,83.87,0.96,2025-08-12 11:37:25,59.0
0.8560,24.3740,0.3590,83.99,0.9570,2025-08-12 11:37:25,59.0
0.90,24.4170,0.4750,83.99,0.9670,2025-08-12 11:37:25,59.0
0.8830,24.3230,0.6710,84.13,1.0150,2025-08-12 11:37:25,59.0
0.8930,24.4080,1.2560,83.91,0.9680,2025-08-12 11:37:25,59.0
0.9080,24.4210,0.6910,83.92,1.0220,2025-08-12 11:37:25,59.0
0.9020,24.35,0.7690,83.97,1.0490,2025-08-12 11:37:25,59.0
0.8940,24.40,0.4820,84.28,1.0040,2025-08-12 11:37:25,59.0
0.8850,24.4030,0.8740,84.11,1.0030,2025-08-12 11:37:25,59.0
0.9190,24.3860,0.3590,83.82,1.0830,2025-08-12 11:37:25,59.0
0.8880,24.3560,0.7530,84.06,1.0440,2025-08-12 11:37:25,59.0
0.8950,24.2820,0.6810,83.80,1.0450,2025-08-12 11:37:25,59.0
0.9150,24.3530,0.50,84,1.1170,2025-08-12 11:37:25,59.0
0.8960,24.3410,0.7760,83.51,1.1040,2025-08-12 11:37:25,59.0
0.90,24.3150,0.7230,83.62,1.0490,2025-08-12 11:37:25,59.0
0.9440,24.3520,0.48,84.09,1.0850,2025-08-12 13:07:30,60.0
0.8840,24.3410,0.4820,84.20,0.9810,2025-08-12 13:07:30,60.0
0.9390,24.3380,0.63,84.14,1.0540,2025-08-12 13:07:30,60.0
0.9030,24.3020,0.5220,83.83,1.0840,2025-08-12 13:07:30,60.0
0.8960,24.3520,0.45,84.01,1.0110,2025-08-12 13:07:30,60.0
0.9260,24.3440,0.4570,84.20,1.0950,2025-08-12 13:07:30,60.0
0.9260,24.3030,0.9670,84.33,1.0140,2025-08-12 13:07:30,60.0
0.90,24.3120,0.8440,83.98,1.0580,2025-08-12 13:07:30,60.0
0.9170,24.3450,0.4070,83.79,1.0140,2025-08-12 13:07:30,60.0
0.8880,24.3430,0.60,83.77,1.1080,2025-08-12 13:07:30,60.0
0.9020,24.3830,0.4870,83.90,1.0770,2025-08-12 13:07:30,60.0
0.9330,24.3550,0.6030,84,1.0660,2025-08-12 13:07:30,60.0
0.8870,24.3160,0.8310,84.13,0.9970,2025-08-12 13:07:30,60.0
0.8950,24.2860,0.8440,84.14,1.0510,2025-08-12 13:07:30,60.0
0.8930,24.2820,0.3670,84.21,0.9860,2025-08-12 13:07:30,60.0
0.9020,24.3630,0.8840,83.99,1.0390,2025-08-12 13:07:30,60.0
0.8970,24.3630,0.6050,84.05,1.0120,2025-08-12 13:07:30,60.0
0.9020,24.3260,0.7160,84.14,1.0490,2025-08-12 13:07:30,60.0
0.9020,24.3030,0.4190,83.77,1.0580,2025-08-12 13:07:30,60.0
0.8960,24.3470,0.7260,83.90,1.0780,2025-08-12 13:07:30,60.0
0.8770,24.2640,1.0570,83.74,0.9820,2025-08-12 18:47:42,61.0
0.8880,24.26,0.7890,84.17,1.0620,2025-08-12 18:47:42,61.0
0.8890,24.2870,0.5730,84.15,1.0370,2025-08-12 18:47:42,61.0
0.8980,24.2580,0.5520,84.06,1.0210,2025-08-12 18:47:42,61.0
0.9070,24.3650,0.5120,83.76,1.0860,2025-08-12 18:47:42,61.0
0.8960,24.3280,0.5070,83.64,1.0670,2025-08-12 18:47:42,61.0
0.8780,24.3060,0.61,83.96,1.0550,2025-08-12 18:47:42,61.0
0.9260,24.3290,0.6250,83.99,1.0740,2025-08-12 18:47:42,61.0
0.9130,24.22,0.7530,84.29,1.0350,2025-08-12 18:47:42,61.0
0.8970,24.3340,0.4250,84.02,0.9920,2025-08-12 18:47:42,61.0
0.9080,24.2530,0.5530,84.10,1.0870,2025-08-12 18:47:42,61.0
0.8930,24.2960,0.3670,84.19,0.9960,2025-08-12 18:47:42,61.0
0.9260,24.2910,0.5880,83.86,1.1050,2025-08-12 18:47:42,61.0
0.8910,24.2790,0.4770,84.07,1.0740,2025-08-12 18:47:42,61.0
0.8880,24.2670,1.2310,84.07,1.0340,2025-08-12 18:47:42,61.0
0.9070,24.3710,0.7210,84.13,1.1180,2025-08-12 18:47:42,61.0
0.8740,24.3360,0.9270,84.16,1.0470,2025-08-12 18:47:42,61.0
0.90,24.24,0.65,83.93,1.0810,2025-08-12 18:47:42,61.0
0.9110,24.2720,0.4670,83.80,1.0510,2025-08-12 18:47:42,61.0
0.8970,24.2790,0.58,84.47,1.0380,2025-08-12 18:47:42,61.0
0.9140,24.4510,0.6180,83.82,0.9790,2025-08-12 21:27:49,62.0
0.91,24.3560,0.7430,83.93,1.0960,2025-08-12 21:27:49,62.0
0.8920,24.4350,0.5680,84.16,1.0670,2025-08-12 21:27:49,62.0
0.9070,24.34,0.5450,83.65,0.9930,2025-08-12 21:27:49,62.0
0.9060,24.3560,0.7180,84.14,1.0610,2025-08-12 21:27:49,62.0
0.9170,24.3050,0.5930,84.23,1.0060,2025-08-12 21:27:49,62.0
0.8720,24.2860,0.9020,84.27,0.9420,2025-08-12 21:27:49,62.0
0.9050,24.3490,0.5830,84.18,0.9460,2025-08-12 21:27:49,62.0
0.8960,24.2940,0.4440,84.17,1.0670,2025-08-12 21:27:49,62.0
0.9070,24.3390,0.4520,84.16,1.0410,2025-08-12 21:27:49,62.0
0.91,24.3610,0.3340,84.14,1.0130,2025-08-12 21:27:49,62.0
0.92,24.2150,0.6610,84.13,1.0150,2025-08-12 21:27:49,62.0
0.8840,24.3180,0.6130,84.06,1.0180,2025-08-12 21:27:49,62.0
0.8570,24.2450,0.5630,83.86,0.9760,2025-08-12 21:27:49,62.0
0.9020,24.3060,0.5550,84.12,1.0450,2025-08-12 21:27:49,62.0
0.8930,24.3280,0.53,84.06,0.9950,2025-08-12 21:27:49,62.0
0.9320,24.2750,0.6350,84.11,1.0750,2025-08-12 21:27:49,62.0
0.90,24.3180,1.12,84.13,1.0250,2025-08-12 21:27:49,62.0
0.9230,24.3270,0.6530,83.94,1.0470,2025-08-12 21:27:49,62.0
0.9430,24.2760,0.4670,84.10,1.0750,2025-08-12 21:27:49,62.0
0.9360,24.3270,0.6750,84.34,1.0410,2025-08-20 11:13:51,63.0
0.9180,24.2630,0.6550,84.07,1.0220,2025-08-20 11:13:51,63.0
0.9360,24.3340,0.58,83.91,1.0140,2025-08-20 11:13:51,63.0
0.9050,24.3220,1.4490,84.03,1.0030,2025-08-20 11:13:51,63.0
0.9040,24.2350,0.5120,84.09,0.9850,2025-08-20 11:13:51,63.0
0.8920,24.2280,0.5650,84.25,1.0210,2025-08-20 11:13:51,63.0
0.9470,24.3590,0.8290,83.86,1.0350,2025-08-20 11:13:51,63.0
0.94,24.29,0.5450,84.09,1.0710,2025-08-20 11:13:51,63.0
0.9060,24.2750,0.4190,84.07,1.0160,2025-08-20 11:13:51,63.0
0.8910,24.3170,0.7380,84.01,1.0110,2025-08-20 11:13:51,63.0
0.9010,24.2790,0.6350,84.01,1.0670,2025-08-20 11:13:51,63.0
0.9170,24.3120,0.4020,84.08,1.0410,2025-08-20 11:13:51,63.0
0.9160,24.2730,0.5520,83.89,0.9960,2025-08-20 11:13:51,63.0
0.9020,24.23,0.5820,84.14,1.0060,2025-08-20 11:13:51,63.0
0.9170,24.2720,1.1930,84.23,1.08,2025-08-20 11:13:51,63.0
0.92,24.2620,0.4370,84.08,1.0270,2025-08-20 11:13:51,63.0
0.9240,24.2480,0.7430,84.04,1.0490,2025-08-20 11:13:51,63.0
0.9410,24.2630,0.7110,84.04,1.0440,2025-08-20 11:13:51,63.0
0.9340,24.2870,0.49,83.85,1.0880,2025-08-20 11:13:51,63.0
0.9070,24.2650,0.6650,84.13,1.0140,2025-08-20 11:13:51,63.0
0.9060,24.3770,0.66,84.34,0.9060,2025-08-20 13:14:02,64.0
0.9040,24.3770,0.4520,84.07,0.9460,2025-08-20 13:14:02,64.0
0.8840,24.2960,0.59,84.30,0.9780,2025-08-20 13:14:02,64.0
0.9280,24.3130,0.63,84.02,0.9810,2025-08-20 13:14:02,64.0
0.9220,24.34,0.4820,83.89,0.98,2025-08-20 13:14:02,64.0
0.8950,24.2990,0.4950,83.89,0.9460,2025-08-20 13:14:02,64.0
0.91,24.2480,0.7610,83.98,0.9690,2025-08-20 13:14:02,64.0
0.8850,24.2620,1.0670,84.07,0.9470,2025-08-20 13:14:02,64.0
0.86,24.3180,0.6250,84.24,0.9790,2025-08-20 13:14:02,64.0
0.8580,24.3310,0.3320,84.13,0.9390,2025-08-20 13:14:02,64.0
0.9210,24.3260,0.57,84.07,0.9770,2025-08-20 13:14:02,64.0
0.8950,24.2740,1.1070,83.83,0.9750,2025-08-20 13:14:02,64.0
0.9110,24.28,0.8410,84.03,1.04,2025-08-20 13:14:02,64.0
0.91,24.4260,0.5750,84.06,0.9820,2025-08-20 13:14:02,64.0
0.9030,24.4150,0.5050,83.97,1.0360,2025-08-20 13:14:02,64.0
0.8880,24.3930,0.5750,83.78,0.9860,2025-08-20 13:14:02,64.0
0.8790,24.2790,0.6550,83.95,0.9590,2025-08-20 13:14:02,64.0
0.8880,24.3480,1.14,84.15,0.9780,2025-08-20 13:14:02,64.0
0.8660,24.3350,0.3870,83.95,0.9010,2025-08-20 13:14:02,64.0
0.8820,24.3030,0.8190,83.92,0.9850,2025-08-20 13:14:02,64.0
0.92,24.3450,0.61,84.04,0.9740,2025-08-20 18:49:12,65.0
0.9090,24.4140,0.5220,83.90,1.0720,2025-08-20 18:49:12,65.0
0.9030,24.3580,1.2830,84.03,0.9920,2025-08-20 18:49:12,65.0
0.9110,24.3760,0.6580,83.99,1.03,2025-08-20 18:49:12,65.0
0.8730,24.3130,0.2810,83.96,1.0170,2025-08-20 18:49:12,65.0
0.9390,24.3960,0.5980,84.01,1.0190,2025-08-20 18:49:12,65.0
0.9320,24.3920,0.6230,84.03,1.0540,2025-08-20 18:49:12,65.0
0.9240,24.4050,0.7680,84.09,1.0640,2025-08-20 18:49:12,65.0
0.8980,24.34,0.8060,84.47,0.9970,2025-08-20 18:49:12,65.0
0.9210,24.3160,0.5720,83.89,1.0370,2025-08-20 18:49:12,65.0
0.9220,24.3860,0.4390,84.21,0.9840,2025-08-20 18:49:12,65.0
0.93,24.3990,0.61,84.24,1.05,2025-08-20 18:49:12,65.0
0.9460,24.2990,0.7430,84.20,1.0870,2025-08-20 18:49:12,65.0
0.8880,24.3740,0.54,84.12,1.0910,2025-08-20 18:49:12,65.0
0.91,24.3430,0.7930,83.94,1.0320,2025-08-20 18:49:12,65.0
0.9030,24.3170,0.3110,83.99,1.0640,2025-08-20 18:49:12,65.0
0.9210,24.3390,0.8540,84.02,1.0910,2025-08-20 18:49:12,65.0
0.9320,24.3860,0.4620,83.72,1.0280,2025-08-20 18:49:12,65.0
0.8990,24.3420,1.2080,84.22,1.0120,2025-08-20 18:49:12,65.0
0.93,24.3180,0.5850,84.01,1.1270,2025-08-20 18:49:12,65.0
0.9090,24.3360,1.3260,83.89,1.0860,2025-08-20 21:29:18,66.0
0.9360,24.3540,0.5470,83.93,1.0370,2025-08-20 21:29:18,66.0
0.8990,24.3710,0.4140,84.03,1.0550,2025-08-20 21:29:18,66.0
0.9290,24.3640,0.56,84.05,1.1340,2025-08-20 21:29:18,66.0
0.8940,24.29,1.08,84,1.04,2025-08-20 21:29:18,66.0
0.9150,24.3640,0.5870,84.05,1.0390,2025-08-20 21:29:18,66.0
0.85,24.32,0.50,84.12,0.9910,2025-08-20 21:29:18,66.0
0.8810,24.2980,0.9310,83.85,1.0650,2025-08-20 21:29:18,66.0
0.9120,24.2990,0.6480,84.10,0.9630,2025-08-20 21:29:18,66.0
0.90,24.3230,0.5680,84.11,0.9780,2025-08-20 21:29:18,66.0
0.8740,24.2790,0.47,84,1.0540,2025-08-20 21:29:18,66.0
0.9190,24.2750,0.6730,84.03,1.0170,2025-08-20 21:29:18,66.0
0.9280,24.3430,0.66,84.11,1.0220,2025-08-20 21:29:18,66.0
0.8990,24.3510,0.55,83.67,0.9250,2025-08-20 21:29:18,66.0
0.9330,24.3030,0.6980,84.17,1.1320,2025-08-20 21:29:18,66.0
0.9150,24.33,0.52,83.95,0.99,2025-08-20 21:29:18,66.0
0.9080,24.3420,0.8810,83.77,1,2025-08-20 21:29:18,66.0
0.9330,24.3360,0.6530,84.13,1.1050,2025-08-20 21:29:18,66.0
0.9310,24.3930,0.4190,83.96,1.0060,2025-08-20 21:29:18,66.0
0.9750,24.4090,0.7180,83.98,1.1540,2025-08-20 21:29:18,66.0
0.88,24.2470,0.6150,84.25,1.0330,2025-08-21 11:23:02,67.0
0.9090,24.2220,0.9470,83.89,1.0520,2025-08-21 11:23:02,67.0
0.9230,24.2820,0.71,84.15,1.0530,2025-08-21 11:23:02,67.0
0.9350,24.2850,0.7510,84.22,1.0510,2025-08-21 11:23:02,67.0
0.9320,24.2440,0.4720,83.95,1.06,2025-08-21 11:23:02,67.0
0.8890,24.2770,0.69,84.06,1.0010,2025-08-21 11:23:02,67.0
0.9140,24.2730,0.5570,83.97,1.1050,2025-08-21 11:23:02,67.0
0.8910,24.2840,0.65,83.96,1.0260,2025-08-21 11:23:02,67.0
0.9290,24.3040,0.6750,84.08,1.0410,2025-08-21 11:23:02,67.0
0.91,24.2780,0.8490,84.06,1.0670,2025-08-21 11:23:02,67.0
0.9240,24.25,0.62,84.03,1.0640,2025-08-21 11:23:02,67.0
0.9120,24.1890,0.3090,83.90,1.0120,2025-08-21 11:23:02,67.0
0.9330,24.26,0.6780,84.16,1.0680,2025-08-21 11:23:02,67.0
0.8750,24.2390,0.7030,84.17,1.0260,2025-08-21 11:23:02,67.0
0.90,24.2480,0.6230,84.23,1.1470,2025-08-21 11:23:02,67.0
0.9110,24.25,0.4320,83.87,1.0170,2025-08-21 11:23:02,67.0
0.9380,24.2880,0.7380,84.33,1.0210,2025-08-21 11:23:02,67.0
0.9240,24.2980,0.6680,84.31,1.05,2025-08-21 11:23:02,67.0
0.90,24.2080,1.0090,84.32,1.1230,2025-08-21 11:23:02,67.0
0.9050,24.2460,0.3060,83.76,1.0540,2025-08-21 11:23:02,67.0
0.9230,24.4440,0.4870,83.95,0.9680,2025-08-21 13:18:11,68.0
0.88,24.2890,0.3740,83.91,1.0070,2025-08-21 13:18:11,68.0
0.8970,24.4170,0.4920,84.10,0.9620,2025-08-21 13:18:11,68.0
0.8850,24.32,0.7310,84.02,0.9650,2025-08-21 13:18:11,68.0
0.9030,24.4010,0.5850,83.90,1.0120,2025-08-21 13:18:11,68.0
0.9090,24.4060,0.5070,83.73,0.9630,2025-08-21 13:18:11,68.0
0.9260,24.1860,0.6860,83.84,1.0390,2025-08-21 13:18:11,68.0
0.9220,24.1720,0.8110,83.75,1.01,2025-08-21 13:18:11,68.0
0.8560,24.3610,0.50,84.34,0.90,2025-08-21 13:18:11,68.0
0.9070,24.3030,0.5150,84.42,1.0260,2025-08-21 13:18:11,68.0
0.8780,24.1830,0.5720,83.92,0.9670,2025-08-21 13:18:11,68.0
0.8970,24.4340,0.5270,83.89,0.9870,2025-08-21 13:18:11,68.0
0.9070,24.2830,0.6680,84.05,1.0080,2025-08-21 13:18:11,68.0
0.9060,24.3670,0.9640,84.11,0.9860,2025-08-21 13:18:11,68.0
0.9160,24.3880,0.7360,84.15,1.0480,2025-08-21 13:18:11,68.0
0.8910,24.4110,0.8410,84.19,0.9430,2025-08-21 13:18:11,68.0
0.8810,24.2760,0.7180,84.02,0.9980,2025-08-21 13:18:11,68.0
0.9150,24.1920,0.7830,83.99,1.0020,2025-08-21 13:18:11,68.0
0.8650,24.2860,0.6930,83.84,0.9710,2025-08-21 13:18:11,68.0
0.9090,24.44,0.5750,83.86,0.9740,2025-08-21 13:18:11,68.0
0.8940,24.3460,0.8810,84.10,1.0670,2025-08-21 19:08:23,69.0
0.8920,24.2950,0.7030,83.87,1.0240,2025-08-21 19:08:23,69.0
0.8910,24.3140,0.4240,83.83,0.9690,2025-08-21 19:08:23,69.0
0.9080,24.3580,0.47,83.92,0.9690,2025-08-21 19:08:23,69.0
0.8950,24.3330,0.4120,84.01,1.0730,2025-08-21 19:08:23,69.0
0.9160,24.3090,1.5770,84,1.0630,2025-08-21 19:08:23,69.0
0.8740,24.2860,0.3840,83.99,0.94,2025-08-21 19:08:23,69.0
0.8940,24.2430,0.5320,84.36,1.0550,2025-08-21 19:08:23,69.0
0.91,24.3350,0.7230,83.99,1.0970,2025-08-21 19:08:23,69.0
0.8880,24.2970,0.4640,84.44,1.0920,2025-08-21 19:08:23,69.0
0.9020,24.3310,0.56,83.94,0.9140,2025-08-21 19:08:23,69.0
0.92,24.3050,0.5470,83.93,0.9750,2025-08-21 19:08:23,69.0
0.94,24.35,0.3790,83.82,0.9980,2025-08-21 19:08:23,69.0
0.9170,24.3860,0.4590,83.85,1.0630,2025-08-21 19:08:23,69.0
0.9180,24.3260,0.5270,83.95,0.9860,2025-08-21 19:08:23,69.0
0.8880,24.3630,0.58,83.71,0.9930,2025-08-21 19:08:23,69.0
0.9180,24.3720,0.4570,83.86,1.0150,2025-08-21 19:08:23,69.0
0.9150,24.3380,0.7710,84.27,0.9920,2025-08-21 19:08:23,69.0
0.9330,24.3220,0.8490,84,1.1480,2025-08-21 19:08:23,69.0
0.8990,24.3090,0.5020,83.96,1.0820,2025-08-21 19:08:23,69.0
0.9240,24.1610,0.65,83.8450,1.0830,2025-09-03 14:00:30,70.0
0.9170,24.2580,0.4870,84,1.0660,2025-09-03 14:00:30,70.0
0.9180,24.2830,0.84,83.9290,0.98,2025-09-03 14:00:30,70.0
0.9120,24.17,0.5070,84.1280,1.1240,2025-09-03 14:00:30,70.0
0.8990,24.1870,1.0160,83.8640,0.9850,2025-09-03 14:00:30,70.0
0.9020,24.2370,0.68,84.0690,1.0070,2025-09-03 14:00:30,70.0
0.8980,24.2180,0.5710,84.1010,1.1220,2025-09-03 14:00:30,70.0
0.9130,24.2480,0.4470,83.9680,1.1140,2025-09-03 14:00:30,70.0
0.9240,24.19,0.5860,83.9920,1.0190,2025-09-03 14:00:30,70.0
0.8840,24.2330,0.4960,83.8370,1.0630,2025-09-03 14:00:30,70.0
0.9370,24.3050,0.5290,83.9860,1.0590,2025-09-03 14:00:30,70.0
0.9190,24.2440,0.4580,84.0260,1.0580,2025-09-03 14:00:30,70.0
0.9340,24.0110,0.5590,84.2380,1.0970,2025-09-03 14:00:30,70.0
0.8910,24.2550,0.7740,83.9520,1.0690,2025-09-03 14:00:30,70.0
0.9150,24.2420,0.5230,84.1980,0.9870,2025-09-03 14:00:30,70.0
0.9320,24.2280,0.5960,83.5980,1.06,2025-09-03 14:00:30,70.0
0.9220,24.2940,0.63,83.9330,1.0740,2025-09-03 14:00:30,70.0
0.9210,24.1150,1.0510,84.0120,1.0460,2025-09-03 14:00:30,70.0
0.9060,24.1760,0.4260,83.8880,1.1310,2025-09-03 14:00:30,70.0
0.9220,24.2480,0.5840,84.4870,1.0550,2025-09-03 14:00:30,70.0
0.8870,24.3760,0.6680,84.14,0.9930,2025-09-03 19:52:12,71.0
0.8690,24.3530,0.5120,83.61,0.9670,2025-09-03 19:52:12,71.0
0.8880,24.4420,1.5040,83.95,1.0530,2025-09-03 19:52:12,71.0
0.91,24.41,0.5020,83.87,0.9090,2025-09-03 19:52:12,71.0
0.8670,24.3050,0.6850,83.90,1.0150,2025-09-03 19:52:12,71.0
0.8870,24.3660,0.51,84.02,0.9730,2025-09-03 19:52:12,71.0
0.9090,24.4410,0.47,84.25,0.9330,2025-09-03 19:52:12,71.0
0.88,24.4580,0.4870,83.91,1.0390,2025-09-03 19:52:12,71.0
0.8770,24.3860,0.8440,84.21,1.0620,2025-09-03 19:52:12,71.0
0.8970,24.4680,0.4720,83.98,1.0120,2025-09-03 19:52:12,71.0
0.9130,24.5110,0.7460,84.17,1.0110,2025-09-03 19:52:12,71.0
0.8830,24.3420,0.5350,84.04,1.0050,2025-09-03 19:52:12,71.0
0.8680,24.29,0.7230,83.94,0.9960,2025-09-03 19:52:12,71.0
0.8920,24.4680,0.49,84.04,0.9120,2025-09-03 19:52:12,71.0
0.8750,24.3930,0.5250,83.95,1.0270,2025-09-03 19:52:12,71.0
0.91,24.3980,0.5450,84,0.9570,2025-09-03 19:52:12,71.0
0.8830,24.4130,0.49,83.73,1.0920,2025-09-03 19:52:12,71.0
0.9370,24.4430,0.7560,84.01,1.1430,2025-09-03 19:52:12,71.0
0.91,24.4220,0.5450,84.13,0.95,2025-09-03 19:52:12,71.0
0.8750,24.2980,0.4170,84.17,0.9970,2025-09-03 19:52:12,71.0
0.9020,24.3740,0.56,84.14,1.0010,2025-09-04 11:21:51,72.0
0.8870,24.3220,1.2730,84.34,1.0770,2025-09-04 11:21:51,72.0
0.9140,24.27,0.4750,83.97,0.9890,2025-09-04 11:21:51,72.0
0.88,24.2430,0.6030,84.23,1.0660,2025-09-04 11:21:51,72.0
0.9280,24.3320,0.4420,84.24,1.0580,2025-09-04 11:21:51,72.0
0.8940,24.2260,0.5880,84.16,1.1030,2025-09-04 11:21:51,72.0
0.9020,24.3270,0.64,84.24,0.9810,2025-09-04 11:21:51,72.0
0.8830,24.3040,0.4650,84.38,1.0440,2025-09-04 11:21:51,72.0
0.9090,24.2620,1.3130,84.06,1.0410,2025-09-04 11:21:51,72.0
0.9340,24.2980,0.3970,84.15,1.0690,2025-09-04 11:21:51,72.0
0.9310,24.2850,0.4420,84.37,1.1150,2025-09-04 11:21:51,72.0
0.9240,24.2420,0.4440,84.14,1.0020,2025-09-04 11:21:51,72.0
0.9080,24.2720,0.5070,84.24,1.1120,2025-09-04 11:21:51,72.0
0.9350,24.2960,0.6630,84.23,1.1020,2025-09-04 11:21:51,72.0
0.9130,24.3390,0.56,83.84,1.0210,2025-09-04 11:21:51,72.0
0.9150,24.2220,0.4750,83.89,1.06,2025-09-04 11:21:51,72.0
0.9380,24.3730,0.4190,83.98,1.0180,2025-09-04 11:21:51,72.0
0.91,24.3330,0.64,84.04,1.1250,2025-09-04 11:21:51,72.0
0.9040,24.3150,0.5680,84.24,1.05,2025-09-04 11:21:51,72.0
0.8880,24.2720,0.9540,84.11,1.0040,2025-09-04 11:21:51,72.0
0.8990,24.3330,0.4320,83.8320,1.0460,2025-09-04 13:36:05,73.0
0.8760,24.1690,0.7150,84.1020,0.9360,2025-09-04 13:36:05,73.0
0.8740,24.3250,0.5890,83.9720,1.0040,2025-09-04 13:36:05,73.0
0.9130,24.3450,0.5390,84.3750,1.0620,2025-09-04 13:36:05,73.0
0.9180,24.4290,0.9310,83.9830,0.9420,2025-09-04 13:36:05,73.0
0.8920,24.3390,0.36,84.1760,0.9660,2025-09-04 13:36:05,73.0
0.9110,24.2540,0.5710,83.90,1.0690,2025-09-04 13:36:05,73.0
0.8610,24.3130,0.7050,83.9940,0.9550,2025-09-04 13:36:05,73.0
0.9080,24.2990,0.4830,84.1250,1.0820,2025-09-04 13:36:05,73.0
0.9170,24.38,0.8130,83.9920,1.0490,2025-09-04 13:36:05,73.0
0.8890,24.2920,0.7180,83.8670,1.0380,2025-09-04 13:36:05,73.0
0.9150,24.3290,0.72,84.1770,0.9660,2025-09-04 13:36:05,73.0
0.9090,24.3990,0.5250,83.9510,1.0210,2025-09-04 13:36:05,73.0
0.89,24.4530,0.7520,83.84,1.0410,2025-09-04 13:36:05,73.0
0.9040,24.2240,0.7670,83.9660,1.0040,2025-09-04 13:36:05,73.0
0.89,24.2820,0.4050,83.8780,0.9110,2025-09-04 13:36:05,73.0
0.8990,24.2840,0.4420,83.9680,1.0710,2025-09-04 13:36:05,73.0
0.9010,24.2220,0.67,84.4290,1.0240,2025-09-04 13:36:05,73.0
0.8920,24.3740,0.6650,84.3620,1.0250,2025-09-04 13:36:05,73.0
0.9010,24.3510,0.6620,84.03,0.9530,2025-09-04 13:36:05,73.0
0.8840,24.3270,0.7030,83.88,1.0230,2025-09-04 19:37:08,74.0
0.9010,24.34,0.5320,84.39,1.0830,2025-09-04 19:37:08,74.0
0.9220,24.4010,1.2380,84,1.0470,2025-09-04 19:37:08,74.0
0.9170,24.3210,1.03,83.93,1.0010,2025-09-04 19:37:08,74.0
0.9110,24.2960,0.9040,84,1.0550,2025-09-04 19:37:08,74.0
0.9150,24.2350,0.5270,84.14,0.9920,2025-09-04 19:37:08,74.0
0.9120,24.3060,0.4370,84.01,0.9630,2025-09-04 19:37:08,74.0
0.9170,24.2960,0.8710,84.01,0.9920,2025-09-04 19:37:08,74.0
0.9080,24.2720,0.5770,83.94,0.9720,2025-09-04 19:37:08,74.0
0.8930,24.3310,0.4590,83.97,0.9870,2025-09-04 19:37:08,74.0
0.9140,24.2890,0.6950,83.94,1.0150,2025-09-04 19:37:08,74.0
0.8930,24.4120,0.64,84.06,0.9770,2025-09-04 19:37:08,74.0
0.9220,24.3860,0.4390,84.10,0.9980,2025-09-04 19:37:08,74.0
0.9260,24.3560,0.4920,84.17,0.9830,2025-09-04 19:37:08,74.0
0.9220,24.3460,0.5570,83.79,0.9730,2025-09-04 19:37:08,74.0
0.9230,24.4160,0.61,84.01,0.9880,2025-09-04 19:37:08,74.0
0.9150,24.2630,0.6250,84.02,1.0590,2025-09-04 19:37:08,74.0
0.90,24.2350,0.5950,83.75,0.9940,2025-09-04 19:37:08,74.0
0.8820,24.32,0.4720,83.76,0.9510,2025-09-04 19:37:08,74.0
0.9220,24.3060,0.60,84.13,0.9490,2025-09-04 19:37:08,74.0
0.8920,24.31,0.5520,84.28,1.0270,2025-09-04 21:32:16,75.0
0.9040,24.30,0.6250,83.90,0.9640,2025-09-04 21:32:16,75.0
0.9030,24.4270,1.3430,83.80,0.99,2025-09-04 21:32:16,75.0
0.8980,24.2770,0.4690,84.12,1.0590,2025-09-04 21:32:16,75.0
0.8940,24.2040,0.6030,84.10,1.0410,2025-09-04 21:32:16,75.0
0.8970,24.3490,0.5520,84.36,1.1310,2025-09-04 21:32:16,75.0
0.8870,24.2860,0.6930,83.83,0.9190,2025-09-04 21:32:16,75.0
0.8940,24.33,0.5550,83.88,0.9950,2025-09-04 21:32:16,75.0
0.8870,24.2930,0.4320,84.06,0.9960,2025-09-04 21:32:16,75.0
0.8980,24.3320,0.7110,84.11,0.9940,2025-09-04 21:32:16,75.0
0.9110,24.3360,0.7710,84.26,0.9950,2025-09-04 21:32:16,75.0
0.8890,24.36,0.63,84.01,1.0280,2025-09-04 21:32:16,75.0
0.8870,24.2740,0.6080,83.98,0.9880,2025-09-04 21:32:16,75.0
0.9030,24.2710,0.5830,84.19,1.1110,2025-09-04 21:32:16,75.0
0.9270,24.3550,0.5450,84.20,1.0120,2025-09-04 21:32:16,75.0
0.9220,24.3970,0.6780,84.07,0.9590,2025-09-04 21:32:16,75.0
0.8850,24.2550,0.8490,84.30,0.9560,2025-09-04 21:32:16,75.0
0.8950,24.2740,0.5250,84.12,1.0570,2025-09-04 21:32:16,75.0
0.8810,24.2140,0.2940,84.37,0.9620,2025-09-04 21:32:16,75.0
0.8830,24.32,0.7230,84.17,1.0790,2025-09-04 21:32:16,75.0
0.8830,24.3620,0.5370,83.84,1.0440,2025-09-05 13:07:19,76.0
0.92,24.2910,0.5830,84.04,1.0260,2025-09-05 13:07:19,76.0
0.9130,24.4010,0.5220,84.11,1.1410,2025-09-05 13:07:19,76.0
0.8980,24.3940,0.6080,84.13,1.0610,2025-09-05 13:07:19,76.0
0.8920,24.2450,0.6080,83.86,1.0740,2025-09-05 13:07:19,76.0
0.9190,24.3570,0.6630,84.34,0.9630,2025-09-05 13:07:19,76.0
0.9140,24.3850,0.5950,84.08,1.0850,2025-09-05 13:07:19,76.0
0.8930,24.3830,0.8710,84.21,0.9580,2025-09-05 13:07:19,76.0
0.9120,24.3420,1.0920,83.96,0.9660,2025-09-05 13:07:19,76.0
0.8830,24.2440,0.6430,83.95,1.0540,2025-09-05 13:07:19,76.0
0.9410,24.3930,0.50,84.12,1.0860,2025-09-05 13:07:19,76.0
0.9030,24.2660,0.4420,84.13,1.0540,2025-09-05 13:07:19,76.0
0.9470,24.4530,0.9820,84.11,1.0820,2025-09-05 13:07:19,76.0
0.89,24.2520,0.6480,84.29,1.0290,2025-09-05 13:07:19,76.0
0.8910,24.2140,0.4550,84.06,1,2025-09-05 13:07:19,76.0
0.9020,24.3220,0.5850,84.16,0.9980,2025-09-05 13:07:19,76.0
0.9010,24.2750,0.67,84.24,1.0080,2025-09-05 13:07:19,76.0
0.9030,24.3530,0.59,83.99,1.0250,2025-09-05 13:07:19,76.0
0.9150,24.3420,0.4070,84.23,1.0080,2025-09-05 13:07:19,76.0
0.8790,24.3480,0.5850,84.08,1.0350,2025-09-05 13:07:19,76.0
0.8850,24.2660,0.7660,83.91,1.1670,2025-10-17 21:29:44,77.0
0.9290,24.2810,0.8010,83.88,1.2190,2025-10-17 21:29:44,77.0
0.8740,24.1880,0.49,83.64,1.2020,2025-10-17 21:29:44,77.0
0.8940,24.2220,0.61,83.86,1.1770,2025-10-17 21:29:44,77.0
0.9070,24.3140,0.7360,83.97,1.2890,2025-10-17 21:29:44,77.0
0.8970,24.2870,0.6380,83.94,1.1860,2025-10-17 21:29:44,77.0
0.9030,24.2450,0.54,84.20,1.3020,2025-10-17 21:29:44,77.0
0.8770,24.3790,0.7210,83.62,1.2510,2025-10-17 21:29:44,77.0
0.9180,24.2760,0.8210,84.13,1.2230,2025-10-17 21:29:44,77.0
0.9140,24.2580,0.9190,83.71,1.2720,2025-10-17 21:29:44,77.0
0.8950,24.2380,0.6410,83.75,1.2540,2025-10-17 21:29:44,77.0
0.8620,24.1640,0.6630,83.89,1.1910,2025-10-17 21:29:44,77.0
0.8820,24.1370,0.6630,83.95,1.2950,2025-10-17 21:29:44,77.0
0.8780,24.22,0.8360,83.73,1.1530,2025-10-17 21:29:44,77.0
0.8750,24.1360,0.6350,84,1.1620,2025-10-17 21:29:44,77.0
0.8920,24.2440,1.2710,83.83,1.2460,2025-10-17 21:29:44,77.0
0.8990,24.3280,0.7310,84.01,1.1970,2025-10-17 21:29:44,77.0
0.9050,24.2790,0.5780,83.87,1.2230,2025-10-17 21:29:44,77.0
0.8760,24.2290,0.7910,84.10,1.2490,2025-10-17 21:29:44,77.0
0.8590,24.2380,0.9670,83.78,1.1880,2025-10-17 21:29:44,77.0
0.88,24.2360,0.9190,83.92,1.1590,2025-10-17 21:54:49,78.0
0.9190,24.3150,0.58,84.06,1.1070,2025-10-17 21:54:49,78.0
0.8840,24.3030,1.2130,83.80,1.1140,2025-10-17 21:54:49,78.0
0.8950,24.1510,0.3840,83.90,1.0920,2025-10-17 21:54:49,78.0
0.8890,24.2480,0.4750,84.17,1.2030,2025-10-17 21:54:49,78.0
0.8710,24.2770,0.5630,84.26,1.0530,2025-10-17 21:54:49,78.0
0.8970,24.2990,0.5370,83.80,1.0540,2025-10-17 21:54:49,78.0
0.8860,24.2320,0.64,84,1.1340,2025-10-17 21:54:49,78.0
0.9090,24.2630,0.5420,83.78,1.0890,2025-10-17 21:54:49,78.0
0.9240,24.2570,0.4870,83.96,1.2190,2025-10-17 21:54:49,78.0
0.9190,24.2290,0.3890,84.20,1.1030,2025-10-17 21:54:49,78.0
0.9030,24.2330,0.3370,83.95,1.1030,2025-10-17 21:54:49,78.0
0.9610,24.2480,0.5220,84.24,1.13,2025-10-17 21:54:49,78.0
0.8770,24.2570,0.3870,84.49,1.0730,2025-10-17 21:54:49,78.0
0.9150,24.3060,0.9190,84.16,1.0530,2025-10-17 21:54:49,78.0
0.9130,24.2980,0.3320,84.01,1.06,2025-10-17 21:54:49,78.0
0.9190,24.26,0.4270,84.05,1.0270,2025-10-17 21:54:49,78.0
0.91,24.2650,0.6450,83.78,1.0580,2025-10-17 21:54:49,78.0
0.9190,24.3280,0.3060,84.29,1.0910,2025-10-17 21:54:49,78.0
0.8960,24.2220,0.3520,83.75,1.1490,2025-10-17 21:54:49,78.0
0.8880,24.3050,0.9670,83.83,0.9760,2025-10-20 11:46:28,79.0
0.8960,24.34,0.52,84.36,0.9590,2025-10-20 11:46:28,79.0
0.9210,24.49,0.58,84.18,0.9560,2025-10-20 11:46:28,79.0
0.8940,24.2860,0.8640,84.18,1.0550,2025-10-20 11:46:28,79.0
0.9090,24.4430,0.6250,84.26,1.0430,2025-10-20 11:46:28,79.0
0.8860,24.3570,0.8740,83.99,1.0550,2025-10-20 11:46:28,79.0
0.8980,24.3620,0.6510,83.88,1.0640,2025-10-20 11:46:28,79.0
0.8590,24.2880,0.8240,84.08,0.9650,2025-10-20 11:46:28,79.0
0.8680,24.3770,0.5750,84.23,1.0640,2025-10-20 11:46:28,79.0
0.8910,24.3810,0.6080,84.54,1.0090,2025-10-20 11:46:28,79.0
0.8960,24.3880,0.6730,84.25,0.9710,2025-10-20 11:46:28,79.0
0.8760,24.3030,0.7710,83.69,1.0520,2025-10-20 11:46:28,79.0
0.8930,24.32,0.4770,83.98,1.0990,2025-10-20 11:46:28,79.0
0.8870,24.3720,0.5050,83.91,1.0480,2025-10-20 11:46:28,79.0
0.8630,24.3390,0.4290,84.06,1.0530,2025-10-20 11:46:28,79.0
0.8630,24.3590,0.49,84.12,0.9720,2025-10-20 11:46:28,79.0
0.9080,24.3450,0.55,84.01,1.1120,2025-10-20 11:46:28,79.0
0.8970,24.3710,0.8340,83.93,1.0680,2025-10-20 11:46:28,79.0
0.8740,24.3390,0.45,84.19,0.9640,2025-10-20 11:46:28,79.0
0.8730,24.3540,0.3320,84.09,1.1150,2025-10-20 11:46:28,79.0
0.90,24.3790,0.4350,83.85,1.1150,2025-10-20 13:11:35,80.0
0.8770,24.24,1.2260,83.75,1.0420,2025-10-20 13:11:35,80.0
0.8750,24.2810,0.7030,84.16,1.0940,2025-10-20 13:11:35,80.0
0.9060,24.3730,0.7610,83.97,1.1720,2025-10-20 13:11:35,80.0
0.8750,24.2970,0.4820,83.92,1.0610,2025-10-20 13:11:35,80.0
0.9070,24.3670,0.4520,84.19,1.0520,2025-10-20 13:11:35,80.0
0.9150,24.3310,0.4850,83.96,1.1310,2025-10-20 13:11:35,80.0
0.9250,24.3450,0.6910,84.13,1.0920,2025-10-20 13:11:35,80.0
0.8980,24.32,0.49,84.20,1.0920,2025-10-20 13:11:35,80.0
0.8810,24.2920,0.8210,84.09,1.0780,2025-10-20 13:11:35,80.0
0.8970,24.3030,0.4320,83.93,1.1190,2025-10-20 13:11:35,80.0
0.8960,24.3670,0.5550,84.49,1.0610,2025-10-20 13:11:35,80.0
0.8660,24.2460,0.7330,84.16,1.1050,2025-10-20 13:11:35,80.0
0.9040,24.3060,0.5530,84.22,1.1010,2025-10-20 13:11:35,80.0
0.8850,24.2530,0.5270,84.12,1.0090,2025-10-20 13:11:35,80.0
0.9060,24.3970,0.58,84.04,1.06,2025-10-20 13:11:35,80.0
0.8950,24.3630,0.8890,83.84,1.1130,2025-10-20 13:11:35,80.0
0.9230,24.3230,0.9390,83.87,1.1190,2025-10-20 13:11:35,80.0
0.8870,24.2920,0.5020,83.85,1.0670,2025-10-20 13:11:35,80.0
0.88,24.33,0.4920,84.07,1.1230,2025-10-20 13:11:35,80.0
0.8560,24.2570,0.4750,84.04,1.0180,2025-10-20 21:27:00,81.0
0.8950,24.3610,0.5750,83.80,1.1220,2025-10-20 21:27:00,81.0
0.8740,24.2850,0.5750,84.03,1.1070,2025-10-20 21:27:00,81.0
0.9090,24.3370,0.58,84.26,1.0290,2025-10-20 21:27:00,81.0
0.9170,24.3720,0.6230,84.25,1.0270,2025-10-20 21:27:00,81.0
0.9060,24.3350,0.3690,84.35,1.0420,2025-10-20 21:27:00,81.0
0.9120,24.3850,0.5120,84.37,1.0110,2025-10-20 21:27:00,81.0
0.8950,24.3340,0.6150,83.93,1.1040,2025-10-20 21:27:00,81.0
0.8930,24.3840,0.5630,84.28,1.0220,2025-10-20 21:27:00,81.0
0.9010,24.3330,0.4550,84.18,1.0420,2025-10-20 21:27:00,81.0
0.8850,24.2980,0.4040,83.89,1.0910,2025-10-20 21:27:00,81.0
0.9230,24.2990,0.7430,84.25,1.0280,2025-10-20 21:27:00,81.0
0.8980,24.3970,0.6610,84.43,1.0780,2025-10-20 21:27:00,81.0
0.9080,24.3780,0.6980,84.23,1.0470,2025-10-20 21:27:00,81.0
0.8950,24.2450,0.9040,83.99,1.1390,2025-10-20 21:27:00,81.0
0.9020,24.3980,0.5220,83.98,1.0620,2025-10-20 21:27:00,81.0
0.8850,24.3670,0.9290,84.19,1.0450,2025-10-20 21:27:00,81.0
0.8860,24.2710,0.8490,83.91,1.12,2025-10-20 21:27:00,81.0
0.8560,24.2950,0.2710,84.06,1.0370,2025-10-20 21:27:00,81.0
0.8950,24.2540,0.6580,83.63,1.1060,2025-10-20 21:27:00,81.0
0.8860,24.2570,0.8940,83.89,1.11,2025-10-21 10:50:47,82.0
0.8850,24.3230,1.3560,84.01,1.1340,2025-10-21 10:50:47,82.0
0.9310,24.4290,0.6330,84.13,1.0730,2025-10-21 10:50:47,82.0
0.9570,24.4330,0.6380,84.12,1.0840,2025-10-21 10:50:47,82.0
0.9490,24.4150,0.4020,84.17,1.0570,2025-10-21 10:50:47,82.0
0.9080,24.4290,0.4820,84.06,1.0470,2025-10-21 10:50:47,82.0
0.8930,24.3280,0.6630,84.45,1.0240,2025-10-21 10:50:47,82.0
0.9410,24.4430,0.3310,84.36,1.0420,2025-10-21 10:50:47,82.0
0.8860,24.3220,0.4120,84.07,1.0140,2025-10-21 10:50:47,82.0
0.9090,24.3560,0.5930,84.10,1.0110,2025-10-21 10:50:47,82.0
0.8810,24.2950,0.4170,83.91,1.12,2025-10-21 10:50:47,82.0
0.8940,24.3580,0.46,84.24,1.0690,2025-10-21 10:50:47,82.0
0.8810,24.3630,0.43,83.97,0.9490,2025-10-21 10:50:47,82.0
0.9330,24.4260,0.9720,84.23,1.0410,2025-10-21 10:50:47,82.0
0.91,24.3820,0.4220,84.01,1.0420,2025-10-21 10:50:47,82.0
0.8630,24.2960,0.45,84.11,1.0370,2025-10-21 10:50:47,82.0
0.8990,24.33,0.3890,84.12,1.0110,2025-10-21 10:50:47,82.0
0.9090,24.4270,0.62,84.26,0.9810,2025-10-21 10:50:47,82.0
0.8870,24.3410,0.7790,84.20,0.9880,2025-10-21 10:50:47,82.0
0.9250,24.3260,0.1610,84.19,1.1730,2025-10-21 10:50:47,82.0
0.9460,24.4140,0.4470,83.90,1.0980,2025-10-21 13:10:53,83.0
0.8890,24.3920,0.59,84.13,0.9670,2025-10-21 13:10:53,83.0
0.9030,24.2830,0.6450,84.08,1.1560,2025-10-21 13:10:53,83.0
0.8940,24.3530,0.6230,84.51,1.0320,2025-10-21 13:10:53,83.0
0.8890,24.3360,0.4390,84,1.1130,2025-10-21 13:10:53,83.0
0.89,24.3280,0.6230,84.21,1.0210,2025-10-21 13:10:53,83.0
0.8570,24.2640,0.6180,84.22,1.0180,2025-10-21 13:10:53,83.0
0.8910,24.3170,0.4950,83.91,1.0140,2025-10-21 13:10:53,83.0
0.8750,24.2730,0.7740,84.33,1.0680,2025-10-21 13:10:53,83.0
0.91,24.2990,0.7360,84.23,1.0580,2025-10-21 13:10:53,83.0
0.8840,24.2660,1.1830,83.91,1.1280,2025-10-21 13:10:53,83.0
0.9040,24.38,0.5370,83.98,1.1450,2025-10-21 13:10:53,83.0
0.92,24.3010,0.6780,84.07,1.0620,2025-10-21 13:10:53,83.0
0.8790,24.26,0.6760,83.91,1.1440,2025-10-21 13:10:53,83.0
0.89,24.4210,0.5650,84.08,1.0230,2025-10-21 13:10:53,83.0
0.89,24.3470,1.0170,84.31,1.0420,2025-10-21 13:10:53,83.0
0.9110,24.3730,0.5270,83.96,1.1380,2025-10-21 13:10:53,83.0
0.9130,24.3190,0.55,84.40,1.0550,2025-10-21 13:10:53,83.0
0.8750,24.3490,0.7430,83.75,1.0260,2025-10-21 13:10:53,83.0
0.9080,24.2960,0.6180,83.94,1.0460,2025-10-21 13:10:53,83.0
0.8640,24.18,0.52,84.03,1.0320,2025-10-21 19:36:09,84.0
0.8940,24.2310,0.57,83.99,1.0290,2025-10-21 19:36:09,84.0
0.90,24.2440,0.7590,84.04,1.0090,2025-10-21 19:36:09,84.0
0.9130,24.2410,0.5530,84.19,1.1050,2025-10-21 19:36:09,84.0
0.9030,24.2540,0.4720,84.27,1.1090,2025-10-21 19:36:09,84.0
0.8730,24.2390,0.5120,83.99,1.1110,2025-10-21 19:36:09,84.0
0.9180,24.3650,0.6660,84.05,1.0060,2025-10-21 19:36:09,84.0
0.9090,24.2290,0.5220,83.96,1.0240,2025-10-21 19:36:09,84.0
0.9120,24.2860,0.4950,84.08,1.0560,2025-10-21 19:36:09,84.0
0.8950,24.2490,0.5780,83.67,0.9940,2025-10-21 19:36:09,84.0
0.8740,24.2860,0.56,84.06,1.0480,2025-10-21 19:36:09,84.0
0.8940,24.2520,0.4950,84.22,1.0160,2025-10-21 19:36:09,84.0
0.8970,24.2720,0.9970,84.06,1.03,2025-10-21 19:36:09,84.0
0.9260,24.3320,0.7840,84.26,1.1080,2025-10-21 19:36:09,84.0
0.90,24.3060,0.8920,84.01,0.9780,2025-10-21 19:36:09,84.0
0.8950,24.2520,0.5780,83.92,1.0140,2025-10-21 19:36:09,84.0
0.9260,24.30,0.3440,84.05,1.2820,2025-10-21 19:36:09,84.0
0.8830,24.25,0.5050,83.89,1.0570,2025-10-21 19:36:09,84.0
0.9010,24.2430,0.56,83.95,1.0080,2025-10-21 19:36:09,84.0
0.8950,24.3030,0.46,84.23,1.0550,2025-10-21 19:36:09,84.0
0.9240,24.2940,0.7540,84.23,1.0250,2025-11-06 11:10:17,85.0
0.9580,24.3590,0.5370,83.99,1.0930,2025-11-06 11:10:17,85.0
0.9090,24.2560,0.6860,84.02,1.0240,2025-11-06 11:10:17,85.0
0.9290,24.3120,0.7890,84.21,1.1030,2025-11-06 11:10:17,85.0
0.9090,24.2840,0.4650,84.01,1.0690,2025-11-06 11:10:17,85.0
0.9080,24.3140,0.6960,83.98,1.0940,2025-11-06 11:10:17,85.0
0.9270,24.3150,0.59,84.35,1.0540,2025-11-06 11:10:17,85.0
0.8710,24.2380,0.8060,84,1.0210,2025-11-06 11:10:17,85.0
0.9280,24.2860,0.60,84.32,1.07,2025-11-06 11:10:17,85.0
0.9020,24.2250,0.6180,83.96,1.0960,2025-11-06 11:10:17,85.0
0.9250,24.33,0.9520,84.05,1.0990,2025-11-06 11:10:17,85.0
0.9060,24.2760,0.6580,84.14,1.0330,2025-11-06 11:10:17,85.0
0.9160,24.2980,0.8790,84.09,1.0150,2025-11-06 11:10:17,85.0
0.9040,24.3020,0.4090,84.14,0.9890,2025-11-06 11:10:17,85.0
0.8830,24.3420,0.3170,83.84,1.1190,2025-11-06 11:10:17,85.0
0.9150,24.2970,0.6610,83.99,1.1270,2025-11-06 11:10:17,85.0
0.9150,24.3670,0.49,84.29,1.0680,2025-11-06 11:10:17,85.0
0.9210,24.3280,0.6480,84.02,1.0160,2025-11-06 11:10:17,85.0
0.93,24.4460,1.1130,84.04,1.04,2025-11-06 11:10:17,85.0
0.9040,24.2020,0.5370,84.02,1.0790,2025-11-06 11:10:17,85.0
0.8990,24.3250,0.6660,84.08,1.0270,2025-11-06 13:15:23,86.0
0.8870,24.3970,0.8040,84.19,0.9680,2025-11-06 13:15:23,86.0
0.8970,24.3350,0.3370,84.20,1.08,2025-11-06 13:15:23,86.0
0.9230,24.4260,0.6410,83.96,0.9980,2025-11-06 13:15:23,86.0
0.8960,24.3320,1.1450,83.96,1.1260,2025-11-06 13:15:23,86.0
0.9210,24.3980,0.6030,84.11,1.0470,2025-11-06 13:15:23,86.0
0.90,24.2830,0.7790,83.99,1.0470,2025-11-06 13:15:23,86.0
0.9340,24.3290,0.7560,84.09,1.0610,2025-11-06 13:15:23,86.0
0.9220,24.3530,0.6050,83.92,1.0450,2025-11-06 13:15:23,86.0
0.88,24.3540,1.1830,83.99,1.0350,2025-11-06 13:15:23,86.0
0.8690,24.3280,0.5830,84.20,1.0430,2025-11-06 13:15:23,86.0
0.8910,24.2730,0.5430,84.05,1.0850,2025-11-06 13:15:23,86.0
0.9090,24.3660,0.4620,83.90,1.07,2025-11-06 13:15:23,86.0
0.8910,24.3410,0.6150,83.84,1.0570,2025-11-06 13:15:23,86.0
0.9250,24.3660,0.7460,84.07,1.0530,2025-11-06 13:15:23,86.0
0.8640,24.2960,0.5170,84.05,1.0210,2025-11-06 13:15:23,86.0
0.8850,24.2570,0.5070,84.04,0.9590,2025-11-06 13:15:23,86.0
0.9350,24.3110,0.5750,84,1.0150,2025-11-06 13:15:23,86.0
0.91,24.2940,0.9440,84.06,1.0350,2025-11-06 13:15:23,86.0
0.9320,24.39,0.6710,84.21,1.04,2025-11-06 13:15:23,86.0
0.8980,24.2410,0.3110,83.99,1.0310,2025-11-06 19:25:37,87.0
0.8790,24.2910,0.3990,83.94,1.0620,2025-11-06 19:25:37,87.0
0.8990,24.3030,0.5950,84.29,1.0160,2025-11-06 19:25:37,87.0
0.8860,24.2560,0.7510,84.24,0.9960,2025-11-06 19:25:37,87.0
0.8970,24.1840,1.2580,84.07,1.0130,2025-11-06 19:25:37,87.0
0.8860,24.23,0.6280,84.11,1.0680,2025-11-06 19:25:37,87.0
0.9220,24.2720,0.5070,83.92,1.0790,2025-11-06 19:25:37,87.0
0.8650,24.2230,0.7110,83.87,1.0170,2025-11-06 19:25:37,87.0
0.8640,24.15,0.5780,83.90,1.0450,2025-11-06 19:25:37,87.0
0.9180,24.2410,0.5050,83.96,1.0190,2025-11-06 19:25:37,87.0
0.8960,24.3670,0.3590,84.05,1.0350,2025-11-06 19:25:37,87.0
0.9180,24.2660,0.3990,83.86,1.1040,2025-11-06 19:25:37,87.0
0.9350,24.2960,0.53,83.97,1.0060,2025-11-06 19:25:37,87.0
0.8930,24.32,0.5550,84.24,1.0370,2025-11-06 19:25:37,87.0
0.8970,24.20,0.6760,84.18,1.1140,2025-11-06 19:25:37,87.0
0.8580,24.2830,0.6930,83.98,1.0270,2025-11-06 19:25:37,87.0
0.8850,24.2140,0.3840,83.97,1.0450,2025-11-06 19:25:37,87.0
0.8860,24.1610,0.5250,84.15,1.0620,2025-11-06 19:25:37,87.0
0.8780,24.1870,0.61,84.05,1.0360,2025-11-06 19:25:37,87.0
0.8770,24.2540,0.7960,84.14,1.0110,2025-11-06 19:25:37,87.0
0.8930,24.3030,1.15,83.98,1.04,2025-11-06 21:20:43,88.0
0.9210,24.3250,0.9820,83.82,1.0930,2025-11-06 21:20:43,88.0
0.8890,24.2520,0.7460,83.76,1.1230,2025-11-06 21:20:43,88.0
0.9260,24.3710,0.6050,84.05,1.0130,2025-11-06 21:20:43,88.0
0.9180,24.3480,0.6760,83.99,1.1390,2025-11-06 21:20:43,88.0
0.9160,24.32,0.5750,84.24,1.1150,2025-11-06 21:20:43,88.0
0.8880,24.2340,0.6880,83.94,1.0320,2025-11-06 21:20:43,88.0
0.9120,24.3150,0.5020,83.99,1.1410,2025-11-06 21:20:43,88.0
0.8930,24.3320,0.7630,84.11,1.0150,2025-11-06 21:20:43,88.0
0.9050,24.37,1.1680,83.90,1.0240,2025-11-06 21:20:43,88.0
0.9010,24.3320,0.7410,83.94,1.0780,2025-11-06 21:20:43,88.0
0.8770,24.3050,0.50,84.01,1.0170,2025-11-06 21:20:43,88.0
0.8960,24.3490,0.6530,84,0.9880,2025-11-06 21:20:43,88.0
0.88,24.40,0.4820,83.76,1.0360,2025-11-06 21:20:43,88.0
0.88,24.2870,0.7180,83.98,1.0720,2025-11-06 21:20:43,88.0
0.8940,24.2950,0.6030,83.84,1.06,2025-11-06 21:20:43,88.0
0.8890,24.3060,0.54,83.99,1.0520,2025-11-06 21:20:43,88.0
0.8970,24.3340,0.9440,84,1.0420,2025-11-06 21:20:43,88.0
0.8640,24.3280,0.6380,83.98,1.0480,2025-11-06 21:20:43,88.0
0.9060,24.3560,0.4170,84.05,1.1110,2025-11-06 21:20:43,88.0
0.9030,24.4140,0.7060,83.87,1.0290,2025-11-07 11:14:09,89.0
0.8830,24.3910,0.55,84.18,0.9410,2025-11-07 11:14:09,89.0
0.9010,24.3830,1.0020,84.13,0.95,2025-11-07 11:14:09,89.0
0.8650,24.3210,0.8260,84.15,0.9970,2025-11-07 11:14:09,89.0
0.9010,24.2930,0.4020,83.98,1.0690,2025-11-07 11:14:09,89.0
0.8950,24.3290,0.6380,83.91,1.0490,2025-11-07 11:14:09,89.0
0.91,24.2780,0.5350,84.38,1.1090,2025-11-07 11:14:09,89.0
0.9180,24.3790,0.7430,84.02,1.0290,2025-11-07 11:14:09,89.0
0.90,24.3740,0.4470,84.12,1.0030,2025-11-07 11:14:09,89.0
0.8720,24.30,0.8060,83.98,1.0230,2025-11-07 11:14:09,89.0
0.8960,24.3330,0.6130,84.05,1.0150,2025-11-07 11:14:09,89.0
0.8840,24.3910,0.8040,84.04,0.9460,2025-11-07 11:14:09,89.0
0.8680,24.2820,0.5750,83.98,1.0280,2025-11-07 11:14:09,89.0
0.9190,24.3510,0.5880,84.21,1.0970,2025-11-07 11:14:09,89.0
0.9250,24.4210,0.6560,84.09,1.0080,2025-11-07 11:14:09,89.0
0.9040,24.3940,0.6450,84.08,0.96,2025-11-07 11:14:09,89.0
0.9150,24.3940,0.7640,83.87,0.93,2025-11-07 11:14:09,89.0
0.88,24.3190,0.8360,83.97,1.05,2025-11-07 11:14:09,89.0
0.8720,24.2770,0.6380,83.92,1.0190,2025-11-07 11:14:09,89.0
0.88,24.2890,0.7730,83.97,0.9480,2025-11-07 11:14:09,89.0
0.9060,24.34,0.6380,84.26,0.9970,2025-11-07 13:24:15,90.0
0.8790,24.3230,0.7380,83.94,1.0520,2025-11-07 13:24:15,90.0
0.94,24.3720,0.6280,84.07,1.0770,2025-11-07 13:24:15,90.0
0.8910,24.3420,0.6610,83.92,1.0480,2025-11-07 13:24:15,90.0
0.8760,24.2370,0.55,84.08,1.0250,2025-11-07 13:24:15,90.0
0.9040,24.4070,0.6450,84.16,1.0730,2025-11-07 13:24:15,90.0
0.9330,24.3530,0.5150,83.89,1.0990,2025-11-07 13:24:15,90.0
0.9030,24.43,0.5020,83.98,1.0840,2025-11-07 13:24:15,90.0
0.8790,24.3670,1.2610,83.92,1.0950,2025-11-07 13:24:15,90.0
0.9490,24.42,0.5880,83.92,1.1180,2025-11-07 13:24:15,90.0
0.9140,24.37,0.5530,84.19,1.0760,2025-11-07 13:24:15,90.0
0.9080,24.3110,0.56,84.29,1.1180,2025-11-07 13:24:15,90.0
0.8970,24.2960,0.54,84.01,1.0840,2025-11-07 13:24:15,90.0
0.9080,24.2720,0.4620,84.31,1.0410,2025-11-07 13:24:15,90.0
0.9090,24.3560,0.5750,84.08,1.1230,2025-11-07 13:24:15,90.0
0.92,24.4420,0.4070,84.08,1.0820,2025-11-07 13:24:15,90.0
0.8750,24.2970,0.5420,84.31,1.0690,2025-11-07 13:24:15,90.0
0.9090,24.3280,1.09,84.12,1.0570,2025-11-07 13:24:15,90.0
0.8780,24.3680,0.5950,83.92,1.0330,2025-11-07 13:24:15,90.0
0.9030,24.3470,0.5880,84.03,1.0650,2025-11-07 13:24:15,90.0
0.9170,24.3350,0.7660,83.92,1.04,2025-11-07 19:24:29,91.0
0.9060,24.35,0.8840,83.75,1.0760,2025-11-07 19:24:29,91.0
0.8870,24.30,0.6330,84.11,1.0580,2025-11-07 19:24:29,91.0
0.92,24.33,0.6460,84.05,1.0190,2025-11-07 19:24:29,91.0
0.9170,24.3560,0.5550,84.09,1.0050,2025-11-07 19:24:29,91.0
0.88,24.3110,0.6830,83.97,1.0530,2025-11-07 19:24:29,91.0
0.91,24.3570,0.4750,84.15,1.0780,2025-11-07 19:24:29,91.0
0.9190,24.2880,0.7840,84.03,1.0620,2025-11-07 19:24:29,91.0
0.94,24.3320,0.5120,83.74,1.0470,2025-11-07 19:24:29,91.0
0.9050,24.3450,0.5070,84.08,1.0320,2025-11-07 19:24:29,91.0
0.8930,24.4070,0.8190,84.22,0.9990,2025-11-07 19:24:29,91.0
0.8880,24.3340,0.7840,83.98,1.0170,2025-11-07 19:24:29,91.0
0.8920,24.2680,0.5250,84.03,1.0470,2025-11-07 19:24:29,91.0
0.8940,24.25,0.5150,83.88,1.0730,2025-11-07 19:24:29,91.0
0.8790,24.2970,0.52,84.02,0.9450,2025-11-07 19:24:29,91.0
0.8940,24.2840,0.5250,84.04,1.1070,2025-11-07 19:24:29,91.0
0.9010,24.3830,0.8940,84.04,1.0690,2025-11-07 19:24:29,91.0
0.9210,24.3740,0.6130,83.96,0.9580,2025-11-07 19:24:29,91.0
0.8750,24.2930,0.49,83.90,1.0190,2025-11-07 19:24:29,91.0
0.9010,24.2450,0.9790,84.02,1.0130,2025-11-07 19:24:29,91.0
0.8980,24.2960,0.9220,84.18,1.0290,2025-11-07 21:14:36,92.0
0.9270,24.2710,0.4870,84.12,1.0840,2025-11-07 21:14:36,92.0
0.8880,24.2610,0.6580,84.10,0.9950,2025-11-07 21:14:36,92.0
0.9290,24.3850,0.5270,84.01,0.9950,2025-11-07 21:14:36,92.0
0.90,24.3280,0.4040,83.83,1.0280,2025-11-07 21:14:36,92.0
0.8620,24.3160,0.8940,84.07,1.0420,2025-11-07 21:14:36,92.0
0.8830,24.34,1.3890,84,1.1390,2025-11-07 21:14:36,92.0
0.8770,24.3720,0.7790,84.33,1.0850,2025-11-07 21:14:36,92.0
0.8630,24.3540,0.7010,84.20,1.0030,2025-11-07 21:14:36,92.0
0.9350,24.3430,0.5930,84.25,1.0390,2025-11-07 21:14:36,92.0
0.9260,24.3130,0.62,84.18,1.1060,2025-11-07 21:14:36,92.0
0.8970,24.3610,0.7690,84.05,1.1010,2025-11-07 21:14:36,92.0
0.9150,24.39,1.07,83.92,1.0640,2025-11-07 21:14:36,92.0
0.8690,24.2970,0.8540,84.04,1.0410,2025-11-07 21:14:36,92.0
0.8870,24.28,0.5120,84.15,1.1060,2025-11-07 21:14:36,92.0
0.8640,24.2310,0.7310,84.16,1.0520,2025-11-07 21:14:36,92.0
0.9010,24.3340,0.6730,84.09,1.0960,2025-11-07 21:14:36,92.0
0.9170,24.4140,0.4320,84.20,1.0470,2025-11-07 21:14:36,92.0
0.8860,24.41,0.4340,83.94,1.1460,2025-11-07 21:14:36,92.0
0.8940,24.4050,0.7410,83.94,1.0170,2025-11-07 21:14:36,92.0
0.8640,24.2410,0.5870,83.7260,1.0260,2025-11-09 12:26:07,93.0
0.9080,24.32,1.0980,84.0950,1.0860,2025-11-09 12:26:07,93.0
0.9150,24.1870,0.9970,83.9420,1.1160,2025-11-09 12:26:07,93.0
0.88,24.2160,0.4970,84.0340,1.0030,2025-11-09 12:26:07,93.0
0.8690,24.0820,0.7180,83.8860,1.0650,2025-11-09 12:26:07,93.0
0.8990,24.15,0.54,83.9250,1,2025-11-09 12:26:07,93.0
0.90,24.2910,0.6190,84.03,0.9980,2025-11-09 12:26:07,93.0
0.8770,24.2070,0.4970,83.90,1.0560,2025-11-09 12:26:07,93.0
0.9120,24.3240,0.4060,83.85,1.0970,2025-11-09 12:26:07,93.0
0.9270,24.1180,0.4770,83.98,1.1270,2025-11-09 12:26:07,93.0
0.8730,24.1730,0.41,84.2450,1.0490,2025-11-09 12:26:07,93.0
0.8890,24.1680,0.6280,83.7180,1.1080,2025-11-09 12:26:07,93.0
0.9070,24.2630,0.5220,84.0480,0.9970,2025-11-09 12:26:07,93.0
0.8790,24.2240,0.5440,84.0770,0.9990,2025-11-09 12:26:07,93.0
0.89,24.1380,0.4820,83.9940,1.1140,2025-11-09 12:26:07,93.0
0.8690,24.2370,0.6230,83.7130,1.05,2025-11-09 12:26:07,93.0
0.9130,24.1680,0.5780,83.9940,1.1130,2025-11-09 12:26:07,93.0
0.8970,24.1630,0.63,84.11,1.01,2025-11-09 12:26:07,93.0
0.8570,24.2930,0.5810,83.7990,1.04,2025-11-09 12:26:07,93.0
0.9030,24.23,0.4080,83.9350,1.0610,2025-11-09 12:26:07,93.0
