M,C,d,L,R,T,N
0.8740,24.28,0.62,84.0440,1.1540,2025-05-21 12:53:11,0.0
0.87,24.3360,0.3440,84.0240,1.2040,2025-05-21 12:53:11,0.0
0.8650,24.3460,0.4160,84.0370,1.2510,2025-05-21 12:53:11,0.0
0.9010,24.3930,0.5010,84.1290,1.2430,2025-05-21 12:53:11,0.0
0.9010,24.2810,0.4830,83.9710,1.2180,2025-05-21 12:53:11,0.0
0.8660,24.2840,0.5780,84.1710,1.1810,2025-05-21 12:53:11,0.0
0.8790,24.3310,0.5560,83.8380,1.2810,2025-05-21 12:53:11,0.0
0.8620,24.3630,0.4340,84.0450,1.1880,2025-05-21 12:53:11,0.0
0.8540,24.2550,0.4730,84.1090,1.2540,2025-05-21 12:53:11,0.0
0.8850,24.3050,0.4650,83.9520,1.2340,2025-05-21 12:53:11,0.0
0.8380,24.2440,0.3610,83.9980,1.1360,2025-05-21 12:53:11,0.0
0.8950,24.2520,0.3190,84.1120,1.2660,2025-05-21 12:53:11,0.0
0.9090,24.2790,0.6720,84.0610,1.3140,2025-05-21 12:53:11,0.0
0.8890,24.3620,0.5080,84.1350,1.22,2025-05-21 12:53:11,0.0
0.8470,24.2570,0.4740,83.9750,1.1740,2025-05-21 12:53:11,0.0
0.8770,24.2570,0.4670,84.2690,1.2150,2025-05-21 12:53:11,0.0
0.8670,24.3270,0.4540,84.2680,1.2060,2025-05-21 12:53:11,0.0
0.9030,24.4170,0.6530,84.1460,1.2560,2025-05-21 12:53:11,0.0
0.9010,24.3180,0.6620,84.2580,1.2630,2025-05-21 12:53:11,0.0
0.8710,24.2250,0.3450,84.2690,1.2810,2025-05-21 12:53:11,0.0
0.8570,24.3930,0.24,84.2020,1.1640,2025-05-21 12:58:12,1.0
0.8530,24.3280,0.4570,83.7940,1.1890,2025-05-21 12:58:12,1.0
0.8690,24.3680,0.3610,84.3460,1.2360,2025-05-21 12:58:12,1.0
0.8730,24.2680,0.5360,84.6060,1.1870,2025-05-21 12:58:12,1.0
0.8520,24.3060,0.4420,84.27,1.2010,2025-05-21 12:58:12,1.0
0.8810,24.3350,0.3970,84.2530,1.2210,2025-05-21 12:58:12,1.0
0.8440,24.2030,0.5110,84.2360,1.1650,2025-05-21 12:58:12,1.0
0.8610,24.2710,0.4760,84.2810,1.2520,2025-05-21 12:58:12,1.0
0.8940,24.3390,0.4730,84.1260,1.3220,2025-05-21 12:58:12,1.0
0.8650,24.2460,0.2670,83.9480,1.2390,2025-05-21 12:58:12,1.0
0.8610,24.3490,0.7320,84.2480,1.2160,2025-05-21 12:58:12,1.0
0.8710,24.2990,0.4150,84.2870,1.1670,2025-05-21 12:58:12,1.0
0.8570,24.2790,0.2920,84.3740,1.2210,2025-05-21 12:58:12,1.0
0.8660,24.2670,0.3510,84.2560,1.2250,2025-05-21 12:58:12,1.0
0.8390,24.2050,0.5070,84.41,1.1250,2025-05-21 12:58:12,1.0
0.8530,24.2560,0.3680,84.0830,1.2330,2025-05-21 12:58:12,1.0
0.8460,24.2310,0.48,84.0830,1.1970,2025-05-21 12:58:12,1.0
0.8350,24.2370,0.2620,84.1020,1.1430,2025-05-21 12:58:12,1.0
0.82,24.2530,0.4030,83.8930,1.1720,2025-05-21 12:58:12,1.0
0.8430,24.3190,0.2650,84.3130,1.2250,2025-05-21 12:58:12,1.0
0.8550,24.1980,0.3720,83.9780,1.22,2025-05-21 13:03:12,2.0
0.8580,24.3270,0.7290,84.2740,1.2530,2025-05-21 13:03:12,2.0
0.8650,24.3210,0.3410,84.0180,1.1960,2025-05-21 13:03:12,2.0
0.8930,24.2590,0.4060,84.1020,1.2170,2025-05-21 13:03:12,2.0
0.8790,24.4030,0.7510,83.8720,1.2680,2025-05-21 13:03:12,2.0
0.9130,24.3490,0.4080,84.0060,1.2870,2025-05-21 13:03:12,2.0
0.8310,24.2760,0.3580,84.0780,1.14,2025-05-21 13:03:12,2.0
0.8840,24.2480,0.4540,84.0970,1.26,2025-05-21 13:03:12,2.0
0.90,24.3580,0.4770,83.95,1.2640,2025-05-21 13:03:12,2.0
0.89,24.3770,0.4190,84.1820,1.2620,2025-05-21 13:03:12,2.0
0.8830,24.2610,0.55,83.8740,1.2750,2025-05-21 13:03:12,2.0
0.8830,24.3460,0.3370,84.0280,1.2180,2025-05-21 13:03:12,2.0
0.8760,24.3450,0.6130,83.8320,1.2020,2025-05-21 13:03:12,2.0
0.8650,24.3170,0.5740,83.8260,1.1730,2025-05-21 13:03:12,2.0
0.8720,24.2710,0.3440,84.0210,1.2820,2025-05-21 13:03:12,2.0
0.8690,24.3080,0.3540,83.8520,1.2360,2025-05-21 13:03:12,2.0
0.8910,24.23,0.5950,84.1070,1.2260,2025-05-21 13:03:12,2.0
0.8660,24.3710,0.3780,83.94,1.1540,2025-05-21 13:03:12,2.0
0.88,24.28,0.3680,83.85,1.2120,2025-05-21 13:03:12,2.0
0.9020,24.3770,0.5140,84.1120,1.2520,2025-05-21 13:03:12,2.0
0.8890,24.3170,0.4110,84.2680,1.2180,2025-05-21 21:13:21,3.0
0.8790,24.1640,0.5160,84.2030,1.2560,2025-05-21 21:13:21,3.0
0.8550,24.3710,0.5860,84.0680,1.2230,2025-05-21 21:13:21,3.0
0.8830,24.3550,0.4360,83.9170,1.2660,2025-05-21 21:13:21,3.0
0.8890,24.3340,0.3530,84.1810,1.2310,2025-05-21 21:13:21,3.0
0.8670,24.3380,0.41,84.3680,1.2940,2025-05-21 21:13:21,3.0
0.8660,24.2960,0.4440,83.9990,1.2240,2025-05-21 21:13:21,3.0
0.8440,24.2940,0.5410,84.0980,1.1910,2025-05-21 21:13:21,3.0
0.8870,24.3210,0.2990,84.0310,1.2330,2025-05-21 21:13:21,3.0
0.91,24.2470,0.8550,84.3050,1.2120,2025-05-21 21:13:21,3.0
0.8580,24.3430,0.2910,84.2240,1.1220,2025-05-21 21:13:21,3.0
0.8790,24.2690,0.5370,83.9710,1.3390,2025-05-21 21:13:21,3.0
0.8870,24.2660,0.4080,84.3050,1.2860,2025-05-21 21:13:21,3.0
0.8680,24.2570,0.2780,84.1620,1.2470,2025-05-21 21:13:21,3.0
0.8880,24.3780,0.2890,84.0030,1.2790,2025-05-21 21:13:21,3.0
0.8550,24.2580,0.5870,83.92,1.2250,2025-05-21 21:13:21,3.0
0.8740,24.3250,0.2460,84.1970,1.27,2025-05-21 21:13:21,3.0
0.8370,24.2250,0.59,84.28,1.1940,2025-05-21 21:13:21,3.0
0.8490,24.3640,0.5550,84.3660,1.1430,2025-05-21 21:13:21,3.0
0.88,24.3620,0.7690,84.1440,1.2010,2025-05-21 21:13:21,3.0
0.8740,24.3290,0.3630,83.8710,1.2350,2025-05-21 21:23:22,4.0
0.8570,24.2150,0.3730,83.9010,1.1830,2025-05-21 21:23:22,4.0
0.8730,24.0670,0.4040,83.9390,1.2010,2025-05-21 21:23:22,4.0
0.8710,24.1280,0.3640,84.3360,1.1910,2025-05-21 21:23:22,4.0
0.8970,24.3060,0.3150,83.9770,1.2450,2025-05-21 21:23:22,4.0
0.8660,24.2190,0.52,83.8770,1.21,2025-05-21 21:23:22,4.0
0.8970,24.2240,0.4140,83.9040,1.2740,2025-05-21 21:23:22,4.0
0.8810,24.2910,0.3520,84.0270,1.2570,2025-05-21 21:23:22,4.0
0.8880,24.3620,0.3470,83.7860,1.2650,2025-05-21 21:23:22,4.0
0.9050,24.1860,0.3410,83.9480,1.2930,2025-05-21 21:23:22,4.0
0.8780,24.29,0.4310,83.5630,1.3280,2025-05-21 21:23:22,4.0
0.8550,24.19,0.3490,83.8420,1.2310,2025-05-21 21:23:22,4.0
0.8830,24.3320,0.2390,83.8590,1.22,2025-05-21 21:23:22,4.0
0.8570,24.1840,0.5390,83.6680,1.2320,2025-05-21 21:23:22,4.0
0.8680,24.2610,0.4820,83.8950,1.3020,2025-05-21 21:23:22,4.0
0.8560,24.3640,0.6680,84.0440,1.1680,2025-05-21 21:23:22,4.0
0.8560,24.3390,0.3070,84.0980,1.1620,2025-05-21 21:23:22,4.0
0.8630,24.2350,0.40,83.7040,1.3030,2025-05-21 21:23:22,4.0
0.8330,24.2650,0.3740,83.5650,1.2160,2025-05-21 21:23:22,4.0
0.8890,24.2980,0.3180,83.8450,1.2590,2025-05-21 21:23:22,4.0
0.8870,24.31,0.7410,83.92,1.2940,2025-05-21 21:14:49,5.0
0.8540,24.2760,0.4220,84,1.1760,2025-05-21 21:14:49,5.0
0.8610,24.2740,0.4070,84.06,1.2240,2025-05-21 21:14:49,5.0
0.8540,24.3380,0.4040,83.97,1.2110,2025-05-21 21:14:49,5.0
0.9210,24.3450,0.4070,84.40,1.3840,2025-05-21 21:14:49,5.0
0.8520,24.33,0.66,84.24,1.2370,2025-05-21 21:14:49,5.0
0.8770,24.3940,0.3410,84.19,1.2930,2025-05-21 21:14:49,5.0
0.8390,24.3810,0.5470,84.24,1.1440,2025-05-21 21:14:49,5.0
0.9060,24.3790,0.8290,84.23,1.2420,2025-05-21 21:14:49,5.0
0.88,24.3590,0.55,84.24,1.1890,2025-05-21 21:14:49,5.0
0.8990,24.3320,0.4420,83.99,1.3080,2025-05-21 21:14:49,5.0
0.8780,24.3110,0.2890,83.75,1.23,2025-05-21 21:14:49,5.0
0.8820,24.2630,0.4320,84.08,1.2680,2025-05-21 21:14:49,5.0
0.8820,24.4030,0.4270,83.96,1.2110,2025-05-21 21:14:49,5.0
0.8310,24.3420,0.4490,83.78,1.2050,2025-05-21 21:14:49,5.0
0.8490,24.3660,0.4820,83.69,1.1830,2025-05-21 21:14:49,5.0
0.8820,24.3710,0.6230,84.08,1.2740,2025-05-21 21:14:49,5.0
0.8790,24.2940,0.49,84.06,1.2210,2025-05-21 21:14:49,5.0
0.8730,24.4220,0.3460,84.05,1.3080,2025-05-21 21:14:49,5.0
0.8790,24.3430,0.5050,84.03,1.1420,2025-05-21 21:14:49,5.0
0.8930,24.3360,0.4590,83.9660,1.2080,2025-05-22 12:46:48,6.0
0.8790,24.2680,0.5780,84.1550,1.1970,2025-05-22 12:46:48,6.0
0.8650,24.27,0.4750,84.0620,1.2410,2025-05-22 12:46:48,6.0
0.8640,24.3030,0.5260,84.1970,1.2780,2025-05-22 12:46:48,6.0
0.8970,24.2280,0.6360,83.9650,1.2890,2025-05-22 12:46:48,6.0
0.8830,24.3470,0.6350,84.3390,1.1640,2025-05-22 12:46:48,6.0
0.8640,24.2260,0.7240,84.17,1.16,2025-05-22 12:46:48,6.0
0.8830,24.2660,0.41,84.2120,1.1770,2025-05-22 12:46:48,6.0
0.8690,24.27,0.3610,84.2260,1.2740,2025-05-22 12:46:48,6.0
0.8890,24.2650,0.5030,84.1970,1.2960,2025-05-22 12:46:48,6.0
0.8680,24.23,0.5230,84.3510,1.3130,2025-05-22 12:46:48,6.0
0.8880,24.2570,0.6670,84.0530,1.2780,2025-05-22 12:46:48,6.0
0.90,24.3640,0.6190,84.1150,1.3050,2025-05-22 12:46:48,6.0
0.8860,24.2240,0.4540,84.1810,1.2280,2025-05-22 12:46:48,6.0
0.8720,24.2670,0.56,84.3790,1.2720,2025-05-22 12:46:48,6.0
0.8710,24.2440,0.2650,84.0970,1.2230,2025-05-22 12:46:48,6.0
0.8680,24.3180,0.4040,84.0370,1.2380,2025-05-22 12:46:48,6.0
0.8620,24.2390,0.5320,84.0030,1.2040,2025-05-22 12:46:48,6.0
0.8680,24.3250,0.4320,84.3120,1.2390,2025-05-22 12:46:48,6.0
0.9060,24.3140,0.5150,83.9960,1.1940,2025-05-22 12:46:48,6.0
0.8730,24.2680,0.36,83.7660,1.2550,2025-05-22 12:51:49,7.0
0.8710,24.1560,0.4130,84.2540,1.2440,2025-05-22 12:51:49,7.0
0.8830,24.3770,0.4480,84.0510,1.3280,2025-05-22 12:51:49,7.0
0.8910,24.1360,0.4270,83.9190,1.2650,2025-05-22 12:51:49,7.0
0.8950,24.2380,0.3670,84.5890,1.27,2025-05-22 12:51:49,7.0
0.8440,24.1550,0.3430,84.3430,1.16,2025-05-22 12:51:49,7.0
0.8570,24.2220,0.6330,83.6510,1.2630,2025-05-22 12:51:49,7.0
0.8840,24.1810,0.3560,84.4930,1.3190,2025-05-22 12:51:49,7.0
0.8730,24.19,0.5150,84.1860,1.2780,2025-05-22 12:51:49,7.0
0.8870,24.2190,0.4360,84.3740,1.3070,2025-05-22 12:51:49,7.0
0.89,24.1590,0.5260,83.7220,1.2270,2025-05-22 12:51:49,7.0
0.87,24.1060,0.7690,84.0950,1.1930,2025-05-22 12:51:49,7.0
0.8730,24.3030,0.3640,84.2150,1.2340,2025-05-22 12:51:49,7.0
0.8760,24.2380,0.2910,84.2550,1.2170,2025-05-22 12:51:49,7.0
0.8590,24.1880,0.3190,84.34,1.2730,2025-05-22 12:51:49,7.0
0.8480,24.2270,0.33,83.7030,1.2720,2025-05-22 12:51:49,7.0
0.8860,24.2310,0.4560,84.4090,1.3160,2025-05-22 12:51:49,7.0
0.8650,24.2530,0.5210,83.9690,1.1940,2025-05-22 12:51:49,7.0
0.8570,24.0840,0.4110,84.3950,1.1540,2025-05-22 12:51:49,7.0
0.8730,24.2150,0.4560,84.2340,1.26,2025-05-22 12:51:49,7.0
0.9190,3.3510,0.8760,83.8720,1.2080,2025-05-22 21:16:57,8.0
0.8590,24.2150,0.3750,83.9690,1.2050,2025-05-22 21:16:57,8.0
0.8890,24.29,0.3110,84.1040,1.2670,2025-05-22 21:16:57,8.0
0.8680,24.2790,0.39,83.7230,1.2610,2025-05-22 21:16:57,8.0
0.8790,24.3410,0.4240,83.8410,1.1960,2025-05-22 21:16:57,8.0
0.8540,24.3010,0.4630,83.6940,1.1970,2025-05-22 21:16:57,8.0
0.8720,24.2840,0.3040,84.0140,1.1760,2025-05-22 21:16:57,8.0
0.9070,24.3890,0.6790,83.9090,1.3320,2025-05-22 21:16:57,8.0
0.8880,24.3060,0.4150,83.8580,1.1770,2025-05-22 21:16:57,8.0
0.8950,24.2890,0.4810,83.8380,1.2280,2025-05-22 21:16:57,8.0
0.9020,24.3940,0.4690,84.2460,1.2470,2025-05-22 21:16:57,8.0
0.8870,24.1910,0.53,83.8980,1.2030,2025-05-22 21:16:57,8.0
0.8780,24.3730,0.4780,83.7350,1.2380,2025-05-22 21:16:57,8.0
0.8960,24.3060,0.35,84.1020,1.2840,2025-05-22 21:16:57,8.0
0.8690,24.2630,0.5020,83.9350,1.1680,2025-05-22 21:16:57,8.0
0.8740,24.1960,0.4060,83.7860,1.2250,2025-05-22 21:16:57,8.0
0.8610,24.3410,0.4030,83.8020,1.2330,2025-05-22 21:16:57,8.0
0.8530,24.3050,0.3190,83.8260,1.20,2025-05-22 21:16:57,8.0
0.8610,24.2150,0.4890,83.8460,1.1880,2025-05-22 21:16:57,8.0
0.8660,24.2360,0.4850,83.8670,1.2620,2025-05-22 21:16:57,8.0
0.8760,24.3010,0.5250,83.85,1.1660,2025-05-22 21:13:29,9.0
0.9070,24.36,0.4090,84.07,1.2450,2025-05-22 21:13:29,9.0
0.9090,24.2880,0.51,84.37,1.3150,2025-05-22 21:13:29,9.0
0.8830,24.3230,0.4020,84.09,1.2150,2025-05-22 21:13:29,9.0
0.8620,24.2130,0.4850,84.01,1.2140,2025-05-22 21:13:29,9.0
0.8680,24.2120,0.6550,84.23,1.2110,2025-05-22 21:13:29,9.0
0.88,24.3050,0.2690,83.72,1.1890,2025-05-22 21:13:29,9.0
0.8960,24.3850,0.3770,84.12,1.22,2025-05-22 21:13:29,9.0
0.85,24.3980,0.47,84.15,1.16,2025-05-22 21:13:29,9.0
0.8610,24.3130,0.4390,84.03,1.1790,2025-05-22 21:13:29,9.0
0.8770,24.3470,0.4470,83.95,1.23,2025-05-22 21:13:29,9.0
0.8910,24.3010,0.51,84.33,1.1630,2025-05-22 21:13:29,9.0
0.8780,24.3580,0.5470,84.19,1.1310,2025-05-22 21:13:29,9.0
0.86,24.2080,0.5250,84.30,1.1820,2025-05-22 21:13:29,9.0
0.8540,24.1510,0.4420,84.43,1.2820,2025-05-22 21:13:29,9.0
0.8960,24.2510,0.4750,84.21,1.24,2025-05-22 21:13:29,9.0
0.8860,24.33,0.4920,83.89,1.1730,2025-05-22 21:13:29,9.0
0.90,24.3850,0.57,83.99,1.1980,2025-05-22 21:13:29,9.0
0.8550,24.2020,0.3740,83.89,1.2350,2025-05-22 21:13:29,9.0
0.8880,24.42,0.4270,84.13,1.2230,2025-05-22 21:13:29,9.0
0.9180,24.3120,0.7180,84.24,1.3490,2025-05-22 21:18:31,10.0
0.8990,24.3290,0.3640,84.05,1.2690,2025-05-22 21:18:31,10.0
0.8780,24.3140,0.5820,84,1.1550,2025-05-22 21:18:31,10.0
0.8920,24.33,0.3840,84.37,1.2460,2025-05-22 21:18:31,10.0
0.9010,24.2430,0.5150,83.90,1.3170,2025-05-22 21:18:31,10.0
0.8910,24.3610,0.5620,84.03,1.2480,2025-05-22 21:18:31,10.0
0.89,24.2550,0.4070,84.19,1.2040,2025-05-22 21:18:31,10.0
0.8770,24.36,0.3940,83.85,1.2630,2025-05-22 21:18:31,10.0
0.8740,24.36,0.3690,83.81,1.2630,2025-05-22 21:18:31,10.0
0.9190,24.3190,0.2410,84.25,1.2920,2025-05-22 21:18:31,10.0
0.8740,24.3780,0.3510,84.04,1.2310,2025-05-22 21:18:31,10.0
0.8910,24.3380,0.3540,83.85,1.2580,2025-05-22 21:18:31,10.0
0.8920,24.2440,0.5220,84.20,1.2140,2025-05-22 21:18:31,10.0
0.8560,24.2020,0.8740,84,1.1830,2025-05-22 21:18:31,10.0
0.8850,24.3590,0.3520,84.01,1.2520,2025-05-22 21:18:31,10.0
0.8790,24.2940,0.3190,83.83,1.2430,2025-05-22 21:18:31,10.0
0.8860,24.2820,0.2910,84.58,1.2350,2025-05-22 21:18:31,10.0
0.8810,24.4380,0.4340,83.93,1.2610,2025-05-22 21:18:31,10.0
0.8770,24.2640,0.2280,84.07,1.2880,2025-05-22 21:18:31,10.0
0.8920,24.3130,0.4090,83.84,1.37,2025-05-22 21:18:31,10.0
0.8960,24.2730,0.4290,83.8790,1.2690,2025-05-23 10:52:29,11.0
0.8750,24.3230,0.4990,84.1890,1.1850,2025-05-23 10:52:29,11.0
0.8520,24.2730,0.3790,84.0450,1.2130,2025-05-23 10:52:29,11.0
0.8880,24.3170,0.5050,84.2530,1.20,2025-05-23 10:52:29,11.0
0.8450,24.2990,0.5890,84.3390,1.1580,2025-05-23 10:52:29,11.0
0.8980,24.3240,0.34,84.1650,1.1530,2025-05-23 10:52:29,11.0
0.8560,24.23,0.6490,83.6380,1.1850,2025-05-23 10:52:29,11.0
0.8910,24.1730,0.5770,84.2130,1.30,2025-05-23 10:52:29,11.0
0.8790,24.3090,0.8410,84.3060,1.2190,2025-05-23 10:52:29,11.0
0.8650,24.2720,0.6290,84.1920,1.2240,2025-05-23 10:52:29,11.0
0.9090,24.3030,0.4870,84.1780,1.29,2025-05-23 10:52:29,11.0
0.8940,24.3540,0.4910,83.9780,1.2550,2025-05-23 10:52:29,11.0
0.8870,24.3070,0.7130,84.0910,1.21,2025-05-23 10:52:29,11.0
0.87,24.1960,0.6710,84.2430,1.2290,2025-05-23 10:52:29,11.0
0.87,24.2630,0.4350,84.4810,1.2380,2025-05-23 10:52:29,11.0
0.8670,24.3270,0.54,84.06,1.2270,2025-05-23 10:52:29,11.0
0.8940,24.2080,0.70,84.2050,1.1780,2025-05-23 10:52:29,11.0
0.8880,24.28,0.5660,84.2230,1.2620,2025-05-23 10:52:29,11.0
0.8730,24.31,0.6630,84.1940,1.2380,2025-05-23 10:52:29,11.0
0.8570,24.3520,0.55,84.1620,1.1970,2025-05-23 10:52:29,11.0
0.8630,24.3740,0.5960,84.0390,1.1940,2025-05-23 10:57:30,12.0
0.9110,24.39,0.4240,84.0840,1.3730,2025-05-23 10:57:30,12.0
0.9030,24.4210,0.6240,83.99,1.36,2025-05-23 10:57:30,12.0
0.89,24.4160,0.5260,84.0950,1.2310,2025-05-23 10:57:30,12.0
0.8660,24.3460,0.4990,83.6530,1.2090,2025-05-23 10:57:30,12.0
0.8780,24.2450,0.46,83.6560,1.2040,2025-05-23 10:57:30,12.0
0.9250,24.4410,0.6650,83.9510,1.2740,2025-05-23 10:57:30,12.0
0.9210,24.3980,0.3220,84.36,1.2770,2025-05-23 10:57:30,12.0
0.8880,24.4460,0.3090,84.4210,1.2030,2025-05-23 10:57:30,12.0
0.8830,24.3760,0.6110,84.0670,1.2850,2025-05-23 10:57:30,12.0
0.8950,24.3210,0.6640,84.0820,1.2370,2025-05-23 10:57:30,12.0
0.9050,24.3310,0.3460,84.6280,1.2820,2025-05-23 10:57:30,12.0
0.8810,24.2290,0.5420,84.3630,1.2550,2025-05-23 10:57:30,12.0
0.91,24.3430,0.3420,84.1430,1.3440,2025-05-23 10:57:30,12.0
0.8770,24.2810,0.3930,84.2310,1.1910,2025-05-23 10:57:30,12.0
0.8960,24.3970,0.4350,83.8190,1.3440,2025-05-23 10:57:30,12.0
0.8720,24.3550,0.3290,83.7730,1.2780,2025-05-23 10:57:30,12.0
0.8750,24.3150,0.4610,83.9360,1.2570,2025-05-23 10:57:30,12.0
0.8410,24.3560,0.5560,84.0840,1.2030,2025-05-23 10:57:30,12.0
0.8790,24.4170,0.4710,83.9270,1.2940,2025-05-23 10:57:30,12.0
0.8880,24.38,0.4490,84.0130,1.2280,2025-05-23 11:02:31,13.0
0.8950,24.3470,0.4720,84.1040,1.20,2025-05-23 11:02:31,13.0
0.8670,24.2590,0.5720,84.0410,1.22,2025-05-23 11:02:31,13.0
0.8850,24.2680,0.2690,84.1240,1.2260,2025-05-23 11:02:31,13.0
0.9020,24.3890,0.7850,84.2020,1.28,2025-05-23 11:02:31,13.0
0.9060,24.3230,0.7650,83.9270,1.25,2025-05-23 11:02:31,13.0
0.8770,24.2940,0.3350,84.1850,1.2070,2025-05-23 11:02:31,13.0
0.8630,24.3490,0.38,83.9810,1.1870,2025-05-23 11:02:31,13.0
0.8560,24.3510,0.37,84.0760,1.1640,2025-05-23 11:02:31,13.0
0.8520,24.3510,0.3890,83.8990,1.1650,2025-05-23 11:02:31,13.0
0.8760,24.2570,0.5040,84.1110,1.2540,2025-05-23 11:02:31,13.0
0.8840,24.3070,0.5250,83.6950,1.2450,2025-05-23 11:02:31,13.0
0.9020,24.3450,0.42,83.6740,1.2690,2025-05-23 11:02:31,13.0
0.8830,24.3470,0.3410,83.9940,1.2430,2025-05-23 11:02:31,13.0
0.8690,24.3210,0.3090,84.1140,1.2730,2025-05-23 11:02:31,13.0
0.8980,24.44,0.3970,84.0190,1.2580,2025-05-23 11:02:31,13.0
0.8840,24.3280,0.3810,84.0690,1.2230,2025-05-23 11:02:31,13.0
0.8840,24.4290,0.3940,83.8290,1.2130,2025-05-23 11:02:31,13.0
0.8850,24.3880,0.4410,83.70,1.24,2025-05-23 11:02:31,13.0
0.9050,24.35,0.3270,83.8710,1.2270,2025-05-23 11:02:31,13.0
0.8810,24.2610,0.4230,84.2210,1.25,2025-05-23 12:47:37,14.0
0.86,24.3280,0.4680,84.2030,1.2380,2025-05-23 12:47:37,14.0
0.8510,24.3610,0.5360,83.8450,1.1690,2025-05-23 12:47:37,14.0
0.8510,24.3140,0.5970,84.0790,1.1790,2025-05-23 12:47:37,14.0
0.8840,24.3310,0.7430,84.1680,1.1010,2025-05-23 12:47:37,14.0
0.8960,24.3160,0.5260,84.1070,1.2210,2025-05-23 12:47:37,14.0
0.8640,24.2430,0.5230,83.8890,1.2750,2025-05-23 12:47:37,14.0
0.8590,24.2740,0.5470,83.9660,1.3010,2025-05-23 12:47:37,14.0
0.9040,24.28,0.5770,84.2450,1.3210,2025-05-23 12:47:37,14.0
0.8870,24.3230,0.5490,83.8140,1.2090,2025-05-23 12:47:37,14.0
0.8870,24.3240,0.5140,84.1780,1.1760,2025-05-23 12:47:37,14.0
0.8660,24.1750,0.7980,84.3480,1.13,2025-05-23 12:47:37,14.0
0.8610,24.2340,0.5910,83.9830,1.1270,2025-05-23 12:47:37,14.0
0.8680,24.2920,0.50,84.1410,1.22,2025-05-23 12:47:37,14.0
0.8850,24.1920,0.4830,84.3620,1.2730,2025-05-23 12:47:37,14.0
0.8910,24.1970,0.4070,84.3370,1.2380,2025-05-23 12:47:37,14.0
0.8680,24.36,0.5980,84.2380,1.2890,2025-05-23 12:47:37,14.0
0.8830,24.2620,0.4620,84.1720,1.2490,2025-05-23 12:47:37,14.0
0.8830,24.3040,0.4850,84.4430,1.2480,2025-05-23 12:47:37,14.0
0.8770,24.3020,0.5240,84.2420,1.2860,2025-05-23 12:47:37,14.0
0.8920,24.38,0.3230,84.2090,1.2870,2025-05-23 12:52:38,15.0
0.8910,24.2680,0.4040,84.39,1.2420,2025-05-23 12:52:38,15.0
0.8840,24.3180,0.4550,83.8570,1.2490,2025-05-23 12:52:38,15.0
0.8670,24.2390,0.4960,83.94,1.2730,2025-05-23 12:52:38,15.0
0.8560,24.2910,0.4530,84.2350,1.1650,2025-05-23 12:52:38,15.0
0.8550,24.2640,0.3130,84.0140,1.2040,2025-05-23 12:52:38,15.0
0.8760,24.2250,0.4410,84.1370,1.26,2025-05-23 12:52:38,15.0
0.8540,24.32,0.5210,83.6810,1.1320,2025-05-23 12:52:38,15.0
0.8960,24.27,0.65,84.1060,1.2470,2025-05-23 12:52:38,15.0
0.9070,24.2460,0.3810,84.4050,1.3010,2025-05-23 12:52:38,15.0
0.8740,24.3430,0.6330,84.0610,1.2360,2025-05-23 12:52:38,15.0
0.8760,24.2830,0.3850,84.1680,1.2450,2025-05-23 12:52:38,15.0
0.8740,24.3140,0.5150,83.8040,1.2130,2025-05-23 12:52:38,15.0
0.8730,24.2690,0.4030,84.1320,1.2040,2025-05-23 12:52:38,15.0
0.89,24.3340,0.3330,83.9740,1.2410,2025-05-23 12:52:38,15.0
0.8910,24.34,0.4570,84.5740,1.2540,2025-05-23 12:52:38,15.0
0.8450,24.2090,0.6670,83.8070,1.1580,2025-05-23 12:52:38,15.0
0.8530,24.4280,0.7390,83.82,1.2080,2025-05-23 12:52:38,15.0
0.8970,24.3840,0.4010,83.9530,1.1410,2025-05-23 12:52:38,15.0
0.9020,24.3010,0.4760,84.0090,1.29,2025-05-23 12:52:38,15.0
0.8990,24.3470,0.3590,83.9180,1.2340,2025-05-23 13:02:39,16.0
0.9120,24.3910,0.3910,84.49,1.3140,2025-05-23 13:02:39,16.0
0.9020,24.33,0.5190,83.92,1.3210,2025-05-23 13:02:39,16.0
0.8870,24.4150,0.2420,84.0460,1.2440,2025-05-23 13:02:39,16.0
0.8860,24.3280,0.6520,84.0030,1.2850,2025-05-23 13:02:39,16.0
0.8990,24.3320,0.3940,84.0550,1.2860,2025-05-23 13:02:39,16.0
0.8890,24.2930,0.4880,84.1130,1.2080,2025-05-23 13:02:39,16.0
0.8750,24.41,0.3680,84.2350,1.2860,2025-05-23 13:02:39,16.0
0.8730,24.2340,0.5640,83.85,1.2070,2025-05-23 13:02:39,16.0
0.8730,24.2210,0.4130,84.2460,1.1740,2025-05-23 13:02:39,16.0
0.8710,24.4430,0.4020,83.9780,1.1450,2025-05-23 13:02:39,16.0
0.8810,24.3050,0.6240,83.7910,1.2180,2025-05-23 13:02:39,16.0
0.8750,24.3420,0.3390,83.8420,1.2980,2025-05-23 13:02:39,16.0
0.8840,24.36,0.4250,84.0630,1.3290,2025-05-23 13:02:39,16.0
0.86,24.3230,0.6610,84.0540,1.1710,2025-05-23 13:02:39,16.0
0.8840,24.2870,0.4690,83.9860,1.2440,2025-05-23 13:02:39,16.0
0.8940,24.3210,0.50,83.9840,1.2820,2025-05-23 13:02:39,16.0
0.8770,24.32,0.5530,83.7650,1.2280,2025-05-23 13:02:39,16.0
0.8690,24.3180,0.2870,83.63,1.2340,2025-05-23 13:02:39,16.0
0.8810,24.34,0.4350,83.9830,1.2920,2025-05-23 13:02:39,16.0
0.9030,24.39,0.4270,83.8830,1.2530,2025-05-23 19:22:48,17.0
0.9040,24.3110,0.4350,84.2260,1.3240,2025-05-23 19:22:48,17.0
0.8770,24.3230,0.47,83.9560,1.2790,2025-05-23 19:22:48,17.0
0.88,24.2160,0.4630,84,1.2110,2025-05-23 19:22:48,17.0
0.9110,24.4010,0.4320,84.3010,1.34,2025-05-23 19:22:48,17.0
0.8780,24.3450,0.4150,83.8430,1.1960,2025-05-23 19:22:48,17.0
0.9190,24.2440,0.2580,84.1140,1.2020,2025-05-23 19:22:48,17.0
0.8690,24.25,0.2650,84.2570,1.1980,2025-05-23 19:22:48,17.0
0.8920,24.3590,0.3780,84.08,1.23,2025-05-23 19:22:48,17.0
0.9140,24.3050,0.3270,83.84,1.23,2025-05-23 19:22:48,17.0
0.8970,24.2790,0.4370,83.8230,1.2310,2025-05-23 19:22:48,17.0
0.8930,24.3460,0.4660,83.9470,1.3120,2025-05-23 19:22:48,17.0
0.9030,24.3030,0.4270,83.7910,1.2570,2025-05-23 19:22:48,17.0
0.8780,24.2540,0.5290,84.1080,1.2750,2025-05-23 19:22:48,17.0
0.8890,24.2950,0.4840,83.7940,1.2440,2025-05-23 19:22:48,17.0
0.8830,24.3870,0.40,83.8190,1.1350,2025-05-23 19:22:48,17.0
0.9020,24.5150,0.5170,84.1030,1.2240,2025-05-23 19:22:48,17.0
0.8870,24.2720,0.3350,83.9960,1.2440,2025-05-23 19:22:48,17.0
0.8780,24.25,0.4490,84.1540,1.2770,2025-05-23 19:22:48,17.0
0.8890,24.4640,0.7140,83.9180,1.2090,2025-05-23 19:22:48,17.0
0.8820,24.3430,0.4970,83.99,1.1620,2025-05-23 19:17:55,18.0
0.8790,24.3050,0.8560,84.07,1.1760,2025-05-23 19:17:55,18.0
0.8720,24.3250,0.5950,84.06,1.1470,2025-05-23 19:17:55,18.0
0.8770,24.3680,0.4120,84.06,1.2340,2025-05-23 19:17:55,18.0
0.8820,24.3770,0.63,84.10,1.20,2025-05-23 19:17:55,18.0
0.9080,24.3160,0.5120,84.42,1.2270,2025-05-23 19:17:55,18.0
0.8770,24.3270,0.3970,84.01,1.15,2025-05-23 19:17:55,18.0
0.8990,24.3750,0.4440,84.09,1.18,2025-05-23 19:17:55,18.0
0.8790,24.3390,0.2690,84.14,1.2220,2025-05-23 19:17:55,18.0
0.8990,24.3120,0.4620,84.12,1.2070,2025-05-23 19:17:55,18.0
0.89,24.3490,0.52,84.08,1.2170,2025-05-23 19:17:55,18.0
0.9040,24.3520,0.47,84.15,1.1940,2025-05-23 19:17:55,18.0
0.9050,24.3960,0.4220,84.34,1.22,2025-05-23 19:17:55,18.0
0.88,24.2920,0.4470,84,1.2040,2025-05-23 19:17:55,18.0
0.8460,24.28,0.5170,84.19,1.1250,2025-05-23 19:17:55,18.0
0.8860,24.31,0.5950,83.94,1.2140,2025-05-23 19:17:55,18.0
0.8680,24.3060,0.48,84.15,1.1890,2025-05-23 19:17:55,18.0
0.8370,24.3680,0.4440,84.08,1.1790,2025-05-23 19:17:55,18.0
0.8690,24.3030,0.4420,84.48,1.24,2025-05-23 19:17:55,18.0
0.8780,24.3020,0.4820,83.85,1.2430,2025-05-23 19:17:55,18.0
0.8710,24.3350,0.4170,83.52,1.1870,2025-05-23 19:22:56,19.0
0.8580,24.3610,0.4070,84,1.1720,2025-05-23 19:22:56,19.0
0.8990,24.3610,0.7930,84.25,1.2090,2025-05-23 19:22:56,19.0
0.8640,24.3040,0.5170,84.05,1.1470,2025-05-23 19:22:56,19.0
0.8620,24.3340,0.4320,84.22,1.18,2025-05-23 19:22:56,19.0
0.8910,24.3170,0.4850,83.81,1.2410,2025-05-23 19:22:56,19.0
0.9030,24.3560,0.4950,83.84,1.15,2025-05-23 19:22:56,19.0
0.9010,24.2840,0.2690,84.26,1.2740,2025-05-23 19:22:56,19.0
0.8680,24.3550,0.3340,84.43,1.2390,2025-05-23 19:22:56,19.0
0.90,24.3750,0.2260,84.31,1.1990,2025-05-23 19:22:56,19.0
0.8650,24.4250,0.8340,83.86,1.2090,2025-05-23 19:22:56,19.0
0.8730,24.3440,0.2610,84.09,1.1840,2025-05-23 19:22:56,19.0
0.8820,24.3090,0.3210,83.90,1.2570,2025-05-23 19:22:56,19.0
0.8620,24.2770,0.3190,83.97,1.1970,2025-05-23 19:22:56,19.0
0.87,24.3370,0.4240,84.06,1.1610,2025-05-23 19:22:56,19.0
0.8790,24.4360,0.4670,83.88,1.2460,2025-05-23 19:22:56,19.0
0.8740,24.35,0.5950,84,1.2380,2025-05-23 19:22:56,19.0
0.8840,24.3290,0.4190,83.71,1.2770,2025-05-23 19:22:56,19.0
0.8730,24.2810,0.2910,84.17,1.2650,2025-05-23 19:22:56,19.0
0.8910,24.3280,0.6280,84.34,1.2520,2025-05-23 19:22:56,19.0
0.8860,24.3830,0.4340,83.7170,1.2410,2025-05-23 21:02:52,20.0
0.9010,24.3710,0.5520,83.9410,1.2050,2025-05-23 21:02:52,20.0
0.9040,24.2770,0.4740,84.1910,1.3940,2025-05-23 21:02:52,20.0
0.9010,24.3240,0.5110,83.8410,1.2450,2025-05-23 21:02:52,20.0
0.8930,24.2590,0.3780,84.2440,1.1750,2025-05-23 21:02:52,20.0
0.8690,24.2710,0.5160,83.5270,1.1730,2025-05-23 21:02:52,20.0
0.8780,24.3770,0.4210,83.7350,1.1940,2025-05-23 21:02:52,20.0
0.9040,24.4050,0.5950,84.1240,1.2240,2025-05-23 21:02:52,20.0
0.8770,24.3610,0.7910,83.9570,1.2340,2025-05-23 21:02:52,20.0
0.8910,24.3330,0.5080,84.0430,1.2680,2025-05-23 21:02:52,20.0
0.8840,24.2510,0.4010,83.9830,1.28,2025-05-23 21:02:52,20.0
0.89,24.2650,0.3080,83.92,1.2440,2025-05-23 21:02:52,20.0
0.8540,24.3620,0.4230,83.8550,1.1980,2025-05-23 21:02:52,20.0
0.8720,24.2520,0.5850,83.9840,1.2850,2025-05-23 21:02:52,20.0
0.9020,24.3930,0.4230,83.6650,1.1550,2025-05-23 21:02:52,20.0
0.8740,24.3950,0.4210,83.9240,1.2410,2025-05-23 21:02:52,20.0
0.8820,24.2040,0.4990,84.2460,1.2640,2025-05-23 21:02:52,20.0
0.8590,24.2360,0.4670,84.1530,1.19,2025-05-23 21:02:52,20.0
0.8790,24.2870,0.5890,83.8090,1.2330,2025-05-23 21:02:52,20.0
0.8640,24.3070,0.5270,83.7970,1.1580,2025-05-23 21:02:52,20.0
0.8710,24.3450,0.5770,84.06,1.1760,2025-05-23 21:03:01,21.0
0.9110,24.3580,0.3540,84.19,1.2170,2025-05-23 21:03:01,21.0
0.8740,24.3240,0.6880,84.03,1.2010,2025-05-23 21:03:01,21.0
0.8630,24.4250,0.3320,84.07,1.2560,2025-05-23 21:03:01,21.0
0.8730,24.4010,0.8090,84.04,1.1550,2025-05-23 21:03:01,21.0
0.9070,24.3570,0.7510,84.17,1.2590,2025-05-23 21:03:01,21.0
0.8680,24.3080,0.62,84.01,1.1460,2025-05-23 21:03:01,21.0
0.8890,24.3250,0.2110,84.03,1.1980,2025-05-23 21:03:01,21.0
0.8890,24.3350,0.2310,83.94,1.2110,2025-05-23 21:03:01,21.0
0.8840,24.3420,0.4090,84.01,1.1490,2025-05-23 21:03:01,21.0
0.8720,24.3280,0.5150,84.08,1.1910,2025-05-23 21:03:01,21.0
0.8580,24.2990,0.5120,83.99,1.2460,2025-05-23 21:03:01,21.0
0.8630,24.3520,0.5420,84.23,1.1440,2025-05-23 21:03:01,21.0
0.8860,24.4190,0.4390,84.40,1.2640,2025-05-23 21:03:01,21.0
0.8820,24.3930,0.52,84.05,1.1930,2025-05-23 21:03:01,21.0
0.8980,24.3330,0.5980,84.22,1.1950,2025-05-23 21:03:01,21.0
0.8460,24.3460,0.3740,84.37,1.1540,2025-05-23 21:03:01,21.0
0.87,24.3030,0.8640,84.07,1.1420,2025-05-23 21:03:01,21.0
0.9050,24.4090,0.4270,84.07,1.2920,2025-05-23 21:03:01,21.0
0.8620,24.3140,0.4120,84,1.1670,2025-05-23 21:03:01,21.0
0.8820,24.2750,0.4840,83.4290,1.2020,2025-05-23 21:12:54,22.0
0.8460,24.2050,0.7460,83.6530,1.2660,2025-05-23 21:12:54,22.0
0.8810,24.2180,0.4180,83.8390,1.2380,2025-05-23 21:12:54,22.0
0.86,24.3590,0.4570,83.9580,1.17,2025-05-23 21:12:54,22.0
0.8280,24.1890,0.3430,83.5640,1.1620,2025-05-23 21:12:54,22.0
0.8810,24.3510,0.3790,83.9110,1.1930,2025-05-23 21:12:54,22.0
0.8720,24.2520,0.4890,83.6360,1.2390,2025-05-23 21:12:54,22.0
0.8670,24.3830,0.4360,83.92,1.1510,2025-05-23 21:12:54,22.0
0.8550,24.1710,0.5290,83.9890,1.1690,2025-05-23 21:12:54,22.0
0.89,24.3450,0.3370,84.0660,1.2450,2025-05-23 21:12:54,22.0
0.8570,24.4340,0.6840,83.7580,1.1870,2025-05-23 21:12:54,22.0
0.8710,24.1580,0.38,83.8370,1.2180,2025-05-23 21:12:54,22.0
0.8930,24.2430,0.4240,83.8060,1.2830,2025-05-23 21:12:54,22.0
0.8560,24.2410,0.32,84.1250,1.20,2025-05-23 21:12:54,22.0
0.8580,24.2960,0.3380,84.0110,1.2770,2025-05-23 21:12:54,22.0
0.8610,24.1860,0.4360,83.7490,1.2390,2025-05-23 21:12:54,22.0
0.90,24.2650,0.4640,84.1060,1.2470,2025-05-23 21:12:54,22.0
0.8670,24.24,0.3420,83.8470,1.1760,2025-05-23 21:12:54,22.0
0.8890,24.3030,0.5850,83.9280,1.29,2025-05-23 21:12:54,22.0
0.8670,24.21,0.3410,83.8270,1.2310,2025-05-23 21:12:54,22.0
0.8850,24.2960,0.4510,84.3330,1.2470,2025-05-27 12:56:36,23.0
0.88,24.3890,0.3120,83.6920,1.1390,2025-05-27 12:56:36,23.0
0.8720,24.3450,0.7420,84.0310,1.2090,2025-05-27 12:56:36,23.0
0.9050,24.3640,0.36,83.7370,1.3240,2025-05-27 12:56:36,23.0
0.9190,24.2790,0.5020,83.9270,1.2960,2025-05-27 12:56:36,23.0
0.90,24.2740,0.5150,83.9740,1.2840,2025-05-27 12:56:36,23.0
0.8790,24.2740,0.3440,83.82,1.2430,2025-05-27 12:56:36,23.0
0.8750,24.2020,0.4940,83.7260,1.2090,2025-05-27 12:56:36,23.0
0.8690,24.2510,0.3170,83.6830,1.1620,2025-05-27 12:56:36,23.0
0.8590,24.32,0.3570,83.8650,1.2060,2025-05-27 12:56:36,23.0
0.8730,24.2720,0.3790,83.9650,1.2480,2025-05-27 12:56:36,23.0
0.9360,24.2230,0.4020,83.9360,1.3180,2025-05-27 12:56:36,23.0
0.8780,24.4230,0.4640,83.9670,1.1910,2025-05-27 12:56:36,23.0
0.8650,24.24,0.6690,83.8720,1.20,2025-05-27 12:56:36,23.0
0.8450,24.24,0.3690,84.1020,1.15,2025-05-27 12:56:36,23.0
0.86,24.2740,0.7590,84.3520,1.1970,2025-05-27 12:56:36,23.0
0.8880,24.2960,0.3270,83.8730,1.1760,2025-05-27 12:56:36,23.0
0.8940,24.3670,0.5330,83.9230,1.1840,2025-05-27 12:56:36,23.0
0.8960,24.4180,0.37,83.9020,1.2350,2025-05-27 12:56:36,23.0
0.8540,24.23,0.5070,83.7890,1.1610,2025-05-27 12:56:36,23.0
0.9060,24.4070,0.3890,84.02,1.1870,2025-05-27 12:53:43,24.0
0.8850,24.30,0.4240,83.91,1.3110,2025-05-27 12:53:43,24.0
0.8710,24.3710,0.3870,84.30,1.2590,2025-05-27 12:53:43,24.0
0.8650,24.3560,0.53,84.19,1.1940,2025-05-27 12:53:43,24.0
0.9050,24.3320,0.5880,84.18,1.3060,2025-05-27 12:53:43,24.0
0.8690,24.3170,0.7730,84.33,1.2250,2025-05-27 12:53:43,24.0
0.8620,24.3890,0.8440,84.19,1.1610,2025-05-27 12:53:43,24.0
0.8730,24.3760,0.4470,84.18,1.2640,2025-05-27 12:53:43,24.0
0.8830,24.2530,0.4240,84.23,1.23,2025-05-27 12:53:43,24.0
0.8880,24.31,0.4620,84.19,1.2610,2025-05-27 12:53:43,24.0
0.8590,24.3150,0.53,83.95,1.2070,2025-05-27 12:53:43,24.0
0.8620,24.3750,0.4270,84.22,1.2130,2025-05-27 12:53:43,24.0
0.8840,24.35,0.5830,84.16,1.3020,2025-05-27 12:53:43,24.0
0.8790,24.4280,0.4620,84.11,1.25,2025-05-27 12:53:43,24.0
0.8860,24.2980,0.5770,84.02,1.2770,2025-05-27 12:53:43,24.0
0.8920,24.2810,0.4950,83.97,1.3190,2025-05-27 12:53:43,24.0
0.8790,24.3830,0.4440,84.14,1.1960,2025-05-27 12:53:43,24.0
0.8820,24.3980,0.3320,84.06,1.2020,2025-05-27 12:53:43,24.0
0.8870,24.3930,0.5220,84.16,1.2190,2025-05-27 12:53:43,24.0
0.8680,24.2570,0.3670,83.79,1.2540,2025-05-27 12:53:43,24.0
0.8720,24.3490,0.5550,83.86,1.1830,2025-05-27 12:58:44,25.0
0.8650,24.3420,0.3840,83.92,1.2310,2025-05-27 12:58:44,25.0
0.8640,24.3220,0.51,83.83,1.2070,2025-05-27 12:58:44,25.0
0.8520,24.2940,0.4070,83.38,1.1510,2025-05-27 12:58:44,25.0
0.8610,24.2780,0.4620,83.97,1.3020,2025-05-27 12:58:44,25.0
0.9020,24.36,0.2890,83.88,1.24,2025-05-27 12:58:44,25.0
0.8580,24.3070,0.60,83.82,1.2370,2025-05-27 12:58:44,25.0
0.8830,24.3560,0.4750,83.85,1.2110,2025-05-27 12:58:44,25.0
0.8650,24.3780,0.2440,84.14,1.1740,2025-05-27 12:58:44,25.0
0.8690,24.3040,0.3520,84.11,1.2250,2025-05-27 12:58:44,25.0
0.8720,24.3790,0.4970,83.96,1.2910,2025-05-27 12:58:44,25.0
0.8910,24.3610,0.3840,83.82,1.2990,2025-05-27 12:58:44,25.0
0.8710,24.3010,0.3840,83.98,1.2710,2025-05-27 12:58:44,25.0
0.89,24.3410,0.3210,84,1.2330,2025-05-27 12:58:44,25.0
0.8740,24.3350,0.2540,83.86,1.2880,2025-05-27 12:58:44,25.0
0.8610,24.2850,0.2960,84,1.2580,2025-05-27 12:58:44,25.0
0.8750,24.3230,0.3440,84.38,1.2850,2025-05-27 12:58:44,25.0
0.87,24.3020,0.4420,83.78,1.2660,2025-05-27 12:58:44,25.0
0.8650,24.2350,0.45,83.99,1.34,2025-05-27 12:58:44,25.0
0.9010,24.3120,0.4190,84.01,1.2910,2025-05-27 12:58:44,25.0
0.89,24.2280,0.4260,84.0730,1.2140,2025-05-27 18:41:45,26.0
0.9060,24.3280,0.5740,84.0830,1.2270,2025-05-27 18:41:45,26.0
0.8910,24.4060,0.4770,84.2140,1.2440,2025-05-27 18:41:45,26.0
0.8730,24.2410,0.4490,83.9020,1.2880,2025-05-27 18:41:45,26.0
0.8840,24.23,0.46,83.9350,1.2610,2025-05-27 18:41:45,26.0
0.9020,24.2620,0.6210,83.9940,1.2210,2025-05-27 18:41:45,26.0
0.8570,24.2550,0.5260,83.8520,1.1760,2025-05-27 18:41:45,26.0
0.9290,24.3420,0.5080,84.2090,1.3070,2025-05-27 18:41:45,26.0
0.8910,24.3170,0.6950,84.1680,1.2110,2025-05-27 18:41:45,26.0
0.8860,24.2190,0.37,83.9740,1.1290,2025-05-27 18:41:45,26.0
0.87,24.2620,0.9050,84.3420,1.1880,2025-05-27 18:41:45,26.0
0.89,24.31,0.5380,84.1860,1.2230,2025-05-27 18:41:45,26.0
0.9160,24.2960,0.4360,84.5740,1.2970,2025-05-27 18:41:45,26.0
0.8890,24.3220,0.5510,84.0130,1.26,2025-05-27 18:41:45,26.0
0.8520,24.3840,0.4860,83.9470,1.1340,2025-05-27 18:41:45,26.0
0.89,24.3870,0.5040,84.1040,1.2040,2025-05-27 18:41:45,26.0
0.8880,24.3370,0.5470,84.1040,1.1550,2025-05-27 18:41:45,26.0
0.8770,24.33,0.4260,84.2060,1.2660,2025-05-27 18:41:45,26.0
0.8830,24.3090,0.8090,84.13,1.1810,2025-05-27 18:41:45,26.0
0.88,24.2950,0.5020,84.1050,1.2470,2025-05-27 18:41:45,26.0
0.8520,24.2760,0.6170,83.89,1.1480,2025-05-27 18:46:46,27.0
0.8650,24.2660,0.3710,84.0890,1.2110,2025-05-27 18:46:46,27.0
0.8750,24.3240,0.5110,84.14,1.21,2025-05-27 18:46:46,27.0
0.8550,24.2810,0.4660,83.9150,1.1520,2025-05-27 18:46:46,27.0
0.8650,24.3450,0.2890,84.1460,1.1570,2025-05-27 18:46:46,27.0
0.8370,24.2720,0.2820,83.9230,1.1560,2025-05-27 18:46:46,27.0
0.8610,24.2570,0.3990,84.06,1.2630,2025-05-27 18:46:46,27.0
0.84,24.2320,0.6130,83.5910,1.1840,2025-05-27 18:46:46,27.0
0.8920,24.35,0.5390,83.8210,1.2580,2025-05-27 18:46:46,27.0
0.8910,24.2670,0.3490,83.9210,1.2340,2025-05-27 18:46:46,27.0
0.84,24.3180,0.3030,84.4690,1.1520,2025-05-27 18:46:46,27.0
0.86,24.2030,0.48,83.7270,1.1890,2025-05-27 18:46:46,27.0
0.8930,24.3790,0.64,83.7860,1.2180,2025-05-27 18:46:46,27.0
0.8710,24.3760,0.3210,83.8060,1.1020,2025-05-27 18:46:46,27.0
0.8770,24.3690,0.4350,83.9720,1.2170,2025-05-27 18:46:46,27.0
0.8750,24.3740,0.3980,83.9770,1.2390,2025-05-27 18:46:46,27.0
0.8630,24.2150,0.5470,84.1740,1.1770,2025-05-27 18:46:46,27.0
0.8590,24.4110,0.6170,83.9810,1.1860,2025-05-27 18:46:46,27.0
0.8960,24.2680,0.3060,83.8520,1.2180,2025-05-27 18:46:46,27.0
0.8630,24.2570,0.4130,84.15,1.2240,2025-05-27 18:46:46,27.0
0.8660,24.3440,0.33,84.2910,1.1540,2025-05-27 18:51:47,28.0
0.8810,24.3610,0.5060,84.3850,1.1680,2025-05-27 18:51:47,28.0
0.8990,24.4020,0.3610,84.18,1.2370,2025-05-27 18:51:47,28.0
0.8920,24.2730,0.3730,84.0460,1.1720,2025-05-27 18:51:47,28.0
0.8960,24.3390,0.4430,84.2550,1.2160,2025-05-27 18:51:47,28.0
0.8840,24.2210,0.6190,83.8870,1.2180,2025-05-27 18:51:47,28.0
0.8660,24.2210,0.71,83.8550,1.2280,2025-05-27 18:51:47,28.0
0.89,24.2350,0.3720,84.1120,1.30,2025-05-27 18:51:47,28.0
0.8680,24.3930,0.5860,84.1060,1.1790,2025-05-27 18:51:47,28.0
0.8710,24.2240,0.3090,83.9750,1.2060,2025-05-27 18:51:47,28.0
0.8650,24.2980,0.3240,83.6650,1.2180,2025-05-27 18:51:47,28.0
0.8940,24.3610,0.5120,83.9750,1.2160,2025-05-27 18:51:47,28.0
0.89,24.4290,0.5520,84.2490,1.26,2025-05-27 18:51:47,28.0
0.8630,24.1390,0.3920,83.8710,1.2790,2025-05-27 18:51:47,28.0
0.8650,24.2520,0.4520,84.2010,1.15,2025-05-27 18:51:47,28.0
0.8910,24.1780,0.3890,83.8020,1.2910,2025-05-27 18:51:47,28.0
0.8820,24.3790,0.4360,84.3440,1.2610,2025-05-27 18:51:47,28.0
0.8870,24.1910,0.40,84.0160,1.2960,2025-05-27 18:51:47,28.0
0.86,24.3230,0.4450,83.9270,1.1920,2025-05-27 18:51:47,28.0
0.8720,24.3930,0.64,84.1510,1.2540,2025-05-27 18:51:47,28.0
0.8690,24.3560,0.2940,84.16,1.0980,2025-06-11 19:41:58,29.0
0.9040,24.2820,0.7810,84.31,1.2610,2025-06-11 19:41:58,29.0
0.8460,24.2960,0.3260,84.21,1.2020,2025-06-11 19:41:58,29.0
0.8890,24.3050,0.3640,84.24,1.27,2025-06-11 19:41:58,29.0
0.8860,24.3110,0.2860,84.03,1.2930,2025-06-11 19:41:58,29.0
0.8720,24.4870,0.3990,84.09,1.2470,2025-06-11 19:41:58,29.0
0.8610,24.4120,0.3820,84.05,1.2570,2025-06-11 19:41:58,29.0
0.8670,24.3780,0.5420,84.12,1.22,2025-06-11 19:41:58,29.0
0.8720,24.2660,0.6730,84.06,1.21,2025-06-11 19:41:58,29.0
0.9090,24.29,0.3490,84.29,1.2130,2025-06-11 19:41:58,29.0
0.8850,24.3670,0.5570,84.23,1.1930,2025-06-11 19:41:58,29.0
0.9130,24.2980,0.3970,84.45,1.3430,2025-06-11 19:41:58,29.0
0.8630,24.3220,0.53,84.37,1.2750,2025-06-11 19:41:58,29.0
0.86,24.3510,0.5750,84.17,1.0760,2025-06-11 19:41:58,29.0
0.8930,24.3230,0.3640,84,1.2070,2025-06-11 19:41:58,29.0
0.8920,24.3070,0.47,84.24,1.2090,2025-06-11 19:41:58,29.0
0.8830,24.3470,0.3870,84.22,1.2430,2025-06-11 19:41:58,29.0
0.87,24.3680,0.5020,84.17,1.2280,2025-06-11 19:41:58,29.0
0.8870,24.33,0.7680,83.98,1.2980,2025-06-11 19:41:58,29.0
0.8760,24.3610,0.3790,84.19,1.2270,2025-06-11 19:41:58,29.0
0.8990,24.3140,0.4670,84.16,1.2440,2025-06-11 19:46:59,30.0
0.8740,24.3330,0.4120,84.17,1.1890,2025-06-11 19:46:59,30.0
0.8810,24.3360,0.4920,84.52,1.2360,2025-06-11 19:46:59,30.0
0.9040,24.3060,0.2840,84.01,1.1960,2025-06-11 19:46:59,30.0
0.8760,24.2190,0.3090,84.13,1.2110,2025-06-11 19:46:59,30.0
0.8920,24.3320,0.4190,83.86,1.2490,2025-06-11 19:46:59,30.0
0.8990,24.3770,0.2110,84.19,1.2660,2025-06-11 19:46:59,30.0
0.8930,24.3930,0.2460,84.17,1.1940,2025-06-11 19:46:59,30.0
0.8740,24.2660,0.54,84.50,1.1660,2025-06-11 19:46:59,30.0
0.8780,24.2990,0.2110,84.18,1.2170,2025-06-11 19:46:59,30.0
0.8870,24.3840,0.4420,84.17,1.1580,2025-06-11 19:46:59,30.0
0.8880,24.27,0.5670,84.05,1.2580,2025-06-11 19:46:59,30.0
0.8550,24.3130,0.48,84.19,1.1560,2025-06-11 19:46:59,30.0
0.8980,24.3580,0.7480,84.21,1.21,2025-06-11 19:46:59,30.0
0.8750,24.37,0.3890,84.07,1.1950,2025-06-11 19:46:59,30.0
0.8770,24.3050,0.5520,84.17,1.1660,2025-06-11 19:46:59,30.0
0.8880,24.3120,0.54,83.91,1.2570,2025-06-11 19:46:59,30.0
0.89,24.3640,0.7080,83.99,1.2650,2025-06-11 19:46:59,30.0
0.9010,24.3960,0.3440,84.10,1.26,2025-06-11 19:46:59,30.0
0.8550,24.2720,0.2710,84.18,1.1760,2025-06-11 19:46:59,30.0
0.8770,24.36,0.3920,83.91,1.2140,2025-06-11 19:52:00,31.0
0.8850,24.3130,0.3670,84.10,1.2930,2025-06-11 19:52:00,31.0
0.9030,24.4240,0.5980,84,1.2860,2025-06-11 19:52:00,31.0
0.9120,24.3780,0.5350,84.04,1.2850,2025-06-11 19:52:00,31.0
0.8720,24.41,0.4070,83.89,1.2270,2025-06-11 19:52:00,31.0
0.8850,24.2660,0.7680,84.04,1.2580,2025-06-11 19:52:00,31.0
0.8710,24.31,0.3390,84.16,1.1850,2025-06-11 19:52:00,31.0
0.9060,24.3420,0.4670,83.73,1.2830,2025-06-11 19:52:00,31.0
0.9090,24.4360,0.3990,83.99,1.1870,2025-06-11 19:52:00,31.0
0.8640,24.3240,0.3260,84.12,1.1730,2025-06-11 19:52:00,31.0
0.8730,24.3420,0.4420,83.97,1.2320,2025-06-11 19:52:00,31.0
0.8830,24.2650,0.4370,84.01,1.1860,2025-06-11 19:52:00,31.0
0.8990,24.3760,0.3670,84.27,1.2990,2025-06-11 19:52:00,31.0
0.8610,24.2980,0.47,83.71,1.2320,2025-06-11 19:52:00,31.0
0.8930,24.3240,0.7330,83.93,1.2090,2025-06-11 19:52:00,31.0
0.9070,24.31,0.2610,83.98,1.2430,2025-06-11 19:52:00,31.0
0.9010,24.3220,0.51,83.97,1.27,2025-06-11 19:52:00,31.0
0.91,24.3180,0.3010,84.05,1.2360,2025-06-11 19:52:00,31.0
0.8960,24.3210,0.4070,83.90,1.2320,2025-06-11 19:52:00,31.0
0.8660,24.3130,0.5220,84.05,1.1140,2025-06-11 19:52:00,31.0
0.8950,24.3840,0.4770,84.07,1.2680,2025-06-11 21:07:08,32.0
0.8450,24.3230,0.4720,84.43,1.1810,2025-06-11 21:07:08,32.0
0.85,24.2850,0.7180,83.86,1.1780,2025-06-11 21:07:08,32.0
0.8820,24.2920,0.4420,84.02,1.2760,2025-06-11 21:07:08,32.0
0.9020,24.2960,0.3540,84.22,1.1810,2025-06-11 21:07:08,32.0
0.87,24.3730,0.4170,84.25,1.2020,2025-06-11 21:07:08,32.0
0.8640,24.3460,0.4420,84.39,1.2250,2025-06-11 21:07:08,32.0
0.9080,24.3350,0.4470,84.18,1.2090,2025-06-11 21:07:08,32.0
0.8880,24.3560,0.61,84.28,1.1830,2025-06-11 21:07:08,32.0
0.90,24.3010,0.5420,84.22,1.1670,2025-06-11 21:07:08,32.0
0.8970,24.3170,0.3790,84.17,1.3920,2025-06-11 21:07:08,32.0
0.8880,24.2580,0.5370,83.94,1.3020,2025-06-11 21:07:08,32.0
0.9060,24.3280,0.7360,84.38,1.2470,2025-06-11 21:07:08,32.0
0.8810,24.3390,0.5830,84.30,1.2710,2025-06-11 21:07:08,32.0
0.8720,24.3560,0.3570,84.33,1.1930,2025-06-11 21:07:08,32.0
0.8960,24.3090,0.5450,84.27,1.1680,2025-06-11 21:07:08,32.0
0.8780,24.35,0.4590,84.05,1.1680,2025-06-11 21:07:08,32.0
0.8490,24.29,0.8660,83.84,1.2150,2025-06-11 21:07:08,32.0
0.85,24.3490,0.4870,84.24,1.1440,2025-06-11 21:07:08,32.0
0.8820,24.36,0.3890,84.17,1.2580,2025-06-11 21:07:08,32.0
0.8810,24.3830,0.3670,84.30,1.2450,2025-06-11 21:12:09,33.0
0.8730,24.3540,0.4370,84.18,1.1950,2025-06-11 21:12:09,33.0
0.8950,24.2880,0.5220,84.38,1.2770,2025-06-11 21:12:09,33.0
0.8760,24.3820,0.59,84.14,1.2150,2025-06-11 21:12:09,33.0
0.8880,24.3680,0.3290,84.09,1.2260,2025-06-11 21:12:09,33.0
0.8680,24.2320,0.3590,84.37,1.1950,2025-06-11 21:12:09,33.0
0.8980,24.3520,0.4290,84.02,1.2440,2025-06-11 21:12:09,33.0
0.9060,24.3560,0.4220,84.15,1.2980,2025-06-11 21:12:09,33.0
0.8660,24.3490,0.3370,84.21,1.2510,2025-06-11 21:12:09,33.0
0.8370,24.2880,0.7360,84.08,1.2040,2025-06-11 21:12:09,33.0
0.8680,24.2310,0.4490,84.09,1.1910,2025-06-11 21:12:09,33.0
0.8830,24.3910,0.4240,84.12,1.20,2025-06-11 21:12:09,33.0
0.8490,24.2260,0.5450,84.23,1.2510,2025-06-11 21:12:09,33.0
0.8540,24.2770,0.4550,84.21,1.1950,2025-06-11 21:12:09,33.0
0.8610,24.2930,0.4490,84.15,1.2590,2025-06-11 21:12:09,33.0
0.8680,24.3040,0.6180,84,1.2330,2025-06-11 21:12:09,33.0
0.8680,24.3380,0.50,83.97,1.26,2025-06-11 21:12:09,33.0
0.8780,24.3580,0.2390,84.07,1.2150,2025-06-11 21:12:09,33.0
0.8660,24.1990,0.6930,84.09,1.2930,2025-06-11 21:12:09,33.0
0.8680,24.2610,0.48,84.13,1.25,2025-06-11 21:12:09,33.0
0.8760,24.3580,0.48,83.81,1.2080,2025-06-11 21:17:11,34.0
0.8940,24.3170,0.3990,84.03,1.2890,2025-06-11 21:17:11,34.0
0.9090,24.3440,0.4950,84.16,1.2830,2025-06-11 21:17:11,34.0
0.90,24.4030,0.4670,84.09,1.1860,2025-06-11 21:17:11,34.0
0.8760,24.3620,0.3090,84.16,1.1930,2025-06-11 21:17:11,34.0
0.8450,24.3160,0.3090,84.03,1.1410,2025-06-11 21:17:11,34.0
0.87,24.3770,0.2790,84.03,1.1450,2025-06-11 21:17:11,34.0
0.9060,24.2650,0.3790,84.13,1.2860,2025-06-11 21:17:11,34.0
0.8750,24.3330,0.4090,83.84,1.2580,2025-06-11 21:17:11,34.0
0.8310,24.3640,0.5020,83.84,1.2040,2025-06-11 21:17:11,34.0
0.8660,24.2860,0.4640,84.03,1.1520,2025-06-11 21:17:11,34.0
0.8880,24.3690,0.4820,84.24,1.2550,2025-06-11 21:17:11,34.0
0.8560,24.1890,0.4470,84.21,1.2020,2025-06-11 21:17:11,34.0
0.8920,24.3360,0.7330,83.91,1.1690,2025-06-11 21:17:11,34.0
0.8860,24.2340,0.2910,84.31,1.2570,2025-06-11 21:17:11,34.0
0.8980,24.2990,0.3110,83.98,1.2170,2025-06-11 21:17:11,34.0
0.8890,24.2730,0.5980,84.11,1.2440,2025-06-11 21:17:11,34.0
0.8840,24.3580,0.3040,83.85,1.2020,2025-06-11 21:17:11,34.0
0.83,24.2590,0.5920,84,1.1330,2025-06-11 21:17:11,34.0
0.89,24.3270,0.2710,83.87,1.2940,2025-06-11 21:17:11,34.0
0.9170,24.3560,0.6950,84.3660,1.2820,2025-06-12 10:45:50,35.0
0.9150,24.3860,0.5030,84.0640,1.2120,2025-06-12 10:45:50,35.0
0.86,24.2880,0.5470,84.0020,1.2270,2025-06-12 10:45:50,35.0
0.88,24.3950,0.6090,83.9980,1.2370,2025-06-12 10:45:50,35.0
0.8810,24.3460,0.4430,84.0130,1.1860,2025-06-12 10:45:50,35.0
0.8960,24.3330,0.4190,84.1470,1.16,2025-06-12 10:45:50,35.0
0.8830,24.3770,0.40,83.8940,1.2090,2025-06-12 10:45:50,35.0
0.8860,24.2630,0.5230,83.9410,1.2110,2025-06-12 10:45:50,35.0
0.8960,24.4220,0.48,84.2720,1.2120,2025-06-12 10:45:50,35.0
0.9010,24.3650,0.3830,84.0880,1.1480,2025-06-12 10:45:50,35.0
0.8890,24.3910,0.3780,83.9460,1.1920,2025-06-12 10:45:50,35.0
0.8570,24.3070,0.4230,84.1460,1.1920,2025-06-12 10:45:50,35.0
0.8680,24.2650,0.6840,83.9940,1.1540,2025-06-12 10:45:50,35.0
0.9050,24.4480,0.7140,83.9930,1.1760,2025-06-12 10:45:50,35.0
0.8850,24.3590,0.5130,83.9830,1.1550,2025-06-12 10:45:50,35.0
0.8620,24.42,0.6460,84.0650,1.2240,2025-06-12 10:45:50,35.0
0.8860,24.3560,0.55,84.0470,1.1440,2025-06-12 10:45:50,35.0
0.8760,24.3890,0.4270,84.2330,1.24,2025-06-12 10:45:50,35.0
0.8890,24.31,0.3910,84.3470,1.2310,2025-06-12 10:45:50,35.0
0.8640,24.3470,0.5240,84.0450,1.1440,2025-06-12 10:45:50,35.0
0.8960,24.3320,0.7490,84.22,1.1470,2025-06-12 10:55:51,36.0
0.8910,24.3950,0.5010,84.1920,1.1810,2025-06-12 10:55:51,36.0
0.87,24.4120,0.4490,84,1.1550,2025-06-12 10:55:51,36.0
0.8750,24.3010,0.4950,83.8730,1.1810,2025-06-12 10:55:51,36.0
0.88,24.3960,0.4250,84.1240,1.2180,2025-06-12 10:55:51,36.0
0.89,24.3980,0.49,84.0950,1.2420,2025-06-12 10:55:51,36.0
0.8870,24.4390,0.4840,84.35,1.18,2025-06-12 10:55:51,36.0
0.8970,24.3920,0.2850,83.8340,1.2620,2025-06-12 10:55:51,36.0
0.8990,24.3640,0.36,83.8430,1.2630,2025-06-12 10:55:51,36.0
0.8730,24.2850,0.64,83.9070,1.1220,2025-06-12 10:55:51,36.0
0.8970,24.3870,0.4340,84.0620,1.2020,2025-06-12 10:55:51,36.0
0.8890,24.3320,0.4030,84.3590,1.1210,2025-06-12 10:55:51,36.0
0.8790,24.2980,0.4340,84.3890,1.1890,2025-06-12 10:55:51,36.0
0.8760,24.4250,0.6590,84.0320,1.2240,2025-06-12 10:55:51,36.0
0.8690,24.2680,0.5440,84.1130,1.1640,2025-06-12 10:55:51,36.0
0.8790,24.3650,0.3290,83.8330,1.2290,2025-06-12 10:55:51,36.0
0.8710,24.2680,0.5840,83.8730,1.1980,2025-06-12 10:55:51,36.0
0.8710,24.3150,0.4160,84.2620,1.2050,2025-06-12 10:55:51,36.0
0.90,24.3480,0.2620,83.8940,1.2220,2025-06-12 10:55:51,36.0
0.8870,24.3530,0.3840,84.2330,1.27,2025-06-12 10:55:51,36.0
0.8810,24.3040,0.3210,83.85,1.2420,2025-06-12 11:00:52,37.0
0.9140,24.2190,0.4040,84.09,1.2460,2025-06-12 11:00:52,37.0
0.87,24.3420,0.3170,84.0320,1.2250,2025-06-12 11:00:52,37.0
0.8520,24.3620,0.4710,83.5990,1.1740,2025-06-12 11:00:52,37.0
0.8720,24.3130,0.3850,84.0530,1.2170,2025-06-12 11:00:52,37.0
0.8590,24.2820,0.4560,83.9230,1.18,2025-06-12 11:00:52,37.0
0.8650,24.3880,0.57,83.8860,1.1820,2025-06-12 11:00:52,37.0
0.87,24.3090,0.2360,83.6970,1.2030,2025-06-12 11:00:52,37.0
0.8450,24.2770,0.4150,83.7740,1.1610,2025-06-12 11:00:52,37.0
0.8590,24.2560,0.6330,83.90,1.2350,2025-06-12 11:00:52,37.0
0.8420,24.4450,0.3180,83.9930,1.1360,2025-06-12 11:00:52,37.0
0.8580,24.1850,0.30,83.72,1.2360,2025-06-12 11:00:52,37.0
0.8680,24.2310,0.4190,83.9520,1.1970,2025-06-12 11:00:52,37.0
0.8510,24.3270,0.3560,83.6270,1.1870,2025-06-12 11:00:52,37.0
0.8870,24.3840,0.3670,83.7850,1.18,2025-06-12 11:00:52,37.0
0.8760,24.4530,0.3480,83.7450,1.1860,2025-06-12 11:00:52,37.0
0.8250,24.3440,0.2320,83.9630,1.2130,2025-06-12 11:00:52,37.0
0.89,24.3590,0.4360,83.89,1.18,2025-06-12 11:00:52,37.0
0.8870,24.3860,0.6030,83.6720,1.2240,2025-06-12 11:00:52,37.0
0.8650,24.3490,0.72,83.7380,1.2190,2025-06-12 11:00:52,37.0
0.8810,24.3310,0.4370,83.9810,1.29,2025-06-12 12:50:58,38.0
0.8530,24.39,0.3540,83.8330,1.1690,2025-06-12 12:50:58,38.0
0.8670,24.3450,0.4120,84.1750,1.2220,2025-06-12 12:50:58,38.0
0.8720,24.2090,0.67,84.0110,1.2080,2025-06-12 12:50:58,38.0
0.9030,24.3240,0.4990,83.9790,1.2220,2025-06-12 12:50:58,38.0
0.85,24.3070,0.48,84.1460,1.1190,2025-06-12 12:50:58,38.0
0.8810,24.3870,0.3080,84.0750,1.20,2025-06-12 12:50:58,38.0
0.8940,24.4210,0.5130,84.1660,1.2610,2025-06-12 12:50:58,38.0
0.9260,24.3970,0.5840,84.2470,1.2220,2025-06-12 12:50:58,38.0
0.8560,24.4520,0.5130,84.1190,1.1850,2025-06-12 12:50:58,38.0
0.8740,24.3620,0.2880,83.9580,1.1570,2025-06-12 12:50:58,38.0
0.8810,24.4750,0.5360,83.8480,1.1390,2025-06-12 12:50:58,38.0
0.8050,24.26,1.0030,84.1660,1.0990,2025-06-12 12:50:58,38.0
0.8940,24.3550,0.4470,84.0070,1.23,2025-06-12 12:50:58,38.0
0.8880,24.3460,0.3730,84.06,1.2720,2025-06-12 12:50:58,38.0
0.90,24.41,0.4020,83.8480,1.20,2025-06-12 12:50:58,38.0
0.8710,24.3870,0.3170,84.03,1.1910,2025-06-12 12:50:58,38.0
0.87,24.3210,0.5180,84.0020,1.1320,2025-06-12 12:50:58,38.0
0.8820,24.3590,0.5190,84.1750,1.1380,2025-06-12 12:50:58,38.0
0.8630,24.4610,0.5710,83.8540,1.1060,2025-06-12 12:50:58,38.0
0.8930,24.2810,0.5950,84.0670,1.1950,2025-06-12 12:55:59,39.0
0.8870,24.2760,0.34,84.25,1.2270,2025-06-12 12:55:59,39.0
0.8770,24.2490,0.5270,84.2010,1.2170,2025-06-12 12:55:59,39.0
0.88,24.4540,0.8190,84.0210,1.1750,2025-06-12 12:55:59,39.0
0.8680,24.3620,0.6260,84.0410,1.2060,2025-06-12 12:55:59,39.0
0.8790,24.3030,0.4730,83.9950,1.2690,2025-06-12 12:55:59,39.0
0.89,24.3470,0.4250,84.1510,1.2280,2025-06-12 12:55:59,39.0
0.8920,24.28,0.43,84.1470,1.2450,2025-06-12 12:55:59,39.0
0.8920,24.2850,0.2930,84.2050,1.2690,2025-06-12 12:55:59,39.0
0.8770,24.3190,0.4770,84.24,1.1720,2025-06-12 12:55:59,39.0
0.8740,24.3460,0.3730,84.1540,1.2530,2025-06-12 12:55:59,39.0
0.8680,24.2480,0.3860,83.9850,1.1770,2025-06-12 12:55:59,39.0
0.8660,24.3690,0.47,84.1390,1.1390,2025-06-12 12:55:59,39.0
0.9170,24.3960,0.4750,84.1740,1.2380,2025-06-12 12:55:59,39.0
0.8680,24.3390,0.4990,84.3220,1.1310,2025-06-12 12:55:59,39.0
0.8920,24.2960,0.4110,84.1050,1.2130,2025-06-12 12:55:59,39.0
0.9050,24.32,0.3660,84.2310,1.2340,2025-06-12 12:55:59,39.0
0.88,24.3510,0.4390,84.1980,1.2150,2025-06-12 12:55:59,39.0
0.8830,24.3080,0.3730,84.1830,1.15,2025-06-12 12:55:59,39.0
0.9020,24.3730,0.6590,84.1540,1.1660,2025-06-12 12:55:59,39.0
0.9170,24.5340,0.3320,83.8630,1.2150,2025-06-12 13:01:00,40.0
0.8720,24.3340,0.4420,84.1540,1.1470,2025-06-12 13:01:00,40.0
0.8870,24.4530,0.85,83.8380,1.23,2025-06-12 13:01:00,40.0
0.8830,24.3570,0.3950,83.8030,1.2440,2025-06-12 13:01:00,40.0
0.8930,24.3730,0.4760,83.6610,1.1910,2025-06-12 13:01:00,40.0
0.8680,24.4190,0.24,83.6940,1.1290,2025-06-12 13:01:00,40.0
0.8860,24.3370,0.33,83.8390,1.2050,2025-06-12 13:01:00,40.0
0.8990,24.2580,0.56,83.98,1.2240,2025-06-12 13:01:00,40.0
0.8580,24.2540,0.3620,83.9150,1.2050,2025-06-12 13:01:00,40.0
0.8810,24.3570,0.3860,84.0090,1.2160,2025-06-12 13:01:00,40.0
0.8710,24.3850,0.50,84.1260,1.1240,2025-06-12 13:01:00,40.0
0.8760,24.41,0.4820,83.7880,1.2680,2025-06-12 13:01:00,40.0
0.8850,24.3690,0.2650,83.6220,1.2530,2025-06-12 13:01:00,40.0
0.8920,24.25,0.4150,83.8550,1.1990,2025-06-12 13:01:00,40.0
0.8690,24.2910,0.5790,83.5530,1.2210,2025-06-12 13:01:00,40.0
0.8970,24.2510,0.2120,84.0510,1.2240,2025-06-12 13:01:00,40.0
0.8650,24.3410,0.2990,83.76,1.17,2025-06-12 13:01:00,40.0
0.8540,24.3210,0.7320,83.6440,1.2440,2025-06-12 13:01:00,40.0
0.8890,24.2720,0.3830,84.1240,1.2140,2025-06-12 13:01:00,40.0
0.8640,24.2380,0.5270,83.9850,1.1550,2025-06-12 13:01:00,40.0
0.8910,24.31,0.5220,84.05,1.1840,2025-06-12 18:59:14,41.0
0.8810,24.3490,0.4850,84.17,1.1750,2025-06-12 18:59:14,41.0
0.8740,24.3130,0.3470,83.96,1.2710,2025-06-12 18:59:14,41.0
0.9130,24.3150,0.54,83.97,1.3020,2025-06-12 18:59:14,41.0
0.9020,24.2980,0.8890,84.18,1.2790,2025-06-12 18:59:14,41.0
0.9190,24.2910,0.7310,84.17,1.2990,2025-06-12 18:59:14,41.0
0.8680,24.3270,0.5620,83.86,1.3230,2025-06-12 18:59:14,41.0
0.8550,24.3280,0.4950,84.25,1.1980,2025-06-12 18:59:14,41.0
0.8730,24.2870,0.4750,84.04,1.3320,2025-06-12 18:59:14,41.0
0.8590,24.3540,0.49,83.89,1.2250,2025-06-12 18:59:14,41.0
0.8950,24.3150,0.65,84.16,1.28,2025-06-12 18:59:14,41.0
0.8790,24.3260,0.5850,83.83,1.1920,2025-06-12 18:59:14,41.0
0.9290,24.3390,0.3690,84.19,1.2990,2025-06-12 18:59:14,41.0
0.8710,24.2850,0.4590,83.95,1.2510,2025-06-12 18:59:14,41.0
0.8850,24.2960,0.4220,83.98,1.2290,2025-06-12 18:59:14,41.0
0.8760,24.3170,0.5220,84.17,1.2060,2025-06-12 18:59:14,41.0
0.8630,24.2820,0.4840,84.17,1.1950,2025-06-12 18:59:14,41.0
0.8640,24.4090,0.2340,84,1.13,2025-06-12 18:59:14,41.0
0.88,24.4330,0.3670,84.29,1.2110,2025-06-12 18:59:14,41.0
0.9080,24.2950,0.4820,84.09,1.2520,2025-06-12 18:59:14,41.0
0.8880,24.3070,0.3440,84.26,1.2760,2025-06-12 19:04:15,42.0
0.8830,24.3010,0.4550,84.05,1.2840,2025-06-12 19:04:15,42.0
0.8990,24.2540,0.3670,83.88,1.2730,2025-06-12 19:04:15,42.0
0.91,24.3260,0.4270,84.37,1.2990,2025-06-12 19:04:15,42.0
0.8790,24.31,0.3540,84.11,1.2110,2025-06-12 19:04:15,42.0
0.8960,24.3720,0.3920,83.98,1.2570,2025-06-12 19:04:15,42.0
0.9020,24.3370,0.60,84.31,1.32,2025-06-12 19:04:15,42.0
0.8620,24.2770,0.5220,84.14,1.2060,2025-06-12 19:04:15,42.0
0.8830,24.2570,0.7990,84.20,1.2350,2025-06-12 19:04:15,42.0
0.9030,24.27,0.5150,84.20,1.2820,2025-06-12 19:04:15,42.0
0.9080,24.2770,0.47,84.18,1.3420,2025-06-12 19:04:15,42.0
0.8780,24.3240,0.5370,83.90,1.2790,2025-06-12 19:04:15,42.0
0.8930,24.38,0.2540,84.52,1.2010,2025-06-12 19:04:15,42.0
0.8430,24.2740,0.59,83.89,1.12,2025-06-12 19:04:15,42.0
0.9230,24.3460,0.3940,83.92,1.3330,2025-06-12 19:04:15,42.0
0.8980,24.3060,0.2910,84.16,1.3360,2025-06-12 19:04:15,42.0
0.8990,24.3350,0.4490,84.11,1.2840,2025-06-12 19:04:15,42.0
0.8710,24.3150,0.3890,84.39,1.1970,2025-06-12 19:04:15,42.0
0.8660,24.2680,0.6910,84.07,1.2320,2025-06-12 19:04:15,42.0
0.8470,24.20,0.4720,84.17,1.19,2025-06-12 19:04:15,42.0
0.8670,24.3810,0.5020,83.88,1.2240,2025-06-12 19:09:17,43.0
0.8760,24.2730,0.7060,83.89,1.2570,2025-06-12 19:09:17,43.0
0.8930,24.44,0.3060,83.87,1.2020,2025-06-12 19:09:17,43.0
0.9050,24.2940,0.4770,84.03,1.2070,2025-06-12 19:09:17,43.0
0.8870,24.3090,0.3040,83.94,1.25,2025-06-12 19:09:17,43.0
0.8830,24.3430,0.2610,84.15,1.3220,2025-06-12 19:09:17,43.0
0.8870,24.36,0.4390,84.19,1.3640,2025-06-12 19:09:17,43.0
0.8850,24.2970,0.3370,84.17,1.2910,2025-06-12 19:09:17,43.0
0.88,24.4120,0.3210,84.18,1.2290,2025-06-12 19:09:17,43.0
0.8950,24.4020,0.3260,83.66,1.2370,2025-06-12 19:09:17,43.0
0.91,24.4140,0.3690,84.15,1.3090,2025-06-12 19:09:17,43.0
0.89,24.3430,0.6030,84.20,1.3140,2025-06-12 19:09:17,43.0
0.8630,24.3470,0.3290,83.97,1.1950,2025-06-12 19:09:17,43.0
0.8740,24.3850,0.2210,84.18,1.2280,2025-06-12 19:09:17,43.0
0.8920,24.3450,0.3820,84.10,1.2740,2025-06-12 19:09:17,43.0
0.8960,24.4210,0.47,83.69,1.2860,2025-06-12 19:09:17,43.0
0.8640,24.3460,0.3520,83.99,1.19,2025-06-12 19:09:17,43.0
0.86,24.4190,0.53,84.16,1.2490,2025-06-12 19:09:17,43.0
0.9110,24.3740,0.2990,84.18,1.3530,2025-06-12 19:09:17,43.0
0.8630,24.3450,0.5770,84.17,1.2620,2025-06-12 19:09:17,43.0
0.8660,24.4020,0.4120,84.39,1.2610,2025-06-12 21:09:24,44.0
0.8870,24.3360,0.3310,84.38,1.2670,2025-06-12 21:09:24,44.0
0.8780,24.29,0.5570,83.89,1.3160,2025-06-12 21:09:24,44.0
0.8970,24.3280,0.5320,84.04,1.3050,2025-06-12 21:09:24,44.0
0.8910,24.3090,0.4240,84.13,1.3190,2025-06-12 21:09:24,44.0
0.8830,24.2880,0.4190,84.17,1.3310,2025-06-12 21:09:24,44.0
0.8850,24.3410,0.5550,84.35,1.2830,2025-06-12 21:09:24,44.0
0.8590,24.2670,0.5980,84.04,1.2880,2025-06-12 21:09:24,44.0
0.8840,24.3190,0.4090,84.36,1.2480,2025-06-12 21:09:24,44.0
0.87,24.2860,0.5520,83.97,1.2540,2025-06-12 21:09:24,44.0
0.8850,24.3520,0.4670,83.91,1.2070,2025-06-12 21:09:24,44.0
0.9060,24.3140,0.2660,84.27,1.2450,2025-06-12 21:09:24,44.0
0.9010,24.2620,0.4620,84.05,1.30,2025-06-12 21:09:24,44.0
0.8780,24.3210,0.4340,84.02,1.2810,2025-06-12 21:09:24,44.0
0.8670,24.2760,0.5630,84.05,1.2450,2025-06-12 21:09:24,44.0
0.8560,24.3660,0.3770,84.24,1.2730,2025-06-12 21:09:24,44.0
0.8790,24.2770,0.5120,83.98,1.2920,2025-06-12 21:09:24,44.0
0.8740,24.2780,0.6680,83.98,1.3740,2025-06-12 21:09:24,44.0
0.8730,24.2910,0.5470,83.98,1.2540,2025-06-12 21:09:24,44.0
0.8880,24.3060,0.4140,84.03,1.3080,2025-06-12 21:09:24,44.0
0.8690,24.2780,0.3540,84.58,1.2790,2025-06-12 21:14:25,45.0
0.8920,24.3390,0.3060,84.04,1.3150,2025-06-12 21:14:25,45.0
0.8740,24.3690,0.4490,84.05,1.2940,2025-06-12 21:14:25,45.0
0.8940,24.3320,0.4970,84.12,1.2880,2025-06-12 21:14:25,45.0
0.8980,24.3880,0.3520,84.18,1.25,2025-06-12 21:14:25,45.0
0.8780,24.3090,0.4590,83.88,1.2820,2025-06-12 21:14:25,45.0
0.8470,24.24,0.4440,84.15,1.1890,2025-06-12 21:14:25,45.0
0.9170,24.3370,0.4750,84.06,1.2330,2025-06-12 21:14:25,45.0
0.8890,24.3230,0.2690,83.98,1.34,2025-06-12 21:14:25,45.0
0.8920,24.2870,0.5830,84.10,1.3050,2025-06-12 21:14:25,45.0
0.9060,24.3640,0.3260,84.12,1.3270,2025-06-12 21:14:25,45.0
0.8720,24.2680,0.7060,84.24,1.2710,2025-06-12 21:14:25,45.0
0.8630,24.3390,0.3740,84.14,1.2650,2025-06-12 21:14:25,45.0
0.8610,24.3250,0.5350,84.32,1.2860,2025-06-12 21:14:25,45.0
0.8990,24.2860,0.3820,84.20,1.2840,2025-06-12 21:14:25,45.0
0.8570,24.2610,0.2910,84.12,1.2170,2025-06-12 21:14:25,45.0
0.8810,24.29,0.4270,84.19,1.3210,2025-06-12 21:14:25,45.0
0.8570,24.25,0.6230,84.18,1.1660,2025-06-12 21:14:25,45.0
0.8470,24.2720,0.50,84.18,1.2190,2025-06-12 21:14:25,45.0
0.8680,24.3170,0.52,84.05,1.2570,2025-06-12 21:14:25,45.0
0.8990,24.3060,0.4570,83.77,1.23,2025-06-12 21:19:26,46.0
0.8720,24.31,0.5930,84.39,1.1950,2025-06-12 21:19:26,46.0
0.8520,24.2390,0.4540,84.46,1.1770,2025-06-12 21:19:26,46.0
0.8960,24.38,0.3060,83.73,1.2240,2025-06-12 21:19:26,46.0
0.8990,24.3170,0.3060,83.93,1.2530,2025-06-12 21:19:26,46.0
0.8930,24.3090,0.47,83.83,1.2220,2025-06-12 21:19:26,46.0
0.8410,24.1760,0.3190,83.91,1.2330,2025-06-12 21:19:26,46.0
0.87,24.29,0.3440,83.89,1.2310,2025-06-12 21:19:26,46.0
0.8770,24.2550,0.4120,83.67,1.3130,2025-06-12 21:19:26,46.0
0.8890,24.3480,0.53,84.39,1.3070,2025-06-12 21:19:26,46.0
0.8760,24.3740,0.8030,83.57,1.2470,2025-06-12 21:19:26,46.0
0.8320,24.2740,0.8290,84.05,1.2840,2025-06-12 21:19:26,46.0
0.8440,24.3090,0.3060,83.48,1.2160,2025-06-12 21:19:26,46.0
0.89,24.4190,0.3890,84.07,1.2930,2025-06-12 21:19:26,46.0
0.8870,24.3540,0.4240,84.01,1.2940,2025-06-12 21:19:26,46.0
0.8630,24.3270,0.4220,84,1.2050,2025-06-12 21:19:26,46.0
0.8680,24.2710,0.47,84.17,1.2410,2025-06-12 21:19:26,46.0
0.8780,24.3450,0.1980,83.87,1.2130,2025-06-12 21:19:26,46.0
0.8860,24.4030,0.50,84.17,1.2320,2025-06-12 21:19:26,46.0
0.8840,24.29,0.4320,83.65,1.3330,2025-06-12 21:19:26,46.0
0.8870,24.3450,0.5340,84.1860,1.2120,2025-06-13 12:59:47,47.0
0.8840,24.4290,0.3380,84.1670,1.2320,2025-06-13 12:59:47,47.0
0.8830,24.3130,0.5980,84.3650,1.2460,2025-06-13 12:59:47,47.0
0.90,24.2780,0.57,84.0240,1.3450,2025-06-13 12:59:47,47.0
0.89,24.3560,0.5440,83.9610,1.2280,2025-06-13 12:59:47,47.0
0.8910,24.3540,0.2480,84.1480,1.2090,2025-06-13 12:59:47,47.0
0.8720,24.36,0.3830,84.3470,1.2560,2025-06-13 12:59:47,47.0
0.88,24.4340,0.9270,84.2560,1.2250,2025-06-13 12:59:47,47.0
0.8710,24.2950,0.4160,83.8410,1.2340,2025-06-13 12:59:47,47.0
0.9150,24.3280,0.53,84.3010,1.2310,2025-06-13 12:59:47,47.0
0.8820,24.35,0.4070,84.0410,1.1680,2025-06-13 12:59:47,47.0
0.9130,24.2550,0.4430,84.0020,1.2780,2025-06-13 12:59:47,47.0
0.8390,24.3940,0.6760,83.9720,1.1580,2025-06-13 12:59:47,47.0
0.9020,24.3590,0.4880,84.0530,1.26,2025-06-13 12:59:47,47.0
0.8640,24.2420,0.4170,84.4620,1.1780,2025-06-13 12:59:47,47.0
0.8650,24.3350,0.6280,84.4930,1.1480,2025-06-13 12:59:47,47.0
0.90,24.2880,0.38,84.1460,1.2750,2025-06-13 12:59:47,47.0
0.8890,24.2820,0.6890,84.2030,1.23,2025-06-13 12:59:47,47.0
0.85,24.2560,0.6050,84.5890,1.1860,2025-06-13 12:59:47,47.0
0.8560,24.2390,0.5370,84.4060,1.2580,2025-06-13 12:59:47,47.0
0.8980,24.3560,0.3190,84.2260,1.24,2025-06-13 13:04:49,48.0
0.8920,24.4560,0.5240,83.9460,1.2780,2025-06-13 13:04:49,48.0
0.9030,24.3440,0.2220,84.1180,1.2690,2025-06-13 13:04:49,48.0
0.8820,24.3980,0.4680,84.17,1.2380,2025-06-13 13:04:49,48.0
0.85,24.3170,0.3470,84.2240,1.2220,2025-06-13 13:04:49,48.0
0.8420,24.2510,0.5120,84.2490,1.1230,2025-06-13 13:04:49,48.0
0.8860,24.2980,0.5290,84.2880,1.2180,2025-06-13 13:04:49,48.0
0.8570,24.2740,0.7660,83.9820,1.2070,2025-06-13 13:04:49,48.0
0.8830,24.2780,0.3830,84.3630,1.2280,2025-06-13 13:04:49,48.0
0.8680,24.4070,0.7050,83.92,1.23,2025-06-13 13:04:49,48.0
0.8550,24.3230,0.3540,84.44,1.2630,2025-06-13 13:04:49,48.0
0.8840,24.2980,0.32,84.3910,1.2740,2025-06-13 13:04:49,48.0
0.8980,24.35,0.4830,84.3560,1.2150,2025-06-13 13:04:49,48.0
0.8530,24.3590,0.4990,84.1470,1.23,2025-06-13 13:04:49,48.0
0.8970,24.3990,0.4040,84.3780,1.2450,2025-06-13 13:04:49,48.0
0.8960,24.3330,0.2490,84.0660,1.2730,2025-06-13 13:04:49,48.0
0.8860,24.2780,0.46,83.9910,1.3140,2025-06-13 13:04:49,48.0
0.8930,24.3220,0.4930,84.2270,1.3470,2025-06-13 13:04:49,48.0
0.88,24.3520,0.4220,83.8390,1.3250,2025-06-13 13:04:49,48.0
0.8730,24.3290,0.57,84.0510,1.2140,2025-06-13 13:04:49,48.0
0.8580,24.2680,0.4370,83.97,1.20,2025-06-13 19:06:16,49.0
0.8920,24.3520,0.57,84.31,1.2590,2025-06-13 19:06:16,49.0
0.8790,24.3950,0.5750,83.78,1.1770,2025-06-13 19:06:16,49.0
0.89,24.3920,0.8460,84.39,1.3080,2025-06-13 19:06:16,49.0
0.8810,24.4140,0.3990,84.13,1.1890,2025-06-13 19:06:16,49.0
0.8780,24.2680,0.3640,84.25,1.2730,2025-06-13 19:06:16,49.0
0.8730,24.3140,0.4140,83.94,1.1920,2025-06-13 19:06:16,49.0
0.8920,24.4320,0.6450,84.23,1.1610,2025-06-13 19:06:16,49.0
0.8950,24.2680,0.5450,84.14,1.3490,2025-06-13 19:06:16,49.0
0.8880,24.3970,0.2990,84.35,1.25,2025-06-13 19:06:16,49.0
0.8810,24.3290,0.3840,83.93,1.2890,2025-06-13 19:06:16,49.0
0.8790,24.3210,0.3840,84.01,1.1860,2025-06-13 19:06:16,49.0
0.89,24.3390,0.4950,83.93,1.3010,2025-06-13 19:06:16,49.0
0.8870,24.3040,0.5850,84.28,1.3220,2025-06-13 19:06:16,49.0
0.89,24.2920,0.3260,83.91,1.3010,2025-06-13 19:06:16,49.0
0.8650,24.3650,0.4170,84.01,1.2390,2025-06-13 19:06:16,49.0
0.8720,24.2920,0.3140,84.34,1.2960,2025-06-13 19:06:16,49.0
0.8980,24.33,0.4950,83.78,1.30,2025-06-13 19:06:16,49.0
0.8740,24.3150,0.4090,84.12,1.2020,2025-06-13 19:06:16,49.0
0.8640,24.2520,0.5220,83.83,1.1770,2025-06-13 19:06:16,49.0
0.8890,24.3460,0.4240,84.12,1.2180,2025-06-13 19:11:17,50.0
0.8770,24.2490,0.5420,84.39,1.2290,2025-06-13 19:11:17,50.0
0.8660,24.3530,0.5020,84.18,1.1410,2025-06-13 19:11:17,50.0
0.8740,24.3360,0.4490,84.11,1.2420,2025-06-13 19:11:17,50.0
0.8850,24.31,0.6130,84.18,1.2340,2025-06-13 19:11:17,50.0
0.8930,24.3210,0.2130,84.24,1.27,2025-06-13 19:11:17,50.0
0.8780,24.3110,0.3740,84.17,1.2120,2025-06-13 19:11:17,50.0
0.89,24.3150,0.4970,84.20,1.31,2025-06-13 19:11:17,50.0
0.8720,24.3020,0.3360,84.13,1.3050,2025-06-13 19:11:17,50.0
0.8720,24.2780,0.4140,84.20,1.2110,2025-06-13 19:11:17,50.0
0.9080,24.2950,0.2530,84.14,1.3070,2025-06-13 19:11:17,50.0
0.8710,24.3110,0.4720,84.05,1.2980,2025-06-13 19:11:17,50.0
0.8890,24.3560,0.2710,84.09,1.2880,2025-06-13 19:11:17,50.0
0.8620,24.30,0.3720,84.06,1.1920,2025-06-13 19:11:17,50.0
0.8680,24.3470,0.3460,84.21,1.1890,2025-06-13 19:11:17,50.0
0.8960,24.3360,0.2990,84.31,1.2630,2025-06-13 19:11:17,50.0
0.8780,24.2420,0.3870,84.13,1.2560,2025-06-13 19:11:17,50.0
0.8820,24.3010,0.5470,83.96,1.2440,2025-06-13 19:11:17,50.0
0.8670,24.3110,0.4290,84.13,1.2230,2025-06-13 19:11:17,50.0
0.8540,24.2520,0.4490,84.06,1.1920,2025-06-13 19:11:17,50.0
0.8660,24.2430,0.4750,83.99,1.2230,2025-06-13 19:16:18,51.0
0.88,24.2410,0.4040,84.13,1.1920,2025-06-13 19:16:18,51.0
0.9080,24.3670,0.5220,83.68,1.3050,2025-06-13 19:16:18,51.0
0.8970,24.3380,0.5730,84.02,1.2680,2025-06-13 19:16:18,51.0
0.9090,24.2910,0.3310,83.90,1.2460,2025-06-13 19:16:18,51.0
0.8930,24.2460,0.3720,84.18,1.1920,2025-06-13 19:16:18,51.0
0.8680,24.3690,0.5750,83.77,1.2950,2025-06-13 19:16:18,51.0
0.8930,24.3590,0.69,84.03,1.2580,2025-06-13 19:16:18,51.0
0.9050,24.3440,0.4820,84.02,1.2250,2025-06-13 19:16:18,51.0
0.8870,24.3870,0.3110,83.97,1.2330,2025-06-13 19:16:18,51.0
0.8850,24.30,0.4190,83.62,1.18,2025-06-13 19:16:18,51.0
0.8620,24.3230,0.4240,83.99,1.2390,2025-06-13 19:16:18,51.0
0.8870,24.3350,0.4090,83.69,1.1890,2025-06-13 19:16:18,51.0
0.8860,24.3310,0.4570,83.88,1.2160,2025-06-13 19:16:18,51.0
0.8630,24.27,0.3970,83.99,1.1760,2025-06-13 19:16:18,51.0
0.9060,24.2910,0.3790,83.76,1.2910,2025-06-13 19:16:18,51.0
0.9090,24.2830,0.3160,83.69,1.2610,2025-06-13 19:16:18,51.0
0.8910,24.3720,0.3520,83.88,1.2050,2025-06-13 19:16:18,51.0
0.8840,24.3050,0.58,83.97,1.1940,2025-06-13 19:16:18,51.0
0.8570,24.2720,0.5070,83.64,1.2570,2025-06-13 19:16:18,51.0
0.83,24.1950,0.5970,84.19,1.2260,2025-06-13 20:51:25,52.0
0.8410,24.1130,0.4170,84.01,1.1960,2025-06-13 20:51:25,52.0
0.8440,24.2040,0.2030,84.04,1.1690,2025-06-13 20:51:25,52.0
0.8790,24.2580,0.4440,84.05,1.2180,2025-06-13 20:51:25,52.0
0.8580,24.2220,0.6050,83.97,1.1220,2025-06-13 20:51:25,52.0
0.9010,24.2470,0.6730,84.16,1.33,2025-06-13 20:51:25,52.0
0.8960,24.1410,0.3720,83.92,1.3450,2025-06-13 20:51:25,52.0
0.8240,24.0830,0.56,83.78,1.18,2025-06-13 20:51:25,52.0
0.84,24.1690,0.5270,83.95,1.1590,2025-06-13 20:51:25,52.0
0.8950,24.1730,0.62,84.19,1.2150,2025-06-13 20:51:25,52.0
0.8760,24.2510,0.4850,84.35,1.1920,2025-06-13 20:51:25,52.0
0.8610,24.2920,0.48,84.28,1.2030,2025-06-13 20:51:25,52.0
0.8660,24.2270,0.4590,84.16,1.3030,2025-06-13 20:51:25,52.0
0.8620,24.1750,0.6530,83.92,1.1940,2025-06-13 20:51:25,52.0
0.8410,24.2210,0.7610,84.09,1.23,2025-06-13 20:51:25,52.0
0.8440,24.22,0.3160,84.24,1.1980,2025-06-13 20:51:25,52.0
0.9020,24.0770,0.5670,83.97,1.3260,2025-06-13 20:51:25,52.0
0.8520,24.17,0.5730,83.90,1.1210,2025-06-13 20:51:25,52.0
0.9130,24.2430,0.3210,84.12,1.2660,2025-06-13 20:51:25,52.0
0.8760,24.2590,0.3210,84.02,1.21,2025-06-13 20:51:25,52.0
0.8550,24.2810,0.3410,84.27,1.2120,2025-06-13 20:56:26,53.0
0.8880,24.2840,0.5050,84.27,1.2120,2025-06-13 20:56:26,53.0
0.8760,24.29,0.4070,84.26,1.2190,2025-06-13 20:56:26,53.0
0.8630,24.29,0.4950,84.08,1.2460,2025-06-13 20:56:26,53.0
0.8770,24.31,0.58,83.97,1.2510,2025-06-13 20:56:26,53.0
0.8740,24.3230,0.50,84.10,1.2620,2025-06-13 20:56:26,53.0
0.8790,24.2970,0.49,84.44,1.1780,2025-06-13 20:56:26,53.0
0.8470,24.3130,0.3520,83.90,1.2230,2025-06-13 20:56:26,53.0
0.9150,24.3260,0.6130,84.18,1.3080,2025-06-13 20:56:26,53.0
0.8770,24.30,0.3090,84.15,1.2330,2025-06-13 20:56:26,53.0
0.85,24.2820,0.6580,83.84,1.2330,2025-06-13 20:56:26,53.0
0.8420,24.3170,0.48,84,1.2120,2025-06-13 20:56:26,53.0
0.8970,24.3560,0.4170,84.51,1.2780,2025-06-13 20:56:26,53.0
0.8770,24.3310,0.6280,84.15,1.1970,2025-06-13 20:56:26,53.0
0.8570,24.2230,0.4070,84.17,1.2270,2025-06-13 20:56:26,53.0
0.8740,24.3010,0.4270,84.23,1.2310,2025-06-13 20:56:26,53.0
0.8530,24.2790,0.4550,84.05,1.1430,2025-06-13 20:56:26,53.0
0.8860,24.32,0.3570,84.21,1.3370,2025-06-13 20:56:26,53.0
0.8360,24.2430,0.3460,83.99,1.2330,2025-06-13 20:56:26,53.0
0.8620,24.3560,0.1430,84.24,1.22,2025-06-13 20:56:26,53.0
0.8890,24.3370,0.2940,83.67,1.1850,2025-06-13 21:01:27,54.0
0.8570,24.3770,0.3490,83.95,1.1010,2025-06-13 21:01:27,54.0
0.8670,24.3410,0.3540,83.85,1.19,2025-06-13 21:01:27,54.0
0.8760,24.3640,0.3620,83.88,1.2030,2025-06-13 21:01:27,54.0
0.8890,24.3680,0.6750,84.88,1.2750,2025-06-13 21:01:27,54.0
0.85,24.3390,0.50,84.04,1.1870,2025-06-13 21:01:27,54.0
0.9110,24.2990,0.1980,84.21,1.1690,2025-06-13 21:01:27,54.0
0.8610,24.2960,0.3410,83.99,1.22,2025-06-13 21:01:27,54.0
0.8730,24.36,0.1710,83.89,1.1550,2025-06-13 21:01:27,54.0
0.8770,24.3320,0.5320,83.84,1.1980,2025-06-13 21:01:27,54.0
0.8820,24.3340,0.5050,84.01,1.1640,2025-06-13 21:01:27,54.0
0.8730,24.2770,0.3240,83.91,1.1970,2025-06-13 21:01:27,54.0
0.8650,24.2520,0.4620,84.09,1.2350,2025-06-13 21:01:27,54.0
0.8690,24.3990,0.7260,83.85,1.2420,2025-06-13 21:01:27,54.0
0.8730,24.2890,0.5830,83.51,1.2510,2025-06-13 21:01:27,54.0
0.88,24.3490,0.3340,83.90,1.2250,2025-06-13 21:01:27,54.0
0.8560,24.29,0.4020,83.66,1.2340,2025-06-13 21:01:27,54.0
0.8530,24.3160,0.4720,83.86,1.2180,2025-06-13 21:01:27,54.0
0.8720,24.2450,0.5850,84.02,1.2340,2025-06-13 21:01:27,54.0
0.8420,24.3330,0.3770,83.52,1.2350,2025-06-13 21:01:27,54.0
0.8690,24.1840,0.6630,84.2690,1.20,2025-06-16 12:49:45,55.0
0.8560,24.2640,0.3790,84.0020,1.2020,2025-06-16 12:49:45,55.0
0.8570,24.27,0.7280,84.0320,1.2070,2025-06-16 12:49:45,55.0
0.8890,24.2240,0.4030,84.08,1.2620,2025-06-16 12:49:45,55.0
0.8740,24.3340,0.7640,83.9470,1.1950,2025-06-16 12:49:45,55.0
0.8610,24.2480,0.4030,84.0150,1.2120,2025-06-16 12:49:45,55.0
0.8890,24.2970,0.6160,83.8790,1.2590,2025-06-16 12:49:45,55.0
0.8870,24.3020,0.4050,84.08,1.2380,2025-06-16 12:49:45,55.0
0.9120,24.2230,0.6110,83.9850,1.2640,2025-06-16 12:49:45,55.0
0.8730,24.3260,0.5180,84.1190,1.1660,2025-06-16 12:49:45,55.0
0.9010,24.2770,0.3880,83.8770,1.2720,2025-06-16 12:49:45,55.0
0.8660,24.3810,0.3760,84.1420,1.1640,2025-06-16 12:49:45,55.0
0.9170,24.3010,0.4130,84.1750,1.2320,2025-06-16 12:49:45,55.0
0.8780,24.1860,0.7490,84.2780,1.2070,2025-06-16 12:49:45,55.0
0.8520,24.2480,0.2780,84.1850,1.23,2025-06-16 12:49:45,55.0
0.8930,24.2460,0.3710,83.7930,1.2370,2025-06-16 12:49:45,55.0
0.8770,24.2580,0.5150,83.9640,1.1790,2025-06-16 12:49:45,55.0
0.8840,24.2450,0.4450,84.3880,1.3190,2025-06-16 12:49:45,55.0
0.9040,24.2470,0.4440,84.1940,1.1780,2025-06-16 12:49:45,55.0
0.87,24.2690,0.6260,84.0120,1.2280,2025-06-16 12:49:45,55.0
0.9110,24.4140,0.3610,84.3430,1.2760,2025-06-16 12:59:46,56.0
0.8690,24.3460,0.48,83.99,1.1750,2025-06-16 12:59:46,56.0
0.8660,24.4180,0.5870,84.1570,1.1580,2025-06-16 12:59:46,56.0
0.8850,24.4490,0.2580,84.2180,1.1820,2025-06-16 12:59:46,56.0
0.8780,24.22,0.47,84.1040,1.2670,2025-06-16 12:59:46,56.0
0.8930,24.2680,0.4430,83.8910,1.2320,2025-06-16 12:59:46,56.0
0.8840,24.1990,0.5650,84.1430,1.3010,2025-06-16 12:59:46,56.0
0.8910,24.2870,0.4050,84.2320,1.2160,2025-06-16 12:59:46,56.0
0.8560,24.3740,0.7360,83.9150,1.1520,2025-06-16 12:59:46,56.0
0.8810,24.2390,0.3680,83.9870,1.2990,2025-06-16 12:59:46,56.0
0.8950,24.3570,0.5380,84.4630,1.3030,2025-06-16 12:59:46,56.0
0.8660,24.4920,0.3070,84.1230,1.1020,2025-06-16 12:59:46,56.0
0.8720,24.3180,0.4380,84.2370,1.1980,2025-06-16 12:59:46,56.0
0.8640,24.2440,0.5880,84.0120,1.1940,2025-06-16 12:59:46,56.0
0.8730,24.3910,0.3870,84.2540,1.2390,2025-06-16 12:59:46,56.0
0.8740,24.3810,0.3760,83.77,1.1770,2025-06-16 12:59:46,56.0
0.8920,24.2510,0.4450,84.25,1.2970,2025-06-16 12:59:46,56.0
0.8750,24.27,0.5410,84.1330,1.2520,2025-06-16 12:59:46,56.0
0.8520,24.2250,0.4730,84.3930,1.2140,2025-06-16 12:59:46,56.0
0.8890,24.3730,0.2650,84.0360,1.32,2025-06-16 12:59:46,56.0
0.8810,24.3370,0.4190,84.1450,1.2250,2025-06-16 13:04:47,57.0
0.91,24.2790,0.6710,83.8690,1.1690,2025-06-16 13:04:47,57.0
0.8480,24.3130,0.4140,84.0450,1.1610,2025-06-16 13:04:47,57.0
0.90,24.3560,0.4050,84.1770,1.3260,2025-06-16 13:04:47,57.0
0.8630,24.2270,0.6660,84.2590,1.1770,2025-06-16 13:04:47,57.0
0.8530,24.3040,0.4810,84.1160,1.1370,2025-06-16 13:04:47,57.0
0.8540,24.3450,0.4110,83.7160,1.1860,2025-06-16 13:04:47,57.0
0.8950,24.3510,0.3610,83.71,1.2620,2025-06-16 13:04:47,57.0
0.87,24.2650,0.4840,84.0480,1.3350,2025-06-16 13:04:47,57.0
0.9010,24.4020,0.3380,83.95,1.2420,2025-06-16 13:04:47,57.0
0.8780,24.3460,0.4050,84.0060,1.2470,2025-06-16 13:04:47,57.0
0.8860,24.3440,0.4890,83.9360,1.2280,2025-06-16 13:04:47,57.0
0.88,24.31,0.40,83.7680,1.3210,2025-06-16 13:04:47,57.0
0.8930,24.29,0.4210,84.0050,1.2140,2025-06-16 13:04:47,57.0
0.88,24.2850,0.6080,84.0750,1.2450,2025-06-16 13:04:47,57.0
0.8620,24.3460,0.39,83.8880,1.1660,2025-06-16 13:04:47,57.0
0.88,24.25,0.5210,84.1470,1.2480,2025-06-16 13:04:47,57.0
0.8640,24.3370,0.39,83.7110,1.2720,2025-06-16 13:04:47,57.0
0.8720,24.2370,0.4160,83.8050,1.1740,2025-06-16 13:04:47,57.0
0.8480,24.26,0.57,83.8640,1.1760,2025-06-16 13:04:47,57.0
0.88,24.2350,0.4660,84.33,1.2840,2025-06-16 13:39:52,58.0
0.9040,24.2590,0.4720,84.20,1.2850,2025-06-16 13:39:52,58.0
0.8850,24.3360,0.6150,84.31,1.2310,2025-06-16 13:39:52,58.0
0.8840,24.1640,0.4940,84.1560,1.1580,2025-06-16 13:39:52,58.0
0.9180,24.1860,0.7730,84.0110,1.2740,2025-06-16 13:39:52,58.0
0.8460,24.1180,0.7040,83.79,1.2960,2025-06-16 13:39:52,58.0
0.8970,24.3040,0.3940,84.2550,1.3020,2025-06-16 13:39:52,58.0
0.8760,24.2140,0.4670,84.1020,1.1870,2025-06-16 13:39:52,58.0
0.8670,24.2540,0.4420,83.9970,1.3120,2025-06-16 13:39:52,58.0
0.9040,24.2660,0.4450,84.3230,1.2060,2025-06-16 13:39:52,58.0
0.9130,24.1880,0.5370,83.7650,1.35,2025-06-16 13:39:52,58.0
0.8610,24.2090,0.3110,84.0020,1.2610,2025-06-16 13:39:52,58.0
0.8970,24.2740,0.5950,84.2570,1.2880,2025-06-16 13:39:52,58.0
0.9060,24.20,0.3750,84.2510,1.2550,2025-06-16 13:39:52,58.0
0.8790,24.1430,0.5750,84.1850,1.2780,2025-06-16 13:39:52,58.0
0.8830,24.2580,0.7430,83.9780,1.2040,2025-06-16 13:39:52,58.0
0.8820,24.2050,0.4940,84.05,1.3040,2025-06-16 13:39:52,58.0
0.8750,24.18,0.4330,84.2330,1.2550,2025-06-16 13:39:52,58.0
0.8930,24.3790,0.6510,84.2050,1.3450,2025-06-16 13:39:52,58.0
0.8460,24.2230,0.5140,84.3430,1.2550,2025-06-16 13:39:52,58.0
0.8630,24.2880,0.5430,83.8470,1.2280,2025-06-16 13:44:54,59.0
0.8920,24.3890,0.5360,84.03,1.2050,2025-06-16 13:44:54,59.0
0.8890,24.3160,0.3420,83.92,1.2450,2025-06-16 13:44:54,59.0
0.8910,24.3130,0.60,83.8640,1.2630,2025-06-16 13:44:54,59.0
0.9080,24.3260,0.3830,84.3770,1.3460,2025-06-16 13:44:54,59.0
0.8710,24.2590,0.47,83.8540,1.2430,2025-06-16 13:44:54,59.0
0.8860,24.2960,0.3360,84.31,1.2660,2025-06-16 13:44:54,59.0
0.8930,24.26,0.7440,84.3490,1.25,2025-06-16 13:44:54,59.0
0.8990,24.3470,0.6020,84.4440,1.30,2025-06-16 13:44:54,59.0
0.9070,24.3510,0.3680,84.1440,1.2460,2025-06-16 13:44:54,59.0
0.9180,24.3930,0.4190,84.2210,1.2930,2025-06-16 13:44:54,59.0
0.8790,24.2610,0.4040,83.7880,1.1540,2025-06-16 13:44:54,59.0
0.8860,24.2950,0.7620,84.1920,1.23,2025-06-16 13:44:54,59.0
0.9160,24.3720,0.3110,84.4370,1.3010,2025-06-16 13:44:54,59.0
0.8610,24.2750,0.4820,83.9980,1.2230,2025-06-16 13:44:54,59.0
0.8970,24.3160,0.4320,84.4080,1.3050,2025-06-16 13:44:54,59.0
0.8790,24.3660,0.4530,84.2310,1.2290,2025-06-16 13:44:54,59.0
0.8910,24.3880,0.3030,83.8950,1.1970,2025-06-16 13:44:54,59.0
0.8530,24.1940,0.7540,83.9740,1.2210,2025-06-16 13:44:54,59.0
0.8940,24.3540,0.5530,83.8650,1.1980,2025-06-16 13:44:54,59.0
0.8670,24.4260,0.7730,84.2420,1.2110,2025-06-16 13:49:55,60.0
0.8930,24.4480,0.3560,83.8990,1.2670,2025-06-16 13:49:55,60.0
0.8480,24.3040,0.3170,83.9970,1.21,2025-06-16 13:49:55,60.0
0.86,24.3960,0.3830,84.0520,1.2260,2025-06-16 13:49:55,60.0
0.8850,24.33,0.2070,83.8220,1.1960,2025-06-16 13:49:55,60.0
0.8970,24.4540,0.3270,83.7610,1.3090,2025-06-16 13:49:55,60.0
0.8780,24.3760,0.4190,84.1720,1.2260,2025-06-16 13:49:55,60.0
0.88,24.3670,0.6820,83.7870,1.2540,2025-06-16 13:49:55,60.0
0.8830,24.4120,0.4720,84.0080,1.1750,2025-06-16 13:49:55,60.0
0.8660,24.4420,0.3790,83.7290,1.2150,2025-06-16 13:49:55,60.0
0.8910,24.3360,0.33,83.8270,1.3070,2025-06-16 13:49:55,60.0
0.8680,24.4260,0.4350,83.6720,1.21,2025-06-16 13:49:55,60.0
0.8880,24.3290,0.3960,83.98,1.2130,2025-06-16 13:49:55,60.0
0.8810,24.41,0.6550,83.7150,1.2240,2025-06-16 13:49:55,60.0
0.9050,24.3730,0.3170,84.1360,1.2470,2025-06-16 13:49:55,60.0
0.8630,24.3070,0.3590,83.98,1.1850,2025-06-16 13:49:55,60.0
0.8730,24.33,0.4720,84.1190,1.23,2025-06-16 13:49:55,60.0
0.8660,24.3270,0.3770,83.9870,1.2210,2025-06-16 13:49:55,60.0
0.8910,24.34,0.3040,84.0040,1.2790,2025-06-16 13:49:55,60.0
0.8880,24.3770,0.4670,83.9010,1.2480,2025-06-16 13:49:55,60.0
0.8980,24.3580,0.5120,83.8990,1.3410,2025-06-16 19:10:04,61.0
0.8690,24.3510,0.5770,84.24,1.1540,2025-06-16 19:10:04,61.0
0.8580,24.3220,0.3050,84.19,1.2020,2025-06-16 19:10:04,61.0
0.8670,24.3120,0.7710,84.2740,1.1940,2025-06-16 19:10:04,61.0
0.8810,24.2860,0.3640,84.0340,1.1870,2025-06-16 19:10:04,61.0
0.8780,24.2740,0.3890,83.9890,1.1970,2025-06-16 19:10:04,61.0
0.86,24.3020,0.5740,83.96,1.20,2025-06-16 19:10:04,61.0
0.8570,24.2450,0.4050,84.0940,1.2160,2025-06-16 19:10:04,61.0
0.8540,24.3550,0.47,83.9650,1.2460,2025-06-16 19:10:04,61.0
0.8510,24.2910,0.9220,83.8610,1.1830,2025-06-16 19:10:04,61.0
0.85,24.2560,0.4780,84.3350,1.18,2025-06-16 19:10:04,61.0
0.89,24.34,0.5020,84.0140,1.2640,2025-06-16 19:10:04,61.0
0.8680,24.4090,0.6160,84.1520,1.2110,2025-06-16 19:10:04,61.0
0.8630,24.3290,0.4720,84.2470,1.22,2025-06-16 19:10:04,61.0
0.8740,24.3060,0.4080,84.1530,1.2040,2025-06-16 19:10:04,61.0
0.8790,24.3170,0.2760,84.3140,1.1830,2025-06-16 19:10:04,61.0
0.8930,24.2670,0.3720,83.9930,1.16,2025-06-16 19:10:04,61.0
0.8660,24.2920,0.5430,84.0710,1.1760,2025-06-16 19:10:04,61.0
0.8960,24.4070,0.5660,84.1950,1.2010,2025-06-16 19:10:04,61.0
0.89,24.2670,0.49,84.1690,1.2620,2025-06-16 19:10:04,61.0
0.8780,24.4170,0.6570,83.9810,1.14,2025-06-16 19:15:05,62.0
0.8960,24.3770,0.6920,84.1370,1.2620,2025-06-16 19:15:05,62.0
0.8980,24.3540,0.3170,83.9720,1.2320,2025-06-16 19:15:05,62.0
0.8820,24.32,0.3450,84.2320,1.2360,2025-06-16 19:15:05,62.0
0.9260,24.3560,0.3890,84.38,1.2830,2025-06-16 19:15:05,62.0
0.8680,24.3750,0.2240,84.28,1.1880,2025-06-16 19:15:05,62.0
0.8780,24.3840,0.3650,83.9980,1.2040,2025-06-16 19:15:05,62.0
0.8970,24.3350,0.5640,83.8880,1.3390,2025-06-16 19:15:05,62.0
0.90,24.3560,0.3520,84.0750,1.3180,2025-06-16 19:15:05,62.0
0.8780,24.37,0.3220,83.9880,1.1920,2025-06-16 19:15:05,62.0
0.8720,24.3290,0.3110,84.2550,1.3010,2025-06-16 19:15:05,62.0
0.8660,24.3010,0.5920,84.1070,1.1840,2025-06-16 19:15:05,62.0
0.8770,24.3190,0.5230,84.0220,1.2650,2025-06-16 19:15:05,62.0
0.8780,24.4130,0.3850,84.2490,1.2110,2025-06-16 19:15:05,62.0
0.91,24.3830,0.4380,84.1640,1.3290,2025-06-16 19:15:05,62.0
0.8570,24.3240,0.4220,83.8960,1.17,2025-06-16 19:15:05,62.0
0.8970,24.2670,0.4870,84.1740,1.2260,2025-06-16 19:15:05,62.0
0.8750,24.2590,0.7620,84.1220,1.2660,2025-06-16 19:15:05,62.0
0.8930,24.3230,0.5790,84.0840,1.3070,2025-06-16 19:15:05,62.0
0.8980,24.3390,0.52,84.0970,1.2630,2025-06-16 19:15:05,62.0
0.8960,24.3710,0.3530,83.9930,1.2490,2025-06-16 19:20:06,63.0
0.89,24.3110,0.6560,83.9150,1.2930,2025-06-16 19:20:06,63.0
0.8860,24.3510,0.3260,83.9710,1.2690,2025-06-16 19:20:06,63.0
0.8570,24.3240,0.3350,84.08,1.1070,2025-06-16 19:20:06,63.0
0.8810,24.3780,0.3180,83.7840,1.1540,2025-06-16 19:20:06,63.0
0.86,24.3240,0.4210,83.9270,1.1910,2025-06-16 19:20:06,63.0
0.8930,24.3790,0.3060,84.1180,1.2090,2025-06-16 19:20:06,63.0
0.8620,24.3240,0.8030,84.0720,1.2150,2025-06-16 19:20:06,63.0
0.8750,24.3380,0.57,83.9810,1.2060,2025-06-16 19:20:06,63.0
0.8680,24.3450,0.2780,84.0090,1.2580,2025-06-16 19:20:06,63.0
0.8870,24.4130,0.4450,83.8210,1.2540,2025-06-16 19:20:06,63.0
0.8830,24.4350,0.4660,83.9790,1.3030,2025-06-16 19:20:06,63.0
0.8850,24.3240,0.3210,83.9970,1.2220,2025-06-16 19:20:06,63.0
0.8670,24.36,0.3610,83.8740,1.2030,2025-06-16 19:20:06,63.0
0.8620,24.3250,0.4030,84.1350,1.15,2025-06-16 19:20:06,63.0
0.89,24.3250,0.4190,83.9820,1.3040,2025-06-16 19:20:06,63.0
0.84,24.2610,0.4880,83.9420,1.2240,2025-06-16 19:20:06,63.0
0.8880,24.3570,0.30,84.3350,1.3560,2025-06-16 19:20:06,63.0
0.8870,24.2510,0.44,83.9990,1.2370,2025-06-16 19:20:06,63.0
0.8770,24.2530,0.3460,83.9580,1.2720,2025-06-16 19:20:06,63.0
0.9330,24.3530,0.6610,84.0080,1.3250,2025-06-16 21:10:11,64.0
0.88,24.2250,0.5660,83.9820,1.1950,2025-06-16 21:10:11,64.0
0.89,24.3810,0.5480,84.1090,1.2990,2025-06-16 21:10:11,64.0
0.9060,24.2830,0.3380,83.9960,1.35,2025-06-16 21:10:11,64.0
0.8590,24.2580,0.5220,83.8590,1.21,2025-06-16 21:10:11,64.0
0.8660,24.27,0.4630,83.9460,1.2770,2025-06-16 21:10:11,64.0
0.9090,24.4320,0.5430,84.0780,1.2770,2025-06-16 21:10:11,64.0
0.8890,24.3030,0.5540,83.9520,1.2160,2025-06-16 21:10:11,64.0
0.8960,24.3270,0.3390,83.9250,1.1930,2025-06-16 21:10:11,64.0
0.8640,24.2870,0.50,83.84,1.2730,2025-06-16 21:10:11,64.0
0.8560,24.2430,0.4090,83.8450,1.2190,2025-06-16 21:10:11,64.0
0.8870,24.28,0.32,84.0420,1.2220,2025-06-16 21:10:11,64.0
0.8560,24.2480,0.27,84.0140,1.2040,2025-06-16 21:10:11,64.0
0.8860,24.2580,0.4140,83.9760,1.1340,2025-06-16 21:10:11,64.0
0.8710,24.2510,0.3490,84.0070,1.2640,2025-06-16 21:10:11,64.0
0.8870,24.2810,0.5690,84.0010,1.2260,2025-06-16 21:10:11,64.0
0.8830,24.2980,0.3820,83.96,1.20,2025-06-16 21:10:11,64.0
0.9060,24.1770,0.6340,83.7740,1.2910,2025-06-16 21:10:11,64.0
0.8730,24.3040,0.44,83.9460,1.2730,2025-06-16 21:10:11,64.0
0.8950,24.2870,0.2780,84.0240,1.2180,2025-06-16 21:10:11,64.0
0.8970,24.4210,0.4970,84.12,1.2520,2025-06-16 21:10:11,64.0
0.8550,24.4030,0.4320,84.20,1.14,2025-06-16 21:10:11,64.0
0.90,24.3520,0.6350,84.34,1.2270,2025-06-16 21:10:11,64.0
0.8860,24.3170,0.4120,84.07,1.2870,2025-06-16 21:10:11,64.0
0.8930,24.3510,0.4170,84.32,1.2560,2025-06-16 21:10:11,64.0
0.8640,24.2990,0.54,83.96,1.0840,2025-06-16 21:10:11,64.0
0.87,24.3210,0.3840,84.16,1.1580,2025-06-16 21:10:11,64.0
0.8470,24.2980,0.4470,84.22,1.2150,2025-06-16 21:10:11,64.0
0.89,24.3390,0.8610,84,1.2310,2025-06-16 21:10:11,64.0
0.9240,24.3210,0.4870,83.96,1.2310,2025-06-16 21:10:11,64.0
0.8620,24.2620,0.9060,84.22,1.2540,2025-06-16 21:10:11,64.0
0.8940,24.3210,0.8790,84.22,1.22,2025-06-16 21:10:11,64.0
0.8580,24.3820,0.4650,84.09,1.1790,2025-06-16 21:10:11,64.0
0.88,24.3780,0.4090,84.35,1.27,2025-06-16 21:10:11,64.0
0.8540,24.3010,0.6910,84.26,1.24,2025-06-16 21:10:11,64.0
0.8840,24.4190,0.4090,84.08,1.25,2025-06-16 21:10:11,64.0
0.8920,24.31,0.7830,84.12,1.1960,2025-06-16 21:10:11,64.0
0.89,24.3460,0.5920,84,1.2010,2025-06-16 21:10:11,64.0
0.8950,24.2980,0.7530,84.02,1.2120,2025-06-16 21:10:11,64.0
0.8850,24.2640,0.4520,84.04,1.2030,2025-06-16 21:10:11,64.0
0.88,24.3230,0.3770,84.23,1.1890,2025-06-16 21:15:13,65.0
0.8990,24.3360,0.3940,84.24,1.1760,2025-06-16 21:15:13,65.0
0.8810,24.3070,0.3260,84.06,1.1590,2025-06-16 21:15:13,65.0
0.8790,24.3070,0.6330,84.34,1.1840,2025-06-16 21:15:13,65.0
0.8510,24.2660,0.3620,83.90,1.2050,2025-06-16 21:15:13,65.0
0.8840,24.32,0.3770,84.43,1.17,2025-06-16 21:15:13,65.0
0.8870,24.2970,0.6830,84.17,1.2320,2025-06-16 21:15:13,65.0
0.8970,24.2690,0.5850,84.34,1.2280,2025-06-16 21:15:13,65.0
0.8620,24.36,0.4220,84.08,1.1450,2025-06-16 21:15:13,65.0
0.8670,24.2160,0.6850,84.22,1.2170,2025-06-16 21:15:13,65.0
0.91,24.3630,0.3490,84.33,1.3220,2025-06-16 21:15:13,65.0
0.85,24.3420,0.3290,84.32,1.1750,2025-06-16 21:15:13,65.0
0.8850,24.3810,0.3640,83.97,1.2390,2025-06-16 21:15:13,65.0
0.8830,24.4110,0.4570,83.97,1.2330,2025-06-16 21:15:13,65.0
0.87,24.3410,0.5630,84.06,1.2270,2025-06-16 21:15:13,65.0
0.8830,24.3740,0.3720,84.24,1.1380,2025-06-16 21:15:13,65.0
0.8750,24.2980,0.4020,84.21,1.2430,2025-06-16 21:15:13,65.0
0.8950,24.40,0.3610,84.22,1.2450,2025-06-16 21:15:13,65.0
0.8590,24.2260,0.2990,84.12,1.1250,2025-06-16 21:15:13,65.0
0.8830,24.2620,0.4540,84.04,1.2390,2025-06-16 21:15:13,65.0
0.8760,24.2990,0.4770,83.8810,1.2290,2025-06-17 11:00:01,66.0
0.85,24.3180,0.4360,83.8790,1.22,2025-06-17 11:00:01,66.0
0.8850,24.2360,0.5820,84.0230,1.21,2025-06-17 11:00:01,66.0
0.8490,24.2070,0.4230,84.0480,1.2240,2025-06-17 11:00:01,66.0
0.9060,24.3050,0.5530,84.0070,1.3180,2025-06-17 11:00:01,66.0
0.8680,24.3070,0.4350,83.9840,1.2420,2025-06-17 11:00:01,66.0
0.8760,24.2490,0.5430,84.1790,1.1870,2025-06-17 11:00:01,66.0
0.8860,24.2840,0.3550,83.8510,1.2430,2025-06-17 11:00:01,66.0
0.8590,24.1650,0.7920,84.1320,1.2670,2025-06-17 11:00:01,66.0
0.8910,24.2550,0.6250,83.9630,1.2870,2025-06-17 11:00:01,66.0
0.8460,24.23,0.5320,84.0960,1.1740,2025-06-17 11:00:01,66.0
0.8860,24.19,0.4070,84.1490,1.24,2025-06-17 11:00:01,66.0
0.8770,24.2440,0.5030,83.9120,1.18,2025-06-17 11:00:01,66.0
0.8650,24.2550,0.5220,84.3690,1.2440,2025-06-17 11:00:01,66.0
0.8740,24.2720,0.7720,84.2320,1.1880,2025-06-17 11:00:01,66.0
0.8690,24.2180,0.4660,84.2770,1.20,2025-06-17 11:00:01,66.0
0.8510,24.2520,0.6940,84.0180,1.1930,2025-06-17 11:00:01,66.0
0.8690,24.2540,0.5850,84.2150,1.2350,2025-06-17 11:00:01,66.0
0.8780,24.2930,0.79,84.3370,1.2880,2025-06-17 11:00:01,66.0
0.88,24.3450,0.5320,84.0560,1.2450,2025-06-17 11:00:01,66.0
0.87,24.2860,0.3610,84.1650,1.1820,2025-06-17 11:05:02,67.0
0.88,24.2740,0.3650,83.9530,1.2760,2025-06-17 11:05:02,67.0
0.8810,24.3540,0.2820,84.13,1.2420,2025-06-17 11:05:02,67.0
0.9070,24.2980,0.5130,84.4490,1.3140,2025-06-17 11:05:02,67.0
0.8980,24.2620,0.4980,84.17,1.2280,2025-06-17 11:05:02,67.0
0.8830,24.2870,0.4420,84.0990,1.2420,2025-06-17 11:05:02,67.0
0.8850,24.2690,0.5380,83.97,1.25,2025-06-17 11:05:02,67.0
0.8690,24.2950,0.3950,84.3580,1.1650,2025-06-17 11:05:02,67.0
0.8870,24.2590,0.41,84.5110,1.3010,2025-06-17 11:05:02,67.0
0.84,24.2290,0.52,84.1810,1.1910,2025-06-17 11:05:02,67.0
0.8520,24.2780,0.44,84.2240,1.2060,2025-06-17 11:05:02,67.0
0.8620,24.3230,0.5850,84.3840,1.2260,2025-06-17 11:05:02,67.0
0.8630,24.3440,0.4450,83.8750,1.21,2025-06-17 11:05:02,67.0
0.8760,24.2770,0.3640,84.3940,1.2110,2025-06-17 11:05:02,67.0
0.9020,24.3020,0.41,84.08,1.22,2025-06-17 11:05:02,67.0
0.8940,24.3960,0.5810,84.4360,1.3470,2025-06-17 11:05:02,67.0
0.8750,24.3150,0.3860,83.9040,1.2870,2025-06-17 11:05:02,67.0
0.8840,24.3280,0.4910,84.3990,1.2370,2025-06-17 11:05:02,67.0
0.8740,24.3130,0.55,83.9330,1.2270,2025-06-17 11:05:02,67.0
0.9030,24.2570,0.6360,84.3470,1.2210,2025-06-17 11:05:02,67.0
0.8810,24.3670,0.5190,84.2540,1.3360,2025-06-17 11:10:02,68.0
0.8920,24.3430,0.4270,84.0680,1.3450,2025-06-17 11:10:02,68.0
0.8890,24.3880,0.31,84.0220,1.2440,2025-06-17 11:10:02,68.0
0.8810,24.3230,0.3780,84.1490,1.2630,2025-06-17 11:10:02,68.0
0.8750,24.3010,0.4440,84.13,1.22,2025-06-17 11:10:02,68.0
0.8650,24.2850,0.5560,83.8250,1.2130,2025-06-17 11:10:02,68.0
0.9050,24.2390,0.5690,84.0090,1.2870,2025-06-17 11:10:02,68.0
0.8820,24.4750,0.6260,84.0090,1.20,2025-06-17 11:10:02,68.0
0.8870,24.3420,0.4630,83.9730,1.2650,2025-06-17 11:10:02,68.0
0.8560,24.2540,0.3650,83.99,1.2230,2025-06-17 11:10:02,68.0
0.9020,24.3390,0.2780,84.0070,1.2790,2025-06-17 11:10:02,68.0
0.90,24.36,0.34,84.0460,1.2330,2025-06-17 11:10:02,68.0
0.9010,24.2850,0.4440,83.9990,1.3040,2025-06-17 11:10:02,68.0
0.8920,24.2570,0.4790,83.7790,1.3460,2025-06-17 11:10:02,68.0
0.8820,24.3770,0.6210,83.7430,1.2760,2025-06-17 11:10:02,68.0
0.8810,24.2810,0.2920,84.0120,1.2160,2025-06-17 11:10:02,68.0
0.8880,24.3230,0.3210,84.2440,1.2170,2025-06-17 11:10:02,68.0
0.8590,24.3160,0.3860,83.6760,1.1990,2025-06-17 11:10:02,68.0
0.9040,24.2860,0.6420,84.0020,1.1990,2025-06-17 11:10:02,68.0
0.8930,24.3230,0.41,83.8560,1.29,2025-06-17 11:10:02,68.0
0.8730,24.3310,0.4350,84.1480,1.2440,2025-06-17 12:45:09,69.0
0.8870,24.2310,0.7250,84.17,1.2430,2025-06-17 12:45:09,69.0
0.8740,24.3460,0.5460,84.13,1.2960,2025-06-17 12:45:09,69.0
0.8680,24.2810,0.2250,84.1880,1.2820,2025-06-17 12:45:09,69.0
0.8750,24.1670,0.5750,84,1.2810,2025-06-17 12:45:09,69.0
0.8990,24.3150,0.5340,84.1790,1.2290,2025-06-17 12:45:09,69.0
0.9040,24.2810,0.3670,84.2230,1.30,2025-06-17 12:45:09,69.0
0.8780,24.3130,0.4420,83.8920,1.2110,2025-06-17 12:45:09,69.0
0.8850,24.18,0.5350,84.0830,1.2270,2025-06-17 12:45:09,69.0
0.8660,24.2080,0.4520,84.2620,1.2010,2025-06-17 12:45:09,69.0
0.8570,24.2390,0.4360,84.1530,1.19,2025-06-17 12:45:09,69.0
0.8770,24.2840,0.5130,84.1210,1.1610,2025-06-17 12:45:09,69.0
0.88,24.3790,0.6060,84.18,1.22,2025-06-17 12:45:09,69.0
0.8780,24.2680,0.5150,84.3950,1.2240,2025-06-17 12:45:09,69.0
0.8830,24.3450,0.6520,84.0240,1.2460,2025-06-17 12:45:09,69.0
0.8720,24.3060,0.6830,84.2210,1.2040,2025-06-17 12:45:09,69.0
0.9130,24.3790,0.4610,84.1480,1.1920,2025-06-17 12:45:09,69.0
0.8780,24.3230,0.5270,84.1230,1.2340,2025-06-17 12:45:09,69.0
0.8620,24.3280,0.5620,83.8790,1.14,2025-06-17 12:45:09,69.0
0.9070,24.2380,0.5980,84.2520,1.2510,2025-06-17 12:45:09,69.0
0.8360,24.3670,0.3190,84.2020,1.11,2025-06-17 12:50:10,70.0
0.8790,24.3290,0.4940,83.9890,1.2130,2025-06-17 12:50:10,70.0
0.8920,24.3170,0.3780,83.7260,1.3030,2025-06-17 12:50:10,70.0
0.8810,24.3060,0.5060,84.0010,1.21,2025-06-17 12:50:10,70.0
0.92,24.3530,0.3850,84.2160,1.2930,2025-06-17 12:50:10,70.0
0.8790,24.3790,0.5050,84.2710,1.2030,2025-06-17 12:50:10,70.0
0.89,24.2910,0.6370,83.9960,1.2820,2025-06-17 12:50:10,70.0
0.8820,24.2660,0.3120,84.2020,1.3150,2025-06-17 12:50:10,70.0
0.8770,24.3040,0.3540,83.9880,1.2960,2025-06-17 12:50:10,70.0
0.8880,24.2510,0.4730,83.9910,1.3010,2025-06-17 12:50:10,70.0
0.8690,24.3750,0.6580,84.2750,1.20,2025-06-17 12:50:10,70.0
0.8730,24.2580,0.4590,84.0030,1.2150,2025-06-17 12:50:10,70.0
0.8580,24.1850,0.4260,84.1780,1.3350,2025-06-17 12:50:10,70.0
0.8950,24.3730,0.3390,83.8480,1.2120,2025-06-17 12:50:10,70.0
0.8810,24.2670,0.3530,84.1940,1.29,2025-06-17 12:50:10,70.0
0.8420,24.3340,0.5410,84.1920,1.1560,2025-06-17 12:50:10,70.0
0.90,24.3430,0.5690,84.10,1.2860,2025-06-17 12:50:10,70.0
0.8730,24.3180,0.7370,83.9270,1.2630,2025-06-17 12:50:10,70.0
0.90,24.3030,0.3620,84.0040,1.2720,2025-06-17 12:50:10,70.0
0.89,24.2620,0.4480,84.1360,1.2430,2025-06-17 12:50:10,70.0
0.8730,24.3990,0.4520,83.7020,1.2870,2025-06-17 13:00:11,71.0
0.86,24.3350,0.7040,84.2220,1.2380,2025-06-17 13:00:11,71.0
0.8440,24.2520,0.4270,84.3150,1.1720,2025-06-17 13:00:11,71.0
0.9020,24.4960,0.38,83.8860,1.1990,2025-06-17 13:00:11,71.0
0.8660,24.4440,0.3890,83.8520,1.2350,2025-06-17 13:00:11,71.0
0.90,24.3630,0.6110,84.1110,1.2470,2025-06-17 13:00:11,71.0
0.8960,24.3740,0.5250,83.9750,1.2730,2025-06-17 13:00:11,71.0
0.9160,24.4050,0.4230,84.0090,1.3310,2025-06-17 13:00:11,71.0
0.8320,24.2790,0.4920,83.82,1.1470,2025-06-17 13:00:11,71.0
0.8630,24.4520,0.5870,84.3030,1.2890,2025-06-17 13:00:11,71.0
0.8880,24.3520,0.6010,83.94,1.2740,2025-06-17 13:00:11,71.0
0.8970,24.4540,0.3030,83.8880,1.25,2025-06-17 13:00:11,71.0
0.8620,24.3360,0.3070,84.23,1.2440,2025-06-17 13:00:11,71.0
0.88,24.3040,0.3310,84.1890,1.18,2025-06-17 13:00:11,71.0
0.90,24.3930,0.4550,84.1750,1.33,2025-06-17 13:00:11,71.0
0.8990,24.4080,0.3380,83.8890,1.2790,2025-06-17 13:00:11,71.0
0.8780,24.48,0.5340,83.9610,1.2710,2025-06-17 13:00:11,71.0
0.90,24.30,0.3860,84.1250,1.3050,2025-06-17 13:00:11,71.0
0.9230,24.3530,0.4960,83.8470,1.3040,2025-06-17 13:00:11,71.0
0.8930,24.2550,0.3070,83.6790,1.3350,2025-06-17 13:00:11,71.0
0.8780,24.2650,0.9140,84.21,1.2210,2025-06-17 18:59:49,72.0
0.8770,24.2510,0.4520,83.97,1.2270,2025-06-17 18:59:49,72.0
0.8680,24.2080,0.4970,84.43,1.2280,2025-06-17 18:59:49,72.0
0.8770,24.2570,0.8060,84.14,1.2460,2025-06-17 18:59:49,72.0
0.8890,24.2370,0.3920,84.27,1.3350,2025-06-17 18:59:49,72.0
0.8890,24.2720,0.3990,83.89,1.2170,2025-06-17 18:59:49,72.0
0.87,24.2520,0.3840,84.33,1.2560,2025-06-17 18:59:49,72.0
0.8820,24.2570,0.3840,83.92,1.2880,2025-06-17 18:59:49,72.0
0.86,24.2450,0.4270,83.96,1.2190,2025-06-17 18:59:49,72.0
0.9060,24.2880,0.48,84.48,1.2760,2025-06-17 18:59:49,72.0
0.8540,24.27,0.2660,83.74,1.2050,2025-06-17 18:59:49,72.0
0.8420,24.2620,0.5370,83.99,1.1450,2025-06-17 18:59:49,72.0
0.8880,24.2840,0.3820,84.02,1.2930,2025-06-17 18:59:49,72.0
0.8760,24.2620,0.1680,83.75,1.2160,2025-06-17 18:59:49,72.0
0.9050,24.2570,0.3770,84.22,1.2610,2025-06-17 18:59:49,72.0
0.9320,24.27,0.4440,84.09,1.43,2025-06-17 18:59:49,72.0
0.86,24.3140,0.46,84.19,1.1950,2025-06-17 18:59:49,72.0
0.8680,24.2760,0.5730,83.98,1.1430,2025-06-17 18:59:49,72.0
0.9090,24.2910,0.3240,84.08,1.21,2025-06-17 18:59:49,72.0
0.8740,24.27,0.4170,84.28,1.2090,2025-06-17 18:59:49,72.0
0.9110,24.2970,0.4390,84.18,1.3430,2025-06-17 19:04:51,73.0
0.8740,24.3290,0.6050,84.49,1.2230,2025-06-17 19:04:51,73.0
0.8540,24.35,0.3690,83.92,1.2250,2025-06-17 19:04:51,73.0
0.8870,24.3140,0.3320,84.10,1.3020,2025-06-17 19:04:51,73.0
0.8970,24.3450,0.6130,84.14,1.2320,2025-06-17 19:04:51,73.0
0.8730,24.3250,0.4320,83.84,1.1990,2025-06-17 19:04:51,73.0
0.8520,24.3420,0.56,83.92,1.1630,2025-06-17 19:04:51,73.0
0.8840,24.37,0.3390,84.23,1.1950,2025-06-17 19:04:51,73.0
0.8820,24.36,0.57,84.19,1.21,2025-06-17 19:04:51,73.0
0.8660,24.2680,0.3060,84.11,1.2310,2025-06-17 19:04:51,73.0
0.8550,24.33,0.2540,84.16,1.1380,2025-06-17 19:04:51,73.0
0.8680,24.3770,0.4270,84.34,1.2810,2025-06-17 19:04:51,73.0
0.8920,24.3660,0.6480,84,1.2940,2025-06-17 19:04:51,73.0
0.9030,24.3380,0.4020,84.06,1.2750,2025-06-17 19:04:51,73.0
0.8670,24.2160,0.5350,84.05,1.2290,2025-06-17 19:04:51,73.0
0.8790,24.3150,0.4220,84,1.2110,2025-06-17 19:04:51,73.0
0.8510,24.3610,0.3640,84.02,1.2450,2025-06-17 19:04:51,73.0
0.8830,24.3360,0.3390,84.14,1.2260,2025-06-17 19:04:51,73.0
0.8360,24.2240,0.5780,84.18,1.2340,2025-06-17 19:04:51,73.0
0.8480,24.2690,0.2960,83.77,1.1060,2025-06-17 19:04:51,73.0
0.9160,24.2520,0.3670,83.98,1.2240,2025-06-17 19:09:52,74.0
0.8930,24.3380,0.59,83.91,1.2390,2025-06-17 19:09:52,74.0
0.91,24.1320,0.3370,84.03,1.3760,2025-06-17 19:09:52,74.0
0.8720,24.2350,0.4920,84.05,1.2270,2025-06-17 19:09:52,74.0
0.9030,24.2890,0.3990,83.93,1.1930,2025-06-17 19:09:52,74.0
0.8730,24.1350,0.3970,83.78,1.2020,2025-06-17 19:09:52,74.0
0.91,24.2650,0.3520,83.87,1.3180,2025-06-17 19:09:52,74.0
0.9070,24.3260,0.6080,83.90,1.2760,2025-06-17 19:09:52,74.0
0.8820,24.1630,0.3870,83.88,1.4040,2025-06-17 19:09:52,74.0
0.8710,24.3010,0.3740,83.92,1.2060,2025-06-17 19:09:52,74.0
0.8580,24.1150,0.4070,84.11,1.2840,2025-06-17 19:09:52,74.0
0.9230,24.2380,0.3690,83.71,1.30,2025-06-17 19:09:52,74.0
0.8930,24.1840,0.2610,84.05,1.1880,2025-06-17 19:09:52,74.0
0.90,24.3240,0.3940,83.67,1.31,2025-06-17 19:09:52,74.0
0.89,24.2830,0.4040,84.01,1.25,2025-06-17 19:09:52,74.0
0.8850,24.3740,0.3090,83.99,1.2610,2025-06-17 19:09:52,74.0
0.8780,24.2750,0.5850,83.77,1.2360,2025-06-17 19:09:52,74.0
0.9090,24.2780,0.1880,84.08,1.32,2025-06-17 19:09:52,74.0
0.92,24.3720,0.3920,84.16,1.3450,2025-06-17 19:09:52,74.0
0.8790,24.30,0.2710,83.91,1.2590,2025-06-17 19:09:52,74.0
0.8570,24.3230,0.3770,84.34,1.2570,2025-06-17 21:09:59,75.0
0.8570,24.2630,0.4070,84,1.1840,2025-06-17 21:09:59,75.0
0.8610,24.2760,0.3790,83.84,1.25,2025-06-17 21:09:59,75.0
0.8720,24.35,0.4540,83.98,1.18,2025-06-17 21:09:59,75.0
0.8670,24.2760,0.3740,83.92,1.1690,2025-06-17 21:09:59,75.0
0.8890,24.27,0.3670,83.83,1.2560,2025-06-17 21:09:59,75.0
0.8520,24.2580,0.4420,83.88,1.1580,2025-06-17 21:09:59,75.0
0.8720,24.2440,0.4170,84.07,1.2690,2025-06-17 21:09:59,75.0
0.9090,24.2880,0.5850,84.26,1.2440,2025-06-17 21:09:59,75.0
0.8920,24.3050,0.48,84.01,1.2460,2025-06-17 21:09:59,75.0
0.9090,24.28,0.5150,84.19,1.2630,2025-06-17 21:09:59,75.0
0.9030,24.3140,0.3360,83.92,1.3030,2025-06-17 21:09:59,75.0
0.8770,24.3530,0.3290,84.08,1.3130,2025-06-17 21:09:59,75.0
0.8720,24.2570,0.7980,83.93,1.2330,2025-06-17 21:09:59,75.0
0.8740,24.2410,0.6230,84.11,1.2290,2025-06-17 21:09:59,75.0
0.9110,24.2590,0.4440,83.96,1.2840,2025-06-17 21:09:59,75.0
0.8660,24.2360,0.51,84.39,1.2960,2025-06-17 21:09:59,75.0
0.8770,24.2790,0.2860,84.02,1.2390,2025-06-17 21:09:59,75.0
0.8910,24.2690,0.6650,84.25,1.2270,2025-06-17 21:09:59,75.0
0.8920,24.3230,0.4590,84.17,1.2460,2025-06-17 21:09:59,75.0
0.8920,24.3950,0.4820,84.31,1.3140,2025-06-17 21:15:01,76.0
0.8970,24.3670,0.4970,83.86,1.3120,2025-06-17 21:15:01,76.0
0.8930,24.3370,0.4290,84.21,1.3140,2025-06-17 21:15:01,76.0
0.88,24.27,0.2690,84.06,1.2290,2025-06-17 21:15:01,76.0
0.8690,24.3220,0.4520,84.19,1.2060,2025-06-17 21:15:01,76.0
0.8780,24.3170,0.48,84.55,1.2850,2025-06-17 21:15:01,76.0
0.8850,24.35,0.3290,84.36,1.2370,2025-06-17 21:15:01,76.0
0.8640,24.34,0.6950,83.96,1.1840,2025-06-17 21:15:01,76.0
0.8940,24.42,0.3440,84.11,1.2050,2025-06-17 21:15:01,76.0
0.8640,24.2250,0.4170,83.77,1.2250,2025-06-17 21:15:01,76.0
0.8490,24.2980,0.3490,84.24,1.2260,2025-06-17 21:15:01,76.0
0.8970,24.3520,0.6230,84.29,1.28,2025-06-17 21:15:01,76.0
0.91,24.37,0.5320,83.99,1.2250,2025-06-17 21:15:01,76.0
0.87,24.2890,0.68,84.20,1.2340,2025-06-17 21:15:01,76.0
0.8640,24.3450,0.2940,84.09,1.2330,2025-06-17 21:15:01,76.0
0.8780,24.30,0.3720,83.90,1.2610,2025-06-17 21:15:01,76.0
0.8590,24.2590,0.4220,84.28,1.1920,2025-06-17 21:15:01,76.0
0.88,24.44,0.4120,84.06,1.2480,2025-06-17 21:15:01,76.0
0.8860,24.35,0.4040,84.31,1.2780,2025-06-17 21:15:01,76.0
0.8490,24.2180,0.2660,83.92,1.2240,2025-06-17 21:15:01,76.0
0.89,24.2510,0.2840,83.96,1.2590,2025-06-17 21:20:02,77.0
0.8760,24.3420,0.2810,84.09,1.1930,2025-06-17 21:20:02,77.0
0.8910,24.3940,0.4270,84.27,1.2120,2025-06-17 21:20:02,77.0
0.90,24.3820,0.3440,84.01,1.27,2025-06-17 21:20:02,77.0
0.8960,24.3370,0.3770,83.98,1.26,2025-06-17 21:20:02,77.0
0.8840,24.39,0.2990,83.68,1.2410,2025-06-17 21:20:02,77.0
0.8640,24.2480,0.2940,84.06,1.1910,2025-06-17 21:20:02,77.0
0.91,24.3270,0.3560,83.93,1.2950,2025-06-17 21:20:02,77.0
0.8860,24.2660,0.4340,83.82,1.2690,2025-06-17 21:20:02,77.0
0.8610,24.3290,0.5420,83.64,1.2570,2025-06-17 21:20:02,77.0
0.9170,24.36,0.2710,83.78,1.24,2025-06-17 21:20:02,77.0
0.8720,24.36,0.3010,83.88,1.2160,2025-06-17 21:20:02,77.0
0.8890,24.3280,0.7060,83.88,1.2720,2025-06-17 21:20:02,77.0
0.8750,24.3450,0.3990,83.93,1.2350,2025-06-17 21:20:02,77.0
0.9010,24.3440,0.3310,83.71,1.3040,2025-06-17 21:20:02,77.0
0.8830,24.3110,0.57,83.94,1.2390,2025-06-17 21:20:02,77.0
0.8740,24.3520,0.3520,84.01,1.2510,2025-06-17 21:20:02,77.0
0.88,24.3430,0.6380,83.92,1.2620,2025-06-17 21:20:02,77.0
0.8690,24.3630,0.5350,83.84,1.18,2025-06-17 21:20:02,77.0
0.8330,24.21,0.2890,83.79,1.1440,2025-06-17 21:20:02,77.0
0.9690,24.1430,0.7850,83.9960,1.0610,2025-09-23 11:14:22,78.0
0.9680,24.14,0.7540,83.4730,0.9950,2025-09-23 11:14:22,78.0
1,24.3650,0.6210,83.8530,1.1470,2025-09-23 11:14:22,78.0
0.9640,24.3050,0.6160,83.9210,1.0460,2025-09-23 11:14:22,78.0
0.9770,24.2970,1.0550,83.73,1.0860,2025-09-23 11:14:22,78.0
0.9930,24.41,0.6150,83.5820,1.1680,2025-09-23 11:14:22,78.0
1.0290,24.3830,0.5390,84.0040,1.0230,2025-09-23 11:14:22,78.0
0.9830,24.1690,0.8290,83.7250,1.0710,2025-09-23 11:14:22,78.0
0.9480,24.3530,0.6370,83.9170,1.0180,2025-09-23 11:14:22,78.0
0.9580,24.3310,0.6870,83.5020,1.0630,2025-09-23 11:14:22,78.0
0.9590,24.2230,0.6490,83.8070,1.0820,2025-09-23 11:14:22,78.0
0.9610,24.3540,0.6990,84.10,1.0330,2025-09-23 11:14:22,78.0
0.9660,24.2760,0.6140,83.8870,1.1280,2025-09-23 11:14:22,78.0
0.9820,24.2760,0.5630,83.9730,1.0570,2025-09-23 11:14:22,78.0
0.9820,24.3410,0.6550,84.0660,1.0920,2025-09-23 11:14:22,78.0
0.9710,24.3480,0.6940,83.6180,1.0530,2025-09-23 11:14:22,78.0
0.98,24.4020,0.5820,84.0710,1.0670,2025-09-23 11:14:22,78.0
0.9460,24.3460,0.6390,83.8720,1.01,2025-09-23 11:14:22,78.0
0.9530,24.2410,0.9260,83.9960,0.9420,2025-09-23 11:14:22,78.0
0.99,24.25,0.6080,83.8550,1.07,2025-09-23 11:14:22,78.0
0.8770,24.1090,0.48,84.2570,1.3230,2025-10-20 13:24:37,79.0
0.8520,24.1790,0.4110,84.1740,1.3310,2025-10-20 13:24:37,79.0
0.91,24.1360,0.3650,84.3330,1.3710,2025-10-20 13:24:37,79.0
0.9180,24.0720,0.6560,84.4770,1.4240,2025-10-20 13:24:37,79.0
0.8790,24.1560,0.3750,84.0330,1.4070,2025-10-20 13:24:37,79.0
0.8850,24.1540,0.3470,84.2040,1.3270,2025-10-20 13:24:37,79.0
0.8650,24.2470,0.5110,84.13,1.3420,2025-10-20 13:24:37,79.0
0.8730,24.1630,0.4140,84.2120,1.3020,2025-10-20 13:24:37,79.0
0.8870,24.2090,0.3170,84.2930,1.4010,2025-10-20 13:24:37,79.0
0.8810,24.2080,0.5290,84.0590,1.2360,2025-10-20 13:24:37,79.0
0.8830,24.0790,0.4660,84.0840,1.2420,2025-10-20 13:24:37,79.0
0.8790,24.17,0.5870,84.2110,1.3240,2025-10-20 13:24:37,79.0
0.88,24.2010,0.5020,83.8790,1.2820,2025-10-20 13:24:37,79.0
0.8530,24.1320,0.4140,84.2130,1.3240,2025-10-20 13:24:37,79.0
0.8630,24.2130,0.51,84.0650,1.3220,2025-10-20 13:24:37,79.0
0.8390,24.2140,0.3480,84.2130,1.2870,2025-10-20 13:24:37,79.0
0.8570,24.1110,0.40,84.3460,1.4010,2025-10-20 13:24:37,79.0
0.8520,24.0340,0.5210,84.3050,1.2530,2025-10-20 13:24:37,79.0
0.8730,24.0420,0.6190,84.2290,1.3750,2025-10-20 13:24:37,79.0
0.9020,24.2520,0.5990,84.0360,1.3880,2025-10-20 13:24:37,79.0
0.9040,24.3420,0.7570,83.8860,1.3320,2025-10-20 13:54:43,80.0
0.88,24.22,0.5970,83.9240,1.1930,2025-10-20 13:54:43,80.0
0.9140,24.2850,0.6560,83.8760,1.29,2025-10-20 13:54:43,80.0
0.8670,24.3390,0.5350,83.8810,1.25,2025-10-20 13:54:43,80.0
0.8620,24.1320,0.7810,83.9950,1.1960,2025-10-20 13:54:43,80.0
0.9020,24.2930,0.5880,84.1630,1.2710,2025-10-20 13:54:43,80.0
0.8420,24.3340,0.5560,83.99,1.2280,2025-10-20 13:54:43,80.0
0.87,24.2270,0.5630,84.1210,1.2960,2025-10-20 13:54:43,80.0
0.8670,24.3870,0.6270,84.0150,1.3090,2025-10-20 13:54:43,80.0
0.9120,24.2410,0.6210,84.1040,1.4040,2025-10-20 13:54:43,80.0
0.8620,24.2840,0.8190,83.9340,1.20,2025-10-20 13:54:43,80.0
0.8810,24.1250,0.6770,83.8020,1.2280,2025-10-20 13:54:43,80.0
0.8840,24.1760,0.4560,83.9670,1.2490,2025-10-20 13:54:43,80.0
0.8840,24.1530,0.4380,83.7930,1.1850,2025-10-20 13:54:43,80.0
0.8830,24.2750,0.8460,83.94,1.2950,2025-10-20 13:54:43,80.0
0.85,24.21,0.5930,83.7510,1.2110,2025-10-20 13:54:43,80.0
0.8720,24.2260,0.5690,84.1590,1.2520,2025-10-20 13:54:43,80.0
0.8690,24.3440,0.82,84.0130,1.2320,2025-10-20 13:54:43,80.0
0.9210,24.2630,0.8310,84.1420,1.3210,2025-10-20 13:54:43,80.0
0.8530,24.3280,0.5970,83.9030,1.2270,2025-10-20 13:54:43,80.0
0.8610,24.24,0.5240,84.0690,1.3340,2025-10-20 19:04:47,81.0
0.8870,24.1140,0.3760,84.0160,1.2290,2025-10-20 19:04:47,81.0
0.88,24.1630,0.5620,84.2590,1.3420,2025-10-20 19:04:47,81.0
0.9140,24.25,0.3850,84.1910,1.3870,2025-10-20 19:04:47,81.0
0.8660,24.1550,0.3460,83.8610,1.3420,2025-10-20 19:04:47,81.0
0.8840,24.2110,0.3680,84.0070,1.3840,2025-10-20 19:04:47,81.0
0.8670,24.1140,0.3850,84.1310,1.3060,2025-10-20 19:04:47,81.0
0.8760,24.3010,0.4390,84.1350,1.3460,2025-10-20 19:04:47,81.0
0.8870,24.1580,0.4940,83.9060,1.3650,2025-10-20 19:04:47,81.0
0.8820,24.2550,0.3770,84.12,1.2890,2025-10-20 19:04:47,81.0
0.8520,24.2290,0.4150,83.9470,1.2330,2025-10-20 19:04:47,81.0
0.8750,24.1210,0.3590,84.1990,1.3040,2025-10-20 19:04:47,81.0
0.8790,24.2920,0.4640,84.0160,1.2490,2025-10-20 19:04:47,81.0
0.8410,24.1780,0.4650,84.0420,1.2660,2025-10-20 19:04:47,81.0
0.8270,24.2020,0.7460,84.0220,1.3090,2025-10-20 19:04:47,81.0
0.87,24.08,0.4070,84.27,1.3190,2025-10-20 19:04:47,81.0
0.86,24.2740,0.4370,84.0990,1.1950,2025-10-20 19:04:47,81.0
0.8740,24.1540,0.4770,84.24,1.4010,2025-10-20 19:04:47,81.0
0.87,24.1790,0.5470,84.1230,1.3010,2025-10-20 19:04:47,81.0
0.8540,24.11,0.3690,83.9760,1.2980,2025-10-20 19:04:47,81.0
0.8990,24.2720,0.6630,84.25,1.3890,2025-10-20 19:06:47,82.0
0.8650,24.2010,0.5680,83.99,1.24,2025-10-20 19:06:47,82.0
0.88,24.2320,0.4770,84.04,1.35,2025-10-20 19:06:47,82.0
0.8740,24.1290,0.4320,84.24,1.2910,2025-10-20 19:06:47,82.0
0.8590,24.2450,0.4750,83.98,1.2530,2025-10-20 19:06:47,82.0
0.8560,24.1910,0.4220,84.13,1.3090,2025-10-20 19:06:47,82.0
0.8640,24.2190,0.4750,84,1.3350,2025-10-20 19:06:47,82.0
0.8820,24.2340,0.4140,84.14,1.2220,2025-10-20 19:06:47,82.0
0.8650,24.1380,0.5830,84.36,1.3610,2025-10-20 19:06:47,82.0
0.8480,24.2250,0.4320,84.05,1.3340,2025-10-20 19:06:47,82.0
0.85,24.1140,0.5320,84.16,1.29,2025-10-20 19:06:47,82.0
0.8240,24.2410,0.4020,84.27,1.2840,2025-10-20 19:06:47,82.0
0.8520,24.1040,0.4620,84.09,1.2750,2025-10-20 19:06:47,82.0
0.8720,24.1950,0.59,83.98,1.3550,2025-10-20 19:06:47,82.0
0.8690,24.2580,0.6580,84.16,1.3010,2025-10-20 19:06:47,82.0
0.8510,24.1260,0.4370,83.99,1.3840,2025-10-20 19:06:47,82.0
0.8710,24.2210,0.4850,83.92,1.3410,2025-10-20 19:06:47,82.0
0.8890,24.2230,0.7280,84.18,1.3550,2025-10-20 19:06:47,82.0
0.8850,24.21,0.5930,84.31,1.3480,2025-10-20 19:06:47,82.0
0.8370,24.1550,0.3490,83.86,1.3050,2025-10-20 19:06:47,82.0
0.8750,24.2870,0.4270,84.12,1.3450,2025-10-20 19:11:49,83.0
0.8740,24.2050,0.6130,84.01,1.2730,2025-10-20 19:11:49,83.0
0.8590,24.1560,0.1980,84.49,1.2820,2025-10-20 19:11:49,83.0
0.8830,24.2480,0.5070,84.06,1.31,2025-10-20 19:11:49,83.0
0.8440,24.1620,0.6050,83.77,1.1840,2025-10-20 19:11:49,83.0
0.8220,24.1830,0.9040,83.95,1.3220,2025-10-20 19:11:49,83.0
0.8630,24.20,0.54,84.35,1.2660,2025-10-20 19:11:49,83.0
0.8550,24.22,0.4340,84.22,1.3690,2025-10-20 19:11:49,83.0
0.9040,24.2720,0.4070,84.38,1.3610,2025-10-20 19:11:49,83.0
0.8520,24.2870,0.5950,84.15,1.2420,2025-10-20 19:11:49,83.0
0.8560,24.1890,0.3190,83.90,1.2860,2025-10-20 19:11:49,83.0
0.88,24.2520,0.3590,83.90,1.2870,2025-10-20 19:11:49,83.0
0.8670,24.2140,0.5830,83.99,1.2660,2025-10-20 19:11:49,83.0
0.8490,24.18,0.2160,84.42,1.2240,2025-10-20 19:11:49,83.0
0.84,24.2280,0.3290,84.25,1.1970,2025-10-20 19:11:49,83.0
0.8730,24.2140,0.4040,84.35,1.2550,2025-10-20 19:11:49,83.0
0.88,24.2420,0.6230,83.94,1.36,2025-10-20 19:11:49,83.0
0.9020,24.2250,0.3820,84.05,1.4330,2025-10-20 19:11:49,83.0
0.88,24.2010,0.3870,84.22,1.3710,2025-10-20 19:11:49,83.0
0.8470,24.28,0.3570,84.06,1.2490,2025-10-20 19:11:49,83.0
0.8940,24.1930,0.5460,84.2930,1.4470,2025-10-20 21:14:53,84.0
0.8590,24.16,0.3570,84.21,1.3160,2025-10-20 21:14:53,84.0
0.8560,24.2770,0.2080,83.7880,1.2940,2025-10-20 21:14:53,84.0
0.8860,24.2860,0.7460,84.2640,1.3710,2025-10-20 21:14:53,84.0
0.8720,24.16,0.5660,84.1480,1.2360,2025-10-20 21:14:53,84.0
0.88,24.12,0.4180,83.8960,1.35,2025-10-20 21:14:53,84.0
0.8480,24.2370,0.5760,84.3740,1.38,2025-10-20 21:14:53,84.0
0.8680,24.1660,0.6170,84.2270,1.3840,2025-10-20 21:14:53,84.0
0.8780,24.1570,0.5260,84.5340,1.3330,2025-10-20 21:14:53,84.0
0.8550,24.2510,0.4450,84.0640,1.3010,2025-10-20 21:14:53,84.0
0.8610,24.1750,0.5030,84.1540,1.3490,2025-10-20 21:14:53,84.0
0.8920,24.1480,0.6280,84.2050,1.3130,2025-10-20 21:14:53,84.0
0.8810,24.1210,0.4790,84.1390,1.2450,2025-10-20 21:14:53,84.0
0.8510,24.2070,0.3410,84.30,1.2040,2025-10-20 21:14:53,84.0
0.8790,24.1770,0.5560,84.0340,1.2740,2025-10-20 21:14:53,84.0
0.8750,24.2410,0.3940,84.3360,1.3290,2025-10-20 21:14:53,84.0
0.8690,24.2140,0.5610,83.9840,1.3060,2025-10-20 21:14:53,84.0
0.9060,24.2510,0.4550,84.6530,1.4260,2025-10-20 21:14:53,84.0
0.8770,24.2110,0.3980,84.5880,1.3150,2025-10-20 21:14:53,84.0
0.87,24.1680,0.3940,84.1560,1.3160,2025-10-20 21:14:53,84.0
0.8430,24.2490,0.3820,84.2630,1.1930,2025-10-20 21:19:54,85.0
0.8540,24.3460,0.5580,84.2240,1.3170,2025-10-20 21:19:54,85.0
0.8750,24.3740,0.7140,84.3990,1.2560,2025-10-20 21:19:54,85.0
0.8430,24.2370,0.3520,83.7620,1.1940,2025-10-20 21:19:54,85.0
0.8430,24.09,0.3630,84.1790,1.3070,2025-10-20 21:19:54,85.0
0.85,24.2270,0.47,83.9440,1.3650,2025-10-20 21:19:54,85.0
0.8690,24.1070,0.3510,84.4430,1.3070,2025-10-20 21:19:54,85.0
0.8370,24.0690,0.6120,84.2970,1.2680,2025-10-20 21:19:54,85.0
0.8380,24.3190,0.4690,83.9740,1.2460,2025-10-20 21:19:54,85.0
0.8460,24.3470,0.4110,83.7130,1.2490,2025-10-20 21:19:54,85.0
0.8420,24.2410,0.4570,84.1180,1.2730,2025-10-20 21:19:54,85.0
0.8530,24.3010,0.4370,84.3980,1.2980,2025-10-20 21:19:54,85.0
0.8720,24.2420,0.3630,84.3910,1.3160,2025-10-20 21:19:54,85.0
0.8470,24.1160,0.4070,84.1080,1.3030,2025-10-20 21:19:54,85.0
0.8560,24.2970,0.3040,84.2140,1.3050,2025-10-20 21:19:54,85.0
0.8260,24.2830,0.2730,83.9470,1.2160,2025-10-20 21:19:54,85.0
0.8660,24.25,0.4010,84.0070,1.2490,2025-10-20 21:19:54,85.0
0.8620,24.2050,0.5350,84.3140,1.3460,2025-10-20 21:19:54,85.0
0.8470,24.1970,0.7050,84.1740,1.2370,2025-10-20 21:19:54,85.0
0.8220,24.1780,0.4510,83.7780,1.3370,2025-10-20 21:19:54,85.0
0.8790,24.1910,0.3920,84.2160,1.4150,2025-10-20 21:29:55,86.0
0.8850,24.2480,0.47,83.94,1.36,2025-10-20 21:29:55,86.0
0.8840,24.3230,0.4320,84.34,1.3620,2025-10-20 21:29:55,86.0
0.8780,24.2220,0.54,84.1750,1.3350,2025-10-20 21:29:55,86.0
0.8810,24.2750,0.4110,84.0260,1.5020,2025-10-20 21:29:55,86.0
0.8720,24.1820,0.3780,84.1780,1.3660,2025-10-20 21:29:55,86.0
0.83,24.2450,0.5840,83.9310,1.2810,2025-10-20 21:29:55,86.0
0.90,24.1760,0.2980,84.3210,1.4490,2025-10-20 21:29:55,86.0
0.8780,24.1590,0.4370,84.3110,1.48,2025-10-20 21:29:55,86.0
0.8590,24.26,0.5190,83.97,1.2990,2025-10-20 21:29:55,86.0
0.8980,24.26,0.3920,84.1440,1.3840,2025-10-20 21:29:55,86.0
0.8780,24.3020,0.4040,84.1520,1.3830,2025-10-20 21:29:55,86.0
0.8860,24.2490,0.3630,84.2520,1.3670,2025-10-20 21:29:55,86.0
0.8690,24.27,0.5920,83.9270,1.2980,2025-10-20 21:29:55,86.0
0.8730,24.3320,0.5530,84.0170,1.4220,2025-10-20 21:29:55,86.0
0.9080,24.2550,0.5960,84.1290,1.4080,2025-10-20 21:29:55,86.0
0.8710,24.2270,0.52,84.0150,1.3470,2025-10-20 21:29:55,86.0
0.8830,24.2350,0.3970,84.26,1.4060,2025-10-20 21:29:55,86.0
0.9030,24.2650,0.76,84.24,1.37,2025-10-20 21:29:55,86.0
0.8760,24.3210,0.6160,83.9810,1.3280,2025-10-20 21:29:55,86.0
0.8680,24.1490,0.6330,84.2630,1.2250,2025-10-21 10:29:39,87.0
0.88,24.1010,0.4250,83.8290,1.2780,2025-10-21 10:29:39,87.0
0.8740,24.1670,0.3920,84.21,1.2170,2025-10-21 10:29:39,87.0
0.8720,24.27,0.4970,84.2940,1.2420,2025-10-21 10:29:39,87.0
0.8660,24.1210,0.6470,84.24,1.2480,2025-10-21 10:29:39,87.0
0.9060,24.3510,0.4240,84.1660,1.2550,2025-10-21 10:29:39,87.0
0.9120,24.1680,0.6150,84.2040,1.2950,2025-10-21 10:29:39,87.0
0.8770,24.2810,0.3430,84.1710,1.1710,2025-10-21 10:29:39,87.0
0.8780,24.37,0.4560,84.0320,1.2490,2025-10-21 10:29:39,87.0
0.8690,24.1960,0.4870,84.1890,1.3090,2025-10-21 10:29:39,87.0
0.8590,24.1280,0.4620,83.9580,1.1870,2025-10-21 10:29:39,87.0
0.8770,24.3570,0.4090,84.1380,1.1740,2025-10-21 10:29:39,87.0
0.8830,24.0720,0.4160,84.2140,1.1960,2025-10-21 10:29:39,87.0
0.8710,24.3160,0.5010,84.1840,1.1820,2025-10-21 10:29:39,87.0
0.87,24.2220,0.5190,84.0590,1.1870,2025-10-21 10:29:39,87.0
0.8970,24.17,0.3040,84.3550,1.30,2025-10-21 10:29:39,87.0
0.8520,24.2250,0.3380,84.1290,1.1520,2025-10-21 10:29:39,87.0
0.8990,24.2160,0.3370,84.0120,1.2220,2025-10-21 10:29:39,87.0
0.87,24.28,0.4660,84.2020,1.26,2025-10-21 10:29:39,87.0
0.8940,24.02,0.5560,84.0520,1.2880,2025-10-21 10:29:39,87.0
0.8550,24.2540,0.5370,84.21,1.2070,2025-10-21 10:30:41,88.0
0.8550,24.1410,0.65,84.12,1.1990,2025-10-21 10:30:41,88.0
0.8630,24.2460,0.4320,84.21,1.2420,2025-10-21 10:30:41,88.0
0.87,24.2540,0.5150,84.22,1.14,2025-10-21 10:30:41,88.0
0.8710,24.1310,0.5980,83.88,1.2170,2025-10-21 10:30:41,88.0
0.8210,24.0850,0.3920,84.37,1.1710,2025-10-21 10:30:41,88.0
0.89,24.1770,0.3690,84.14,1.32,2025-10-21 10:30:41,88.0
0.8740,24.1420,0.51,84.20,1.2210,2025-10-21 10:30:41,88.0
0.8880,24.18,0.4120,84.03,1.2790,2025-10-21 10:30:41,88.0
0.8730,24.2970,0.3720,84.19,1.2320,2025-10-21 10:30:41,88.0
0.84,24.1550,0.2840,84.31,1.2490,2025-10-21 10:30:41,88.0
0.88,24.1470,0.53,84.34,1.2070,2025-10-21 10:30:41,88.0
0.9080,24.22,0.3590,84.06,1.2610,2025-10-21 10:30:41,88.0
0.8550,24.2350,0.9470,84.34,1.1870,2025-10-21 10:30:41,88.0
0.8920,24.3280,0.5780,84.11,1.2860,2025-10-21 10:30:41,88.0
0.8390,24.1110,0.4350,84.50,1.2050,2025-10-21 10:30:41,88.0
0.88,24.1920,0.5220,84.34,1.1570,2025-10-21 10:30:41,88.0
0.8760,24.1530,0.3470,84.19,1.2210,2025-10-21 10:30:41,88.0
0.8650,24.10,0.7990,84.36,1.2360,2025-10-21 10:30:41,88.0
0.8750,24.1310,0.4340,84.25,1.2940,2025-10-21 10:30:41,88.0
0.8680,24.2130,0.5570,83.95,1.2630,2025-10-21 10:35:43,89.0
0.8550,24.1520,0.49,84.05,1.2470,2025-10-21 10:35:43,89.0
0.8550,24.1640,0.8360,83.92,1.1220,2025-10-21 10:35:43,89.0
0.8940,24.27,0.4190,83.91,1.3230,2025-10-21 10:35:43,89.0
0.8790,24.1980,0.3470,84.38,1.2730,2025-10-21 10:35:43,89.0
0.8810,24.1730,0.3840,84.20,1.2410,2025-10-21 10:35:43,89.0
0.8480,24.20,0.49,83.88,1.1810,2025-10-21 10:35:43,89.0
0.8830,24.2870,0.65,84.44,1.2170,2025-10-21 10:35:43,89.0
0.8540,24.1320,0.4190,83.77,1.1470,2025-10-21 10:35:43,89.0
0.89,24.2680,0.5850,84.42,1.3080,2025-10-21 10:35:43,89.0
0.8540,24.1060,0.58,84,1.1870,2025-10-21 10:35:43,89.0
0.8520,24.1890,0.7160,84.22,1.2140,2025-10-21 10:35:43,89.0
0.8940,24.2050,0.3690,84.01,1.2690,2025-10-21 10:35:43,89.0
0.8620,24.2260,0.3890,84.35,1.2050,2025-10-21 10:35:43,89.0
0.8850,24.1870,0.3620,84.37,1.2170,2025-10-21 10:35:43,89.0
0.8650,24.1850,0.4370,83.89,1.2370,2025-10-21 10:35:43,89.0
0.8720,24.2140,0.5120,83.81,1.2430,2025-10-21 10:35:43,89.0
0.88,24.1860,0.4670,83.65,1.2280,2025-10-21 10:35:43,89.0
0.8720,24.1410,0.4470,83.80,1.2340,2025-10-21 10:35:43,89.0
0.8660,24.2330,0.5380,84.05,1.2720,2025-10-21 10:35:43,89.0
0.8260,24.2280,0.4750,84.3650,1.1810,2025-10-21 12:59:47,90.0
0.8450,24.0170,0.5340,84.0260,1.1870,2025-10-21 12:59:47,90.0
0.8410,24.0560,0.7430,84.1850,1.1960,2025-10-21 12:59:47,90.0
0.8680,24.3610,0.52,83.9230,1.2360,2025-10-21 12:59:47,90.0
0.8860,24.3320,0.3120,84.1390,1.1690,2025-10-21 12:59:47,90.0
0.8580,24.1940,0.5550,83.7640,1.1810,2025-10-21 12:59:47,90.0
0.8910,24.2010,0.4570,84.0950,1.2330,2025-10-21 12:59:47,90.0
0.8610,24.2430,0.3790,83.9020,1.2550,2025-10-21 12:59:47,90.0
0.8630,24.2440,0.4330,83.8550,1.1570,2025-10-21 12:59:47,90.0
0.8360,24.1850,0.4840,83.9570,1.14,2025-10-21 12:59:47,90.0
0.8750,24.19,0.4040,84.0030,1.2460,2025-10-21 12:59:47,90.0
0.8410,24.15,0.3960,84.3170,1.22,2025-10-21 12:59:47,90.0
0.84,24.0990,0.73,83.8050,1.2520,2025-10-21 12:59:47,90.0
0.8590,24.1840,0.3880,84.1310,1.1390,2025-10-21 12:59:47,90.0
0.8850,24.2830,0.5980,84.1370,1.2730,2025-10-21 12:59:47,90.0
0.8380,24.1190,0.4190,83.8730,1.17,2025-10-21 12:59:47,90.0
0.8420,24.0210,0.5880,83.74,1.1760,2025-10-21 12:59:47,90.0
0.8330,24.1690,0.62,84.2690,1.1730,2025-10-21 12:59:47,90.0
0.8640,24.2410,0.4320,84.24,1.2110,2025-10-21 12:59:47,90.0
0.8460,24.2110,0.5960,84.0430,1.1730,2025-10-21 12:59:47,90.0
0.9230,24.2110,0.4810,84.1780,1.3010,2025-10-21 13:04:49,91.0
0.8710,24.1720,0.46,84.1150,1.2960,2025-10-21 13:04:49,91.0
0.8780,24.1460,0.5140,84.19,1.2630,2025-10-21 13:04:49,91.0
0.8950,24.1470,0.3470,84.1010,1.2730,2025-10-21 13:04:49,91.0
0.8550,24.1970,0.4380,84.0090,1.2790,2025-10-21 13:04:49,91.0
0.8670,24.2540,0.4250,84.02,1.3370,2025-10-21 13:04:49,91.0
0.88,24.11,0.4390,84.0610,1.2660,2025-10-21 13:04:49,91.0
0.8630,24.1160,0.7220,84.0130,1.2750,2025-10-21 13:04:49,91.0
0.8410,24.0950,0.61,83.9120,1.2080,2025-10-21 13:04:49,91.0
0.8570,24.1860,0.3830,84.0340,1.3480,2025-10-21 13:04:49,91.0
0.8750,24.2270,0.4730,84.1870,1.3480,2025-10-21 13:04:49,91.0
0.8710,24.2230,0.4180,84.3180,1.2290,2025-10-21 13:04:49,91.0
0.8640,24.1640,0.4790,84.4380,1.2270,2025-10-21 13:04:49,91.0
0.88,24.2580,0.5440,84.36,1.2680,2025-10-21 13:04:49,91.0
0.8490,24.13,0.5890,84.1770,1.2880,2025-10-21 13:04:49,91.0
0.8760,24.2010,0.5040,84.1880,1.2720,2025-10-21 13:04:49,91.0
0.8740,24.3170,0.3760,84.2040,1.2310,2025-10-21 13:04:49,91.0
0.8930,24.2080,0.29,84.2330,1.3690,2025-10-21 13:04:49,91.0
0.8730,24.2350,0.4460,83.9450,1.3380,2025-10-21 13:04:49,91.0
0.8790,24.0790,0.61,83.9140,1.2560,2025-10-21 13:04:49,91.0
0.8420,24.2410,0.4770,83.96,1.2160,2025-10-21 19:06:04,92.0
0.8730,24.25,0.6930,84.31,1.4590,2025-10-21 19:06:04,92.0
0.8420,24.1970,0.53,84.12,1.31,2025-10-21 19:06:04,92.0
0.8630,24.2310,0.5320,84.20,1.28,2025-10-21 19:06:04,92.0
0.8460,24.2770,0.6860,84.10,1.3470,2025-10-21 19:06:04,92.0
0.8710,24.2720,0.5020,84,1.3080,2025-10-21 19:06:04,92.0
0.8590,24.2520,0.5170,83.98,1.2010,2025-10-21 19:06:04,92.0
0.8780,24.2590,0.5780,84.14,1.3540,2025-10-21 19:06:04,92.0
0.8760,24.2720,0.4040,84.25,1.2660,2025-10-21 19:06:04,92.0
0.8420,24.19,0.7260,84.15,1.2030,2025-10-21 19:06:04,92.0
0.8620,24.2220,0.4420,84.12,1.3340,2025-10-21 19:06:04,92.0
0.8830,24.2570,0.3420,84.39,1.3760,2025-10-21 19:06:04,92.0
0.8880,24.25,0.3010,83.93,1.3480,2025-10-21 19:06:04,92.0
0.8610,24.2010,0.5930,84.24,1.34,2025-10-21 19:06:04,92.0
0.86,24.3150,0.4220,83.98,1.3310,2025-10-21 19:06:04,92.0
0.8590,24.3120,0.49,84.31,1.3270,2025-10-21 19:06:04,92.0
0.8730,24.2710,0.61,84.01,1.2290,2025-10-21 19:06:04,92.0
0.8360,24.2010,0.2460,84.13,1.2060,2025-10-21 19:06:04,92.0
0.8440,24.1990,0.4670,84.03,1.2890,2025-10-21 19:06:04,92.0
0.8410,24.2030,0.4550,84.18,1.2880,2025-10-21 19:06:04,92.0
,,,84,,2025-10-21 19:06:04,92.0
0.8610,24.1480,0.3690,83.8150,1.2570,2025-10-21 19:35:04,93.0
0.8840,24.1270,0.77,84.1650,1.2440,2025-10-21 19:35:04,93.0
0.8680,24.2290,0.4170,84.2580,1.2860,2025-10-21 19:35:04,93.0
0.8640,24.2570,0.4090,83.5280,1.3120,2025-10-21 19:35:04,93.0
0.86,24.1720,0.51,84.34,1.2780,2025-10-21 19:35:04,93.0
0.8850,24.3040,0.2770,84.1620,1.3690,2025-10-21 19:35:04,93.0
0.8870,24.2850,0.3170,84.1160,1.3930,2025-10-21 19:35:04,93.0
0.8740,24.1770,0.3880,83.6770,1.3470,2025-10-21 19:35:04,93.0
0.8810,24.2770,0.3950,84.1930,1.2750,2025-10-21 19:35:04,93.0
0.8820,24.2680,0.3740,83.9020,1.3170,2025-10-21 19:35:04,93.0
0.88,24.2590,0.5080,84.0850,1.3170,2025-10-21 19:35:04,93.0
0.8440,24.29,0.59,83.3380,1.3480,2025-10-21 19:35:04,93.0
0.8690,24.1820,0.4610,83.9240,1.3920,2025-10-21 19:35:04,93.0
0.8680,24.2160,0.4260,84.1980,1.3490,2025-10-21 19:35:04,93.0
0.8920,24.2380,0.5930,84.0150,1.4130,2025-10-21 19:35:04,93.0
0.8950,24.1940,0.5440,84.0370,1.4290,2025-10-21 19:35:04,93.0
0.8510,24.2840,0.5520,83.5720,1.3350,2025-10-21 19:35:04,93.0
0.8560,24.1860,0.3250,83.8330,1.3190,2025-10-21 19:35:04,93.0
0.8830,24.24,0.29,84.0730,1.2780,2025-10-21 19:35:04,93.0
0.86,24.16,0.6940,83.7480,1.2480,2025-10-21 19:35:04,93.0
0.8590,24.2040,0.4620,84.1920,1.2710,2025-10-21 21:15:05,94.0
0.8490,24.3030,0.5980,84.4380,1.4090,2025-10-21 21:15:05,94.0
0.85,24.20,0.4110,84.1230,1.33,2025-10-21 21:15:05,94.0
0.8510,24.2410,0.7630,83.7470,1.3010,2025-10-21 21:15:05,94.0
0.8560,24.2620,0.6330,83.8450,1.2760,2025-10-21 21:15:05,94.0
0.8750,24.2940,0.4540,84.1820,1.2370,2025-10-21 21:15:05,94.0
0.8810,24.1870,0.3720,84.0750,1.2690,2025-10-21 21:15:05,94.0
0.8780,24.2210,0.4720,83.9240,1.1980,2025-10-21 21:15:05,94.0
0.8850,24.1790,0.3980,83.88,1.2490,2025-10-21 21:15:05,94.0
0.8660,24.3690,0.4660,83.9620,1.2510,2025-10-21 21:15:05,94.0
0.8810,24.1450,0.3460,84.21,1.3250,2025-10-21 21:15:05,94.0
0.8840,24.1960,0.3780,84.0170,1.3860,2025-10-21 21:15:05,94.0
0.8520,24.2060,0.5080,84.1890,1.22,2025-10-21 21:15:05,94.0
0.8380,24.2210,0.5640,83.9940,1.3040,2025-10-21 21:15:05,94.0
0.8490,24.2550,0.4750,84.0040,1.1660,2025-10-21 21:15:05,94.0
0.8370,24.1960,0.6840,84.33,1.34,2025-10-21 21:15:05,94.0
0.8830,24.2410,0.4460,84.2190,1.2890,2025-10-21 21:15:05,94.0
0.8420,24.2180,0.4550,84.1220,1.2850,2025-10-21 21:15:05,94.0
0.8640,24.1970,0.4390,84.01,1.2970,2025-10-21 21:15:05,94.0
0.8450,24.1290,0.5350,83.9550,1.2870,2025-10-21 21:15:05,94.0
0.8610,24.2510,0.4920,83.7020,1.2740,2025-10-21 21:20:06,95.0
0.8720,24.2430,0.39,83.3180,1.2730,2025-10-21 21:20:06,95.0
0.8490,24.17,0.5480,83.7730,1.2750,2025-10-21 21:20:06,95.0
0.8590,24.2240,0.31,83.6840,1.2880,2025-10-21 21:20:06,95.0
0.8840,24.4010,0.3950,84.1530,1.3320,2025-10-21 21:20:06,95.0
0.8730,24.2760,0.4780,83.4170,1.2810,2025-10-21 21:20:06,95.0
0.8540,24.1650,0.2950,83.6210,1.2010,2025-10-21 21:20:06,95.0
0.8960,24.2270,0.3660,84.0630,1.3550,2025-10-21 21:20:06,95.0
0.8770,24.2730,0.5290,83.8460,1.3390,2025-10-21 21:20:06,95.0
0.8430,24.2590,0.3540,84.2780,1.2960,2025-10-21 21:20:06,95.0
0.8980,24.1640,0.4840,84.1680,1.3190,2025-10-21 21:20:06,95.0
0.8750,24.2950,0.6120,83.9120,1.3160,2025-10-21 21:20:06,95.0
0.8810,24.1450,0.3490,84.19,1.2660,2025-10-21 21:20:06,95.0
0.8950,24.1840,0.6050,84.0150,1.2230,2025-10-21 21:20:06,95.0
0.8770,24.16,0.2640,84.0150,1.2190,2025-10-21 21:20:06,95.0
0.8410,24.1080,0.5230,83.5810,1.2160,2025-10-21 21:20:06,95.0
0.8640,24.1860,0.4850,84.0210,1.2520,2025-10-21 21:20:06,95.0
0.8410,23.9820,0.7680,84.18,1.2570,2025-10-21 21:20:06,95.0
0.8790,24.2570,0.5330,83.9580,1.2170,2025-10-21 21:20:06,95.0
0.8840,24.2720,0.4130,83.9960,1.3760,2025-10-21 21:20:06,95.0
0.8770,24.3270,0.3570,84.0370,1.3330,2025-10-21 21:25:07,96.0
0.8750,24.1860,0.6360,84.1720,1.2760,2025-10-21 21:25:07,96.0
0.8850,24.2960,0.42,84.3370,1.2450,2025-10-21 21:25:07,96.0
0.8740,24.2820,0.2860,84.0260,1.2940,2025-10-21 21:25:07,96.0
0.8770,24.0790,0.4040,84.18,1.3530,2025-10-21 21:25:07,96.0
0.8560,24.2680,0.8130,84.1720,1.3260,2025-10-21 21:25:07,96.0
0.88,24.3050,0.3690,84.0060,1.3780,2025-10-21 21:25:07,96.0
0.8610,24.2590,0.3990,84.4230,1.2250,2025-10-21 21:25:07,96.0
0.8960,24.2520,0.5160,84.31,1.31,2025-10-21 21:25:07,96.0
0.8590,24.0760,0.4070,84.1910,1.2340,2025-10-21 21:25:07,96.0
0.8750,24.0930,0.46,84.3360,1.34,2025-10-21 21:25:07,96.0
0.90,24.2720,0.63,84.2260,1.2610,2025-10-21 21:25:07,96.0
0.8920,24.3360,0.6360,83.8650,1.3160,2025-10-21 21:25:07,96.0
0.8810,24.17,0.3280,84.18,1.2980,2025-10-21 21:25:07,96.0
0.8710,24.2850,0.3020,84.1230,1.2640,2025-10-21 21:25:07,96.0
0.9030,24.2160,0.4890,84.1240,1.3170,2025-10-21 21:25:07,96.0
0.84,24.3140,0.8050,83.8670,1.1980,2025-10-21 21:25:07,96.0
0.89,24.3670,0.4380,84.1150,1.2980,2025-10-21 21:25:07,96.0
0.90,24.2760,0.75,84.0160,1.3660,2025-10-21 21:25:07,96.0
0.89,24.1920,0.4210,83.9270,1.2480,2025-10-21 21:25:07,96.0
0.89,24.3140,0.5270,84.0220,1.3050,2025-10-22 10:50:41,97.0
0.8610,24.3560,0.4550,84.1320,1.2640,2025-10-22 10:50:41,97.0
0.88,24.2970,0.5940,83.9570,1.3420,2025-10-22 10:50:41,97.0
0.8810,24.2520,0.3660,83.8810,1.2360,2025-10-22 10:50:41,97.0
0.8940,24.16,0.3590,83.8360,1.2770,2025-10-22 10:50:41,97.0
0.85,24.2120,0.4070,84.1150,1.2580,2025-10-22 10:50:41,97.0
0.9090,24.2460,0.4150,84.0790,1.3180,2025-10-22 10:50:41,97.0
0.8830,24.2370,0.5360,84.17,1.3630,2025-10-22 10:50:41,97.0
0.8990,24.1990,0.6570,84.3370,1.2890,2025-10-22 10:50:41,97.0
0.8980,24.2080,0.47,83.9630,1.2960,2025-10-22 10:50:41,97.0
0.8660,24.2830,0.60,83.9290,1.3420,2025-10-22 10:50:41,97.0
0.85,24.2390,0.4350,84.2380,1.2150,2025-10-22 10:50:41,97.0
0.8950,24.2110,0.5460,84.0440,1.3220,2025-10-22 10:50:41,97.0
0.8350,24.2480,0.58,83.6960,1.2530,2025-10-22 10:50:41,97.0
0.8370,24.27,0.3060,83.80,1.1840,2025-10-22 10:50:41,97.0
0.8340,24.1450,0.3040,84.1180,1.2080,2025-10-22 10:50:41,97.0
0.8990,24.2080,0.3790,83.89,1.2440,2025-10-22 10:50:41,97.0
0.8610,24.3030,0.3030,84.1890,1.3390,2025-10-22 10:50:41,97.0
0.8560,24.2430,0.26,84.2580,1.3150,2025-10-22 10:50:41,97.0
0.8550,24.2520,0.5490,84.0020,1.2770,2025-10-22 10:50:41,97.0
0.8610,24.23,0.5950,84.03,1.2470,2025-10-22 10:57:11,98.0
0.8880,24.1820,0.5580,84.31,1.3590,2025-10-22 10:57:11,98.0
0.8740,24.2520,0.4190,84.25,1.2510,2025-10-22 10:57:11,98.0
0.8770,24.18,0.3440,84.01,1.3580,2025-10-22 10:57:11,98.0
0.8770,24.3270,0.5020,84.25,1.2930,2025-10-22 10:57:11,98.0
0.8550,24.3360,0.4570,84.04,1.3360,2025-10-22 10:57:11,98.0
0.8620,24.1770,0.4220,84.21,1.3330,2025-10-22 10:57:11,98.0
0.8740,24.3340,0.4350,84.14,1.39,2025-10-22 10:57:11,98.0
0.8510,24.1780,0.3620,84.34,1.3390,2025-10-22 10:57:11,98.0
0.8990,24.1960,0.6710,84.05,1.3160,2025-10-22 10:57:11,98.0
0.8960,24.4310,0.6280,84.05,1.3510,2025-10-22 10:57:11,98.0
0.8390,24.3550,0.3770,84.01,1.2190,2025-10-22 10:57:11,98.0
0.8360,24.1990,0.5320,84.28,1.20,2025-10-22 10:57:11,98.0
0.86,24.1630,0.3340,83.88,1.2680,2025-10-22 10:57:11,98.0
0.8750,24.16,0.5880,84.27,1.2870,2025-10-22 10:57:11,98.0
0.8510,24.1670,0.3890,84.03,1.2450,2025-10-22 10:57:11,98.0
0.8910,24.2530,0.3920,84.53,1.3450,2025-10-22 10:57:11,98.0
0.8790,24.35,0.4190,84.46,1.3510,2025-10-22 10:57:11,98.0
0.8710,24.4190,0.3670,84.09,1.2420,2025-10-22 10:57:11,98.0
0.8890,24.33,0.47,84.14,1.2750,2025-10-22 10:57:11,98.0
0.8660,24.2980,0.6650,84.06,1.2560,2025-10-22 11:02:13,99.0
0.8720,24.1920,0.3370,84.12,1.2960,2025-10-22 11:02:13,99.0
0.8640,24.2630,0.6080,83.85,1.31,2025-10-22 11:02:13,99.0
0.8640,24.2090,0.4370,84.09,1.32,2025-10-22 11:02:13,99.0
0.8630,24.2990,0.4440,83.57,1.2390,2025-10-22 11:02:13,99.0
0.8660,24.2790,0.45,83.60,1.3050,2025-10-22 11:02:13,99.0
0.9010,24.3220,0.5150,84.35,1.3180,2025-10-22 11:02:13,99.0
0.89,24.1970,0.65,84.28,1.35,2025-10-22 11:02:13,99.0
0.8680,24.2330,0.4420,83.73,1.3760,2025-10-22 11:02:13,99.0
0.8670,24.1720,0.3920,83.93,1.31,2025-10-22 11:02:13,99.0
0.8590,24.17,0.57,84.07,1.2830,2025-10-22 11:02:13,99.0
0.8490,24.2780,0.3340,83.89,1.2520,2025-10-22 11:02:13,99.0
0.8590,24.2450,0.2740,83.93,1.2730,2025-10-22 11:02:13,99.0
0.84,24.2220,0.6810,84.18,1.2450,2025-10-22 11:02:13,99.0
0.8930,24.2650,0.3590,83.60,1.3290,2025-10-22 11:02:13,99.0
0.8690,24.1960,0.5350,84.14,1.2580,2025-10-22 11:02:13,99.0
0.8590,24.18,0.3890,83.73,1.2250,2025-10-22 11:02:13,99.0
0.87,24.3050,0.4570,84.32,1.3040,2025-10-22 11:02:13,99.0
0.8750,24.2670,0.4920,84.25,1.2270,2025-10-22 11:02:13,99.0
0.8790,24.2910,0.7080,83.68,1.3450,2025-10-22 11:02:13,99.0
0.8530,24.1970,0.6750,84.1650,1.2650,2025-10-22 13:00:48,100.0
0.8390,24.1720,0.4280,84.0230,1.2430,2025-10-22 13:00:48,100.0
0.89,24.21,0.3490,83.9920,1.2940,2025-10-22 13:00:48,100.0
0.8490,24.1210,0.4460,84.0250,1.2780,2025-10-22 13:00:48,100.0
0.8430,24.1790,0.4760,83.9540,1.2270,2025-10-22 13:00:48,100.0
0.8980,24.1250,0.3430,83.9790,1.3890,2025-10-22 13:00:48,100.0
0.8750,24.2750,0.8420,83.96,1.3240,2025-10-22 13:00:48,100.0
0.8510,24.3790,0.6210,83.8650,1.2560,2025-10-22 13:00:48,100.0
0.8450,24.1330,0.6120,84.1640,1.3260,2025-10-22 13:00:48,100.0
0.8250,24.2140,0.5670,83.9940,1.2510,2025-10-22 13:00:48,100.0
0.8450,24.16,0.5610,83.8420,1.3490,2025-10-22 13:00:48,100.0
0.8590,24.2340,0.5070,84.2880,1.3340,2025-10-22 13:00:48,100.0
0.8670,24.0940,0.5130,84.1010,1.2760,2025-10-22 13:00:48,100.0
0.8430,24.14,0.5510,84.2820,1.2670,2025-10-22 13:00:48,100.0
0.8550,24.3520,0.5280,84.0820,1.3640,2025-10-22 13:00:48,100.0
0.8530,24.09,0.5250,84.3090,1.3360,2025-10-22 13:00:48,100.0
0.8530,24.3680,0.5530,84.0020,1.2890,2025-10-22 13:00:48,100.0
0.8350,24.31,0.5040,83.9830,1.2710,2025-10-22 13:00:48,100.0
0.88,24.0950,0.4430,83.8920,1.2660,2025-10-22 13:00:48,100.0
0.8240,24.1590,0.62,84.1180,1.23,2025-10-22 13:00:48,100.0
0.8890,24.1970,0.5440,84.4290,1.24,2025-10-22 13:05:49,101.0
0.8890,24.1560,0.3730,84.2830,1.2390,2025-10-22 13:05:49,101.0
0.8990,24.1680,0.30,84.3440,1.4410,2025-10-22 13:05:49,101.0
0.8660,24.1780,0.3480,84.01,1.3030,2025-10-22 13:05:49,101.0
0.85,24.1750,0.49,84.3090,1.2570,2025-10-22 13:05:49,101.0
0.8770,24.2010,0.5630,84.0910,1.4070,2025-10-22 13:05:49,101.0
0.8940,24.0820,0.4110,84.06,1.4330,2025-10-22 13:05:49,101.0
0.86,24.1630,0.5080,84.3320,1.4290,2025-10-22 13:05:49,101.0
0.9030,24.21,0.4070,84.2030,1.4040,2025-10-22 13:05:49,101.0
0.8680,24.1590,0.4530,84.2880,1.3450,2025-10-22 13:05:49,101.0
0.8660,24.0990,0.3410,84.1420,1.2510,2025-10-22 13:05:49,101.0
0.8650,24.0770,0.49,84.3420,1.2880,2025-10-22 13:05:49,101.0
0.8690,24.2030,0.3620,84.2090,1.3140,2025-10-22 13:05:49,101.0
0.8740,24.1380,0.3580,83.82,1.2670,2025-10-22 13:05:49,101.0
0.8950,24.2020,0.3830,84.0970,1.3410,2025-10-22 13:05:49,101.0
0.8310,24.1260,0.4230,83.9670,1.3430,2025-10-22 13:05:49,101.0
0.8510,24.1120,0.4250,84.1910,1.3590,2025-10-22 13:05:49,101.0
0.8220,24.0720,0.3830,84.26,1.2470,2025-10-22 13:05:49,101.0
0.8730,24.0630,0.6120,84.2620,1.4060,2025-10-22 13:05:49,101.0
0.8640,24.1410,0.4240,83.8290,1.3250,2025-10-22 13:05:49,101.0
0.9060,24.1240,0.41,84.2520,1.3780,2025-10-22 13:40:56,102.0
0.8720,24.1170,0.5630,84.2230,1.2650,2025-10-22 13:40:56,102.0
0.8820,24.2660,0.6430,83.9910,1.3090,2025-10-22 13:40:56,102.0
0.8740,24.1820,0.3650,83.8530,1.2880,2025-10-22 13:40:56,102.0
0.8560,24.1670,0.2660,84.2490,1.3020,2025-10-22 13:40:56,102.0
0.8690,24.1560,0.3710,83.9480,1.3360,2025-10-22 13:40:56,102.0
0.8560,24.19,0.4290,84.18,1.3450,2025-10-22 13:40:56,102.0
0.8640,24.1830,0.47,84.2430,1.3330,2025-10-22 13:40:56,102.0
0.8850,24.1440,0.4170,84.0240,1.4250,2025-10-22 13:40:56,102.0
0.8890,24.1610,0.42,83.8990,1.3160,2025-10-22 13:40:56,102.0
0.8810,24.1960,0.4210,84.0030,1.3790,2025-10-22 13:40:56,102.0
0.8670,24.0390,0.3490,84.2960,1.3380,2025-10-22 13:40:56,102.0
0.8970,24.2130,0.4630,84.2550,1.3450,2025-10-22 13:40:56,102.0
0.9080,24.0910,0.4140,84.0540,1.4340,2025-10-22 13:40:56,102.0
0.8810,24.1540,0.75,83.9660,1.2740,2025-10-22 13:40:56,102.0
0.8650,24.1060,0.3350,84.1370,1.2780,2025-10-22 13:40:56,102.0
0.8720,24.1130,0.3740,84.3360,1.3290,2025-10-22 13:40:56,102.0
0.8450,24.1760,0.4270,84.2830,1.2360,2025-10-22 13:40:56,102.0
0.8550,24.2320,0.7320,84.4430,1.2450,2025-10-22 13:40:56,102.0
0.8250,24.2370,0.4240,84.0920,1.1920,2025-10-22 13:40:56,102.0
0.8930,24.1620,0.4020,84.10,1.3210,2025-10-22 19:10:59,103.0
0.8450,24.2350,0.6160,84.0860,1.24,2025-10-22 19:10:59,103.0
0.8750,24.3350,0.5050,84.3240,1.31,2025-10-22 19:10:59,103.0
0.8950,24.0850,0.3990,84.2570,1.39,2025-10-22 19:10:59,103.0
0.8890,24.0990,0.5620,84.32,1.3250,2025-10-22 19:10:59,103.0
0.8440,24.1570,0.5950,84.2210,1.2870,2025-10-22 19:10:59,103.0
0.8760,24.3190,0.4080,84.0330,1.30,2025-10-22 19:10:59,103.0
0.8690,24.0690,0.58,84.1190,1.2740,2025-10-22 19:10:59,103.0
0.8450,24.18,0.5140,83.9370,1.2090,2025-10-22 19:10:59,103.0
0.8820,24.1640,0.3770,84.13,1.30,2025-10-22 19:10:59,103.0
0.8470,24.3060,0.5110,84.0470,1.2690,2025-10-22 19:10:59,103.0
0.8380,24.2080,0.5880,84.03,1.2860,2025-10-22 19:10:59,103.0
0.8740,24.2320,0.3660,84.3620,1.2680,2025-10-22 19:10:59,103.0
0.8880,24.4210,0.6980,84.3530,1.29,2025-10-22 19:10:59,103.0
0.8580,24.2550,0.4950,84.1590,1.2470,2025-10-22 19:10:59,103.0
0.8830,24.2940,0.4380,84.0640,1.2310,2025-10-22 19:10:59,103.0
0.8580,24.3540,0.43,84.0020,1.1980,2025-10-22 19:10:59,103.0
0.8790,24.1850,0.5640,84.1010,1.3020,2025-10-22 19:10:59,103.0
0.8660,24.3020,0.3560,84.0770,1.2520,2025-10-22 19:10:59,103.0
0.8580,24.2120,0.4370,84.3280,1.1970,2025-10-22 19:10:59,103.0
0.8690,24.2590,0.6380,84.19,1.2620,2025-10-22 19:07:33,104.0
0.8620,24.1910,0.5170,84.10,1.1760,2025-10-22 19:07:33,104.0
0.8560,24.2810,0.4850,84.34,1.2850,2025-10-22 19:07:33,104.0
0.8920,24.3090,0.47,84.17,1.3240,2025-10-22 19:07:33,104.0
0.84,24.3370,0.48,83.69,1.2880,2025-10-22 19:07:33,104.0
0.87,24.2380,0.58,84.48,1.2840,2025-10-22 19:07:33,104.0
0.8840,24.2520,0.52,84.16,1.2650,2025-10-22 19:07:33,104.0
0.8720,24.3170,0.5450,83.93,1.22,2025-10-22 19:07:33,104.0
0.8820,24.2350,0.2660,84.14,1.2480,2025-10-22 19:07:33,104.0
0.8540,24.2410,0.3690,84.04,1.2740,2025-10-22 19:07:33,104.0
0.8470,24.33,0.5170,84.07,1.2650,2025-10-22 19:07:33,104.0
0.8840,24.23,0.52,83.92,1.2770,2025-10-22 19:07:33,104.0
0.8670,24.2340,0.4220,84.16,1.3270,2025-10-22 19:07:33,104.0
0.8940,24.2420,0.4470,84.06,1.3140,2025-10-22 19:07:33,104.0
0.8420,24.3320,0.4170,84.05,1.2570,2025-10-22 19:07:33,104.0
0.87,24.2310,0.4370,84.16,1.2570,2025-10-22 19:07:33,104.0
0.9040,24.2990,0.51,84.01,1.3470,2025-10-22 19:07:33,104.0
0.88,24.2790,0.4420,84.11,1.3630,2025-10-22 19:07:33,104.0
0.8620,24.2760,0.3340,84,1.2730,2025-10-22 19:07:33,104.0
0.8770,24.3180,0.6130,84.06,1.2620,2025-10-22 19:07:33,104.0
0.8790,24.2290,0.5270,84.04,1.2880,2025-10-22 19:12:34,105.0
0.8590,24.2250,0.3440,83.67,1.3190,2025-10-22 19:12:34,105.0
0.87,24.3160,0.2460,83.64,1.2850,2025-10-22 19:12:34,105.0
0.8570,24.1970,0.3370,83.64,1.3480,2025-10-22 19:12:34,105.0
0.8570,24.1950,0.60,84.21,1.3080,2025-10-22 19:12:34,105.0
0.8610,24.1730,0.6980,84.29,1.3240,2025-10-22 19:12:34,105.0
0.8370,24.1970,0.3340,84.04,1.2640,2025-10-22 19:12:34,105.0
0.9020,24.1920,0.3110,83.96,1.3430,2025-10-22 19:12:34,105.0
0.85,24.2870,0.4720,83.40,1.26,2025-10-22 19:12:34,105.0
0.8610,24.3050,0.3620,84.20,1.2880,2025-10-22 19:12:34,105.0
0.8210,24.2050,0.49,84.22,1.1750,2025-10-22 19:12:34,105.0
0.8580,24.2060,0.2960,83.78,1.3080,2025-10-22 19:12:34,105.0
0.8330,24.2840,0.3820,84.35,1.1840,2025-10-22 19:12:34,105.0
0.8990,24.2160,0.49,84.28,1.3950,2025-10-22 19:12:34,105.0
0.8820,24.1970,0.50,83.89,1.2530,2025-10-22 19:12:34,105.0
0.8750,24.2080,0.43,84.01,1.3170,2025-10-22 19:12:34,105.0
0.8610,24.17,0.5070,84.20,1.3620,2025-10-22 19:12:34,105.0
0.8810,24.2530,0.56,83.92,1.2720,2025-10-22 19:12:34,105.0
0.85,24.24,0.5170,83.93,1.3110,2025-10-22 19:12:34,105.0
0.8550,24.2040,0.5930,83.65,1.3570,2025-10-22 19:12:34,105.0
0.89,24.1660,0.47,84.2020,1.3940,2025-10-22 21:11:06,106.0
0.86,24.2590,0.5290,83.9860,1.3660,2025-10-22 21:11:06,106.0
0.8450,24.1990,0.4860,83.87,1.3130,2025-10-22 21:11:06,106.0
0.8880,24.1370,0.5710,84.1340,1.43,2025-10-22 21:11:06,106.0
0.8720,24.25,0.7910,84.0930,1.2770,2025-10-22 21:11:06,106.0
0.85,24.21,0.36,83.9880,1.3240,2025-10-22 21:11:06,106.0
0.8740,24.2290,0.4440,84.1570,1.3560,2025-10-22 21:11:06,106.0
0.8640,24.1670,0.4950,84.0390,1.39,2025-10-22 21:11:06,106.0
0.8660,24.1530,0.4290,84.20,1.3610,2025-10-22 21:11:06,106.0
0.89,24.1320,0.5310,83.92,1.2460,2025-10-22 21:11:06,106.0
0.8790,24.11,0.53,84.1950,1.3750,2025-10-22 21:11:06,106.0
0.8830,24.1920,0.3630,84.2120,1.3790,2025-10-22 21:11:06,106.0
0.8810,24.2590,0.47,84.3130,1.3140,2025-10-22 21:11:06,106.0
0.8640,24.1440,0.4350,83.8730,1.2810,2025-10-22 21:11:06,106.0
0.8920,24.2520,0.6260,84.20,1.4430,2025-10-22 21:11:06,106.0
0.8850,24.1850,0.3670,84.01,1.3480,2025-10-22 21:11:06,106.0
0.82,24.2160,0.5250,84.1730,1.20,2025-10-22 21:11:06,106.0
0.8730,24.1720,0.54,84.1420,1.3410,2025-10-22 21:11:06,106.0
0.8950,24.1930,0.4210,84.2260,1.3310,2025-10-22 21:11:06,106.0
0.8640,24.2610,0.47,83.8850,1.3040,2025-10-22 21:11:06,106.0
0.8930,24.2740,0.33,84.1930,1.3010,2025-10-22 21:16:07,107.0
0.8550,24.2660,0.3920,83.6750,1.2750,2025-10-22 21:16:07,107.0
0.8410,24.2580,0.7930,84.0180,1.2480,2025-10-22 21:16:07,107.0
0.8840,24.2450,0.3910,83.8830,1.31,2025-10-22 21:16:07,107.0
0.8570,24.2560,0.2730,83.9140,1.3130,2025-10-22 21:16:07,107.0
0.8150,24.2410,0.3160,84.4440,1.2260,2025-10-22 21:16:07,107.0
0.8690,24.2710,0.6590,84.0310,1.3050,2025-10-22 21:16:07,107.0
0.8670,24.2730,0.4870,84.1910,1.2710,2025-10-22 21:16:07,107.0
0.8440,24.2610,0.4290,83.6140,1.3450,2025-10-22 21:16:07,107.0
0.8660,24.2850,0.3480,84.3290,1.2290,2025-10-22 21:16:07,107.0
0.87,24.32,0.4770,83.4970,1.3210,2025-10-22 21:16:07,107.0
0.8650,24.1750,0.4660,84.0730,1.2770,2025-10-22 21:16:07,107.0
0.8680,24.17,0.3810,83.6870,1.3720,2025-10-22 21:16:07,107.0
0.8520,24.1930,0.3050,84.06,1.2850,2025-10-22 21:16:07,107.0
0.8460,24.10,0.6490,84.1150,1.2480,2025-10-22 21:16:07,107.0
0.8520,24.15,0.3780,84.0710,1.2890,2025-10-22 21:16:07,107.0
0.8830,24.30,0.5250,83.8620,1.31,2025-10-22 21:16:07,107.0
0.8560,24.1550,0.4470,84.1220,1.3650,2025-10-22 21:16:07,107.0
0.8860,24.3650,0.5380,84.28,1.3750,2025-10-22 21:16:07,107.0
0.8910,24.1930,0.4830,83.6750,1.3730,2025-10-22 21:16:07,107.0
0.8550,24.1610,0.5770,84.1650,1.2550,2025-10-22 21:21:08,108.0
0.86,24.1370,0.5220,84.31,1.33,2025-10-22 21:21:08,108.0
0.8760,24.1750,0.6870,84.0520,1.2570,2025-10-22 21:21:08,108.0
0.8670,24.2450,0.4580,84.2990,1.3130,2025-10-22 21:21:08,108.0
0.88,24.3360,0.4660,84.0540,1.32,2025-10-22 21:21:08,108.0
0.8450,24.3240,0.4370,83.8820,1.32,2025-10-22 21:21:08,108.0
0.8410,24.20,0.4640,83.8990,1.2820,2025-10-22 21:21:08,108.0
0.8670,24.1730,0.3030,84.28,1.3470,2025-10-22 21:21:08,108.0
0.8770,24.1480,0.5180,84.2620,1.4060,2025-10-22 21:21:08,108.0
0.8650,24.2870,0.5120,84.0740,1.3530,2025-10-22 21:21:08,108.0
0.8650,24.1680,0.2930,84.0070,1.29,2025-10-22 21:21:08,108.0
0.8770,24.1390,0.5050,84.1120,1.3470,2025-10-22 21:21:08,108.0
0.8750,24.3280,0.4650,84.27,1.3370,2025-10-22 21:21:08,108.0
0.8690,24.24,0.41,84.3370,1.2370,2025-10-22 21:21:08,108.0
0.8590,24.2410,0.39,83.9370,1.3460,2025-10-22 21:21:08,108.0
0.8470,24.1570,0.6090,84.2770,1.3840,2025-10-22 21:21:08,108.0
0.8710,24.1520,0.3090,83.9210,1.2880,2025-10-22 21:21:08,108.0
0.8750,24.29,0.3770,84.0160,1.2460,2025-10-22 21:21:08,108.0
0.8430,24.1770,0.5730,84.1080,1.2730,2025-10-22 21:21:08,108.0
0.8740,24.1380,0.5360,84.0960,1.3560,2025-10-22 21:21:08,108.0
0.8450,24.2150,0.4820,84.24,1.1480,2025-10-23 10:51:04,109.0
0.8720,24.3410,0.5420,84.1710,1.3520,2025-10-23 10:51:04,109.0
0.8980,24.3120,0.3660,83.92,1.2610,2025-10-23 10:51:04,109.0
0.8570,24.1810,0.5230,83.90,1.3150,2025-10-23 10:51:04,109.0
0.9040,24.3310,0.4410,84.1940,1.41,2025-10-23 10:51:04,109.0
0.8480,24.3250,0.5240,84.2110,1.3070,2025-10-23 10:51:04,109.0
0.8680,24.3090,0.6070,84.2820,1.1540,2025-10-23 10:51:04,109.0
0.8550,24.22,0.4420,83.9950,1.2750,2025-10-23 10:51:04,109.0
0.8720,24.25,0.4740,83.9380,1.3120,2025-10-23 10:51:04,109.0
0.8850,24.39,0.4850,84.3380,1.2580,2025-10-23 10:51:04,109.0
0.8960,24.2720,0.3420,84.2750,1.2270,2025-10-23 10:51:04,109.0
0.8330,24.3040,0.7540,84.1890,1.13,2025-10-23 10:51:04,109.0
0.88,24.2970,0.6180,84.2930,1.2520,2025-10-23 10:51:04,109.0
0.8670,24.1840,0.6450,84.3180,1.2770,2025-10-23 10:51:04,109.0
0.8870,24.3360,0.4660,83.9210,1.3390,2025-10-23 10:51:04,109.0
0.8270,24.2560,0.5460,83.7370,1.2390,2025-10-23 10:51:04,109.0
0.8710,24.3560,0.4690,84.0370,1.2890,2025-10-23 10:51:04,109.0
0.8460,24.3860,0.3710,84.2040,1.26,2025-10-23 10:51:04,109.0
0.92,24.2660,0.4620,84.3290,1.2930,2025-10-23 10:51:04,109.0
0.8670,24.2870,0.44,84.1860,1.2940,2025-10-23 10:51:04,109.0
0.89,24.2580,0.3520,84.28,1.3220,2025-10-23 10:48:11,110.0
0.8410,24.2130,0.8540,84.21,1.2390,2025-10-23 10:48:11,110.0
0.85,24.1470,0.5930,83.95,1.2730,2025-10-23 10:48:11,110.0
0.8720,24.2140,0.2740,84.33,1.2890,2025-10-23 10:48:11,110.0
0.8810,24.18,0.4270,84.07,1.3020,2025-10-23 10:48:11,110.0
0.8370,24.2320,0.4650,84.21,1.2560,2025-10-23 10:48:11,110.0
0.8730,24.2830,0.4920,84.27,1.2960,2025-10-23 10:48:11,110.0
0.8650,24.2290,0.2510,84.18,1.2330,2025-10-23 10:48:11,110.0
0.8930,24.2350,0.4170,84.10,1.2980,2025-10-23 10:48:11,110.0
0.8840,24.2710,0.6710,83.80,1.3080,2025-10-23 10:48:11,110.0
0.9280,24.2490,0.4670,84.10,1.4410,2025-10-23 10:48:11,110.0
0.8650,24.30,0.5980,84.19,1.2280,2025-10-23 10:48:11,110.0
0.8750,24.2160,0.7030,84.04,1.4130,2025-10-23 10:48:11,110.0
0.8870,24.1980,0.3940,84.01,1.3230,2025-10-23 10:48:11,110.0
0.8850,24.2110,0.3010,84.14,1.3370,2025-10-23 10:48:11,110.0
0.8540,24.2380,0.5680,83.95,1.33,2025-10-23 10:48:11,110.0
0.87,24.2270,0.52,84.09,1.2390,2025-10-23 10:48:11,110.0
0.8630,24.19,0.3540,84.03,1.2970,2025-10-23 10:48:11,110.0
0.8280,24.2280,0.3290,83.88,1.3130,2025-10-23 10:48:11,110.0
0.8850,24.2580,0.2860,83.61,1.3940,2025-10-23 10:48:11,110.0
0.8870,24.2050,0.3910,83.8640,1.2970,2025-10-23 13:01:11,111.0
0.87,24.2670,0.6340,84.2020,1.3010,2025-10-23 13:01:11,111.0
0.88,24.0920,0.5270,83.9090,1.2660,2025-10-23 13:01:11,111.0
0.8880,24.2310,0.4770,83.8270,1.2960,2025-10-23 13:01:11,111.0
0.9160,24.2460,0.3830,84.0620,1.2890,2025-10-23 13:01:11,111.0
0.8470,24.1020,0.6090,84.1970,1.3230,2025-10-23 13:01:11,111.0
0.8940,24.3040,0.4360,84.4520,1.3260,2025-10-23 13:01:11,111.0
0.9090,24.3590,0.44,83.8420,1.2620,2025-10-23 13:01:11,111.0
0.8640,24.0770,0.6570,84.1960,1.3320,2025-10-23 13:01:11,111.0
0.8720,24.0610,0.7540,84.0050,1.2460,2025-10-23 13:01:11,111.0
0.8740,24.2650,0.3990,83.8050,1.2940,2025-10-23 13:01:11,111.0
0.8830,24.33,0.3790,84.1940,1.2330,2025-10-23 13:01:11,111.0
0.8540,24.1760,0.3970,83.8670,1.2450,2025-10-23 13:01:11,111.0
0.8650,24.1160,0.4840,83.9230,1.2020,2025-10-23 13:01:11,111.0
0.8780,24.2050,0.4130,84.3420,1.2480,2025-10-23 13:01:11,111.0
0.8950,24.2540,0.53,83.7050,1.3830,2025-10-23 13:01:11,111.0
0.8740,24.1530,0.3450,84.3950,1.3350,2025-10-23 13:01:11,111.0
0.8340,24.2120,0.5360,83.8960,1.3170,2025-10-23 13:01:11,111.0
0.8930,24.1520,0.47,83.8440,1.2790,2025-10-23 13:01:11,111.0
0.8770,24.2420,0.4310,84.1510,1.27,2025-10-23 13:01:11,111.0
0.8610,24.0480,0.4140,84.5290,1.3630,2025-10-23 13:06:12,112.0
0.8770,23.9920,0.5160,83.9180,1.2910,2025-10-23 13:06:12,112.0
0.8570,24.1020,0.4440,83.6910,1.3310,2025-10-23 13:06:12,112.0
0.8560,24.0560,0.5420,84.3230,1.24,2025-10-23 13:06:12,112.0
0.8760,24.2310,0.4380,84.0830,1.2610,2025-10-23 13:06:12,112.0
0.8680,24.1140,0.4260,84.1630,1.2980,2025-10-23 13:06:12,112.0
0.8680,24.1630,0.2970,84.3710,1.3310,2025-10-23 13:06:12,112.0
0.8790,24.2910,0.5530,84.01,1.3570,2025-10-23 13:06:12,112.0
0.9120,23.9840,0.5980,84.0720,1.41,2025-10-23 13:06:12,112.0
0.8570,24.0940,0.3930,84.2160,1.2510,2025-10-23 13:06:12,112.0
0.8640,24.1660,0.7820,84.0910,1.3160,2025-10-23 13:06:12,112.0
0.9020,24.1370,0.5820,83.8860,1.3210,2025-10-23 13:06:12,112.0
0.8890,24.0470,0.3310,84.2390,1.2680,2025-10-23 13:06:12,112.0
0.9010,24.0740,0.4750,83.6830,1.2720,2025-10-23 13:06:12,112.0
0.88,24.1540,0.4640,84.2560,1.32,2025-10-23 13:06:12,112.0
0.8890,24.1260,0.5580,84.1940,1.3020,2025-10-23 13:06:12,112.0
0.8720,24.0550,0.4040,84.1950,1.2390,2025-10-23 13:06:12,112.0
0.8710,24.2110,0.4680,84.0720,1.3910,2025-10-23 13:06:12,112.0
0.90,24.1510,0.6870,84.2950,1.3090,2025-10-23 13:06:12,112.0
0.8490,23.9940,0.6220,83.9720,1.2350,2025-10-23 13:06:12,112.0
0.85,24.2340,0.4140,84.35,1.24,2025-10-23 14:23:30,113.0
0.8820,24.2590,0.3890,84.19,1.3250,2025-10-23 14:23:30,113.0
0.8950,24.2640,0.4750,84.19,1.2610,2025-10-23 14:23:30,113.0
0.8990,24.3320,0.45,84.19,1.3180,2025-10-23 14:23:30,113.0
0.8420,24.1760,0.5680,84.11,1.2260,2025-10-23 14:23:30,113.0
0.8710,24.2270,0.7330,84.30,1.3060,2025-10-23 14:23:30,113.0
0.8690,24.1760,0.3920,84.33,1.30,2025-10-23 14:23:30,113.0
0.8810,24.2610,0.7010,84.43,1.2350,2025-10-23 14:23:30,113.0
0.9140,24.2240,0.4950,84.27,1.2270,2025-10-23 14:23:30,113.0
0.8670,24.3180,0.4820,83.91,1.2080,2025-10-23 14:23:30,113.0
0.8940,24.2710,0.4850,83.91,1.2530,2025-10-23 14:23:30,113.0
0.8530,24.30,0.4820,84.13,1.21,2025-10-23 14:23:30,113.0
0.85,24.1890,0.2510,84.29,1.1950,2025-10-23 14:23:30,113.0
0.8860,24.2980,0.2910,84.22,1.2830,2025-10-23 14:23:30,113.0
0.87,24.2130,0.4370,83.94,1.2430,2025-10-23 14:23:30,113.0
0.8530,24.2030,0.4770,84.31,1.2770,2025-10-23 14:23:30,113.0
0.8780,24.2530,0.6250,84.12,1.2240,2025-10-23 14:23:30,113.0
0.8660,24.2240,0.6030,84.08,1.2110,2025-10-23 14:23:30,113.0
0.86,24.2530,0.4270,84.25,1.3240,2025-10-23 14:23:30,113.0
0.8980,24.2120,0.3820,84.09,1.3530,2025-10-23 14:23:30,113.0
0.8730,24.3140,0.3790,84.2070,1.35,2025-10-23 21:11:22,114.0
0.8670,24.1290,0.3730,84.1650,1.2660,2025-10-23 21:11:22,114.0
0.8780,24.2390,0.5870,84.0680,1.2240,2025-10-23 21:11:22,114.0
0.90,24.2250,0.5160,84.3340,1.3160,2025-10-23 21:11:22,114.0
0.8420,24.3170,0.51,84.1850,1.2550,2025-10-23 21:11:22,114.0
0.8880,24.4330,0.58,84.2510,1.2980,2025-10-23 21:11:22,114.0
0.8320,24.1870,0.3040,84.1940,1.2920,2025-10-23 21:11:22,114.0
0.8970,24.2720,0.52,84.4620,1.3530,2025-10-23 21:11:22,114.0
0.8680,24.1420,0.5690,83.9140,1.2780,2025-10-23 21:11:22,114.0
0.8430,24.1540,0.4910,83.9150,1.2390,2025-10-23 21:11:22,114.0
0.8720,24.2780,0.5230,84.0930,1.36,2025-10-23 21:11:22,114.0
0.8390,24.2490,0.6450,84.4510,1.2950,2025-10-23 21:11:22,114.0
0.8920,24.2790,0.4690,84.6040,1.2550,2025-10-23 21:11:22,114.0
0.8690,24.4020,0.7450,83.8490,1.3170,2025-10-23 21:11:22,114.0
0.8680,24.2790,0.5650,84.3250,1.2240,2025-10-23 21:11:22,114.0
0.8620,24.2970,0.4640,83.8280,1.2290,2025-10-23 21:11:22,114.0
0.9040,24.3780,0.4580,84.0120,1.2770,2025-10-23 21:11:22,114.0
0.8460,24.1950,0.6010,84.3330,1.2240,2025-10-23 21:11:22,114.0
0.8890,24.2970,0.3210,84.6380,1.2770,2025-10-23 21:11:22,114.0
0.8930,24.1840,0.5510,84.36,1.3370,2025-10-23 21:11:22,114.0
0.90,24.2160,0.5430,83.99,1.32,2025-10-23 21:16:23,115.0
0.8740,24.1990,0.5180,83.8050,1.3560,2025-10-23 21:16:23,115.0
0.8870,24.26,0.6650,84.1530,1.2840,2025-10-23 21:16:23,115.0
0.8510,24.2340,0.2650,83.7170,1.2450,2025-10-23 21:16:23,115.0
0.8510,24.2370,0.2550,83.7740,1.2210,2025-10-23 21:16:23,115.0
0.8610,24.2220,0.2950,84.2410,1.2350,2025-10-23 21:16:23,115.0
0.8480,24.2070,0.4520,83.7120,1.2330,2025-10-23 21:16:23,115.0
0.8740,24.1280,0.5740,83.8810,1.2920,2025-10-23 21:16:23,115.0
0.8580,24.2140,0.3210,84.29,1.2960,2025-10-23 21:16:23,115.0
0.8630,24.25,0.5690,83.94,1.2550,2025-10-23 21:16:23,115.0
0.8490,24.2030,0.4040,84.4370,1.2860,2025-10-23 21:16:23,115.0
0.8510,24.1940,0.3360,83.6980,1.3170,2025-10-23 21:16:23,115.0
0.8560,24.21,0.4750,83.8480,1.2490,2025-10-23 21:16:23,115.0
0.8510,24.2570,0.2550,84.1920,1.2550,2025-10-23 21:16:23,115.0
0.8390,24.1480,0.2550,84.1490,1.2360,2025-10-23 21:16:23,115.0
0.8780,24.2440,0.48,84.1180,1.2030,2025-10-23 21:16:23,115.0
0.8660,24.1230,0.3650,84.2280,1.2360,2025-10-23 21:16:23,115.0
0.8360,24.0460,0.3850,84.0040,1.2960,2025-10-23 21:16:23,115.0
0.8820,24.1890,0.3430,84.3320,1.2730,2025-10-23 21:16:23,115.0
0.8660,24.2230,0.4760,83.7260,1.3180,2025-10-23 21:16:23,115.0
0.8810,24.2030,0.65,84.1850,1.2990,2025-10-23 21:26:24,116.0
0.8760,24.1930,0.52,84.0060,1.2920,2025-10-23 21:26:24,116.0
0.8880,24.2410,0.5560,84.0030,1.3250,2025-10-23 21:26:24,116.0
0.8640,24.2990,0.6830,84.1740,1.2880,2025-10-23 21:26:24,116.0
0.8830,24.3060,0.3460,83.8930,1.30,2025-10-23 21:26:24,116.0
0.8950,24.2370,0.5290,84.34,1.3210,2025-10-23 21:26:24,116.0
0.8850,24.2190,0.6320,83.8790,1.3150,2025-10-23 21:26:24,116.0
0.90,24.2730,0.39,83.9740,1.36,2025-10-23 21:26:24,116.0
0.9070,24.2470,0.4660,84.1710,1.2060,2025-10-23 21:26:24,116.0
0.8760,24.3320,0.5190,83.8540,1.2130,2025-10-23 21:26:24,116.0
0.8670,24.28,0.4170,84.2320,1.2340,2025-10-23 21:26:24,116.0
0.8820,24.2180,0.4380,84.1370,1.3710,2025-10-23 21:26:24,116.0
0.89,24.2980,0.4380,84.1380,1.2420,2025-10-23 21:26:24,116.0
0.8950,24.2710,0.5620,83.8150,1.2060,2025-10-23 21:26:24,116.0
0.8640,24.1250,0.5250,84.1970,1.2420,2025-10-23 21:26:24,116.0
0.8850,24.3060,0.4460,84.0340,1.3870,2025-10-23 21:26:24,116.0
0.8820,24.3120,0.2580,84.0180,1.23,2025-10-23 21:26:24,116.0
0.8570,24.1510,0.7380,83.9140,1.2590,2025-10-23 21:26:24,116.0
0.8970,24.2780,0.4180,84.1860,1.30,2025-10-23 21:26:24,116.0
0.8920,24.3050,0.42,84.2220,1.3220,2025-10-23 21:26:24,116.0
