M,C,d,L,R,T,N
0.5190,16.9580,0.4760,96.9560,1.8860,2025-01-05 19:11:58,0.0
0.5350,16.9270,0.4620,97.16,2.1210,2025-01-05 19:11:58,0.0
0.5130,16.9710,0.4760,97.1970,1.8160,2025-01-05 19:11:58,0.0
0.5140,16.9870,0.4480,97.1410,1.8190,2025-01-05 19:11:58,0.0
0.52,16.9520,0.4340,96.9960,1.9830,2025-01-05 19:11:58,0.0
0.51,16.8920,0.4580,97.1720,1.9480,2025-01-05 19:11:58,0.0
0.5230,17.0650,0.4160,97.0130,1.9590,2025-01-05 19:11:58,0.0
0.5260,17.0150,0.41,97.1190,1.8920,2025-01-05 19:11:58,0.0
0.5110,16.9550,0.4650,96.9880,1.8850,2025-01-05 19:11:58,0.0
0.5460,17.1370,0.6270,97.14,2.0080,2025-01-05 19:11:58,0.0
0.5150,16.8730,0.3850,97.2530,1.9940,2025-01-05 19:11:58,0.0
0.5220,16.98,0.4550,96.9920,2.0090,2025-01-05 19:11:58,0.0
0.52,17.0180,0.3780,96.8320,1.9230,2025-01-05 19:11:58,0.0
0.5150,16.9170,0.4340,96.9360,1.9080,2025-01-05 19:11:58,0.0
0.5280,17.0090,0.4830,97.1540,1.9710,2025-01-05 19:11:58,0.0
0.5190,16.8640,0.4720,97.3650,2.0040,2025-01-05 19:11:58,0.0
0.5180,17.0120,0.5880,97.1470,1.8670,2025-01-05 19:11:58,0.0
0.5050,16.9050,0.41,97.0520,1.9590,2025-01-05 19:11:58,0.0
0.5050,16.9110,0.3570,96.9470,1.8860,2025-01-05 19:11:58,0.0
0.5080,16.9990,0.5150,97.1320,1.9090,2025-01-05 19:11:58,0.0
0.5290,16.9520,0.4380,97.02,2.0540,2025-01-05 21:02:03,1.0
0.5340,16.99,0.3990,97.0480,1.9950,2025-01-05 21:02:03,1.0
0.5350,17.0340,0.3810,96.9070,2.0280,2025-01-05 21:02:03,1.0
0.5340,17.0050,0.3750,96.8170,2.0030,2025-01-05 21:02:03,1.0
0.5320,16.9710,0.3810,97.0740,1.9970,2025-01-05 21:02:03,1.0
0.50,16.9770,0.4170,96.9750,1.7780,2025-01-05 21:02:03,1.0
0.5150,17.0240,0.4650,97.0360,1.9330,2025-01-05 21:02:03,1.0
0.52,16.9770,0.3530,97.0490,1.9640,2025-01-05 21:02:03,1.0
0.5330,17.0650,0.3960,96.8710,1.9830,2025-01-05 21:02:03,1.0
0.5350,16.93,0.49,97.1430,2.10,2025-01-05 21:02:03,1.0
0.5260,17.0810,0.42,96.9240,1.9940,2025-01-05 21:02:03,1.0
0.5220,17.0050,0.5290,96.9220,1.9330,2025-01-05 21:02:03,1.0
0.5040,16.9610,0.4660,97.0930,1.9420,2025-01-05 21:02:03,1.0
0.5530,17.0370,0.3780,97.1410,2.1090,2025-01-05 21:02:03,1.0
0.5460,17.0490,0.4170,96.8720,1.93,2025-01-05 21:02:03,1.0
0.5190,16.9550,0.5770,97.0450,1.9570,2025-01-05 21:02:03,1.0
0.53,16.9930,0.4270,97.0220,1.9610,2025-01-05 21:02:03,1.0
0.5350,17.0810,0.5850,96.81,1.99,2025-01-05 21:02:03,1.0
0.54,17.0870,0.4730,97.0450,2.0430,2025-01-05 21:02:03,1.0
0.5190,16.9610,0.4090,97.1210,2.0390,2025-01-05 21:02:03,1.0
0.5180,16.9110,0.5040,97.0750,1.9390,2025-01-06 11:05:00,2.0
0.5180,16.98,0.4340,96.9950,1.9990,2025-01-06 11:05:00,2.0
0.53,16.9870,0.5780,96.9580,2.0030,2025-01-06 11:05:00,2.0
0.5360,16.9990,0.3850,96.9520,2.0690,2025-01-06 11:05:00,2.0
0.5310,16.9240,0.4410,96.9190,2.0040,2025-01-06 11:05:00,2.0
0.5190,16.9580,0.4550,97.0920,1.8870,2025-01-06 11:05:00,2.0
0.53,16.9270,0.35,97.0570,2.0230,2025-01-06 11:05:00,2.0
0.5270,17.0430,0.3710,96.9480,1.8990,2025-01-06 11:05:00,2.0
0.5310,16.9580,0.3110,97.2720,2.0610,2025-01-06 11:05:00,2.0
0.5250,16.9330,0.4090,97.0250,2.0080,2025-01-06 11:05:00,2.0
0.5260,16.9170,0.3670,96.9780,1.9380,2025-01-06 11:05:00,2.0
0.5310,16.9650,0.3740,96.9870,2.0480,2025-01-06 11:05:00,2.0
0.53,16.9270,0.35,97.0380,1.9650,2025-01-06 11:05:00,2.0
0.5180,16.9870,0.3850,97.0510,2.0060,2025-01-06 11:05:00,2.0
0.5080,16.8860,0.5530,96.8610,1.9460,2025-01-06 11:05:00,2.0
0.5230,17.0020,0.3890,97.13,1.9490,2025-01-06 11:05:00,2.0
0.5270,16.9460,0.3710,97.0660,2.0360,2025-01-06 11:05:00,2.0
0.5160,16.9710,0.3780,97.1340,1.9570,2025-01-06 11:05:00,2.0
0.4990,16.9360,0.3610,96.89,1.81,2025-01-06 11:05:00,2.0
0.54,17.0090,0.4230,96.8950,2.0290,2025-01-06 11:05:00,2.0
0.5290,17.04,0.4580,97.0150,1.8830,2025-01-06 13:00:13,3.0
0.5270,16.9830,0.49,97.2870,1.9630,2025-01-06 13:00:13,3.0
0.5440,17.0090,0.5390,96.9080,2.0250,2025-01-06 13:00:13,3.0
0.53,17.0020,0.4790,96.7770,1.9090,2025-01-06 13:00:13,3.0
0.5440,17.0340,0.4340,96.8510,2.0010,2025-01-06 13:00:13,3.0
0.54,16.9170,0.4760,97.1540,1.9930,2025-01-06 13:00:13,3.0
0.5570,16.9960,0.5010,96.8340,2.06,2025-01-06 13:00:13,3.0
0.5250,16.9830,0.4270,96.9170,1.96,2025-01-06 13:00:13,3.0
0.5130,17.0490,0.5250,96.90,1.8390,2025-01-06 13:00:13,3.0
0.51,16.99,0.4620,96.8820,1.9030,2025-01-06 13:00:13,3.0
0.5140,16.8920,0.4480,96.85,1.9410,2025-01-06 13:00:13,3.0
0.53,17.09,0.5460,96.8110,1.9810,2025-01-06 13:00:13,3.0
0.5240,17.10,0.4480,97.1320,1.8710,2025-01-06 13:00:13,3.0
0.5150,16.9930,0.63,97.0830,2.1150,2025-01-06 13:00:13,3.0
0.5410,16.9930,0.4830,96.8020,2.0730,2025-01-06 13:00:13,3.0
0.5380,17.0370,0.3260,96.9630,1.9630,2025-01-06 13:00:13,3.0
0.5210,16.9390,0.4440,97.1480,1.8620,2025-01-06 13:00:13,3.0
0.5330,16.9210,0.5430,97.0190,1.8830,2025-01-06 13:00:13,3.0
0.5310,16.9650,0.4480,97.2260,1.9750,2025-01-06 13:00:13,3.0
0.5080,16.9390,0.4620,97.0030,1.77,2025-01-06 13:00:13,3.0
0.5180,16.9330,0.4240,97.0460,1.9360,2025-01-06 19:35:26,4.0
0.53,16.9430,0.5010,97.0080,1.9670,2025-01-06 19:35:26,4.0
0.5520,16.8990,0.4270,96.8310,2.0460,2025-01-06 19:35:26,4.0
0.5240,17.0180,0.4170,96.9220,1.9610,2025-01-06 19:35:26,4.0
0.53,17.0310,0.4690,97.1220,2.0390,2025-01-06 19:35:26,4.0
0.5170,17.0050,0.4550,96.9810,1.9370,2025-01-06 19:35:26,4.0
0.5370,17.0210,0.3890,97.1240,2.1260,2025-01-06 19:35:26,4.0
0.5250,16.9490,0.4380,96.77,2.0190,2025-01-06 19:35:26,4.0
0.5290,17.0620,0.35,96.9760,1.9570,2025-01-06 19:35:26,4.0
0.5320,16.9610,0.49,96.8780,1.96,2025-01-06 19:35:26,4.0
0.52,16.9650,0.2660,96.9490,1.8520,2025-01-06 19:35:26,4.0
0.5310,16.9550,0.4550,97.2030,2.0780,2025-01-06 19:35:26,4.0
0.5340,16.9830,0.3610,96.9560,2.06,2025-01-06 19:35:26,4.0
0.5140,17.0310,0.3750,96.9060,1.9370,2025-01-06 19:35:26,4.0
0.5190,17.0020,0.3610,96.7680,1.9410,2025-01-06 19:35:26,4.0
0.5150,16.9110,0.4060,96.9470,1.9430,2025-01-06 19:35:26,4.0
0.5360,17.0650,0.4720,97.2380,2.0370,2025-01-06 19:35:26,4.0
0.52,16.93,0.4830,96.9920,2.0070,2025-01-06 19:35:26,4.0
0.5260,17.1120,0.5460,96.8050,1.99,2025-01-06 19:35:26,4.0
0.5330,16.9390,0.4580,96.9450,2.0850,2025-01-06 19:35:26,4.0
0.5210,16.9610,0.55,97.06,1.9670,2025-01-06 21:05:30,5.0
0.52,16.9520,0.4660,97.0290,1.9570,2025-01-06 21:05:30,5.0
0.54,16.8390,0.2690,97.1230,2.0410,2025-01-06 21:05:30,5.0
0.5370,16.9520,0.3990,96.8610,2.1140,2025-01-06 21:05:30,5.0
0.5220,16.93,0.5570,96.9940,1.9150,2025-01-06 21:05:30,5.0
0.5330,17.1370,0.5350,97.0360,1.9380,2025-01-06 21:05:30,5.0
0.5440,16.9710,0.3150,97.0510,2.10,2025-01-06 21:05:30,5.0
0.5390,16.9080,0.4480,97,1.9880,2025-01-06 21:05:30,5.0
0.5080,16.9020,0.4020,96.92,1.9110,2025-01-06 21:05:30,5.0
0.52,16.8920,0.3670,96.8830,2.1430,2025-01-06 21:05:30,5.0
0.5270,16.9360,0.3990,96.8380,1.9120,2025-01-06 21:05:30,5.0
0.5170,16.8390,0.3710,96.7580,2.0270,2025-01-06 21:05:30,5.0
0.5420,17.0490,0.35,96.84,2.0390,2025-01-06 21:05:30,5.0
0.5190,16.9960,0.5150,96.8970,1.8830,2025-01-06 21:05:30,5.0
0.5410,16.9610,0.4130,96.9690,2.0930,2025-01-06 21:05:30,5.0
0.5430,16.99,0.5460,96.8840,2.0280,2025-01-06 21:05:30,5.0
0.5260,16.98,0.4170,97.1510,2.0210,2025-01-06 21:05:30,5.0
0.5440,16.9710,0.42,97.0880,2.0150,2025-01-06 21:05:30,5.0
0.5310,16.8950,0.2450,97.0380,1.9960,2025-01-06 21:05:30,5.0
0.5060,16.8860,0.3640,97.08,1.8020,2025-01-06 21:05:30,5.0
0.5130,16.9210,0.4510,96.9610,1.8730,2025-01-07 11:08:26,6.0
0.5460,17.0650,0.5320,97.0890,2.1440,2025-01-07 11:08:26,6.0
0.53,16.9390,0.5560,97.11,2.0220,2025-01-07 11:08:26,6.0
0.5180,16.9520,0.3780,97.2070,2.0110,2025-01-07 11:08:26,6.0
0.52,16.9710,0.49,96.8430,2.0340,2025-01-07 11:08:26,6.0
0.5380,17.0210,0.3920,97.2580,2.0170,2025-01-07 11:08:26,6.0
0.5360,17.0560,0.3920,97.0530,1.98,2025-01-07 11:08:26,6.0
0.5210,17.0370,0.3920,97.2340,1.9560,2025-01-07 11:08:26,6.0
0.5330,16.9870,0.3360,96.9020,2.0140,2025-01-07 11:08:26,6.0
0.5110,16.9270,0.4020,96.9970,1.9320,2025-01-07 11:08:26,6.0
0.53,16.9770,0.4090,96.9020,2.0340,2025-01-07 11:08:26,6.0
0.5190,17.0590,0.3540,97.13,1.9550,2025-01-07 11:08:26,6.0
0.5280,16.9710,0.3320,96.8670,1.9850,2025-01-07 11:08:26,6.0
0.5290,17.0310,0.3710,97.1510,1.8150,2025-01-07 11:08:26,6.0
0.5160,16.9830,0.5390,97.0790,1.9470,2025-01-07 11:08:26,6.0
0.5350,16.9390,0.4830,96.9880,1.9590,2025-01-07 11:08:26,6.0
0.5310,17.0090,0.5180,96.84,1.9610,2025-01-07 11:08:26,6.0
0.5140,16.9390,0.5250,97.0790,1.8490,2025-01-07 11:08:26,6.0
0.5280,16.9650,0.2210,96.9150,1.8890,2025-01-07 11:08:26,6.0
0.5240,16.9710,0.4790,96.8230,1.9230,2025-01-07 11:08:26,6.0
0.5250,16.9460,0.41,96.8810,1.8560,2025-01-07 13:03:35,7.0
0.5160,16.9650,0.4170,97.0880,1.9820,2025-01-07 13:03:35,7.0
0.5440,17.1250,0.4230,97.0160,1.9850,2025-01-07 13:03:35,7.0
0.5180,16.9990,0.3920,97.0070,1.9140,2025-01-07 13:03:35,7.0
0.5240,16.9930,0.4760,97.0910,2.0240,2025-01-07 13:03:35,7.0
0.5130,16.9430,0.5530,96.9610,2.0030,2025-01-07 13:03:35,7.0
0.5270,16.9870,0.4970,96.7870,1.94,2025-01-07 13:03:35,7.0
0.5280,17.0530,0.4160,97.1630,2.0160,2025-01-07 13:03:35,7.0
0.5130,16.9050,0.4450,97.09,2.0010,2025-01-07 13:03:35,7.0
0.52,16.9650,0.3010,96.9130,2.0720,2025-01-07 13:03:35,7.0
0.5210,17.0180,0.3570,97.0720,1.88,2025-01-07 13:03:35,7.0
0.5170,16.98,0.4970,97.1230,1.8190,2025-01-07 13:03:35,7.0
0.5290,16.9430,0.4340,96.9550,2.1130,2025-01-07 13:03:35,7.0
0.5130,17.0590,0.5150,97.0150,1.9090,2025-01-07 13:03:35,7.0
0.5290,17.0460,0.4510,96.8330,1.9370,2025-01-07 13:03:35,7.0
0.5170,17.0050,0.3360,97.1550,1.9050,2025-01-07 13:03:35,7.0
0.5320,17.0090,0.4130,96.8830,1.9870,2025-01-07 13:03:35,7.0
0.52,16.9360,0.4730,97.2030,2.0280,2025-01-07 13:03:35,7.0
0.5250,16.9240,0.3850,96.9730,2.0640,2025-01-07 13:03:35,7.0
0.5270,16.9390,0.4170,96.8530,2.0590,2025-01-07 13:03:35,7.0
0.5220,17.0460,0.4790,96.9570,2.0220,2025-01-07 19:13:53,8.0
0.5280,17.0840,0.4650,97.0220,1.8820,2025-01-07 19:13:53,8.0
0.5280,16.9610,0.49,97.0030,1.94,2025-01-07 19:13:53,8.0
0.54,16.9610,0.4480,97.0990,2.0040,2025-01-07 19:13:53,8.0
0.5670,17.10,0.4240,96.9970,1.9220,2025-01-07 19:13:53,8.0
0.5280,16.9110,0.4310,96.9830,1.9490,2025-01-07 19:13:53,8.0
0.5220,17.0930,0.4380,96.9040,1.8760,2025-01-07 19:13:53,8.0
0.5490,17.0240,0.5810,97.0830,1.9870,2025-01-07 19:13:53,8.0
0.5270,17.0180,0.55,96.9230,1.9390,2025-01-07 19:13:53,8.0
0.5190,17.0090,0.4170,96.8760,1.8530,2025-01-07 19:13:53,8.0
0.5210,16.9960,0.4440,96.8820,1.9370,2025-01-07 19:13:53,8.0
0.5480,17.0530,0.5320,96.9110,2.0450,2025-01-07 19:13:53,8.0
0.5370,17.0460,0.3990,96.9960,2.09,2025-01-07 19:13:53,8.0
0.5190,16.9960,0.4060,96.9760,1.9920,2025-01-07 19:13:53,8.0
0.5310,16.7890,0.3960,97.2360,2.12,2025-01-07 19:13:53,8.0
0.5440,17.0560,0.4650,97.1490,2.1610,2025-01-07 19:13:53,8.0
0.5240,17.0090,0.3960,97.0050,1.9280,2025-01-07 19:13:53,8.0
0.54,17.04,0.4310,96.9750,1.9780,2025-01-07 19:13:53,8.0
0.5050,17.0310,0.5710,96.8360,1.7980,2025-01-07 19:13:53,8.0
0.5120,16.9390,0.4520,96.9270,1.9170,2025-01-07 19:13:53,8.0
0.5410,17.0180,0.3960,96.9010,1.9850,2025-01-07 21:08:59,9.0
0.5340,16.9960,0.3850,96.8470,2.0780,2025-01-07 21:08:59,9.0
0.53,17.0020,0.4970,96.7980,1.8960,2025-01-07 21:08:59,9.0
0.5380,17.1310,0.4060,96.9220,2.0710,2025-01-07 21:08:59,9.0
0.5310,17.1090,0.3570,96.9660,1.9370,2025-01-07 21:08:59,9.0
0.5290,17.0310,0.3430,96.8210,1.9620,2025-01-07 21:08:59,9.0
0.54,17.0530,0.4620,96.7380,2.0480,2025-01-07 21:08:59,9.0
0.5170,17.0650,0.4550,97.0760,1.9140,2025-01-07 21:08:59,9.0
0.5260,16.9360,0.4230,97.0280,1.9590,2025-01-07 21:08:59,9.0
0.5430,17.1150,0.4970,107.2910,2.1580,2025-01-07 21:08:59,9.0
0.5360,16.93,0.3640,96.87,1.8550,2025-01-07 21:08:59,9.0
0.5350,17.0340,0.4520,97.0690,1.9770,2025-01-07 21:08:59,9.0
0.53,17.0180,0.4730,96.8360,1.9880,2025-01-07 21:08:59,9.0
0.5180,17.1530,0.5040,96.9850,1.8730,2025-01-07 21:08:59,9.0
0.5070,17.0180,0.5950,97.0030,1.8960,2025-01-07 21:08:59,9.0
0.5380,17.0430,0.4660,96.8730,2.0840,2025-01-07 21:08:59,9.0
0.5320,17.1440,0.4340,96.8140,1.9810,2025-01-07 21:08:59,9.0
0.5120,16.9680,0.4860,96.9220,1.8150,2025-01-07 21:08:59,9.0
0.5260,17.0270,0.3810,96.7920,1.90,2025-01-07 21:08:59,9.0
0.5180,17.0370,0.4970,96.8770,1.9370,2025-01-07 21:08:59,9.0
0.5280,16.9650,0.5460,97.0530,1.9920,2025-01-08 11:17:04,10.0
0.5280,16.9140,0.4660,96.9580,1.9710,2025-01-08 11:17:04,10.0
0.5170,16.8860,0.4310,97.0550,1.8250,2025-01-08 11:17:04,10.0
0.53,16.8110,0.3960,97.01,2.0230,2025-01-08 11:17:04,10.0
0.53,16.9460,0.5850,96.9290,1.9070,2025-01-08 11:17:04,10.0
0.5360,16.9650,0.5990,96.9020,1.9820,2025-01-08 11:17:04,10.0
0.5360,16.9080,0.4970,97.2990,2,2025-01-08 11:17:04,10.0
0.5190,17.0530,0.3250,96.8240,2.0080,2025-01-08 11:17:04,10.0
0.5080,16.9170,0.4410,97.0330,1.9340,2025-01-08 11:17:04,10.0
0.5220,16.9580,0.4240,96.9960,1.8840,2025-01-08 11:17:04,10.0
0.5420,16.98,0.4310,97.0250,2.0790,2025-01-08 11:17:04,10.0
0.52,17.0270,0.4580,96.8170,1.97,2025-01-08 11:17:04,10.0
0.5430,17.0650,0.41,96.93,1.9970,2025-01-08 11:17:04,10.0
0.5310,16.9460,0.3960,96.9640,1.9940,2025-01-08 11:17:04,10.0
0.5650,16.9960,0.3850,96.9010,2.0990,2025-01-08 11:17:04,10.0
0.52,17.0490,0.3890,96.7570,1.8860,2025-01-08 11:17:04,10.0
0.5410,16.98,0.4170,97.0310,2.0560,2025-01-08 11:17:04,10.0
0.51,16.9680,0.4690,96.9890,1.90,2025-01-08 11:17:04,10.0
0.5190,16.9930,0.5460,96.8730,1.9530,2025-01-08 11:17:04,10.0
0.5230,16.8670,0.3430,96.9850,2.0910,2025-01-08 11:17:04,10.0
0.54,16.9460,0.4870,96.7760,1.9720,2025-01-08 13:02:11,11.0
0.5450,17.0750,0.41,96.8650,2.0190,2025-01-08 13:02:11,11.0
0.5340,17.1150,0.4060,97.0260,1.9340,2025-01-08 13:02:11,11.0
0.5320,16.9930,0.5110,96.89,2.0970,2025-01-08 13:02:11,11.0
0.5430,17.1090,0.3530,96.9590,2.0640,2025-01-08 13:02:11,11.0
0.5340,16.98,0.4170,97.0970,1.9520,2025-01-08 13:02:11,11.0
0.5330,16.9770,0.4380,96.8150,1.9960,2025-01-08 13:02:11,11.0
0.5240,17.0020,0.4340,96.9620,1.8250,2025-01-08 13:02:11,11.0
0.5390,16.8610,0.3290,97.3360,2.0290,2025-01-08 13:02:11,11.0
0.5180,16.9870,0.4230,96.9970,2.0040,2025-01-08 13:02:11,11.0
0.5210,17.0150,0.5530,96.8060,1.9840,2025-01-08 13:02:11,11.0
0.5310,17.0530,0.4620,96.77,1.9430,2025-01-08 13:02:11,11.0
0.5160,16.93,0.4940,96.9350,1.9390,2025-01-08 13:02:11,11.0
0.5310,17.09,0.4830,96.8070,1.9320,2025-01-08 13:02:11,11.0
0.5250,17.0590,0.5080,97.0340,2.0480,2025-01-08 13:02:11,11.0
0.55,16.8990,0.4270,96.9380,2.1890,2025-01-08 13:02:11,11.0
0.5240,16.9430,0.4410,96.8530,2.0530,2025-01-08 13:02:11,11.0
0.5050,16.9020,0.4170,97.0880,1.9340,2025-01-08 13:02:11,11.0
0.5110,16.8990,0.56,96.9570,2.0470,2025-01-08 13:02:11,11.0
0.5190,16.98,0.4340,96.9650,1.9710,2025-01-08 13:02:11,11.0
0.5380,17.0430,0.41,96.8910,1.9960,2025-01-08 19:07:30,12.0
0.5150,16.9610,0.4690,97.0460,1.9680,2025-01-08 19:07:30,12.0
0.5350,16.98,0.4760,97.0880,1.9850,2025-01-08 19:07:30,12.0
0.5160,17.09,0.5290,96.9430,1.9130,2025-01-08 19:07:30,12.0
0.5180,17.0370,0.3290,96.9690,1.8480,2025-01-08 19:07:30,12.0
0.5380,17.1530,0.4580,96.8470,1.8680,2025-01-08 19:07:30,12.0
0.5340,16.9870,0.42,97.1090,2.1090,2025-01-08 19:07:30,12.0
0.5510,17.0680,0.3710,97.0960,2.0830,2025-01-08 19:07:30,12.0
0.5110,17.0180,0.4970,96.9890,1.9570,2025-01-08 19:07:30,12.0
0.5420,17.1120,0.5040,96.9440,1.9960,2025-01-08 19:07:30,12.0
0.5450,16.9460,0.4650,97.1170,2.0580,2025-01-08 19:07:30,12.0
0.54,16.9770,0.5670,96.7150,2.1620,2025-01-08 19:07:30,12.0
0.5210,16.9870,0.4480,97.1250,2.0920,2025-01-08 19:07:30,12.0
0.5350,17.0650,0.3750,97,1.8520,2025-01-08 19:07:30,12.0
0.5460,16.9770,0.4940,96.90,2.0870,2025-01-08 19:07:30,12.0
0.5430,17.0780,0.4550,96.8310,1.9860,2025-01-08 19:07:30,12.0
0.53,17.0810,0.4870,97.0710,1.9950,2025-01-08 19:07:30,12.0
0.5260,17.15,0.6680,96.8820,1.8670,2025-01-08 19:07:30,12.0
0.5180,17.0210,0.4650,97.0860,1.88,2025-01-08 19:07:30,12.0
0.5320,17.04,0.4030,97.0670,1.94,2025-01-08 19:07:30,12.0
0.5020,16.9110,0.4520,96.9110,1.8280,2025-01-08 21:07:33,13.0
0.5240,17.0270,0.4690,97.0880,1.9670,2025-01-08 21:07:33,13.0
0.5360,17.0530,0.5250,97.1280,1.9410,2025-01-08 21:07:33,13.0
0.5420,16.99,0.4170,96.8990,2.0460,2025-01-08 21:07:33,13.0
0.5190,17.0020,0.5840,97.0740,1.9920,2025-01-08 21:07:33,13.0
0.5430,16.9490,0.4380,96.9690,2.0420,2025-01-08 21:07:33,13.0
0.53,16.9990,0.3740,96.9660,1.9590,2025-01-08 21:07:33,13.0
0.5330,17.0810,0.4060,96.9470,1.9650,2025-01-08 21:07:33,13.0
0.5150,16.9170,0.3740,96.8330,1.9030,2025-01-08 21:07:33,13.0
0.5250,16.9460,0.3920,97.2180,2.0010,2025-01-08 21:07:33,13.0
0.5280,17.0490,0.4760,97.0450,2.0610,2025-01-08 21:07:33,13.0
0.5270,16.8730,0.4480,97.0970,1.9450,2025-01-08 21:07:33,13.0
0.52,16.9550,0.4410,96.8830,1.8870,2025-01-08 21:07:33,13.0
0.5080,17.0150,0.3990,96.9170,1.8840,2025-01-08 21:07:33,13.0
0.5420,17.0530,0.3290,97.0180,1.9360,2025-01-08 21:07:33,13.0
0.5320,16.9390,0.4790,96.9730,2.0720,2025-01-08 21:07:33,13.0
0.5330,16.9390,0.5710,97.0130,2.0640,2025-01-08 21:07:33,13.0
0.51,16.9610,0.5070,97.0570,1.8860,2025-01-08 21:07:33,13.0
0.5260,16.9870,0.34,96.8470,1.9880,2025-01-08 21:07:33,13.0
0.5370,17.0460,0.5740,96.85,2.0390,2025-01-08 21:07:33,13.0
0.5360,16.99,0.5110,96.8890,1.9870,2025-01-09 11:40:10,14.0
0.5210,16.8450,0.3960,96.97,1.9750,2025-01-09 11:40:10,14.0
0.53,16.9390,0.3780,96.9930,1.93,2025-01-09 11:40:10,14.0
0.51,16.8990,0.4230,97.0180,1.9830,2025-01-09 11:40:10,14.0
0.5190,16.8450,0.50,97.2240,1.9820,2025-01-09 11:40:10,14.0
0.5330,16.9520,0.4450,96.8530,1.9250,2025-01-09 11:40:10,14.0
0.4980,16.8950,0.4760,97.1050,1.84,2025-01-09 11:40:10,14.0
0.5370,17.0370,0.3110,97.0590,1.9970,2025-01-09 11:40:10,14.0
0.5350,16.9050,0.3780,97.0940,1.9770,2025-01-09 11:40:10,14.0
0.5210,16.8610,0.3540,97.0070,1.9970,2025-01-09 11:40:10,14.0
0.5380,16.9360,0.4230,96.9720,2.0670,2025-01-09 11:40:10,14.0
0.5160,16.9170,0.4480,96.8110,1.9130,2025-01-09 11:40:10,14.0
0.5470,17.0680,0.4730,96.9990,2.0170,2025-01-09 11:40:10,14.0
0.5120,16.8550,0.3570,97.0590,1.9120,2025-01-09 11:40:10,14.0
0.5480,16.93,0.5040,96.9940,2.01,2025-01-09 11:40:10,14.0
0.5240,16.9930,0.4730,96.8630,2.0570,2025-01-09 11:40:10,14.0
0.5380,16.9740,0.3610,97.0330,2.0550,2025-01-09 11:40:10,14.0
0.5190,16.8230,0.3810,97.0260,1.9860,2025-01-09 11:40:10,14.0
0.5310,16.9330,0.3080,97.0150,2.0010,2025-01-09 11:40:10,14.0
0.5390,16.9430,0.3990,96.9070,2.1110,2025-01-09 11:40:10,14.0
0.5620,17.0240,0.5040,97.0110,2.1330,2025-01-09 13:00:16,15.0
0.5340,16.99,0.49,97.1170,2.0840,2025-01-09 13:00:16,15.0
0.5260,17.0310,0.6270,96.9570,2.0510,2025-01-09 13:00:16,15.0
0.5220,16.9740,0.4440,97.4960,1.9090,2025-01-09 13:00:16,15.0
0.55,16.8920,0.3360,97.5410,2.15,2025-01-09 13:00:16,15.0
0.53,16.9740,0.5250,97.1090,1.9780,2025-01-09 13:00:16,15.0
0.4940,16.9170,0.5880,97.0590,1.8370,2025-01-09 13:00:16,15.0
0.55,17.0270,0.3810,96.8780,2.0370,2025-01-09 13:00:16,15.0
0.5290,17.0840,0.5220,96.92,2.0390,2025-01-09 13:00:16,15.0
0.5230,16.9990,0.3290,96.9250,2.0110,2025-01-09 13:00:16,15.0
0.5240,16.9430,0.4230,96.9670,1.94,2025-01-09 13:00:16,15.0
0.5330,16.9430,0.3850,96.8330,1.9970,2025-01-09 13:00:16,15.0
0.5050,16.8890,0.5250,96.9790,1.9960,2025-01-09 13:00:16,15.0
0.5450,16.9210,0.3640,96.9410,2.1170,2025-01-09 13:00:16,15.0
0.5290,16.9830,0.3710,97.0310,2.1020,2025-01-09 13:00:16,15.0
0.5430,16.93,0.4130,96.9030,2.0990,2025-01-09 13:00:16,15.0
0.52,16.9710,0.5040,97.1940,1.9380,2025-01-09 13:00:16,15.0
0.5450,17.0430,0.4650,96.8770,2.0630,2025-01-09 13:00:16,15.0
0.5070,17.0810,0.5080,97.0930,1.9250,2025-01-09 13:00:16,15.0
0.5170,16.9650,0.4020,96.99,1.9530,2025-01-09 13:00:16,15.0
0.5570,17.2440,0.4020,96.8240,2.2380,2025-01-09 19:05:27,16.0
0.5230,16.9550,0.5210,96.9390,2.0410,2025-01-09 19:05:27,16.0
0.5270,16.9520,0.4340,96.9470,2.1050,2025-01-09 19:05:27,16.0
0.54,16.9870,0.4380,97.0810,2.0240,2025-01-09 19:05:27,16.0
0.5230,16.9210,0.5460,97.14,2.0490,2025-01-09 19:05:27,16.0
0.5150,17.0090,0.4550,96.8410,1.9970,2025-01-09 19:05:27,16.0
0.53,16.9580,0.4440,96.9480,2.0580,2025-01-09 19:05:27,16.0
0.54,17.0090,0.49,97.0360,2.0920,2025-01-09 19:05:27,16.0
0.5260,16.9870,0.3460,96.87,2,2025-01-09 19:05:27,16.0
0.5330,16.9960,0.5350,96.8270,2.06,2025-01-09 19:05:27,16.0
0.5480,17.0530,0.3850,97.0450,2.1320,2025-01-09 19:05:27,16.0
0.5240,16.8920,0.4760,96.8750,2.0420,2025-01-09 19:05:27,16.0
0.54,17.0090,0.3250,97.1340,2.1540,2025-01-09 19:05:27,16.0
0.5310,16.9990,0.6830,97.0110,1.9930,2025-01-09 19:05:27,16.0
0.5410,17.0650,0.4230,96.9560,2.1250,2025-01-09 19:05:27,16.0
0.53,16.9520,0.5180,97.05,2.02,2025-01-09 19:05:27,16.0
0.55,16.9390,0.4480,96.8820,2.1910,2025-01-09 19:05:27,16.0
0.5320,16.9140,0.3780,97.13,1.99,2025-01-09 19:05:27,16.0
0.55,16.9240,0.3640,97.1430,2.0220,2025-01-09 19:05:27,16.0
0.5160,17.0930,0.4380,96.7790,1.8720,2025-01-09 19:05:27,16.0
0.5220,16.8580,0.4340,97.2010,2.0570,2025-01-09 21:15:33,17.0
0.5390,17.1340,0.3250,96.8850,1.9050,2025-01-09 21:15:33,17.0
0.5270,16.9990,0.43,97.2850,2.0240,2025-01-09 21:15:33,17.0
0.5460,17.0090,0.34,96.9310,2.1110,2025-01-09 21:15:33,17.0
0.5250,16.9990,0.5080,97.0930,1.9860,2025-01-09 21:15:33,17.0
0.5350,16.8920,0.3640,97.1360,2.1640,2025-01-09 21:15:33,17.0
0.5150,16.9990,0.5250,97.0480,2.0350,2025-01-09 21:15:33,17.0
0.5210,16.9520,0.5460,97.0960,2.0440,2025-01-09 21:15:33,17.0
0.5290,16.9210,0.5320,97.0950,2,2025-01-09 21:15:33,17.0
0.5220,16.9210,0.4620,97.1510,1.9030,2025-01-09 21:15:33,17.0
0.52,16.8920,0.4230,97.0670,1.9990,2025-01-09 21:15:33,17.0
0.5370,16.8990,0.3710,97.1830,2.1780,2025-01-09 21:15:33,17.0
0.5210,16.98,0.4830,97.0660,2.0260,2025-01-09 21:15:33,17.0
0.5380,16.9490,0.3850,96.91,2.0350,2025-01-09 21:15:33,17.0
0.5440,16.9460,0.4790,97.0270,2.11,2025-01-09 21:15:33,17.0
0.5210,16.88,0.5280,96.7950,2.0630,2025-01-09 21:15:33,17.0
0.5330,16.9520,0.5080,96.9930,2.1420,2025-01-09 21:15:33,17.0
0.5390,17.0150,0.4480,97.0660,2.1270,2025-01-09 21:15:33,17.0
0.5330,16.8610,0.4860,96.9940,2.0580,2025-01-09 21:15:33,17.0
0.5330,17.1310,0.3220,96.7310,1.9080,2025-01-09 21:15:33,17.0
0.5430,17.0020,0.4020,96.83,2.0840,2025-01-12 12:24:20,18.0
0.5040,16.9240,0.4310,97.1750,1.8650,2025-01-12 12:24:20,18.0
0.54,17.0930,0.3710,96.7910,2,2025-01-12 12:24:20,18.0
0.5230,16.8890,0.3010,97.1160,2.0660,2025-01-12 12:24:20,18.0
0.5310,16.9050,0.4940,97.0960,2.05,2025-01-12 12:24:20,18.0
0.5340,16.9770,0.5250,97.1680,2.0290,2025-01-12 12:24:20,18.0
0.5410,17.0460,0.5430,96.9330,1.9750,2025-01-12 12:24:20,18.0
0.5530,17.0810,0.4510,96.8640,2.0880,2025-01-12 12:24:20,18.0
0.5270,16.9270,0.4230,97.1690,1.9980,2025-01-12 12:24:20,18.0
0.5290,17.0590,0.3460,97.0230,1.97,2025-01-12 12:24:20,18.0
0.5370,17.0460,0.4380,96.9710,2.0990,2025-01-12 12:24:20,18.0
0.5260,16.9960,0.34,96.8450,1.9670,2025-01-12 12:24:20,18.0
0.5310,17.0590,0.3640,96.6980,2.0210,2025-01-12 12:24:20,18.0
0.5520,16.9990,0.4060,96.7820,2.1310,2025-01-12 12:24:20,18.0
0.5510,17.1410,0.4380,96.7030,2.1480,2025-01-12 12:24:20,18.0
0.5290,16.9210,0.3640,97.0710,2.0770,2025-01-12 12:24:20,18.0
0.5410,17.0430,0.4020,96.7420,2.1380,2025-01-12 12:24:20,18.0
0.54,16.8950,0.4410,96.91,2.06,2025-01-12 12:24:20,18.0
0.52,16.9460,0.4440,97.1650,1.8980,2025-01-12 12:24:20,18.0
0.5380,16.9990,0.5350,96.9080,2.0150,2025-01-12 12:24:20,18.0
0.5240,16.93,0.4450,96.8810,2.0270,2025-01-12 12:54:22,19.0
0.5290,16.9870,0.6060,97.0810,1.9860,2025-01-12 12:54:22,19.0
0.5280,17.0240,0.3960,96.9560,1.8990,2025-01-12 12:54:22,19.0
0.5230,16.9870,0.4170,97.1170,1.9280,2025-01-12 12:54:22,19.0
0.5360,17.0370,0.5390,97.0490,2.0060,2025-01-12 12:54:22,19.0
0.5210,17.1090,0.4170,96.82,1.8990,2025-01-12 12:54:22,19.0
0.5260,17.1150,0.4410,97.0870,1.92,2025-01-12 12:54:22,19.0
0.5330,16.9680,0.3950,96.8750,1.9940,2025-01-12 12:54:22,19.0
0.5470,17.0120,0.3990,96.9230,2.0230,2025-01-12 12:54:22,19.0
0.5440,17.0180,0.5040,96.8350,1.9870,2025-01-12 12:54:22,19.0
0.5170,17.0970,0.4690,96.9470,2,2025-01-12 12:54:22,19.0
0.5430,17.0930,0.4270,96.9770,1.9540,2025-01-12 12:54:22,19.0
0.5490,17.0780,0.5250,96.9270,2.1130,2025-01-12 12:54:22,19.0
0.5290,16.9930,0.4450,96.8110,1.99,2025-01-12 12:54:22,19.0
0.5130,16.8510,0.34,97.03,2.0710,2025-01-12 12:54:22,19.0
0.5460,17.0680,0.4410,96.8270,2.0310,2025-01-12 12:54:22,19.0
0.5070,16.9170,0.5460,97.0330,1.9060,2025-01-12 12:54:22,19.0
0.5320,16.9360,0.3880,96.6750,1.9310,2025-01-12 12:54:22,19.0
0.52,16.9930,0.3740,96.7680,2.0510,2025-01-12 12:54:22,19.0
0.5140,16.9460,0.3960,97.0660,2.0330,2025-01-12 12:54:22,19.0
0.5260,16.9830,0.4730,97.08,2.0110,2025-01-12 19:29:40,20.0
0.5380,16.9830,0.4830,96.83,2.1290,2025-01-12 19:29:40,20.0
0.5410,17.0590,0.5250,96.8380,2.0410,2025-01-12 19:29:40,20.0
0.5340,17.04,0.4660,96.9740,1.8630,2025-01-12 19:29:40,20.0
0.55,17.0120,0.3670,96.8670,2.1240,2025-01-12 19:29:40,20.0
0.53,16.9330,0.4940,96.7940,2.0720,2025-01-12 19:29:40,20.0
0.5170,16.9520,0.5180,97.0990,1.8460,2025-01-12 19:29:40,20.0
0.5220,16.8950,0.49,96.90,2.0290,2025-01-12 19:29:40,20.0
0.5270,16.9870,0.3890,96.9750,2.0390,2025-01-12 19:29:40,20.0
0.5240,16.9830,0.3530,96.8760,2.0230,2025-01-12 19:29:40,20.0
0.52,17.0490,0.5350,96.8270,2.1550,2025-01-12 19:29:40,20.0
0.5180,16.9210,0.4020,96.9450,1.8670,2025-01-12 19:29:40,20.0
0.5310,17.0370,0.4480,97.1380,1.9720,2025-01-12 19:29:40,20.0
0.4990,16.9990,0.2940,96.8460,1.8620,2025-01-12 19:29:40,20.0
0.5420,17.0050,0.4270,97.0390,2.0160,2025-01-12 19:29:40,20.0
0.5190,16.9710,0.5220,97.04,1.9860,2025-01-12 19:29:40,20.0
0.5320,17.0120,0.5040,96.9060,2.1470,2025-01-12 19:29:40,20.0
0.5350,16.9930,0.4580,97,2.0340,2025-01-12 19:29:40,20.0
0.5330,16.9650,0.4130,97.2370,1.9810,2025-01-12 19:29:40,20.0
0.5240,16.93,0.5220,96.8740,2.0750,2025-01-12 19:29:40,20.0
0.5490,16.9710,0.4940,96.8010,2.19,2025-01-12 21:19:47,21.0
0.5270,16.98,0.3990,97.0420,1.97,2025-01-12 21:19:47,21.0
0.5380,17.1030,0.4380,97.0220,2.0530,2025-01-12 21:19:47,21.0
0.5370,16.9870,0.4940,96.9440,2.06,2025-01-12 21:19:47,21.0
0.5290,17.09,0.5080,96.7250,2.0830,2025-01-12 21:19:47,21.0
0.5380,16.9580,0.3990,96.9150,1.9430,2025-01-12 21:19:47,21.0
0.5150,16.9740,0.4790,96.8540,2.0140,2025-01-12 21:19:47,21.0
0.5170,16.99,0.49,97.2720,2.0640,2025-01-12 21:19:47,21.0
0.54,16.98,0.4550,96.90,2.0410,2025-01-12 21:19:47,21.0
0.5350,16.9990,0.4940,96.9850,2.1840,2025-01-12 21:19:47,21.0
0.5140,17.0620,0.5320,96.8030,1.8950,2025-01-12 21:19:47,21.0
0.5420,16.9990,0.5780,96.9890,2.0560,2025-01-12 21:19:47,21.0
0.5260,16.9240,0.5670,97.0950,2.0420,2025-01-12 21:19:47,21.0
0.5240,16.9490,0.4550,96.8910,2.03,2025-01-12 21:19:47,21.0
0.5290,16.9990,0.5630,96.9330,2.0690,2025-01-12 21:19:47,21.0
0.5220,16.9550,0.55,96.8720,2.0490,2025-01-12 21:19:47,21.0
0.5210,17.1090,0.4380,96.7790,1.9060,2025-01-12 21:19:47,21.0
0.5160,17.0870,0.6160,96.9140,2.0160,2025-01-12 21:19:47,21.0
0.5410,17.1060,0.4580,96.8940,2.0270,2025-01-12 21:19:47,21.0
0.5270,16.9650,0.4830,96.9510,2.0810,2025-01-12 21:19:47,21.0
0.5130,16.9390,0.3850,97.1450,2.0540,2025-01-13 11:31:43,22.0
0.5090,16.8860,0.35,97.0180,2.0060,2025-01-13 11:31:43,22.0
0.5260,16.9710,0.4860,96.9970,2.1140,2025-01-13 11:31:43,22.0
0.5210,16.8770,0.3850,97.0410,2.0450,2025-01-13 11:31:43,22.0
0.5260,16.9930,0.4380,96.7880,1.8570,2025-01-13 11:31:43,22.0
0.5260,16.9830,0.4340,96.7880,2.0320,2025-01-13 11:31:43,22.0
0.5330,16.9460,0.3880,96.8440,2.0690,2025-01-13 11:31:43,22.0
0.5180,16.9080,0.4760,96.87,1.9610,2025-01-13 11:31:43,22.0
0.5310,16.9140,0.4380,97.1540,2.1260,2025-01-13 11:31:43,22.0
0.5220,16.98,0.4760,97.0550,2.0210,2025-01-13 11:31:43,22.0
0.5180,16.8170,0.4550,97.0550,2.0130,2025-01-13 11:31:43,22.0
0.5280,16.8580,0.3190,97.0550,2.1270,2025-01-13 11:31:43,22.0
0.5190,16.9210,0.3780,97.0180,1.9860,2025-01-13 11:31:43,22.0
0.5390,17.0430,0.41,96.89,2.1140,2025-01-13 11:31:43,22.0
0.5290,17.0490,0.5350,97.01,1.9540,2025-01-13 11:31:43,22.0
0.5190,16.9240,0.3960,97.1260,1.8770,2025-01-13 11:31:43,22.0
0.5110,16.8950,0.5110,97.0380,2.0030,2025-01-13 11:31:43,22.0
0.5340,16.9610,0.2870,96.8970,2.0910,2025-01-13 11:31:43,22.0
0.5160,16.8920,0.4310,97.0220,1.9760,2025-01-13 11:31:43,22.0
0.5440,16.9710,0.4660,96.9670,2.2610,2025-01-13 11:31:43,22.0
0.5140,16.9330,0.4690,97.0810,2.0010,2025-01-13 13:06:49,23.0
0.5080,16.8730,0.3750,97.1990,2.0130,2025-01-13 13:06:49,23.0
0.5210,16.9610,0.5350,97.3080,1.9630,2025-01-13 13:06:49,23.0
0.5190,16.9240,0.42,97.2870,1.9890,2025-01-13 13:06:49,23.0
0.5260,16.9210,0.3640,96.9690,1.9030,2025-01-13 13:06:49,23.0
0.5210,16.9430,0.4060,97.0340,2.13,2025-01-13 13:06:49,23.0
0.5250,17.0810,0.4240,97,1.9340,2025-01-13 13:06:49,23.0
0.50,16.9930,0.3190,96.99,1.9370,2025-01-13 13:06:49,23.0
0.5320,16.9740,0.2840,97.2060,2.1250,2025-01-13 13:06:49,23.0
0.5010,16.9740,0.5950,96.8710,1.8840,2025-01-13 13:06:49,23.0
0.5240,17.1220,0.5220,96.8120,2.1340,2025-01-13 13:06:49,23.0
0.5220,16.9210,0.3530,96.9560,2.0310,2025-01-13 13:06:49,23.0
0.5260,16.9740,0.3320,96.9070,2.0320,2025-01-13 13:06:49,23.0
0.5240,16.9650,0.35,96.8220,2.0280,2025-01-13 13:06:49,23.0
0.5430,17.0370,0.4090,96.9560,2.1220,2025-01-13 13:06:49,23.0
0.5260,16.9930,0.4340,97.0570,2.0020,2025-01-13 13:06:49,23.0
0.5380,16.9360,0.4310,97.1240,1.9680,2025-01-13 13:06:49,23.0
0.5070,16.9960,0.4410,97.0820,1.8960,2025-01-13 13:06:49,23.0
0.5330,17.0310,0.4550,96.8780,1.9640,2025-01-13 13:06:49,23.0
0.5240,17.0090,0.3360,96.97,2.0150,2025-01-13 13:06:49,23.0
0.5520,17.0750,0.48,97.14,1.9910,2025-01-13 18:41:56,24.0
0.5390,17.0050,0.4620,97.0280,2.1150,2025-01-13 18:41:56,24.0
0.5280,17.1310,0.4520,96.9920,2.0050,2025-01-13 18:41:56,24.0
0.5330,17.0680,0.3320,96.8650,1.9980,2025-01-13 18:41:56,24.0
0.5560,17.0240,0.4060,97.1570,2.0970,2025-01-13 18:41:56,24.0
0.5390,17.0780,0.4650,96.7850,2.0710,2025-01-13 18:41:56,24.0
0.5710,17.1030,0.3570,96.8760,2.1230,2025-01-13 18:41:56,24.0
0.5280,17.0240,0.4090,96.9340,1.9890,2025-01-13 18:41:56,24.0
0.5340,17.1120,0.5150,97.2420,2.0850,2025-01-13 18:41:56,24.0
0.5260,17.10,0.5080,97.0190,1.9570,2025-01-13 18:41:56,24.0
0.5220,17.0460,0.3430,97.2120,2.1950,2025-01-13 18:41:56,24.0
0.52,16.9430,0.50,96.9420,2.0430,2025-01-13 18:41:56,24.0
0.52,16.9080,0.4450,97.0290,1.9850,2025-01-13 18:41:56,24.0
0.51,17.0340,0.5110,96.9770,1.8560,2025-01-13 18:41:56,24.0
0.5370,17.1060,0.4730,96.8440,2.0170,2025-01-13 18:41:56,24.0
0.5550,17.1370,0.42,96.9050,2.20,2025-01-13 18:41:56,24.0
0.5210,17.04,0.4060,97.0480,2.0240,2025-01-13 18:41:56,24.0
0.5330,17.0620,0.4830,96.7940,2.08,2025-01-13 18:41:56,24.0
0.5130,16.9930,0.5710,97.2210,1.9320,2025-01-13 18:41:56,24.0
0.53,17.09,0.4970,96.8180,1.9710,2025-01-13 18:41:56,24.0
0.5360,17.0460,0.4130,96.89,2.0420,2025-01-13 21:12:06,25.0
0.5260,17.0270,0.4410,96.9590,2.0090,2025-01-13 21:12:06,25.0
0.5320,16.9490,0.5040,96.9540,2.0690,2025-01-13 21:12:06,25.0
0.5360,17.0310,0.3920,97.05,2.0240,2025-01-13 21:12:06,25.0
0.54,16.9650,0.4730,96.9990,2.0070,2025-01-13 21:12:06,25.0
0.5490,17.09,0.4580,97.1480,2.1340,2025-01-13 21:12:06,25.0
0.5130,17.04,0.5010,96.9050,2.0480,2025-01-13 21:12:06,25.0
0.51,16.9110,0.6510,97.2130,1.99,2025-01-13 21:12:06,25.0
0.5350,17.0050,0.5150,97.1570,2.0990,2025-01-13 21:12:06,25.0
0.5050,17.0150,0.5290,96.9020,1.9410,2025-01-13 21:12:06,25.0
0.5260,17.0240,0.4440,97.0240,2.1510,2025-01-13 21:12:06,25.0
0.5120,16.9140,0.5320,97.0780,1.8960,2025-01-13 21:12:06,25.0
0.5320,16.9080,0.4660,97.1690,2.1220,2025-01-13 21:12:06,25.0
0.5420,16.9680,0.4230,97.08,2.2050,2025-01-13 21:12:06,25.0
0.5310,17.0090,0.5880,96.9280,2.0530,2025-01-13 21:12:06,25.0
0.5440,17.0840,0.4480,96.8990,2.1270,2025-01-13 21:12:06,25.0
0.52,17.0430,0.5110,97.03,1.8980,2025-01-13 21:12:06,25.0
0.5360,16.9430,0.5150,96.9550,2.0880,2025-01-13 21:12:06,25.0
0.5360,16.8830,0.3850,97.0620,2.0440,2025-01-13 21:12:06,25.0
0.53,17.0680,0.4550,97.0790,1.9850,2025-01-13 21:12:06,25.0
0.5240,16.9650,0.6550,96.9940,2.0140,2025-01-14 11:34:23,26.0
0.5280,16.9680,0.4340,97.0270,1.9790,2025-01-14 11:34:23,26.0
0.5230,16.8920,0.3110,96.8780,1.9890,2025-01-14 11:34:23,26.0
0.5330,16.9580,0.4230,97.0880,2.13,2025-01-14 11:34:23,26.0
0.5360,17.0620,0.4440,97.0990,1.9480,2025-01-14 11:34:23,26.0
0.5280,16.9650,0.4580,96.84,2.0670,2025-01-14 11:34:23,26.0
0.5230,16.9610,0.5150,96.9440,2.0740,2025-01-14 11:34:23,26.0
0.5480,17.0620,0.4870,96.8060,2.0110,2025-01-14 11:34:23,26.0
0.5430,17.0020,0.4520,96.8990,2.0240,2025-01-14 11:34:23,26.0
0.5410,17.0150,0.3920,96.9370,2.0630,2025-01-14 11:34:23,26.0
0.5380,17.0090,0.3640,96.90,2.1120,2025-01-14 11:34:23,26.0
0.5150,16.8580,0.4520,96.9770,1.9980,2025-01-14 11:34:23,26.0
0.5250,16.9270,0.5180,97.2270,2.0350,2025-01-14 11:34:23,26.0
0.5160,16.9680,0.4340,96.9440,2.0860,2025-01-14 11:34:23,26.0
0.5440,16.9460,0.4450,97.0360,2.1850,2025-01-14 11:34:23,26.0
0.5140,16.9770,0.41,96.9690,2.0380,2025-01-14 11:34:23,26.0
0.52,17.0150,0.4730,97.0070,1.9650,2025-01-14 11:34:23,26.0
0.5310,16.9550,0.5430,97.0730,2.0710,2025-01-14 11:34:23,26.0
0.52,16.9390,0.3810,96.9750,2.0410,2025-01-14 11:34:23,26.0
0.5370,16.9050,0.4520,97.0440,2.1920,2025-01-14 11:34:23,26.0
0.5220,16.9110,0.5110,96.9220,1.90,2025-01-14 12:59:28,27.0
0.55,17.0020,0.3430,96.7930,2.10,2025-01-14 12:59:28,27.0
0.5320,17.0210,0.35,97.0260,1.9260,2025-01-14 12:59:28,27.0
0.5250,16.9140,0.4340,97.0110,2.0030,2025-01-14 12:59:28,27.0
0.5230,17.04,0.4380,96.8980,2.1280,2025-01-14 12:59:28,27.0
0.5160,16.9050,0.4550,97.0720,1.8760,2025-01-14 12:59:28,27.0
0.5340,17.04,0.3960,96.9460,2.0090,2025-01-14 12:59:28,27.0
0.5330,17.0620,0.3740,96.8940,2.0690,2025-01-14 12:59:28,27.0
0.5180,16.9680,0.4830,97.0570,2.0720,2025-01-14 12:59:28,27.0
0.5170,17.0180,0.4170,97.0510,2.0740,2025-01-14 12:59:28,27.0
0.51,16.9580,0.49,96.8610,1.8680,2025-01-14 12:59:28,27.0
0.52,17.0180,0.3250,97.09,1.8890,2025-01-14 12:59:28,27.0
0.5360,17.0310,0.4790,96.9030,1.97,2025-01-14 12:59:28,27.0
0.5220,17.0120,0.4450,96.9020,1.8820,2025-01-14 12:59:28,27.0
0.55,17.0050,0.55,97.1380,2.1820,2025-01-14 12:59:28,27.0
0.53,16.9610,0.41,96.9180,1.8490,2025-01-14 12:59:28,27.0
0.5220,16.9870,0.4270,97.0460,2.0150,2025-01-14 12:59:28,27.0
0.5340,16.8550,0.4550,97.0130,2.0490,2025-01-14 12:59:28,27.0
0.52,17.0270,0.4030,97.0610,1.9030,2025-01-14 12:59:28,27.0
0.5230,17.0460,0.5320,96.8660,1.9860,2025-01-14 12:59:28,27.0
0.5540,17.1780,0.3710,97.0340,2.0960,2025-01-14 20:59:42,28.0
0.5180,17.04,0.4170,97.0040,2.0580,2025-01-14 20:59:42,28.0
0.5180,17.0020,0.3750,96.8310,1.9350,2025-01-14 20:59:42,28.0
0.53,17.0930,0.5390,97.1050,2.0250,2025-01-14 20:59:42,28.0
0.5260,17.0650,0.3920,97.0680,2.0610,2025-01-14 20:59:42,28.0
0.5130,17.0970,0.5740,96.8130,1.9110,2025-01-14 20:59:42,28.0
0.5180,16.9550,0.4270,97.0460,1.9180,2025-01-14 20:59:42,28.0
0.5270,16.9870,0.4690,97.1250,2.0760,2025-01-14 20:59:42,28.0
0.5190,16.9870,0.6750,96.8540,1.9360,2025-01-14 20:59:42,28.0
0.5360,17.0340,0.4940,96.9880,2.1350,2025-01-14 20:59:42,28.0
0.5280,16.9650,0.55,97.1840,1.9410,2025-01-14 20:59:42,28.0
0.52,17.0180,0.4160,96.9770,2.0620,2025-01-14 20:59:42,28.0
0.5290,17.0490,0.4550,96.8310,2.0550,2025-01-14 20:59:42,28.0
0.5370,17.0150,0.4230,97.1540,2.0230,2025-01-14 20:59:42,28.0
0.5490,17.04,0.3610,97.0410,2.1130,2025-01-14 20:59:42,28.0
0.5450,17.0750,0.5210,97.1630,2.0120,2025-01-14 20:59:42,28.0
0.5240,16.8950,0.29,96.9510,1.9730,2025-01-14 20:59:42,28.0
0.5150,17.0340,0.49,97.11,1.8980,2025-01-14 20:59:42,28.0
0.5330,17.04,0.5350,97.04,2.0450,2025-01-14 20:59:42,28.0
0.5230,17.1090,0.4690,96.9560,2.0070,2025-01-14 20:59:42,28.0
0.5360,17.0090,0.3570,97.1730,2.1610,2025-01-15 12:17:05,29.0
0.5210,17.0650,0.5220,96.9430,1.9150,2025-01-15 12:17:05,29.0
0.5230,17.1410,0.34,96.9730,1.9180,2025-01-15 12:17:05,29.0
0.5280,16.9680,0.4520,96.9510,1.8720,2025-01-15 12:17:05,29.0
0.5390,17.0780,0.3570,96.89,2.0450,2025-01-15 12:17:05,29.0
0.54,17.1370,0.3960,96.8990,2.0830,2025-01-15 12:17:05,29.0
0.5250,17.1310,0.4550,97.1360,2.1030,2025-01-15 12:17:05,29.0
0.54,17.0490,0.3220,96.9670,2.02,2025-01-15 12:17:05,29.0
0.5240,17.0150,0.3570,97.0150,2.0310,2025-01-15 12:17:05,29.0
0.5070,17.1150,0.4380,96.8770,1.9460,2025-01-15 12:17:05,29.0
0.5170,17.0310,0.4550,97.0620,1.9630,2025-01-15 12:17:05,29.0
0.5310,17.0460,0.4020,97.1510,1.9620,2025-01-15 12:17:05,29.0
0.5190,17.1090,0.5640,97.0940,1.9980,2025-01-15 12:17:05,29.0
0.5240,16.9930,0.4870,97.0710,2.0210,2025-01-15 12:17:05,29.0
0.5290,16.9930,0.4020,96.9580,2.0030,2025-01-15 12:17:05,29.0
0.5250,16.9960,0.4590,97.0690,2.0080,2025-01-15 12:17:05,29.0
0.5120,16.9990,0.5880,97.0940,1.9980,2025-01-15 12:17:05,29.0
0.5270,17.0050,0.3750,97.1520,1.9630,2025-01-15 12:17:05,29.0
0.5280,17.0590,0.4970,97.0640,1.9350,2025-01-15 12:17:05,29.0
0.54,17.0530,0.3670,97.0390,2.0830,2025-01-15 12:17:05,29.0
1.0520,17.0240,0.4580,96.9320,1.9510,2025-01-15 12:57:08,30.0
0.5250,17.1030,0.4660,97.0530,1.9580,2025-01-15 12:57:08,30.0
0.5320,17.0180,0.4270,97.08,2.0260,2025-01-15 12:57:08,30.0
0.5290,16.9650,0.42,97.1060,2.0140,2025-01-15 12:57:08,30.0
0.4960,16.8920,0.3680,97.2080,1.7850,2025-01-15 12:57:08,30.0
0.5080,16.9490,0.3640,96.8930,2.0110,2025-01-15 12:57:08,30.0
0.5160,17.0050,0.43,96.7860,1.8540,2025-01-15 12:57:08,30.0
0.52,16.9140,0.3260,97.0940,2.0560,2025-01-15 12:57:08,30.0
0.5190,17.0430,0.4020,96.8140,1.9250,2025-01-15 12:57:08,30.0
0.5260,17.0090,0.4580,96.7740,1.9440,2025-01-15 12:57:08,30.0
0.5330,16.93,0.4240,97.1080,2.0460,2025-01-15 12:57:08,30.0
0.5140,17.04,0.4580,97.1380,1.9270,2025-01-15 12:57:08,30.0
0.5430,17.0430,0.5350,96.9140,2.0930,2025-01-15 12:57:08,30.0
0.52,16.9360,0.2630,97,2.0040,2025-01-15 12:57:08,30.0
0.5370,17.0240,0.4340,97.1740,2.0490,2025-01-15 12:57:08,30.0
0.5260,16.9960,0.3850,97.2580,1.95,2025-01-15 12:57:08,30.0
0.5310,17.0750,0.4650,97.0690,1.9630,2025-01-15 12:57:08,30.0
0.5280,17.0490,0.43,96.9620,1.9940,2025-01-15 12:57:08,30.0
0.5140,17.0370,0.3710,96.7920,1.9710,2025-01-15 12:57:08,30.0
0.5250,16.8640,0.49,96.9750,2.1160,2025-01-15 12:57:08,30.0
0.5240,16.9580,0.5420,96.9730,2.1040,2025-01-16 09:29:15,31.0
0.5370,17.0270,0.4480,96.99,2.2280,2025-01-16 09:29:15,31.0
0.5390,16.9870,0.55,97.02,2.03,2025-01-16 09:29:15,31.0
0.4970,17.0460,0.4730,97.1070,1.9080,2025-01-16 09:29:15,31.0
0.5280,17.0490,0.5950,96.8930,2.0470,2025-01-16 09:29:15,31.0
0.5060,17.0150,0.4580,97.1370,1.8610,2025-01-16 09:29:15,31.0
0.5320,16.9710,0.6230,96.8970,2.1040,2025-01-16 09:29:15,31.0
0.5420,17.0710,0.4480,97.0280,2.0490,2025-01-16 09:29:15,31.0
0.5190,16.9550,0.4940,96.8470,2.0870,2025-01-16 09:29:15,31.0
0.51,16.9710,0.63,96.9480,1.9150,2025-01-16 09:29:15,31.0
0.52,16.9110,0.4870,96.9090,2.0020,2025-01-16 09:29:15,31.0
0.5190,16.9270,0.5250,97.0520,2.0560,2025-01-16 09:29:15,31.0
0.5130,17.0810,0.3780,96.82,1.9360,2025-01-16 09:29:15,31.0
0.5210,17.0020,0.4020,96.9880,2.0550,2025-01-16 09:29:15,31.0
0.5040,16.9930,0.4830,96.8550,1.9520,2025-01-16 09:29:15,31.0
0.5140,16.9170,0.5710,96.9620,1.9910,2025-01-16 09:29:15,31.0
0.51,17.0840,0.3050,96.9930,1.9750,2025-01-16 09:29:15,31.0
0.5030,17.0180,0.5850,96.9080,1.9530,2025-01-16 09:29:15,31.0
0.5260,17.0240,0.5710,96.8830,2.0180,2025-01-16 09:29:15,31.0
0.5160,16.9550,0.5110,97.1730,1.9370,2025-01-16 09:29:15,31.0
0.5480,16.9830,0.4790,97.0080,2.1860,2025-01-16 09:49:19,32.0
0.5450,16.98,0.4550,97.1210,2.0690,2025-01-16 09:49:19,32.0
0.52,17.0460,0.4970,97.0410,2.0180,2025-01-16 09:49:19,32.0
0.5160,17.0120,0.7140,97.09,1.8790,2025-01-16 09:49:19,32.0
0.5140,17.0150,0.56,97.1390,1.9590,2025-01-16 09:49:19,32.0
0.5460,16.9650,0.5110,97.2780,2.0620,2025-01-16 09:49:19,32.0
0.5450,17.1030,0.4270,97.2720,2.0160,2025-01-16 09:49:19,32.0
0.5170,16.9740,0.5180,96.9360,1.9810,2025-01-16 09:49:19,32.0
0.5310,17.0090,0.4620,96.9910,2.0810,2025-01-16 09:49:19,32.0
0.5140,17.04,0.4130,97.1440,1.8950,2025-01-16 09:49:19,32.0
0.5160,17.0650,0.4380,97.0710,1.8950,2025-01-16 09:49:19,32.0
0.5260,17.0710,0.5350,97.0130,2.0340,2025-01-16 09:49:19,32.0
0.5380,17.0590,0.4550,97.0530,2.0220,2025-01-16 09:49:19,32.0
0.5560,17.1310,0.4690,96.9170,2.1830,2025-01-16 09:49:19,32.0
0.5280,17.0150,0.50,96.9940,1.97,2025-01-16 09:49:19,32.0
0.5190,17.0020,0.4170,96.88,2.0280,2025-01-16 09:49:19,32.0
0.5160,17.0180,0.4760,96.96,1.9620,2025-01-16 09:49:19,32.0
0.5290,17.1250,0.5390,96.8160,1.9640,2025-01-16 09:49:19,32.0
0.5240,16.9520,0.5710,96.8560,2.0050,2025-01-16 09:49:19,32.0
0.50,16.9460,0.49,97.0270,1.8940,2025-01-16 09:49:19,32.0
0.5380,17.0460,0.4090,97.0680,1.9460,2025-01-16 12:14:31,33.0
0.5330,16.9960,0.4060,96.9850,2.0390,2025-01-16 12:14:31,33.0
0.5190,16.98,0.4240,96.9460,1.9570,2025-01-16 12:14:31,33.0
0.5260,16.9650,0.56,96.9730,2.0690,2025-01-16 12:14:31,33.0
0.5340,17.0710,0.5290,96.9380,1.9210,2025-01-16 12:14:31,33.0
0.5330,16.93,0.4550,97.1970,2.0640,2025-01-16 12:14:31,33.0
0.5280,17.0370,0.3950,97.0850,2.0510,2025-01-16 12:14:31,33.0
0.5320,16.9870,0.4720,97.1370,2.0490,2025-01-16 12:14:31,33.0
0.5260,16.9740,0.3540,97.0060,2.0690,2025-01-16 12:14:31,33.0
0.5310,17.04,0.4310,97.1060,2.1120,2025-01-16 12:14:31,33.0
0.5380,17.0150,0.3390,97.0570,2.08,2025-01-16 12:14:31,33.0
0.5170,16.8920,0.4410,96.9280,2.0330,2025-01-16 12:14:31,33.0
0.5440,16.9710,0.4730,97.0880,2.1190,2025-01-16 12:14:31,33.0
0.5340,16.99,0.4690,97.1830,2.0630,2025-01-16 12:14:31,33.0
0.5480,17.0970,0.3990,97.1770,2.1340,2025-01-16 12:14:31,33.0
0.5390,16.9830,0.3990,97.1550,2.1510,2025-01-16 12:14:31,33.0
0.5150,17.0560,0.3920,97.1660,1.9030,2025-01-16 12:14:31,33.0
0.5490,16.9020,0.5110,97.0010,2.0380,2025-01-16 12:14:31,33.0
0.5360,16.9520,0.42,97.3630,2.0970,2025-01-16 12:14:31,33.0
0.5380,16.9990,0.5250,96.8650,2.0740,2025-01-16 12:14:31,33.0
0.5180,16.9710,0.4620,96.9710,2.0780,2025-01-16 13:14:38,34.0
0.5140,16.9870,0.43,97.02,1.9640,2025-01-16 13:14:38,34.0
0.5290,17.0370,0.4940,96.9640,2.0160,2025-01-16 13:14:38,34.0
0.5320,17.0650,0.5040,96.9250,2.04,2025-01-16 13:14:38,34.0
0.5340,16.9930,0.4730,96.9150,2.0830,2025-01-16 13:14:38,34.0
0.5190,17.0020,0.4170,97.1610,1.9720,2025-01-16 13:14:38,34.0
0.5240,17.0750,0.35,97,2.0270,2025-01-16 13:14:38,34.0
0.5390,17.1280,0.5040,96.8050,1.9870,2025-01-16 13:14:38,34.0
0.5490,17.0150,0.3750,96.9980,2.0080,2025-01-16 13:14:38,34.0
0.52,17.1060,0.4940,97.0680,2.0170,2025-01-16 13:14:38,34.0
0.5240,16.9710,0.4650,97.1550,2.0880,2025-01-16 13:14:38,34.0
0.5230,16.9770,0.4020,96.8670,1.90,2025-01-16 13:14:38,34.0
0.5240,17.1120,0.4520,96.7120,1.9190,2025-01-16 13:14:38,34.0
0.5120,17.1410,0.4790,97.11,1.87,2025-01-16 13:14:38,34.0
0.5250,17.1340,0.4170,96.8150,1.95,2025-01-16 13:14:38,34.0
0.5020,16.99,0.4310,96.99,1.8210,2025-01-16 13:14:38,34.0
0.5280,16.99,0.4790,97.0440,2.0290,2025-01-16 13:14:38,34.0
0.5180,17.1560,0.4580,96.8590,1.9380,2025-01-16 13:14:38,34.0
0.5030,16.9990,0.5740,96.9470,1.8770,2025-01-16 13:14:38,34.0
0.5160,17.0590,0.4240,97.0760,1.9990,2025-01-16 13:14:38,34.0
0.5140,17.0370,0.3780,97.0450,1.9140,2025-01-16 19:44:55,35.0
0.5160,17.0460,0.5740,97.1670,1.9510,2025-01-16 19:44:55,35.0
0.5170,17.1150,0.4870,96.9290,1.8880,2025-01-16 19:44:55,35.0
0.54,17.0340,0.5210,97.3640,2.0440,2025-01-16 19:44:55,35.0
0.5230,16.9650,0.5390,97.1790,1.9450,2025-01-16 19:44:55,35.0
0.50,16.9960,0.4130,97.1690,1.8130,2025-01-16 19:44:55,35.0
0.5290,16.9930,0.34,97.1410,1.9680,2025-01-16 19:44:55,35.0
0.5230,16.9460,0.55,97.1780,1.9320,2025-01-16 19:44:55,35.0
0.5570,17.15,0.4020,97.3090,2.2160,2025-01-16 19:44:55,35.0
0.5320,17.0840,0.5460,97.0390,1.9370,2025-01-16 19:44:55,35.0
0.5230,16.9830,0.2870,97.21,2.0870,2025-01-16 19:44:55,35.0
0.5080,16.9430,0.4440,96.9260,1.9370,2025-01-16 19:44:55,35.0
0.5290,17.0050,0.50,97.0810,2.1470,2025-01-16 19:44:55,35.0
0.53,16.9170,0.6090,96.9510,2.0550,2025-01-16 19:44:55,35.0
0.5240,17.1280,0.4340,96.8840,1.9880,2025-01-16 19:44:55,35.0
0.5240,17.04,0.5390,97.0650,1.9070,2025-01-16 19:44:55,35.0
0.5150,16.9460,0.4550,97.2310,1.9810,2025-01-16 19:44:55,35.0
0.5060,17.0210,0.56,97.1460,1.9410,2025-01-16 19:44:55,35.0
0.5190,17.0490,0.3990,97.1520,1.9330,2025-01-16 19:44:55,35.0
0.5030,16.9360,0.6480,97.17,1.8670,2025-01-16 19:44:55,35.0
0.5110,17.0270,0.4020,97.1760,1.8350,2025-01-16 21:10:00,36.0
0.5390,17.1310,0.3780,96.9840,2.0390,2025-01-16 21:10:00,36.0
0.5270,17.0650,0.6160,97.1060,2.0170,2025-01-16 21:10:00,36.0
0.5270,17.0240,0.4660,97.2410,2.0310,2025-01-16 21:10:00,36.0
0.5030,16.83,0.6510,97.1330,1.9760,2025-01-16 21:10:00,36.0
0.5260,16.9610,0.4170,97.1270,1.9720,2025-01-16 21:10:00,36.0
0.51,16.9870,0.3780,97.09,1.8940,2025-01-16 21:10:00,36.0
0.5160,17.0490,0.4620,97.0810,1.9120,2025-01-16 21:10:00,36.0
0.5510,17.0430,0.4440,96.8380,2.24,2025-01-16 21:10:00,36.0
0.5330,16.9740,0.4690,96.8450,2.0290,2025-01-16 21:10:00,36.0
0.5150,17.0460,0.4450,96.9380,1.9820,2025-01-16 21:10:00,36.0
0.5140,17.0050,0.4020,96.8690,1.9320,2025-01-16 21:10:00,36.0
0.5370,17.0840,0.4870,97.1640,2.0270,2025-01-16 21:10:00,36.0
0.5180,17.0430,0.5530,96.8920,1.9450,2025-01-16 21:10:00,36.0
0.5320,16.9680,0.6230,97.0080,1.8780,2025-01-16 21:10:00,36.0
0.5070,16.9020,0.5080,97.1880,2.0310,2025-01-16 21:10:00,36.0
0.5060,16.9550,0.4060,96.9820,1.9460,2025-01-16 21:10:00,36.0
0.5180,17.0210,0.4930,97.1980,1.9550,2025-01-16 21:10:00,36.0
0.5180,17.1030,0.4620,96.72,1.9850,2025-01-16 21:10:00,36.0
0.5220,17.0020,0.5560,96.9020,2.1320,2025-01-16 21:10:00,36.0
0.5240,17.0870,0.5110,96.9990,1.9730,2025-01-17 12:27:18,37.0
0.5350,17.0020,0.4270,97.2050,1.9610,2025-01-17 12:27:18,37.0
0.5170,16.9930,0.4480,97.2620,2.0240,2025-01-17 12:27:18,37.0
0.5490,17.0310,0.4380,97.1350,2.0840,2025-01-17 12:27:18,37.0
0.5220,16.9990,0.5320,96.9520,2.1120,2025-01-17 12:27:18,37.0
0.5290,17.0180,0.3810,97.01,2.0530,2025-01-17 12:27:18,37.0
0.5370,17.0340,0.5350,97.07,2.0820,2025-01-17 12:27:18,37.0
0.5380,17.0430,0.4760,97.0320,2.1320,2025-01-17 12:27:18,37.0
0.5390,16.9330,0.3460,96.9420,2.03,2025-01-17 12:27:18,37.0
0.5450,16.9990,0.3740,97.0080,2.1790,2025-01-17 12:27:18,37.0
0.5480,17.1250,0.3640,97.1560,2.1040,2025-01-17 12:27:18,37.0
0.55,16.9930,0.5360,97.1080,2.0370,2025-01-17 12:27:18,37.0
0.5260,17.10,0.4090,97.21,2.0210,2025-01-17 12:27:18,37.0
0.5410,17.09,0.4520,96.9430,2.0750,2025-01-17 12:27:18,37.0
0.5420,16.8890,0.4550,96.8550,2.1030,2025-01-17 12:27:18,37.0
0.56,17.0590,0.4410,96.9570,2.0930,2025-01-17 12:27:18,37.0
0.5380,17.1280,0.4550,97.0730,2.0820,2025-01-17 12:27:18,37.0
0.5150,16.9210,0.4870,97.1790,2.0010,2025-01-17 12:27:18,37.0
0.5030,17.0090,0.4440,97.1240,1.9790,2025-01-17 12:27:18,37.0
0.5410,17.0340,0.5010,97.14,2.0910,2025-01-17 12:27:18,37.0
0.5360,17.0810,0.3320,96.9460,1.9110,2025-01-17 12:52:19,38.0
0.5380,17.0810,0.4860,96.9730,2.1650,2025-01-17 12:52:19,38.0
0.5120,17.0620,0.4450,97.1180,1.9320,2025-01-17 12:52:19,38.0
0.56,17.0340,0.5210,97.0860,2.1840,2025-01-17 12:52:19,38.0
0.5390,16.9520,0.4340,96.9970,2.1140,2025-01-17 12:52:19,38.0
0.5360,16.9710,0.3810,96.9890,2.12,2025-01-17 12:52:19,38.0
0.5380,17.1030,0.5490,97.0820,1.9990,2025-01-17 12:52:19,38.0
0.5260,16.9580,0.3850,97.0270,1.9260,2025-01-17 12:52:19,38.0
0.5310,17.0270,0.4580,97.1420,1.9420,2025-01-17 12:52:19,38.0
0.5370,16.9710,0.4870,97.0890,1.9740,2025-01-17 12:52:19,38.0
0.5190,16.9110,0.5180,97.0920,1.9370,2025-01-17 12:52:19,38.0
0.5160,17.0050,0.41,96.85,1.9140,2025-01-17 12:52:19,38.0
0.5280,17.0340,0.4270,96.9430,1.9170,2025-01-17 12:52:19,38.0
0.5140,17.0050,0.4660,97.2840,1.9450,2025-01-17 12:52:19,38.0
0.5340,16.9580,0.3110,97.2830,2.0010,2025-01-17 12:52:19,38.0
0.5330,17.0270,0.5180,96.8910,2.02,2025-01-17 12:52:19,38.0
0.5360,16.9490,0.36,97.15,1.9910,2025-01-17 12:52:19,38.0
0.5270,17.0620,0.5980,97.0940,2.0440,2025-01-17 12:52:19,38.0
0.5320,17.0430,0.4940,97.0830,2.0620,2025-01-17 12:52:19,38.0
0.52,16.9580,0.3890,97.27,1.9160,2025-01-17 12:52:19,38.0
0.5220,17.0240,0.3710,97.3760,2.0180,2025-01-17 19:42:32,39.0
0.54,17.0750,0.4730,97.1880,2.0820,2025-01-17 19:42:32,39.0
0.5350,17.0270,0.4860,97.1790,1.9960,2025-01-17 19:42:32,39.0
0.5340,17.1030,0.4550,97.0840,2.0050,2025-01-17 19:42:32,39.0
0.5190,16.99,0.4940,97.0130,2.0420,2025-01-17 19:42:32,39.0
0.53,17.09,0.4580,97.1360,1.9590,2025-01-17 19:42:32,39.0
0.5270,17.0750,0.4860,97.1960,2.0120,2025-01-17 19:42:32,39.0
0.51,17.04,0.3810,97.1870,1.96,2025-01-17 19:42:32,39.0
0.5280,17.0560,0.5180,96.8740,2.0310,2025-01-17 19:42:32,39.0
0.5230,17.0530,0.5110,97.1710,1.8460,2025-01-17 19:42:32,39.0
0.5220,16.9360,0.3920,97.0370,2.0510,2025-01-17 19:42:32,39.0
0.5480,17.0970,0.4620,97.1870,2.0380,2025-01-17 19:42:32,39.0
0.5410,17.1060,0.4690,97.0280,1.9110,2025-01-17 19:42:32,39.0
0.5230,17.0810,0.4380,96.8820,1.9690,2025-01-17 19:42:32,39.0
0.5050,16.9830,0.4520,97.1840,1.9630,2025-01-17 19:42:32,39.0
0.5220,17.0530,0.4060,96.9710,1.9720,2025-01-17 19:42:32,39.0
0.5260,17.0590,0.4440,97.2680,1.9080,2025-01-17 19:42:32,39.0
0.5310,17.1120,0.5070,96.9560,1.9550,2025-01-17 19:42:32,39.0
0.5390,16.9610,0.6480,97.07,2.0950,2025-01-17 19:42:32,39.0
0.5460,16.98,0.4970,97.29,2.17,2025-01-17 19:42:32,39.0
0.5120,16.8510,0.4060,97.2760,2.0310,2025-01-17 21:17:39,40.0
0.5120,17.0020,0.49,97.1810,2.0050,2025-01-17 21:17:39,40.0
0.5310,16.9460,0.49,97.0070,2.1080,2025-01-17 21:17:39,40.0
0.5230,16.9580,0.4790,96.8230,1.9220,2025-01-17 21:17:39,40.0
0.5010,16.9270,0.4690,97.0760,1.9830,2025-01-17 21:17:39,40.0
0.5390,16.9740,0.5290,96.9730,2.0240,2025-01-17 21:17:39,40.0
0.5440,16.98,0.5460,97.0560,1.9820,2025-01-17 21:17:39,40.0
0.5320,16.9610,0.4410,96.8710,2.0710,2025-01-17 21:17:39,40.0
0.5310,16.9080,0.4310,97.2950,1.9820,2025-01-17 21:17:39,40.0
0.5210,17.0050,0.4760,96.9170,1.8660,2025-01-17 21:17:39,40.0
0.5290,16.9990,0.5110,97.0750,1.8770,2025-01-17 21:17:39,40.0
0.5410,16.9650,0.4020,97.2450,2.0910,2025-01-17 21:17:39,40.0
0.5190,16.8480,0.4520,96.9620,1.9520,2025-01-17 21:17:39,40.0
0.5310,17.0370,0.4020,97.1320,2.0790,2025-01-17 21:17:39,40.0
0.5260,17.0370,0.49,96.9230,2.0250,2025-01-17 21:17:39,40.0
0.5230,16.9080,0.3740,96.9580,1.9210,2025-01-17 21:17:39,40.0
0.5280,16.9580,0.5850,97.0970,2.0290,2025-01-17 21:17:39,40.0
0.5350,16.8950,0.5150,97.0030,2.1360,2025-01-17 21:17:39,40.0
0.5360,17.0490,0.5040,96.7960,2.0850,2025-01-17 21:17:39,40.0
0.5070,16.82,0.4410,96.9110,1.8380,2025-01-17 21:17:39,40.0
0.5390,17.1690,0.35,97.0920,2.05,2025-01-20 10:59:38,41.0
0.5410,17.1150,0.3290,96.9180,1.9530,2025-01-20 10:59:38,41.0
0.5380,17.0370,0.5070,97.2130,2.0710,2025-01-20 10:59:38,41.0
0.5040,16.9110,0.4170,96.9690,1.9030,2025-01-20 10:59:38,41.0
0.5070,17.0310,0.3990,97.1930,1.8560,2025-01-20 10:59:38,41.0
0.5650,17.1310,0.4970,96.9470,2.0570,2025-01-20 10:59:38,41.0
0.5520,17.09,0.35,96.99,2.0270,2025-01-20 10:59:38,41.0
0.5280,17.0490,0.4310,97.1780,2.0250,2025-01-20 10:59:38,41.0
0.53,17.0180,0.4020,96.8540,1.9640,2025-01-20 10:59:38,41.0
0.5260,17.0750,0.3430,96.9790,1.8830,2025-01-20 10:59:38,41.0
0.5350,17.0930,0.4940,97.06,1.9220,2025-01-20 10:59:38,41.0
0.5350,17.0370,0.3780,97.4470,2.0660,2025-01-20 10:59:38,41.0
0.5510,17.0020,0.4690,97.1280,2.0440,2025-01-20 10:59:38,41.0
0.5230,16.9550,0.4580,96.9070,2.0040,2025-01-20 10:59:38,41.0
0.5170,17.04,0.4230,97.1020,2.0350,2025-01-20 10:59:38,41.0
0.5410,17.0270,0.4230,97.1750,2.0230,2025-01-20 10:59:38,41.0
0.5540,17.1560,0.3880,97.1490,2.0650,2025-01-20 10:59:38,41.0
0.5410,16.9610,0.4170,97.1490,2.0690,2025-01-20 10:59:38,41.0
0.5190,17.0020,0.5290,96.9550,2.0210,2025-01-20 10:59:38,41.0
0.5410,17.0180,0.4830,97.2530,2.0480,2025-01-20 10:59:38,41.0
0.5130,16.9990,0.3610,96.8730,1.9040,2025-01-20 13:09:44,42.0
0.5020,16.8990,0.5910,97.0080,1.9580,2025-01-20 13:09:44,42.0
0.5370,17.0490,0.4940,96.8450,2.11,2025-01-20 13:09:44,42.0
0.5490,17.0180,0.3810,96.9720,2.1170,2025-01-20 13:09:44,42.0
0.5350,17.1120,0.4650,96.7880,1.9490,2025-01-20 13:09:44,42.0
0.5290,17.0050,0.4480,96.8060,1.9490,2025-01-20 13:09:44,42.0
0.5350,16.9740,0.4830,97.1410,2.0960,2025-01-20 13:09:44,42.0
0.5090,17.0090,0.4230,97.0380,1.9260,2025-01-20 13:09:44,42.0
0.5140,17.0270,0.3810,97.1670,1.90,2025-01-20 13:09:44,42.0
0.5340,17.0340,0.4270,97.0930,2.0480,2025-01-20 13:09:44,42.0
0.5380,16.93,0.4760,96.9390,2.0270,2025-01-20 13:09:44,42.0
0.5220,16.8950,0.3250,97.2770,1.9080,2025-01-20 13:09:44,42.0
0.5120,17.0870,0.3780,97.3480,1.8330,2025-01-20 13:09:44,42.0
0.5430,17.09,0.3470,97.0290,2.0850,2025-01-20 13:09:44,42.0
0.5550,17.0530,0.3570,97.1320,2.0370,2025-01-20 13:09:44,42.0
0.5270,17.0020,0.4410,97.3340,1.9660,2025-01-20 13:09:44,42.0
0.5340,17.0310,0.4410,97.2820,2.0280,2025-01-20 13:09:44,42.0
0.54,17.0050,0.5770,97.0820,2.1130,2025-01-20 13:09:44,42.0
0.5510,16.98,0.5180,96.9670,2.0520,2025-01-20 13:09:44,42.0
0.5220,17.0310,0.4270,97.1770,1.9410,2025-01-20 13:09:44,42.0
0.5190,16.9610,0.43,97.10,1.9350,2025-01-20 19:29:56,43.0
0.5370,16.9610,0.4590,97.0720,1.9820,2025-01-20 19:29:56,43.0
0.5430,17.1280,0.4650,97.1850,2.0440,2025-01-20 19:29:56,43.0
0.5220,17.0840,0.4440,96.9570,1.9380,2025-01-20 19:29:56,43.0
0.5240,17.04,0.3530,97.2170,1.9910,2025-01-20 19:29:56,43.0
0.5370,17.0460,0.4130,96.9430,2.0340,2025-01-20 19:29:56,43.0
0.5390,17.0530,0.4620,96.9640,2.0090,2025-01-20 19:29:56,43.0
0.5250,17.0180,0.4090,97.0720,1.8340,2025-01-20 19:29:56,43.0
0.5180,17.0020,0.4380,96.90,1.9480,2025-01-20 19:29:56,43.0
0.5120,17.0530,0.4480,97.0640,1.8620,2025-01-20 19:29:56,43.0
0.5230,17.0680,0.5250,96.95,1.8810,2025-01-20 19:29:56,43.0
0.53,17.0490,0.5710,97.0120,2.10,2025-01-20 19:29:56,43.0
0.5140,16.9610,0.4590,97.2350,1.9440,2025-01-20 19:29:56,43.0
0.5220,17.0270,0.4410,97.3880,1.97,2025-01-20 19:29:56,43.0
0.5070,17.0530,0.3670,97.1520,1.87,2025-01-20 19:29:56,43.0
0.5410,17.0180,0.4690,97.2840,1.9720,2025-01-20 19:29:56,43.0
0.54,17.0750,0.4090,96.7390,2.1310,2025-01-20 19:29:56,43.0
0.5440,17.0650,0.4090,97.1310,2.0510,2025-01-20 19:29:56,43.0
0.54,17.0310,0.4760,96.8250,2.0250,2025-01-20 19:29:56,43.0
0.5280,17.0210,0.4830,97.1190,1.9650,2025-01-20 19:29:56,43.0
0.5340,17.0710,0.4760,97.1720,2.0650,2025-01-20 21:00:00,44.0
0.5330,17.1150,0.4620,97.2340,1.9650,2025-01-20 21:00:00,44.0
0.5020,16.9460,0.5040,97.0440,1.7740,2025-01-20 21:00:00,44.0
0.5380,17.0590,0.3950,97.1220,2.0380,2025-01-20 21:00:00,44.0
0.55,17.1120,0.4230,97.13,1.8780,2025-01-20 21:00:00,44.0
0.5080,16.9960,0.3610,97.20,1.7350,2025-01-20 21:00:00,44.0
0.5550,17.0530,0.4940,97.1180,2.1620,2025-01-20 21:00:00,44.0
0.52,16.9990,0.4870,97.1590,1.9440,2025-01-20 21:00:00,44.0
0.5470,17.04,0.4550,96.96,1.9880,2025-01-20 21:00:00,44.0
0.5370,17.0650,0.3710,97.1840,2.1090,2025-01-20 21:00:00,44.0
0.5190,17.0240,0.3990,97.2610,1.8880,2025-01-20 21:00:00,44.0
0.4990,17.0020,0.3080,96.9480,2.0020,2025-01-20 21:00:00,44.0
0.5220,17.0340,0.3150,97.1770,1.9490,2025-01-20 21:00:00,44.0
0.55,17.0490,0.41,97.0980,2.1760,2025-01-20 21:00:00,44.0
0.5150,17.0240,0.3570,97.1740,1.91,2025-01-20 21:00:00,44.0
0.5480,17.0650,0.4480,96.9320,1.9960,2025-01-20 21:00:00,44.0
0.5230,17.0490,0.4760,96.9020,1.9530,2025-01-20 21:00:00,44.0
0.5170,16.9520,0.5640,96.9110,1.9320,2025-01-20 21:00:00,44.0
0.51,16.9490,0.4060,96.9240,2.0890,2025-01-20 21:00:00,44.0
0.5220,17.15,0.5290,96.99,1.8350,2025-01-20 21:00:00,44.0
0.5370,17.0310,0.4230,97.0230,1.9490,2025-01-21 11:31:21,45.0
0.5480,16.9360,0.4620,97.2950,2.0620,2025-01-21 11:31:21,45.0
0.54,16.9680,0.4170,97.0890,2.0670,2025-01-21 11:31:21,45.0
0.5290,16.99,0.4510,97.1910,1.9990,2025-01-21 11:31:21,45.0
0.5320,17.0590,0.42,97.12,1.99,2025-01-21 11:31:21,45.0
0.5150,17.0090,0.4060,97.0190,1.79,2025-01-21 11:31:21,45.0
0.5290,16.9930,0.4580,97.1180,1.8760,2025-01-21 11:31:21,45.0
0.5480,17.0370,0.5770,96.8680,2.0280,2025-01-21 11:31:21,45.0
0.5490,16.9430,0.49,97.2670,2.2380,2025-01-21 11:31:21,45.0
0.53,16.9870,0.6370,96.9310,1.9820,2025-01-21 11:31:21,45.0
0.5360,16.9990,0.5460,96.7950,1.9460,2025-01-21 11:31:21,45.0
0.5410,17.0870,0.3360,96.9420,2.0020,2025-01-21 11:31:21,45.0
0.5310,17.0090,0.5710,96.9480,2.0290,2025-01-21 11:31:21,45.0
0.5440,16.9830,0.4340,97.1220,2.0720,2025-01-21 11:31:21,45.0
0.5370,16.9990,0.5430,97.2180,2.0740,2025-01-21 11:31:21,45.0
0.5350,16.9990,0.3780,97.0110,2.0480,2025-01-21 11:31:21,45.0
0.51,16.8770,0.3680,96.9950,1.8740,2025-01-21 11:31:21,45.0
0.5310,16.8640,0.4690,97.0450,2.0940,2025-01-21 11:31:21,45.0
0.5440,16.98,0.3990,96.8340,2.1590,2025-01-21 11:31:21,45.0
0.5230,16.9430,0.4380,96.9550,2.0960,2025-01-21 11:31:21,45.0
0.5080,16.9550,0.4380,97.1320,1.9570,2025-01-21 12:56:24,46.0
0.4980,16.9550,0.3360,97.0380,1.8950,2025-01-21 12:56:24,46.0
0.5330,16.9650,0.3740,97.3420,2.0480,2025-01-21 12:56:24,46.0
0.5190,16.9830,0.4830,97.0410,1.9970,2025-01-21 12:56:24,46.0
0.5310,16.8510,0.6160,96.96,2.0530,2025-01-21 12:56:24,46.0
0.5210,16.9110,0.4730,97.0510,1.9220,2025-01-21 12:56:24,46.0
0.5360,16.88,0.5460,97.09,2.12,2025-01-21 12:56:24,46.0
0.5260,16.8950,0.4090,97.1050,2.06,2025-01-21 12:56:24,46.0
0.5310,17.0490,0.4940,96.9990,2.0170,2025-01-21 12:56:24,46.0
0.5080,16.9870,0.4620,97.0370,1.8430,2025-01-21 12:56:24,46.0
0.55,16.9770,0.3960,96.9570,2.1660,2025-01-21 12:56:24,46.0
0.5260,16.9490,0.3780,96.9320,2.1380,2025-01-21 12:56:24,46.0
0.5330,16.9520,0.5080,97.1640,1.9040,2025-01-21 12:56:24,46.0
0.5350,17.1120,0.4380,97.2310,2.0320,2025-01-21 12:56:24,46.0
0.5290,16.9080,0.3960,97.0580,2.0050,2025-01-21 12:56:24,46.0
0.5130,16.9460,0.49,97.1880,1.9980,2025-01-21 12:56:24,46.0
0.5290,16.9990,0.4270,96.9840,2.0540,2025-01-21 12:56:24,46.0
0.5240,17.0120,0.4480,96.9410,2.0280,2025-01-21 12:56:24,46.0
0.5320,17.1190,0.5210,96.9440,1.9980,2025-01-21 12:56:24,46.0
0.5110,16.9610,0.4970,96.9620,1.9010,2025-01-21 12:56:24,46.0
0.5360,17.0810,0.5390,96.9730,2.0690,2025-01-21 19:36:44,47.0
0.5120,16.9550,0.5040,96.8510,1.8580,2025-01-21 19:36:44,47.0
0.5440,17.0490,0.4060,96.9660,2.04,2025-01-21 19:36:44,47.0
0.5260,17.09,0.4310,97.2620,1.9640,2025-01-21 19:36:44,47.0
0.5340,16.98,0.4020,97.0330,2.04,2025-01-21 19:36:44,47.0
0.52,16.93,0.5220,97.0540,2.0630,2025-01-21 19:36:44,47.0
0.5080,17.0490,0.4790,96.7980,1.9130,2025-01-21 19:36:44,47.0
0.5230,17.04,0.4270,97.01,1.9190,2025-01-21 19:36:44,47.0
0.5250,17.0240,0.4660,96.8670,2.0490,2025-01-21 19:36:44,47.0
0.5370,17.0270,0.5250,96.8080,2.0080,2025-01-21 19:36:44,47.0
0.5140,16.9580,0.5110,97.1020,1.8320,2025-01-21 19:36:44,47.0
0.5410,17.04,0.4170,97.1970,2.0770,2025-01-21 19:36:44,47.0
0.5390,16.9650,0.4930,97.0630,2.0890,2025-01-21 19:36:44,47.0
0.5330,16.9580,0.4690,97.0550,2.1140,2025-01-21 19:36:44,47.0
0.5310,16.9740,0.4760,97.0760,2.1240,2025-01-21 19:36:44,47.0
0.5290,16.9330,0.4760,97.1130,2.0670,2025-01-21 19:36:44,47.0
0.5340,17.0180,0.4310,97.1540,2.0690,2025-01-21 19:36:44,47.0
0.5270,17.0240,0.5350,97.1340,2.0150,2025-01-21 19:36:44,47.0
0.5340,17.0020,0.4970,96.8110,2.0460,2025-01-21 19:36:44,47.0
0.5090,17.0310,0.6580,97.0650,1.9060,2025-01-21 19:36:44,47.0
0.5420,17.0180,0.3890,96.9490,2.0490,2025-01-21 21:01:49,48.0
0.51,17.0460,0.5040,96.91,1.9360,2025-01-21 21:01:49,48.0
0.5250,16.8920,0.3080,97.0940,2.0090,2025-01-21 21:01:49,48.0
0.53,16.9170,0.4160,96.8610,2.0270,2025-01-21 21:01:49,48.0
0.5190,16.9460,0.4860,97.1560,2.0060,2025-01-21 21:01:49,48.0
0.5290,16.9830,0.4090,97.1690,2.0640,2025-01-21 21:01:49,48.0
0.5450,17.0240,0.55,97.0390,2.11,2025-01-21 21:01:49,48.0
0.54,17.0210,0.56,96.8790,1.99,2025-01-21 21:01:49,48.0
0.5060,16.9020,0.4030,97.1220,1.9480,2025-01-21 21:01:49,48.0
0.5540,17.0180,0.4760,96.8630,2.0510,2025-01-21 21:01:49,48.0
0.5390,16.9430,0.3640,97.0810,2.04,2025-01-21 21:01:49,48.0
0.5240,16.93,0.4310,97.13,2.0620,2025-01-21 21:01:49,48.0
0.5190,17.04,0.55,96.8270,1.97,2025-01-21 21:01:49,48.0
0.5380,17.0810,0.4230,96.8450,2.0490,2025-01-21 21:01:49,48.0
0.5280,17.0270,0.5670,96.8910,2.0190,2025-01-21 21:01:49,48.0
0.5390,17.2410,0.5530,96.8940,1.9890,2025-01-21 21:01:49,48.0
0.51,16.8140,0.4060,97.0360,1.9280,2025-01-21 21:01:49,48.0
0.5210,16.9550,0.4830,97.0930,1.9450,2025-01-21 21:01:49,48.0
0.5240,17.0490,0.4760,96.9620,1.95,2025-01-21 21:01:49,48.0
0.4970,16.9050,0.4450,96.9070,1.8720,2025-01-21 21:01:49,48.0
0.5280,17.0210,0.3810,96.9680,2.0770,2025-01-22 10:56:29,49.0
0.5240,16.9830,0.5080,97.1370,2.0350,2025-01-22 10:56:29,49.0
0.5390,17.0240,0.4160,96.9170,2.04,2025-01-22 10:56:29,49.0
0.5480,17.0050,0.4580,96.9560,2.0860,2025-01-22 10:56:29,49.0
0.5210,17.1220,0.4690,97.0290,2.0140,2025-01-22 10:56:29,49.0
0.5350,17.0340,0.3640,96.9480,2.0450,2025-01-22 10:56:29,49.0
0.5320,17.1090,0.4020,96.7990,2.0630,2025-01-22 10:56:29,49.0
0.5350,16.9240,0.3990,97.0450,2.1240,2025-01-22 10:56:29,49.0
0.5350,17.0560,0.3960,97.18,2.0440,2025-01-22 10:56:29,49.0
0.5450,17.0370,0.3990,96.8780,2.1460,2025-01-22 10:56:29,49.0
0.5060,16.8890,0.6330,97.2330,1.9750,2025-01-22 10:56:29,49.0
0.5290,17.0050,0.4230,96.8910,2.0520,2025-01-22 10:56:29,49.0
0.5390,16.8860,0.5040,96.9890,2.1080,2025-01-22 10:56:29,49.0
0.5410,17.0370,0.4030,96.9120,2.0230,2025-01-22 10:56:29,49.0
0.54,17.0340,0.5220,96.8730,2.1590,2025-01-22 10:56:29,49.0
0.5370,17.0490,0.4170,97.11,2.0810,2025-01-22 10:56:29,49.0
0.5420,16.9430,0.5810,96.9250,2.0750,2025-01-22 10:56:29,49.0
0.5350,17.0680,0.4760,96.8860,1.98,2025-01-22 10:56:29,49.0
0.5230,17.0050,0.3960,97.06,2.0180,2025-01-22 10:56:29,49.0
0.5110,17.0620,0.4270,96.92,1.9220,2025-01-22 10:56:29,49.0
0.5260,16.9210,0.4340,97.0020,2.0580,2025-01-22 13:06:39,50.0
0.5210,16.9990,0.49,97.2030,1.9680,2025-01-22 13:06:39,50.0
0.5140,16.8990,0.4870,97.0770,1.9910,2025-01-22 13:06:39,50.0
0.5040,16.9960,0.5360,97.1390,1.9510,2025-01-22 13:06:39,50.0
0.5270,16.9650,0.3150,97.0030,2.0760,2025-01-22 13:06:39,50.0
0.5060,16.9580,0.4130,96.8430,1.9610,2025-01-22 13:06:39,50.0
0.5170,16.9610,0.50,97.04,2.0290,2025-01-22 13:06:39,50.0
0.5380,16.9390,0.3810,97.1580,2.1640,2025-01-22 13:06:39,50.0
0.5240,16.8920,0.2980,97.19,2.0590,2025-01-22 13:06:39,50.0
0.5310,17.0710,0.4730,97.3150,2.1240,2025-01-22 13:06:39,50.0
0.5260,16.9930,0.3150,96.8660,2.0030,2025-01-22 13:06:39,50.0
0.5210,17.04,0.4790,97.04,2.0360,2025-01-22 13:06:39,50.0
0.5190,16.9390,0.4230,97.2620,1.9880,2025-01-22 13:06:39,50.0
0.5250,16.9580,0.4380,97.0720,2.0230,2025-01-22 13:06:39,50.0
0.5420,16.9990,0.5150,96.9090,2.1290,2025-01-22 13:06:39,50.0
0.5220,17.1220,0.4170,96.9820,2.0020,2025-01-22 13:06:39,50.0
0.5450,17.0430,0.4550,97.3070,2.04,2025-01-22 13:06:39,50.0
0.5050,16.8670,0.6060,97.0080,1.96,2025-01-22 13:06:39,50.0
0.5240,16.9870,0.3610,96.8070,2.0640,2025-01-22 13:06:39,50.0
0.5260,17.0090,0.4520,97.2470,2.0090,2025-01-22 13:06:39,50.0
0.53,17.0120,0.42,97.1490,2.0180,2025-01-22 19:26:51,51.0
0.5330,17.0270,0.4690,96.9030,2.0440,2025-01-22 19:26:51,51.0
0.5180,16.9490,0.5640,97.0710,1.9910,2025-01-22 19:26:51,51.0
0.5350,17.0780,0.4510,96.8970,1.8650,2025-01-22 19:26:51,51.0
0.4970,16.9170,0.4340,97.1110,1.89,2025-01-22 19:26:51,51.0
0.5190,17.0090,0.49,96.8190,1.9070,2025-01-22 19:26:51,51.0
0.5430,17.0680,0.4060,97.2360,1.9980,2025-01-22 19:26:51,51.0
0.5440,17.0780,0.35,96.8910,2.0630,2025-01-22 19:26:51,51.0
0.5280,17.0430,0.4270,96.9270,2.0050,2025-01-22 19:26:51,51.0
0.5250,17.0270,0.4550,96.9030,1.9510,2025-01-22 19:26:51,51.0
0.5290,16.9520,0.4270,96.90,1.9730,2025-01-22 19:26:51,51.0
0.5350,16.9610,0.3640,97.0440,1.9810,2025-01-22 19:26:51,51.0
0.5180,17.0460,0.5420,97.0340,1.94,2025-01-22 19:26:51,51.0
0.5570,16.9990,0.3990,97.1960,2.1560,2025-01-22 19:26:51,51.0
0.5440,17.0240,0.56,97.3010,2.0430,2025-01-22 19:26:51,51.0
0.5130,16.9770,0.5530,97.1310,1.9990,2025-01-22 19:26:51,51.0
0.5090,16.9870,0.42,97.0090,1.9810,2025-01-22 19:26:51,51.0
0.5390,17.0970,0.4020,96.8610,2.0960,2025-01-22 19:26:51,51.0
0.51,17.0430,0.4550,97.0370,1.9350,2025-01-22 19:26:51,51.0
0.5340,17.0530,0.4870,97.0430,2.0420,2025-01-22 19:26:51,51.0
0.5240,17.0590,0.4760,96.9390,2.0670,2025-01-22 20:46:52,52.0
0.5330,16.9550,0.4410,96.7890,2.08,2025-01-22 20:46:52,52.0
0.5070,17.0680,0.4760,96.9620,1.9270,2025-01-22 20:46:52,52.0
0.5240,16.9610,0.5320,97.0550,2.1440,2025-01-22 20:46:52,52.0
0.5350,16.9960,0.5290,97.0860,2.0460,2025-01-22 20:46:52,52.0
0.5390,17.0870,0.4090,97.3320,2.0040,2025-01-22 20:46:52,52.0
0.5250,17.0840,0.4660,96.96,2.0460,2025-01-22 20:46:52,52.0
0.5430,17.1150,0.4690,97.16,2.0650,2025-01-22 20:46:52,52.0
0.5320,17.0340,0.4340,97.0780,2.1250,2025-01-22 20:46:52,52.0
0.5190,16.98,0.3610,97.0520,2.0230,2025-01-22 20:46:52,52.0
0.5510,17.0650,0.5150,97.0120,2.0880,2025-01-22 20:46:52,52.0
0.5470,17.1370,0.5110,97.0240,2.0940,2025-01-22 20:46:52,52.0
0.5090,16.9360,0.4310,97.0560,1.9260,2025-01-22 20:46:52,52.0
0.52,16.98,0.3610,96.9210,1.9510,2025-01-22 20:46:52,52.0
0.5090,17.1030,0.4410,96.8680,1.9590,2025-01-22 20:46:52,52.0
0.5070,17.0150,0.4130,97.0140,1.9480,2025-01-22 20:46:52,52.0
0.5320,17.0530,0.4730,97.11,2.01,2025-01-22 20:46:52,52.0
0.5440,17.0530,0.4310,96.9210,2.0990,2025-01-22 20:46:52,52.0
0.5340,17.1190,0.4690,96.80,2.0690,2025-01-22 20:46:52,52.0
0.5210,16.9960,0.4730,97.1160,1.98,2025-01-22 20:46:52,52.0
0.5380,16.9830,0.4480,97.0680,2.04,2025-01-23 11:18:48,53.0
0.5450,17.0750,0.34,96.9290,2.0970,2025-01-23 11:18:48,53.0
0.5360,17.0430,0.5810,97.0710,2.0790,2025-01-23 11:18:48,53.0
0.5440,16.9830,0.4690,97.3120,2.0730,2025-01-23 11:18:48,53.0
0.5230,16.8770,0.4730,96.8650,1.9380,2025-01-23 11:18:48,53.0
0.54,17.2160,0.48,97.05,2.0930,2025-01-23 11:18:48,53.0
0.5360,16.9680,0.3710,96.8850,2.0230,2025-01-23 11:18:48,53.0
0.5340,16.9710,0.3570,97.2760,2.0260,2025-01-23 11:18:48,53.0
0.5090,17.0460,0.4170,97.2480,1.8660,2025-01-23 11:18:48,53.0
0.5290,17.04,0.5110,96.9310,1.9520,2025-01-23 11:18:48,53.0
0.5540,16.9870,0.5290,97.1670,2.1370,2025-01-23 11:18:48,53.0
0.5140,16.9610,0.3150,96.8670,2.0040,2025-01-23 11:18:48,53.0
0.5250,17.0530,0.5110,97.0890,1.85,2025-01-23 11:18:48,53.0
0.5250,17.04,0.4240,97.3290,1.8830,2025-01-23 11:18:48,53.0
0.5450,17.1720,0.5710,97.1050,1.9440,2025-01-23 11:18:48,53.0
0.5430,16.9430,0.4440,97.1550,2.0180,2025-01-23 11:18:48,53.0
0.5170,17.0090,0.4310,96.8560,1.9150,2025-01-23 11:18:48,53.0
0.5390,17.1310,0.3290,96.9980,2.0180,2025-01-23 11:18:48,53.0
0.5320,16.9740,0.3990,97.0820,2.0080,2025-01-23 11:18:48,53.0
0.5350,16.9830,0.4170,96.8110,1.8780,2025-01-23 11:18:48,53.0
0.53,16.9610,0.4170,97.1790,1.99,2025-01-23 13:18:53,54.0
0.5190,16.9330,0.3820,97.1920,1.9460,2025-01-23 13:18:53,54.0
0.51,17.0150,0.5250,97.0560,1.9660,2025-01-23 13:18:53,54.0
0.5370,16.9930,0.3780,96.9540,1.9520,2025-01-23 13:18:53,54.0
0.5170,16.99,0.42,96.8250,1.8870,2025-01-23 13:18:53,54.0
0.5170,16.9710,0.4830,97.1250,2.02,2025-01-23 13:18:53,54.0
0.5280,17.04,0.35,96.8690,1.9780,2025-01-23 13:18:53,54.0
0.5490,17.0970,0.49,96.6440,2.0520,2025-01-23 13:18:53,54.0
0.5350,16.9680,0.3920,96.8780,2.0460,2025-01-23 13:18:53,54.0
0.5190,16.9430,0.3850,96.9480,1.8790,2025-01-23 13:18:53,54.0
0.5440,17.10,0.5220,96.9240,2.1110,2025-01-23 13:18:53,54.0
0.5270,16.9610,0.4170,97.1680,1.9130,2025-01-23 13:18:53,54.0
0.5350,17.0310,0.3780,96.8850,2.0270,2025-01-23 13:18:53,54.0
0.5460,16.9610,0.4060,97.0140,2.0950,2025-01-23 13:18:53,54.0
0.5460,16.9770,0.4940,96.9810,2.1240,2025-01-23 13:18:53,54.0
0.5140,17.0490,0.4970,96.9780,1.9370,2025-01-23 13:18:53,54.0
0.5450,17.09,0.4730,96.8760,2.0220,2025-01-23 13:18:53,54.0
0.5240,16.9680,0.4410,96.9540,1.9540,2025-01-23 13:18:53,54.0
0.5420,16.9770,0.3990,97.1770,2.0560,2025-01-23 13:18:53,54.0
0.51,17.0710,0.5070,97.0420,1.8850,2025-01-23 13:18:53,54.0
0.5260,16.9140,0.4090,97.1170,2.0910,2025-01-23 19:19:05,55.0
0.5320,16.99,0.3430,96.9370,2.1260,2025-01-23 19:19:05,55.0
0.5280,16.9990,0.4520,96.9490,2.1120,2025-01-23 19:19:05,55.0
0.51,16.9930,0.4170,96.9550,1.84,2025-01-23 19:19:05,55.0
0.5460,17.0650,0.3850,97.0060,1.9880,2025-01-23 19:19:05,55.0
0.5340,16.9930,0.3990,96.9330,1.9080,2025-01-23 19:19:05,55.0
0.5370,16.9460,0.4130,97.3190,2.0690,2025-01-23 19:19:05,55.0
0.5270,17.0310,0.5350,96.9670,1.9720,2025-01-23 19:19:05,55.0
0.5210,17.1120,0.4060,97.1270,2.0340,2025-01-23 19:19:05,55.0
0.5290,16.8550,0.5040,97.1570,1.9680,2025-01-23 19:19:05,55.0
0.5140,17.0340,0.5180,96.9460,1.8350,2025-01-23 19:19:05,55.0
0.53,17.04,0.4970,96.8630,2.0140,2025-01-23 19:19:05,55.0
0.5160,16.9710,0.4760,97.0890,2.0130,2025-01-23 19:19:05,55.0
0.5330,16.9210,0.4870,96.9920,2.0330,2025-01-23 19:19:05,55.0
0.5060,17.0590,0.3990,97.2410,1.90,2025-01-23 19:19:05,55.0
0.5270,17.0680,0.3920,96.9520,1.9620,2025-01-23 19:19:05,55.0
0.51,16.9240,0.5080,97.1790,1.9470,2025-01-23 19:19:05,55.0
0.52,17.0460,0.4970,97.1220,1.8960,2025-01-23 19:19:05,55.0
0.5170,17.0620,0.3750,97.02,1.8940,2025-01-23 19:19:05,55.0
0.5190,17.0930,0.49,97.0150,1.9240,2025-01-23 19:19:05,55.0
0.5290,17.0490,0.4380,96.9730,2.0120,2025-01-23 20:49:07,56.0
0.5170,16.9490,0.4730,96.9470,1.8980,2025-01-23 20:49:07,56.0
0.5310,17.0590,0.3780,97.1040,1.9560,2025-01-23 20:49:07,56.0
0.5290,16.9650,0.4240,97.0170,1.9110,2025-01-23 20:49:07,56.0
0.5330,16.99,0.4380,97.1780,2.0850,2025-01-23 20:49:07,56.0
0.5070,16.9110,0.41,97.2540,1.8010,2025-01-23 20:49:07,56.0
0.5330,17.0650,0.3710,96.8170,1.9840,2025-01-23 20:49:07,56.0
0.5320,17.1910,0.4340,96.8810,1.9390,2025-01-23 20:49:07,56.0
0.5420,17.1250,0.6060,96.9390,2.1410,2025-01-23 20:49:07,56.0
0.5240,16.9210,0.3460,96.9880,2.0580,2025-01-23 20:49:07,56.0
0.5290,16.9270,0.3960,96.92,1.9990,2025-01-23 20:49:07,56.0
0.5270,17.0310,0.5710,97.1190,2,2025-01-23 20:49:07,56.0
0.50,16.93,0.4690,97.0130,1.8330,2025-01-23 20:49:07,56.0
0.5370,17.0430,0.5360,96.7740,2.0250,2025-01-23 20:49:07,56.0
0.5260,16.9140,0.3850,97.2230,1.8950,2025-01-23 20:49:07,56.0
0.5320,16.9330,0.4790,96.9880,2.0890,2025-01-23 20:49:07,56.0
0.5240,16.9330,0.3990,97.1720,1.9230,2025-01-23 20:49:07,56.0
0.5190,17.0370,0.3640,97.2370,1.9480,2025-01-23 20:49:07,56.0
0.5180,17.0590,0.3710,97.0980,1.8830,2025-01-23 20:49:07,56.0
0.5360,17.0560,0.4970,96.9840,1.9020,2025-01-23 20:49:07,56.0
0.5350,16.9680,0.5670,97.0330,2.0510,2025-01-24 10:55:59,57.0
0.5190,17.0430,0.3990,96.9870,2.0050,2025-01-24 10:55:59,57.0
0.5230,16.9650,0.4940,97.16,1.9140,2025-01-24 10:55:59,57.0
0.5370,17.09,0.4620,96.9610,2.14,2025-01-24 10:55:59,57.0
0.5280,17.0120,0.3920,97.0220,2.0770,2025-01-24 10:55:59,57.0
0.5470,16.9460,0.3360,96.9160,2.2360,2025-01-24 10:55:59,57.0
0.5420,16.9580,0.4090,97.1650,2.0260,2025-01-24 10:55:59,57.0
0.5250,17.1340,0.4790,96.9890,2.1280,2025-01-24 10:55:59,57.0
0.5330,16.9170,0.4830,97.27,1.9110,2025-01-24 10:55:59,57.0
0.5340,16.9390,0.3390,96.8810,2.0970,2025-01-24 10:55:59,57.0
0.5160,16.9490,0.5150,97.1880,2.1170,2025-01-24 10:55:59,57.0
0.5090,17.0340,0.55,97.1310,1.8860,2025-01-24 10:55:59,57.0
0.5170,16.9330,0.5250,97.1940,1.98,2025-01-24 10:55:59,57.0
0.5220,16.9080,0.4380,97.1620,1.9290,2025-01-24 10:55:59,57.0
0.5330,17.0210,0.4940,96.9740,2.04,2025-01-24 10:55:59,57.0
0.5370,16.9680,0.4970,97.0580,2.1160,2025-01-24 10:55:59,57.0
0.53,17.1090,0.4270,97.0170,2.0710,2025-01-24 10:55:59,57.0
0.52,16.9360,0.4940,97.0090,2.0160,2025-01-24 10:55:59,57.0
0.50,16.9580,0.4730,96.8940,1.7690,2025-01-24 10:55:59,57.0
0.5450,17.0210,0.3710,96.8460,2.0950,2025-01-24 10:55:59,57.0
0.5280,17.0270,0.3360,97.1530,2.0380,2025-01-24 13:11:07,58.0
0.5440,17.0150,0.3780,96.8980,2.0610,2025-01-24 13:11:07,58.0
0.5350,16.8580,0.7980,97.0830,2.0990,2025-01-24 13:11:07,58.0
0.5260,17.0930,0.3990,96.9020,2.08,2025-01-24 13:11:07,58.0
0.5250,17.0490,0.5570,96.9240,2.0070,2025-01-24 13:11:07,58.0
0.5220,17.0180,0.5250,97.0110,1.9740,2025-01-24 13:11:07,58.0
0.5130,17.0240,0.4760,96.96,1.9260,2025-01-24 13:11:07,58.0
0.5390,17.1090,0.5810,97.0420,1.9680,2025-01-24 13:11:07,58.0
0.5150,17.0340,0.5740,97.3030,1.9870,2025-01-24 13:11:07,58.0
0.5270,16.9210,0.3960,96.7910,2.0830,2025-01-24 13:11:07,58.0
0.5190,16.8860,0.4340,97.2410,1.9530,2025-01-24 13:11:07,58.0
0.5360,16.9960,0.5110,96.8780,2.0220,2025-01-24 13:11:07,58.0
0.5260,16.9240,0.35,97.1650,1.9670,2025-01-24 13:11:07,58.0
0.5210,16.9610,0.4270,97.0110,2.1090,2025-01-24 13:11:07,58.0
0.51,16.9770,0.4620,96.9970,1.9940,2025-01-24 13:11:07,58.0
0.5150,17.0710,0.3780,96.7780,1.9750,2025-01-24 13:11:07,58.0
0.5270,16.9390,0.4730,96.7920,2.0720,2025-01-24 13:11:07,58.0
0.5620,17.0340,0.4970,97.1810,2.0280,2025-01-24 13:11:07,58.0
0.5230,17.0240,0.3850,96.9750,2.04,2025-01-24 13:11:07,58.0
0.5460,17.0650,0.43,96.9810,1.96,2025-01-24 13:11:07,58.0
0.5310,17.0050,0.4690,97.0950,1.9480,2025-01-24 19:21:22,59.0
0.5140,16.8990,0.3990,96.8950,2.04,2025-01-24 19:21:22,59.0
0.5430,17.0020,0.6120,96.8730,2.0950,2025-01-24 19:21:22,59.0
0.5190,16.9960,0.3780,97.0940,1.9550,2025-01-24 19:21:22,59.0
0.5320,16.9990,0.4270,96.8340,1.8730,2025-01-24 19:21:22,59.0
0.5260,17.0560,0.3990,97.1450,1.9230,2025-01-24 19:21:22,59.0
0.5570,17.0490,0.3850,97.1970,2.0260,2025-01-24 19:21:22,59.0
0.5310,17.0590,0.5630,96.8310,1.99,2025-01-24 19:21:22,59.0
0.5170,16.9390,0.4620,96.7660,2.0170,2025-01-24 19:21:22,59.0
0.5460,17.1660,0.41,97.0350,1.8710,2025-01-24 19:21:22,59.0
0.5110,17.1060,0.55,96.7170,1.8010,2025-01-24 19:21:22,59.0
0.5150,16.9870,0.2970,97.2980,1.8780,2025-01-24 19:21:22,59.0
0.5210,16.9460,0.4440,97.3020,2.0120,2025-01-24 19:21:22,59.0
0.5270,16.9740,0.4440,97.0640,2.0630,2025-01-24 19:21:22,59.0
0.5350,16.9990,0.3220,96.5750,2.0950,2025-01-24 19:21:22,59.0
0.5190,17.0650,0.4790,96.7170,2.0110,2025-01-24 19:21:22,59.0
0.5310,17.0930,0.3990,109.4850,1.9130,2025-01-24 19:21:22,59.0
0.5140,16.9550,0.49,97.1020,2.0150,2025-01-24 19:21:22,59.0
0.5320,17.1120,0.49,96.7910,1.9160,2025-01-24 19:21:22,59.0
0.5180,17.0120,0.56,96.8030,2.1330,2025-01-24 19:21:22,59.0
0.5230,16.9390,0.4410,97.2470,1.9230,2025-01-24 20:46:23,60.0
0.5420,16.9680,0.4270,96.9740,2.0920,2025-01-24 20:46:23,60.0
0.5480,17.0270,0.4380,97.1260,1.9310,2025-01-24 20:46:23,60.0
0.5460,17.0120,0.3640,97.1660,2.0610,2025-01-24 20:46:23,60.0
0.5360,17.0050,0.4730,96.7630,2.0780,2025-01-24 20:46:23,60.0
0.50,16.9610,0.4410,97.2670,1.7170,2025-01-24 20:46:23,60.0
0.5190,16.9210,0.5040,97.1720,1.9430,2025-01-24 20:46:23,60.0
0.5190,16.98,0.4760,97.0980,1.8740,2025-01-24 20:46:23,60.0
0.5040,16.9210,0.4620,96.91,1.8760,2025-01-24 20:46:23,60.0
0.5190,16.9330,0.3360,96.8930,1.8320,2025-01-24 20:46:23,60.0
0.5280,16.9990,0.4940,97.1460,2.0260,2025-01-24 20:46:23,60.0
0.5260,17.0710,0.3880,96.8590,1.9010,2025-01-24 20:46:23,60.0
0.5330,16.98,0.50,97.2030,2.0060,2025-01-24 20:46:23,60.0
0.5340,17.1090,0.4230,97.1270,1.8940,2025-01-24 20:46:23,60.0
0.5360,17.0270,0.5010,97.1140,1.9840,2025-01-24 20:46:23,60.0
0.5050,17.0560,0.4650,97.0940,1.9290,2025-01-24 20:46:23,60.0
0.5490,17.0620,0.4170,97.0090,2.1890,2025-01-24 20:46:23,60.0
0.5120,16.9680,0.4270,97.0460,1.8080,2025-01-24 20:46:23,60.0
0.5120,17.0020,0.5670,97.1610,1.9960,2025-01-24 20:46:23,60.0
0.53,17.0710,0.4480,96.7410,2.04,2025-01-24 20:46:23,60.0
0.5270,16.8640,0.42,97.1810,2.1060,2025-02-10 12:38:40,61.0
0.5230,16.83,0.4060,96.85,2.08,2025-02-10 12:38:40,61.0
0.5320,17.0460,0.3640,96.8210,2.02,2025-02-10 12:38:40,61.0
0.5410,16.8950,0.3990,97.1810,2.0730,2025-02-10 12:38:40,61.0
0.5170,16.9110,0.3850,97.2630,2.0010,2025-02-10 12:38:40,61.0
0.5350,17.0020,0.4130,97.0040,2.0490,2025-02-10 12:38:40,61.0
0.5460,17.0680,0.3610,96.8550,2.13,2025-02-10 12:38:40,61.0
0.5540,17.0870,0.4020,97.0350,2.1650,2025-02-10 12:38:40,61.0
0.5390,17.0530,0.3080,97.3430,2.1270,2025-02-10 12:38:40,61.0
0.5130,16.9020,0.2870,97.1820,1.8360,2025-02-10 12:38:40,61.0
0.5250,16.9210,0.3190,96.8450,1.9510,2025-02-10 12:38:40,61.0
0.5270,16.8450,0.3920,97.2840,2.0130,2025-02-10 12:38:40,61.0
0.5460,16.9710,0.3290,96.8690,2.08,2025-02-10 12:38:40,61.0
0.5220,16.9360,0.3080,96.8260,1.9160,2025-02-10 12:38:40,61.0
0.5380,16.9430,0.3820,97.3320,2.0880,2025-02-10 12:38:40,61.0
0.5280,16.9930,0.49,97.2140,2.0150,2025-02-10 12:38:40,61.0
0.52,16.8990,0.4550,97.35,1.95,2025-02-10 12:38:40,61.0
0.5320,16.9520,0.3750,97.1970,1.9730,2025-02-10 12:38:40,61.0
0.5120,17.0430,0.3250,96.9540,1.9220,2025-02-10 12:38:40,61.0
0.5360,16.9110,0.3530,96.9290,2.1140,2025-02-10 12:38:40,61.0
0.5280,16.9680,0.4130,97.1410,2.0050,2025-02-10 12:58:42,62.0
0.5210,16.9170,0.3460,96.9270,2,2025-02-10 12:58:42,62.0
0.51,16.8890,0.34,96.7770,1.8150,2025-02-10 12:58:42,62.0
0.5340,17.0020,0.4580,96.7970,1.9690,2025-02-10 12:58:42,62.0
0.5340,17.0530,0.3780,97.2810,1.9670,2025-02-10 12:58:42,62.0
0.5110,16.9740,0.4550,97.0210,2.0940,2025-02-10 12:58:42,62.0
0.5190,16.9460,0.3460,96.8770,1.8850,2025-02-10 12:58:42,62.0
0.5280,17.09,0.3530,97.1060,1.8940,2025-02-10 12:58:42,62.0
0.4980,16.9140,0.2840,97.0670,1.8380,2025-02-10 12:58:42,62.0
0.5260,16.9430,0.3360,96.8630,2.0920,2025-02-10 12:58:42,62.0
0.5330,16.9710,0.5110,96.4850,2.0910,2025-02-10 12:58:42,62.0
0.5350,16.9360,0.3640,97.1740,2.0950,2025-02-10 12:58:42,62.0
0.5160,16.9870,0.2350,96.8810,1.8490,2025-02-10 12:58:42,62.0
0.5330,16.9870,0.3960,97.1360,2.09,2025-02-10 12:58:42,62.0
0.5260,16.9520,0.4060,97.1320,2.0570,2025-02-10 12:58:42,62.0
0.5250,16.9170,0.3990,96.7630,1.8640,2025-02-10 12:58:42,62.0
0.5320,16.9580,0.3150,97.3960,1.9430,2025-02-10 12:58:42,62.0
0.54,17.0560,0.3990,96.78,2.0740,2025-02-10 12:58:42,62.0
0.5120,16.9990,0.3750,97.07,2.0930,2025-02-10 12:58:42,62.0
0.5180,16.8580,0.3960,97.1830,2.0610,2025-02-10 12:58:42,62.0
0.5540,17.0650,0.3780,97.24,2.1510,2025-02-10 19:53:58,63.0
0.5260,16.8830,0.4730,97.2090,2.1070,2025-02-10 19:53:58,63.0
0.5470,17.0970,0.4020,97.29,2.1090,2025-02-10 19:53:58,63.0
0.5220,17.1470,0.4790,96.8080,0.0180,2025-02-10 19:53:58,63.0
0.54,16.9610,0.49,96.9740,2.08,2025-02-10 19:53:58,63.0
0.5410,17.0650,0.4690,96.8370,2.04,2025-02-10 19:53:58,63.0
0.52,16.9770,0.3850,97.0550,2,2025-02-10 19:53:58,63.0
0.54,17.0710,0.4020,96.8470,2.1010,2025-02-10 19:53:58,63.0
0.5430,17.0530,0.4730,97.1880,1.9950,2025-02-10 19:53:58,63.0
0.52,17.04,0.4020,96.7730,1.8990,2025-02-10 19:53:58,63.0
0.5620,17.0680,0.3920,96.8590,2.1480,2025-02-10 19:53:58,63.0
0.5380,16.9930,0.6160,96.9440,2.0990,2025-02-10 19:53:58,63.0
0.5210,16.9210,0.3710,96.9650,1.9280,2025-02-10 19:53:58,63.0
0.5130,16.83,0.3360,97.0210,1.9670,2025-02-10 19:53:58,63.0
0.5420,17.0650,0.3780,96.7270,2.1250,2025-02-10 19:53:58,63.0
0.5430,16.9770,0.5910,97.1060,2.1610,2025-02-10 19:53:58,63.0
0.5480,17.0020,0.4030,97.16,2.2380,2025-02-10 19:53:58,63.0
0.5190,16.9580,0.4660,96.8890,1.9050,2025-02-10 19:53:58,63.0
0.5340,16.9650,0.4690,97.1070,2.0740,2025-02-10 19:53:58,63.0
0.5120,17.0870,0.50,96.83,2.0410,2025-02-10 19:53:58,63.0
0.51,16.9580,0.3640,97.0970,1.8820,2025-02-10 21:04:10,64.0
0.5380,17.10,0.4790,97.05,1.9820,2025-02-10 21:04:10,64.0
0.5320,16.9870,0.4970,97.1320,2.0450,2025-02-10 21:04:10,64.0
0.5090,16.9210,0.3890,97.1940,1.91,2025-02-10 21:04:10,64.0
0.5390,17.0020,0.4480,96.7790,2.07,2025-02-10 21:04:10,64.0
0.5270,17.0710,0.4130,96.72,1.9720,2025-02-10 21:04:10,64.0
0.5250,16.9580,0.49,96.97,2.0090,2025-02-10 21:04:10,64.0
0.5360,17.0270,0.4580,97.1480,2.0390,2025-02-10 21:04:10,64.0
0.5090,16.9140,0.5180,97.1690,1.8650,2025-02-10 21:04:10,64.0
0.5360,16.9330,0.3460,97.06,1.9780,2025-02-10 21:04:10,64.0
0.5380,17.0050,0.4380,96.8280,2.1090,2025-02-10 21:04:10,64.0
0.5210,17.0310,0.42,96.8210,2.2530,2025-02-10 21:04:10,64.0
0.5190,17.0240,0.4310,97.0550,2.05,2025-02-10 21:04:10,64.0
0.5280,16.8990,0.4690,96.8650,1.9880,2025-02-10 21:04:10,64.0
0.5310,16.9170,0.3670,97.2620,1.9860,2025-02-10 21:04:10,64.0
0.5330,16.9710,0.4020,97.0030,2.0770,2025-02-10 21:04:10,64.0
0.5350,17.0490,0.4830,96.9030,2.0040,2025-02-10 21:04:10,64.0
0.5280,17.0020,0.4870,96.6650,1.9910,2025-02-10 21:04:10,64.0
0.5050,17.0590,0.4790,96.8130,1.9340,2025-02-10 21:04:10,64.0
0.5510,17.0340,0.4760,96.6150,2.1090,2025-02-10 21:04:10,64.0
0.5390,16.9990,0.4660,97.14,2.18,2025-02-11 11:23:20,65.0
0.5250,16.9240,0.4340,96.7510,2.0290,2025-02-11 11:23:20,65.0
0.5470,16.9960,0.3920,97.1550,2.1450,2025-02-11 11:23:20,65.0
0.5220,16.9930,0.3960,97.1510,2.0570,2025-02-11 11:23:20,65.0
0.5210,17.0240,0.4520,97.1440,1.9440,2025-02-11 11:23:20,65.0
0.5450,16.8950,0.4020,96.99,2.1170,2025-02-11 11:23:20,65.0
0.5130,16.9710,0.43,97.1940,2.0160,2025-02-11 11:23:20,65.0
0.5270,17.1590,0.5150,97.0790,1.88,2025-02-11 11:23:20,65.0
0.5250,16.9330,0.4970,97.1770,2.1010,2025-02-11 11:23:20,65.0
0.5350,16.9240,0.4550,96.9360,1.9770,2025-02-11 11:23:20,65.0
0.5320,17.0430,0.50,97.1210,1.99,2025-02-11 11:23:20,65.0
0.5160,16.9710,0.3670,97.1830,2.0270,2025-02-11 11:23:20,65.0
0.5140,16.9520,0.4830,97.3340,1.9720,2025-02-11 11:23:20,65.0
0.5090,16.9330,0.4650,97.0150,2.0070,2025-02-11 11:23:20,65.0
0.5370,17.0970,0.3710,97.1220,2.0880,2025-02-11 11:23:20,65.0
0.5180,17.0310,0.4240,97.10,1.9910,2025-02-11 11:23:20,65.0
0.5210,16.9110,0.4970,96.7010,2.04,2025-02-11 11:23:20,65.0
0.5350,16.9240,0.41,97.1560,2.0570,2025-02-11 11:23:20,65.0
0.5410,17.0240,0.3880,96.7560,2.0860,2025-02-11 11:23:20,65.0
0.5310,16.9930,0.4270,97.19,1.9910,2025-02-11 11:23:20,65.0
0.5340,17.0240,0.3990,97.1850,2.1440,2025-02-11 13:03:25,66.0
0.5280,16.9050,0.4660,97.1550,1.9330,2025-02-11 13:03:25,66.0
0.5190,16.9460,0.3750,97.2230,2.0590,2025-02-11 13:03:25,66.0
0.5230,16.9740,0.3810,97.3070,2.07,2025-02-11 13:03:25,66.0
0.5210,16.9460,0.4940,96.8570,2.0310,2025-02-11 13:03:25,66.0
0.5250,17.0020,0.3880,97.1470,2.0350,2025-02-11 13:03:25,66.0
0.5290,16.93,0.3810,97.1740,2.1340,2025-02-11 13:03:25,66.0
0.5230,16.9110,0.5320,97.0820,1.9560,2025-02-11 13:03:25,66.0
0.5360,17.0710,0.49,97.1740,1.90,2025-02-11 13:03:25,66.0
0.5260,16.9210,0.4510,97.2530,2.0670,2025-02-11 13:03:25,66.0
0.5140,16.9170,0.5670,97.1040,1.9570,2025-02-11 13:03:25,66.0
0.5440,17.0460,0.3960,97.31,2.0590,2025-02-11 13:03:25,66.0
0.5320,16.8990,0.4440,96.8830,2.0320,2025-02-11 13:03:25,66.0
0.5170,16.9650,0.4020,97.2930,1.9690,2025-02-11 13:03:25,66.0
0.5320,17.0750,0.4060,96.9410,2.0190,2025-02-11 13:03:25,66.0
0.5150,16.9960,0.34,97.07,1.9170,2025-02-11 13:03:25,66.0
0.5250,16.8990,0.3950,97.1480,1.8980,2025-02-11 13:03:25,66.0
0.53,16.8670,0.4690,97.50,2.0510,2025-02-11 13:03:25,66.0
0.5260,17.0810,0.3750,96.9590,2.04,2025-02-11 13:03:25,66.0
0.5210,17.0490,0.4230,97.0550,2.1160,2025-02-11 13:03:25,66.0
0.52,17.0490,0.3960,96.7930,1.9850,2025-02-11 19:53:42,67.0
0.5240,17.0780,0.4690,96.8990,1.9510,2025-02-11 19:53:42,67.0
0.5120,16.93,0.5040,96.8640,1.9110,2025-02-11 19:53:42,67.0
0.53,17.0930,0.5810,97.09,2.0210,2025-02-11 19:53:42,67.0
0.5350,17.0840,0.4730,97.1360,1.9660,2025-02-11 19:53:42,67.0
0.4910,16.9550,0.5290,96.9930,1.88,2025-02-11 19:53:42,67.0
0.5150,16.9960,0.5560,96.7190,1.9360,2025-02-11 19:53:42,67.0
0.5410,17.1060,0.4790,97.1650,1.9920,2025-02-11 19:53:42,67.0
0.5290,17.15,0.70,96.8320,1.8960,2025-02-11 19:53:42,67.0
0.5230,17.0090,0.4970,96.6850,1.8880,2025-02-11 19:53:42,67.0
0.5110,16.9520,0.4480,96.8730,1.9440,2025-02-11 19:53:42,67.0
0.5370,16.98,0.5810,96.7030,2.12,2025-02-11 19:53:42,67.0
0.5180,16.9740,0.5770,96.8670,1.9760,2025-02-11 19:53:42,67.0
0.5310,16.8770,0.4410,96.6960,2.0050,2025-02-11 19:53:42,67.0
0.5090,17.0210,0.4580,97,1.8450,2025-02-11 19:53:42,67.0
0.5320,17.1120,0.4090,96.7270,1.9650,2025-02-11 19:53:42,67.0
0.5370,17.0780,0.4230,96.93,2.1080,2025-02-11 19:53:42,67.0
0.52,17.0620,0.4550,96.7750,1.9670,2025-02-11 19:53:42,67.0
0.5320,17.0810,0.4340,97.0890,1.9690,2025-02-11 19:53:42,67.0
0.5120,17.0120,0.4510,97.1460,2.0030,2025-02-11 19:53:42,67.0
0.5270,17.0590,0.4620,97.0310,1.99,2025-02-11 21:23:49,68.0
0.5340,17.0780,0.3250,97.0730,1.92,2025-02-11 21:23:49,68.0
0.5450,17.0340,0.3430,96.9540,2.1530,2025-02-11 21:23:49,68.0
0.5230,17.0370,0.3640,97.3410,1.96,2025-02-11 21:23:49,68.0
0.5430,17.1720,0.4060,97.1420,1.9980,2025-02-11 21:23:49,68.0
0.5270,17.09,0.4510,97.4320,2.0230,2025-02-11 21:23:49,68.0
0.5230,17.0930,0.41,97.1660,2.1340,2025-02-11 21:23:49,68.0
0.52,16.9830,0.3710,97.1430,1.9660,2025-02-11 21:23:49,68.0
0.52,17.0620,0.3670,96.7210,1.92,2025-02-11 21:23:49,68.0
0.5410,16.9140,0.3990,97.1450,2.1640,2025-02-11 21:23:49,68.0
0.5610,17.0780,0.4060,97.1150,2.2340,2025-02-11 21:23:49,68.0
0.51,16.9990,0.4230,96.8860,1.8960,2025-02-11 21:23:49,68.0
0.5190,17.04,0.4860,97.1330,1.9460,2025-02-11 21:23:49,68.0
0.5260,17.0210,0.5390,96.8350,1.9630,2025-02-11 21:23:49,68.0
0.5410,17.1060,0.4550,96.8110,2.02,2025-02-11 21:23:49,68.0
0.5160,16.9770,0.4480,97.2590,1.9180,2025-02-11 21:23:49,68.0
0.5280,16.9140,0.4170,97.1840,2.1230,2025-02-11 21:23:49,68.0
0.5430,17.0590,0.4860,97.1360,2.1310,2025-02-11 21:23:49,68.0
0.5350,17.1690,0.41,96.7990,2.0190,2025-02-11 21:23:49,68.0
0.5240,17.0750,0.4380,96.8210,1.8870,2025-02-11 21:23:49,68.0
0.5160,16.9740,0.4830,97.07,1.9010,2025-02-12 11:19:14,69.0
0.5220,17.0870,0.3640,97.09,1.9210,2025-02-12 11:19:14,69.0
0.55,17.0050,0.3780,96.8740,2.0220,2025-02-12 11:19:14,69.0
0.53,16.9710,0.50,97.4970,2.05,2025-02-12 11:19:14,69.0
0.5150,17.0620,0.3540,96.6830,2.0150,2025-02-12 11:19:14,69.0
0.5110,17.2130,0.6410,96.7070,1.9260,2025-02-12 11:19:14,69.0
0.52,17.0050,0.4130,96.7550,1.9570,2025-02-12 11:19:14,69.0
0.5220,17.1030,0.4170,97.0940,2.0190,2025-02-12 11:19:14,69.0
0.5350,17.1310,0.4090,97.0710,2.0370,2025-02-12 11:19:14,69.0
0.5220,16.9360,0.5110,97.1410,1.9760,2025-02-12 11:19:14,69.0
0.5380,17.0870,0.4310,96.8610,1.9090,2025-02-12 11:19:14,69.0
0.5250,16.9830,0.4310,96.8290,2.0120,2025-02-12 11:19:14,69.0
0.5180,17.0780,0.3960,96.8660,1.8410,2025-02-12 11:19:14,69.0
0.5260,16.9740,0.3320,96.6650,2.0840,2025-02-12 11:19:14,69.0
0.5160,16.9520,0.4230,97.1230,1.88,2025-02-12 11:19:14,69.0
0.5470,17.0460,0.4380,97.0960,2.28,2025-02-12 11:19:14,69.0
0.5340,17.0240,0.4340,96.8390,2.0780,2025-02-12 11:19:14,69.0
0.5220,17.04,0.4130,96.9480,1.9650,2025-02-12 11:19:14,69.0
0.5430,16.9930,0.4440,97.0970,2.0290,2025-02-12 11:19:14,69.0
0.52,17.0620,0.2730,97.0950,2.0250,2025-02-12 11:19:14,69.0
0.53,17.0430,0.49,97.1730,1.9810,2025-02-12 20:19:29,70.0
0.5630,17.0750,0.3640,97.0680,2.1290,2025-02-12 20:19:29,70.0
0.5420,17.1150,0.3960,97.0540,2.1330,2025-02-12 20:19:29,70.0
0.5110,16.9330,0.5560,96.8750,2.0030,2025-02-12 20:19:29,70.0
0.54,17.0270,0.4580,96.8570,2.05,2025-02-12 20:19:29,70.0
0.53,17.0020,0.5110,97.0420,2.0550,2025-02-12 20:19:29,70.0
0.5180,16.9240,0.5710,96.8590,1.8450,2025-02-12 20:19:29,70.0
0.5310,17.15,0.5560,97.2250,2.1020,2025-02-12 20:19:29,70.0
0.5220,16.9740,0.4730,96.7930,2.08,2025-02-12 20:19:29,70.0
0.5350,17.0270,0.5150,96.9020,2.1190,2025-02-12 20:19:29,70.0
0.5440,17.0120,0.4730,97,2.1870,2025-02-12 20:19:29,70.0
0.5460,17.0310,0.4380,97.0560,2.2010,2025-02-12 20:19:29,70.0
0.5380,16.9210,0.5180,97.0930,2.0730,2025-02-12 20:19:29,70.0
0.5140,16.83,0.5430,96.8150,2.0340,2025-02-12 20:19:29,70.0
0.5250,16.9520,0.56,96.9390,2.0760,2025-02-12 20:19:29,70.0
0.5120,16.9460,0.4620,97.3710,1.9640,2025-02-12 20:19:29,70.0
0.5150,16.9930,0.5070,96.8780,1.9950,2025-02-12 20:19:29,70.0
0.5550,16.9490,0.4790,96.8570,2.22,2025-02-12 20:19:29,70.0
0.5280,16.9830,0.5950,96.84,2.0530,2025-02-12 20:19:29,70.0
0.52,16.9490,0.5210,96.8110,2.0480,2025-02-12 20:19:29,70.0
0.52,16.9870,0.5740,97.1530,1.9760,2025-02-12 21:09:35,71.0
0.5260,16.9990,0.42,96.9520,2.05,2025-02-12 21:09:35,71.0
0.5250,16.9680,0.4790,97.1990,2.0110,2025-02-12 21:09:35,71.0
0.5360,16.8950,0.4760,97.3560,2.0340,2025-02-12 21:09:35,71.0
0.5290,16.8990,0.5250,97.35,2.0510,2025-02-12 21:09:35,71.0
0.5030,16.9550,0.5320,96.7510,1.8110,2025-02-12 21:09:35,71.0
0.52,17.0050,0.5210,97.0690,1.9390,2025-02-12 21:09:35,71.0
0.5530,17.0180,0.4790,97.1090,2.1580,2025-02-12 21:09:35,71.0
0.51,16.9960,0.4480,97.1310,1.9590,2025-02-12 21:09:35,71.0
0.5160,16.8890,0.4520,97.1150,1.9060,2025-02-12 21:09:35,71.0
0.5450,16.9460,0.3990,96.9120,2.1680,2025-02-12 21:09:35,71.0
0.5250,16.9270,0.4970,96.9310,2.0720,2025-02-12 21:09:35,71.0
0.5330,16.9610,0.4380,97.2160,2.06,2025-02-12 21:09:35,71.0
0.53,16.9140,0.4410,97.1250,2.1020,2025-02-12 21:09:35,71.0
0.5310,16.9740,0.4660,96.7830,2.0180,2025-02-12 21:09:35,71.0
0.5230,16.9360,0.5040,97.2460,2.0660,2025-02-12 21:09:35,71.0
0.5290,17.0460,0.4690,96.9540,1.9810,2025-02-12 21:09:35,71.0
0.5460,17.0150,0.3460,96.9970,2.1410,2025-02-12 21:09:35,71.0
0.5320,16.9680,0.49,96.8310,2.1440,2025-02-12 21:09:35,71.0
0.5060,16.9390,0.4660,96.7930,1.8780,2025-02-12 21:09:35,71.0
0.5290,17.0210,0.5430,97.1960,2.0420,2025-02-13 11:10:57,72.0
0.5110,16.8670,0.3530,96.8590,1.7990,2025-02-13 11:10:57,72.0
0.5390,16.98,0.3430,96.8270,2.1870,2025-02-13 11:10:57,72.0
0.5380,17.04,0.3960,97.1430,2.0770,2025-02-13 11:10:57,72.0
0.5590,16.9360,0.3880,96.7380,2.15,2025-02-13 11:10:57,72.0
0.5510,17.09,0.3810,96.9550,2.0290,2025-02-13 11:10:57,72.0
0.5210,17.0210,0.5390,97.0880,2.0430,2025-02-13 11:10:57,72.0
0.5230,17.1090,0.4240,97.0270,1.9530,2025-02-13 11:10:57,72.0
0.5090,17.0020,0.3990,96.91,1.91,2025-02-13 11:10:57,72.0
0.5310,17.0270,0.5220,96.7550,1.9870,2025-02-13 11:10:57,72.0
0.5270,17.1060,0.4520,96.6980,1.9970,2025-02-13 11:10:57,72.0
0.5190,16.9680,0.4440,97.2310,1.9610,2025-02-13 11:10:57,72.0
0.5430,17.0750,0.5320,97.2610,1.9710,2025-02-13 11:10:57,72.0
0.5450,16.9550,0.4170,97.4550,2.0890,2025-02-13 11:10:57,72.0
0.5180,17.0870,0.3890,96.9330,2.0660,2025-02-13 11:10:57,72.0
0.54,16.9710,0.3780,97.1810,2.1470,2025-02-13 11:10:57,72.0
0.5220,17.0460,0.3990,97.1530,2.0240,2025-02-13 11:10:57,72.0
0.5380,17.1060,0.4480,97.3320,2.0790,2025-02-13 11:10:57,72.0
0.5370,17.0430,0.4480,97.2870,2.1410,2025-02-13 11:10:57,72.0
0.53,16.9770,0.3850,96.8010,2.1160,2025-02-13 11:10:57,72.0
0.51,17.0120,0.5180,97.1830,1.93,2025-02-13 13:21:02,73.0
0.5570,17.0490,0.5390,97.0220,2.2030,2025-02-13 13:21:02,73.0
0.5230,16.8580,0.3710,96.6890,1.9680,2025-02-13 13:21:02,73.0
0.51,16.9830,0.4730,96.8640,1.89,2025-02-13 13:21:02,73.0
0.5160,16.9490,0.3960,97.2180,1.9380,2025-02-13 13:21:02,73.0
0.5010,16.8920,0.50,96.9720,1.9410,2025-02-13 13:21:02,73.0
0.5070,16.9520,0.5210,96.93,2.0080,2025-02-13 13:21:02,73.0
0.50,16.8450,0.4550,96.8010,2.0890,2025-02-13 13:21:02,73.0
0.5070,16.9580,0.4830,96.7840,2.0340,2025-02-13 13:21:02,73.0
0.5140,17.0240,0.4380,97.12,2.0260,2025-02-13 13:21:02,73.0
0.4870,16.9430,0.4690,96.8910,1.9980,2025-02-13 13:21:02,73.0
0.5150,16.9960,0.4240,97.1450,1.9680,2025-02-13 13:21:02,73.0
0.5350,17.1090,0.4020,97.0050,2.1430,2025-02-13 13:21:02,73.0
0.4950,16.9550,0.4760,96.8620,1.9280,2025-02-13 13:21:02,73.0
0.5220,17.0240,0.3780,97.1070,2.1080,2025-02-13 13:21:02,73.0
0.5140,17.04,0.4130,97.1010,2.1020,2025-02-13 13:21:02,73.0
0.5390,17.0340,0.3780,96.9580,2.1350,2025-02-13 13:21:02,73.0
0.5110,16.8420,0.3710,96.6450,1.9690,2025-02-13 13:21:02,73.0
0.50,16.8920,0.4270,96.7660,1.8580,2025-02-13 13:21:02,73.0
0.5150,16.9110,0.4030,96.8640,2.0630,2025-02-13 13:21:02,73.0
0.5040,16.9770,0.4170,96.72,1.8680,2025-02-13 20:11:22,74.0
0.5160,17.0310,0.49,97.1270,1.9270,2025-02-13 20:11:22,74.0
0.5130,16.9740,0.5250,97.1170,2.0150,2025-02-13 20:11:22,74.0
0.5090,17.0090,0.3390,96.9230,1.9520,2025-02-13 20:11:22,74.0
0.5230,16.9080,0.5850,97.1160,2.15,2025-02-13 20:11:22,74.0
0.4930,17.0240,0.4020,96.8910,1.91,2025-02-13 20:11:22,74.0
0.5450,17.0840,0.5180,96.9710,1.9710,2025-02-13 20:11:22,74.0
0.4980,16.9990,0.4380,97.2470,1.9150,2025-02-13 20:11:22,74.0
0.5140,17.0020,0.50,96.9340,1.9250,2025-02-13 20:11:22,74.0
0.5220,17.1090,0.5460,96.8870,1.9480,2025-02-13 20:11:22,74.0
0.5220,17.0120,0.4410,96.7810,1.9250,2025-02-13 20:11:22,74.0
0.5290,17.04,0.4060,97.2580,2.0080,2025-02-13 20:11:22,74.0
0.5140,17.0530,0.3080,96.9420,2.0420,2025-02-13 20:11:22,74.0
0.5110,16.9990,0.4580,97.1180,1.9430,2025-02-13 20:11:22,74.0
0.5170,16.87,0.5560,97.15,1.9320,2025-02-13 20:11:22,74.0
0.5150,17.0680,0.4270,97.1580,2.1150,2025-02-13 20:11:22,74.0
0.5120,17.0460,0.4340,96.6980,1.9070,2025-02-13 20:11:22,74.0
0.5050,17.0090,0.3990,97.4440,2.0060,2025-02-13 20:11:22,74.0
0.5240,17.0590,0.5740,97.0870,1.9570,2025-02-13 20:11:22,74.0
0.5290,17.0150,0.3990,97.0660,1.9380,2025-02-13 20:11:22,74.0
0.5550,17.0270,0.5710,97.1080,2.1670,2025-02-13 21:06:26,75.0
0.5230,16.9330,0.4240,96.77,2.0270,2025-02-13 21:06:26,75.0
0.5090,17.0530,0.3710,96.8390,1.8690,2025-02-13 21:06:26,75.0
0.5230,16.9360,0.4060,97.0660,2.0130,2025-02-13 21:06:26,75.0
0.5250,16.9650,0.5070,96.8070,1.99,2025-02-13 21:06:26,75.0
0.5290,16.8920,0.5110,97.1490,2.0510,2025-02-13 21:06:26,75.0
0.5390,16.9520,0.4410,97.0090,2.06,2025-02-13 21:06:26,75.0
0.5560,16.9870,0.4690,96.9220,2.0430,2025-02-13 21:06:26,75.0
0.5290,16.9270,0.3990,97.1040,2.2010,2025-02-13 21:06:26,75.0
0.53,17.1590,0.5220,96.8380,1.9790,2025-02-13 21:06:26,75.0
0.5460,16.9610,0.3670,97.2320,2.0180,2025-02-13 21:06:26,75.0
0.5150,16.8550,0.5220,96.9520,1.9980,2025-02-13 21:06:26,75.0
0.5280,16.8580,0.3220,96.6560,1.9540,2025-02-13 21:06:26,75.0
0.5390,17.0240,0.4020,97.20,2.14,2025-02-13 21:06:26,75.0
0.5580,16.98,0.5290,97.1020,2.2180,2025-02-13 21:06:26,75.0
0.5470,17.0090,0.5150,97.0780,2.2870,2025-02-13 21:06:26,75.0
0.5210,16.9490,0.3540,97.1850,1.9070,2025-02-13 21:06:26,75.0
0.5120,16.99,0.4690,96.7750,1.8730,2025-02-13 21:06:26,75.0
0.5460,16.9610,0.4760,96.8490,2.2170,2025-02-13 21:06:26,75.0
0.51,16.8920,0.6020,97.0990,1.9690,2025-02-13 21:06:26,75.0
0.4980,17.0430,0.5040,97.1970,1.8380,2025-02-14 11:08:31,76.0
0.52,17.0840,0.4760,97.1520,1.9010,2025-02-14 11:08:31,76.0
0.5070,16.98,0.3610,96.8420,1.9290,2025-02-14 11:08:31,76.0
0.5570,17.0020,0.4380,96.7930,2.0890,2025-02-14 11:08:31,76.0
0.5330,17.0680,0.5080,96.8420,1.9920,2025-02-14 11:08:31,76.0
0.5190,16.9740,0.4730,97.0170,1.9460,2025-02-14 11:08:31,76.0
0.5340,16.9870,0.4440,96.8460,2.1230,2025-02-14 11:08:31,76.0
0.5360,16.99,0.4130,96.8650,2.0210,2025-02-14 11:08:31,76.0
0.5120,16.9770,0.56,97.1490,1.9190,2025-02-14 11:08:31,76.0
0.5010,17.0050,0.4270,97.1320,1.8690,2025-02-14 11:08:31,76.0
0.5220,16.9830,0.3950,96.8860,1.9670,2025-02-14 11:08:31,76.0
0.5460,17.0020,0.3960,96.8570,2.0160,2025-02-14 11:08:31,76.0
0.5310,16.9390,0.4520,97.1790,2.0280,2025-02-14 11:08:31,76.0
0.5390,17.0270,0.3640,97.2180,2.0090,2025-02-14 11:08:31,76.0
0.5290,16.99,0.5710,97.3520,2.0490,2025-02-14 11:08:31,76.0
0.5140,17.0310,0.4170,96.8360,1.8940,2025-02-14 11:08:31,76.0
0.5380,16.9830,0.4690,96.9370,2.1310,2025-02-14 11:08:31,76.0
0.52,16.9080,0.4830,97.0740,1.8930,2025-02-14 11:08:31,76.0
0.5470,17.0870,0.4270,97.0330,2.1840,2025-02-14 11:08:31,76.0
0.54,16.9550,0.6060,97.0590,2.11,2025-02-14 11:08:31,76.0
0.5260,17.1530,0.4340,97.2420,2.0840,2025-02-14 19:38:49,77.0
0.5040,16.93,0.49,97.1260,1.9530,2025-02-14 19:38:49,77.0
0.5310,17.1280,0.49,96.6830,1.9690,2025-02-14 19:38:49,77.0
0.5580,17.1560,0.5630,97.1190,2.2130,2025-02-14 19:38:49,77.0
0.5270,17.1810,0.4380,96.7320,2.0980,2025-02-14 19:38:49,77.0
0.4950,17.0710,0.4620,96.9270,1.8550,2025-02-14 19:38:49,77.0
0.5410,17.1370,0.5150,97.0640,2.0560,2025-02-14 19:38:49,77.0
0.5270,17.0020,0.41,97.1750,2.05,2025-02-14 19:38:49,77.0
0.5050,17.0050,0.5180,96.8560,1.9460,2025-02-14 19:38:49,77.0
0.5190,17.0180,0.5850,97.1620,1.9440,2025-02-14 19:38:49,77.0
0.5460,17.1280,0.4130,97.0810,2.1520,2025-02-14 19:38:49,77.0
0.5430,17.0590,0.56,96.9410,1.9720,2025-02-14 19:38:49,77.0
0.52,17.1090,0.5460,97.0620,2.0560,2025-02-14 19:38:49,77.0
0.5170,17.0560,0.4270,96.8610,1.8830,2025-02-14 19:38:49,77.0
0.5470,17.0530,0.5980,96.7630,2.0420,2025-02-14 19:38:49,77.0
0.5350,17.0680,0.4830,96.9960,2.0890,2025-02-14 19:38:49,77.0
0.5350,17.0150,0.4690,97.0380,2.02,2025-02-14 19:38:49,77.0
0.5390,17.1690,0.6090,96.8340,2.0150,2025-02-14 19:38:49,77.0
0.5250,17.1530,0.49,97.1560,2.0130,2025-02-14 19:38:49,77.0
0.5190,16.9930,0.5220,96.7840,1.9810,2025-02-14 19:38:49,77.0
0.5160,17.0310,0.4730,96.9260,1.9330,2025-02-14 21:03:55,78.0
0.5120,17.0050,0.4480,97.1450,1.9870,2025-02-14 21:03:55,78.0
0.5170,17.0270,0.4940,97.0570,1.8930,2025-02-14 21:03:55,78.0
0.5230,16.9650,0.4720,96.8320,2.0530,2025-02-14 21:03:55,78.0
0.5370,16.9990,0.4690,97.07,2.0880,2025-02-14 21:03:55,78.0
0.5120,16.8640,0.3610,96.8740,1.9080,2025-02-14 21:03:55,78.0
0.5130,16.9580,0.55,96.8520,1.9130,2025-02-14 21:03:55,78.0
0.5450,16.9930,0.6270,97.1520,2.1610,2025-02-14 21:03:55,78.0
0.5270,17.0020,0.5390,97.2010,2.08,2025-02-14 21:03:55,78.0
0.5110,16.9360,0.4230,96.9380,1.9670,2025-02-14 21:03:55,78.0
0.5180,16.9330,0.5740,97.3060,1.9240,2025-02-14 21:03:55,78.0
0.5340,17.0530,0.5350,97.0410,2.0150,2025-02-14 21:03:55,78.0
0.5220,16.93,0.4620,97.1110,2.04,2025-02-14 21:03:55,78.0
0.5360,17.0240,0.4870,97.0580,2.0750,2025-02-14 21:03:55,78.0
0.4990,17.0050,0.4690,96.8390,1.9730,2025-02-14 21:03:55,78.0
0.5190,16.9960,0.42,97.3140,2.0060,2025-02-14 21:03:55,78.0
0.5110,17.0310,0.4020,96.8320,1.9290,2025-02-14 21:03:55,78.0
0.5380,16.98,0.4310,96.73,2.0920,2025-02-14 21:03:55,78.0
0.5050,16.9650,0.4130,96.9280,1.8590,2025-02-14 21:03:55,78.0
0.4980,16.9650,0.4550,96.8350,1.8570,2025-02-14 21:03:55,78.0
0.5140,17.1090,0.3810,96.8410,1.9960,2025-02-17 12:17:38,79.0
0.5240,17.0590,0.50,96.92,2.0670,2025-02-17 12:17:38,79.0
0.52,17.1190,0.4730,97.1980,1.9390,2025-02-17 12:17:38,79.0
0.5380,16.9930,0.3850,97.1630,2.1110,2025-02-17 12:17:38,79.0
0.50,17.2320,0.4580,97.1640,1.8160,2025-02-17 12:17:38,79.0
0.5250,17.1220,0.5560,97.16,1.9750,2025-02-17 12:17:38,79.0
0.5350,17.1060,0.4550,97.0590,1.96,2025-02-17 12:17:38,79.0
0.5240,17.1750,0.4130,96.7850,1.8830,2025-02-17 12:17:38,79.0
0.5050,17.1310,0.3890,97.0340,1.7780,2025-02-17 12:17:38,79.0
0.5070,17.15,0.4170,97.0250,1.9230,2025-02-17 12:17:38,79.0
0.5130,17.1280,0.4870,96.82,1.9250,2025-02-17 12:17:38,79.0
0.5170,16.8990,0.4020,97.1980,1.98,2025-02-17 12:17:38,79.0
0.5220,17.0780,0.4580,96.8890,1.9330,2025-02-17 12:17:38,79.0
0.54,17.1440,0.4480,97.1170,2.0160,2025-02-17 12:17:38,79.0
0.5190,17.1410,0.5210,96.8070,1.9350,2025-02-17 12:17:38,79.0
0.5240,17.0650,0.5040,97.10,1.9670,2025-02-17 12:17:38,79.0
0.4960,16.87,0.3710,97.1470,1.9360,2025-02-17 12:17:38,79.0
0.4950,17.1470,0.4310,97.0850,1.9130,2025-02-17 12:17:38,79.0
0.5330,16.98,0.4170,97.06,1.9670,2025-02-17 12:17:38,79.0
0.5110,17.0780,0.35,96.7910,1.8910,2025-02-17 12:17:38,79.0
0.5260,17.0530,0.4340,97.0590,1.88,2025-02-17 12:57:42,80.0
0.5230,16.8830,0.3640,97.0040,1.8960,2025-02-17 12:57:42,80.0
0.4950,16.9360,0.5350,96.8530,1.8310,2025-02-17 12:57:42,80.0
0.55,17.1560,0.3920,97.15,1.9440,2025-02-17 12:57:42,80.0
0.5340,17.0590,0.5080,97.3040,1.9160,2025-02-17 12:57:42,80.0
0.5020,16.8450,0.5210,97.1430,1.9260,2025-02-17 12:57:42,80.0
0.53,17.0590,0.5420,96.8840,1.9950,2025-02-17 12:57:42,80.0
0.5110,17.0430,0.5770,96.9040,1.9180,2025-02-17 12:57:42,80.0
0.5420,16.9830,0.4520,97.1890,2,2025-02-17 12:57:42,80.0
0.5350,17.1090,0.4020,97.2120,2.0430,2025-02-17 12:57:42,80.0
0.5210,16.98,0.4130,96.84,2.0430,2025-02-17 12:57:42,80.0
0.5240,17.0710,0.3920,97.2290,1.9760,2025-02-17 12:57:42,80.0
0.5030,17.10,0.6160,97.1350,1.8370,2025-02-17 12:57:42,80.0
0.53,16.9520,0.4130,97.18,1.96,2025-02-17 12:57:42,80.0
0.4970,16.9650,0.5150,96.98,1.9150,2025-02-17 12:57:42,80.0
0.5390,16.9830,0.4310,96.94,1.9930,2025-02-17 12:57:42,80.0
0.5110,17.1250,0.5210,96.8090,1.9060,2025-02-17 12:57:42,80.0
0.5390,17.1060,0.3990,96.8770,1.9980,2025-02-17 12:57:42,80.0
0.51,17.3510,0.5880,97.0510,1.9380,2025-02-17 12:57:42,80.0
0.5260,17.1030,0.3850,96.9070,2.0260,2025-02-17 12:57:42,80.0
0.5530,16.9990,0.3810,97.17,2.0090,2025-02-17 19:22:56,81.0
0.5330,17.0430,0.3670,96.9380,1.98,2025-02-17 19:22:56,81.0
0.5170,16.9550,0.4940,96.8410,2.0060,2025-02-17 19:22:56,81.0
0.50,16.98,0.5040,96.9280,1.8490,2025-02-17 19:22:56,81.0
0.5180,17.0430,0.4380,97.1340,1.9370,2025-02-17 19:22:56,81.0
0.5160,17.0270,0.3390,96.8120,1.8720,2025-02-17 19:22:56,81.0
0.5480,17.0180,0.4480,97.23,1.9990,2025-02-17 19:22:56,81.0
0.5580,17.0090,0.35,96.9940,1.9820,2025-02-17 19:22:56,81.0
0.5130,17.1150,0.5840,96.7860,1.8940,2025-02-17 19:22:56,81.0
0.5410,16.9140,0.3610,96.7760,2.0480,2025-02-17 19:22:56,81.0
0.5060,16.9210,0.4660,96.8340,1.8980,2025-02-17 19:22:56,81.0
0.52,16.83,0.3610,97.4640,1.8730,2025-02-17 19:22:56,81.0
0.5550,17.0620,0.4020,97.1540,2.1370,2025-02-17 19:22:56,81.0
0.5450,17.0210,0.3850,96.9720,2.0440,2025-02-17 19:22:56,81.0
0.5440,16.99,0.4520,96.7110,2.1270,2025-02-17 19:22:56,81.0
0.5310,16.9990,0.4760,97.12,2.0110,2025-02-17 19:22:56,81.0
0.5380,17.0240,0.3150,96.8840,1.9730,2025-02-17 19:22:56,81.0
0.5310,16.9680,0.5040,97.1320,2.0020,2025-02-17 19:22:56,81.0
0.5370,17.04,0.5390,97.1240,2.0640,2025-02-17 19:22:56,81.0
0.5330,17.1410,0.4790,96.8890,2.0030,2025-02-17 19:22:56,81.0
0.5460,16.9710,0.5180,97.1930,1.94,2025-02-17 21:38:01,82.0
0.5470,17.0870,0.5770,97.0570,1.98,2025-02-17 21:38:01,82.0
0.53,17.0240,0.5490,96.82,1.9480,2025-02-17 21:38:01,82.0
0.5390,17.0460,0.6230,97.0330,1.9740,2025-02-17 21:38:01,82.0
0.5510,16.9430,0.4690,97.1820,2.0930,2025-02-17 21:38:01,82.0
0.5250,16.9990,0.3360,96.7610,1.9550,2025-02-17 21:38:01,82.0
0.5390,16.9140,0.5150,96.9670,2.05,2025-02-17 21:38:01,82.0
0.5450,17.0370,0.6160,97.2210,1.9730,2025-02-17 21:38:01,82.0
0.5210,16.9830,0.43,97.2040,1.8540,2025-02-17 21:38:01,82.0
0.5250,16.9870,0.3710,97.1680,1.9540,2025-02-17 21:38:01,82.0
0.5710,17.0150,0.3780,96.8890,1.9710,2025-02-17 21:38:01,82.0
0.5070,16.83,0.5350,96.9670,1.9840,2025-02-17 21:38:01,82.0
0.5380,16.98,0.3320,96.9210,1.9160,2025-02-17 21:38:01,82.0
0.5360,17.0650,0.5180,97,1.8840,2025-02-17 21:38:01,82.0
0.55,17.0590,0.41,97.2630,2.1170,2025-02-17 21:38:01,82.0
0.5310,17.1120,0.5040,97.3270,1.9630,2025-02-17 21:38:01,82.0
0.5670,17.0430,0.4270,97.1040,2.1080,2025-02-17 21:38:01,82.0
0.5140,16.9170,0.4620,97.2820,1.9360,2025-02-17 21:38:01,82.0
0.5220,17.0120,0.4660,97.0730,1.9760,2025-02-17 21:38:01,82.0
0.5340,17.0620,0.3920,97.1520,1.9440,2025-02-17 21:38:01,82.0
0.5290,17.0970,0.3530,97.17,2.1740,2025-02-18 12:30:10,83.0
0.5060,17.0150,0.4690,96.8530,2.0420,2025-02-18 12:30:10,83.0
0.51,17.0090,0.4790,97.1340,2.07,2025-02-18 12:30:10,83.0
0.4940,16.8860,0.4030,96.8060,1.9470,2025-02-18 12:30:10,83.0
0.5130,17.0560,0.4480,97.1890,2.1030,2025-02-18 12:30:10,83.0
0.5140,17.0210,0.3570,96.9560,2.0820,2025-02-18 12:30:10,83.0
0.5120,16.9960,0.4940,96.9830,2.1320,2025-02-18 12:30:10,83.0
0.5330,17.0970,0.34,97.0710,2.1470,2025-02-18 12:30:10,83.0
0.5220,16.8920,0.3780,96.8690,2.1350,2025-02-18 12:30:10,83.0
0.5430,17.1310,0.4690,97.1260,2.2240,2025-02-18 12:30:10,83.0
0.52,16.9740,0.3920,96.9680,2.1140,2025-02-18 12:30:10,83.0
0.5110,17.1250,0.4480,97.1350,2.1470,2025-02-18 12:30:10,83.0
0.4990,16.9490,0.4440,97.31,1.9170,2025-02-18 12:30:10,83.0
0.5040,17.0620,0.5080,97.1410,2.0220,2025-02-18 12:30:10,83.0
0.5320,17.0650,0.5710,97.05,2.0180,2025-02-18 12:30:10,83.0
0.50,16.9330,0.4690,96.9240,2.0490,2025-02-18 12:30:10,83.0
0.5130,16.9650,0.4090,97.1780,2.1230,2025-02-18 12:30:10,83.0
0.5160,16.9110,0.3670,96.8680,2.0960,2025-02-18 12:30:10,83.0
0.4990,17.0460,0.42,96.7320,2.0640,2025-02-18 12:30:10,83.0
0.4890,16.9870,0.4690,97.0040,1.95,2025-02-18 12:30:10,83.0
0.5190,17.0970,0.3540,96.8840,2.0630,2025-02-18 13:25:18,84.0
0.53,17.0150,0.35,97.15,2.1180,2025-02-18 13:25:18,84.0
0.5240,17.0430,0.4520,97.1320,2.0450,2025-02-18 13:25:18,84.0
0.5140,16.9110,0.5850,97.1570,1.9140,2025-02-18 13:25:18,84.0
0.5310,16.9390,0.4020,97.3170,2.0630,2025-02-18 13:25:18,84.0
0.5390,17.0840,0.4020,96.9370,2.1030,2025-02-18 13:25:18,84.0
0.5210,16.9580,0.5320,97.1740,2.0770,2025-02-18 13:25:18,84.0
0.5180,16.9390,0.4130,97.2860,2.0190,2025-02-18 13:25:18,84.0
0.5140,16.9110,0.4340,97.2720,1.8910,2025-02-18 13:25:18,84.0
0.5230,17.04,0.48,97.0940,2.0190,2025-02-18 13:25:18,84.0
0.5210,16.9330,0.3330,96.8680,2.0030,2025-02-18 13:25:18,84.0
0.5380,17.0240,0.3750,97.0610,2.11,2025-02-18 13:25:18,84.0
0.5310,16.9430,0.5080,97.0450,2.25,2025-02-18 13:25:18,84.0
0.5510,16.9360,0.3780,96.8540,2.25,2025-02-18 13:25:18,84.0
0.5270,17.09,0.4160,96.8390,2.1220,2025-02-18 13:25:18,84.0
0.5410,17.0370,0.4380,96.9340,2.0510,2025-02-18 13:25:18,84.0
0.5260,17.1530,0.4730,97.0060,2.1330,2025-02-18 13:25:18,84.0
0.5330,17.1090,0.4440,96.9010,2.0380,2025-02-18 13:25:18,84.0
0.5340,16.88,0.3920,97.0370,2.2050,2025-02-18 13:25:18,84.0
0.5120,16.8860,0.5390,97.0390,2.02,2025-02-18 13:25:18,84.0
0.5390,17.0590,0.3960,97.2480,2.08,2025-02-18 19:35:30,85.0
0.5320,16.9710,0.4270,96.9510,2.0170,2025-02-18 19:35:30,85.0
0.5120,16.9990,0.4620,97.1350,1.9950,2025-02-18 19:35:30,85.0
0.5420,17.0460,0.4380,97.1820,2.05,2025-02-18 19:35:30,85.0
0.5170,17.0240,0.4620,97.1870,2.0520,2025-02-18 19:35:30,85.0
0.5170,17.0780,0.5110,97.1310,1.9370,2025-02-18 19:35:30,85.0
0.5260,16.9170,0.4480,97.0970,2.1260,2025-02-18 19:35:30,85.0
0.5330,17.1470,0.4310,97.0880,2.0850,2025-02-18 19:35:30,85.0
0.5240,17.0120,0.5670,96.9630,1.9850,2025-02-18 19:35:30,85.0
0.5320,17.1150,0.3220,97.16,2.0990,2025-02-18 19:35:30,85.0
0.5440,16.9960,0.4550,96.8730,2.1710,2025-02-18 19:35:30,85.0
0.5490,17.1340,0.4730,97.0860,2.2950,2025-02-18 19:35:30,85.0
0.5230,17.0310,0.50,97.1620,2.0840,2025-02-18 19:35:30,85.0
0.5290,17.0020,0.3530,96.8890,2.0470,2025-02-18 19:35:30,85.0
0.5230,17.0560,0.4760,96.7630,1.9880,2025-02-18 19:35:30,85.0
0.5440,17.1250,0.50,96.9680,1.9610,2025-02-18 19:35:30,85.0
0.4960,16.9360,0.4790,96.8060,1.9140,2025-02-18 19:35:30,85.0
0.5390,17.1440,0.4020,97.1610,2.1850,2025-02-18 19:35:30,85.0
0.5160,16.98,0.3850,97.1360,1.9440,2025-02-18 19:35:30,85.0
0.5190,16.9740,0.4550,97.1440,2.0030,2025-02-18 19:35:30,85.0
0.4940,17.0050,0.4340,96.7070,1.8710,2025-02-18 21:30:38,86.0
0.5310,17.0970,0.5110,97.1040,1.9680,2025-02-18 21:30:38,86.0
0.5070,16.9360,0.4550,96.9390,1.8860,2025-02-18 21:30:38,86.0
0.5050,16.9520,0.49,97.0750,1.9920,2025-02-18 21:30:38,86.0
0.5170,16.9680,0.4340,97.2040,2.02,2025-02-18 21:30:38,86.0
0.5170,17.0530,0.4730,96.8070,2.0650,2025-02-18 21:30:38,86.0
0.5290,17.0180,0.4170,96.8940,2.1070,2025-02-18 21:30:38,86.0
0.5030,16.9580,0.4520,96.87,1.9050,2025-02-18 21:30:38,86.0
0.5280,17.0150,0.4130,97.1970,2.1340,2025-02-18 21:30:38,86.0
0.5380,16.9520,0.5670,96.89,2.2510,2025-02-18 21:30:38,86.0
0.5540,17.0460,0.4030,96.8480,2.0980,2025-02-18 21:30:38,86.0
0.5130,16.9830,0.4090,96.8530,1.9080,2025-02-18 21:30:38,86.0
0.5230,16.9580,0.4690,96.78,2.03,2025-02-18 21:30:38,86.0
0.5220,17.0430,0.4170,96.8780,1.9850,2025-02-18 21:30:38,86.0
0.5420,17.0970,0.4580,97.2880,2.0920,2025-02-18 21:30:38,86.0
0.5090,16.9870,0.3470,96.8980,1.9560,2025-02-18 21:30:38,86.0
0.5250,16.98,0.41,97.2020,2.0380,2025-02-18 21:30:38,86.0
0.5080,16.9680,0.4480,96.8350,2.0170,2025-02-18 21:30:38,86.0
0.5230,17.0090,0.4090,96.9680,2.0620,2025-02-18 21:30:38,86.0
0.5160,16.9680,0.48,97.01,1.9710,2025-02-18 21:30:38,86.0
0.5240,16.9520,0.4060,97.1530,2.0310,2025-02-19 11:31:40,87.0
0.5420,17.0680,0.4410,96.9990,2.0390,2025-02-19 11:31:40,87.0
0.5270,16.9960,0.4830,96.7260,2.0290,2025-02-19 11:31:40,87.0
0.5470,17.1560,0.3670,97.0670,2.1540,2025-02-19 11:31:40,87.0
0.5420,17.0490,0.3640,96.9570,2.0690,2025-02-19 11:31:40,87.0
0.5330,17.0870,0.5180,97.16,2.08,2025-02-19 11:31:40,87.0
0.5330,17.0310,0.4940,97.3130,2.0270,2025-02-19 11:31:40,87.0
0.5370,16.9680,0.4730,97.1330,2.0360,2025-02-19 11:31:40,87.0
0.5530,17.0490,0.4480,96.9770,2.1140,2025-02-19 11:31:40,87.0
0.5050,16.9990,0.3710,97.3010,1.9990,2025-02-19 11:31:40,87.0
0.54,16.9930,0.4520,96.8450,2.1380,2025-02-19 11:31:40,87.0
0.54,16.9610,0.4060,97.0670,1.9450,2025-02-19 11:31:40,87.0
0.5380,16.9870,0.3680,97.5350,0.0130,2025-02-19 11:31:40,87.0
0.5290,16.9170,0.3710,97.3060,2.0170,2025-02-19 11:31:40,87.0
0.5470,17.0240,0.4580,97.1090,2.1650,2025-02-19 11:31:40,87.0
0.5440,17.0560,0.4310,96.88,2.0190,2025-02-19 11:31:40,87.0
0.5210,16.9430,0.4090,96.8820,2.0010,2025-02-19 11:31:40,87.0
0.53,16.9490,0.4230,96.9110,1.9840,2025-02-19 11:31:40,87.0
0.5290,17.0370,0.4310,97.0470,2.0810,2025-02-19 11:31:40,87.0
0.5350,16.8580,0.4510,97.3080,2.1840,2025-02-19 11:31:40,87.0
0.5190,16.9870,0.5740,96.9770,1.9820,2025-02-19 21:37:02,88.0
0.51,17.0840,0.5040,96.8540,1.97,2025-02-19 21:37:02,88.0
0.5210,17.0650,0.4970,97.1080,2.0590,2025-02-19 21:37:02,88.0
0.5050,16.9770,0.4380,97.1760,1.8680,2025-02-19 21:37:02,88.0
0.5390,17.0840,0.3890,97.0970,2.1030,2025-02-19 21:37:02,88.0
0.5170,17.0240,0.4310,97.2560,1.9560,2025-02-19 21:37:02,88.0
0.5120,16.9960,0.5880,96.8150,1.9820,2025-02-19 21:37:02,88.0
0.5120,16.9680,0.5010,96.9960,1.8420,2025-02-19 21:37:02,88.0
0.5040,17.0490,0.4870,97.1340,1.9940,2025-02-19 21:37:02,88.0
0.5310,17.0460,0.4160,96.8260,1.9960,2025-02-19 21:37:02,88.0
0.5180,17.0150,0.4520,96.8680,1.9340,2025-02-19 21:37:02,88.0
0.5120,16.9830,0.4270,96.8310,2.0290,2025-02-19 21:37:02,88.0
0.5140,17.0430,0.4580,96.9440,1.9920,2025-02-19 21:37:02,88.0
0.5340,17.10,0.4480,96.9320,2.05,2025-02-19 21:37:02,88.0
0.51,17.0120,0.5250,96.7720,1.9260,2025-02-19 21:37:02,88.0
0.5120,17.0810,0.4620,96.97,1.89,2025-02-19 21:37:02,88.0
0.5040,17.0270,0.5420,97.1720,1.8450,2025-02-19 21:37:02,88.0
0.5350,17.0270,0.4020,96.8710,1.9290,2025-02-19 21:37:02,88.0
0.51,17.0530,0.5080,96.9660,1.9910,2025-02-19 21:37:02,88.0
0.5210,16.9930,0.4830,97.1170,2.0540,2025-02-19 21:37:02,88.0
0.5410,16.8990,0.4690,96.8870,2.0510,2025-02-20 11:51:53,89.0
0.5250,16.9140,0.4450,97.18,2.0730,2025-02-20 11:51:53,89.0
0.5480,17.0210,0.49,96.9730,2.1530,2025-02-20 11:51:53,89.0
0.5290,16.9610,0.4170,96.9490,2.1350,2025-02-20 11:51:53,89.0
0.5370,16.9770,0.49,97.1580,2.0290,2025-02-20 11:51:53,89.0
0.5310,17.0460,0.3990,96.9670,2.1380,2025-02-20 11:51:53,89.0
0.5260,17.10,0.5390,96.8910,2.0760,2025-02-20 11:51:53,89.0
0.5420,16.9710,0.4090,96.8150,2.0720,2025-02-20 11:51:53,89.0
0.5140,16.9140,0.4620,97.3150,2.0470,2025-02-20 11:51:53,89.0
0.5310,16.8950,0.3640,97.1750,2.1240,2025-02-20 11:51:53,89.0
0.5350,17.0970,0.4550,97.1090,2.1890,2025-02-20 11:51:53,89.0
0.5350,17.0530,0.4860,96.8460,2.0350,2025-02-20 11:51:53,89.0
0.5210,16.98,0.4970,96.8920,2.0590,2025-02-20 11:51:53,89.0
0.5420,17.10,0.4170,96.8310,2.0030,2025-02-20 11:51:53,89.0
0.5070,16.9650,0.43,97.0250,2.0520,2025-02-20 11:51:53,89.0
0.5190,16.8920,0.4480,97.2280,2.06,2025-02-20 11:51:53,89.0
0.5120,16.9990,0.5570,97.1810,2.0640,2025-02-20 11:51:53,89.0
0.52,17.0840,0.4660,96.8350,1.9480,2025-02-20 11:51:53,89.0
0.5370,17.0240,0.42,97.1940,2.1460,2025-02-20 11:51:53,89.0
0.5280,17.1060,0.3610,97.0840,2.10,2025-02-20 11:51:53,89.0
0.5130,16.9170,0.4580,97.16,2.0860,2025-02-20 13:11:59,90.0
0.5450,17.1340,0.3780,97.1630,2.1240,2025-02-20 13:11:59,90.0
0.5340,16.9830,0.50,97.24,2.0590,2025-02-20 13:11:59,90.0
0.52,16.9140,0.55,97.1330,2.10,2025-02-20 13:11:59,90.0
0.5090,16.9520,0.4550,96.66,2.0810,2025-02-20 13:11:59,90.0
0.5060,16.9270,0.4380,97.0260,1.9950,2025-02-20 13:11:59,90.0
0.5280,17.04,0.4650,96.8210,1.9920,2025-02-20 13:11:59,90.0
0.4940,16.9110,0.5460,96.9310,1.8910,2025-02-20 13:11:59,90.0
0.5320,17.0340,0.49,97.1390,2.0250,2025-02-20 13:11:59,90.0
0.5240,17.0490,0.3780,97.1070,1.9650,2025-02-20 13:11:59,90.0
0.5210,17.0460,0.5180,96.6720,2.02,2025-02-20 13:11:59,90.0
0.5280,17.0120,0.3320,97.1350,2.1170,2025-02-20 13:11:59,90.0
0.5360,17.0240,0.5250,97.0430,2.0540,2025-02-20 13:11:59,90.0
0.5230,16.9650,0.5110,97.1970,2.0970,2025-02-20 13:11:59,90.0
0.53,17.0240,0.42,97.4260,2.0710,2025-02-20 13:11:59,90.0
0.52,17.1470,0.5150,96.7040,2.0510,2025-02-20 13:11:59,90.0
0.5450,16.9990,0.3810,97.2210,2.0440,2025-02-20 13:11:59,90.0
0.5110,16.9580,0.5880,96.9820,1.8950,2025-02-20 13:11:59,90.0
0.5330,16.98,0.4830,97.2740,2.0620,2025-02-20 13:11:59,90.0
0.5260,17.0240,0.5640,96.6630,2.0610,2025-02-20 13:11:59,90.0
0.5120,17.0310,0.3780,96.8970,1.9610,2025-02-20 21:32:15,91.0
0.5090,16.9520,0.4170,97.2670,2.0980,2025-02-20 21:32:15,91.0
0.5280,17.0930,0.4410,96.8620,1.9570,2025-02-20 21:32:15,91.0
0.4960,16.9330,0.3810,97.1040,1.8930,2025-02-20 21:32:15,91.0
0.5220,16.9740,0.5040,97.1540,2.0690,2025-02-20 21:32:15,91.0
0.5170,17.0270,0.4480,96.7750,2.0780,2025-02-20 21:32:15,91.0
0.5170,17.0240,0.5210,97.04,2.1150,2025-02-20 21:32:15,91.0
0.5150,17.0020,0.55,96.9940,2.0890,2025-02-20 21:32:15,91.0
0.5430,17.0430,0.3810,96.78,2.1290,2025-02-20 21:32:15,91.0
0.5150,17.0050,0.6020,97.0740,2.0470,2025-02-20 21:32:15,91.0
0.51,16.9210,0.4310,97.2980,2.0020,2025-02-20 21:32:15,91.0
0.5260,17.0050,0.42,97.0140,1.9790,2025-02-20 21:32:15,91.0
0.5120,16.9240,0.4580,96.9790,1.9440,2025-02-20 21:32:15,91.0
0.4870,16.99,0.4760,96.8520,1.9230,2025-02-20 21:32:15,91.0
0.5120,16.9870,0.5740,96.84,2.0590,2025-02-20 21:32:15,91.0
0.5160,17.0750,0.5530,96.99,2.0590,2025-02-20 21:32:15,91.0
0.5030,17.0020,0.5040,97.1830,1.9220,2025-02-20 21:32:15,91.0
0.5140,16.9680,0.4830,96.9670,2.0350,2025-02-20 21:32:15,91.0
0.5090,16.9490,0.4380,96.9150,2.0340,2025-02-20 21:32:15,91.0
0.5150,17.0430,0.4730,96.8580,1.9020,2025-02-20 21:32:15,91.0
0.5140,16.9390,0.4970,97.15,2.0420,2025-02-21 11:43:46,92.0
0.5210,16.98,0.4620,97.0380,2.0950,2025-02-21 11:43:46,92.0
0.51,16.9990,0.5250,96.9580,2,2025-02-21 11:43:46,92.0
0.5220,17.0620,0.4240,96.8550,1.9330,2025-02-21 11:43:46,92.0
0.5220,16.9580,0.41,96.9150,2.1150,2025-02-21 11:43:46,92.0
0.5180,17.0180,0.5010,96.8670,2.1170,2025-02-21 11:43:46,92.0
0.5190,16.9430,0.49,96.9620,1.9440,2025-02-21 11:43:46,92.0
0.5220,17.04,0.6060,97.06,2.0840,2025-02-21 11:43:46,92.0
0.5070,17.0530,0.4580,96.77,1.92,2025-02-21 11:43:46,92.0
0.52,17.0090,0.5070,96.9170,1.9940,2025-02-21 11:43:46,92.0
0.5090,17.0490,0.4410,97.0990,2.0230,2025-02-21 11:43:46,92.0
0.5110,16.9240,0.6160,97.3060,1.9580,2025-02-21 11:43:46,92.0
0.4930,17.0180,0.4480,96.9360,1.8670,2025-02-21 11:43:46,92.0
0.5210,16.9390,0.5740,96.9920,2.1780,2025-02-21 11:43:46,92.0
0.5270,17.0310,0.4380,97.3670,2.0750,2025-02-21 11:43:46,92.0
0.5310,17.10,0.4760,96.7890,2.0520,2025-02-21 11:43:46,92.0
0.5110,17.0590,0.6270,96.8350,2.0710,2025-02-21 11:43:46,92.0
0.5160,17.0680,0.4340,97.2550,2.0990,2025-02-21 11:43:46,92.0
0.5150,16.9610,0.4380,97.1420,2.0150,2025-02-21 11:43:46,92.0
0.5050,17.0340,0.4660,96.7390,2.0050,2025-02-21 11:43:46,92.0
0.5380,17.0810,0.42,96.8660,2.1740,2025-02-21 13:18:54,93.0
0.5090,17.0620,0.5220,97.1180,2.0870,2025-02-21 13:18:54,93.0
0.5260,17.0240,0.5320,97.1050,2.0510,2025-02-21 13:18:54,93.0
0.51,16.98,0.4030,97.1590,1.9990,2025-02-21 13:18:54,93.0
0.5270,16.9770,0.4270,97.0370,2.1720,2025-02-21 13:18:54,93.0
0.5210,16.9930,0.4340,97.0910,2.0110,2025-02-21 13:18:54,93.0
0.5220,17.0490,0.5770,96.94,2.0140,2025-02-21 13:18:54,93.0
0.5270,16.9650,0.49,97.48,2.10,2025-02-21 13:18:54,93.0
0.5290,17.0530,0.5430,96.8270,2.0040,2025-02-21 13:18:54,93.0
0.5450,17.0150,0.5290,96.92,2.1880,2025-02-21 13:18:54,93.0
0.5160,17.0460,0.5040,96.9650,1.9850,2025-02-21 13:18:54,93.0
0.5240,17.0840,0.5180,97.10,1.9760,2025-02-21 13:18:54,93.0
0.5150,16.9610,0.5110,96.8530,2.0320,2025-02-21 13:18:54,93.0
0.5220,17.0590,0.5460,97.0890,2.0850,2025-02-21 13:18:54,93.0
0.5280,16.9830,0.4550,96.9640,2.0170,2025-02-21 13:18:54,93.0
0.5360,17.0180,0.5080,96.87,1.9780,2025-02-21 13:18:54,93.0
0.5230,17.0530,0.4830,97.0160,1.93,2025-02-21 13:18:54,93.0
0.5240,17.0590,0.5320,97.0170,2.06,2025-02-21 13:18:54,93.0
0.5330,17.1250,0.4310,96.6890,2.0710,2025-02-21 13:18:54,93.0
0.4930,17.0050,0.3920,96.8690,1.8630,2025-02-21 13:18:54,93.0
0.5290,17.0210,0.6060,96.8840,2.0510,2025-02-21 21:14:08,94.0
0.5270,16.9680,0.5530,97.2180,1.9950,2025-02-21 21:14:08,94.0
0.5150,16.9710,0.5250,96.9250,1.9570,2025-02-21 21:14:08,94.0
0.50,17.0270,0.4970,96.9150,1.9350,2025-02-21 21:14:08,94.0
0.5140,17.0780,0.3750,96.9920,1.9940,2025-02-21 21:14:08,94.0
0.5250,17.0210,0.4620,96.8580,2.1150,2025-02-21 21:14:08,94.0
0.5320,17.1470,0.4480,96.8350,1.9470,2025-02-21 21:14:08,94.0
0.5260,17.0180,0.3360,96.7930,2.0520,2025-02-21 21:14:08,94.0
0.5310,17.0370,0.5040,96.9370,2.0770,2025-02-21 21:14:08,94.0
0.5340,17.0590,0.4620,97.1340,2.1250,2025-02-21 21:14:08,94.0
0.52,16.9960,0.4580,96.9440,2.0420,2025-02-21 21:14:08,94.0
0.5310,17.0240,0.56,96.89,2.0210,2025-02-21 21:14:08,94.0
0.5160,17.0240,0.5350,96.8450,1.9870,2025-02-21 21:14:08,94.0
0.5160,17.0310,0.5180,97.15,1.8320,2025-02-21 21:14:08,94.0
0.5290,17.0460,0.4310,96.8050,2.11,2025-02-21 21:14:08,94.0
0.5230,17.0840,0.4620,96.9580,2.0930,2025-02-21 21:14:08,94.0
0.5280,17.0970,0.4550,96.8570,2.1590,2025-02-21 21:14:08,94.0
0.5130,16.9490,0.4660,96.8670,2.0350,2025-02-21 21:14:08,94.0
0.5380,17.0590,0.5180,97.0380,2.0160,2025-02-21 21:14:08,94.0
0.5150,17.0870,0.3920,96.9550,2.0770,2025-02-21 21:14:08,94.0
0.5440,17.0310,0.34,96.8610,2.0630,2025-02-24 12:31:28,95.0
0.5320,16.9650,0.5040,97.0780,2.04,2025-02-24 12:31:28,95.0
0.5330,16.9960,0.4270,96.8560,1.8930,2025-02-24 12:31:28,95.0
0.5240,17.0150,0.4690,96.7690,2.0010,2025-02-24 12:31:28,95.0
0.5160,17.0370,0.4380,97.1040,1.8930,2025-02-24 12:31:28,95.0
0.56,17.0970,0.4450,96.7640,1.9950,2025-02-24 12:31:28,95.0
0.5010,17.0430,0.4760,97.1390,1.9720,2025-02-24 12:31:28,95.0
0.5370,17.0680,0.4060,97.0150,1.9730,2025-02-24 12:31:28,95.0
0.55,17.0270,0.4020,96.8620,2.0610,2025-02-24 12:31:28,95.0
0.5280,17.0840,0.3920,96.9270,1.9520,2025-02-24 12:31:28,95.0
0.5250,17.0310,0.4620,97.2790,1.9450,2025-02-24 12:31:28,95.0
0.5420,16.9870,0.4860,97.0530,2.0120,2025-02-24 12:31:28,95.0
0.5130,17.0620,0.6160,97.0730,1.8640,2025-02-24 12:31:28,95.0
0.5270,16.9830,0.4870,96.7190,2.07,2025-02-24 12:31:28,95.0
0.5340,17.0460,0.5560,96.7640,2.1170,2025-02-24 12:31:28,95.0
0.5390,16.9930,0.3540,96.7910,2.0760,2025-02-24 12:31:28,95.0
0.5290,16.9990,0.4730,97.1670,1.9730,2025-02-24 12:31:28,95.0
0.5480,17.1120,0.4730,96.8540,2.1070,2025-02-24 12:31:28,95.0
0.5280,16.9520,0.4970,97.0230,1.9650,2025-02-24 12:31:28,95.0
0.5140,17.0120,0.4440,96.7440,2.0150,2025-02-24 12:31:28,95.0
0.5210,17.0680,0.5740,97.0460,1.9030,2025-02-24 13:16:34,96.0
0.5390,17.0650,0.5110,96.78,2.01,2025-02-24 13:16:34,96.0
0.53,17.0150,0.3960,96.8660,2.0080,2025-02-24 13:16:34,96.0
0.5270,16.9080,0.3990,97.0640,2.0720,2025-02-24 13:16:34,96.0
0.53,16.9990,0.3960,96.8770,2.0970,2025-02-24 13:16:34,96.0
0.5360,16.9490,0.3990,97.3010,2.0790,2025-02-24 13:16:34,96.0
0.5230,17.1190,0.4410,96.9510,1.88,2025-02-24 13:16:34,96.0
0.5270,16.9960,0.4130,96.8630,2.0170,2025-02-24 13:16:34,96.0
0.5210,16.9930,0.4170,96.89,1.9230,2025-02-24 13:16:34,96.0
0.5080,16.9390,0.4020,96.7530,1.9280,2025-02-24 13:16:34,96.0
0.5280,16.98,0.5290,96.95,1.91,2025-02-24 13:16:34,96.0
0.5340,16.9490,0.3680,96.7510,2.0480,2025-02-24 13:16:34,96.0
0.5230,17.1440,0.55,97.1080,1.9590,2025-02-24 13:16:34,96.0
0.5190,17.0310,0.4580,96.8650,1.9170,2025-02-24 13:16:34,96.0
0.5260,17.0180,0.4450,97.12,1.9430,2025-02-24 13:16:34,96.0
0.5190,16.9990,0.4650,96.7980,1.9220,2025-02-24 13:16:34,96.0
0.5320,16.9580,0.4060,96.97,1.9450,2025-02-24 13:16:34,96.0
0.5480,17.0370,0.5390,96.7660,2.1980,2025-02-24 13:16:34,96.0
0.5350,17.0120,0.4660,96.9320,1.9470,2025-02-24 13:16:34,96.0
0.5280,17.0810,0.4380,97.11,1.9360,2025-02-24 13:16:34,96.0
0.5280,17.0240,0.4580,97.1520,1.9870,2025-02-24 18:56:46,97.0
0.5380,17.0050,0.4660,97.3330,2.0940,2025-02-24 18:56:46,97.0
0.5010,17.0180,0.5110,96.7820,1.8790,2025-02-24 18:56:46,97.0
0.53,17.0430,0.6410,97.0980,2.0090,2025-02-24 18:56:46,97.0
0.5240,17.0680,0.3960,96.8830,2.04,2025-02-24 18:56:46,97.0
0.5360,17.0530,0.4240,96.7690,1.9440,2025-02-24 18:56:46,97.0
0.5220,16.9770,0.5080,97.26,2.0610,2025-02-24 18:56:46,97.0
0.5330,17.0490,0.5390,96.8360,2.03,2025-02-24 18:56:46,97.0
0.5220,17.0870,0.4230,96.9820,1.8720,2025-02-24 18:56:46,97.0
0.5310,16.8990,0.4410,97.2750,2.1840,2025-02-24 18:56:46,97.0
0.5330,17.0750,0.4580,97.1730,2.0250,2025-02-24 18:56:46,97.0
0.5370,16.99,0.4170,97.1050,2.0840,2025-02-24 18:56:46,97.0
0.5260,17.0780,0.5040,96.7660,1.9790,2025-02-24 18:56:46,97.0
0.52,16.9520,0.4690,96.85,2.0680,2025-02-24 18:56:46,97.0
0.5330,17.1470,0.4480,96.88,2.0060,2025-02-24 18:56:46,97.0
0.5430,17.1250,0.42,97.21,2.0710,2025-02-24 18:56:46,97.0
0.5260,16.9330,0.4450,96.8060,2.0850,2025-02-24 18:56:46,97.0
0.53,17.04,0.4580,96.8140,1.9980,2025-02-24 18:56:46,97.0
0.54,17.0650,0.4030,97.0770,2.0270,2025-02-24 18:56:46,97.0
0.5360,17.0780,0.4410,97.0320,2.1370,2025-02-24 18:56:46,97.0
0.54,17.1880,0.42,96.7980,2.0630,2025-02-24 21:52:00,98.0
0.5090,17.0240,0.5040,96.9330,1.9510,2025-02-24 21:52:00,98.0
0.5210,16.9360,0.43,96.7760,1.9350,2025-02-24 21:52:00,98.0
0.53,17.04,0.5080,97.0620,2.0070,2025-02-24 21:52:00,98.0
0.5210,16.9960,0.50,96.7430,1.96,2025-02-24 21:52:00,98.0
0.5250,17.0430,0.4940,97.1270,1.9850,2025-02-24 21:52:00,98.0
0.5130,17.0050,0.4650,96.9460,1.99,2025-02-24 21:52:00,98.0
0.5470,17.1780,0.4310,97.1550,2.0950,2025-02-24 21:52:00,98.0
0.5520,16.9770,0.5560,97.1360,1.9690,2025-02-24 21:52:00,98.0
0.5230,17.1220,0.3810,96.9410,1.8830,2025-02-24 21:52:00,98.0
0.5140,17.0310,0.50,96.8820,1.8850,2025-02-24 21:52:00,98.0
0.5290,16.9990,0.4970,97.2350,2.0060,2025-02-24 21:52:00,98.0
0.5350,17.0310,0.4240,97.0990,2.1250,2025-02-24 21:52:00,98.0
0.5050,17.1410,0.48,97.1040,1.8710,2025-02-24 21:52:00,98.0
0.5290,17.0590,0.4620,96.8410,1.9910,2025-02-24 21:52:00,98.0
0.5350,17.0590,0.5840,97.18,2.0380,2025-02-24 21:52:00,98.0
0.5330,17.0650,0.5210,97.16,1.8460,2025-02-24 21:52:00,98.0
0.5250,16.9650,0.3640,97.1480,2.0220,2025-02-24 21:52:00,98.0
0.5260,17.0210,0.4310,97.1450,2.0720,2025-02-24 21:52:00,98.0
0.5040,17.0810,0.4310,96.8290,1.8210,2025-02-24 21:52:00,98.0
0.5190,17.0430,0.4970,96.8260,2.1580,2025-02-25 11:39:29,99.0
0.51,17.0310,0.3540,96.7710,2.0940,2025-02-25 11:39:29,99.0
0.5260,17.0240,0.3890,97.12,2.1180,2025-02-25 11:39:29,99.0
0.5050,16.9390,0.42,97.1480,2.0350,2025-02-25 11:39:29,99.0
0.4910,17.0370,0.5210,97.2010,1.8980,2025-02-25 11:39:29,99.0
0.5350,17.1690,0.63,96.9510,2.0740,2025-02-25 11:39:29,99.0
0.5060,17.0460,0.4380,96.8370,2.0090,2025-02-25 11:39:29,99.0
0.5230,16.9960,0.3430,97.2410,2.1020,2025-02-25 11:39:29,99.0
0.5090,17.0750,0.4130,96.9820,2.0620,2025-02-25 11:39:29,99.0
0.5010,16.9520,0.5320,97.0730,1.9960,2025-02-25 11:39:29,99.0
0.5040,16.8990,0.4620,97.1740,1.9580,2025-02-25 11:39:29,99.0
0.5330,17.1150,0.4340,96.8980,2.1610,2025-02-25 11:39:29,99.0
0.5270,17.09,0.4830,97.2210,2.14,2025-02-25 11:39:29,99.0
0.5150,17.04,0.43,97.1610,2.0820,2025-02-25 11:39:29,99.0
0.5080,16.98,0.4020,97.1680,2.0250,2025-02-25 11:39:29,99.0
0.5240,17.0650,0.42,96.8390,2.1160,2025-02-25 11:39:29,99.0
0.50,16.9870,0.3890,96.94,1.8970,2025-02-25 11:39:29,99.0
0.5040,17.0840,0.4970,96.9220,2.1060,2025-02-25 11:39:29,99.0
0.52,16.9140,0.4310,97.3410,2.1470,2025-02-25 11:39:29,99.0
0.4760,16.8670,0.3150,97.0470,1.8350,2025-02-25 11:39:29,99.0
0.5020,17.0150,0.49,96.8510,1.9640,2025-02-25 13:14:34,100.0
0.4860,16.9330,0.4720,96.7590,1.9110,2025-02-25 13:14:34,100.0
0.5150,17.0590,0.4480,97.1640,1.9210,2025-02-25 13:14:34,100.0
0.48,16.9580,0.42,97.2890,1.8590,2025-02-25 13:14:34,100.0
0.4850,17.0050,0.4790,96.8780,1.9120,2025-02-25 13:14:34,100.0
0.4960,17.0180,0.5710,97.1030,1.9550,2025-02-25 13:14:34,100.0
0.5010,17.0270,0.4510,96.7940,1.9870,2025-02-25 13:14:34,100.0
0.5080,17.0180,0.5150,96.8330,2.0960,2025-02-25 13:14:34,100.0
0.51,16.9110,0.3920,97.2010,2.0590,2025-02-25 13:14:34,100.0
0.5190,16.9650,0.3750,96.6430,2.1390,2025-02-25 13:14:34,100.0
0.5170,16.8730,0.4690,97.0180,2.0840,2025-02-25 13:14:34,100.0
0.5150,17.1060,0.3920,96.9530,2.1270,2025-02-25 13:14:34,100.0
0.4890,17.0240,0.4270,97.03,1.8380,2025-02-25 13:14:34,100.0
0.4930,16.9870,0.3850,96.7780,1.8340,2025-02-25 13:14:34,100.0
0.4950,16.8670,0.49,97.0970,2.0550,2025-02-25 13:14:34,100.0
0.4930,16.9140,0.4020,97.1590,1.9250,2025-02-25 13:14:34,100.0
0.4940,17.0430,0.3960,96.7450,1.8870,2025-02-25 13:14:34,100.0
0.4750,16.9580,0.4380,96.7850,1.9160,2025-02-25 13:14:34,100.0
0.4990,17.0680,0.5210,97,2.0730,2025-02-25 13:14:34,100.0
0.4850,16.9080,0.4270,97.0230,1.8470,2025-02-25 13:14:34,100.0
0.5450,16.9680,0.4730,96.8520,2.1480,2025-02-25 18:29:50,101.0
0.5520,16.9140,0.49,97.0140,2.1730,2025-02-25 18:29:50,101.0
0.5250,16.8480,0.4340,97.2970,2.0150,2025-02-25 18:29:50,101.0
0.52,16.8640,0.6230,96.7880,2.07,2025-02-25 18:29:50,101.0
0.5290,16.9610,0.3890,96.6150,2.0020,2025-02-25 18:29:50,101.0
0.53,16.9210,0.4940,97.0990,2.1940,2025-02-25 18:29:50,101.0
0.5430,16.9460,0.5570,96.8220,2.0650,2025-02-25 18:29:50,101.0
0.5370,16.8920,0.4650,96.7890,2.0560,2025-02-25 18:29:50,101.0
0.53,16.8730,0.4480,97.2060,2.1490,2025-02-25 18:29:50,101.0
0.54,16.9080,0.3880,97.1770,2.15,2025-02-25 18:29:50,101.0
0.5370,16.8730,0.4860,96.9590,1.9790,2025-02-25 18:29:50,101.0
0.5270,16.8890,0.4830,97.2330,2.0750,2025-02-25 18:29:50,101.0
0.5410,16.8730,0.4830,97.3690,2.2370,2025-02-25 18:29:50,101.0
0.52,16.8890,0.4270,96.8760,1.9360,2025-02-25 18:29:50,101.0
0.5530,16.8990,0.5180,96.8220,2.1270,2025-02-25 18:29:50,101.0
0.5180,16.98,0.5040,97.2430,1.82,2025-02-25 18:29:50,101.0
0.5350,16.8990,0.3570,96.8550,1.9280,2025-02-25 18:29:50,101.0
0.5180,16.8830,0.42,97.2740,0.0150,2025-02-25 18:29:50,101.0
0.5320,16.8770,0.6020,96.7470,2.1450,2025-02-25 18:29:50,101.0
0.5290,16.8890,0.5710,97.0020,2.0080,2025-02-25 18:29:50,101.0
0.4910,16.9170,0.5320,96.9780,1.9950,2025-02-25 21:40:03,102.0
0.49,16.8890,0.3960,97.1730,1.9960,2025-02-25 21:40:03,102.0
0.5140,16.9870,0.5630,96.9980,2.02,2025-02-25 21:40:03,102.0
0.5130,17.0270,0.5350,96.8620,2.0160,2025-02-25 21:40:03,102.0
0.50,16.9680,0.5040,96.9510,2.1210,2025-02-25 21:40:03,102.0
0.5150,16.9170,0.4310,96.8730,1.94,2025-02-25 21:40:03,102.0
0.5280,16.99,0.6190,97.0580,2.0580,2025-02-25 21:40:03,102.0
0.5130,16.9770,0.4690,97.06,1.9790,2025-02-25 21:40:03,102.0
0.5180,17.0680,0.5560,96.7920,2.0330,2025-02-25 21:40:03,102.0
0.5090,17.0530,0.4940,97.2670,1.9340,2025-02-25 21:40:03,102.0
0.4930,16.9460,0.4270,97.4280,1.8970,2025-02-25 21:40:03,102.0
0.51,16.9610,0.4970,97.2380,2.1070,2025-02-25 21:40:03,102.0
0.5080,17.0780,0.4130,96.9170,2.0680,2025-02-25 21:40:03,102.0
0.5350,17.0050,0.5390,97.1920,2.1460,2025-02-25 21:40:03,102.0
0.4840,16.9140,0.3750,96.9490,2.03,2025-02-25 21:40:03,102.0
0.5090,17.0710,0.49,96.8040,1.9320,2025-02-25 21:40:03,102.0
0.5020,16.9390,0.4440,97.0960,2.0010,2025-02-25 21:40:03,102.0
0.5260,17.0560,0.4660,96.7580,2.0070,2025-02-25 21:40:03,102.0
0.4920,17.0530,0.5350,97.0650,2.0170,2025-02-25 21:40:03,102.0
0.5170,16.9770,0.5180,96.8260,2.0520,2025-02-25 21:40:03,102.0
0.4890,16.8230,0.4060,97.1370,1.97,2025-02-26 11:00:35,103.0
0.5110,16.9930,0.4790,97.0910,2.0580,2025-02-26 11:00:35,103.0
0.5230,17.0560,0.4270,97.2150,2.0980,2025-02-26 11:00:35,103.0
0.5170,16.8730,0.3640,97.2550,2.1140,2025-02-26 11:00:35,103.0
0.5260,16.9330,0.5040,97.0980,2.0410,2025-02-26 11:00:35,103.0
0.4950,16.9360,0.3850,97.1460,1.9360,2025-02-26 11:00:35,103.0
0.4840,16.9110,0.6090,97.0120,1.9370,2025-02-26 11:00:35,103.0
0.5370,16.9830,0.41,97.2130,2.2040,2025-02-26 11:00:35,103.0
0.5520,16.8830,0.4380,97.1110,2.1260,2025-02-26 11:00:35,103.0
0.5190,16.9740,0.3610,97.2470,2.1490,2025-02-26 11:00:35,103.0
0.5080,16.83,0.43,97.1760,2.0350,2025-02-26 11:00:35,103.0
0.5190,16.9710,0.49,97.1580,2.12,2025-02-26 11:00:35,103.0
0.5020,16.8770,0.5150,96.8630,2.0320,2025-02-26 11:00:35,103.0
0.5210,16.9930,0.3960,97.1340,2.1750,2025-02-26 11:00:35,103.0
0.5270,16.9740,0.4410,96.9610,2.1220,2025-02-26 11:00:35,103.0
0.4950,16.88,0.4170,97.1670,2.0070,2025-02-26 11:00:35,103.0
0.5140,16.9740,0.42,96.9270,1.9790,2025-02-26 11:00:35,103.0
0.4860,17.0340,0.42,96.74,1.8170,2025-02-26 11:00:35,103.0
0.5320,16.9050,0.3460,96.9580,2.1710,2025-02-26 11:00:35,103.0
0.5160,16.9550,0.4480,97.0920,2.04,2025-02-26 11:00:35,103.0
0.4820,16.93,0.5430,96.7660,2.0450,2025-02-26 13:10:39,104.0
0.51,17.1660,0.4090,96.7850,1.9450,2025-02-26 13:10:39,104.0
0.5420,17.0050,0.4760,96.8490,2.1190,2025-02-26 13:10:39,104.0
0.5110,17.0340,0.3810,96.8130,2.15,2025-02-26 13:10:39,104.0
0.4860,16.9830,0.4230,97.1220,2.0070,2025-02-26 13:10:39,104.0
0.4780,16.9490,0.4970,96.8490,1.9640,2025-02-26 13:10:39,104.0
0.4940,17.0210,0.5080,96.8520,1.9840,2025-02-26 13:10:39,104.0
0.4860,16.8170,0.3530,97.2380,2.0650,2025-02-26 13:10:39,104.0
0.52,16.9170,0.3360,97.3560,2.1870,2025-02-26 13:10:39,104.0
0.49,17.0180,0.5280,96.9350,2.0010,2025-02-26 13:10:39,104.0
0.4960,16.8770,0.5320,97.0290,2.1220,2025-02-26 13:10:39,104.0
0.5040,17.0090,0.4760,96.8660,1.7990,2025-02-26 13:10:39,104.0
0.5220,17.0020,0.43,97.0150,2.1420,2025-02-26 13:10:39,104.0
0.5160,17.04,0.3740,97.0780,2.2330,2025-02-26 13:10:39,104.0
0.49,17.04,0.5530,97.1590,2.1470,2025-02-26 13:10:39,104.0
0.4860,16.9550,0.5290,97.13,2.0280,2025-02-26 13:10:39,104.0
0.4660,17.0870,0.56,97.0420,1.9180,2025-02-26 13:10:39,104.0
0.4950,17.0210,0.4580,96.8970,1.9850,2025-02-26 13:10:39,104.0
0.4780,16.9770,0.3920,96.7570,1.9580,2025-02-26 13:10:39,104.0
0.5040,16.9610,0.4410,97.0830,1.9760,2025-02-26 13:10:39,104.0
0.5490,16.9960,0.3740,97.1630,2.1770,2025-02-26 14:10:47,105.0
0.5370,17.0430,0.4380,97.4620,2.0650,2025-02-26 14:10:47,105.0
0.5380,16.98,0.3780,96.9890,2.0160,2025-02-26 14:10:47,105.0
0.5320,17.0180,0.5250,96.8710,1.9960,2025-02-26 14:10:47,105.0
0.5380,16.9990,0.4860,96.7840,2.0190,2025-02-26 14:10:47,105.0
0.5550,16.9990,0.4580,97.4420,2.2530,2025-02-26 14:10:47,105.0
0.5460,16.9610,0.4440,97.1730,2.2640,2025-02-26 14:10:47,105.0
0.5430,16.98,0.4730,96.8110,2.1890,2025-02-26 14:10:47,105.0
0.5350,17.0530,0.3290,97.3060,2.0930,2025-02-26 14:10:47,105.0
0.5260,16.9680,0.3750,97.2340,2.0820,2025-02-26 14:10:47,105.0
0.5490,17.0490,0.4620,96.9470,2.2610,2025-02-26 14:10:47,105.0
0.5140,16.9390,0.5950,96.91,1.9030,2025-02-26 14:10:47,105.0
0.5170,17.0210,0.5560,97.2780,1.9570,2025-02-26 14:10:47,105.0
0.5370,17.0150,0.4620,97.1640,2.02,2025-02-26 14:10:47,105.0
0.5360,17.0180,0.5670,96.8790,2.1430,2025-02-26 14:10:47,105.0
0.5230,16.99,0.5040,97.0960,2.0080,2025-02-26 14:10:47,105.0
0.5280,16.9650,0.4240,96.9090,1.99,2025-02-26 14:10:47,105.0
0.5270,16.8420,0.3710,97.2280,2.0410,2025-02-26 14:10:47,105.0
0.5310,17.0270,0.3330,96.8330,2.0010,2025-02-26 14:10:47,105.0
0.5370,16.99,0.3750,97.12,2.0110,2025-02-26 14:10:47,105.0
0.54,17.3070,0.3330,96.9850,2.1380,2025-02-26 19:01:10,106.0
0.5330,17.0780,0.5150,97.0050,2.1330,2025-02-26 19:01:10,106.0
0.5240,17.0240,0.4270,97.1140,2.0160,2025-02-26 19:01:10,106.0
0.5150,16.9740,0.5810,96.8790,1.8950,2025-02-26 19:01:10,106.0
0.5560,17.0310,0.4970,96.8270,2.1940,2025-02-26 19:01:10,106.0
0.5370,17.0340,0.4790,97.1480,2.0550,2025-02-26 19:01:10,106.0
0.5280,17.0590,0.6330,97.1680,2.0470,2025-02-26 19:01:10,106.0
0.5380,17.0090,0.4380,97.0420,2.0660,2025-02-26 19:01:10,106.0
0.5320,17.09,0.8430,96.8220,2.07,2025-02-26 19:01:10,106.0
0.5250,16.9740,0.4830,97.2560,1.9740,2025-02-26 19:01:10,106.0
0.51,16.9990,0.9630,97.1270,1.8610,2025-02-26 19:01:10,106.0
0.5330,17.0120,0.5180,97.0960,2.0190,2025-02-26 19:01:10,106.0
0.54,17.1030,0.50,96.8960,2.1130,2025-02-26 19:01:10,106.0
0.5410,17.0490,0.6680,96.6950,2.09,2025-02-26 19:01:10,106.0
0.5250,16.9650,0.6540,97.0540,1.9610,2025-02-26 19:01:10,106.0
0.5170,16.9430,0.6830,96.9470,1.98,2025-02-26 19:01:10,106.0
0.5290,17.0710,0.5180,96.9350,1.9540,2025-02-26 19:01:10,106.0
0.5140,17.0560,0.62,96.8440,1.9050,2025-02-26 19:01:10,106.0
0.5340,17.0150,0.5290,97.1690,2,2025-02-26 19:01:10,106.0
0.51,17.0490,0.5850,96.6420,1.9110,2025-02-26 19:01:10,106.0
0.5250,16.9710,0.4060,96.8570,1.8430,2025-02-26 21:46:21,107.0
0.5110,17.0210,0.4660,97.3010,2.02,2025-02-26 21:46:21,107.0
0.5320,17.1190,0.5150,96.8760,1.9480,2025-02-26 21:46:21,107.0
0.5390,16.9960,0.5280,96.8220,2.0110,2025-02-26 21:46:21,107.0
0.5250,16.9170,0.5560,96.8070,2.0980,2025-02-26 21:46:21,107.0
0.53,16.9360,0.4130,96.7750,1.9840,2025-02-26 21:46:21,107.0
0.5220,16.9710,0.3990,97.0450,1.9830,2025-02-26 21:46:21,107.0
0.5190,16.9080,0.4620,96.8960,2.0010,2025-02-26 21:46:21,107.0
0.5310,17.0050,0.4620,97.2160,1.9720,2025-02-26 21:46:21,107.0
0.5410,17.0120,0.4480,97.1150,2.1020,2025-02-26 21:46:21,107.0
0.5270,17.0240,0.4130,96.8680,2.0490,2025-02-26 21:46:21,107.0
0.5260,17.0650,0.4690,96.7830,2.0330,2025-02-26 21:46:21,107.0
0.5350,16.9930,0.5290,97.0180,2.0590,2025-02-26 21:46:21,107.0
0.5490,17.0240,0.43,97.2710,2.0460,2025-02-26 21:46:21,107.0
0.5320,17.0150,0.5570,96.9830,2.01,2025-02-26 21:46:21,107.0
0.5390,16.9830,0.5180,97.0810,2.0660,2025-02-26 21:46:21,107.0
0.5260,17.0340,0.6340,96.6660,1.9190,2025-02-26 21:46:21,107.0
0.5270,16.9650,0.6020,97.1890,1.9590,2025-02-26 21:46:21,107.0
0.5350,16.9650,0.4940,96.9810,2.0740,2025-02-26 21:46:21,107.0
0.5230,17.0150,0.6050,96.5810,1.9370,2025-02-26 21:46:21,107.0
0.5380,17.0370,0.5080,96.8840,1.96,2025-02-27 11:28:52,108.0
0.5030,17.0970,0.4440,97.3360,1.9120,2025-02-27 11:28:52,108.0
0.5580,17.0590,0.4270,97.1130,2.06,2025-02-27 11:28:52,108.0
0.5480,17.0750,0.4510,96.8760,2.0030,2025-02-27 11:28:52,108.0
0.5350,17.0590,0.4410,96.8550,2.0790,2025-02-27 11:28:52,108.0
0.54,17.1150,0.5770,96.9080,2.0270,2025-02-27 11:28:52,108.0
0.5450,16.9960,0.5010,96.9160,2.0560,2025-02-27 11:28:52,108.0
0.5420,17.1030,0.5220,97.2010,2.1130,2025-02-27 11:28:52,108.0
0.5060,16.9610,0.5670,96.9840,1.9060,2025-02-27 11:28:52,108.0
0.54,17.0340,0.5180,97.2070,2.0530,2025-02-27 11:28:52,108.0
0.5340,17.0180,0.4270,96.8540,1.9960,2025-02-27 11:28:52,108.0
0.5380,17.1810,0.3780,96.8080,1.9870,2025-02-27 11:28:52,108.0
0.5470,17.0680,0.5080,97.1150,2.0530,2025-02-27 11:28:52,108.0
0.5180,16.99,0.55,96.9160,1.8830,2025-02-27 11:28:52,108.0
0.5330,17.0430,0.4690,96.9740,2.0740,2025-02-27 11:28:52,108.0
0.5210,16.9360,0.3750,97.3310,1.8610,2025-02-27 11:28:52,108.0
0.5290,16.9680,0.4160,97.3670,1.9090,2025-02-27 11:28:52,108.0
0.5240,16.9930,0.3780,96.8220,2.0240,2025-02-27 11:28:52,108.0
0.5410,16.9550,0.43,97.2330,2.0460,2025-02-27 11:28:52,108.0
0.5320,16.9550,0.4340,96.7930,2.1250,2025-02-27 11:28:52,108.0
0.5260,16.9870,0.4830,96.8840,1.8960,2025-02-27 13:28:59,109.0
0.5290,16.9430,0.4380,97.3170,2.0170,2025-02-27 13:28:59,109.0
0.5180,16.9550,0.5420,97.1290,1.9560,2025-02-27 13:28:59,109.0
0.5320,16.98,0.5250,97.1910,2.0210,2025-02-27 13:28:59,109.0
0.5380,16.9680,0.4970,97.18,2.06,2025-02-27 13:28:59,109.0
0.5120,17.0120,0.3880,97.1950,1.8870,2025-02-27 13:28:59,109.0
0.5320,17.0590,0.5530,97.08,2.0550,2025-02-27 13:28:59,109.0
0.52,17.1590,0.4060,96.9680,2.0260,2025-02-27 13:28:59,109.0
0.52,16.9990,0.42,96.9140,1.83,2025-02-27 13:28:59,109.0
0.5250,16.8860,0.4170,96.8850,2.0140,2025-02-27 13:28:59,109.0
0.5130,16.9050,0.49,97.20,1.8040,2025-02-27 13:28:59,109.0
0.5210,16.9610,0.4730,97.0210,1.9530,2025-02-27 13:28:59,109.0
0.55,17.0560,0.4970,96.9990,2.0580,2025-02-27 13:28:59,109.0
0.5420,17.04,0.4480,97.0680,1.9910,2025-02-27 13:28:59,109.0
0.5250,17.0460,0.5640,97.1570,2.0520,2025-02-27 13:28:59,109.0
0.52,16.93,0.5040,97.1370,2.0150,2025-02-27 13:28:59,109.0
0.5440,16.9960,0.4480,97.0020,1.9190,2025-02-27 13:28:59,109.0
0.5340,16.9990,0.4580,96.7360,1.9050,2025-02-27 13:28:59,109.0
0.5220,16.98,0.4940,96.7610,1.9160,2025-02-27 13:28:59,109.0
0.5370,16.9960,0.4790,97.0020,2.0580,2025-02-27 13:28:59,109.0
0.5480,17.0240,0.50,97.0230,2.0530,2025-02-27 18:39:04,110.0
0.5530,17.10,0.3570,96.9830,2.1370,2025-02-27 18:39:04,110.0
0.5190,17.0240,0.4380,96.7970,2.0040,2025-02-27 18:39:04,110.0
0.5420,16.9870,0.5080,97.2580,2.0560,2025-02-27 18:39:04,110.0
0.5470,17.10,0.5910,96.9980,2.1040,2025-02-27 18:39:04,110.0
0.5510,16.9520,0.3780,97.5510,2.2270,2025-02-27 18:39:04,110.0
0.5410,17.10,0.4720,97.1020,2.0330,2025-02-27 18:39:04,110.0
0.52,16.8830,0.5320,96.9820,1.9830,2025-02-27 18:39:04,110.0
0.5340,17.0050,0.5180,97.0510,2.01,2025-02-27 18:39:04,110.0
0.5210,16.9580,0.5110,96.9680,1.9430,2025-02-27 18:39:04,110.0
0.5260,17.0020,0.5360,97.0590,1.9740,2025-02-27 18:39:04,110.0
0.5280,17.1060,0.5740,97.1020,2.0110,2025-02-27 18:39:04,110.0
0.5350,16.9490,0.5110,96.8650,1.9140,2025-02-27 18:39:04,110.0
0.5230,16.9360,0.4970,97.2610,2.02,2025-02-27 18:39:04,110.0
0.5120,16.9110,0.5390,96.7260,1.9190,2025-02-27 18:39:04,110.0
0.5360,16.8640,0.4760,96.9650,2.1510,2025-02-27 18:39:04,110.0
0.5230,16.93,0.4690,97.0140,1.9670,2025-02-27 18:39:04,110.0
0.5280,17.0930,0.3430,96.8370,0.0170,2025-02-27 18:39:04,110.0
0.5290,16.98,0.5110,96.8110,2.01,2025-02-27 18:39:04,110.0
0.5150,16.9650,0.5350,96.9550,2.0520,2025-02-27 18:39:04,110.0
0.52,16.9830,0.5460,96.8250,2.0630,2025-02-27 21:34:16,111.0
0.5470,17.0930,0.5010,96.9820,2.0610,2025-02-27 21:34:16,111.0
0.5340,16.9870,0.4520,97.1260,2.0330,2025-02-27 21:34:16,111.0
0.5170,16.9520,0.4440,96.7640,1.9630,2025-02-27 21:34:16,111.0
0.5430,17.0460,0.5040,96.9660,2.0260,2025-02-27 21:34:16,111.0
0.5410,16.71,0.6020,97.1820,2.1190,2025-02-27 21:34:16,111.0
0.55,17.0590,0.5740,96.8440,1.96,2025-02-27 21:34:16,111.0
0.5350,16.99,0.5210,97.0760,2.0070,2025-02-27 21:34:16,111.0
0.5560,17.0270,0.5210,97.1520,2.0220,2025-02-27 21:34:16,111.0
0.5320,16.9870,0.4690,97.0030,2.0730,2025-02-27 21:34:16,111.0
0.5150,16.9110,0.5430,97.3490,1.8890,2025-02-27 21:34:16,111.0
0.5730,17.0710,0.3610,96.9120,2.1550,2025-02-27 21:34:16,111.0
0.5580,17.0560,0.6020,96.7910,2.1510,2025-02-27 21:34:16,111.0
0.5360,16.9930,0.5250,96.9360,2.0120,2025-02-27 21:34:16,111.0
0.5470,17.0810,0.4830,96.8040,2.0390,2025-02-27 21:34:16,111.0
0.5440,16.9740,0.41,97.0970,2.02,2025-02-27 21:34:16,111.0
0.5510,17.0180,0.4060,97.17,1.9370,2025-02-27 21:34:16,111.0
0.53,17.0340,0.3540,97.2030,2.0210,2025-02-27 21:34:16,111.0
0.5530,17.1690,0.4060,97.1640,2.1440,2025-02-27 21:34:16,111.0
0.5590,17.10,0.4970,97.0470,2.0910,2025-02-27 21:34:16,111.0
0.5460,16.9490,0.5460,96.97,2.1640,2025-02-28 13:07:29,112.0
0.5230,16.93,0.5070,96.8350,2.0290,2025-02-28 13:07:29,112.0
0.5280,17.1810,0.4760,97.2370,1.9510,2025-02-28 13:07:29,112.0
0.5360,17.0680,0.5640,97.0460,2.0890,2025-02-28 13:07:29,112.0
0.5210,17.0150,0.5110,97.0260,1.9470,2025-02-28 13:07:29,112.0
0.5130,16.98,0.4310,97.2910,1.9410,2025-02-28 13:07:29,112.0
0.5290,16.9680,0.4830,96.9370,1.9970,2025-02-28 13:07:29,112.0
0.5250,17.09,0.4550,96.9470,1.9660,2025-02-28 13:07:29,112.0
0.5390,17.10,0.4650,96.8660,2.0670,2025-02-28 13:07:29,112.0
0.52,17.0650,0.4620,97.2560,1.8940,2025-02-28 13:07:29,112.0
0.5520,17.1370,0.4450,97.4460,1.9750,2025-02-28 13:07:29,112.0
0.5450,17.1030,0.4970,96.8730,2.0320,2025-02-28 13:07:29,112.0
0.5410,17.0780,0.5420,96.7890,2.0190,2025-02-28 13:07:29,112.0
0.5470,17.0150,0.6410,96.9520,2.1820,2025-02-28 13:07:29,112.0
0.5240,16.99,0.4970,97.0420,1.8950,2025-02-28 13:07:29,112.0
0.5460,16.9990,0.4130,97.2520,2.2670,2025-02-28 13:07:29,112.0
0.5280,16.9960,0.5280,97.1050,1.9490,2025-02-28 13:07:29,112.0
0.55,16.9680,0.4020,96.9230,2.2470,2025-02-28 13:07:29,112.0
0.5230,17.0870,0.4620,96.9190,1.89,2025-02-28 13:07:29,112.0
0.5370,17.0090,0.5810,97.1810,2.03,2025-02-28 13:07:29,112.0
0.5550,16.98,0.4410,96.85,2.2550,2025-03-03 11:41:59,113.0
0.5350,16.8450,0.5670,97.2020,2.1130,2025-03-03 11:41:59,113.0
0.5450,17.0930,0.5950,97.2020,1.9670,2025-03-03 11:41:59,113.0
0.5340,17.0020,0.4830,97.1120,1.9910,2025-03-03 11:41:59,113.0
0.56,16.8920,0.4760,96.8330,2.0860,2025-03-03 11:41:59,113.0
0.5150,16.9360,0.6370,96.9920,1.8410,2025-03-03 11:41:59,113.0
0.5350,16.8770,0.42,97.2280,2.2060,2025-03-03 11:41:59,113.0
0.5420,17.2220,0.6540,97.0860,2.0970,2025-03-03 11:41:59,113.0
0.5570,17.0750,0.3460,96.8810,2.0210,2025-03-03 11:41:59,113.0
0.5180,16.7790,0.6090,96.8920,2.0220,2025-03-03 11:41:59,113.0
0.5310,16.9960,0.4130,96.8750,2.0560,2025-03-03 11:41:59,113.0
0.5270,17.04,0.4760,96.8590,1.9770,2025-03-03 11:41:59,113.0
0.5380,16.9140,0.76,96.97,1.9580,2025-03-03 11:41:59,113.0
0.5470,17.0370,0.5990,97.0950,2.10,2025-03-03 11:41:59,113.0
0.5420,17.0680,0.3710,97.0770,2.0820,2025-03-03 11:41:59,113.0
0.5150,17.04,0.5360,96.8580,1.9660,2025-03-03 11:41:59,113.0
0.5250,16.8610,0.5420,97.0220,2.0970,2025-03-03 11:41:59,113.0
0.5340,17.1660,0.42,96.9520,2.1660,2025-03-03 11:41:59,113.0
0.5330,16.8550,0.4410,97.0740,2.1990,2025-03-03 11:41:59,113.0
0.5090,16.9990,0.3190,96.8420,2.0170,2025-03-03 11:41:59,113.0
0.5080,17.0020,0.5110,96.8860,1.9390,2025-03-03 13:07:05,114.0
0.5280,16.9870,0.42,97.2080,1.9430,2025-03-03 13:07:05,114.0
0.5270,16.8670,0.5460,96.8460,2.0840,2025-03-03 13:07:05,114.0
0.5250,16.98,0.5460,96.87,1.9640,2025-03-03 13:07:05,114.0
0.5480,16.8580,0.5880,97.3060,2.0290,2025-03-03 13:07:05,114.0
0.55,16.9140,0.5560,97.2670,2.0840,2025-03-03 13:07:05,114.0
0.5270,16.8920,0.5150,96.8680,1.9420,2025-03-03 13:07:05,114.0
0.5190,16.9520,0.4130,97.1370,1.9590,2025-03-03 13:07:05,114.0
0.5250,16.9870,0.4690,97.2730,1.9780,2025-03-03 13:07:05,114.0
0.5270,17.0680,0.4970,97.1740,1.9260,2025-03-03 13:07:05,114.0
0.5170,16.9430,0.4440,96.9130,1.9610,2025-03-03 13:07:05,114.0
0.5110,16.8770,0.5390,96.8050,1.90,2025-03-03 13:07:05,114.0
0.5330,17.0180,0.6370,97.2130,2.06,2025-03-03 13:07:05,114.0
0.5290,17.10,0.4130,97.0480,1.9790,2025-03-03 13:07:05,114.0
0.5170,16.87,0.5350,97.5480,1.9520,2025-03-03 13:07:05,114.0
0.5340,16.9870,0.3990,96.79,1.8780,2025-03-03 13:07:05,114.0
0.5290,17.1120,0.4870,97.0770,1.8960,2025-03-03 13:07:05,114.0
0.5510,17.0970,0.3610,96.8910,2.1650,2025-03-03 13:07:05,114.0
0.5340,16.9770,0.56,96.9680,2.07,2025-03-03 13:07:05,114.0
0.5340,16.8670,0.5530,97.17,2.0050,2025-03-03 13:07:05,114.0
0.5250,16.88,0.5070,96.9460,1.9780,2025-03-03 20:07:23,115.0
0.5380,17.0120,0.3810,96.9160,2.0140,2025-03-03 20:07:23,115.0
0.5380,17.0970,0.4340,96.8160,1.9720,2025-03-03 20:07:23,115.0
0.5430,17.0050,0.4310,97.1960,0.0160,2025-03-03 20:07:23,115.0
0.5410,16.9170,0.3570,96.9290,2.0370,2025-03-03 20:07:23,115.0
0.5290,16.9240,0.4170,97.1350,2.0470,2025-03-03 20:07:23,115.0
0.5410,17.0310,0.3890,97.1150,2.0310,2025-03-03 20:07:23,115.0
0.5150,16.9270,0.43,96.9820,1.8950,2025-03-03 20:07:23,115.0
0.5350,16.9140,0.4340,97.1540,2.1890,2025-03-03 20:07:23,115.0
0.5250,16.9580,0.3290,96.8740,1.9050,2025-03-03 20:07:23,115.0
0.5250,17.09,0.4020,96.8590,1.9480,2025-03-03 20:07:23,115.0
0.5410,16.9870,0.42,97.1140,1.9390,2025-03-03 20:07:23,115.0
0.5490,17.0240,0.5320,97.2990,2.0510,2025-03-03 20:07:23,115.0
0.5690,17.0870,0.5220,97.0310,2.3470,2025-03-03 20:07:23,115.0
0.5180,16.8670,0.4520,97.0010,2.0020,2025-03-03 20:07:23,115.0
0.5210,17.1370,0.3430,96.7680,1.9440,2025-03-03 20:07:23,115.0
0.5450,16.8770,0.3430,97.2520,2.0570,2025-03-03 20:07:23,115.0
0.5330,16.93,0.41,97.2520,2.1690,2025-03-03 20:07:23,115.0
0.5210,17.0240,0.4970,96.8680,2.0920,2025-03-03 20:07:23,115.0
0.5190,16.9270,0.3610,96.8720,1.9920,2025-03-03 20:07:23,115.0
0.5390,17.0270,0.35,97.2680,2.1010,2025-03-03 21:17:25,116.0
0.5370,17.0750,0.3360,97.1890,2.0330,2025-03-03 21:17:25,116.0
0.5490,17.0050,0.4270,97.2430,2.2760,2025-03-03 21:17:25,116.0
0.5440,17.0150,0.3990,96.87,2.1530,2025-03-03 21:17:25,116.0
0.5340,16.98,0.4550,97.1870,2.0610,2025-03-03 21:17:25,116.0
0.5270,17.0050,0.4020,97.02,2.0150,2025-03-03 21:17:25,116.0
0.5120,16.98,0.4030,97.0280,1.9550,2025-03-03 21:17:25,116.0
0.5370,16.99,0.4480,97.12,2.0630,2025-03-03 21:17:25,116.0
0.5340,16.9770,0.4060,96.9530,2.2380,2025-03-03 21:17:25,116.0
0.5280,16.9770,0.4580,97.3750,2.0010,2025-03-03 21:17:25,116.0
0.5360,16.9140,0.5040,97.1110,2.1520,2025-03-03 21:17:25,116.0
0.5410,17.0590,0.4230,96.9070,2.0180,2025-03-03 21:17:25,116.0
0.5160,16.99,0.4020,97.2330,2.0550,2025-03-03 21:17:25,116.0
0.54,17.0750,0.4130,97.1780,2.0470,2025-03-03 21:17:25,116.0
0.5150,17.0310,0.4090,96.9830,1.8390,2025-03-03 21:17:25,116.0
0.5270,17.0620,0.42,97.2880,2.0140,2025-03-03 21:17:25,116.0
0.52,16.9770,0.4020,97.34,2.1070,2025-03-03 21:17:25,116.0
0.5330,17.0090,0.4480,96.8390,2.0990,2025-03-03 21:17:25,116.0
0.5330,16.8990,0.3460,96.9130,2.1120,2025-03-03 21:17:25,116.0
0.5220,16.9050,0.6760,96.9720,1.9410,2025-03-03 21:17:25,116.0
0.5140,17.0240,0.2520,97.0410,1.95,2025-03-04 13:30:05,117.0
0.4920,16.9520,0.3430,96.8620,1.7450,2025-03-04 13:30:05,117.0
0.5040,16.9610,0.2940,96.9020,1.8990,2025-03-04 13:30:05,117.0
0.5320,16.9870,0.3610,97.1160,1.9880,2025-03-04 13:30:05,117.0
0.54,17.09,0.4060,97.1190,2.0970,2025-03-04 13:30:05,117.0
0.5570,16.9520,0.4170,97.0460,2.1630,2025-03-04 13:30:05,117.0
0.5160,16.9270,0.4270,97.0040,1.9080,2025-03-04 13:30:05,117.0
0.5320,16.9930,0.4380,96.8910,1.9230,2025-03-04 13:30:05,117.0
0.5260,16.93,0.3320,97.1390,2.0550,2025-03-04 13:30:05,117.0
0.55,16.9830,0.3530,96.94,2.3050,2025-03-04 13:30:05,117.0
0.5480,16.9740,0.3880,96.8010,2.1040,2025-03-04 13:30:05,117.0
0.54,16.9610,0.2690,97.1570,2.1530,2025-03-04 13:30:05,117.0
0.5210,16.9210,0.3570,97.1590,2.0770,2025-03-04 13:30:05,117.0
0.5130,16.9550,0.4230,96.8680,1.8770,2025-03-04 13:30:05,117.0
0.5320,16.9430,0.3250,96.8530,2.0190,2025-03-04 13:30:05,117.0
0.5180,16.9520,0.3710,96.9480,1.9360,2025-03-04 13:30:05,117.0
0.5190,17.0120,0.3220,97.0220,1.9660,2025-03-04 13:30:05,117.0
0.5380,17.0090,0.4480,96.8860,2.0720,2025-03-04 13:30:05,117.0
0.5250,16.8860,0.3740,97.0260,1.9920,2025-03-04 13:30:05,117.0
0.5190,16.9270,0.3290,96.8550,1.9410,2025-03-04 13:30:05,117.0
0.5260,17.0490,0.4090,96.81,1.9170,2025-03-04 14:10:07,118.0
0.5410,17.10,0.3750,96.8780,2.0280,2025-03-04 14:10:07,118.0
0.5380,17.0530,0.4730,96.8190,2.0810,2025-03-04 14:10:07,118.0
0.5370,17.0120,0.4020,96.9750,2.0360,2025-03-04 14:10:07,118.0
0.5430,16.9580,0.3190,96.9980,1.9270,2025-03-04 14:10:07,118.0
0.54,16.8920,0.4520,96.9590,0.0590,2025-03-04 14:10:07,118.0
0.5260,16.9960,0.4090,97.0770,1.9340,2025-03-04 14:10:07,118.0
0.5110,17.0120,0.3570,96.8850,1.8540,2025-03-04 14:10:07,118.0
0.5280,16.8920,0.4760,96.9360,1.9130,2025-03-04 14:10:07,118.0
0.5170,16.9460,0.3430,96.9570,1.92,2025-03-04 14:10:07,118.0
0.5190,16.9550,0.4270,96.8480,1.9330,2025-03-04 14:10:07,118.0
0.5060,17.1280,0.3080,96.7360,1.9250,2025-03-04 14:10:07,118.0
0.5020,17.0310,0.4650,96.9180,1.9230,2025-03-04 14:10:07,118.0
0.5150,17.0310,0.4970,96.7860,1.8390,2025-03-04 14:10:07,118.0
0.5180,16.9360,0.4130,96.9610,1.9260,2025-03-04 14:10:07,118.0
0.5190,16.9770,0.4130,97.2360,1.9160,2025-03-04 14:10:07,118.0
0.5290,16.9390,0.3950,97.2250,1.9920,2025-03-04 14:10:07,118.0
0.5280,16.9490,0.3220,96.9540,1.9770,2025-03-04 14:10:07,118.0
0.5150,16.9740,0.4270,96.7980,1.8920,2025-03-04 14:10:07,118.0
0.5180,17.0020,0.4020,97.1130,1.8690,2025-03-04 14:10:07,118.0
0.5240,17.0120,0.3250,97.0610,1.9870,2025-03-04 19:50:21,119.0
0.5150,16.9740,0.3290,97.1280,1.9470,2025-03-04 19:50:21,119.0
0.5250,16.9770,0.4170,97.0690,2.0840,2025-03-04 19:50:21,119.0
0.55,17.21,0.4580,96.7990,2.04,2025-03-04 19:50:21,119.0
0.5360,17.1280,0.3360,96.7740,1.9910,2025-03-04 19:50:21,119.0
0.54,16.9930,0.3150,97.0920,1.9320,2025-03-04 19:50:21,119.0
0.5250,17.1530,0.3220,96.8590,1.8730,2025-03-04 19:50:21,119.0
0.5360,16.9680,0.3430,96.8170,2.0860,2025-03-04 19:50:21,119.0
0.52,17.0780,0.4270,96.8310,1.9330,2025-03-04 19:50:21,119.0
0.5320,17.04,0.2690,96.7540,1.9810,2025-03-04 19:50:21,119.0
0.5350,16.9080,0.2980,97.17,2.0230,2025-03-04 19:50:21,119.0
0.5210,16.9990,0.3640,96.8740,1.9020,2025-03-04 19:50:21,119.0
0.5420,16.9610,0.3360,96.7890,2.1120,2025-03-04 19:50:21,119.0
0.5320,17.1810,0.3080,96.83,1.9270,2025-03-04 19:50:21,119.0
0.5250,17.0530,0.2660,97.0870,1.8720,2025-03-04 19:50:21,119.0
0.5420,17.0460,0.3430,96.8270,2.0250,2025-03-04 19:50:21,119.0
0.5390,16.9610,0.35,97.2570,1.95,2025-03-04 19:50:21,119.0
0.5610,16.9650,0.4170,96.6950,2.1910,2025-03-04 19:50:21,119.0
0.5450,17.0020,0.4230,96.82,2.0220,2025-03-04 19:50:21,119.0
0.5190,16.9170,0.4230,97.1730,1.9310,2025-03-04 19:50:21,119.0
0.54,17.0050,0.3080,96.7620,2.0460,2025-03-04 21:20:23,120.0
0.5220,17.0650,0.2060,96.8380,2.0080,2025-03-04 21:20:23,120.0
0.54,17.1250,0.3610,97.1130,1.8770,2025-03-04 21:20:23,120.0
0.5190,16.98,0.3670,96.9160,1.9280,2025-03-04 21:20:23,120.0
0.5280,17.0870,0.2840,97.1960,1.8910,2025-03-04 21:20:23,120.0
0.5290,17.0370,0.3110,97.1680,1.9890,2025-03-04 21:20:23,120.0
0.5190,16.9270,0.2310,96.8880,2.1090,2025-03-04 21:20:23,120.0
0.5260,17.0270,0.2630,97.05,1.8550,2025-03-04 21:20:23,120.0
0.5180,17.0210,0.2450,97.1230,1.9930,2025-03-04 21:20:23,120.0
0.5330,17.0680,0.2730,96.8030,2.0060,2025-03-04 21:20:23,120.0
0.52,16.9990,0.2480,97.2490,1.8390,2025-03-04 21:20:23,120.0
0.5140,17.0870,0.3570,97.1790,1.8530,2025-03-04 21:20:23,120.0
0.5430,16.9520,0.2980,96.9360,2.0420,2025-03-04 21:20:23,120.0
0.5320,17.0590,0.3990,97.0060,1.9150,2025-03-04 21:20:23,120.0
0.5220,16.8990,0.2970,97.0820,1.9230,2025-03-04 21:20:23,120.0
0.5110,16.9430,0.35,96.8410,1.9710,2025-03-04 21:20:23,120.0
0.5260,16.9430,0.34,97.27,1.8170,2025-03-04 21:20:23,120.0
0.5370,17.0120,0.3780,96.8370,2.0530,2025-03-04 21:20:23,120.0
0.5260,16.9580,0.28,97.1190,1.9640,2025-03-04 21:20:23,120.0
0.52,16.9740,0.3120,97.0240,2.06,2025-03-04 21:20:23,120.0
0.5330,17.0090,0.6890,97.1140,1.8350,2025-03-04 21:25:25,121.0
0.5280,17.0780,0.3640,97.0380,1.8290,2025-03-04 21:25:25,121.0
0.5260,17.0590,0.5710,97.0420,1.8230,2025-03-04 21:25:25,121.0
0.54,17.0120,0.5640,96.84,1.8230,2025-03-04 21:25:25,121.0
0.5370,17.0970,0.4970,97.2360,1.7850,2025-03-04 21:25:25,121.0
0.5310,17.1120,0.5180,96.9880,1.6730,2025-03-04 21:25:25,121.0
0.5340,17.0650,0.6790,96.9790,1.7850,2025-03-04 21:25:25,121.0
0.5280,17.0750,0.4860,96.9510,1.6340,2025-03-04 21:25:25,121.0
0.5340,17.1370,0.4730,97.0480,1.6990,2025-03-04 21:25:25,121.0
0.54,17.0120,0.6480,97.2210,1.7370,2025-03-04 21:25:25,121.0
0.5330,16.9830,0.6510,97.1910,1.8630,2025-03-04 21:25:25,121.0
0.5310,17.0710,0.5150,96.9280,1.8010,2025-03-04 21:25:25,121.0
0.5260,17.0970,0.5460,96.95,1.7080,2025-03-04 21:25:25,121.0
0.5090,17.0490,0.5880,97.2120,1.6110,2025-03-04 21:25:25,121.0
0.5410,17.10,0.4790,96.8770,1.7960,2025-03-04 21:25:25,121.0
0.5230,16.9580,0.4410,97.1940,1.7270,2025-03-04 21:25:25,121.0
0.5380,17.0560,0.5180,97.2560,1.7690,2025-03-04 21:25:25,121.0
0.5420,17.0870,0.5710,96.8560,1.8290,2025-03-04 21:25:25,121.0
0.5220,17.0310,0.5180,97.16,1.6930,2025-03-04 21:25:25,121.0
0.5370,17.0340,0.6970,97.0870,1.8730,2025-03-04 21:25:25,121.0
0.5320,16.9360,0.4970,96.7520,2.0480,2025-03-05 11:05:59,122.0
0.5560,16.9550,0.4620,97.1250,2.1190,2025-03-05 11:05:59,122.0
0.5380,16.9520,0.3080,96.8590,2.0770,2025-03-05 11:05:59,122.0
0.5150,17.0560,0.3850,97.0070,1.9060,2025-03-05 11:05:59,122.0
0.5410,17.0430,0.2520,97.1360,1.9970,2025-03-05 11:05:59,122.0
0.5430,17.0210,0.4170,97.0760,2.0470,2025-03-05 11:05:59,122.0
0.5160,17.0340,0.3050,97.1250,1.8830,2025-03-05 11:05:59,122.0
0.5430,16.98,0.5250,96.8340,1.9650,2025-03-05 11:05:59,122.0
0.52,16.98,0.4270,97.0720,1.9240,2025-03-05 11:05:59,122.0
0.5320,16.9580,0.2870,97.1470,0.0150,2025-03-05 11:05:59,122.0
0.5250,16.8990,0.2520,96.9060,1.9660,2025-03-05 11:05:59,122.0
0.5410,16.8830,0.2450,97.1680,2.0980,2025-03-05 11:05:59,122.0
0.5220,17.0560,0.4790,96.7270,1.8550,2025-03-05 11:05:59,122.0
0.5420,16.9330,0.4230,96.8550,2.0240,2025-03-05 11:05:59,122.0
0.5240,17.0650,0.42,96.8680,1.9690,2025-03-05 11:05:59,122.0
0.5210,16.8950,0.2130,97.23,1.9310,2025-03-05 11:05:59,122.0
0.54,17.0020,0.4020,96.8380,1.9820,2025-03-05 11:05:59,122.0
0.5250,17.0210,0.4020,97.2210,2.0150,2025-03-05 11:05:59,122.0
0.5440,16.9680,0.3010,97.0150,1.9380,2025-03-05 11:05:59,122.0
0.5160,17.0210,0.4060,96.9870,1.91,2025-03-05 11:05:59,122.0
0.5460,17.0430,0.3850,96.8470,2.0760,2025-03-05 13:21:08,123.0
0.5420,17.0210,0.4690,96.8780,2.0130,2025-03-05 13:21:08,123.0
0.5220,17.1280,0.3880,97.3320,1.9340,2025-03-05 13:21:08,123.0
0.5360,16.9830,0.34,96.9460,2.03,2025-03-05 13:21:08,123.0
0.5190,16.8580,0.3610,97.2870,2.0510,2025-03-05 13:21:08,123.0
0.5140,16.8770,0.3880,96.9250,2.0570,2025-03-05 13:21:08,123.0
0.5090,16.9080,0.3750,97.0590,1.7820,2025-03-05 13:21:08,123.0
0.5380,17.0020,0.35,97.1740,1.9250,2025-03-05 13:21:08,123.0
0.5190,16.9740,0.3570,96.8320,1.8850,2025-03-05 13:21:08,123.0
0.5320,16.9330,0.3920,97.2880,1.99,2025-03-05 13:21:08,123.0
0.5280,17.0620,0.3150,97.2530,2.0030,2025-03-05 13:21:08,123.0
0.5330,17.0810,0.3080,96.8510,1.94,2025-03-05 13:21:08,123.0
0.5270,16.93,0.3110,97.16,1.9660,2025-03-05 13:21:08,123.0
0.5420,16.9830,0.1930,96.9890,2.01,2025-03-05 13:21:08,123.0
0.5110,16.9520,0.50,96.9550,1.8810,2025-03-05 13:21:08,123.0
0.5390,17.0430,0.3670,96.85,2.0270,2025-03-05 13:21:08,123.0
0.5240,16.9270,0.3540,97.1130,1.8770,2025-03-05 13:21:08,123.0
0.5160,16.9710,0.2940,97.1590,1.9840,2025-03-05 13:21:08,123.0
0.52,16.9650,0.4130,97.2010,1.9350,2025-03-05 13:21:08,123.0
0.5320,17.0020,0.3110,97.3690,2.0630,2025-03-05 13:21:08,123.0
0.5160,16.9430,0.3330,97.24,1.9420,2025-03-05 19:46:23,124.0
0.5390,17.0240,0.4340,97.2120,2.1050,2025-03-05 19:46:23,124.0
0.5330,17.1250,0.2910,97.32,1.96,2025-03-05 19:46:23,124.0
0.53,17.0530,0.5570,97.3080,1.9540,2025-03-05 19:46:23,124.0
0.5170,17.1090,0.4060,97.0740,1.83,2025-03-05 19:46:23,124.0
0.5230,17.0340,0.2590,96.85,1.8430,2025-03-05 19:46:23,124.0
0.5450,16.9870,0.2560,97.1470,2.06,2025-03-05 19:46:23,124.0
0.52,16.9170,0.2350,97.20,1.9750,2025-03-05 19:46:23,124.0
0.5170,16.9080,0.2730,96.7810,1.9270,2025-03-05 19:46:23,124.0
0.5270,16.9740,0.3540,97.3240,2.0080,2025-03-05 19:46:23,124.0
0.5350,16.9610,0.3640,97.0520,2.0850,2025-03-05 19:46:23,124.0
0.5250,16.9240,0.3010,97.1030,2.03,2025-03-05 19:46:23,124.0
0.5210,16.9520,0.3710,96.9980,1.9670,2025-03-05 19:46:23,124.0
0.5080,17.0490,0.2490,96.9420,1.8780,2025-03-05 19:46:23,124.0
0.5230,16.9830,0.2380,97.0590,2.0420,2025-03-05 19:46:23,124.0
0.5360,17.0460,0.4130,97.0290,1.9110,2025-03-05 19:46:23,124.0
0.53,16.9270,0.3850,97.1830,2.0120,2025-03-05 19:46:23,124.0
0.5180,16.9830,0.4060,97.3240,1.8790,2025-03-05 19:46:23,124.0
0.5130,17.1310,0.3460,97.1340,1.9090,2025-03-05 19:46:23,124.0
0.5290,17.0560,0.3010,96.8530,1.9770,2025-03-05 19:46:23,124.0
0.5310,16.9050,0.3740,96.8190,1.8730,2025-03-05 21:21:25,125.0
0.5460,16.99,0.3920,97.16,1.9770,2025-03-05 21:21:25,125.0
0.5140,16.8950,0.3540,97.1940,1.9590,2025-03-05 21:21:25,125.0
0.54,16.8990,0.3640,97.1410,2.0890,2025-03-05 21:21:25,125.0
0.5350,16.8610,0.3780,96.8840,2.0310,2025-03-05 21:21:25,125.0
0.5290,16.9550,0.2730,97.0040,1.9550,2025-03-05 21:21:25,125.0
0.5510,17.0650,0.4130,97.0960,2.0230,2025-03-05 21:21:25,125.0
0.5460,17.1560,0.2770,97.0430,1.9950,2025-03-05 21:21:25,125.0
0.5230,16.9240,0.3220,97,2.0120,2025-03-05 21:21:25,125.0
0.5380,17.0710,0.34,97.0890,2.1540,2025-03-05 21:21:25,125.0
0.5310,16.9870,0.4060,97.2470,1.9780,2025-03-05 21:21:25,125.0
0.52,16.9080,0.2690,97.4020,2.0440,2025-03-05 21:21:25,125.0
0.5440,17.0120,0.3260,97.1880,2.06,2025-03-05 21:21:25,125.0
0.5160,16.9650,0.3110,96.8710,1.8850,2025-03-05 21:21:25,125.0
0.5430,17.0490,0.3290,96.7520,1.9360,2025-03-05 21:21:25,125.0
0.5360,17.0370,0.3740,97.1950,2.0320,2025-03-05 21:21:25,125.0
0.5010,16.8950,0.3880,97.3760,1.80,2025-03-05 21:21:25,125.0
0.5340,16.99,0.5110,96.9780,2.1080,2025-03-05 21:21:25,125.0
0.5420,17.1590,0.2970,96.8410,2.0470,2025-03-05 21:21:25,125.0
0.54,17.0180,0.2630,97.0010,1.99,2025-03-05 21:21:25,125.0
0.5340,17.0210,0.3050,97.0050,1.93,2025-03-06 11:15:22,126.0
0.52,16.9170,0.3250,97.0350,2.0370,2025-03-06 11:15:22,126.0
0.5270,16.98,0.3850,97.2340,2.0370,2025-03-06 11:15:22,126.0
0.54,16.9360,0.34,97.3270,2.0930,2025-03-06 11:15:22,126.0
0.5250,17.0050,0.3670,96.98,2.0730,2025-03-06 11:15:22,126.0
0.54,17.0050,0.2310,96.8380,2.0830,2025-03-06 11:15:22,126.0
0.5180,16.9960,0.2840,96.9530,2.0110,2025-03-06 11:15:22,126.0
0.5190,16.9520,0.2690,96.9510,2.0390,2025-03-06 11:15:22,126.0
0.5430,17.0530,0.2420,97.1540,2.0770,2025-03-06 11:15:22,126.0
0.5190,17.04,0.4380,97.2250,1.9380,2025-03-06 11:15:22,126.0
0.5380,17.0180,0.2560,97.1230,1.9910,2025-03-06 11:15:22,126.0
0.5430,17.0370,0.28,96.9650,1.9990,2025-03-06 11:15:22,126.0
0.5310,16.8770,0.2940,97.11,2.09,2025-03-06 11:15:22,126.0
0.5290,17.0270,0.2910,96.8050,1.9760,2025-03-06 11:15:22,126.0
0.5080,16.9140,0.3110,96.8690,1.89,2025-03-06 11:15:22,126.0
0.5220,16.8360,0.3610,97.1240,1.9890,2025-03-06 11:15:22,126.0
0.5410,17.0150,0.2450,97.0910,2.13,2025-03-06 11:15:22,126.0
0.5240,16.9610,0.3080,96.94,2,2025-03-06 11:15:22,126.0
0.5310,16.98,0.2940,97.2890,2.0810,2025-03-06 11:15:22,126.0
0.5350,16.99,0.2550,97.0980,1.95,2025-03-06 11:15:22,126.0
0.5240,16.9680,0.4170,96.8350,1.8880,2025-03-06 13:20:28,127.0
0.54,16.9490,0.3430,97.1220,2.1160,2025-03-06 13:20:28,127.0
0.5270,16.8550,0.3150,97.0680,2.0570,2025-03-06 13:20:28,127.0
0.5350,17.04,0.4690,96.8960,1.9790,2025-03-06 13:20:28,127.0
0.5140,16.9330,0.3880,97.0810,1.99,2025-03-06 13:20:28,127.0
0.54,17.0930,0.3570,97.2090,1.9860,2025-03-06 13:20:28,127.0
0.5420,17.0210,0.3050,96.8950,2.0260,2025-03-06 13:20:28,127.0
0.5360,16.9390,0.4690,97.1690,1.9880,2025-03-06 13:20:28,127.0
0.5360,17.1030,0.2520,96.8150,1.9360,2025-03-06 13:20:28,127.0
0.5110,16.9430,0.4090,96.7860,1.9110,2025-03-06 13:20:28,127.0
0.5460,16.9520,0.42,97.0930,2.1540,2025-03-06 13:20:28,127.0
0.5260,16.9870,0.3150,97.0210,1.8840,2025-03-06 13:20:28,127.0
0.5270,17.0120,0.2070,97.1320,2.0170,2025-03-06 13:20:28,127.0
0.5490,17.0370,0.35,97.0320,2.0220,2025-03-06 13:20:28,127.0
0.5210,16.9960,0.3150,97.05,1.9340,2025-03-06 13:20:28,127.0
0.5510,16.9990,0.3460,97.1450,2.1210,2025-03-06 13:20:28,127.0
0.5490,16.9930,0.2980,96.78,2.1390,2025-03-06 13:20:28,127.0
0.5190,17.0090,0.4170,97.1210,1.8660,2025-03-06 13:20:28,127.0
0.5390,16.9170,0.3780,97.0790,1.9730,2025-03-06 13:20:28,127.0
0.5440,16.9770,0.3290,96.8380,2.0760,2025-03-06 13:20:28,127.0
0.5060,16.8890,0.2310,97.1020,1.8930,2025-03-06 20:05:46,128.0
0.5530,17.0460,0.3950,96.8650,2.0120,2025-03-06 20:05:46,128.0
0.51,17.0590,0.35,97.0390,1.8550,2025-03-06 20:05:46,128.0
0.55,17.04,0.4020,97.2120,2.0440,2025-03-06 20:05:46,128.0
0.5430,17.1250,0.3220,96.8590,2.0550,2025-03-06 20:05:46,128.0
0.53,17.0090,0.4790,97.0050,1.9210,2025-03-06 20:05:46,128.0
0.5310,16.9240,0.3750,96.9820,2.0230,2025-03-06 20:05:46,128.0
0.5240,16.8950,0.29,97.0790,1.95,2025-03-06 20:05:46,128.0
0.5290,17.0050,0.2350,97.0330,1.9740,2025-03-06 20:05:46,128.0
0.5310,16.9770,0.2870,96.8470,2.0210,2025-03-06 20:05:46,128.0
0.5440,17.0120,0.3220,97.0190,2.0920,2025-03-06 20:05:46,128.0
0.5280,17.04,0.2940,96.9940,2.0050,2025-03-06 20:05:46,128.0
0.5050,16.9650,0.4060,97.2530,1.9680,2025-03-06 20:05:46,128.0
0.5310,16.98,0.3010,96.9150,2.0070,2025-03-06 20:05:46,128.0
0.5240,16.9710,0.42,96.8820,1.94,2025-03-06 20:05:46,128.0
0.53,16.9490,0.3010,97.1050,2.0860,2025-03-06 20:05:46,128.0
0.5230,17.0050,0.4970,96.8880,1.9580,2025-03-06 20:05:46,128.0
0.5430,17.0430,0.2590,97.1390,2.0480,2025-03-06 20:05:46,128.0
0.5330,17.0370,0.3250,97.0160,2.0850,2025-03-06 20:05:46,128.0
0.5370,16.9740,0.2940,96.8330,2.0540,2025-03-06 20:05:46,128.0
0.5320,16.9930,0.3330,97.0550,1.9690,2025-03-06 21:15:48,129.0
0.5360,16.9710,0.3750,96.8710,2.0340,2025-03-06 21:15:48,129.0
0.5230,16.9430,0.2660,97.11,1.8960,2025-03-06 21:15:48,129.0
0.5340,16.9990,0.3950,96.9660,2.0790,2025-03-06 21:15:48,129.0
0.53,17.0310,0.4760,96.94,1.8750,2025-03-06 21:15:48,129.0
0.5020,16.8830,0.2630,97.0950,2.0460,2025-03-06 21:15:48,129.0
0.5260,17.0840,0.4380,97.0690,1.9450,2025-03-06 21:15:48,129.0
0.5340,16.9930,0.4270,96.8220,2.0560,2025-03-06 21:15:48,129.0
0.5370,16.99,0.3540,97.0190,2.0820,2025-03-06 21:15:48,129.0
0.5320,16.9390,0.4870,96.7690,2.1120,2025-03-06 21:15:48,129.0
0.5110,16.9990,0.2940,96.8130,1.8150,2025-03-06 21:15:48,129.0
0.5410,16.9960,0.3850,97.0170,2.0530,2025-03-06 21:15:48,129.0
0.5250,17.0050,0.3570,96.7990,2.0240,2025-03-06 21:15:48,129.0
0.5190,17.0310,0.28,97.1390,1.8750,2025-03-06 21:15:48,129.0
0.5590,17.0150,0.3120,96.83,2.1480,2025-03-06 21:15:48,129.0
0.5340,16.9770,0.3570,97.0140,2.0310,2025-03-06 21:15:48,129.0
0.5050,16.9520,0.4550,97.1270,1.9430,2025-03-06 21:15:48,129.0
0.5490,17.0620,0.3880,96.7840,2.0990,2025-03-06 21:15:48,129.0
0.5350,17.0120,0.2910,97.0410,1.9650,2025-03-06 21:15:48,129.0
0.5150,16.9650,0.4510,96.8120,1.8730,2025-03-06 21:15:48,129.0
0.54,16.9550,0.49,97.1020,2.0070,2025-03-07 11:20:55,130.0
0.5490,17.0620,0.3670,96.9450,2.1330,2025-03-07 11:20:55,130.0
0.5290,17.0090,0.2450,97.1140,1.9920,2025-03-07 11:20:55,130.0
0.5240,16.9650,0.3850,97.11,1.9970,2025-03-07 11:20:55,130.0
0.5490,17.0590,0.3990,97.0770,2.1880,2025-03-07 11:20:55,130.0
0.5410,16.9740,0.4310,97.2670,2.1530,2025-03-07 11:20:55,130.0
0.5230,17.0750,0.3460,97.1190,1.9910,2025-03-07 11:20:55,130.0
0.5220,16.9650,0.2840,97.2630,1.9920,2025-03-07 11:20:55,130.0
0.5150,16.9710,0.3080,97.0770,2.0260,2025-03-07 11:20:55,130.0
0.5340,17.0210,0.3740,96.8950,1.9640,2025-03-07 11:20:55,130.0
0.5190,17.0240,0.4830,97.1760,2.1420,2025-03-07 11:20:55,130.0
0.5370,16.9930,0.4270,97.0730,2.2320,2025-03-07 11:20:55,130.0
0.5230,16.9990,0.3780,96.87,1.99,2025-03-07 11:20:55,130.0
0.5350,16.9930,0.3850,96.91,2.0250,2025-03-07 11:20:55,130.0
0.54,16.99,0.3220,97.1050,2.2020,2025-03-07 11:20:55,130.0
0.5310,17.0050,0.3220,97.24,1.9150,2025-03-07 11:20:55,130.0
0.5450,17.0840,0.3320,97.2840,2.0590,2025-03-07 11:20:55,130.0
0.5240,16.9650,0.5850,96.87,2.0370,2025-03-07 11:20:55,130.0
0.5190,17.0120,0.3460,96.8420,1.9330,2025-03-07 11:20:55,130.0
0.5320,17.1060,0.3710,97.4610,1.9890,2025-03-07 11:20:55,130.0
0.5220,17.0460,0.3880,96.99,1.9440,2025-03-07 13:05:59,131.0
0.5180,17.1410,0.4940,97.0970,1.9410,2025-03-07 13:05:59,131.0
0.5320,17.0090,0.3740,96.7390,1.9740,2025-03-07 13:05:59,131.0
0.5190,16.9770,0.4620,97.2130,1.9460,2025-03-07 13:05:59,131.0
0.5320,17.04,0.3430,96.8570,2.0740,2025-03-07 13:05:59,131.0
0.5530,16.9990,0.2770,97.0760,2.12,2025-03-07 13:05:59,131.0
0.5420,16.9050,0.3120,97.3270,2.0180,2025-03-07 13:05:59,131.0
0.5320,16.98,0.3120,96.6910,2.1090,2025-03-07 13:05:59,131.0
0.53,16.8950,0.3670,97.1230,2.1170,2025-03-07 13:05:59,131.0
0.5350,16.9170,0.3050,97.2510,2.1290,2025-03-07 13:05:59,131.0
0.5110,16.8950,0.29,97.1410,1.8340,2025-03-07 13:05:59,131.0
0.5260,17.1310,0.4340,96.7150,2.0670,2025-03-07 13:05:59,131.0
0.5340,16.99,0.5670,96.7870,2.0670,2025-03-07 13:05:59,131.0
0.5210,16.8730,0.3850,97.0240,1.9960,2025-03-07 13:05:59,131.0
0.5260,16.9870,0.4170,97.0160,2.0290,2025-03-07 13:05:59,131.0
0.5280,16.9610,0.3610,97.3040,1.9820,2025-03-07 13:05:59,131.0
0.5260,16.8920,0.43,96.7390,1.9670,2025-03-07 13:05:59,131.0
0.5160,16.9390,0.3610,97.1360,1.98,2025-03-07 13:05:59,131.0
0.5230,17.0210,0.5010,97.2860,1.9720,2025-03-07 13:05:59,131.0
0.5450,17.0370,0.3950,97.1010,0.02,2025-03-07 13:05:59,131.0
0.5420,16.8730,0.4340,97.0460,2.1010,2025-03-07 21:11:11,132.0
0.5340,16.93,0.3010,96.8710,1.88,2025-03-07 21:11:11,132.0
0.5230,17.0530,0.2940,96.8730,2.01,2025-03-07 21:11:11,132.0
0.5230,17.0370,0.4130,96.9960,1.8220,2025-03-07 21:11:11,132.0
0.5420,16.9210,0.4550,96.9580,2.0420,2025-03-07 21:11:11,132.0
0.5340,17.0840,0.4240,96.8720,2.0350,2025-03-07 21:11:11,132.0
0.5490,17.0020,0.2380,97.0270,2.0130,2025-03-07 21:11:11,132.0
0.5230,16.9710,0.4020,96.7670,2.0040,2025-03-07 21:11:11,132.0
0.5460,16.8830,0.4060,96.87,2.0730,2025-03-07 21:11:11,132.0
0.5410,16.9490,0.4340,96.8670,1.9260,2025-03-07 21:11:11,132.0
0.5230,16.9650,0.4130,97.17,2.0270,2025-03-07 21:11:11,132.0
0.53,16.8770,0.1850,97.0310,1.9720,2025-03-07 21:11:11,132.0
0.5490,16.9830,0.3180,97.2240,1.9960,2025-03-07 21:11:11,132.0
0.5360,17.0970,0.3360,97.0640,2.0590,2025-03-07 21:11:11,132.0
0.5210,17.0180,0.3780,96.8660,1.9410,2025-03-07 21:11:11,132.0
0.53,17.0310,0.29,96.8880,1.9790,2025-03-07 21:11:11,132.0
0.5550,16.9830,0.3150,96.7150,2.1790,2025-03-07 21:11:11,132.0
0.5260,17.0310,0.2940,96.8450,1.9890,2025-03-07 21:11:11,132.0
0.5250,17.0370,0.3740,97.0640,1.8880,2025-03-07 21:11:11,132.0
0.50,16.9430,0.3360,96.9910,1.95,2025-03-07 21:11:11,132.0
0.5320,17.0270,0.4550,97.0670,2.0130,2025-03-10 13:10:04,133.0
0.5230,16.9080,0.4660,96.8840,1.9460,2025-03-10 13:10:04,133.0
0.5430,17.0750,0.3990,97.2050,2.0580,2025-03-10 13:10:04,133.0
0.5280,16.9330,0.2690,97.1390,2.0260,2025-03-10 13:10:04,133.0
0.5240,16.9740,0.3810,97.0780,2.0060,2025-03-10 13:10:04,133.0
0.5040,16.9170,0.4340,97.27,1.8410,2025-03-10 13:10:04,133.0
0.4940,17.0180,0.4940,96.8430,1.7410,2025-03-10 13:10:04,133.0
0.5250,17.0650,0.3920,96.7320,1.9490,2025-03-10 13:10:04,133.0
0.5290,17.0340,0.3670,96.7870,1.9310,2025-03-10 13:10:04,133.0
0.5280,16.9490,0.4020,97.1540,1.9020,2025-03-10 13:10:04,133.0
0.5250,17.0120,0.3710,96.9270,1.8810,2025-03-10 13:10:04,133.0
0.51,16.8860,0.4170,97.1180,1.9110,2025-03-10 13:10:04,133.0
0.5230,17.0460,0.2520,96.7040,1.89,2025-03-10 13:10:04,133.0
0.5470,17.0780,0.3570,96.8180,2.0930,2025-03-10 13:10:04,133.0
0.5240,16.9650,0.3810,97.1180,1.9750,2025-03-10 13:10:04,133.0
0.5250,16.9210,0.3640,96.9750,1.9520,2025-03-10 13:10:04,133.0
0.5380,17.0460,0.3990,97.2150,1.9980,2025-03-10 13:10:04,133.0
0.5240,16.98,0.3220,97.2510,2,2025-03-10 13:10:04,133.0
0.5250,16.9490,0.42,97.1630,2.0030,2025-03-10 13:10:04,133.0
0.5210,16.9990,0.3810,96.8710,1.8680,2025-03-10 13:10:04,133.0
0.5220,17.0810,0.3320,96.9150,1.90,2025-03-10 13:40:06,134.0
0.5290,16.9930,0.3220,96.8970,2,2025-03-10 13:40:06,134.0
0.5220,17.0150,0.4270,97.1570,1.8450,2025-03-10 13:40:06,134.0
0.5470,17.0780,0.3320,97.1530,1.96,2025-03-10 13:40:06,134.0
0.5360,17.0780,0.3180,97.3730,1.9560,2025-03-10 13:40:06,134.0
0.5110,16.9990,0.2980,97.12,1.9780,2025-03-10 13:40:06,134.0
0.5440,17.1190,0.4380,96.9080,1.9820,2025-03-10 13:40:06,134.0
0.5190,17.0810,0.3570,96.8940,1.9530,2025-03-10 13:40:06,134.0
0.5360,16.9960,0.2730,97.0820,1.9420,2025-03-10 13:40:06,134.0
0.5290,17.04,0.3110,97.0770,2.0090,2025-03-10 13:40:06,134.0
0.5190,17.0870,0.3540,97.1030,1.8240,2025-03-10 13:40:06,134.0
0.5710,17.1060,0.3710,97.0020,1.9780,2025-03-10 13:40:06,134.0
0.5250,16.98,0.4550,96.98,1.94,2025-03-10 13:40:06,134.0
0.5350,17.0210,0.4030,97.1140,1.9210,2025-03-10 13:40:06,134.0
0.5410,17.0050,0.4480,96.8640,1.9690,2025-03-10 13:40:06,134.0
0.5120,16.9390,0.2310,96.8450,1.9180,2025-03-10 13:40:06,134.0
0.54,16.9990,0.3810,96.8160,2.0350,2025-03-10 13:40:06,134.0
0.5320,16.9770,0.3120,96.8190,1.9030,2025-03-10 13:40:06,134.0
0.53,16.9770,0.2690,97.0690,1.9280,2025-03-10 13:40:06,134.0
0.50,16.98,0.3780,96.9980,1.8440,2025-03-10 13:40:06,134.0
0.5430,17.0370,0.2980,96.8890,2.04,2025-03-10 19:35:15,135.0
0.5480,17.0180,0.41,97.09,2.1270,2025-03-10 19:35:15,135.0
0.5370,17.04,0.3190,97.1470,2.0620,2025-03-10 19:35:15,135.0
0.5340,17.0020,0.48,96.7660,2.0910,2025-03-10 19:35:15,135.0
0.5480,17.1630,0.4380,97.0810,2.0250,2025-03-10 19:35:15,135.0
0.53,16.99,0.3990,96.9820,2.0390,2025-03-10 19:35:15,135.0
0.5310,17.1090,0.3610,97.1720,2.1440,2025-03-10 19:35:15,135.0
0.5290,16.9990,0.4760,96.8140,1.9920,2025-03-10 19:35:15,135.0
0.5170,17.0150,0.4620,96.9190,1.9980,2025-03-10 19:35:15,135.0
0.5210,16.98,0.2590,96.8640,1.9860,2025-03-10 19:35:15,135.0
0.5280,17.0240,0.3780,97.0120,2.0650,2025-03-10 19:35:15,135.0
0.5380,17.0210,0.4480,97.1030,2.0630,2025-03-10 19:35:15,135.0
0.5480,17.0310,0.3110,96.8540,2.0320,2025-03-10 19:35:15,135.0
0.5440,17.1310,0.35,96.8660,2.10,2025-03-10 19:35:15,135.0
0.5160,16.9490,0.4380,97.0530,1.9950,2025-03-10 19:35:15,135.0
0.5190,16.9870,0.4240,97.1460,2.0220,2025-03-10 19:35:15,135.0
0.5270,17.0270,0.3990,96.6710,1.9550,2025-03-10 19:35:15,135.0
0.5340,17.0240,0.4440,96.8820,2.1940,2025-03-10 19:35:15,135.0
0.5240,16.9710,0.3810,96.7960,1.9730,2025-03-10 19:35:15,135.0
0.5350,16.9170,0.48,97.3510,2.0220,2025-03-10 19:35:15,135.0
0.5350,16.9650,0.5070,96.98,1.9330,2025-03-10 21:25:19,136.0
0.5310,16.9990,0.4340,97.0160,2.0870,2025-03-10 21:25:19,136.0
0.5260,17.0460,0.2940,97.0640,2.0530,2025-03-10 21:25:19,136.0
0.5440,17.1060,0.3990,97.0920,2.1650,2025-03-10 21:25:19,136.0
0.5150,16.98,0.4410,97.2280,1.9490,2025-03-10 21:25:19,136.0
0.5230,16.9080,0.2380,97.0870,1.9810,2025-03-10 21:25:19,136.0
0.5190,17.0090,0.2630,96.8660,1.9420,2025-03-10 21:25:19,136.0
0.5280,17.0210,0.3530,96.89,2.0230,2025-03-10 21:25:19,136.0
0.5250,16.9610,0.4620,97.1430,1.9880,2025-03-10 21:25:19,136.0
0.5290,17.0150,0.4410,96.8020,2,2025-03-10 21:25:19,136.0
0.55,17.1630,0.29,97.1370,2.0410,2025-03-10 21:25:19,136.0
0.5320,16.98,0.35,96.8640,1.9720,2025-03-10 21:25:19,136.0
0.5170,16.9110,0.2560,96.9210,1.9620,2025-03-10 21:25:19,136.0
0.5510,16.9870,0.2730,96.9340,2.1530,2025-03-10 21:25:19,136.0
0.5250,16.9740,0.4270,97.0740,1.9770,2025-03-10 21:25:19,136.0
0.5670,17.0750,0.3990,97.13,2.1970,2025-03-10 21:25:19,136.0
0.5290,16.9520,0.3220,96.9480,2.0580,2025-03-10 21:25:19,136.0
0.5510,17.15,0.4130,96.8510,2.0430,2025-03-10 21:25:19,136.0
0.5550,17.0460,0.3180,97.1220,2.16,2025-03-10 21:25:19,136.0
0.5220,16.9080,0.5280,96.9240,1.9740,2025-03-10 21:25:19,136.0
0.5470,17.0810,0.2940,96.88,2.1460,2025-03-11 11:27:20,137.0
0.5210,17.0370,0.4940,97.1320,2.0240,2025-03-11 11:27:20,137.0
0.5250,16.9140,0.3750,97.10,2.0230,2025-03-11 11:27:20,137.0
0.5330,16.9460,0.4060,96.9630,2.0840,2025-03-11 11:27:20,137.0
0.5360,16.9990,0.3610,97.0290,1.93,2025-03-11 11:27:20,137.0
0.5520,16.9050,0.2340,96.9040,2.1980,2025-03-11 11:27:20,137.0
0.5410,16.9110,0.4020,96.8370,2.1520,2025-03-11 11:27:20,137.0
0.53,17.0210,0.3850,96.85,2.0030,2025-03-11 11:27:20,137.0
0.5160,16.9870,0.4830,96.82,1.8860,2025-03-11 11:27:20,137.0
0.5560,17.0150,0.3640,97.1940,2.0640,2025-03-11 11:27:20,137.0
0.5540,17.0560,0.3530,97.0730,2.1230,2025-03-11 11:27:20,137.0
0.5280,17.1220,0.4970,96.8460,1.8920,2025-03-11 11:27:20,137.0
0.5460,16.8890,0.3530,97.1430,2.2930,2025-03-11 11:27:20,137.0
0.5470,16.9550,0.3540,96.9330,2.1810,2025-03-11 11:27:20,137.0
0.5210,17.0240,0.42,96.73,1.9390,2025-03-11 11:27:20,137.0
0.54,16.9680,0.3960,97.0010,2.0870,2025-03-11 11:27:20,137.0
0.5260,16.9520,0.5040,97.0070,2.0130,2025-03-11 11:27:20,137.0
0.5210,16.9610,0.2980,97.0160,1.9830,2025-03-11 11:27:20,137.0
0.5180,17.0750,0.4170,97.09,2.0660,2025-03-11 11:27:20,137.0
0.5210,17.0090,0.4620,96.9070,2.1030,2025-03-11 11:27:20,137.0
0.54,16.9870,0.41,97.0240,1.97,2025-03-11 13:02:22,138.0
0.5340,16.99,0.2940,96.7910,1.9810,2025-03-11 13:02:22,138.0
0.5180,16.9930,0.3010,97.0970,1.9930,2025-03-11 13:02:22,138.0
0.5510,16.9990,0.4520,97.19,2.0130,2025-03-11 13:02:22,138.0
0.5330,16.98,0.3430,97.0830,2.0130,2025-03-11 13:02:22,138.0
0.5280,17.0270,0.3360,96.9440,1.9810,2025-03-11 13:02:22,138.0
0.5170,16.93,0.3320,97.2670,1.9760,2025-03-11 13:02:22,138.0
0.5270,16.9930,0.3640,96.8040,1.9420,2025-03-11 13:02:22,138.0
0.5430,16.87,0.3250,97.12,2.1510,2025-03-11 13:02:22,138.0
0.52,16.9110,0.2240,96.8660,2.0830,2025-03-11 13:02:22,138.0
0.5250,17.0710,0.4090,97.0090,2.0320,2025-03-11 13:02:22,138.0
0.5110,17.0120,0.3320,97.1810,1.9760,2025-03-11 13:02:22,138.0
0.5280,17.0750,0.4380,96.8620,2.0610,2025-03-11 13:02:22,138.0
0.5560,17.1250,0.3710,96.8360,2.0490,2025-03-11 13:02:22,138.0
0.5230,16.98,0.3810,96.7910,1.9620,2025-03-11 13:02:22,138.0
0.5360,17.0240,0.3710,97.75,2.0730,2025-03-11 13:02:22,138.0
0.5280,17.0810,0.4270,96.9450,1.9430,2025-03-11 13:02:22,138.0
0.5240,16.99,0.3990,97.1110,1.9610,2025-03-11 13:02:22,138.0
0.53,17.1310,0.3570,97.16,2.0070,2025-03-11 13:02:22,138.0
0.5340,17.0120,0.2620,97.2850,1.9950,2025-03-11 13:02:22,138.0
0.5240,16.9610,0.3460,96.9610,2.2390,2025-03-11 19:32:32,139.0
0.5020,16.9550,0.5290,96.9020,1.7530,2025-03-11 19:32:32,139.0
0.5410,16.9870,0.3530,97.1810,2.1060,2025-03-11 19:32:32,139.0
0.5150,16.9740,0.4760,96.9330,2.0910,2025-03-11 19:32:32,139.0
0.5510,17.0750,0.4550,97.0830,2.2330,2025-03-11 19:32:32,139.0
0.5160,16.9770,0.2690,97.0720,2.0040,2025-03-11 19:32:32,139.0
0.5480,17.0150,0.4440,97.1170,2.1390,2025-03-11 19:32:32,139.0
0.5410,16.8950,0.4410,96.7470,2.1590,2025-03-11 19:32:32,139.0
0.5370,17.0560,0.3670,97.0730,2.0440,2025-03-11 19:32:32,139.0
0.5530,17.0120,0.4550,96.8080,2.1560,2025-03-11 19:32:32,139.0
0.5120,17.0430,0.4830,96.7490,1.9320,2025-03-11 19:32:32,139.0
0.5530,17.0370,0.3890,97.1820,2.2090,2025-03-11 19:32:32,139.0
0.5270,17.0620,0.5180,96.8920,1.86,2025-03-11 19:32:32,139.0
0.5330,17.0370,0.3960,97.0820,2.0010,2025-03-11 19:32:32,139.0
0.5050,16.9610,0.3880,97.2670,1.9610,2025-03-11 19:32:32,139.0
0.5430,17.0840,0.3680,97.0370,2.0190,2025-03-11 19:32:32,139.0
0.5050,16.9020,0.3890,96.9420,1.95,2025-03-11 19:32:32,139.0
0.53,16.9580,0.4580,96.8810,2.0340,2025-03-11 19:32:32,139.0
0.5290,16.9680,0.2730,97.1480,2.05,2025-03-11 19:32:32,139.0
0.5370,17.1340,0.3540,96.8360,2.0060,2025-03-11 19:32:32,139.0
0.5450,17.0120,0.3990,96.9390,2.03,2025-03-11 21:17:34,140.0
0.5190,17.0090,0.3640,97.1510,1.9960,2025-03-11 21:17:34,140.0
0.5550,17.1280,0.4340,97.0640,2.1860,2025-03-11 21:17:34,140.0
0.5420,17.0710,0.3250,97.0760,2.1420,2025-03-11 21:17:34,140.0
0.5340,16.9680,0.4790,96.8330,2.0420,2025-03-11 21:17:34,140.0
0.5230,17.0340,0.4970,97.1290,1.9220,2025-03-11 21:17:34,140.0
0.5360,17.1810,0.3610,97.1580,1.9770,2025-03-11 21:17:34,140.0
0.5340,16.9770,0.3810,96.8140,2.0220,2025-03-11 21:17:34,140.0
0.5210,16.9680,0.3290,96.97,2,2025-03-11 21:17:34,140.0
0.5210,16.9680,0.3990,96.9330,1.9150,2025-03-11 21:17:34,140.0
0.5420,17.0310,0.4270,97.2230,2.1090,2025-03-11 21:17:34,140.0
0.54,17.0180,0.3430,97.1470,2.0420,2025-03-11 21:17:34,140.0
0.51,16.9460,0.2730,97.2390,1.9730,2025-03-11 21:17:34,140.0
0.5140,17.0180,0.4230,96.8280,1.92,2025-03-11 21:17:34,140.0
0.54,17.1150,0.3850,97.1130,2.08,2025-03-11 21:17:34,140.0
0.5470,17.1880,0.3780,97.37,2.1370,2025-03-11 21:17:34,140.0
0.5420,17.1220,0.3290,96.8780,2.0830,2025-03-11 21:17:34,140.0
0.5410,17.0840,0.28,97.0030,2.1020,2025-03-11 21:17:34,140.0
0.5210,16.9650,0.3050,97.0690,1.9930,2025-03-11 21:17:34,140.0
0.5550,16.9610,0.4440,96.9880,2.2140,2025-03-11 21:17:34,140.0
0.5410,17.09,0.4240,96.88,1.9880,2025-03-12 11:21:13,141.0
0.5180,16.9990,0.34,96.8540,1.9310,2025-03-12 11:21:13,141.0
0.5440,17.0620,0.27,96.8820,2.1290,2025-03-12 11:21:13,141.0
0.5270,17.1720,0.42,97.1290,1.9430,2025-03-12 11:21:13,141.0
0.5180,16.9830,0.3810,97.1050,2.0230,2025-03-12 11:21:13,141.0
0.5350,17.1370,0.4440,97.1470,2.0340,2025-03-12 11:21:13,141.0
0.54,17.1030,0.3850,97.1890,2.0030,2025-03-12 11:21:13,141.0
0.5350,16.9110,0.3320,97.2490,2.0180,2025-03-12 11:21:13,141.0
0.5380,16.9990,0.1860,97.1620,1.9170,2025-03-12 11:21:13,141.0
0.5220,16.8770,0.3080,97.1990,1.9890,2025-03-12 11:21:13,141.0
0.5490,17.0810,0.3190,97.1380,1.9890,2025-03-12 11:21:13,141.0
0.5270,17.0050,0.3250,97.03,2.0270,2025-03-12 11:21:13,141.0
0.5570,17.0930,0.2730,97.0030,2.0190,2025-03-12 11:21:13,141.0
0.53,17.0210,0.3430,96.8970,1.8980,2025-03-12 11:21:13,141.0
0.5310,16.9650,0.2450,97.0210,1.92,2025-03-12 11:21:13,141.0
0.53,17.0780,0.5150,96.8450,1.9740,2025-03-12 11:21:13,141.0
0.5520,17.0870,0.3640,96.8290,2.0890,2025-03-12 11:21:13,141.0
0.5070,17.1310,0.2630,96.9090,1.8140,2025-03-12 11:21:13,141.0
0.5320,16.9650,0.4340,97.0390,2.0420,2025-03-12 11:21:13,141.0
0.5440,17.0530,0.4480,97.1610,2.0080,2025-03-12 11:21:13,141.0
0.5310,16.9710,0.4410,97.2280,1.8740,2025-03-12 13:11:18,142.0
0.5440,16.9710,0.3780,96.8980,1.9520,2025-03-12 13:11:18,142.0
0.5290,16.9110,0.4720,97.2830,1.9550,2025-03-12 13:11:18,142.0
0.5430,17.04,0.4730,96.9760,1.9730,2025-03-12 13:11:18,142.0
0.50,16.9110,0.4130,97.2970,1.8650,2025-03-12 13:11:18,142.0
0.5280,17.0050,0.3610,97.1630,2.0160,2025-03-12 13:11:18,142.0
0.5270,17.0530,0.3250,96.83,2.0050,2025-03-12 13:11:18,142.0
0.5250,17.1310,0.3330,96.7080,1.9260,2025-03-12 13:11:18,142.0
0.5160,16.9710,0.5110,97.0870,1.8940,2025-03-12 13:11:18,142.0
0.5250,16.9330,0.3220,97.1720,2.0740,2025-03-12 13:11:18,142.0
0.5350,16.98,0.3810,96.9410,2.15,2025-03-12 13:11:18,142.0
0.5310,16.9830,0.3330,96.9530,1.92,2025-03-12 13:11:18,142.0
0.5330,16.9710,0.4410,97.1010,2.0310,2025-03-12 13:11:18,142.0
0.5130,17.0090,0.4690,96.9820,1.9080,2025-03-12 13:11:18,142.0
0.5360,17.0150,0.4060,96.8780,2.0820,2025-03-12 13:11:18,142.0
0.53,16.9210,0.4030,97.1660,2.0170,2025-03-12 13:11:18,142.0
0.50,16.9710,0.3080,97.0910,1.79,2025-03-12 13:11:18,142.0
0.5160,17.0120,0.4760,97.1490,1.8790,2025-03-12 13:11:18,142.0
0.5150,17.0530,0.2550,96.7860,1.92,2025-03-12 13:11:18,142.0
0.5130,16.9580,0.3290,97.1020,1.8560,2025-03-12 13:11:18,142.0
0.51,16.9360,0.5150,96.8970,1.9430,2025-03-12 21:16:32,143.0
0.5390,16.9930,0.4590,96.9230,1.9930,2025-03-12 21:16:32,143.0
0.5310,17.0490,0.5490,97.1490,1.9680,2025-03-12 21:16:32,143.0
0.5560,17.0590,0.3710,97.3490,2.07,2025-03-12 21:16:32,143.0
0.52,16.9650,0.4940,96.9620,1.8360,2025-03-12 21:16:32,143.0
0.5310,16.9960,0.4380,97.0930,2.0160,2025-03-12 21:16:32,143.0
0.5310,17.0090,0.4690,96.9170,1.9830,2025-03-12 21:16:32,143.0
0.5290,16.9680,0.4060,97.1320,1.9830,2025-03-12 21:16:32,143.0
0.5350,17.0970,0.4660,96.8580,1.9130,2025-03-12 21:16:32,143.0
0.54,17.0590,0.4230,97.1970,2.1010,2025-03-12 21:16:32,143.0
0.5170,17.0680,0.4270,97.0910,1.9680,2025-03-12 21:16:32,143.0
0.5290,16.9960,0.3430,96.9980,2.0880,2025-03-12 21:16:32,143.0
0.5450,17.0120,0.42,96.9090,2.0460,2025-03-12 21:16:32,143.0
0.5530,17.10,0.4440,96.9870,2.0710,2025-03-12 21:16:32,143.0
0.5140,17.0020,0.3250,96.9160,1.9210,2025-03-12 21:16:32,143.0
0.5350,17.0590,0.42,97.0090,1.9520,2025-03-12 21:16:32,143.0
0.5240,17.0270,0.4860,97.2040,1.9430,2025-03-12 21:16:32,143.0
0.53,17.0340,0.4480,97.2110,1.9410,2025-03-12 21:16:32,143.0
0.55,17.0930,0.4650,96.8430,2.13,2025-03-12 21:16:32,143.0
0.5230,17.1440,0.4580,96.8710,1.8690,2025-03-12 21:16:32,143.0
0.5290,16.9990,0.3950,97.0520,1.9820,2025-03-12 22:06:37,144.0
0.5120,16.9360,0.5080,96.8910,1.9030,2025-03-12 22:06:37,144.0
0.5430,17.0490,0.3740,97.0310,1.9390,2025-03-12 22:06:37,144.0
0.54,16.98,0.3890,96.96,2.0910,2025-03-12 22:06:37,144.0
0.5240,17.1060,0.3780,97.0480,1.9310,2025-03-12 22:06:37,144.0
0.5280,16.98,0.3530,96.9390,1.8930,2025-03-12 22:06:37,144.0
0.5270,16.9460,0.5320,97.0440,1.9290,2025-03-12 22:06:37,144.0
0.5310,17.0970,0.4940,96.8840,1.8880,2025-03-12 22:06:37,144.0
0.5340,16.9610,0.4550,97.2560,1.9250,2025-03-12 22:06:37,144.0
0.5340,17.0780,0.4520,97.0790,1.9670,2025-03-12 22:06:37,144.0
0.50,17.0710,0.4790,96.8370,1.7690,2025-03-12 22:06:37,144.0
0.5360,16.8830,0.3850,97.1810,2.0610,2025-03-12 22:06:37,144.0
0.5360,17.0430,0.41,97.1460,1.9780,2025-03-12 22:06:37,144.0
0.5270,17.0180,0.4830,96.8720,1.89,2025-03-12 22:06:37,144.0
0.5340,17.0150,0.43,97.2010,2.0360,2025-03-12 22:06:37,144.0
0.5430,17.1030,0.3880,97.2370,2.0460,2025-03-12 22:06:37,144.0
0.53,17.0490,0.3640,97.0060,1.9010,2025-03-12 22:06:37,144.0
0.5120,17.0020,0.4410,96.8580,1.8910,2025-03-12 22:06:37,144.0
0.5260,17.0270,0.4060,97.4170,1.9580,2025-03-12 22:06:37,144.0
0.5170,16.9360,0.42,96.8120,1.9660,2025-03-12 22:06:37,144.0
0.5270,16.9390,0.3990,97.2170,2.0020,2025-03-13 12:24:24,145.0
0.5340,16.9170,0.2980,97.1630,2.0510,2025-03-13 12:24:24,145.0
0.5350,16.8990,0.4620,97.0370,2,2025-03-13 12:24:24,145.0
0.5240,17.1220,0.35,96.9960,1.8650,2025-03-13 12:24:24,145.0
0.5220,16.9680,0.5290,96.9780,2.0060,2025-03-13 12:24:24,145.0
0.5430,17.1060,0.3810,97.2340,2.0720,2025-03-13 12:24:24,145.0
0.5480,17.0650,0.5390,97.0310,2.0980,2025-03-13 12:24:24,145.0
0.53,17.0310,0.4520,97.1640,2.0240,2025-03-13 12:24:24,145.0
0.5430,17.0340,0.3290,97.1880,2.1260,2025-03-13 12:24:24,145.0
0.52,16.9770,0.4380,97.0720,1.9080,2025-03-13 12:24:24,145.0
0.5170,16.8830,0.4940,97.1210,2.02,2025-03-13 12:24:24,145.0
0.5330,16.9240,0.35,96.8510,1.9540,2025-03-13 12:24:24,145.0
0.5230,17.0490,0.3190,96.86,1.9020,2025-03-13 12:24:24,145.0
0.5470,17.0970,0.3820,96.81,2.1080,2025-03-13 12:24:24,145.0
0.5450,17.0150,0.3290,97.3270,2.0630,2025-03-13 12:24:24,145.0
0.5160,17.09,0.4620,96.8650,1.8720,2025-03-13 12:24:24,145.0
0.53,17.0050,0.3010,97.1560,1.9980,2025-03-13 12:24:24,145.0
0.5140,16.9210,0.4870,96.8380,1.9390,2025-03-13 12:24:24,145.0
0.5160,16.99,0.4340,96.9990,1.8490,2025-03-13 12:24:24,145.0
0.5550,17.0780,0.4720,97.06,2.1240,2025-03-13 12:24:24,145.0
0.5380,17.0270,0.4660,97.5940,2.1090,2025-03-13 13:34:28,146.0
0.5250,17.0150,0.4270,96.9420,1.9230,2025-03-13 13:34:28,146.0
0.5310,17.0210,0.5220,97.1990,2.0240,2025-03-13 13:34:28,146.0
0.5330,17.04,0.3780,97.4230,1.9760,2025-03-13 13:34:28,146.0
0.5480,17.1660,0.4760,96.9560,1.9490,2025-03-13 13:34:28,146.0
0.52,17.1340,0.4620,96.8930,1.8480,2025-03-13 13:34:28,146.0
0.5160,16.9990,0.2690,96.9550,1.87,2025-03-13 13:34:28,146.0
0.5230,17.0560,0.5460,97.1440,2.0130,2025-03-13 13:34:28,146.0
0.5120,16.9830,0.4480,96.9980,1.9250,2025-03-13 13:34:28,146.0
0.53,17.0340,0.5670,97.1330,1.9460,2025-03-13 13:34:28,146.0
0.5230,17.0180,0.4240,97.01,1.9770,2025-03-13 13:34:28,146.0
0.52,17.0680,0.4450,96.9470,2.04,2025-03-13 13:34:28,146.0
0.5320,17.0090,0.4650,96.7360,2.0630,2025-03-13 13:34:28,146.0
0.5070,17.0810,0.3880,96.9840,1.9940,2025-03-13 13:34:28,146.0
0.5350,17.0650,0.42,96.9840,2.0540,2025-03-13 13:34:28,146.0
0.4990,17.0750,0.4870,97.0440,1.7940,2025-03-13 13:34:28,146.0
0.5060,17.0270,0.3950,96.9690,1.8150,2025-03-13 13:34:28,146.0
0.5060,17.0340,0.4760,97.1860,1.87,2025-03-13 13:34:28,146.0
0.54,17.0840,0.42,97.1190,2.0110,2025-03-13 13:34:28,146.0
0.5130,17.0530,0.4340,96.9610,1.9850,2025-03-13 13:34:28,146.0
0.5260,16.9080,0.3610,97.2830,2.0730,2025-03-13 21:49:44,147.0
0.5430,17.0150,0.41,96.7930,2.0260,2025-03-13 21:49:44,147.0
0.5460,17.0460,0.5040,97.2840,2.1240,2025-03-13 21:49:44,147.0
0.5250,17.0750,0.4380,96.8570,1.9170,2025-03-13 21:49:44,147.0
0.5290,16.9490,0.3810,97.0830,2.0840,2025-03-13 21:49:44,147.0
0.5250,17.0240,0.4270,97.1310,1.8940,2025-03-13 21:49:44,147.0
0.5360,16.9960,0.4020,96.9320,1.9370,2025-03-13 21:49:44,147.0
0.5360,16.9520,0.3710,96.9430,2.0040,2025-03-13 21:49:44,147.0
0.5320,16.93,0.4480,96.9090,1.9220,2025-03-13 21:49:44,147.0
0.5330,17.0430,0.4690,97.0960,2.0320,2025-03-13 21:49:44,147.0
0.5030,16.9390,0.62,97.1030,1.9430,2025-03-13 21:49:44,147.0
0.5250,17.0210,0.4440,97.1390,2.0260,2025-03-13 21:49:44,147.0
0.5510,17.1190,0.4410,97.0230,2.1360,2025-03-13 21:49:44,147.0
0.5170,17.0020,0.3920,96.9970,2.0870,2025-03-13 21:49:44,147.0
0.5240,17.0120,0.4450,97.2280,2.0320,2025-03-13 21:49:44,147.0
0.51,17.0020,0.5150,97.2410,1.96,2025-03-13 21:49:44,147.0
0.5320,17.0560,0.5490,97.0450,1.9940,2025-03-13 21:49:44,147.0
0.5280,16.9770,0.3640,96.8660,2.0270,2025-03-13 21:49:44,147.0
0.5270,16.9770,0.4650,96.73,2.0750,2025-03-13 21:49:44,147.0
0.5420,16.98,0.3740,96.85,2.0550,2025-03-13 21:49:44,147.0
0.5510,17.0780,0.4270,96.79,2.1260,2025-03-14 10:56:43,148.0
0.5090,16.9140,0.3530,96.9890,1.9140,2025-03-14 10:56:43,148.0
0.5360,16.8550,0.5150,97.2480,2.10,2025-03-14 10:56:43,148.0
0.53,16.9430,0.34,97.4160,1.9980,2025-03-14 10:56:43,148.0
0.5170,16.9520,0.4380,97.0750,1.9740,2025-03-14 10:56:43,148.0
0.5330,16.9870,0.4090,96.8220,1.9660,2025-03-14 10:56:43,148.0
0.5340,16.98,0.3920,97.0620,2.03,2025-03-14 10:56:43,148.0
0.5330,16.9610,0.3010,97.37,2.0420,2025-03-14 10:56:43,148.0
0.5110,16.9610,0.3920,96.7750,1.9960,2025-03-14 10:56:43,148.0
0.5320,17.0210,0.3710,97.1480,2.0450,2025-03-14 10:56:43,148.0
0.5540,16.8770,0.5320,97.1930,2.1720,2025-03-14 10:56:43,148.0
0.5410,17.0240,0.4380,96.8040,2.0920,2025-03-14 10:56:43,148.0
0.53,17.04,0.3570,96.7860,2.0050,2025-03-14 10:56:43,148.0
0.5240,16.9240,0.3610,97.0110,1.9550,2025-03-14 10:56:43,148.0
0.5090,17.10,0.4020,96.7080,1.8830,2025-03-14 10:56:43,148.0
0.5060,16.99,0.4090,97.3220,1.9550,2025-03-14 10:56:43,148.0
0.5210,16.9610,0.5150,96.8130,2.0060,2025-03-14 10:56:43,148.0
0.5440,17.0750,0.4450,96.8810,2.0170,2025-03-14 10:56:43,148.0
0.5290,17.0270,0.4690,97.1190,2.0190,2025-03-14 10:56:43,148.0
0.51,17.0370,0.43,96.8560,1.9210,2025-03-14 10:56:43,148.0
0.5270,17.0750,0.4230,97.02,2.0170,2025-03-14 13:26:48,149.0
0.5130,16.9520,0.35,97.1290,1.9380,2025-03-14 13:26:48,149.0
0.5440,16.9930,0.49,97.0960,2.0190,2025-03-14 13:26:48,149.0
0.5390,17.0210,0.4830,96.7460,2.0070,2025-03-14 13:26:48,149.0
0.53,17.1120,0.41,97.1030,2.0020,2025-03-14 13:26:48,149.0
0.5360,16.9650,0.4270,97.1410,1.9960,2025-03-14 13:26:48,149.0
0.5410,17.0270,0.3190,97.0590,2.08,2025-03-14 13:26:48,149.0
0.5360,17.1030,0.3920,97.0450,2.0550,2025-03-14 13:26:48,149.0
0.5390,16.99,0.4340,96.95,2.03,2025-03-14 13:26:48,149.0
0.5360,17.1030,0.4940,97.2330,2.0250,2025-03-14 13:26:48,149.0
0.5360,17.0460,0.5210,97.0820,1.9550,2025-03-14 13:26:48,149.0
0.5150,17.1120,0.4270,96.8840,1.9580,2025-03-14 13:26:48,149.0
0.5180,17.0150,0.2970,96.7890,2.0120,2025-03-14 13:26:48,149.0
0.5210,16.9080,0.3710,97.1740,1.9660,2025-03-14 13:26:48,149.0
0.5310,16.9770,0.4830,97.0070,2.0770,2025-03-14 13:26:48,149.0
0.5230,16.9580,0.4310,97.2220,2.0780,2025-03-14 13:26:48,149.0
0.5420,17.0490,0.3920,97.2760,2.1030,2025-03-14 13:26:48,149.0
0.5120,16.9740,0.5150,96.8670,1.9570,2025-03-14 13:26:48,149.0
0.5040,16.98,0.4340,97.0290,1.8640,2025-03-14 13:26:48,149.0
0.5440,17.0590,0.4410,97.4770,2.0420,2025-03-14 13:26:48,149.0
0.5470,17.0020,0.2760,96.9030,2.1430,2025-03-14 19:41:54,150.0
0.5130,16.98,0.3880,97.0170,1.8610,2025-03-14 19:41:54,150.0
0.5380,16.9610,0.3390,96.98,2.0920,2025-03-14 19:41:54,150.0
0.5230,16.9930,0.4240,97.05,1.9560,2025-03-14 19:41:54,150.0
0.5250,16.9390,0.5150,96.87,2.0870,2025-03-14 19:41:54,150.0
0.5340,17.0590,0.3750,96.9280,1.9180,2025-03-14 19:41:54,150.0
0.5380,16.9710,0.43,97.0530,2.0280,2025-03-14 19:41:54,150.0
0.5290,17.0180,0.3780,96.9070,1.9640,2025-03-14 19:41:54,150.0
0.5320,17.0560,0.3920,96.8840,2.0130,2025-03-14 19:41:54,150.0
0.5210,17.0240,0.4240,96.8480,1.9080,2025-03-14 19:41:54,150.0
0.5190,16.98,0.3710,97.1520,1.8470,2025-03-14 19:41:54,150.0
0.5390,17.0240,0.4830,96.8610,2.1150,2025-03-14 19:41:54,150.0
0.5040,16.8550,0.2970,96.8270,1.7940,2025-03-14 19:41:54,150.0
0.5280,17.1310,0.3430,96.8890,1.7990,2025-03-14 19:41:54,150.0
0.5380,17.0810,0.3670,97.1710,1.9910,2025-03-14 19:41:54,150.0
0.52,17.0310,0.4310,97.0350,1.9040,2025-03-14 19:41:54,150.0
0.5330,16.9830,0.4230,97.1360,1.9570,2025-03-14 19:41:54,150.0
0.5090,16.9580,0.3850,96.7960,1.9280,2025-03-14 19:41:54,150.0
0.5410,17.21,0.3710,96.9320,1.9690,2025-03-14 19:41:54,150.0
0.5210,16.9460,0.4520,97.1470,1.9160,2025-03-14 19:41:54,150.0
0.5350,17.0460,0.3780,96.7440,1.8880,2025-03-14 21:11:56,151.0
0.53,16.87,0.3850,97.1730,2.0170,2025-03-14 21:11:56,151.0
0.5180,16.9210,0.35,96.8780,1.9690,2025-03-14 21:11:56,151.0
0.5350,16.8580,0.3080,97.24,2.0790,2025-03-14 21:11:56,151.0
0.5390,17.0590,0.3710,97.1980,2.0050,2025-03-14 21:11:56,151.0
0.5510,17.0370,0.5810,96.9860,2.1360,2025-03-14 21:11:56,151.0
0.5020,16.9650,0.4550,97.2010,1.8450,2025-03-14 21:11:56,151.0
0.5460,17.1530,0.3810,96.8880,2.0480,2025-03-14 21:11:56,151.0
0.5180,16.9360,0.3460,96.8780,1.8830,2025-03-14 21:11:56,151.0
0.5180,17.0810,0.5040,96.9530,1.9160,2025-03-14 21:11:56,151.0
0.54,16.99,0.4660,96.8550,1.9920,2025-03-14 21:11:56,151.0
0.5330,17.0370,0.4580,97.4180,1.9030,2025-03-14 21:11:56,151.0
0.5380,17.1220,0.3430,96.8960,1.9780,2025-03-14 21:11:56,151.0
0.5320,16.9550,0.4410,97.3570,2.0170,2025-03-14 21:11:56,151.0
0.5630,17.09,0.3530,97.0630,2.0750,2025-03-14 21:11:56,151.0
0.5130,16.9240,0.4550,97.1180,2.0220,2025-03-14 21:11:56,151.0
0.5550,17.0150,0.3570,96.9180,2.0760,2025-03-14 21:11:56,151.0
0.5380,16.9870,0.3740,97.23,1.9440,2025-03-14 21:11:56,151.0
0.5120,16.9170,0.49,96.7930,1.8340,2025-03-14 21:11:56,151.0
0.5210,16.9610,0.5430,97.1990,1.9240,2025-03-14 21:11:56,151.0
0.5070,16.9610,0.5430,97.0130,1.9790,2025-03-17 12:49:12,152.0
0.54,17.0430,0.3880,97.1990,2.1060,2025-03-17 12:49:12,152.0
0.4960,16.8390,0.5320,97.0720,1.8820,2025-03-17 12:49:12,152.0
0.5280,17.0090,0.4690,97.03,1.9910,2025-03-17 12:49:12,152.0
0.5040,16.9580,0.4970,97.09,2,2025-03-17 12:49:12,152.0
0.5320,17.0560,0.3670,97.1120,2.0160,2025-03-17 12:49:12,152.0
0.5260,16.9930,0.4520,97.0430,1.9260,2025-03-17 12:49:12,152.0
0.5170,17.0490,0.4830,96.8820,1.9470,2025-03-17 12:49:12,152.0
0.5330,16.9870,0.4830,97.2320,1.9120,2025-03-17 12:49:12,152.0
0.5510,16.9990,0.4730,97.0420,2.1880,2025-03-17 12:49:12,152.0
0.5390,16.9490,0.4760,97.3380,2.1480,2025-03-17 12:49:12,152.0
0.5570,17.0120,0.56,96.8980,2.1240,2025-03-17 12:49:12,152.0
0.5320,16.9870,0.5180,97.1420,1.9020,2025-03-17 12:49:12,152.0
0.5230,16.9830,0.6340,97.10,1.9110,2025-03-17 12:49:12,152.0
0.5130,17.1150,0.4650,97.3580,1.9080,2025-03-17 12:49:12,152.0
0.5460,16.9830,0.5670,96.8240,2.2290,2025-03-17 12:49:12,152.0
0.5170,16.98,0.5740,97.2540,2.0960,2025-03-17 12:49:12,152.0
0.5450,16.9930,0.4620,96.9420,2.0220,2025-03-17 12:49:12,152.0
0.5290,17.10,0.4410,97.3010,1.9920,2025-03-17 12:49:12,152.0
0.5290,16.9830,0.5640,96.9760,2.0490,2025-03-17 12:49:12,152.0
0.5530,16.9490,0.6510,97.0690,2.1290,2025-03-17 12:54:13,153.0
0.5440,17.0490,0.4790,97.0260,2.0490,2025-03-17 12:54:13,153.0
0.5350,17.0180,0.4380,96.7950,2.0680,2025-03-17 12:54:13,153.0
0.5310,16.88,0.6020,96.8060,2.0880,2025-03-17 12:54:13,153.0
0.5230,16.8730,0.4940,96.8180,1.9680,2025-03-17 12:54:13,153.0
0.5360,16.8730,0.5040,97.0550,2.0850,2025-03-17 12:54:13,153.0
0.53,16.9460,0.4230,97.20,2.0470,2025-03-17 12:54:13,153.0
0.53,17.0310,0.4590,97.1310,2.0390,2025-03-17 12:54:13,153.0
0.5350,17.0210,0.42,96.9210,2.0110,2025-03-17 12:54:13,153.0
0.5520,17.04,0.4970,97.1750,2.1510,2025-03-17 12:54:13,153.0
0.5260,17.0120,0.4620,97.11,1.9130,2025-03-17 12:54:13,153.0
0.52,16.9680,0.5040,97.2050,2.0120,2025-03-17 12:54:13,153.0
0.5420,16.9710,0.4690,97.52,1.9850,2025-03-17 12:54:13,153.0
0.5130,16.88,0.4230,97.1590,2.0060,2025-03-17 12:54:13,153.0
0.5190,16.8610,0.4790,96.9860,1.9940,2025-03-17 12:54:13,153.0
0.5330,17.04,0.5530,96.9820,2.0540,2025-03-17 12:54:13,153.0
0.5280,16.9870,0.3850,96.8990,2.0020,2025-03-17 12:54:13,153.0
0.53,16.9930,0.5320,97.14,1.9280,2025-03-17 12:54:13,153.0
0.51,16.9960,0.4620,96.86,1.8550,2025-03-17 12:54:13,153.0
0.5250,16.9710,0.5360,97.0250,1.9440,2025-03-17 12:54:13,153.0
0.5480,16.9520,0.5110,97.1160,2.1530,2025-03-17 20:29:26,154.0
0.5190,16.9460,0.4760,96.9580,1.8390,2025-03-17 20:29:26,154.0
0.5320,17.0490,0.6580,96.9760,1.9990,2025-03-17 20:29:26,154.0
0.5310,17.0490,0.43,97.2250,1.9820,2025-03-17 20:29:26,154.0
0.5090,17.0680,0.3330,96.9160,1.94,2025-03-17 20:29:26,154.0
0.5320,16.9830,0.4760,97.20,1.9440,2025-03-17 20:29:26,154.0
0.54,16.9360,0.3990,97.2580,2.0870,2025-03-17 20:29:26,154.0
0.5460,17.0370,0.3960,96.9050,2.0330,2025-03-17 20:29:26,154.0
0.5340,17.0210,0.4870,97.1970,1.9910,2025-03-17 20:29:26,154.0
0.5240,16.9330,0.34,97.0940,1.9840,2025-03-17 20:29:26,154.0
0.5540,16.99,0.5040,96.9090,2.0780,2025-03-17 20:29:26,154.0
0.5080,16.87,0.4730,97.2910,1.8370,2025-03-17 20:29:26,154.0
0.5210,16.9930,0.5180,97.0870,2.1090,2025-03-17 20:29:26,154.0
0.55,16.9870,0.4690,96.8410,2.1970,2025-03-17 20:29:26,154.0
0.5340,16.9960,0.4480,97.1170,1.97,2025-03-17 20:29:26,154.0
0.5350,17.0090,0.5420,97.0220,2.1750,2025-03-17 20:29:26,154.0
0.5240,17.1150,0.4510,97.3250,2.0390,2025-03-17 20:29:26,154.0
0.5510,16.9740,0.4790,97.0270,2.1680,2025-03-17 20:29:26,154.0
0.52,16.98,0.4650,96.8030,1.9440,2025-03-17 20:29:26,154.0
0.5320,17.0430,0.49,97.0880,2.1690,2025-03-17 20:29:26,154.0
0.5340,17.1060,0.5220,97.1540,2.0650,2025-03-17 21:29:28,155.0
0.5310,16.98,0.4760,97.1070,1.96,2025-03-17 21:29:28,155.0
0.5240,16.9650,0.6230,96.9630,2.0510,2025-03-17 21:29:28,155.0
0.5210,17.0560,0.4130,96.9730,1.90,2025-03-17 21:29:28,155.0
0.5240,16.9740,0.41,97.0980,1.9180,2025-03-17 21:29:28,155.0
0.5320,16.9990,0.3640,97.0590,2.0360,2025-03-17 21:29:28,155.0
0.5250,16.9680,0.56,97.0240,1.9560,2025-03-17 21:29:28,155.0
0.5440,16.9990,0.5570,97.0470,2.0070,2025-03-17 21:29:28,155.0
0.5340,17.0490,0.4690,97.0230,2.0640,2025-03-17 21:29:28,155.0
0.5460,17.0870,0.4380,97.0720,2.0540,2025-03-17 21:29:28,155.0
0.5270,16.9770,0.4760,97.0550,1.9410,2025-03-17 21:29:28,155.0
0.5140,17.0530,0.4830,97.14,1.8780,2025-03-17 21:29:28,155.0
0.5420,16.9710,0.42,96.9010,2.0630,2025-03-17 21:29:28,155.0
0.52,16.98,0.4690,97.0150,1.9250,2025-03-17 21:29:28,155.0
0.5340,17.0310,0.4970,97.1740,2.1580,2025-03-17 21:29:28,155.0
0.5260,16.9210,0.4450,96.9750,1.9530,2025-03-17 21:29:28,155.0
0.5130,16.9680,0.4760,96.8950,1.8770,2025-03-17 21:29:28,155.0
0.5290,16.9240,0.4970,96.9690,1.9360,2025-03-17 21:29:28,155.0
0.5230,17.1030,0.3570,97.0490,2.0190,2025-03-17 21:29:28,155.0
0.5060,16.9830,0.3810,97.0670,1.9760,2025-03-17 21:29:28,155.0
0.5530,17.0240,0.3610,97.0030,2.1060,2025-03-18 10:59:29,156.0
0.56,16.8830,0.4340,97.1430,2.1610,2025-03-18 10:59:29,156.0
0.5220,17.0180,0.4790,97.1080,2.03,2025-03-18 10:59:29,156.0
0.5590,17.0530,0.4660,96.9220,2.0430,2025-03-18 10:59:29,156.0
0.55,16.9270,0.3360,97.21,2.0620,2025-03-18 10:59:29,156.0
0.5530,17.0620,0.4480,96.8710,2.0250,2025-03-18 10:59:29,156.0
0.5150,17.0050,0.4380,96.93,1.8940,2025-03-18 10:59:29,156.0
0.5390,17.0120,0.4380,96.9780,1.9640,2025-03-18 10:59:29,156.0
0.5330,16.9740,0.3960,97.0710,2.0450,2025-03-18 10:59:29,156.0
0.55,16.9650,0.5950,97.1240,1.9560,2025-03-18 10:59:29,156.0
0.5210,16.9830,0.5180,96.8010,2.0160,2025-03-18 10:59:29,156.0
0.5110,17.0310,0.5080,96.88,1.9730,2025-03-18 10:59:29,156.0
0.5310,16.9830,0.4660,96.9010,2.0820,2025-03-18 10:59:29,156.0
0.5160,16.8640,0.5630,96.9760,2.0140,2025-03-18 10:59:29,156.0
0.5290,16.9870,0.4580,97.0230,1.9280,2025-03-18 10:59:29,156.0
0.5360,17.0120,0.4790,96.9570,1.9720,2025-03-18 10:59:29,156.0
0.5270,17.0270,0.5460,97.1220,2.0010,2025-03-18 10:59:29,156.0
0.5330,16.9990,0.4340,97.1540,1.9840,2025-03-18 10:59:29,156.0
0.5290,16.9330,0.5350,97.2050,2.0740,2025-03-18 10:59:29,156.0
0.5440,17.0650,0.5150,96.9420,2.0390,2025-03-18 10:59:29,156.0
0.5190,17.0870,0.5910,97.1990,1.9320,2025-03-18 13:14:33,157.0
0.5560,16.9960,0.50,97.0150,2.0950,2025-03-18 13:14:33,157.0
0.5480,17.0150,0.4970,97.0040,2.0750,2025-03-18 13:14:33,157.0
0.5470,17.0810,0.5910,97.0230,2.0470,2025-03-18 13:14:33,157.0
0.55,17.0020,0.3570,97.1380,2.0880,2025-03-18 13:14:33,157.0
0.5120,16.8990,0.4060,96.9610,1.9590,2025-03-18 13:14:33,157.0
0.53,16.8990,0.4170,97.0150,2.1280,2025-03-18 13:14:33,157.0
0.5340,17.0090,0.4340,97.2430,1.9360,2025-03-18 13:14:33,157.0
0.5150,16.9610,0.5320,97.0810,1.8980,2025-03-18 13:14:33,157.0
0.5120,16.9870,0.4860,96.8840,1.9510,2025-03-18 13:14:33,157.0
0.5150,17.0490,0.4550,96.8320,1.9250,2025-03-18 13:14:33,157.0
0.5230,17.0680,0.5560,96.9840,1.91,2025-03-18 13:14:33,157.0
0.5290,16.8670,0.4970,96.9740,2.0060,2025-03-18 13:14:33,157.0
0.5170,16.8730,0.3670,96.9540,1.9190,2025-03-18 13:14:33,157.0
0.5290,17.0180,0.4790,96.9370,1.9890,2025-03-18 13:14:33,157.0
0.5130,16.9580,0.3780,96.8110,2.0330,2025-03-18 13:14:33,157.0
0.4980,17.0590,0.4870,97.1810,1.8310,2025-03-18 13:14:33,157.0
0.5110,16.98,0.4760,96.6690,1.9410,2025-03-18 13:14:33,157.0
0.5380,16.9080,0.4690,97.0280,1.9710,2025-03-18 13:14:33,157.0
0.5140,17.0370,0.4760,96.95,2.0620,2025-03-18 13:14:33,157.0
0.5410,17.0340,0.4650,97.1720,2.0040,2025-03-18 19:54:44,158.0
0.5080,17.0150,0.4340,97.1910,1.9860,2025-03-18 19:54:44,158.0
0.5310,17.1250,0.5350,97.4430,1.8510,2025-03-18 19:54:44,158.0
0.52,16.8990,0.3220,97.2930,2.0910,2025-03-18 19:54:44,158.0
0.5370,17.0430,0.3990,96.9510,2.0810,2025-03-18 19:54:44,158.0
0.5350,17.0650,0.3050,97.2620,2.1120,2025-03-18 19:54:44,158.0
0.5260,17.0120,0.4130,97.0760,2.0130,2025-03-18 19:54:44,158.0
0.5440,17.0180,0.5460,96.9530,2.1020,2025-03-18 19:54:44,158.0
0.5340,16.9520,0.5430,96.8670,1.9760,2025-03-18 19:54:44,158.0
0.5540,17.0270,0.4170,97.0620,2.0990,2025-03-18 19:54:44,158.0
0.5240,17.0270,0.6160,97.2140,2.1190,2025-03-18 19:54:44,158.0
0.5090,16.9550,0.3710,97.1710,2.0150,2025-03-18 19:54:44,158.0
0.5340,16.9210,0.4450,96.81,2.0060,2025-03-18 19:54:44,158.0
0.5250,16.9210,0.4410,97.0230,1.9140,2025-03-18 19:54:44,158.0
0.5210,17.04,0.3710,97.1750,1.9270,2025-03-18 19:54:44,158.0
0.5210,17.0620,0.3670,97.17,1.9270,2025-03-18 19:54:44,158.0
0.5370,17.0560,0.5080,97.0690,1.9180,2025-03-18 19:54:44,158.0
0.5320,17.0240,0.4270,96.8490,1.9830,2025-03-18 19:54:44,158.0
0.5380,17.1220,0.5180,96.9120,2.0760,2025-03-18 19:54:44,158.0
0.5070,16.9460,0.4760,96.9330,1.8820,2025-03-18 19:54:44,158.0
0.53,17.0780,0.5010,96.9610,2.0030,2025-03-18 21:29:47,159.0
0.5170,17.1530,0.5460,97.1480,1.9630,2025-03-18 21:29:47,159.0
0.5250,17.0490,0.4690,97.0470,1.9070,2025-03-18 21:29:47,159.0
0.5310,16.9990,0.3850,97.0850,1.9750,2025-03-18 21:29:47,159.0
0.5230,16.9650,0.4860,97.38,2.0510,2025-03-18 21:29:47,159.0
0.5170,17.0750,0.5220,96.9430,1.8640,2025-03-18 21:29:47,159.0
0.5220,17.04,0.4580,97.1610,1.9210,2025-03-18 21:29:47,159.0
0.5280,17.0710,0.5180,97.0930,2.1510,2025-03-18 21:29:47,159.0
0.5410,16.93,0.5220,97.0410,1.9380,2025-03-18 21:29:47,159.0
0.5230,17.0490,0.5290,97.1410,2.1360,2025-03-18 21:29:47,159.0
0.5260,17.0120,0.4410,97.10,1.8610,2025-03-18 21:29:47,159.0
0.5520,17.0530,0.4410,96.8710,2.1160,2025-03-18 21:29:47,159.0
0.5380,17.0310,0.4450,96.9050,1.9620,2025-03-18 21:29:47,159.0
0.5140,16.9610,0.3920,97.0710,1.9130,2025-03-18 21:29:47,159.0
0.54,17.0150,0.3780,96.9040,2.0740,2025-03-18 21:29:47,159.0
0.5720,17.0560,0.4310,96.8030,2.2660,2025-03-18 21:29:47,159.0
0.5150,16.9770,0.4550,97.0710,1.9360,2025-03-18 21:29:47,159.0
0.5310,17.0750,0.6090,97.1420,1.9210,2025-03-18 21:29:47,159.0
0.5270,16.9520,0.5460,97.0330,1.9950,2025-03-18 21:29:47,159.0
0.5150,17.1060,0.5150,97.2460,1.9630,2025-03-18 21:29:47,159.0
0.5340,16.9270,0.5180,97.1110,2.0320,2025-03-19 11:21:41,160.0
0.5190,16.9930,0.34,96.9880,2.1340,2025-03-19 11:21:41,160.0
0.5390,16.9020,0.5560,97.0950,2.1590,2025-03-19 11:21:41,160.0
0.5330,17.1530,0.4830,96.91,2.0290,2025-03-19 11:21:41,160.0
0.5350,17.0050,0.5040,97.1320,1.9980,2025-03-19 11:21:41,160.0
0.5410,17.1060,0.3250,96.89,2.1310,2025-03-19 11:21:41,160.0
0.5250,17.0050,0.3960,96.9860,2.0640,2025-03-19 11:21:41,160.0
0.5430,16.9960,0.41,97.1940,2.0730,2025-03-19 11:21:41,160.0
0.5280,16.9330,0.2830,96.9450,2.2410,2025-03-19 11:21:41,160.0
0.5740,17.0050,0.3780,96.8280,2.2310,2025-03-19 11:21:41,160.0
0.5130,16.9830,0.4550,96.9530,1.9520,2025-03-19 11:21:41,160.0
0.5010,17.0970,0.4730,97.1360,2.0220,2025-03-19 11:21:41,160.0
0.5340,17.1120,0.4380,97.1120,2.0410,2025-03-19 11:21:41,160.0
0.5180,16.93,0.4620,97.0150,1.9890,2025-03-19 11:21:41,160.0
0.5280,16.8260,0.41,97.09,1.9470,2025-03-19 11:21:41,160.0
0.5320,17.0310,0.3750,97.0290,2.1160,2025-03-19 11:21:41,160.0
0.5410,16.9170,0.3360,97.1830,2.1420,2025-03-19 11:21:41,160.0
0.5180,16.98,0.5010,96.8910,2.09,2025-03-19 11:21:41,160.0
0.5440,16.9930,0.3610,96.9690,1.9910,2025-03-19 11:21:41,160.0
0.53,17.0530,0.4760,96.9350,2.1020,2025-03-19 11:21:41,160.0
0.5430,16.9550,0.4440,97.1370,2.1580,2025-03-19 19:46:56,161.0
0.5230,16.87,0.4030,97.0460,2.0110,2025-03-19 19:46:56,161.0
0.5150,16.8990,0.5040,96.9120,1.90,2025-03-19 19:46:56,161.0
0.5460,17.0210,0.4060,97.20,2.1440,2025-03-19 19:46:56,161.0
0.5280,16.9650,0.4650,97.03,2.0780,2025-03-19 19:46:56,161.0
0.5360,16.9520,0.41,97.1540,2.0860,2025-03-19 19:46:56,161.0
0.5240,16.9740,0.5320,96.95,1.9290,2025-03-19 19:46:56,161.0
0.5190,16.9740,0.5180,96.8860,1.9280,2025-03-19 19:46:56,161.0
0.5380,17.0430,0.3850,96.9240,2.0270,2025-03-19 19:46:56,161.0
0.5350,16.9960,0.4090,97.0310,2.1660,2025-03-19 19:46:56,161.0
0.5080,16.9210,0.4270,97.1290,1.8880,2025-03-19 19:46:56,161.0
0.5430,16.9960,0.3610,97.1640,2.0770,2025-03-19 19:46:56,161.0
0.53,16.9680,0.4550,97.07,2.0230,2025-03-19 19:46:56,161.0
0.5170,16.9020,0.5150,97.1320,1.9940,2025-03-19 19:46:56,161.0
0.5180,16.9550,0.4090,97.1220,2.0130,2025-03-19 19:46:56,161.0
0.5250,16.9110,0.4760,96.89,1.9420,2025-03-19 19:46:56,161.0
0.5210,16.9080,0.3810,97.0050,1.9760,2025-03-19 19:46:56,161.0
0.5380,16.9170,0.4020,97.2540,2.1350,2025-03-19 19:46:56,161.0
0.5270,16.99,0.49,97.0880,2.0890,2025-03-19 19:46:56,161.0
0.5320,16.9770,0.5390,97.07,1.9810,2025-03-19 19:46:56,161.0
0.5310,16.9210,0.56,97.1640,1.93,2025-03-19 21:36:59,162.0
0.5320,17.0780,0.4480,97.0630,2.0930,2025-03-19 21:36:59,162.0
0.5130,17.0560,0.4660,96.8740,1.9160,2025-03-19 21:36:59,162.0
0.5310,16.93,0.4230,97.2280,2.1980,2025-03-19 21:36:59,162.0
0.5230,16.9110,0.4480,97.1190,2.0190,2025-03-19 21:36:59,162.0
0.5290,17.0270,0.3640,97.4020,1.9480,2025-03-19 21:36:59,162.0
0.52,16.9490,0.5880,96.92,1.9970,2025-03-19 21:36:59,162.0
0.5380,16.9680,0.4270,97.1680,2.0860,2025-03-19 21:36:59,162.0
0.5290,17.0780,0.4170,96.8720,1.9420,2025-03-19 21:36:59,162.0
0.5270,17.0430,0.4270,97.0180,1.9640,2025-03-19 21:36:59,162.0
0.5320,17.0050,0.4270,96.9630,2.0710,2025-03-19 21:36:59,162.0
0.4970,16.9170,0.41,96.7710,1.9130,2025-03-19 21:36:59,162.0
0.5060,16.9710,0.4510,96.9840,1.9160,2025-03-19 21:36:59,162.0
0.5110,17.0210,0.4620,96.8250,1.9870,2025-03-19 21:36:59,162.0
0.5290,17.0310,0.4580,96.9570,2.0140,2025-03-19 21:36:59,162.0
0.4990,16.99,0.7420,96.9920,1.9010,2025-03-19 21:36:59,162.0
0.5210,16.9830,0.5490,97.0140,1.9040,2025-03-19 21:36:59,162.0
0.5440,17.10,0.5640,97.0720,2,2025-03-19 21:36:59,162.0
0.5330,16.9870,0.4170,96.76,1.9690,2025-03-19 21:36:59,162.0
0.5230,16.88,0.4550,96.9690,0.0170,2025-03-19 21:36:59,162.0
0.5160,16.9770,0.50,97.1530,2.0420,2025-03-20 11:29:54,163.0
0.55,17.0180,0.4170,97.0830,2.1820,2025-03-20 11:29:54,163.0
0.5360,17.0310,0.5290,96.9270,1.8940,2025-03-20 11:29:54,163.0
0.5370,17.0120,0.3570,97.0590,1.9660,2025-03-20 11:29:54,163.0
0.5390,17.0120,0.3810,97.2680,2.0120,2025-03-20 11:29:54,163.0
0.5220,16.9270,0.4760,97.3370,1.9870,2025-03-20 11:29:54,163.0
0.5370,17.0620,0.4690,97.0880,2.0140,2025-03-20 11:29:54,163.0
0.5230,16.9360,0.6090,96.9070,2.0580,2025-03-20 11:29:54,163.0
0.5490,17.0240,0.4590,97.12,2.0460,2025-03-20 11:29:54,163.0
0.5260,16.9170,0.34,96.83,1.9740,2025-03-20 11:29:54,163.0
0.5470,17.0590,0.3430,96.7920,2.0430,2025-03-20 11:29:54,163.0
0.5430,16.9740,0.3810,97.0990,2.1650,2025-03-20 11:29:54,163.0
0.5310,16.9990,0.50,97.2270,2.0180,2025-03-20 11:29:54,163.0
0.5270,17.10,0.5560,97.0580,1.9610,2025-03-20 11:29:54,163.0
0.5450,17.0090,0.5180,96.9110,1.9760,2025-03-20 11:29:54,163.0
0.5370,17.0120,0.5810,96.9450,2.0350,2025-03-20 11:29:54,163.0
0.5340,16.9770,0.4790,97.3040,2.1060,2025-03-20 11:29:54,163.0
0.5480,17.0270,0.43,97.2580,2.0890,2025-03-20 11:29:54,163.0
0.5360,17.1310,0.4310,96.9330,2.0670,2025-03-20 11:29:54,163.0
0.5330,16.9650,0.4660,96.6930,2.0060,2025-03-20 11:29:54,163.0
0.5370,17.0970,0.4020,97.0670,1.9550,2025-03-20 12:54:56,164.0
0.52,17.0650,0.5110,97.01,1.9850,2025-03-20 12:54:56,164.0
0.5380,16.98,0.3780,97.3540,2.0340,2025-03-20 12:54:56,164.0
0.5310,17.0020,0.4170,96.9270,2.0120,2025-03-20 12:54:56,164.0
0.5320,16.99,0.5350,96.7670,1.9570,2025-03-20 12:54:56,164.0
0.5460,17.0240,0.4450,97.15,2.1020,2025-03-20 12:54:56,164.0
0.5230,17.0530,0.4480,97.0040,1.9340,2025-03-20 12:54:56,164.0
0.5250,17.0180,0.4580,96.8960,2.0620,2025-03-20 12:54:56,164.0
0.5550,17.0370,0.49,97.3450,2.0940,2025-03-20 12:54:56,164.0
0.5370,17.0090,0.5950,96.9180,2.0290,2025-03-20 12:54:56,164.0
0.54,16.99,0.55,97.1850,2.0480,2025-03-20 12:54:56,164.0
0.5170,16.9390,0.4270,97.1110,1.9670,2025-03-20 12:54:56,164.0
0.5270,17.0430,0.4410,97.0560,2.0030,2025-03-20 12:54:56,164.0
0.5350,16.9210,0.2940,97.3480,2.0340,2025-03-20 12:54:56,164.0
0.5250,16.98,0.5320,97.1440,1.9530,2025-03-20 12:54:56,164.0
0.5220,17.0180,0.4410,96.9820,1.9190,2025-03-20 12:54:56,164.0
0.5320,16.98,0.48,97.0960,1.95,2025-03-20 12:54:56,164.0
0.52,16.9680,0.3710,96.9820,1.9430,2025-03-20 12:54:56,164.0
0.5360,17.0560,0.5320,97.0780,2.1340,2025-03-20 12:54:56,164.0
0.55,17.0120,0.5430,96.69,2.1980,2025-03-20 12:54:56,164.0
0.5390,17.0710,0.4760,97.1640,2.1380,2025-03-20 19:50:12,165.0
0.5160,16.9960,0.4520,96.9740,1.9060,2025-03-20 19:50:12,165.0
0.5240,17.0430,0.5180,97.1220,2.0660,2025-03-20 19:50:12,165.0
0.51,17.0210,0.4060,96.9810,1.9070,2025-03-20 19:50:12,165.0
0.5080,17.0310,0.49,96.8890,1.9410,2025-03-20 19:50:12,165.0
0.5190,17.0750,0.6060,96.9160,1.9560,2025-03-20 19:50:12,165.0
0.5370,17.0120,0.4550,96.8670,2.1160,2025-03-20 19:50:12,165.0
0.5170,17.0710,0.41,96.85,1.9050,2025-03-20 19:50:12,165.0
0.5260,17.15,0.5250,96.9180,2.0830,2025-03-20 19:50:12,165.0
0.5370,17.0870,0.3990,97.1170,2.0790,2025-03-20 19:50:12,165.0
0.53,17.0750,0.3610,97.0990,1.8710,2025-03-20 19:50:12,165.0
0.53,17.1440,0.4970,97.2190,2.0830,2025-03-20 19:50:12,165.0
0.5140,17.1190,0.3880,96.8410,1.9340,2025-03-20 19:50:12,165.0
0.5490,17.0930,0.3850,97.2520,2.0730,2025-03-20 19:50:12,165.0
0.4980,17.0710,0.5880,97.0040,1.8840,2025-03-20 19:50:12,165.0
0.5170,17.0840,0.6060,96.88,1.9070,2025-03-20 19:50:12,165.0
0.5250,17.0460,0.4620,97.1060,1.9890,2025-03-20 19:50:12,165.0
0.5320,17.1220,0.4520,97.0310,2.0030,2025-03-20 19:50:12,165.0
0.5340,16.9960,0.5070,96.93,1.9710,2025-03-20 19:50:12,165.0
0.5350,17.0150,0.4270,97.1230,2.0780,2025-03-20 19:50:12,165.0
0.5050,16.9170,0.3780,96.83,1.9770,2025-03-20 21:45:16,166.0
0.5150,16.98,0.4410,97.2010,1.9570,2025-03-20 21:45:16,166.0
0.5290,16.8610,0.5040,97.06,1.9550,2025-03-20 21:45:16,166.0
0.5290,17.0120,0.5320,97.0350,2.0330,2025-03-20 21:45:16,166.0
0.5080,16.98,0.6060,96.9650,1.8950,2025-03-20 21:45:16,166.0
0.54,17.0150,0.5250,96.9480,2.0020,2025-03-20 21:45:16,166.0
0.5320,16.9550,0.5490,97.1780,1.9460,2025-03-20 21:45:16,166.0
0.53,16.9270,0.4380,97.1490,1.9640,2025-03-20 21:45:16,166.0
0.5120,16.9680,0.4730,96.88,1.7670,2025-03-20 21:45:16,166.0
0.5170,16.9770,0.43,97.1210,1.9190,2025-03-20 21:45:16,166.0
0.5160,16.9050,0.5710,96.8830,2.0250,2025-03-20 21:45:16,166.0
0.5540,17.0680,0.3780,96.9450,1.9850,2025-03-20 21:45:16,166.0
0.5060,16.9460,0.6270,97.04,1.92,2025-03-20 21:45:16,166.0
0.5220,17.0120,0.56,97.0430,1.9360,2025-03-20 21:45:16,166.0
1.0260,17.0590,0.1510,97.1880,1.9090,2025-03-20 21:45:16,166.0
0.5220,17.0930,0.4060,96.9020,2.0510,2025-03-20 21:45:16,166.0
0.5270,16.9740,0.6540,97.0010,1.9380,2025-03-20 21:45:16,166.0
0.5080,16.9870,0.5070,96.9530,2.12,2025-03-20 21:45:16,166.0
0.5240,16.9270,0.4970,97.0320,2.0080,2025-03-20 21:45:16,166.0
0.5250,16.88,0.4550,96.9420,1.9660,2025-03-20 21:45:16,166.0
0.5340,16.9110,0.5220,96.79,1.9840,2025-03-21 19:01:28,167.0
0.5230,16.9870,0.6410,97.0920,2.0380,2025-03-21 19:01:28,167.0
0.5180,16.9240,0.4130,96.8380,2.0230,2025-03-21 19:01:28,167.0
0.5280,16.93,0.5180,97.06,1.9950,2025-03-21 19:01:28,167.0
0.5190,16.9520,0.6480,96.9250,1.96,2025-03-21 19:01:28,167.0
0.5280,17.0750,0.5250,96.6770,1.93,2025-03-21 19:01:28,167.0
0.5390,16.9360,0.50,97.0080,2.0870,2025-03-21 19:01:28,167.0
0.4980,16.9020,0.4380,96.8290,2.0230,2025-03-21 19:01:28,167.0
0.5460,16.9960,0.5950,97.1140,2.1250,2025-03-21 19:01:28,167.0
0.54,17.0150,0.7560,96.9510,1.9980,2025-03-21 19:01:28,167.0
0.5230,16.9990,0.4130,97.2220,2.0150,2025-03-21 19:01:28,167.0
0.5240,16.9710,0.63,96.85,1.9210,2025-03-21 19:01:28,167.0
0.5190,16.8950,0.5850,97.0310,2.0710,2025-03-21 19:01:28,167.0
0.52,17.0490,0.4240,96.8670,1.9870,2025-03-21 19:01:28,167.0
0.5140,16.9710,0.4520,96.9660,1.9380,2025-03-21 19:01:28,167.0
0.5220,17.0180,0.5320,96.8860,1.8790,2025-03-21 19:01:28,167.0
0.54,16.9680,0.5180,97.1710,2.0090,2025-03-21 19:01:28,167.0
0.5540,16.9360,0.5040,96.8330,2.1670,2025-03-21 19:01:28,167.0
0.5230,17.0090,0.5560,96.8580,1.9650,2025-03-21 19:01:28,167.0
0.5190,16.9520,0.7810,96.8790,2.0070,2025-03-21 19:01:28,167.0
0.53,17.0050,0.5780,96.9990,1.9760,2025-03-21 21:16:32,168.0
0.5480,16.99,0.5320,97.1480,2.0220,2025-03-21 21:16:32,168.0
0.5360,16.9330,0.5560,97.0070,2.07,2025-03-21 21:16:32,168.0
0.5160,16.9140,0.42,97.0810,1.9580,2025-03-21 21:16:32,168.0
0.5250,16.9650,0.6020,97.0220,2.0410,2025-03-21 21:16:32,168.0
0.5210,17.0020,0.5010,96.8560,1.9560,2025-03-21 21:16:32,168.0
0.5440,17.0650,0.5290,96.9480,2.04,2025-03-21 21:16:32,168.0
0.5210,17.0780,0.5220,96.8320,1.90,2025-03-21 21:16:32,168.0
0.5160,17.0020,0.5950,96.9930,1.9370,2025-03-21 21:16:32,168.0
0.5410,16.9580,0.5350,97.1310,1.9250,2025-03-21 21:16:32,168.0
0.5150,17.0050,0.4580,96.9810,1.8790,2025-03-21 21:16:32,168.0
0.5250,17.0150,0.5630,97.1030,2.0020,2025-03-21 21:16:32,168.0
0.5210,16.9870,0.7110,97.1690,1.97,2025-03-21 21:16:32,168.0
0.5410,16.9360,0.6120,97.1540,2.0610,2025-03-21 21:16:32,168.0
0.5160,16.9390,0.5770,96.94,1.9460,2025-03-21 21:16:32,168.0
0.5180,16.88,0.5250,96.8640,1.8910,2025-03-21 21:16:32,168.0
0.5480,17.0210,0.5220,97.13,2.1660,2025-03-21 21:16:32,168.0
0.5540,16.9170,0.4060,97.2640,2.1180,2025-03-21 21:16:32,168.0
0.5490,17.0020,0.4620,96.8820,2.0350,2025-03-21 21:16:32,168.0
0.52,16.9650,0.6580,96.9510,2.01,2025-03-21 21:16:32,168.0
0.5480,16.98,0.6060,97.1090,2.0910,2025-03-24 12:48:38,169.0
0.5330,16.98,0.5070,97.1120,2.0190,2025-03-24 12:48:38,169.0
0.5240,16.9390,0.3990,97.2880,1.9710,2025-03-24 12:48:38,169.0
0.5280,17.0370,0.4170,96.9840,2.0680,2025-03-24 12:48:38,169.0
0.54,17.0970,0.4660,97.2060,2.0560,2025-03-24 12:48:38,169.0
0.5420,17.0840,0.5040,96.9360,2.1190,2025-03-24 12:48:38,169.0
0.5440,17.04,0.4550,96.8890,2.04,2025-03-24 12:48:38,169.0
0.5270,16.9050,0.3920,96.9360,2.0620,2025-03-24 12:48:38,169.0
0.5130,17.0020,0.5010,97.0970,1.89,2025-03-24 12:48:38,169.0
0.52,17.1470,0.5840,97.0970,2.0610,2025-03-24 12:48:38,169.0
0.5540,17.0120,0.5910,97.4340,2.0080,2025-03-24 12:48:38,169.0
0.5230,17.0310,0.6060,96.8370,1.9640,2025-03-24 12:48:38,169.0
0.5270,17.0870,0.4170,96.86,1.9510,2025-03-24 12:48:38,169.0
0.5490,17.0930,0.5880,96.89,2.0590,2025-03-24 12:48:38,169.0
0.5170,16.8640,0.4410,97.0560,1.8910,2025-03-24 12:48:38,169.0
0.5280,16.9650,0.3950,96.9450,1.9960,2025-03-24 12:48:38,169.0
0.5260,17.1970,0.64,96.6690,1.9260,2025-03-24 12:48:38,169.0
0.5360,16.9870,0.4510,97.10,1.9520,2025-03-24 12:48:38,169.0
0.5210,17.1470,0.5530,96.95,2.0330,2025-03-24 12:48:38,169.0
0.55,16.99,0.4450,97.1070,2.1060,2025-03-24 12:48:38,169.0
0.5210,16.9680,0.5670,96.9420,1.9710,2025-03-24 13:08:40,170.0
0.5460,17.0930,0.5080,96.9550,2.0150,2025-03-24 13:08:40,170.0
0.5270,17.0150,0.4340,96.7230,1.9780,2025-03-24 13:08:40,170.0
0.5030,16.9550,0.48,96.97,1.9530,2025-03-24 13:08:40,170.0
0.5410,16.9930,0.5740,97.1020,2.0140,2025-03-24 13:08:40,170.0
0.54,17.0270,0.56,97.2390,2.0070,2025-03-24 13:08:40,170.0
0.5290,16.9830,0.4130,97.0520,1.9460,2025-03-24 13:08:40,170.0
0.5190,16.8860,0.4760,97.0750,1.9180,2025-03-24 13:08:40,170.0
0.5460,17.0560,0.4660,96.9150,2.1040,2025-03-24 13:08:40,170.0
0.5170,16.9610,0.6510,96.9680,1.9280,2025-03-24 13:08:40,170.0
0.5440,17.0310,0.5150,97.2220,2.0010,2025-03-24 13:08:40,170.0
0.5490,16.9830,0.5290,97.2880,2.1250,2025-03-24 13:08:40,170.0
0.5510,16.9680,0.6680,96.9860,2.0670,2025-03-24 13:08:40,170.0
0.5330,16.9550,0.4090,96.8380,1.9370,2025-03-24 13:08:40,170.0
0.5130,16.9460,0.5080,96.8590,1.9530,2025-03-24 13:08:40,170.0
0.5360,17.0210,0.3880,97.0690,2.0240,2025-03-24 13:08:40,170.0
0.5210,17.0020,0.5110,97.0880,2.0080,2025-03-24 13:08:40,170.0
0.5410,17.0490,0.5350,97.0360,2.0880,2025-03-24 13:08:40,170.0
0.53,17.0780,0.4380,96.9750,2.0850,2025-03-24 13:08:40,170.0
0.5430,16.8860,0.5740,97.1360,2.0780,2025-03-24 13:08:40,170.0
0.5330,17.0180,0.6120,96.9760,0.0140,2025-03-24 19:08:47,171.0
0.5350,17.09,0.4970,97.12,2.0960,2025-03-24 19:08:47,171.0
0.5470,17.0590,0.4870,96.77,2.0920,2025-03-24 19:08:47,171.0
0.5380,17.1370,0.5150,96.9170,2.0830,2025-03-24 19:08:47,171.0
0.5160,17.0710,0.5320,97.1110,1.7790,2025-03-24 19:08:47,171.0
0.5320,16.9550,0.6120,97.2470,2.0880,2025-03-24 19:08:47,171.0
0.5320,16.9170,0.5210,96.9320,2.0160,2025-03-24 19:08:47,171.0
0.5480,17.0090,0.62,97.1780,2.0870,2025-03-24 19:08:47,171.0
0.5260,17.0020,0.5390,96.9140,1.9120,2025-03-24 19:08:47,171.0
0.5360,17.0150,0.5390,97.19,2.03,2025-03-24 19:08:47,171.0
0.5220,16.9830,0.7040,96.8510,1.8940,2025-03-24 19:08:47,171.0
0.54,16.8610,0.5150,96.8740,2.0120,2025-03-24 19:08:47,171.0
0.54,17.10,0.6090,97.2150,1.9590,2025-03-24 19:08:47,171.0
0.5370,17.0460,0.4380,96.6880,2.06,2025-03-24 19:08:47,171.0
0.5440,16.9990,0.5350,97.0020,2.0120,2025-03-24 19:08:47,171.0
0.5360,16.9550,0.5710,97.1080,1.8860,2025-03-24 19:08:47,171.0
0.5230,16.9110,0.5530,97.0870,1.9990,2025-03-24 19:08:47,171.0
0.52,16.8860,0.5740,97.03,2.0730,2025-03-24 19:08:47,171.0
0.5240,17.0560,0.55,97.0160,1.8870,2025-03-24 19:08:47,171.0
0.5170,16.9520,0.4410,96.81,1.9680,2025-03-24 19:08:47,171.0
0.5320,16.9650,0.4650,97.1390,2.1520,2025-03-24 21:28:54,172.0
0.5080,16.9460,0.5740,96.7840,1.85,2025-03-24 21:28:54,172.0
0.5250,16.99,0.4970,97.0950,1.8980,2025-03-24 21:28:54,172.0
0.5240,17.0430,0.5460,96.8970,1.9830,2025-03-24 21:28:54,172.0
0.5190,16.8920,0.5990,96.9460,1.95,2025-03-24 21:28:54,172.0
0.54,16.9770,0.5780,97.0520,2.0030,2025-03-24 21:28:54,172.0
0.5250,16.9210,0.62,96.8930,1.8580,2025-03-24 21:28:54,172.0
0.5080,16.9080,0.5770,96.7760,1.8470,2025-03-24 21:28:54,172.0
0.5090,16.8950,0.4480,96.9080,1.8940,2025-03-24 21:28:54,172.0
0.5290,17.0270,0.4410,96.8130,1.9930,2025-03-24 21:28:54,172.0
0.54,16.9650,0.4410,96.9720,1.99,2025-03-24 21:28:54,172.0
0.5370,17.0840,0.55,96.96,2,2025-03-24 21:28:54,172.0
0.5340,16.9210,0.5560,97,2.0540,2025-03-24 21:28:54,172.0
0.5280,17.1280,0.6960,96.9440,1.8590,2025-03-24 21:28:54,172.0
0.5380,17.0750,0.5530,96.9410,1.96,2025-03-24 21:28:54,172.0
0.5430,16.9740,0.5570,96.8520,2.06,2025-03-24 21:28:54,172.0
0.5260,16.9870,0.4870,96.9570,1.9050,2025-03-24 21:28:54,172.0
0.53,17.1120,0.4620,96.95,1.9630,2025-03-24 21:28:54,172.0
0.5470,16.9870,0.5320,97.0980,2.20,2025-03-24 21:28:54,172.0
0.5210,17.0120,0.5180,97.0330,1.94,2025-03-24 21:28:54,172.0
0.5290,16.9830,0.6020,97.1230,2.0720,2025-03-25 11:29:28,173.0
0.5310,17.0840,0.5770,96.8350,2.0230,2025-03-25 11:29:28,173.0
0.5420,17.0560,0.5040,96.9440,2.0650,2025-03-25 11:29:28,173.0
0.5160,16.9960,0.4660,96.8760,1.87,2025-03-25 11:29:28,173.0
0.5250,16.9990,0.6020,96.87,2.0040,2025-03-25 11:29:28,173.0
0.5340,17.1190,0.5010,97.2160,2.0050,2025-03-25 11:29:28,173.0
0.5520,16.9930,0.4760,97.0610,2.1550,2025-03-25 11:29:28,173.0
0.5330,16.9830,0.5770,97.1970,2.1060,2025-03-25 11:29:28,173.0
0.5460,16.98,0.4620,96.9740,2.0640,2025-03-25 11:29:28,173.0
0.5390,16.98,0.4520,97.0790,1.9210,2025-03-25 11:29:28,173.0
0.5210,17.0020,0.4870,96.8350,2.0450,2025-03-25 11:29:28,173.0
0.54,17.0150,0.4730,97.0710,2.09,2025-03-25 11:29:28,173.0
0.5370,17.0430,0.63,97.0220,2.0530,2025-03-25 11:29:28,173.0
0.5280,17.04,0.4130,97.0460,1.9720,2025-03-25 11:29:28,173.0
0.5350,16.98,0.5390,96.8810,2.1280,2025-03-25 11:29:28,173.0
0.5160,16.9770,0.4520,96.8970,2.0040,2025-03-25 11:29:28,173.0
0.5310,17.0970,0.70,96.8270,2.02,2025-03-25 11:29:28,173.0
0.5260,16.9520,0.4340,96.8080,2.0260,2025-03-25 11:29:28,173.0
0.5270,16.9770,0.5990,96.8670,2.0690,2025-03-25 11:29:28,173.0
0.5370,16.9770,0.5740,97.0490,1.9820,2025-03-25 11:29:28,173.0
0.5310,16.9580,0.6720,96.7620,1.9850,2025-03-25 12:59:29,174.0
0.5380,16.9710,0.4310,97.1730,2.1140,2025-03-25 12:59:29,174.0
0.5310,17.0370,0.5320,96.8650,2.0960,2025-03-25 12:59:29,174.0
0.5440,16.93,0.50,96.95,2.0950,2025-03-25 12:59:29,174.0
0.5310,16.8950,0.42,97.1860,2.0820,2025-03-25 12:59:29,174.0
0.5330,16.9830,0.6270,96.7820,1.9860,2025-03-25 12:59:29,174.0
0.5360,16.9680,0.3290,97.2730,2.1110,2025-03-25 12:59:29,174.0
0.5410,16.9390,0.5150,97.0970,2.0260,2025-03-25 12:59:29,174.0
0.5370,16.9680,0.4580,97.0130,2.0780,2025-03-25 12:59:29,174.0
0.5420,17.0930,0.4620,97.1150,2.0340,2025-03-25 12:59:29,174.0
0.5450,16.9650,0.4970,97.1070,2.1340,2025-03-25 12:59:29,174.0
0.5470,16.9680,0.5560,96.7230,2.0970,2025-03-25 12:59:29,174.0
0.54,16.9740,0.5320,97.0890,2.0180,2025-03-25 12:59:29,174.0
0.5360,17.0460,0.6690,97.0120,1.98,2025-03-25 12:59:29,174.0
0.5390,16.9520,0.6060,96.9120,2.0710,2025-03-25 12:59:29,174.0
0.5190,16.9580,0.6830,96.9230,1.9640,2025-03-25 12:59:29,174.0
0.5380,17.0650,0.4730,96.8440,1.9580,2025-03-25 12:59:29,174.0
0.5520,16.9360,0.4310,97.0860,2.0140,2025-03-25 12:59:29,174.0
0.5410,16.98,0.4520,96.7720,2.14,2025-03-25 12:59:29,174.0
0.5330,16.9330,0.5320,97.0660,2.0170,2025-03-25 12:59:29,174.0
0.5750,17.0810,0.5740,97.0920,2.1930,2025-03-25 19:44:38,175.0
0.5390,17.1250,0.4480,96.8980,2.1660,2025-03-25 19:44:38,175.0
0.5180,17.0340,0.6650,96.9750,2.0980,2025-03-25 19:44:38,175.0
0.5330,17.0120,0.4590,97.0540,1.9940,2025-03-25 19:44:38,175.0
0.5170,17.0970,0.4970,97.1540,1.91,2025-03-25 19:44:38,175.0
0.5110,16.9390,0.62,96.6980,1.9050,2025-03-25 19:44:38,175.0
0.5360,17.0680,0.50,96.9570,2.0460,2025-03-25 19:44:38,175.0
0.5480,17.1150,0.56,96.9760,2.0570,2025-03-25 19:44:38,175.0
0.5260,17.0680,0.5460,96.9310,1.9050,2025-03-25 19:44:38,175.0
0.5350,17.0120,0.5040,96.8430,2.1470,2025-03-25 19:44:38,175.0
0.5190,16.9710,0.5080,96.9380,1.9390,2025-03-25 19:44:38,175.0
0.5270,17.0490,0.4970,96.8020,1.97,2025-03-25 19:44:38,175.0
0.5330,17.0020,0.6020,97.0820,2.1030,2025-03-25 19:44:38,175.0
0.5390,17.0090,0.5180,96.9510,2.1130,2025-03-25 19:44:38,175.0
0.5450,17.0310,0.6540,96.8020,2.0510,2025-03-25 19:44:38,175.0
0.5330,17.0750,0.5880,96.9910,2.0020,2025-03-25 19:44:38,175.0
0.5460,17.0430,0.55,97.05,2.0670,2025-03-25 19:44:38,175.0
0.4960,16.9830,0.5180,97.0030,1.8730,2025-03-25 19:44:38,175.0
0.5090,17.0310,0.6160,96.9670,1.9130,2025-03-25 19:44:38,175.0
0.5320,17.0590,0.5280,97.1880,1.9060,2025-03-25 19:44:38,175.0
0.5480,17.10,0.5560,96.8620,2.0530,2025-03-25 21:14:40,176.0
0.5170,16.9020,0.4130,96.9390,1.9970,2025-03-25 21:14:40,176.0
0.5440,16.9930,0.5040,96.8270,2.1080,2025-03-25 21:14:40,176.0
0.5380,17.0590,0.4790,97.0590,2.06,2025-03-25 21:14:40,176.0
0.5350,16.9580,0.5360,97.3760,2.0230,2025-03-25 21:14:40,176.0
0.52,17.0560,0.5640,96.7570,1.9220,2025-03-25 21:14:40,176.0
0.5320,17.0680,0.49,97.1250,2.1470,2025-03-25 21:14:40,176.0
0.5210,17.0180,0.4380,96.7690,2.0020,2025-03-25 21:14:40,176.0
0.5360,17.0750,0.6540,97.0810,2.0510,2025-03-25 21:14:40,176.0
0.5390,17.09,0.8640,97.0970,1.9950,2025-03-25 21:14:40,176.0
0.5220,16.9870,0.5040,97.0880,2.0870,2025-03-25 21:14:40,176.0
0.53,17.0750,0.5180,97.02,1.9880,2025-03-25 21:14:40,176.0
0.5320,16.9870,0.42,96.9670,2.2730,2025-03-25 21:14:40,176.0
0.5170,16.9080,0.7240,96.9170,2.03,2025-03-25 21:14:40,176.0
0.5220,17.0240,0.50,96.8580,2.0080,2025-03-25 21:14:40,176.0
0.5530,16.9960,0.6270,97.0540,2.2480,2025-03-25 21:14:40,176.0
0.5410,16.9870,0.5670,97.0650,2.0540,2025-03-25 21:14:40,176.0
0.5570,16.9550,0.6510,97.1370,2.1260,2025-03-25 21:14:40,176.0
0.5410,17.0050,0.4830,96.8390,1.9780,2025-03-25 21:14:40,176.0
0.5380,16.98,0.5290,96.8910,2.0920,2025-03-25 21:14:40,176.0
0.5350,16.9140,0.5460,97.1050,1.95,2025-03-26 12:49:25,177.0
0.5290,16.9680,0.5390,96.9560,2.1250,2025-03-26 12:49:25,177.0
0.5270,16.9580,0.4270,97.1530,2.0170,2025-03-26 12:49:25,177.0
0.5470,17.0240,0.3960,96.8850,1.9930,2025-03-26 12:49:25,177.0
0.5260,16.9990,0.4690,96.9310,1.94,2025-03-26 12:49:25,177.0
0.5320,17.0150,0.4310,97.1020,1.9350,2025-03-26 12:49:25,177.0
0.5210,16.9830,0.4830,97.0590,1.9010,2025-03-26 12:49:25,177.0
0.5420,16.99,0.5390,97.0610,2.1510,2025-03-26 12:49:25,177.0
0.5450,16.9930,0.56,97.0430,2.0250,2025-03-26 12:49:25,177.0
0.5130,16.9520,0.4270,97.0850,1.9110,2025-03-26 12:49:25,177.0
0.5390,16.93,0.5320,96.79,2.02,2025-03-26 12:49:25,177.0
0.5260,16.9110,0.5220,96.8340,2.1160,2025-03-26 12:49:25,177.0
0.5510,16.9610,0.4620,97.2510,2.0960,2025-03-26 12:49:25,177.0
0.53,17.0270,0.3960,96.8440,2.04,2025-03-26 12:49:25,177.0
0.5340,16.93,0.4340,97.3010,2.1110,2025-03-26 12:49:25,177.0
0.5210,16.9990,0.3890,96.8070,1.9390,2025-03-26 12:49:25,177.0
0.5110,16.9490,0.4550,96.8030,1.96,2025-03-26 12:49:25,177.0
0.5190,17.0120,0.5530,96.99,2.02,2025-03-26 12:49:25,177.0
0.52,17.0120,0.49,96.8030,2.0410,2025-03-26 12:49:25,177.0
0.5350,16.9170,0.5110,97.1060,2.0520,2025-03-26 12:49:25,177.0
0.5150,16.9740,0.7210,97.1390,1.8890,2025-03-26 13:19:28,178.0
0.5330,17.0530,0.4130,97.1340,2.0720,2025-03-26 13:19:28,178.0
0.53,16.9240,0.4830,97.1080,2.0940,2025-03-26 13:19:28,178.0
0.53,16.9390,0.5210,96.9410,1.9690,2025-03-26 13:19:28,178.0
0.5340,16.9990,0.49,97.1130,2.0480,2025-03-26 13:19:28,178.0
0.55,17.0150,0.4940,97.2150,1.9720,2025-03-26 13:19:28,178.0
0.5170,17.0090,0.5640,97.0490,1.8810,2025-03-26 13:19:28,178.0
0.5340,16.9960,0.5290,97.1040,1.9950,2025-03-26 13:19:28,178.0
0.5110,16.8730,0.5390,97.0960,2.0270,2025-03-26 13:19:28,178.0
0.5470,17.0460,0.5040,97.0330,2.1670,2025-03-26 13:19:28,178.0
0.5290,17.0560,0.4480,96.8570,1.8250,2025-03-26 13:19:28,178.0
0.5650,17.0180,0.4270,96.9080,2.1940,2025-03-26 13:19:28,178.0
0.54,17.0050,0.5950,97.17,2.0280,2025-03-26 13:19:28,178.0
0.5240,16.9650,0.5460,97.2140,2.1130,2025-03-26 13:19:28,178.0
0.5450,17.0270,0.4090,97.1280,1.9940,2025-03-26 13:19:28,178.0
0.5440,17.0870,0.5710,97.1050,2.0370,2025-03-26 13:19:28,178.0
0.53,17.0020,0.5740,96.8240,1.9530,2025-03-26 13:19:28,178.0
0.5240,16.8670,0.4520,96.9610,1.9990,2025-03-26 13:19:28,178.0
0.5390,17.0150,0.4380,96.81,2.03,2025-03-26 13:19:28,178.0
0.5230,16.9960,0.4520,96.7590,2.0310,2025-03-26 13:19:28,178.0
0.5250,17.0460,0.5560,96.9590,1.8820,2025-03-26 18:34:38,179.0
0.5240,16.9650,0.5840,97.07,1.99,2025-03-26 18:34:38,179.0
0.5520,17.0150,0.5390,96.8970,2.0060,2025-03-26 18:34:38,179.0
0.5260,17.0210,0.55,96.8960,1.9150,2025-03-26 18:34:38,179.0
0.5480,17.0090,0.55,96.9280,1.9460,2025-03-26 18:34:38,179.0
0.5480,16.9520,0.5560,97.1860,2.0150,2025-03-26 18:34:38,179.0
0.54,16.9610,0.5290,97.2360,1.9960,2025-03-26 18:34:38,179.0
0.5350,16.9390,0.5110,97.0030,2.0670,2025-03-26 18:34:38,179.0
0.5640,16.9930,0.50,96.8540,2.0510,2025-03-26 18:34:38,179.0
0.5370,17.0530,0.5180,97.0890,1.9590,2025-03-26 18:34:38,179.0
0.5490,17.0150,0.5250,97.0110,2.1750,2025-03-26 18:34:38,179.0
0.5430,17.1150,0.5150,96.89,1.9810,2025-03-26 18:34:38,179.0
0.5360,16.9610,0.55,97.1130,2.0050,2025-03-26 18:34:38,179.0
0.5260,16.9550,0.4730,97.1190,2.0490,2025-03-26 18:34:38,179.0
0.5260,16.8920,0.6120,96.9910,1.9220,2025-03-26 18:34:38,179.0
0.5260,17.0310,0.5710,96.9240,1.90,2025-03-26 18:34:38,179.0
0.5470,17.0750,0.6580,96.9180,1.9710,2025-03-26 18:34:38,179.0
0.5360,17.04,0.6230,97.1070,1.9370,2025-03-26 18:34:38,179.0
0.53,16.9770,0.4970,97.0240,2.0280,2025-03-26 18:34:38,179.0
0.5060,16.9580,0.6510,96.9830,1.9380,2025-03-26 18:34:38,179.0
0.5380,17.0650,0.5250,97.0260,2.09,2025-03-26 21:39:47,180.0
0.55,17.0050,0.5220,97.2320,2.0340,2025-03-26 21:39:47,180.0
0.5340,17.0210,0.5950,97.2070,1.9680,2025-03-26 21:39:47,180.0
0.5440,16.9650,0.56,97.0650,2.0550,2025-03-26 21:39:47,180.0
0.5240,16.99,0.5070,97.0120,2.0750,2025-03-26 21:39:47,180.0
0.5240,16.9580,0.6270,97.1150,1.9820,2025-03-26 21:39:47,180.0
0.5440,16.9990,0.5880,97.1850,2.1870,2025-03-26 21:39:47,180.0
0.5160,16.9610,0.56,96.9190,1.96,2025-03-26 21:39:47,180.0
0.5410,16.9870,0.5640,97.0360,2.1090,2025-03-26 21:39:47,180.0
0.5290,17.0870,0.5220,96.8440,1.9150,2025-03-26 21:39:47,180.0
0.5210,16.9710,0.5530,97.17,2.0510,2025-03-26 21:39:47,180.0
0.5350,17.0120,0.50,97.0770,2.0060,2025-03-26 21:39:47,180.0
0.5230,16.9140,0.5850,97.0850,2.03,2025-03-26 21:39:47,180.0
0.5190,16.98,0.56,96.8330,1.9610,2025-03-26 21:39:47,180.0
0.5160,16.9990,0.5880,96.9020,1.9420,2025-03-26 21:39:47,180.0
0.5040,17.0710,0.4860,97.0590,1.8660,2025-03-26 21:39:47,180.0
0.5210,16.98,0.48,97.0330,1.9120,2025-03-26 21:39:47,180.0
0.5330,17.04,0.4340,96.8840,1.95,2025-03-26 21:39:47,180.0
0.5280,16.9650,0.5150,97.0840,2.0870,2025-03-26 21:39:47,180.0
0.5260,17.0180,0.5250,96.8520,2.1090,2025-03-26 21:39:47,180.0
0.5280,16.9390,0.5040,97.0040,1.9710,2025-03-27 11:26:36,181.0
0.5190,16.9830,0.4860,96.9980,1.96,2025-03-27 11:26:36,181.0
0.5370,16.8860,0.5320,97.1390,2.0280,2025-03-27 11:26:36,181.0
0.5420,17.0870,0.3570,96.8520,2.0190,2025-03-27 11:26:36,181.0
0.5330,17.0780,0.5040,96.9950,2.0190,2025-03-27 11:26:36,181.0
0.5330,16.9710,0.4480,97.1940,1.9440,2025-03-27 11:26:36,181.0
0.5250,16.9610,0.4830,97.0840,1.9740,2025-03-27 11:26:36,181.0
0.5120,16.93,0.4130,96.7870,2.0150,2025-03-27 11:26:36,181.0
0.5240,16.9140,0.5110,97.0950,1.9790,2025-03-27 11:26:36,181.0
0.5390,17.0530,0.5110,96.8760,2.06,2025-03-27 11:26:36,181.0
0.5330,17.0310,0.4690,97.1380,2.0970,2025-03-27 11:26:36,181.0
0.5270,16.9140,0.4480,97.0410,2.07,2025-03-27 11:26:36,181.0
0.5040,16.9080,0.5390,97.1940,1.94,2025-03-27 11:26:36,181.0
0.5240,16.8920,0.4760,97.0420,1.8560,2025-03-27 11:26:36,181.0
0.5180,17.0050,0.43,97.1670,1.8890,2025-03-27 11:26:36,181.0
0.52,16.9650,0.4240,96.8160,1.8420,2025-03-27 11:26:36,181.0
0.5040,17.0050,0.5430,96.7940,2.0530,2025-03-27 11:26:36,181.0
0.5120,16.9460,0.6090,96.7890,1.9850,2025-03-27 11:26:36,181.0
0.5290,16.9170,0.5460,96.9230,2.0160,2025-03-27 11:26:36,181.0
0.5120,17.0180,0.4790,96.7470,1.8840,2025-03-27 11:26:36,181.0
0.5540,17.0310,0.4340,96.9210,2.0830,2025-03-27 13:16:40,182.0
0.5280,16.9490,0.4760,97.2090,1.9870,2025-03-27 13:16:40,182.0
0.54,16.9990,0.6020,97.2640,2.0690,2025-03-27 13:16:40,182.0
0.5130,16.9170,0.5670,97.0460,1.9560,2025-03-27 13:16:40,182.0
0.5290,16.9650,0.5040,96.8370,2.0740,2025-03-27 13:16:40,182.0
0.5190,16.9460,0.4690,96.9370,1.92,2025-03-27 13:16:40,182.0
0.5230,16.9210,0.4580,97.2680,2.0080,2025-03-27 13:16:40,182.0
0.5370,16.9610,0.5670,96.8190,2.1690,2025-03-27 13:16:40,182.0
0.5170,16.9430,0.4450,97.1060,1.9330,2025-03-27 13:16:40,182.0
0.5190,16.9460,0.4510,97.0430,1.8710,2025-03-27 13:16:40,182.0
0.5350,17.0050,0.5360,96.9970,2.0560,2025-03-27 13:16:40,182.0
0.5220,17.0020,0.4620,96.9510,1.9750,2025-03-27 13:16:40,182.0
0.5390,16.9710,0.4620,97.2840,2.0430,2025-03-27 13:16:40,182.0
0.5390,16.9460,0.4450,97.0740,2.0780,2025-03-27 13:16:40,182.0
0.5340,16.8950,0.4520,97.2440,1.9890,2025-03-27 13:16:40,182.0
0.5120,16.9580,0.5080,96.8950,2.0680,2025-03-27 13:16:40,182.0
0.5410,17.0620,0.5910,97.0110,2.0410,2025-03-27 13:16:40,182.0
0.5230,16.8950,0.5290,96.9810,1.9840,2025-03-27 13:16:40,182.0
0.5250,16.9710,0.3990,96.7550,2.0310,2025-03-27 13:16:40,182.0
0.5330,16.9170,0.5280,96.8290,2.0410,2025-03-27 13:16:40,182.0
0.5320,17.0090,0.6370,96.7970,1.9150,2025-03-27 18:46:47,183.0
0.5310,16.9460,0.4480,97.1130,1.95,2025-03-27 18:46:47,183.0
0.5250,17.0340,0.5150,97.0880,1.9250,2025-03-27 18:46:47,183.0
0.5120,17.0430,0.5350,97.2350,1.9310,2025-03-27 18:46:47,183.0
0.5320,17.0680,0.5290,97.1250,1.9830,2025-03-27 18:46:47,183.0
0.5180,16.9870,0.6090,96.9380,1.7960,2025-03-27 18:46:47,183.0
0.5510,17.1190,0.50,97.1660,2.0270,2025-03-27 18:46:47,183.0
0.5210,17.0090,0.42,97.1530,1.82,2025-03-27 18:46:47,183.0
0.5250,17.0020,0.6130,97.0790,1.8370,2025-03-27 18:46:47,183.0
0.55,16.9870,0.5180,97.0750,2.0370,2025-03-27 18:46:47,183.0
0.5190,16.98,0.55,97.2060,1.8340,2025-03-27 18:46:47,183.0
0.5470,17.0310,0.5460,96.9940,2.0470,2025-03-27 18:46:47,183.0
0.5390,16.99,0.4060,97.2030,1.9360,2025-03-27 18:46:47,183.0
0.52,17.0680,0.5150,97.0420,1.9740,2025-03-27 18:46:47,183.0
0.5520,17.0050,0.4380,96.7250,2.0480,2025-03-27 18:46:47,183.0
0.5330,17.0340,0.3810,97.0830,1.9940,2025-03-27 18:46:47,183.0
0.5280,16.99,0.5950,97.0170,1.9880,2025-03-27 18:46:47,183.0
0.52,17.0650,0.4340,96.8450,1.8530,2025-03-27 18:46:47,183.0
0.5330,17.0370,0.4620,96.9650,1.8960,2025-03-27 18:46:47,183.0
0.5150,16.9870,0.6340,97.2050,1.9350,2025-03-27 18:46:47,183.0
0.5250,16.9770,0.4760,97.0260,2.0130,2025-03-27 21:36:51,184.0
0.5050,16.9770,0.6480,96.8580,1.9010,2025-03-27 21:36:51,184.0
0.5450,17.0090,0.4730,96.9520,2.0020,2025-03-27 21:36:51,184.0
0.53,17.1090,0.5530,97.0570,1.9240,2025-03-27 21:36:51,184.0
0.5480,17.0620,0.4830,96.9790,2.1070,2025-03-27 21:36:51,184.0
0.5280,17.0370,0.6580,97.0030,2.0220,2025-03-27 21:36:51,184.0
0.5030,16.9960,0.5070,96.8940,1.8150,2025-03-27 21:36:51,184.0
0.5350,17.0120,0.5350,97.0710,1.95,2025-03-27 21:36:51,184.0
0.5420,16.9430,0.50,97.0410,2.1040,2025-03-27 21:36:51,184.0
0.5330,17.0270,0.55,96.8720,1.9360,2025-03-27 21:36:51,184.0
0.55,17.0750,0.5040,97.2090,2.0570,2025-03-27 21:36:51,184.0
0.5230,16.99,0.5810,97.0450,1.8020,2025-03-27 21:36:51,184.0
0.5280,17.0180,0.6410,96.7760,1.8370,2025-03-27 21:36:51,184.0
0.5240,17.0210,0.56,97.1240,1.9450,2025-03-27 21:36:51,184.0
0.5320,17.0090,0.5180,97.1260,2.0210,2025-03-27 21:36:51,184.0
0.5090,17.04,0.5670,97.17,1.8220,2025-03-27 21:36:51,184.0
0.5250,16.9210,0.5080,96.9650,2.0830,2025-03-27 21:36:51,184.0
0.5410,17.0050,0.5460,97.2170,2.0270,2025-03-27 21:36:51,184.0
0.5460,16.99,0.5320,96.9960,2.1790,2025-03-27 21:36:51,184.0
0.5130,17.0490,0.5880,97.1440,1.72,2025-03-27 21:36:51,184.0
0.5410,16.9580,0.5180,96.8640,1.9690,2025-04-08 12:47:46,185.0
0.55,16.9990,0.55,96.8670,2.0550,2025-04-08 12:47:46,185.0
0.5270,16.9170,0.49,97.0580,1.9210,2025-04-08 12:47:46,185.0
0.52,16.9740,0.5740,97.1260,1.8220,2025-04-08 12:47:46,185.0
0.5360,16.9020,0.4690,97.0890,2.1180,2025-04-08 12:47:46,185.0
0.5150,16.9270,0.4830,97.10,2.0020,2025-04-08 12:47:46,185.0
0.5280,16.9050,0.4410,96.9720,1.88,2025-04-08 12:47:46,185.0
0.5290,16.9870,0.4380,97.2410,1.98,2025-04-08 12:47:46,185.0
0.5460,17.0620,0.4730,97.1060,2.05,2025-04-08 12:47:46,185.0
0.5240,16.9430,0.6330,97.1360,1.9690,2025-04-08 12:47:46,185.0
0.5190,16.9770,0.4410,97.06,1.8650,2025-04-08 12:47:46,185.0
0.53,16.8890,0.5150,97.1580,1.8730,2025-04-08 12:47:46,185.0
0.5440,17.0180,0.5460,97.2910,2.0090,2025-04-08 12:47:46,185.0
0.5240,16.9170,0.4830,96.8290,2.0310,2025-04-08 12:47:46,185.0
0.5380,16.8670,0.6370,97.2170,2.21,2025-04-08 12:47:46,185.0
0.5240,17.0150,0.4340,96.9020,1.8860,2025-04-08 12:47:46,185.0
0.5290,16.9210,0.5040,96.8180,2.0210,2025-04-08 12:47:46,185.0
0.5270,16.9520,0.5250,97.1270,1.9370,2025-04-08 12:47:46,185.0
0.5280,16.8950,0.3220,96.8980,1.8920,2025-04-08 12:47:46,185.0
0.5180,17.1150,0.5430,96.9090,1.89,2025-04-08 12:47:46,185.0
0.5370,17.0120,0.5770,97.0330,1.9950,2025-04-08 12:57:46,186.0
0.5380,16.9740,0.4860,96.87,2.03,2025-04-08 12:57:46,186.0
0.5190,17.0650,0.62,96.9990,1.7960,2025-04-08 12:57:46,186.0
0.5250,16.8950,0.5290,96.7050,1.93,2025-04-08 12:57:46,186.0
0.5320,17.0090,0.5560,96.9310,1.9680,2025-04-08 12:57:46,186.0
0.5360,16.9740,0.4830,97.14,2.0480,2025-04-08 12:57:46,186.0
0.5290,17.09,0.5560,96.8220,1.8060,2025-04-08 12:57:46,186.0
0.5440,16.9140,0.4690,97.0910,2.2040,2025-04-08 12:57:46,186.0
0.5280,17.0780,0.5150,96.8490,2.0330,2025-04-08 12:57:46,186.0
0.52,17.0460,0.55,97.0880,1.9620,2025-04-08 12:57:46,186.0
0.5290,17.04,0.6480,97.17,1.9940,2025-04-08 12:57:46,186.0
0.5150,16.9080,0.5150,96.9680,1.8690,2025-04-08 12:57:46,186.0
0.5330,16.9550,0.4860,96.8330,2.04,2025-04-08 12:57:46,186.0
0.53,17.0590,0.5530,96.6630,2.0010,2025-04-08 12:57:46,186.0
0.52,17.0430,0.5910,96.9980,2.1040,2025-04-08 12:57:46,186.0
0.5390,17.0180,0.4830,97.0130,2.0830,2025-04-08 12:57:46,186.0
0.54,16.9520,0.5670,97.0840,2.0680,2025-04-08 12:57:46,186.0
0.5090,17.0650,0.5210,97.11,1.8310,2025-04-08 12:57:46,186.0
0.5530,17.0680,0.5250,96.7350,2.1340,2025-04-08 12:57:46,186.0
0.5290,16.9140,0.43,96.9520,2.02,2025-04-08 12:57:46,186.0
0.5140,17.0120,0.4760,97.0680,1.91,2025-04-08 19:17:54,187.0
0.5160,16.9710,0.5210,97.17,1.8290,2025-04-08 19:17:54,187.0
0.5320,16.9240,0.4720,97.0460,1.94,2025-04-08 19:17:54,187.0
0.5040,16.9990,0.5910,96.8280,1.8790,2025-04-08 19:17:54,187.0
0.5440,17.1220,0.5460,97.1040,2.0450,2025-04-08 19:17:54,187.0
0.5260,16.98,0.5740,97.0740,1.9840,2025-04-08 19:17:54,187.0
0.5290,16.8950,0.4940,96.7240,1.9650,2025-04-08 19:17:54,187.0
0.5450,16.9580,0.5990,97.1210,2.1480,2025-04-08 19:17:54,187.0
0.5310,16.99,0.5740,97.0260,1.9840,2025-04-08 19:17:54,187.0
0.5230,16.9360,0.6060,97.3460,1.9750,2025-04-08 19:17:54,187.0
0.5390,16.98,0.4760,96.8840,2.1210,2025-04-08 19:17:54,187.0
0.5210,16.9170,0.4830,96.7960,1.97,2025-04-08 19:17:54,187.0
0.5150,16.9430,0.5210,97.1420,1.9430,2025-04-08 19:17:54,187.0
0.5340,16.9650,0.5460,97.1080,1.9620,2025-04-08 19:17:54,187.0
0.5280,16.9520,0.4550,97.0540,1.9970,2025-04-08 19:17:54,187.0
0.5350,17.0180,0.4650,96.79,1.9740,2025-04-08 19:17:54,187.0
0.5340,16.9210,0.7450,96.8480,2.04,2025-04-08 19:17:54,187.0
0.55,17.09,0.4480,96.7240,1.9960,2025-04-08 19:17:54,187.0
0.5170,16.9650,0.5180,96.9210,1.9450,2025-04-08 19:17:54,187.0
0.55,17.1030,0.5780,97.0320,1.9870,2025-04-08 19:17:54,187.0
0.5080,16.9870,0.5560,96.9090,1.9930,2025-04-08 21:37:58,188.0
0.5140,17.0530,0.6270,96.8490,1.9210,2025-04-08 21:37:58,188.0
0.5150,16.8990,0.5320,96.87,1.8910,2025-04-08 21:37:58,188.0
0.53,16.9360,0.6190,96.7520,1.9760,2025-04-08 21:37:58,188.0
0.4980,16.9080,0.4270,97.2260,1.9330,2025-04-08 21:37:58,188.0
0.52,16.9870,0.6970,96.82,1.8670,2025-04-08 21:37:58,188.0
0.5320,17.0370,0.5740,96.8230,1.9780,2025-04-08 21:37:58,188.0
0.5130,16.9830,0.4380,96.9810,1.9730,2025-04-08 21:37:58,188.0
0.5070,16.98,0.5150,97.2570,1.8940,2025-04-08 21:37:58,188.0
0.5160,16.9490,0.6120,96.9080,1.8650,2025-04-08 21:37:58,188.0
0.5350,16.9390,0.5710,97.0630,2.0720,2025-04-08 21:37:58,188.0
0.5260,16.8950,0.5770,96.8770,2.0140,2025-04-08 21:37:58,188.0
0.5210,16.8890,0.63,96.9020,1.9930,2025-04-08 21:37:58,188.0
0.5170,16.8550,0.5880,97.0170,1.9510,2025-04-08 21:37:58,188.0
0.5420,17.0020,0.5670,97.2740,1.9790,2025-04-08 21:37:58,188.0
0.53,17.0120,0.5180,96.9160,1.9430,2025-04-08 21:37:58,188.0
0.53,16.9610,0.6270,97.0650,2.0310,2025-04-08 21:37:58,188.0
0.5350,17.1440,0.5780,97.0450,1.8420,2025-04-08 21:37:58,188.0
0.5240,16.9960,0.4730,97.0130,2.0150,2025-04-08 21:37:58,188.0
0.5070,16.8040,0.62,96.7740,1.91,2025-04-08 21:37:58,188.0
0.52,16.9430,0.49,96.7970,1.9310,2025-04-09 11:12:52,189.0
0.5250,16.99,0.4410,97.1070,1.95,2025-04-09 11:12:52,189.0
0.54,16.9960,0.5150,96.9290,2.0490,2025-04-09 11:12:52,189.0
0.53,16.9550,0.4340,96.8360,2.0490,2025-04-09 11:12:52,189.0
0.5160,16.9460,0.5950,96.9590,1.9750,2025-04-09 11:12:52,189.0
0.5060,16.9330,0.5980,96.8660,1.9050,2025-04-09 11:12:52,189.0
0.5390,16.9430,0.5250,97.2590,2.17,2025-04-09 11:12:52,189.0
0.5360,16.9360,0.5740,96.9350,2.0130,2025-04-09 11:12:52,189.0
0.5340,16.9490,0.4380,97.0220,2.0120,2025-04-09 11:12:52,189.0
0.5180,16.9360,0.4730,96.9330,2.0180,2025-04-09 11:12:52,189.0
0.5260,16.8830,0.7070,96.95,2.1080,2025-04-09 11:12:52,189.0
0.5130,16.98,0.48,96.9930,1.9880,2025-04-09 11:12:52,189.0
0.5280,16.9360,0.5740,96.7640,1.96,2025-04-09 11:12:52,189.0
0.5390,16.9830,0.5570,97.1790,2.0570,2025-04-09 11:12:52,189.0
0.5350,16.9210,0.5810,97.0560,2.0860,2025-04-09 11:12:52,189.0
0.5490,16.8920,0.5040,97.1890,2.0930,2025-04-09 11:12:52,189.0
0.5390,16.9270,0.5150,96.7520,1.99,2025-04-09 11:12:52,189.0
0.5260,16.9110,0.5040,96.7550,1.98,2025-04-09 11:12:52,189.0
0.5510,16.9460,0.6370,97.0960,2.1760,2025-04-09 11:12:52,189.0
0.5150,16.9390,0.4270,96.8180,1.8840,2025-04-09 11:12:52,189.0
0.5270,16.9740,0.5880,96.9060,2.0420,2025-04-09 13:02:58,190.0
0.5250,16.9770,0.4380,97.1330,1.9690,2025-04-09 13:02:58,190.0
0.54,17.0090,0.6160,96.8260,2.0320,2025-04-09 13:02:58,190.0
0.5210,16.9770,0.5990,96.8460,1.9930,2025-04-09 13:02:58,190.0
0.5180,16.9360,0.5880,96.97,1.8920,2025-04-09 13:02:58,190.0
0.5250,16.9240,0.5810,97.0520,1.9230,2025-04-09 13:02:58,190.0
0.5240,17.0310,0.49,96.9110,1.9810,2025-04-09 13:02:58,190.0
0.5240,16.9990,0.5560,96.8840,1.94,2025-04-09 13:02:58,190.0
0.5240,17.0810,0.5210,96.7670,1.9050,2025-04-09 13:02:58,190.0
0.4920,16.9770,0.5430,97.0460,1.7410,2025-04-09 13:02:58,190.0
0.5420,16.9610,0.5880,97.1150,2.0390,2025-04-09 13:02:58,190.0
0.5520,17.0120,0.5320,97.1090,2.1150,2025-04-09 13:02:58,190.0
0.5290,16.9270,0.5250,96.8870,2.0040,2025-04-09 13:02:58,190.0
0.5440,16.9360,0.5430,97.1170,2.1290,2025-04-09 13:02:58,190.0
0.5330,17.0020,0.6020,97.1720,2.1020,2025-04-09 13:02:58,190.0
0.5120,16.9110,0.6340,97.0950,1.9190,2025-04-09 13:02:58,190.0
0.5290,16.9270,0.4940,97.1080,1.98,2025-04-09 13:02:58,190.0
0.5270,16.9960,0.5710,96.8030,1.9780,2025-04-09 13:02:58,190.0
0.5290,16.9140,0.5390,96.9760,2.0180,2025-04-09 13:02:58,190.0
0.5370,16.9650,0.5210,97.2440,1.8810,2025-04-09 13:02:58,190.0
0.5510,17.0750,0.4580,96.7580,2.0950,2025-04-09 19:23:04,191.0
0.5320,17.0560,0.4410,96.8350,2.0370,2025-04-09 19:23:04,191.0
0.5060,16.9270,0.6930,96.8150,1.9290,2025-04-09 19:23:04,191.0
0.5140,16.9170,0.6540,96.8080,2.09,2025-04-09 19:23:04,191.0
0.5330,16.93,0.5670,97.1180,2.0820,2025-04-09 19:23:04,191.0
0.5470,16.9710,0.4970,97.1180,2.1080,2025-04-09 19:23:04,191.0
0.5420,16.9610,0.4650,97.0140,2.1040,2025-04-09 19:23:04,191.0
0.5250,17.0020,0.5530,96.8330,2.0060,2025-04-09 19:23:04,191.0
0.5390,16.9930,0.5460,97.0130,2.1330,2025-04-09 19:23:04,191.0
0.5310,17.0180,0.5990,96.9010,2.0820,2025-04-09 19:23:04,191.0
0.5270,16.9960,0.4760,97.1190,2.1050,2025-04-09 19:23:04,191.0
0.5240,16.93,0.4790,96.8940,1.9790,2025-04-09 19:23:04,191.0
0.5560,16.99,0.5350,96.8980,2.1620,2025-04-09 19:23:04,191.0
0.5090,16.9430,0.4940,97.0490,1.9670,2025-04-09 19:23:04,191.0
0.5280,16.8920,0.55,97.1970,2.0830,2025-04-09 19:23:04,191.0
0.5360,16.9930,0.5250,96.8980,2.1520,2025-04-09 19:23:04,191.0
0.5350,16.9960,0.4480,96.8380,2.1060,2025-04-09 19:23:04,191.0
0.5110,16.9550,0.5560,96.8330,1.8370,2025-04-09 19:23:04,191.0
0.5290,16.87,0.5530,97.1710,2.1490,2025-04-09 19:23:04,191.0
0.5220,16.9610,0.5850,96.7540,2.0730,2025-04-09 19:23:04,191.0
0.5410,16.9460,0.6580,96.8390,2.0120,2025-04-09 21:33:10,192.0
0.5060,16.8830,0.6270,96.9330,1.99,2025-04-09 21:33:10,192.0
0.53,16.9710,0.5150,97.0510,2.0470,2025-04-09 21:33:10,192.0
0.4950,16.8670,0.56,97.0020,2.05,2025-04-09 21:33:10,192.0
0.5140,16.8510,0.6020,97.3720,2.0950,2025-04-09 21:33:10,192.0
0.5080,16.9110,0.4580,96.9240,2.0350,2025-04-09 21:33:10,192.0
0.5220,16.9550,0.4730,97.1370,1.9970,2025-04-09 21:33:10,192.0
0.4990,16.8730,0.5920,97.0660,2.0380,2025-04-09 21:33:10,192.0
0.5160,16.8830,0.5910,97.0630,2.0490,2025-04-09 21:33:10,192.0
0.5360,16.9770,0.5360,97.0070,2.1720,2025-04-09 21:33:10,192.0
0.5120,16.9390,0.6060,97.1040,1.9340,2025-04-09 21:33:10,192.0
0.53,16.98,0.5250,97.0130,2.0660,2025-04-09 21:33:10,192.0
0.5010,16.9650,0.5110,97.0010,1.9780,2025-04-09 21:33:10,192.0
0.5190,16.8670,0.5220,97.1450,1.9960,2025-04-09 21:33:10,192.0
0.5140,16.9360,0.6650,97.3230,1.9990,2025-04-09 21:33:10,192.0
0.52,16.9050,0.6410,97.1840,2.1230,2025-04-09 21:33:10,192.0
0.5130,16.9710,0.6190,97.1850,1.9640,2025-04-09 21:33:10,192.0
0.5090,16.9170,0.62,97.0040,2.0580,2025-04-09 21:33:10,192.0
0.5450,16.9460,0.4690,96.7510,1.9560,2025-04-09 21:33:10,192.0
0.53,16.8860,0.5990,96.9390,2.1570,2025-04-09 21:33:10,192.0
0.5150,16.9870,0.4620,97.1350,2.0550,2025-04-10 11:04:05,193.0
0.5110,16.9650,0.5880,97.1080,1.9870,2025-04-10 11:04:05,193.0
0.5520,16.98,0.5350,97.0340,2.0640,2025-04-10 11:04:05,193.0
0.5420,16.9740,0.5290,97.4710,2.0120,2025-04-10 11:04:05,193.0
0.5080,16.9080,0.5810,96.9630,1.9010,2025-04-10 11:04:05,193.0
0.5160,17.0180,0.4270,96.78,1.9910,2025-04-10 11:04:05,193.0
0.5320,17.04,0.4170,97.17,2.1520,2025-04-10 11:04:05,193.0
0.5280,16.87,0.55,96.8250,2.0850,2025-04-10 11:04:05,193.0
0.5330,17.0050,0.5740,96.8310,2.07,2025-04-10 11:04:05,193.0
0.5380,16.9930,0.4860,97.0910,2.0980,2025-04-10 11:04:05,193.0
0.5250,16.9990,0.4940,97.0890,2.1620,2025-04-10 11:04:05,193.0
0.5210,16.9270,0.55,96.8040,2.0050,2025-04-10 11:04:05,193.0
0.52,16.9610,0.4660,97.1830,2.0030,2025-04-10 11:04:05,193.0
0.5120,16.8770,0.6090,97.1010,2.1390,2025-04-10 11:04:05,193.0
0.54,16.9020,0.7490,97.1890,2.1450,2025-04-10 11:04:05,193.0
0.5350,16.9520,0.5640,96.9170,2.0750,2025-04-10 11:04:05,193.0
0.5180,16.9650,0.5460,97.2530,2.1240,2025-04-10 11:04:05,193.0
0.5280,17.0210,0.5110,97.0610,1.9750,2025-04-10 11:04:05,193.0
0.5190,16.8990,0.5110,97.1030,2.1890,2025-04-10 11:04:05,193.0
0.4980,16.8890,0.6330,96.9540,1.9290,2025-04-10 11:04:05,193.0
0.49,16.8480,0.4230,97.0250,1.9460,2025-04-10 13:04:09,194.0
0.5040,16.9960,0.4830,96.7840,1.9730,2025-04-10 13:04:09,194.0
0.4910,16.9360,0.4510,97.0310,1.9040,2025-04-10 13:04:09,194.0
0.5130,16.9140,0.5460,97.1240,2.1110,2025-04-10 13:04:09,194.0
0.5220,16.9650,0.55,96.8890,1.90,2025-04-10 13:04:09,194.0
0.4960,17.0210,0.5740,96.9550,1.9880,2025-04-10 13:04:09,194.0
0.5310,16.9460,0.6610,96.90,2.0740,2025-04-10 13:04:09,194.0
0.5150,16.9870,0.4970,97.1020,1.9160,2025-04-10 13:04:09,194.0
0.5240,17.0870,0.4690,96.7870,1.9240,2025-04-10 13:04:09,194.0
0.4730,16.98,0.41,96.9590,1.8160,2025-04-10 13:04:09,194.0
0.5340,16.9870,0.5460,97.0840,2.1660,2025-04-10 13:04:09,194.0
0.55,17.0050,0.5350,96.9520,2.0530,2025-04-10 13:04:09,194.0
0.4990,17.0050,0.4590,97.0910,1.9620,2025-04-10 13:04:09,194.0
0.5110,17.0090,0.5950,96.83,1.9050,2025-04-10 13:04:09,194.0
0.4970,16.99,0.4620,96.8710,1.9240,2025-04-10 13:04:09,194.0
0.4970,16.9240,0.5740,97.1620,1.9610,2025-04-10 13:04:09,194.0
0.5110,16.9080,0.4970,97.1110,2.0480,2025-04-10 13:04:09,194.0
0.5350,16.9960,0.6060,97.0510,2.1440,2025-04-10 13:04:09,194.0
0.5070,17.04,0.5150,97.0550,1.9750,2025-04-10 13:04:09,194.0
0.4990,16.9170,0.5530,96.99,1.9430,2025-04-10 13:04:09,194.0
0.4910,16.9990,0.5670,97.1090,1.8520,2025-04-10 19:19:17,195.0
0.5160,16.9330,0.50,97.2350,2.0680,2025-04-10 19:19:17,195.0
0.5090,17.0310,0.5080,96.9410,2.0960,2025-04-10 19:19:17,195.0
0.51,16.9610,0.4650,97.0220,1.97,2025-04-10 19:19:17,195.0
0.5050,17.0840,0.6720,96.8960,1.8830,2025-04-10 19:19:17,195.0
0.4740,16.8990,0.4730,96.9850,1.7010,2025-04-10 19:19:17,195.0
0.5180,16.88,0.5850,97.0190,2.0560,2025-04-10 19:19:17,195.0
0.5120,16.8770,0.5110,97.2250,1.9950,2025-04-10 19:19:17,195.0
0.4970,16.9870,0.6090,97.1670,2.0010,2025-04-10 19:19:17,195.0
0.5160,16.9390,0.6060,97.0440,2.06,2025-04-10 19:19:17,195.0
0.5060,16.8260,0.4060,97.2090,2.0780,2025-04-10 19:19:17,195.0
0.5110,16.9610,0.49,96.9420,2.0610,2025-04-10 19:19:17,195.0
0.4970,16.9580,0.4930,97.2510,1.83,2025-04-10 19:19:17,195.0
0.4970,16.9610,0.4870,97.1360,1.9410,2025-04-10 19:19:17,195.0
0.4840,17.0310,0.4480,97.1160,1.8460,2025-04-10 19:19:17,195.0
0.5020,16.9210,0.5810,96.7550,2.1130,2025-04-10 19:19:17,195.0
0.5110,16.88,0.50,96.9240,2.1040,2025-04-10 19:19:17,195.0
0.4970,17.0650,0.3960,96.9040,1.8510,2025-04-10 19:19:17,195.0
0.5050,16.9580,0.6270,97.2360,2.0290,2025-04-10 19:19:17,195.0
0.5210,16.9080,0.3880,96.8730,2.0430,2025-04-10 19:19:17,195.0
0.5280,16.8920,0.6330,97.0640,2.0570,2025-04-10 21:34:26,196.0
0.5090,16.9870,0.4620,96.8770,1.9020,2025-04-10 21:34:26,196.0
0.5270,16.8950,0.5210,96.9120,2.0870,2025-04-10 21:34:26,196.0
0.5170,17.04,0.6410,97.1010,2.0050,2025-04-10 21:34:26,196.0
0.5170,17.0020,0.5460,97.1380,1.94,2025-04-10 21:34:26,196.0
0.5130,16.9870,0.5390,96.9950,1.9920,2025-04-10 21:34:26,196.0
0.5240,17.0590,0.5250,97.0990,1.9970,2025-04-10 21:34:26,196.0
0.5140,16.9960,0.5740,96.8640,1.9810,2025-04-10 21:34:26,196.0
0.4890,16.7820,0.7240,96.8880,1.9490,2025-04-10 21:34:26,196.0
0.5010,16.8580,0.5210,96.8140,1.94,2025-04-10 21:34:26,196.0
0.5160,17.0050,0.5110,97.1610,1.9180,2025-04-10 21:34:26,196.0
0.5080,16.8770,0.5220,96.9040,1.8480,2025-04-10 21:34:26,196.0
0.4910,16.9110,0.6090,97.0280,1.8960,2025-04-10 21:34:26,196.0
0.5250,17.1030,0.4970,96.84,2.0820,2025-04-10 21:34:26,196.0
0.5130,16.9710,0.5150,96.7530,1.9540,2025-04-10 21:34:26,196.0
0.5010,16.8330,0.55,97.0860,1.9030,2025-04-10 21:34:26,196.0
0.5080,16.82,0.5770,96.82,1.90,2025-04-10 21:34:26,196.0
0.5370,16.9650,0.56,97.0370,2.0460,2025-04-10 21:34:26,196.0
0.51,17.0210,0.6090,96.8820,1.9590,2025-04-10 21:34:26,196.0
0.5090,16.9710,0.4550,96.9260,1.84,2025-04-10 21:34:26,196.0
0.51,16.9770,0.6790,97.2240,2.0330,2025-04-11 10:45:39,197.0
0.5060,16.9680,0.6510,96.83,1.9750,2025-04-11 10:45:39,197.0
0.5060,16.9240,0.4690,97.05,2.0080,2025-04-11 10:45:39,197.0
0.5070,16.8450,0.6270,96.9860,2.0480,2025-04-11 10:45:39,197.0
0.5210,17.0020,0.5670,96.9540,2.0030,2025-04-11 10:45:39,197.0
0.5110,16.9360,0.5460,97.1720,1.9370,2025-04-11 10:45:39,197.0
0.4970,16.8480,0.6120,96.8990,1.8420,2025-04-11 10:45:39,197.0
0.5040,16.9170,0.6120,96.9590,2.0150,2025-04-11 10:45:39,197.0
0.5250,16.9240,0.4870,96.9750,1.9780,2025-04-11 10:45:39,197.0
0.5140,17.0270,0.5770,96.8540,2.0030,2025-04-11 10:45:39,197.0
0.5240,17.0710,0.5460,96.7020,2.0590,2025-04-11 10:45:39,197.0
0.5050,16.8950,0.4790,97.0380,2.0290,2025-04-11 10:45:39,197.0
0.5250,17.0650,0.56,96.9990,1.9680,2025-04-11 10:45:39,197.0
0.5160,17.0560,0.5320,97.3420,2.1520,2025-04-11 10:45:39,197.0
0.5190,16.9580,0.4790,97.1240,2.04,2025-04-11 10:45:39,197.0
0.5010,16.9650,0.4970,97.02,2.0170,2025-04-11 10:45:39,197.0
0.5150,16.9170,0.5320,97.0470,2.0120,2025-04-11 10:45:39,197.0
0.52,17.0810,0.5810,97.2610,2.0890,2025-04-11 10:45:39,197.0
0.5330,17.0150,0.4690,97.1110,1.9890,2025-04-11 10:45:39,197.0
0.4990,17.0090,0.5810,96.8820,1.9250,2025-04-11 10:45:39,197.0
0.5040,17.0240,0.4650,97.0990,2.02,2025-04-11 12:20:43,198.0
0.5160,17.0370,0.41,97.0320,1.9830,2025-04-11 12:20:43,198.0
0.5280,16.9080,0.4760,97.0460,2.0680,2025-04-11 12:20:43,198.0
0.5070,16.8670,0.55,96.7940,2.0440,2025-04-11 12:20:43,198.0
0.5160,16.9330,0.5710,97.38,2.1050,2025-04-11 12:20:43,198.0
0.5230,16.9830,0.5950,96.9360,2.1630,2025-04-11 12:20:43,198.0
0.5170,16.9520,0.4860,97.2640,2.1220,2025-04-11 12:20:43,198.0
0.54,17.0180,0.6160,97.0290,2.0660,2025-04-11 12:20:43,198.0
0.5010,17.0270,0.5180,96.8820,2.0120,2025-04-11 12:20:43,198.0
0.5020,16.9550,0.5280,96.8430,1.98,2025-04-11 12:20:43,198.0
0.4840,16.9240,0.5710,96.7760,1.86,2025-04-11 12:20:43,198.0
0.5030,16.8950,0.5780,97.0490,2.0450,2025-04-11 12:20:43,198.0
0.5040,16.9110,0.6650,96.7850,2.0070,2025-04-11 12:20:43,198.0
0.4990,16.9830,0.4480,96.9890,2.0340,2025-04-11 12:20:43,198.0
0.5150,17.0050,0.5530,96.9680,2.1210,2025-04-11 12:20:43,198.0
0.5080,17.0020,0.5040,96.9030,2.0030,2025-04-11 12:20:43,198.0
0.5080,16.9490,0.5080,97.0940,1.9880,2025-04-11 12:20:43,198.0
0.5080,17.0020,0.5320,96.8710,2.1370,2025-04-11 12:20:43,198.0
0.5140,17.0590,0.4410,96.7760,2.0360,2025-04-11 12:20:43,198.0
0.5160,16.8950,0.4620,96.9820,2.0830,2025-04-11 12:20:43,198.0
0.5090,17.0210,0.6050,96.8870,1.9620,2025-04-11 12:55:44,199.0
0.4870,16.9930,0.50,96.9390,1.8810,2025-04-11 12:55:44,199.0
0.5020,17.0930,0.4940,96.8790,2.0280,2025-04-11 12:55:44,199.0
0.5070,17.0430,0.64,96.9620,2.0610,2025-04-11 12:55:44,199.0
0.5050,17.09,0.5850,96.8130,1.9540,2025-04-11 12:55:44,199.0
0.4920,17.0090,0.4830,96.7150,1.9380,2025-04-11 12:55:44,199.0
0.5040,17.0590,0.5880,97.1880,2.0820,2025-04-11 12:55:44,199.0
0.5080,17.0530,0.5250,97.0210,2.0060,2025-04-11 12:55:44,199.0
0.4950,16.9210,0.5250,96.9620,2.0070,2025-04-11 12:55:44,199.0
0.5030,16.8510,0.6330,97.0610,2.0280,2025-04-11 12:55:44,199.0
0.5210,16.9430,0.5420,96.8390,2.0490,2025-04-11 12:55:44,199.0
0.5170,16.99,0.50,96.9710,2.07,2025-04-11 12:55:44,199.0
0.5040,17.1060,0.5850,96.7750,1.9640,2025-04-11 12:55:44,199.0
0.5250,17.0270,0.5630,97.0560,2.10,2025-04-11 12:55:44,199.0
0.4990,16.8260,0.6580,97.3110,1.9690,2025-04-11 12:55:44,199.0
0.4880,16.9830,0.56,96.8780,1.8450,2025-04-11 12:55:44,199.0
0.5310,16.8510,0.6060,96.8110,2.1530,2025-04-11 12:55:44,199.0
0.4890,16.99,0.5560,96.9580,1.8750,2025-04-11 12:55:44,199.0
0.4980,16.9430,0.5350,96.7930,1.9990,2025-04-11 12:55:44,199.0
0.5040,17.0530,0.5560,96.8950,1.9220,2025-04-11 12:55:44,199.0
0.5280,16.9680,0.5460,96.9490,1.9140,2025-04-11 19:45:56,200.0
0.5070,16.8580,0.5420,97.13,1.8340,2025-04-11 19:45:56,200.0
0.4920,16.9140,0.49,96.94,0.0220,2025-04-11 19:45:56,200.0
0.5150,16.9550,0.5950,97.0430,1.8610,2025-04-11 19:45:56,200.0
0.5060,16.8420,0.6440,97.0430,1.9440,2025-04-11 19:45:56,200.0
0.5250,16.9610,0.4620,96.7930,1.9720,2025-04-11 19:45:56,200.0
0.5080,16.9110,0.6370,96.96,1.8260,2025-04-11 19:45:56,200.0
0.5260,16.9140,0.5110,96.88,2.1030,2025-04-11 19:45:56,200.0
0.52,16.9270,0.4550,96.9360,2.0750,2025-04-11 19:45:56,200.0
0.5360,16.9680,0.4690,97.01,1.9490,2025-04-11 19:45:56,200.0
0.5450,17.0120,0.5350,96.8910,2.0120,2025-04-11 19:45:56,200.0
0.5010,16.9240,0.5420,96.9540,1.8560,2025-04-11 19:45:56,200.0
0.51,16.8890,0.6120,97.1450,2.0220,2025-04-11 19:45:56,200.0
0.5280,16.9710,0.5770,96.96,1.9680,2025-04-11 19:45:56,200.0
0.5390,16.9610,0.6540,96.9570,2.0160,2025-04-11 19:45:56,200.0
0.5390,16.9170,0.5180,96.8560,2.0890,2025-04-11 19:45:56,200.0
0.5210,17.0050,0.5430,96.7580,2.0690,2025-04-11 19:45:56,200.0
0.5210,16.9330,0.5640,97.0560,2.0850,2025-04-11 19:45:56,200.0
0.5320,16.8860,0.5980,96.7370,1.9480,2025-04-11 19:45:56,200.0
0.5110,16.9330,0.5530,96.7390,1.8860,2025-04-11 19:45:56,200.0
0.5450,16.9140,0.4550,97.1720,2.18,2025-04-11 21:31:00,201.0
0.5230,16.9650,0.6830,97.0910,1.9550,2025-04-11 21:31:00,201.0
0.5430,17.0150,0.5780,96.9560,2.1220,2025-04-11 21:31:00,201.0
0.5310,16.9650,0.6230,96.9640,1.9880,2025-04-11 21:31:00,201.0
0.5050,16.8610,0.5910,96.9730,1.8590,2025-04-11 21:31:00,201.0
0.5340,16.8920,0.5360,97.2730,2.0870,2025-04-11 21:31:00,201.0
0.5140,16.9740,0.4860,96.8190,1.9150,2025-04-11 21:31:00,201.0
0.5430,16.9360,0.5460,96.88,2.0030,2025-04-11 21:31:00,201.0
0.5270,16.8860,0.5740,96.9580,1.9850,2025-04-11 21:31:00,201.0
0.5250,16.9360,0.5780,96.8690,1.8610,2025-04-11 21:31:00,201.0
0.5310,16.9460,0.5710,97.0170,1.9870,2025-04-11 21:31:00,201.0
0.5310,16.7860,0.6480,97.0230,1.9650,2025-04-11 21:31:00,201.0
0.53,16.9990,0.5110,97.0030,1.9720,2025-04-11 21:31:00,201.0
0.5380,17.0090,0.5560,97.1090,1.9320,2025-04-11 21:31:00,201.0
0.5020,16.8830,0.4790,96.7360,1.85,2025-04-11 21:31:00,201.0
0.52,16.8730,0.5390,97.1090,2.0520,2025-04-11 21:31:00,201.0
0.5290,16.99,0.6410,96.9030,2.1020,2025-04-11 21:31:00,201.0
0.52,16.87,0.5980,96.8880,1.9210,2025-04-11 21:31:00,201.0
0.5090,17.0120,0.4870,96.8020,1.8490,2025-04-11 21:31:00,201.0
0.5260,16.9390,0.5460,97.0670,2.1260,2025-04-11 21:31:00,201.0
0.5390,17.1250,0.4580,96.7980,2.0610,2025-04-14 12:22:30,202.0
0.5270,17.15,0.4440,97.0880,1.9610,2025-04-14 12:22:30,202.0
0.5360,17.0840,0.49,97.1690,2.1040,2025-04-14 12:22:30,202.0
0.5320,17.1090,0.5250,97.2980,1.9190,2025-04-14 12:22:30,202.0
0.5190,17.0840,0.4830,96.8090,1.8950,2025-04-14 12:22:30,202.0
0.5480,17.1220,0.4940,97.0270,2.2320,2025-04-14 12:22:30,202.0
0.5440,17.10,0.5770,97.2570,2.0560,2025-04-14 12:22:30,202.0
0.5420,17.0840,0.4380,96.8870,2.0150,2025-04-14 12:22:30,202.0
0.5380,17.1120,0.4790,96.9860,2.0640,2025-04-14 12:22:30,202.0
0.5290,17.0620,0.5770,97.1430,1.9540,2025-04-14 12:22:30,202.0
0.54,17.0750,0.6190,97.2260,1.9920,2025-04-14 12:22:30,202.0
0.5580,17.15,0.50,97.0190,2.1020,2025-04-14 12:22:30,202.0
0.5240,16.9870,0.4550,97.1780,1.9390,2025-04-14 12:22:30,202.0
0.5350,17.09,0.4830,96.7380,2.0130,2025-04-14 12:22:30,202.0
0.54,17.0090,0.4870,97.0040,2.0160,2025-04-14 12:22:30,202.0
0.5520,17.15,0.5460,96.91,2.0150,2025-04-14 12:22:30,202.0
0.5520,17.1880,0.6090,96.9090,2.1050,2025-04-14 12:22:30,202.0
0.5320,17.0120,0.4550,97.1570,2.0160,2025-04-14 12:22:30,202.0
0.5340,17.1190,0.5150,97.1210,2.1050,2025-04-14 12:22:30,202.0
0.5410,16.9870,0.4550,97.1420,1.9630,2025-04-14 12:22:30,202.0
0.5270,16.98,0.4690,97.2150,2.0310,2025-04-14 13:12:33,203.0
0.5470,17.2190,0.6270,96.7980,2.0550,2025-04-14 13:12:33,203.0
0.5470,17.0460,0.4730,96.98,2.0690,2025-04-14 13:12:33,203.0
0.5370,17.0650,0.4730,96.8640,1.8710,2025-04-14 13:12:33,203.0
0.5230,16.9870,0.4240,96.9820,2.0070,2025-04-14 13:12:33,203.0
0.5470,17.0650,0.50,97.1680,2.1560,2025-04-14 13:12:33,203.0
0.5420,17.1410,0.5180,96.7660,2.0280,2025-04-14 13:12:33,203.0
0.5370,17.0210,0.4020,97.1810,1.9010,2025-04-14 13:12:33,203.0
0.5360,17.1250,0.63,96.9580,1.98,2025-04-14 13:12:33,203.0
0.5350,17.0870,0.50,96.8820,2.0140,2025-04-14 13:12:33,203.0
0.5230,17.0780,0.5250,97.1320,1.8780,2025-04-14 13:12:33,203.0
0.5540,17.1280,0.4440,97.22,2.0490,2025-04-14 13:12:33,203.0
0.5210,17.1190,0.5880,97.0370,1.9970,2025-04-14 13:12:33,203.0
0.5290,17.1190,0.56,97.0150,1.9420,2025-04-14 13:12:33,203.0
0.5080,17.0750,0.56,96.8780,1.9130,2025-04-14 13:12:33,203.0
0.5260,16.9550,0.5040,96.8750,1.9340,2025-04-14 13:12:33,203.0
0.5180,17.0970,0.5880,96.8770,1.8570,2025-04-14 13:12:33,203.0
0.5220,17.1120,0.4380,96.9190,1.9050,2025-04-14 13:12:33,203.0
0.5240,17.1060,0.5570,96.9020,1.9920,2025-04-14 13:12:33,203.0
0.5580,17.0870,0.5250,96.9670,2.1180,2025-04-14 13:12:33,203.0
0.5430,17.0870,0.6020,96.95,2,2025-04-14 19:12:42,204.0
0.5490,17.0710,0.4830,96.9790,2.0170,2025-04-14 19:12:42,204.0
0.5310,17.0210,0.6060,96.8350,2.0810,2025-04-14 19:12:42,204.0
0.54,16.9710,0.6160,97.11,2.0880,2025-04-14 19:12:42,204.0
0.5410,17.0560,0.5220,96.9780,2.0320,2025-04-14 19:12:42,204.0
0.5330,17.0310,0.6050,97.2520,1.9250,2025-04-14 19:12:42,204.0
0.5330,17.1690,0.56,97.0290,1.9570,2025-04-14 19:12:42,204.0
0.5230,17.0370,0.62,96.8590,2.0450,2025-04-14 19:12:42,204.0
0.5230,16.9390,0.5910,97.1050,1.8340,2025-04-14 19:12:42,204.0
0.5470,16.9930,0.5740,97.0870,2.1990,2025-04-14 19:12:42,204.0
0.5160,17.0530,0.6550,97.0370,1.9050,2025-04-14 19:12:42,204.0
0.5330,17.0120,0.4730,96.7830,2.0040,2025-04-14 19:12:42,204.0
0.52,16.99,0.5640,96.8980,2.0550,2025-04-14 19:12:42,204.0
0.5360,16.9870,0.7390,96.9690,2.04,2025-04-14 19:12:42,204.0
0.5350,17.0120,0.7950,96.9830,1.9980,2025-04-14 19:12:42,204.0
0.5330,17.09,0.6130,96.9720,2.1110,2025-04-14 19:12:42,204.0
0.53,17.0270,0.5640,96.88,2.0760,2025-04-14 19:12:42,204.0
0.5190,16.9360,0.4760,96.9130,1.9690,2025-04-14 19:12:42,204.0
0.5430,16.9520,0.5910,96.9720,2.1130,2025-04-14 19:12:42,204.0
0.5240,16.99,0.5320,97.0110,1.98,2025-04-14 19:12:42,204.0
0.5170,16.8730,0.5320,97.2830,2.0580,2025-04-14 21:27:45,205.0
0.5140,17.1280,0.5460,97.11,1.8560,2025-04-14 21:27:45,205.0
0.5130,16.9170,0.5920,97.0910,2.0020,2025-04-14 21:27:45,205.0
0.5150,16.99,0.64,97.3220,1.9840,2025-04-14 21:27:45,205.0
0.5350,17.0590,0.6090,96.8630,2.0140,2025-04-14 21:27:45,205.0
0.5150,16.9830,0.5990,97.0190,1.9870,2025-04-14 21:27:45,205.0
0.5260,17.0490,0.5530,97.2910,1.9370,2025-04-14 21:27:45,205.0
0.5280,17.04,0.4940,96.8440,2.0410,2025-04-14 21:27:45,205.0
0.5260,16.9930,0.6760,97.0040,2.0390,2025-04-14 21:27:45,205.0
0.5180,17.0270,0.5950,96.9090,2.0940,2025-04-14 21:27:45,205.0
0.5610,16.9460,0.5850,97.1180,2.1160,2025-04-14 21:27:45,205.0
0.5370,16.9550,0.6330,97.1420,2.1240,2025-04-14 21:27:45,205.0
0.5320,17.0120,0.6190,97.0930,1.9250,2025-04-14 21:27:45,205.0
0.5270,17.0750,0.5980,96.79,1.9050,2025-04-14 21:27:45,205.0
0.5360,17.0870,0.5530,96.7190,1.8450,2025-04-14 21:27:45,205.0
0.52,16.9460,0.5010,97.0340,2.0770,2025-04-14 21:27:45,205.0
0.5170,16.9830,0.5320,97.14,1.8540,2025-04-14 21:27:45,205.0
0.5170,16.9990,0.5460,97.2520,1.96,2025-04-14 21:27:45,205.0
0.5190,16.9550,0.5460,96.6690,1.9940,2025-04-14 21:27:45,205.0
0.5290,17.1220,0.5040,96.7660,1.84,2025-04-14 21:27:45,205.0
0.5360,17.0150,0.4440,97.0990,1.9810,2025-04-15 11:00:07,206.0
0.5250,16.9870,0.4550,96.9010,1.9870,2025-04-15 11:00:07,206.0
0.5310,17.0710,0.49,96.9050,2.02,2025-04-15 11:00:07,206.0
0.5280,17.0340,0.4730,97.0590,2.0360,2025-04-15 11:00:07,206.0
0.53,16.99,0.49,97.0810,2.0140,2025-04-15 11:00:07,206.0
0.53,17.0710,0.42,96.9260,1.9690,2025-04-15 11:00:07,206.0
0.5310,16.9870,0.42,96.8190,1.9580,2025-04-15 11:00:07,206.0
0.5380,17.04,0.4550,97.22,2.0560,2025-04-15 11:00:07,206.0
0.5410,17.0370,0.4650,97.1290,2.1010,2025-04-15 11:00:07,206.0
0.5230,17.0270,0.5040,97.23,2.13,2025-04-15 11:00:07,206.0
0.5370,17.0780,0.5570,96.8230,1.9880,2025-04-15 11:00:07,206.0
0.5460,17.0590,0.5390,96.9780,2.2030,2025-04-15 11:00:07,206.0
0.5660,17.1590,0.5040,97.1720,2.09,2025-04-15 11:00:07,206.0
0.5320,17.1370,0.5210,97.01,2.0470,2025-04-15 11:00:07,206.0
0.5150,17.0710,0.56,96.9840,1.9170,2025-04-15 11:00:07,206.0
0.5280,16.98,0.5710,97.0480,2.0890,2025-04-15 11:00:07,206.0
0.5170,16.9330,0.5390,97.0190,1.9380,2025-04-15 11:00:07,206.0
0.5190,16.9770,0.5320,96.8820,1.9160,2025-04-15 11:00:07,206.0
0.5170,16.9710,0.4550,97.1010,2.1140,2025-04-15 11:00:07,206.0
0.5340,17.0490,0.5350,96.9580,1.9680,2025-04-15 11:00:07,206.0
0.55,17.1150,0.4440,96.9120,2.1570,2025-04-15 13:15:11,207.0
0.5460,17.0870,0.5180,96.8660,1.94,2025-04-15 13:15:11,207.0
0.5390,16.99,0.4790,96.8990,2.1140,2025-04-15 13:15:11,207.0
0.5380,17.0340,0.4340,97.0320,2.08,2025-04-15 13:15:11,207.0
0.5280,16.9580,0.4380,96.9020,2.0080,2025-04-15 13:15:11,207.0
0.5290,16.9610,0.4620,97.2450,1.9940,2025-04-15 13:15:11,207.0
0.5320,17.0270,0.4860,97.0540,2.0110,2025-04-15 13:15:11,207.0
0.5220,17.0430,0.3640,97.1250,2.0450,2025-04-15 13:15:11,207.0
0.5180,16.9770,0.5880,97.1940,2.04,2025-04-15 13:15:11,207.0
0.5310,16.9390,0.5430,97.26,2.0310,2025-04-15 13:15:11,207.0
0.5310,17.0560,0.5010,96.9170,1.9030,2025-04-15 13:15:11,207.0
0.5510,17.0210,0.5350,97.0930,2.1790,2025-04-15 13:15:11,207.0
0.5570,17.1060,0.4650,97.1980,2.35,2025-04-15 13:15:11,207.0
0.5270,16.9680,0.5560,97.0140,2.0720,2025-04-15 13:15:11,207.0
0.5230,17.0340,0.4690,97.3490,2.0040,2025-04-15 13:15:11,207.0
0.53,16.9770,0.5390,96.8790,2.0120,2025-04-15 13:15:11,207.0
0.5180,17.0810,0.5910,97.0480,1.9740,2025-04-15 13:15:11,207.0
0.5350,17.0620,0.4620,96.9840,2.0620,2025-04-15 13:15:11,207.0
0.5260,17.0020,0.4620,97.0810,2.1340,2025-04-15 13:15:11,207.0
0.5040,16.8920,0.4620,97.0220,1.9910,2025-04-15 13:15:11,207.0
0.5410,17.0050,0.6410,97.1260,2.1120,2025-04-15 19:05:15,208.0
0.52,17.04,0.5990,96.9840,1.8540,2025-04-15 19:05:15,208.0
0.5370,17.1090,0.5150,97.0020,1.9940,2025-04-15 19:05:15,208.0
0.5140,17.0490,0.5770,96.9320,1.8440,2025-04-15 19:05:15,208.0
0.5230,16.98,0.6120,96.9810,2.0050,2025-04-15 19:05:15,208.0
0.5230,16.9490,0.4970,97.0960,1.9570,2025-04-15 19:05:15,208.0
0.5330,17.0620,0.5110,96.9910,2.1220,2025-04-15 19:05:15,208.0
0.5130,17.0020,0.5180,96.9860,1.97,2025-04-15 19:05:15,208.0
0.52,17.0870,0.5290,97.0680,2.1640,2025-04-15 19:05:15,208.0
0.5270,16.9610,0.5360,96.8910,1.9440,2025-04-15 19:05:15,208.0
0.5170,17.0530,0.6970,96.8810,1.8650,2025-04-15 19:05:15,208.0
0.5240,17.0020,0.5840,96.8230,2.0440,2025-04-15 19:05:15,208.0
0.5160,17.0150,0.5640,96.8270,1.7790,2025-04-15 19:05:15,208.0
0.5110,16.9960,0.4970,96.8840,1.89,2025-04-15 19:05:15,208.0
0.5420,17.0270,0.5040,97.1520,2.1060,2025-04-15 19:05:15,208.0
0.5230,17.0240,0.5880,97.1250,1.9150,2025-04-15 19:05:15,208.0
0.5250,17.0270,0.5420,96.8550,1.84,2025-04-15 19:05:15,208.0
0.5360,17.1090,0.4940,96.7760,1.9670,2025-04-15 19:05:15,208.0
0.5360,16.99,0.5110,96.98,2.1090,2025-04-15 19:05:15,208.0
0.5210,16.9990,0.4650,96.8550,1.9650,2025-04-15 19:05:15,208.0
0.5340,17.0120,0.5560,96.8990,1.8940,2025-04-15 21:15:18,209.0
0.5150,16.9650,0.5420,97.1840,1.8480,2025-04-15 21:15:18,209.0
0.5250,17.0680,0.5950,97.0150,1.9540,2025-04-15 21:15:18,209.0
0.5270,17.0560,0.5180,97.2380,1.9280,2025-04-15 21:15:18,209.0
0.5050,17.0460,0.4620,96.9350,1.9140,2025-04-15 21:15:18,209.0
0.5190,16.9610,0.5320,97.1870,1.9420,2025-04-15 21:15:18,209.0
0.5490,17.1250,0.5950,96.8230,2.1410,2025-04-15 21:15:18,209.0
0.53,16.9930,0.4970,96.8130,1.9490,2025-04-15 21:15:18,209.0
0.5440,17.0870,0.6160,96.9370,2.0380,2025-04-15 21:15:18,209.0
0.5370,17.0430,0.55,97.1670,2.0450,2025-04-15 21:15:18,209.0
0.5130,16.9460,0.5110,97.2690,1.9280,2025-04-15 21:15:18,209.0
0.5280,17.1090,0.6330,96.78,1.9540,2025-04-15 21:15:18,209.0
0.5420,17.0840,0.6090,97.1570,1.9520,2025-04-15 21:15:18,209.0
0.5260,17.04,0.5710,96.9820,1.9630,2025-04-15 21:15:18,209.0
0.5390,17.0270,0.4790,97.1820,1.9320,2025-04-15 21:15:18,209.0
0.5210,16.98,0.5990,97.0980,2.0070,2025-04-15 21:15:18,209.0
0.5220,17.04,0.5810,96.9520,1.8130,2025-04-15 21:15:18,209.0
0.5230,16.99,0.5460,96.9670,1.9540,2025-04-15 21:15:18,209.0
0.5450,17.0680,0.5110,97.0180,2.11,2025-04-15 21:15:18,209.0
0.52,17.0560,0.55,96.8950,1.9270,2025-04-15 21:15:18,209.0
0.5270,17.0930,0.5390,96.8640,2.0250,2025-04-16 10:58:07,210.0
0.5410,17.0430,0.5640,96.9240,2.0040,2025-04-16 10:58:07,210.0
0.5320,17.0120,0.6050,97.1080,2.0120,2025-04-16 10:58:07,210.0
0.5470,17.0340,0.5250,97.15,2.1330,2025-04-16 10:58:07,210.0
0.5090,16.9680,0.5350,96.8230,1.8590,2025-04-16 10:58:07,210.0
0.5360,16.9990,0.4970,96.9380,1.9070,2025-04-16 10:58:07,210.0
0.5260,17.0650,0.5080,97.2030,1.7710,2025-04-16 10:58:07,210.0
0.5310,17.1250,0.4480,97.1230,1.9240,2025-04-16 10:58:07,210.0
0.5420,17.0090,0.5560,97.2870,1.94,2025-04-16 10:58:07,210.0
0.5490,17.0490,0.4060,96.9250,2.0430,2025-04-16 10:58:07,210.0
0.5260,17.0270,0.42,96.9910,1.9870,2025-04-16 10:58:07,210.0
0.5310,16.9960,0.4970,97.1360,1.9780,2025-04-16 10:58:07,210.0
0.5170,17.04,0.6190,96.9390,1.9230,2025-04-16 10:58:07,210.0
0.5170,17.0310,0.4730,97.0650,1.8820,2025-04-16 10:58:07,210.0
0.5110,16.9390,0.6230,97.3760,1.9190,2025-04-16 10:58:07,210.0
0.52,17.0050,0.4520,96.9910,2.0370,2025-04-16 10:58:07,210.0
0.5260,17.0370,0.4870,96.9480,2.0860,2025-04-16 10:58:07,210.0
0.5430,17.0430,0.4730,97.0930,2.0190,2025-04-16 10:58:07,210.0
0.5230,17.0210,0.5880,96.7950,1.9770,2025-04-16 10:58:07,210.0
0.5370,16.9650,0.62,97.1810,2.0530,2025-04-16 10:58:07,210.0
0.5410,17.0050,0.6120,96.8070,1.9670,2025-04-16 12:48:08,211.0
0.5530,17.0430,0.6830,97.1770,2.0680,2025-04-16 12:48:08,211.0
0.5480,17.1340,0.6120,97.0950,2.0860,2025-04-16 12:48:08,211.0
0.5290,17.04,0.8260,96.8640,2.0830,2025-04-16 12:48:08,211.0
0.5360,17.0560,0.7420,96.7870,2.1940,2025-04-16 12:48:08,211.0
0.5280,17.09,0.6890,96.7890,1.9820,2025-04-16 12:48:08,211.0
0.5360,17.0930,0.5670,96.7980,2.0970,2025-04-16 12:48:08,211.0
0.5370,17.0650,0.5150,97.2870,1.9810,2025-04-16 12:48:08,211.0
0.5190,17.0840,0.5350,96.9040,0.0160,2025-04-16 12:48:08,211.0
0.5110,17.0090,0.4550,96.7590,1.7690,2025-04-16 12:48:08,211.0
0.5360,17.0370,0.6410,96.9170,2.0310,2025-04-16 12:48:08,211.0
0.5230,17.0930,0.5460,97.2490,1.9530,2025-04-16 12:48:08,211.0
0.5320,17.0870,0.5560,97.1930,2.1170,2025-04-16 12:48:08,211.0
0.5380,17.0620,0.8160,97.1110,2.1060,2025-04-16 12:48:08,211.0
0.5280,17.0240,0.8820,96.73,1.9580,2025-04-16 12:48:08,211.0
0.5180,17.0780,0.6690,96.8860,1.9530,2025-04-16 12:48:08,211.0
0.51,17.0650,0.6120,96.8580,1.8830,2025-04-16 12:48:08,211.0
0.5090,17.0530,0.6550,96.7630,1.9370,2025-04-16 12:48:08,211.0
0.5320,17.0490,0.6160,96.8850,2.1880,2025-04-16 12:48:08,211.0
0.5330,17.0750,0.5210,97.3080,2.0340,2025-04-16 12:48:08,211.0
0.5150,16.99,0.4760,97.0130,1.9380,2025-04-16 12:58:09,212.0
0.5250,17.0460,0.5110,96.8870,1.9890,2025-04-16 12:58:09,212.0
0.52,17.0460,0.4130,96.8760,1.8470,2025-04-16 12:58:09,212.0
0.5250,17.0340,0.6160,97.0020,1.8810,2025-04-16 12:58:09,212.0
0.5290,17.1120,0.5210,97.1620,1.8950,2025-04-16 12:58:09,212.0
0.5220,17.1030,0.5530,96.9160,1.9670,2025-04-16 12:58:09,212.0
0.5320,17.0240,0.5490,96.9480,1.9580,2025-04-16 12:58:09,212.0
0.5320,17.1530,0.6120,96.8630,1.8230,2025-04-16 12:58:09,212.0
0.5170,17.0050,0.5630,96.7760,1.9130,2025-04-16 12:58:09,212.0
0.5510,17.0090,0.4690,97.22,2.0530,2025-04-16 12:58:09,212.0
0.54,17.1590,0.50,96.8840,2.0480,2025-04-16 12:58:09,212.0
0.5520,17.1150,0.4760,97.0930,2.0560,2025-04-16 12:58:09,212.0
0.5140,17.0620,0.5040,97.19,2.0160,2025-04-16 12:58:09,212.0
0.5160,17.1310,0.5290,97.1790,1.8130,2025-04-16 12:58:09,212.0
0.5170,17.0650,0.49,96.8980,1.9870,2025-04-16 12:58:09,212.0
0.5280,17.10,0.5250,96.92,1.9340,2025-04-16 12:58:09,212.0
0.5120,17.0460,0.5560,96.9950,1.9630,2025-04-16 12:58:09,212.0
0.5140,17.0180,0.6680,97.0850,1.9040,2025-04-16 12:58:09,212.0
0.5250,17.0840,0.6510,97.0570,2.0060,2025-04-16 12:58:09,212.0
0.5320,17.0270,0.5430,97.1910,2.0750,2025-04-16 12:58:09,212.0
0.5310,17.1310,0.4760,97.1210,2.0340,2025-04-16 19:18:14,213.0
0.5350,17.04,0.5250,97.0370,2.0150,2025-04-16 19:18:14,213.0
0.5270,17.0180,0.4440,96.85,2.0910,2025-04-16 19:18:14,213.0
0.5350,17.04,0.5180,96.9850,2.0550,2025-04-16 19:18:14,213.0
0.5180,17.0270,0.4620,96.88,1.8180,2025-04-16 19:18:14,213.0
0.54,17.0270,0.56,96.9660,2.14,2025-04-16 19:18:14,213.0
0.5050,16.9680,0.6370,96.6550,1.9210,2025-04-16 19:18:14,213.0
0.5180,16.9170,0.4690,96.8460,1.95,2025-04-16 19:18:14,213.0
0.5370,16.9330,0.5950,97.0260,2.1190,2025-04-16 19:18:14,213.0
0.53,16.9710,0.6330,96.8790,2.0230,2025-04-16 19:18:14,213.0
0.5350,17.0150,0.5710,96.9430,2.0140,2025-04-16 19:18:14,213.0
0.5410,17.0460,0.6120,97.0660,2.0690,2025-04-16 19:18:14,213.0
0.5220,16.9270,0.5990,97.0570,1.9930,2025-04-16 19:18:14,213.0
0.5340,16.9870,0.4870,96.8080,1.8260,2025-04-16 19:18:14,213.0
0.5210,16.9210,0.6090,97.0920,2.0070,2025-04-16 19:18:14,213.0
0.5370,16.99,0.6830,97.1220,1.9370,2025-04-16 19:18:14,213.0
0.5450,17.0310,0.6120,96.8790,1.9810,2025-04-16 19:18:14,213.0
0.5510,17.0560,0.4480,96.8960,2.0270,2025-04-16 19:18:14,213.0
0.5350,17.0310,0.4830,96.6150,2.0940,2025-04-16 19:18:14,213.0
0.5130,16.9770,0.5220,96.8560,2.02,2025-04-16 19:18:14,213.0
0.5250,17.0430,0.5290,97.1550,2.0610,2025-04-16 21:13:16,214.0
0.5190,16.9650,0.5490,96.9680,1.9920,2025-04-16 21:13:16,214.0
0.5170,16.9240,0.5150,97.0460,2,2025-04-16 21:13:16,214.0
0.5310,17.0050,0.5040,96.9050,2.1120,2025-04-16 21:13:16,214.0
0.5270,17.0680,0.5710,96.8920,1.9150,2025-04-16 21:13:16,214.0
0.5150,16.88,0.5040,97.1320,2.1450,2025-04-16 21:13:16,214.0
0.5410,16.9580,0.5880,97.0660,2.0560,2025-04-16 21:13:16,214.0
0.5270,17.0240,0.5320,96.9890,2.10,2025-04-16 21:13:16,214.0
0.5210,16.9080,0.5070,97.0660,2.0510,2025-04-16 21:13:16,214.0
0.5160,17.0020,0.5490,97.2360,1.9570,2025-04-16 21:13:16,214.0
0.4980,16.9020,0.4660,96.7190,1.9370,2025-04-16 21:13:16,214.0
0.5230,16.9550,0.6340,97.0620,2.0970,2025-04-16 21:13:16,214.0
0.5130,16.9360,0.5430,97.22,2.04,2025-04-16 21:13:16,214.0
0.5240,16.8770,0.4790,97.0150,2.1170,2025-04-16 21:13:16,214.0
0.5450,17.0210,0.6440,97.1430,2.1820,2025-04-16 21:13:16,214.0
0.5510,17.0780,0.6090,96.8390,2.1050,2025-04-16 21:13:16,214.0
0.5310,17.0240,0.4650,97.1770,2.0040,2025-04-16 21:13:16,214.0
0.5580,17.1340,0.5950,97.0470,2.1730,2025-04-16 21:13:16,214.0
0.5240,17.0150,0.4660,96.8070,2.0020,2025-04-16 21:13:16,214.0
0.5250,16.9270,0.5150,97.1070,2.0260,2025-04-16 21:13:16,214.0
0.5250,16.9240,0.6960,97.0690,1.9810,2025-04-16 21:48:16,215.0
0.54,17.0240,0.6890,97.23,2.0920,2025-04-16 21:48:16,215.0
0.5430,17.0840,0.6270,96.8640,2.0780,2025-04-16 21:48:16,215.0
0.5370,17.1810,0.7810,97.0460,1.9570,2025-04-16 21:48:16,215.0
0.5510,17.0620,0.7950,96.9050,1.9780,2025-04-16 21:48:16,215.0
0.53,17.0340,0.49,96.7430,2.1360,2025-04-16 21:48:16,215.0
0.5250,16.9740,0.6370,96.90,2.09,2025-04-16 21:48:16,215.0
0.5360,17.1220,0.6230,97.0260,1.9820,2025-04-16 21:48:16,215.0
0.5040,16.9930,0.5040,96.7960,1.8590,2025-04-16 21:48:16,215.0
0.5370,17.0780,0.6230,96.9040,1.9970,2025-04-16 21:48:16,215.0
0.5380,17.1120,0.7180,97.0580,2.10,2025-04-16 21:48:16,215.0
0.55,17.1630,0.5040,96.99,2.0780,2025-04-16 21:48:16,215.0
0.5350,17.0150,0.71,96.8130,2.0540,2025-04-16 21:48:16,215.0
0.5510,17.0620,0.6120,97.2120,2.1030,2025-04-16 21:48:16,215.0
0.5290,17.0590,0.6090,97.2870,1.9720,2025-04-16 21:48:16,215.0
0.55,17.21,0.6960,96.8480,2.1080,2025-04-16 21:48:16,215.0
0.5140,16.9740,0.6610,97.0690,1.8870,2025-04-16 21:48:16,215.0
0.5380,17.0530,0.7040,97.2280,2.0550,2025-04-16 21:48:16,215.0
0.5290,17.1310,0.7180,96.7440,1.8760,2025-04-16 21:48:16,215.0
0.5350,16.9870,0.6370,97.0680,2.0730,2025-04-16 21:48:16,215.0
0.5090,17.1340,0.7490,96.7570,1.8140,2025-04-17 10:30:35,216.0
0.5350,17.0680,0.6330,97.2890,1.9720,2025-04-17 10:30:35,216.0
0.5340,17.21,0.5740,96.8650,2.0490,2025-04-17 10:30:35,216.0
0.5230,17.0620,0.4660,96.8120,2.0250,2025-04-17 10:30:35,216.0
0.4990,17.1530,0.5040,96.9160,1.8790,2025-04-17 10:30:35,216.0
0.5190,17.0020,0.5250,96.82,1.9530,2025-04-17 10:30:35,216.0
0.5460,17.0810,0.5420,97.2340,2.2120,2025-04-17 10:30:35,216.0
0.5310,17.0970,0.6410,96.7890,2.0250,2025-04-17 10:30:35,216.0
0.52,17.0490,0.6680,97.0550,1.8680,2025-04-17 10:30:35,216.0
0.5340,17.0270,0.70,97.3810,2.0410,2025-04-17 10:30:35,216.0
0.53,17.0180,0.7420,96.9640,2.0550,2025-04-17 10:30:35,216.0
0.5280,17.0210,0.4940,97.1840,1.9240,2025-04-17 10:30:35,216.0
0.5110,17.0840,0.4270,96.7030,1.8140,2025-04-17 10:30:35,216.0
0.5260,17.0930,0.5640,96.7980,1.9570,2025-04-17 10:30:35,216.0
0.5070,17.1120,0.56,96.7370,1.9440,2025-04-17 10:30:35,216.0
0.5440,17.1120,0.4690,96.89,0.0160,2025-04-17 10:30:35,216.0
0.5150,17.1690,0.6860,96.8280,1.8060,2025-04-17 10:30:35,216.0
0.5160,17.0810,0.6830,96.7410,1.9430,2025-04-17 10:30:35,216.0
0.5280,17.10,0.5910,97.0080,2.0150,2025-04-17 10:30:35,216.0
0.5260,16.9520,0.5770,97.2080,1.9890,2025-04-17 10:30:35,216.0
0.5340,17.0680,0.6270,96.8620,2.0370,2025-04-17 10:40:36,217.0
0.5390,17.0210,0.5320,96.9270,2.05,2025-04-17 10:40:36,217.0
0.5370,16.99,0.4790,97.1790,2.0340,2025-04-17 10:40:36,217.0
0.5250,17.0430,0.5460,97.1470,2.0320,2025-04-17 10:40:36,217.0
0.51,17.0090,0.6510,96.9570,2.0130,2025-04-17 10:40:36,217.0
0.5280,16.93,0.4550,97.0180,2.0390,2025-04-17 10:40:36,217.0
0.5410,16.9990,0.6620,97.1880,2.17,2025-04-17 10:40:36,217.0
0.5150,17.0310,0.4440,97.10,1.93,2025-04-17 10:40:36,217.0
0.54,16.99,0.5490,97.1030,2,2025-04-17 10:40:36,217.0
0.5040,16.9740,0.5220,97.0380,1.8160,2025-04-17 10:40:36,217.0
0.5120,17.0370,0.5250,97.0570,2.0310,2025-04-17 10:40:36,217.0
0.5150,17.0560,0.5460,96.9640,1.9610,2025-04-17 10:40:36,217.0
0.5170,16.9650,0.6510,97.0350,1.9460,2025-04-17 10:40:36,217.0
0.54,16.9770,0.6160,96.7220,2.1220,2025-04-17 10:40:36,217.0
0.5350,17.0490,0.5420,97.0520,1.9010,2025-04-17 10:40:36,217.0
0.5390,17.0090,0.4650,96.8540,2.0830,2025-04-17 10:40:36,217.0
0.54,17.0090,0.5770,96.8830,2.0320,2025-04-17 10:40:36,217.0
0.52,16.9740,0.5290,96.9950,2.0360,2025-04-17 10:40:36,217.0
0.5570,17.0840,0.4970,96.9750,1.9780,2025-04-17 10:40:36,217.0
0.4980,17.1150,0.5740,96.8940,1.87,2025-04-17 10:40:36,217.0
0.5390,17.1530,0.5710,96.8390,2.06,2025-04-17 12:50:37,218.0
0.5540,17.0840,0.4970,96.7450,2.0740,2025-04-17 12:50:37,218.0
0.5520,17.0620,0.5210,97.2590,1.99,2025-04-17 12:50:37,218.0
0.5250,16.9830,0.5070,97.0130,1.9350,2025-04-17 12:50:37,218.0
0.5380,16.9770,0.5640,97.0640,2.1710,2025-04-17 12:50:37,218.0
0.5140,16.9390,0.4870,97.1490,1.9670,2025-04-17 12:50:37,218.0
0.5220,16.9990,0.5250,97.2010,2.0220,2025-04-17 12:50:37,218.0
0.5280,17.0150,0.5210,97.1190,2.0240,2025-04-17 12:50:37,218.0
0.5270,17.0930,0.56,96.9390,2.02,2025-04-17 12:50:37,218.0
0.5330,16.9460,0.6270,96.95,2.0320,2025-04-17 12:50:37,218.0
0.5310,16.9610,0.5360,96.7530,1.8370,2025-04-17 12:50:37,218.0
0.5530,16.9990,0.5770,96.7590,1.9670,2025-04-17 12:50:37,218.0
0.5260,16.9390,0.5910,97.1070,2.0690,2025-04-17 12:50:37,218.0
0.5440,17.0530,0.3810,97.4090,2.1290,2025-04-17 12:50:37,218.0
0.5270,16.9830,0.5250,96.8350,2.0810,2025-04-17 12:50:37,218.0
0.5230,17.0710,0.5110,96.9880,1.9610,2025-04-17 12:50:37,218.0
0.5530,17.0590,0.4870,97.1140,2.0720,2025-04-17 12:50:37,218.0
0.5440,17.0650,0.5390,96.9220,2.13,2025-04-17 12:50:37,218.0
0.5270,16.98,0.5850,97.2350,1.98,2025-04-17 12:50:37,218.0
0.5410,17.0090,0.5530,97.0190,2.1190,2025-04-17 12:50:37,218.0
0.5430,17.1310,0.71,97.1050,1.9620,2025-04-17 13:00:38,219.0
0.5330,17.0620,0.6060,97.0470,1.9160,2025-04-17 13:00:38,219.0
0.5370,17.0340,0.55,97.0530,1.9220,2025-04-17 13:00:38,219.0
0.5290,17.0970,0.5560,96.9030,1.8380,2025-04-17 13:00:38,219.0
0.5370,17.1630,0.7040,97.0040,1.9760,2025-04-17 13:00:38,219.0
0.5040,17.0020,0.77,96.8790,2.02,2025-04-17 13:00:38,219.0
0.5510,17.1410,0.8090,97.0490,2.0990,2025-04-17 13:00:38,219.0
0.5140,17.0180,0.6790,97.1020,1.9290,2025-04-17 13:00:38,219.0
0.5330,17.0310,0.5980,97.0920,1.9650,2025-04-17 13:00:38,219.0
0.5320,17.0090,0.6270,97.1030,1.9910,2025-04-17 13:00:38,219.0
0.5340,17.0090,0.7390,96.9580,2.01,2025-04-17 13:00:38,219.0
0.5450,17.0870,0.6580,96.9640,1.9030,2025-04-17 13:00:38,219.0
0.5160,17.0310,0.6130,96.8670,1.9060,2025-04-17 13:00:38,219.0
0.51,17.0340,0.5490,96.7980,1.9210,2025-04-17 13:00:38,219.0
0.52,17.0340,0.6930,96.8970,2.0470,2025-04-17 13:00:38,219.0
0.5040,16.98,0.7420,96.9850,1.8510,2025-04-17 13:00:38,219.0
0.52,17.0430,0.64,96.9280,1.9970,2025-04-17 13:00:38,219.0
0.53,16.9740,0.8330,97.0050,1.9820,2025-04-17 13:00:38,219.0
0.5060,17.0560,0.5850,96.7660,1.8490,2025-04-17 13:00:38,219.0
0.5150,16.98,0.63,97.04,1.9520,2025-04-17 13:00:38,219.0
0.5240,16.9270,0.7870,96.7930,1.8960,2025-04-17 19:05:42,220.0
0.5320,17.0270,0.6330,96.7930,2.1030,2025-04-17 19:05:42,220.0
0.53,17.0120,0.6580,96.8660,1.9250,2025-04-17 19:05:42,220.0
0.5520,17.0620,0.5210,97.1850,2.1120,2025-04-17 19:05:42,220.0
0.5390,16.9580,0.6480,96.7380,2.0440,2025-04-17 19:05:42,220.0
0.5540,17.0490,0.6580,96.9940,2.09,2025-04-17 19:05:42,220.0
0.5420,17.0530,0.5010,97.1280,1.9830,2025-04-17 19:05:42,220.0
0.5350,17.0490,0.7240,97.09,2.0940,2025-04-17 19:05:42,220.0
0.5240,17.0560,0.5990,96.95,1.9910,2025-04-17 19:05:42,220.0
0.5320,16.9830,0.6790,96.8960,2.1480,2025-04-17 19:05:42,220.0
0.5510,17.0710,0.5710,97.0510,2.1780,2025-04-17 19:05:42,220.0
0.5270,17.15,0.6540,96.9930,2.0470,2025-04-17 19:05:42,220.0
0.5360,17.0050,0.6860,96.8810,1.8870,2025-04-17 19:05:42,220.0
0.5390,16.9490,0.5950,96.8610,2.0190,2025-04-17 19:05:42,220.0
0.5160,17.0780,0.7980,97.0140,1.9060,2025-04-17 19:05:42,220.0
0.5480,17.0370,0.6960,97.3230,2.0860,2025-04-17 19:05:42,220.0
0.5260,17.0120,0.7810,97.2390,1.8810,2025-04-17 19:05:42,220.0
0.5590,17.1120,0.7070,97.01,2.1020,2025-04-17 19:05:42,220.0
0.5190,17.0020,0.6090,96.6940,2.0160,2025-04-17 19:05:42,220.0
0.5340,17.15,0.6410,96.7960,1.9720,2025-04-17 19:05:42,220.0
0.52,17.04,0.5290,96.9190,1.9020,2025-04-17 19:15:43,221.0
0.5360,17.0870,0.7040,97.16,1.9950,2025-04-17 19:15:43,221.0
0.5450,17.0240,0.4510,97.0580,2.1520,2025-04-17 19:15:43,221.0
0.5160,16.9650,0.5880,97.0350,2.0580,2025-04-17 19:15:43,221.0
0.5190,17.0460,0.5320,96.9830,1.9530,2025-04-17 19:15:43,221.0
0.5280,16.9870,0.50,97.0380,2.1010,2025-04-17 19:15:43,221.0
0.5360,17.0210,0.6610,96.9610,2.0670,2025-04-17 19:15:43,221.0
0.5370,17.0590,0.5530,97.0170,2.0450,2025-04-17 19:15:43,221.0
0.5370,16.9240,0.50,96.9560,1.9650,2025-04-17 19:15:43,221.0
0.5540,17.0150,0.5430,97.02,2.10,2025-04-17 19:15:43,221.0
0.5250,16.9270,0.4790,96.9240,2.0040,2025-04-17 19:15:43,221.0
0.5180,16.9390,0.6680,97.0160,1.9640,2025-04-17 19:15:43,221.0
0.5230,17.0370,0.4830,96.8080,1.9460,2025-04-17 19:15:43,221.0
0.5350,17.0750,0.6090,96.87,2.0640,2025-04-17 19:15:43,221.0
0.5260,17.0020,0.4130,96.8080,1.9190,2025-04-17 19:15:43,221.0
0.5410,16.9390,0.4580,97.2340,2.2380,2025-04-17 19:15:43,221.0
0.5440,16.9680,0.5740,97.0860,2.0720,2025-04-17 19:15:43,221.0
0.5130,16.9490,0.56,97.0160,1.8650,2025-04-17 19:15:43,221.0
0.5270,17.0020,0.6680,97.0170,1.9480,2025-04-17 19:15:43,221.0
0.52,16.9580,0.63,96.8970,1.9290,2025-04-17 19:15:43,221.0
0.5340,17.0870,0.6090,96.8990,2.0210,2025-04-17 21:15:45,222.0
0.5470,17.0810,0.6020,96.7760,2.1370,2025-04-17 21:15:45,222.0
0.5390,17.0150,0.5210,97.2430,2.2490,2025-04-17 21:15:45,222.0
0.5130,17.0620,0.70,97.0470,1.9740,2025-04-17 21:15:45,222.0
0.54,17.04,0.6130,97.1240,2.0390,2025-04-17 21:15:45,222.0
0.5210,17.0530,0.5710,96.9060,1.9240,2025-04-17 21:15:45,222.0
0.5310,17.0340,0.5320,96.98,2,2025-04-17 21:15:45,222.0
0.51,17.04,0.55,97.0990,1.9330,2025-04-17 21:15:45,222.0
0.5560,17.09,0.6020,97.0410,2.0940,2025-04-17 21:15:45,222.0
0.5190,17.0590,0.5350,96.98,1.9550,2025-04-17 21:15:45,222.0
0.5440,16.9870,0.63,96.8740,2.0010,2025-04-17 21:15:45,222.0
0.5260,17.0490,0.4830,96.7440,2.0720,2025-04-17 21:15:45,222.0
0.5320,16.99,0.5530,97.0690,2.0560,2025-04-17 21:15:45,222.0
0.5140,16.9870,0.5390,96.7720,1.9040,2025-04-17 21:15:45,222.0
0.5360,16.9830,0.5640,96.9290,2.1490,2025-04-17 21:15:45,222.0
0.5140,17.09,0.4340,96.88,1.9360,2025-04-17 21:15:45,222.0
0.5540,16.9930,0.4230,97.0870,2.0630,2025-04-17 21:15:45,222.0
0.5130,17.0150,0.62,96.8760,2.0480,2025-04-17 21:15:45,222.0
0.5250,17.0210,0.5360,97.20,2.0020,2025-04-17 21:15:45,222.0
0.5370,17.0150,0.6090,97.0230,2.0740,2025-04-17 21:15:45,222.0
0.5340,16.98,0.7810,97.09,2.1080,2025-04-17 21:50:46,223.0
0.53,17.0340,0.5950,96.7750,1.9740,2025-04-17 21:50:46,223.0
0.5330,17.0370,0.3710,97.1410,2.0280,2025-04-17 21:50:46,223.0
0.5480,17.0180,0.5990,97.1230,2.1980,2025-04-17 21:50:46,223.0
0.5440,17.0460,0.6230,97.1910,2.0160,2025-04-17 21:50:46,223.0
0.5310,16.9490,0.5710,97.0940,1.9620,2025-04-17 21:50:46,223.0
0.53,17.0620,0.5980,96.7370,2.1080,2025-04-17 21:50:46,223.0
0.5380,17.0240,0.6060,97.1640,2.0290,2025-04-17 21:50:46,223.0
0.5220,16.9580,0.63,96.8210,1.9520,2025-04-17 21:50:46,223.0
0.5150,16.9270,0.5880,97.2130,1.95,2025-04-17 21:50:46,223.0
0.5230,17.0090,0.6760,97.0350,2.0240,2025-04-17 21:50:46,223.0
0.5520,17.0370,0.6270,96.7940,2.0630,2025-04-17 21:50:46,223.0
0.5280,16.9770,0.7240,96.9720,2.0390,2025-04-17 21:50:46,223.0
0.5550,16.99,0.5740,97.0490,2.0790,2025-04-17 21:50:46,223.0
0.5240,16.9020,0.7240,96.7560,1.99,2025-04-17 21:50:46,223.0
0.5350,16.9330,0.6790,97.1490,2.0980,2025-04-17 21:50:46,223.0
0.5170,16.9490,0.7560,96.7340,2.0080,2025-04-17 21:50:46,223.0
0.5440,17.0240,0.6440,96.7270,2.11,2025-04-17 21:50:46,223.0
0.5320,16.9270,0.6970,97.0860,2.1170,2025-04-17 21:50:46,223.0
0.5130,16.9740,0.6270,96.7570,1.9710,2025-04-17 21:50:46,223.0
0.5270,16.9680,0.5980,96.8740,1.96,2025-04-18 10:53:27,224.0
0.5320,17.0240,0.5390,97.3460,2.0860,2025-04-18 10:53:27,224.0
0.5320,17.0090,0.4520,96.96,2.0260,2025-04-18 10:53:27,224.0
0.5330,16.9610,0.5080,97.18,2.0190,2025-04-18 10:53:27,224.0
0.5030,17.1150,0.5740,97.3730,1.8810,2025-04-18 10:53:27,224.0
0.4990,16.9770,0.4720,96.9320,1.8910,2025-04-18 10:53:27,224.0
0.5130,17.0120,0.63,96.9830,1.9430,2025-04-18 10:53:27,224.0
0.5160,17.0180,0.4860,96.9570,2.0290,2025-04-18 10:53:27,224.0
0.5260,16.9490,0.6370,96.9260,2.0240,2025-04-18 10:53:27,224.0
0.5450,16.9650,0.4860,96.9450,2.1810,2025-04-18 10:53:27,224.0
0.5250,17.0020,0.4480,97.0040,1.9180,2025-04-18 10:53:27,224.0
0.5940,17.0560,0.4970,96.9770,1.9780,2025-04-18 10:53:27,224.0
0.5640,16.9990,0.5390,97.0870,1.9910,2025-04-18 10:53:27,224.0
0.5520,16.9460,0.4730,97.0430,2.0180,2025-04-18 10:53:27,224.0
0.4670,17.0180,0.5990,96.9240,1.9220,2025-04-18 10:53:27,224.0
0.5820,17.0530,0.6020,97.1190,2.0210,2025-04-18 10:53:27,224.0
0.5580,17.0530,0.4690,96.9640,1.9940,2025-04-18 10:53:27,224.0
0.5080,17.0270,0.5530,97.1470,2.0160,2025-04-18 10:53:27,224.0
0.4590,17.1470,0.5850,96.99,1.99,2025-04-18 10:53:27,224.0
0.4450,16.9830,0.4690,96.9580,2.0440,2025-04-18 10:53:27,224.0
0.5250,16.9830,0.5220,97.4410,1.9910,2025-04-18 12:53:28,225.0
0.4430,17.0710,0.5430,97.1730,2.0070,2025-04-18 12:53:28,225.0
0.52,16.99,0.5430,97.1890,1.9840,2025-04-18 12:53:28,225.0
0.5020,16.9170,0.4870,97.1140,1.9730,2025-04-18 12:53:28,225.0
0.4880,16.9460,0.4340,97.1120,1.9570,2025-04-18 12:53:28,225.0
0.5170,16.9490,0.49,96.8160,2.17,2025-04-18 12:53:28,225.0
0.4930,16.9680,0.4870,97.0160,1.8950,2025-04-18 12:53:28,225.0
0.5180,16.99,0.4270,97.03,2.1570,2025-04-18 12:53:28,225.0
0.4630,16.9110,0.56,96.9370,1.9880,2025-04-18 12:53:28,225.0
0.5010,16.7790,0.5010,96.9030,1.8410,2025-04-18 12:53:28,225.0
0.5330,17.0490,0.4170,96.8320,2.0980,2025-04-18 12:53:28,225.0
0.4670,17.0590,0.5320,96.92,1.9850,2025-04-18 12:53:28,225.0
0.4720,16.9960,0.5710,96.7630,1.8810,2025-04-18 12:53:28,225.0
0.5060,16.9050,0.4940,96.9220,2.02,2025-04-18 12:53:28,225.0
0.4580,16.9240,0.5460,97.0080,2.1210,2025-04-18 12:53:28,225.0
0.4350,16.9990,0.4760,97.0360,1.9980,2025-04-18 12:53:28,225.0
0.5250,17.0460,0.43,96.9490,2.1050,2025-04-18 12:53:28,225.0
0.4960,16.9210,0.6890,97.2330,2.0550,2025-04-18 12:53:28,225.0
0.5340,16.98,0.4170,97.0970,2.0960,2025-04-18 12:53:28,225.0
0.5610,16.9270,0.56,96.9170,2.0210,2025-04-18 12:53:28,225.0
0.5610,17.0870,0.5280,97.0290,2.0710,2025-04-18 13:08:29,226.0
0.5070,16.9210,0.5530,96.8170,1.8920,2025-04-18 13:08:29,226.0
0.5080,17.0590,0.5810,97.0720,2.0190,2025-04-18 13:08:29,226.0
0.5490,17.0370,0.5430,97.0310,2.0940,2025-04-18 13:08:29,226.0
0.5240,17.0270,0.6020,96.9070,1.7270,2025-04-18 13:08:29,226.0
0.4950,16.9520,0.6270,96.9490,2.1210,2025-04-18 13:08:29,226.0
0.5660,17.0120,0.8010,97.0410,2.1070,2025-04-18 13:08:29,226.0
0.4970,17.0180,0.4860,96.7450,1.9280,2025-04-18 13:08:29,226.0
0.5340,17.0050,0.7140,97.1540,1.9750,2025-04-18 13:08:29,226.0
0.5330,17.0210,0.5990,97.02,1.9410,2025-04-18 13:08:29,226.0
0.5860,17.0210,0.7280,97.11,2.0770,2025-04-18 13:08:29,226.0
0.5250,16.98,0.5740,96.7730,2.4180,2025-04-18 13:08:29,226.0
0.4830,16.9140,0.6230,97.0190,2.2190,2025-04-18 13:08:29,226.0
0.5220,17.0090,0.6720,96.7590,1.95,2025-04-18 13:08:29,226.0
0.51,16.9390,0.7490,96.8830,1.8730,2025-04-18 13:08:29,226.0
0.5570,17.0150,0.5560,97.1630,2.1190,2025-04-18 13:08:29,226.0
0.5780,17.0090,0.5810,97.1380,1.9060,2025-04-18 13:08:29,226.0
0.4630,17.09,0.4440,97.1650,1.8810,2025-04-18 13:08:29,226.0
0.5150,16.9830,0.5530,96.8430,2.1270,2025-04-18 13:08:29,226.0
0.5180,16.9870,0.7040,97.1080,1.9630,2025-04-18 13:08:29,226.0
0.5570,17.0270,0.3920,96.8490,2.0410,2025-04-18 13:23:30,227.0
0.5180,16.9990,0.5390,97.1260,1.8120,2025-04-18 13:23:30,227.0
0.4780,17.0460,0.5570,96.9960,1.9560,2025-04-18 13:23:30,227.0
0.4920,16.9330,0.49,97.1350,2.0270,2025-04-18 13:23:30,227.0
0.46,17.0340,0.4090,96.9130,1.8960,2025-04-18 13:23:30,227.0
0.5020,16.8860,0.4940,97.1280,1.8360,2025-04-18 13:23:30,227.0
0.4450,17.0340,0.4450,97.0860,1.97,2025-04-18 13:23:30,227.0
0.4760,16.9610,0.4790,96.9150,2.0210,2025-04-18 13:23:30,227.0
0.4880,16.8990,0.5180,96.8660,1.9880,2025-04-18 13:23:30,227.0
0.55,17.0930,0.48,96.7860,2.1130,2025-04-18 13:23:30,227.0
0.48,16.9360,0.4940,96.9560,1.9860,2025-04-18 13:23:30,227.0
0.4970,16.93,0.5320,97.1220,2.1850,2025-04-18 13:23:30,227.0
0.4530,16.9770,0.43,96.7810,2.0020,2025-04-18 13:23:30,227.0
0.4630,16.99,0.4310,96.9780,2.0080,2025-04-18 13:23:30,227.0
0.5380,17.0590,0.3290,96.8920,1.9340,2025-04-18 13:23:30,227.0
0.5190,17.0180,0.3710,96.8920,1.9540,2025-04-18 13:23:30,227.0
0.4830,17.0020,0.5250,97.2070,1.9680,2025-04-18 13:23:30,227.0
0.4640,17.0210,0.55,96.8910,1.9110,2025-04-18 13:23:30,227.0
0.5550,16.8890,0.5740,106.7270,2.0090,2025-04-18 13:23:30,227.0
0.4610,17.1280,0.4690,96.8530,1.9570,2025-04-18 13:23:30,227.0
0.5030,16.8890,0.4760,96.9810,1.84,2025-04-18 15:33:33,228.0
0.5180,17.0340,0.4860,97.3420,2.0960,2025-04-18 15:33:33,228.0
0.5340,17.0490,0.5980,96.8990,2.0520,2025-04-18 15:33:33,228.0
0.5080,17.0340,0.4480,96.8710,1.7870,2025-04-18 15:33:33,228.0
0.55,17.0340,0.5420,96.8580,2.1780,2025-04-18 15:33:33,228.0
0.5180,16.9650,0.4660,96.77,2.0720,2025-04-18 15:33:33,228.0
0.5380,16.9990,0.4870,96.8710,2.2320,2025-04-18 15:33:33,228.0
0.5460,16.9930,0.4730,97.2740,2.0680,2025-04-18 15:33:33,228.0
0.5360,17.0530,0.4870,97.0860,1.98,2025-04-18 15:33:33,228.0
0.5160,17.0210,0.5770,97.1740,1.9670,2025-04-18 15:33:33,228.0
0.5080,16.9140,0.5320,96.9560,1.8580,2025-04-18 15:33:33,228.0
0.5270,17.0530,0.4690,97.0350,1.9660,2025-04-18 15:33:33,228.0
0.5140,16.9020,0.4830,97.2410,1.8790,2025-04-18 15:33:33,228.0
0.5480,17.0180,0.5740,97.0250,2.1190,2025-04-18 15:33:33,228.0
0.5230,16.9490,0.6270,97.0910,2.1660,2025-04-18 15:33:33,228.0
0.5390,17.1530,0.5880,97.0330,1.9670,2025-04-18 15:33:33,228.0
0.5260,17.0340,0.4790,97.2010,2.0030,2025-04-18 15:33:33,228.0
0.5320,16.8610,0.4580,97.1090,2.0080,2025-04-18 15:33:33,228.0
0.5320,16.9580,0.3850,97.0880,1.9320,2025-04-18 15:33:33,228.0
0.5350,16.93,0.5080,96.9280,2.1040,2025-04-18 15:33:33,228.0
0.5380,,,,,2025-04-18 15:53:34,229.0
0.5390,,,,,2025-04-18 15:53:34,229.0
0.5380,,,,,2025-04-18 15:53:34,229.0
0.5290,,,,,2025-04-18 15:53:34,229.0
0.5310,,,,,2025-04-18 15:53:34,229.0
0.5330,,,,,2025-04-18 15:53:34,229.0
0.5120,,,,,2025-04-18 15:53:34,229.0
0.5350,,,,,2025-04-18 15:53:34,229.0
0.5390,,,,,2025-04-18 15:53:34,229.0
0.53,,,,,2025-04-18 15:53:34,229.0
0.5260,,,,,2025-04-18 15:53:34,229.0
0.5190,,,,,2025-04-18 15:53:34,229.0
0.53,,,,,2025-04-18 15:53:34,229.0
0.5090,,,,,2025-04-18 15:53:34,229.0
0.5350,,,,,2025-04-18 15:53:34,229.0
0.5260,,,,,2025-04-18 15:53:34,229.0
0.5260,,,,,2025-04-18 15:53:34,229.0
0.5180,,,,,2025-04-18 15:53:34,229.0
0.5250,,,,,2025-04-18 15:53:34,229.0
0.5260,,,,,2025-04-18 15:58:34,230.0
0.5310,,,,,2025-04-18 15:58:34,230.0
0.5220,,,,,2025-04-18 15:58:34,230.0
0.5430,,,,,2025-04-18 15:58:34,230.0
0.5520,,,,,2025-04-18 15:58:34,230.0
0.5250,,,,,2025-04-18 15:58:34,230.0
0.51,,,,,2025-04-18 15:58:34,230.0
0.5160,,,,,2025-04-18 15:58:34,230.0
0.5590,,,,,2025-04-18 15:58:34,230.0
0.5490,,,,,2025-04-18 15:58:34,230.0
0.5120,,,,,2025-04-18 15:58:34,230.0
0.5310,,,,,2025-04-18 15:58:34,230.0
0.5170,,,,,2025-04-18 15:58:34,230.0
0.5130,,,,,2025-04-18 15:58:34,230.0
0.53,,,,,2025-04-18 15:58:34,230.0
0.5390,,,,,2025-04-18 15:58:34,230.0
0.5220,,,,,2025-04-18 15:58:34,230.0
0.5230,,,,,2025-04-18 15:58:34,230.0
0.5180,,,,,2025-04-18 15:58:34,230.0
0.5490,,,,,2025-04-18 15:58:34,230.0
0.5260,17.0310,0.4970,96.8330,2.0130,2025-04-18 16:13:35,231.0
0.5130,17.0050,0.5710,97.0310,1.9430,2025-04-18 16:13:35,231.0
0.5450,17.0120,0.4410,97.2450,2.0750,2025-04-18 16:13:35,231.0
0.5090,17.0560,0.4520,96.99,1.9520,2025-04-18 16:13:35,231.0
0.5170,16.88,0.5810,97.0280,2.0250,2025-04-18 16:13:35,231.0
0.5270,17.04,0.5740,97.03,2.01,2025-04-18 16:13:35,231.0
0.5270,17.0180,0.4690,97.1060,1.9990,2025-04-18 16:13:35,231.0
0.5520,17.0750,0.5640,96.9040,2.2130,2025-04-18 16:13:35,231.0
0.5410,17.04,0.5530,96.8280,2.0380,2025-04-18 16:13:35,231.0
0.5260,17.0620,0.3610,96.8120,2.0480,2025-04-18 16:13:35,231.0
0.5380,16.93,0.5040,97.1060,2.0580,2025-04-18 16:13:35,231.0
0.5170,16.98,0.5220,96.8020,1.9850,2025-04-18 16:13:35,231.0
0.5070,16.8450,0.43,97.2580,1.9790,2025-04-18 16:13:35,231.0
0.5320,16.9520,0.5110,97.0590,1.9790,2025-04-18 16:13:35,231.0
0.5420,16.9830,0.5280,96.9590,2.1230,2025-04-18 16:13:35,231.0
0.51,16.9170,0.5220,97.2640,2.0220,2025-04-18 16:13:35,231.0
0.52,16.9930,0.4870,97.0470,1.9610,2025-04-18 16:13:35,231.0
0.5280,16.9460,0.5250,96.7920,1.9120,2025-04-18 16:13:35,231.0
0.5260,17.0180,0.5150,96.8930,1.9350,2025-04-18 16:13:35,231.0
0.5320,17.0050,0.5080,96.8820,2.0990,2025-04-18 16:13:35,231.0
0.5270,17.0340,0.5390,96.9910,1.9140,2025-04-18 21:03:38,232.0
0.5180,16.9360,0.5530,97.1410,1.9640,2025-04-18 21:03:38,232.0
0.5250,17.0560,0.4520,96.9320,1.8610,2025-04-18 21:03:38,232.0
0.5210,16.9830,0.6090,96.8640,1.9620,2025-04-18 21:03:38,232.0
0.5650,17.1150,0.6090,96.8060,2.1410,2025-04-18 21:03:38,232.0
0.5560,16.9610,0.4380,96.76,2.1290,2025-04-18 21:03:38,232.0
0.5280,16.9550,0.5740,96.9880,1.94,2025-04-18 21:03:38,232.0
0.5510,17.0120,0.6120,97.0720,2.1090,2025-04-18 21:03:38,232.0
0.5170,17.0490,0.5040,96.7790,1.8840,2025-04-18 21:03:38,232.0
0.5150,17.0240,0.5560,96.8660,1.8810,2025-04-18 21:03:38,232.0
0.5350,16.9990,0.5080,96.9020,1.9820,2025-04-18 21:03:38,232.0
0.5290,17.0490,0.62,97.0340,1.9950,2025-04-18 21:03:38,232.0
0.53,17.04,0.6370,96.7090,2.0220,2025-04-18 21:03:38,232.0
0.5280,17.0780,0.4510,96.7650,1.9230,2025-04-18 21:03:38,232.0
0.5330,17.0090,0.6480,97.0470,1.9620,2025-04-18 21:03:38,232.0
0.5360,16.9550,0.5910,96.9860,2.0030,2025-04-18 21:03:38,232.0
0.5120,17.0650,0.5110,96.5990,1.8630,2025-04-18 21:03:38,232.0
0.5190,16.9330,0.6680,97.0260,1.9710,2025-04-18 21:03:38,232.0
0.5110,16.9430,0.6020,97.1710,0.0120,2025-04-18 21:03:38,232.0
0.5380,17.0150,0.5210,96.7770,2.1140,2025-04-18 21:03:38,232.0
0.5210,16.9740,0.6830,97.0840,1.9730,2025-04-18 21:08:39,233.0
0.5440,17.0180,0.5840,97.1540,1.9470,2025-04-18 21:08:39,233.0
0.5230,16.8860,0.7530,97.3590,1.9220,2025-04-18 21:08:39,233.0
0.5480,16.9140,0.7140,97.2520,2.1120,2025-04-18 21:08:39,233.0
0.5250,17.0370,0.7390,97.1540,1.9230,2025-04-18 21:08:39,233.0
0.5250,17.0150,0.7240,97.2350,1.9280,2025-04-18 21:08:39,233.0
0.5210,16.9930,0.7660,96.7540,1.8960,2025-04-18 21:08:39,233.0
0.5410,16.9610,0.7350,97.0760,2.1040,2025-04-18 21:08:39,233.0
0.5190,17.0120,0.5530,97.1680,1.9050,2025-04-18 21:08:39,233.0
0.5330,16.87,0.6750,96.7270,1.89,2025-04-18 21:08:39,233.0
0.5350,16.9680,0.5770,97.1290,1.9750,2025-04-18 21:08:39,233.0
0.5280,17.04,0.76,96.8210,1.9160,2025-04-18 21:08:39,233.0
0.5280,16.9870,0.5910,96.7150,1.9880,2025-04-18 21:08:39,233.0
0.5270,17.0270,0.6340,96.99,2.0420,2025-04-18 21:08:39,233.0
0.5130,17.0240,0.7140,96.7740,1.9010,2025-04-18 21:08:39,233.0
0.5340,17.1280,0.5390,96.6830,1.8820,2025-04-18 21:08:39,233.0
0.5320,16.9550,0.8720,96.7380,1.9440,2025-04-18 21:08:39,233.0
0.5110,17.0340,0.6480,97.1740,1.8160,2025-04-18 21:08:39,233.0
0.5070,16.9930,0.4730,97.0510,1.8260,2025-04-18 21:08:39,233.0
0.5590,17.0240,0.6160,97.0420,2.1030,2025-04-18 21:08:39,233.0
0.55,16.9990,0.6790,96.8280,2.1840,2025-04-21 11:49:45,234.0
0.52,16.8920,0.6550,97.1230,0.0050,2025-04-21 11:49:45,234.0
0.5380,16.9520,0.6270,96.8320,1.9510,2025-04-21 11:49:45,234.0
0.5520,17.0120,0.55,96.8040,2.0150,2025-04-21 11:49:45,234.0
0.5320,16.8170,0.6830,97.1250,1.9470,2025-04-21 11:49:45,234.0
0.5350,16.99,0.4690,97.01,2.0750,2025-04-21 11:49:45,234.0
0.5140,16.93,0.6680,97.1650,1.9610,2025-04-21 11:49:45,234.0
0.5220,16.9610,0.49,97.0610,1.9670,2025-04-21 11:49:45,234.0
0.5370,16.9080,0.5390,97.0640,2.0560,2025-04-21 11:49:45,234.0
0.5290,17.0090,0.5910,97.1130,1.94,2025-04-21 11:49:45,234.0
0.5180,17.0650,0.56,96.97,1.8440,2025-04-21 11:49:45,234.0
0.55,16.9460,0.6760,96.89,2.1660,2025-04-21 11:49:45,234.0
0.5320,17.0180,0.5390,97.0310,2.0490,2025-04-21 11:49:45,234.0
0.5430,16.9050,0.6480,96.62,2.0760,2025-04-21 11:49:45,234.0
0.53,16.99,0.63,96.7670,1.9940,2025-04-21 11:49:45,234.0
0.5220,16.9430,0.4270,96.98,1.8980,2025-04-21 11:49:45,234.0
0.5240,16.9240,0.5910,96.99,1.9310,2025-04-21 11:49:45,234.0
0.5350,17.0020,0.4660,97.0420,1.8990,2025-04-21 11:49:45,234.0
0.5280,16.9430,0.50,97.0820,2.10,2025-04-21 11:49:45,234.0
0.5290,16.9520,0.4790,96.7440,2.0540,2025-04-21 11:49:45,234.0
0.5330,16.9870,0.5420,97.0460,2.0190,2025-04-21 12:54:46,235.0
0.5340,16.9770,0.69,97.1790,2.0710,2025-04-21 12:54:46,235.0
0.5460,17.0530,0.6060,96.7880,2.0850,2025-04-21 12:54:46,235.0
0.5520,16.9650,0.6480,96.9660,2.2130,2025-04-21 12:54:46,235.0
0.5210,17.0120,0.6830,96.8510,1.9520,2025-04-21 12:54:46,235.0
0.5430,16.9960,0.6160,97.0590,2.0720,2025-04-21 12:54:46,235.0
0.5450,17.0430,0.5990,96.8010,2.1590,2025-04-21 12:54:46,235.0
0.5290,16.9520,0.6680,96.99,1.93,2025-04-21 12:54:46,235.0
0.5360,16.9960,0.5180,96.8220,1.9730,2025-04-21 12:54:46,235.0
0.5290,16.9930,0.4970,96.9170,2.0630,2025-04-21 12:54:46,235.0
0.5350,16.9520,0.5350,97.0890,1.9870,2025-04-21 12:54:46,235.0
0.5340,16.9610,0.5770,96.8780,2.0720,2025-04-21 12:54:46,235.0
0.5280,16.9610,0.5150,97.0490,1.8910,2025-04-21 12:54:46,235.0
0.5370,16.9830,0.5350,97.1440,2.0010,2025-04-21 12:54:46,235.0
0.5360,16.9360,0.6230,96.8660,2.0110,2025-04-21 12:54:46,235.0
0.5250,16.9210,0.4550,97.1080,1.8530,2025-04-21 12:54:46,235.0
0.5380,17.0240,0.6370,97.1320,1.97,2025-04-21 12:54:46,235.0
0.5450,16.9430,0.4580,97.0860,2.0410,2025-04-21 12:54:46,235.0
0.5440,16.9390,0.5640,97.10,2.0580,2025-04-21 12:54:46,235.0
0.5110,16.9140,0.5350,97.18,1.9670,2025-04-21 12:54:46,235.0
0.5150,16.9050,0.7420,96.9550,1.9450,2025-04-21 13:19:47,236.0
0.52,16.8860,0.5850,96.7780,1.8760,2025-04-21 13:19:47,236.0
0.5220,17.0490,0.6060,96.8980,2.0120,2025-04-21 13:19:47,236.0
0.5360,16.9390,0.5990,96.8780,2.0290,2025-04-21 13:19:47,236.0
0.5290,17.0180,0.56,97.1150,1.9410,2025-04-21 13:19:47,236.0
0.53,16.8830,0.7210,97.0870,1.9750,2025-04-21 13:19:47,236.0
0.5380,17.1060,0.7320,97.04,1.9710,2025-04-21 13:19:47,236.0
0.5350,16.9520,0.6860,97.0430,2.0910,2025-04-21 13:19:47,236.0
0.5480,16.9870,0.6890,96.7860,2.0540,2025-04-21 13:19:47,236.0
0.5370,16.9460,0.6830,97.0910,2.0690,2025-04-21 13:19:47,236.0
0.5560,16.9360,0.6760,97.0580,2.1610,2025-04-21 13:19:47,236.0
0.5360,16.9680,0.5390,97.1460,2.0290,2025-04-21 13:19:47,236.0
0.5350,16.9520,0.6440,97.1360,1.9080,2025-04-21 13:19:47,236.0
0.5420,16.9830,0.7950,96.9010,2.0670,2025-04-21 13:19:47,236.0
0.5160,17.0780,0.7210,96.9160,1.8820,2025-04-21 13:19:47,236.0
0.5380,16.9930,0.5740,97.0040,2.0320,2025-04-21 13:19:47,236.0
0.5460,17.0150,0.7450,97.1350,1.9910,2025-04-21 13:19:47,236.0
0.5420,16.9830,0.6760,97.1670,1.9890,2025-04-21 13:19:47,236.0
0.5270,16.9490,0.70,96.8560,1.9730,2025-04-21 13:19:47,236.0
0.5250,16.9650,0.6410,96.8940,2.1220,2025-04-21 13:19:47,236.0
0.5130,17.0240,0.6650,96.8040,1.9060,2025-04-21 18:34:50,237.0
0.4970,16.9680,0.7140,96.80,1.8740,2025-04-21 18:34:50,237.0
0.5440,17.0490,0.5710,96.7350,2.0010,2025-04-21 18:34:50,237.0
0.5220,17.0020,0.5460,96.93,1.9380,2025-04-21 18:34:50,237.0
0.53,17.0020,0.6760,97.0620,2.0340,2025-04-21 18:34:50,237.0
0.5120,16.98,0.4760,96.8020,1.8710,2025-04-21 18:34:50,237.0
0.5330,17.0150,0.6160,96.8850,1.9850,2025-04-21 18:34:50,237.0
0.5130,16.9770,0.4760,96.7860,1.8440,2025-04-21 18:34:50,237.0
0.5270,17.0270,0.6550,96.7680,1.9410,2025-04-21 18:34:50,237.0
0.5340,17.0430,0.5950,96.9120,2.0650,2025-04-21 18:34:50,237.0
0.5010,16.9550,0.5950,96.9790,1.8140,2025-04-21 18:34:50,237.0
0.5330,16.9770,0.5710,97.0930,2.1680,2025-04-21 18:34:50,237.0
0.53,16.9430,0.56,96.9720,2.0350,2025-04-21 18:34:50,237.0
0.5450,17.0870,0.5770,96.9170,2.1280,2025-04-21 18:34:50,237.0
0.5470,17.0090,0.5670,96.7860,2.0760,2025-04-21 18:34:50,237.0
0.53,17.0460,0.5320,97.0210,2.0570,2025-04-21 18:34:50,237.0
0.5520,17.0430,0.4940,96.7690,2.1850,2025-04-21 18:34:50,237.0
0.5240,16.9610,0.6370,97.0670,1.9720,2025-04-21 18:34:50,237.0
0.5180,17.0050,0.6860,97.1050,2.0690,2025-04-21 18:34:50,237.0
0.5370,17.0530,0.5290,97.0070,2.1370,2025-04-21 18:34:50,237.0
0.5170,16.9490,0.6720,97.01,1.9390,2025-04-21 18:44:52,238.0
0.5140,16.9930,0.5390,96.8070,2.09,2025-04-21 18:44:52,238.0
0.5250,16.9930,0.6190,97.1270,1.9230,2025-04-21 18:44:52,238.0
0.5380,16.9360,0.6830,96.8060,2.1380,2025-04-21 18:44:52,238.0
0.5310,16.9610,0.5950,97.10,2.0780,2025-04-21 18:44:52,238.0
0.5440,17.0090,0.5810,96.9870,2.0820,2025-04-21 18:44:52,238.0
0.5290,16.9580,0.6860,97.1490,2.14,2025-04-21 18:44:52,238.0
0.5360,16.9390,0.6410,96.9330,2.09,2025-04-21 18:44:52,238.0
0.5140,16.9170,0.7770,96.8420,1.92,2025-04-21 18:44:52,238.0
0.5490,17.1090,0.7560,97.1170,2.03,2025-04-21 18:44:52,238.0
0.5480,16.9830,0.6270,97.2070,2.1270,2025-04-21 18:44:52,238.0
0.5420,16.9830,0.7180,97.0490,2.0880,2025-04-21 18:44:52,238.0
0.5420,16.99,0.5840,97.12,2.0310,2025-04-21 18:44:52,238.0
0.5480,17.0370,0.5560,97.3260,2.1790,2025-04-21 18:44:52,238.0
0.5280,16.9930,0.8570,97.0270,2.0080,2025-04-21 18:44:52,238.0
0.5210,16.9740,0.6650,97.2930,2.0660,2025-04-21 18:44:52,238.0
0.5130,17.0150,0.7350,96.7590,1.9440,2025-04-21 18:44:52,238.0
0.5380,16.9330,0.6440,97.2060,2.0850,2025-04-21 18:44:52,238.0
0.53,16.9270,0.6410,97.0870,2.16,2025-04-21 18:44:52,238.0
0.5390,17.0560,0.7770,97.19,2.0810,2025-04-21 18:44:52,238.0
0.5480,17.1440,0.6060,96.7580,2.12,2025-04-21 21:14:53,239.0
0.5190,16.93,0.50,96.8080,1.9160,2025-04-21 21:14:53,239.0
0.5090,16.9390,0.5350,97.0210,1.9480,2025-04-21 21:14:53,239.0
0.5280,16.9550,0.6020,97.0580,2.0930,2025-04-21 21:14:53,239.0
0.5050,17.0930,0.4860,96.9870,1.8660,2025-04-21 21:14:53,239.0
0.5230,16.9740,0.6720,97.0640,1.8920,2025-04-21 21:14:53,239.0
0.5350,16.9680,0.5920,97.0560,2.0530,2025-04-21 21:14:53,239.0
0.5220,17.0490,0.6480,96.7830,2.0210,2025-04-21 21:14:53,239.0
0.5340,16.9580,0.6090,97.1170,2,2025-04-21 21:14:53,239.0
0.5170,16.9930,0.62,97.1280,2.01,2025-04-21 21:14:53,239.0
0.5290,17.0780,0.5080,96.79,2.0180,2025-04-21 21:14:53,239.0
0.5270,17.0270,0.6860,97.0760,2.0360,2025-04-21 21:14:53,239.0
0.5180,17.0240,0.6230,97.0270,1.9360,2025-04-21 21:14:53,239.0
0.5110,17.0340,0.5770,96.9470,1.9310,2025-04-21 21:14:53,239.0
0.53,17.0020,0.6510,96.8980,2.0460,2025-04-21 21:14:53,239.0
0.5260,17.0710,0.6650,96.9260,2.0670,2025-04-21 21:14:53,239.0
0.5140,16.98,0.4690,96.9380,1.8940,2025-04-21 21:14:53,239.0
0.5220,16.9770,0.5320,96.9160,2.0850,2025-04-21 21:14:53,239.0
0.5060,16.9140,0.4940,96.7990,1.8980,2025-04-21 21:14:53,239.0
0.5150,16.9930,0.6370,96.9660,1.9130,2025-04-21 21:14:53,239.0
0.5460,17.0270,0.8050,97.0210,2.1150,2025-04-21 21:24:54,240.0
0.5460,16.9990,0.5420,96.9440,2.0810,2025-04-21 21:24:54,240.0
0.5430,17.0150,0.6680,97.0770,2.0290,2025-04-21 21:24:54,240.0
0.5410,16.9680,0.5250,97.1660,2.0660,2025-04-21 21:24:54,240.0
0.5120,16.9680,0.7950,96.7630,2,2025-04-21 21:24:54,240.0
0.5530,17.0430,0.7140,97.1590,1.9570,2025-04-21 21:24:54,240.0
0.5270,17.0050,0.7740,97.0980,1.9320,2025-04-21 21:24:54,240.0
0.5330,17.0680,0.70,97.1320,1.9640,2025-04-21 21:24:54,240.0
0.5350,17.0840,0.6540,97.0550,1.9430,2025-04-21 21:24:54,240.0
0.5320,17.0240,0.7240,97.1010,2,2025-04-21 21:24:54,240.0
0.53,17.04,0.9310,96.7770,1.9640,2025-04-21 21:24:54,240.0
0.5480,17.0020,0.6440,96.7520,2.2040,2025-04-21 21:24:54,240.0
0.5540,17.0180,0.5740,97.0810,1.9480,2025-04-21 21:24:54,240.0
0.5420,17.0490,0.7660,96.8930,2.0960,2025-04-21 21:24:54,240.0
0.5380,17.0020,0.4870,97.1570,2.01,2025-04-21 21:24:54,240.0
0.5330,17.0810,0.5740,97.1750,2.06,2025-04-21 21:24:54,240.0
0.5210,17.0210,0.8050,96.85,2.0450,2025-04-21 21:24:54,240.0
0.5390,16.9740,0.7530,96.8580,2.0040,2025-04-21 21:24:54,240.0
0.53,16.9990,0.3530,96.95,2.0540,2025-04-21 21:24:54,240.0
0.5240,16.98,0.6760,96.7450,2.0510,2025-04-21 21:24:54,240.0
0.5290,17.0590,0.6330,97.1680,2.1320,2025-04-22 10:50:10,241.0
0.5730,17.0810,0.50,96.9120,2.2730,2025-04-22 10:50:10,241.0
0.5380,17.0680,0.5220,97.1010,1.9790,2025-04-22 10:50:10,241.0
0.5140,16.9460,0.5290,97.0930,2.0130,2025-04-22 10:50:10,241.0
0.5140,17.0930,0.6790,97.0510,1.8520,2025-04-22 10:50:10,241.0
0.5310,16.9520,0.5850,96.9120,1.9140,2025-04-22 10:50:10,241.0
0.5210,16.8860,0.6890,97.1720,1.9610,2025-04-22 10:50:10,241.0
0.5330,17.1280,0.4970,96.9640,1.9650,2025-04-22 10:50:10,241.0
0.5350,16.9870,0.5880,97.1130,2.0420,2025-04-22 10:50:10,241.0
0.5340,16.9650,0.5110,97.0910,2.12,2025-04-22 10:50:10,241.0
0.5440,16.9960,0.5080,97.0430,2.1140,2025-04-22 10:50:10,241.0
0.5390,16.9680,0.6370,97.1090,2.1010,2025-04-22 10:50:10,241.0
0.5320,17.0710,0.4830,96.9620,2.0730,2025-04-22 10:50:10,241.0
0.5340,17.0780,0.6370,97.08,2.0610,2025-04-22 10:50:10,241.0
0.5210,17.0430,0.4580,97.18,1.98,2025-04-22 10:50:10,241.0
0.5240,16.9650,0.4790,96.7820,1.9270,2025-04-22 10:50:10,241.0
0.5020,16.8890,0.5430,97.0060,1.84,2025-04-22 10:50:10,241.0
0.5260,16.9770,0.4580,96.8570,1.9810,2025-04-22 10:50:10,241.0
0.5290,16.9680,0.5390,97.0890,2.0570,2025-04-22 10:50:10,241.0
0.5210,17.0620,0.5210,97.1250,1.9660,2025-04-22 10:50:10,241.0
0.5280,16.9520,0.4870,97.05,2.0640,2025-04-22 13:05:12,242.0
0.5470,17.0020,0.4940,97.0020,2.2440,2025-04-22 13:05:12,242.0
0.52,16.9140,0.5810,97.1610,1.8980,2025-04-22 13:05:12,242.0
0.5190,16.9610,0.5390,96.9990,2.0050,2025-04-22 13:05:12,242.0
0.5280,17.0020,0.4940,97.0160,1.9290,2025-04-22 13:05:12,242.0
0.55,16.9610,0.5070,97.0330,2.2240,2025-04-22 13:05:12,242.0
0.5430,17.0020,0.5560,96.8140,1.9730,2025-04-22 13:05:12,242.0
0.5320,16.9870,0.4870,97.1020,1.9690,2025-04-22 13:05:12,242.0
0.5250,16.9490,0.5740,96.9350,2.1360,2025-04-22 13:05:12,242.0
0.53,16.9610,0.56,97.0610,2.09,2025-04-22 13:05:12,242.0
0.5130,16.9550,0.5110,96.8930,1.8420,2025-04-22 13:05:12,242.0
0.5070,16.8730,0.7280,96.7850,2.0130,2025-04-22 13:05:12,242.0
0.5570,17.0680,0.4760,96.9650,2.1140,2025-04-22 13:05:12,242.0
0.5180,17.0340,0.4230,96.8730,1.8890,2025-04-22 13:05:12,242.0
0.5120,16.9680,0.6120,97.06,1.8850,2025-04-22 13:05:12,242.0
0.5150,16.9550,0.5070,97.1440,1.9680,2025-04-22 13:05:12,242.0
0.5270,17.0490,0.5150,97.0330,2.0290,2025-04-22 13:05:12,242.0
0.5290,16.9140,0.5880,97.0910,2.1890,2025-04-22 13:05:12,242.0
0.5160,16.8890,0.4450,97.0940,1.9080,2025-04-22 13:05:12,242.0
0.5250,16.9170,0.5040,96.8940,1.6840,2025-04-22 13:05:12,242.0
0.5360,16.9770,0.5740,96.9320,2.0350,2025-04-22 19:00:18,243.0
0.5170,17.0270,0.5530,96.7730,2.0210,2025-04-22 19:00:18,243.0
0.5270,16.8890,0.6050,96.7690,1.9570,2025-04-22 19:00:18,243.0
0.5180,17.0210,0.5040,96.9070,1.8770,2025-04-22 19:00:18,243.0
0.5370,16.9930,0.3570,97.2950,2.0480,2025-04-22 19:00:18,243.0
0.5230,17.0020,0.4970,96.9720,2.0080,2025-04-22 19:00:18,243.0
0.5420,17.0210,0.5850,96.9860,1.9590,2025-04-22 19:00:18,243.0
0.5310,16.9360,0.5850,97.1050,2.0270,2025-04-22 19:00:18,243.0
0.5290,16.9490,0.6120,97.0710,2.07,2025-04-22 19:00:18,243.0
0.5170,16.8360,0.5360,96.9270,1.9250,2025-04-22 19:00:18,243.0
0.5180,16.8950,0.6830,97.0760,2.0150,2025-04-22 19:00:18,243.0
0.5460,16.9140,0.5250,96.9810,2.0320,2025-04-22 19:00:18,243.0
0.55,16.9140,0.5990,97.0010,2.0510,2025-04-22 19:00:18,243.0
0.5250,16.99,0.5080,96.9340,2.0380,2025-04-22 19:00:18,243.0
0.5370,17.0310,0.49,96.8150,2.0830,2025-04-22 19:00:18,243.0
0.5410,17.0530,0.4830,96.9060,2.1090,2025-04-22 19:00:18,243.0
0.53,17.0310,0.42,96.9290,1.8760,2025-04-22 19:00:18,243.0
0.5240,16.9050,0.5210,97.1060,1.9180,2025-04-22 19:00:18,243.0
0.5390,16.9390,0.5320,97.0140,2.0730,2025-04-22 19:00:18,243.0
0.5380,17.0310,0.5180,96.7540,2.0930,2025-04-22 19:00:18,243.0
0.5270,16.9490,0.4480,97.0820,2.0920,2025-04-22 21:25:20,244.0
0.50,16.9360,0.62,97.0060,1.8750,2025-04-22 21:25:20,244.0
0.53,17.0180,0.56,96.7140,1.9510,2025-04-22 21:25:20,244.0
0.5210,16.8330,0.49,96.9420,2.0660,2025-04-22 21:25:20,244.0
0.5170,16.9580,0.5280,96.7760,2.0030,2025-04-22 21:25:20,244.0
0.5280,16.9610,0.5150,97.1530,1.93,2025-04-22 21:25:20,244.0
0.5390,16.93,0.6120,97.0590,2.0640,2025-04-22 21:25:20,244.0
0.5140,16.8860,0.6370,97.0550,2.0170,2025-04-22 21:25:20,244.0
0.5150,16.93,0.4720,97.0780,2.0260,2025-04-22 21:25:20,244.0
0.5370,16.9770,0.5710,96.7940,2.0260,2025-04-22 21:25:20,244.0
0.5320,16.9770,0.4760,96.7790,2.0830,2025-04-22 21:25:20,244.0
0.5370,16.9960,0.4790,96.8030,1.9980,2025-04-22 21:25:20,244.0
0.5380,16.93,0.5080,97.3290,1.96,2025-04-22 21:25:20,244.0
0.5180,16.9930,0.49,97.0870,2.0460,2025-04-22 21:25:20,244.0
0.55,16.9580,0.5180,97.4360,2.1330,2025-04-22 21:25:20,244.0
0.5410,16.8550,0.5180,96.8950,2.0930,2025-04-22 21:25:20,244.0
0.5270,16.9580,0.5530,96.73,2.0040,2025-04-22 21:25:20,244.0
0.5110,16.9020,0.4410,97.0430,1.9390,2025-04-22 21:25:20,244.0
0.5270,16.8420,0.5710,96.82,2.0670,2025-04-22 21:25:20,244.0
0.5260,17.0810,0.5350,96.68,2.0220,2025-04-22 21:25:20,244.0
0.5310,16.9680,0.48,97.1310,2.0330,2025-04-23 11:03:35,245.0
0.5290,16.8360,0.50,97.0610,2.1580,2025-04-23 11:03:35,245.0
0.5110,17.0090,0.4020,96.9590,1.9260,2025-04-23 11:03:35,245.0
0.5250,16.93,0.5320,97.0540,1.9490,2025-04-23 11:03:35,245.0
0.5130,16.9610,0.6480,97.0770,1.9710,2025-04-23 11:03:35,245.0
0.5280,16.98,0.5180,96.7750,1.9620,2025-04-23 11:03:35,245.0
0.52,16.9650,0.5080,96.7450,2.0090,2025-04-23 11:03:35,245.0
0.5130,16.9390,0.4730,97.2410,2.0210,2025-04-23 11:03:35,245.0
0.5420,16.9430,0.5250,97.0210,2.12,2025-04-23 11:03:35,245.0
0.52,16.9520,0.55,96.7840,1.9810,2025-04-23 11:03:35,245.0
0.5360,16.9710,0.5530,96.9890,2.1210,2025-04-23 11:03:35,245.0
0.5190,16.9830,0.5950,96.8710,1.9960,2025-04-23 11:03:35,245.0
0.5110,16.9360,0.5880,96.9710,1.9550,2025-04-23 11:03:35,245.0
0.5310,17.0340,0.5780,97.0620,2.0620,2025-04-23 11:03:35,245.0
0.5230,16.9520,0.5040,96.7840,1.9840,2025-04-23 11:03:35,245.0
0.53,16.8990,0.5180,97.0990,2.0030,2025-04-23 11:03:35,245.0
0.5320,16.8670,0.43,96.9940,2.1150,2025-04-23 11:03:35,245.0
0.5140,16.98,0.4730,97.2360,2.0040,2025-04-23 11:03:35,245.0
0.5410,16.9770,0.50,96.9750,2.0010,2025-04-23 11:03:35,245.0
0.5230,17.0150,0.6510,96.74,1.93,2025-04-23 11:03:35,245.0
0.5190,16.9710,0.5250,97.2050,1.8850,2025-04-23 13:03:37,246.0
0.5070,16.99,0.5770,96.7620,1.8450,2025-04-23 13:03:37,246.0
0.5240,17.0090,0.5250,96.9430,1.9570,2025-04-23 13:03:37,246.0
0.5190,16.9770,0.5740,96.8760,1.8920,2025-04-23 13:03:37,246.0
0.5350,16.9930,0.49,96.9280,2.0260,2025-04-23 13:03:37,246.0
0.5370,17.0310,0.4130,97.0760,2.0160,2025-04-23 13:03:37,246.0
0.5220,16.9710,0.6060,96.9180,1.9860,2025-04-23 13:03:37,246.0
0.52,17.04,0.4830,97.1130,1.9440,2025-04-23 13:03:37,246.0
0.5320,17.1120,0.5770,96.7810,1.9870,2025-04-23 13:03:37,246.0
0.5310,17.0240,0.5290,96.8280,2.0460,2025-04-23 13:03:37,246.0
0.5260,17.0270,0.5180,97.1030,1.8940,2025-04-23 13:03:37,246.0
0.5370,17.0150,0.6160,97.1310,1.9010,2025-04-23 13:03:37,246.0
0.5460,17.0840,0.3850,96.7770,2.1030,2025-04-23 13:03:37,246.0
0.53,17.0340,0.3780,96.9810,1.95,2025-04-23 13:03:37,246.0
0.5440,16.9610,0.5640,96.9770,2.0180,2025-04-23 13:03:37,246.0
0.5440,17.0120,0.4970,97.12,2.2020,2025-04-23 13:03:37,246.0
0.5330,16.9550,0.5770,97.0960,2.0110,2025-04-23 13:03:37,246.0
0.5460,16.9170,0.6020,97.0560,2.0930,2025-04-23 13:03:37,246.0
0.5280,16.9140,0.4340,96.8460,1.9180,2025-04-23 13:03:37,246.0
0.5360,16.9270,0.5950,97.0040,1.9690,2025-04-23 13:03:37,246.0
0.52,16.9550,0.5110,96.8180,1.9050,2025-04-23 18:48:48,247.0
0.5240,17.0710,0.5040,97.0540,1.9710,2025-04-23 18:48:48,247.0
0.5250,16.9330,0.5180,96.9550,1.9710,2025-04-23 18:48:48,247.0
0.5350,16.98,0.5250,97.1290,1.9450,2025-04-23 18:48:48,247.0
0.5420,16.9930,0.6270,96.9910,1.98,2025-04-23 18:48:48,247.0
0.5350,17.09,0.5880,97.17,1.9530,2025-04-23 18:48:48,247.0
0.5310,16.9710,0.5840,97.0450,1.9450,2025-04-23 18:48:48,247.0
0.5350,16.9740,0.4690,97.2450,1.9830,2025-04-23 18:48:48,247.0
0.5170,16.99,0.5350,97.0130,1.8520,2025-04-23 18:48:48,247.0
0.5260,17.0460,0.5420,96.7380,1.9890,2025-04-23 18:48:48,247.0
0.5180,16.9390,0.5880,96.9880,2.0070,2025-04-23 18:48:48,247.0
0.5080,16.93,0.3670,96.8230,1.8240,2025-04-23 18:48:48,247.0
0.5490,17.0840,0.5180,97.0890,2.0310,2025-04-23 18:48:48,247.0
0.5540,16.9770,0.42,96.9810,2.2510,2025-04-23 18:48:48,247.0
0.5410,17.0210,0.6160,96.8460,2.1120,2025-04-23 18:48:48,247.0
0.5330,16.9210,0.6330,96.8220,2.0970,2025-04-23 18:48:48,247.0
0.5090,16.9680,0.6760,96.9610,1.9630,2025-04-23 18:48:48,247.0
0.5380,17.0560,0.5390,96.8750,2.0810,2025-04-23 18:48:48,247.0
0.5130,16.9650,0.4480,96.7880,1.9850,2025-04-23 18:48:48,247.0
0.5330,17.0590,0.5710,96.7560,1.9460,2025-04-23 18:48:48,247.0
0.52,16.9960,0.5670,96.7630,2.0440,2025-04-23 21:28:53,248.0
0.5220,17.0020,0.5780,96.8420,1.9540,2025-04-23 21:28:53,248.0
0.5190,16.9770,0.4380,97.1090,1.9980,2025-04-23 21:28:53,248.0
0.5270,17.0240,0.4020,96.8340,2.1870,2025-04-23 21:28:53,248.0
0.5140,16.9140,0.50,97.1520,1.9020,2025-04-23 21:28:53,248.0
0.5170,16.8890,0.6060,97.0590,1.9580,2025-04-23 21:28:53,248.0
0.5330,16.9680,0.5250,96.7960,2.0490,2025-04-23 21:28:53,248.0
0.5510,16.9360,0.4550,96.8660,1.9720,2025-04-23 21:28:53,248.0
0.5340,16.8830,0.7770,97.1220,2.0390,2025-04-23 21:28:53,248.0
0.5030,16.9020,0.5220,96.8960,1.9310,2025-04-23 21:28:53,248.0
0.5160,16.99,0.3920,96.8920,1.8210,2025-04-23 21:28:53,248.0
0.53,16.9210,0.49,96.8550,1.9580,2025-04-23 21:28:53,248.0
0.53,16.9110,0.6020,96.9010,2.1340,2025-04-23 21:28:53,248.0
0.52,16.9050,0.6610,97.2060,2.0850,2025-04-23 21:28:53,248.0
0.5210,16.9740,0.4580,97.0790,2.0460,2025-04-23 21:28:53,248.0
0.5590,16.98,0.5040,96.91,2.2170,2025-04-23 21:28:53,248.0
0.5270,16.9960,0.5710,97.0040,1.9590,2025-04-23 21:28:53,248.0
0.5380,16.9360,0.6060,97.0830,2.0850,2025-04-23 21:28:53,248.0
0.5250,17.0240,0.4620,96.76,2.0180,2025-04-23 21:28:53,248.0
0.5380,16.8830,0.6120,97.0920,2.0880,2025-04-23 21:28:53,248.0
0.5330,17.0120,0.5880,97.0950,2.0280,2025-04-24 11:21:02,249.0
0.5130,16.8990,0.5110,97.1350,1.8840,2025-04-24 11:21:02,249.0
0.5140,16.8950,0.5670,96.8780,1.9890,2025-04-24 11:21:02,249.0
0.5530,17.0180,0.5110,96.7650,2.1870,2025-04-24 11:21:02,249.0
0.5270,17.0370,0.4690,96.8240,1.96,2025-04-24 11:21:02,249.0
0.5150,16.8080,0.5710,96.9860,1.8170,2025-04-24 11:21:02,249.0
0.5270,16.98,0.5560,96.9410,1.9490,2025-04-24 11:21:02,249.0
0.5380,17.0650,0.4730,96.8080,2.0740,2025-04-24 11:21:02,249.0
0.5230,16.9390,0.4060,96.8740,2.0350,2025-04-24 11:21:02,249.0
0.5360,16.8510,0.6090,96.8750,2.06,2025-04-24 11:21:02,249.0
0.5410,17.0050,0.5740,96.8640,2.0010,2025-04-24 11:21:02,249.0
0.5310,16.8950,0.4230,96.96,2.0540,2025-04-24 11:21:02,249.0
0.5280,16.8420,0.5210,97.0080,1.9520,2025-04-24 11:21:02,249.0
0.54,16.9460,0.4860,97.13,2.0440,2025-04-24 11:21:02,249.0
0.5280,16.9610,0.4230,97.1060,1.99,2025-04-24 11:21:02,249.0
0.5240,16.9710,0.6090,97.1030,1.9930,2025-04-24 11:21:02,249.0
0.5250,16.9240,0.35,96.9330,1.9250,2025-04-24 11:21:02,249.0
0.5420,16.8390,0.4620,96.9430,2.0920,2025-04-24 11:21:02,249.0
0.5350,16.9330,0.4580,97.1490,2.0110,2025-04-24 11:21:02,249.0
0.5360,16.9610,0.5710,97.0710,1.9960,2025-04-24 11:21:02,249.0
0.5280,16.9550,0.4730,97.0240,2.0030,2025-04-24 13:16:04,250.0
0.5160,17.0620,0.4860,96.9420,1.8420,2025-04-24 13:16:04,250.0
0.5070,16.9610,0.56,96.97,1.8780,2025-04-24 13:16:04,250.0
0.5110,16.98,0.5770,96.8850,1.9020,2025-04-24 13:16:04,250.0
0.5340,16.8990,0.4550,96.9880,2.0020,2025-04-24 13:16:04,250.0
0.5280,16.9580,0.50,97.1550,2.0160,2025-04-24 13:16:04,250.0
0.5250,16.9360,0.5640,97.16,1.9130,2025-04-24 13:16:04,250.0
0.5340,17.0210,0.4830,96.9630,1.99,2025-04-24 13:16:04,250.0
0.5190,16.8260,0.5630,96.9730,1.9560,2025-04-24 13:16:04,250.0
0.5250,16.9360,0.6720,97.1870,1.9790,2025-04-24 13:16:04,250.0
0.5350,16.9050,0.4620,96.9610,2.0770,2025-04-24 13:16:04,250.0
0.5170,16.98,0.5490,97.1190,1.8860,2025-04-24 13:16:04,250.0
0.5110,17.0240,0.4970,96.9660,1.9120,2025-04-24 13:16:04,250.0
0.5550,17.0090,0.5080,96.9070,2.0660,2025-04-24 13:16:04,250.0
0.5360,16.9930,0.4060,97.1360,1.9840,2025-04-24 13:16:04,250.0
0.5340,17.0340,0.5080,96.90,1.9810,2025-04-24 13:16:04,250.0
0.5220,16.8990,0.5350,96.8610,1.8930,2025-04-24 13:16:04,250.0
0.53,16.9080,0.4940,97.1140,2.1370,2025-04-24 13:16:04,250.0
0.5120,16.9460,0.55,96.96,1.9550,2025-04-24 13:16:04,250.0
0.5380,17.0620,0.42,96.9130,2.0090,2025-04-24 13:16:04,250.0
0.5240,17.0240,0.4790,97.1680,2.0130,2025-04-24 18:51:12,251.0
0.53,16.9580,0.5320,96.8390,1.96,2025-04-24 18:51:12,251.0
0.5210,16.8890,0.63,97.0690,1.8980,2025-04-24 18:51:12,251.0
0.5180,16.87,0.5350,97.0780,1.93,2025-04-24 18:51:12,251.0
0.5240,16.8670,0.62,97.2290,1.9730,2025-04-24 18:51:12,251.0
0.5340,16.9580,0.49,96.7170,2.1410,2025-04-24 18:51:12,251.0
0.5340,17.0840,0.5770,96.8570,1.9860,2025-04-24 18:51:12,251.0
0.5290,17.0120,0.4730,96.9880,1.9620,2025-04-24 18:51:12,251.0
0.5290,16.9770,0.6190,97.0420,1.9470,2025-04-24 18:51:12,251.0
0.5230,16.8990,0.5320,97.1370,1.9650,2025-04-24 18:51:12,251.0
0.5380,16.9210,0.5630,96.7750,2.0340,2025-04-24 18:51:12,251.0
0.5350,16.9580,0.5360,97.5020,1.9830,2025-04-24 18:51:12,251.0
0.5240,16.98,0.4440,97.0860,1.8340,2025-04-24 18:51:12,251.0
0.5260,16.9870,0.5740,96.8940,1.9890,2025-04-24 18:51:12,251.0
0.52,16.98,0.5640,96.9450,1.9850,2025-04-24 18:51:12,251.0
0.5270,16.8990,0.5460,97.1620,1.9450,2025-04-24 18:51:12,251.0
0.5160,16.93,0.50,96.7870,1.8150,2025-04-24 18:51:12,251.0
0.53,16.9740,0.5290,96.6770,1.9710,2025-04-24 18:51:12,251.0
0.5250,16.8670,0.5670,97.2580,2.1310,2025-04-24 18:51:12,251.0
0.55,16.8920,0.4790,97.0910,2.2220,2025-04-24 18:51:12,251.0
0.5450,16.9210,0.5210,97.07,2.2170,2025-04-24 21:31:15,252.0
0.5310,17.0370,0.6130,97.1130,2.03,2025-04-24 21:31:15,252.0
0.5260,16.9650,0.6160,97.0150,1.9720,2025-04-24 21:31:15,252.0
0.5310,16.9740,0.5560,96.7180,2.09,2025-04-24 21:31:15,252.0
0.5180,16.9550,0.62,96.7720,1.9420,2025-04-24 21:31:15,252.0
0.5280,17.1060,0.5850,96.9620,1.9310,2025-04-24 21:31:15,252.0
0.5260,16.8860,0.4730,96.9830,2.0420,2025-04-24 21:31:15,252.0
0.5530,16.9650,0.55,97.0480,2.1570,2025-04-24 21:31:15,252.0
0.5330,16.9270,0.70,96.8840,2.0050,2025-04-24 21:31:15,252.0
0.5220,17.0120,0.5910,97.0140,2.0510,2025-04-24 21:31:15,252.0
0.5440,16.9330,0.6650,97.1010,2.0790,2025-04-24 21:31:15,252.0
0.55,17.0020,0.6020,96.9740,2.2060,2025-04-24 21:31:15,252.0
0.5120,16.9870,0.50,96.9650,1.8870,2025-04-24 21:31:15,252.0
0.5250,16.9270,0.5910,96.8760,2.1630,2025-04-24 21:31:15,252.0
0.5410,16.99,0.4970,96.9790,2.1020,2025-04-24 21:31:15,252.0
0.5370,16.9870,0.5180,96.9350,2.0960,2025-04-24 21:31:15,252.0
0.5330,16.9110,0.63,96.9450,1.9830,2025-04-24 21:31:15,252.0
0.5480,16.99,0.5040,96.9510,2.1770,2025-04-24 21:31:15,252.0
0.5170,17.0090,0.6440,96.8330,2.0270,2025-04-24 21:31:15,252.0
0.5270,17.1030,0.5710,96.8290,1.9360,2025-04-24 21:31:15,252.0
0.5350,17.0560,0.6650,97.1540,1.7670,2025-05-08 13:09:18,253.0
0.5190,16.9960,0.7950,97.0440,1.6620,2025-05-08 13:09:18,253.0
0.5350,17.0180,0.4310,96.8750,1.7740,2025-05-08 13:09:18,253.0
0.5420,16.9740,0.6510,97.0130,1.7690,2025-05-08 13:09:18,253.0
0.57,16.99,0.6020,96.8770,1.9710,2025-05-08 13:09:18,253.0
0.5260,16.9520,0.41,97.0670,1.6360,2025-05-08 13:09:18,253.0
0.5540,17.0560,0.5460,97.1280,1.8380,2025-05-08 13:09:18,253.0
0.5460,16.9990,0.55,96.9430,1.7370,2025-05-08 13:09:18,253.0
0.5320,17.0780,0.5840,97.0030,1.7050,2025-05-08 13:09:18,253.0
0.5320,16.98,0.4650,97.1310,1.82,2025-05-08 13:09:18,253.0
0.5410,16.9330,0.6720,96.8450,1.7940,2025-05-08 13:09:18,253.0
0.5320,16.9680,0.5880,96.95,1.8040,2025-05-08 13:09:18,253.0
0.5220,16.9610,0.55,97.0370,1.6180,2025-05-08 13:09:18,253.0
0.5370,16.9960,0.7520,96.8170,1.8130,2025-05-08 13:09:18,253.0
0.52,16.9580,0.7420,96.7920,1.7120,2025-05-08 13:09:18,253.0
0.5230,16.9140,0.5070,96.9180,1.6980,2025-05-08 13:09:18,253.0
0.5410,17.0490,0.4230,97.1020,1.76,2025-05-08 13:09:18,253.0
0.5260,16.9990,0.5630,96.8830,1.7150,2025-05-08 13:09:18,253.0
0.5320,17.0810,0.4450,97.0920,1.6950,2025-05-08 13:09:18,253.0
0.54,16.9990,0.4690,96.7890,1.7330,2025-05-08 13:09:18,253.0
0.5360,16.9650,0.3750,96.8270,2.1670,2025-05-12 12:59:20,254.0
0.5250,17.0150,0.3190,97.1930,2,2025-05-12 12:59:20,254.0
0.5380,16.9390,0.3010,97.13,2.0940,2025-05-12 12:59:20,254.0
0.54,16.9830,0.4760,96.8830,1.9590,2025-05-12 12:59:20,254.0
0.5270,17.0120,0.34,97.1440,1.9470,2025-05-12 12:59:20,254.0
0.5330,17.0460,0.3190,96.8360,2.1490,2025-05-12 12:59:20,254.0
0.5180,16.9830,0.34,97.2350,1.9020,2025-05-12 12:59:20,254.0
0.5390,16.9740,0.3290,96.8330,2.0330,2025-05-12 12:59:20,254.0
0.5250,16.9680,0.4440,96.8460,2.0390,2025-05-12 12:59:20,254.0
0.5340,16.9490,0.4590,96.7720,2,2025-05-12 12:59:20,254.0
0.5440,16.9770,0.42,96.8770,2.0340,2025-05-12 12:59:20,254.0
0.5560,17.0680,0.2840,96.9590,2.2810,2025-05-12 12:59:20,254.0
0.5350,16.9650,0.3360,97.5370,2.0370,2025-05-12 12:59:20,254.0
0.5480,16.9710,0.3540,96.9990,2.1530,2025-05-12 12:59:20,254.0
0.5210,16.9110,0.4580,96.9510,2.0020,2025-05-12 12:59:20,254.0
0.5380,16.9770,0.3850,97.2690,1.9260,2025-05-12 12:59:20,254.0
0.5270,17.0310,0.3220,96.8850,1.9610,2025-05-12 12:59:20,254.0
0.5280,16.9830,0.4020,97.2170,2.1330,2025-05-12 12:59:20,254.0
0.5310,16.8170,0.1780,97.0330,2.09,2025-05-12 12:59:20,254.0
0.5090,16.8770,0.3540,97.1930,1.9440,2025-05-12 12:59:20,254.0
0.5160,17.04,0.2520,97.2870,1.9660,2025-05-12 21:39:33,255.0
0.5340,17.0020,0.4760,96.8410,2.1330,2025-05-12 21:39:33,255.0
0.5270,16.9050,0.3080,97.0950,2.0310,2025-05-12 21:39:33,255.0
0.5470,16.9960,0.2970,96.9930,2.0620,2025-05-12 21:39:33,255.0
0.5420,16.9960,0.42,96.9720,2.0460,2025-05-12 21:39:33,255.0
0.5390,16.9460,0.3190,96.8780,2.1170,2025-05-12 21:39:33,255.0
0.5320,17.0490,0.3290,96.9640,1.9860,2025-05-12 21:39:33,255.0
0.5120,16.9770,0.4690,97.1570,1.98,2025-05-12 21:39:33,255.0
0.5240,16.9080,0.4090,96.9720,1.9610,2025-05-12 21:39:33,255.0
0.5170,16.9460,0.4020,97.1310,2.0230,2025-05-12 21:39:33,255.0
0.5140,17.0710,0.4870,97.1230,2.0030,2025-05-12 21:39:33,255.0
0.5030,17.0340,0.2730,96.9470,1.7860,2025-05-12 21:39:33,255.0
0.55,17.0530,0.3880,96.6810,2.1480,2025-05-12 21:39:33,255.0
0.5290,16.9430,0.3570,96.8530,1.9740,2025-05-12 21:39:33,255.0
0.5210,16.8670,0.4730,97.1280,1.99,2025-05-12 21:39:33,255.0
0.5340,17.0590,0.3880,97.0660,1.9790,2025-05-12 21:39:33,255.0
0.5150,16.8950,0.4620,96.8370,1.9960,2025-05-12 21:39:33,255.0
0.52,16.9930,0.3610,96.8290,2.0930,2025-05-12 21:39:33,255.0
0.5380,16.9580,0.4550,97.1070,2.0590,2025-05-12 21:39:33,255.0
0.5270,17.0340,0.2980,97.1870,1.9680,2025-05-12 21:39:33,255.0
0.5440,16.9990,0.3640,96.9990,2.1470,2025-05-13 11:41:14,256.0
0.5080,16.9330,0.4660,97.0690,1.7260,2025-05-13 11:41:14,256.0
0.5370,17.0240,0.3750,96.7250,1.94,2025-05-13 11:41:14,256.0
0.5460,17.0310,0.3950,96.7830,2.0720,2025-05-13 11:41:14,256.0
0.5350,16.9680,0.3320,96.9980,2.0430,2025-05-13 11:41:14,256.0
0.5260,16.9990,0.3320,96.8320,1.9720,2025-05-13 11:41:14,256.0
0.5290,16.9430,0.2870,96.8510,2.0920,2025-05-13 11:41:14,256.0
0.5380,16.9110,0.2770,96.8230,2.0580,2025-05-13 11:41:14,256.0
0.5490,16.9830,0.34,96.9680,2.0430,2025-05-13 11:41:14,256.0
0.5340,16.9240,0.3360,96.8010,2.0070,2025-05-13 11:41:14,256.0
0.5350,16.8860,0.3430,97.0640,2.0050,2025-05-13 11:41:14,256.0
0.5230,16.8670,0.2590,97.0580,1.9090,2025-05-13 11:41:14,256.0
0.5110,16.8920,0.3990,97.1080,1.8310,2025-05-13 11:41:14,256.0
0.5210,16.93,0.5320,97.2310,2.0080,2025-05-13 11:41:14,256.0
0.5220,16.9610,0.3220,97.05,1.86,2025-05-13 11:41:14,256.0
0.5510,16.8920,0.3710,96.8190,2.0820,2025-05-13 11:41:14,256.0
0.5070,16.9740,0.2550,96.8630,1.9490,2025-05-13 11:41:14,256.0
0.5180,16.9770,0.5740,97.1570,1.8750,2025-05-13 11:41:14,256.0
0.5140,17.0240,0.2590,96.8770,1.9070,2025-05-13 11:41:14,256.0
0.5360,16.9520,0.3710,96.6740,1.9750,2025-05-13 11:41:14,256.0
0.5090,17.0150,0.28,96.8730,1.93,2025-05-13 13:11:17,257.0
0.5190,16.9430,0.2910,97.1130,1.9410,2025-05-13 13:11:17,257.0
0.5240,17.0460,0.5250,96.9210,1.82,2025-05-13 13:11:17,257.0
0.5370,17.0180,0.2590,96.7440,2.0240,2025-05-13 13:11:17,257.0
0.5240,16.93,0.3220,96.9330,1.9590,2025-05-13 13:11:17,257.0
0.5180,17.0270,0.3430,97.0820,1.9630,2025-05-13 13:11:17,257.0
0.5070,16.9680,0.4020,96.9190,0.0130,2025-05-13 13:11:17,257.0
0.5280,16.99,0.3540,96.8390,2.0130,2025-05-13 13:11:17,257.0
0.50,16.9520,0.3150,96.8850,1.8710,2025-05-13 13:11:17,257.0
0.5070,16.9610,0.5560,96.7890,1.76,2025-05-13 13:11:17,257.0
0.52,16.9710,0.4090,97.1440,1.94,2025-05-13 13:11:17,257.0
0.5150,17.0240,0.4310,96.7520,1.9620,2025-05-13 13:11:17,257.0
0.5210,17.0240,0.3190,97.2440,1.9390,2025-05-13 13:11:17,257.0
0.53,17.0120,0.3990,96.74,1.9230,2025-05-13 13:11:17,257.0
0.5280,17.0120,0.2840,97.14,1.8920,2025-05-13 13:11:17,257.0
0.5230,16.9170,0.3680,97.2630,2.0080,2025-05-13 13:11:17,257.0
0.5160,16.9830,0.2870,97.0810,2,2025-05-13 13:11:17,257.0
0.5090,16.9610,0.2730,96.84,1.8960,2025-05-13 13:11:17,257.0
0.5220,16.9650,0.3640,96.7860,1.9770,2025-05-13 13:11:17,257.0
0.5180,16.9460,0.3330,96.8410,1.9440,2025-05-13 13:11:17,257.0
0.5270,16.9830,0.3290,96.8320,2.0020,2025-05-13 21:41:30,258.0
0.5140,16.93,0.3360,97.0710,1.9340,2025-05-13 21:41:30,258.0
0.5250,16.9990,0.3190,96.8840,1.9730,2025-05-13 21:41:30,258.0
0.5280,16.9650,0.4230,97.1610,2.0480,2025-05-13 21:41:30,258.0
0.5460,17.0020,0.4020,97.1540,2.0420,2025-05-13 21:41:30,258.0
0.5210,17.0210,0.4480,96.9120,1.9940,2025-05-13 21:41:30,258.0
0.5360,17.0210,0.3360,96.8330,2.1770,2025-05-13 21:41:30,258.0
0.5280,17.0490,0.5740,96.9710,2.0810,2025-05-13 21:41:30,258.0
0.53,16.9580,0.2560,97.0440,2.0890,2025-05-13 21:41:30,258.0
0.53,16.8770,0.4580,97.1860,1.9310,2025-05-13 21:41:30,258.0
0.5280,16.9390,0.2980,97.2270,2.0350,2025-05-13 21:41:30,258.0
0.5130,16.9020,0.2660,96.9570,1.9780,2025-05-13 21:41:30,258.0
0.5250,16.9650,0.4340,96.8660,2.0010,2025-05-13 21:41:30,258.0
0.5190,16.9770,0.4380,96.9030,2.1080,2025-05-13 21:41:30,258.0
0.5380,16.9580,0.3250,96.8560,2.0680,2025-05-13 21:41:30,258.0
0.5170,17.0870,0.5850,96.9710,1.9470,2025-05-13 21:41:30,258.0
0.5360,16.9270,0.4790,96.8740,2.0470,2025-05-13 21:41:30,258.0
0.5240,16.8860,0.41,96.8650,2.0290,2025-05-13 21:41:30,258.0
0.5260,17.0120,0.4550,96.9010,2.1130,2025-05-13 21:41:30,258.0
0.5350,17.0370,0.3990,96.8580,2.0020,2025-05-13 21:41:30,258.0
0.5460,16.9740,0.4230,97.0880,2.0140,2025-05-14 12:58:43,259.0
0.5420,17.0090,0.41,97.0450,2.0670,2025-05-14 12:58:43,259.0
0.5490,17.0120,0.3570,96.8250,1.9940,2025-05-14 12:58:43,259.0
0.53,16.9330,0.5080,96.95,1.9220,2025-05-14 12:58:43,259.0
0.5330,16.98,0.5110,96.8280,2.0050,2025-05-14 12:58:43,259.0
0.55,16.9360,0.42,97.0810,2.1440,2025-05-14 12:58:43,259.0
0.5170,17.0050,0.4310,96.8740,1.8540,2025-05-14 12:58:43,259.0
0.5630,17.0560,0.4580,96.94,2.2420,2025-05-14 12:58:43,259.0
0.5380,17.0650,0.3880,96.8070,1.9870,2025-05-14 12:58:43,259.0
0.5140,16.9390,0.2940,96.9790,1.8190,2025-05-14 12:58:43,259.0
0.5450,17.0750,0.3460,97.2080,2.0080,2025-05-14 12:58:43,259.0
0.5270,16.9770,0.49,97.1880,2.0030,2025-05-14 12:58:43,259.0
0.5230,16.9490,0.4060,97.3510,1.9740,2025-05-14 12:58:43,259.0
0.5330,16.9240,0.3880,97.1260,1.9070,2025-05-14 12:58:43,259.0
0.5470,17.0180,0.3290,97.2360,2.0640,2025-05-14 12:58:43,259.0
0.5410,16.9140,0.3640,97.1280,2.0770,2025-05-14 12:58:43,259.0
0.5240,16.9430,0.4090,97.2260,1.8310,2025-05-14 12:58:43,259.0
0.5580,16.9460,0.41,97.1780,2.1770,2025-05-14 12:58:43,259.0
0.5240,16.9990,0.56,97.10,1.9940,2025-05-14 12:58:43,259.0
0.5070,16.9650,0.2660,96.8730,1.8820,2025-05-14 12:58:43,259.0
0.5150,16.9110,0.29,97.3010,1.8960,2025-05-14 19:29:15,260.0
0.5330,16.9080,0.3670,97.1650,2.1650,2025-05-14 19:29:15,260.0
0.5280,16.8610,0.2940,97.4270,2.0950,2025-05-14 19:29:15,260.0
0.54,16.9170,0.4410,97.1490,1.9920,2025-05-14 19:29:15,260.0
0.5380,16.9460,0.5150,97.2510,2.14,2025-05-14 19:29:15,260.0
0.5430,16.9740,0.29,97.0670,2.14,2025-05-14 19:29:15,260.0
0.5170,16.9550,0.4090,97.0170,1.9430,2025-05-14 19:29:15,260.0
0.5210,16.9210,0.2940,97.2080,2.02,2025-05-14 19:29:15,260.0
0.5290,16.8920,0.4340,97.2320,2.0530,2025-05-14 19:29:15,260.0
0.5070,16.8860,0.49,97.2070,1.8990,2025-05-14 19:29:15,260.0
0.5150,16.9710,0.3250,97.0080,2.0530,2025-05-14 19:29:15,260.0
0.5220,16.9430,0.2840,96.93,1.9570,2025-05-14 19:29:15,260.0
0.5210,17.1190,0.5640,96.96,1.9680,2025-05-14 19:29:15,260.0
0.5270,16.88,0.4870,97.0860,1.97,2025-05-14 19:29:15,260.0
0.5450,16.9270,0.3460,96.9050,1.9670,2025-05-14 19:29:15,260.0
0.5340,16.8510,0.4060,97.20,2.1530,2025-05-14 19:29:15,260.0
0.4990,16.9170,0.3010,96.9270,1.8910,2025-05-14 19:29:15,260.0
0.5480,16.9870,0.4170,97.0680,2.0310,2025-05-14 19:29:15,260.0
0.5250,16.9930,0.4970,97.0450,1.9480,2025-05-14 19:29:15,260.0
0.5340,16.99,0.5150,97.0260,1.9860,2025-05-14 19:29:15,260.0
0.5210,16.9210,0.4790,97.4490,1.9660,2025-05-14 21:39:18,261.0
0.5240,16.9390,0.3750,97.1050,1.9280,2025-05-14 21:39:18,261.0
0.5280,16.8920,0.5810,97.4070,2.0370,2025-05-14 21:39:18,261.0
0.5230,16.9430,0.49,97.1380,2.1130,2025-05-14 21:39:18,261.0
0.5170,16.9580,0.3640,97.2150,1.9870,2025-05-14 21:39:18,261.0
0.5450,17.0050,0.5460,96.8550,2.1050,2025-05-14 21:39:18,261.0
0.5480,16.9520,0.4790,97.1030,2.2740,2025-05-14 21:39:18,261.0
0.5350,16.9580,0.5150,97.3880,2.0650,2025-05-14 21:39:18,261.0
0.5270,17.0050,0.34,96.90,2.05,2025-05-14 21:39:18,261.0
0.5440,16.9740,0.3290,96.7670,2.10,2025-05-14 21:39:18,261.0
0.5310,16.9270,0.3670,97.0590,2.0380,2025-05-14 21:39:18,261.0
0.5270,17.0240,0.4550,96.9620,1.74,2025-05-14 21:39:18,261.0
0.5250,16.9580,0.4580,97.0760,2.1090,2025-05-14 21:39:18,261.0
0.5540,16.98,0.3570,97.2070,2.1730,2025-05-14 21:39:18,261.0
0.5290,16.9550,0.3570,96.7590,2.0050,2025-05-14 21:39:18,261.0
0.5320,16.87,0.3990,97.0870,1.9620,2025-05-14 21:39:18,261.0
0.5410,16.9740,0.3460,97.1510,2.0050,2025-05-14 21:39:18,261.0
0.5230,17.0120,0.3890,96.8310,2.0620,2025-05-14 21:39:18,261.0
0.5250,16.9610,0.4020,97.26,1.9680,2025-05-14 21:39:18,261.0
0.5110,16.9520,0.3540,96.9380,2.05,2025-05-14 21:39:18,261.0
0.5240,16.9050,0.3430,96.9370,1.9420,2025-05-15 10:46:16,262.0
0.5460,16.8770,0.3850,97.1460,2.1290,2025-05-15 10:46:16,262.0
0.5370,16.9360,0.4230,97.2240,1.9370,2025-05-15 10:46:16,262.0
0.5180,16.9460,0.4580,96.9650,1.9230,2025-05-15 10:46:16,262.0
0.5260,16.8860,0.4230,97.1110,1.9790,2025-05-15 10:46:16,262.0
0.5210,16.9020,0.3670,97.3490,2.0420,2025-05-15 10:46:16,262.0
0.5160,16.9170,0.2870,97.0750,1.8480,2025-05-15 10:46:16,262.0
0.5560,16.9650,0.3290,96.7720,2.2410,2025-05-15 10:46:16,262.0
0.5380,16.9830,0.3750,97.0380,2.0630,2025-05-15 10:46:16,262.0
0.5370,16.9930,0.4270,97.1710,2.0850,2025-05-15 10:46:16,262.0
0.56,16.9210,0.2840,97.1010,2.1820,2025-05-15 10:46:16,262.0
0.5460,16.9520,0.3710,96.8850,2.0810,2025-05-15 10:46:16,262.0
0.5410,17.0560,0.3080,97.1190,2.0930,2025-05-15 10:46:16,262.0
0.5260,16.9390,0.3670,96.88,2.0750,2025-05-15 10:46:16,262.0
0.5390,17.0710,0.3610,97.0690,2.1050,2025-05-15 10:46:16,262.0
0.52,16.9460,0.4480,97.0470,1.9620,2025-05-15 10:46:16,262.0
0.5390,16.9870,0.2170,97.1530,2.0470,2025-05-15 10:46:16,262.0
0.5220,16.9990,0.2770,96.87,1.94,2025-05-15 10:46:16,262.0
0.5110,16.9830,0.3780,97.0380,1.9350,2025-05-15 10:46:16,262.0
0.5320,17.0150,0.4440,96.9150,2.1620,2025-05-15 10:46:16,262.0
0.54,16.9740,0.3050,96.9850,2.1060,2025-05-15 13:11:19,263.0
0.5320,16.9770,0.35,96.9450,1.9640,2025-05-15 13:11:19,263.0
0.5470,16.9390,0.3460,97.0330,2.1070,2025-05-15 13:11:19,263.0
0.51,16.9430,0.4230,97.3380,2.0110,2025-05-15 13:11:19,263.0
0.5230,16.9170,0.3610,96.8220,1.9080,2025-05-15 13:11:19,263.0
0.5250,16.9770,0.3640,96.9770,2.1250,2025-05-15 13:11:19,263.0
0.5050,16.9050,0.4380,97.15,1.83,2025-05-15 13:11:19,263.0
0.5310,16.99,0.3460,97.1480,1.9860,2025-05-15 13:11:19,263.0
0.5210,16.88,0.3050,96.8470,1.9040,2025-05-15 13:11:19,263.0
0.5280,16.9580,0.3540,96.9910,1.8790,2025-05-15 13:11:19,263.0
0.5280,16.8110,0.3680,97.0690,2.0720,2025-05-15 13:11:19,263.0
0.5310,17.0460,0.3740,96.9390,1.9640,2025-05-15 13:11:19,263.0
0.5560,17.0240,0.3260,97.1350,2.0750,2025-05-15 13:11:19,263.0
0.5280,16.9830,0.3120,96.8710,2.0630,2025-05-15 13:11:19,263.0
0.5460,16.9710,0.3430,96.7980,2.0470,2025-05-15 13:11:19,263.0
0.52,16.9330,0.3920,96.8520,2.0540,2025-05-15 13:11:19,263.0
0.5220,16.8510,0.3810,96.9870,2.1070,2025-05-15 13:11:19,263.0
0.5320,16.8080,0.3920,97.1980,2.1090,2025-05-15 13:11:19,263.0
0.5240,16.9740,0.4480,96.9340,2.0680,2025-05-15 13:11:19,263.0
0.5170,16.87,0.3710,96.9780,1.9590,2025-05-15 13:11:19,263.0
0.5070,16.9740,0.5530,97.0280,1.9450,2025-05-15 19:31:30,264.0
0.5040,16.9490,0.50,97.0590,1.9510,2025-05-15 19:31:30,264.0
0.5480,17.0680,0.5250,96.8730,1.98,2025-05-15 19:31:30,264.0
0.53,16.9430,0.4060,97.27,1.9840,2025-05-15 19:31:30,264.0
0.5220,16.98,0.4020,96.91,1.8730,2025-05-15 19:31:30,264.0
0.5420,16.9520,0.2980,97.0480,2.0440,2025-05-15 19:31:30,264.0
0.5130,17.0050,0.5220,96.8260,1.9350,2025-05-15 19:31:30,264.0
0.5240,16.9830,0.5220,97.0570,2.0370,2025-05-15 19:31:30,264.0
0.5240,16.9740,0.4970,96.9470,2.0090,2025-05-15 19:31:30,264.0
0.5420,17.0240,0.2520,96.8770,2.0690,2025-05-15 19:31:30,264.0
0.53,17.0590,0.4380,97.0880,1.9890,2025-05-15 19:31:30,264.0
0.5530,17.0650,0.4020,97.1220,2.0950,2025-05-15 19:31:30,264.0
0.52,17.0180,0.34,97.2030,1.8340,2025-05-15 19:31:30,264.0
0.5380,17.0090,0.4410,97.3480,2.0040,2025-05-15 19:31:30,264.0
0.5370,16.9610,0.4440,96.9030,2.0450,2025-05-15 19:31:30,264.0
0.5370,17.0020,0.3850,96.8370,2.0510,2025-05-15 19:31:30,264.0
0.5120,16.9460,0.5530,96.7910,1.9140,2025-05-15 19:31:30,264.0
0.5150,16.9650,0.3990,97,1.9690,2025-05-15 19:31:30,264.0
0.5420,17.0680,0.5080,97.0250,1.8880,2025-05-15 19:31:30,264.0
0.5240,17.0150,0.2690,96.9120,1.8990,2025-05-15 19:31:30,264.0
0.54,16.9330,0.4230,97.0890,2.0050,2025-05-15 21:26:33,265.0
0.5230,16.9170,0.4620,97.0670,1.9230,2025-05-15 21:26:33,265.0
0.4980,16.8830,0.4930,96.8230,1.92,2025-05-15 21:26:33,265.0
0.54,16.9390,0.3430,96.8690,2.0830,2025-05-15 21:26:33,265.0
0.5190,16.8920,0.3640,97.0970,1.9930,2025-05-15 21:26:33,265.0
0.5280,16.9710,0.3460,96.9150,2.0460,2025-05-15 21:26:33,265.0
0.5250,16.9490,0.2070,97.1930,1.9350,2025-05-15 21:26:33,265.0
0.5350,16.9330,0.3960,97.2020,2.0870,2025-05-15 21:26:33,265.0
0.5190,16.9680,0.4410,96.8670,1.8920,2025-05-15 21:26:33,265.0
0.5020,16.9140,0.2940,97.3830,1.8250,2025-05-15 21:26:33,265.0
0.53,16.9330,0.4550,96.8220,2.0640,2025-05-15 21:26:33,265.0
0.5430,17.0120,0.4620,97.0460,2.1120,2025-05-15 21:26:33,265.0
0.5430,16.8950,0.3430,97.0630,2.0640,2025-05-15 21:26:33,265.0
0.54,17.0490,0.3640,96.9070,2.0440,2025-05-15 21:26:33,265.0
0.5350,16.9170,0.4580,96.96,2.0860,2025-05-15 21:26:33,265.0
0.5390,16.98,0.3250,96.9630,2.01,2025-05-15 21:26:33,265.0
0.5040,16.8860,0.3810,96.9660,1.9010,2025-05-15 21:26:33,265.0
0.5210,16.9580,0.5420,97.0890,1.8570,2025-05-15 21:26:33,265.0
0.5320,16.8890,0.5250,97.0080,2.0670,2025-05-15 21:26:33,265.0
0.5160,16.9580,0.3250,96.7850,2.0590,2025-05-15 21:26:33,265.0
0.5420,16.8610,0.5990,97.2430,1.7570,2025-05-15 21:31:34,266.0
0.5450,17.0210,0.6090,96.9370,1.7980,2025-05-15 21:31:34,266.0
0.5250,17.0180,0.6340,96.7570,1.7910,2025-05-15 21:31:34,266.0
0.54,17.0180,0.4870,97.0850,1.8550,2025-05-15 21:31:34,266.0
0.5350,17.0620,0.6690,97.0460,1.7480,2025-05-15 21:31:34,266.0
0.5340,17.0180,0.3220,96.9440,1.7980,2025-05-15 21:31:34,266.0
0.5310,16.9550,0.5630,96.8330,1.7350,2025-05-15 21:31:34,266.0
0.5330,16.8860,0.5950,97.0530,1.7340,2025-05-15 21:31:34,266.0
0.5470,17.0460,0.5950,97.0550,1.8490,2025-05-15 21:31:34,266.0
0.5360,17.0050,0.6270,96.82,1.6820,2025-05-15 21:31:34,266.0
0.5410,16.98,0.5770,96.9750,1.7690,2025-05-15 21:31:34,266.0
0.5270,16.9460,0.5350,96.95,1.6570,2025-05-15 21:31:34,266.0
0.5260,17.0370,0.6230,97.1810,1.8140,2025-05-15 21:31:34,266.0
0.5350,17.0490,0.4060,96.93,1.6560,2025-05-15 21:31:34,266.0
0.5380,17.0810,0.4060,96.8880,1.8310,2025-05-15 21:31:34,266.0
0.5560,17.0050,0.6540,96.8970,1.8130,2025-05-15 21:31:34,266.0
0.53,16.9710,0.4650,96.7020,1.7780,2025-05-15 21:31:34,266.0
0.5280,16.8670,0.76,97.0560,1.6740,2025-05-15 21:31:34,266.0
0.5430,17.0560,0.7210,96.8570,1.8440,2025-05-15 21:31:34,266.0
0.5430,16.9580,0.50,97.0350,1.7440,2025-05-15 21:31:34,266.0
0.5210,16.9460,0.4340,97.1590,1.9570,2025-05-20 13:04:11,267.0
0.5580,16.8890,0.4380,97.1360,2.3210,2025-05-20 13:04:11,267.0
0.5520,16.9830,0.5010,97.0650,2.2480,2025-05-20 13:04:11,267.0
0.5120,16.7860,0.4550,96.8610,1.9030,2025-05-20 13:04:11,267.0
0.5220,16.8860,0.4970,97.0320,1.9760,2025-05-20 13:04:11,267.0
0.5250,16.9680,0.5150,96.9990,2.0660,2025-05-20 13:04:11,267.0
0.5630,17.0490,0.5180,97.5190,2.15,2025-05-20 13:04:11,267.0
0.5490,17.0120,0.6720,97.4630,2.0240,2025-05-20 13:04:11,267.0
0.5230,16.8670,0.6020,96.9360,2.0660,2025-05-20 13:04:11,267.0
0.5430,16.9830,0.5490,97.2610,2.0860,2025-05-20 13:04:11,267.0
0.5380,16.9330,0.5070,97.2890,1.98,2025-05-20 13:04:11,267.0
0.5260,16.9580,0.5320,97.0210,1.8580,2025-05-20 13:04:11,267.0
0.5280,16.9610,0.4970,97.07,2.0160,2025-05-20 13:04:11,267.0
0.5190,16.8390,0.4450,97.5660,2.07,2025-05-20 13:04:11,267.0
0.5340,16.9170,0.5320,97.0630,2.0630,2025-05-20 13:04:11,267.0
0.5520,16.9870,0.5670,97.3220,2.0860,2025-05-20 13:04:11,267.0
0.5360,16.9650,0.41,96.9710,2.12,2025-05-20 13:04:11,267.0
0.5220,16.8730,0.5080,96.8190,2.0650,2025-05-20 13:04:11,267.0
0.53,16.8830,0.4410,96.9690,2.0090,2025-05-20 13:04:11,267.0
0.53,16.8950,0.5630,96.86,2.1040,2025-05-20 13:04:11,267.0
0.5250,16.99,0.4690,96.8790,1.94,2025-05-20 21:29:19,268.0
0.5350,16.9050,0.4830,96.9070,2.1390,2025-05-20 21:29:19,268.0
0.52,16.9680,0.7770,96.8810,1.99,2025-05-20 21:29:19,268.0
0.5560,17.0710,0.5040,97.2280,2.1130,2025-05-20 21:29:19,268.0
0.5410,17.1090,0.5390,96.9480,1.9830,2025-05-20 21:29:19,268.0
0.5380,17.0620,0.5640,96.8620,2.0480,2025-05-20 21:29:19,268.0
0.53,16.99,0.4410,96.7750,2.1110,2025-05-20 21:29:19,268.0
0.5150,17.0120,0.4870,96.8350,2.0190,2025-05-20 21:29:19,268.0
0.5450,17.0120,0.56,97.1150,2.0250,2025-05-20 21:29:19,268.0
0.5350,17.0120,0.5530,97.0340,1.9170,2025-05-20 21:29:19,268.0
0.5530,17.0460,0.5250,97.2120,2.0490,2025-05-20 21:29:19,268.0
0.5180,17.0120,0.6060,96.9460,1.8980,2025-05-20 21:29:19,268.0
0.54,17.0560,0.4940,96.8850,2.0390,2025-05-20 21:29:19,268.0
0.5310,16.9680,0.6540,96.9290,2.0190,2025-05-20 21:29:19,268.0
0.5350,16.9770,0.42,97.0710,2.1080,2025-05-20 21:29:19,268.0
0.5390,17.0430,0.4970,96.9790,2.1650,2025-05-20 21:29:19,268.0
0.5140,16.99,0.4440,96.9480,1.9230,2025-05-20 21:29:19,268.0
0.5160,17.1780,0.5530,97.0120,1.8580,2025-05-20 21:29:19,268.0
0.5320,16.9360,0.5670,97.2720,2.0680,2025-05-20 21:29:19,268.0
0.5260,17.0180,0.4790,97.2010,2.06,2025-05-20 21:29:19,268.0
0.5090,16.9050,0.55,96.9050,1.8110,2025-05-21 13:05:23,269.0
0.5220,16.9330,0.5040,97.5140,1.9160,2025-05-21 13:05:23,269.0
0.5350,16.9210,0.5910,97.0440,2.1120,2025-05-21 13:05:23,269.0
0.5020,16.9680,0.3740,96.9620,1.8860,2025-05-21 13:05:23,269.0
0.5240,17.0750,0.5210,96.89,1.9470,2025-05-21 13:05:23,269.0
0.5240,16.88,0.5290,96.9660,1.89,2025-05-21 13:05:23,269.0
0.5230,16.9930,0.5320,96.7880,1.83,2025-05-21 13:05:23,269.0
0.5230,16.9960,0.5320,97.0880,1.8680,2025-05-21 13:05:23,269.0
0.5460,16.9050,0.4580,96.9370,2.0540,2025-05-21 13:05:23,269.0
0.5140,16.9210,0.6440,97.0450,1.8530,2025-05-21 13:05:23,269.0
0.5050,16.9050,0.5740,97.3130,1.8260,2025-05-21 13:05:23,269.0
0.5340,16.9360,0.55,97.0870,2.0090,2025-05-21 13:05:23,269.0
0.5120,16.9080,0.5290,97.3470,1.8560,2025-05-21 13:05:23,269.0
0.5350,16.9330,0.4830,97.2430,2.0680,2025-05-21 13:05:23,269.0
0.5270,16.9140,0.6410,97.0450,2.0110,2025-05-21 13:05:23,269.0
0.5360,17.0270,0.49,97.1580,2.1640,2025-05-21 13:05:23,269.0
0.5390,16.9240,0.5110,97.1130,2.1570,2025-05-21 13:05:23,269.0
0.5210,16.8920,0.42,97.0350,1.9290,2025-05-21 13:05:23,269.0
0.5280,16.9740,0.4940,97.0950,1.9930,2025-05-21 13:05:23,269.0
0.50,17.0210,0.5460,97.1960,1.8930,2025-05-21 13:05:23,269.0
0.5470,17.0930,0.5180,96.9190,2.1320,2025-05-21 21:40:34,270.0
0.5380,16.9830,0.6090,97.1710,2.0310,2025-05-21 21:40:34,270.0
0.5440,17.0020,0.4620,96.8460,2.0280,2025-05-21 21:40:34,270.0
0.55,16.9930,0.42,97.0690,2.0150,2025-05-21 21:40:34,270.0
0.5460,16.9460,0.5740,97.1250,1.9720,2025-05-21 21:40:34,270.0
0.5040,16.9580,0.5040,97.2550,1.79,2025-05-21 21:40:34,270.0
0.5420,16.8890,0.4970,97.3630,2.0020,2025-05-21 21:40:34,270.0
0.5440,16.9930,0.4790,96.9650,2.0570,2025-05-21 21:40:34,270.0
0.5420,17.0090,0.5430,96.9630,2.1650,2025-05-21 21:40:34,270.0
0.5380,16.9990,0.5850,96.8520,1.9630,2025-05-21 21:40:34,270.0
0.5490,16.9830,0.4340,96.8580,2.0690,2025-05-21 21:40:34,270.0
0.5050,16.9930,0.5110,96.9260,1.8780,2025-05-21 21:40:34,270.0
0.5340,17.0270,0.6120,96.9630,1.9180,2025-05-21 21:40:34,270.0
0.5370,16.9580,0.49,97.0980,2.0660,2025-05-21 21:40:34,270.0
0.5370,16.9680,0.3610,96.8460,0.0240,2025-05-21 21:40:34,270.0
0.5130,16.8580,0.5040,97.0730,1.87,2025-05-21 21:40:34,270.0
0.5330,16.99,0.5250,97.1830,1.9370,2025-05-21 21:40:34,270.0
0.5470,16.9210,0.4730,97.0520,1.9840,2025-05-21 21:40:34,270.0
0.5190,17.0050,0.36,96.94,1.9930,2025-05-21 21:40:34,270.0
0.5240,16.9580,0.5850,96.8170,1.9250,2025-05-21 21:40:34,270.0
0.5470,17.0560,0.3810,97.0710,2.0440,2025-05-22 13:09:16,271.0
0.5220,16.9210,0.5110,97.1550,1.9220,2025-05-22 13:09:16,271.0
0.5310,16.8890,0.5460,97.1560,1.8520,2025-05-22 13:09:16,271.0
0.5350,17.0270,0.50,97.1170,2.1470,2025-05-22 13:09:16,271.0
0.5060,17.0710,0.5040,97.1310,1.8760,2025-05-22 13:09:16,271.0
0.53,16.8920,0.56,97.0040,1.9630,2025-05-22 13:09:16,271.0
0.5150,16.8670,0.4970,97.1820,1.8540,2025-05-22 13:09:16,271.0
0.5650,16.9550,0.4870,97.2490,2.0560,2025-05-22 13:09:16,271.0
0.5250,17.0370,0.5770,96.9990,2.0060,2025-05-22 13:09:16,271.0
0.5530,17.0370,0.3990,97.1450,2.1740,2025-05-22 13:09:16,271.0
0.52,17.0810,0.4310,96.9710,1.8340,2025-05-22 13:09:16,271.0
0.5480,16.8830,0.4580,96.9420,2.0010,2025-05-22 13:09:16,271.0
0.52,16.9050,0.5810,97.1480,1.9310,2025-05-22 13:09:16,271.0
0.5140,16.8950,0.5910,97.1040,1.8880,2025-05-22 13:09:16,271.0
0.5340,16.9610,0.49,97.1360,1.9730,2025-05-22 13:09:16,271.0
0.5270,16.9580,0.5360,97.0930,2.01,2025-05-22 13:09:16,271.0
0.5140,16.8260,0.6090,97.12,1.9160,2025-05-22 13:09:16,271.0
0.5430,16.9270,0.4380,97.0430,2.11,2025-05-22 13:09:16,271.0
0.5130,17.0240,0.4340,96.9290,1.8980,2025-05-22 13:09:16,271.0
0.5210,16.9740,0.5390,97.1690,2.0030,2025-05-22 13:09:16,271.0
0.5180,16.8390,0.5150,96.8360,1.9190,2025-05-22 21:39:25,272.0
0.5260,16.9870,0.5390,97.0530,1.95,2025-05-22 21:39:25,272.0
0.5340,16.9460,0.5460,97.1660,2.0190,2025-05-22 21:39:25,272.0
0.5460,17.0430,0.6230,97.1340,2.0940,2025-05-22 21:39:25,272.0
0.5220,16.9210,0.5040,97.0490,1.91,2025-05-22 21:39:25,272.0
0.5270,16.9580,0.5420,97.2390,1.9640,2025-05-22 21:39:25,272.0
0.5270,17.0240,0.5070,96.8430,2.0340,2025-05-22 21:39:25,272.0
0.53,17.0050,0.4310,97.1490,1.8840,2025-05-22 21:39:25,272.0
0.5250,16.9430,0.4830,96.8490,1.8690,2025-05-22 21:39:25,272.0
0.5280,16.9870,0.4550,97.1610,1.98,2025-05-22 21:39:25,272.0
0.5230,16.98,0.4690,97.0140,1.9210,2025-05-22 21:39:25,272.0
0.5410,16.9240,0.5980,96.8330,2.0430,2025-05-22 21:39:25,272.0
0.52,16.9240,0.5350,97.0750,1.9570,2025-05-22 21:39:25,272.0
0.5340,17.0180,0.5080,97.0220,1.9920,2025-05-22 21:39:25,272.0
0.5290,16.9610,0.5080,96.9850,1.9670,2025-05-22 21:39:25,272.0
0.5090,16.8670,0.5350,97.2740,1.9760,2025-05-22 21:39:25,272.0
0.5220,16.9490,0.4480,97.1090,1.9040,2025-05-22 21:39:25,272.0
0.5310,16.9170,0.4730,97.2030,1.95,2025-05-22 21:39:25,272.0
0.5250,16.9330,0.6680,97.0080,1.9010,2025-05-22 21:39:25,272.0
0.5070,16.9460,0.6510,96.96,1.9760,2025-05-22 21:39:25,272.0
0.5210,16.9430,0.4550,96.9370,1.9510,2025-05-23 11:29:59,273.0
0.5330,17.0460,0.4690,97.1620,2.0710,2025-05-23 11:29:59,273.0
0.5240,16.9460,0.5710,97.0660,1.99,2025-05-23 11:29:59,273.0
0.5230,16.9360,0.4410,97.03,1.8190,2025-05-23 11:29:59,273.0
0.5310,17.0340,0.5460,97.1260,2.0280,2025-05-23 11:29:59,273.0
0.5350,17.0090,0.5640,97.1570,2.1310,2025-05-23 11:29:59,273.0
0.5340,16.98,0.5350,97.1530,2.0310,2025-05-23 11:29:59,273.0
0.5320,17.0240,0.5250,96.8730,2.0110,2025-05-23 11:29:59,273.0
0.5240,16.9580,0.4650,97.2370,2.08,2025-05-23 11:29:59,273.0
0.5080,16.93,0.49,96.8240,1.8180,2025-05-23 11:29:59,273.0
0.5450,17.0490,0.5210,97.0810,2.0870,2025-05-23 11:29:59,273.0
0.5360,17.0780,0.42,96.9770,1.9780,2025-05-23 11:29:59,273.0
0.5320,17.0460,0.5250,97.0910,2.0410,2025-05-23 11:29:59,273.0
0.5290,16.9170,0.4790,97.2050,2.0510,2025-05-23 11:29:59,273.0
0.5360,17.0020,0.5290,97.1940,2.05,2025-05-23 11:29:59,273.0
0.5440,16.9770,0.4650,96.9640,2.0710,2025-05-23 11:29:59,273.0
0.5430,17.0180,0.4520,97.2720,1.9770,2025-05-23 11:29:59,273.0
0.5050,16.9990,0.42,97.0140,1.8190,2025-05-23 11:29:59,273.0
0.5180,16.9110,0.4550,97.11,1.9280,2025-05-23 11:29:59,273.0
0.5380,16.9930,0.41,97.0740,2.0360,2025-05-23 11:29:59,273.0
0.5140,17.0460,0.5420,96.9350,1.8950,2025-05-23 13:35:03,274.0
0.5240,16.8830,0.3530,96.9290,1.9650,2025-05-23 13:35:03,274.0
0.5540,16.9360,0.4550,97.2490,2.1170,2025-05-23 13:35:03,274.0
0.5250,16.9140,0.5460,97.2390,1.95,2025-05-23 13:35:03,274.0
0.5240,16.9390,0.3290,97.0730,1.9220,2025-05-23 13:35:03,274.0
0.50,16.8230,0.5010,97.0480,1.9130,2025-05-23 13:35:03,274.0
0.5260,16.9110,0.4660,96.9890,1.9470,2025-05-23 13:35:03,274.0
0.4930,16.88,0.5950,97.1630,1.8560,2025-05-23 13:35:03,274.0
0.5350,16.9210,0.3540,97.1280,1.98,2025-05-23 13:35:03,274.0
0.5180,16.9270,0.4620,97.3130,1.92,2025-05-23 13:35:03,274.0
0.5420,16.9240,0.3540,97.0370,2.0820,2025-05-23 13:35:03,274.0
0.5350,17.0210,0.4940,97.2350,1.98,2025-05-23 13:35:03,274.0
0.5450,16.9170,0.4690,97.2550,2.0360,2025-05-23 13:35:03,274.0
0.5340,16.9210,0.4170,96.9070,2.09,2025-05-23 13:35:03,274.0
0.5120,16.9610,0.4550,97.2260,1.7990,2025-05-23 13:35:03,274.0
0.5390,16.9550,0.4940,97.3460,2.1110,2025-05-23 13:35:03,274.0
0.5190,16.8420,0.5390,97.1680,2.0120,2025-05-23 13:35:03,274.0
0.5380,16.8450,0.5390,97.1530,1.9320,2025-05-23 13:35:03,274.0
0.52,16.8890,0.5110,97,1.91,2025-05-23 13:35:03,274.0
0.5290,16.9050,0.4160,96.87,2.0660,2025-05-23 13:35:03,274.0
0.5380,16.9330,0.4550,96.8690,2.0550,2025-05-23 20:20:13,275.0
0.5290,16.9270,0.5880,97.1640,2.0210,2025-05-23 20:20:13,275.0
0.54,16.9650,0.4130,96.9340,1.95,2025-05-23 20:20:13,275.0
0.5240,17.0210,0.4860,97.1720,1.9530,2025-05-23 20:20:13,275.0
0.5360,16.9870,0.4830,96.98,1.9740,2025-05-23 20:20:13,275.0
0.5390,17.0430,0.5390,97.1090,2.1070,2025-05-23 20:20:13,275.0
0.5010,17.0560,0.5570,96.9540,1.9520,2025-05-23 20:20:13,275.0
0.5120,16.9520,0.3810,96.9160,1.9740,2025-05-23 20:20:13,275.0
0.5250,16.9170,0.5110,97.1760,1.9130,2025-05-23 20:20:13,275.0
0.5340,16.9080,0.4760,97.1060,2.0680,2025-05-23 20:20:13,275.0
0.52,17.0930,0.4520,96.8260,1.9810,2025-05-23 20:20:13,275.0
0.5270,17.0180,0.5070,97.1370,2.0740,2025-05-23 20:20:13,275.0
0.5410,16.9960,0.4870,96.8890,2.1350,2025-05-23 20:20:13,275.0
0.5010,16.9960,0.5040,96.9990,1.8690,2025-05-23 20:20:13,275.0
0.5220,16.98,0.56,97.28,2.0150,2025-05-23 20:20:13,275.0
0.5250,16.93,0.4690,96.9620,2.0690,2025-05-23 20:20:13,275.0
0.5470,17.0180,0.4270,96.8620,2.2040,2025-05-23 20:20:13,275.0
0.5230,17.04,0.4790,96.9850,1.9990,2025-05-23 20:20:13,275.0
0.5360,17.1150,0.48,96.8910,1.9820,2025-05-23 20:20:13,275.0
0.5290,16.9830,0.6020,97.0440,2.0790,2025-05-23 20:20:13,275.0
0.5440,17.0180,0.4830,97.3090,2.0840,2025-05-23 21:30:19,276.0
0.5350,16.9210,0.4440,97.0350,1.9290,2025-05-23 21:30:19,276.0
0.5450,17.0090,0.4580,97.2820,2.0590,2025-05-23 21:30:19,276.0
0.5240,16.99,0.5250,97.0080,1.8760,2025-05-23 21:30:19,276.0
0.5270,16.9390,0.4310,97.0840,2.16,2025-05-23 21:30:19,276.0
0.5360,17.0120,0.4690,96.9250,1.9470,2025-05-23 21:30:19,276.0
0.5290,16.9580,0.5530,97.0010,1.9620,2025-05-23 21:30:19,276.0
0.5340,16.9610,0.4730,96.8440,1.9360,2025-05-23 21:30:19,276.0
0.5150,16.9830,0.4060,96.9030,1.8350,2025-05-23 21:30:19,276.0
0.5160,17.0150,0.4480,96.9130,1.80,2025-05-23 21:30:19,276.0
0.5390,16.8550,0.3990,97.2630,2.07,2025-05-23 21:30:19,276.0
0.5270,16.9390,0.5880,97.1990,1.9080,2025-05-23 21:30:19,276.0
0.5380,16.88,0.3960,96.8440,1.9950,2025-05-23 21:30:19,276.0
0.5220,16.9990,0.4520,97.05,1.9160,2025-05-23 21:30:19,276.0
0.5180,16.9680,0.5640,97.0140,1.9190,2025-05-23 21:30:19,276.0
0.5160,16.8580,0.4940,96.9680,1.8470,2025-05-23 21:30:19,276.0
0.5260,16.9270,0.6890,96.9610,2.0260,2025-05-23 21:30:19,276.0
0.5350,16.9930,0.4510,97.0690,2.0750,2025-05-23 21:30:19,276.0
0.52,16.9270,0.4060,97.0880,1.8650,2025-05-23 21:30:19,276.0
0.5010,16.8610,0.3460,96.8330,1.8690,2025-05-23 21:30:19,276.0
0.53,16.9520,0.4690,96.9840,2.0210,2025-05-26 11:06:37,277.0
0.5380,16.9430,0.5910,97.0790,2.0730,2025-05-26 11:06:37,277.0
0.5480,16.9870,0.4270,97.2020,1.9530,2025-05-26 11:06:37,277.0
0.5460,17.0020,0.4270,97.0760,2.0380,2025-05-26 11:06:37,277.0
0.5290,17.0020,0.5210,96.9820,2.0670,2025-05-26 11:06:37,277.0
0.5360,16.9430,0.5110,96.9940,2.0170,2025-05-26 11:06:37,277.0
0.5360,17.0340,0.42,96.9110,1.9230,2025-05-26 11:06:37,277.0
0.5130,16.9680,0.5040,96.9220,1.8380,2025-05-26 11:06:37,277.0
0.53,17.0210,0.5320,96.99,2.0250,2025-05-26 11:06:37,277.0
0.5460,16.9580,0.4650,96.9920,2.0910,2025-05-26 11:06:37,277.0
0.5320,17.0210,0.4510,97.0150,2.0780,2025-05-26 11:06:37,277.0
0.5180,16.98,0.4790,97.0010,1.9830,2025-05-26 11:06:37,277.0
0.5310,16.9430,0.5420,96.9630,1.9660,2025-05-26 11:06:37,277.0
0.5240,16.98,0.6120,96.8130,1.9080,2025-05-26 11:06:37,277.0
0.5270,16.9960,0.3780,96.7850,2.0010,2025-05-26 11:06:37,277.0
0.5460,16.98,0.3430,97.0180,2.0060,2025-05-26 11:06:37,277.0
0.5260,16.9650,0.5670,96.9140,1.9730,2025-05-26 11:06:37,277.0
0.5340,16.9650,0.6020,97.1070,2.0590,2025-05-26 11:06:37,277.0
0.5170,16.9770,0.5390,96.7070,1.7360,2025-05-26 11:06:37,277.0
0.5220,16.93,0.4060,96.9650,1.9340,2025-05-26 11:06:37,277.0
0.5350,17.0120,0.48,96.8590,2.0110,2025-05-26 13:21:40,278.0
0.5380,17.0750,0.4550,97.01,2.0760,2025-05-26 13:21:40,278.0
0.5430,16.9050,0.5040,97.1310,2.0960,2025-05-26 13:21:40,278.0
0.5210,16.8990,0.4510,97.04,2.0290,2025-05-26 13:21:40,278.0
0.5260,16.9140,0.6930,96.8640,2.0040,2025-05-26 13:21:40,278.0
0.5520,16.9390,0.4410,96.96,2.0770,2025-05-26 13:21:40,278.0
0.5290,16.9140,0.5710,96.9110,1.9740,2025-05-26 13:21:40,278.0
0.5660,17.0270,0.56,97.2460,2.2310,2025-05-26 13:21:40,278.0
0.5390,16.93,0.4230,97.1640,2.0490,2025-05-26 13:21:40,278.0
0.53,16.9740,0.4550,97.1350,1.9920,2025-05-26 13:21:40,278.0
0.5080,16.8890,0.5320,96.9470,1.8260,2025-05-26 13:21:40,278.0
0.5380,17.04,0.4550,97.1080,2.0510,2025-05-26 13:21:40,278.0
0.50,16.8170,0.3920,96.89,1.8790,2025-05-26 13:21:40,278.0
0.5270,17.0020,0.4690,97.3760,2.04,2025-05-26 13:21:40,278.0
0.5270,16.9390,0.49,96.9240,1.9350,2025-05-26 13:21:40,278.0
0.52,16.9490,0.4830,96.9540,2.0020,2025-05-26 13:21:40,278.0
0.5140,16.9330,0.5740,96.8690,2.07,2025-05-26 13:21:40,278.0
0.5320,16.9050,0.5110,96.91,1.9990,2025-05-26 13:21:40,278.0
0.5050,16.9140,0.50,96.83,1.9540,2025-05-26 13:21:40,278.0
0.5210,17.0370,0.5080,96.8390,1.9950,2025-05-26 13:21:40,278.0
0.54,17.0150,0.3570,97.0380,1.9760,2025-05-27 13:28:13,279.0
0.5150,16.9740,0.4130,96.91,1.9580,2025-05-27 13:28:13,279.0
0.53,16.8830,0.4480,96.9710,1.9930,2025-05-27 13:28:13,279.0
0.5280,17.0650,0.4730,97.3090,1.9520,2025-05-27 13:28:13,279.0
0.5210,16.9170,0.4860,96.8360,2.1340,2025-05-27 13:28:13,279.0
0.5320,17.0370,0.4520,96.9030,2.0960,2025-05-27 13:28:13,279.0
0.5430,17.0840,0.5710,96.8960,1.9290,2025-05-27 13:28:13,279.0
0.5330,17.0090,0.4480,96.8730,2.0260,2025-05-27 13:28:13,279.0
0.5150,17.0840,0.5710,97.09,1.8580,2025-05-27 13:28:13,279.0
0.5390,16.9580,0.3850,96.9440,2.0410,2025-05-27 13:28:13,279.0
0.5370,17.1120,0.6930,96.9440,2.0030,2025-05-27 13:28:13,279.0
0.5190,17.0090,0.3990,96.9210,1.9370,2025-05-27 13:28:13,279.0
0.5460,16.9080,0.4970,97.3240,2.2610,2025-05-27 13:28:13,279.0
0.5280,17.0590,0.4060,96.9670,1.7940,2025-05-27 13:28:13,279.0
0.5370,17.0120,0.5530,96.9460,1.99,2025-05-27 13:28:13,279.0
0.5180,17.15,0.4760,96.8410,1.89,2025-05-27 13:28:13,279.0
0.5310,16.9580,0.6020,96.8740,1.9790,2025-05-27 13:28:13,279.0
0.5210,17.0210,0.4520,97.1280,1.9960,2025-05-27 13:28:13,279.0
0.5320,17.0530,0.49,97.3510,1.9930,2025-05-27 13:28:13,279.0
0.5260,17.0780,0.4830,96.9790,1.9180,2025-05-27 13:28:13,279.0
0.5360,17.0340,0.4550,97.1430,2.0050,2025-05-27 19:28:23,280.0
0.5360,16.9650,0.4970,97.0470,2.0440,2025-05-27 19:28:23,280.0
0.5390,16.93,0.3850,96.9590,1.9840,2025-05-27 19:28:23,280.0
0.5240,16.9960,0.4760,97.1020,1.94,2025-05-27 19:28:23,280.0
0.5340,16.9770,0.49,97.0080,2.0310,2025-05-27 19:28:23,280.0
0.5260,17.0050,0.5250,96.8520,2.0370,2025-05-27 19:28:23,280.0
0.5360,16.9170,0.5250,97.2420,2.0210,2025-05-27 19:28:23,280.0
0.5330,17.0180,0.4860,97.11,2.0060,2025-05-27 19:28:23,280.0
0.5170,16.9140,0.42,97.12,2.0160,2025-05-27 19:28:23,280.0
0.5280,17.0180,0.5390,97.1050,2.0170,2025-05-27 19:28:23,280.0
0.5230,16.9550,0.4550,97.2420,1.9350,2025-05-27 19:28:23,280.0
0.5190,17.10,0.4830,96.8920,1.9230,2025-05-27 19:28:23,280.0
0.5370,16.87,0.4620,97.1340,2.0110,2025-05-27 19:28:23,280.0
0.5260,17.0240,0.55,96.9240,1.9870,2025-05-27 19:28:23,280.0
0.5080,16.9680,0.5640,96.9560,1.8540,2025-05-27 19:28:23,280.0
0.5390,17.09,0.4380,97.0840,1.97,2025-05-27 19:28:23,280.0
0.5280,16.9170,0.4270,97.0360,2.0490,2025-05-27 19:28:23,280.0
0.5260,17.0430,0.4170,96.80,1.9360,2025-05-27 19:28:23,280.0
0.5370,16.9270,0.5080,97.0610,2.0610,2025-05-27 19:28:23,280.0
0.5080,17.1690,0.4650,96.9210,1.9150,2025-05-27 19:28:23,280.0
0.5220,17.0150,0.4060,97.1620,1.9050,2025-05-27 21:48:26,281.0
0.5230,17.0680,0.5210,97.28,1.9170,2025-05-27 21:48:26,281.0
0.5380,16.9330,0.6440,96.9360,1.9680,2025-05-27 21:48:26,281.0
0.5160,16.9390,0.48,97.1150,2.0150,2025-05-27 21:48:26,281.0
0.5440,17.0180,0.4760,96.8850,1.9590,2025-05-27 21:48:26,281.0
0.5260,16.9710,0.3990,96.8410,2.1160,2025-05-27 21:48:26,281.0
0.5490,17.0970,0.43,97.0560,2.1640,2025-05-27 21:48:26,281.0
0.5410,16.9870,0.5110,96.9470,1.9940,2025-05-27 21:48:26,281.0
0.5070,16.87,0.5290,97.0550,1.9760,2025-05-27 21:48:26,281.0
0.5370,16.9960,0.5460,97.0160,2.1680,2025-05-27 21:48:26,281.0
0.5440,16.9170,0.4450,96.9540,2.13,2025-05-27 21:48:26,281.0
0.50,16.9390,0.4550,96.8290,1.8190,2025-05-27 21:48:26,281.0
0.5220,16.9770,0.6230,96.8740,2.08,2025-05-27 21:48:26,281.0
0.4980,16.9210,0.4270,96.90,1.8270,2025-05-27 21:48:26,281.0
0.5330,16.9240,0.4580,97.27,2.0830,2025-05-27 21:48:26,281.0
0.5380,17.0340,0.4760,97.0490,2.1340,2025-05-27 21:48:26,281.0
0.5050,16.9990,0.4130,96.79,2.0840,2025-05-27 21:48:26,281.0
0.5360,17.0240,0.4970,97.0530,2.15,2025-05-27 21:48:26,281.0
0.5020,16.9990,0.4060,96.7310,2.0950,2025-05-27 21:48:26,281.0
0.4990,16.9960,0.41,96.5480,2.0880,2025-05-27 21:48:26,281.0
0.5120,16.9650,0.6370,97.0820,1.9780,2025-05-28 12:58:33,282.0
0.5390,16.9710,0.3430,96.8880,2.0610,2025-05-28 12:58:33,282.0
0.5330,17.0650,0.4730,97.1770,1.9680,2025-05-28 12:58:33,282.0
0.5180,17.0810,0.4650,96.9310,1.8340,2025-05-28 12:58:33,282.0
0.5160,16.9580,0.4940,97.1940,1.7780,2025-05-28 12:58:33,282.0
0.5240,17.0090,0.3540,97.1770,1.8720,2025-05-28 12:58:33,282.0
0.5470,17.0680,0.4380,96.9360,1.9520,2025-05-28 12:58:33,282.0
0.5290,17.0120,0.5210,96.9470,1.9220,2025-05-28 12:58:33,282.0
0.5140,17.04,0.6620,96.9770,1.9680,2025-05-28 12:58:33,282.0
0.5220,16.9960,0.5840,96.8470,1.9540,2025-05-28 12:58:33,282.0
0.5210,16.9490,0.4230,96.8940,2.0350,2025-05-28 12:58:33,282.0
0.53,17.0050,0.5640,96.9970,1.93,2025-05-28 12:58:33,282.0
0.5090,16.9710,0.3780,96.8450,1.8550,2025-05-28 12:58:33,282.0
0.5260,16.9710,0.4170,97.0070,2.0280,2025-05-28 12:58:33,282.0
0.5510,17.0210,0.4310,96.7270,1.9850,2025-05-28 12:58:33,282.0
0.5370,17.0430,0.5210,96.9540,2.0320,2025-05-28 12:58:33,282.0
0.5190,17.0590,0.4230,97.0560,1.9320,2025-05-28 12:58:33,282.0
0.5210,17.0620,0.5210,96.8180,1.9070,2025-05-28 12:58:33,282.0
0.5450,16.9490,0.49,96.85,2.0650,2025-05-28 12:58:33,282.0
0.5150,16.9330,0.4660,96.9250,1.9950,2025-05-28 12:58:33,282.0
0.5260,17.0050,0.4380,97.0020,2.02,2025-05-28 13:08:33,283.0
0.5220,16.9240,0.5710,97.0490,2.1290,2025-05-28 13:08:33,283.0
0.5320,16.9240,0.49,97.2890,2.2070,2025-05-28 13:08:33,283.0
0.5510,17.0810,0.4860,96.7840,1.9550,2025-05-28 13:08:33,283.0
0.5030,16.9870,0.5530,96.8850,1.8980,2025-05-28 13:08:33,283.0
0.5280,16.9050,0.5740,96.7970,2.0480,2025-05-28 13:08:33,283.0
0.5440,17.0530,0.6930,96.9270,1.9390,2025-05-28 13:08:33,283.0
0.5310,16.9680,0.49,97.0940,1.8990,2025-05-28 13:08:33,283.0
0.5180,16.9990,0.4660,96.9760,1.9130,2025-05-28 13:08:33,283.0
0.4960,16.93,0.6830,97.3520,1.8760,2025-05-28 13:08:33,283.0
0.5280,16.88,0.42,96.8620,2.0730,2025-05-28 13:08:33,283.0
0.5430,16.9990,0.4480,97.1290,1.9960,2025-05-28 13:08:33,283.0
0.5340,16.8890,0.5530,96.82,1.9660,2025-05-28 13:08:33,283.0
0.5340,16.9080,0.5280,97.2920,2.0120,2025-05-28 13:08:33,283.0
0.5240,17.0210,0.55,96.7250,1.9340,2025-05-28 13:08:33,283.0
0.5340,16.9650,0.4660,97.0410,2.0690,2025-05-28 13:08:33,283.0
0.5090,16.9140,0.4940,97.1280,1.8920,2025-05-28 13:08:33,283.0
0.5020,16.9460,0.49,97.1150,1.9330,2025-05-28 13:08:33,283.0
0.5190,17.0370,0.4690,96.9010,1.8640,2025-05-28 13:08:33,283.0
0.5210,17.0750,0.5080,96.88,1.9570,2025-05-28 13:08:33,283.0
0.51,16.98,0.6270,97.2330,1.8990,2025-05-28 18:58:46,284.0
0.5250,16.9240,0.5150,96.9320,1.93,2025-05-28 18:58:46,284.0
0.5320,16.9650,0.5150,97.0170,2.0590,2025-05-28 18:58:46,284.0
0.5260,16.9550,0.6090,97.1480,1.9440,2025-05-28 18:58:46,284.0
0.5530,16.9020,0.4790,96.9940,2.0410,2025-05-28 18:58:46,284.0
0.5390,16.9050,0.5390,97.1530,2.0820,2025-05-28 18:58:46,284.0
0.5340,17.0370,0.4760,97.0180,2.0770,2025-05-28 18:58:46,284.0
0.5480,17.0370,0.5630,97.0590,2.0860,2025-05-28 18:58:46,284.0
0.5270,16.8990,0.5910,96.9990,2.0230,2025-05-28 18:58:46,284.0
0.5340,17.0840,0.5350,96.9430,1.9480,2025-05-28 18:58:46,284.0
0.5180,16.9430,0.5040,97.0820,1.9960,2025-05-28 18:58:46,284.0
0.5080,16.9960,0.5670,96.8580,1.8170,2025-05-28 18:58:46,284.0
0.5130,17.0970,0.5320,96.8110,1.8390,2025-05-28 18:58:46,284.0
0.53,17.0180,0.5420,97.3740,1.9090,2025-05-28 18:58:46,284.0
0.5540,16.9140,0.4130,96.8740,2.0640,2025-05-28 18:58:46,284.0
0.5170,16.8450,0.6970,97.0150,1.9350,2025-05-28 18:58:46,284.0
0.5140,16.8730,0.49,96.8710,1.9650,2025-05-28 18:58:46,284.0
0.5290,16.8920,0.6370,97.4140,1.9340,2025-05-28 18:58:46,284.0
0.5560,16.9240,0.4830,96.8850,2.0380,2025-05-28 18:58:46,284.0
0.5080,16.9110,0.3990,96.8640,1.8410,2025-05-28 18:58:46,284.0
0.5260,16.93,0.5110,97.0740,1.95,2025-05-28 21:33:50,285.0
0.5140,16.9990,0.5850,97.0760,1.9730,2025-05-28 21:33:50,285.0
0.5290,16.9210,0.6160,96.9170,1.9140,2025-05-28 21:33:50,285.0
0.5230,16.9710,0.5040,96.8530,1.9930,2025-05-28 21:33:50,285.0
0.5270,16.8670,0.56,97.3020,1.9280,2025-05-28 21:33:50,285.0
0.5390,17.0270,0.5040,97.1660,2.0760,2025-05-28 21:33:50,285.0
0.4990,16.8730,0.5220,97.3120,1.9320,2025-05-28 21:33:50,285.0
0.5630,17.0430,0.5320,97.1390,2.1510,2025-05-28 21:33:50,285.0
0.5360,16.8550,0.5150,97.3980,1.9540,2025-05-28 21:33:50,285.0
0.5230,17.0270,0.5530,97.0080,1.9740,2025-05-28 21:33:50,285.0
0.5440,17.0180,0.4730,97.3330,2.0380,2025-05-28 21:33:50,285.0
0.5350,17.0180,0.5670,97.1290,2.1140,2025-05-28 21:33:50,285.0
0.5370,16.9360,0.5250,97.1220,2.1050,2025-05-28 21:33:50,285.0
0.5140,16.9770,0.5070,96.9060,1.9740,2025-05-28 21:33:50,285.0
0.5360,16.9960,0.4520,97.0750,2.0410,2025-05-28 21:33:50,285.0
0.5230,16.9140,0.5880,97.0640,2.0160,2025-05-28 21:33:50,285.0
0.5230,17.0150,0.3640,97.1160,1.9370,2025-05-28 21:33:50,285.0
0.5260,16.9080,0.5560,97.0770,2.0660,2025-05-28 21:33:50,285.0
0.5210,16.9270,0.5350,96.8930,2.0010,2025-05-28 21:33:50,285.0
0.53,16.9710,0.4970,97.2970,1.9790,2025-05-28 21:33:50,285.0
0.5380,16.9610,0.4860,97.2010,2.0250,2025-05-29 11:29:54,286.0
0.54,16.9650,0.5010,97.1240,2.0460,2025-05-29 11:29:54,286.0
0.5340,16.8640,0.7490,97.2440,1.96,2025-05-29 11:29:54,286.0
0.5140,16.8360,0.5990,96.8780,1.8790,2025-05-29 11:29:54,286.0
0.5370,16.98,0.6230,96.9940,1.9640,2025-05-29 11:29:54,286.0
0.5210,17.0370,0.7490,97.1030,1.9140,2025-05-29 11:29:54,286.0
0.5130,16.9430,0.4580,96.9530,1.9760,2025-05-29 11:29:54,286.0
0.5110,16.9210,0.4450,96.9180,1.9510,2025-05-29 11:29:54,286.0
0.53,16.9520,0.5430,96.9040,1.99,2025-05-29 11:29:54,286.0
0.5230,16.93,0.4760,97.1260,2.0540,2025-05-29 11:29:54,286.0
0.5460,16.8890,0.5320,97.0380,2.04,2025-05-29 11:29:54,286.0
0.5510,16.9930,0.5710,96.8920,2.11,2025-05-29 11:29:54,286.0
0.5440,16.98,0.5530,96.7940,2.1630,2025-05-29 11:29:54,286.0
0.5270,17.0120,0.4830,97.0650,2.0010,2025-05-29 11:29:54,286.0
0.55,16.9930,0.5320,97.1060,2.0830,2025-05-29 11:29:54,286.0
0.51,16.8230,0.56,97.4670,1.8350,2025-05-29 11:29:54,286.0
0.5390,16.9580,0.6410,96.9110,2.0520,2025-05-29 11:29:54,286.0
0.5360,16.9550,0.5010,96.8110,2.0990,2025-05-29 11:29:54,286.0
0.5190,16.9710,0.5770,96.8470,1.8460,2025-05-29 11:29:54,286.0
0.5380,17.0180,0.5070,97.0590,1.9710,2025-05-29 11:29:54,286.0
0.5270,17.0210,0.4940,97.1550,1.9590,2025-05-29 12:59:55,287.0
0.5660,16.9610,0.4580,97.4220,2.0870,2025-05-29 12:59:55,287.0
0.5130,16.8580,0.4020,96.9140,1.9790,2025-05-29 12:59:55,287.0
0.5410,16.8420,0.4310,96.9850,2.0110,2025-05-29 12:59:55,287.0
0.5180,16.8990,0.5560,96.9040,1.9150,2025-05-29 12:59:55,287.0
0.5510,16.9990,0.5950,97.1150,2.0590,2025-05-29 12:59:55,287.0
0.5330,16.8330,0.5710,97.33,2.0170,2025-05-29 12:59:55,287.0
0.5340,16.8990,0.4410,96.78,1.9470,2025-05-29 12:59:55,287.0
0.5210,16.8420,0.5040,97.1140,1.8760,2025-05-29 12:59:55,287.0
0.5370,16.9710,0.3950,97.1630,2.0510,2025-05-29 12:59:55,287.0
0.5460,16.9740,0.5910,97.1060,2.0320,2025-05-29 12:59:55,287.0
0.5250,17.0090,0.4790,97.2550,1.9890,2025-05-29 12:59:55,287.0
0.5190,16.9140,0.4450,96.8210,2.0290,2025-05-29 12:59:55,287.0
0.5330,16.8950,0.5530,97.0740,1.88,2025-05-29 12:59:55,287.0
0.5390,16.8990,0.4860,96.9590,2.0580,2025-05-29 12:59:55,287.0
0.5260,16.98,0.5670,97.0370,2.07,2025-05-29 12:59:55,287.0
0.5430,16.8510,0.4340,96.8450,2.1040,2025-05-29 12:59:55,287.0
0.5310,16.9210,0.5710,97.2580,2.0790,2025-05-29 12:59:55,287.0
0.5380,16.9740,0.6120,97.0550,1.9490,2025-05-29 12:59:55,287.0
0.5330,16.7980,0.4580,97.1050,2.0830,2025-05-29 12:59:55,287.0
0.54,17.0210,0.5420,97.1270,2.0440,2025-05-29 19:25:06,288.0
0.5260,16.8990,0.56,97.1180,1.8940,2025-05-29 19:25:06,288.0
0.5260,16.98,0.5350,97.2730,1.9840,2025-05-29 19:25:06,288.0
0.5280,16.9990,0.4650,96.7540,2.0240,2025-05-29 19:25:06,288.0
0.5370,17.0340,0.6510,96.9820,1.9680,2025-05-29 19:25:06,288.0
0.53,16.9210,0.6330,97.2720,2.0880,2025-05-29 19:25:06,288.0
0.5590,17.0050,0.4830,96.8590,2.2220,2025-05-29 19:25:06,288.0
0.5330,16.9990,0.4520,97.1280,2.0030,2025-05-29 19:25:06,288.0
0.5220,16.9240,0.4760,96.8230,1.9870,2025-05-29 19:25:06,288.0
0.5210,16.9680,0.5670,96.9960,2.0230,2025-05-29 19:25:06,288.0
0.5250,16.9650,0.5950,97.1660,1.9240,2025-05-29 19:25:06,288.0
0.5220,16.8420,0.4970,96.9670,2.0670,2025-05-29 19:25:06,288.0
0.5540,16.9580,0.5770,96.9970,1.9820,2025-05-29 19:25:06,288.0
0.5430,16.9580,0.5150,96.7610,2.1070,2025-05-29 19:25:06,288.0
0.5330,16.9390,0.7070,97.27,1.9750,2025-05-29 19:25:06,288.0
0.5220,16.9110,0.5430,97.0020,1.9890,2025-05-29 19:25:06,288.0
0.5270,16.9390,0.5390,97.0490,2.0870,2025-05-29 19:25:06,288.0
0.5290,16.9170,0.4830,97.1390,1.9960,2025-05-29 19:25:06,288.0
0.5360,16.9830,0.4620,96.9260,2.1430,2025-05-29 19:25:06,288.0
0.4980,16.8670,0.4520,97.17,1.8710,2025-05-29 19:25:06,288.0
0.5310,16.93,0.5320,96.8360,2.0180,2025-05-29 21:40:11,289.0
0.5330,16.9930,0.5850,97.1180,2.0180,2025-05-29 21:40:11,289.0
0.4840,16.8830,0.5810,97.1890,1.8320,2025-05-29 21:40:11,289.0
0.5220,16.8860,0.5080,97.0130,1.9820,2025-05-29 21:40:11,289.0
0.5670,17.0490,0.4380,96.8780,2.09,2025-05-29 21:40:11,289.0
0.5390,16.9390,0.6440,96.8750,2.0880,2025-05-29 21:40:11,289.0
0.5220,16.8770,0.5420,96.8770,1.8790,2025-05-29 21:40:11,289.0
0.5350,16.8860,0.5910,96.8330,1.9880,2025-05-29 21:40:11,289.0
0.5230,16.9170,0.5780,96.9850,1.9160,2025-05-29 21:40:11,289.0
0.5310,16.9830,0.3810,96.8780,1.9340,2025-05-29 21:40:11,289.0
0.5310,17.0210,0.5350,96.8760,1.9720,2025-05-29 21:40:11,289.0
0.5330,17.0210,0.5320,96.9180,1.9840,2025-05-29 21:40:11,289.0
0.5090,17.0210,0.6120,96.8520,1.8190,2025-05-29 21:40:11,289.0
0.53,16.8510,0.6540,97.06,1.9390,2025-05-29 21:40:11,289.0
0.5270,16.87,0.5250,97.0910,1.9960,2025-05-29 21:40:11,289.0
0.5160,17.0180,0.5990,97.0670,1.8620,2025-05-29 21:40:11,289.0
0.5170,16.8950,0.5350,97.0670,1.9220,2025-05-29 21:40:11,289.0
0.5340,16.8510,0.55,96.7950,2.0760,2025-05-29 21:40:11,289.0
0.5160,16.8860,0.5640,97.2030,1.9010,2025-05-29 21:40:11,289.0
0.5260,16.8950,0.5840,97.2750,1.9630,2025-05-29 21:40:11,289.0
0.5260,16.9930,0.5350,97.1660,1.9690,2025-05-30 13:07:22,290.0
0.5140,16.9430,0.6540,96.97,1.9060,2025-05-30 13:07:22,290.0
0.5490,17.0020,0.56,96.9270,2.05,2025-05-30 13:07:22,290.0
0.5330,16.9930,0.4440,97.2060,1.9610,2025-05-30 13:07:22,290.0
0.5120,16.9430,0.4270,97.0770,1.8660,2025-05-30 13:07:22,290.0
0.5210,17.0020,0.4970,96.9520,1.9990,2025-05-30 13:07:22,290.0
0.5110,16.9770,0.3960,96.9130,1.9450,2025-05-30 13:07:22,290.0
0.5220,16.9430,0.5670,97.2160,1.9850,2025-05-30 13:07:22,290.0
0.5430,17.0050,0.5990,97.2720,2.0020,2025-05-30 13:07:22,290.0
0.5350,17.0090,0.4970,96.9230,1.9810,2025-05-30 13:07:22,290.0
0.5280,16.9650,0.5770,96.9010,1.9920,2025-05-30 13:07:22,290.0
0.5270,16.9430,0.6270,97.0140,2.0230,2025-05-30 13:07:22,290.0
0.5040,16.9050,0.4310,97.1020,1.8780,2025-05-30 13:07:22,290.0
0.5080,16.9270,0.5670,97.0370,1.84,2025-05-30 13:07:22,290.0
0.5150,17.0270,0.4580,96.8510,1.8830,2025-05-30 13:07:22,290.0
0.5320,16.9650,0.5770,97.03,1.8350,2025-05-30 13:07:22,290.0
0.5190,17.0180,0.56,96.8670,1.7040,2025-05-30 13:07:22,290.0
0.5220,16.9210,0.5810,97.2720,1.9240,2025-05-30 13:07:22,290.0
0.54,17.0180,0.5180,97.0110,2.0010,2025-05-30 13:07:22,290.0
0.5360,17.0840,0.6860,96.9150,2.0350,2025-05-30 13:07:22,290.0
0.5350,17.0560,0.56,97.0170,2,2025-06-05 12:41:59,291.0
0.5370,16.9360,0.4410,96.9560,2.0810,2025-06-05 12:41:59,291.0
0.5130,16.9430,0.4730,97.1380,2.0050,2025-06-05 12:41:59,291.0
0.5210,17.0560,0.3960,96.8320,1.9450,2025-06-05 12:41:59,291.0
0.5340,16.9390,0.5110,96.7160,1.9410,2025-06-05 12:41:59,291.0
0.5420,16.9580,0.4660,97.0720,2.0360,2025-06-05 12:41:59,291.0
0.5390,16.8950,0.5040,96.8120,2.1810,2025-06-05 12:41:59,291.0
0.5330,16.9430,0.5530,96.9550,2.0980,2025-06-05 12:41:59,291.0
0.5150,17.04,0.4620,96.9130,1.8040,2025-06-05 12:41:59,291.0
0.5180,16.9930,0.4310,96.9310,1.9410,2025-06-05 12:41:59,291.0
0.5220,16.9930,0.4270,97.0560,2.1050,2025-06-05 12:41:59,291.0
0.5230,17.0810,0.5810,96.9980,1.8970,2025-06-05 12:41:59,291.0
0.5410,16.9770,0.4410,97.1780,2.1250,2025-06-05 12:41:59,291.0
0.5340,16.9740,0.42,97.0550,2.10,2025-06-05 12:41:59,291.0
0.5180,17.1530,0.6480,96.9040,1.9930,2025-06-05 12:41:59,291.0
0.5270,17.0270,0.4580,96.9070,1.8970,2025-06-05 12:41:59,291.0
0.5160,16.9460,0.4730,97.20,2.0180,2025-06-05 12:41:59,291.0
0.53,17.0710,0.4130,96.9060,1.9950,2025-06-05 12:41:59,291.0
0.5290,16.8860,0.4760,96.9970,2.12,2025-06-05 12:41:59,291.0
0.5230,16.8860,0.5950,97.1440,1.9520,2025-06-05 12:41:59,291.0
0.5270,17.0150,0.5110,97.1710,1.9340,2025-06-05 12:57:00,292.0
0.5220,16.9170,0.4870,96.84,1.8970,2025-06-05 12:57:00,292.0
0.5380,16.9710,0.4060,97.0720,2.1540,2025-06-05 12:57:00,292.0
0.5380,16.9520,0.5390,97.1570,2.0520,2025-06-05 12:57:00,292.0
0.5160,16.9550,0.4340,96.8620,2.0240,2025-06-05 12:57:00,292.0
0.51,16.9650,0.5320,97.39,1.9470,2025-06-05 12:57:00,292.0
0.5250,16.9430,0.4720,96.9750,2.0490,2025-06-05 12:57:00,292.0
0.5410,16.9110,0.5220,97.16,2.0170,2025-06-05 12:57:00,292.0
0.5270,16.9930,0.5010,96.89,2.0380,2025-06-05 12:57:00,292.0
0.5030,16.98,0.4480,96.78,1.93,2025-06-05 12:57:00,292.0
0.51,16.9210,0.5990,96.9320,1.9620,2025-06-05 12:57:00,292.0
0.5040,16.9740,0.49,96.9260,1.9670,2025-06-05 12:57:00,292.0
0.5380,16.9140,0.3960,96.9620,2.14,2025-06-05 12:57:00,292.0
0.5230,16.9020,0.5910,97.1750,2.05,2025-06-05 12:57:00,292.0
0.5490,16.87,0.43,97.0690,2.3390,2025-06-05 12:57:00,292.0
0.5220,16.9080,0.5390,96.9120,2.0620,2025-06-05 12:57:00,292.0
0.5230,17.0240,0.4690,97.0190,1.9990,2025-06-05 12:57:00,292.0
0.5170,17.0370,0.5080,97.0630,2.0060,2025-06-05 12:57:00,292.0
0.5050,16.7920,0.5530,96.6750,2.03,2025-06-05 12:57:00,292.0
0.5160,16.9020,0.5490,96.9410,1.9390,2025-06-05 12:57:00,292.0
0.54,16.9490,0.5250,96.9180,1.9780,2025-06-05 19:17:07,293.0
0.50,16.9520,0.5910,96.9110,1.9020,2025-06-05 19:17:07,293.0
0.5270,16.9460,0.5530,96.8280,2.0330,2025-06-05 19:17:07,293.0
0.5240,16.9710,0.5810,97.03,2.0210,2025-06-05 19:17:07,293.0
0.5350,16.9140,0.5350,97.1560,2.1830,2025-06-05 19:17:07,293.0
0.5020,16.8140,0.6760,96.86,1.8040,2025-06-05 19:17:07,293.0
0.5360,16.9550,0.4550,96.9490,2.0540,2025-06-05 19:17:07,293.0
0.5290,16.8260,0.4690,97.1450,2.0740,2025-06-05 19:17:07,293.0
0.5330,16.9960,0.4340,96.7340,2.0590,2025-06-05 19:17:07,293.0
0.5370,17.0090,0.4450,96.89,2.0490,2025-06-05 19:17:07,293.0
0.5350,16.9430,0.4650,97.1240,2.07,2025-06-05 19:17:07,293.0
0.5320,17.0710,0.4340,96.9360,2.0570,2025-06-05 19:17:07,293.0
0.4970,16.9390,0.4580,96.8350,1.7840,2025-06-05 19:17:07,293.0
0.5330,16.9170,0.5560,96.9910,2.07,2025-06-05 19:17:07,293.0
0.5440,17.0340,0.4580,96.7690,1.9820,2025-06-05 19:17:07,293.0
0.5370,16.9580,0.5040,96.9090,2.15,2025-06-05 19:17:07,293.0
0.5470,17.0180,0.6650,97.0750,2.0270,2025-06-05 19:17:07,293.0
0.5190,16.9550,0.6090,96.8650,2.0650,2025-06-05 19:17:07,293.0
0.52,16.8990,0.4870,96.8750,1.9910,2025-06-05 19:17:07,293.0
0.5370,17.0050,0.6120,96.7690,2.1950,2025-06-05 19:17:07,293.0
0.5350,17.0020,0.3990,97.07,2.0710,2025-06-05 21:27:10,294.0
0.5360,17.0240,0.5390,97.1280,2.0160,2025-06-05 21:27:10,294.0
0.5270,17.0370,0.4660,97.3780,1.9970,2025-06-05 21:27:10,294.0
0.5230,16.9490,0.5740,96.9950,1.8360,2025-06-05 21:27:10,294.0
0.5340,16.9140,0.5570,97.2880,1.88,2025-06-05 21:27:10,294.0
0.5230,16.93,0.5080,97.03,1.9720,2025-06-05 21:27:10,294.0
0.5190,17.0180,0.5950,97.2210,2.01,2025-06-05 21:27:10,294.0
0.4970,16.9430,0.5210,96.9490,1.9040,2025-06-05 21:27:10,294.0
0.5130,16.8670,0.50,96.8670,1.8420,2025-06-05 21:27:10,294.0
0.5450,16.9930,0.4340,97.11,2.06,2025-06-05 21:27:10,294.0
0.5250,17.0590,0.56,97.0920,1.9310,2025-06-05 21:27:10,294.0
0.5170,16.9170,0.5180,96.85,1.9820,2025-06-05 21:27:10,294.0
0.5050,16.9710,0.5250,96.9070,1.9360,2025-06-05 21:27:10,294.0
0.5270,16.9330,0.6550,97.1480,1.9730,2025-06-05 21:27:10,294.0
0.5390,17.0150,0.6790,96.8170,2.0760,2025-06-05 21:27:10,294.0
0.5390,16.8330,0.5150,97.3390,2.0050,2025-06-05 21:27:10,294.0
0.5260,16.9050,0.5710,97.1080,2.0610,2025-06-05 21:27:10,294.0
0.5220,16.9210,0.5710,97.0490,1.9880,2025-06-05 21:27:10,294.0
0.5230,16.98,0.5390,96.9250,1.9540,2025-06-05 21:27:10,294.0
0.5310,17.0430,0.5150,96.8830,1.9480,2025-06-05 21:27:10,294.0
0.5150,16.9650,0.50,96.9730,1.9160,2025-06-06 11:12:06,295.0
0.5330,17.0490,0.4830,96.9020,1.8850,2025-06-06 11:12:06,295.0
0.53,17.0120,0.4940,96.8310,1.9640,2025-06-06 11:12:06,295.0
0.5480,17.0680,0.4720,97.0110,1.8770,2025-06-06 11:12:06,295.0
0.5290,17.0180,0.4520,96.9820,1.9980,2025-06-06 11:12:06,295.0
0.5080,16.8480,0.5180,97.0990,1.9310,2025-06-06 11:12:06,295.0
0.5390,17.0020,0.50,97.0230,1.9260,2025-06-06 11:12:06,295.0
0.5640,16.9580,0.56,97.1040,2.0020,2025-06-06 11:12:06,295.0
0.5330,17.09,0.4760,96.9810,1.8080,2025-06-06 11:12:06,295.0
0.53,16.9330,0.3990,97.1250,1.9260,2025-06-06 11:12:06,295.0
0.5230,17.0240,0.5880,96.8610,1.8980,2025-06-06 11:12:06,295.0
0.5340,17.1030,0.55,97.2790,1.9970,2025-06-06 11:12:06,295.0
0.5430,16.9330,0.50,97.0320,2.0410,2025-06-06 11:12:06,295.0
0.5290,16.9610,0.5080,97.11,1.9630,2025-06-06 11:12:06,295.0
0.5330,17.0460,0.4090,97.3420,2.0450,2025-06-06 11:12:06,295.0
0.5180,16.9360,0.5350,96.94,1.9660,2025-06-06 11:12:06,295.0
0.5470,17.0370,0.5290,96.9830,2.0170,2025-06-06 11:12:06,295.0
0.5190,16.8730,0.6060,96.9360,1.9940,2025-06-06 11:12:06,295.0
0.5470,16.9960,0.5530,96.8750,1.9440,2025-06-06 11:12:06,295.0
0.5290,16.9930,0.6540,97.1660,1.9760,2025-06-06 11:12:06,295.0
0.5110,16.9830,0.5110,97.12,1.99,2025-06-06 12:52:07,296.0
0.5240,17.0050,0.5880,97.2580,2.0520,2025-06-06 12:52:07,296.0
0.5320,16.9740,0.6090,96.9840,1.93,2025-06-06 12:52:07,296.0
0.5090,17.0050,0.49,97.0540,2.0940,2025-06-06 12:52:07,296.0
0.5380,16.9710,0.6680,97.2970,2.0330,2025-06-06 12:52:07,296.0
0.5320,16.9360,0.5530,97.2150,2.0530,2025-06-06 12:52:07,296.0
0.5090,16.9240,0.5530,97.0260,1.94,2025-06-06 12:52:07,296.0
0.5230,16.9770,0.4970,97.0330,2.0710,2025-06-06 12:52:07,296.0
0.5330,16.9390,0.4830,97.15,2.0480,2025-06-06 12:52:07,296.0
0.5160,16.8890,0.5880,96.9090,2.0110,2025-06-06 12:52:07,296.0
0.5230,16.9580,0.5530,96.9920,1.8610,2025-06-06 12:52:07,296.0
0.5160,16.9830,0.50,97.0850,1.9630,2025-06-06 12:52:07,296.0
0.5260,17.0270,0.6680,97.1150,2.0410,2025-06-06 12:52:07,296.0
0.5040,16.9490,0.5180,96.8910,1.8730,2025-06-06 12:52:07,296.0
0.5080,16.9650,0.5210,96.9140,2.0250,2025-06-06 12:52:07,296.0
0.5280,17.0050,0.5320,96.9050,2.11,2025-06-06 12:52:07,296.0
0.5360,16.9550,0.5810,97.0950,1.9890,2025-06-06 12:52:07,296.0
0.5250,16.9580,0.3960,96.8410,1.8120,2025-06-06 12:52:07,296.0
0.54,16.98,0.5670,97.0280,1.9770,2025-06-06 12:52:07,296.0
0.5150,16.9610,0.6610,96.9690,2.0450,2025-06-06 12:52:07,296.0
0.5180,16.9650,0.5910,96.7250,1.99,2025-06-06 21:52:20,297.0
0.5260,17.0750,0.6160,96.99,1.8750,2025-06-06 21:52:20,297.0
0.50,16.98,0.4860,96.76,1.9270,2025-06-06 21:52:20,297.0
0.5180,16.9050,0.5950,97.1760,2.0220,2025-06-06 21:52:20,297.0
0.5110,17.0020,0.5560,96.7550,1.9880,2025-06-06 21:52:20,297.0
0.5260,17.0120,0.5670,96.9130,2.1450,2025-06-06 21:52:20,297.0
0.5110,16.99,0.4830,96.9420,2.0470,2025-06-06 21:52:20,297.0
0.5210,16.98,0.70,96.8690,2.13,2025-06-06 21:52:20,297.0
0.5220,16.9270,0.5150,97.2480,2.0670,2025-06-06 21:52:20,297.0
0.5120,16.98,0.4650,96.99,1.8640,2025-06-06 21:52:20,297.0
0.5170,17.0340,0.7170,96.9610,2.0630,2025-06-06 21:52:20,297.0
0.4960,17.0710,0.5420,96.8530,1.7480,2025-06-06 21:52:20,297.0
0.4960,16.9650,0.3950,96.8260,1.8220,2025-06-06 21:52:20,297.0
0.5180,16.8950,0.4970,96.9660,1.99,2025-06-06 21:52:20,297.0
0.4920,16.9110,0.5350,96.9370,1.9410,2025-06-06 21:52:20,297.0
0.51,16.9490,0.56,96.8920,1.9370,2025-06-06 21:52:20,297.0
0.5060,16.9460,0.5530,97.1080,2,2025-06-06 21:52:20,297.0
0.5020,16.9210,0.6960,96.91,2.0350,2025-06-06 21:52:20,297.0
0.5060,17.1220,0.50,96.8510,2.0360,2025-06-06 21:52:20,297.0
0.4970,16.8480,0.5770,96.9620,2.0180,2025-06-06 21:52:20,297.0
0.5120,16.9650,0.6650,97.3080,2.0170,2025-06-09 11:48:12,298.0
0.5210,17.0270,0.5560,96.9910,1.9840,2025-06-09 11:48:12,298.0
0.51,17.0020,0.5980,97.0220,1.9150,2025-06-09 11:48:12,298.0
0.5040,16.8860,0.4520,97.0770,1.9670,2025-06-09 11:48:12,298.0
0.4970,16.9390,0.3960,96.9640,2.0050,2025-06-09 11:48:12,298.0
0.5140,17.0020,0.5390,97.0490,1.8710,2025-06-09 11:48:12,298.0
0.5210,16.9080,0.4340,97.0980,1.8120,2025-06-09 11:48:12,298.0
0.4950,16.9430,0.5670,97.0540,1.88,2025-06-09 11:48:12,298.0
0.5140,16.9270,0.5950,97.1540,2.0670,2025-06-09 11:48:12,298.0
0.5270,16.87,0.42,96.7760,2.0810,2025-06-09 11:48:12,298.0
0.5030,16.9110,0.50,97.3150,1.9910,2025-06-09 11:48:12,298.0
0.5050,16.8230,0.5670,97.0050,1.9850,2025-06-09 11:48:12,298.0
0.5090,16.9610,0.5040,96.8670,1.8360,2025-06-09 11:48:12,298.0
0.4850,16.88,0.6230,96.8290,1.8570,2025-06-09 11:48:12,298.0
0.5650,16.9740,0.56,97.2590,2.0110,2025-06-09 11:48:12,298.0
0.51,16.9710,0.4830,97.0370,1.9710,2025-06-09 11:48:12,298.0
0.51,16.9360,0.55,96.88,1.8530,2025-06-09 11:48:12,298.0
0.49,17.0120,0.5080,96.8550,1.9360,2025-06-09 11:48:12,298.0
0.5340,16.9990,0.3430,96.9840,2.1160,2025-06-09 11:48:12,298.0
0.48,16.9330,0.4730,96.9670,1.9480,2025-06-09 11:48:12,298.0
0.5110,16.9490,0.4730,97.1590,1.8710,2025-06-09 12:53:13,299.0
0.5150,17.0750,0.5640,97.0020,2.0170,2025-06-09 12:53:13,299.0
0.5240,17.0340,0.49,97.0710,1.9140,2025-06-09 12:53:13,299.0
0.5060,16.9770,0.3850,96.8980,1.8710,2025-06-09 12:53:13,299.0
0.50,17.0710,0.49,96.9370,1.8390,2025-06-09 12:53:13,299.0
0.5140,17.0090,0.5150,96.8530,1.8610,2025-06-09 12:53:13,299.0
0.5330,16.98,0.6440,97.3170,1.96,2025-06-09 12:53:13,299.0
0.54,17.0150,0.6790,97.0610,1.8850,2025-06-09 12:53:13,299.0
0.50,17.0620,0.5710,97.1430,1.8830,2025-06-09 12:53:13,299.0
0.5080,16.8830,0.6480,96.6830,1.9250,2025-06-09 12:53:13,299.0
0.5280,17.0490,0.5010,97.0770,2.0150,2025-06-09 12:53:13,299.0
0.5240,17.0270,0.5350,96.9460,2.1330,2025-06-09 12:53:13,299.0
0.5320,16.99,0.5710,97.3110,1.9820,2025-06-09 12:53:13,299.0
0.52,16.8640,0.5810,97.2380,2.0010,2025-06-09 12:53:13,299.0
0.5110,16.9870,0.5110,96.8940,1.9980,2025-06-09 12:53:13,299.0
0.5070,16.9270,0.4020,96.9040,1.92,2025-06-09 12:53:13,299.0
0.5150,16.9710,0.6510,97.1060,1.9090,2025-06-09 12:53:13,299.0
0.5220,16.9830,0.5350,97.0360,2.04,2025-06-09 12:53:13,299.0
0.53,17.04,0.5290,97.04,1.97,2025-06-09 12:53:13,299.0
0.5070,16.9650,0.5810,97.0220,1.9480,2025-06-09 12:53:13,299.0
0.49,17.0620,0.5880,97.1630,1.8830,2025-06-09 20:18:25,300.0
0.5280,17.0560,0.5210,96.8210,2.0380,2025-06-09 20:18:25,300.0
0.5190,16.9960,0.5910,97.0260,2.1420,2025-06-09 20:18:25,300.0
0.4850,16.9550,0.5460,97.1590,1.7550,2025-06-09 20:18:25,300.0
0.53,16.9930,0.3920,96.7360,2.0450,2025-06-09 20:18:25,300.0
0.51,16.99,0.4860,97.1920,1.9750,2025-06-09 20:18:25,300.0
0.4860,17.0050,0.5950,96.9320,1.8540,2025-06-09 20:18:25,300.0
0.4970,16.9960,0.4870,96.8370,1.8490,2025-06-09 20:18:25,300.0
0.5260,17.0340,0.5530,97.0450,2.0660,2025-06-09 20:18:25,300.0
0.4970,17.0240,0.4550,96.8580,1.95,2025-06-09 20:18:25,300.0
0.5290,16.9990,0.5250,96.8220,1.9240,2025-06-09 20:18:25,300.0
0.5410,17.1060,0.4760,97.0190,1.8770,2025-06-09 20:18:25,300.0
0.4930,16.9460,0.4690,96.9080,1.8810,2025-06-09 20:18:25,300.0
0.5270,17.1090,0.4690,96.8520,2.09,2025-06-09 20:18:25,300.0
0.5130,16.9830,0.4760,96.9190,1.9190,2025-06-09 20:18:25,300.0
0.5310,17.0150,0.4090,96.6940,2.0770,2025-06-09 20:18:25,300.0
0.51,17.0240,0.5810,97.0810,1.8590,2025-06-09 20:18:25,300.0
0.5120,16.9990,0.5250,96.7480,2.0750,2025-06-09 20:18:25,300.0
0.5420,16.9490,0.5710,96.91,2.16,2025-06-09 20:18:25,300.0
0.5220,17.0270,0.6230,96.9170,1.8960,2025-06-09 20:18:25,300.0
0.52,17.0310,0.55,96.84,1.9170,2025-06-10 08:55:02,301.0
0.5310,17.0490,0.6020,96.9690,1.96,2025-06-10 08:55:02,301.0
0.5460,17.0120,0.4940,97.0870,2.1190,2025-06-10 08:55:02,301.0
0.52,17.0020,0.5250,96.7540,1.96,2025-06-10 08:55:02,301.0
0.51,16.9770,0.6190,97.1120,1.9120,2025-06-10 08:55:02,301.0
0.5330,16.9930,0.41,96.8440,1.9160,2025-06-10 08:55:02,301.0
0.5210,16.9430,0.5710,97.0690,1.8660,2025-06-10 08:55:02,301.0
0.5420,17.10,0.5320,97.0390,1.9950,2025-06-10 08:55:02,301.0
0.5310,17.0020,0.7490,97.0480,1.97,2025-06-10 08:55:02,301.0
0.5520,17.0240,0.4860,97.0730,2.1920,2025-06-10 08:55:02,301.0
0.5330,17.1630,0.4940,96.9410,1.8660,2025-06-10 08:55:02,301.0
0.5360,17.1810,0.5320,97.0290,1.9820,2025-06-10 08:55:02,301.0
0.5480,17.0430,0.4970,97.1290,2.1260,2025-06-10 08:55:02,301.0
0.5360,17.04,0.4520,96.8620,1.9050,2025-06-10 08:55:02,301.0
0.5440,17.0050,0.5810,96.9860,2.0370,2025-06-10 08:55:02,301.0
0.53,16.9740,0.5460,96.9770,2.1010,2025-06-10 08:55:02,301.0
0.5580,17.0050,0.55,97.0070,2.1360,2025-06-10 08:55:02,301.0
0.5230,16.9360,0.5390,97.2120,1.8320,2025-06-10 08:55:02,301.0
0.5060,16.98,0.6050,96.8660,1.8540,2025-06-10 08:55:02,301.0
0.5320,16.9360,0.4970,96.8940,0.0170,2025-06-10 08:55:02,301.0
0.5310,16.9170,0.3680,96.9430,1.9850,2025-06-10 11:00:07,302.0
0.5170,16.9390,0.5220,97.0550,2.0270,2025-06-10 11:00:07,302.0
0.5160,16.8990,0.5710,96.9940,1.9220,2025-06-10 11:00:07,302.0
0.5170,16.8830,0.4380,97.3530,1.8160,2025-06-10 11:00:07,302.0
0.5330,16.9770,0.4760,97.1080,2.0020,2025-06-10 11:00:07,302.0
0.5370,16.9050,0.5040,97.3630,2.0730,2025-06-10 11:00:07,302.0
0.5160,16.9140,0.4660,97.1150,1.8860,2025-06-10 11:00:07,302.0
0.5410,17.0460,0.42,97.1140,2.0440,2025-06-10 11:00:07,302.0
0.53,17.04,0.4170,97.0550,2.0520,2025-06-10 11:00:07,302.0
0.5260,16.9460,0.4170,96.9970,1.9340,2025-06-10 11:00:07,302.0
0.5260,16.9390,0.5180,96.91,1.9450,2025-06-10 11:00:07,302.0
0.5250,17.0180,0.5080,97.1750,1.8610,2025-06-10 11:00:07,302.0
0.53,16.8950,0.4170,97.0520,2.1240,2025-06-10 11:00:07,302.0
0.5390,16.9140,0.4340,97.2030,1.9950,2025-06-10 11:00:07,302.0
0.5380,16.9050,0.3780,96.8430,1.9780,2025-06-10 11:00:07,302.0
0.5260,17.1250,0.6370,96.9590,2.0480,2025-06-10 11:00:07,302.0
0.5470,16.9490,0.3710,97.0930,2.1480,2025-06-10 11:00:07,302.0
0.5330,16.9650,0.5250,97.07,1.9660,2025-06-10 11:00:07,302.0
0.5270,16.9270,0.5040,96.9980,1.9510,2025-06-10 11:00:07,302.0
0.5030,16.9740,0.4410,96.9750,1.8050,2025-06-10 11:00:07,302.0
0.5430,17.0620,0.5210,97.1220,2.0730,2025-06-10 13:15:12,303.0
0.5390,17.0150,0.4620,97.0880,2.1150,2025-06-10 13:15:12,303.0
0.5360,17.0050,0.5420,97.3460,2.0590,2025-06-10 13:15:12,303.0
0.5190,17.0340,0.3190,96.9970,1.9260,2025-06-10 13:15:12,303.0
0.5550,16.9740,0.3890,97.1740,2.0980,2025-06-10 13:15:12,303.0
0.5420,17.1060,0.4620,96.8380,2.0030,2025-06-10 13:15:12,303.0
0.5330,16.9710,0.5670,96.89,1.9670,2025-06-10 13:15:12,303.0
0.5230,17.0590,0.4520,97.0060,1.9420,2025-06-10 13:15:12,303.0
0.54,17.0050,0.3810,97.10,2.0230,2025-06-10 13:15:12,303.0
0.5470,17.0680,0.4410,96.9560,2.0360,2025-06-10 13:15:12,303.0
0.5330,17.0530,0.5810,97.1520,1.9720,2025-06-10 13:15:12,303.0
0.5280,17.0970,0.5070,96.9560,1.94,2025-06-10 13:15:12,303.0
0.5390,16.99,0.3990,96.9020,2.07,2025-06-10 13:15:12,303.0
0.5150,17.0210,0.5040,97.0830,1.7820,2025-06-10 13:15:12,303.0
0.5320,17.0530,0.5210,97.3670,1.9930,2025-06-10 13:15:12,303.0
0.5520,17.1280,0.4480,96.9460,1.9980,2025-06-10 13:15:12,303.0
0.5270,16.99,0.4970,96.9640,1.8950,2025-06-10 13:15:12,303.0
0.5660,17.0490,0.5390,97.0530,2.1380,2025-06-10 13:15:12,303.0
0.5310,17.0240,0.42,97.1360,1.9980,2025-06-10 13:15:12,303.0
0.5240,16.9390,0.4760,97.0050,2,2025-06-10 13:15:12,303.0
0.5290,16.9960,0.5630,96.9770,1.9790,2025-06-10 19:03:27,304.0
0.5270,16.9390,0.5990,96.9990,2.0660,2025-06-10 19:03:27,304.0
0.5290,16.9830,0.4760,97.1790,1.9570,2025-06-10 19:03:27,304.0
0.52,17.0810,0.5560,96.8710,1.9630,2025-06-10 19:03:27,304.0
0.5460,16.98,0.6860,97.4030,2.1880,2025-06-10 19:03:27,304.0
0.54,17.1030,0.4620,96.9530,1.9770,2025-06-10 19:03:27,304.0
0.5270,16.8860,0.5390,97.25,2.0270,2025-06-10 19:03:27,304.0
0.5260,16.9680,0.55,97.1760,1.9160,2025-06-10 19:03:27,304.0
0.5350,16.9960,0.4830,97.0510,2.0110,2025-06-10 19:03:27,304.0
0.5310,16.9680,0.6440,97.1490,1.9150,2025-06-10 19:03:27,304.0
0.53,16.8860,0.5390,96.9460,2.0490,2025-06-10 19:03:27,304.0
0.5230,16.9580,0.4380,96.95,1.9540,2025-06-10 19:03:27,304.0
0.5310,17.0240,0.4650,96.7640,1.9380,2025-06-10 19:03:27,304.0
0.5260,16.9960,0.5980,96.8760,1.9520,2025-06-10 19:03:27,304.0
0.5290,17.0240,0.4760,97.1210,2,2025-06-10 19:03:27,304.0
0.5430,16.9930,0.4620,97,2.0710,2025-06-10 19:03:27,304.0
0.5190,17.0340,0.6650,96.7840,1.9550,2025-06-10 19:03:27,304.0
0.5480,17.0270,0.5710,97.0390,1.98,2025-06-10 19:03:27,304.0
0.5470,16.9270,0.6270,97.0890,2.0620,2025-06-10 19:03:27,304.0
0.5470,17.0150,0.5180,97.2050,2.1190,2025-06-10 19:03:27,304.0
0.5340,16.98,0.5950,97.0410,1.9230,2025-06-10 21:48:32,305.0
0.5340,17.0490,0.5740,97.2930,1.9890,2025-06-10 21:48:32,305.0
0.5120,16.9990,0.5320,96.9240,1.9410,2025-06-10 21:48:32,305.0
0.5310,17.0340,0.4660,97.0820,1.99,2025-06-10 21:48:32,305.0
0.5040,17.0150,0.5350,96.8650,1.7740,2025-06-10 21:48:32,305.0
0.54,16.9770,0.5280,97.0140,1.9290,2025-06-10 21:48:32,305.0
0.5260,17.0270,0.5980,96.9190,1.9080,2025-06-10 21:48:32,305.0
0.5520,17.0020,0.5740,97.0130,2.0980,2025-06-10 21:48:32,305.0
0.5530,17.1970,0.3850,96.9190,2.0310,2025-06-10 21:48:32,305.0
0.5190,17.0430,0.4730,97.2060,1.9170,2025-06-10 21:48:32,305.0
0.5180,17.0270,0.4060,96.8830,1.8710,2025-06-10 21:48:32,305.0
0.5310,17.0210,0.4270,97.0520,2.0850,2025-06-10 21:48:32,305.0
0.5370,16.98,0.5770,96.9620,2.0140,2025-06-10 21:48:32,305.0
0.5230,17.0310,0.4270,96.8490,2.0360,2025-06-10 21:48:32,305.0
0.5340,16.9330,0.4620,97.0920,2.0090,2025-06-10 21:48:32,305.0
0.4990,16.9360,0.5710,97.2190,1.9190,2025-06-10 21:48:32,305.0
0.5560,17.0020,0.5950,96.8880,2.2040,2025-06-10 21:48:32,305.0
0.5390,17.0150,0.5710,97.2050,2.0110,2025-06-10 21:48:32,305.0
0.5220,16.9080,0.5880,96.9970,2.0160,2025-06-10 21:48:32,305.0
0.53,17.0240,0.6120,97.0050,1.9980,2025-06-10 21:48:32,305.0
0.5120,16.9240,0.5180,96.9250,1.9280,2025-06-11 10:46:31,306.0
0.5240,17.0430,0.41,96.9250,1.9190,2025-06-11 10:46:31,306.0
0.52,17.0810,0.5210,97.1770,1.7370,2025-06-11 10:46:31,306.0
0.5110,16.93,0.5010,97.0050,1.7650,2025-06-11 10:46:31,306.0
0.52,16.9550,0.4590,96.9650,1.9860,2025-06-11 10:46:31,306.0
0.5390,17.0150,0.4730,97.0830,1.9990,2025-06-11 10:46:31,306.0
0.5210,17.0710,0.3880,96.9990,1.7850,2025-06-11 10:46:31,306.0
0.5160,17.0240,0.5010,96.9470,1.8830,2025-06-11 10:46:31,306.0
0.5360,16.9930,0.5180,96.9980,1.9650,2025-06-11 10:46:31,306.0
0.54,16.9430,0.42,97.0710,1.9230,2025-06-11 10:46:31,306.0
0.5360,16.9210,0.5530,96.9950,2.0080,2025-06-11 10:46:31,306.0
0.5380,17.0150,0.3780,97.0210,2.0740,2025-06-11 10:46:31,306.0
0.5150,16.99,0.4270,97.1820,1.7980,2025-06-11 10:46:31,306.0
0.50,16.9430,0.5840,96.8820,1.78,2025-06-11 10:46:31,306.0
0.5130,16.83,0.5070,97.0450,1.9190,2025-06-11 10:46:31,306.0
0.5280,17.0020,0.5810,97.0940,1.9940,2025-06-11 10:46:31,306.0
0.5390,16.9830,0.4380,97.0740,1.9420,2025-06-11 10:46:31,306.0
0.5110,16.9080,0.3820,97.2890,1.9570,2025-06-11 10:46:31,306.0
0.5170,16.9270,0.5810,97.1370,1.9430,2025-06-11 10:46:31,306.0
0.5320,16.9390,0.4340,97.08,1.9090,2025-06-11 10:46:31,306.0
0.5140,17.0930,0.4310,97.0080,1.8720,2025-06-11 12:51:38,307.0
0.5250,17.0430,0.4020,96.9620,1.8750,2025-06-11 12:51:38,307.0
0.5340,16.9550,0.5630,97.2590,2.0960,2025-06-11 12:51:38,307.0
0.5440,17.0530,0.4090,96.8770,1.94,2025-06-11 12:51:38,307.0
0.5040,17.0560,0.7660,97.2690,1.8660,2025-06-11 12:51:38,307.0
0.5190,17.0590,0.4550,96.84,1.8830,2025-06-11 12:51:38,307.0
0.5150,17.0530,0.4310,97.0880,1.99,2025-06-11 12:51:38,307.0
0.5150,17.0120,0.4970,97.0510,1.8490,2025-06-11 12:51:38,307.0
0.54,17.1940,0.5080,96.8980,1.8670,2025-06-11 12:51:38,307.0
0.53,17.0210,0.48,97.1470,2.0150,2025-06-11 12:51:38,307.0
0.5220,17.0590,0.4450,96.8540,1.8560,2025-06-11 12:51:38,307.0
0.54,17.0090,0.4620,96.8280,2.0770,2025-06-11 12:51:38,307.0
0.5180,17.0270,0.5530,96.7320,1.9870,2025-06-11 12:51:38,307.0
0.5380,17.0680,0.4760,97.0080,2.0050,2025-06-11 12:51:38,307.0
0.5130,16.9270,0.3810,96.8580,1.8860,2025-06-11 12:51:38,307.0
0.5250,17.0810,0.4550,96.9310,1.9170,2025-06-11 12:51:38,307.0
0.5370,17.09,0.4730,97.1340,1.9540,2025-06-11 12:51:38,307.0
0.5540,17.0970,0.4170,97.2570,2.1040,2025-06-11 12:51:38,307.0
0.5370,17.0210,0.4760,96.9810,1.98,2025-06-11 12:51:38,307.0
0.5070,16.9830,0.55,96.9910,1.9280,2025-06-11 12:51:38,307.0
0.5330,16.9960,0.5320,97.0810,2.0910,2025-06-11 19:51:45,308.0
0.5390,17.0180,0.5850,97.1550,2.2250,2025-06-11 19:51:45,308.0
0.5210,16.9610,0.4690,97.2530,1.9450,2025-06-11 19:51:45,308.0
0.54,16.9960,0.4310,97.3090,2.2090,2025-06-11 19:51:45,308.0
0.5390,17.0870,0.4790,97.1440,2.1760,2025-06-11 19:51:45,308.0
0.5370,17.0710,0.4380,97.1280,2.1040,2025-06-11 19:51:45,308.0
0.5170,16.99,0.4520,96.8580,1.94,2025-06-11 19:51:45,308.0
0.5530,17.0430,0.4970,96.9730,2.1690,2025-06-11 19:51:45,308.0
0.5110,17.0240,0.49,96.9920,1.8220,2025-06-11 19:51:45,308.0
0.5280,17.0240,0.41,96.9780,2.0550,2025-06-11 19:51:45,308.0
0.5340,16.98,0.6190,96.8770,1.9480,2025-06-11 19:51:45,308.0
0.5180,16.9490,0.5770,97,1.9990,2025-06-11 19:51:45,308.0
0.5420,17.0020,0.5430,97.3310,2.11,2025-06-11 19:51:45,308.0
0.5480,17.0710,0.3810,96.7930,2.0690,2025-06-11 19:51:45,308.0
0.5430,16.9050,0.6580,97.3440,2.1630,2025-06-11 19:51:45,308.0
0.5540,17.1280,0.5110,97.1020,2.1030,2025-06-11 19:51:45,308.0
0.5320,17.0150,0.4970,97.09,2.1070,2025-06-11 19:51:45,308.0
0.5130,16.9870,0.5350,96.9160,1.9130,2025-06-11 19:51:45,308.0
0.53,17.1250,0.4090,97.0780,2.15,2025-06-11 19:51:45,308.0
0.5260,16.9580,0.4550,97.0120,2.0440,2025-06-11 19:51:45,308.0
0.5390,16.9210,0.4860,96.9660,1.9950,2025-06-11 21:36:49,309.0
0.5150,16.9050,0.5810,96.9020,1.9920,2025-06-11 21:36:49,309.0
0.5440,17.0270,0.4940,97.0830,2.0220,2025-06-11 21:36:49,309.0
0.5260,16.9960,0.3920,96.9460,2.0360,2025-06-11 21:36:49,309.0
0.4930,17.0020,0.43,96.8310,1.9060,2025-06-11 21:36:49,309.0
0.5260,16.9360,0.3960,96.9830,1.9110,2025-06-11 21:36:49,309.0
0.5360,17.0090,0.4440,97.0730,1.9880,2025-06-11 21:36:49,309.0
0.5450,17.0430,0.4830,97.22,2.1180,2025-06-11 21:36:49,309.0
0.5360,16.9680,0.4410,97.2590,2.0510,2025-06-11 21:36:49,309.0
0.5210,17.0050,0.4030,96.8720,1.9020,2025-06-11 21:36:49,309.0
0.5270,17.0680,0.3640,96.8970,1.8830,2025-06-11 21:36:49,309.0
0.5060,16.9390,0.4340,97.1960,1.8190,2025-06-11 21:36:49,309.0
0.5360,16.9930,0.5320,97.0030,2.01,2025-06-11 21:36:49,309.0
0.5090,16.8260,0.3920,96.9390,1.8710,2025-06-11 21:36:49,309.0
0.52,17.0020,0.3960,96.8930,1.9760,2025-06-11 21:36:49,309.0
0.5020,16.8950,0.4060,96.8870,1.7990,2025-06-11 21:36:49,309.0
0.5260,17.0240,0.4410,97.0380,1.9960,2025-06-11 21:36:49,309.0
0.5270,17.0590,0.4270,97.1190,1.98,2025-06-11 21:36:49,309.0
0.55,17.04,0.4480,96.9280,1.9890,2025-06-11 21:36:49,309.0
0.5410,17.0120,0.4450,97.1960,2.1150,2025-06-11 21:36:49,309.0
0.5190,16.9550,0.4550,97.1470,1.8450,2025-06-12 10:44:08,310.0
0.5350,17.0270,0.5350,97.1310,2.0450,2025-06-12 10:44:08,310.0
0.5380,17.0020,0.5460,97.1370,2.0560,2025-06-12 10:44:08,310.0
0.5650,17.0560,0.5670,97.17,2.04,2025-06-12 10:44:08,310.0
0.5270,16.9550,0.4440,97.15,1.9220,2025-06-12 10:44:08,310.0
0.5130,16.93,0.4510,96.9860,1.8190,2025-06-12 10:44:08,310.0
0.5140,16.9990,0.4310,96.6960,1.9770,2025-06-12 10:44:08,310.0
0.5230,17.1030,0.42,97.2520,1.8090,2025-06-12 10:44:08,310.0
0.5490,16.9390,0.4580,96.9920,2.0690,2025-06-12 10:44:08,310.0
0.54,17.0620,0.6060,97.2540,1.9680,2025-06-12 10:44:08,310.0
0.5540,17.0210,0.4240,97.1460,2.0330,2025-06-12 10:44:08,310.0
0.5290,17.0240,0.5220,97.46,1.9790,2025-06-12 10:44:08,310.0
0.5740,17.1060,0.55,97.0040,2.1430,2025-06-12 10:44:08,310.0
0.5170,16.8950,0.4520,97.0390,1.8830,2025-06-12 10:44:08,310.0
0.5390,16.99,0.3880,96.8540,1.9510,2025-06-12 10:44:08,310.0
0.5550,16.99,0.4480,97.10,2.1950,2025-06-12 10:44:08,310.0
0.5220,17.0150,0.4170,97.0240,1.9090,2025-06-12 10:44:08,310.0
0.53,16.98,0.4940,97.0210,2.0710,2025-06-12 10:44:08,310.0
0.5080,16.9240,0.4380,96.9640,1.8510,2025-06-12 10:44:08,310.0
0.5440,16.9830,0.35,97.27,2.0470,2025-06-12 10:44:08,310.0
0.5380,17.0240,0.3610,97.0730,1.9740,2025-06-12 12:54:10,311.0
0.5360,16.9210,0.5430,97.0510,2.0860,2025-06-12 12:54:10,311.0
0.5190,16.9770,0.3780,97.1020,1.8760,2025-06-12 12:54:10,311.0
0.53,17.04,0.5390,97.1080,1.9530,2025-06-12 12:54:10,311.0
0.5120,16.8990,0.6090,97.2160,1.8660,2025-06-12 12:54:10,311.0
0.53,16.9550,0.4730,96.9190,2.0570,2025-06-12 12:54:10,311.0
0.5380,17.0050,0.4480,96.8350,2.0230,2025-06-12 12:54:10,311.0
0.5150,16.9830,0.3640,97.2630,1.8150,2025-06-12 12:54:10,311.0
0.5110,16.9140,0.5430,96.9710,1.9270,2025-06-12 12:54:10,311.0
0.53,16.9930,0.55,97.0880,2.0080,2025-06-12 12:54:10,311.0
0.5370,17.0680,0.4620,96.9610,1.9940,2025-06-12 12:54:10,311.0
0.5310,16.8990,0.4940,97.1620,1.99,2025-06-12 12:54:10,311.0
0.5380,17.0490,0.4270,97.1480,1.97,2025-06-12 12:54:10,311.0
0.5190,16.8950,0.5390,96.9930,1.9950,2025-06-12 12:54:10,311.0
0.5490,16.8990,0.5710,97.1850,2.14,2025-06-12 12:54:10,311.0
0.5130,16.98,0.4520,96.9720,1.8190,2025-06-12 12:54:10,311.0
0.51,16.9740,0.4550,96.9170,1.9360,2025-06-12 12:54:10,311.0
0.5260,16.9650,0.5180,97.0870,1.9670,2025-06-12 12:54:10,311.0
0.5520,17.0270,0.5640,96.9660,2.0990,2025-06-12 12:54:10,311.0
0.5330,17.0050,0.3680,97.27,2.1540,2025-06-12 12:54:10,311.0
0.5360,17.0460,0.4580,96.8750,2.0570,2025-06-12 19:04:17,312.0
0.53,17.1150,0.62,97.2240,1.9060,2025-06-12 19:04:17,312.0
0.5320,16.99,0.4580,97.0810,2.0940,2025-06-12 19:04:17,312.0
0.5180,16.9550,0.3990,96.93,2.0190,2025-06-12 19:04:17,312.0
0.53,16.8860,0.5150,97.1490,1.9040,2025-06-12 19:04:17,312.0
0.5390,16.9710,0.4650,97.2480,2.1230,2025-06-12 19:04:17,312.0
0.5330,17.0020,0.3570,96.8590,1.9260,2025-06-12 19:04:17,312.0
0.5470,16.9930,0.4580,96.9330,2.0180,2025-06-12 19:04:17,312.0
0.5390,17.0810,0.5950,97.2060,2.0310,2025-06-12 19:04:17,312.0
0.5260,17.2030,0.5740,96.8860,1.9730,2025-06-12 19:04:17,312.0
0.5440,17.10,0.5010,96.8520,1.9440,2025-06-12 19:04:17,312.0
0.5450,16.9360,0.4310,97.2350,2.0420,2025-06-12 19:04:17,312.0
0.5350,17.21,0.4550,96.9180,1.8540,2025-06-12 19:04:17,312.0
0.5250,17.1120,0.5290,97.0250,1.9390,2025-06-12 19:04:17,312.0
0.5290,16.9210,0.5080,97.1270,2.0850,2025-06-12 19:04:17,312.0
0.5240,16.8920,0.5360,97.03,2.0740,2025-06-12 19:04:17,312.0
0.5240,17.0710,0.5040,97.0060,2.1160,2025-06-12 19:04:17,312.0
0.5310,17.0270,0.4270,97.0840,2.0720,2025-06-12 19:04:17,312.0
0.5290,17.0150,0.5810,96.9680,2.1480,2025-06-12 19:04:17,312.0
0.5240,17.1090,0.4970,97.0050,1.9140,2025-06-12 19:04:17,312.0
0.5130,17.0650,0.4760,97.0490,1.8660,2025-06-12 21:29:20,313.0
0.5230,16.99,0.4440,96.8440,1.9570,2025-06-12 21:29:20,313.0
0.5440,17.0460,0.4440,97.1310,1.9550,2025-06-12 21:29:20,313.0
0.5240,16.9580,0.4520,97.1180,1.9280,2025-06-12 21:29:20,313.0
0.5270,16.9430,0.4690,96.7760,2.0860,2025-06-12 21:29:20,313.0
0.5250,17.0020,0.5710,96.9450,2.1080,2025-06-12 21:29:20,313.0
0.5320,17.0560,0.5740,97.1340,2.1090,2025-06-12 21:29:20,313.0
0.5290,16.8890,0.6230,96.9680,2.0590,2025-06-12 21:29:20,313.0
0.5290,17.0560,0.4130,96.9340,1.9020,2025-06-12 21:29:20,313.0
0.5490,17.0270,0.4830,97.1210,2.13,2025-06-12 21:29:20,313.0
0.5350,17.0310,0.5290,97.19,2,2025-06-12 21:29:20,313.0
0.5410,17.0210,0.5150,97.1750,2.0770,2025-06-12 21:29:20,313.0
0.5520,17.0970,0.3810,96.9830,2.09,2025-06-12 21:29:20,313.0
0.53,17.0590,0.4620,97.1190,2.0440,2025-06-12 21:29:20,313.0
0.5340,16.9680,0.3960,96.9710,2.05,2025-06-12 21:29:20,313.0
0.5320,17.0050,0.3810,96.9540,2.0330,2025-06-12 21:29:20,313.0
0.5320,16.9650,0.5180,97.2350,1.9820,2025-06-12 21:29:20,313.0
0.5330,17.0680,0.3670,97.0770,2.0410,2025-06-12 21:29:20,313.0
0.5060,16.98,0.6270,96.8770,2.0080,2025-06-12 21:29:20,313.0
0.5550,17.0120,0.5010,97.2320,2.2970,2025-06-12 21:29:20,313.0
0.5190,16.9770,0.4340,97.2060,1.9990,2025-06-13 13:06:42,314.0
0.5330,16.9990,0.3670,96.8810,1.96,2025-06-13 13:06:42,314.0
0.5360,16.8770,0.4310,97.1350,2.0440,2025-06-13 13:06:42,314.0
0.5210,16.9270,0.49,96.8750,2.0490,2025-06-13 13:06:42,314.0
0.5350,17.0150,0.4480,96.8550,1.9860,2025-06-13 13:06:42,314.0
0.5360,16.8670,0.4550,96.86,2.0220,2025-06-13 13:06:42,314.0
0.53,16.9460,0.4480,97.1350,1.8680,2025-06-13 13:06:42,314.0
0.5030,17.0150,0.49,96.97,1.7190,2025-06-13 13:06:42,314.0
0.5210,16.8230,0.4620,97.0960,2.1040,2025-06-13 13:06:42,314.0
0.5420,17.0620,0.4580,96.9010,2.1480,2025-06-13 13:06:42,314.0
0.5170,16.9110,0.5530,97.01,1.8480,2025-06-13 13:06:42,314.0
0.5250,16.9240,0.56,96.9210,2.1030,2025-06-13 13:06:42,314.0
0.5180,16.9330,0.34,97.0120,1.9860,2025-06-13 13:06:42,314.0
0.5550,16.9650,0.5560,97.0230,2.1260,2025-06-13 13:06:42,314.0
0.5410,17.0620,0.5350,96.8540,2.0860,2025-06-13 13:06:42,314.0
0.5260,16.9170,0.50,97.1330,1.9620,2025-06-13 13:06:42,314.0
0.5320,16.9740,0.42,97.2490,1.9480,2025-06-13 13:06:42,314.0
0.5290,16.9330,0.4380,97.0770,1.9830,2025-06-13 13:06:42,314.0
0.5570,17.0240,0.4270,96.9310,2.1410,2025-06-13 13:06:42,314.0
0.51,16.9930,0.4380,97.1080,1.9710,2025-06-13 13:06:42,314.0
0.53,17.0050,0.4410,97.1550,2.1340,2025-06-13 19:16:53,315.0
0.5190,16.9580,0.4060,97.2420,1.8980,2025-06-13 19:16:53,315.0
0.5360,16.8580,0.4270,97.06,2.0080,2025-06-13 19:16:53,315.0
0.5160,16.8830,0.5640,97.22,1.96,2025-06-13 19:16:53,315.0
0.5440,16.99,0.3570,97.0740,2.1890,2025-06-13 19:16:53,315.0
0.5530,17.0680,0.5390,97.0160,2.1660,2025-06-13 19:16:53,315.0
0.5320,16.9330,0.5070,96.9660,2.0490,2025-06-13 19:16:53,315.0
0.5150,17.0050,0.6230,97.1520,2.0280,2025-06-13 19:16:53,315.0
0.5120,16.9710,0.4580,96.9520,1.9870,2025-06-13 19:16:53,315.0
0.5420,16.99,0.4270,96.8570,1.9580,2025-06-13 19:16:53,315.0
0.5360,16.9110,0.5630,97.1080,2.0350,2025-06-13 19:16:53,315.0
0.5250,17.0270,0.5740,96.9240,1.89,2025-06-13 19:16:53,315.0
0.5260,16.9520,0.5110,96.9750,1.9690,2025-06-13 19:16:53,315.0
0.5310,17.0050,0.4760,97.2440,2.1010,2025-06-13 19:16:53,315.0
0.5430,16.9080,0.6160,97.2250,2.0440,2025-06-13 19:16:53,315.0
0.5150,17.0050,0.4060,96.8120,1.9590,2025-06-13 19:16:53,315.0
0.5410,17.0020,0.5250,97.0640,2.1020,2025-06-13 19:16:53,315.0
0.5290,16.9770,0.5320,97.0070,1.9490,2025-06-13 19:16:53,315.0
0.5320,17.0870,0.3780,97.0480,2.08,2025-06-13 19:16:53,315.0
0.5160,16.9110,0.5710,97.2360,2.0370,2025-06-13 19:16:53,315.0
0.5480,17.1280,0.6440,96.9570,2.0170,2025-06-13 21:16:57,316.0
0.5470,17.0750,0.3610,97.3510,1.91,2025-06-13 21:16:57,316.0
0.5340,16.99,0.5040,96.9360,1.9670,2025-06-13 21:16:57,316.0
0.5130,17.0120,0.5670,96.9580,1.8650,2025-06-13 21:16:57,316.0
0.52,16.9520,0.5110,96.8770,1.9910,2025-06-13 21:16:57,316.0
0.5380,17.0750,0.5150,97.2530,2.0950,2025-06-13 21:16:57,316.0
0.5140,17.0050,0.5220,97.0150,1.9540,2025-06-13 21:26:57,317.0
0.4860,16.8770,0.49,97.1260,1.8610,2025-06-13 21:26:57,317.0
0.5230,16.9770,0.4620,97.1890,2.0560,2025-06-13 21:26:57,317.0
0.5250,17.0150,0.56,97.0820,2.0490,2025-06-13 21:26:57,317.0
0.5260,16.99,0.6230,97.0360,2.0310,2025-06-13 21:26:57,317.0
0.5280,16.9390,0.41,97.1550,2.2040,2025-06-13 21:26:57,317.0
0.5130,17.0750,0.4310,97.0240,1.8720,2025-06-13 21:26:57,317.0
0.5040,16.9710,0.5210,97.0440,2.0310,2025-06-13 21:26:57,317.0
0.5260,17.0240,0.4660,96.9770,2.0640,2025-06-13 21:26:57,317.0
0.5110,17.0710,0.4410,97.0430,1.9260,2025-06-13 21:26:57,317.0
0.53,16.9550,0.5560,97.0690,2.0990,2025-06-13 21:26:57,317.0
0.5210,16.9650,0.4020,97.2160,1.9740,2025-06-13 21:26:57,317.0
0.5270,16.9830,0.4790,96.9470,2,2025-06-13 21:26:57,317.0
0.5210,17.0370,0.5710,96.7780,1.9870,2025-06-13 21:26:57,317.0
0.4980,16.9360,0.5850,97.1140,1.9460,2025-06-13 21:26:57,317.0
0.5270,16.8990,0.4730,97.2710,2.0360,2025-06-13 21:26:57,317.0
0.5210,16.9650,0.6550,97.0520,2.0790,2025-06-13 21:26:57,317.0
0.5270,16.9210,0.49,97.3420,1.9590,2025-06-13 21:26:57,317.0
0.5020,16.9430,0.6160,97.6910,1.8510,2025-06-13 21:26:57,317.0
0.5070,16.9490,0.4760,96.9240,1.9060,2025-06-13 21:26:57,317.0
0.5090,17.0120,0.5110,97.2050,1.9530,2025-06-16 12:24:54,318.0
0.5060,17.1560,0.4650,96.9120,1.8820,2025-06-16 12:24:54,318.0
0.5270,16.9990,0.4970,96.9210,1.9660,2025-06-16 12:24:54,318.0
0.5570,17.1150,0.4860,96.8520,2.1110,2025-06-16 12:24:54,318.0
0.5170,17.0460,0.4730,96.9810,1.9680,2025-06-16 12:24:54,318.0
0.5240,17.1060,0.4310,97.1330,2.05,2025-06-16 12:24:54,318.0
0.5190,17.0870,0.5850,96.8590,2.0070,2025-06-16 12:24:54,318.0
0.5140,17.2980,0.4760,96.8890,1.8630,2025-06-16 12:24:54,318.0
0.5150,17.0340,0.5250,97.1820,1.8950,2025-06-16 12:24:54,318.0
0.5260,17.0370,0.4380,96.84,1.9950,2025-06-16 12:24:54,318.0
0.5240,17.1880,0.6610,97.0090,1.9490,2025-06-16 12:24:54,318.0
0.5270,17.1090,0.5070,97.0560,1.9960,2025-06-16 12:24:54,318.0
0.5390,17.0590,0.5560,96.9430,2.0880,2025-06-16 12:24:54,318.0
0.53,17.0120,0.4730,96.88,2.0310,2025-06-16 12:24:54,318.0
0.52,16.9240,0.4790,97.0080,2.0050,2025-06-16 12:24:54,318.0
0.5160,16.99,0.5110,97.0530,1.9390,2025-06-16 12:24:54,318.0
0.5160,16.9240,0.4690,97.1310,1.97,2025-06-16 12:24:54,318.0
0.53,17.0650,0.5740,97.1450,1.9870,2025-06-16 12:24:54,318.0
0.5320,17.1530,0.5110,96.8680,1.9730,2025-06-16 12:24:54,318.0
0.5680,17.1220,0.5910,96.9340,2.1260,2025-06-16 12:24:54,318.0
0.5010,17.0340,0.5420,97.0680,2.0460,2025-06-16 12:54:55,319.0
0.5260,17.1220,0.3190,97.0370,2.0330,2025-06-16 12:54:55,319.0
0.51,16.9990,0.4690,96.7720,2.0410,2025-06-16 12:54:55,319.0
0.5090,16.9650,0.4310,97.0790,2.1330,2025-06-16 12:54:55,319.0
0.5090,16.9270,0.5180,96.97,2.0620,2025-06-16 12:54:55,319.0
0.53,16.9870,0.5420,96.8420,2.0530,2025-06-16 12:54:55,319.0
0.4990,16.9490,0.50,97.02,1.7710,2025-06-16 12:54:55,319.0
0.5230,16.98,0.4480,97.1830,2.1150,2025-06-16 12:54:55,319.0
0.51,16.9140,0.4130,97.1670,2.0430,2025-06-16 12:54:55,319.0
0.5180,17.0590,0.5250,96.8330,1.9410,2025-06-16 12:54:55,319.0
0.52,16.9960,0.4690,97.0590,1.9820,2025-06-16 12:54:55,319.0
0.5020,16.8890,0.3850,96.86,2.0160,2025-06-16 12:54:55,319.0
0.5340,16.9330,0.4310,97.0810,2.08,2025-06-16 12:54:55,319.0
0.5180,16.9650,0.4520,97.1050,2.04,2025-06-16 12:54:55,319.0
0.4970,16.9330,0.4690,97.0520,1.9580,2025-06-16 12:54:55,319.0
0.5140,16.9990,0.4170,97.0070,1.9180,2025-06-16 12:54:55,319.0
0.50,16.9580,0.4060,97.1260,1.9770,2025-06-16 12:54:55,319.0
0.5070,16.9170,0.5250,96.8970,2.0960,2025-06-16 12:54:55,319.0
0.5130,17.2320,0.4340,96.9420,1.9680,2025-06-16 12:54:55,319.0
0.5120,16.9650,0.3920,96.8750,1.9770,2025-06-16 12:54:55,319.0
0.5080,17.0050,0.3670,96.6810,2.1490,2025-06-16 19:50:07,320.0
0.5160,16.9020,0.49,96.7580,2.0330,2025-06-16 19:50:07,320.0
0.5030,17.0020,0.4440,96.94,1.8850,2025-06-16 19:50:07,320.0
0.5110,17.0120,0.4060,96.8720,2.1290,2025-06-16 19:50:07,320.0
0.5010,16.8390,0.4790,97.0310,1.9830,2025-06-16 19:50:07,320.0
0.5020,16.9460,0.3430,97.0640,2.0250,2025-06-16 19:50:07,320.0
0.5120,16.9430,0.4730,97.0810,2.1490,2025-06-16 19:50:07,320.0
0.5110,16.9770,0.5640,96.9250,1.9770,2025-06-16 19:50:07,320.0
0.5110,16.8670,0.4830,97.0980,2.0570,2025-06-16 19:50:07,320.0
0.5010,16.9140,0.4650,96.9310,2.1440,2025-06-16 19:50:07,320.0
0.5140,16.9580,0.4240,97.0750,2.0230,2025-06-16 19:50:07,320.0
0.5080,16.9520,0.3540,97.1370,1.9760,2025-06-16 19:50:07,320.0
0.5060,16.9680,0.4690,96.8090,2.0960,2025-06-16 19:50:07,320.0
0.5120,16.93,0.5110,97.02,2.1110,2025-06-16 19:50:07,320.0
0.53,16.9520,0.3670,97.17,2.1430,2025-06-16 19:50:07,320.0
0.5020,16.9650,0.5640,96.9450,2.0070,2025-06-16 19:50:07,320.0
0.5140,16.9610,0.4310,96.7760,2.0740,2025-06-16 19:50:07,320.0
0.5120,16.8770,0.4440,97.07,1.9870,2025-06-16 19:50:07,320.0
0.5020,16.8950,0.5350,96.89,1.9330,2025-06-16 19:50:07,320.0
0.5020,16.8140,0.5080,96.9630,2.0460,2025-06-16 19:50:07,320.0
0.5330,16.8770,0.4830,96.9570,2.1290,2025-06-16 21:15:09,321.0
0.5280,16.8550,0.4730,97.0820,2.0870,2025-06-16 21:15:09,321.0
0.5160,16.7480,0.4130,97.0510,1.9940,2025-06-16 21:15:09,321.0
0.5110,16.8140,0.48,97.2540,1.9730,2025-06-16 21:15:09,321.0
0.5270,16.9050,0.4550,96.9050,2.1190,2025-06-16 21:15:09,321.0
0.5060,16.7640,0.4440,97.50,2.0610,2025-06-16 21:15:09,321.0
0.5170,16.9430,0.5390,96.9320,2.0140,2025-06-16 21:15:09,321.0
0.5270,16.7730,0.3710,97.1590,2.2090,2025-06-16 21:15:09,321.0
0.5380,16.8890,0.4170,97.3310,2,2025-06-16 21:15:09,321.0
0.5030,16.8670,0.3250,97.1210,2.0480,2025-06-16 21:15:09,321.0
0.5240,16.8610,0.4580,97.2150,2.0330,2025-06-16 21:15:09,321.0
0.5050,16.9050,0.5530,97.0690,1.9370,2025-06-16 21:15:09,321.0
0.5170,16.8010,0.4270,97.2050,2.0890,2025-06-16 21:15:09,321.0
0.51,16.8110,0.5040,97.0370,2.0740,2025-06-16 21:15:09,321.0
0.5090,16.9110,0.56,97.0330,1.90,2025-06-16 21:15:09,321.0
0.4970,16.8990,0.4410,96.9440,1.9670,2025-06-16 21:15:09,321.0
0.5180,16.7420,0.4020,97.0250,2.1550,2025-06-16 21:15:09,321.0
0.4950,16.8510,0.4940,96.9830,1.9660,2025-06-16 21:15:09,321.0
0.5370,16.8360,0.49,97.2360,2.2060,2025-06-16 21:15:09,321.0
0.5120,16.7480,0.3530,96.9880,2.0610,2025-06-16 21:15:09,321.0
0.4720,16.8330,0.5110,97.1040,2.1240,2025-06-16 21:45:12,322.0
0.4930,16.9960,0.4940,96.94,2.0360,2025-06-16 21:45:12,322.0
0.4860,16.9330,0.49,96.8420,1.9970,2025-06-16 21:45:12,322.0
0.4720,16.9270,0.3990,96.9520,1.9220,2025-06-16 21:45:12,322.0
0.4980,16.9110,0.4940,97.0560,2.0760,2025-06-16 21:45:12,322.0
0.4970,16.8890,0.50,97.1580,2.1350,2025-06-16 21:45:12,322.0
0.4880,16.88,0.4860,96.91,2.0610,2025-06-16 21:45:12,322.0
0.5050,16.9580,0.49,96.9190,2.0020,2025-06-16 21:45:12,322.0
0.5030,17.0530,0.5350,96.8680,2.0170,2025-06-16 21:45:12,322.0
0.5260,16.8860,0.4870,97.1550,2.14,2025-06-16 21:45:12,322.0
0.50,16.93,0.5430,96.92,2.1070,2025-06-16 21:45:12,322.0
0.4740,16.8920,0.6440,97.0760,1.9490,2025-06-16 21:45:12,322.0
0.4970,16.9050,0.4520,96.9340,1.9930,2025-06-16 21:45:12,322.0
0.4720,16.7730,0.4940,97.1380,1.9160,2025-06-16 21:45:12,322.0
0.4920,17.0050,0.3850,97.0760,2.0430,2025-06-16 21:45:12,322.0
0.5060,16.9270,0.4510,97.10,2.06,2025-06-16 21:45:12,322.0
0.4820,16.9520,0.5670,97.0820,1.9520,2025-06-16 21:45:12,322.0
0.5260,16.9080,0.4130,97.0690,2.0840,2025-06-16 21:45:12,322.0
0.5280,17.0180,0.5780,96.8610,2.1040,2025-06-16 21:45:12,322.0
0.49,16.8360,0.4830,97.1260,2.0990,2025-06-16 21:45:12,322.0
0.5550,16.7920,0.4730,97.1050,2.0250,2025-06-16 21:50:13,323.0
0.5170,16.8510,0.5670,97.1530,2.0170,2025-06-16 21:50:13,323.0
0.4920,16.9270,0.55,96.84,1.8960,2025-06-16 21:50:13,323.0
0.4930,16.8670,0.4380,97.0870,2.0220,2025-06-16 21:50:13,323.0
0.4980,16.8260,0.5360,96.9310,1.9260,2025-06-16 21:50:13,323.0
0.5020,16.8420,0.7840,97.0790,2.0050,2025-06-16 21:50:13,323.0
0.4980,16.9050,0.4410,96.94,1.8970,2025-06-16 21:50:13,323.0
0.50,16.7790,0.4650,97.1780,1.9990,2025-06-16 21:50:13,323.0
0.5290,16.8510,0.55,97.1580,2.0550,2025-06-16 21:50:13,323.0
0.5040,17.0240,0.4240,96.9410,1.9320,2025-06-16 21:50:13,323.0
0.5020,16.8670,0.5810,96.8910,1.9150,2025-06-16 21:50:13,323.0
0.5420,16.9360,0.4060,97.0240,2.0590,2025-06-16 21:50:13,323.0
0.5110,16.8480,0.5810,97.0850,2.1870,2025-06-16 21:50:13,323.0
0.52,16.9210,0.5040,97.1320,2.1320,2025-06-16 21:50:13,323.0
0.4960,16.9020,0.4830,97.0930,2.0150,2025-06-16 21:50:13,323.0
0.5010,16.8420,0.3710,97.03,2.0110,2025-06-16 21:50:13,323.0
0.5510,16.8890,0.4690,97.27,2.0840,2025-06-16 21:50:13,323.0
0.5270,16.9650,0.6960,97.0730,1.9940,2025-06-16 21:50:13,323.0
0.5350,16.9330,0.4690,97.3940,1.9650,2025-06-16 21:50:13,323.0
0.5090,16.9430,0.4940,96.9160,1.9640,2025-06-16 21:50:13,323.0
0.5330,16.9550,0.4060,96.8440,2.0860,2025-06-17 10:49:59,324.0
0.5240,16.8610,0.55,96.8760,2.0270,2025-06-17 10:49:59,324.0
0.5530,16.8770,0.4760,97.1220,2.06,2025-06-17 10:49:59,324.0
0.5420,16.8730,0.4380,97.0220,2.0970,2025-06-17 10:49:59,324.0
0.5230,16.9990,0.4620,96.9610,1.9160,2025-06-17 10:49:59,324.0
0.5190,16.8830,0.5530,96.8130,2.0620,2025-06-17 10:49:59,324.0
0.5410,16.9610,0.5630,97.0210,2.0190,2025-06-17 10:49:59,324.0
0.5330,17.04,0.5280,96.9590,1.9710,2025-06-17 10:49:59,324.0
0.5180,16.9080,0.4860,97.0690,1.94,2025-06-17 10:49:59,324.0
0.5260,16.7920,0.4790,97.0070,2.0010,2025-06-17 10:49:59,324.0
0.5330,16.9580,0.6060,96.9310,1.9420,2025-06-17 10:49:59,324.0
0.5450,16.9210,0.4090,97.05,2.0910,2025-06-17 10:49:59,324.0
0.5360,16.9580,0.4380,96.9870,2.0060,2025-06-17 10:49:59,324.0
0.5420,16.9930,0.5220,96.8250,2.0770,2025-06-17 10:49:59,324.0
0.5410,16.9650,0.5040,96.9430,2.1260,2025-06-17 10:49:59,324.0
0.5240,17.0150,0.4870,96.8010,1.98,2025-06-17 10:49:59,324.0
0.5410,16.8640,0.5420,97.1310,2.08,2025-06-17 10:49:59,324.0
0.5270,16.88,0.49,96.8120,1.99,2025-06-17 10:49:59,324.0
0.5180,16.8950,0.3920,97.15,1.9380,2025-06-17 10:49:59,324.0
0.5390,17.1030,0.4130,96.8950,1.8610,2025-06-17 10:49:59,324.0
0.5340,16.8830,0.4580,97.0090,2.0290,2025-06-17 13:05:01,325.0
0.5310,16.82,0.4310,97.1580,1.9260,2025-06-17 13:05:01,325.0
0.5280,17.0340,0.5290,96.8450,1.9570,2025-06-17 13:05:01,325.0
0.5120,16.9080,0.4060,96.91,1.9050,2025-06-17 13:05:01,325.0
0.5270,16.9210,0.4240,97.0490,1.9360,2025-06-17 13:05:01,325.0
0.5240,16.9110,0.4480,97.3610,2.1570,2025-06-17 13:05:01,325.0
0.5570,16.8890,0.48,97.0450,2.17,2025-06-17 13:05:01,325.0
0.5290,17.10,0.4970,96.9250,1.9170,2025-06-17 13:05:01,325.0
0.5250,16.9330,0.4270,96.8860,1.9280,2025-06-17 13:05:01,325.0
0.53,16.9330,0.3430,97.0580,1.8840,2025-06-17 13:05:01,325.0
0.5510,16.9930,0.3740,97.2350,2.0690,2025-06-17 13:05:01,325.0
0.5090,16.9490,0.5250,97.0060,1.9020,2025-06-17 13:05:01,325.0
0.5380,17.0710,0.4020,96.9770,2.1060,2025-06-17 13:05:01,325.0
0.5390,16.8860,0.4550,97.0990,2.0470,2025-06-17 13:05:01,325.0
0.5280,16.9520,0.4730,96.9230,2.0480,2025-06-17 13:05:01,325.0
0.5220,16.8610,0.3890,96.8870,2.0210,2025-06-17 13:05:01,325.0
0.5110,17.0210,0.5180,96.9960,1.8420,2025-06-17 13:05:01,325.0
0.5540,16.9390,0.41,97.1870,2.1840,2025-06-17 13:05:01,325.0
0.5260,16.9460,0.4690,96.9070,1.95,2025-06-17 13:05:01,325.0
0.5140,16.9240,0.4060,96.9240,1.91,2025-06-17 13:05:01,325.0
0.5340,16.9680,0.4510,96.7430,2.06,2025-06-17 14:00:02,326.0
0.5310,16.9740,0.5290,96.9210,2.1270,2025-06-17 14:00:02,326.0
0.55,16.8950,0.6020,97.2840,2.0890,2025-06-17 14:00:02,326.0
0.5330,16.93,0.4620,97.1010,1.9660,2025-06-17 14:00:02,326.0
0.5260,16.9520,0.6020,96.9480,2.0510,2025-06-17 14:00:02,326.0
0.5340,16.9610,0.5040,96.9910,2.0490,2025-06-17 14:00:02,326.0
0.5390,16.9580,0.6330,97.1780,2.0340,2025-06-17 14:00:02,326.0
0.55,16.9680,0.50,97.1580,2.0890,2025-06-17 14:00:02,326.0
0.52,17.0240,0.4830,97.2810,1.9290,2025-06-17 14:00:02,326.0
0.5240,16.9490,0.3990,96.8950,1.9250,2025-06-17 14:00:02,326.0
0.5110,16.8480,0.5560,96.9560,1.8410,2025-06-17 14:00:02,326.0
0.5310,16.93,0.4340,97.1840,2.0020,2025-06-17 14:00:02,326.0
0.5190,16.9490,0.5560,97.0950,1.9130,2025-06-17 14:00:02,326.0
0.5580,17.0210,0.4760,96.9730,2.1550,2025-06-17 14:00:02,326.0
0.5350,16.8950,0.5320,96.8550,2.1070,2025-06-17 14:00:02,326.0
0.5190,16.9330,0.56,97.0390,2.0240,2025-06-17 14:00:02,326.0
0.5190,16.93,0.4580,97.3510,1.8780,2025-06-17 14:00:02,326.0
0.52,16.8550,0.4690,96.8420,1.9580,2025-06-17 14:00:02,326.0
0.5350,16.9390,0.4580,97.13,2.0210,2025-06-17 14:00:02,326.0
0.5430,16.8580,0.4510,96.8540,2.1550,2025-06-17 14:00:02,326.0
0.52,16.9080,0.56,97.1410,1.9940,2025-06-17 14:10:03,327.0
0.5340,16.9610,0.5250,97.0540,2.1330,2025-06-17 14:10:03,327.0
0.5270,16.9490,0.5810,97.14,1.9450,2025-06-17 14:10:03,327.0
0.5560,16.9740,0.4380,97.1260,2.1640,2025-06-17 14:10:03,327.0
0.5250,17.0490,0.4590,96.97,1.9220,2025-06-17 14:10:03,327.0
0.54,16.9460,0.4930,96.7050,2.0130,2025-06-17 14:10:03,327.0
0.5130,16.87,0.49,97.2910,1.9540,2025-06-17 14:10:03,327.0
0.5380,17.0090,0.5460,96.7210,2.0010,2025-06-17 14:10:03,327.0
0.5110,16.9020,0.4480,97.34,1.8810,2025-06-17 14:10:03,327.0
0.55,17.0210,0.6340,96.8150,2.1310,2025-06-17 14:10:03,327.0
0.51,16.9460,0.4340,96.9680,1.9050,2025-06-17 14:10:03,327.0
0.5110,16.9330,0.5460,96.8320,1.87,2025-06-17 14:10:03,327.0
0.5330,17.0210,0.4730,96.7740,1.9490,2025-06-17 14:10:03,327.0
0.5290,17.04,0.5110,96.9770,2.0390,2025-06-17 14:10:03,327.0
0.53,16.9330,0.3990,97.0080,2.0350,2025-06-17 14:10:03,327.0
0.5250,16.8360,0.4060,97.1170,1.8970,2025-06-17 14:10:03,327.0
0.5370,16.9680,0.3850,97.0760,2.1390,2025-06-17 14:10:03,327.0
0.52,16.8890,0.6090,96.8750,1.96,2025-06-17 14:10:03,327.0
0.53,17.0710,0.5250,96.8350,1.9390,2025-06-17 14:10:03,327.0
0.53,16.9330,0.5070,97.1670,2.0640,2025-06-17 14:10:03,327.0
0.54,16.9710,0.4520,96.8290,2.0020,2025-06-17 19:20:10,328.0
0.5140,17.04,0.5070,97.15,1.9240,2025-06-17 19:20:10,328.0
0.5330,16.9770,0.4690,96.8130,1.9620,2025-06-17 19:20:10,328.0
0.52,17.0780,0.5110,96.9140,1.93,2025-06-17 19:20:10,328.0
0.5190,16.9170,0.5910,96.8940,2.0360,2025-06-17 19:20:10,328.0
0.5310,17.0050,0.5110,96.7790,2.0880,2025-06-17 19:20:10,328.0
0.5270,17.0490,0.5420,96.9420,1.9430,2025-06-17 19:20:10,328.0
0.5330,16.9710,0.4410,97.0780,2.0080,2025-06-17 19:20:10,328.0
0.51,16.8640,0.56,97.1190,1.9410,2025-06-17 19:20:10,328.0
0.5340,16.9770,0.5110,96.8920,2.0470,2025-06-17 19:20:10,328.0
0.5260,17.0430,0.4480,96.9860,1.9750,2025-06-17 19:20:10,328.0
0.5370,16.9550,0.4760,97.1160,2.0140,2025-06-17 19:20:10,328.0
0.5270,16.9710,0.3360,97.1380,2.0070,2025-06-17 19:20:10,328.0
0.5210,16.9990,0.4380,96.9270,2.1280,2025-06-17 19:20:10,328.0
0.5430,16.9170,0.5110,96.89,2.01,2025-06-17 19:20:10,328.0
0.5390,16.9330,0.4620,97.0660,2.1490,2025-06-17 19:20:10,328.0
0.5280,17.1370,0.4620,96.8030,1.9050,2025-06-17 19:20:10,328.0
0.5150,16.9930,0.3960,96.9860,1.9370,2025-06-17 19:20:10,328.0
0.5180,16.8610,0.5670,97.14,1.9830,2025-06-17 19:20:10,328.0
0.5270,17.04,0.5210,96.8370,2.1140,2025-06-17 19:20:10,328.0
0.5190,17.0310,0.56,96.8770,1.9050,2025-06-17 21:35:13,329.0
0.5370,16.9330,0.4970,97.0990,2.1830,2025-06-17 21:35:13,329.0
0.5250,16.8950,0.4130,97.0640,1.9630,2025-06-17 21:35:13,329.0
0.5320,17.0150,0.3850,97.3860,1.9410,2025-06-17 21:35:13,329.0
0.5330,16.9740,0.3710,97.1110,1.9650,2025-06-17 21:35:13,329.0
0.5260,17.0680,0.6020,96.8710,1.9480,2025-06-17 21:35:13,329.0
0.5450,16.8950,0.4970,97.0440,2.0970,2025-06-17 21:35:13,329.0
0.5150,16.8640,0.4760,97.2270,2.0270,2025-06-17 21:35:13,329.0
0.5480,16.99,0.5290,96.9620,2.0020,2025-06-17 21:35:13,329.0
0.5450,16.9740,0.4340,97.1280,2.1090,2025-06-17 21:35:13,329.0
0.5250,16.99,0.4760,97.0770,1.9850,2025-06-17 21:35:13,329.0
0.5290,16.9080,0.5070,96.7380,2.1040,2025-06-17 21:35:13,329.0
0.5290,17.0680,0.4870,96.93,1.9170,2025-06-17 21:35:13,329.0
0.5420,16.9390,0.5780,97.0890,2.0370,2025-06-17 21:35:13,329.0
0.5270,17.0530,0.4380,96.8950,1.95,2025-06-17 21:35:13,329.0
0.5270,16.7790,0.5880,97.2450,2.0460,2025-06-17 21:35:13,329.0
0.5120,17.0050,0.5350,96.9630,1.8680,2025-06-17 21:35:13,329.0
0.5140,16.9170,0.3960,96.9960,1.9790,2025-06-17 21:35:13,329.0
0.5280,16.9710,0.5080,97.0680,2.0380,2025-06-17 21:35:13,329.0
0.5060,16.8990,0.63,96.9110,1.9880,2025-06-17 21:35:13,329.0
0.52,17.0240,0.55,97.0920,2.0420,2025-06-18 13:10:56,330.0
0.5240,16.9170,0.6410,97.0130,2.1020,2025-06-18 13:10:56,330.0
0.5320,16.9580,0.5710,97.1040,2.0050,2025-06-18 13:10:56,330.0
0.5380,17.0590,0.4970,96.8970,2.04,2025-06-18 13:10:56,330.0
0.5180,16.8260,0.49,97.1550,2.0480,2025-06-18 13:10:56,330.0
0.5250,16.7920,0.4340,97.1390,1.9370,2025-06-18 13:10:56,330.0
0.5250,16.9110,0.4830,96.9150,1.9770,2025-06-18 13:10:56,330.0
0.5540,16.9550,0.4380,97.0540,2.1790,2025-06-18 13:10:56,330.0
0.5230,16.98,0.4270,97.1590,1.9350,2025-06-18 13:10:56,330.0
0.5060,16.9110,0.4310,97.0230,1.9550,2025-06-18 13:10:56,330.0
0.5180,16.8260,0.4480,96.9690,2.0040,2025-06-18 13:10:56,330.0
0.5260,16.8670,0.5420,97.1670,2.06,2025-06-18 13:10:56,330.0
0.5290,16.8550,0.5250,96.9970,2.0810,2025-06-18 13:10:56,330.0
0.5410,17.0150,0.4310,97.1550,2.0890,2025-06-18 13:10:56,330.0
0.53,16.9520,0.5010,96.9610,2.0020,2025-06-18 13:10:56,330.0
0.5280,16.9550,0.5110,97.2260,2.0180,2025-06-18 13:10:56,330.0
0.5250,16.9170,0.4550,97.1160,2.0720,2025-06-18 13:10:56,330.0
0.5420,16.8950,0.4660,97.0650,2.1050,2025-06-18 13:10:56,330.0
0.5340,16.82,0.4940,97.0710,2.0080,2025-06-18 13:10:56,330.0
0.5210,16.8770,0.5150,108.6390,2.0320,2025-06-18 13:10:56,330.0
0.5440,16.9330,0.3810,96.96,2.1920,2025-06-18 19:36:04,331.0
0.5310,16.98,0.5110,97.1130,1.9860,2025-06-18 19:36:04,331.0
0.5280,16.9430,0.4520,96.9460,2.1640,2025-06-18 19:36:04,331.0
0.5660,17.0020,0.4580,97.0440,2.2210,2025-06-18 19:36:04,331.0
0.5510,17.0620,0.4650,96.89,2.07,2025-06-18 19:36:04,331.0
0.5260,16.98,0.4650,96.9460,2.0650,2025-06-18 19:36:04,331.0
0.5320,16.9550,0.4580,97.2890,2.1010,2025-06-18 19:36:04,331.0
0.5290,16.8920,0.56,97.10,2.0590,2025-06-18 19:36:04,331.0
0.5220,16.8480,0.4170,97.0970,2.0180,2025-06-18 19:36:04,331.0
0.5430,16.9110,0.4550,97.1620,2.2630,2025-06-18 19:36:04,331.0
0.4970,16.9460,0.5250,96.9550,1.9490,2025-06-18 19:36:04,331.0
0.5260,16.9430,0.5150,96.9770,2.1960,2025-06-18 19:36:04,331.0
0.5260,16.8860,0.4790,97.1030,2.0160,2025-06-18 19:36:04,331.0
0.5330,16.9830,0.41,97.12,1.9890,2025-06-18 19:36:04,331.0
0.5290,16.8610,0.4270,96.8170,1.9960,2025-06-18 19:36:04,331.0
0.5170,16.8990,0.3610,97.09,2.0680,2025-06-18 19:36:04,331.0
0.5310,16.8990,0.4550,97.0950,2.0690,2025-06-18 19:36:04,331.0
0.5390,16.93,0.3780,97.0850,2.0680,2025-06-18 19:36:04,331.0
0.5270,16.9270,0.3990,97.0970,1.9750,2025-06-18 19:36:04,331.0
0.5270,16.9110,0.4340,97.1210,1.9560,2025-06-18 19:36:04,331.0
0.5470,17.0020,0.5810,97.0830,1.8460,2025-06-18 21:31:07,332.0
0.5520,17.0090,0.6120,97.0520,1.7720,2025-06-18 21:31:07,332.0
0.5590,16.98,0.4550,97.1490,1.9010,2025-06-18 21:31:07,332.0
0.5610,16.9460,0.4860,96.8580,1.8050,2025-06-18 21:31:07,332.0
0.5370,16.93,0.4410,96.7190,1.7160,2025-06-18 21:31:07,332.0
0.5460,16.9520,0.5080,97.0830,1.7720,2025-06-18 21:31:07,332.0
0.5390,16.9710,0.5640,96.7990,1.8440,2025-06-18 21:31:07,332.0
0.5240,16.8770,0.5350,97.0520,1.7420,2025-06-18 21:31:07,332.0
0.5260,16.8580,0.49,96.7150,1.7230,2025-06-18 21:31:07,332.0
0.5240,16.9330,0.5010,96.99,1.6390,2025-06-18 21:31:07,332.0
0.5310,16.9390,0.5180,97.0580,1.7760,2025-06-18 21:31:07,332.0
0.5210,16.8260,0.5670,97.0990,1.7650,2025-06-18 21:31:07,332.0
0.5560,16.9080,0.5810,96.7170,1.9240,2025-06-18 21:31:07,332.0
0.5390,16.8920,0.5210,96.80,1.7720,2025-06-18 21:31:07,332.0
0.53,16.9330,0.6860,96.7460,1.7930,2025-06-18 21:31:07,332.0
0.5510,16.8580,0.5740,96.8110,1.8490,2025-06-18 21:31:07,332.0
0.5190,16.9580,0.5110,96.8050,1.7260,2025-06-18 21:31:07,332.0
0.5320,16.88,0.5530,97.0440,1.6670,2025-06-18 21:31:07,332.0
0.5410,16.88,0.4790,96.8430,1.7520,2025-06-18 21:31:07,332.0
0.5360,16.8890,0.4860,96.9910,1.8220,2025-06-18 21:31:07,332.0
0.55,16.9830,0.5320,97.0710,2.0610,2025-06-18 21:41:08,333.0
0.5120,17.0180,0.4550,96.8180,1.9980,2025-06-18 21:41:08,333.0
0.5170,17.0750,0.3920,96.7820,1.8250,2025-06-18 21:41:08,333.0
0.5340,17.0370,0.3010,96.8910,2.0020,2025-06-18 21:41:08,333.0
0.5280,16.9710,0.4450,96.86,1.9670,2025-06-18 21:41:08,333.0
0.5310,17.0180,0.5430,96.9560,2.0610,2025-06-18 21:41:08,333.0
0.5460,17.04,0.3640,96.8030,1.9450,2025-06-18 21:41:08,333.0
0.5160,16.98,0.4940,96.8870,2.0040,2025-06-18 21:41:08,333.0
0.54,16.9330,0.3960,96.9290,2.0390,2025-06-18 21:41:08,333.0
0.5380,17.0620,0.3540,97.0640,2.0530,2025-06-18 21:41:08,333.0
0.5130,16.8860,0.5530,96.9190,1.9770,2025-06-18 21:41:08,333.0
0.5350,16.9430,0.5040,96.9620,2.0010,2025-06-18 21:41:08,333.0
0.5230,17.0020,0.4650,96.80,2.0560,2025-06-18 21:41:08,333.0
0.5270,16.9140,0.3810,97.0910,2.1040,2025-06-18 21:41:08,333.0
0.5410,16.9170,0.4450,97.1850,1.9630,2025-06-18 21:41:08,333.0
0.5460,16.9610,0.49,96.9350,2.1460,2025-06-18 21:41:08,333.0
0.5120,16.9330,0.55,97.0010,1.9910,2025-06-18 21:41:08,333.0
0.5310,16.9870,0.3780,97.0390,2.02,2025-06-18 21:41:08,333.0
0.5290,16.9330,0.4380,97.0420,1.9880,2025-06-18 21:41:08,333.0
0.5420,16.9680,0.4970,96.9050,2,2025-06-18 21:41:08,333.0
0.54,17.0180,0.8190,96.9920,2.0410,2025-06-19 10:57:28,334.0
0.5330,16.9770,0.4690,97.3110,1.9270,2025-06-19 10:57:28,334.0
0.5410,16.9330,0.4160,97.0990,2.0690,2025-06-19 10:57:28,334.0
0.5220,16.9610,0.4970,97.0280,1.91,2025-06-19 10:57:28,334.0
0.5290,16.8830,0.5110,97.1540,2.12,2025-06-19 10:57:28,334.0
0.5320,16.9520,0.5350,97.1260,1.9660,2025-06-19 10:57:28,334.0
0.5210,16.8830,0.3920,97.0110,2.0240,2025-06-19 10:57:28,334.0
0.5220,16.8830,0.3540,97.1080,1.9220,2025-06-19 10:57:28,334.0
0.54,16.8110,0.3810,97.3260,2.1070,2025-06-19 10:57:28,334.0
0.5290,16.9580,0.5460,97.1180,2.0290,2025-06-19 10:57:28,334.0
0.5220,16.9870,0.50,96.95,2.0410,2025-06-19 10:57:28,334.0
0.5210,16.8640,0.4790,97.1260,1.9420,2025-06-19 10:57:28,334.0
0.5410,16.9490,0.4620,96.8820,2.0780,2025-06-19 10:57:28,334.0
0.5010,16.7980,0.5390,97.1290,1.7920,2025-06-19 10:57:28,334.0
0.5330,16.9240,0.4830,96.9810,1.9850,2025-06-19 10:57:28,334.0
0.5230,16.8830,0.5950,97.0220,2.0910,2025-06-19 10:57:28,334.0
0.5250,16.9960,0.5070,97.0730,2.0020,2025-06-19 10:57:28,334.0
0.5180,16.8550,0.5150,97.4130,1.9110,2025-06-19 10:57:28,334.0
0.5310,16.8860,0.7630,96.9050,2.12,2025-06-19 10:57:28,334.0
0.5220,16.9110,0.4790,97.21,2.0730,2025-06-19 10:57:28,334.0
0.5240,16.99,0.4310,96.9980,2.0810,2025-06-19 13:27:30,335.0
0.5080,16.8040,0.4870,96.97,1.9920,2025-06-19 13:27:30,335.0
0.5610,17.0490,0.5350,96.7950,2.2130,2025-06-19 13:27:30,335.0
0.5130,16.7820,0.4410,97.1230,1.9870,2025-06-19 13:27:30,335.0
0.5350,16.9390,0.4090,97.1980,2.09,2025-06-19 13:27:30,335.0
0.5420,16.8480,0.4380,97.0740,2.1250,2025-06-19 13:27:30,335.0
0.5410,16.88,0.4970,97.1960,2.1140,2025-06-19 13:27:30,335.0
0.5370,16.8860,0.4130,97,2.1140,2025-06-19 13:27:30,335.0
0.5520,16.8640,0.4230,96.8250,2.2770,2025-06-19 13:27:30,335.0
0.5420,16.8670,0.4340,97.0990,2.1490,2025-06-19 13:27:30,335.0
0.5420,16.8950,0.5290,96.7990,2.1320,2025-06-19 13:27:30,335.0
0.4940,16.8640,0.4090,97.2660,1.9230,2025-06-19 13:27:30,335.0
0.5540,16.8670,0.5430,97.4650,2.1140,2025-06-19 13:27:30,335.0
0.5280,16.8550,0.3960,97.0190,2.0760,2025-06-19 13:27:30,335.0
0.5330,16.8420,0.3670,97.0080,2.1050,2025-06-19 13:27:30,335.0
0.54,16.87,0.5080,96.95,2.0610,2025-06-19 13:27:30,335.0
0.5360,16.9650,0.4550,97.1120,2.0990,2025-06-19 13:27:30,335.0
0.5180,16.8670,0.3670,97.0350,2.1270,2025-06-19 13:27:30,335.0
0.5350,16.8170,0.4730,97.1310,2.0880,2025-06-19 13:27:30,335.0
0.5260,16.8230,0.5560,97.0890,2.1240,2025-06-19 13:27:30,335.0
0.5470,16.9490,0.3990,97.0580,2.2370,2025-06-19 19:12:38,336.0
0.5210,16.9650,0.4270,97.0960,2.0970,2025-06-19 19:12:38,336.0
0.55,16.8890,0.4940,97.1810,2.2020,2025-06-19 19:12:38,336.0
0.5270,16.8920,0.3920,97.0830,1.96,2025-06-19 19:12:38,336.0
0.5230,17.0370,0.4020,96.9090,1.9130,2025-06-19 19:12:38,336.0
0.5220,17.0050,0.4940,97.06,2.0350,2025-06-19 19:12:38,336.0
0.5430,16.9520,0.4830,96.9370,1.9910,2025-06-19 19:12:38,336.0
0.5340,16.9930,0.4760,97.1090,2.1090,2025-06-19 19:12:38,336.0
0.5240,16.9770,0.4340,97.0750,2.0550,2025-06-19 19:12:38,336.0
0.5250,16.9710,0.3780,97.1080,2.1420,2025-06-19 19:12:38,336.0
0.5220,16.99,0.3570,97.1470,1.9730,2025-06-19 19:12:38,336.0
0.5330,16.9490,0.5350,96.8710,1.9890,2025-06-19 19:12:38,336.0
0.5210,17.0050,0.5530,97.0360,2.0720,2025-06-19 19:12:38,336.0
0.51,17.0650,0.4410,96.9340,1.87,2025-06-19 19:12:38,336.0
0.5080,16.8610,0.5630,97.24,1.8980,2025-06-19 19:12:38,336.0
0.5380,16.9390,0.5710,97.0490,2.1490,2025-06-19 19:12:38,336.0
0.5190,16.9240,0.3710,97.0920,2.1110,2025-06-19 19:12:38,336.0
0.5260,16.9210,0.4970,97.0190,2.0890,2025-06-19 19:12:38,336.0
0.5270,16.9460,0.4940,96.9730,2.0380,2025-06-19 19:12:38,336.0
0.53,16.9270,0.4660,97.0080,2.1680,2025-06-19 19:12:38,336.0
0.5330,16.9870,0.43,97.0310,2.0890,2025-06-19 21:12:39,337.0
0.5130,16.9710,0.5420,96.8950,1.92,2025-06-19 21:12:39,337.0
0.5360,16.9550,0.4130,96.96,2.0040,2025-06-19 21:12:39,337.0
0.5310,16.9170,0.3960,96.8180,1.9260,2025-06-19 21:12:39,337.0
0.5240,16.9680,0.50,96.9390,2.02,2025-06-19 21:12:39,337.0
0.5260,17.0270,0.3880,97.0020,2.0930,2025-06-19 21:12:39,337.0
0.5190,16.8770,0.56,96.85,2.0220,2025-06-19 21:12:39,337.0
0.5370,16.9360,0.5460,97.1290,2.0280,2025-06-19 21:12:39,337.0
0.5310,16.9330,0.4410,97.2720,2.1410,2025-06-19 21:12:39,337.0
0.5570,16.9080,0.4230,97.0470,2.09,2025-06-19 21:12:39,337.0
0.5260,16.9580,0.4830,97.1050,2.0690,2025-06-19 21:12:39,337.0
0.5410,16.9430,0.4620,96.9440,2.0540,2025-06-19 21:12:39,337.0
0.5250,16.9680,0.5180,97.1450,2.0290,2025-06-19 21:12:39,337.0
0.5250,16.9520,0.5290,97.1820,1.9890,2025-06-19 21:12:39,337.0
0.5240,16.9430,0.4970,96.96,2.0120,2025-06-19 21:12:39,337.0
0.5070,16.9360,0.5280,96.9840,1.9740,2025-06-19 21:12:39,337.0
0.5260,16.9870,0.50,97.0110,2.0040,2025-06-19 21:12:39,337.0
0.5470,16.9990,0.4480,96.9090,2.0850,2025-06-19 21:12:39,337.0
0.54,16.9550,0.5110,96.8530,2.1120,2025-06-19 21:12:39,337.0
0.5270,17.0370,0.5220,97.1330,2.1530,2025-06-19 21:12:39,337.0
0.5360,16.8550,0.5180,97.2780,2.0510,2025-06-20 19:33:21,338.0
0.5470,16.8360,0.4940,96.8980,2.1760,2025-06-20 19:33:21,338.0
0.5080,16.8670,0.5290,97.1920,1.9350,2025-06-20 19:33:21,338.0
0.5320,16.8670,0.5530,96.98,2.11,2025-06-20 19:33:21,338.0
0.5370,16.9140,0.4020,97.1280,2.0810,2025-06-20 19:33:21,338.0
0.5450,16.83,0.4380,97.2180,2.11,2025-06-20 19:33:21,338.0
0.5480,16.9770,0.4760,97.2240,2.0990,2025-06-20 19:33:21,338.0
0.5480,16.88,0.5560,97.0740,2.1320,2025-06-20 19:33:21,338.0
0.5090,16.8950,0.5350,97.0110,2.0230,2025-06-20 19:33:21,338.0
0.5280,16.9580,0.5290,96.8180,2.0810,2025-06-20 19:33:21,338.0
0.54,16.8730,0.4620,97.2480,2.1680,2025-06-20 19:33:21,338.0
0.5270,16.8950,0.4690,97.1550,2.0070,2025-06-20 19:33:21,338.0
0.5220,16.9490,0.5290,96.7720,1.9620,2025-06-20 19:33:21,338.0
0.5560,16.9110,0.4870,96.8820,2.1630,2025-06-20 19:33:21,338.0
0.5220,16.8450,0.4380,96.9880,2.1540,2025-06-20 19:33:21,338.0
0.5150,16.88,0.6440,97.0260,1.9630,2025-06-20 19:33:21,338.0
0.5070,16.8260,0.5640,96.8940,1.9590,2025-06-20 19:33:21,338.0
0.52,16.9050,0.4790,96.8190,1.9970,2025-06-20 19:33:21,338.0
0.5480,16.9330,0.4690,96.9920,2.1690,2025-06-20 19:33:21,338.0
0.5480,16.9390,0.4310,96.8430,2.1460,2025-06-20 19:33:21,338.0
0.5410,16.9430,0.4790,96.9850,1.9510,2025-06-20 21:48:25,339.0
0.5110,16.9050,0.5570,96.8940,1.9590,2025-06-20 21:48:25,339.0
0.5390,16.8580,0.48,97.3230,2.1380,2025-06-20 21:48:25,339.0
0.5310,16.9870,0.4340,96.99,1.9910,2025-06-20 21:48:25,339.0
0.5240,16.8920,0.4340,97.08,2.0060,2025-06-20 21:48:25,339.0
0.5390,16.9050,0.5280,96.8950,2.0970,2025-06-20 21:48:25,339.0
0.5490,16.9610,0.4790,96.7370,2.0420,2025-06-20 21:48:25,339.0
0.5210,16.88,0.4270,96.80,2.0050,2025-06-20 21:48:25,339.0
0.5120,16.8670,0.50,97.1390,2.0230,2025-06-20 21:48:25,339.0
0.5050,16.8420,0.6230,97.1150,1.8840,2025-06-20 21:48:25,339.0
0.5440,16.9930,0.4940,96.9850,2.0360,2025-06-20 21:48:25,339.0
0.5380,17.0240,0.4310,96.8890,2.0360,2025-06-20 21:48:25,339.0
0.5290,16.9170,0.5290,97.2810,1.9990,2025-06-20 21:48:25,339.0
0.5270,16.99,0.4480,97.1190,2.0540,2025-06-20 21:48:25,339.0
0.5150,17.0460,0.4130,96.8860,1.9130,2025-06-20 21:48:25,339.0
0.5220,16.9930,0.4620,96.9990,1.9130,2025-06-20 21:48:25,339.0
0.5360,16.8260,0.4130,96.8670,2.0370,2025-06-20 21:48:25,339.0
0.5350,16.9270,0.3850,96.82,2.0640,2025-06-20 21:48:25,339.0
0.5390,16.88,0.5150,96.7330,2.1590,2025-06-20 21:48:25,339.0
0.5410,16.9210,0.5280,97.1330,2.1930,2025-06-20 21:48:25,339.0
0.5380,17.0180,0.4130,96.8310,2.0660,2025-06-21 08:19:38,340.0
0.5380,17.0020,0.3710,96.9420,2.0020,2025-06-21 08:19:38,340.0
0.5370,16.9680,0.4380,96.9240,1.9920,2025-06-21 08:19:38,340.0
0.5330,16.9770,0.4170,96.96,1.9990,2025-06-21 08:19:38,340.0
0.5040,16.9550,0.3610,96.8340,1.9370,2025-06-21 08:19:38,340.0
0.5110,16.9110,0.4730,96.8020,1.9310,2025-06-21 08:19:38,340.0
0.5340,16.9140,0.3780,96.76,1.9540,2025-06-21 08:19:38,340.0
0.5280,16.9330,0.4380,97.0740,1.9740,2025-06-21 08:19:38,340.0
0.5410,16.9170,0.5390,97.0290,2.0610,2025-06-21 08:19:38,340.0
0.5320,17.0310,0.4060,96.8750,1.9010,2025-06-21 08:19:38,340.0
0.5570,16.9770,0.3960,97.1330,2.0550,2025-06-21 08:19:38,340.0
0.5260,17.0090,0.4520,96.9480,1.8750,2025-06-21 08:19:38,340.0
0.5210,16.9270,0.4480,97.0040,1.8610,2025-06-21 08:19:38,340.0
0.5450,16.9430,0.5110,96.7950,2.1430,2025-06-21 08:19:38,340.0
0.5560,17.0370,0.4830,96.9990,2.0110,2025-06-21 08:19:38,340.0
0.5340,16.9360,0.3880,96.9030,1.9910,2025-06-21 08:19:38,340.0
0.54,16.9430,0.5070,96.9310,2.11,2025-06-21 08:19:38,340.0
0.5460,16.9710,0.4550,96.9810,2.10,2025-06-21 08:19:38,340.0
0.5560,17.0270,0.4170,96.9430,2.0670,2025-06-21 08:19:38,340.0
0.5220,16.8950,0.56,97.0620,1.9340,2025-06-21 08:19:38,340.0
0.5350,16.8230,0.4130,97.2020,2.1410,2025-06-21 13:04:45,341.0
0.53,16.9210,0.5150,97.1580,2.0730,2025-06-21 13:04:45,341.0
0.5510,16.8950,0.4970,97.0990,2.0560,2025-06-21 13:04:45,341.0
0.5350,16.9550,0.3850,96.9090,2.1030,2025-06-21 13:04:45,341.0
0.5250,16.9240,0.5920,97.01,2.0680,2025-06-21 13:04:45,341.0
0.5190,16.9170,0.5290,97.0520,2.0840,2025-06-21 13:04:45,341.0
0.5290,16.9080,0.6790,96.8480,2.04,2025-06-21 13:04:45,341.0
0.5260,16.8510,0.5560,97.0390,1.9410,2025-06-21 13:04:45,341.0
0.5330,16.8330,0.5110,97.0760,2.0730,2025-06-21 13:04:45,341.0
0.5160,16.93,0.49,97.18,1.9050,2025-06-21 13:04:45,341.0
0.5260,16.9610,0.5910,96.8830,1.9050,2025-06-21 13:04:45,341.0
0.5040,16.9990,0.4620,97.1720,1.9730,2025-06-21 13:04:45,341.0
0.5360,16.93,0.5430,97.24,2.0480,2025-06-21 13:04:45,341.0
0.5390,16.9140,0.5320,96.8140,2.1190,2025-06-21 13:04:45,341.0
0.5110,16.9080,0.5710,97.1060,1.8860,2025-06-21 13:04:45,341.0
0.5290,16.9740,0.6340,96.7520,2.0630,2025-06-21 13:04:45,341.0
0.5360,16.8510,0.4730,97.3790,1.9810,2025-06-21 13:04:45,341.0
0.5320,16.9210,0.5080,97.1120,2.0650,2025-06-21 13:04:45,341.0
0.5160,16.8170,0.4060,96.9650,1.9260,2025-06-21 13:04:45,341.0
0.5340,16.8550,0.5290,97.0890,2.0180,2025-06-21 13:04:45,341.0
0.5430,16.9770,0.5350,96.93,2.1230,2025-06-21 21:24:54,342.0
0.5440,16.9240,0.4760,97.0610,2.0880,2025-06-21 21:24:54,342.0
0.5250,16.9610,0.5770,97.03,1.9530,2025-06-21 21:24:54,342.0
0.5260,16.9270,0.4550,97.06,2.03,2025-06-21 21:24:54,342.0
0.5470,17.0430,0.4170,96.9150,2.1690,2025-06-21 21:24:54,342.0
0.5460,16.9210,0.56,97.1920,2.1860,2025-06-21 21:24:54,342.0
0.5310,16.8640,0.3570,97.1390,2.0740,2025-06-21 21:24:54,342.0
0.5290,16.9430,0.6480,96.9710,2.0640,2025-06-21 21:24:54,342.0
0.5290,16.8260,0.5150,97.17,2.11,2025-06-21 21:24:54,342.0
0.5460,16.9240,0.49,97.1860,2.0630,2025-06-21 21:24:54,342.0
0.5410,16.9330,0.5560,96.8780,2.04,2025-06-21 21:24:54,342.0
0.5280,16.9870,0.5530,96.9110,1.9160,2025-06-21 21:24:54,342.0
0.5270,16.9210,0.4550,96.8910,2.0680,2025-06-21 21:24:54,342.0
0.5090,16.82,0.4440,96.8620,1.8450,2025-06-21 21:24:54,342.0
0.5450,16.9460,0.4310,97.1230,2.0870,2025-06-21 21:24:54,342.0
0.5440,16.9460,0.4970,96.88,2.0870,2025-06-21 21:24:54,342.0
0.5190,16.8830,0.4340,96.85,1.9120,2025-06-21 21:24:54,342.0
0.5170,16.9680,0.4690,96.9660,1.9850,2025-06-21 21:24:54,342.0
0.54,16.9870,0.4410,96.9990,2.0270,2025-06-21 21:24:54,342.0
0.5060,16.9580,0.5290,96.8430,1.9410,2025-06-21 21:24:54,342.0
0.5210,16.9390,0.4970,97.24,2.01,2025-07-01 12:48:08,343.0
0.5450,17.0840,0.4970,96.8850,2.1180,2025-07-01 12:48:08,343.0
0.5350,16.9650,0.4130,96.8250,2.0050,2025-07-01 12:48:08,343.0
0.5280,17.0680,0.5250,96.7850,1.9210,2025-07-01 12:48:08,343.0
0.53,17.0270,0.5250,97.1080,1.97,2025-07-01 12:48:08,343.0
0.5440,17.0050,0.4520,97.08,2.0370,2025-07-01 12:48:08,343.0
0.5230,16.93,0.4230,97.0770,1.9440,2025-07-01 12:48:08,343.0
0.5440,17.0340,0.3950,96.8070,2.1370,2025-07-01 12:48:08,343.0
0.5220,16.9210,0.4620,97.0450,2.09,2025-07-01 12:48:08,343.0
0.5290,17.0560,0.5150,96.81,2.1390,2025-07-01 12:48:08,343.0
0.5070,16.8830,0.49,96.8870,1.9760,2025-07-01 12:48:08,343.0
0.5280,16.9650,0.4580,97.1220,2.1140,2025-07-01 12:48:08,343.0
0.5150,16.9830,0.5220,97.1660,1.9680,2025-07-01 12:48:08,343.0
0.5390,17.0150,0.4830,96.7690,2.1340,2025-07-01 12:48:08,343.0
0.5340,16.9270,0.4510,96.8950,2.1030,2025-07-01 12:48:08,343.0
0.5170,17.0020,0.4340,97.1550,1.9770,2025-07-01 12:48:08,343.0
0.5310,17.1250,0.4480,96.9990,1.8780,2025-07-01 12:48:08,343.0
0.5240,16.9240,0.6330,96.8160,1.9820,2025-07-01 12:48:08,343.0
0.5250,16.9960,0.4170,97.2310,2.0090,2025-07-01 12:48:08,343.0
0.5360,16.8860,0.5250,97.0550,2.0490,2025-07-01 12:48:08,343.0
0.5240,16.98,0.42,97.0160,2.0790,2025-07-01 13:18:10,344.0
0.5290,16.9680,0.5320,96.84,1.95,2025-07-01 13:18:10,344.0
0.5250,17.04,0.4440,96.6980,2.0210,2025-07-01 13:18:10,344.0
0.5010,16.9240,0.4450,97.0280,1.9450,2025-07-01 13:18:10,344.0
0.5280,16.9170,0.5420,96.9090,1.9520,2025-07-01 13:18:10,344.0
0.54,16.9710,0.5460,97.0610,2.02,2025-07-01 13:18:10,344.0
0.54,17.1060,0.5530,96.9860,2.1340,2025-07-01 13:18:10,344.0
0.5170,16.9240,0.4020,97.2530,2.0040,2025-07-01 13:18:10,344.0
0.5470,16.9610,0.49,97.0270,2.1860,2025-07-01 13:18:10,344.0
0.5040,16.9490,0.4940,97.0030,1.9910,2025-07-01 13:18:10,344.0
0.5390,17.0370,0.4550,97.1570,2.0850,2025-07-01 13:18:10,344.0
0.5390,16.9170,0.4230,96.8010,2.0710,2025-07-01 13:18:10,344.0
0.5180,16.8860,0.5150,96.9880,1.9010,2025-07-01 13:18:10,344.0
0.5340,16.9360,0.4310,97.1520,2.1280,2025-07-01 13:18:10,344.0
0.5270,16.9170,0.4760,96.7420,1.9470,2025-07-01 13:18:10,344.0
0.5150,16.8360,0.5640,97.0060,2.1010,2025-07-01 13:18:10,344.0
0.5280,17.0240,0.4690,97.0830,2,2025-07-01 13:18:10,344.0
0.5450,17.0270,0.4870,96.98,2.0620,2025-07-01 13:18:10,344.0
0.5180,16.9430,0.4790,96.9190,1.9750,2025-07-01 13:18:10,344.0
0.5120,16.9170,0.5110,97.0960,1.9540,2025-07-01 13:18:10,344.0
0.5330,16.9650,0.5320,96.9790,2.0580,2025-07-01 19:08:18,345.0
0.5460,17.0370,0.4230,97.0780,2.0870,2025-07-01 19:08:18,345.0
0.54,16.98,0.42,97.3340,2.08,2025-07-01 19:08:18,345.0
0.5390,16.9170,0.4690,97.1060,2.0360,2025-07-01 19:08:18,345.0
0.53,16.8920,0.5460,96.9970,2.0540,2025-07-01 19:08:18,345.0
0.5160,16.8730,0.3640,97.1540,2.0180,2025-07-01 19:08:18,345.0
0.5390,16.9990,0.49,97.1760,2.1670,2025-07-01 19:08:18,345.0
0.5390,16.9520,0.5110,97.0070,2.0830,2025-07-01 19:08:18,345.0
0.5390,16.9610,0.5460,96.8370,2.0320,2025-07-01 19:08:18,345.0
0.53,16.9550,0.4270,97.0550,2.0680,2025-07-01 19:08:18,345.0
0.5360,16.87,0.4450,97.07,2.1110,2025-07-01 19:08:18,345.0
0.5160,16.9390,0.4480,96.9490,1.9930,2025-07-01 19:08:18,345.0
0.5190,16.8830,0.4520,96.9170,1.9450,2025-07-01 19:08:18,345.0
0.5540,16.9390,0.4860,96.9410,2.19,2025-07-01 19:08:18,345.0
0.5170,16.9330,0.4030,97.1540,2.0640,2025-07-01 19:08:18,345.0
0.5190,16.8580,0.5080,97.2260,2.0230,2025-07-01 19:08:18,345.0
0.5260,17.0340,0.4860,97.1290,2.0920,2025-07-01 19:08:18,345.0
0.5370,16.9050,0.4440,97.35,2.0030,2025-07-01 19:08:18,345.0
0.5070,16.8010,0.5460,96.8840,1.9320,2025-07-01 19:08:18,345.0
0.5420,16.9710,0.4860,97.1840,2.05,2025-07-01 19:08:18,345.0
0.5350,16.98,0.4940,96.8870,2.0810,2025-07-01 21:33:22,346.0
0.5260,17.0970,0.6160,96.82,1.9290,2025-07-01 21:33:22,346.0
0.5290,17.0970,0.5350,97.1070,2.0090,2025-07-01 21:33:22,346.0
0.5350,16.9870,0.4940,97.0840,2.0330,2025-07-01 21:33:22,346.0
0.5290,17.0210,0.4340,96.9920,1.9020,2025-07-01 21:33:22,346.0
0.53,16.8890,0.4380,97.2330,1.9750,2025-07-01 21:33:22,346.0
0.5110,16.9550,0.5420,97.4560,1.9070,2025-07-01 21:33:22,346.0
0.5070,16.9830,0.5390,96.8480,1.9530,2025-07-01 21:33:22,346.0
0.5260,17.0050,0.5810,96.9250,2.0550,2025-07-01 21:33:22,346.0
0.5060,16.8330,0.4760,96.8520,1.8560,2025-07-01 21:33:22,346.0
0.5360,16.9050,0.4380,97.2460,2.1360,2025-07-01 21:33:22,346.0
0.5210,16.9930,0.4340,96.95,1.9620,2025-07-01 21:33:22,346.0
0.5070,16.8950,0.6230,97.3710,1.9330,2025-07-01 21:33:22,346.0
0.5240,16.99,0.4730,96.8740,1.9380,2025-07-01 21:33:22,346.0
0.5180,16.98,0.4310,97.2870,1.9960,2025-07-01 21:33:22,346.0
0.5320,17.1030,0.4650,96.9890,1.8950,2025-07-01 21:33:22,346.0
0.5170,16.9740,0.4930,97.0050,1.9860,2025-07-01 21:33:22,346.0
0.5440,16.9110,0.50,97.0780,2.1120,2025-07-01 21:33:22,346.0
0.5260,16.9330,0.48,97.01,1.9680,2025-07-01 21:33:22,346.0
0.5070,16.9110,0.4060,97.0180,2.0430,2025-07-01 21:33:22,346.0
0.5550,17.0210,0.5810,96.7970,2.1610,2025-07-02 12:30:42,347.0
0.5180,16.9740,0.4660,96.8940,2.0680,2025-07-02 12:30:42,347.0
0.5330,16.9680,0.4230,97.0020,2.1330,2025-07-02 12:30:42,347.0
0.5360,16.9080,0.42,97.0330,2.17,2025-07-02 12:30:42,347.0
0.5250,17.0180,0.5210,96.8680,1.9450,2025-07-02 12:30:42,347.0
0.5370,16.9650,0.3360,96.8440,2.0060,2025-07-02 12:30:42,347.0
0.5470,16.8890,0.5150,97.2630,2.2080,2025-07-02 12:30:42,347.0
0.5330,16.9330,0.3990,97.0190,2.0990,2025-07-02 12:30:42,347.0
0.5360,17.0750,0.5290,97.1090,2.0380,2025-07-02 12:30:42,347.0
0.5540,17.0180,0.4830,96.8630,2.15,2025-07-02 12:30:42,347.0
0.5270,16.9990,0.41,96.9790,1.9720,2025-07-02 12:30:42,347.0
0.5330,17.09,0.5150,97.0550,1.9710,2025-07-02 12:30:42,347.0
0.5290,16.93,0.5740,97.1790,2.0840,2025-07-02 12:30:42,347.0
0.5220,16.9110,0.4970,96.7630,1.9610,2025-07-02 12:30:42,347.0
0.5150,16.9580,0.4340,96.9590,1.9270,2025-07-02 12:30:42,347.0
0.5440,16.9330,0.4940,97.15,2.1390,2025-07-02 12:30:42,347.0
0.5310,16.9990,0.4340,97.0760,2.0260,2025-07-02 12:30:42,347.0
0.5320,16.9460,0.3810,96.8820,1.9520,2025-07-02 12:30:42,347.0
0.5230,16.9610,0.3890,96.7570,2.0830,2025-07-02 12:30:42,347.0
0.5450,17.0460,0.4580,96.8420,2.1010,2025-07-02 12:30:42,347.0
0.5220,17.0680,0.4340,96.9640,1.9790,2025-07-02 13:30:47,348.0
0.52,16.9210,0.4550,96.9260,1.8890,2025-07-02 13:30:47,348.0
0.5260,16.9080,0.4480,97.1190,1.9850,2025-07-02 13:30:47,348.0
0.5240,16.9240,0.3460,96.97,1.9780,2025-07-02 13:30:47,348.0
0.53,16.99,0.4830,97.2410,1.9250,2025-07-02 13:30:47,348.0
0.5130,16.9550,0.42,97.14,1.9430,2025-07-02 13:30:47,348.0
0.5380,17.0120,0.5670,97.1290,2.1020,2025-07-02 13:30:47,348.0
0.52,17.0590,0.5840,97.1210,1.9860,2025-07-02 13:30:47,348.0
0.5430,16.9520,0.42,96.7690,2.1020,2025-07-02 13:30:47,348.0
0.5460,16.9360,0.4230,96.7620,2.1430,2025-07-02 13:30:47,348.0
0.5480,16.9020,0.5290,97.1030,2.2360,2025-07-02 13:30:47,348.0
0.5370,16.9390,0.5290,97.0780,2.0890,2025-07-02 13:30:47,348.0
0.5350,16.9580,0.5180,96.9290,2.0080,2025-07-02 13:30:47,348.0
0.5380,17.04,0.4480,97.1180,2.0550,2025-07-02 13:30:47,348.0
0.5390,16.9740,0.3960,97.0750,2.1050,2025-07-02 13:30:47,348.0
0.5360,16.99,0.3990,97.1190,2.1110,2025-07-02 13:30:47,348.0
0.5430,16.9240,0.5210,96.93,2.1290,2025-07-02 13:30:47,348.0
0.5510,17.0020,0.3960,96.8410,2.2170,2025-07-02 13:30:47,348.0
0.5260,17.0430,0.4340,96.8860,1.9740,2025-07-02 13:30:47,348.0
0.5250,16.9520,0.4090,97.0150,1.9150,2025-07-02 13:30:47,348.0
0.5510,16.8890,0.4550,97.0550,2.14,2025-07-02 19:55:56,349.0
0.5310,17.0560,0.4510,96.8970,2.0590,2025-07-02 19:55:56,349.0
0.5420,17.04,0.5040,96.8520,2.1240,2025-07-02 19:55:56,349.0
0.5350,16.98,0.6930,96.8850,2.0110,2025-07-02 19:55:56,349.0
0.5440,17.0120,0.4230,97.1240,2.0670,2025-07-02 19:55:56,349.0
0.5380,17.04,0.4830,97.3540,1.9680,2025-07-02 19:55:56,349.0
0.5260,16.9650,0.4410,97.1790,2.1060,2025-07-02 19:55:56,349.0
0.5350,16.9520,0.5110,96.8080,1.9860,2025-07-02 19:55:56,349.0
0.5350,16.8890,0.4650,96.8650,2.11,2025-07-02 19:55:56,349.0
0.4990,16.9080,0.4510,96.9720,1.9190,2025-07-02 19:55:56,349.0
0.5370,17.0620,0.5420,96.8360,2.1390,2025-07-02 19:55:56,349.0
0.5240,17.0090,0.4870,96.8520,2.1030,2025-07-02 19:55:56,349.0
0.5320,16.93,0.4440,96.8790,1.9820,2025-07-02 19:55:56,349.0
0.5250,16.9580,0.3920,96.8520,2.0180,2025-07-02 19:55:56,349.0
0.5370,16.9960,0.6190,97.2450,2.04,2025-07-02 19:55:56,349.0
0.5190,16.98,0.4690,97.0680,2.0060,2025-07-02 19:55:56,349.0
0.52,17.0460,0.5390,96.8870,1.9150,2025-07-02 19:55:56,349.0
0.5570,16.9430,0.41,97.0780,2.1270,2025-07-02 19:55:56,349.0
0.5330,16.8360,0.6720,96.9320,2.0740,2025-07-02 19:55:56,349.0
0.5440,17.0180,0.5320,96.8990,2.0770,2025-07-02 19:55:56,349.0
0.5340,16.9770,0.3850,97.1710,2.1010,2025-07-02 21:36:00,350.0
0.5380,16.9740,0.4940,97.1650,2.1220,2025-07-02 21:36:00,350.0
0.5220,17.10,0.3320,97.1630,1.9930,2025-07-02 21:36:00,350.0
0.5320,17.0150,0.3810,97,2.1010,2025-07-02 21:36:00,350.0
0.5440,17.0490,0.4380,97.0090,2.0830,2025-07-02 21:36:00,350.0
0.5290,17.04,0.4660,96.8970,2.0220,2025-07-02 21:36:00,350.0
0.5280,16.9960,0.4440,97.1040,1.9640,2025-07-02 21:36:00,350.0
0.5470,17.0490,0.5070,96.8040,2.1560,2025-07-02 21:36:00,350.0
0.5150,16.9020,0.49,96.8160,1.9590,2025-07-02 21:36:00,350.0
0.5180,16.9330,0.4550,97.0060,2.0130,2025-07-02 21:36:00,350.0
0.5130,17.0240,0.4240,96.9190,1.9020,2025-07-02 21:36:00,350.0
0.5370,17.0020,0.4410,96.9450,2.0130,2025-07-02 21:36:00,350.0
0.5070,16.9580,0.3890,97.08,1.9680,2025-07-02 21:36:00,350.0
0.5420,16.8920,0.4480,97.1220,2.0420,2025-07-02 21:36:00,350.0
0.5440,16.99,0.5070,97.1580,2.0540,2025-07-02 21:36:00,350.0
0.5340,16.9680,0.4760,96.9040,1.9720,2025-07-02 21:36:00,350.0
0.5150,16.9770,0.4620,96.9140,1.98,2025-07-02 21:36:00,350.0
0.5360,17.0680,0.5320,96.8640,1.9230,2025-07-02 21:36:00,350.0
0.5490,17.0340,0.35,97.0020,2.1920,2025-07-02 21:36:00,350.0
0.5290,16.9680,0.5010,97.0580,2.1320,2025-07-02 21:36:00,350.0
0.5070,16.98,0.5250,97.1110,1.9790,2025-07-03 13:07:06,351.0
0.5230,17.0460,0.5390,97.0330,1.9610,2025-07-03 13:07:06,351.0
0.55,17.0650,0.4650,96.8390,2.0640,2025-07-03 13:07:06,351.0
0.5350,17.0090,0.5880,96.8410,2.1180,2025-07-03 13:07:06,351.0
0.5160,17.0120,0.5320,97.1360,1.9810,2025-07-03 13:07:06,351.0
0.5290,16.9990,0.71,96.8470,2.0320,2025-07-03 13:07:06,351.0
0.5120,16.9960,0.4170,97.0460,1.9930,2025-07-03 13:07:06,351.0
0.5210,16.9210,0.4790,96.9510,1.9020,2025-07-03 13:07:06,351.0
0.5360,16.9330,0.5110,96.9610,2.0320,2025-07-03 13:07:06,351.0
0.5370,16.9210,0.5250,97.0020,2.1260,2025-07-03 13:07:06,351.0
0.5230,16.9610,0.4620,96.85,1.9850,2025-07-03 13:07:06,351.0
0.5050,16.9520,0.50,97.0660,2.03,2025-07-03 13:07:06,351.0
0.5220,17.0340,0.4130,96.8590,2.0260,2025-07-03 13:07:06,351.0
0.51,16.9170,0.5250,97.1260,1.9380,2025-07-03 13:07:06,351.0
0.5280,16.9990,0.49,96.8730,2.0950,2025-07-03 13:07:06,351.0
0.5260,16.9770,0.4870,97.1870,2.1430,2025-07-03 13:07:06,351.0
0.5450,17.04,0.5290,96.9410,2.0930,2025-07-03 13:07:06,351.0
0.5420,17.0120,0.4230,97.1330,2.0120,2025-07-03 13:07:06,351.0
0.5330,17.0490,0.4620,97.0440,2.0930,2025-07-03 13:07:06,351.0
0.5370,17.0710,0.6690,96.8310,2.1290,2025-07-03 13:07:06,351.0
0.5380,16.9990,0.5350,97.09,2.22,2025-07-03 13:52:10,352.0
0.53,16.9520,0.5430,96.9870,2.0740,2025-07-03 13:52:10,352.0
0.5510,17.0680,0.55,96.8610,2.1360,2025-07-03 13:52:10,352.0
0.52,16.9490,0.41,97.3080,2.0890,2025-07-03 13:52:10,352.0
0.5240,16.8920,0.5180,96.8110,1.9750,2025-07-03 13:52:10,352.0
0.5340,17.0020,0.4690,96.8640,1.9920,2025-07-03 13:52:10,352.0
0.5440,17.0370,0.5070,96.6910,2.0940,2025-07-03 13:52:10,352.0
0.5430,16.9080,0.3920,96.8740,2.1340,2025-07-03 13:52:10,352.0
0.5320,16.9140,0.50,96.9930,2.1180,2025-07-03 13:52:10,352.0
0.5220,16.9990,0.5080,97.0590,1.8950,2025-07-03 13:52:10,352.0
0.51,16.9870,0.5420,96.8420,1.9560,2025-07-03 13:52:10,352.0
0.5360,16.9390,0.4970,96.8260,2.0580,2025-07-03 13:52:10,352.0
0.53,16.98,0.4940,97.1220,1.9950,2025-07-03 13:52:10,352.0
0.5370,16.9390,0.4760,96.99,2.1430,2025-07-03 13:52:10,352.0
0.5360,16.99,0.4580,97.05,2.1150,2025-07-03 13:52:10,352.0
0.53,17.0050,0.3960,96.8610,2.0580,2025-07-03 13:52:10,352.0
0.5360,17.0240,0.6230,96.8260,1.9860,2025-07-03 13:52:10,352.0
0.5090,16.8920,0.4690,97.0220,1.9270,2025-07-03 13:52:10,352.0
0.5370,16.9740,0.3990,97.0920,2.0470,2025-07-03 13:52:10,352.0
0.5270,16.9210,0.5530,96.7040,2.0390,2025-07-03 13:52:10,352.0
0.5570,17.0270,0.5250,96.8610,2.0760,2025-07-03 19:37:19,353.0
0.5060,16.99,0.5110,97.0950,1.9480,2025-07-03 19:37:19,353.0
0.5380,16.9650,0.4620,97.02,2.0460,2025-07-03 19:37:19,353.0
0.5380,17.0090,0.5080,97.0920,2.1210,2025-07-03 19:37:19,353.0
0.55,16.9170,0.3610,97.0820,2.19,2025-07-03 19:37:19,353.0
0.5340,16.9830,0.4760,96.8540,2.2140,2025-07-03 19:37:19,353.0
0.5330,16.99,0.4790,97.03,2.0170,2025-07-03 19:37:19,353.0
0.5360,16.9430,0.4230,96.7020,2.0530,2025-07-03 19:37:19,353.0
0.5110,16.9490,0.5110,97.1340,2.0410,2025-07-03 19:37:19,353.0
0.5180,17.0270,0.3990,97.0220,1.9460,2025-07-03 19:37:19,353.0
0.5110,16.9050,0.4130,97.1320,2.0220,2025-07-03 19:37:19,353.0
0.5650,17.0430,0.5110,96.9810,2.3710,2025-07-03 19:37:19,353.0
0.5120,16.9020,0.4340,97.2790,2.03,2025-07-03 19:37:19,353.0
0.5160,16.9990,0.5880,97.1390,1.8670,2025-07-03 19:37:19,353.0
0.5340,16.9550,0.4130,97.0580,1.9820,2025-07-03 19:37:19,353.0
0.53,16.99,0.4270,96.9680,2.0380,2025-07-03 19:37:19,353.0
0.5320,16.9080,0.5990,97.21,2.0660,2025-07-03 19:37:19,353.0
0.5360,16.9360,0.5920,96.8390,2.1670,2025-07-03 19:37:19,353.0
0.54,16.98,0.4480,96.8760,2.0980,2025-07-03 19:37:19,353.0
0.5350,16.9110,0.5110,96.8290,2.0360,2025-07-03 19:37:19,353.0
0.5280,16.9080,0.4480,97.0290,1.9880,2025-07-03 21:37:23,354.0
0.5250,16.8890,0.4690,96.8740,2.0460,2025-07-03 21:37:23,354.0
0.5150,16.9650,0.4620,97.0050,1.9970,2025-07-03 21:37:23,354.0
0.5070,16.87,0.4940,97.0160,1.8880,2025-07-03 21:37:23,354.0
0.5420,16.8510,0.5220,97.2480,2.1150,2025-07-03 21:37:23,354.0
0.5390,17.0020,0.4550,97.1370,1.9370,2025-07-03 21:37:23,354.0
0.5420,16.9330,0.5180,96.93,2.0870,2025-07-03 21:37:23,354.0
0.5360,16.93,0.4970,97.1150,2.1310,2025-07-03 21:37:23,354.0
0.5480,16.9650,0.4650,97.0870,2.2230,2025-07-03 21:37:23,354.0
0.53,16.9580,0.5220,97.0620,2.0330,2025-07-03 21:37:23,354.0
0.54,16.9770,0.4790,96.9990,2.1020,2025-07-03 21:37:23,354.0
0.5260,17.0180,0.4730,97.0820,2.0450,2025-07-03 21:37:23,354.0
0.4960,16.9110,0.42,97.1630,1.8960,2025-07-03 21:37:23,354.0
0.52,16.8610,0.4690,97.1380,2.0430,2025-07-03 21:37:23,354.0
0.53,16.9430,0.3820,97.0650,2.0520,2025-07-03 21:37:23,354.0
0.5370,16.9770,0.3610,96.6860,2.1060,2025-07-03 21:37:23,354.0
0.5270,16.9490,0.3750,96.75,1.9930,2025-07-03 21:37:23,354.0
0.5490,16.9770,0.5110,96.9390,2.2210,2025-07-03 21:37:23,354.0
0.5380,16.9430,0.4090,96.9620,2.0320,2025-07-03 21:37:23,354.0
0.4930,16.8480,0.4790,97.1180,1.8920,2025-07-03 21:37:23,354.0
0.5430,16.9580,0.5670,96.6860,2.1770,2025-07-04 11:44:12,355.0
0.5210,16.9330,0.4580,96.8320,2.0880,2025-07-04 11:44:12,355.0
0.5390,16.9990,0.5420,97.0120,2.0180,2025-07-04 11:44:12,355.0
0.5180,16.9610,0.4870,97.1210,2.0690,2025-07-04 11:44:12,355.0
0.5280,16.9270,0.4160,97.0840,1.9620,2025-07-04 11:44:12,355.0
0.5420,17.04,0.5290,96.9520,2.1730,2025-07-04 11:44:12,355.0
0.54,16.9740,0.5880,97.1090,2.06,2025-07-04 11:44:12,355.0
0.5350,16.9080,0.4580,97.0740,2.06,2025-07-04 11:44:12,355.0
0.5250,17.0430,0.5420,96.9430,2.0080,2025-07-04 11:44:12,355.0
0.5290,17.0210,0.4620,96.8450,2.0470,2025-07-04 11:44:12,355.0
0.5480,17.0530,0.4790,96.9740,2.0670,2025-07-04 11:44:12,355.0
0.5470,16.9610,0.4380,96.9960,2.1530,2025-07-04 11:44:12,355.0
0.5330,16.9520,0.5770,96.9230,2.13,2025-07-04 11:44:12,355.0
0.5390,17.0240,0.4480,96.9950,2.0560,2025-07-04 11:44:12,355.0
0.5220,17.0430,0.49,97.2620,2.0480,2025-07-04 11:44:12,355.0
0.5430,17.0020,0.4380,97.0130,2.11,2025-07-04 11:44:12,355.0
0.53,16.99,0.6020,96.9090,2.0210,2025-07-04 11:44:12,355.0
0.5080,16.9270,0.4340,97.1570,1.9590,2025-07-04 11:44:12,355.0
0.5260,16.9080,0.49,96.8370,2.0640,2025-07-04 11:44:12,355.0
0.5290,16.9710,0.4620,96.85,2.2070,2025-07-04 11:44:12,355.0
0.5380,16.99,0.3920,96.8910,2.0150,2025-07-04 13:19:18,356.0
0.5120,16.9240,0.5150,96.9120,2.0110,2025-07-04 13:19:18,356.0
0.51,16.9170,0.4270,97.1010,2.06,2025-07-04 13:19:18,356.0
0.5260,16.8230,0.4380,97.2150,2.0380,2025-07-04 13:19:18,356.0
0.5410,16.9140,0.4830,96.8450,2.0920,2025-07-04 13:19:18,356.0
0.5350,16.9960,0.4340,97.0090,1.9830,2025-07-04 13:19:18,356.0
0.5230,16.8580,0.4020,97.05,1.98,2025-07-04 13:19:18,356.0
0.55,16.9740,0.4790,97.2030,2.1020,2025-07-04 13:19:18,356.0
0.5030,16.9770,0.63,97.09,1.8880,2025-07-04 13:19:18,356.0
0.5320,16.93,0.56,96.8880,2.0520,2025-07-04 13:19:18,356.0
0.5130,16.8860,0.5080,96.7860,1.9510,2025-07-04 13:19:18,356.0
0.5210,17.0120,0.5080,97.1340,1.9490,2025-07-04 13:19:18,356.0
0.5270,16.8610,0.5150,97.0060,2.0460,2025-07-04 13:19:18,356.0
0.5250,16.9550,0.4170,97.1190,2.0330,2025-07-04 13:19:18,356.0
0.5390,16.8640,0.4310,96.92,2.05,2025-07-04 13:19:18,356.0
0.5130,16.9170,0.6060,97.1630,1.9560,2025-07-04 13:19:18,356.0
0.5230,16.93,0.4510,97.03,2.0380,2025-07-04 13:19:18,356.0
0.5330,16.9930,0.4310,96.7880,1.9890,2025-07-04 13:19:18,356.0
0.5170,16.8420,0.3780,97.3180,2.0920,2025-07-04 13:19:18,356.0
0.50,16.8420,0.5640,96.9940,1.8990,2025-07-04 13:19:18,356.0
0.5230,16.8730,0.5710,96.8450,2.0120,2025-07-04 19:29:33,357.0
0.5340,17.0150,0.5040,97.12,2.0340,2025-07-04 19:29:33,357.0
0.5290,16.9080,0.4340,96.95,2.0480,2025-07-04 19:29:33,357.0
0.5250,16.8890,0.48,97.1870,2.0050,2025-07-04 19:29:33,357.0
0.5340,16.9990,0.4580,97.2150,2.0660,2025-07-04 19:29:33,357.0
0.5080,16.9650,0.4830,96.9840,1.8970,2025-07-04 19:29:33,357.0
0.5350,16.9550,0.4480,97.26,1.99,2025-07-04 19:29:33,357.0
0.5370,17.0020,0.5560,97.0080,1.9920,2025-07-04 19:29:33,357.0
0.5410,16.9960,0.5210,96.9610,2.0110,2025-07-04 19:29:33,357.0
0.53,16.9550,0.4410,97.1290,2.0410,2025-07-04 19:29:33,357.0
0.5450,17.0120,0.3990,97.0270,2.1650,2025-07-04 19:29:33,357.0
0.5270,17.0020,0.4450,97.05,2.1390,2025-07-04 19:29:33,357.0
0.5230,16.9360,0.5530,97.0290,2.0050,2025-07-04 19:29:33,357.0
0.5190,16.9390,0.6620,97.0270,1.9080,2025-07-04 19:29:33,357.0
0.5410,16.9460,0.3990,97.0980,2.0320,2025-07-04 19:29:33,357.0
0.5250,16.8450,0.5180,97.0870,1.9290,2025-07-04 19:29:33,357.0
0.5240,16.93,0.4310,97.0740,2.0590,2025-07-04 19:29:33,357.0
0.5080,16.9330,0.5390,97.0470,1.9060,2025-07-04 19:29:33,357.0
0.53,16.9580,0.3820,96.8440,2.0530,2025-07-04 19:29:33,357.0
0.53,16.9050,0.4690,96.8820,2.0760,2025-07-04 19:29:33,357.0
0.5440,16.9960,0.4380,96.8690,2.0230,2025-07-04 21:34:38,358.0
0.5330,16.9650,0.50,96.8590,2.0680,2025-07-04 21:34:38,358.0
0.5280,16.9770,0.4940,96.8580,1.9490,2025-07-04 21:34:38,358.0
0.5250,16.9830,0.4380,96.9560,2.0780,2025-07-04 21:34:38,358.0
0.5340,16.9520,0.4730,96.8360,2.1160,2025-07-04 21:34:38,358.0
0.5270,16.9990,0.3430,96.88,1.9440,2025-07-04 21:34:38,358.0
0.51,16.9240,0.5390,96.9210,1.9770,2025-07-04 21:34:38,358.0
0.5420,17.0590,0.4230,96.9470,2.0920,2025-07-04 21:34:38,358.0
0.5290,16.9490,0.6370,96.9740,2.0340,2025-07-04 21:34:38,358.0
0.5240,16.9650,0.6650,97.2020,1.9680,2025-07-04 21:34:38,358.0
0.5290,16.9390,0.4020,96.9650,2.0320,2025-07-04 21:34:38,358.0
0.5430,16.9870,0.4730,96.7030,2.0630,2025-07-04 21:34:38,358.0
0.5280,16.9770,0.4660,96.9160,1.9920,2025-07-04 21:34:38,358.0
0.5380,16.9270,0.56,97.2790,2.1170,2025-07-04 21:34:38,358.0
0.54,17.0090,0.5670,97.1550,1.93,2025-07-04 21:34:38,358.0
0.5210,16.9390,0.4580,97.3540,2.0230,2025-07-04 21:34:38,358.0
0.5290,16.8670,0.5910,97.0440,2.0720,2025-07-04 21:34:38,358.0
0.54,17.0490,0.3920,96.7870,1.9660,2025-07-04 21:34:38,358.0
0.5240,16.8990,0.2940,97.4650,2.0080,2025-07-04 21:34:38,358.0
0.5310,16.9550,0.5670,97.2340,1.9970,2025-07-04 21:34:38,358.0
0.51,16.9870,0.4970,97.0340,1.9320,2025-07-05 12:46:28,359.0
0.5270,16.8770,0.5040,96.8390,2.0360,2025-07-05 12:46:28,359.0
0.5390,17.0120,0.4020,97.0230,1.9570,2025-07-05 12:46:28,359.0
0.5170,16.9710,0.4310,97.0640,1.9350,2025-07-05 12:46:28,359.0
0.54,17.0620,0.4380,96.8320,2.1390,2025-07-05 12:46:28,359.0
0.54,16.9680,0.4940,96.9980,2.0030,2025-07-05 12:46:28,359.0
0.53,16.8920,0.4660,96.8220,2.0220,2025-07-05 12:46:28,359.0
0.5340,17.0020,0.4410,96.8210,2.0210,2025-07-05 12:46:28,359.0
0.5420,17.0150,0.4450,96.8140,1.9710,2025-07-05 12:46:28,359.0
0.5550,16.9680,0.4870,97.0130,2.2820,2025-07-05 12:46:28,359.0
0.5130,16.9170,0.5220,96.91,1.8820,2025-07-05 12:46:28,359.0
0.5340,16.9050,0.55,97.1590,2.0060,2025-07-05 12:46:28,359.0
0.5340,16.9550,0.5320,97.20,1.9540,2025-07-05 12:46:28,359.0
0.5250,16.8860,0.4830,97.2370,1.9550,2025-07-05 12:46:28,359.0
0.5430,17.0240,0.5560,96.7930,2.0390,2025-07-05 12:46:28,359.0
0.5390,17.0120,0.4830,97.2360,2.0040,2025-07-05 12:46:28,359.0
0.5140,16.9680,0.48,96.8830,1.9690,2025-07-05 12:46:28,359.0
0.5220,16.9080,0.4690,97.01,1.9760,2025-07-05 12:46:28,359.0
0.5520,17.0370,0.5770,96.6410,2.1940,2025-07-05 12:46:28,359.0
0.5250,17.0490,0.5460,96.9260,2.0250,2025-07-05 12:46:28,359.0
0.5270,17.0120,0.4790,97.1860,1.9160,2025-07-05 13:01:29,360.0
0.5340,16.99,0.4940,96.8110,2,2025-07-05 13:01:29,360.0
0.5510,17.0430,0.4310,96.95,2.0750,2025-07-05 13:01:29,360.0
0.4990,16.83,0.5430,97.2620,1.9540,2025-07-05 13:01:29,360.0
0.5290,16.9240,0.41,97.3520,2.1030,2025-07-05 13:01:29,360.0
0.5590,16.9520,0.4870,96.9090,2.1420,2025-07-05 13:01:29,360.0
0.5490,16.9170,0.5210,97.2320,2.1320,2025-07-05 13:01:29,360.0
0.5130,16.9270,0.5350,97.1120,1.9980,2025-07-05 13:01:29,360.0
0.5410,16.9930,0.4410,96.76,2.0410,2025-07-05 13:01:29,360.0
0.5350,16.99,0.4170,96.8310,2.1250,2025-07-05 13:01:29,360.0
0.5070,16.8610,0.63,96.90,2.0840,2025-07-05 13:01:29,360.0
0.5240,16.9390,0.35,96.9720,1.9890,2025-07-05 13:01:29,360.0
0.5240,16.9240,0.4760,96.8570,1.9390,2025-07-05 13:01:29,360.0
0.5440,16.8950,0.4060,96.98,2.1020,2025-07-05 13:01:29,360.0
0.54,16.9170,0.4760,96.8960,2.1140,2025-07-05 13:01:29,360.0
0.5280,16.9210,0.5360,97.2840,2.1110,2025-07-05 13:01:29,360.0
0.53,16.9650,0.4860,97.1460,1.9940,2025-07-05 13:01:29,360.0
0.5120,16.9080,0.3880,97.2020,1.9810,2025-07-05 13:01:29,360.0
0.5270,16.9580,0.4270,96.9920,2.0890,2025-07-05 13:01:29,360.0
0.5330,16.9050,0.4410,96.7770,2.0310,2025-07-05 13:01:29,360.0
0.54,16.9710,0.3990,96.9150,2.0870,2025-07-05 19:41:41,361.0
0.55,16.9770,0.5350,96.8840,2.1080,2025-07-05 19:41:41,361.0
0.5310,16.9680,0.5350,97.0520,2.0080,2025-07-05 19:41:41,361.0
0.5280,16.9240,0.35,96.9680,1.9010,2025-07-05 19:41:41,361.0
0.5190,16.8950,0.5250,97.0750,2.0710,2025-07-05 19:41:41,361.0
0.5210,16.9330,0.5780,97.1690,2.0190,2025-07-05 19:41:41,361.0
0.52,16.9170,0.3710,96.9810,2.0050,2025-07-05 19:41:41,361.0
0.5390,16.8080,0.4620,96.9240,2.2120,2025-07-05 19:41:41,361.0
0.52,16.9610,0.4060,96.8490,1.9070,2025-07-05 19:41:41,361.0
0.5330,16.9770,0.4520,97.0640,2.0420,2025-07-05 19:41:41,361.0
0.5410,17.0020,0.4380,97.1650,2.1340,2025-07-05 19:41:41,361.0
0.5020,16.9110,0.4620,97.0970,1.9430,2025-07-05 19:41:41,361.0
0.5150,16.99,0.5080,97.3230,1.9640,2025-07-05 19:41:41,361.0
0.5350,16.9770,0.6160,97.0560,1.9780,2025-07-05 19:41:41,361.0
0.5280,16.9080,0.5040,97.10,2.0740,2025-07-05 19:41:41,361.0
0.5280,16.9360,0.4580,96.9010,1.9760,2025-07-05 19:41:41,361.0
0.5350,16.8770,0.3920,97.1370,1.91,2025-07-05 19:41:41,361.0
0.5020,16.8770,0.5460,97.1030,1.8730,2025-07-05 19:41:41,361.0
0.5280,16.8860,0.5080,96.88,2.0950,2025-07-05 19:41:41,361.0
0.5360,16.9550,0.4860,96.9540,2.1190,2025-07-05 19:41:41,361.0
0.5130,16.9050,0.4510,96.8670,1.9080,2025-07-05 21:26:44,362.0
0.5460,16.8640,0.4760,96.7270,2.0530,2025-07-05 21:26:44,362.0
0.5530,17.0840,0.5180,96.95,2.09,2025-07-05 21:26:44,362.0
0.5350,16.9390,0.6090,97.2040,1.9640,2025-07-05 21:26:44,362.0
0.5320,16.9650,0.3430,97.0120,1.9430,2025-07-05 21:26:44,362.0
0.5480,16.93,0.3960,96.9710,1.9890,2025-07-05 21:26:44,362.0
0.5290,16.9270,0.49,97.1530,2.0590,2025-07-05 21:26:44,362.0
0.51,16.9140,0.4240,97.0440,1.9140,2025-07-05 21:26:44,362.0
0.5190,17.0780,0.5710,96.9920,1.9450,2025-07-05 21:26:44,362.0
0.5330,16.9210,0.5350,96.92,1.9460,2025-07-05 21:26:44,362.0
0.5130,16.8510,0.5560,97.0210,2.0440,2025-07-05 21:26:44,362.0
0.5270,16.9210,0.5290,97.0760,1.9640,2025-07-05 21:26:44,362.0
0.5320,16.9830,0.50,97.1810,2.0020,2025-07-05 21:26:44,362.0
0.5270,16.88,0.4170,97.1270,1.9580,2025-07-05 21:26:44,362.0
0.5390,16.9170,0.49,97.2030,2.2360,2025-07-05 21:26:44,362.0
0.5260,16.9740,0.4550,96.8280,1.9920,2025-07-05 21:26:44,362.0
0.51,16.9740,0.3540,97.08,1.9750,2025-07-05 21:26:44,362.0
0.52,16.8420,0.3960,97.19,1.8290,2025-07-05 21:26:44,362.0
0.5380,17.0090,0.50,97.0120,2.0030,2025-07-05 21:26:44,362.0
0.5140,16.8730,0.4550,97.0220,1.9860,2025-07-05 21:26:44,362.0
0.5370,17.0490,0.4550,97.1150,1.9980,2025-07-07 13:16:19,363.0
0.5340,16.8990,0.5040,97.0760,1.9570,2025-07-07 13:16:19,363.0
0.5550,16.9770,0.4480,96.9820,2.0890,2025-07-07 13:16:19,363.0
0.5250,17.0090,0.49,96.8340,1.9330,2025-07-07 13:16:19,363.0
0.5390,17.0750,0.5110,96.8480,1.9320,2025-07-07 13:16:19,363.0
0.5220,16.9740,0.4830,97.20,2.0450,2025-07-07 13:16:19,363.0
0.5230,16.9110,0.4060,96.8470,1.9520,2025-07-07 13:16:19,363.0
0.53,16.9140,0.3880,97.0580,2.0460,2025-07-07 13:16:19,363.0
0.5180,16.9580,0.4860,97.0060,1.9390,2025-07-07 13:16:19,363.0
0.5220,16.9520,0.35,97.0790,1.9950,2025-07-07 13:16:19,363.0
0.5340,16.9390,0.4090,97.0220,1.9760,2025-07-07 13:16:19,363.0
0.5360,16.9710,0.4940,96.9850,2.0040,2025-07-07 13:16:19,363.0
0.5240,16.9270,0.4830,97.2230,2.0630,2025-07-07 13:16:19,363.0
0.5360,16.9390,0.4730,96.9180,2.0090,2025-07-07 13:16:19,363.0
0.5160,16.9360,0.50,97.1670,2.0070,2025-07-07 13:16:19,363.0
0.5220,16.9990,0.41,97.0090,1.96,2025-07-07 13:16:19,363.0
0.5390,16.9990,0.3360,96.9620,2.0310,2025-07-07 13:16:19,363.0
0.54,16.9770,0.4130,96.9590,1.9420,2025-07-07 13:16:19,363.0
0.5350,16.9550,0.4410,96.8130,2.0240,2025-07-07 13:16:19,363.0
0.5160,16.9870,0.43,97.0570,1.9740,2025-07-07 13:16:19,363.0
0.5330,16.9770,0.4270,96.8770,2.0710,2025-07-07 14:01:24,364.0
0.5120,16.9170,0.4580,97.1520,1.9590,2025-07-07 14:01:24,364.0
0.53,16.9330,0.3360,97.1470,2.0270,2025-07-07 14:01:24,364.0
0.5330,16.98,0.3810,97.0670,2.0150,2025-07-07 14:01:24,364.0
0.5420,17.0180,0.5350,96.8390,2.09,2025-07-07 14:01:24,364.0
0.5020,16.8730,0.5250,96.7510,1.8580,2025-07-07 14:01:24,364.0
0.5350,17.0090,0.5810,97.20,1.9730,2025-07-07 14:01:24,364.0
0.5410,16.8730,0.3780,97.1740,2.0220,2025-07-07 14:01:24,364.0
0.5570,17.0120,0.4580,97.0450,2.0680,2025-07-07 14:01:24,364.0
0.5290,16.8390,0.5350,97.3040,2.0890,2025-07-07 14:01:24,364.0
0.5490,16.9930,0.4830,96.7950,2.0850,2025-07-07 14:01:24,364.0
0.5180,16.93,0.5710,96.8510,1.9960,2025-07-07 14:01:24,364.0
0.5480,16.8990,0.4830,96.9750,2.1170,2025-07-07 14:01:24,364.0
0.5270,16.8830,0.4940,96.9630,1.9840,2025-07-07 14:01:24,364.0
0.5350,16.9680,0.6060,97.0120,1.9420,2025-07-07 14:01:24,364.0
0.5230,16.9680,0.5390,97.0370,1.9880,2025-07-07 14:01:24,364.0
0.5010,16.9050,0.4760,96.9650,1.9430,2025-07-07 14:01:24,364.0
0.5210,16.8990,0.4090,96.8510,1.9480,2025-07-07 14:01:24,364.0
0.5350,17.0180,0.4520,96.8130,2.0870,2025-07-07 14:01:24,364.0
0.5440,17.04,0.2560,96.9640,2.0110,2025-07-07 14:01:24,364.0
0.5430,16.9490,0.5290,96.9770,2.1210,2025-07-07 19:46:34,365.0
0.5180,17.0970,0.4720,97.0460,1.8960,2025-07-07 19:46:34,365.0
0.53,17.1720,0.5320,96.8960,2.0180,2025-07-07 19:46:34,365.0
0.5120,16.9960,0.4730,96.7830,1.9520,2025-07-07 19:46:34,365.0
0.5370,17.0620,0.5320,97.3420,1.9670,2025-07-07 19:46:34,365.0
0.5340,17.0840,0.3880,96.75,2.0540,2025-07-07 19:46:34,365.0
0.51,17.0270,0.4410,97.0560,1.9860,2025-07-07 19:46:34,365.0
0.5350,17.0180,0.4380,96.9870,1.9880,2025-07-07 19:46:34,365.0
0.5350,16.9210,0.4130,97.1750,2.0840,2025-07-07 19:46:34,365.0
0.5560,17.1030,0.3670,96.8150,2.0120,2025-07-07 19:46:34,365.0
0.53,16.9550,0.3710,96.9490,2.1150,2025-07-07 19:46:34,365.0
0.5470,16.9930,0.4060,96.8230,1.9430,2025-07-07 19:46:34,365.0
0.5260,17.0310,0.4580,97.1390,1.9580,2025-07-07 19:46:34,365.0
0.5260,16.9140,0.4970,97.1730,2.0520,2025-07-07 19:46:34,365.0
0.5390,16.9870,0.4550,96.8010,2.0360,2025-07-07 19:46:34,365.0
0.5340,16.99,0.63,96.8490,2.08,2025-07-07 19:46:34,365.0
0.5320,17.0750,0.4870,96.8460,2.0020,2025-07-07 19:46:34,365.0
0.52,17.0590,0.4860,96.9440,1.96,2025-07-07 19:46:34,365.0
0.5190,16.98,0.4940,97.2960,2.0630,2025-07-07 19:46:34,365.0
0.5190,16.98,0.4730,97.0710,2.0520,2025-07-07 19:46:34,365.0
0.51,16.9360,0.4930,97.0760,1.9340,2025-07-08 11:07:39,366.0
0.5280,16.9210,0.5290,97.0910,1.9360,2025-07-08 11:07:39,366.0
0.5310,16.98,0.5180,97.1090,1.9690,2025-07-08 11:07:39,366.0
0.5420,16.9550,0.4020,96.8830,1.9950,2025-07-08 11:07:39,366.0
0.5220,16.8950,0.4270,96.7920,2.0020,2025-07-08 11:07:39,366.0
0.5560,16.8990,0.4170,96.8060,2.1850,2025-07-08 11:07:39,366.0
0.5320,16.9740,0.3950,97.0830,2.0260,2025-07-08 11:07:39,366.0
0.5230,16.9680,0.3750,96.9160,2.0620,2025-07-08 11:07:39,366.0
0.4920,16.88,0.4760,97.0760,1.89,2025-07-08 11:07:39,366.0
0.5240,16.8640,0.4230,97.1350,2.1290,2025-07-08 11:07:39,366.0
0.5320,16.9610,0.5850,96.9260,2.06,2025-07-08 11:07:39,366.0
0.5260,17.0340,0.4130,96.8830,1.9650,2025-07-08 11:07:39,366.0
0.5190,16.9770,0.4550,97.0680,2,2025-07-08 11:07:39,366.0
0.5220,16.8640,0.4270,96.7760,2.0040,2025-07-08 11:07:39,366.0
0.5080,16.9580,0.42,97.1710,1.9260,2025-07-08 11:07:39,366.0
0.54,16.9170,0.5560,96.96,2.2190,2025-07-08 11:07:39,366.0
0.5470,16.9770,0.3810,96.7130,2.03,2025-07-08 11:07:39,366.0
0.5290,16.8640,0.5390,96.8520,2.0540,2025-07-08 11:07:39,366.0
0.5410,17.0310,0.4620,96.8570,2.0920,2025-07-08 11:07:39,366.0
0.5150,16.9390,0.5910,96.9250,1.9060,2025-07-08 11:07:39,366.0
0.5290,16.9650,0.5320,97.3060,1.8840,2025-07-08 13:02:41,367.0
0.5090,17.0020,0.55,96.8670,1.8310,2025-07-08 13:02:41,367.0
0.5240,17.0150,0.3920,97.2930,1.8990,2025-07-08 13:02:41,367.0
0.5380,17.0340,0.4590,96.90,1.9680,2025-07-08 13:02:41,367.0
0.5150,16.8830,0.4240,96.9780,1.76,2025-07-08 13:02:41,367.0
0.5230,16.9990,0.4410,96.8560,1.9860,2025-07-08 13:02:41,367.0
0.5220,17.0680,0.4340,96.95,1.9740,2025-07-08 13:02:41,367.0
0.5250,16.9110,0.4790,97.0980,1.9840,2025-07-08 13:02:41,367.0
0.5250,16.9110,0.4620,97.2020,1.8860,2025-07-08 13:02:41,367.0
0.5390,16.9770,0.4730,96.8960,1.9720,2025-07-08 13:02:41,367.0
0.5290,17.04,0.6060,96.96,1.9430,2025-07-08 13:02:41,367.0
0.5210,16.9740,0.5250,96.9890,0.0210,2025-07-08 13:02:41,367.0
0.5250,16.8580,0.4030,97.1010,2.0140,2025-07-08 13:02:41,367.0
0.5040,16.9710,0.5250,96.9040,1.8820,2025-07-08 13:02:41,367.0
0.5340,16.9830,0.5250,96.9990,1.9370,2025-07-08 13:02:41,367.0
0.5270,16.9170,0.4410,97.0250,1.9760,2025-07-08 13:02:41,367.0
0.5180,16.8360,0.5150,97.1850,1.9680,2025-07-08 13:02:41,367.0
0.5160,16.9960,0.4830,96.7110,1.9690,2025-07-08 13:02:41,367.0
0.5250,16.9520,0.4550,97.10,1.9570,2025-07-08 13:02:41,367.0
0.5270,16.9360,0.5040,96.7850,1.93,2025-07-08 13:02:41,367.0
0.52,16.9460,0.5880,96.8770,1.9150,2025-07-08 19:17:55,368.0
0.5540,16.9830,0.3710,96.8980,2.1540,2025-07-08 19:17:55,368.0
0.5370,17.0150,0.4620,97.1790,2.0090,2025-07-08 19:17:55,368.0
0.5270,16.9710,0.3920,96.8080,2.01,2025-07-08 19:17:55,368.0
0.5330,17.0120,0.5390,96.8850,1.9390,2025-07-08 19:17:55,368.0
0.5280,17.0210,0.4660,96.9790,2.0120,2025-07-08 19:17:55,368.0
0.5280,16.9990,0.5850,96.6150,1.9910,2025-07-08 19:17:55,368.0
0.5490,17.0810,0.4520,96.8660,2.0930,2025-07-08 19:17:55,368.0
0.5210,16.9170,0.4130,97.1010,1.96,2025-07-08 19:17:55,368.0
0.5190,17.0150,0.4970,96.8770,1.9090,2025-07-08 19:17:55,368.0
0.5360,17.0020,0.4480,96.91,1.9780,2025-07-08 19:17:55,368.0
0.5340,16.9460,0.4170,97.0490,1.9770,2025-07-08 19:17:55,368.0
0.5350,16.9960,0.4310,97.2540,1.9430,2025-07-08 19:17:55,368.0
0.5080,16.8860,0.43,96.8730,1.9070,2025-07-08 19:17:55,368.0
0.5220,16.9430,0.5080,97.1730,1.89,2025-07-08 19:17:55,368.0
0.5240,16.9140,0.6020,97.0640,2.0310,2025-07-08 19:17:55,368.0
0.5180,16.9170,0.4690,97.1250,2.0330,2025-07-08 19:17:55,368.0
0.5240,17.0180,0.4380,96.9220,2.0180,2025-07-08 19:17:55,368.0
0.5260,17.0490,0.5180,96.8180,2.0260,2025-07-08 19:17:55,368.0
0.5410,16.9960,0.4170,97.1240,2.0740,2025-07-08 19:17:55,368.0
0.5410,16.9650,0.5080,97.3220,2.0740,2025-07-08 21:38:03,369.0
0.5330,16.9550,0.3810,96.7530,1.9240,2025-07-08 21:38:03,369.0
0.5450,16.9390,0.4380,96.83,2.0370,2025-07-08 21:38:03,369.0
0.5330,17.0120,0.3780,96.8250,1.9760,2025-07-08 21:38:03,369.0
0.52,16.8950,0.4970,96.98,2.01,2025-07-08 21:38:03,369.0
0.5190,16.9550,0.4340,96.9980,1.9980,2025-07-08 21:38:03,369.0
0.5310,16.9930,0.4730,96.8550,1.9890,2025-07-08 21:38:03,369.0
0.5350,16.9550,0.4870,96.8840,2.1530,2025-07-08 21:38:03,369.0
0.5310,17.0750,0.3360,97.3250,1.9080,2025-07-08 21:38:03,369.0
0.5190,16.93,0.5460,97.0060,1.8190,2025-07-08 21:38:03,369.0
0.5150,16.8580,0.5460,96.7680,1.9970,2025-07-08 21:38:03,369.0
0.5160,16.9520,0.4270,97.0810,1.9040,2025-07-08 21:38:03,369.0
0.5330,16.9270,0.4620,97.0160,2.0630,2025-07-08 21:38:03,369.0
0.5410,17.0020,0.4380,96.9760,1.9650,2025-07-08 21:38:03,369.0
0.5420,16.9020,0.5880,96.7410,2.0290,2025-07-08 21:38:03,369.0
0.5250,16.9740,0.5810,96.8240,2.0040,2025-07-08 21:38:03,369.0
0.54,17.0310,0.4760,97.0610,2.0810,2025-07-08 21:38:03,369.0
0.5150,16.9170,0.5710,96.8870,1.9050,2025-07-08 21:38:03,369.0
0.5230,16.9520,0.4380,97.0620,2.0390,2025-07-08 21:38:03,369.0
0.5210,16.9080,0.4660,96.9770,2.0550,2025-07-08 21:38:03,369.0
0.5320,17.0180,0.5350,97.0750,2.0090,2025-07-09 10:56:18,370.0
0.5190,16.9330,0.5390,97.2460,1.9160,2025-07-09 10:56:18,370.0
0.5450,17.0650,0.5840,96.7540,2.1110,2025-07-09 10:56:18,370.0
0.52,17.09,0.4940,97.0260,1.9250,2025-07-09 10:56:18,370.0
0.5370,17.0240,0.49,96.8330,2.0530,2025-07-09 10:56:18,370.0
0.5150,16.99,0.5220,96.9480,1.9470,2025-07-09 10:56:18,370.0
0.5350,16.9870,0.50,97.0430,1.9010,2025-07-09 10:56:18,370.0
0.5220,16.98,0.3610,97.0610,1.9220,2025-07-09 10:56:18,370.0
0.5340,16.9930,0.4690,96.9610,2.08,2025-07-09 10:56:18,370.0
0.5310,16.98,0.6680,96.9580,1.9770,2025-07-09 10:56:18,370.0
0.5130,16.9210,0.4160,97.0060,1.8950,2025-07-09 10:56:18,370.0
0.52,16.9360,0.34,97.1930,2.0090,2025-07-09 10:56:18,370.0
0.5150,16.9520,0.4660,97.0110,1.9040,2025-07-09 10:56:18,370.0
0.5240,16.9550,0.5080,96.77,1.90,2025-07-09 10:56:18,370.0
0.5260,16.99,0.3430,96.8490,1.8950,2025-07-09 10:56:18,370.0
0.5180,16.9930,0.4170,96.9950,1.8670,2025-07-09 10:56:18,370.0
0.5240,17.0020,0.4650,96.9670,1.9850,2025-07-09 10:56:18,370.0
0.5260,16.9490,0.5180,96.9160,1.9910,2025-07-09 10:56:18,370.0
0.5260,16.9140,0.4970,97.2510,1.96,2025-07-09 10:56:18,370.0
0.5460,17.1030,0.5180,96.9280,1.9760,2025-07-09 10:56:18,370.0
0.5070,16.98,0.5740,96.8690,1.9410,2025-07-09 12:56:20,371.0
0.5190,16.8830,0.4660,97.0730,1.9210,2025-07-09 12:56:20,371.0
0.53,16.9550,0.4580,96.9870,2.0250,2025-07-09 12:56:20,371.0
0.5570,16.9960,0.5430,96.9730,2.0160,2025-07-09 12:56:20,371.0
0.53,16.9960,0.4060,96.75,2.0140,2025-07-09 12:56:20,371.0
0.5350,16.9770,0.5560,97.0970,1.9880,2025-07-09 12:56:20,371.0
0.5340,16.9650,0.5990,96.8160,1.9740,2025-07-09 12:56:20,371.0
0.5310,16.9080,0.4380,97.0430,1.9680,2025-07-09 12:56:20,371.0
0.5220,16.8580,0.5010,96.9730,2.0050,2025-07-09 12:56:20,371.0
0.5090,16.9650,0.3920,96.98,1.8490,2025-07-09 12:56:20,371.0
0.5460,16.9680,0.4060,97.0550,2.02,2025-07-09 12:56:20,371.0
0.5290,17.0180,0.4690,96.81,1.9390,2025-07-09 12:56:20,371.0
0.5260,17.0180,0.43,96.8410,1.92,2025-07-09 12:56:20,371.0
0.5340,17.0340,0.5220,97.0660,1.9810,2025-07-09 12:56:20,371.0
0.52,16.9390,0.5070,97.1060,1.9620,2025-07-09 12:56:20,371.0
0.5250,16.9430,0.4620,96.9230,1.9390,2025-07-09 12:56:20,371.0
0.5370,16.9830,0.5420,96.8650,2.0310,2025-07-09 12:56:20,371.0
0.5360,16.9990,0.5180,97.0280,2.0280,2025-07-09 12:56:20,371.0
0.5330,16.9930,0.4620,96.7380,1.9860,2025-07-09 12:56:20,371.0
0.5090,16.9870,0.4310,96.9240,1.9130,2025-07-09 12:56:20,371.0
0.5110,16.9270,0.7530,97.0930,1.9490,2025-07-09 13:06:21,372.0
0.4990,16.8420,0.6890,96.9740,1.8030,2025-07-09 13:06:21,372.0
0.5130,17.0120,0.4830,97.2930,1.8380,2025-07-09 13:06:21,372.0
0.5240,16.9770,0.3570,96.7890,1.9380,2025-07-09 13:06:21,372.0
0.5360,17.0590,0.5150,96.7930,1.9520,2025-07-09 13:06:21,372.0
0.5490,17.0430,0.5990,96.8320,2.0620,2025-07-09 13:06:21,372.0
0.5290,16.9110,0.50,97.0790,1.9190,2025-07-09 13:06:21,372.0
0.5330,16.9520,0.3540,97.0930,1.9720,2025-07-09 13:06:21,372.0
0.5510,16.9550,0.7070,96.9340,2.1040,2025-07-09 13:06:21,372.0
0.5130,16.9930,0.4230,97.3670,1.8560,2025-07-09 13:06:21,372.0
0.5220,16.9330,0.42,97.0080,1.88,2025-07-09 13:06:21,372.0
0.5270,16.9580,0.5350,97.0540,1.9920,2025-07-09 13:06:21,372.0
0.5260,16.9680,0.5740,97.2440,2.0110,2025-07-09 13:06:21,372.0
0.54,17.0370,0.3780,97.0180,2.0720,2025-07-09 13:06:21,372.0
0.5420,17.04,0.5560,96.8450,2.0910,2025-07-09 13:06:21,372.0
0.5340,16.9960,0.6790,96.8850,2.0290,2025-07-09 13:06:21,372.0
0.5310,17.0020,0.3960,97.1420,1.9540,2025-07-09 13:06:21,372.0
0.5330,17.0150,0.6580,96.97,2.0520,2025-07-09 13:06:21,372.0
0.50,17.0020,0.4830,97.05,1.7950,2025-07-09 13:06:21,372.0
0.4990,16.88,0.3290,97.1940,1.9110,2025-07-09 13:06:21,372.0
0.5140,16.8480,0.5670,97.0870,1.9280,2025-07-09 18:36:25,373.0
0.52,16.8040,0.5350,97.0680,1.9030,2025-07-09 18:36:25,373.0
0.5020,16.8990,0.5180,97.1550,2.0030,2025-07-09 18:36:25,373.0
0.5280,16.82,0.6370,97.1040,1.9910,2025-07-09 18:36:25,373.0
0.5320,16.88,0.77,96.6980,1.9640,2025-07-09 18:36:25,373.0
0.5270,16.8860,0.5180,97.1070,2.0360,2025-07-09 18:36:25,373.0
0.5240,16.8550,0.6270,97.1570,1.9990,2025-07-09 18:36:25,373.0
0.5320,16.9490,0.7280,96.8340,2.10,2025-07-09 18:36:25,373.0
0.5240,16.8230,0.5910,97.07,2.0210,2025-07-09 18:36:25,373.0
0.55,16.8550,0.6620,96.86,2.0280,2025-07-09 18:36:25,373.0
0.5290,16.8510,0.6130,96.9930,2.0340,2025-07-09 18:36:25,373.0
0.5310,16.8640,0.63,97.1810,2.0250,2025-07-09 18:36:25,373.0
0.5420,16.9360,0.6410,97.0510,2.0960,2025-07-09 18:36:25,373.0
0.53,16.9170,0.5910,97.10,2.0740,2025-07-09 18:36:25,373.0
0.5290,16.83,0.5150,97.4030,2.1630,2025-07-09 18:36:25,373.0
0.5390,16.9170,0.5770,97.1580,2.1410,2025-07-09 18:36:25,373.0
0.5580,16.9490,0.5560,96.9790,2.2270,2025-07-09 18:36:25,373.0
0.5410,16.87,0.6340,96.8090,2.0990,2025-07-09 18:36:25,373.0
0.5270,16.8330,0.7040,97.20,2.0810,2025-07-09 18:36:25,373.0
0.5340,16.8730,0.63,96.9470,2.0250,2025-07-09 18:36:25,373.0
0.5020,16.8640,0.6510,97.1730,1.9280,2025-07-09 18:46:26,374.0
0.55,16.98,0.3460,96.8840,2.0260,2025-07-09 18:46:26,374.0
0.5270,17.0240,0.4760,96.9350,1.8660,2025-07-09 18:46:26,374.0
0.54,16.9770,0.5420,97.0580,1.9940,2025-07-09 18:46:26,374.0
0.52,16.9580,0.5920,96.6890,1.9430,2025-07-09 18:46:26,374.0
0.51,16.88,0.5110,96.8450,1.8110,2025-07-09 18:46:26,374.0
0.5190,16.9490,0.6370,97.11,1.9440,2025-07-09 18:46:26,374.0
0.5290,16.8770,0.55,97.3480,1.9850,2025-07-09 18:46:26,374.0
0.5360,16.8830,0.4380,97.09,1.9950,2025-07-09 18:46:26,374.0
0.5410,17.0490,0.3670,96.9370,1.9980,2025-07-09 18:46:26,374.0
0.5180,16.9680,0.5210,97.1890,1.8780,2025-07-09 18:46:26,374.0
0.5160,16.9430,0.5670,97.1840,1.8660,2025-07-09 18:46:26,374.0
0.54,16.93,0.4650,96.8430,2.0480,2025-07-09 18:46:26,374.0
0.5330,16.9210,0.4520,96.9280,1.99,2025-07-09 18:46:26,374.0
0.5270,16.9360,0.5110,97.1790,2.0220,2025-07-09 18:46:26,374.0
0.5280,17.0490,0.4870,96.8390,1.8770,2025-07-09 18:46:26,374.0
0.5340,16.9210,0.5630,96.9730,1.8840,2025-07-09 18:46:26,374.0
0.5320,17.0050,0.4970,96.8830,2.0610,2025-07-09 18:46:26,374.0
0.5360,16.8580,0.4940,97.1140,2.1340,2025-07-09 18:46:26,374.0
0.5320,16.9930,0.5570,97.0220,2.0290,2025-07-09 18:46:26,374.0
0.5210,16.9490,0.5150,97.0560,2.0620,2025-07-09 21:26:31,375.0
0.5240,16.9580,0.6330,97.4590,1.9710,2025-07-09 21:26:31,375.0
0.5750,16.9610,0.5710,96.8770,2.2590,2025-07-09 21:26:31,375.0
0.54,16.9680,0.5850,96.7410,2.0650,2025-07-09 21:26:31,375.0
0.4950,16.8950,0.5740,97.0750,1.7440,2025-07-09 21:26:31,375.0
0.5340,16.9050,0.6160,97.0460,2.11,2025-07-09 21:26:31,375.0
0.5230,16.8510,0.6580,96.6430,1.7250,2025-07-09 21:26:31,375.0
0.5330,16.9050,0.5710,96.7460,2.0230,2025-07-09 21:26:31,375.0
0.5150,16.8990,0.6230,97.0420,1.8240,2025-07-09 21:26:31,375.0
0.5430,16.8640,0.6120,96.8610,2.0620,2025-07-09 21:26:31,375.0
0.5460,16.9680,0.6540,96.8590,2.1830,2025-07-09 21:26:31,375.0
0.5360,16.8510,0.6890,96.9060,2.0680,2025-07-09 21:26:31,375.0
0.5340,17.0270,0.5150,96.71,2.0010,2025-07-09 21:26:31,375.0
0.53,16.9110,0.7810,96.9870,1.9910,2025-07-09 21:26:31,375.0
0.5380,16.93,0.6510,96.8350,2.1570,2025-07-09 21:26:31,375.0
0.5230,16.9210,0.7450,97.0910,2.0160,2025-07-09 21:26:31,375.0
0.5320,16.9460,0.6790,96.9320,2.1590,2025-07-09 21:26:31,375.0
0.5190,16.9460,0.7770,96.6970,1.9640,2025-07-09 21:26:31,375.0
0.5390,16.9020,0.6440,96.7530,2.1260,2025-07-09 21:26:31,375.0
0.5060,16.8360,0.5980,97.2230,1.88,2025-07-09 21:26:31,375.0
0.5340,16.9960,0.3570,97.26,2.0160,2025-07-09 21:36:32,376.0
0.5310,16.8950,0.6060,97.2940,1.9560,2025-07-09 21:36:32,376.0
0.52,16.99,0.3670,97.27,1.9290,2025-07-09 21:36:32,376.0
0.5340,17.0180,0.4580,96.8950,1.9180,2025-07-09 21:36:32,376.0
0.54,17.0590,0.2770,96.8740,1.9650,2025-07-09 21:36:32,376.0
0.5090,16.9430,0.5080,97.14,1.9060,2025-07-09 21:36:32,376.0
0.5380,16.9490,0.4940,96.87,2.0410,2025-07-09 21:36:32,376.0
0.5330,16.8890,0.5530,97.10,1.9810,2025-07-09 21:36:32,376.0
0.5280,16.9830,0.5640,96.9940,1.9960,2025-07-09 21:36:32,376.0
0.5230,16.9210,0.4270,97.12,1.9330,2025-07-09 21:36:32,376.0
0.5430,16.9080,0.4170,96.70,2.1160,2025-07-09 21:36:32,376.0
0.5270,16.9140,0.4410,96.8790,2.0260,2025-07-09 21:36:32,376.0
0.5270,16.9930,0.4650,96.8240,2.0310,2025-07-09 21:36:32,376.0
0.5160,16.8920,0.5080,97.1820,1.9260,2025-07-09 21:36:32,376.0
0.5410,16.98,0.4970,96.9130,2.01,2025-07-09 21:36:32,376.0
0.5440,17.0310,0.4020,97.0110,2.0950,2025-07-09 21:36:32,376.0
0.5270,16.9830,0.5640,96.8290,1.9330,2025-07-09 21:36:32,376.0
0.5230,16.9580,0.4170,96.7340,2.0120,2025-07-09 21:36:32,376.0
0.5220,17.0210,0.3810,97.1060,2.0010,2025-07-09 21:36:32,376.0
0.53,17.10,0.6020,96.8210,1.9520,2025-07-09 21:36:32,376.0
0.5270,17.0090,0.6480,97.0340,2.0290,2025-07-10 11:41:49,377.0
0.51,16.9360,0.5980,97.0940,1.9620,2025-07-10 11:41:49,377.0
0.5210,16.9050,0.6860,97.0950,2.0680,2025-07-10 11:41:49,377.0
0.5440,16.9520,0.62,96.8390,2.1680,2025-07-10 11:41:49,377.0
0.5130,16.8860,0.6680,96.7790,1.9120,2025-07-10 11:41:49,377.0
0.5060,16.8610,0.7320,96.8310,1.9230,2025-07-10 11:41:49,377.0
0.51,16.8170,0.4620,97.1790,1.8790,2025-07-10 11:41:49,377.0
0.5240,16.8730,0.5740,96.9250,2.0270,2025-07-10 11:41:49,377.0
0.5250,16.9870,0.5990,97.0120,2.0170,2025-07-10 11:41:49,377.0
0.5150,16.9830,0.5710,96.7670,1.8530,2025-07-10 11:41:49,377.0
0.5160,16.9210,0.6090,96.9450,2.1080,2025-07-10 11:41:49,377.0
0.5440,16.99,0.4760,96.77,1.9670,2025-07-10 11:41:49,377.0
0.5170,16.8890,0.5110,97.0120,1.9090,2025-07-10 11:41:49,377.0
0.53,16.9870,0.5420,97.1090,1.9130,2025-07-10 11:41:49,377.0
0.5310,16.9520,0.4580,97.1090,1.9680,2025-07-10 11:41:49,377.0
0.5160,16.8770,0.5430,97.2320,1.8580,2025-07-10 11:41:49,377.0
0.5270,16.9460,0.5430,97.1240,1.90,2025-07-10 11:41:49,377.0
0.5380,16.9830,0.5250,97.0860,2.0910,2025-07-10 11:41:49,377.0
0.5390,16.9770,0.5210,96.9360,2.0810,2025-07-10 11:41:49,377.0
0.5010,16.8890,0.6160,97.2920,1.8180,2025-07-10 11:41:49,377.0
0.5120,16.9390,0.5910,97.0790,1.9720,2025-07-10 12:56:50,378.0
0.5230,16.9460,0.4270,96.9730,1.9610,2025-07-10 12:56:50,378.0
0.5180,16.9830,0.4550,96.9330,1.9290,2025-07-10 12:56:50,378.0
0.4960,16.9330,0.3990,97.1380,1.9090,2025-07-10 12:56:50,378.0
0.5040,16.9960,0.62,97.0250,1.8760,2025-07-10 12:56:50,378.0
0.5380,16.9050,0.4340,97.2640,1.95,2025-07-10 12:56:50,378.0
0.5270,16.9240,0.8160,97.0940,2.0410,2025-07-10 12:56:50,378.0
0.5360,16.9210,0.4380,97.0050,2.0530,2025-07-10 12:56:50,378.0
0.5330,16.9990,0.4970,96.9070,1.8770,2025-07-10 12:56:50,378.0
0.5260,16.88,0.6190,96.9940,1.9390,2025-07-10 12:56:50,378.0
0.5230,16.8950,0.5770,97.0470,2.0590,2025-07-10 12:56:50,378.0
0.5080,16.8890,0.4790,97.1310,1.9470,2025-07-10 12:56:50,378.0
0.5220,16.9140,0.4060,96.9110,1.9610,2025-07-10 12:56:50,378.0
0.5380,16.93,0.5710,96.9360,1.9370,2025-07-10 12:56:50,378.0
0.5370,16.8770,0.4650,97.0040,2.2220,2025-07-10 12:56:50,378.0
0.5310,17.0020,0.4240,97.1720,2.0060,2025-07-10 12:56:50,378.0
0.5350,16.9330,0.4660,96.8750,2.1530,2025-07-10 12:56:50,378.0
0.5330,17.0270,0.49,96.7690,1.9960,2025-07-10 12:56:50,378.0
0.53,17.0180,0.3810,96.9680,1.9420,2025-07-10 12:56:50,378.0
0.5350,17.0460,0.5950,96.8610,2.0560,2025-07-10 12:56:50,378.0
0.5150,16.9650,0.5210,97.0110,1.8530,2025-07-10 13:06:51,379.0
0.53,17.04,0.7390,96.8580,2.0610,2025-07-10 13:06:51,379.0
0.5360,17.0270,0.5570,97.0580,2.0670,2025-07-10 13:06:51,379.0
0.5220,16.9490,0.4380,97.2010,1.8770,2025-07-10 13:06:51,379.0
0.52,16.9390,0.6550,97.2080,2.0030,2025-07-10 13:06:51,379.0
0.5390,16.9830,0.71,96.7510,2.0640,2025-07-10 13:06:51,379.0
0.5230,16.9490,0.41,97.1950,1.9330,2025-07-10 13:06:51,379.0
0.55,16.9430,0.5390,96.8470,2.1510,2025-07-10 13:06:51,379.0
0.5550,16.8670,0.5080,96.8240,2.0520,2025-07-10 13:06:51,379.0
0.5440,16.9110,0.5950,96.6060,1.9340,2025-07-10 13:06:51,379.0
0.52,16.9580,0.6830,97.1130,2.0550,2025-07-10 13:06:51,379.0
0.53,16.9170,0.4690,97.1350,2.1260,2025-07-10 13:06:51,379.0
0.5440,16.9870,0.4760,96.8590,2.0520,2025-07-10 13:06:51,379.0
0.5310,17.0270,0.4940,97.1770,2.0710,2025-07-10 13:06:51,379.0
0.5430,17.0340,0.6330,96.7940,2.0240,2025-07-10 13:06:51,379.0
0.5250,16.9430,0.5770,96.6720,1.9150,2025-07-10 13:06:51,379.0
0.5550,16.98,0.5670,96.8740,2.1760,2025-07-10 13:06:51,379.0
0.53,16.9870,0.4930,97.03,1.88,2025-07-10 13:06:51,379.0
0.5150,16.8830,0.55,97.1460,1.8920,2025-07-10 13:06:51,379.0
0.5270,16.9490,0.6190,97.2910,1.96,2025-07-10 13:06:51,379.0
0.5110,16.9430,0.4790,97.2080,1.9160,2025-07-10 13:36:53,380.0
0.5250,16.9270,0.4830,97.2250,1.8650,2025-07-10 13:36:53,380.0
0.5290,16.9170,0.5430,97.0050,2.0440,2025-07-10 13:36:53,380.0
0.5210,16.93,0.5950,97.0760,1.9290,2025-07-10 13:36:53,380.0
0.5240,16.93,0.4480,97.0950,2.0090,2025-07-10 13:36:53,380.0
0.5160,16.9490,0.5780,97.01,1.9450,2025-07-10 13:36:53,380.0
0.5220,16.87,0.4580,97.0610,1.9630,2025-07-10 13:36:53,380.0
0.5330,16.9430,0.3960,97.0460,2.0430,2025-07-10 13:36:53,380.0
0.5510,16.98,0.5740,97.3840,2.0490,2025-07-10 13:36:53,380.0
0.5220,16.9270,0.5390,96.9810,1.8640,2025-07-10 13:36:53,380.0
0.5080,16.9990,0.5670,97.0940,1.8980,2025-07-10 13:36:53,380.0
0.5150,16.8830,0.42,97.0420,1.8940,2025-07-10 13:36:53,380.0
0.55,16.99,0.4760,97.1080,2.0450,2025-07-10 13:36:53,380.0
0.5210,16.9360,0.5880,97.0930,1.8690,2025-07-10 13:36:53,380.0
0.5310,16.8950,0.4690,96.8260,2.0140,2025-07-10 13:36:53,380.0
0.5270,16.8860,0.4410,97.23,1.9360,2025-07-10 13:36:53,380.0
0.52,16.99,0.6120,96.8260,1.85,2025-07-10 13:36:53,380.0
0.5360,16.9020,0.4690,97.1360,2.0130,2025-07-10 13:36:53,380.0
0.5190,16.9080,0.4860,97.1110,2.10,2025-07-10 13:36:53,380.0
0.5190,16.9710,0.56,97.10,1.9950,2025-07-10 13:36:53,380.0
0.5420,16.9330,0.56,96.8570,1.9760,2025-07-10 18:36:58,381.0
0.5240,16.8450,0.7670,97.0860,1.9670,2025-07-10 18:36:58,381.0
0.5320,16.9650,0.4130,96.8320,2.0340,2025-07-10 18:36:58,381.0
0.5240,16.8990,0.6160,97.1610,2.0110,2025-07-10 18:36:58,381.0
0.5310,16.9550,0.6370,96.8770,1.9540,2025-07-10 18:36:58,381.0
0.5220,17.0020,0.55,96.7410,1.9580,2025-07-10 18:36:58,381.0
0.5280,16.9930,0.4380,97.1330,1.9940,2025-07-10 18:36:58,381.0
0.5330,17.0460,0.5840,96.71,1.9460,2025-07-10 18:36:58,381.0
0.5120,16.9050,0.35,97.1610,1.9530,2025-07-10 18:36:58,381.0
0.5260,16.9490,0.6720,97.1080,1.9670,2025-07-10 18:36:58,381.0
0.5560,16.9520,0.50,96.8360,2.1070,2025-07-10 18:36:58,381.0
0.5220,16.9390,0.6620,97.3580,1.9720,2025-07-10 18:36:58,381.0
0.5410,16.9960,0.4520,96.7530,2.13,2025-07-10 18:36:58,381.0
0.5270,16.8770,0.5640,96.6480,1.9440,2025-07-10 18:36:58,381.0
0.5150,16.9710,0.5810,96.8410,1.8630,2025-07-10 18:36:58,381.0
0.5170,16.8420,0.49,97.0690,1.9270,2025-07-10 18:36:58,381.0
0.5220,16.9240,0.3810,97.1330,1.9140,2025-07-10 18:36:58,381.0
0.5350,16.9080,0.5040,97.1160,1.9310,2025-07-10 18:36:58,381.0
0.52,16.9020,0.3960,97.0950,1.9770,2025-07-10 18:36:58,381.0
0.5130,16.9170,0.6120,97.1670,1.9260,2025-07-10 18:36:58,381.0
0.5290,16.9020,0.5150,97.1390,2.0370,2025-07-10 18:46:59,382.0
0.5290,17.0460,0.5390,97.2970,1.9810,2025-07-10 18:46:59,382.0
0.5480,17.1250,0.5880,96.8690,2.0750,2025-07-10 18:46:59,382.0
0.5420,17.0490,0.4170,97.0590,1.9170,2025-07-10 18:46:59,382.0
0.5360,17.0680,0.4830,96.9670,2.0430,2025-07-10 18:46:59,382.0
0.5180,17.0620,0.5080,97.1470,1.9780,2025-07-10 18:46:59,382.0
0.5310,16.9390,0.5110,97.04,2.0340,2025-07-10 18:46:59,382.0
0.5370,16.9490,0.6580,96.9830,1.8660,2025-07-10 18:46:59,382.0
0.5390,17.0650,0.5290,96.82,1.9910,2025-07-10 18:46:59,382.0
0.5410,16.9930,0.4520,96.9650,2.1030,2025-07-10 18:46:59,382.0
0.55,17.09,0.5350,96.8710,2.0740,2025-07-10 18:46:59,382.0
0.5480,16.9960,0.5420,96.7640,2.0430,2025-07-10 18:46:59,382.0
0.5370,17.0020,0.5080,96.9360,1.99,2025-07-10 18:46:59,382.0
0.5450,17.1120,0.4940,96.7560,1.9810,2025-07-10 18:46:59,382.0
0.5280,17.0490,0.5110,96.9370,1.9830,2025-07-10 18:46:59,382.0
0.5220,17.0020,0.49,97.1410,1.8990,2025-07-10 18:46:59,382.0
0.5330,17.1060,0.6120,96.9640,1.9940,2025-07-10 18:46:59,382.0
0.5450,17.0050,0.5110,96.9130,2.0380,2025-07-10 18:46:59,382.0
0.5370,16.9740,0.5110,96.8820,2.0850,2025-07-10 18:46:59,382.0
0.5310,16.9930,0.4060,97.1030,1.9410,2025-07-10 18:46:59,382.0
0.54,16.9240,0.8080,96.9540,2.0750,2025-07-10 21:22:02,383.0
0.54,17.0020,0.6620,96.8860,2.10,2025-07-10 21:22:02,383.0
0.5280,16.8830,0.7770,97.0840,1.9390,2025-07-10 21:22:02,383.0
0.5280,16.9550,0.4380,97.3770,1.95,2025-07-10 21:22:02,383.0
0.5080,16.8670,0.5640,97.2590,1.8690,2025-07-10 21:22:02,383.0
0.5190,16.9650,0.7070,96.9690,1.9940,2025-07-10 21:22:02,383.0
0.5380,16.98,0.6650,96.7380,1.9660,2025-07-10 21:22:02,383.0
0.5170,16.9550,0.4660,97.0310,1.8270,2025-07-10 21:22:02,383.0
0.5290,16.8830,0.5350,96.87,1.9140,2025-07-10 21:22:02,383.0
0.5110,16.9390,0.6580,97.1390,0.0150,2025-07-10 21:22:02,383.0
0.51,16.88,0.4760,97.2410,1.77,2025-07-10 21:22:02,383.0
0.5310,17.0240,0.63,96.6930,1.9720,2025-07-10 21:22:02,383.0
0.53,16.8920,0.4830,97.0180,1.9250,2025-07-10 21:22:02,383.0
0.5130,16.9520,0.7770,97.0780,1.9560,2025-07-10 21:22:02,383.0
0.4970,16.9140,0.5320,97.1850,1.86,2025-07-10 21:22:02,383.0
0.5360,16.9460,0.6190,97.2090,1.8810,2025-07-10 21:22:02,383.0
0.5250,16.9330,0.8780,96.8520,1.9780,2025-07-10 21:22:02,383.0
0.5370,16.9270,0.5810,96.9390,1.91,2025-07-10 21:22:02,383.0
0.53,16.9580,0.5880,96.7550,1.9950,2025-07-10 21:22:02,383.0
0.5340,16.8420,0.7810,97.2610,1.9830,2025-07-10 21:22:02,383.0
0.5360,17.0120,0.3360,96.9230,1.9860,2025-07-10 21:32:03,384.0
0.5310,16.9770,0.4340,97.2030,2.0130,2025-07-10 21:32:03,384.0
0.55,17.0560,0.4170,96.9420,2.0760,2025-07-10 21:32:03,384.0
0.5310,16.99,0.3740,96.9810,2.0230,2025-07-10 21:32:03,384.0
0.5290,17.0370,0.4380,96.8480,1.9570,2025-07-10 21:32:03,384.0
0.5120,17.0150,0.3320,96.9630,1.8330,2025-07-10 21:32:03,384.0
0.5190,17.0240,0.4620,97.0450,1.9160,2025-07-10 21:32:03,384.0
0.53,16.9520,0.5390,97.09,2.0060,2025-07-10 21:32:03,384.0
0.5350,17.0460,0.5320,97.0270,2.0020,2025-07-10 21:32:03,384.0
0.53,17.0120,0.5390,96.7740,1.9390,2025-07-10 21:32:03,384.0
0.5530,17.0310,0.3810,96.7480,2.1160,2025-07-10 21:32:03,384.0
0.52,16.9680,0.4940,96.9330,1.9630,2025-07-10 21:32:03,384.0
0.5360,17.0050,0.4760,97.0030,2.0420,2025-07-10 21:32:03,384.0
0.5260,16.9080,0.4620,96.8230,1.9710,2025-07-10 21:32:03,384.0
0.51,17.0050,0.56,97.0150,1.8970,2025-07-10 21:32:03,384.0
0.5260,17.04,0.5070,96.8840,1.9510,2025-07-10 21:32:03,384.0
0.5510,17.0240,0.5840,97.0570,1.9640,2025-07-10 21:32:03,384.0
0.5280,16.9770,0.5080,96.89,1.9210,2025-07-10 21:32:03,384.0
0.5240,16.9930,0.4660,96.9970,1.8970,2025-07-10 21:32:03,384.0
0.5590,17.0650,0.4480,96.7850,2.0580,2025-07-10 21:32:03,384.0
0.5350,17.0310,0.6650,96.8850,2.0210,2025-07-11 10:43:25,385.0
0.5120,16.9490,0.5710,96.9890,1.86,2025-07-11 10:43:25,385.0
0.5390,17.04,0.6120,96.8880,2.0240,2025-07-11 10:43:25,385.0
0.5340,16.9990,0.5950,96.8220,2.0250,2025-07-11 10:43:25,385.0
0.5380,17.0590,0.5850,96.8540,1.9980,2025-07-11 10:43:25,385.0
0.5290,16.9990,0.5290,96.7520,1.98,2025-07-11 10:43:25,385.0
0.5530,17.09,0.5810,96.9050,2.0670,2025-07-11 10:43:25,385.0
0.5160,16.9770,0.6370,96.7350,1.8560,2025-07-11 10:43:25,385.0
0.53,17.0310,0.5290,96.8530,1.8930,2025-07-11 10:43:25,385.0
0.5370,17.0240,0.5990,97.0170,1.9890,2025-07-11 10:43:25,385.0
0.5230,16.9460,0.6020,97.1240,1.9830,2025-07-11 10:43:25,385.0
0.5610,17.0560,0.6020,96.8040,2.0360,2025-07-11 10:43:25,385.0
0.5640,17.0150,0.63,96.9010,1.9860,2025-07-11 10:43:25,385.0
0.5290,17.0270,0.5780,96.9710,1.9810,2025-07-11 10:43:25,385.0
0.5220,17.0090,0.5880,96.8430,1.9510,2025-07-11 10:43:25,385.0
0.5440,17.0710,0.6020,96.8130,2.0640,2025-07-11 10:43:25,385.0
0.5180,17.0340,0.5390,97.1160,1.8770,2025-07-11 10:43:25,385.0
0.5390,16.9710,0.3920,97.0250,2.0040,2025-07-11 10:43:25,385.0
0.4990,16.8770,0.7490,97.1410,1.8790,2025-07-11 10:43:25,385.0
0.5160,17.0090,0.56,96.8620,1.8130,2025-07-11 10:43:25,385.0
0.5390,16.9080,0.4380,96.9330,1.9360,2025-07-11 10:53:26,386.0
0.5270,17.0120,0.4450,97.1550,1.9080,2025-07-11 10:53:26,386.0
0.5470,17.0340,0.4450,97.1750,1.8790,2025-07-11 10:53:26,386.0
0.5470,16.9770,0.4650,97.2370,1.97,2025-07-11 10:53:26,386.0
0.5380,17.0560,0.4790,97.1130,2.0880,2025-07-11 10:53:26,386.0
0.5290,16.9650,0.4790,96.9590,2.0240,2025-07-11 10:53:26,386.0
0.5240,16.8610,0.5220,97.3870,2.0380,2025-07-11 10:53:26,386.0
0.5470,17.1060,0.56,96.8840,1.9670,2025-07-11 10:53:26,386.0
0.5380,16.9990,0.5560,97.2020,2.0760,2025-07-11 10:53:26,386.0
0.5310,17.0210,0.3570,97.0860,1.9840,2025-07-11 10:53:26,386.0
0.5490,17.04,0.4090,97.09,2.0880,2025-07-11 10:53:26,386.0
0.5340,16.9770,0.4760,96.8350,2.07,2025-07-11 10:53:26,386.0
0.5520,16.9930,0.42,97.0410,2.0590,2025-07-11 10:53:26,386.0
0.5350,17.1120,0.3610,97.0810,1.8960,2025-07-11 10:53:26,386.0
0.5470,16.9990,0.4410,96.8240,1.9970,2025-07-11 10:53:26,386.0
0.5360,16.9990,0.5070,96.8490,2.0350,2025-07-11 10:53:26,386.0
0.5360,17.0050,0.5710,97.1240,2.0760,2025-07-11 10:53:26,386.0
0.5050,16.8730,0.5530,97.2560,1.8630,2025-07-11 10:53:26,386.0
0.5220,16.9330,0.4690,97.1790,1.8910,2025-07-11 10:53:26,386.0
0.5180,16.9990,0.4620,97.0860,1.9950,2025-07-11 10:53:26,386.0
0.5210,16.99,0.4020,97.1720,1.99,2025-07-11 12:53:28,387.0
0.5450,16.9990,0.4760,96.9930,2.0340,2025-07-11 12:53:28,387.0
0.5130,16.9770,0.4720,97.1760,1.83,2025-07-11 12:53:28,387.0
0.5350,16.8920,0.4380,97.0170,1.9430,2025-07-11 12:53:28,387.0
0.5160,16.9990,0.49,96.8910,2.0070,2025-07-11 12:53:28,387.0
0.5160,16.9020,0.4830,97.0590,1.9590,2025-07-11 12:53:28,387.0
0.5050,16.9550,0.50,97.0860,1.9190,2025-07-11 12:53:28,387.0
0.5270,16.98,0.3920,97.1170,2.1220,2025-07-11 12:53:28,387.0
0.5130,16.9430,0.4310,97.2150,1.8940,2025-07-11 12:53:28,387.0
0.5080,16.9770,0.4130,97.3670,1.7910,2025-07-11 12:53:28,387.0
0.5310,16.9650,0.4790,97.0220,2.0340,2025-07-11 12:53:28,387.0
0.5240,16.98,0.4730,96.7110,2.0090,2025-07-11 12:53:28,387.0
0.5310,16.9330,0.5670,97.0920,2.0230,2025-07-11 12:53:28,387.0
0.5210,16.9740,0.34,96.9280,1.9540,2025-07-11 12:53:28,387.0
0.5290,16.99,0.3430,96.8140,2.0040,2025-07-11 12:53:28,387.0
0.5360,17.0460,0.4830,96.7570,2.0110,2025-07-11 12:53:28,387.0
0.5240,16.9710,0.4410,96.9280,2.0790,2025-07-11 12:53:28,387.0
0.5220,16.9460,0.5080,97.09,1.9860,2025-07-11 12:53:28,387.0
0.5580,16.93,0.4970,97.0270,2.0920,2025-07-11 12:53:28,387.0
0.5230,16.9990,0.3850,96.9920,1.8840,2025-07-11 12:53:28,387.0
0.5510,16.9830,0.5180,96.9160,2.0350,2025-07-11 13:08:29,388.0
0.55,17.0150,0.6960,96.7710,2.1050,2025-07-11 13:08:29,388.0
0.52,16.9740,0.5220,96.8050,1.8540,2025-07-11 13:08:29,388.0
0.54,16.9960,0.6620,96.8310,2.0580,2025-07-11 13:08:29,388.0
0.5420,16.9960,0.76,97.0470,2.0560,2025-07-11 13:08:29,388.0
0.5090,16.9050,0.6890,97.0280,1.9080,2025-07-11 13:08:29,388.0
0.5280,17.0090,0.5490,96.9820,1.9350,2025-07-11 13:08:29,388.0
0.5260,16.9770,0.6060,97.0530,1.9250,2025-07-11 13:08:29,388.0
0.5310,17.0180,0.6510,97.0340,1.9860,2025-07-11 13:08:29,388.0
0.5140,16.9390,0.5980,97.1420,1.8450,2025-07-11 13:08:29,388.0
0.5380,16.98,0.4970,96.9510,2.09,2025-07-11 13:08:29,388.0
0.5140,17.0120,0.5350,97.0080,1.8670,2025-07-11 13:08:29,388.0
0.52,16.9430,0.7560,97.0380,1.9040,2025-07-11 13:08:29,388.0
0.5180,16.98,0.4480,97.0160,1.89,2025-07-11 13:08:29,388.0
0.5260,16.9990,0.5040,96.8820,2.01,2025-07-11 13:08:29,388.0
0.5330,17.0620,0.6020,96.7980,2.0260,2025-07-11 13:08:29,388.0
0.5260,16.9740,0.5980,97.13,1.8470,2025-07-11 13:08:29,388.0
0.55,17.04,0.5080,96.7520,2.09,2025-07-11 13:08:29,388.0
0.50,16.8860,0.5070,97.1480,1.89,2025-07-11 13:08:29,388.0
0.5120,17.0370,0.5320,97.0550,1.8050,2025-07-11 13:08:29,388.0
0.5520,17.0840,0.4690,96.8560,2.1480,2025-07-11 18:43:37,389.0
0.5380,16.99,0.63,97.2580,2.0660,2025-07-11 18:43:37,389.0
0.5330,16.9050,0.6680,97.1470,1.9320,2025-07-11 18:43:37,389.0
0.5450,17.0150,0.63,96.8680,1.9970,2025-07-11 18:43:37,389.0
0.5260,16.9650,0.62,97.0870,1.9690,2025-07-11 18:43:37,389.0
0.5480,16.9610,0.5560,97.0850,2.03,2025-07-11 18:43:37,389.0
0.5310,16.9170,0.8330,97.5060,2.0280,2025-07-11 18:43:37,389.0
0.5370,16.9020,0.6050,96.8450,1.9450,2025-07-11 18:43:37,389.0
0.5180,16.8990,0.5810,97.0520,1.9880,2025-07-11 18:43:37,389.0
0.5040,16.9330,0.7180,97.2470,1.8940,2025-07-11 18:43:37,389.0
0.5230,16.9830,0.6410,96.6150,1.8890,2025-07-11 18:43:37,389.0
0.5240,17.0270,0.6510,97.1170,1.8520,2025-07-11 18:43:37,389.0
0.5520,16.8950,0.6760,96.86,2.1540,2025-07-11 18:43:37,389.0
0.5230,16.8450,0.4970,97.2240,2.0490,2025-07-11 18:43:37,389.0
0.5290,16.9580,0.7280,96.7560,1.9570,2025-07-11 18:43:37,389.0
0.5170,16.9110,0.6120,97.2850,2.0060,2025-07-11 18:43:37,389.0
0.5250,16.9270,0.6580,96.6060,2.0140,2025-07-11 18:43:37,389.0
0.5370,16.9460,0.6580,97.3270,1.9950,2025-07-11 18:43:37,389.0
0.5390,16.9520,0.4830,96.9530,1.9910,2025-07-11 18:43:37,389.0
0.5410,16.8770,0.6270,97.2350,1.9450,2025-07-11 18:43:37,389.0
0.5270,16.99,0.4170,97.0160,1.9870,2025-07-11 18:53:38,390.0
0.5290,16.99,0.4760,96.7160,2.0150,2025-07-11 18:53:38,390.0
0.5340,16.9210,0.5070,97.2330,2.0460,2025-07-11 18:53:38,390.0
0.5320,17.0150,0.3850,97.2120,2.1060,2025-07-11 18:53:38,390.0
0.5310,16.9830,0.4690,97.0930,1.97,2025-07-11 18:53:38,390.0
0.5350,16.9580,0.4310,97.0770,1.9670,2025-07-11 18:53:38,390.0
0.5410,16.9580,0.3570,97.07,2.0340,2025-07-11 18:53:38,390.0
0.5260,16.9830,0.5530,96.9930,1.99,2025-07-11 18:53:38,390.0
0.5490,17.0680,0.4380,96.9880,2.0980,2025-07-11 18:53:38,390.0
0.5240,16.9050,0.4790,97.0510,2.0830,2025-07-11 18:53:38,390.0
0.5420,16.9740,0.42,97.1580,2.2130,2025-07-11 18:53:38,390.0
0.4870,16.9390,0.4380,97.1790,1.7420,2025-07-11 18:53:38,390.0
0.5370,17.0180,0.5220,96.96,2.01,2025-07-11 18:53:38,390.0
0.5290,17.0490,0.4580,97.0350,1.9970,2025-07-11 18:53:38,390.0
0.5340,17.0090,0.4580,97.0590,2.0270,2025-07-11 18:53:38,390.0
0.5190,16.98,0.4620,97.2030,1.9530,2025-07-11 18:53:38,390.0
0.5190,16.9390,0.4580,97.0730,2.0760,2025-07-11 18:53:38,390.0
0.5170,16.9960,0.5740,96.8880,1.9640,2025-07-11 18:53:38,390.0
0.4920,16.9020,0.6090,97.20,1.8270,2025-07-11 18:53:38,390.0
0.5340,16.9930,0.4970,96.7620,1.9760,2025-07-11 18:53:38,390.0
0.5290,17.0210,0.56,97.0030,1.8830,2025-07-11 21:28:44,391.0
0.53,17.0020,0.6060,97.2490,2.1130,2025-07-11 21:28:44,391.0
0.5390,17.0210,0.5150,96.9430,2.0040,2025-07-11 21:28:44,391.0
0.5720,16.9550,0.5110,96.8510,2.1150,2025-07-11 21:28:44,391.0
0.5410,16.9580,0.6020,97.0070,2.0810,2025-07-11 21:28:44,391.0
0.5280,16.9930,0.6440,97.0130,2.0390,2025-07-11 21:28:44,391.0
0.5230,17.0150,0.5210,97.1740,2.0440,2025-07-11 21:28:44,391.0
0.5210,17.0050,0.5810,96.9810,2.0230,2025-07-11 21:28:44,391.0
0.5170,16.9990,0.5040,96.8730,1.9510,2025-07-11 21:28:44,391.0
0.5250,16.93,0.64,97.0360,1.9480,2025-07-11 21:28:44,391.0
0.5380,16.9080,0.4760,96.8740,2.0860,2025-07-11 21:28:44,391.0
0.5240,17.0120,0.5350,96.8440,1.9890,2025-07-11 21:28:44,391.0
0.5110,16.8170,0.56,97.0830,2.0790,2025-07-11 21:28:44,391.0
0.5210,16.9960,0.5180,97.0320,1.9860,2025-07-11 21:28:44,391.0
0.5230,16.9080,0.3810,97.0710,1.94,2025-07-11 21:28:44,391.0
0.5260,16.8480,0.6970,97.0720,2.1120,2025-07-11 21:28:44,391.0
0.5370,17.0310,0.5740,96.8380,2.0990,2025-07-11 21:28:44,391.0
0.5490,17.0810,0.6090,97.0170,2.0940,2025-07-11 21:28:44,391.0
0.53,16.87,0.5770,96.8540,2.0880,2025-07-11 21:28:44,391.0
0.5380,16.98,0.5320,96.7480,2.0120,2025-07-11 21:28:44,391.0
0.5170,16.9650,0.42,97.0520,1.9470,2025-07-11 21:43:45,392.0
0.5320,17.0930,0.5770,96.78,1.9970,2025-07-11 21:43:45,392.0
0.5090,16.9270,0.3780,96.9450,1.9540,2025-07-11 21:43:45,392.0
0.5170,17.0370,0.64,96.8230,1.9480,2025-07-11 21:43:45,392.0
0.5130,16.9740,0.4660,97.0660,1.8420,2025-07-11 21:43:45,392.0
0.5450,17.0870,0.5150,97.2950,2.0210,2025-07-11 21:43:45,392.0
0.52,16.9490,0.5710,97.0850,1.8410,2025-07-11 21:43:45,392.0
0.5160,16.9210,0.3950,96.9890,1.9310,2025-07-11 21:43:45,392.0
0.5110,16.9460,0.5080,97.1090,1.87,2025-07-11 21:43:45,392.0
0.5090,16.8610,0.4410,97.0680,1.8220,2025-07-11 21:43:45,392.0
0.5320,17.1250,0.3880,96.88,1.9340,2025-07-11 21:43:45,392.0
0.54,17.0620,0.4520,96.7780,2.0390,2025-07-11 21:43:45,392.0
0.5410,16.9360,0.5250,97.0380,2.0140,2025-07-11 21:43:45,392.0
0.5430,16.9930,0.4690,96.9230,2.1150,2025-07-11 21:43:45,392.0
0.5220,17.0150,0.49,97,1.9650,2025-07-11 21:43:45,392.0
0.5330,17.0120,0.4580,97.1950,1.9750,2025-07-11 21:43:45,392.0
0.5350,17.0270,0.4060,97.0770,2.0280,2025-07-11 21:43:45,392.0
0.52,16.98,0.4650,96.9820,2.0280,2025-07-11 21:43:45,392.0
0.5160,16.9490,0.5950,97.1180,1.9550,2025-07-11 21:43:45,392.0
0.5270,17.0430,0.3460,96.7590,1.9720,2025-07-11 21:43:45,392.0
0.5450,16.9830,0.5880,96.7980,2.06,2025-07-12 11:33:45,393.0
0.5110,16.8860,0.5950,97.0930,2.0280,2025-07-12 11:33:45,393.0
0.54,16.9490,0.5880,96.8460,2.0640,2025-07-12 11:33:45,393.0
0.5250,16.9110,0.5950,97.4140,1.9720,2025-07-12 11:33:45,393.0
0.5270,16.9520,0.7320,96.8040,1.9940,2025-07-12 11:33:45,393.0
0.5250,16.9580,0.7320,97.1060,2.0040,2025-07-12 11:33:45,393.0
0.5420,16.9930,0.4690,96.9590,2.0430,2025-07-12 11:33:45,393.0
0.5120,16.93,0.4970,97.1620,1.8870,2025-07-12 11:33:45,393.0
0.5630,16.9960,0.5350,96.88,2.2130,2025-07-12 11:33:45,393.0
0.5160,16.9430,0.5460,97.22,1.9670,2025-07-12 11:33:45,393.0
0.5330,16.8480,0.4790,97.2210,2.0290,2025-07-12 11:33:45,393.0
0.5170,16.9270,0.69,96.8560,1.8770,2025-07-12 11:33:45,393.0
0.5120,16.7920,0.5980,97.0920,1.9640,2025-07-12 11:33:45,393.0
0.5310,16.9430,0.6440,96.8740,2.06,2025-07-12 11:33:45,393.0
0.5430,16.9490,0.5670,96.9620,2.1560,2025-07-12 11:33:45,393.0
0.5130,16.9390,0.7450,97.21,1.9480,2025-07-12 11:33:45,393.0
0.5420,16.9520,0.4020,97.3550,2.1180,2025-07-12 11:33:45,393.0
0.5250,17.0340,0.4790,96.8180,1.9610,2025-07-12 11:33:45,393.0
0.5090,16.9140,0.5070,97.4080,1.9340,2025-07-12 11:33:45,393.0
0.5210,16.8670,0.5530,97.0590,1.9030,2025-07-12 11:33:45,393.0
0.5230,16.9270,0.5350,97.1040,1.9210,2025-07-12 11:43:46,394.0
0.5170,16.9710,0.3990,96.8240,1.8970,2025-07-12 11:43:46,394.0
0.5110,16.8110,0.3850,97.2570,2.0190,2025-07-12 11:43:46,394.0
0.5370,16.9430,0.5290,96.9450,2.0320,2025-07-12 11:43:46,394.0
0.5370,16.9210,0.4790,97.2830,2.1430,2025-07-12 11:43:46,394.0
0.5440,17.0150,0.4730,96.8780,2.1270,2025-07-12 11:43:46,394.0
0.5390,16.87,0.5390,96.9450,2.0690,2025-07-12 11:43:46,394.0
0.52,16.8860,0.4660,97.1750,1.9310,2025-07-12 11:43:46,394.0
0.5410,16.98,0.50,97.0810,2.0960,2025-07-12 11:43:46,394.0
0.5220,16.9170,0.4690,97.14,1.9670,2025-07-12 11:43:46,394.0
0.53,16.9390,0.4790,96.9540,1.9320,2025-07-12 11:43:46,394.0
0.5350,17.0020,0.6020,96.8760,1.9680,2025-07-12 11:43:46,394.0
0.5230,17.0120,0.6120,97.4750,1.9230,2025-07-12 11:43:46,394.0
0.5370,16.9580,0.3990,97.1760,1.9990,2025-07-12 11:43:46,394.0
0.5140,16.8770,0.4790,97.3780,1.9420,2025-07-12 11:43:46,394.0
0.5260,16.9430,0.4870,97.14,1.9720,2025-07-12 11:43:46,394.0
0.5460,16.9990,0.4060,97.0370,2.0570,2025-07-12 11:43:46,394.0
0.5260,16.8640,0.4450,96.9860,2.0240,2025-07-12 11:43:46,394.0
0.4970,16.9390,0.5210,96.8690,1.9770,2025-07-12 11:43:46,394.0
0.5230,16.9610,0.5530,96.8750,2.0440,2025-07-12 11:43:46,394.0
0.5290,16.8730,0.4410,97.1640,2.0670,2025-07-12 13:03:50,395.0
0.5410,16.9240,0.5210,97.0260,2.0950,2025-07-12 13:03:50,395.0
0.5260,16.9270,0.4580,97.0790,2.0140,2025-07-12 13:03:50,395.0
0.5150,16.9210,0.4790,97.1260,1.9610,2025-07-12 13:03:50,395.0
0.5340,16.9740,0.5040,96.9660,2.02,2025-07-12 13:03:50,395.0
0.5340,16.9330,0.4730,96.9180,2.0540,2025-07-12 13:03:50,395.0
0.5130,16.8170,0.4690,97.1570,1.8870,2025-07-12 13:03:50,395.0
0.5290,16.8950,0.4620,97.0180,1.9650,2025-07-12 13:03:50,395.0
0.5410,17.0240,0.4790,96.8210,1.9460,2025-07-12 13:03:50,395.0
0.5320,16.98,0.56,96.9960,1.9760,2025-07-12 13:03:50,395.0
0.5450,16.9650,0.4730,97.2010,2.0610,2025-07-12 13:03:50,395.0
0.5460,16.9240,0.5110,97.0490,2.0550,2025-07-12 13:03:50,395.0
0.5340,16.8770,0.4410,97.1530,1.9880,2025-07-12 13:03:50,395.0
0.5180,16.8670,0.6370,96.8950,1.9930,2025-07-12 13:03:50,395.0
0.53,16.9930,0.6230,96.82,1.9380,2025-07-12 13:03:50,395.0
0.5030,16.88,0.6130,97.0430,1.8390,2025-07-12 13:03:50,395.0
0.5260,16.8990,0.4870,97.21,1.8990,2025-07-12 13:03:50,395.0
0.5470,16.9020,0.5320,96.8880,2.1670,2025-07-12 13:03:50,395.0
0.5340,16.9240,0.5390,96.8680,2.0010,2025-07-12 13:03:50,395.0
0.5360,16.9490,0.5840,97.3150,2.0040,2025-07-12 13:03:50,395.0
0.5150,16.8920,0.6580,97.0590,1.9170,2025-07-12 13:08:51,396.0
0.5220,17.0930,0.4690,97.2830,1.8620,2025-07-12 13:08:51,396.0
0.5410,16.9710,0.5290,96.89,2.0640,2025-07-12 13:08:51,396.0
0.5250,17.0650,0.71,97,2.0170,2025-07-12 13:08:51,396.0
0.5110,16.9710,0.3850,97.1850,1.7690,2025-07-12 13:08:51,396.0
0.5250,16.9710,0.7950,96.8230,2.0750,2025-07-12 13:08:51,396.0
0.5220,16.9650,0.5290,97.0130,2.0070,2025-07-12 13:08:51,396.0
0.54,17.1120,0.5990,96.78,2.0280,2025-07-12 13:08:51,396.0
0.51,16.9080,0.5390,96.8870,1.9260,2025-07-12 13:08:51,396.0
0.5320,16.9680,0.4580,96.7190,2.0520,2025-07-12 13:08:51,396.0
0.4970,16.8610,0.4940,97.0610,1.8230,2025-07-12 13:08:51,396.0
0.54,16.9110,0.4410,97.1860,2.0170,2025-07-12 13:08:51,396.0
0.5250,16.8950,0.5710,97.1980,1.9690,2025-07-12 13:08:51,396.0
0.5230,16.9830,0.7350,96.8170,1.9550,2025-07-12 13:08:51,396.0
0.5270,16.9990,0.4790,96.8220,1.9790,2025-07-12 13:08:51,396.0
0.5370,17.0270,0.5290,96.8490,2.0930,2025-07-12 13:08:51,396.0
0.5340,17.0180,0.6230,97.0020,2.0190,2025-07-12 13:08:51,396.0
0.5350,16.9550,0.5560,96.9210,1.9330,2025-07-12 13:08:51,396.0
0.5250,17.04,0.5670,97.0260,2.0650,2025-07-12 13:08:51,396.0
0.5190,16.9430,0.42,97.0770,2.0510,2025-07-12 13:08:51,396.0
0.5450,17.0460,0.4410,96.89,2.0360,2025-07-12 21:04:01,397.0
0.5350,16.9460,0.4720,96.9480,1.9650,2025-07-12 21:04:01,397.0
0.5340,16.9460,0.6620,97.1670,2.08,2025-07-12 21:04:01,397.0
0.5240,16.9960,0.4230,96.8980,2.0180,2025-07-12 21:04:01,397.0
0.5510,16.9930,0.5150,97.1370,2.1530,2025-07-12 21:04:01,397.0
0.5340,16.98,0.5740,97.0250,1.9030,2025-07-12 21:04:01,397.0
0.5470,17.0750,0.42,96.8250,2.08,2025-07-12 21:04:01,397.0
0.5420,16.9650,0.4060,96.94,2.0020,2025-07-12 21:04:01,397.0
0.5470,16.9930,0.5250,96.8810,2.0450,2025-07-12 21:04:01,397.0
0.5580,17.0430,0.5040,96.8940,2.1350,2025-07-12 21:04:01,397.0
0.5620,17.0490,0.42,96.8990,2.09,2025-07-12 21:04:01,397.0
0.5240,17.0020,0.5280,96.8370,1.9420,2025-07-12 21:04:01,397.0
0.5370,16.9770,0.6680,96.9550,2.0290,2025-07-12 21:04:01,397.0
0.5340,16.9390,0.4130,96.9060,1.87,2025-07-12 21:04:01,397.0
0.5240,17.0340,0.4970,96.8980,1.91,2025-07-12 21:04:01,397.0
0.5340,17.0150,0.5990,96.9350,1.9410,2025-07-12 21:04:01,397.0
0.5450,17.0430,0.3750,96.7830,1.9320,2025-07-12 21:04:01,397.0
0.52,16.9610,0.5150,97.1640,1.9570,2025-07-12 21:04:01,397.0
0.5190,16.9490,0.6130,97.1060,1.9830,2025-07-12 21:04:01,397.0
0.52,16.9240,0.5320,96.97,1.98,2025-07-12 21:04:01,397.0
0.5180,16.9020,0.5810,96.68,1.8850,2025-07-12 21:14:02,398.0
0.5280,16.9390,0.63,96.98,1.9720,2025-07-12 21:14:02,398.0
0.5430,16.98,0.5770,96.8050,2.0520,2025-07-12 21:14:02,398.0
0.5220,16.8950,0.63,96.8330,1.92,2025-07-12 21:14:02,398.0
0.5390,16.9080,0.5670,96.8570,2.1080,2025-07-12 21:14:02,398.0
0.5230,17.0150,0.6720,97.0030,2.0340,2025-07-12 21:14:02,398.0
0.5290,17.0090,0.5780,96.9220,2.0060,2025-07-12 21:14:02,398.0
0.5220,16.9960,0.6060,96.7280,1.9680,2025-07-12 21:14:02,398.0
0.5120,16.9430,0.6930,97.1250,1.8930,2025-07-12 21:14:02,398.0
0.5140,16.93,0.6060,96.80,1.9340,2025-07-12 21:14:02,398.0
0.5220,16.8450,0.5010,97.3180,2.0490,2025-07-12 21:14:02,398.0
0.5470,16.9050,0.5430,97.0720,2.1310,2025-07-12 21:14:02,398.0
0.5310,16.8860,0.4790,97.2550,2.0690,2025-07-12 21:14:02,398.0
0.5060,16.8770,0.5460,97.0960,1.8150,2025-07-12 21:14:02,398.0
0.5230,16.8920,0.6340,96.9820,1.9620,2025-07-12 21:14:02,398.0
0.5450,17.0050,0.4760,96.8180,2.0550,2025-07-12 21:14:02,398.0
0.5210,16.8830,0.4830,96.8380,1.9970,2025-07-12 21:14:02,398.0
0.5220,16.9580,0.6510,96.5980,1.8550,2025-07-12 21:14:02,398.0
0.5370,16.8360,0.4690,97.2110,2.0720,2025-07-12 21:14:02,398.0
0.53,16.8860,0.4970,97.1940,1.9610,2025-07-12 21:14:02,398.0
0.5350,16.9520,0.4760,97.0140,2.0290,2025-07-14 11:34:59,399.0
0.5510,17.0240,0.4310,96.7650,2.0170,2025-07-14 11:34:59,399.0
0.5350,16.9210,0.3890,96.8920,1.9630,2025-07-14 11:34:59,399.0
0.53,16.9050,0.4660,97.1870,1.9980,2025-07-14 11:34:59,399.0
0.55,17.0310,0.4020,96.8150,2.01,2025-07-14 11:34:59,399.0
0.5380,16.9080,0.4620,97.2190,2.0450,2025-07-14 11:34:59,399.0
0.5530,16.99,0.4410,96.9980,2.0690,2025-07-14 11:34:59,399.0
0.5150,16.8890,0.43,97.1290,1.8560,2025-07-14 11:34:59,399.0
0.5340,16.9210,0.5290,96.8530,2.0160,2025-07-14 11:34:59,399.0
0.5290,16.9930,0.4870,96.8820,2.0720,2025-07-14 11:34:59,399.0
0.5120,17.0430,0.56,96.7180,1.8780,2025-07-14 11:34:59,399.0
0.5210,16.9140,0.4790,97.07,2.0370,2025-07-14 11:34:59,399.0
0.5370,16.9580,0.4520,97.1810,2.0970,2025-07-14 11:34:59,399.0
0.5370,16.9650,0.4970,97.07,2.0430,2025-07-14 11:34:59,399.0
0.5450,16.9210,0.4090,97.2550,2.2040,2025-07-14 11:34:59,399.0
0.5550,17.09,0.3570,96.8790,2.1120,2025-07-14 11:34:59,399.0
0.5250,16.9930,0.4580,96.7150,1.9280,2025-07-14 11:34:59,399.0
0.5350,16.8890,0.4480,97.0480,2.0390,2025-07-14 11:34:59,399.0
0.5540,17.0590,0.4170,97.0450,2.1480,2025-07-14 11:34:59,399.0
0.5310,16.8990,0.4940,97.09,1.9870,2025-07-14 11:34:59,399.0
0.5080,16.9270,0.5180,97.0780,1.8560,2025-07-14 13:10:03,400.0
0.5330,16.9330,0.5530,97.04,1.9830,2025-07-14 13:10:03,400.0
0.5380,16.9490,0.41,96.7950,2.0690,2025-07-14 13:10:03,400.0
0.5280,17.0120,0.4450,97.1180,1.9240,2025-07-14 13:10:03,400.0
0.5380,16.9610,0.4060,97.0040,2.0030,2025-07-14 13:10:03,400.0
0.5350,16.9960,0.5910,96.9610,1.9130,2025-07-14 13:10:03,400.0
0.5420,16.9050,0.4310,97.0880,1.9860,2025-07-14 13:10:03,400.0
0.5290,16.8920,0.4620,97.2360,2.0880,2025-07-14 13:10:03,400.0
0.5220,16.9110,0.5040,96.9890,2.0210,2025-07-14 13:10:03,400.0
0.5390,16.9520,0.41,96.9240,2.0470,2025-07-14 13:10:03,400.0
0.5410,16.9330,0.5390,97.2640,2.1090,2025-07-14 13:10:03,400.0
0.5410,17.0180,0.4440,96.77,2.0740,2025-07-14 13:10:03,400.0
0.5260,16.9460,0.4310,97.14,2.0050,2025-07-14 13:10:03,400.0
0.5320,17.0430,0.4270,97.0670,1.9870,2025-07-14 13:10:03,400.0
0.5220,16.9870,0.4620,97.0280,1.9120,2025-07-14 13:10:03,400.0
0.5630,16.9550,0.5780,96.9380,2.1440,2025-07-14 13:10:03,400.0
0.54,16.9110,0.4650,97.0820,2.1070,2025-07-14 13:10:03,400.0
0.5390,16.9740,0.4970,97.02,1.9650,2025-07-14 13:10:03,400.0
0.5280,16.9520,0.4830,97.0460,2.0170,2025-07-14 13:10:03,400.0
0.54,16.88,0.5640,96.8480,2.0060,2025-07-14 13:10:03,400.0
0.5220,16.9270,0.4380,97.09,2.1170,2025-07-14 19:10:11,401.0
0.5470,17.0240,0.4310,96.8750,2.0770,2025-07-14 19:10:11,401.0
0.5540,16.98,0.4170,97.2530,2.16,2025-07-14 19:10:11,401.0
0.5370,16.8040,0.5460,96.9370,2.0580,2025-07-14 19:10:11,401.0
0.5260,16.93,0.5560,97.0010,2.0810,2025-07-14 19:10:11,401.0
0.5270,16.9050,0.4790,97.0290,2.09,2025-07-14 19:10:11,401.0
0.5270,16.9490,0.4620,97.1320,1.96,2025-07-14 19:10:11,401.0
0.5320,16.9650,0.4230,97.0590,2.0810,2025-07-14 19:10:11,401.0
0.5470,16.9140,0.5110,96.9310,2.1050,2025-07-14 19:10:11,401.0
0.5360,16.8330,0.3890,97.0260,2.1810,2025-07-14 19:10:11,401.0
0.5470,16.9270,0.5040,97.1030,2.0920,2025-07-14 19:10:11,401.0
0.5260,16.9650,0.3680,97.2370,2.0460,2025-07-14 19:10:11,401.0
0.5330,16.9610,0.5080,96.9770,1.9940,2025-07-14 19:10:11,401.0
0.51,16.9430,0.4860,96.9940,1.9640,2025-07-14 19:10:11,401.0
0.5440,16.9330,0.4380,97.0610,2.0790,2025-07-14 19:10:11,401.0
0.5280,16.8580,0.4620,96.9230,2.0220,2025-07-14 19:10:11,401.0
0.5190,16.8450,0.3460,97.0130,2.0270,2025-07-14 19:10:11,401.0
0.5130,17.04,0.3610,96.8480,1.9120,2025-07-14 19:10:11,401.0
0.5370,16.8640,0.3570,96.9750,2.1330,2025-07-14 19:10:11,401.0
0.5330,16.8390,0.4380,96.9470,2.0040,2025-07-14 19:10:11,401.0
0.5140,17.0150,0.4060,97.1610,1.8480,2025-07-14 21:30:15,402.0
0.5360,16.9580,0.4380,97.1480,2.0720,2025-07-14 21:30:15,402.0
0.5360,16.9240,0.3920,96.7750,2.1140,2025-07-14 21:30:15,402.0
0.5460,17.1190,0.5880,96.8380,1.9780,2025-07-14 21:30:15,402.0
0.5130,16.9140,0.4520,97.0220,1.8910,2025-07-14 21:30:15,402.0
0.5370,16.9550,0.4060,96.8170,2.0010,2025-07-14 21:30:15,402.0
0.5560,17.0090,0.5290,96.8040,2.0320,2025-07-14 21:30:15,402.0
0.5450,17.0150,0.4020,97.1350,1.9820,2025-07-14 21:30:15,402.0
0.5260,17.0840,0.4060,96.8540,1.8820,2025-07-14 21:30:15,402.0
0.5130,16.8860,0.3750,97.0230,1.9940,2025-07-14 21:30:15,402.0
0.5140,16.9140,0.4940,97.2280,2.0940,2025-07-14 21:30:15,402.0
0.5190,16.9650,0.4510,96.8420,2.0090,2025-07-14 21:30:15,402.0
0.5270,16.9830,0.49,96.7850,1.8750,2025-07-14 21:30:15,402.0
0.5310,17.0210,0.4410,96.9710,2.06,2025-07-14 21:30:15,402.0
0.54,17.0150,0.3640,97.0490,2.0350,2025-07-14 21:30:15,402.0
0.5310,17.0530,0.3920,97.1210,1.9360,2025-07-14 21:30:15,402.0
0.5270,16.8640,0.5320,97.1910,1.9380,2025-07-14 21:30:15,402.0
0.5380,16.9520,0.3710,96.9760,2.1020,2025-07-14 21:30:15,402.0
0.51,16.9490,0.3850,96.99,1.9620,2025-07-14 21:30:15,402.0
0.5330,16.9390,0.3850,96.9570,2.1470,2025-07-14 21:30:15,402.0
0.5190,16.9080,0.5250,97.24,1.8860,2025-07-15 10:47:14,403.0
0.5280,16.8640,0.6060,96.8410,1.9530,2025-07-15 10:47:14,403.0
0.5530,17.0460,0.4690,96.9860,2.1130,2025-07-15 10:47:14,403.0
0.5250,16.8990,0.62,97.1280,1.9380,2025-07-15 10:47:14,403.0
0.5370,16.8610,0.4650,97.0170,2.0190,2025-07-15 10:47:14,403.0
0.5320,16.9240,0.5420,96.8250,1.9930,2025-07-15 10:47:14,403.0
0.5430,17.0120,0.4060,97.2480,2.0230,2025-07-15 10:47:14,403.0
0.5280,16.8830,0.5320,96.8760,2.0130,2025-07-15 10:47:14,403.0
0.52,16.9580,0.6510,96.9240,1.9650,2025-07-15 10:47:14,403.0
0.5310,16.8950,0.5290,96.9190,2.0830,2025-07-15 10:47:14,403.0
0.5130,16.8770,0.4650,97.1110,1.9940,2025-07-15 10:47:14,403.0
0.5270,16.8420,0.3780,97.0630,1.9460,2025-07-15 10:47:14,403.0
0.5220,16.9680,0.4730,97.0890,1.9360,2025-07-15 10:47:14,403.0
0.5380,16.9050,0.6160,97.1630,1.9920,2025-07-15 10:47:14,403.0
0.5350,17.0050,0.5670,96.6780,2.02,2025-07-15 10:47:14,403.0
0.5390,16.9770,0.4580,96.8030,1.9720,2025-07-15 10:47:14,403.0
0.50,16.9080,0.4690,97.1230,1.8620,2025-07-15 10:47:14,403.0
0.5210,16.9240,0.5390,96.8350,2.0270,2025-07-15 10:47:14,403.0
0.5420,16.9360,0.5150,97.1160,1.9980,2025-07-15 10:47:14,403.0
0.5280,16.8860,0.6020,96.77,1.9130,2025-07-15 10:47:14,403.0
0.5350,17.0780,0.3920,96.8750,1.9310,2025-07-15 13:27:20,404.0
0.53,17.0050,0.5070,96.9730,2.0220,2025-07-15 13:27:20,404.0
0.5380,16.9210,0.5180,96.8770,1.9820,2025-07-15 13:27:20,404.0
0.5210,16.9270,0.4660,97.1090,1.9910,2025-07-15 13:27:20,404.0
0.5180,16.9610,0.5210,96.9190,1.9560,2025-07-15 13:27:20,404.0
0.5340,16.98,0.5460,97.1260,2.0340,2025-07-15 13:27:20,404.0
0.5430,16.98,0.5880,97.2150,2.0780,2025-07-15 13:27:20,404.0
0.5070,17.0210,0.5910,97.0890,1.9370,2025-07-15 13:27:20,404.0
0.5160,16.8480,0.5530,97.0650,1.9990,2025-07-15 13:27:20,404.0
0.53,16.9770,0.4690,96.8380,2.0550,2025-07-15 13:27:20,404.0
0.5380,16.93,0.4310,97.2090,1.9980,2025-07-15 13:27:20,404.0
0.5450,16.9680,0.42,96.6640,2.1050,2025-07-15 13:27:20,404.0
0.5420,16.93,0.4760,96.9330,2.0710,2025-07-15 13:27:20,404.0
0.5250,16.9050,0.4130,97.2920,2.0090,2025-07-15 13:27:20,404.0
0.54,16.9170,0.4760,97.1410,1.9790,2025-07-15 13:27:20,404.0
0.5410,17.0590,0.4730,96.8280,2.0390,2025-07-15 13:27:20,404.0
0.5120,16.9430,0.4790,96.9480,1.9880,2025-07-15 13:27:20,404.0
0.5420,16.98,0.49,97.1880,1.9380,2025-07-15 13:27:20,404.0
0.5230,16.7350,0.5150,97.0810,1.8660,2025-07-15 13:27:20,404.0
0.5280,16.87,0.6120,97.0620,1.9720,2025-07-15 13:27:20,404.0
0.5350,16.9650,0.4830,96.9370,1.9250,2025-07-15 19:07:26,405.0
0.5350,16.9610,0.3430,97.01,2.11,2025-07-15 19:07:26,405.0
0.5280,16.9330,0.4830,97.0930,1.9950,2025-07-15 19:07:26,405.0
0.5310,16.9170,0.43,97.1070,1.9980,2025-07-15 19:07:26,405.0
0.5310,16.9240,0.50,97.1110,2.0590,2025-07-15 19:07:26,405.0
0.5340,16.8480,0.4240,97.0050,2.11,2025-07-15 19:07:26,405.0
0.5410,17.0020,0.4230,97.2190,1.93,2025-07-15 19:07:26,405.0
0.5150,16.8640,0.4690,97.0560,1.9550,2025-07-15 19:07:26,405.0
0.5470,16.8330,0.4270,96.93,2.1140,2025-07-15 19:07:26,405.0
0.5280,16.7920,0.4380,97.1530,2.0130,2025-07-15 19:07:26,405.0
0.5460,16.9830,0.50,97.1170,2.0410,2025-07-15 19:07:26,405.0
0.5420,16.9610,0.50,96.7990,2.1240,2025-07-15 19:07:26,405.0
0.51,16.9270,0.4830,97.0270,1.9390,2025-07-15 19:07:26,405.0
0.5350,16.87,0.50,97.0730,2.1020,2025-07-15 19:07:26,405.0
0.5160,16.9360,0.4060,96.9360,1.8530,2025-07-15 19:07:26,405.0
0.5080,16.8920,0.4410,97.0640,1.8960,2025-07-15 19:07:26,405.0
0.5290,16.9770,0.49,97.0730,1.9680,2025-07-15 19:07:26,405.0
0.5270,16.87,0.4450,97.2390,2.0330,2025-07-15 19:07:26,405.0
0.5140,16.7860,0.3740,97.0970,2.0450,2025-07-15 19:07:26,405.0
0.52,16.8260,0.4870,97.0860,2.0060,2025-07-15 19:07:26,405.0
0.5310,16.9330,0.4160,97.2590,1.9720,2025-07-15 21:27:30,406.0
0.5170,17.0120,0.4660,96.9390,1.9580,2025-07-15 21:27:30,406.0
0.5240,17.0180,0.3190,97.0040,1.9990,2025-07-15 21:27:30,406.0
0.5270,17.04,0.3610,97.2270,2.0350,2025-07-15 21:27:30,406.0
0.5230,17.0240,0.4340,97.0910,2.0050,2025-07-15 21:27:30,406.0
0.5590,17.1310,0.49,97.0010,1.9830,2025-07-15 21:27:30,406.0
0.5280,16.9360,0.3810,96.8260,1.9370,2025-07-15 21:27:30,406.0
0.5370,16.9050,0.4830,97.1080,2.1760,2025-07-15 21:27:30,406.0
0.5070,16.9870,0.4310,97.2060,1.8660,2025-07-15 21:27:30,406.0
0.5450,17.0430,0.4230,97.02,2.1260,2025-07-15 21:27:30,406.0
0.5550,17.0560,0.4440,97.0220,2.1150,2025-07-15 21:27:30,406.0
0.5450,16.9990,0.5110,96.8140,2.0580,2025-07-15 21:27:30,406.0
0.5110,16.9210,0.5670,96.9070,1.9330,2025-07-15 21:27:30,406.0
0.5030,17.04,0.5670,97.2750,1.8710,2025-07-15 21:27:30,406.0
0.5220,17.0620,0.50,97.0840,1.9710,2025-07-15 21:27:30,406.0
0.5260,16.9330,0.5220,97.0850,1.9970,2025-07-15 21:27:30,406.0
0.5360,17.0240,0.4790,97.0130,1.9890,2025-07-15 21:27:30,406.0
0.5260,16.9390,0.4270,97.1090,1.9930,2025-07-15 21:27:30,406.0
0.5320,17.0370,0.4830,96.8690,1.9820,2025-07-15 21:27:30,406.0
0.5420,16.9460,0.4170,97.1190,2.1240,2025-07-15 21:27:30,406.0
0.5460,16.9170,0.49,96.9990,1.9530,2025-07-16 10:49:59,407.0
0.5520,17.0340,0.5150,96.7050,2.0920,2025-07-16 10:49:59,407.0
0.5470,16.9710,0.4480,96.8770,2.0770,2025-07-16 10:49:59,407.0
0.5230,17.0840,0.41,96.9540,1.8830,2025-07-16 10:49:59,407.0
0.5120,16.9020,0.5250,97.2360,1.9680,2025-07-16 10:49:59,407.0
0.5230,16.8770,0.4520,97.23,1.8350,2025-07-16 10:49:59,407.0
0.5260,17.10,0.4550,97.0630,2.0390,2025-07-16 10:49:59,407.0
0.5170,16.9610,0.4860,97.0090,1.9130,2025-07-16 10:49:59,407.0
0.5150,17.0150,0.4380,97.0440,1.9210,2025-07-16 10:49:59,407.0
0.5160,16.8890,0.3810,97.0140,2.0460,2025-07-16 10:49:59,407.0
0.53,17.0870,0.5390,97.0930,1.9610,2025-07-16 10:49:59,407.0
0.5420,16.8920,0.4790,97.09,2.0540,2025-07-16 10:49:59,407.0
0.5230,16.9360,0.4520,97.0940,2.0790,2025-07-16 10:49:59,407.0
0.5430,17.0810,0.4790,96.8370,2.0770,2025-07-16 10:49:59,407.0
0.5270,16.9740,0.4650,96.8980,1.9970,2025-07-16 10:49:59,407.0
0.5330,17.0240,0.4650,97.0040,1.9570,2025-07-16 10:49:59,407.0
0.55,17.0530,0.4230,97.2670,2.0060,2025-07-16 10:49:59,407.0
0.5440,17.1530,0.3780,96.8990,1.9720,2025-07-16 10:49:59,407.0
0.5560,17.0340,0.4270,97.1380,2.1380,2025-07-16 10:49:59,407.0
0.5410,17.1220,0.4130,96.7590,1.9980,2025-07-16 10:49:59,407.0
0.5450,17.1030,0.4380,97.2250,2.0460,2025-07-16 13:05:02,408.0
0.5310,16.99,0.4660,97.2170,2.0190,2025-07-16 13:05:02,408.0
0.5280,17.0430,0.5950,97.12,1.8830,2025-07-16 13:05:02,408.0
0.5320,17.0090,0.4340,97.2650,1.9090,2025-07-16 13:05:02,408.0
0.5370,17.04,0.3920,96.8760,2.0450,2025-07-16 13:05:02,408.0
0.5380,16.8260,0.3670,96.8360,2.0330,2025-07-16 13:05:02,408.0
0.5520,16.9140,0.3950,96.72,2.1280,2025-07-16 13:05:02,408.0
0.5370,16.9710,0.4230,97.09,2.15,2025-07-16 13:05:02,408.0
0.5330,16.9830,0.4550,97.0740,1.8860,2025-07-16 13:05:02,408.0
0.5470,17.0340,0.5180,96.9480,2.0660,2025-07-16 13:05:02,408.0
0.5170,16.82,0.4970,97.3260,2.0240,2025-07-16 13:05:02,408.0
0.5390,16.9650,0.5110,96.8410,2.0650,2025-07-16 13:05:02,408.0
0.5380,16.8480,0.4520,97.02,2.0520,2025-07-16 13:05:02,408.0
0.5120,16.9170,0.4380,97.0780,2.0510,2025-07-16 13:05:02,408.0
0.5430,16.9520,0.4860,96.94,2.0990,2025-07-16 13:05:02,408.0
0.5280,16.9520,0.4830,96.9510,2.0160,2025-07-16 13:05:02,408.0
0.5290,16.9580,0.49,96.99,1.9640,2025-07-16 13:05:02,408.0
0.5130,16.9270,0.4520,96.8940,1.9950,2025-07-16 13:05:02,408.0
0.5290,17.0620,0.3640,96.9280,2.03,2025-07-16 13:05:02,408.0
0.5160,16.8890,0.5040,96.9230,1.9390,2025-07-16 13:05:02,408.0
0.5170,16.9050,0.5280,96.75,2.0340,2025-07-16 19:25:14,409.0
0.5180,16.9270,0.4760,97.0710,2.0420,2025-07-16 19:25:14,409.0
0.5470,16.9270,0.5220,97.1490,2.0850,2025-07-16 19:25:14,409.0
0.5170,16.8920,0.5080,97.1360,2.0770,2025-07-16 19:25:14,409.0
0.5110,16.8770,0.3780,97.1090,1.9480,2025-07-16 19:25:14,409.0
0.5290,16.9270,0.5210,97.5790,2.0080,2025-07-16 19:25:14,409.0
0.5360,16.9710,0.4590,96.9450,2.08,2025-07-16 19:25:14,409.0
0.5260,16.9210,0.5110,97.0940,2.0330,2025-07-16 19:25:14,409.0
0.5440,17.0590,0.5780,96.7460,2.0540,2025-07-16 19:25:14,409.0
0.5430,16.8260,0.3570,96.7760,2.0570,2025-07-16 19:25:14,409.0
0.5350,16.9550,0.5150,97.1480,2.0940,2025-07-16 19:25:14,409.0
0.55,17.0050,0.4310,96.75,2.2320,2025-07-16 19:25:14,409.0
0.5330,16.9650,0.4940,97.0890,2.10,2025-07-16 19:25:14,409.0
0.54,16.9360,0.6060,96.8610,2.0760,2025-07-16 19:25:14,409.0
0.5320,16.9140,0.5150,96.9830,1.9820,2025-07-16 19:25:14,409.0
0.5310,16.8640,0.4060,96.9120,2.1050,2025-07-16 19:25:14,409.0
0.5340,16.98,0.4130,96.97,2.0570,2025-07-16 19:25:14,409.0
0.5040,16.9170,0.4790,97.1430,1.9380,2025-07-16 19:25:14,409.0
0.5610,16.9170,0.5110,96.9160,2.2270,2025-07-16 19:25:14,409.0
0.5480,16.9270,0.55,96.7830,2.0560,2025-07-16 19:25:14,409.0
0.52,16.9680,0.3570,96.9690,2.0050,2025-07-16 21:30:16,410.0
0.5280,17.0240,0.41,96.9160,2.0320,2025-07-16 21:30:16,410.0
0.5280,16.99,0.5430,96.7380,2.0250,2025-07-16 21:30:16,410.0
0.5350,17.0270,0.4720,96.8950,1.8540,2025-07-16 21:30:16,410.0
0.53,16.9520,0.4760,96.81,1.90,2025-07-16 21:30:16,410.0
0.5150,16.9080,0.41,97.1310,1.9910,2025-07-16 21:30:16,410.0
0.5350,16.9490,0.4650,97.15,2.0090,2025-07-16 21:30:16,410.0
0.5410,16.9580,0.5180,97.0430,2.0370,2025-07-16 21:30:16,410.0
0.5420,16.9960,0.4790,96.8730,2.0590,2025-07-16 21:30:16,410.0
0.5380,16.9830,0.4310,96.8380,1.8980,2025-07-16 21:30:16,410.0
0.5350,17.0810,0.49,97.18,1.9280,2025-07-16 21:30:16,410.0
0.52,16.9830,0.5950,97.0590,1.9170,2025-07-16 21:30:16,410.0
0.5220,16.9240,0.5250,97.1860,1.8620,2025-07-16 21:30:16,410.0
0.5220,16.9080,0.5080,97.27,2.0050,2025-07-16 21:30:16,410.0
0.53,16.9210,0.3990,97.2090,1.9870,2025-07-16 21:30:16,410.0
0.51,16.9270,0.4830,97.2320,1.9050,2025-07-16 21:30:16,410.0
0.5420,16.8990,0.4940,97.0420,2.0360,2025-07-16 21:30:16,410.0
0.5340,17.10,0.4270,96.7530,1.9580,2025-07-16 21:30:16,410.0
0.5240,16.8920,0.4480,96.9550,1.9290,2025-07-16 21:30:16,410.0
0.5280,16.9770,0.4550,96.7580,1.95,2025-07-16 21:30:16,410.0
0.5130,16.87,0.4170,97.1590,1.9450,2025-07-17 10:30:01,411.0
0.5360,16.9240,0.5110,96.9510,2.0750,2025-07-17 10:30:01,411.0
0.5250,16.9360,0.5280,96.9710,2.0070,2025-07-17 10:30:01,411.0
0.5210,16.88,0.5290,97.2760,0.0150,2025-07-17 10:30:01,411.0
0.5140,16.8480,0.5460,96.8350,1.9280,2025-07-17 10:30:01,411.0
0.5360,16.9610,0.4720,96.8950,2.0590,2025-07-17 10:30:01,411.0
0.5450,16.9610,0.4790,96.8240,1.9580,2025-07-17 10:30:01,411.0
0.5430,16.9390,0.6020,96.8050,2.0530,2025-07-17 10:30:01,411.0
0.5340,16.8730,0.5250,96.9680,2.0460,2025-07-17 10:30:01,411.0
0.5260,16.9490,0.4690,96.8060,2.0640,2025-07-17 10:30:01,411.0
0.5180,16.9610,0.5290,96.93,1.8720,2025-07-17 10:30:01,411.0
0.5420,16.8730,0.4410,96.9120,1.9060,2025-07-17 10:30:01,411.0
0.5310,16.9710,0.4230,96.7830,2.0170,2025-07-17 10:30:01,411.0
0.5170,16.9650,0.4660,96.7660,1.9520,2025-07-17 10:30:01,411.0
0.5110,16.9240,0.3010,96.9550,1.8690,2025-07-17 10:30:01,411.0
0.5220,16.9020,0.5290,97.27,1.9890,2025-07-17 10:30:01,411.0
0.5280,16.93,0.5780,96.8410,1.9760,2025-07-17 10:30:01,411.0
0.5250,16.9170,0.4660,96.8540,1.9550,2025-07-17 10:30:01,411.0
0.5160,16.8920,0.5980,97.2030,1.9330,2025-07-17 10:30:01,411.0
0.52,16.9170,0.5560,97.2130,2.0210,2025-07-17 10:30:01,411.0
0.5440,17.0340,0.4870,97.0560,2.0030,2025-07-17 13:00:10,412.0
0.5350,16.9210,0.4380,97.0490,1.9970,2025-07-17 13:00:10,412.0
0.5290,16.9580,0.4380,96.8630,1.9620,2025-07-17 13:00:10,412.0
0.5180,16.9240,0.4410,97.1520,2.0360,2025-07-17 13:00:10,412.0
0.5230,17.0120,0.3640,96.9750,1.9650,2025-07-17 13:00:10,412.0
0.5210,16.9240,0.49,96.87,2,2025-07-17 13:00:10,412.0
0.5330,16.98,0.4940,96.7840,1.9810,2025-07-17 13:00:10,412.0
0.5270,16.9990,0.4020,97.1380,1.9760,2025-07-17 13:00:10,412.0
0.53,16.9520,0.48,96.9640,2.0410,2025-07-17 13:00:10,412.0
0.5330,16.88,0.3850,97.01,2.0510,2025-07-17 13:00:10,412.0
0.5280,16.9550,0.4270,96.9830,2.0350,2025-07-17 13:00:10,412.0
0.53,16.9110,0.4940,97.2730,1.9920,2025-07-17 13:00:10,412.0
0.5380,17.0490,0.5150,96.8080,1.9920,2025-07-17 13:00:10,412.0
0.5240,16.8890,0.3950,96.9280,2.0440,2025-07-17 13:00:10,412.0
0.52,16.8830,0.4440,96.8990,1.9720,2025-07-17 13:00:10,412.0
0.5370,17.0050,0.4830,96.7920,2.0430,2025-07-17 13:00:10,412.0
0.5280,16.9210,0.5150,97.08,2.11,2025-07-17 13:00:10,412.0
0.5410,17.04,0.3670,97.0130,1.9960,2025-07-17 13:00:10,412.0
0.5340,17.0340,0.4970,96.6760,2.0710,2025-07-17 13:00:10,412.0
0.5380,17.0210,0.4230,96.9260,2.1580,2025-07-17 13:00:10,412.0
0.5470,16.9390,0.4510,97.0460,2.10,2025-07-17 19:40:21,413.0
0.5190,16.9650,0.50,97.0540,1.8170,2025-07-17 19:40:21,413.0
0.5310,17.04,0.5040,96.8420,1.8860,2025-07-17 19:40:21,413.0
0.5430,16.9330,0.4130,97.0720,1.9190,2025-07-17 19:40:21,413.0
0.5540,16.9610,0.4650,97.29,2.0860,2025-07-17 19:40:21,413.0
0.5320,17.0020,0.4440,96.8510,2.0450,2025-07-17 19:40:21,413.0
0.5250,16.9550,0.5460,96.9680,2.0170,2025-07-17 19:40:21,413.0
0.5310,16.9580,0.4310,96.9430,1.9820,2025-07-17 19:40:21,413.0
0.5150,16.9210,0.4870,97.1740,1.9190,2025-07-17 19:40:21,413.0
0.5620,17.0310,0.5560,97.0290,2.0040,2025-07-17 19:40:21,413.0
0.5280,17.0370,0.49,97.0810,1.9850,2025-07-17 19:40:21,413.0
0.5350,16.9430,0.4760,97.0180,2.1040,2025-07-17 19:40:21,413.0
0.5320,16.9170,0.4090,96.7480,2.0020,2025-07-17 19:40:21,413.0
0.5290,16.9270,0.4790,96.9950,2.0390,2025-07-17 19:40:21,413.0
0.52,16.8890,0.43,96.9370,1.9770,2025-07-17 19:40:21,413.0
0.52,16.9520,0.4270,96.9080,1.8450,2025-07-17 19:40:21,413.0
0.5150,16.9930,0.56,96.9180,1.9050,2025-07-17 19:40:21,413.0
0.5430,16.9430,0.5040,96.65,2.0110,2025-07-17 19:40:21,413.0
0.5230,17.0050,0.4170,96.8220,1.9150,2025-07-17 19:40:21,413.0
0.5240,16.9710,0.56,96.85,1.9580,2025-07-17 19:40:21,413.0
0.5240,16.9770,0.5080,96.9790,1.8990,2025-07-17 21:20:22,414.0
0.5220,16.9740,0.4170,97.0180,1.9990,2025-07-17 21:20:22,414.0
0.53,16.9170,0.4790,97.2290,1.9740,2025-07-17 21:20:22,414.0
0.5320,16.9710,0.5530,96.9220,1.9610,2025-07-17 21:20:22,414.0
0.5550,17.0840,0.6160,96.7070,1.9860,2025-07-17 21:20:22,414.0
0.5320,17.0090,0.6620,96.8790,1.9380,2025-07-17 21:20:22,414.0
0.5450,17.0310,0.41,96.8430,2.0020,2025-07-17 21:20:22,414.0
0.54,16.9430,0.6120,97.30,1.9260,2025-07-17 21:20:22,414.0
0.5310,17.0560,0.5430,96.9160,1.8970,2025-07-17 21:20:22,414.0
0.53,16.99,0.4450,96.9530,1.8760,2025-07-17 21:20:22,414.0
0.5270,17.0150,0.4480,97.2420,1.9990,2025-07-17 21:20:22,414.0
0.5210,16.9020,0.5290,97.0790,1.9160,2025-07-17 21:20:22,414.0
0.52,16.9270,0.4520,96.9960,1.9520,2025-07-17 21:20:22,414.0
0.5470,17.04,0.5980,96.7270,2.0030,2025-07-17 21:20:22,414.0
0.5270,16.99,0.4580,96.8760,1.9930,2025-07-17 21:20:22,414.0
0.5150,16.9110,0.4410,97.0280,2.0460,2025-07-17 21:20:22,414.0
0.5280,16.9490,0.4580,97.1580,2.0450,2025-07-17 21:20:22,414.0
0.5020,16.9330,0.5320,97.0890,1.85,2025-07-17 21:20:22,414.0
0.5320,16.98,0.55,96.7480,2.0590,2025-07-17 21:20:22,414.0
0.5350,16.9650,0.4270,96.9760,2.0730,2025-07-17 21:20:22,414.0
0.5140,16.9990,0.8470,97.0790,1.88,2025-07-18 11:32:25,415.0
0.5410,16.9740,0.4830,96.9280,2.0530,2025-07-18 11:32:25,415.0
0.5320,16.9870,0.4660,96.6990,1.9680,2025-07-18 11:32:25,415.0
0.5310,17.0150,0.5390,97.2060,1.9930,2025-07-18 11:32:25,415.0
0.5080,17.0090,0.3750,96.9490,1.9130,2025-07-18 11:32:25,415.0
0.5330,17.1060,0.4870,96.7640,1.9410,2025-07-18 11:32:25,415.0
0.5260,17.0120,0.5770,96.9210,1.9260,2025-07-18 11:32:25,415.0
0.5320,17.0680,0.5420,96.8340,2.0050,2025-07-18 11:32:25,415.0
0.55,17.0870,0.4760,96.7760,1.9910,2025-07-18 11:32:25,415.0
0.50,16.9710,0.6480,96.7450,1.9180,2025-07-18 11:32:25,415.0
0.5190,17.0090,0.5070,96.6390,1.9960,2025-07-18 11:32:25,415.0
0.5040,17.04,0.4060,96.9820,1.9270,2025-07-18 11:32:25,415.0
0.5280,16.9490,0.4720,96.8630,1.9660,2025-07-18 11:32:25,415.0
0.5360,17.0430,0.4580,96.9110,1.9330,2025-07-18 11:32:25,415.0
0.5290,17.0090,0.4970,96.8290,1.9610,2025-07-18 11:32:25,415.0
0.5380,17.0120,0.4620,96.7710,1.9710,2025-07-18 11:32:25,415.0
0.5240,17.0310,0.4620,96.9060,2.0280,2025-07-18 11:32:25,415.0
0.5270,16.9930,0.4020,97.1380,2,2025-07-18 11:32:25,415.0
0.53,17.0780,0.5320,97.0280,1.9910,2025-07-18 11:32:25,415.0
0.5480,17.0310,0.5040,97.1360,2.1650,2025-07-18 11:32:25,415.0
0.5480,16.93,0.6580,96.7530,2.0270,2025-07-18 13:12:29,416.0
0.5340,16.93,0.6090,96.8960,1.95,2025-07-18 13:12:29,416.0
0.5490,16.9740,0.4480,97.0250,1.9740,2025-07-18 13:12:29,416.0
0.5410,17.0050,0.4940,96.8940,2.0880,2025-07-18 13:12:29,416.0
0.5240,16.9360,0.5290,96.9650,2.0250,2025-07-18 13:12:29,416.0
0.5310,16.8510,0.4650,96.7690,2.0490,2025-07-18 13:12:29,416.0
0.5380,17.0490,0.4760,96.8380,2.0380,2025-07-18 13:12:29,416.0
0.5360,17.0340,0.4790,97.0870,2.1320,2025-07-18 13:12:29,416.0
0.5190,17.0050,0.4970,97.0470,1.9350,2025-07-18 13:12:29,416.0
0.5250,16.9710,0.4130,96.9520,2.0640,2025-07-18 13:12:29,416.0
0.5320,17.0020,0.5250,96.7960,2.0080,2025-07-18 13:12:29,416.0
0.5320,16.9740,0.5220,97.0820,2.1050,2025-07-18 13:12:29,416.0
0.5380,17.0050,0.49,97.0680,1.9790,2025-07-18 13:12:29,416.0
0.51,16.9990,0.5390,97,1.9360,2025-07-18 13:12:29,416.0
0.5220,17.0680,0.6680,96.7240,1.9130,2025-07-18 13:12:29,416.0
0.5250,16.9270,0.3990,97.0580,1.9630,2025-07-18 13:12:29,416.0
0.5430,17.0310,0.4550,96.8960,2.0380,2025-07-18 13:12:29,416.0
0.5220,16.9490,0.4520,96.8580,1.9780,2025-07-18 13:12:29,416.0
0.5060,16.9390,0.5210,96.7520,1.8630,2025-07-18 13:12:29,416.0
0.5330,16.9740,0.5250,96.8830,2.0520,2025-07-18 13:12:29,416.0
0.5550,16.9460,0.4940,97.0250,2.1050,2025-07-18 19:27:39,417.0
0.5250,16.9240,0.4340,96.7640,1.9680,2025-07-18 19:27:39,417.0
0.5380,16.9830,0.3780,96.8890,2.0510,2025-07-18 19:27:39,417.0
0.5280,17.0240,0.4270,96.9670,1.9490,2025-07-18 19:27:39,417.0
0.5220,17.0650,0.5740,96.7850,1.9350,2025-07-18 19:27:39,417.0
0.5420,17.0150,0.5290,96.82,2.1020,2025-07-18 19:27:39,417.0
0.5240,16.8640,0.4580,97.01,2.02,2025-07-18 19:27:39,417.0
0.5330,16.9580,0.4170,97.2360,1.97,2025-07-18 19:27:39,417.0
0.5370,17.0460,0.42,97.01,1.9290,2025-07-18 19:27:39,417.0
0.5330,16.9460,0.50,97.1780,1.9540,2025-07-18 19:27:39,417.0
0.5210,16.98,0.4340,96.9530,2.0440,2025-07-18 19:27:39,417.0
0.5210,16.9650,0.5150,96.7670,1.9630,2025-07-18 19:27:39,417.0
0.56,17.0620,0.6270,97.1210,2.0670,2025-07-18 19:27:39,417.0
0.5360,16.9870,0.4130,96.9840,1.9440,2025-07-18 19:27:39,417.0
0.5350,16.9020,0.4940,97.2540,1.9450,2025-07-18 19:27:39,417.0
0.5440,17.0020,0.4830,96.8220,2.0890,2025-07-18 19:27:39,417.0
0.5350,17.0370,0.56,97.08,1.9540,2025-07-18 19:27:39,417.0
0.5410,16.9710,0.5430,96.7860,2.0250,2025-07-18 19:27:39,417.0
0.5270,16.9240,0.3780,97.0340,1.9060,2025-07-18 19:27:39,417.0
0.5550,16.9610,0.4940,96.7530,2.1140,2025-07-18 19:27:39,417.0
0.5320,16.9770,0.4380,97.1070,1.95,2025-07-18 21:07:40,418.0
0.5240,16.9360,0.49,97.0030,1.9540,2025-07-18 21:07:40,418.0
0.54,16.9490,0.4760,96.8840,2.0040,2025-07-18 21:07:40,418.0
0.5360,16.9550,0.55,97.1050,0.0180,2025-07-18 21:07:40,418.0
0.53,16.9270,0.4030,97.1690,2.0290,2025-07-18 21:07:40,418.0
0.5250,16.9080,0.5070,96.93,1.9610,2025-07-18 21:07:40,418.0
0.5040,16.88,0.4340,96.8870,1.8110,2025-07-18 21:07:40,418.0
0.5380,16.9930,0.5220,97.2660,2.0620,2025-07-18 21:07:40,418.0
0.5310,17.0590,0.5850,96.8180,1.91,2025-07-18 21:07:40,418.0
0.5330,16.9390,0.4830,96.8960,1.9820,2025-07-18 21:07:40,418.0
0.5280,16.98,0.4590,97.0380,1.9980,2025-07-18 21:07:40,418.0
0.5240,16.93,0.4870,96.85,2.0010,2025-07-18 21:07:40,418.0
0.5550,16.9270,0.49,96.8810,2.0550,2025-07-18 21:07:40,418.0
0.5360,16.9080,0.4270,97.1790,2.1170,2025-07-18 21:07:40,418.0
0.5190,16.9170,0.4510,96.7320,1.98,2025-07-18 21:07:40,418.0
0.5290,16.87,0.5010,97.0490,1.9740,2025-07-18 21:07:40,418.0
0.5230,16.8860,0.6120,96.8660,1.9320,2025-07-18 21:07:40,418.0
0.5330,17.0620,0.4690,97.1040,2.0310,2025-07-18 21:07:40,418.0
0.5390,16.9650,0.8190,96.7380,2.0790,2025-07-18 21:07:40,418.0
0.5350,16.9240,0.4170,97.0540,2.0220,2025-07-18 21:07:40,418.0
0.5640,17.1370,0.5040,96.7540,2.1450,2025-07-21 12:23:57,419.0
0.5410,17.04,0.3640,96.9930,2.0310,2025-07-21 12:23:57,419.0
0.5190,16.9710,0.5810,97.10,1.7680,2025-07-21 12:23:57,419.0
0.53,16.9990,0.4510,96.9440,2.02,2025-07-21 12:23:57,419.0
0.5390,16.9990,0.5460,97.1830,2.0390,2025-07-21 12:23:57,419.0
0.5450,16.9460,0.4940,96.84,2.0760,2025-07-21 12:23:57,419.0
0.5320,17.04,0.5010,97.0140,2.0050,2025-07-21 12:23:57,419.0
0.5580,17.0870,0.6230,96.9030,2.1010,2025-07-21 12:23:57,419.0
0.5480,16.9870,0.5560,97.1770,2.1150,2025-07-21 12:23:57,419.0
0.5480,16.9990,0.5670,96.7420,2.0770,2025-07-21 12:23:57,419.0
0.5250,17.0120,0.5560,96.78,1.8650,2025-07-21 12:23:57,419.0
0.5670,16.9680,0.5210,96.9960,2.2040,2025-07-21 12:23:57,419.0
0.5450,17.0180,0.5110,96.8360,2.0570,2025-07-21 12:23:57,419.0
0.5360,16.9710,0.5220,96.9940,1.9030,2025-07-21 12:23:57,419.0
0.5210,16.9870,0.4790,96.9220,1.9140,2025-07-21 12:23:57,419.0
0.5510,17.0370,0.5220,96.8140,2.0540,2025-07-21 12:23:57,419.0
0.5460,17.0780,0.6330,97.1180,2.0250,2025-07-21 12:23:57,419.0
0.5470,17.0530,0.49,96.86,2.13,2025-07-21 12:23:57,419.0
0.55,17.0180,0.4760,97.0330,2.0540,2025-07-21 12:23:57,419.0
0.52,17.0310,0.4730,97.0660,1.9680,2025-07-21 12:23:57,419.0
0.53,16.9360,0.5010,97.1330,2.0110,2025-07-21 13:14:01,420.0
0.5020,16.8550,0.5390,97.15,1.9510,2025-07-21 13:14:01,420.0
0.54,16.9580,0.5530,96.9550,1.9840,2025-07-21 13:14:01,420.0
0.5290,17.0490,0.5290,97.1960,2.1150,2025-07-21 13:14:01,420.0
0.52,16.99,0.5880,96.9450,1.9820,2025-07-21 13:14:01,420.0
0.5170,16.9650,0.5810,96.9960,2.0180,2025-07-21 13:14:01,420.0
0.5450,17.0930,0.4940,97.0560,1.9920,2025-07-21 13:14:01,420.0
0.5140,16.93,0.5910,96.8240,1.9420,2025-07-21 13:14:01,420.0
0.54,16.9770,0.5040,97.0030,2.1230,2025-07-21 13:14:01,420.0
0.5460,16.9460,0.5780,96.9480,2.0220,2025-07-21 13:14:01,420.0
0.5250,16.9110,0.4580,97.0120,1.8770,2025-07-21 13:14:01,420.0
0.5230,16.9520,0.5740,97.1380,2.0540,2025-07-21 13:14:01,420.0
0.5120,16.9580,0.5420,97.2150,1.8230,2025-07-21 13:14:01,420.0
0.5250,16.9960,0.3610,97.2170,1.9790,2025-07-21 13:14:01,420.0
0.5230,16.9930,0.5420,97.1940,2.0570,2025-07-21 13:14:01,420.0
0.5350,16.88,0.4760,97.0690,2.1150,2025-07-21 13:14:01,420.0
0.5320,16.98,0.5950,96.8490,2.1110,2025-07-21 13:14:01,420.0
0.5420,16.9460,0.4870,96.9910,2.1130,2025-07-21 13:14:01,420.0
0.5520,16.9870,0.5460,96.7990,2.0630,2025-07-21 13:14:01,420.0
0.5450,16.99,0.5080,97.1050,2.1910,2025-07-21 13:14:01,420.0
0.5540,17.0090,0.5040,97.2970,2.0150,2025-07-21 19:49:09,421.0
0.5370,17.0090,0.4830,96.8380,2.0460,2025-07-21 19:49:09,421.0
0.5550,17.0240,0.4270,96.80,2.2240,2025-07-21 19:49:09,421.0
0.5350,16.9170,0.5040,97.2410,2.0390,2025-07-21 19:49:09,421.0
0.5380,17.0120,0.4270,97.0480,2.0440,2025-07-21 19:49:09,421.0
0.5450,16.9430,0.4340,97.0820,2.0130,2025-07-21 19:49:09,421.0
0.53,17.0370,0.5220,96.8220,2.0180,2025-07-21 19:49:09,421.0
0.5070,16.8170,0.5320,97.1170,1.9230,2025-07-21 19:49:09,421.0
0.5480,16.9330,0.5710,96.7570,2.2140,2025-07-21 19:49:09,421.0
0.5350,16.9460,0.4690,97.18,2.0830,2025-07-21 19:49:09,421.0
0.5340,16.8610,0.4550,97.1940,2.0990,2025-07-21 19:49:09,421.0
0.5260,16.8610,0.4550,97.3510,2.0160,2025-07-21 19:49:09,421.0
0.5260,16.9770,0.49,97.1550,2.0470,2025-07-21 19:49:09,421.0
0.5320,17.0490,0.49,97.1740,2.0580,2025-07-21 19:49:09,421.0
0.5470,16.9110,0.5880,97.0130,2.0790,2025-07-21 19:49:09,421.0
0.5240,16.9990,0.4090,96.7240,2.0730,2025-07-21 19:49:09,421.0
0.5430,17.1030,0.4620,96.7710,1.9860,2025-07-21 19:49:09,421.0
0.5180,16.9830,0.4660,96.7760,2.0090,2025-07-21 19:49:09,421.0
0.5380,17.0460,0.3920,96.7840,2.0450,2025-07-21 19:49:09,421.0
0.5280,17.0150,0.3780,96.8110,1.9610,2025-07-21 19:49:09,421.0
0.5340,17.04,0.4020,97.0150,1.9370,2025-07-21 21:34:12,422.0
0.5130,16.87,0.55,97.1740,1.9340,2025-07-21 21:34:12,422.0
0.5160,16.9990,0.4270,96.8780,1.9290,2025-07-21 21:34:12,422.0
0.5330,17.0560,0.4480,97.27,1.9850,2025-07-21 21:34:12,422.0
0.5230,17.0050,0.4270,96.8950,1.9160,2025-07-21 21:34:12,422.0
0.5360,16.9580,0.4790,96.9590,2.0940,2025-07-21 21:34:12,422.0
0.5260,16.9740,0.4660,97.0280,2.0160,2025-07-21 21:34:12,422.0
0.5390,16.99,0.4410,97.1450,2.0330,2025-07-21 21:34:12,422.0
0.5270,17.0430,0.4550,96.9450,2.0220,2025-07-21 21:34:12,422.0
0.5390,16.9240,0.3080,97.27,2.0610,2025-07-21 21:34:12,422.0
0.5190,16.8860,0.4550,97.2840,2.0770,2025-07-21 21:34:12,422.0
0.5340,17.0340,0.4170,96.9710,2.04,2025-07-21 21:34:12,422.0
0.5220,17.0150,0.6190,96.9570,1.9010,2025-07-21 21:34:12,422.0
0.5520,17.0620,0.4270,97.3370,1.9880,2025-07-21 21:34:12,422.0
0.5260,16.98,0.4440,97.0520,1.9170,2025-07-21 21:34:12,422.0
0.5430,16.9990,0.4340,96.9540,1.9820,2025-07-21 21:34:12,422.0
0.5290,16.9610,0.5040,97.0440,1.9790,2025-07-21 21:34:12,422.0
0.5540,17.0340,0.4970,97.0030,2.1310,2025-07-21 21:34:12,422.0
0.5270,17.0240,0.4690,96.9550,1.9240,2025-07-21 21:34:12,422.0
0.5230,16.9020,0.3610,97.18,1.9370,2025-07-21 21:34:12,422.0
0.5210,17.0120,0.3990,97.1270,1.9630,2025-07-22 10:52:53,423.0
0.5180,16.9020,0.4720,96.9560,1.9670,2025-07-22 10:52:53,423.0
0.5330,16.9650,0.3780,97.0490,1.8950,2025-07-22 10:52:53,423.0
0.5290,16.9390,0.4520,97.3370,1.9180,2025-07-22 10:52:53,423.0
0.5350,17.0240,0.4970,97.1340,1.9180,2025-07-22 10:52:53,423.0
0.5310,16.8360,0.4170,97.0270,1.8930,2025-07-22 10:52:53,423.0
0.5470,16.9960,0.5210,96.8880,1.9790,2025-07-22 10:52:53,423.0
0.5350,16.9390,0.42,97.0440,1.9260,2025-07-22 10:52:53,423.0
0.5060,16.9240,0.3810,97.3990,1.8080,2025-07-22 10:52:53,423.0
0.5290,17.0590,0.3250,97.07,1.9980,2025-07-22 10:52:53,423.0
0.5170,17.0240,0.3710,97.24,1.9330,2025-07-22 10:52:53,423.0
0.5250,16.9680,0.5350,96.8360,2.0190,2025-07-22 10:52:53,423.0
0.5320,16.9960,0.3610,96.9050,2.0530,2025-07-22 10:52:53,423.0
0.5350,17.0370,0.5040,96.8720,1.9650,2025-07-22 10:52:53,423.0
0.5190,16.9360,0.5010,97.2130,1.8750,2025-07-22 10:52:53,423.0
0.5260,17.0430,0.3780,97.1650,1.9290,2025-07-22 10:52:53,423.0
0.5420,17.0750,0.5770,96.9290,2.02,2025-07-22 10:52:53,423.0
0.5220,16.98,0.4550,97.1770,1.8780,2025-07-22 10:52:53,423.0
0.5180,16.8580,0.5290,97.1290,1.9420,2025-07-22 10:52:53,423.0
0.53,16.9960,0.3640,97.1880,2.0790,2025-07-22 10:52:53,423.0
0.5420,17.1150,0.4240,96.8590,2.1130,2025-07-22 13:07:58,424.0
0.5360,17.0120,0.4440,96.9380,2.0110,2025-07-22 13:07:58,424.0
0.5260,16.8730,0.5920,97.1670,1.9430,2025-07-22 13:07:58,424.0
0.5370,17.0840,0.5570,96.9040,1.9950,2025-07-22 13:07:58,424.0
0.5270,17.0430,0.4550,97.0180,1.9950,2025-07-22 13:07:58,424.0
0.5260,16.9460,0.5250,96.9320,1.9970,2025-07-22 13:07:58,424.0
0.5340,16.9870,0.5110,97.0760,2.0440,2025-07-22 13:07:58,424.0
0.54,16.9550,0.5460,97.0730,2.0020,2025-07-22 13:07:58,424.0
0.5320,16.9140,0.5180,97.0580,2.0680,2025-07-22 13:07:58,424.0
0.5170,17.0120,0.5040,96.8910,1.9320,2025-07-22 13:07:58,424.0
0.5210,16.9050,0.3890,97.2910,1.9220,2025-07-22 13:07:58,424.0
0.5040,16.8950,0.4480,97.1830,1.9550,2025-07-22 13:07:58,424.0
0.5310,16.8770,0.6930,97.2550,2.0860,2025-07-22 13:07:58,424.0
0.51,16.9740,0.4060,97.1530,1.9380,2025-07-22 13:07:58,424.0
0.5280,17.0120,0.5220,97.08,1.9690,2025-07-22 13:07:58,424.0
0.5510,17.0530,0.4520,96.8910,2.1240,2025-07-22 13:07:58,424.0
0.5180,16.99,0.3540,97.1790,2.01,2025-07-22 13:07:58,424.0
0.5370,16.9080,0.5950,96.9480,2.0470,2025-07-22 13:07:58,424.0
0.5250,17.0180,0.5040,96.7950,1.9280,2025-07-22 13:07:58,424.0
0.5330,17.0490,0.4060,97.0560,2.1590,2025-07-22 13:07:58,424.0
0.5350,16.9550,0.4310,97.1260,1.9420,2025-07-22 19:38:06,425.0
0.5210,17.0650,0.4550,97.1120,1.9150,2025-07-22 19:38:06,425.0
0.5140,16.9270,0.5250,96.9150,1.8470,2025-07-22 19:38:06,425.0
0.5410,17.0120,0.5350,96.8630,1.9570,2025-07-22 19:38:06,425.0
0.5260,16.99,0.4340,96.8890,2.0590,2025-07-22 19:38:06,425.0
0.5250,17.0310,0.4940,97.0530,1.8470,2025-07-22 19:38:06,425.0
0.5340,16.9210,0.5880,96.9360,2.0220,2025-07-22 19:38:06,425.0
0.5310,16.9930,0.5080,96.9580,2.0240,2025-07-22 19:38:06,425.0
0.5310,17.04,0.4170,96.7550,2.0620,2025-07-22 19:38:06,425.0
0.5430,16.9960,0.42,96.97,2.0280,2025-07-22 19:38:06,425.0
0.5140,17.0310,0.4690,96.9070,1.8610,2025-07-22 19:38:06,425.0
0.5130,16.99,0.4270,96.9890,1.8220,2025-07-22 19:38:06,425.0
0.5180,17.0490,0.4450,97.11,1.9030,2025-07-22 19:38:06,425.0
0.5390,17.0240,0.4410,96.8830,1.9130,2025-07-22 19:38:06,425.0
0.5410,17.0090,0.4730,96.85,2.1060,2025-07-22 19:38:06,425.0
0.5390,16.9870,0.4520,96.9540,2.0870,2025-07-22 19:38:06,425.0
0.5180,16.8580,0.5420,97.2130,1.9610,2025-07-22 19:38:06,425.0
0.5320,17.0840,0.4130,96.9160,2.0570,2025-07-22 19:38:06,425.0
0.5120,17.0020,0.3960,97.1770,1.8510,2025-07-22 19:38:06,425.0
0.5330,17.0090,0.42,97.2390,2.0690,2025-07-22 19:38:06,425.0
0.53,17.0460,0.5350,97.0420,2.0030,2025-07-22 21:18:07,426.0
0.5190,16.9390,0.6720,97.2320,2.0090,2025-07-22 21:18:07,426.0
0.54,17.1120,0.55,96.9030,1.9990,2025-07-22 21:18:07,426.0
0.5420,16.9990,0.5180,96.9610,1.9950,2025-07-22 21:18:07,426.0
0.5410,17.0310,0.5810,96.94,1.9560,2025-07-22 21:18:07,426.0
0.5220,17.04,0.4620,97.0180,1.9150,2025-07-22 21:18:07,426.0
0.5380,17.0020,0.4730,96.9930,2.1770,2025-07-22 21:18:07,426.0
0.53,17.1150,0.5430,97.1530,2.0830,2025-07-22 21:18:07,426.0
0.5350,16.9960,0.3750,97.1020,2.0080,2025-07-22 21:18:07,426.0
0.5050,17.0340,0.4340,97.1030,1.8990,2025-07-22 21:18:07,426.0
0.5410,16.9770,0.4580,96.7770,1.9710,2025-07-22 21:18:07,426.0
0.5170,17.0310,0.42,97.1770,1.9510,2025-07-22 21:18:07,426.0
0.5340,17.0490,0.6680,96.9550,2.0190,2025-07-22 21:18:07,426.0
0.5090,17.0370,0.4730,96.8730,1.9650,2025-07-22 21:18:07,426.0
0.5040,17.0340,0.5880,97.1820,1.9510,2025-07-22 21:18:07,426.0
0.5310,16.9680,0.5040,96.9530,1.9080,2025-07-22 21:18:07,426.0
0.5160,17.0370,0.4580,97.0190,1.8710,2025-07-22 21:18:07,426.0
0.5410,17.0710,0.5220,96.7970,1.98,2025-07-22 21:18:07,426.0
0.5180,16.9390,0.6550,97.0990,1.9240,2025-07-22 21:18:07,426.0
0.5170,16.9960,0.4580,97.0180,1.9530,2025-07-22 21:18:07,426.0
0.5170,16.9140,0.4870,97.0140,1.8890,2025-07-23 10:33:40,427.0
0.5530,17.10,0.4090,96.98,2.1250,2025-07-23 10:33:40,427.0
0.54,16.9240,0.5180,97.2390,1.9770,2025-07-23 10:33:40,427.0
0.5060,16.9740,0.5040,97.0010,1.9260,2025-07-23 10:33:40,427.0
0.5380,16.9960,0.4730,97.09,1.9550,2025-07-23 10:33:40,427.0
0.5370,17.0050,0.42,96.7990,1.9540,2025-07-23 10:33:40,427.0
0.5610,17.0310,0.5080,96.9810,2.0190,2025-07-23 10:33:40,427.0
0.5350,16.9740,0.43,96.8750,1.9310,2025-07-23 10:33:40,427.0
0.5270,17.0020,0.3610,96.8360,1.9280,2025-07-23 10:33:40,427.0
0.5370,17.04,0.4830,96.8380,2.0510,2025-07-23 10:33:40,427.0
0.5410,16.9710,0.4410,96.84,2.1050,2025-07-23 10:33:40,427.0
0.5160,16.9550,0.4830,97.0840,1.9150,2025-07-23 10:33:40,427.0
0.5430,17.0210,0.4310,96.9850,1.9650,2025-07-23 10:33:40,427.0
0.5360,17.0590,0.4410,97.2430,2.0020,2025-07-23 10:33:40,427.0
0.5320,16.9740,0.4830,97.3010,1.9860,2025-07-23 10:33:40,427.0
0.5620,17.0560,0.49,97.2140,2.1130,2025-07-23 10:33:40,427.0
0.53,16.9650,0.6650,97.0790,0.0170,2025-07-23 10:33:40,427.0
0.5370,16.9550,0.5250,96.9440,1.9660,2025-07-23 10:33:40,427.0
0.5490,16.9990,0.5670,97.1370,1.9370,2025-07-23 10:33:40,427.0
0.5330,16.9520,0.4130,97.1190,2.0270,2025-07-23 10:33:40,427.0
0.5340,17.1150,0.3920,97.1770,2.0230,2025-07-23 13:23:45,428.0
0.5190,16.9990,0.4830,96.8780,1.8930,2025-07-23 13:23:45,428.0
0.5550,17.0590,0.3960,96.84,2.1920,2025-07-23 13:23:45,428.0
0.5350,17.1280,0.4380,96.8230,2.0310,2025-07-23 13:23:45,428.0
0.5240,16.9710,0.3950,97.0990,1.9680,2025-07-23 13:23:45,428.0
0.5350,16.98,0.5780,97.0450,2.0790,2025-07-23 13:23:45,428.0
0.5380,17.0180,0.5150,97.1590,2.0120,2025-07-23 13:23:45,428.0
0.5160,17.0560,0.4970,96.9990,1.9370,2025-07-23 13:23:45,428.0
0.5270,17.10,0.3640,96.78,1.9310,2025-07-23 13:23:45,428.0
0.5290,17.0530,0.5250,96.8550,1.9630,2025-07-23 13:23:45,428.0
0.5380,17.1410,0.4830,97.2070,1.9410,2025-07-23 13:23:45,428.0
0.5270,17.0780,0.3960,96.6620,1.9480,2025-07-23 13:23:45,428.0
0.5340,17.09,0.3610,96.9010,1.9930,2025-07-23 13:23:45,428.0
0.5280,16.9710,0.3530,96.7470,1.9590,2025-07-23 13:23:45,428.0
0.5150,17.1060,0.3880,96.8160,1.9150,2025-07-23 13:23:45,428.0
0.5460,16.9430,0.49,96.8350,2.0530,2025-07-23 13:23:45,428.0
0.5250,17.0050,0.5810,96.8850,1.8850,2025-07-23 13:23:45,428.0
0.5390,16.8730,0.5290,97.1770,2.0320,2025-07-23 13:23:45,428.0
0.5220,16.98,0.4340,97.0350,1.96,2025-07-23 13:23:45,428.0
0.5340,17.1250,0.5180,96.8630,1.9680,2025-07-23 13:23:45,428.0
0.5270,17.0970,0.3710,96.89,1.8820,2025-07-23 19:28:57,429.0
0.5370,17.0970,0.3810,97.12,1.9910,2025-07-23 19:28:57,429.0
0.5210,16.9960,0.3960,97.2440,1.90,2025-07-23 19:28:57,429.0
0.5510,17.10,0.4340,96.9450,2.0590,2025-07-23 19:28:57,429.0
0.5140,17.0430,0.4830,97.0810,1.8840,2025-07-23 19:28:57,429.0
0.52,16.99,0.3920,96.9770,1.8020,2025-07-23 19:28:57,429.0
0.5260,16.9710,0.4230,97.0940,2.0410,2025-07-23 19:28:57,429.0
0.5310,17.0590,0.4230,96.6820,2.0050,2025-07-23 19:28:57,429.0
0.52,17.0180,0.4870,96.9460,1.9260,2025-07-23 19:28:57,429.0
0.5420,17.1470,0.4790,96.8040,2.0970,2025-07-23 19:28:57,429.0
0.5260,16.9610,0.5490,97.0890,1.8720,2025-07-23 19:28:57,429.0
0.5250,17.0180,0.34,96.9930,1.97,2025-07-23 19:28:57,429.0
0.5320,17.0210,0.4790,96.9710,1.9560,2025-07-23 19:28:57,429.0
0.5450,16.9930,0.4520,97.08,1.9870,2025-07-23 19:28:57,429.0
0.5240,16.8950,0.5110,96.8410,1.9620,2025-07-23 19:28:57,429.0
0.5530,17.2130,0.4060,96.7560,1.9670,2025-07-23 19:28:57,429.0
0.5280,16.9770,0.4340,97.0240,1.9490,2025-07-23 19:28:57,429.0
0.5210,17.0090,0.6020,96.7640,1.9270,2025-07-23 19:28:57,429.0
0.5130,16.9830,0.4340,96.9620,1.9070,2025-07-23 19:28:57,429.0
0.5170,16.9650,0.5110,96.9810,2.0490,2025-07-23 19:28:57,429.0
0.5380,17.1030,0.3610,97.0550,2.0070,2025-07-23 21:18:59,430.0
0.5320,16.8920,0.5950,97.0720,1.9920,2025-07-23 21:18:59,430.0
0.5270,16.8730,0.4480,97.07,2.0240,2025-07-23 21:18:59,430.0
0.5330,17.1090,0.4660,96.9190,1.9930,2025-07-23 21:18:59,430.0
0.53,17.0460,0.4830,96.9410,2.0070,2025-07-23 21:18:59,430.0
0.5270,16.9330,0.55,96.8380,1.98,2025-07-23 21:18:59,430.0
0.5310,17.0460,0.5040,96.9230,1.9380,2025-07-23 21:18:59,430.0
0.5340,16.9240,0.5420,97.1080,2.1480,2025-07-23 21:18:59,430.0
0.5360,16.9710,0.4620,96.8840,1.9450,2025-07-23 21:18:59,430.0
0.5190,16.9680,0.5110,97.0310,2.0760,2025-07-23 21:18:59,430.0
0.5280,17.0370,0.5390,96.9850,1.96,2025-07-23 21:18:59,430.0
0.5030,16.98,0.5320,96.8160,1.8560,2025-07-23 21:18:59,430.0
0.5490,17.1250,0.4760,97.0330,2.0610,2025-07-23 21:18:59,430.0
0.5280,17.0120,0.5010,96.8520,2.0750,2025-07-23 21:18:59,430.0
0.5410,17.1310,0.4340,96.7510,2.0720,2025-07-23 21:18:59,430.0
0.5350,16.9020,0.4270,97.1220,2.0520,2025-07-23 21:18:59,430.0
0.5280,17.0240,0.4660,96.8780,2.0040,2025-07-23 21:18:59,430.0
0.5380,16.9740,0.4720,96.7860,2.0610,2025-07-23 21:18:59,430.0
0.5460,16.9770,0.4760,96.9940,1.9790,2025-07-23 21:18:59,430.0
0.5170,16.8670,0.49,97.1840,1.9020,2025-07-23 21:18:59,430.0
0.5180,16.93,0.5770,97.0160,1.8740,2025-07-24 12:09:56,431.0
0.5260,17.0460,0.4650,97.1590,2.0760,2025-07-24 12:09:56,431.0
0.5440,16.9770,0.4620,96.8720,1.9970,2025-07-24 12:09:56,431.0
0.5180,16.9650,0.4520,97.2990,1.9590,2025-07-24 12:09:56,431.0
0.5180,16.9360,0.5180,96.7460,1.9860,2025-07-24 12:09:56,431.0
0.5260,16.9330,0.5180,97.2660,2.0150,2025-07-24 12:09:56,431.0
0.52,16.9580,0.4940,96.9610,1.9130,2025-07-24 12:09:56,431.0
0.5350,17.0810,0.4450,97.0290,2.0770,2025-07-24 12:09:56,431.0
0.5210,16.9960,0.3750,97.1080,1.9770,2025-07-24 12:09:56,431.0
0.5420,17.0020,0.4450,96.9060,2.0040,2025-07-24 12:09:56,431.0
0.5230,17.0430,0.4060,96.8770,1.8610,2025-07-24 12:09:56,431.0
0.5340,17.0340,0.5180,96.8180,1.9980,2025-07-24 12:09:56,431.0
0.5170,16.9740,0.5640,96.8740,1.8640,2025-07-24 12:09:56,431.0
0.5270,16.9930,0.4730,97.2120,2.0370,2025-07-24 12:09:56,431.0
0.54,17.0020,0.4620,96.81,1.9650,2025-07-24 12:09:56,431.0
0.5240,17.0180,0.5110,97.0960,1.93,2025-07-24 12:09:56,431.0
0.5080,16.9960,0.50,96.7910,1.8990,2025-07-24 12:09:56,431.0
0.5290,17.0210,0.4870,96.8980,1.9570,2025-07-24 12:09:56,431.0
0.51,16.9960,0.4440,96.8180,1.9860,2025-07-24 12:09:56,431.0
0.5280,16.9210,0.3950,96.8570,1.9690,2025-07-24 12:09:56,431.0
0.5340,17.0210,0.4550,97.3160,1.9940,2025-07-24 13:09:59,432.0
0.5380,16.9990,0.4830,97.2450,2.03,2025-07-24 13:09:59,432.0
0.52,16.9580,0.5290,97.1660,1.9150,2025-07-24 13:09:59,432.0
0.5040,16.98,0.3880,97.17,1.8350,2025-07-24 13:09:59,432.0
0.5440,17.0050,0.4480,96.9760,2.0990,2025-07-24 13:09:59,432.0
0.54,17.0370,0.4020,96.96,1.9340,2025-07-24 13:09:59,432.0
0.5320,16.9580,0.4270,96.97,2.0410,2025-07-24 13:09:59,432.0
0.5490,16.9990,0.4090,96.8590,1.9840,2025-07-24 13:09:59,432.0
0.5360,16.9930,0.7910,96.7650,2.1140,2025-07-24 13:09:59,432.0
0.55,17.0530,0.43,96.9090,2.0220,2025-07-24 13:09:59,432.0
0.5320,16.9930,0.8960,96.9590,1.8740,2025-07-24 13:09:59,432.0
0.5320,16.9610,0.3050,97.1170,1.9490,2025-07-24 13:09:59,432.0
0.5490,17.0460,0.4480,96.9910,2.1070,2025-07-24 13:09:59,432.0
0.5310,16.9020,1.3090,97.1570,2.16,2025-07-24 13:09:59,432.0
0.5410,17.04,0.3880,97.3040,2.0560,2025-07-24 13:09:59,432.0
0.5250,16.9650,0.4720,96.7070,2.0820,2025-07-24 13:09:59,432.0
0.5520,17.0370,0.5350,96.9910,2.0130,2025-07-24 13:09:59,432.0
0.5270,16.9710,0.3990,97.1160,2.0460,2025-07-24 13:09:59,432.0
0.5470,16.9680,0.6340,96.8840,2.1810,2025-07-24 13:09:59,432.0
0.5270,16.9490,0.4730,96.6160,2.0680,2025-07-24 13:09:59,432.0
0.5310,16.9960,0.3880,97.1750,2.0340,2025-07-24 19:25:09,433.0
0.4990,16.9210,0.5460,97.1580,1.80,2025-07-24 19:25:09,433.0
0.5470,16.9520,0.5560,97.1050,2.1640,2025-07-24 19:25:09,433.0
0.5230,17.0490,0.5560,97.0610,1.9250,2025-07-24 19:25:09,433.0
0.5250,17.0430,0.4940,96.9490,1.9120,2025-07-24 19:25:09,433.0
0.5410,17.0210,0.5810,96.8740,1.9790,2025-07-24 19:25:09,433.0
0.5160,16.9930,0.5460,96.8270,1.9870,2025-07-24 19:25:09,433.0
0.5290,16.8860,0.4790,96.9630,2.02,2025-07-24 19:25:09,433.0
0.5150,16.9650,0.4870,97.0540,2.0360,2025-07-24 19:25:09,433.0
0.5280,16.9390,0.5040,96.91,1.9590,2025-07-24 19:25:09,433.0
0.53,16.9520,0.6440,97.1470,1.97,2025-07-24 19:25:09,433.0
0.5330,17.0370,0.4830,96.9490,1.9290,2025-07-24 19:25:09,433.0
0.5420,16.9830,0.5910,96.7920,2.1340,2025-07-24 19:25:09,433.0
0.5420,16.8860,0.4020,97.0820,1.9960,2025-07-24 19:25:09,433.0
0.5320,16.9960,0.5740,96.8520,1.9140,2025-07-24 19:25:09,433.0
0.5290,16.9870,0.4030,96.8650,1.9340,2025-07-24 19:25:09,433.0
0.52,17.0870,0.4870,97.1630,1.9610,2025-07-24 19:25:09,433.0
0.5260,17.0180,0.5150,96.9230,1.8680,2025-07-24 19:25:09,433.0
0.5350,16.9610,0.4550,96.78,2.0630,2025-07-24 19:25:09,433.0
0.5220,16.9650,0.4230,97.10,2.0830,2025-07-24 19:25:09,433.0
0.54,17.04,0.4690,97.1550,2.0480,2025-07-24 21:15:10,434.0
0.53,17.1590,0.5150,96.97,1.8290,2025-07-24 21:15:10,434.0
0.5390,16.9110,0.71,97.3530,2.1110,2025-07-24 21:15:10,434.0
0.5390,17.04,0.49,96.9360,2.0540,2025-07-24 21:15:10,434.0
0.5410,16.9650,0.3780,97.2170,2.0370,2025-07-24 21:15:10,434.0
0.5190,17.0090,0.4760,97.0460,1.90,2025-07-24 21:15:10,434.0
0.5390,16.9460,0.5670,96.83,2.0410,2025-07-24 21:15:10,434.0
0.5480,16.9520,0.4650,96.7950,1.9690,2025-07-24 21:15:10,434.0
0.5430,17.0240,0.4730,97.0010,2.10,2025-07-24 21:15:10,434.0
0.52,16.9650,0.4480,97.1160,1.9170,2025-07-24 21:15:10,434.0
0.5260,17.0560,0.5180,96.7210,1.9820,2025-07-24 21:15:10,434.0
0.5410,17.0310,0.5110,96.8040,2.1240,2025-07-24 21:15:10,434.0
0.52,17.0310,0.4730,97.0910,1.8660,2025-07-24 21:15:10,434.0
0.5150,17.0240,0.5950,97.1260,1.9390,2025-07-24 21:15:10,434.0
0.5370,17.0430,0.5290,96.6820,2.0190,2025-07-24 21:15:10,434.0
0.5370,17.0180,0.5640,97.1050,1.9950,2025-07-24 21:15:10,434.0
0.5110,16.9870,0.70,97.0520,1.9560,2025-07-24 21:15:10,434.0
0.5130,16.9710,0.4970,97.0420,1.9230,2025-07-24 21:15:10,434.0
0.5570,17.1090,0.5670,96.8010,2.0220,2025-07-24 21:15:10,434.0
0.5360,16.9580,0.6120,97.1260,1.9820,2025-07-24 21:15:10,434.0
0.5150,16.9770,0.5770,97.0590,1.8040,2025-07-25 10:46:06,435.0
0.5270,17.0680,0.4660,96.7970,1.93,2025-07-25 10:46:06,435.0
0.51,16.9520,0.4970,96.9880,1.9260,2025-07-25 10:46:06,435.0
0.5170,17.0490,0.6650,96.8730,1.8340,2025-07-25 10:46:06,435.0
0.5320,17.0050,0.5740,96.8470,2.0130,2025-07-25 10:46:06,435.0
0.5310,16.9330,0.5420,96.9440,2.0030,2025-07-25 10:46:06,435.0
0.5110,16.9930,0.4240,97.0930,1.8970,2025-07-25 10:46:06,435.0
0.5340,17.0310,0.5350,96.82,1.9740,2025-07-25 10:46:06,435.0
0.53,17.0120,0.48,97.1830,2.12,2025-07-25 10:46:06,435.0
0.5260,16.9830,0.4790,97.0040,2.0490,2025-07-25 10:46:06,435.0
0.5440,17.09,0.4620,96.8430,2.0450,2025-07-25 10:46:06,435.0
0.5180,16.98,0.5430,97.0810,1.9350,2025-07-25 10:46:06,435.0
0.5160,17.0210,0.4550,97.0190,1.9190,2025-07-25 10:46:06,435.0
0.5140,16.9740,0.4860,97.1050,2.02,2025-07-25 10:46:06,435.0
0.5370,16.9610,0.4480,96.7680,2.06,2025-07-25 10:46:06,435.0
0.5280,17.0490,0.4380,96.7340,1.9880,2025-07-25 10:46:06,435.0
0.53,17.0090,0.4170,96.7540,2.0540,2025-07-25 10:46:06,435.0
0.52,16.9270,0.3150,96.98,1.8710,2025-07-25 10:46:06,435.0
0.5090,16.9240,0.49,97.0490,2.0020,2025-07-25 10:46:06,435.0
0.5280,16.9550,0.4520,96.8880,2.0810,2025-07-25 10:46:06,435.0
0.5190,16.9770,0.4940,97.0950,1.9360,2025-07-25 13:06:09,436.0
0.5150,16.9020,0.3920,97.0830,1.9260,2025-07-25 13:06:09,436.0
0.5290,17.0240,0.5250,96.8130,1.9550,2025-07-25 13:06:09,436.0
0.5490,16.9460,0.5110,97.2410,2.0410,2025-07-25 13:06:09,436.0
0.5490,17.0020,0.5390,96.8180,1.9960,2025-07-25 13:06:09,436.0
0.5210,16.93,0.6020,97.16,1.9940,2025-07-25 13:06:09,436.0
0.5060,16.9240,0.4690,97.2390,1.9150,2025-07-25 13:06:09,436.0
0.5230,16.9550,0.4970,97.01,2.0110,2025-07-25 13:06:09,436.0
0.53,16.9050,0.5320,97.0940,1.99,2025-07-25 13:06:09,436.0
0.5250,16.9610,0.4830,96.8320,1.97,2025-07-25 13:06:09,436.0
0.54,17.0090,0.3780,96.8110,1.9940,2025-07-25 13:06:09,436.0
0.5140,16.8920,0.4480,97.2770,1.8270,2025-07-25 13:06:09,436.0
0.5350,16.9430,0.4660,97.1450,1.9570,2025-07-25 13:06:09,436.0
0.5090,16.93,0.3710,97.2020,1.85,2025-07-25 13:06:09,436.0
0.5360,17.0870,0.4060,96.94,2.0240,2025-07-25 13:06:09,436.0
0.5290,16.9390,0.42,97.0680,2.0220,2025-07-25 13:06:09,436.0
0.52,17.0150,0.4340,97.1050,1.9090,2025-07-25 13:06:09,436.0
0.5130,16.9140,0.4620,97.27,1.8680,2025-07-25 13:06:09,436.0
0.5460,17.0020,0.4440,96.7920,1.9190,2025-07-25 13:06:09,436.0
0.5320,16.9710,0.4230,96.8110,1.9970,2025-07-25 13:06:09,436.0
0.5080,16.88,0.5110,96.8350,1.94,2025-08-11 12:26:08,437.0
0.5220,17.0310,0.5980,96.9580,1.9420,2025-08-11 12:26:08,437.0
0.5430,16.9740,0.5490,97.0690,1.9490,2025-08-11 12:26:08,437.0
0.5070,16.9270,0.6620,96.9890,1.8110,2025-08-11 12:26:08,437.0
0.5310,17.0310,0.4090,97.0050,1.9740,2025-08-11 12:26:08,437.0
0.5380,17.0240,0.5210,97.1310,2.0060,2025-08-11 12:26:08,437.0
0.5470,17.1220,0.5250,96.7930,1.9810,2025-08-11 12:26:08,437.0
0.5180,16.9580,0.6020,97.2070,1.8750,2025-08-11 12:26:08,437.0
0.53,17.1660,0.4690,96.8520,1.8360,2025-08-11 12:26:08,437.0
0.5280,16.9430,0.4440,97.1050,1.8960,2025-08-11 12:26:08,437.0
0.5340,16.98,0.3780,96.7910,1.9940,2025-08-11 12:26:08,437.0
0.53,16.9960,0.4690,96.8260,1.8960,2025-08-11 12:26:08,437.0
0.5380,17.1780,0.5180,96.8430,2.0020,2025-08-11 12:26:08,437.0
0.5190,16.9870,0.4310,96.8680,1.7950,2025-08-11 12:26:08,437.0
0.5310,16.9490,0.5910,97.1860,2.0260,2025-08-11 12:26:08,437.0
0.5260,17.0530,0.4620,96.7960,1.9550,2025-08-11 12:26:08,437.0
0.5270,17.1190,0.4760,97.24,1.9980,2025-08-11 12:26:08,437.0
0.5370,16.9990,0.4380,97.1470,2.0330,2025-08-11 12:26:08,437.0
0.5340,17.0340,0.5180,96.8060,2.0220,2025-08-11 12:26:08,437.0
0.5380,16.9270,0.4130,97.0680,1.9510,2025-08-11 12:26:08,437.0
0.5050,16.9930,0.49,96.8360,1.9330,2025-08-11 12:56:09,438.0
0.5240,16.9270,0.4170,97.3930,1.9440,2025-08-11 12:56:09,438.0
0.5150,16.9460,0.3670,97.0150,1.8710,2025-08-11 12:56:09,438.0
0.54,16.9110,0.3610,97.1310,1.9960,2025-08-11 12:56:09,438.0
0.5330,17.0560,0.50,96.6190,1.9410,2025-08-11 12:56:09,438.0
0.5250,17.0180,0.4130,96.9220,1.9430,2025-08-11 12:56:09,438.0
0.5310,16.9270,0.3570,97.12,2.0280,2025-08-11 12:56:09,438.0
0.5330,17.0930,0.5770,96.8770,2.0080,2025-08-11 12:56:09,438.0
0.5240,16.9550,0.6330,97.1330,1.9630,2025-08-11 12:56:09,438.0
0.5160,17.0050,0.3610,97.0340,1.8270,2025-08-11 12:56:09,438.0
0.5480,16.9990,0.4480,97.0470,2.0660,2025-08-11 12:56:09,438.0
0.5250,16.9580,0.56,97.1140,2.0360,2025-08-11 12:56:09,438.0
0.5270,17.0120,0.4620,97.0840,1.8830,2025-08-11 12:56:09,438.0
0.5280,16.98,0.5560,96.9170,1.8920,2025-08-11 12:56:09,438.0
0.5440,17.0460,0.3670,96.9080,2.0380,2025-08-11 12:56:09,438.0
0.53,16.9610,0.4870,96.9940,2.0090,2025-08-11 12:56:09,438.0
0.5110,16.9110,0.3990,97.0520,1.8920,2025-08-11 12:56:09,438.0
0.5180,16.9110,0.4520,97.1150,1.8470,2025-08-11 12:56:09,438.0
0.5140,16.99,0.4380,96.9150,1.9730,2025-08-11 12:56:09,438.0
0.5170,16.9460,0.5390,97.1980,1.8870,2025-08-11 12:56:09,438.0
0.5410,16.9240,0.6230,96.9580,1.9690,2025-08-11 13:01:10,439.0
0.5460,16.9080,0.4620,97.2360,2.0820,2025-08-11 13:01:10,439.0
0.54,16.9080,0.5180,97.0950,2.04,2025-08-11 13:01:10,439.0
0.5180,16.9020,0.5040,96.8980,1.8930,2025-08-11 13:01:10,439.0
0.5370,16.9490,0.5910,97.0260,1.96,2025-08-11 13:01:10,439.0
0.5230,16.9580,0.5460,96.8970,2.0140,2025-08-11 13:01:10,439.0
0.5390,16.9270,0.5350,97.33,1.91,2025-08-11 13:01:10,439.0
0.53,16.9170,0.5320,97.2190,2.0810,2025-08-11 13:01:10,439.0
0.5340,16.9360,0.5530,96.9960,1.9310,2025-08-11 13:01:10,439.0
0.5340,16.8950,0.5780,97.03,1.98,2025-08-11 13:01:10,439.0
0.54,16.8480,0.6270,96.9780,2.0440,2025-08-11 13:01:10,439.0
0.5340,16.93,0.5430,96.8550,1.9890,2025-08-11 13:01:10,439.0
0.5270,16.9740,0.50,96.9870,1.9460,2025-08-11 13:01:10,439.0
0.5390,16.9140,0.4760,97.21,2.0260,2025-08-11 13:01:10,439.0
0.5450,16.9270,0.6830,96.8610,2.0450,2025-08-11 13:01:10,439.0
0.5260,16.9740,0.6120,96.80,1.9730,2025-08-11 13:01:10,439.0
0.5410,16.9580,0.5710,97.1990,1.9190,2025-08-11 13:01:10,439.0
0.5290,16.9930,0.3220,97.1740,1.9940,2025-08-11 13:01:10,439.0
0.5070,16.8860,0.5670,96.9910,1.8330,2025-08-11 13:01:10,439.0
0.5410,16.9710,0.5670,97.0620,2.0230,2025-08-11 13:01:10,439.0
0.5260,16.9330,0.5780,96.89,2.0160,2025-08-11 19:21:19,440.0
0.5270,17.0270,0.6330,96.8450,1.9320,2025-08-11 19:21:19,440.0
0.5280,16.93,0.5530,96.9590,2.0470,2025-08-11 19:21:19,440.0
0.5310,17.0180,0.5850,97.2970,1.9910,2025-08-11 19:21:19,440.0
0.5370,16.9830,0.5740,97.06,1.96,2025-08-11 19:21:19,440.0
0.54,16.8510,0.5880,97.2170,2.1010,2025-08-11 19:21:19,440.0
0.54,16.9520,0.50,97.1210,1.96,2025-08-11 19:21:19,440.0
0.5350,16.9680,0.5250,97.1960,2.1040,2025-08-11 19:21:19,440.0
0.53,16.9770,0.5640,97.0320,2.0160,2025-08-11 19:21:19,440.0
0.5120,16.8950,0.6550,97.0240,1.9090,2025-08-11 19:21:19,440.0
0.5210,16.9770,0.5840,96.9830,2.0320,2025-08-11 19:21:19,440.0
0.5420,16.9390,0.5710,96.7710,2.0210,2025-08-11 19:21:19,440.0
0.5420,17.0090,0.7420,97.0930,2.0070,2025-08-11 19:21:19,440.0
0.53,16.9240,0.6230,97.1780,1.9790,2025-08-11 19:21:19,440.0
0.5410,16.9610,0.6540,97.0750,2.2120,2025-08-11 19:21:19,440.0
0.5270,16.9140,0.6510,96.7990,2.1180,2025-08-11 19:21:19,440.0
0.5270,16.9650,0.4090,97.0410,1.9610,2025-08-11 19:21:19,440.0
0.5470,16.9270,0.41,97.2130,2.0980,2025-08-11 19:21:19,440.0
0.5170,16.9680,0.5950,96.9480,1.9330,2025-08-11 19:21:19,440.0
0.5150,16.9330,0.5460,97.17,1.9480,2025-08-11 19:21:19,440.0
0.5210,16.9580,0.42,96.9830,1.88,2025-08-11 19:31:19,441.0
0.4950,17.0050,0.43,97.17,1.7610,2025-08-11 19:31:19,441.0
0.5370,16.98,0.43,96.9430,2.0430,2025-08-11 19:31:19,441.0
0.5240,16.9430,0.4170,97.2010,2.0330,2025-08-11 19:31:19,441.0
0.53,16.9930,0.4760,97.1750,1.9950,2025-08-11 19:31:19,441.0
0.5180,17.0310,0.4270,96.7970,1.9960,2025-08-11 19:31:19,441.0
0.5250,16.9330,0.3640,96.7860,2.0180,2025-08-11 19:31:19,441.0
0.5420,17.0970,0.4310,96.7390,1.9860,2025-08-11 19:31:19,441.0
0.5370,17.0340,0.3960,97.0450,1.9990,2025-08-11 19:31:19,441.0
0.5350,16.9870,0.4410,97.1010,1.99,2025-08-11 19:31:19,441.0
0.5310,16.9990,0.4870,96.9520,1.9360,2025-08-11 19:31:19,441.0
0.5190,17.0180,0.4270,97.0680,1.8630,2025-08-11 19:31:19,441.0
0.5260,16.9650,0.4660,97.0120,2.0460,2025-08-11 19:31:19,441.0
0.5470,17.0680,0.5250,97.2280,2.1380,2025-08-11 19:31:19,441.0
0.5290,16.9390,0.5290,97.1130,2.10,2025-08-11 19:31:19,441.0
0.5150,16.9270,0.4940,97.14,1.93,2025-08-11 19:31:19,441.0
0.5590,17.1590,0.4550,96.9620,2.2140,2025-08-11 19:31:19,441.0
0.5340,16.9990,0.4690,97.1490,2.0650,2025-08-11 19:31:19,441.0
0.51,16.9520,0.4650,97.0430,1.9930,2025-08-11 19:31:19,441.0
0.52,17.0120,0.5460,97.0810,1.9270,2025-08-11 19:31:19,441.0
0.5060,16.9580,0.5950,96.8590,1.8930,2025-08-11 21:26:23,442.0
0.5310,17.0210,0.6480,96.7590,1.9410,2025-08-11 21:26:23,442.0
0.5220,16.9580,0.6090,96.9630,1.8390,2025-08-11 21:26:23,442.0
0.5160,16.9330,0.5280,97.0190,1.9450,2025-08-11 21:26:23,442.0
0.5220,16.9580,0.5990,96.9930,1.9130,2025-08-11 21:26:23,442.0
0.5380,16.8990,0.48,97.1470,2.0010,2025-08-11 21:26:23,442.0
0.5220,16.9680,0.56,96.8140,1.9520,2025-08-11 21:26:23,442.0
0.5390,16.9460,0.7040,97.1110,1.9790,2025-08-11 21:26:23,442.0
0.55,16.9240,0.5350,97.2670,2.1580,2025-08-11 21:26:23,442.0
0.5170,16.9930,0.6160,97.1160,1.8190,2025-08-11 21:26:23,442.0
0.5290,16.9550,0.6230,96.7720,2.0120,2025-08-11 21:26:23,442.0
0.5210,16.9020,0.5740,97.2610,1.9240,2025-08-11 21:26:23,442.0
0.5510,16.9460,0.7730,97.2710,2.01,2025-08-11 21:26:23,442.0
0.5270,16.8890,0.6650,96.7730,2.03,2025-08-11 21:26:23,442.0
0.52,16.8950,0.5490,97.3270,1.9640,2025-08-11 21:26:23,442.0
0.5510,16.98,0.4970,96.7740,2.0960,2025-08-11 21:26:23,442.0
0.5120,16.9680,0.5910,96.9320,1.9430,2025-08-11 21:26:23,442.0
0.5310,16.9680,0.62,96.9280,1.9830,2025-08-11 21:26:23,442.0
0.52,16.9770,0.5910,96.7860,1.9880,2025-08-11 21:26:23,442.0
0.5150,16.9110,0.4940,97.0120,2.0630,2025-08-11 21:26:23,442.0
0.54,16.9270,0.4270,97.3070,2.0210,2025-08-11 21:36:24,443.0
0.5030,16.9740,0.4270,97.0750,1.8910,2025-08-11 21:36:24,443.0
0.53,16.99,0.4340,97.0480,1.9630,2025-08-11 21:36:24,443.0
0.5260,17.0780,0.4690,96.8640,2.0480,2025-08-11 21:36:24,443.0
0.54,16.9680,0.4480,96.78,2.1630,2025-08-11 21:36:24,443.0
0.5290,17.0020,0.4550,97.0940,2.1160,2025-08-11 21:36:24,443.0
0.54,16.9610,0.4310,96.8450,2.0430,2025-08-11 21:36:24,443.0
0.5140,16.9610,0.4580,97.0060,2.0540,2025-08-11 21:36:24,443.0
0.5330,16.8770,0.4310,97.2560,2.07,2025-08-11 21:36:24,443.0
0.5220,16.9930,0.4520,96.9480,2.1220,2025-08-11 21:36:24,443.0
0.5410,17.0150,0.4580,96.7730,2.1040,2025-08-11 21:36:24,443.0
0.5090,16.9740,0.4230,96.8510,1.8780,2025-08-11 21:36:24,443.0
0.5160,16.9870,0.4170,96.9210,1.9280,2025-08-11 21:36:24,443.0
0.5220,16.9490,0.4690,97.1060,2.0050,2025-08-11 21:36:24,443.0
0.5290,17.0240,0.3780,96.8920,2.0870,2025-08-11 21:36:24,443.0
0.5340,16.93,0.4580,97.3350,2.0580,2025-08-11 21:36:24,443.0
0.5310,16.99,0.4410,96.98,2.0310,2025-08-11 21:36:24,443.0
0.53,17.0370,0.4510,97.3550,1.9130,2025-08-11 21:36:24,443.0
0.5240,16.9140,0.4310,97.1430,2.03,2025-08-11 21:36:24,443.0
0.5170,16.8990,0.4870,97.14,2.0270,2025-08-11 21:36:24,443.0
0.5480,17.0560,0.4230,97.2040,2.0550,2025-08-12 11:17:29,444.0
0.5120,17.0150,0.50,96.7720,1.7570,2025-08-12 11:17:29,444.0
0.5180,17.1090,0.4730,96.91,1.9050,2025-08-12 11:17:29,444.0
0.5060,16.9930,0.6510,96.7690,1.8710,2025-08-12 11:17:29,444.0
0.5290,16.99,0.5710,96.8270,1.82,2025-08-12 11:17:29,444.0
0.5330,17.0560,0.55,97.0450,1.8820,2025-08-12 11:17:29,444.0
0.5210,16.9930,0.4580,97.0730,1.9460,2025-08-12 11:17:29,444.0
0.5460,16.9680,0.70,97.1310,2.0180,2025-08-12 11:17:29,444.0
0.5280,16.88,0.4970,96.9290,1.8360,2025-08-12 11:17:29,444.0
0.5170,16.9580,0.3610,96.8140,1.8750,2025-08-12 11:17:29,444.0
0.5150,16.9050,0.8020,96.9520,1.8690,2025-08-12 11:17:29,444.0
0.5260,16.9330,0.5950,96.8540,1.95,2025-08-12 11:17:29,444.0
0.5390,17.0460,0.5740,97.1070,1.8240,2025-08-12 11:17:29,444.0
0.5160,16.98,0.5220,96.8260,1.9410,2025-08-12 11:17:29,444.0
0.5210,16.9550,0.6330,96.86,1.9290,2025-08-12 11:17:29,444.0
0.5140,16.9110,0.6120,96.9260,1.9660,2025-08-12 11:17:29,444.0
0.51,16.9740,0.5980,96.9670,1.8710,2025-08-12 11:17:29,444.0
0.5410,16.9710,0.5250,97.0810,2.0230,2025-08-12 11:17:29,444.0
0.5220,17.04,0.5710,96.6430,2.0210,2025-08-12 11:17:29,444.0
0.5210,16.8420,0.6650,96.9090,1.8680,2025-08-12 11:17:29,444.0
0.5340,16.9210,0.42,96.8360,2.09,2025-08-12 12:57:32,445.0
0.5430,16.9740,0.5110,96.7690,2.12,2025-08-12 12:57:32,445.0
0.5220,16.9050,0.4240,97.2080,2.0920,2025-08-12 12:57:32,445.0
0.5420,16.9360,0.4760,96.9560,2.11,2025-08-12 12:57:32,445.0
0.5330,16.9520,0.49,97.0930,2.0250,2025-08-12 12:57:32,445.0
0.5370,16.9170,0.4830,97.1560,2.0770,2025-08-12 12:57:32,445.0
0.5240,16.9460,0.3570,97.3770,1.9710,2025-08-12 12:57:32,445.0
0.5420,17.0310,0.5220,96.9790,2.1120,2025-08-12 12:57:32,445.0
0.5490,17.0090,0.55,96.9490,2.0350,2025-08-12 12:57:32,445.0
0.52,16.9650,0.3540,97.20,1.7350,2025-08-12 12:57:32,445.0
0.5470,16.9960,0.4650,96.9150,1.9610,2025-08-12 12:57:32,445.0
0.5570,17.0930,0.4940,96.89,2.1330,2025-08-12 12:57:32,445.0
0.5150,16.9020,0.4230,97.0790,1.8740,2025-08-12 12:57:32,445.0
0.5330,16.9020,0.4380,96.9730,2.01,2025-08-12 12:57:32,445.0
0.49,16.9390,0.5630,97.0260,1.83,2025-08-12 12:57:32,445.0
0.5550,16.9680,0.4550,96.8740,2.1130,2025-08-12 12:57:32,445.0
0.5070,16.9210,0.4830,96.9270,1.9880,2025-08-12 12:57:32,445.0
0.5370,16.9240,0.4620,96.9970,1.9550,2025-08-12 12:57:32,445.0
0.5330,16.9490,0.5040,97.0930,2.0190,2025-08-12 12:57:32,445.0
0.5340,17.0270,0.55,96.8720,2.0270,2025-08-12 12:57:32,445.0
0.53,16.9580,0.7040,96.8030,1.9660,2025-08-12 13:07:33,446.0
0.5390,16.82,0.6090,97.2380,2.0650,2025-08-12 13:07:33,446.0
0.5330,16.99,0.55,96.9240,1.9730,2025-08-12 13:07:33,446.0
0.5460,16.9140,0.6330,97.0410,2.0440,2025-08-12 13:07:33,446.0
0.5360,16.9650,0.4970,96.8240,2.0280,2025-08-12 13:07:33,446.0
0.5290,16.9360,0.5780,96.9420,1.9150,2025-08-12 13:07:33,446.0
0.5260,16.9960,0.5290,97.0280,2.0290,2025-08-12 13:07:33,446.0
0.50,16.9270,0.4480,96.7780,1.8030,2025-08-12 13:07:33,446.0
0.5160,16.9390,0.5040,96.9460,1.89,2025-08-12 13:07:33,446.0
0.5310,17.0050,0.5430,96.9620,1.9610,2025-08-12 13:07:33,446.0
0.5590,16.98,0.5430,97.3360,2.1110,2025-08-12 13:07:33,446.0
0.5290,16.9930,0.56,97.1720,1.9070,2025-08-12 13:07:33,446.0
0.5370,16.9870,0.7390,97.0040,1.8830,2025-08-12 13:07:33,446.0
0.5190,16.9490,0.5110,97.1710,2.0520,2025-08-12 13:07:33,446.0
0.5180,16.9140,0.5980,97.1940,1.9770,2025-08-12 13:07:33,446.0
0.5150,16.8670,0.5150,96.8250,1.9320,2025-08-12 13:07:33,446.0
0.55,16.9770,0.5210,97.0330,2.0330,2025-08-12 13:07:33,446.0
0.5160,16.8920,0.6340,97.1590,1.7490,2025-08-12 13:07:33,446.0
0.5290,16.9830,0.6890,96.5380,1.9630,2025-08-12 13:07:33,446.0
0.5370,16.9710,0.3640,97.1510,1.99,2025-08-12 13:07:33,446.0
0.5380,16.9960,0.4730,97.0690,2.0720,2025-08-12 19:02:43,447.0
0.53,17.0090,0.4090,96.9150,1.9370,2025-08-12 19:02:43,447.0
0.5190,17.0590,0.4940,96.9120,1.8790,2025-08-12 19:02:43,447.0
0.5190,16.98,0.5570,97.1920,1.9810,2025-08-12 19:02:43,447.0
0.5030,17.0050,0.4410,97.2710,1.8980,2025-08-12 19:02:43,447.0
0.5330,16.9710,0.49,97.1340,2.0050,2025-08-12 19:02:43,447.0
0.5440,17.0020,0.4410,97.0770,2.0620,2025-08-12 19:02:43,447.0
0.5310,17.0680,0.4170,97.0930,1.94,2025-08-12 19:02:43,447.0
0.5140,16.93,0.4520,96.8090,1.8290,2025-08-12 19:02:43,447.0
0.5210,17.0240,0.4230,96.8740,1.9560,2025-08-12 19:02:43,447.0
0.5410,17.0050,0.3810,96.9070,2.0260,2025-08-12 19:02:43,447.0
0.5390,16.9520,0.4970,97.4480,1.9850,2025-08-12 19:02:43,447.0
0.5270,16.98,0.4550,96.8450,1.9150,2025-08-12 19:02:43,447.0
0.5160,17.0020,0.4310,97.2090,1.8670,2025-08-12 19:02:43,447.0
0.5060,16.9990,0.5110,96.7740,1.93,2025-08-12 19:02:43,447.0
0.5150,17.0090,0.4130,96.8990,1.8290,2025-08-12 19:02:43,447.0
0.5120,16.9520,0.4520,97.0870,1.8850,2025-08-12 19:02:43,447.0
0.5280,17.0090,0.4690,96.8450,1.9830,2025-08-12 19:02:43,447.0
0.5430,16.98,0.4830,96.8050,2.0510,2025-08-12 19:02:43,447.0
0.5050,16.9360,0.3990,96.9880,2.0510,2025-08-12 19:02:43,447.0
0.5110,16.9770,0.5530,96.8040,1.8450,2025-08-12 19:12:44,448.0
0.5190,16.9610,0.6160,96.9710,1.9230,2025-08-12 19:12:44,448.0
0.5290,16.9650,0.5390,96.7790,1.9640,2025-08-12 19:12:44,448.0
0.5150,16.9830,0.7040,97.2990,1.8990,2025-08-12 19:12:44,448.0
0.5410,16.9770,0.6830,96.9670,2.0550,2025-08-12 19:12:44,448.0
0.53,16.9610,0.4870,97.1520,1.9910,2025-08-12 19:12:44,448.0
0.5430,16.98,0.4830,97.1920,1.9580,2025-08-12 19:12:44,448.0
0.55,17.0490,0.3780,97.0790,2.1720,2025-08-12 19:12:44,448.0
0.5330,16.9050,0.49,97.31,2.0590,2025-08-12 19:12:44,448.0
0.5370,16.9680,0.3430,96.9510,1.9910,2025-08-12 19:12:44,448.0
0.5350,16.9870,0.4620,96.9970,1.9550,2025-08-12 19:12:44,448.0
0.5350,16.8730,0.5080,97.0230,1.9920,2025-08-12 19:12:44,448.0
0.5090,16.7980,0.55,96.6960,1.8450,2025-08-12 19:12:44,448.0
0.5260,16.9080,0.5040,97.1540,1.9860,2025-08-12 19:12:44,448.0
0.5160,16.9710,0.63,96.9250,1.8270,2025-08-12 19:12:44,448.0
0.54,16.9330,0.5770,97.1230,2.1050,2025-08-12 19:12:44,448.0
0.5220,16.9460,0.6790,96.9480,2.0090,2025-08-12 19:12:44,448.0
0.5440,17.0090,0.6510,96.7950,2.0960,2025-08-12 19:12:44,448.0
0.5290,16.9210,0.5910,96.7940,1.95,2025-08-12 19:12:44,448.0
0.5090,16.8770,0.6060,96.7540,1.8810,2025-08-12 19:12:44,448.0
0.5210,16.9490,0.6020,97.2120,1.9210,2025-08-12 21:17:46,449.0
0.5140,16.9080,0.5080,97.0430,1.8950,2025-08-12 21:17:46,449.0
0.5130,16.9330,0.5910,96.8730,1.9090,2025-08-12 21:17:46,449.0
0.5150,16.9490,0.55,96.9420,1.8750,2025-08-12 21:17:46,449.0
0.5090,16.9460,0.6090,96.8260,2.0170,2025-08-12 21:17:46,449.0
0.5410,16.9930,0.3640,97.1760,1.9440,2025-08-12 21:17:46,449.0
0.5330,16.9610,0.5250,97.0880,1.9520,2025-08-12 21:17:46,449.0
0.5390,17.0090,0.6440,97.2880,2.0790,2025-08-12 21:17:46,449.0
0.5230,16.93,0.4620,97.1460,2.0210,2025-08-12 21:17:46,449.0
0.5350,17.0120,0.55,97.2290,2.0340,2025-08-12 21:17:46,449.0
0.5150,16.8730,0.4410,97.2550,1.8760,2025-08-12 21:17:46,449.0
0.5260,16.9520,0.5210,96.9370,1.8870,2025-08-12 21:17:46,449.0
0.4840,17.0150,0.5990,96.8720,1.77,2025-08-12 21:17:46,449.0
0.5160,16.8920,0.5110,96.7820,2.0860,2025-08-12 21:17:46,449.0
0.5290,16.9610,0.4580,96.9090,2.0160,2025-08-12 21:17:46,449.0
0.5380,16.9710,0.4970,97.1010,2.0450,2025-08-12 21:17:46,449.0
0.5230,16.9770,0.4970,97.0670,1.8790,2025-08-12 21:17:46,449.0
0.53,16.9770,0.5390,97.1230,1.9840,2025-08-12 21:17:46,449.0
0.5130,16.9390,0.5350,96.8390,1.8330,2025-08-12 21:17:46,449.0
0.5220,16.8580,0.55,96.8290,1.93,2025-08-12 21:17:46,449.0
0.5460,17.0560,0.4410,96.9580,2.0070,2025-08-12 21:37:47,450.0
0.5370,16.9650,0.3960,96.8770,2.0950,2025-08-12 21:37:47,450.0
0.5110,16.9140,0.3610,97.0740,1.92,2025-08-12 21:37:47,450.0
0.5330,16.9550,0.4760,96.9260,2.0650,2025-08-12 21:37:47,450.0
0.5340,16.9870,0.5430,96.7690,1.8870,2025-08-12 21:37:47,450.0
0.5070,16.9710,0.4060,97.1770,1.8670,2025-08-12 21:37:47,450.0
0.5280,16.9680,0.5250,96.9580,1.9770,2025-08-12 21:37:47,450.0
0.5120,16.9990,0.4410,96.99,1.9030,2025-08-12 21:37:47,450.0
0.5360,16.9930,0.4970,97.0740,2.0240,2025-08-12 21:37:47,450.0
0.5420,17.0340,0.4450,96.8910,2.0810,2025-08-12 21:37:47,450.0
0.5210,17.0270,0.3330,97.2720,1.9030,2025-08-12 21:37:47,450.0
0.5220,16.9330,0.4170,97.0370,1.9390,2025-08-12 21:37:47,450.0
0.5490,16.9270,0.4860,96.7470,2.0060,2025-08-12 21:37:47,450.0
0.5150,16.9460,0.4410,96.9110,1.9210,2025-08-12 21:37:47,450.0
0.5130,16.9990,0.4270,96.9640,1.9080,2025-08-12 21:37:47,450.0
0.5450,17.0340,0.4790,96.7580,1.9810,2025-08-12 21:37:47,450.0
0.5110,16.98,0.3880,97.1060,1.7710,2025-08-12 21:37:47,450.0
0.5060,16.9580,0.50,97.4350,1.8890,2025-08-12 21:37:47,450.0
0.5220,17.0050,0.5080,97.0950,1.9390,2025-08-12 21:37:47,450.0
0.5250,17.0050,0.5390,96.8220,1.9870,2025-08-12 21:37:47,450.0
0.5440,17.0810,0.4690,97.1750,1.8970,2025-08-13 11:17:24,451.0
0.5480,16.9990,0.4130,96.8620,2.0540,2025-08-13 11:17:24,451.0
0.5310,16.9430,0.3920,97.1990,1.9290,2025-08-13 11:17:24,451.0
0.5280,16.9490,0.4580,96.9530,1.8490,2025-08-13 11:17:24,451.0
0.5280,16.98,0.4830,96.9390,1.91,2025-08-13 11:17:24,451.0
0.5030,16.9270,0.4410,96.8890,1.8070,2025-08-13 11:17:24,451.0
0.5040,16.9170,0.4270,96.7590,1.7940,2025-08-13 11:17:24,451.0
0.5280,16.8860,0.34,96.90,2.0640,2025-08-13 11:17:24,451.0
0.53,17.0370,0.6270,96.9010,1.9250,2025-08-13 11:17:24,451.0
0.5040,16.9170,0.4130,96.8440,1.8610,2025-08-13 11:17:24,451.0
0.5390,16.9430,0.3810,97.3340,1.9620,2025-08-13 11:17:24,451.0
0.5340,16.99,0.5710,96.9250,1.8440,2025-08-13 11:17:24,451.0
0.5210,16.9870,0.4310,97.31,1.8220,2025-08-13 11:17:24,451.0
0.5360,16.9960,0.4870,96.9760,1.9680,2025-08-13 11:17:24,451.0
0.5490,17.0270,0.5950,97.1910,1.9870,2025-08-13 11:17:24,451.0
0.5370,17.0750,0.5040,97.2480,1.9540,2025-08-13 11:17:24,451.0
0.5370,16.98,0.5180,97.1350,1.9780,2025-08-13 11:17:24,451.0
0.5410,16.9710,0.3920,96.9290,1.9880,2025-08-13 11:17:24,451.0
0.5240,16.9650,0.4730,96.8780,1.9860,2025-08-13 11:17:24,451.0
0.5460,16.93,0.3710,96.9550,2.0050,2025-08-13 11:17:24,451.0
0.5580,16.9990,0.41,96.8340,2.04,2025-08-13 11:27:24,452.0
0.5360,16.9110,0.4520,97.0530,1.9620,2025-08-13 11:27:24,452.0
0.5430,17.0680,0.5210,96.9620,2.0880,2025-08-13 11:27:24,452.0
0.5090,16.9460,0.4310,96.7720,1.8990,2025-08-13 11:27:24,452.0
0.5320,16.9330,0.5010,97.0760,2.0890,2025-08-13 11:27:24,452.0
0.5040,16.9110,0.4510,97.0960,1.9760,2025-08-13 11:27:24,452.0
0.5440,17.0490,0.4830,97.0550,2.0180,2025-08-13 11:27:24,452.0
0.5070,17.0120,0.4310,97.0860,1.9210,2025-08-13 11:27:24,452.0
0.5240,16.9960,0.4410,97.3680,1.9260,2025-08-13 11:27:24,452.0
0.5260,17.0810,0.4160,96.9510,1.9770,2025-08-13 11:27:24,452.0
0.5350,16.9490,0.4130,96.9840,1.9360,2025-08-13 11:27:24,452.0
0.5460,17.0240,0.3960,97.2140,2.0830,2025-08-13 11:27:24,452.0
0.5210,16.8920,0.3780,97.12,1.8380,2025-08-13 11:27:24,452.0
0.55,17.0930,0.3890,96.8250,2.0790,2025-08-13 11:27:24,452.0
0.5440,16.9460,0.5430,96.8270,1.9820,2025-08-13 11:27:24,452.0
0.5590,17.1030,0.4130,96.7930,2.1470,2025-08-13 11:27:24,452.0
0.54,16.9580,0.5180,97.0530,1.9980,2025-08-13 11:27:24,452.0
0.5290,16.9240,0.4760,96.9090,2.0470,2025-08-13 11:27:24,452.0
0.54,17.0270,0.5150,96.9660,2.0750,2025-08-13 11:27:24,452.0
0.5230,16.9990,0.5320,97.0740,1.9820,2025-08-13 11:27:24,452.0
0.5470,16.9390,0.4580,97.21,2.1630,2025-08-13 12:52:27,453.0
0.5350,16.9680,0.5040,96.8750,1.9640,2025-08-13 12:52:27,453.0
0.56,17.0530,0.5290,96.9560,2.1390,2025-08-13 12:52:27,453.0
0.5190,16.9610,0.4760,97.0770,2.0420,2025-08-13 12:52:27,453.0
0.5570,17.1310,0.4730,96.8450,1.9870,2025-08-13 12:52:27,453.0
0.5470,17.0090,0.5390,97.1280,2.0080,2025-08-13 12:52:27,453.0
0.52,16.8860,0.5150,97.16,1.9710,2025-08-13 12:52:27,453.0
0.51,16.9430,0.4440,97.0560,1.8160,2025-08-13 12:52:27,453.0
0.53,16.8390,0.4060,97.0790,1.9680,2025-08-13 12:52:27,453.0
0.5350,16.9490,0.3990,97.1630,2.0680,2025-08-13 12:52:27,453.0
0.5360,16.9490,0.5010,96.8130,2.1240,2025-08-13 12:52:27,453.0
0.5340,16.9210,0.4940,97.1470,2.0940,2025-08-13 12:52:27,453.0
0.5460,16.9460,0.5180,97.1910,2.0630,2025-08-13 12:52:27,453.0
0.5350,16.9520,0.43,97.0330,2.04,2025-08-13 12:52:27,453.0
0.54,16.9550,0.4310,96.9080,2.0390,2025-08-13 12:52:27,453.0
0.5110,16.8770,0.5770,97.2310,1.9110,2025-08-13 12:52:27,453.0
0.5050,16.9550,0.5280,97.1640,1.9420,2025-08-13 12:52:27,453.0
0.4930,16.9020,0.4230,97.1760,1.9250,2025-08-13 12:52:27,453.0
0.5040,16.9210,0.5880,97.1520,1.8980,2025-08-13 12:52:27,453.0
0.5450,16.9550,0.5350,97.21,2.0510,2025-08-13 12:52:27,453.0
0.5310,17.0370,0.55,96.77,1.8460,2025-08-13 13:02:27,454.0
0.5490,16.9520,0.6020,96.7720,2.0610,2025-08-13 13:02:27,454.0
0.52,17.0090,0.5420,96.8510,1.9280,2025-08-13 13:02:27,454.0
0.5320,17.0090,0.7910,96.7690,2.0210,2025-08-13 13:02:27,454.0
0.5390,17.0150,0.4830,97.17,1.9950,2025-08-13 13:02:27,454.0
0.5260,16.9870,0.4380,97.1610,1.8410,2025-08-13 13:02:27,454.0
0.5310,17.0340,0.5640,96.8840,1.9530,2025-08-13 13:02:27,454.0
0.5450,17.0120,0.5040,97.1510,2.0220,2025-08-13 13:02:27,454.0
0.5480,17.04,0.5180,97.2130,1.9440,2025-08-13 13:02:27,454.0
0.5080,16.9270,0.5460,96.9310,1.8570,2025-08-13 13:02:27,454.0
0.5120,16.8730,0.63,96.9960,1.7670,2025-08-13 13:02:27,454.0
0.54,16.93,0.5460,96.8450,1.9540,2025-08-13 13:02:27,454.0
0.5370,17.0020,0.63,96.9390,2.0770,2025-08-13 13:02:27,454.0
0.5350,16.9830,0.5530,96.9310,1.9010,2025-08-13 13:02:27,454.0
0.5250,17.0020,0.6330,96.8380,1.8420,2025-08-13 13:02:27,454.0
0.5220,16.9770,0.4380,97.1620,1.8790,2025-08-13 13:02:27,454.0
0.5240,16.9610,0.7180,97.2660,1.9170,2025-08-13 13:02:27,454.0
0.5280,16.8640,0.3530,97.3280,1.9690,2025-08-13 13:02:27,454.0
0.5290,16.9960,0.6060,96.9350,1.9440,2025-08-13 13:02:27,454.0
0.5290,17.0370,0.55,96.9720,2.0490,2025-08-13 13:02:27,454.0
0.5410,17.0090,0.5430,96.7520,1.8780,2025-08-13 18:37:37,455.0
0.5340,17.0370,0.4380,97.02,1.9760,2025-08-13 18:37:37,455.0
0.5180,17.0090,0.49,97.2610,1.9420,2025-08-13 18:37:37,455.0
0.5070,16.88,0.35,97.3070,1.9050,2025-08-13 18:37:37,455.0
0.5320,16.9930,0.4970,97.0030,2.1180,2025-08-13 18:37:37,455.0
0.5260,17.0240,0.3250,96.9370,1.9480,2025-08-13 18:37:37,455.0
0.5270,16.9610,0.42,97.1340,1.9910,2025-08-13 18:37:37,455.0
0.5310,17.0650,0.49,97.0310,1.8490,2025-08-13 18:37:37,455.0
0.5380,17.0810,0.5430,97.1190,1.8760,2025-08-13 18:37:37,455.0
0.5370,17.0050,0.4410,96.8580,1.9590,2025-08-13 18:37:37,455.0
0.5360,17.0210,0.4270,97.0120,1.9240,2025-08-13 18:37:37,455.0
0.5320,16.9960,0.4620,97.02,1.8950,2025-08-13 18:37:37,455.0
0.5460,16.9870,0.5150,97.2690,1.8640,2025-08-13 18:37:37,455.0
0.5350,16.9520,0.4060,96.8270,1.9690,2025-08-13 18:37:37,455.0
0.5230,16.9710,0.6970,96.8620,1.8550,2025-08-13 18:37:37,455.0
0.5210,16.9520,0.4130,97.2270,1.8410,2025-08-13 18:37:37,455.0
0.5180,16.93,0.4060,97.0930,1.8710,2025-08-13 18:37:37,455.0
0.53,17.0370,0.41,97.1850,1.7730,2025-08-13 18:37:37,455.0
0.5120,17.0050,0.41,97.1920,1.8880,2025-08-13 18:37:37,455.0
0.5320,16.9990,0.34,96.9960,1.9930,2025-08-13 18:37:37,455.0
0.5310,16.98,0.6760,97.0510,1.9320,2025-08-13 18:42:38,456.0
0.5120,16.9460,0.6510,96.8760,1.8380,2025-08-13 18:42:38,456.0
0.5330,16.99,0.2940,97.1280,2.0040,2025-08-13 18:42:38,456.0
0.5310,16.9580,0.5430,96.8690,1.8020,2025-08-13 18:42:38,456.0
0.5520,16.99,0.5430,97.1680,2.16,2025-08-13 18:42:38,456.0
0.54,16.9990,0.6650,96.9790,2.1360,2025-08-13 18:42:38,456.0
0.5290,16.93,0.4790,96.9560,1.96,2025-08-13 18:42:38,456.0
0.5210,17.0310,0.4830,96.8430,2.01,2025-08-13 18:42:38,456.0
0.5410,17.0750,0.6370,97.03,1.9560,2025-08-13 18:42:38,456.0
0.5340,16.9610,0.4340,97.0920,1.95,2025-08-13 18:42:38,456.0
0.5210,16.9580,0.4730,97.0370,1.98,2025-08-13 18:42:38,456.0
0.5350,17.0050,0.6230,97.04,1.9730,2025-08-13 18:42:38,456.0
0.5230,16.9870,0.6440,97.1250,1.9750,2025-08-13 18:42:38,456.0
0.5280,17.0020,0.3850,96.9220,1.9240,2025-08-13 18:42:38,456.0
0.5330,16.9990,0.4620,97.0250,1.9180,2025-08-13 18:42:38,456.0
0.5190,16.9990,0.3460,97.4070,1.8590,2025-08-13 18:42:38,456.0
0.5430,16.9960,0.6480,96.8810,2.1110,2025-08-13 18:42:38,456.0
0.5220,17.0340,0.4550,96.8060,1.9250,2025-08-13 18:42:38,456.0
0.5250,16.9170,0.3470,96.7610,1.8790,2025-08-13 18:42:38,456.0
0.52,16.9390,0.5070,96.8260,1.9480,2025-08-13 18:42:38,456.0
0.5190,17.0050,0.5710,97.0360,1.9070,2025-08-13 21:27:41,457.0
0.5410,17.0560,0.5810,96.9910,1.9030,2025-08-13 21:27:41,457.0
0.4970,16.8990,0.5850,97.24,1.8090,2025-08-13 21:27:41,457.0
0.5350,16.9210,0.4830,97.0180,2.0460,2025-08-13 21:27:41,457.0
0.5530,17.0340,0.6270,97.12,2.2050,2025-08-13 21:27:41,457.0
0.5260,16.99,0.5710,96.8840,1.8860,2025-08-13 21:27:41,457.0
0.53,17.0180,0.5850,96.7790,1.9810,2025-08-13 21:27:41,457.0
0.5370,17.0180,0.4480,97.0350,2.0050,2025-08-13 21:27:41,457.0
0.55,16.9960,0.4240,97.3580,2.18,2025-08-13 21:27:41,457.0
0.5290,16.9740,0.3810,97.0160,1.9950,2025-08-13 21:27:41,457.0
0.5450,16.9870,0.5640,97.1810,2.0250,2025-08-13 21:27:41,457.0
0.5550,16.9650,0.5250,97.0660,2.0590,2025-08-13 21:27:41,457.0
0.5430,16.93,0.4550,97.23,2.0380,2025-08-13 21:27:41,457.0
0.54,17.0120,0.5640,96.80,2.0310,2025-08-13 21:27:41,457.0
0.5450,16.9430,0.4170,97.3110,2.0230,2025-08-13 21:27:41,457.0
0.5360,16.9460,0.4860,97.0870,2.0260,2025-08-13 21:27:41,457.0
0.5290,17.0750,0.4730,96.8530,1.9520,2025-08-13 21:27:41,457.0
0.54,16.9990,0.4520,96.7670,1.9340,2025-08-13 21:27:41,457.0
0.5270,16.8140,0.55,97.08,1.9410,2025-08-13 21:27:41,457.0
0.5190,16.8610,0.6330,97.2890,2.0110,2025-08-13 21:27:41,457.0
0.56,17.0930,0.4510,96.8750,2.0010,2025-08-13 21:37:42,458.0
0.5260,16.9930,0.3780,96.9690,2.0020,2025-08-13 21:37:42,458.0
0.5130,16.98,0.4170,96.84,1.9630,2025-08-13 21:37:42,458.0
0.5170,17.0240,0.3890,97.0130,1.9040,2025-08-13 21:37:42,458.0
0.53,17.0490,0.4450,96.9880,2.1160,2025-08-13 21:37:42,458.0
0.5530,16.88,0.5350,96.87,2.06,2025-08-13 21:37:42,458.0
0.5370,16.9610,0.4060,96.8450,2.0930,2025-08-13 21:37:42,458.0
0.5470,17.0210,0.4130,96.9460,2.1550,2025-08-13 21:37:42,458.0
0.5130,16.9740,0.4340,96.8030,1.9070,2025-08-13 21:37:42,458.0
0.5130,17.0590,0.4020,96.7840,1.93,2025-08-13 21:37:42,458.0
0.5360,17.04,0.50,96.8760,2.0150,2025-08-13 21:37:42,458.0
0.5020,16.8450,0.4620,96.8980,1.8940,2025-08-13 21:37:42,458.0
0.5230,17.0120,0.35,97.1460,1.9630,2025-08-13 21:37:42,458.0
0.5240,16.9550,0.5210,96.7210,1.9310,2025-08-13 21:37:42,458.0
0.5290,17.0370,0.3430,96.87,1.9080,2025-08-13 21:37:42,458.0
0.5050,17.0310,0.4090,97.0960,1.8010,2025-08-13 21:37:42,458.0
0.5060,16.9610,0.4580,96.7730,1.8340,2025-08-13 21:37:42,458.0
0.5260,16.9710,0.3920,96.9920,2.0030,2025-08-13 21:37:42,458.0
0.50,16.9430,0.3990,97.0760,1.7140,2025-08-13 21:37:42,458.0
0.5070,16.9080,0.4230,96.9130,1.8490,2025-08-13 21:37:42,458.0
0.5120,16.9240,0.7070,97.1810,1.8720,2025-08-14 11:18:01,459.0
0.5270,16.9610,0.4170,97.1070,1.9940,2025-08-14 11:18:01,459.0
0.5070,17.0490,0.49,96.8160,1.8840,2025-08-14 11:18:01,459.0
0.5460,17.04,0.4760,97.0230,1.9880,2025-08-14 11:18:01,459.0
0.5210,16.9770,0.5810,97,1.7640,2025-08-14 11:18:01,459.0
0.5350,16.9990,0.63,96.98,1.9040,2025-08-14 11:18:01,459.0
0.5250,16.9610,0.4060,97.1510,2.0650,2025-08-14 11:18:01,459.0
0.56,17.0530,0.3290,96.9030,2.0780,2025-08-14 11:18:01,459.0
0.5110,16.9710,0.50,97.1150,1.8820,2025-08-14 11:18:01,459.0
0.5270,16.9020,0.3110,97.0260,2.0030,2025-08-14 11:18:01,459.0
0.50,16.8920,0.5040,96.9940,1.8890,2025-08-14 11:18:01,459.0
0.4990,17.0270,0.4440,97.0790,1.8110,2025-08-14 11:18:01,459.0
0.5170,16.9990,0.3750,96.7830,1.7790,2025-08-14 11:18:01,459.0
0.5410,16.9550,0.5460,96.8580,1.9910,2025-08-14 11:18:01,459.0
0.5240,17.0020,0.5350,96.8040,1.95,2025-08-14 11:18:01,459.0
0.5210,16.9990,0.56,96.8320,1.9660,2025-08-14 11:18:01,459.0
0.5410,16.8890,0.5640,97.1410,2.0340,2025-08-14 11:18:01,459.0
0.5410,16.9240,0.7950,96.7820,1.9410,2025-08-14 11:18:01,459.0
0.5250,16.9270,0.35,96.8990,1.9550,2025-08-14 11:18:01,459.0
0.5010,17.0430,0.9940,97.2520,1.7640,2025-08-14 11:18:01,459.0
0.5160,16.9460,0.4380,97.1790,2.0390,2025-08-14 13:08:03,460.0
0.5280,17.04,0.4020,96.9630,1.9440,2025-08-14 13:08:03,460.0
0.5280,16.9990,0.5880,97.2170,1.9360,2025-08-14 13:08:03,460.0
0.5390,17.0310,0.4380,96.87,2.0120,2025-08-14 13:08:03,460.0
0.5220,17.0240,0.5110,97.0130,1.9440,2025-08-14 13:08:03,460.0
0.5260,17.0490,0.4450,96.9950,1.9550,2025-08-14 13:08:03,460.0
0.5140,16.9430,0.4790,96.9060,2.0260,2025-08-14 13:08:03,460.0
0.5440,17.0370,0.4690,97.1670,1.9070,2025-08-14 13:08:03,460.0
0.5230,16.9580,0.4090,96.8170,1.9960,2025-08-14 13:08:03,460.0
0.5570,17.0810,0.4130,97.1060,2.0790,2025-08-14 13:08:03,460.0
0.5160,16.9990,0.4030,97.1110,1.8990,2025-08-14 13:08:03,460.0
0.5250,17.0430,0.4580,96.8630,1.9710,2025-08-14 13:08:03,460.0
0.5270,17.0120,0.6410,97.2870,1.9690,2025-08-14 13:08:03,460.0
0.5130,16.9680,0.3640,97.0290,1.9840,2025-08-14 13:08:03,460.0
0.5320,16.9930,0.3220,97.01,1.9720,2025-08-14 13:08:03,460.0
0.5340,17.0460,0.4060,97.0230,2.0470,2025-08-14 13:08:03,460.0
0.5430,17.0370,0.3670,96.98,2.0220,2025-08-14 13:08:03,460.0
0.5250,16.9990,0.4160,96.9780,1.8880,2025-08-14 13:08:03,460.0
0.51,16.9710,0.3290,97.2450,1.8490,2025-08-14 13:08:03,460.0
0.5240,17.0050,0.4380,97.0870,1.8770,2025-08-14 13:08:03,460.0
0.51,16.9580,0.42,97.1520,1.7990,2025-08-14 21:26:33,461.0
0.5360,16.9080,0.4270,97.2320,1.9830,2025-08-14 21:26:33,461.0
0.5080,16.9650,0.3960,97.1460,1.8730,2025-08-14 21:26:33,461.0
0.5310,16.9610,0.4440,97.2810,1.9460,2025-08-14 21:26:33,461.0
0.52,16.88,0.3250,97.0140,1.7370,2025-08-14 21:26:33,461.0
0.5290,16.98,0.5180,97.2210,1.8460,2025-08-14 21:26:33,461.0
0.5270,17.0560,0.5320,96.8020,1.93,2025-08-14 21:26:33,461.0
0.5250,17.09,0.4340,97.0940,1.9190,2025-08-14 21:26:33,461.0
0.5270,17.0090,0.3740,97.0740,1.9440,2025-08-14 21:26:33,461.0
0.5430,16.98,0.3960,97.0190,2.0520,2025-08-14 21:26:33,461.0
0.5180,17.0120,0.4380,96.8310,1.9190,2025-08-14 21:26:33,461.0
0.5360,17.0460,0.5210,97.26,1.7330,2025-08-14 21:26:33,461.0
0.5220,17.1190,0.4380,96.9670,2.02,2025-08-14 21:26:33,461.0
0.53,16.87,0.50,97.26,1.8760,2025-08-14 21:26:33,461.0
0.5440,16.98,0.4230,96.8130,2.04,2025-08-14 21:26:33,461.0
0.5090,16.9520,0.56,97.2090,1.7450,2025-08-14 21:26:33,461.0
0.52,16.9140,0.4340,96.7370,1.8550,2025-08-14 21:26:33,461.0
0.5060,16.9360,0.4270,96.99,1.8040,2025-08-14 21:26:33,461.0
0.5070,16.99,0.4230,96.6940,1.9310,2025-08-14 21:26:33,461.0
0.5050,16.9050,0.5040,97.25,1.9530,2025-08-14 21:26:33,461.0
0.5360,17.0270,0.4550,96.8510,2.0860,2025-08-15 11:22:15,462.0
0.54,16.9580,0.4760,97.0230,2.0010,2025-08-15 11:22:15,462.0
0.5210,16.8890,0.3710,97.1820,1.9740,2025-08-15 11:22:15,462.0
0.5180,16.87,0.3740,97.2930,1.9550,2025-08-15 11:22:15,462.0
0.5160,16.8670,0.3890,97.1240,1.9830,2025-08-15 11:22:15,462.0
0.5280,16.9930,0.4940,97.0210,1.9620,2025-08-15 11:22:15,462.0
0.5320,16.9140,0.5460,96.8530,1.9470,2025-08-15 11:22:15,462.0
0.5450,16.9990,0.4730,96.8310,2.0260,2025-08-15 11:22:15,462.0
0.5230,16.9360,0.5710,96.8020,2.0410,2025-08-15 11:22:15,462.0
0.5110,16.9870,0.4480,97.1010,1.9010,2025-08-15 11:22:15,462.0
0.5310,16.9210,0.5180,96.8880,1.9220,2025-08-15 11:22:15,462.0
0.53,16.9650,0.4620,96.75,1.9640,2025-08-15 11:22:15,462.0
0.5410,16.9930,0.4690,96.7990,2.0270,2025-08-15 11:22:15,462.0
0.5440,16.9430,0.4380,97.0510,1.9520,2025-08-15 11:22:15,462.0
0.52,16.9460,0.4170,97.0430,1.9370,2025-08-15 11:22:15,462.0
0.5310,16.98,0.5280,96.9570,1.9460,2025-08-15 11:22:15,462.0
0.5130,16.9240,0.4730,97.1520,1.9510,2025-08-15 11:22:15,462.0
0.5320,16.8730,0.4730,96.9380,2.0230,2025-08-15 11:22:15,462.0
0.5480,17.0020,0.4660,96.9220,2.0670,2025-08-15 11:22:15,462.0
0.5240,16.9550,0.5150,96.8330,1.99,2025-08-15 11:22:15,462.0
0.5480,16.99,0.5220,96.9790,2.0740,2025-08-15 13:17:18,463.0
0.5380,16.9680,0.4760,96.8070,2.0260,2025-08-15 13:17:18,463.0
0.5170,16.9460,0.3320,97.2780,2.0150,2025-08-15 13:17:18,463.0
0.5320,16.9460,0.4760,97.2420,2.0210,2025-08-15 13:17:18,463.0
0.5410,16.9490,0.6540,97.1240,2.0350,2025-08-15 13:17:18,463.0
0.5460,16.9870,0.4270,96.9990,1.9370,2025-08-15 13:17:18,463.0
0.5290,16.9020,0.4170,97.1650,2.0120,2025-08-15 13:17:18,463.0
0.5110,16.9710,0.4380,97.1460,1.7970,2025-08-15 13:17:18,463.0
0.51,16.9460,0.4130,97.0410,1.7470,2025-08-15 13:17:18,463.0
0.5440,17.0180,0.4580,97.02,2.0080,2025-08-15 13:17:18,463.0
0.5370,17.0120,0.4340,96.8480,2.01,2025-08-15 13:17:18,463.0
0.5280,16.9170,0.3850,97.3490,1.9450,2025-08-15 13:17:18,463.0
0.5620,17.1150,0.3080,96.8410,2.11,2025-08-15 13:17:18,463.0
0.5440,16.9270,0.50,96.8770,2.0360,2025-08-15 13:17:18,463.0
0.5260,16.9210,0.5710,96.8580,1.9770,2025-08-15 13:17:18,463.0
0.5230,16.9580,0.5320,97.1240,1.9550,2025-08-15 13:17:18,463.0
0.5070,16.9610,0.4410,97.0440,2.0190,2025-08-15 13:17:18,463.0
0.5290,16.9080,0.4380,97.0320,1.9060,2025-08-15 13:17:18,463.0
0.5310,16.8420,0.5110,97.1470,2.1350,2025-08-15 13:17:18,463.0
0.5210,16.87,0.5740,96.8520,1.9760,2025-08-15 13:17:18,463.0
0.5280,17.0120,0.5040,97.0440,1.9780,2025-08-15 19:02:27,464.0
0.5340,17.0020,0.42,97.1410,2.0960,2025-08-15 19:02:27,464.0
0.5310,16.9520,0.5220,97.1050,2.0280,2025-08-15 19:02:27,464.0
0.5360,17.0270,0.4310,97.1260,1.9590,2025-08-15 19:02:27,464.0
0.5210,16.9390,0.3850,97.16,2.0490,2025-08-15 19:02:27,464.0
0.5160,16.8830,0.42,97.0040,2.0660,2025-08-15 19:02:27,464.0
0.5290,16.9680,0.4410,96.9860,2.0080,2025-08-15 19:02:27,464.0
0.5350,16.9830,0.3750,97.1120,2.0310,2025-08-15 19:02:27,464.0
0.5190,16.9930,0.3950,97.0630,1.9570,2025-08-15 19:02:27,464.0
0.5380,17.0120,0.4940,96.8470,2.0910,2025-08-15 19:02:27,464.0
0.5380,17.0310,0.3430,96.9760,2.0030,2025-08-15 19:02:27,464.0
0.5240,16.9680,0.3750,96.9150,1.9560,2025-08-15 19:02:27,464.0
0.5250,16.9210,0.4620,97.1520,2.0920,2025-08-15 19:02:27,464.0
0.5250,16.9020,0.4380,96.8890,1.9840,2025-08-15 19:02:27,464.0
0.5270,16.9550,0.4660,97.2010,2.1370,2025-08-15 19:02:27,464.0
0.53,16.9550,0.5320,97.2530,2.1120,2025-08-15 19:02:27,464.0
0.5410,16.8920,0.3710,97.1290,2.06,2025-08-15 19:02:27,464.0
0.5290,17.0120,0.4480,97.2850,2.03,2025-08-15 19:02:27,464.0
0.5290,16.8990,0.4090,96.7850,1.9130,2025-08-15 19:02:27,464.0
0.5310,16.9580,0.4230,96.8560,1.9850,2025-08-15 19:02:27,464.0
0.5420,17.0750,0.4450,96.9810,1.9990,2025-08-15 21:17:31,465.0
0.5240,16.9460,0.4340,96.9090,1.9350,2025-08-15 21:17:31,465.0
0.5170,16.8860,0.5350,97.1720,1.9790,2025-08-15 21:17:31,465.0
0.5450,17.0050,0.3680,97.1490,2.1130,2025-08-15 21:17:31,465.0
0.5310,16.9930,0.3960,97.1350,2.03,2025-08-15 21:17:31,465.0
0.5340,17.0020,0.3570,96.9660,2.03,2025-08-15 21:17:31,465.0
0.5070,16.9020,0.4550,96.8870,1.8880,2025-08-15 21:17:31,465.0
0.53,17.0240,0.3360,96.8160,1.9250,2025-08-15 21:17:31,465.0
0.52,16.9990,0.4520,96.9730,1.8260,2025-08-15 21:17:31,465.0
0.5440,17.1030,0.4090,96.7550,1.9360,2025-08-15 21:17:31,465.0
0.5470,17.0090,0.35,96.9240,2.0650,2025-08-15 21:17:31,465.0
0.5340,17.04,0.5110,96.9070,1.9820,2025-08-15 21:17:31,465.0
0.5190,16.9740,0.3080,97.04,2.0160,2025-08-15 21:17:31,465.0
0.5370,16.9770,0.4440,96.8460,2,2025-08-15 21:17:31,465.0
0.53,16.9110,0.35,97.2920,1.9910,2025-08-15 21:17:31,465.0
0.5310,16.9550,0.4270,97.0980,2.0610,2025-08-15 21:17:31,465.0
0.5230,16.9430,0.3710,96.8550,1.9610,2025-08-15 21:17:31,465.0
0.5360,16.99,0.41,96.9150,2.0290,2025-08-15 21:17:31,465.0
0.5180,16.9930,0.4720,96.9030,1.9710,2025-08-15 21:17:31,465.0
0.5260,16.9960,0.4690,97.1960,1.9990,2025-08-15 21:17:31,465.0
0.54,16.8510,0.55,96.96,1.9840,2025-08-18 12:55:05,466.0
0.5140,16.9270,0.4060,97.1680,2.0250,2025-08-18 12:55:05,466.0
0.5370,16.9170,0.4410,96.8310,1.9950,2025-08-18 12:55:05,466.0
0.5310,16.8950,0.4020,96.94,2.0390,2025-08-18 12:55:05,466.0
0.5230,17.0150,0.4830,97.0190,2.0110,2025-08-18 12:55:05,466.0
0.5510,16.93,0.3150,96.8710,2.08,2025-08-18 12:55:05,466.0
0.5380,16.8860,0.5080,97.0880,2.0760,2025-08-18 12:55:05,466.0
0.5370,16.99,0.4480,96.88,2.0710,2025-08-18 12:55:05,466.0
0.5410,16.9490,0.4660,96.7390,2.1740,2025-08-18 12:55:05,466.0
0.5240,16.8920,0.3960,97.1310,1.9910,2025-08-18 12:55:05,466.0
0.5440,17.0180,0.5110,96.8450,2.0620,2025-08-18 12:55:05,466.0
0.5180,16.8950,0.3990,96.9290,2.0370,2025-08-18 12:55:05,466.0
0.5410,17.0050,0.3810,97.0380,2.0640,2025-08-18 12:55:05,466.0
0.5290,16.9460,0.4170,97.0010,2.0090,2025-08-18 12:55:05,466.0
0.5680,16.9610,0.4440,97.1630,2.1380,2025-08-18 12:55:05,466.0
0.5320,16.9580,0.4620,96.8670,2.0590,2025-08-18 12:55:05,466.0
0.5360,16.9430,0.3920,96.9490,1.9460,2025-08-18 12:55:05,466.0
0.5240,16.9140,0.5110,97.0580,2.0460,2025-08-18 12:55:05,466.0
0.5530,16.8920,0.4790,96.9550,2.1880,2025-08-18 12:55:05,466.0
0.5350,16.93,0.4830,97.0850,2.0210,2025-08-18 12:55:05,466.0
0.5330,17.0050,0.3710,96.9480,2.08,2025-08-18 13:00:06,467.0
0.5260,16.99,0.3360,97.3110,2.0830,2025-08-18 13:00:06,467.0
0.5330,16.9110,0.4650,97.0150,2.0410,2025-08-18 13:00:06,467.0
0.5390,17.0150,0.4410,96.8450,1.9450,2025-08-18 13:00:06,467.0
0.5180,16.93,0.3640,97.1250,1.9050,2025-08-18 13:00:06,467.0
0.5140,16.9740,0.49,96.9630,1.91,2025-08-18 13:00:06,467.0
0.5360,16.9990,0.4790,96.95,2.0850,2025-08-18 13:00:06,467.0
0.5290,17.0340,0.4550,96.8010,2.0880,2025-08-18 13:00:06,467.0
0.5250,17.0560,0.4550,97.16,2.0520,2025-08-18 13:00:06,467.0
0.5210,17.0530,0.5770,96.9740,1.9780,2025-08-18 13:00:06,467.0
0.5250,16.9430,0.3710,97.0940,1.9830,2025-08-18 13:00:06,467.0
0.53,17.0120,0.3330,97.24,2.0140,2025-08-18 13:00:06,467.0
0.5220,16.9490,0.5180,96.8790,1.7990,2025-08-18 13:00:06,467.0
0.5220,16.9550,0.4170,97.1710,1.8680,2025-08-18 13:00:06,467.0
0.5530,16.9650,0.3850,97.2230,2.1780,2025-08-18 13:00:06,467.0
0.5420,17.04,0.3810,96.8130,2.0190,2025-08-18 13:00:06,467.0
0.5240,17.0020,0.5110,96.8850,1.93,2025-08-18 13:00:06,467.0
0.5320,16.9520,0.3670,96.8430,2.0140,2025-08-18 13:00:06,467.0
0.5140,16.9830,0.4970,97.1080,1.9110,2025-08-18 13:00:06,467.0
0.5390,16.9870,0.3750,96.8930,2.0310,2025-08-18 13:00:06,467.0
0.5180,16.8730,0.4580,97.1570,1.80,2025-08-18 18:35:14,468.0
0.5340,17.0460,0.3960,96.8340,1.97,2025-08-18 18:35:14,468.0
0.5180,16.9360,0.3990,96.9610,2.0080,2025-08-18 18:35:14,468.0
0.55,17.1090,0.3750,97.0450,2.0640,2025-08-18 18:35:14,468.0
0.5020,16.9210,0.3530,97.0410,0.0220,2025-08-18 18:35:14,468.0
0.53,16.9960,0.4340,97.0490,2.0720,2025-08-18 18:35:14,468.0
0.5310,16.9610,0.4970,97.0610,2.0740,2025-08-18 18:35:14,468.0
0.5310,17.0370,0.5530,96.8230,2.0290,2025-08-18 18:35:14,468.0
0.5230,16.9740,0.4860,97.1380,2.0320,2025-08-18 18:35:14,468.0
0.5150,17.04,0.41,96.9490,1.9770,2025-08-18 18:35:14,468.0
0.5140,17.0150,0.4860,97.0820,2.04,2025-08-18 18:35:14,468.0
0.52,17.0020,0.4380,97.0830,1.9390,2025-08-18 18:35:14,468.0
0.5240,16.9110,0.5040,96.9930,1.9650,2025-08-18 18:35:14,468.0
0.5430,17.0620,0.43,96.8180,2.0590,2025-08-18 18:35:14,468.0
0.5240,16.9240,0.4620,97.0070,1.9190,2025-08-18 18:35:14,468.0
0.5370,17.0020,0.5210,97.0410,2.0950,2025-08-18 18:35:14,468.0
0.52,17.0270,0.4830,96.7260,1.8950,2025-08-18 18:35:14,468.0
0.5210,16.9650,0.3960,97.1860,1.9180,2025-08-18 18:35:14,468.0
0.5490,17.0150,0.4380,96.9760,2.1610,2025-08-18 18:35:14,468.0
0.5190,16.8830,0.3890,96.8280,1.9010,2025-08-18 18:35:14,468.0
0.5270,17.0590,0.5950,96.8680,2.0140,2025-08-18 21:20:22,469.0
0.5330,17.0590,0.4480,96.7650,2.0310,2025-08-18 21:20:22,469.0
0.5180,17.0460,0.3610,96.7630,1.8820,2025-08-18 21:20:22,469.0
0.5440,17.1150,0.4690,96.9350,2.0140,2025-08-18 21:20:22,469.0
0.5330,17.0020,0.4230,96.8050,1.9280,2025-08-18 21:20:22,469.0
0.53,16.9990,0.5320,97.1450,1.9920,2025-08-18 21:20:22,469.0
0.5320,16.9830,0.4170,96.9920,1.9820,2025-08-18 21:20:22,469.0
0.5310,17.0710,0.4270,97.0420,1.9950,2025-08-18 21:20:22,469.0
0.5520,17.0340,0.5460,96.6240,2.0610,2025-08-18 21:20:22,469.0
0.54,17.0680,0.4270,97.12,1.9450,2025-08-18 21:20:22,469.0
0.5560,16.9960,0.55,96.7530,2.02,2025-08-18 21:20:22,469.0
0.5460,17.1280,0.4510,96.7650,1.9920,2025-08-18 21:20:22,469.0
0.5240,17.0370,0.50,96.9970,1.9710,2025-08-18 21:20:22,469.0
0.5180,16.9990,0.4230,96.8420,1.9760,2025-08-18 21:20:22,469.0
0.5180,16.9580,0.5350,97.0690,2.01,2025-08-18 21:20:22,469.0
0.5230,17.0150,0.3470,96.71,1.9780,2025-08-18 21:20:22,469.0
0.5360,17.0240,0.43,96.7610,2.0490,2025-08-18 21:20:22,469.0
0.5230,17.0210,0.3880,97.0030,1.9870,2025-08-18 21:20:22,469.0
0.5240,16.9990,0.5350,96.9570,1.9860,2025-08-18 21:20:22,469.0
0.5620,17.0370,0.4620,96.7910,2.0580,2025-08-18 21:20:22,469.0
0.5140,16.9240,0.4270,97.3160,1.8730,2025-08-19 11:09:38,470.0
0.54,16.99,0.4340,96.8410,2.0980,2025-08-19 11:09:38,470.0
0.5210,16.9520,0.4690,97.0240,2.0020,2025-08-19 11:09:38,470.0
0.5170,16.8950,0.5180,97.1210,1.99,2025-08-19 11:09:38,470.0
0.5240,16.9360,0.3780,96.9070,1.8260,2025-08-19 11:09:38,470.0
0.5260,16.9680,0.4480,96.8550,1.9920,2025-08-19 11:09:38,470.0
0.5370,16.9140,0.49,97.09,1.9890,2025-08-19 11:09:38,470.0
0.5260,16.9460,0.41,97.0080,2.0090,2025-08-19 11:09:38,470.0
0.5640,16.9990,0.49,96.9390,2.1220,2025-08-19 11:09:38,470.0
0.5270,17.0150,0.3460,97.0750,1.8380,2025-08-19 11:09:38,470.0
0.5330,17.0430,0.4270,97.3110,1.9710,2025-08-19 11:09:38,470.0
0.5270,16.9430,0.5250,97.2070,1.8370,2025-08-19 11:09:38,470.0
0.5440,16.9020,0.3990,97.0330,2.1830,2025-08-19 11:09:38,470.0
0.5440,17.0090,0.3920,97.1360,1.9820,2025-08-19 11:09:38,470.0
0.5230,16.9650,0.4380,96.7490,2.0260,2025-08-19 11:09:38,470.0
0.53,16.9650,0.4410,96.8520,1.9560,2025-08-19 11:09:38,470.0
0.5540,16.9680,0.3810,96.7970,2.1410,2025-08-19 11:09:38,470.0
0.5570,17.0180,0.4580,96.8750,2.0920,2025-08-19 11:09:38,470.0
0.5330,17.0120,0.4380,96.8420,1.8470,2025-08-19 11:09:38,470.0
0.5270,17.0020,0.4060,96.8340,2.0130,2025-08-19 11:09:38,470.0
0.5430,16.9710,0.5320,97.1060,2.1420,2025-08-19 13:19:42,471.0
0.5350,16.9020,0.4830,96.9440,2.0570,2025-08-19 13:19:42,471.0
0.5370,16.9460,0.5150,97.2160,2.0690,2025-08-19 13:19:42,471.0
0.5390,16.9990,0.4230,96.9090,2.0130,2025-08-19 13:19:42,471.0
0.5250,16.8610,0.5290,97.1980,1.9520,2025-08-19 13:19:42,471.0
0.5180,16.87,0.49,96.9290,2.0240,2025-08-19 13:19:42,471.0
0.5340,16.9170,0.3960,97.0750,2.01,2025-08-19 13:19:42,471.0
0.5280,16.93,0.4270,97.0950,2.1050,2025-08-19 13:19:42,471.0
0.5320,17.0150,0.5770,96.9060,2,2025-08-19 13:19:42,471.0
0.5280,16.9680,0.4870,97.0290,2.0960,2025-08-19 13:19:42,471.0
0.5380,16.9710,0.4970,96.8950,2.0980,2025-08-19 13:19:42,471.0
0.5170,16.9210,0.5070,97.0110,1.9380,2025-08-19 13:19:42,471.0
0.5230,16.87,0.43,97.1080,1.8980,2025-08-19 13:19:42,471.0
0.5280,16.9930,0.4940,97.0560,1.9770,2025-08-19 13:19:42,471.0
0.5370,16.9430,0.49,97.2720,2.0850,2025-08-19 13:19:42,471.0
0.5140,16.9360,0.4380,96.7570,1.9550,2025-08-19 13:19:42,471.0
0.5270,17.0020,0.6120,96.8380,2.06,2025-08-19 13:19:42,471.0
0.5210,16.83,0.4020,96.88,2.0120,2025-08-19 13:19:42,471.0
0.5410,16.9110,0.3570,96.8760,2.0810,2025-08-19 13:19:42,471.0
0.5310,16.8890,0.5210,97.1260,1.9960,2025-08-19 13:19:42,471.0
0.5280,16.9990,0.4580,97.0470,2.0460,2025-08-19 19:14:52,472.0
0.5530,16.9610,0.4340,97.1280,2.2030,2025-08-19 19:14:52,472.0
0.5290,17.0150,0.3430,96.9960,1.9590,2025-08-19 19:14:52,472.0
0.5340,16.9930,0.4760,97.0180,2.1770,2025-08-19 19:14:52,472.0
0.52,17.0020,0.5950,97.1610,1.8930,2025-08-19 19:14:52,472.0
0.55,17.09,0.5320,96.7550,2.0410,2025-08-19 19:14:52,472.0
0.5160,16.8860,0.4380,96.98,1.9990,2025-08-19 19:14:52,472.0
0.5280,16.9240,0.3950,97.0090,2.0760,2025-08-19 19:14:52,472.0
0.5070,16.9770,0.4830,97.1250,1.9450,2025-08-19 19:14:52,472.0
0.53,16.9170,0.4160,97.3050,2.1320,2025-08-19 19:14:52,472.0
0.5130,17.0270,0.4620,96.8160,1.8520,2025-08-19 19:14:52,472.0
0.5290,17.0050,0.3820,96.9580,2.1140,2025-08-19 19:14:52,472.0
0.5210,16.9960,0.4760,96.75,2.1110,2025-08-19 19:14:52,472.0
0.5260,17.0870,0.50,97.0920,2.0210,2025-08-19 19:14:52,472.0
0.5160,17.0090,0.4310,97.1660,1.94,2025-08-19 19:14:52,472.0
0.5060,16.9430,0.42,96.9930,2.0520,2025-08-19 19:14:52,472.0
0.5390,16.9390,0.4480,96.8420,2.0760,2025-08-19 19:14:52,472.0
0.5430,16.98,0.4340,96.8490,2.0060,2025-08-19 19:14:52,472.0
0.5250,17.0710,0.3990,97.1390,1.9920,2025-08-19 19:14:52,472.0
0.5280,16.9460,0.4510,97.1450,2.0820,2025-08-19 19:14:52,472.0
0.5230,16.9240,0.35,97.1650,2.0750,2025-08-19 21:24:57,473.0
0.5460,16.98,0.4230,96.9750,2.1230,2025-08-19 21:24:57,473.0
0.5390,17.0310,0.5390,97.0270,2.0760,2025-08-19 21:24:57,473.0
0.5430,16.8990,0.4860,97.13,2.1280,2025-08-19 21:24:57,473.0
0.5390,16.9430,0.4550,96.91,1.9920,2025-08-19 21:24:57,473.0
0.5540,17.0210,0.3530,96.8560,2.0610,2025-08-19 21:24:57,473.0
0.5290,16.9050,0.42,97.0530,2.09,2025-08-19 21:24:57,473.0
0.5310,16.93,0.4550,97.1070,2.0690,2025-08-19 21:24:57,473.0
0.5320,17.0490,0.4690,96.8230,2.0090,2025-08-19 21:24:57,473.0
0.5260,16.9870,0.4970,97.0340,1.9650,2025-08-19 21:24:57,473.0
0.5560,16.9740,0.5110,97.0440,2.2310,2025-08-19 21:24:57,473.0
0.5210,16.9770,0.5350,96.7980,2.0670,2025-08-19 21:24:57,473.0
0.5230,16.9990,0.3810,96.8180,1.9870,2025-08-19 21:24:57,473.0
0.5220,16.9270,0.5110,96.9440,2.0210,2025-08-19 21:24:57,473.0
0.5280,17.0310,0.5250,97.0190,1.9520,2025-08-19 21:24:57,473.0
0.5310,16.9430,0.4480,97.0550,2.0030,2025-08-19 21:24:57,473.0
0.5420,16.9550,0.4790,97.0480,2.0490,2025-08-19 21:24:57,473.0
0.5370,16.9330,0.4930,97.1290,2.0190,2025-08-19 21:24:57,473.0
0.5110,16.9270,0.4380,97.0240,2,2025-08-19 21:24:57,473.0
0.5210,16.93,0.3320,97.0970,1.9150,2025-08-19 21:24:57,473.0
0.54,17.0590,0.5110,96.9150,2.0310,2025-08-20 10:59:55,474.0
0.53,16.9460,0.6120,96.9760,1.9270,2025-08-20 10:59:55,474.0
0.5030,16.9050,0.3990,97.2220,1.8360,2025-08-20 10:59:55,474.0
0.5420,17.0490,0.3460,96.84,2.0190,2025-08-20 10:59:55,474.0
0.5440,17.0490,0.2980,96.7620,2.1020,2025-08-20 10:59:55,474.0
0.5180,17.0270,0.4760,97.0410,2.0870,2025-08-20 10:59:55,474.0
0.5340,17.0750,0.3990,97.1650,2.0930,2025-08-20 10:59:55,474.0
0.5180,16.9330,0.4480,97.0330,2.0460,2025-08-20 10:59:55,474.0
0.5290,17.0150,0.4830,97.0380,1.8580,2025-08-20 10:59:55,474.0
0.5230,16.9430,0.3920,97.0220,1.9910,2025-08-20 10:59:55,474.0
0.5170,16.9870,0.41,97.0590,1.9940,2025-08-20 10:59:55,474.0
0.50,16.8390,0.3610,97.1220,1.9310,2025-08-20 10:59:55,474.0
0.5330,16.9870,0.3850,97.0790,2.0050,2025-08-20 10:59:55,474.0
0.5310,17.04,0.4440,97.05,1.9170,2025-08-20 10:59:55,474.0
0.5310,17.04,0.3780,97.0790,1.9690,2025-08-20 10:59:55,474.0
0.5290,17.0020,0.4310,97.1680,2.0020,2025-08-20 10:59:55,474.0
0.5470,17.0620,0.5150,97.2210,2.0170,2025-08-20 10:59:55,474.0
0.5240,17.0810,0.5110,97.19,1.9470,2025-08-20 10:59:55,474.0
0.5390,16.98,0.4940,96.9170,1.9910,2025-08-20 10:59:55,474.0
0.5140,17.0680,0.48,97.1050,1.8930,2025-08-20 10:59:55,474.0
0.5180,16.9870,0.5710,97.1070,1.9160,2025-08-20 12:54:57,475.0
0.5480,17.1850,0.4270,96.6880,2.0930,2025-08-20 12:54:57,475.0
0.5330,17.0370,0.4130,96.8970,1.8240,2025-08-20 12:54:57,475.0
0.5260,17.0810,0.4310,96.7680,1.8640,2025-08-20 12:54:57,475.0
0.5170,16.9710,0.6860,97.2480,1.8320,2025-08-20 12:54:57,475.0
0.5360,16.98,0.4440,96.9340,1.9480,2025-08-20 12:54:57,475.0
0.5470,17.04,0.4020,96.9780,1.9720,2025-08-20 12:54:57,475.0
0.5240,17.0430,0.4310,97.1180,1.8890,2025-08-20 12:54:57,475.0
0.5270,16.9460,0.4590,96.8150,2.06,2025-08-20 12:54:57,475.0
0.5560,17.0970,0.3150,96.9320,2.0760,2025-08-20 12:54:57,475.0
0.5510,17.0930,0.49,96.9050,2.0220,2025-08-20 12:54:57,475.0
0.5260,17.0370,0.34,97.0810,1.95,2025-08-20 12:54:57,475.0
0.5470,17.1090,0.5350,97.2810,2.0570,2025-08-20 12:54:57,475.0
0.5280,16.9680,0.3920,96.9640,1.9560,2025-08-20 12:54:57,475.0
0.5360,16.9960,0.5430,96.8660,2.0790,2025-08-20 12:54:57,475.0
0.5270,17.0050,0.4130,96.8230,1.9490,2025-08-20 12:54:57,475.0
0.5180,16.9650,0.5010,97.1250,1.92,2025-08-20 12:54:57,475.0
0.5150,17.0340,0.4380,97.0410,0.0150,2025-08-20 12:54:57,475.0
0.5380,16.9390,0.3780,97.1460,2.0940,2025-08-20 12:54:57,475.0
0.5130,16.8230,0.6620,97.0390,2.0030,2025-08-20 12:54:57,475.0
0.5330,17.0180,0.5150,96.8120,2.09,2025-08-20 19:15:06,476.0
0.53,17.0620,0.3670,96.9410,1.9390,2025-08-20 19:15:06,476.0
0.5340,17.0680,0.3850,96.8860,2.0570,2025-08-20 19:15:06,476.0
0.5180,16.9680,0.5290,97.0090,1.9110,2025-08-20 19:15:06,476.0
0.5520,17.0620,0.49,96.8040,2.1110,2025-08-20 19:15:06,476.0
0.5470,17.0050,0.4060,97.0520,2.0170,2025-08-20 19:15:06,476.0
0.5250,17.0090,0.3920,97.1310,2.0210,2025-08-20 19:15:06,476.0
0.5110,17.0370,0.4310,97.11,1.8960,2025-08-20 19:15:06,476.0
0.5180,17.0270,0.4170,96.8040,1.9170,2025-08-20 19:15:06,476.0
0.5080,16.9830,0.4760,97.18,1.8680,2025-08-20 19:15:06,476.0
0.5270,16.88,0.3640,96.8390,1.9960,2025-08-20 19:15:06,476.0
0.5320,17.0120,0.4760,96.7860,2.08,2025-08-20 19:15:06,476.0
0.54,17.0150,0.4340,97.0880,2.0280,2025-08-20 19:15:06,476.0
0.5160,16.9330,0.5250,97.0930,1.9680,2025-08-20 19:15:06,476.0
0.5330,17.0050,0.5670,96.9080,1.9790,2025-08-20 19:15:06,476.0
0.5250,16.9460,0.3610,96.9590,1.9750,2025-08-20 19:15:06,476.0
0.52,17.0240,0.4410,97.0070,1.9790,2025-08-20 19:15:06,476.0
0.5290,16.9610,0.4310,97.0640,2.0240,2025-08-20 19:15:06,476.0
0.5470,17.09,0.4970,96.85,2.1110,2025-08-20 19:15:06,476.0
0.5170,16.8950,0.5250,96.9590,2.0510,2025-08-20 19:15:06,476.0
0.5230,16.9520,0.4690,97.0520,1.9260,2025-08-20 21:35:10,477.0
0.5280,16.8890,0.4580,96.8770,2.0490,2025-08-20 21:35:10,477.0
0.5270,16.9080,0.4410,97.3420,1.85,2025-08-20 21:35:10,477.0
0.5010,16.9770,0.4340,97.28,1.8140,2025-08-20 21:35:10,477.0
0.5230,16.9770,0.3670,97.0070,1.9340,2025-08-20 21:35:10,477.0
0.5250,16.9610,0.5070,96.92,1.9650,2025-08-20 21:35:10,477.0
0.5340,16.9680,0.4830,97.0390,2.0490,2025-08-20 21:35:10,477.0
0.5210,17.0680,0.4520,97.1590,1.9830,2025-08-20 21:35:10,477.0
0.5330,16.8950,0.4380,96.9630,2.0030,2025-08-20 21:35:10,477.0
0.5160,16.9170,0.3710,97.1920,1.9380,2025-08-20 21:35:10,477.0
0.5430,17.0240,0.3740,96.8160,2.0850,2025-08-20 21:35:10,477.0
0.5220,16.8920,0.5670,96.7780,2.0710,2025-08-20 21:35:10,477.0
0.5350,17.0120,0.3540,97.2290,2.1920,2025-08-20 21:35:10,477.0
0.5160,16.9390,0.4380,97.0330,1.94,2025-08-20 21:35:10,477.0
0.5350,16.9680,0.4060,97.1470,2.04,2025-08-20 21:35:10,477.0
0.5240,16.8920,0.4760,97.0710,1.9410,2025-08-20 21:35:10,477.0
0.5280,16.9770,0.4690,96.9580,1.9460,2025-08-20 21:35:10,477.0
0.5280,16.99,0.3960,97.0160,2.1060,2025-08-20 21:35:10,477.0
0.5250,16.9990,0.4090,96.97,1.9210,2025-08-20 21:35:10,477.0
0.5130,16.9550,0.50,97.09,1.9470,2025-08-20 21:35:10,477.0
0.52,16.9490,0.5740,97.1750,2.0460,2025-08-21 11:19:26,478.0
0.5310,16.9330,0.34,97.1030,1.99,2025-08-21 11:19:26,478.0
0.5530,17.09,0.4380,96.86,2.0810,2025-08-21 11:19:26,478.0
0.51,16.9610,0.4380,96.8160,1.9610,2025-08-21 11:19:26,478.0
0.5330,17.0150,0.4480,96.8150,2.0990,2025-08-21 11:19:26,478.0
0.5510,17.0180,0.5710,96.7940,1.9710,2025-08-21 11:19:26,478.0
0.5310,16.9680,0.5220,96.7680,1.95,2025-08-21 11:19:26,478.0
0.5380,17.0650,0.5780,96.7340,2.0140,2025-08-21 11:19:26,478.0
0.5480,17.0430,0.3570,97.1120,2.1780,2025-08-21 11:19:26,478.0
0.5390,17.0090,0.3850,97.0990,2.1220,2025-08-21 11:19:26,478.0
0.5290,16.9210,0.5110,97.1420,2.0320,2025-08-21 11:19:26,478.0
0.5660,17.04,0.4730,96.9140,2.1040,2025-08-21 11:19:26,478.0
0.5260,16.9580,0.3810,97.0910,1.8950,2025-08-21 11:19:26,478.0
0.5270,17.04,0.5040,97.0830,2.0180,2025-08-21 11:19:26,478.0
0.5180,16.9430,0.5420,97.0930,2.0170,2025-08-21 11:19:26,478.0
0.5190,16.9330,0.5010,97.1230,1.9950,2025-08-21 11:19:26,478.0
0.5240,16.9710,0.3920,96.6740,2.06,2025-08-21 11:19:26,478.0
0.5350,16.9990,0.4940,97.2230,2.0050,2025-08-21 11:19:26,478.0
0.5390,16.9610,0.4730,96.7750,2.0090,2025-08-21 11:19:26,478.0
0.5510,16.99,0.4520,97.0080,2.0840,2025-08-21 11:19:26,478.0
0.5160,16.9550,0.3990,97.2540,1.8550,2025-08-21 13:39:31,479.0
0.5290,16.9610,0.4790,96.8680,1.9720,2025-08-21 13:39:31,479.0
0.5280,16.9680,0.4020,97.27,2.0140,2025-08-21 13:39:31,479.0
0.5480,16.9990,0.4380,96.9360,2.10,2025-08-21 13:39:31,479.0
0.5260,16.9140,0.5910,97.0120,1.9940,2025-08-21 13:39:31,479.0
0.5150,16.9710,0.4410,97.2210,2.03,2025-08-21 13:39:31,479.0
0.5250,16.9930,0.4520,96.8310,2.0250,2025-08-21 13:39:31,479.0
0.5320,16.9740,0.42,96.9260,1.9750,2025-08-21 13:39:31,479.0
0.5140,16.9770,0.4970,96.8210,2.0020,2025-08-21 13:39:31,479.0
0.5320,17.0650,0.4450,96.7070,2.0130,2025-08-21 13:39:31,479.0
0.52,16.9240,0.4440,97.0080,1.9430,2025-08-21 13:39:31,479.0
0.5370,17.0560,0.43,96.7860,1.9480,2025-08-21 13:39:31,479.0
0.5170,16.98,0.3570,97.0530,1.9290,2025-08-21 13:39:31,479.0
0.5250,17.0340,0.4620,97.0720,1.9920,2025-08-21 13:39:31,479.0
0.5250,17.0460,0.3750,96.9250,1.9690,2025-08-21 13:39:31,479.0
0.5250,16.9330,0.48,96.8850,1.9310,2025-08-21 13:39:31,479.0
0.5430,17.0750,0.3780,96.8150,2.0950,2025-08-21 13:39:31,479.0
0.5230,16.9830,0.3780,97.1610,2.0450,2025-08-21 13:39:31,479.0
0.5350,16.9710,0.5360,96.8360,2.06,2025-08-21 13:39:31,479.0
0.5150,16.8860,0.4550,97.0940,1.9390,2025-08-21 13:39:31,479.0
0.5140,16.9770,0.5180,96.8460,1.9280,2025-08-21 19:09:37,480.0
0.5150,17.0590,0.3290,97.0660,1.9340,2025-08-21 19:09:37,480.0
0.5330,16.9580,0.4480,97.17,2.1260,2025-08-21 19:09:37,480.0
0.5380,16.9650,0.42,97.0360,1.9390,2025-08-21 19:09:37,480.0
0.5070,16.9240,0.3150,96.9480,1.8970,2025-08-21 19:09:37,480.0
0.5350,17.0680,0.3920,96.8290,1.9930,2025-08-21 19:09:37,480.0
0.5340,17.0340,0.4310,97.1360,1.9270,2025-08-21 19:09:37,480.0
0.5150,17.0460,0.5290,96.9840,1.9130,2025-08-21 19:09:37,480.0
0.5140,16.8770,0.4620,96.9080,2.05,2025-08-21 19:09:37,480.0
0.5340,16.9680,0.5010,97.0620,2.0240,2025-08-21 19:09:37,480.0
0.5350,16.9210,0.4550,96.8840,1.9280,2025-08-21 19:09:37,480.0
0.5210,16.9550,0.5850,97.1030,1.9310,2025-08-21 19:09:37,480.0
0.5120,17.0490,0.4690,97.0920,1.9030,2025-08-21 19:09:37,480.0
0.5250,16.9080,0.35,96.8360,1.9810,2025-08-21 19:09:37,480.0
0.5470,17.0620,0.3050,96.8310,2.0680,2025-08-21 19:09:37,480.0
0.5160,17.0680,0.4940,96.8180,1.9480,2025-08-21 19:09:37,480.0
0.5160,17.0590,0.3640,96.6460,1.8810,2025-08-21 19:09:37,480.0
0.5240,17.0310,0.3810,96.7890,1.9120,2025-08-21 19:09:37,480.0
0.54,17.0020,0.4690,96.8060,2.0040,2025-08-21 19:09:37,480.0
0.5260,16.9870,0.3850,97.1930,2.0850,2025-08-21 19:09:37,480.0
0.5330,17.1220,0.4550,96.9360,1.9080,2025-08-21 21:24:41,481.0
0.55,17.0050,0.3430,96.8240,2.1970,2025-08-21 21:24:41,481.0
0.5320,17.0340,0.3890,97.0340,1.9630,2025-08-21 21:24:41,481.0
0.5320,16.9650,0.3570,96.9950,2.0010,2025-08-21 21:24:41,481.0
0.5460,16.9930,0.3990,96.8290,2.2220,2025-08-21 21:24:41,481.0
0.5440,17.0150,0.4760,96.93,2.1120,2025-08-21 21:24:41,481.0
0.5250,16.9710,0.2830,97.0350,1.8790,2025-08-21 21:24:41,481.0
0.5490,17.0340,0.4690,97.1180,2.0560,2025-08-21 21:24:41,481.0
0.5180,16.8950,0.3960,97.0790,1.9570,2025-08-21 21:24:41,481.0
0.5430,17.0490,0.5250,96.9480,2.0530,2025-08-21 21:24:41,481.0
0.5390,17.0090,0.4230,97.0340,2.0880,2025-08-21 21:24:41,481.0
0.5470,16.9360,0.4690,97.0480,2.1180,2025-08-21 21:24:41,481.0
0.5260,17.0310,0.55,97.0020,2.0040,2025-08-21 21:24:41,481.0
0.5410,16.9960,0.5110,96.9590,1.9850,2025-08-21 21:24:41,481.0
0.5290,17.0180,0.4440,96.7270,2.1520,2025-08-21 21:24:41,481.0
0.5390,17.0090,0.3640,96.9020,2.0340,2025-08-21 21:24:41,481.0
0.5360,17.0020,0.4580,97.15,2.1010,2025-08-21 21:24:41,481.0
0.5250,16.9460,0.3050,96.8230,1.9240,2025-08-21 21:24:41,481.0
0.5570,17.0750,0.4270,96.9420,2.1060,2025-08-21 21:24:41,481.0
0.54,17.0210,0.3110,97.0380,1.9860,2025-08-21 21:24:41,481.0
0.53,16.9990,0.35,97.0790,2.03,2025-08-22 11:24:41,482.0
0.5250,16.93,0.3710,96.9190,2.0580,2025-08-22 11:24:41,482.0
0.52,16.9830,0.3670,97.1360,1.9840,2025-08-22 11:24:41,482.0
0.5390,16.9990,0.2870,97.05,2.0370,2025-08-22 11:24:41,482.0
0.5240,17.0460,0.4060,97.1310,1.9750,2025-08-22 11:24:41,482.0
0.5320,16.9520,0.4450,97.0910,1.97,2025-08-22 11:24:41,482.0
0.5220,16.9610,0.3780,97.1060,1.8970,2025-08-22 11:24:41,482.0
0.53,17.0020,0.4130,97.3540,1.9270,2025-08-22 11:24:41,482.0
0.5240,16.9680,0.3920,97.0650,2.0370,2025-08-22 11:24:41,482.0
0.5150,16.9960,0.3640,97.1180,1.8880,2025-08-22 11:24:41,482.0
0.5140,17.0340,0.3780,96.8640,2.0390,2025-08-22 11:24:41,482.0
0.5110,16.9960,0.4690,96.8440,1.93,2025-08-22 11:24:41,482.0
0.5460,17.0680,0.4480,96.8150,2.0670,2025-08-22 11:24:41,482.0
0.5360,17.1060,0.4760,96.8160,1.8910,2025-08-22 11:24:41,482.0
0.5270,17.0180,0.3850,96.7890,2.0360,2025-08-22 11:24:41,482.0
0.5380,16.9390,0.4230,97.2630,2.07,2025-08-22 11:24:41,482.0
0.5310,16.9360,0.41,96.8150,1.9340,2025-08-22 11:24:41,482.0
0.5390,17.0270,0.42,96.83,1.9880,2025-08-22 11:24:41,482.0
0.5480,16.8920,0.4130,97.1730,2.0460,2025-08-22 11:24:41,482.0
0.5510,17.10,0.3960,96.7610,2.0170,2025-08-22 11:24:41,482.0
0.5350,17.0270,0.3430,97.0880,1.9210,2025-08-22 13:19:46,483.0
0.5540,16.9520,0.3880,96.9090,2.1620,2025-08-22 13:19:46,483.0
0.54,17.0870,0.5250,97.0480,1.9750,2025-08-22 13:19:46,483.0
0.5130,16.9210,0.4830,96.98,1.8810,2025-08-22 13:19:46,483.0
0.5410,17.0180,0.6680,96.7860,1.9670,2025-08-22 13:19:46,483.0
0.5360,17.0930,0.4760,96.7650,2.0730,2025-08-22 13:19:46,483.0
0.5440,16.9870,0.4380,96.8080,2.0920,2025-08-22 13:19:46,483.0
0.54,16.98,0.3640,97.0160,2.0460,2025-08-22 13:19:46,483.0
0.5490,17.0310,0.3740,96.8250,2.1230,2025-08-22 13:19:46,483.0
0.5190,16.8860,0.5180,97.0680,1.9430,2025-08-22 13:19:46,483.0
0.54,17.0490,0.3990,96.9790,1.96,2025-08-22 13:19:46,483.0
0.5270,17.0150,0.4410,96.8720,1.9990,2025-08-22 13:19:46,483.0
0.5220,16.9460,0.3640,97.1220,2.0570,2025-08-22 13:19:46,483.0
0.5330,16.9680,0.41,96.9610,2.0860,2025-08-22 13:19:46,483.0
0.5340,17.0150,0.3220,96.9860,1.9290,2025-08-22 13:19:46,483.0
0.5240,16.9830,0.4060,97.0640,1.9730,2025-08-22 13:19:46,483.0
0.5360,17.0020,0.4520,97.1120,1.9790,2025-08-22 13:19:46,483.0
0.5450,16.99,0.3670,96.8260,2.1050,2025-08-22 13:19:46,483.0
0.5330,17.0870,0.5320,96.8120,1.9360,2025-08-22 13:19:46,483.0
0.5240,16.9580,0.2940,96.6890,1.9410,2025-08-22 13:19:46,483.0
0.5640,17.0090,0.4970,96.8650,2.0840,2025-08-22 18:34:51,484.0
0.5290,16.9170,0.4230,97.0960,2.0070,2025-08-22 18:34:51,484.0
0.5340,16.9650,0.5220,96.8150,1.9790,2025-08-22 18:34:51,484.0
0.5190,16.9140,0.5180,97.1170,2.0440,2025-08-22 18:34:51,484.0
0.5310,17.0020,0.4520,96.7420,1.9560,2025-08-22 18:34:51,484.0
0.5380,17.0120,0.4690,96.68,2.0380,2025-08-22 18:34:51,484.0
0.5450,16.9770,0.5850,96.7760,2.0810,2025-08-22 18:34:51,484.0
0.53,17.0680,0.3920,96.8560,1.8950,2025-08-22 18:34:51,484.0
0.5430,16.8580,0.5770,97.3520,2.1760,2025-08-22 18:34:51,484.0
0.5350,17.0150,0.4730,97.02,2.0350,2025-08-22 18:34:51,484.0
0.5290,16.8950,0.5320,97.0390,1.9670,2025-08-22 18:34:51,484.0
0.5090,16.8990,0.4870,96.7550,1.8870,2025-08-22 18:34:51,484.0
0.5030,16.8920,0.4130,97.0270,1.8860,2025-08-22 18:34:51,484.0
0.5290,16.9020,0.4130,97.33,1.9530,2025-08-22 18:34:51,484.0
0.5290,16.9240,0.3850,96.9150,1.9680,2025-08-22 18:34:51,484.0
0.5240,16.9170,0.3470,97.1220,1.9110,2025-08-22 18:34:51,484.0
0.5430,17.0240,0.5560,96.9520,2.0930,2025-08-22 18:34:51,484.0
0.5340,16.9240,0.41,96.9810,2.0680,2025-08-22 18:34:51,484.0
0.5210,17.0050,0.3250,96.9360,1.9550,2025-08-22 18:34:51,484.0
0.5220,16.8550,0.4230,97.0360,1.9390,2025-08-22 18:34:51,484.0
0.5240,16.9580,0.5390,97.1460,2.0470,2025-08-22 21:15:00,485.0
0.5450,17.0710,0.4060,96.9990,1.9680,2025-08-22 21:15:00,485.0
0.5430,17.0460,0.4340,96.8080,1.8850,2025-08-22 21:15:00,485.0
0.5330,17.0210,0.4270,96.91,2.0710,2025-08-22 21:15:00,485.0
0.5120,17.0050,0.3990,97.1420,1.9610,2025-08-22 21:15:00,485.0
0.5290,16.9430,0.4240,97.1630,1.9280,2025-08-22 21:15:00,485.0
0.54,16.9870,0.4690,96.8980,2.0210,2025-08-22 21:15:00,485.0
0.5180,16.9170,0.5390,97.1990,1.9210,2025-08-22 21:15:00,485.0
0.5190,16.9490,0.50,97.2030,1.8810,2025-08-22 21:15:00,485.0
0.5350,17.0680,0.3320,96.9420,1.9820,2025-08-22 21:15:00,485.0
0.5080,16.98,0.5250,96.9920,1.9630,2025-08-22 21:15:00,485.0
0.5310,17.0430,0.6090,96.8470,1.9280,2025-08-22 21:15:00,485.0
0.5370,16.9650,0.4060,97.0370,2.0670,2025-08-22 21:15:00,485.0
0.5360,17.0180,0.4790,96.9480,1.9810,2025-08-22 21:15:00,485.0
0.5330,16.9550,0.4870,97.09,1.9180,2025-08-22 21:15:00,485.0
0.5220,16.9430,0.4130,97.1980,2.0320,2025-08-22 21:15:00,485.0
0.54,16.9390,0.5180,96.9660,2.0550,2025-08-22 21:15:00,485.0
0.5310,17.0310,0.6020,97.0650,1.9480,2025-08-22 21:15:00,485.0
0.5150,16.9430,0.3640,96.7860,1.9270,2025-08-22 21:15:00,485.0
0.54,17.0270,0.42,97.08,2.0160,2025-08-22 21:15:00,485.0
0.53,17.0310,0.5250,96.8090,2.1060,2025-08-25 12:24:29,486.0
0.5180,16.9650,0.5350,97.0560,2.0180,2025-08-25 12:24:29,486.0
0.5220,17.0430,0.43,96.6780,1.9190,2025-08-25 12:24:29,486.0
0.5250,16.9520,0.3460,96.9630,2.0750,2025-08-25 12:24:29,486.0
0.5270,16.8390,0.4240,97.1640,2.0560,2025-08-25 12:24:29,486.0
0.5380,17.0680,0.4450,96.9170,2.0740,2025-08-25 12:24:29,486.0
0.5190,17.0590,0.5250,96.9230,1.8540,2025-08-25 12:24:29,486.0
0.5520,16.9770,0.4440,97.0270,2.19,2025-08-25 12:24:29,486.0
0.5140,16.9680,0.5150,96.9650,1.9010,2025-08-25 12:24:29,486.0
0.5220,16.99,0.4450,96.8130,1.9840,2025-08-25 12:24:29,486.0
0.5250,17.0340,0.4270,97.0080,1.9720,2025-08-25 12:24:29,486.0
0.5280,17.0090,0.5910,96.9240,1.9760,2025-08-25 12:24:29,486.0
0.5280,17.0680,0.4940,97.0040,2.0250,2025-08-25 12:24:29,486.0
0.53,16.9870,0.3810,96.8210,2.2010,2025-08-25 12:24:29,486.0
0.5160,17.0210,0.5670,97.0820,1.9560,2025-08-25 12:24:29,486.0
0.5530,16.9140,0.4830,96.7890,2.1320,2025-08-25 12:24:29,486.0
0.5210,17.0180,0.4440,96.8660,2.0320,2025-08-25 12:24:29,486.0
0.5350,16.8890,0.3610,96.8260,1.7630,2025-08-25 12:24:29,486.0
0.5080,16.9140,0.4760,97.3130,1.8680,2025-08-25 12:24:29,486.0
0.5190,16.9430,0.5390,97.1640,2.0090,2025-08-25 12:24:29,486.0
0.5140,17.0120,0.4790,96.9230,1.8110,2025-08-25 19:14:39,487.0
0.5240,17.0020,0.3810,97.0030,1.96,2025-08-25 19:14:39,487.0
0.5170,16.9240,0.5150,97.0460,1.8830,2025-08-25 19:14:39,487.0
0.5130,17.0930,0.43,96.9930,1.8970,2025-08-25 19:14:39,487.0
0.52,17.1280,0.3810,97.0690,1.9250,2025-08-25 19:14:39,487.0
0.5240,16.9550,0.4940,97.1010,2.0730,2025-08-25 19:14:39,487.0
0.5050,16.9390,0.5670,97.10,1.8880,2025-08-25 19:14:39,487.0
0.5150,16.9430,0.4440,96.9560,1.8520,2025-08-25 19:14:39,487.0
0.5350,17.1440,0.34,97.0130,1.9990,2025-08-25 19:14:39,487.0
0.53,17.0370,0.4240,96.8830,1.9230,2025-08-25 19:14:39,487.0
0.5490,17.0460,0.49,97.3610,2.0050,2025-08-25 19:14:39,487.0
0.5410,17.1530,0.4760,96.7040,1.9680,2025-08-25 19:14:39,487.0
0.5340,17.0050,0.5080,97.1350,1.9610,2025-08-25 19:14:39,487.0
0.53,16.9740,0.55,97.0170,2.0390,2025-08-25 19:14:39,487.0
0.5180,17.0210,0.5560,97.0810,1.9740,2025-08-25 19:14:39,487.0
0.5320,16.9990,0.8930,97.05,2.0730,2025-08-25 19:14:39,487.0
0.5290,17.04,0.4760,96.9060,1.9970,2025-08-25 19:14:39,487.0
0.5280,16.98,0.4760,96.8350,1.93,2025-08-25 19:14:39,487.0
0.54,17.0310,0.3430,96.8240,1.9850,2025-08-25 19:14:39,487.0
0.53,17.09,0.4690,97.01,1.9720,2025-08-25 19:14:39,487.0
0.5170,16.9830,0.4860,96.9580,1.9170,2025-08-25 21:29:42,488.0
0.5260,16.9930,0.4270,96.8730,2.0220,2025-08-25 21:29:42,488.0
0.5250,16.9770,0.3360,97,1.9640,2025-08-25 21:29:42,488.0
0.5450,17.0840,0.3610,97.0020,2.0110,2025-08-25 21:29:42,488.0
0.5270,17.0180,0.42,97.2250,1.9360,2025-08-25 21:29:42,488.0
0.5480,17.0530,0.3880,96.7860,2.0090,2025-08-25 21:29:42,488.0
0.5320,16.99,0.3850,96.8310,1.9340,2025-08-25 21:29:42,488.0
0.5290,17.0270,0.4730,96.8510,1.9260,2025-08-25 21:29:42,488.0
0.5310,16.9140,0.4870,96.9510,2.0170,2025-08-25 21:29:42,488.0
0.5280,16.8920,0.5080,97.1120,1.96,2025-08-25 21:29:42,488.0
0.5240,17.0270,0.4620,97.18,1.8440,2025-08-25 21:29:42,488.0
0.5320,16.9930,0.4020,96.8860,2.0110,2025-08-25 21:29:42,488.0
0.5280,17.1090,0.4450,96.80,1.9920,2025-08-25 21:29:42,488.0
0.54,17.0270,0.3920,97.11,2.0950,2025-08-25 21:29:42,488.0
0.5120,17.0020,0.4310,97.0290,1.8910,2025-08-25 21:29:42,488.0
0.5290,16.8890,0.4230,97.1910,2.0530,2025-08-25 21:29:42,488.0
0.5320,16.9550,0.4310,97.0550,1.9760,2025-08-25 21:29:42,488.0
0.5050,16.9460,0.4090,97.0730,1.8990,2025-08-25 21:29:42,488.0
0.5270,17.09,0.3740,97.1910,1.8920,2025-08-25 21:29:42,488.0
0.5210,16.9930,0.4870,96.7810,1.9450,2025-08-25 21:29:42,488.0
0.5230,17.0340,0.56,96.8290,1.9290,2025-08-26 11:06:20,489.0
0.5080,16.9680,0.5420,96.7950,1.9210,2025-08-26 11:06:20,489.0
0.5350,16.9390,0.42,97.2970,1.9630,2025-08-26 11:06:20,489.0
0.5290,16.9960,0.3960,97.0150,2.06,2025-08-26 11:06:20,489.0
0.5280,16.99,0.4310,97.1380,2.0390,2025-08-26 11:06:20,489.0
0.5110,16.8580,0.4130,97.1650,1.8810,2025-08-26 11:06:20,489.0
0.52,16.87,0.4170,97.2060,1.9160,2025-08-26 11:06:20,489.0
0.5070,16.9170,0.3670,96.9910,1.9520,2025-08-26 11:06:20,489.0
0.5350,16.9430,0.4860,97.0070,2.09,2025-08-26 11:06:20,489.0
0.5210,16.8990,0.4130,96.8190,1.9990,2025-08-26 11:06:20,489.0
0.5350,16.9020,0.49,97.1670,2.0460,2025-08-26 11:06:20,489.0
0.5460,16.9650,0.3640,96.8440,2.0760,2025-08-26 11:06:20,489.0
0.5060,16.8610,0.4760,97.1530,1.9230,2025-08-26 11:06:20,489.0
0.5150,16.9390,0.4270,96.8370,1.9550,2025-08-26 11:06:20,489.0
0.5360,17.0270,0.4130,96.8710,2.0460,2025-08-26 11:06:20,489.0
0.5330,17.0210,0.42,96.8950,2.0410,2025-08-26 11:06:20,489.0
0.5350,16.9080,0.5560,97.1590,1.9540,2025-08-26 11:06:20,489.0
0.5460,17.0870,0.3810,97.0170,2.0150,2025-08-26 11:06:20,489.0
0.5190,17.0090,0.4020,97.1380,1.9560,2025-08-26 11:06:20,489.0
0.5370,16.9520,0.4730,96.8490,1.9810,2025-08-26 11:06:20,489.0
0.5340,16.9830,0.5670,97.1310,2.0010,2025-08-26 12:56:23,490.0
0.5360,17.0090,0.3740,96.8270,1.9540,2025-08-26 12:56:23,490.0
0.5310,17.0490,0.4650,97.0580,2.01,2025-08-26 12:56:23,490.0
0.5220,16.9240,0.3740,97.1390,1.9190,2025-08-26 12:56:23,490.0
0.5320,16.9870,0.4060,97.1140,1.9540,2025-08-26 12:56:23,490.0
0.5330,16.9990,0.3780,97.0810,2.0880,2025-08-26 12:56:23,490.0
0.5270,16.8550,0.49,97.0220,2.0370,2025-08-26 12:56:23,490.0
0.5380,17.04,0.42,97.0660,2.11,2025-08-26 12:56:23,490.0
0.5150,16.9830,0.4270,97.0120,2.0480,2025-08-26 12:56:23,490.0
0.5080,17.0150,0.5150,97.1470,1.7710,2025-08-26 12:56:23,490.0
0.5490,16.9580,0.3320,96.8630,2.0040,2025-08-26 12:56:23,490.0
0.5320,17.0090,0.4440,97.2160,1.9350,2025-08-26 12:56:23,490.0
0.5430,17.0370,0.3920,96.9550,1.9360,2025-08-26 12:56:23,490.0
0.5480,17.0430,0.3540,96.96,2.06,2025-08-26 12:56:23,490.0
0.5370,16.9610,0.3710,96.8390,2.0120,2025-08-26 12:56:23,490.0
0.5250,17.0150,0.50,96.9750,2.0150,2025-08-26 12:56:23,490.0
0.5150,16.8950,0.5740,97.0490,1.7840,2025-08-26 12:56:23,490.0
0.5280,17.0240,0.4340,96.9360,2.0890,2025-08-26 12:56:23,490.0
0.5030,16.9390,0.4130,97.0410,1.9410,2025-08-26 12:56:23,490.0
0.5230,17.0750,0.56,96.7280,1.8630,2025-08-26 12:56:23,490.0
0.5330,17.0270,0.4310,96.9930,2.0410,2025-08-26 19:21:32,491.0
0.5250,16.98,0.5710,97.1740,1.9720,2025-08-26 19:21:32,491.0
0.5320,17.0240,0.4970,97.0970,2.04,2025-08-26 19:21:32,491.0
0.5280,16.9390,0.42,96.8420,1.9960,2025-08-26 19:21:32,491.0
0.52,16.9490,0.3290,97.1160,1.8870,2025-08-26 19:21:32,491.0
0.5170,16.9210,0.3960,96.9690,2.0030,2025-08-26 19:21:32,491.0
0.5240,17.1280,0.3570,97.0920,2.04,2025-08-26 19:21:32,491.0
0.5130,16.9650,0.4450,97.0120,1.9730,2025-08-26 19:21:32,491.0
0.5390,16.9990,0.4580,96.9670,2.0720,2025-08-26 19:21:32,491.0
0.5080,16.9770,0.6790,97.1040,1.9010,2025-08-26 19:21:32,491.0
0.5420,16.9870,0.4020,97.1110,1.9360,2025-08-26 19:21:32,491.0
0.5270,16.9240,0.2630,97.0950,2.0640,2025-08-26 19:21:32,491.0
0.5420,17.04,0.5040,96.9040,2.1630,2025-08-26 19:21:32,491.0
0.5180,16.9610,0.4130,96.8180,1.8720,2025-08-26 19:21:32,491.0
0.5260,16.9710,0.43,96.8950,2.0250,2025-08-26 19:21:32,491.0
0.52,16.9830,0.4410,96.81,2.0060,2025-08-26 19:21:32,491.0
0.5280,17.0120,0.5420,97.1530,2.05,2025-08-26 19:21:32,491.0
0.4940,16.8920,0.4450,96.9970,1.8530,2025-08-26 19:21:32,491.0
0.5240,16.9240,0.6510,96.9370,1.9950,2025-08-26 19:21:32,491.0
0.5320,17.0050,0.4690,96.96,2.0780,2025-08-26 19:21:32,491.0
0.5210,16.99,0.3960,97.13,2.0130,2025-08-26 21:11:33,492.0
0.5260,16.9870,0.4760,97.0320,2.0250,2025-08-26 21:11:33,492.0
0.5290,17.0780,0.4410,97.0150,1.9960,2025-08-26 21:11:33,492.0
0.5190,17.0180,0.6580,96.7460,1.9090,2025-08-26 21:11:33,492.0
0.5250,17.0970,0.3460,97.13,1.8820,2025-08-26 21:11:33,492.0
0.5060,16.9990,0.4480,97.1960,1.8060,2025-08-26 21:11:33,492.0
0.5240,17.0430,0.3850,96.8860,1.9630,2025-08-26 21:11:33,492.0
0.5140,16.9710,0.28,97.1180,1.9060,2025-08-26 21:11:33,492.0
0.5250,16.99,0.4620,97.15,1.97,2025-08-26 21:11:33,492.0
0.5140,17.0090,0.4650,97.1120,1.8460,2025-08-26 21:11:33,492.0
0.5140,16.9210,0.50,96.7490,1.8890,2025-08-26 21:11:33,492.0
0.5270,16.9770,0.5630,97.1320,1.9960,2025-08-26 21:11:33,492.0
0.5320,16.8770,0.5210,96.9140,2.02,2025-08-26 21:11:33,492.0
0.52,16.9830,0.42,97.1990,1.8530,2025-08-26 21:11:33,492.0
0.4720,16.9360,0.4830,97.2830,1.7620,2025-08-26 21:11:33,492.0
0.5220,16.9050,0.3430,97.0990,1.8760,2025-08-26 21:11:33,492.0
0.5120,16.9680,0.4620,97.1550,1.8750,2025-08-26 21:11:33,492.0
0.5380,16.9770,0.4380,96.9910,1.9720,2025-08-26 21:11:33,492.0
0.5250,16.9870,0.3290,96.9990,2.0020,2025-08-26 21:11:33,492.0
0.5140,16.9710,0.4550,97.2090,1.9650,2025-08-26 21:11:33,492.0
0.55,17.0340,0.5040,96.9830,2.2050,2025-08-27 14:38:36,493.0
0.5270,17.0460,0.4380,97.2570,1.9810,2025-08-27 14:38:36,493.0
0.55,17.1120,0.3570,96.9410,2.0940,2025-08-27 14:38:36,493.0
0.5330,16.9870,0.4790,97.1380,2.0070,2025-08-27 14:38:36,493.0
0.5240,17.0310,0.3920,96.9720,1.9010,2025-08-27 14:38:36,493.0
0.5330,17.0490,0.5390,97.1440,1.9960,2025-08-27 14:38:36,493.0
0.5230,17.0590,0.2940,96.8540,1.9120,2025-08-27 14:38:36,493.0
0.5220,17.1310,0.4240,96.7720,1.9280,2025-08-27 14:38:36,493.0
0.5460,17.0370,0.4860,96.9110,2.0420,2025-08-27 14:38:36,493.0
0.5410,16.9680,0.4380,96.9420,1.9890,2025-08-27 14:38:36,493.0
0.52,16.9580,0.3810,97.0790,1.7630,2025-08-27 14:38:36,493.0
0.5420,17.04,0.5320,97.1910,1.9710,2025-08-27 14:38:36,493.0
0.5370,17.0310,0.63,96.6720,1.9570,2025-08-27 14:38:36,493.0
0.5050,16.9870,0.4550,96.9830,1.8490,2025-08-27 14:38:36,493.0
0.5270,16.98,0.5290,96.8380,1.9970,2025-08-27 14:38:36,493.0
0.5210,17.0210,0.3810,97.0050,1.8660,2025-08-27 14:38:36,493.0
0.5370,17.0430,0.4830,97.0090,2.0510,2025-08-27 14:38:36,493.0
0.5130,16.9680,0.4550,97.0560,1.9620,2025-08-27 14:38:36,493.0
0.5260,16.9330,0.3920,97.03,2.06,2025-08-27 14:38:36,493.0
0.5110,16.99,0.4440,97.0980,1.8040,2025-08-27 14:38:36,493.0
0.5310,16.9710,0.5180,96.7460,2.0310,2025-08-27 19:38:48,494.0
0.5340,16.9770,0.5630,96.78,2.0560,2025-08-27 19:38:48,494.0
0.5280,17.0310,0.62,96.8560,1.9760,2025-08-27 19:38:48,494.0
0.5360,17.0180,0.4480,97.1160,2.0580,2025-08-27 19:38:48,494.0
0.55,16.9740,0.4170,96.8080,2.1040,2025-08-27 19:38:48,494.0
0.5370,16.9990,0.5150,96.8290,2.1030,2025-08-27 19:38:48,494.0
0.5460,16.9830,0.5460,96.7930,2.0440,2025-08-27 19:38:48,494.0
0.5160,16.8480,0.6090,97.1580,2.0080,2025-08-27 19:38:48,494.0
0.5550,17.0120,0.5980,96.81,2.0730,2025-08-27 19:38:48,494.0
0.5310,16.9770,0.4970,96.88,2.0370,2025-08-27 19:38:48,494.0
0.5220,16.9580,0.5150,96.82,2.0840,2025-08-27 19:38:48,494.0
0.5350,16.9460,0.5880,97.1920,2.0230,2025-08-27 19:38:48,494.0
0.5550,17.0840,0.2910,96.9370,2.0950,2025-08-27 19:38:48,494.0
0.5230,16.9650,0.50,97.0480,1.9980,2025-08-27 19:38:48,494.0
0.5240,16.9680,0.4970,97.2870,1.9220,2025-08-27 19:38:48,494.0
0.5140,17.0050,0.5390,96.7370,1.9110,2025-08-27 19:38:48,494.0
0.50,16.8730,0.5280,96.9590,2,2025-08-27 19:38:48,494.0
0.5370,17.0240,0.4440,97.0270,2.2530,2025-08-27 19:38:48,494.0
0.53,16.9930,0.5040,96.9490,2.0820,2025-08-27 19:38:48,494.0
0.5310,16.88,0.4870,97.0810,2.0150,2025-08-27 19:38:48,494.0
0.5350,17.0340,0.5560,97.1380,2.0460,2025-08-27 21:33:51,495.0
0.5340,16.93,0.4440,97.1210,1.9710,2025-08-27 21:33:51,495.0
0.5210,16.9650,0.5420,97.1130,1.9670,2025-08-27 21:33:51,495.0
0.5090,17.0090,0.4450,97.18,1.9710,2025-08-27 21:33:51,495.0
0.5240,16.9930,0.3990,96.76,1.9130,2025-08-27 21:33:51,495.0
0.52,16.9740,0.34,97.0160,1.9660,2025-08-27 21:33:51,495.0
0.53,16.9610,0.4410,96.9840,1.7870,2025-08-27 21:33:51,495.0
0.5350,17.0020,0.48,96.9360,1.9770,2025-08-27 21:33:51,495.0
0.5360,17.0090,0.4450,97.6820,2.0010,2025-08-27 21:33:51,495.0
0.5230,16.9990,0.5180,97.0320,1.9560,2025-08-27 21:33:51,495.0
0.5330,17.0020,0.4160,96.9310,1.9770,2025-08-27 21:33:51,495.0
0.5170,16.9650,0.2940,96.8570,1.85,2025-08-27 21:33:51,495.0
0.5220,16.9460,0.48,97.1730,1.9190,2025-08-27 21:33:51,495.0
0.4930,17.0150,0.4090,97.1950,1.9230,2025-08-27 21:33:51,495.0
0.5270,16.9550,0.4730,97.2120,1.8470,2025-08-27 21:33:51,495.0
0.5490,16.9170,0.5460,97.1370,2.0460,2025-08-27 21:33:51,495.0
0.5280,17.0370,0.55,96.83,2.0550,2025-08-27 21:33:51,495.0
0.5160,16.9140,0.4440,97.2960,2,2025-08-27 21:33:51,495.0
0.5170,16.9430,0.49,97.1610,1.9860,2025-08-27 21:33:51,495.0
0.5210,16.8670,0.5950,97.0860,1.8970,2025-08-27 21:33:51,495.0
0.5160,16.9330,0.3430,97.1390,1.8490,2025-08-28 10:50:50,496.0
0.5160,17.0180,0.4090,97.1730,1.8710,2025-08-28 10:50:50,496.0
0.5070,16.9020,0.4410,96.8680,1.8420,2025-08-28 10:50:50,496.0
0.5280,16.8990,0.4340,97.0920,2.0030,2025-08-28 10:50:50,496.0
0.5350,17.0460,0.3570,96.8950,2.0310,2025-08-28 10:50:50,496.0
0.5070,17.0590,0.3430,97.2220,1.8380,2025-08-28 10:50:50,496.0
0.5130,16.8950,0.5080,97.1910,2.0190,2025-08-28 10:50:50,496.0
0.5080,16.9360,0.4240,96.9960,1.8710,2025-08-28 10:50:50,496.0
0.5290,16.9710,0.4970,96.8790,2.0250,2025-08-28 10:50:50,496.0
0.5240,17.0460,0.3390,96.8640,2.0480,2025-08-28 10:50:50,496.0
0.5220,16.9930,0.4380,97.1840,1.9530,2025-08-28 10:50:50,496.0
0.5330,16.9990,0.3810,96.9870,1.9590,2025-08-28 10:50:50,496.0
0.5380,17.0090,0.4310,96.9420,2.0820,2025-08-28 10:50:50,496.0
0.5370,17.0560,0.3960,96.8130,2.01,2025-08-28 10:50:50,496.0
0.5320,16.9930,0.3990,97.1560,2.1040,2025-08-28 10:50:50,496.0
0.5280,16.9360,0.4230,97.0640,1.9990,2025-08-28 10:50:50,496.0
0.5190,17.0050,0.4790,97.2070,1.9230,2025-08-28 10:50:50,496.0
0.5420,17.0310,0.3880,97.0840,1.8870,2025-08-28 10:50:50,496.0
0.5350,16.9870,0.3890,97.1320,2.0170,2025-08-28 10:50:50,496.0
0.5070,16.93,0.4830,97.0740,1.8850,2025-08-28 10:50:50,496.0
0.5260,17.0560,0.4410,97.0140,1.8970,2025-08-28 13:05:54,497.0
0.5280,17.0710,0.42,97.0930,1.9390,2025-08-28 13:05:54,497.0
0.5250,16.9490,0.4940,97.1820,1.98,2025-08-28 13:05:54,497.0
0.5320,17.0340,0.5910,96.9280,1.9920,2025-08-28 13:05:54,497.0
0.56,17.1060,0.3460,96.8170,2.0520,2025-08-28 13:05:54,497.0
0.5450,16.8830,0.4660,97.14,2.0130,2025-08-28 13:05:54,497.0
0.5190,16.99,0.5880,97.21,1.96,2025-08-28 13:05:54,497.0
0.5470,17.04,0.4550,96.8160,2.0770,2025-08-28 13:05:54,497.0
0.5240,16.9270,0.4870,97.0580,2.0720,2025-08-28 13:05:54,497.0
0.5250,17.0020,0.5040,96.8030,2.0130,2025-08-28 13:05:54,497.0
0.5280,16.9080,0.3880,97.0890,2.0880,2025-08-28 13:05:54,497.0
0.5370,17.0530,0.5040,96.8310,1.9680,2025-08-28 13:05:54,497.0
0.5280,17.0120,0.5840,97.1050,1.9620,2025-08-28 13:05:54,497.0
0.5280,17.0050,0.5770,97.0360,2.1050,2025-08-28 13:05:54,497.0
0.5350,17.0620,0.5040,96.9540,2.1260,2025-08-28 13:05:54,497.0
0.5180,17.0270,0.4230,96.80,1.8820,2025-08-28 13:05:54,497.0
0.54,16.9610,0.5670,96.96,2.06,2025-08-28 13:05:54,497.0
0.5290,16.9870,0.4660,97.0150,1.9990,2025-08-28 13:05:54,497.0
0.5480,16.9770,0.3150,96.8250,2.0180,2025-08-28 13:05:54,497.0
0.5290,16.9870,0.4650,97.0850,2.08,2025-08-28 13:05:54,497.0
0.5240,16.98,0.4760,97.17,1.9480,2025-08-28 19:31:05,498.0
0.5310,16.93,0.4830,96.83,1.9920,2025-08-28 19:31:05,498.0
0.5290,16.9490,0.4730,97.0280,1.93,2025-08-28 19:31:05,498.0
0.5280,17.0090,0.3430,97.1070,1.9560,2025-08-28 19:31:05,498.0
0.5060,16.9520,0.4310,97.0360,1.9840,2025-08-28 19:31:05,498.0
0.53,16.93,0.3890,96.8830,2.0350,2025-08-28 19:31:05,498.0
0.5490,16.9430,0.3250,97.0110,2.1790,2025-08-28 19:31:05,498.0
0.5090,16.88,0.5040,97.19,1.94,2025-08-28 19:31:05,498.0
0.5380,16.9390,0.4060,96.9910,1.9410,2025-08-28 19:31:05,498.0
0.52,16.9110,0.4130,97.1930,1.9680,2025-08-28 19:31:05,498.0
0.5310,16.8730,0.4830,97.1460,2.02,2025-08-28 19:31:05,498.0
0.5220,16.93,0.4060,96.9950,1.8140,2025-08-28 19:31:05,498.0
0.5520,17.0240,0.41,96.9410,1.9030,2025-08-28 19:31:05,498.0
0.5060,16.98,0.3960,97.0110,1.8840,2025-08-28 19:31:05,498.0
0.5260,17.0050,0.3220,96.74,1.9450,2025-08-28 19:31:05,498.0
0.5260,16.9210,0.5430,96.9020,1.9860,2025-08-28 19:31:05,498.0
0.5160,16.8770,0.4380,97.2740,1.7950,2025-08-28 19:31:05,498.0
0.5110,16.9610,0.3750,97.1140,1.8860,2025-08-28 19:31:05,498.0
0.5160,16.9740,0.4020,97.0610,1.8680,2025-08-28 19:31:05,498.0
0.53,16.9430,0.3960,96.8550,1.9240,2025-08-28 19:31:05,498.0
0.5080,16.9960,0.4340,97.0310,1.7380,2025-08-28 22:01:08,499.0
0.5360,17.0180,0.4760,97.1510,2.0070,2025-08-28 22:01:08,499.0
0.5230,17.0590,0.4130,97.2260,2.0210,2025-08-28 22:01:08,499.0
0.5310,17.0490,0.3810,97.19,1.8760,2025-08-28 22:01:08,499.0
0.53,17.0240,0.4380,96.8780,1.9040,2025-08-28 22:01:08,499.0
0.4950,17.0430,0.5290,96.9150,1.8790,2025-08-28 22:01:08,499.0
0.5380,16.9870,0.4380,97.2880,1.9680,2025-08-28 22:01:08,499.0
0.5330,17.10,0.5150,96.9390,1.9860,2025-08-28 22:01:08,499.0
0.5340,17.0180,0.4270,96.9860,1.8640,2025-08-28 22:01:08,499.0
0.5150,16.9930,0.5010,96.9990,1.95,2025-08-28 22:01:08,499.0
0.5280,17.0530,0.5250,97.1280,2.0210,2025-08-28 22:01:08,499.0
0.5190,17.0530,0.3610,96.8390,2.0610,2025-08-28 22:01:08,499.0
0.5310,17.0490,0.4550,97.3250,2.11,2025-08-28 22:01:08,499.0
0.5160,17.0310,0.43,96.9680,1.9590,2025-08-28 22:01:08,499.0
0.5120,17.0050,0.5180,96.9460,2.0450,2025-08-28 22:01:08,499.0
0.5370,17.0530,0.5770,96.9360,2.0820,2025-08-28 22:01:08,499.0
0.4980,17.0270,0.3570,96.8340,1.76,2025-08-28 22:01:08,499.0
0.5340,16.9610,0.3990,97.2310,2.0360,2025-08-28 22:01:08,499.0
0.5240,17.1030,0.4550,97.04,1.9860,2025-08-28 22:01:08,499.0
0.5170,17.0370,0.4580,96.9120,1.9450,2025-08-28 22:01:08,499.0
0.5270,17.0120,0.4650,96.9950,1.9920,2025-08-29 12:47:48,500.0
0.5380,17.0560,0.3780,97.0640,2.0410,2025-08-29 12:47:48,500.0
0.5330,16.8670,0.4310,96.8640,2.0230,2025-08-29 12:47:48,500.0
0.5340,16.9710,0.4690,96.7930,2.05,2025-08-29 12:47:48,500.0
0.5330,17.04,0.5670,96.7840,2.0910,2025-08-29 12:47:48,500.0
0.5310,16.9740,0.5040,97.0710,2.0790,2025-08-29 12:47:48,500.0
0.5310,17.0370,0.4240,96.9620,2.0230,2025-08-29 12:47:48,500.0
0.5320,16.93,0.3680,96.9260,2.0970,2025-08-29 12:47:48,500.0
0.5130,16.9460,0.4550,97.1550,1.9080,2025-08-29 12:47:48,500.0
0.5430,16.9990,0.4690,96.8940,2.0080,2025-08-29 12:47:48,500.0
0.5190,16.93,0.4730,96.96,1.91,2025-08-29 12:47:48,500.0
0.5180,17.0370,0.5110,96.9350,1.9490,2025-08-29 12:47:48,500.0
0.5190,16.9460,0.5290,96.9260,1.9640,2025-08-29 12:47:48,500.0
0.5370,17.0090,0.5420,97.0440,2.0480,2025-08-29 12:47:48,500.0
0.5410,16.9960,0.56,97.0090,1.9670,2025-08-29 12:47:48,500.0
0.5240,17.0430,0.4580,96.9530,1.9690,2025-08-29 12:47:48,500.0
0.5340,17.0020,0.4790,97.1830,2.0080,2025-08-29 12:47:48,500.0
0.5380,16.9170,0.4940,96.9920,2.1360,2025-08-29 12:47:48,500.0
0.4980,16.93,0.5290,96.9650,1.8560,2025-08-29 12:47:48,500.0
0.5350,16.9830,0.56,97.0080,2.0070,2025-08-29 12:47:48,500.0
0.5240,16.9110,0.5280,97.1860,1.9960,2025-08-29 12:52:49,501.0
0.5430,16.88,0.3880,96.9910,2.1930,2025-08-29 12:52:49,501.0
0.5360,16.9770,0.3920,96.8910,2.1590,2025-08-29 12:52:49,501.0
0.5340,16.9930,0.5990,96.98,2.0750,2025-08-29 12:52:49,501.0
0.5360,16.9520,0.5420,97.1670,1.9490,2025-08-29 12:52:49,501.0
0.52,16.9240,0.6860,97.0780,2.1650,2025-08-29 12:52:49,501.0
0.5370,17.0150,0.6960,96.9250,2.0280,2025-08-29 12:52:49,501.0
0.52,16.9390,0.4970,96.96,2.0510,2025-08-29 12:52:49,501.0
0.5190,16.99,0.5180,96.9480,2.0210,2025-08-29 12:52:49,501.0
0.5390,16.9580,0.7280,97.0190,2.0750,2025-08-29 12:52:49,501.0
0.5270,16.9680,0.4970,97.1310,2.1050,2025-08-29 12:52:49,501.0
0.5380,17.04,0.4410,96.8170,2.0280,2025-08-29 12:52:49,501.0
0.5250,16.93,0.3810,96.9070,2.02,2025-08-29 12:52:49,501.0
0.54,17.0240,0.5770,96.9370,2.1470,2025-08-29 12:52:49,501.0
0.5250,17.0460,0.5390,97.17,1.9580,2025-08-29 12:52:49,501.0
0.52,16.8920,0.5880,96.9340,1.9920,2025-08-29 12:52:49,501.0
0.5120,16.8990,0.5080,97.1210,1.9990,2025-08-29 12:52:49,501.0
0.5370,16.93,0.3810,96.8350,2.0580,2025-08-29 12:52:49,501.0
0.5380,16.9140,0.4440,97.1450,2.0990,2025-08-29 12:52:49,501.0
0.5290,16.9080,0.4230,97.1730,1.98,2025-08-29 12:52:49,501.0
0.5420,16.9170,0.63,97.1120,2.06,2025-08-29 19:52:58,502.0
0.5330,16.8920,0.4410,97.01,1.9210,2025-08-29 19:52:58,502.0
0.5420,17.1660,0.4270,96.8680,2.04,2025-08-29 19:52:58,502.0
0.5170,16.9770,0.4170,97.1840,1.9410,2025-08-29 19:52:58,502.0
0.5390,17.0590,0.4580,96.9240,1.9850,2025-08-29 19:52:58,502.0
0.5250,17.0430,0.5110,96.9770,2.0690,2025-08-29 19:52:58,502.0
0.5110,16.9080,0.4550,97.19,2.1250,2025-08-29 19:52:58,502.0
0.5260,17.0340,0.4340,96.7920,1.9880,2025-08-29 19:52:58,502.0
0.5420,16.9930,0.4660,97,2.0750,2025-08-29 19:52:58,502.0
0.5210,16.9580,0.5150,97.1110,2.0380,2025-08-29 19:52:58,502.0
0.5360,17.0180,0.4440,97.2420,2.0390,2025-08-29 19:52:58,502.0
0.53,17.04,0.3750,97.0150,2.0320,2025-08-29 19:52:58,502.0
0.5380,16.9650,0.49,96.8190,2.0670,2025-08-29 19:52:58,502.0
0.5240,17.0310,0.4480,97.0770,1.9970,2025-08-29 19:52:58,502.0
0.5260,17.0120,0.4450,96.8380,1.94,2025-08-29 19:52:58,502.0
0.5230,17.0210,0.5150,97.0470,1.9450,2025-08-29 19:52:58,502.0
0.5120,17.0970,0.3960,97.0160,1.9810,2025-08-29 19:52:58,502.0
0.5630,16.9710,0.3290,96.8130,2.1650,2025-08-29 19:52:58,502.0
0.5340,16.9650,0.4690,96.9310,2.1860,2025-08-29 19:52:58,502.0
0.5240,17.0310,0.3810,96.9720,1.9430,2025-08-29 19:52:58,502.0
0.5330,17.0780,0.6370,96.8770,1.9840,2025-08-29 21:13:00,503.0
0.5510,17.0460,0.5840,96.7510,2.0380,2025-08-29 21:13:00,503.0
0.5230,16.9740,0.4310,97.2180,1.9290,2025-08-29 21:13:00,503.0
0.5440,17.0650,0.4170,97.1490,2.1110,2025-08-29 21:13:00,503.0
0.5410,17.09,0.4060,96.9340,2.0370,2025-08-29 21:13:00,503.0
0.5150,17.0180,0.5530,97.0730,1.9660,2025-08-29 21:13:00,503.0
0.5320,17.0020,0.4340,97.2770,1.9640,2025-08-29 21:13:00,503.0
0.5320,17.0090,0.4380,97.2560,1.9710,2025-08-29 21:13:00,503.0
0.5260,16.8610,0.5110,97.1450,1.9640,2025-08-29 21:13:00,503.0
0.5280,17.0590,0.3180,96.9140,1.8860,2025-08-29 21:13:00,503.0
0.5410,16.9960,0.7320,96.9520,2.1380,2025-08-29 21:13:00,503.0
0.5270,16.9520,0.4970,97.0240,2.0180,2025-08-29 21:13:00,503.0
0.53,17.0340,0.5390,97.1370,2.0020,2025-08-29 21:13:00,503.0
0.5220,16.99,0.5780,97.0870,2.0090,2025-08-29 21:13:00,503.0
0.5220,16.8990,0.4090,97.2340,2.0510,2025-08-29 21:13:00,503.0
0.50,16.8920,0.5150,97.0560,1.8390,2025-08-29 21:13:00,503.0
0.5360,17.0020,0.4160,97.0890,1.9980,2025-08-29 21:13:00,503.0
0.53,17.0120,0.4480,96.8730,1.9190,2025-08-29 21:13:00,503.0
0.52,17.0310,0.4060,96.8110,2.0020,2025-08-29 21:13:00,503.0
0.5280,16.9990,0.6680,97.1870,1.9750,2025-08-29 21:13:00,503.0
0.5270,17.0430,0.4550,96.8770,1.7910,2025-09-01 10:42:29,504.0
0.5120,17.0020,0.3990,97.1190,1.8560,2025-09-01 10:42:29,504.0
0.5210,17.0210,0.4380,96.9250,1.9650,2025-09-01 10:42:29,504.0
0.5330,17.04,0.4340,97.0120,1.9090,2025-09-01 10:42:29,504.0
0.5230,17.0840,0.4380,96.8920,2.0270,2025-09-01 10:42:29,504.0
0.5330,17.0050,0.49,97.3240,2.0140,2025-09-01 10:42:29,504.0
0.5290,17.10,0.3960,96.9550,1.9210,2025-09-01 10:42:29,504.0
0.5350,17.0240,0.3850,97.1340,1.9480,2025-09-01 10:42:29,504.0
0.5410,17.0340,0.2940,96.9230,2.0420,2025-09-01 10:42:29,504.0
0.5240,17.0840,0.4170,96.7580,1.9620,2025-09-01 10:42:29,504.0
0.5250,17.0240,0.4520,96.9230,2.0170,2025-09-01 10:42:29,504.0
0.54,17.0590,0.43,97.0760,2.0770,2025-09-01 10:42:29,504.0
0.5490,17.1060,0.4340,96.9170,1.9650,2025-09-01 10:42:29,504.0
0.5270,17.04,0.6440,97.03,1.8250,2025-09-01 10:42:29,504.0
0.5490,17.0930,0.4520,96.95,1.8930,2025-09-01 10:42:29,504.0
0.5410,17.0530,0.55,97.09,1.9220,2025-09-01 10:42:29,504.0
0.5370,17.0020,0.49,96.9110,1.9930,2025-09-01 10:42:29,504.0
0.5440,17.0710,0.4830,96.8010,2.0920,2025-09-01 10:42:29,504.0
0.5410,17.0840,0.4380,96.8670,2.1040,2025-09-01 10:42:29,504.0
0.5350,17.0840,0.3390,96.9090,2.0450,2025-09-01 10:42:29,504.0
0.5340,16.98,0.4480,97.1540,2.0520,2025-09-01 12:52:31,505.0
0.5350,17.0240,0.35,97.0340,2.1150,2025-09-01 12:52:31,505.0
0.5260,17.0590,0.4380,97.0010,2.0390,2025-09-01 12:52:31,505.0
0.5520,17.0370,0.5780,96.9490,2.0710,2025-09-01 12:52:31,505.0
0.5370,17.1150,0.42,96.9810,1.8650,2025-09-01 12:52:31,505.0
0.5220,17.04,0.4230,97.23,1.8680,2025-09-01 12:52:31,505.0
0.5430,17.0620,0.4830,96.8730,2.0380,2025-09-01 12:52:31,505.0
0.5290,17.0780,0.3640,97.0560,1.9430,2025-09-01 12:52:31,505.0
0.5310,17.09,0.4060,97.1120,1.9390,2025-09-01 12:52:31,505.0
0.5320,17.0020,0.5250,97.2050,1.9170,2025-09-01 12:52:31,505.0
0.5150,17.0490,0.5710,97.0790,1.9360,2025-09-01 12:52:31,505.0
0.5370,17.1030,0.4790,96.76,2.01,2025-09-01 12:52:31,505.0
0.5340,17.0490,0.5080,96.9850,2.0220,2025-09-01 12:52:31,505.0
0.5510,17.0870,0.3920,96.92,2.2030,2025-09-01 12:52:31,505.0
0.5230,17.0240,0.6330,96.97,1.9740,2025-09-01 12:52:31,505.0
0.5370,17.0090,0.34,96.9050,1.99,2025-09-01 12:52:31,505.0
0.5350,17.0810,0.4340,97.0810,2.0230,2025-09-01 12:52:31,505.0
0.5420,17.0530,0.35,97.1330,2.0080,2025-09-01 12:52:31,505.0
0.5360,17.04,0.42,96.8770,2.0460,2025-09-01 12:52:31,505.0
0.5270,17.0430,0.5210,97.0960,1.9760,2025-09-01 12:52:31,505.0
0.5230,17.0020,0.3960,96.84,1.9580,2025-09-01 19:52:44,506.0
0.5270,16.9360,0.56,97.0290,2.0170,2025-09-01 19:52:44,506.0
0.5260,16.9830,0.49,96.8440,1.8720,2025-09-01 19:52:44,506.0
0.5190,17.0150,0.4270,96.9480,1.9380,2025-09-01 19:52:44,506.0
0.5260,17.0370,0.4090,96.8470,1.9940,2025-09-01 19:52:44,506.0
0.5340,16.93,0.5290,96.8490,2.1120,2025-09-01 19:52:44,506.0
0.5090,16.9830,0.5420,97.1310,1.8510,2025-09-01 19:52:44,506.0
0.5420,16.9870,0.6230,96.8230,2.1010,2025-09-01 19:52:44,506.0
0.5370,17.0090,0.3360,97.06,2.01,2025-09-01 19:52:44,506.0
0.5370,16.9550,0.5850,97.0360,2.2170,2025-09-01 19:52:44,506.0
0.5250,16.9770,0.5530,96.9980,2.0030,2025-09-01 19:52:44,506.0
0.5280,16.9140,0.4020,97.1020,2.1040,2025-09-01 19:52:44,506.0
0.5190,17.0050,0.4170,97.0280,1.8790,2025-09-01 19:52:44,506.0
0.5540,17.0210,0.49,96.8830,2.1810,2025-09-01 19:52:44,506.0
0.5280,17.1470,0.4760,96.7250,1.8420,2025-09-01 19:52:44,506.0
0.5120,16.9770,0.4830,97.2630,1.9390,2025-09-01 19:52:44,506.0
0.5180,17.0120,0.5430,96.87,1.9330,2025-09-01 19:52:44,506.0
0.5490,16.98,0.4270,97.2940,2.1070,2025-09-01 19:52:44,506.0
0.5330,16.9740,0.5250,97.0730,1.9810,2025-09-01 19:52:44,506.0
0.5330,16.99,0.4940,96.99,1.9650,2025-09-01 19:52:44,506.0
0.5480,16.9550,0.4550,97.2010,2.0220,2025-09-01 21:27:48,507.0
0.5410,16.8390,0.5390,96.9420,1.9860,2025-09-01 21:27:48,507.0
0.5410,16.9580,0.4620,96.9550,2.0940,2025-09-01 21:27:48,507.0
0.5490,16.9330,0.4860,96.9550,2.0030,2025-09-01 21:27:48,507.0
0.5420,16.9330,0.4580,96.8280,2.04,2025-09-01 21:27:48,507.0
0.5360,16.9770,0.5880,96.9470,2.0250,2025-09-01 21:27:48,507.0
0.5370,16.9110,0.5460,96.9050,1.9870,2025-09-01 21:27:48,507.0
0.5270,16.9960,0.3670,96.9020,1.9330,2025-09-01 21:27:48,507.0
0.5370,17.0680,0.4580,96.8060,2.0140,2025-09-01 21:27:48,507.0
0.5380,16.9650,0.4520,96.8540,1.9970,2025-09-01 21:27:48,507.0
0.5360,16.9520,0.4580,97.1040,1.9240,2025-09-01 21:27:48,507.0
0.5320,16.9710,0.4830,97.0720,2.0660,2025-09-01 21:27:48,507.0
0.5210,16.9580,0.5250,97.1170,2.08,2025-09-01 21:27:48,507.0
0.5240,16.9330,0.5150,97.0030,1.9290,2025-09-01 21:27:48,507.0
0.53,16.93,0.4620,96.9230,1.9690,2025-09-01 21:27:48,507.0
0.5360,17.0270,0.4970,96.9190,1.9590,2025-09-01 21:27:48,507.0
0.5360,16.93,0.4130,97.2330,2.0650,2025-09-01 21:27:48,507.0
0.5340,16.9330,0.4380,96.9730,2.0450,2025-09-01 21:27:48,507.0
0.5420,16.9140,0.4340,96.9330,2.0290,2025-09-01 21:27:48,507.0
0.5280,16.9270,0.4170,97.2230,1.9470,2025-09-01 21:27:48,507.0
0.5470,16.9990,0.4510,97.1480,2.0260,2025-09-02 11:04:04,508.0
0.5340,16.9550,0.35,97.1490,1.9550,2025-09-02 11:04:04,508.0
0.5130,16.8830,0.4720,96.9530,1.98,2025-09-02 11:04:04,508.0
0.5550,16.9460,0.4340,97.1020,2.0980,2025-09-02 11:04:04,508.0
0.5130,16.9140,0.5880,97.1130,2.0240,2025-09-02 11:04:04,508.0
0.5190,16.9710,0.4590,96.8630,1.9150,2025-09-02 11:04:04,508.0
0.5280,16.99,0.4380,97.2740,1.9790,2025-09-02 11:04:04,508.0
0.5360,16.9740,0.5110,96.8430,1.9570,2025-09-02 11:04:04,508.0
0.5390,16.9650,0.4240,96.8750,2.0840,2025-09-02 11:04:04,508.0
0.5260,17.0430,0.4270,96.9630,2.0050,2025-09-02 11:04:04,508.0
0.5240,16.9110,0.4550,97.0830,1.9530,2025-09-02 11:04:04,508.0
0.5450,17.0180,0.3880,96.8660,1.9530,2025-09-02 11:04:04,508.0
0.5140,16.9050,0.3990,96.88,2.0360,2025-09-02 11:04:04,508.0
0.5250,16.8920,0.4410,97.2330,2.0160,2025-09-02 11:04:04,508.0
0.5280,17.0560,0.43,96.9550,1.9750,2025-09-02 11:04:04,508.0
0.5240,17.09,0.5770,96.8560,1.9850,2025-09-02 11:04:04,508.0
0.5090,16.7950,0.4170,97.3410,1.9520,2025-09-02 11:04:04,508.0
0.5310,16.9870,0.4380,97.1640,2,2025-09-02 11:04:04,508.0
0.5260,17.0240,0.5530,96.9370,2.0020,2025-09-02 11:04:04,508.0
0.5380,16.9490,0.4730,96.9930,2.0530,2025-09-02 11:04:04,508.0
0.5940,17.0090,0.5990,97.0450,1.4010,2025-09-02 11:14:05,509.0
0.5980,17.0370,0.2560,97.0160,1.4640,2025-09-02 11:14:05,509.0
0.57,16.9080,0.3810,96.7940,1.4570,2025-09-02 11:14:05,509.0
0.6040,17.04,0.4760,96.9760,1.4480,2025-09-02 11:14:05,509.0
0.6050,17.0870,0.3360,97.0160,1.4390,2025-09-02 11:14:05,509.0
0.6020,17.0020,0.3960,97.1330,1.3990,2025-09-02 11:14:05,509.0
0.5960,16.8770,0.27,96.9740,1.4330,2025-09-02 11:14:05,509.0
0.5910,16.8950,0.4380,96.9360,1.5330,2025-09-02 11:14:05,509.0
0.5970,16.9270,0.3960,96.8350,1.4060,2025-09-02 11:14:05,509.0
0.5890,16.9650,0.5110,97.0190,1.3790,2025-09-02 11:14:05,509.0
0.5970,16.9520,0.6160,97.16,1.4780,2025-09-02 11:14:05,509.0
0.6030,16.9990,0.5360,97.2380,1.5220,2025-09-02 11:14:05,509.0
0.60,17.0710,0.4270,97,1.5390,2025-09-02 11:14:05,509.0
0.5760,16.8450,0.4520,97.1040,1.5120,2025-09-02 11:14:05,509.0
0.5790,16.8420,0.5110,97.1730,1.4640,2025-09-02 11:14:05,509.0
0.5840,17.0560,0.3740,97.11,1.39,2025-09-02 11:14:05,509.0
0.5780,16.9020,0.6330,96.86,1.4020,2025-09-02 11:14:05,509.0
0.5820,16.9710,0.3570,96.9580,1.4780,2025-09-02 11:14:05,509.0
0.5870,17.0020,0.5320,97.1160,1.43,2025-09-02 11:14:05,509.0
0.5790,17.0340,0.4760,96.9580,1.4130,2025-09-02 11:14:05,509.0
0.5140,17.0310,0.4130,96.8990,1.8290,2025-09-02 13:34:12,510.0
0.5220,16.88,0.5640,97.2770,1.9060,2025-09-02 13:34:12,510.0
0.5370,16.9650,0.4940,97.1990,2.01,2025-09-02 13:34:12,510.0
0.5120,17.0270,0.5320,97.3580,1.8790,2025-09-02 13:34:12,510.0
0.5050,17.0050,0.4380,97.1470,1.8980,2025-09-02 13:34:12,510.0
0.5380,16.9960,0.3960,96.8950,1.9950,2025-09-02 13:34:12,510.0
0.5170,17.0560,0.4170,96.7390,1.8810,2025-09-02 13:34:12,510.0
0.5390,17.0240,0.3610,97.1520,2.1220,2025-09-02 13:34:12,510.0
0.5450,17.0620,0.4760,96.8050,2.0440,2025-09-02 13:34:12,510.0
0.5370,17.0490,0.4760,96.8240,1.96,2025-09-02 13:34:12,510.0
0.5240,16.9550,0.3920,97.1130,1.9420,2025-09-02 13:34:12,510.0
0.5130,16.9390,0.4020,97.17,1.8820,2025-09-02 13:34:12,510.0
0.5440,16.98,0.3710,97.1010,2.1470,2025-09-02 13:34:12,510.0
0.5220,16.9990,0.3710,97.0460,1.9920,2025-09-02 13:34:12,510.0
0.5270,17.0090,0.4230,97.0210,1.9370,2025-09-02 13:34:12,510.0
0.5060,17.0560,0.4090,97.1910,1.8740,2025-09-02 13:34:12,510.0
0.5260,17.0650,0.3470,96.8150,1.9380,2025-09-02 13:34:12,510.0
0.5170,16.9990,0.4170,97.0090,1.9390,2025-09-02 13:34:12,510.0
0.5410,17.0620,0.4690,96.9120,1.94,2025-09-02 13:34:12,510.0
0.5230,16.9460,0.4270,96.98,2.0720,2025-09-02 13:34:12,510.0
0.5240,17.0020,0.4660,96.69,1.8640,2025-09-02 19:49:21,511.0
0.5410,17.09,0.4970,97.01,2.0350,2025-09-02 19:49:21,511.0
0.5390,17.1060,0.4380,96.9490,1.9850,2025-09-02 19:49:21,511.0
0.5090,16.9990,0.4970,97.1240,1.8350,2025-09-02 19:49:21,511.0
0.53,17.09,0.4520,96.9390,1.9360,2025-09-02 19:49:21,511.0
0.5270,17.0180,0.5180,96.8250,1.9050,2025-09-02 19:49:21,511.0
0.5440,17.0240,0.49,96.8770,2.1460,2025-09-02 19:49:21,511.0
0.5630,17.0930,0.4620,97.1060,2.1970,2025-09-02 19:49:21,511.0
0.5210,16.9960,0.55,97.3330,1.9440,2025-09-02 19:49:21,511.0
0.5540,17.0590,0.4410,97.1320,1.9840,2025-09-02 19:49:21,511.0
0.5420,17.0870,0.5110,96.9810,2.0090,2025-09-02 19:49:21,511.0
0.5130,17.0310,0.4550,96.7780,1.9950,2025-09-02 19:49:21,511.0
0.5250,17.0340,0.7390,96.9560,1.9240,2025-09-02 19:49:21,511.0
0.5230,16.9460,0.3570,97.0890,2.0520,2025-09-02 19:49:21,511.0
0.53,17.0680,0.5390,97.0290,1.9470,2025-09-02 19:49:21,511.0
0.53,17.0710,0.5290,96.9350,1.9560,2025-09-02 19:49:21,511.0
0.5260,16.98,0.3990,97.0280,1.9350,2025-09-02 19:49:21,511.0
0.53,16.9650,0.4870,97.1860,1.9470,2025-09-02 19:49:21,511.0
0.5280,16.9830,0.3710,96.95,2.0620,2025-09-02 19:49:21,511.0
0.5350,16.9930,0.4620,97.0780,1.99,2025-09-02 19:49:21,511.0
0.5330,17.1030,0.5150,96.9960,1.88,2025-09-02 21:19:22,512.0
0.5510,17.0020,0.4650,97.0470,2.0230,2025-09-02 21:19:22,512.0
0.5340,17.1190,0.55,97.1620,2.0270,2025-09-02 21:19:22,512.0
0.5360,16.9270,0.55,97.2560,2.0330,2025-09-02 21:19:22,512.0
0.5160,16.9740,0.4550,97.03,1.8070,2025-09-02 21:19:22,512.0
0.5190,16.9680,0.4160,97.25,1.8280,2025-09-02 21:19:22,512.0
0.5180,17.0270,0.4450,97.0660,1.8940,2025-09-02 21:19:22,512.0
0.5140,16.9830,0.3920,96.9920,1.8040,2025-09-02 21:19:22,512.0
0.5310,16.9490,0.4730,97.0170,2,2025-09-02 21:19:22,512.0
0.5450,17.04,0.4410,97.0290,2.1580,2025-09-02 21:19:22,512.0
0.5370,16.9710,0.4340,96.9550,2.0020,2025-09-02 21:19:22,512.0
0.5340,16.9960,0.6330,96.84,2.0260,2025-09-02 21:19:22,512.0
0.5380,17.0870,0.49,96.9560,2.0520,2025-09-02 21:19:22,512.0
0.5320,17.0370,0.4170,96.8780,2.0150,2025-09-02 21:19:22,512.0
0.53,16.9710,0.5180,97.2170,1.9640,2025-09-02 21:19:22,512.0
0.5150,17.0270,0.4410,96.9760,1.8260,2025-09-02 21:19:22,512.0
0.54,17.0340,0.5110,96.9290,2.0130,2025-09-02 21:19:22,512.0
0.5140,16.9650,0.4380,96.8090,1.9810,2025-09-02 21:19:22,512.0
0.5220,17.09,0.5290,96.8710,1.8390,2025-09-02 21:19:22,512.0
0.5340,17.0930,0.4940,97.3130,2.0130,2025-09-02 21:19:22,512.0
0.5360,16.9930,0.5390,96.7850,1.9890,2025-09-03 11:30:43,513.0
0.54,17.04,0.3360,96.7960,2.0410,2025-09-03 11:30:43,513.0
0.53,16.9330,0.5180,96.7740,1.9630,2025-09-03 11:30:43,513.0
0.5260,16.9110,0.4240,97.3350,1.8780,2025-09-03 11:30:43,513.0
0.5590,17.0710,0.4940,96.8540,2.0530,2025-09-03 11:30:43,513.0
0.5080,16.9020,0.3710,96.8230,1.8820,2025-09-03 11:30:43,513.0
0.5260,16.9830,0.5460,96.9360,2.0610,2025-09-03 11:30:43,513.0
0.5190,16.9740,0.4450,96.8190,2.0010,2025-09-03 11:30:43,513.0
0.5150,17.0210,0.5530,96.7130,1.8950,2025-09-03 11:30:43,513.0
0.5130,16.9170,0.34,97.03,1.91,2025-09-03 11:30:43,513.0
0.5030,16.8610,0.5810,97.0320,1.7910,2025-09-03 11:30:43,513.0
0.5250,16.9830,0.3850,96.9050,1.8360,2025-09-03 11:30:43,513.0
0.5240,17.0120,0.4520,96.8940,1.8030,2025-09-03 11:30:43,513.0
0.5340,16.9360,0.6020,96.9690,1.9730,2025-09-03 11:30:43,513.0
0.5180,16.93,0.3990,96.7490,1.8680,2025-09-03 11:30:43,513.0
0.5230,16.9360,0.55,96.9050,1.9360,2025-09-03 11:30:43,513.0
0.5440,17.0210,0.3850,97.0130,1.9880,2025-09-03 11:30:43,513.0
0.5210,16.9210,0.3890,97.1410,2.0560,2025-09-03 11:30:43,513.0
0.5180,16.9610,0.5350,96.7150,1.9270,2025-09-03 11:30:43,513.0
0.5140,16.9210,0.3990,97.0170,2.0170,2025-09-03 11:30:43,513.0
0.52,17.0020,0.28,96.9010,2.0620,2025-09-03 13:00:46,514.0
0.5320,16.7820,0.4310,97.1420,2.0360,2025-09-03 13:00:46,514.0
0.5250,16.9390,0.3810,96.87,1.8620,2025-09-03 13:00:46,514.0
0.5370,17.04,0.3250,97.0140,1.8230,2025-09-03 13:00:46,514.0
0.5220,16.9930,0.5640,96.8550,1.8690,2025-09-03 13:00:46,514.0
0.5370,17.0560,0.3920,96.9170,1.9870,2025-09-03 13:00:46,514.0
0.5250,17.0120,0.5080,96.7420,1.90,2025-09-03 13:00:46,514.0
0.5270,16.9360,0.4940,96.9810,1.8820,2025-09-03 13:00:46,514.0
0.5330,16.9870,0.3960,97.1130,1.8950,2025-09-03 13:00:46,514.0
0.5140,16.9080,0.3360,96.8910,1.8610,2025-09-03 13:00:46,514.0
0.5370,17.0340,0.4410,97.1350,1.9820,2025-09-03 13:00:46,514.0
0.5150,16.9990,0.3810,96.7210,1.9560,2025-09-03 13:00:46,514.0
0.5150,16.9490,0.5950,96.7090,1.9210,2025-09-03 13:00:46,514.0
0.5170,16.9740,0.4060,97.2240,1.9280,2025-09-03 13:00:46,514.0
0.5130,16.9830,0.4650,96.8310,1.8730,2025-09-03 13:00:46,514.0
0.5230,16.82,0.5250,97.1750,1.9750,2025-09-03 13:00:46,514.0
0.53,16.9390,0.5530,96.7880,1.9290,2025-09-03 13:00:46,514.0
0.5360,16.9430,0.4230,96.8530,2.0050,2025-09-03 13:00:46,514.0
0.5510,17.0370,0.4550,97.0790,1.95,2025-09-03 13:00:46,514.0
0.5160,16.9710,0.5320,96.9260,1.8620,2025-09-03 13:00:46,514.0
0.5230,16.9390,0.3780,97.0320,1.9430,2025-09-03 20:30:57,515.0
0.52,17.0120,0.4130,96.8650,2.0220,2025-09-03 20:30:57,515.0
0.5190,16.9870,0.5350,96.8580,1.9830,2025-09-03 20:30:57,515.0
0.5160,16.9580,0.4480,96.8990,2.0740,2025-09-03 20:30:57,515.0
0.5180,17.0020,0.3710,96.9970,2.0390,2025-09-03 20:30:57,515.0
0.53,16.9650,0.5910,97.3060,2.04,2025-09-03 20:30:57,515.0
0.5360,16.9490,0.4520,97.1630,2.0360,2025-09-03 20:30:57,515.0
0.5420,17.0680,0.34,96.7890,2.0170,2025-09-03 20:30:57,515.0
0.5190,16.9770,0.3640,97.0750,1.9870,2025-09-03 20:30:57,515.0
0.5230,16.9870,0.5350,96.9580,1.9410,2025-09-03 20:30:57,515.0
0.5160,16.9490,0.4410,97.0840,1.9540,2025-09-03 20:30:57,515.0
0.5520,17.0240,0.3610,96.8690,2.0310,2025-09-03 20:30:57,515.0
0.5130,16.9490,0.5430,97.0280,1.9870,2025-09-03 20:30:57,515.0
0.5260,16.9680,0.5350,96.9460,1.9740,2025-09-03 20:30:57,515.0
0.5330,17.0560,0.3750,97.0730,2.02,2025-09-03 20:30:57,515.0
0.5080,16.8730,0.4440,96.8450,1.9470,2025-09-03 20:30:57,515.0
0.5410,17.0340,0.4340,97.05,1.8760,2025-09-03 20:30:57,515.0
0.5380,16.9650,0.3250,96.8020,1.9980,2025-09-03 20:30:57,515.0
0.53,17.0050,0.5350,96.8030,2.0140,2025-09-03 20:30:57,515.0
0.5120,16.9240,0.4690,97.0160,2.03,2025-09-03 20:30:57,515.0
0.5320,16.9930,0.41,97.0560,2.0150,2025-09-03 21:41:02,516.0
0.5270,16.9930,0.4270,96.8320,1.9130,2025-09-03 21:41:02,516.0
0.5190,16.9430,0.3960,96.9160,2.04,2025-09-03 21:41:02,516.0
0.5070,16.8990,0.4020,97.0110,1.87,2025-09-03 21:41:02,516.0
0.5280,17.0090,0.49,96.9370,1.9230,2025-09-03 21:41:02,516.0
0.5320,16.9680,0.3640,96.8130,2.0920,2025-09-03 21:41:02,516.0
0.5520,16.9680,0.4060,97.2240,2.07,2025-09-03 21:41:02,516.0
0.5210,16.9610,0.4550,96.9660,2.0460,2025-09-03 21:41:02,516.0
0.5030,16.9210,0.3960,96.8650,1.9050,2025-09-03 21:41:02,516.0
0.5150,16.9990,0.3880,97.0530,1.9660,2025-09-03 21:41:02,516.0
0.5090,16.9240,0.5290,96.8650,1.8990,2025-09-03 21:41:02,516.0
0.5130,16.8920,0.3780,97.1380,1.8590,2025-09-03 21:41:02,516.0
0.5240,16.9520,0.3740,96.7620,2.0140,2025-09-03 21:41:02,516.0
0.5170,16.9240,0.4690,97.14,1.9150,2025-09-03 21:41:02,516.0
0.5250,17.0490,0.4170,96.8420,1.9050,2025-09-03 21:41:02,516.0
0.5110,16.9740,0.5180,96.8670,1.9970,2025-09-03 21:41:02,516.0
0.5310,17.0310,0.43,96.9540,2.0030,2025-09-03 21:41:02,516.0
0.5450,16.9930,0.4860,96.89,1.9950,2025-09-03 21:41:02,516.0
0.5140,16.9610,0.3750,96.9170,1.96,2025-09-03 21:41:02,516.0
0.5180,16.9430,0.4030,96.8840,2.0560,2025-09-03 21:41:02,516.0
0.5230,16.9490,0.4760,97.0980,1.9410,2025-09-04 10:56:09,517.0
0.52,16.82,0.4450,97.1830,2.0230,2025-09-04 10:56:09,517.0
0.5340,17.0750,0.4270,96.8350,1.99,2025-09-04 10:56:09,517.0
0.53,17.0460,0.5080,96.8960,1.97,2025-09-04 10:56:09,517.0
0.51,16.9490,0.4270,97.3370,1.9020,2025-09-04 10:56:09,517.0
0.5420,16.8890,0.5180,96.8550,2.1020,2025-09-04 10:56:09,517.0
0.5240,16.9610,0.3920,97.13,1.9720,2025-09-04 10:56:09,517.0
0.5440,17.0460,0.43,97.0450,2.0850,2025-09-04 10:56:09,517.0
0.5410,16.9240,0.3810,96.96,2.04,2025-09-04 10:56:09,517.0
0.5270,17.0120,0.4130,97.1950,1.9770,2025-09-04 10:56:09,517.0
0.5360,17.0270,0.3780,97.1610,1.9990,2025-09-04 10:56:09,517.0
0.5370,17.0490,0.3710,96.7790,1.9310,2025-09-04 10:56:09,517.0
0.5260,16.87,0.3960,97.1010,1.9630,2025-09-04 10:56:09,517.0
0.54,17.0590,0.4790,96.67,2.05,2025-09-04 10:56:09,517.0
0.5090,16.93,0.3220,96.7130,1.8710,2025-09-04 10:56:09,517.0
0.5360,16.9330,0.4310,97.1440,1.9540,2025-09-04 10:56:09,517.0
0.5150,16.9830,0.3890,96.9330,1.9590,2025-09-04 10:56:09,517.0
0.5090,16.8640,0.50,96.6980,1.9120,2025-09-04 10:56:09,517.0
0.5550,16.9990,0.42,96.7510,1.9960,2025-09-04 10:56:09,517.0
0.5140,16.9270,0.3920,96.8360,1.9180,2025-09-04 10:56:09,517.0
0.5110,16.9080,0.3360,97.0760,1.7960,2025-09-04 12:56:14,518.0
0.5290,16.9460,0.4170,96.9320,1.93,2025-09-04 12:56:14,518.0
0.5290,16.9830,0.42,97.1250,2.0480,2025-09-04 12:56:14,518.0
0.5340,17.0270,0.3890,96.8210,2.0010,2025-09-04 12:56:14,518.0
0.5260,16.8830,0.4520,97.0630,1.8810,2025-09-04 12:56:14,518.0
0.5120,16.8770,0.4310,97.0330,1.9970,2025-09-04 12:56:14,518.0
0.5210,16.93,0.4690,96.7950,2.0060,2025-09-04 12:56:14,518.0
0.5120,16.9930,0.4550,96.79,1.8810,2025-09-04 12:56:14,518.0
0.5320,16.9330,0.3750,97.0940,2.0830,2025-09-04 12:56:14,518.0
0.5240,17.0620,0.4940,96.8650,1.9190,2025-09-04 12:56:14,518.0
0.55,16.99,0.4160,96.8430,2.1680,2025-09-04 12:56:14,518.0
0.5230,16.9580,0.3360,96.9530,1.8850,2025-09-04 12:56:14,518.0
0.5330,17.04,0.5040,97.0030,2.0190,2025-09-04 12:56:14,518.0
0.5480,16.9550,0.6620,96.91,1.9790,2025-09-04 12:56:14,518.0
0.5170,16.8420,0.42,96.9950,1.8270,2025-09-04 12:56:14,518.0
0.5340,16.9390,0.4410,96.8390,1.9820,2025-09-04 12:56:14,518.0
0.5470,16.9740,0.35,96.8970,1.92,2025-09-04 12:56:14,518.0
0.5090,16.87,0.4030,96.8770,1.9370,2025-09-04 12:56:14,518.0
0.5330,16.9110,0.3640,96.9780,2.0360,2025-09-04 12:56:14,518.0
0.5190,16.93,0.3750,97.1240,1.9440,2025-09-04 12:56:14,518.0
0.5130,16.87,0.4020,97.1310,1.8910,2025-09-04 19:51:26,519.0
0.5280,16.9490,0.3920,97.0690,2.0960,2025-09-04 19:51:26,519.0
0.5210,16.9650,0.4730,97,2.0540,2025-09-04 19:51:26,519.0
0.5410,16.9580,0.5220,96.8050,2.0660,2025-09-04 19:51:26,519.0
0.5410,16.8730,0.5290,96.9110,1.9950,2025-09-04 19:51:26,519.0
0.5190,16.8830,0.4620,97.0280,2.0020,2025-09-04 19:51:26,519.0
0.5370,17.0620,0.3920,97.1160,1.9630,2025-09-04 19:51:26,519.0
0.5260,16.9870,0.3990,96.7580,1.9760,2025-09-04 19:51:26,519.0
0.5320,16.9490,0.4730,97.1790,2.0340,2025-09-04 19:51:26,519.0
0.5310,16.9550,0.5560,96.8950,2.0840,2025-09-04 19:51:26,519.0
0.5240,16.9330,0.5320,97.3650,1.9140,2025-09-04 19:51:26,519.0
0.52,16.9390,0.3920,97.1230,1.9940,2025-09-04 19:51:26,519.0
0.5190,16.8550,0.5110,96.88,1.90,2025-09-04 19:51:26,519.0
0.52,16.9390,0.55,96.8750,1.9640,2025-09-04 19:51:26,519.0
0.5430,16.8950,0.4760,97.0050,2.1750,2025-09-04 19:51:26,519.0
0.5280,16.8730,0.49,97.0230,1.9870,2025-09-04 19:51:26,519.0
0.54,16.9490,0.4310,97.0190,2.0470,2025-09-04 19:51:26,519.0
0.5250,16.8110,0.6890,97.2540,2.0290,2025-09-04 19:51:26,519.0
0.52,16.9710,0.6230,97.1870,1.87,2025-09-04 19:51:26,519.0
0.5240,16.9050,0.4480,97.0450,2.0620,2025-09-04 19:51:26,519.0
0.5170,16.9360,0.5880,96.9970,2.0460,2025-09-04 21:16:27,520.0
0.5240,16.8640,0.3850,97.0310,1.9540,2025-09-04 21:16:27,520.0
0.53,16.9930,0.4940,96.8730,1.9920,2025-09-04 21:16:27,520.0
0.5250,16.98,0.50,97.0320,2.0520,2025-09-04 21:16:27,520.0
0.5370,16.9210,0.55,96.8040,2.1020,2025-09-04 21:16:27,520.0
0.5340,16.8550,0.5430,96.8870,2.2030,2025-09-04 21:16:27,520.0
0.5250,16.9080,0.5080,96.8540,1.8630,2025-09-04 21:16:27,520.0
0.5220,16.82,0.5250,97.0020,2.0550,2025-09-04 21:16:27,520.0
0.5270,16.9550,0.4650,96.8380,1.9140,2025-09-04 21:16:27,520.0
0.5090,16.8550,0.4830,96.8840,2.02,2025-09-04 21:16:27,520.0
0.5310,16.87,0.5560,97.2240,1.9570,2025-09-04 21:16:27,520.0
0.5080,16.8730,0.5180,97.0570,1.9280,2025-09-04 21:16:27,520.0
0.5340,16.9210,0.4730,97.0470,2.0180,2025-09-04 21:16:27,520.0
0.5120,16.88,0.3960,97.0030,1.8080,2025-09-04 21:16:27,520.0
0.5220,16.8860,0.4060,96.8790,1.9480,2025-09-04 21:16:27,520.0
0.5140,16.8390,0.4130,96.9350,2.0860,2025-09-04 21:16:27,520.0
0.5210,17.0120,0.5250,96.9060,1.9680,2025-09-04 21:16:27,520.0
0.53,17.0050,0.4230,97.1320,2.0080,2025-09-04 21:16:27,520.0
0.5380,17.0050,0.4760,97.0610,2.0220,2025-09-04 21:16:27,520.0
0.5260,16.9710,0.5560,96.8970,1.9940,2025-09-04 21:16:27,520.0
0.5380,17.0090,0.3810,96.7670,2.0610,2025-09-05 11:26:38,521.0
0.5190,16.9140,0.4340,97.2280,2.0680,2025-09-05 11:26:38,521.0
0.5290,17.0210,0.49,96.9030,2.0160,2025-09-05 11:26:38,521.0
0.5390,17.0020,0.4510,97.0570,2.0740,2025-09-05 11:26:38,521.0
0.5220,16.9870,0.4340,96.7630,1.97,2025-09-05 11:26:38,521.0
0.5460,16.9210,0.5040,97.0030,2.1260,2025-09-05 11:26:38,521.0
0.5180,16.9140,0.5150,97.1560,1.95,2025-09-05 11:26:38,521.0
0.5360,17.0050,0.34,96.9870,2.0180,2025-09-05 11:26:38,521.0
0.5380,16.9080,0.4620,96.8970,2.1130,2025-09-05 11:26:38,521.0
0.5320,16.9930,0.4270,96.9760,2.0370,2025-09-05 11:26:38,521.0
0.52,17.0120,0.4760,97.0950,1.8750,2025-09-05 11:26:38,521.0
0.5220,16.9170,0.41,97.1030,2.0040,2025-09-05 11:26:38,521.0
0.5290,16.9990,0.3670,97.0820,1.9440,2025-09-05 11:26:38,521.0
0.5190,16.93,0.5880,96.7940,1.9630,2025-09-05 11:26:38,521.0
0.5450,17.0460,0.3920,96.9310,2.1050,2025-09-05 11:26:38,521.0
0.5540,16.9960,0.3810,97.0140,2.0420,2025-09-05 11:26:38,521.0
0.5310,16.8360,0.3810,96.7720,2.0620,2025-09-05 11:26:38,521.0
0.5270,16.88,0.4170,96.9960,2.0130,2025-09-05 11:26:38,521.0
0.5350,17.04,0.4130,97.1370,2.1380,2025-09-05 11:26:38,521.0
0.5160,16.9020,0.5110,96.99,2.0070,2025-09-05 11:26:38,521.0
0.5390,17.0310,0.41,96.8730,2.0770,2025-09-05 21:36:53,522.0
0.5040,16.9960,0.4550,97.0990,1.8290,2025-09-05 21:36:53,522.0
0.5250,16.9520,0.3990,96.8380,1.9670,2025-09-05 21:36:53,522.0
0.5540,16.9770,0.4380,97.2770,2.1350,2025-09-05 21:36:53,522.0
0.5390,17.0680,0.4830,97.1940,2.16,2025-09-05 21:36:53,522.0
0.5380,16.9390,0.4760,96.7350,2.0450,2025-09-05 21:36:53,522.0
0.5560,16.9050,0.4310,96.9580,2.0970,2025-09-05 21:36:53,522.0
0.50,16.9710,0.5110,96.8910,1.9660,2025-09-05 21:36:53,522.0
0.5160,16.9610,0.4410,96.9410,1.8560,2025-09-05 21:36:53,522.0
0.5150,16.9770,0.3430,96.6990,2.0010,2025-09-05 21:36:53,522.0
0.53,17.0460,0.3990,96.8310,1.94,2025-09-05 21:36:53,522.0
0.5250,16.9740,0.4270,96.7820,1.90,2025-09-05 21:36:53,522.0
0.5190,17.0180,0.4550,97.0530,1.81,2025-09-05 21:36:53,522.0
0.5270,16.9870,0.50,97.0120,1.9780,2025-09-05 21:36:53,522.0
0.5450,17.0710,0.4270,97.0980,2.0760,2025-09-05 21:36:53,522.0
0.5220,17.0310,0.4760,97.0670,1.8980,2025-09-05 21:36:53,522.0
0.5370,17.0930,0.4270,97.0020,1.9960,2025-09-05 21:36:53,522.0
0.5340,17.1060,0.3990,96.8020,2.1290,2025-09-05 21:36:53,522.0
0.53,16.98,0.4310,97.1390,2.0350,2025-09-05 21:36:53,522.0
0.5410,16.8670,0.42,96.9920,2.1680,2025-09-05 21:36:53,522.0
0.5080,16.8450,0.4340,97.1010,1.9540,2025-09-06 10:18:49,523.0
0.5430,17.0650,0.3780,97.17,2.0740,2025-09-06 10:18:49,523.0
0.5320,16.9550,0.55,97,2.0180,2025-09-06 10:18:49,523.0
0.5490,17.0090,0.4230,96.8930,2.0670,2025-09-06 10:18:49,523.0
0.5120,16.9990,0.4760,96.8930,1.8960,2025-09-06 10:18:49,523.0
0.5320,16.9680,0.4690,97.2140,1.99,2025-09-06 10:18:49,523.0
0.5170,16.8610,0.4230,97.1090,1.92,2025-09-06 10:18:49,523.0
0.5380,16.9360,0.3750,97.0980,1.9120,2025-09-06 10:18:49,523.0
0.5240,16.8950,0.4090,96.95,1.9050,2025-09-06 10:18:49,523.0
0.5220,16.9020,0.3780,97.0360,2.04,2025-09-06 10:18:49,523.0
0.5440,16.9520,0.3920,96.9580,2.0440,2025-09-06 10:18:49,523.0
0.5290,16.9610,0.5150,97.0540,2.0370,2025-09-06 10:18:49,523.0
0.5330,17.0530,0.4620,96.9240,2.0290,2025-09-06 10:18:49,523.0
0.54,17.0780,0.42,96.9390,2.0460,2025-09-06 10:18:49,523.0
0.5350,17.0150,0.4060,97.1090,2.0210,2025-09-06 10:18:49,523.0
0.5190,16.8770,0.3920,97.0350,1.9530,2025-09-06 10:18:49,523.0
0.5270,16.9490,0.4830,97.2480,2.0230,2025-09-06 10:18:49,523.0
0.5130,16.9550,0.4380,97.1130,1.9890,2025-09-06 10:18:49,523.0
0.5230,16.9710,0.3780,96.9240,1.8970,2025-09-06 10:18:49,523.0
0.51,17.0650,0.50,97.1270,1.8740,2025-09-06 10:18:49,523.0
0.5490,16.9990,0.6120,97.1580,2.0790,2025-09-06 11:58:50,524.0
0.5260,16.8330,0.4550,97.2670,1.9550,2025-09-06 11:58:50,524.0
0.5520,16.9490,0.5530,96.9640,2.0280,2025-09-06 11:58:50,524.0
0.52,16.9360,0.7350,96.9780,1.8940,2025-09-06 11:58:50,524.0
0.5520,16.9110,0.6860,97.21,2.0090,2025-09-06 11:58:50,524.0
0.52,17.0840,0.5150,96.9520,1.9360,2025-09-06 11:58:50,524.0
0.5430,16.9870,0.5010,97.0810,2.0330,2025-09-06 11:58:50,524.0
0.5350,16.9870,0.7420,97.2210,1.9880,2025-09-06 11:58:50,524.0
0.5450,16.9710,0.3610,97.0050,2.1060,2025-09-06 11:58:50,524.0
0.5370,16.9330,0.64,97.12,2.1280,2025-09-06 11:58:50,524.0
0.54,16.9020,0.56,97.01,2.0220,2025-09-06 11:58:50,524.0
0.5210,17.0020,0.5530,96.9350,1.9590,2025-09-06 11:58:50,524.0
0.5220,16.8890,0.5460,96.8560,1.9550,2025-09-06 11:58:50,524.0
0.5350,17.0840,0.5180,96.8360,1.9320,2025-09-06 11:58:50,524.0
0.5280,17.0370,0.5910,97.0160,2.0580,2025-09-06 11:58:50,524.0
0.52,16.9080,0.6720,97.0420,2.0220,2025-09-06 11:58:50,524.0
0.5290,16.9960,0.6370,96.9940,1.8870,2025-09-06 11:58:50,524.0
0.5290,16.9270,0.5040,97.0750,1.9850,2025-09-06 11:58:50,524.0
0.5510,16.9990,0.4660,97.2240,2.1210,2025-09-06 11:58:50,524.0
0.5370,16.8670,0.5710,97.2380,2.0060,2025-09-06 11:58:50,524.0
0.52,16.9360,0.6930,96.89,2.0110,2025-09-06 12:58:51,525.0
0.53,16.9240,0.4170,97.1570,2.0330,2025-09-06 12:58:51,525.0
0.5320,16.9170,0.4860,97.1350,1.9990,2025-09-06 12:58:51,525.0
0.53,16.9020,0.5880,97.0460,2.03,2025-09-06 12:58:51,525.0
0.5480,17.0050,0.4450,97.2870,2.1260,2025-09-06 12:58:51,525.0
0.5180,16.9430,0.6190,97.0350,1.97,2025-09-06 12:58:51,525.0
0.5360,17.0020,0.4830,96.8560,2.0270,2025-09-06 12:58:51,525.0
0.5410,17.0020,0.6370,97.0940,2.0850,2025-09-06 12:58:51,525.0
0.5490,16.9170,0.5630,97.2380,2.1370,2025-09-06 12:58:51,525.0
0.5150,16.9490,0.6970,97.0240,1.8220,2025-09-06 12:58:51,525.0
0.5180,16.9830,0.5150,97.1420,1.9510,2025-09-06 12:58:51,525.0
0.5340,16.9170,0.6160,97.2280,2.0370,2025-09-06 12:58:51,525.0
0.52,16.9210,0.3430,96.9690,1.9310,2025-09-06 12:58:51,525.0
0.52,17.0240,0.6090,96.8010,2.02,2025-09-06 12:58:51,525.0
0.5140,16.93,0.4520,96.8820,1.9210,2025-09-06 12:58:51,525.0
0.5240,16.9430,0.5950,96.7490,2.05,2025-09-06 12:58:51,525.0
0.5550,16.9610,0.5670,97.0840,2.1680,2025-09-06 12:58:51,525.0
0.5140,16.9210,0.6160,97.2150,1.9550,2025-09-06 12:58:51,525.0
0.5340,16.9270,0.5350,97.0960,2.0450,2025-09-06 12:58:51,525.0
0.5320,16.9580,0.4230,97.1460,2.0620,2025-09-06 12:58:51,525.0
0.5160,16.9210,0.3990,97.1460,1.8610,2025-09-06 13:08:52,526.0
0.51,16.9710,0.3290,97.0750,1.8560,2025-09-06 13:08:52,526.0
0.5210,17.1630,0.3150,97.0280,1.8620,2025-09-06 13:08:52,526.0
0.5070,17.0090,0.3710,96.9640,1.95,2025-09-06 13:08:52,526.0
0.5240,17.04,0.5250,96.9120,1.9930,2025-09-06 13:08:52,526.0
0.5080,16.9020,0.4690,97.0880,1.9870,2025-09-06 13:08:52,526.0
0.5240,17.0120,0.4720,96.7780,2.0090,2025-09-06 13:08:52,526.0
0.5370,17.0210,0.4380,96.8840,2.1290,2025-09-06 13:08:52,526.0
0.5130,16.9990,0.4760,97.0020,1.9240,2025-09-06 13:08:52,526.0
0.5260,16.9270,0.4130,97.0440,1.9550,2025-09-06 13:08:52,526.0
0.5320,16.9240,0.3430,96.9260,1.9730,2025-09-06 13:08:52,526.0
0.5340,16.8990,0.4760,97.0120,2.0790,2025-09-06 13:08:52,526.0
0.5360,16.8990,0.3670,97.0540,2.0380,2025-09-06 13:08:52,526.0
0.5230,16.9430,0.4060,96.8240,2.0970,2025-09-06 13:08:52,526.0
0.5260,16.9170,0.3780,97.0350,1.9110,2025-09-06 13:08:52,526.0
0.5250,16.9360,0.5430,97.1090,1.9050,2025-09-06 13:08:52,526.0
0.5370,16.9770,0.4410,97.2080,1.9520,2025-09-06 13:08:52,526.0
0.5280,16.9550,0.4690,96.9060,1.9310,2025-09-06 13:08:52,526.0
0.5070,17.1190,0.4310,97.38,1.9020,2025-09-06 13:08:52,526.0
0.5330,17.0840,0.3960,96.9250,1.9390,2025-09-06 13:08:52,526.0
0.5350,17.0270,0.5880,97.2090,2.0740,2025-09-06 18:33:55,527.0
0.5470,16.9330,0.6650,96.9840,2.09,2025-09-06 18:33:55,527.0
0.5190,16.9140,0.7870,96.9470,1.8970,2025-09-06 18:33:55,527.0
0.5240,16.9490,0.7240,97.1360,1.9250,2025-09-06 18:33:55,527.0
0.5420,16.9170,0.4970,96.9380,1.9950,2025-09-06 18:33:55,527.0
0.5290,17.0460,0.6930,97.1050,1.8730,2025-09-06 18:33:55,527.0
0.5440,17.0120,0.5630,96.9040,1.9690,2025-09-06 18:33:55,527.0
0.5490,17.0270,0.5850,97.1990,2.1160,2025-09-06 18:33:55,527.0
0.5510,16.9550,0.6650,97.0230,2.0080,2025-09-06 18:33:55,527.0
0.5590,17.0150,0.7210,97.2560,2.0820,2025-09-06 18:33:55,527.0
0.5280,17.0050,0.5710,96.7850,1.9050,2025-09-06 18:33:55,527.0
0.5250,17.0680,0.5910,96.9030,2.07,2025-09-06 18:33:55,527.0
0.5380,16.98,0.5990,97.1540,1.9550,2025-09-06 18:33:55,527.0
0.5330,16.9580,0.6580,97.0540,2.0510,2025-09-06 18:33:55,527.0
0.5320,16.9390,0.5950,97.0280,2.0150,2025-09-06 18:33:55,527.0
0.5440,16.8920,0.5740,97.3680,1.9850,2025-09-06 18:33:55,527.0
0.5250,16.9140,0.5880,97.0830,2.0290,2025-09-06 18:33:55,527.0
0.5370,16.9770,0.6190,97.1510,1.9530,2025-09-06 18:33:55,527.0
0.5180,17.0210,0.6720,96.8970,1.8190,2025-09-06 18:33:55,527.0
0.5210,16.9740,0.6020,96.9780,1.9220,2025-09-06 18:33:55,527.0
0.5350,16.9680,0.5530,97.4210,2.0540,2025-09-06 18:43:56,528.0
0.5440,17.0150,0.4580,96.97,2,2025-09-06 18:43:56,528.0
0.5340,16.9710,0.5110,97.0380,2.0050,2025-09-06 18:43:56,528.0
0.4960,16.9210,0.4580,97.1030,1.8090,2025-09-06 18:43:56,528.0
0.5230,17.0150,0.3850,96.8370,1.8750,2025-09-06 18:43:56,528.0
0.5290,16.9550,0.3920,97.0720,1.9250,2025-09-06 18:43:56,528.0
0.5250,17.0150,0.4270,97.2790,1.7870,2025-09-06 18:43:56,528.0
0.5090,16.9050,0.4520,96.9560,1.8160,2025-09-06 18:43:56,528.0
0.52,16.9990,0.4020,97.0730,1.9760,2025-09-06 18:43:56,528.0
0.5460,17.0370,0.4480,96.9120,2.1740,2025-09-06 18:43:56,528.0
0.53,17.0150,0.3850,97.0870,1.9690,2025-09-06 18:43:56,528.0
0.5270,16.9830,0.4580,96.8730,2.01,2025-09-06 18:43:56,528.0
0.5250,16.9240,0.41,97.1480,1.9430,2025-09-06 18:43:56,528.0
0.5330,16.9710,0.4730,96.9170,2.0370,2025-09-06 18:43:56,528.0
0.5180,16.9390,0.5180,97.1920,1.91,2025-09-06 18:43:56,528.0
0.5280,16.9140,0.4380,97.1260,2.0710,2025-09-06 18:43:56,528.0
0.5360,17.0050,0.5080,96.88,1.9230,2025-09-06 18:43:56,528.0
0.5180,17.0370,0.4380,96.9640,1.9330,2025-09-06 18:43:56,528.0
0.5260,16.9520,0.56,97.0040,1.9920,2025-09-06 18:43:56,528.0
0.5330,16.9830,0.5710,97.0230,2.0010,2025-09-06 18:43:56,528.0
0.5330,16.9430,0.6090,97.2540,1.9960,2025-09-06 20:53:58,529.0
0.52,17.0180,0.6060,96.9130,1.9260,2025-09-06 20:53:58,529.0
0.5230,17.0780,0.5710,96.9450,2.0130,2025-09-06 20:53:58,529.0
0.5430,17.0590,0.5910,97.1320,2.0050,2025-09-06 20:53:58,529.0
0.4930,16.93,0.7840,96.9240,1.8460,2025-09-06 20:53:58,529.0
0.5330,16.9740,0.6550,97.1190,1.9390,2025-09-06 20:53:58,529.0
0.5070,17.0210,0.6060,97.0030,1.87,2025-09-06 20:53:58,529.0
0.5310,17.0490,0.5670,96.9990,1.8760,2025-09-06 20:53:58,529.0
0.5360,16.9770,0.4730,97.0570,1.8850,2025-09-06 20:53:58,529.0
0.53,16.9610,0.7350,97.1260,1.9110,2025-09-06 20:53:58,529.0
0.5350,17.0050,0.7350,97.1680,1.9270,2025-09-06 20:53:58,529.0
0.5310,17.0120,0.5710,97.2210,2.0110,2025-09-06 20:53:58,529.0
0.5290,17.0240,0.5320,96.9250,1.9990,2025-09-06 20:53:58,529.0
0.5360,17.04,0.7110,96.8060,1.9630,2025-09-06 20:53:58,529.0
0.5260,17.0090,0.7450,96.9690,2.0850,2025-09-06 20:53:58,529.0
0.5310,16.9930,0.5180,97.20,2.0010,2025-09-06 20:53:58,529.0
0.5330,17.0150,0.6930,96.8840,0.0140,2025-09-06 20:53:58,529.0
0.53,17.0650,0.5350,97.1780,1.9650,2025-09-06 20:53:58,529.0
0.5310,16.9770,0.7110,96.9860,1.9310,2025-09-06 20:53:58,529.0
0.5240,16.9360,0.70,97.1770,1.9850,2025-09-06 20:53:58,529.0
0.5270,16.98,0.4410,97.0420,1.9390,2025-09-06 21:03:59,530.0
0.54,17.0240,0.4240,96.9140,2.0120,2025-09-06 21:03:59,530.0
0.5380,16.9740,0.3880,97.0580,2.0220,2025-09-06 21:03:59,530.0
0.5480,17.0310,0.3750,97.0670,2.0320,2025-09-06 21:03:59,530.0
0.5320,17.0090,0.4520,96.9830,1.9930,2025-09-06 21:03:59,530.0
0.5440,16.9360,0.3920,97.0740,2.0720,2025-09-06 21:03:59,530.0
0.5230,16.98,0.4760,96.9890,1.9510,2025-09-06 21:03:59,530.0
0.4940,16.9080,0.5110,97.1960,1.8770,2025-09-06 21:03:59,530.0
0.5450,16.87,0.5080,97.1290,2.0320,2025-09-06 21:03:59,530.0
0.5420,17.0020,0.4790,97.03,1.9820,2025-09-06 21:03:59,530.0
0.5370,17.0050,0.5010,96.98,2.0630,2025-09-06 21:03:59,530.0
0.52,16.8860,0.3960,97.1130,1.9260,2025-09-06 21:03:59,530.0
0.5310,16.9580,0.50,97.1070,2.0560,2025-09-06 21:03:59,530.0
0.5280,16.8670,0.4660,96.9970,2.08,2025-09-06 21:03:59,530.0
0.5370,16.98,0.4270,97.0120,2.1220,2025-09-06 21:03:59,530.0
0.5310,16.8890,0.4550,96.8910,2.0270,2025-09-06 21:03:59,530.0
0.54,16.9710,0.4440,96.8640,2.0980,2025-09-06 21:03:59,530.0
0.5390,16.9520,0.43,97.0490,2.0630,2025-09-06 21:03:59,530.0
0.5130,16.8550,0.5530,97.2470,2.0010,2025-09-06 21:03:59,530.0
0.5410,16.9610,0.4410,96.9220,2.0310,2025-09-06 21:03:59,530.0
0.53,16.9490,0.7390,97.2290,1.9830,2025-09-07 10:25:10,531.0
0.5380,17.0810,0.3890,97.1250,2.01,2025-09-07 10:25:10,531.0
0.5250,17.0050,0.7390,97.1720,1.9080,2025-09-07 10:25:10,531.0
0.52,17.0210,0.6510,96.8660,1.8770,2025-09-07 10:25:10,531.0
0.5380,17.10,0.71,96.9480,1.9370,2025-09-07 10:25:10,531.0
0.5120,16.9990,0.6830,96.8790,1.82,2025-09-07 10:25:10,531.0
0.54,16.9360,0.62,97.2910,2.0590,2025-09-07 10:25:10,531.0
0.5450,16.9830,0.5850,97.2320,1.9870,2025-09-07 10:25:10,531.0
0.5520,17.0530,0.5570,97.2410,2.0780,2025-09-07 10:25:10,531.0
0.5510,17.0370,0.5180,97.2310,2.0070,2025-09-07 10:25:10,531.0
0.5170,17.0490,0.71,96.9730,1.7950,2025-09-07 10:25:10,531.0
0.5240,17.0370,0.55,96.9240,1.9310,2025-09-07 10:25:10,531.0
0.5230,17.0120,0.6620,97.0150,1.8520,2025-09-07 10:25:10,531.0
0.5260,16.9830,0.5840,97.2230,1.8780,2025-09-07 10:25:10,531.0
0.5340,17.0020,0.6540,97.2490,2.0710,2025-09-07 10:25:10,531.0
0.5210,16.9460,0.5710,96.9080,1.8870,2025-09-07 10:25:10,531.0
0.5180,17.0090,0.6440,97.0290,1.8080,2025-09-07 10:25:10,531.0
0.5180,16.9610,0.5460,97.0050,2.0020,2025-09-07 10:25:10,531.0
0.53,17.0530,0.5560,97.1090,1.9750,2025-09-07 10:25:10,531.0
0.52,16.9610,0.5430,97.1060,1.9810,2025-09-07 10:25:10,531.0
0.5350,16.8670,0.4730,96.9340,2.0750,2025-09-07 10:30:11,532.0
0.5330,17.04,0.49,96.9450,1.9770,2025-09-07 10:30:11,532.0
0.5510,17.0050,0.3850,96.8170,1.96,2025-09-07 10:30:11,532.0
0.5250,16.9240,0.3880,97.0180,1.94,2025-09-07 10:30:11,532.0
0.5240,16.9830,0.3880,97.2590,1.9710,2025-09-07 10:30:11,532.0
0.5350,16.99,0.4090,96.9550,1.9920,2025-09-07 10:30:11,532.0
0.5310,16.9990,0.3810,96.8840,2.0360,2025-09-07 10:30:11,532.0
0.5580,17.0370,0.3670,96.8250,2.0440,2025-09-07 10:30:11,532.0
0.5190,16.9520,0.4520,96.9690,1.9750,2025-09-07 10:30:11,532.0
0.5180,17.0020,0.34,96.9150,1.8480,2025-09-07 10:30:11,532.0
0.5480,16.9680,0.56,97.0050,1.9440,2025-09-07 10:30:11,532.0
0.5520,16.98,0.4410,97.2150,2.0970,2025-09-07 10:30:11,532.0
0.5390,16.9460,0.4480,97.0130,2.1560,2025-09-07 10:30:11,532.0
0.5320,16.8950,0.3750,97.0680,1.97,2025-09-07 10:30:11,532.0
0.5170,16.93,0.3850,97.0240,1.8550,2025-09-07 10:30:11,532.0
0.5370,16.9830,0.3570,97.1250,1.92,2025-09-07 10:30:11,532.0
0.5250,16.9930,0.5010,96.98,1.9830,2025-09-07 10:30:11,532.0
0.5170,16.8640,0.5530,97.1150,2,2025-09-07 10:30:11,532.0
0.5240,16.9650,0.3990,97.06,2.0010,2025-09-07 10:30:11,532.0
0.5150,16.9430,0.5640,97.2480,1.8770,2025-09-07 10:30:11,532.0
0.5320,16.9870,0.5670,97.2660,1.98,2025-09-07 12:20:13,533.0
0.5350,16.9680,0.6540,97.2530,1.9430,2025-09-07 12:20:13,533.0
0.55,16.9930,0.6370,97.2220,2.0870,2025-09-07 12:20:13,533.0
0.5280,17.0150,0.5850,96.7940,1.9330,2025-09-07 12:20:13,533.0
0.5240,17.0810,0.5150,96.8950,1.9050,2025-09-07 12:20:13,533.0
0.5330,17.0680,0.6890,96.83,1.9950,2025-09-07 12:20:13,533.0
0.5280,17.0270,0.6410,97.0220,1.9190,2025-09-07 12:20:13,533.0
0.5540,17.0120,0.5530,97.3170,2.11,2025-09-07 12:20:13,533.0
0.5490,16.9990,0.6230,96.8720,2.1380,2025-09-07 12:20:13,533.0
0.5440,17.0150,0.6410,96.7720,2.0580,2025-09-07 12:20:13,533.0
0.5480,16.9550,0.5250,97.0180,2.0780,2025-09-07 12:20:13,533.0
0.53,16.9650,0.6060,97.1140,1.9040,2025-09-07 12:20:13,533.0
0.52,17.0240,0.6680,97.0580,1.9060,2025-09-07 12:20:13,533.0
0.5260,17.0270,0.62,96.8420,2.0090,2025-09-07 12:20:13,533.0
0.5450,16.9610,0.6650,97.0420,2.0910,2025-09-07 12:20:13,533.0
0.5260,17.0650,0.6370,97.1370,1.9120,2025-09-07 12:20:13,533.0
0.5460,16.9740,0.8090,97.1550,2.0120,2025-09-07 12:20:13,533.0
0.5310,16.9830,0.6370,96.82,1.8990,2025-09-07 12:20:13,533.0
0.51,16.9650,0.5530,96.7010,1.9290,2025-09-07 12:20:13,533.0
0.5390,16.9210,0.5740,97.0940,2.0410,2025-09-07 12:20:13,533.0
0.5210,17.0150,0.5150,97.1050,1.9390,2025-09-07 12:30:14,534.0
0.5180,16.9170,0.4520,97.2390,1.8420,2025-09-07 12:30:14,534.0
0.5220,16.98,0.4230,96.9210,1.9150,2025-09-07 12:30:14,534.0
0.5350,16.98,0.42,97.0120,1.9230,2025-09-07 12:30:14,534.0
0.5250,16.9770,0.4340,97.0780,2.0830,2025-09-07 12:30:14,534.0
0.5090,16.9770,0.4660,97.2440,1.9060,2025-09-07 12:30:14,534.0
0.5170,16.9140,0.4520,97.3880,1.9670,2025-09-07 12:30:14,534.0
0.52,16.99,0.4310,96.9930,1.8660,2025-09-07 12:30:14,534.0
0.5320,17.0090,0.3750,96.8510,1.8890,2025-09-07 12:30:14,534.0
0.5160,16.9430,0.3960,97.2630,1.9660,2025-09-07 12:30:14,534.0
0.5510,17.0560,0.3740,96.90,2.0260,2025-09-07 12:30:14,534.0
0.5420,16.99,0.4240,97.07,2.0650,2025-09-07 12:30:14,534.0
0.5150,16.9990,0.4970,96.8740,1.8560,2025-09-07 12:30:14,534.0
0.5140,16.9430,0.4720,97.0030,1.9330,2025-09-07 12:30:14,534.0
0.5480,17.0050,0.5040,97.1470,2.08,2025-09-07 12:30:14,534.0
0.5380,16.9830,0.4830,97.0230,2.0960,2025-09-07 12:30:14,534.0
0.5260,17.0270,0.5180,96.8270,1.9680,2025-09-07 12:30:14,534.0
0.5250,16.9110,0.5180,97.2510,1.9570,2025-09-07 12:30:14,534.0
0.5220,16.9240,0.4550,96.8730,1.9510,2025-09-07 12:30:14,534.0
0.5290,16.9650,0.42,97.28,1.9550,2025-09-07 12:30:14,534.0
0.5270,17.1150,0.5220,96.8410,1.9060,2025-09-07 18:35:16,535.0
0.5390,17.0530,0.4170,96.9920,2.0210,2025-09-07 18:35:16,535.0
0.5570,17.1030,0.4520,96.9950,2.1120,2025-09-07 18:35:16,535.0
0.5050,17.09,0.4450,97.0910,1.7920,2025-09-07 18:35:16,535.0
0.5470,17.0530,0.3780,97.1760,1.9890,2025-09-07 18:35:16,535.0
0.5210,17.0930,0.43,97.0190,1.9660,2025-09-07 18:35:16,535.0
0.5610,17.0680,0.5630,97.2430,2.09,2025-09-07 18:35:16,535.0
0.5230,17.15,0.42,97.0440,1.8450,2025-09-07 18:35:16,535.0
0.5520,16.9830,0.4410,96.9780,2.0450,2025-09-07 18:35:16,535.0
0.5090,17.0210,0.5390,97.1010,1.8470,2025-09-07 18:35:16,535.0
0.5250,17.0460,0.4550,97.0780,1.9290,2025-09-07 18:35:16,535.0
0.54,17.1060,0.4270,96.9340,1.9690,2025-09-07 18:35:16,535.0
0.5170,17.0840,0.49,96.8670,1.9580,2025-09-07 18:35:16,535.0
0.5320,17.04,0.3990,97.0370,1.9870,2025-09-07 18:35:16,535.0
0.5380,17.0970,0.55,96.9260,1.9740,2025-09-07 18:35:16,535.0
0.52,17.0020,0.5220,97.0290,1.9880,2025-09-07 18:35:16,535.0
0.5310,16.9710,0.4860,97.0260,1.96,2025-09-07 18:35:16,535.0
0.5310,17.0560,0.4940,96.9920,1.9440,2025-09-07 18:35:16,535.0
0.5330,17.0430,0.5080,96.9730,2.0170,2025-09-07 18:35:16,535.0
0.5160,17.0310,0.5990,96.9590,1.9790,2025-09-07 18:35:16,535.0
0.5310,17.0210,0.6090,97.0230,1.9610,2025-09-07 18:55:18,536.0
0.5350,17.0180,0.7240,97.0010,1.9250,2025-09-07 18:55:18,536.0
0.5210,16.9360,0.6680,96.8890,1.8470,2025-09-07 18:55:18,536.0
0.5190,16.9740,0.5710,97.0170,1.9240,2025-09-07 18:55:18,536.0
0.5350,17.0310,0.6270,96.9360,2.06,2025-09-07 18:55:18,536.0
0.5340,16.9080,0.6120,97.4250,2.0430,2025-09-07 18:55:18,536.0
0.5320,16.9270,0.6230,97.0760,2.0530,2025-09-07 18:55:18,536.0
0.5410,16.9610,0.5640,97.0790,1.9830,2025-09-07 18:55:18,536.0
0.5310,16.9710,0.5180,97.14,1.9550,2025-09-07 18:55:18,536.0
0.5230,17.04,0.5180,96.88,1.8090,2025-09-07 18:55:18,536.0
0.5110,16.8830,0.4760,97.0230,1.9630,2025-09-07 18:55:18,536.0
0.52,16.9580,0.4860,97.1690,1.9470,2025-09-07 18:55:18,536.0
0.5340,17.0310,0.4650,96.9220,2.0040,2025-09-07 18:55:18,536.0
0.4950,16.9460,0.6860,96.8830,1.8160,2025-09-07 18:55:18,536.0
0.5350,16.9680,0.42,97.1760,1.9360,2025-09-07 18:55:18,536.0
0.5040,16.9550,0.4870,97.03,1.7270,2025-09-07 18:55:18,536.0
0.5250,17.0370,0.5390,97.1470,1.87,2025-09-07 18:55:18,536.0
0.5250,16.9080,0.5910,96.8720,1.9550,2025-09-07 18:55:18,536.0
0.5110,16.9650,0.6330,97.1260,2.0010,2025-09-07 18:55:18,536.0
0.5250,16.9360,0.6230,97.2540,2.0260,2025-09-07 18:55:18,536.0
0.5350,17.0050,0.6020,97.2190,2.0330,2025-09-07 21:35:19,537.0
0.5170,16.93,0.5530,97.2550,1.8650,2025-09-07 21:35:19,537.0
0.5320,17.0560,0.5210,97.2390,1.9380,2025-09-07 21:35:19,537.0
0.5090,16.9580,0.6540,97.0360,1.9040,2025-09-07 21:35:19,537.0
0.5210,16.9270,0.63,97.0950,1.9030,2025-09-07 21:35:19,537.0
0.5220,17.0340,0.5740,96.94,1.93,2025-09-07 21:35:19,537.0
0.5180,17.0490,0.5950,96.9270,1.8910,2025-09-07 21:35:19,537.0
0.5410,16.9770,0.5910,97.2170,2.1270,2025-09-07 21:35:19,537.0
0.5210,17.0270,0.6230,97.1320,1.8970,2025-09-07 21:35:19,537.0
0.5430,16.9240,0.5210,97.2220,2.12,2025-09-07 21:35:19,537.0
0.5420,17.0020,0.6370,97.0420,1.98,2025-09-07 21:35:19,537.0
0.5290,17.0120,0.4760,97.2670,2.0470,2025-09-07 21:35:19,537.0
0.5510,16.9550,0.62,97.0160,2.05,2025-09-07 21:35:19,537.0
0.5110,17.0180,0.6270,96.9820,1.8690,2025-09-07 21:35:19,537.0
0.5330,16.8730,0.6830,96.9910,2.0420,2025-09-07 21:35:19,537.0
0.5260,16.9710,0.4730,97.0410,1.9980,2025-09-07 21:35:19,537.0
0.5420,16.9990,0.6510,96.8910,2.1370,2025-09-07 21:35:19,537.0
0.5030,16.9210,0.6060,97.0320,2.0010,2025-09-07 21:35:19,537.0
0.5110,16.9870,0.6480,97.1350,1.9070,2025-09-07 21:35:19,537.0
0.5250,16.9680,0.5670,96.9790,2.0470,2025-09-07 21:35:19,537.0
0.5130,17.0530,0.3010,97.2260,1.8630,2025-09-07 21:40:20,538.0
0.50,17.0210,0.5670,96.9290,1.8480,2025-09-07 21:40:20,538.0
0.52,17.0120,0.3880,96.8330,1.8320,2025-09-07 21:40:20,538.0
0.5160,17.0590,0.4240,97.0110,1.9570,2025-09-07 21:40:20,538.0
0.5350,17.0020,0.5630,97.2120,2.0460,2025-09-07 21:40:20,538.0
0.51,16.9770,0.4620,97.0870,1.9370,2025-09-07 21:40:20,538.0
0.53,16.98,0.4340,97.0360,1.9690,2025-09-07 21:40:20,538.0
0.5180,16.8990,0.4020,97.1710,1.9830,2025-09-07 21:40:20,538.0
0.5190,16.98,0.5530,96.9620,2.0450,2025-09-07 21:40:20,538.0
0.5360,17.0680,0.5390,96.8870,2.0460,2025-09-07 21:40:20,538.0
0.5330,16.9960,0.4230,96.8750,2.0870,2025-09-07 21:40:20,538.0
0.5270,16.9110,0.4020,97.1180,2.0830,2025-09-07 21:40:20,538.0
0.5210,16.9960,0.4970,97.2490,1.9660,2025-09-07 21:40:20,538.0
0.5270,16.99,0.4380,96.8010,1.9770,2025-09-07 21:40:20,538.0
0.5220,17.0340,0.4060,96.8110,1.9030,2025-09-07 21:40:20,538.0
0.4970,16.9210,0.5040,97.1150,1.8120,2025-09-07 21:40:20,538.0
0.5150,16.9610,0.4730,97.2520,1.8870,2025-09-07 21:40:20,538.0
0.5250,17.0590,0.4480,96.9010,1.9470,2025-09-07 21:40:20,538.0
0.5250,17.04,0.4790,97.0130,1.95,2025-09-07 21:40:20,538.0
0.5440,17.0180,0.55,96.8880,2.1550,2025-09-07 21:40:20,538.0
0.5150,17.0270,0.4340,97.1250,1.9340,2025-09-08 13:11:04,539.0
0.5030,16.88,0.5530,96.8130,1.8750,2025-09-08 13:11:04,539.0
0.52,16.8550,0.3710,97.2480,1.8820,2025-09-08 13:11:04,539.0
0.5060,16.8480,0.5080,97.1110,1.9050,2025-09-08 13:11:04,539.0
0.5430,16.9770,0.5740,97.0210,2.0690,2025-09-08 13:11:04,539.0
0.5280,16.9110,0.4310,97.0580,2.0350,2025-09-08 13:11:04,539.0
0.5440,16.9710,0.4480,96.92,2.1350,2025-09-08 13:11:04,539.0
0.53,16.9460,0.4030,97.0250,1.9530,2025-09-08 13:11:04,539.0
0.5310,16.9210,0.5670,97.2420,1.9990,2025-09-08 13:11:04,539.0
0.5510,16.9650,0.4130,97.0110,2.01,2025-09-08 13:11:04,539.0
0.5270,16.9390,0.5110,97.1090,1.9640,2025-09-08 13:11:04,539.0
0.5660,16.9330,0.4660,97.1660,2.12,2025-09-08 13:11:04,539.0
0.5220,16.9240,0.4860,97.1790,1.9660,2025-09-08 13:11:04,539.0
0.52,16.8860,0.4230,97.0480,1.9820,2025-09-08 13:11:04,539.0
0.5280,16.9460,0.4550,96.7430,1.9970,2025-09-08 13:11:04,539.0
0.5260,17.0180,0.4760,96.8080,1.9430,2025-09-08 13:11:04,539.0
0.5310,16.9960,0.4760,96.9130,2.0220,2025-09-08 13:11:04,539.0
0.5590,16.9390,0.4440,97.2280,2.1810,2025-09-08 13:11:04,539.0
0.5210,16.9330,0.4340,97.0680,2.0150,2025-09-08 13:11:04,539.0
0.5320,16.9050,0.4170,96.8590,1.9710,2025-09-08 13:11:04,539.0
0.5570,17.0020,0.4130,96.9940,2.1950,2025-09-08 19:41:21,540.0
0.5120,16.8950,0.5150,96.9410,2.0250,2025-09-08 19:41:21,540.0
0.5190,16.8610,0.3680,97.0050,1.9550,2025-09-08 19:41:21,540.0
0.5320,16.9710,0.4660,97.0320,2.0010,2025-09-08 19:41:21,540.0
0.5240,17.0340,0.5180,97.2120,1.9450,2025-09-08 19:41:21,540.0
0.5490,16.9490,0.63,96.9360,1.9060,2025-09-08 19:41:21,540.0
0.5170,17.0340,0.4760,97.08,1.8870,2025-09-08 19:41:21,540.0
0.5020,16.9330,0.5040,97.2330,1.9870,2025-09-08 19:41:21,540.0
0.5310,17.0090,0.5070,96.8730,2.0380,2025-09-08 19:41:21,540.0
0.5420,17.0210,0.5040,96.9510,2.0690,2025-09-08 19:41:21,540.0
0.55,17.0430,0.4580,96.7760,2.1360,2025-09-08 19:41:21,540.0
0.5220,16.9740,0.5040,96.9060,1.9580,2025-09-08 19:41:21,540.0
0.5250,16.9020,0.5420,96.8350,1.9530,2025-09-08 19:41:21,540.0
0.5360,16.9460,0.5040,96.9320,2.1450,2025-09-08 19:41:21,540.0
0.5260,16.9270,0.5950,97.1310,1.9990,2025-09-08 19:41:21,540.0
0.5410,16.9020,0.4730,96.9640,2.0670,2025-09-08 19:41:21,540.0
0.53,16.9270,0.4090,96.9360,2.0490,2025-09-08 19:41:21,540.0
0.5280,16.8670,0.4730,97.1020,1.9640,2025-09-08 19:41:21,540.0
0.5270,17.0090,0.5150,97.05,2.0560,2025-09-08 19:41:21,540.0
0.53,16.9170,0.4790,96.9210,1.9440,2025-09-08 19:41:21,540.0
0.5180,17.0020,0.5080,96.8140,1.9610,2025-09-08 21:26:24,541.0
0.5390,17.1060,0.3890,97.0310,2.1060,2025-09-08 21:26:24,541.0
0.5080,16.98,0.3960,97.2610,1.8520,2025-09-08 21:26:24,541.0
0.5470,17.0180,0.4860,96.83,2.07,2025-09-08 21:26:24,541.0
0.5210,17.0180,0.3880,96.8140,1.90,2025-09-08 21:26:24,541.0
0.5160,16.9580,0.4230,96.9430,1.9680,2025-09-08 21:26:24,541.0
0.54,17.0270,0.49,97.0660,2.0090,2025-09-08 21:26:24,541.0
0.5180,17.1090,0.5290,97.0530,1.9530,2025-09-08 21:26:24,541.0
0.5130,16.9650,0.4060,96.9640,1.9350,2025-09-08 21:26:24,541.0
0.5310,16.9830,0.5320,97.4360,2.0570,2025-09-08 21:26:24,541.0
0.5220,16.9650,0.5530,97.2840,2.0340,2025-09-08 21:26:24,541.0
0.5220,16.9580,0.4730,97.0080,2.0610,2025-09-08 21:26:24,541.0
0.5360,16.9360,0.5040,96.8460,2.07,2025-09-08 21:26:24,541.0
0.5260,16.9580,0.4690,96.9620,1.9090,2025-09-08 21:26:24,541.0
0.5340,16.9330,0.4440,97.1490,1.9850,2025-09-08 21:26:24,541.0
0.5230,16.9680,0.49,96.9860,2.0390,2025-09-08 21:26:24,541.0
0.5530,17.0090,0.42,96.9730,2.18,2025-09-08 21:26:24,541.0
0.5210,16.99,0.4580,97.1310,1.9790,2025-09-08 21:26:24,541.0
0.5320,17.0530,0.4310,97.0240,1.9570,2025-09-08 21:26:24,541.0
0.55,16.9740,0.4970,96.9550,2.1020,2025-09-08 21:26:24,541.0
0.5370,16.9170,0.5040,97.0430,2.0880,2025-09-09 11:27:53,542.0
0.5560,16.9990,0.50,96.8920,2.1240,2025-09-09 11:27:53,542.0
0.5290,16.9960,0.4340,96.98,2.0150,2025-09-09 11:27:53,542.0
0.5150,17.0490,0.5150,96.8650,1.9560,2025-09-09 11:27:53,542.0
0.52,17.0180,0.4930,97.3540,1.91,2025-09-09 11:27:53,542.0
0.5220,16.9710,0.4510,97.0970,2.0990,2025-09-09 11:27:53,542.0
0.5070,16.9270,0.4170,97.0870,1.8930,2025-09-09 11:27:53,542.0
0.5210,17.0150,0.5290,97.0230,1.99,2025-09-09 11:27:53,542.0
0.5160,16.9610,0.5110,97.0690,1.9830,2025-09-09 11:27:53,542.0
0.5090,16.9830,0.5150,97.0210,1.8760,2025-09-09 11:27:53,542.0
0.5420,16.98,0.4970,97.0290,2.1580,2025-09-09 11:27:53,542.0
0.5230,16.9680,0.3460,96.9840,2.0340,2025-09-09 11:27:53,542.0
0.5330,16.9710,0.35,96.8050,2.0260,2025-09-09 11:27:53,542.0
0.52,16.9270,0.4020,97.1220,2.06,2025-09-09 11:27:53,542.0
0.5160,16.9960,0.5570,96.9970,1.97,2025-09-09 11:27:53,542.0
0.5340,16.9770,0.4020,96.9320,1.9340,2025-09-09 11:27:53,542.0
0.5430,16.9870,0.4270,96.9420,2.0880,2025-09-09 11:27:53,542.0
0.5190,17.0020,0.4410,97.1090,1.8770,2025-09-09 11:27:53,542.0
0.5140,16.9650,0.3570,97.0110,1.8750,2025-09-09 11:27:53,542.0
0.5370,16.8990,0.3990,96.86,2.10,2025-09-09 11:27:53,542.0
0.53,17.0090,0.4270,97.0590,2.0270,2025-09-09 13:18:01,543.0
0.5130,16.9080,0.49,96.9860,1.9760,2025-09-09 13:18:01,543.0
0.5330,17.0310,0.4550,97.06,2.0290,2025-09-09 13:18:01,543.0
0.5320,17.0270,0.4440,96.8650,1.87,2025-09-09 13:18:01,543.0
0.5220,17.0930,0.4620,96.7650,1.9910,2025-09-09 13:18:01,543.0
0.5230,17.0680,0.4550,96.9950,1.9890,2025-09-09 13:18:01,543.0
0.5390,17.0710,0.3570,97.0280,2.0510,2025-09-09 13:18:01,543.0
0.5490,17.0530,0.3750,96.8860,2.0760,2025-09-09 13:18:01,543.0
0.5090,17.0560,0.4790,97.0280,1.9450,2025-09-09 13:18:01,543.0
0.5210,16.9960,0.3220,97.1330,1.8820,2025-09-09 13:18:01,543.0
0.5360,17.0810,0.4380,96.7190,1.9830,2025-09-09 13:18:01,543.0
0.5210,17.0490,0.4550,96.9690,1.8870,2025-09-09 13:18:01,543.0
0.5330,17.0530,0.4170,96.8330,1.9570,2025-09-09 13:18:01,543.0
0.5220,17.0930,0.42,97.16,2,2025-09-09 13:18:01,543.0
0.5340,16.9930,0.3610,97.0740,2.0610,2025-09-09 13:18:01,543.0
0.5220,17.0620,0.4620,96.74,1.8430,2025-09-09 13:18:01,543.0
0.5380,17.0490,0.4130,96.7830,2.0620,2025-09-09 13:18:01,543.0
0.5550,17.0180,0.5570,96.98,2.0210,2025-09-09 13:18:01,543.0
0.5220,16.9550,0.43,96.93,2.0120,2025-09-09 13:18:01,543.0
0.5220,16.99,0.4730,96.79,2.0430,2025-09-09 13:18:01,543.0
0.5310,17.0050,0.3810,97.0210,2.0610,2025-09-09 19:33:13,544.0
0.5420,17.0370,0.5710,97.2120,1.9970,2025-09-09 19:33:13,544.0
0.5180,17.0310,0.4270,96.9740,1.9350,2025-09-09 19:33:13,544.0
0.5360,16.9680,0.4480,97.0060,2.0160,2025-09-09 19:33:13,544.0
0.5330,16.9990,0.5080,96.9270,2.0370,2025-09-09 19:33:13,544.0
0.5310,17.0460,0.49,96.8260,1.9720,2025-09-09 19:33:13,544.0
0.54,17.0490,0.5150,96.7870,2.0570,2025-09-09 19:33:13,544.0
0.5080,17.0180,0.63,96.9150,1.91,2025-09-09 19:33:13,544.0
0.5180,17.0590,0.3750,97.0780,1.9650,2025-09-09 19:33:13,544.0
0.5460,17.0870,0.5320,97.3760,2.0640,2025-09-09 19:33:13,544.0
0.51,16.9550,0.4380,97.4010,2.0550,2025-09-09 19:33:13,544.0
0.5150,16.9460,0.4340,97.0940,2.02,2025-09-09 19:33:13,544.0
0.53,17.1090,0.4090,97.0420,1.9540,2025-09-09 19:33:13,544.0
0.5130,17.0050,0.4550,96.9180,2.0050,2025-09-09 19:33:13,544.0
0.5270,16.99,0.4690,97.0250,2.0670,2025-09-09 19:33:13,544.0
0.5290,16.99,0.4730,96.9580,1.9250,2025-09-09 19:33:13,544.0
0.5520,17.0590,0.4270,96.8740,2.0220,2025-09-09 19:33:13,544.0
0.5310,17.0490,0.4480,97.1130,1.9640,2025-09-09 19:33:13,544.0
0.5290,17.0240,0.4520,97.0130,1.9930,2025-09-09 19:33:13,544.0
0.5320,16.9930,0.5010,96.9690,2.0140,2025-09-09 19:33:13,544.0
0.5070,16.99,0.5040,96.8610,1.78,2025-09-09 21:33:17,545.0
0.5370,17.0240,0.4550,97.0630,1.9740,2025-09-09 21:33:17,545.0
0.5130,16.8950,0.4030,96.7970,1.9210,2025-09-09 21:33:17,545.0
0.51,17.04,0.4650,96.9810,1.9710,2025-09-09 21:33:17,545.0
0.5180,17.0680,0.4240,97.1620,1.9960,2025-09-09 21:33:17,545.0
0.5020,16.88,0.4440,97.0030,1.9360,2025-09-09 21:33:17,545.0
0.5470,16.9830,0.4380,96.8880,2.1260,2025-09-09 21:33:17,545.0
0.5230,17.1280,0.4520,97.0890,1.9590,2025-09-09 21:33:17,545.0
0.5210,17.0370,0.4830,96.6950,1.8980,2025-09-09 21:33:17,545.0
0.5330,17.0270,0.4450,97.3130,2.0540,2025-09-09 21:33:17,545.0
0.5250,17.0020,0.4440,97.19,1.9570,2025-09-09 21:33:17,545.0
0.5270,16.9550,0.41,96.8230,2.2040,2025-09-09 21:33:17,545.0
0.5380,17.0810,0.55,97.0850,2.05,2025-09-09 21:33:17,545.0
0.5290,16.9740,0.49,96.9720,1.9890,2025-09-09 21:33:17,545.0
0.5260,17.0490,0.4550,97.0910,1.9480,2025-09-09 21:33:17,545.0
0.5150,17.0370,0.4580,97.0020,1.8260,2025-09-09 21:33:17,545.0
0.5390,17.1250,0.4440,96.9350,2.0840,2025-09-09 21:33:17,545.0
0.51,16.9960,0.3810,97.0220,1.9690,2025-09-09 21:33:17,545.0
0.53,16.9080,0.42,96.7610,1.9870,2025-09-09 21:33:17,545.0
0.5320,17.1370,0.21,97.0750,1.9670,2025-09-09 21:33:17,545.0
0.5190,17.0460,0.4060,96.9930,2.0320,2025-09-10 10:49:20,546.0
0.5650,17.0430,0.4940,97.3730,2.2050,2025-09-10 10:49:20,546.0
0.5330,16.9740,0.4830,96.7950,2.0390,2025-09-10 10:49:20,546.0
0.51,16.9460,0.4790,97.0920,1.9070,2025-09-10 10:49:20,546.0
0.5360,17.0270,0.49,96.8350,2.1140,2025-09-10 10:49:20,546.0
0.5310,16.9490,0.3750,97.36,1.9920,2025-09-10 10:49:20,546.0
0.5340,17.0750,0.4790,96.8560,2.0090,2025-09-10 10:49:20,546.0
0.5190,16.9680,0.3990,97.0940,1.9160,2025-09-10 10:49:20,546.0
0.5340,17.0560,0.4230,96.9950,2.09,2025-09-10 10:49:20,546.0
0.5320,17.0370,0.4620,96.9210,2.0150,2025-09-10 10:49:20,546.0
0.5340,17.0560,0.6190,97.0120,2.0060,2025-09-10 10:49:20,546.0
0.5220,17.04,0.4690,96.8890,2.0020,2025-09-10 10:49:20,546.0
0.5280,16.9710,0.5150,96.9020,1.9680,2025-09-10 10:49:20,546.0
0.5320,17.1030,0.4760,96.9140,1.9520,2025-09-10 10:49:20,546.0
0.5050,16.8580,0.4410,97.0160,1.9090,2025-09-10 10:49:20,546.0
0.5390,17.0120,0.3010,96.8450,1.9430,2025-09-10 10:49:20,546.0
0.5230,17.0370,0.3250,96.7530,2.01,2025-09-10 10:49:20,546.0
0.5360,16.9710,0.5530,96.7990,2.0120,2025-09-10 10:49:20,546.0
0.5150,16.9830,0.4620,97.0120,2.0110,2025-09-10 10:49:20,546.0
0.5410,17.0370,0.5040,97.0390,2.0760,2025-09-10 10:49:20,546.0
0.5270,17.0710,0.5740,96.7840,2.0220,2025-09-10 12:29:22,547.0
0.5220,17.0620,0.5740,97.2310,2.1190,2025-09-10 12:29:22,547.0
0.5420,17.04,0.6760,96.6820,2.0580,2025-09-10 12:29:22,547.0
0.5180,16.9990,0.5530,96.76,1.8430,2025-09-10 12:29:22,547.0
0.5210,16.9930,0.5150,97.2260,1.9680,2025-09-10 12:29:22,547.0
0.5090,17.0090,0.6480,97.4090,1.9190,2025-09-10 12:29:22,547.0
0.5260,17.0340,0.4970,97.1610,2.0870,2025-09-10 12:29:22,547.0
0.5210,17.0050,0.6440,96.6450,2.05,2025-09-10 12:29:22,547.0
0.5330,16.9870,0.7840,96.7560,1.99,2025-09-10 12:29:22,547.0
0.52,16.9270,0.6060,96.8550,2.0190,2025-09-10 12:29:22,547.0
0.52,16.9460,0.5880,96.9510,2.0020,2025-09-10 12:29:22,547.0
0.5350,16.9520,0.4970,96.9320,2.0960,2025-09-10 12:29:22,547.0
0.55,16.9740,0.4970,96.7640,2.1730,2025-09-10 12:29:22,547.0
0.53,16.8990,0.6370,97.1510,1.9850,2025-09-10 12:29:22,547.0
0.5150,16.9240,0.5850,97.1260,2.0270,2025-09-10 12:29:22,547.0
0.5240,17.0210,0.5110,96.7980,1.9780,2025-09-10 12:29:22,547.0
0.5360,17.0050,0.6930,97.2420,2.0030,2025-09-10 12:29:22,547.0
0.5240,16.9710,0.7040,97.0360,1.9870,2025-09-10 12:29:22,547.0
0.51,16.93,0.5560,97.0170,2.03,2025-09-10 12:29:22,547.0
0.5110,16.9770,0.5460,96.8130,1.9570,2025-09-10 12:29:22,547.0
0.5480,17.0150,0.5640,96.9570,2.0660,2025-09-10 12:54:23,548.0
0.5310,16.9680,0.6480,96.8280,1.9350,2025-09-10 12:54:23,548.0
0.5280,16.9960,0.5430,96.8440,1.9890,2025-09-10 12:54:23,548.0
0.5430,17.0180,0.4730,96.9560,2.1020,2025-09-10 12:54:23,548.0
0.5360,17.0270,0.43,97.0520,2.0590,2025-09-10 12:54:23,548.0
0.5110,16.8950,0.6680,97.0750,1.9520,2025-09-10 12:54:23,548.0
0.5250,17.04,0.4270,96.8580,1.9610,2025-09-10 12:54:23,548.0
0.5220,16.93,0.5460,97.0260,1.9270,2025-09-10 12:54:23,548.0
0.5170,16.9170,0.4030,97.1960,1.9770,2025-09-10 12:54:23,548.0
0.55,17.0460,0.6020,96.9410,2.1330,2025-09-10 12:54:23,548.0
0.5360,17.0090,0.4450,96.7810,2.0690,2025-09-10 12:54:23,548.0
0.5190,16.9210,0.5220,97.1990,1.9490,2025-09-10 12:54:23,548.0
0.5130,16.9390,0.5180,97.1420,1.9520,2025-09-10 12:54:23,548.0
0.5180,16.8770,0.3850,97.1280,1.9240,2025-09-10 12:54:23,548.0
0.5190,16.9050,0.6270,97.0570,2.0350,2025-09-10 12:54:23,548.0
0.5330,16.9520,0.5150,97.1050,1.9560,2025-09-10 12:54:23,548.0
0.5260,16.9770,0.4170,97.0330,1.9430,2025-09-10 12:54:23,548.0
0.5070,16.9580,0.7310,97.0770,2.0360,2025-09-10 12:54:23,548.0
0.5220,16.9710,0.5810,96.9950,2.0530,2025-09-10 12:54:23,548.0
0.5060,16.9460,0.3890,96.9460,1.8820,2025-09-10 12:54:23,548.0
0.5550,17.1120,0.3920,96.9250,2.1930,2025-09-10 13:04:24,549.0
0.5260,16.9610,0.5110,97.0160,1.9710,2025-09-10 13:04:24,549.0
0.5310,17.0270,0.3920,97.15,1.9440,2025-09-10 13:04:24,549.0
0.5270,16.9740,0.4450,97.1120,1.9790,2025-09-10 13:04:24,549.0
0.5140,16.9210,0.4060,97.3210,2.0650,2025-09-10 13:04:24,549.0
0.5370,17.0370,0.48,97.0010,2.0830,2025-09-10 13:04:24,549.0
0.5210,17.0680,0.3890,97.0090,1.9590,2025-09-10 13:04:24,549.0
0.5420,17.0240,0.4410,96.7780,2.0720,2025-09-10 13:04:24,549.0
0.5030,16.8860,0.42,97.12,1.9590,2025-09-10 13:04:24,549.0
0.5510,17.0560,0.4450,97.13,2.16,2025-09-10 13:04:24,549.0
0.5110,16.9580,0.3530,97.2320,2.0110,2025-09-10 13:04:24,549.0
0.5330,16.99,0.4270,97.0850,2.0010,2025-09-10 13:04:24,549.0
0.5290,16.9870,0.5110,96.7090,2.1110,2025-09-10 13:04:24,549.0
0.5310,17.0490,0.4760,96.8210,2.0350,2025-09-10 13:04:24,549.0
0.5290,17.0560,0.4170,96.7590,2.0420,2025-09-10 13:04:24,549.0
0.5490,17.0970,0.4550,96.7470,2.1360,2025-09-10 13:04:24,549.0
0.5260,16.9390,0.4520,97.0540,2.0710,2025-09-10 13:04:24,549.0
0.5390,16.9520,0.42,96.89,2.0010,2025-09-10 13:04:24,549.0
0.5290,17.0930,0.4020,96.9680,2.0470,2025-09-10 13:04:24,549.0
0.5090,16.9430,0.4580,96.9960,1.9420,2025-09-10 13:04:24,549.0
0.5280,17.0750,0.3330,97.08,2.0110,2025-09-10 18:54:31,550.0
0.5280,16.9550,0.56,97.2270,1.9960,2025-09-10 18:54:31,550.0
0.5050,16.9650,0.4270,97.0320,1.9780,2025-09-10 18:54:31,550.0
0.5550,17.0370,0.4060,97.0150,2.22,2025-09-10 18:54:31,550.0
0.5230,16.9740,0.4380,97.0720,1.9810,2025-09-10 18:54:31,550.0
0.5040,16.9770,0.4170,96.8860,2.0360,2025-09-10 18:54:31,550.0
0.5270,17.0050,0.3880,96.8250,1.9980,2025-09-10 18:54:31,550.0
0.5360,16.9170,0.3460,97.2590,2.0690,2025-09-10 18:54:31,550.0
0.5260,16.9110,0.4620,97.0340,2.0850,2025-09-10 18:54:31,550.0
0.5430,17.0150,0.4870,96.8430,2.1060,2025-09-10 18:54:31,550.0
0.5210,16.93,0.3750,96.9640,2.0630,2025-09-10 18:54:31,550.0
0.5330,17.0340,0.4790,97.1240,2.1730,2025-09-10 18:54:31,550.0
0.5270,16.8950,0.4450,97.0610,2.1490,2025-09-10 18:54:31,550.0
0.5380,16.9930,0.5110,96.8950,2.2310,2025-09-10 18:54:31,550.0
0.5280,16.9270,0.3010,97.01,2.0880,2025-09-10 18:54:31,550.0
0.5240,16.88,0.3640,97.1140,2.0710,2025-09-10 18:54:31,550.0
0.5390,17.0340,0.3960,96.7720,2.1140,2025-09-10 18:54:31,550.0
0.5350,16.99,0.5080,96.9440,1.9140,2025-09-10 18:54:31,550.0
0.5210,16.8950,0.4730,97.2710,1.93,2025-09-10 18:54:31,550.0
0.53,16.9170,0.5250,96.9690,1.9940,2025-09-10 18:54:31,550.0
0.52,17.0340,0.4550,96.7610,1.9590,2025-09-10 19:04:32,551.0
0.5270,17.1250,0.5320,97.2510,2.0610,2025-09-10 19:04:32,551.0
0.5340,16.9240,0.5110,97.1810,2.0990,2025-09-10 19:04:32,551.0
0.5430,17.0310,0.3960,97.3290,2.0770,2025-09-10 19:04:32,551.0
0.5430,17.1190,0.4580,96.8540,2.0270,2025-09-10 19:04:32,551.0
0.5230,17.0430,0.42,97.16,2.0450,2025-09-10 19:04:32,551.0
0.5290,17.0650,0.4380,97.2060,2.0760,2025-09-10 19:04:32,551.0
0.5390,17.0270,0.6690,96.9690,2.0750,2025-09-10 19:04:32,551.0
0.5240,16.9460,0.5670,97.1980,1.93,2025-09-10 19:04:32,551.0
0.5350,16.9110,0.4730,97.0670,1.9770,2025-09-10 19:04:32,551.0
0.5190,17.04,0.7140,97.0170,1.9470,2025-09-10 19:04:32,551.0
0.5010,16.9520,0.4410,97.1930,1.9940,2025-09-10 19:04:32,551.0
0.54,16.9960,0.6820,96.7460,2.0610,2025-09-10 19:04:32,551.0
0.51,16.9650,0.5530,97.2380,1.8940,2025-09-10 19:04:32,551.0
0.5450,16.9580,0.3990,97.1240,2.1230,2025-09-10 19:04:32,551.0
0.5120,16.93,0.7140,97.1690,1.9890,2025-09-10 19:04:32,551.0
0.5050,16.9270,0.4830,96.9870,1.8190,2025-09-10 19:04:32,551.0
0.5290,17.0680,0.56,96.7830,2.1510,2025-09-10 19:04:32,551.0
0.5110,17.0050,0.4410,97.2350,1.8790,2025-09-10 19:04:32,551.0
0.5420,16.9740,0.7950,96.8820,2.1330,2025-09-10 19:04:32,551.0
0.5310,16.9240,0.5180,97.1080,2.0890,2025-09-10 21:19:35,552.0
0.5410,17.0340,0.5280,96.8120,1.9240,2025-09-10 21:19:35,552.0
0.54,17.0150,0.5210,97.1680,2.0840,2025-09-10 21:19:35,552.0
0.54,16.9830,0.5570,97.2030,2.01,2025-09-10 21:19:35,552.0
0.5440,17.0120,0.6440,97.1340,2.04,2025-09-10 21:19:35,552.0
0.5250,17.0020,0.6060,97.0650,2.0230,2025-09-10 21:19:35,552.0
0.5230,17.0430,0.5880,97.1260,1.9930,2025-09-10 21:19:35,552.0
0.5290,16.9520,0.6020,97.3750,2.0110,2025-09-10 21:19:35,552.0
0.5260,16.9430,0.3610,97.2430,2.0070,2025-09-10 21:19:35,552.0
0.5190,16.9430,0.5250,97.2480,1.7920,2025-09-10 21:19:35,552.0
0.5380,17.09,0.5810,96.9340,2.0980,2025-09-10 21:19:35,552.0
0.5290,17.0560,0.6930,96.9640,2.05,2025-09-10 21:19:35,552.0
0.5290,16.8950,0.63,97.1670,2.1330,2025-09-10 21:19:35,552.0
0.5240,17.0180,0.5640,97.0730,1.9640,2025-09-10 21:19:35,552.0
0.5270,17.0680,0.4310,97.0680,2.0360,2025-09-10 21:19:35,552.0
0.5320,17.10,0.4620,96.9360,2.0220,2025-09-10 21:19:35,552.0
0.5370,17.0340,0.5290,96.8120,2.1610,2025-09-10 21:19:35,552.0
0.5360,17.0180,0.3890,97.1980,2.0310,2025-09-10 21:19:35,552.0
0.5280,16.93,0.4690,97.2670,1.9630,2025-09-10 21:19:35,552.0
0.5410,17.0090,0.5150,96.9370,2.0040,2025-09-10 21:19:35,552.0
0.5190,16.9240,0.3850,97.0890,1.9240,2025-09-10 21:29:36,553.0
0.5550,17.1590,0.3990,97.1090,2.12,2025-09-10 21:29:36,553.0
0.5340,17.0180,0.41,97.2640,1.9620,2025-09-10 21:29:36,553.0
0.5410,17.0180,0.4380,97.3720,2.0590,2025-09-10 21:29:36,553.0
0.54,17.0620,0.5180,96.9690,2.0330,2025-09-10 21:29:36,553.0
0.53,16.8990,0.4380,96.85,2.0630,2025-09-10 21:29:36,553.0
0.5430,16.9270,0.4480,96.9790,2.11,2025-09-10 21:29:36,553.0
0.5360,17.0150,0.3920,97.2250,2.1620,2025-09-10 21:29:36,553.0
0.5220,16.9490,0.41,97.1230,2.0560,2025-09-10 21:29:36,553.0
0.5130,17.0180,0.49,97.0040,1.8520,2025-09-10 21:29:36,553.0
0.52,16.9390,0.5810,97.1870,2.0110,2025-09-10 21:29:36,553.0
0.5380,16.9550,0.4510,96.9930,2.1130,2025-09-10 21:29:36,553.0
0.5210,16.9240,0.3920,97.1580,1.9950,2025-09-10 21:29:36,553.0
0.5160,16.9710,0.4450,97.2630,1.9720,2025-09-10 21:29:36,553.0
0.5350,16.9740,0.5110,96.8920,2.1070,2025-09-10 21:29:36,553.0
0.5280,16.9270,0.4270,96.8750,1.95,2025-09-10 21:29:36,553.0
0.5320,16.9140,0.4020,97.2490,2.0140,2025-09-10 21:29:36,553.0
0.53,16.93,0.5390,97.05,2.1290,2025-09-10 21:29:36,553.0
0.5290,17.0340,0.4060,96.9160,1.9610,2025-09-10 21:29:36,553.0
0.5190,17.0210,0.4340,97.1220,2.0130,2025-09-10 21:29:36,553.0
0.5230,16.9210,0.3710,97.0660,1.9910,2025-09-11 10:42:05,554.0
0.5440,16.9270,0.4870,97.23,2.0160,2025-09-11 10:42:05,554.0
0.5270,16.9770,0.4580,97.0540,2.0620,2025-09-11 10:42:05,554.0
0.5430,16.9330,0.5320,96.9040,2.0790,2025-09-11 10:42:05,554.0
0.5430,16.9990,0.5070,96.9430,2.0980,2025-09-11 10:42:05,554.0
0.5390,16.9990,0.4940,96.9630,2.2620,2025-09-11 10:42:05,554.0
0.5280,16.9610,0.5460,97.0160,1.9520,2025-09-11 10:42:05,554.0
0.5490,16.9020,0.4520,96.9770,2.1720,2025-09-11 10:42:05,554.0
0.5310,16.9520,0.4730,97.3770,1.9070,2025-09-11 10:42:05,554.0
0.5390,16.8890,0.4270,97.0110,2.0920,2025-09-11 10:42:05,554.0
0.5480,17.0710,0.5670,96.8840,2.1430,2025-09-11 10:42:05,554.0
0.5320,17.0020,0.3950,97.01,1.9840,2025-09-11 10:42:05,554.0
0.5080,16.9680,0.4480,97.2170,1.9480,2025-09-11 10:42:05,554.0
0.5290,16.9990,0.4790,97.1960,1.9530,2025-09-11 10:42:05,554.0
0.5570,17.0020,0.4830,96.9910,2.1540,2025-09-11 10:42:05,554.0
0.5110,16.93,0.3850,96.9830,1.9720,2025-09-11 10:42:05,554.0
0.52,16.9930,0.4230,97.0180,2.01,2025-09-11 10:42:05,554.0
0.5290,16.9360,0.6060,96.9850,2.15,2025-09-11 10:42:05,554.0
0.5380,16.9580,0.4060,97.1320,2.1490,2025-09-11 10:42:05,554.0
0.50,16.8830,0.3290,97.2650,1.7540,2025-09-11 10:42:05,554.0
0.52,17.0310,0.42,97.1310,1.8450,2025-09-11 10:47:06,555.0
0.5350,17.0490,0.6160,97.0550,2,2025-09-11 10:47:06,555.0
0.5270,17.0150,0.63,97.0140,1.9510,2025-09-11 10:47:06,555.0
0.5140,17.0460,0.4870,96.7740,1.9340,2025-09-11 10:47:06,555.0
0.5230,17.0150,0.5640,97.1150,1.9270,2025-09-11 10:47:06,555.0
0.5260,17.0240,0.6340,96.7710,2.0260,2025-09-11 10:47:06,555.0
0.5370,16.9270,0.5780,97.0490,1.8760,2025-09-11 10:47:06,555.0
0.5310,16.9740,0.6550,96.7960,2.0820,2025-09-11 10:47:06,555.0
0.5140,16.9550,0.6270,96.8910,1.9710,2025-09-11 10:47:06,555.0
0.5370,16.9830,0.6120,96.9930,2.0690,2025-09-11 10:47:06,555.0
0.5210,16.9140,0.7630,96.8610,2.1150,2025-09-11 10:47:06,555.0
0.5230,17.0490,0.6550,96.8630,1.9040,2025-09-11 10:47:06,555.0
0.53,16.9650,0.5430,96.8930,1.9360,2025-09-11 10:47:06,555.0
0.5370,16.9960,0.5570,97.1040,2.0630,2025-09-11 10:47:06,555.0
0.5190,16.9710,0.6960,97.0190,1.8520,2025-09-11 10:47:06,555.0
0.5310,16.9610,0.5910,97.0570,2.08,2025-09-11 10:47:06,555.0
0.5290,16.9430,0.5350,97.1540,2.0320,2025-09-11 10:47:06,555.0
0.5150,16.9990,0.7040,97.0470,2.0390,2025-09-11 10:47:06,555.0
0.5210,17.0370,0.4550,97.0580,2.0850,2025-09-11 10:47:06,555.0
0.5190,16.9930,0.5180,96.8190,1.8550,2025-09-11 10:47:06,555.0
0.5190,16.9550,0.6750,96.9040,1.9590,2025-09-11 13:02:09,556.0
0.52,16.9580,0.4450,96.8820,1.9990,2025-09-11 13:02:09,556.0
0.5420,17.0180,0.5710,97.2280,2.1030,2025-09-11 13:02:09,556.0
0.5410,16.9330,0.6440,96.90,2.0390,2025-09-11 13:02:09,556.0
0.5130,16.88,0.6510,97.0980,2.0120,2025-09-11 13:02:09,556.0
0.5330,16.9710,0.6060,96.8540,2.0830,2025-09-11 13:02:09,556.0
0.5480,16.9650,0.63,96.9550,2.1040,2025-09-11 13:02:09,556.0
0.5110,16.9210,0.6480,97.0220,1.9120,2025-09-11 13:02:09,556.0
0.5410,17.0620,0.5180,96.9260,2.1630,2025-09-11 13:02:09,556.0
0.5210,16.9680,0.5530,96.7650,1.9430,2025-09-11 13:02:09,556.0
0.5280,17.0240,0.4450,96.9830,2.0960,2025-09-11 13:02:09,556.0
0.5320,17.0240,0.5740,97.0260,2.0610,2025-09-11 13:02:09,556.0
0.5210,16.9050,0.5210,97.1330,2.0620,2025-09-11 13:02:09,556.0
0.5220,16.9490,0.5290,96.7320,1.9620,2025-09-11 13:02:09,556.0
0.5190,16.9580,0.4860,96.7530,2.0660,2025-09-11 13:02:09,556.0
0.5390,16.9270,0.42,97.0460,2.0890,2025-09-11 13:02:09,556.0
0.5360,16.9210,0.49,97.0870,2.0720,2025-09-11 13:02:09,556.0
0.54,16.9430,0.4510,97.0110,2.0650,2025-09-11 13:02:09,556.0
0.5320,16.99,0.69,96.8590,2.0830,2025-09-11 13:02:09,556.0
0.5130,16.9110,0.64,97.2080,1.8690,2025-09-11 13:02:09,556.0
0.5420,17.0270,0.4380,96.9270,2.1150,2025-09-11 13:12:10,557.0
0.5140,16.9930,0.4580,97.2560,1.8870,2025-09-11 13:12:10,557.0
0.53,17.0930,0.4580,96.9640,2.0110,2025-09-11 13:12:10,557.0
0.5160,17.0120,0.5080,96.8640,2.0270,2025-09-11 13:12:10,557.0
0.5270,16.8830,0.42,97.1070,1.9550,2025-09-11 13:12:10,557.0
0.5080,17.0150,0.5360,97.0120,1.9480,2025-09-11 13:12:10,557.0
0.5640,17.0620,0.4940,97.09,2.03,2025-09-11 13:12:10,557.0
0.5260,17.04,0.4730,97.0840,2.0460,2025-09-11 13:12:10,557.0
0.5340,16.93,0.4760,96.9310,2.1360,2025-09-11 13:12:10,557.0
0.5160,17.0270,0.4450,97.0990,1.9840,2025-09-11 13:12:10,557.0
0.5310,17.0150,0.5460,97.0080,2.0280,2025-09-11 13:12:10,557.0
0.54,17.0780,0.4790,96.9140,2.0020,2025-09-11 13:12:10,557.0
0.5320,16.9330,0.3960,96.8270,1.9350,2025-09-11 13:12:10,557.0
0.5280,16.9770,0.4580,97.1210,2.0640,2025-09-11 13:12:10,557.0
0.5310,16.9930,0.5430,96.8790,1.96,2025-09-11 13:12:10,557.0
0.5250,17.0650,0.50,97.04,1.8980,2025-09-11 13:12:10,557.0
0.52,17.0340,0.4170,96.79,2.0240,2025-09-11 13:12:10,557.0
0.5150,16.9490,0.4550,97.11,2.01,2025-09-11 13:12:10,557.0
0.5260,17.0310,0.5110,96.8390,2.0320,2025-09-11 13:12:10,557.0
0.5150,16.9990,0.5460,97.0170,2.0760,2025-09-11 13:12:10,557.0
0.5330,16.8990,0.6090,97.04,2.0170,2025-09-11 18:52:20,558.0
0.5060,16.9960,0.56,97.2330,1.97,2025-09-11 18:52:20,558.0
0.5160,17.0270,0.5530,97.0670,1.8990,2025-09-11 18:52:20,558.0
0.5290,16.98,0.4830,97.01,2.0760,2025-09-11 18:52:20,558.0
0.5290,16.9240,0.5040,96.9630,2.0180,2025-09-11 18:52:20,558.0
0.5320,17.0240,0.5110,97.0360,2.0960,2025-09-11 18:52:20,558.0
0.5340,17.0180,0.5670,97.11,2.1110,2025-09-11 18:52:20,558.0
0.5450,17.09,0.63,96.9040,1.9970,2025-09-11 18:52:20,558.0
0.5260,16.99,0.49,97.2760,2.0380,2025-09-11 18:52:20,558.0
0.4960,16.9020,0.48,96.8470,1.8940,2025-09-11 18:52:20,558.0
0.5230,16.98,0.55,96.9720,1.9450,2025-09-11 18:52:20,558.0
0.5210,16.9960,0.4940,97.2480,2.0060,2025-09-11 18:52:20,558.0
0.5350,17.0930,0.4860,96.9330,2.0760,2025-09-11 18:52:20,558.0
0.5310,16.9770,0.5950,97.1120,2.0350,2025-09-11 18:52:20,558.0
0.54,16.9140,0.5430,97.1890,2.0610,2025-09-11 18:52:20,558.0
0.5240,16.9610,0.6060,96.8380,1.9980,2025-09-11 18:52:20,558.0
0.5180,16.9990,0.6480,97.2690,1.9590,2025-09-11 18:52:20,558.0
0.5120,17.0020,0.5670,96.8740,1.9860,2025-09-11 18:52:20,558.0
0.5310,16.9830,0.6650,97.1470,2.0920,2025-09-11 18:52:20,558.0
0.50,16.9990,0.7390,96.8980,1.9660,2025-09-11 18:52:20,558.0
0.5290,17.0490,0.5740,97.04,2.0220,2025-09-11 19:02:21,559.0
0.5390,17.0370,0.3810,97.0850,2.1220,2025-09-11 19:02:21,559.0
0.5350,16.9520,0.4730,97.2250,1.9770,2025-09-11 19:02:21,559.0
0.5460,17.1370,0.4270,97.2210,1.8550,2025-09-11 19:02:21,559.0
0.5290,16.9650,0.4580,97.26,1.9480,2025-09-11 19:02:21,559.0
0.54,17.0930,0.4410,97.06,1.9990,2025-09-11 19:02:21,559.0
0.5370,17.0970,0.6020,97.1860,2.0860,2025-09-11 19:02:21,559.0
0.5280,16.9240,0.3540,96.9690,2.0170,2025-09-11 19:02:21,559.0
0.5290,16.9930,0.42,97.07,2.0750,2025-09-11 19:02:21,559.0
0.5410,17.0620,0.3670,97.1350,2.1170,2025-09-11 19:02:21,559.0
0.5510,17.0870,0.5250,96.9280,2.0010,2025-09-11 19:02:21,559.0
0.5380,16.98,0.3850,96.93,1.9820,2025-09-11 19:02:21,559.0
0.5420,17.0650,0.3850,96.9630,1.9270,2025-09-11 19:02:21,559.0
0.5440,16.9680,0.4730,96.9810,2.15,2025-09-11 19:02:21,559.0
0.5180,16.99,0.6970,97.0410,1.9050,2025-09-11 19:02:21,559.0
0.5250,17.0680,0.4830,97.0650,1.7870,2025-09-11 19:02:21,559.0
0.5240,16.9710,0.4060,97.1140,2.0850,2025-09-11 19:02:21,559.0
0.5150,17.0590,0.4380,97.0450,1.8740,2025-09-11 19:02:21,559.0
0.5080,16.9270,0.3820,97.0710,1.8940,2025-09-11 19:02:21,559.0
0.5320,16.8920,0.5180,97.1620,1.9250,2025-09-11 19:02:21,559.0
0.5150,16.8450,0.4380,96.9580,1.9810,2025-09-11 21:12:23,560.0
0.5210,16.9550,0.3850,96.8860,2.0090,2025-09-11 21:12:23,560.0
0.5430,16.9740,0.3990,96.9260,2.0880,2025-09-11 21:12:23,560.0
0.5180,16.8510,0.5290,96.8370,2.03,2025-09-11 21:12:23,560.0
0.5490,16.8580,0.5250,97.0930,2.2480,2025-09-11 21:12:23,560.0
0.5270,16.8990,0.5950,97.0880,2.1530,2025-09-11 21:12:23,560.0
0.5450,17.0620,0.35,96.9820,2.0790,2025-09-11 21:12:23,560.0
0.5010,16.9240,0.3710,97.2190,1.97,2025-09-11 21:12:23,560.0
0.5450,17.0270,0.4030,96.8390,2.0830,2025-09-11 21:12:23,560.0
0.5440,16.9430,0.4830,97.0340,2.1590,2025-09-11 21:12:23,560.0
0.5520,16.9360,0.5220,96.9880,2.1320,2025-09-11 21:12:23,560.0
0.5240,16.9240,0.4690,96.9310,1.9720,2025-09-11 21:12:23,560.0
0.5370,17.0050,0.4830,96.8790,2.1030,2025-09-11 21:12:23,560.0
0.5310,16.9740,0.5320,97.0180,1.9410,2025-09-11 21:12:23,560.0
0.5190,16.9080,0.4520,96.9840,2.15,2025-09-11 21:12:23,560.0
0.5240,16.9050,0.6090,97.0350,1.9270,2025-09-11 21:12:23,560.0
0.5360,16.9930,0.5210,97.07,2.0110,2025-09-11 21:12:23,560.0
0.5320,16.9960,0.3990,96.8890,2.1110,2025-09-11 21:12:23,560.0
0.5590,17.0090,0.5150,97.0550,2.1740,2025-09-11 21:12:23,560.0
0.5280,17.0180,0.5670,96.9790,1.9980,2025-09-11 21:12:23,560.0
0.5170,17.0240,0.7140,96.8920,2.0390,2025-09-11 21:27:24,561.0
0.5250,17.0270,0.49,96.9560,2.0940,2025-09-11 21:27:24,561.0
0.5240,17.0270,0.6090,97.10,2.0280,2025-09-11 21:27:24,561.0
0.5340,17.0310,0.3460,96.8850,1.9980,2025-09-11 21:27:24,561.0
0.5290,16.8730,0.5880,97.4160,2.0410,2025-09-11 21:27:24,561.0
0.5250,16.9550,0.5630,97.1710,2.0150,2025-09-11 21:27:24,561.0
0.5110,16.8890,0.5670,97.0930,1.9270,2025-09-11 21:27:24,561.0
0.5230,16.98,0.55,96.9040,2.0370,2025-09-11 21:27:24,561.0
0.5180,16.9170,0.5530,97.0580,1.9050,2025-09-11 21:27:24,561.0
0.5250,16.9990,0.49,97.0560,1.9870,2025-09-11 21:27:24,561.0
0.5180,17.0370,0.7950,97.0970,2.0320,2025-09-11 21:27:24,561.0
0.5260,17.0210,0.3810,97.1380,1.9680,2025-09-11 21:27:24,561.0
0.53,16.9680,0.3960,97.3210,1.96,2025-09-11 21:27:24,561.0
0.5190,16.9460,0.4230,97.1060,2.0880,2025-09-11 21:27:24,561.0
0.52,16.9550,0.4620,97.0510,1.9410,2025-09-11 21:27:24,561.0
0.5430,16.9580,0.5350,97.1610,2.1250,2025-09-11 21:27:24,561.0
0.5280,16.98,0.4340,97.1270,1.9840,2025-09-11 21:27:24,561.0
0.5220,16.8950,0.6750,96.9620,2.0240,2025-09-11 21:27:24,561.0
0.5420,16.8670,0.6230,97.3790,2.0810,2025-09-11 21:27:24,561.0
0.5130,16.9210,0.6720,96.9660,2.0020,2025-09-11 21:27:24,561.0
0.5370,17.0460,0.3750,96.9220,2.04,2025-09-12 10:44:09,562.0
0.5160,16.9580,0.4970,96.9490,1.9040,2025-09-12 10:44:09,562.0
0.53,17.1060,0.4060,96.9720,1.9230,2025-09-12 10:44:09,562.0
0.5320,16.9960,0.4930,96.9960,1.9140,2025-09-12 10:44:09,562.0
0.5370,17.0050,0.4450,96.8540,1.9830,2025-09-12 10:44:09,562.0
0.5160,16.9050,0.4170,97.0010,1.9990,2025-09-12 10:44:09,562.0
0.5240,16.8830,0.4690,97.0570,2.0650,2025-09-12 10:44:09,562.0
0.5460,16.9740,0.4440,97.1350,2.09,2025-09-12 10:44:09,562.0
0.5460,17.0150,0.4380,97.0110,1.92,2025-09-12 10:44:09,562.0
0.5250,17.0180,0.4620,97.1990,1.8680,2025-09-12 10:44:09,562.0
0.5390,17.0370,0.4060,97.0510,2.0150,2025-09-12 10:44:09,562.0
0.5340,17.0180,0.4970,97,2.03,2025-09-12 10:44:09,562.0
0.5310,17.0810,0.4940,97.0670,1.9730,2025-09-12 10:44:09,562.0
0.5520,16.9930,0.4660,97.2430,1.9630,2025-09-12 10:44:09,562.0
0.5380,17.0240,0.4580,97.0120,1.9240,2025-09-12 10:44:09,562.0
0.5430,17.1220,0.4060,96.79,2.0060,2025-09-12 10:44:09,562.0
0.5250,16.9490,0.4660,97.0470,1.9910,2025-09-12 10:44:09,562.0
0.5260,16.9710,0.5560,96.9240,2.0640,2025-09-12 10:44:09,562.0
0.5250,17.0710,0.3640,96.8740,2.05,2025-09-12 10:44:09,562.0
0.5190,17.0150,0.4230,97.0390,1.9610,2025-09-12 10:44:09,562.0
0.5160,16.8480,0.5390,97.1690,2.0460,2025-09-12 10:49:10,563.0
0.53,16.9330,0.7140,97.1770,2.0960,2025-09-12 10:49:10,563.0
0.5550,17.0180,0.3540,97.2610,2.1740,2025-09-12 10:49:10,563.0
0.5260,16.93,0.5980,96.8860,2.0250,2025-09-12 10:49:10,563.0
0.5290,17.0530,0.5640,96.8470,1.9350,2025-09-12 10:49:10,563.0
0.5220,16.9960,0.48,96.8580,1.9840,2025-09-12 10:49:10,563.0
0.5390,16.9050,0.5880,97.25,1.9480,2025-09-12 10:49:10,563.0
0.53,16.8730,0.6270,97.1310,1.9510,2025-09-12 10:49:10,563.0
0.5350,16.8950,0.4440,97.0710,1.9660,2025-09-12 10:49:10,563.0
0.5310,16.9170,0.5390,97.06,2.1460,2025-09-12 10:49:10,563.0
0.5290,16.9960,0.3890,96.9060,1.9530,2025-09-12 10:49:10,563.0
0.5470,16.9580,0.5180,97.0010,2.1750,2025-09-12 10:49:10,563.0
0.5390,16.9580,0.6760,96.9230,2.1220,2025-09-12 10:49:10,563.0
0.5580,16.9110,0.71,97.2550,2.1610,2025-09-12 10:49:10,563.0
0.5310,16.9710,0.6330,97.0140,2.0180,2025-09-12 10:49:10,563.0
0.5270,16.83,0.7490,96.9360,2.0060,2025-09-12 10:49:10,563.0
0.5220,16.9550,0.7040,97.2190,1.8860,2025-09-12 10:49:10,563.0
0.5320,16.9830,0.6650,97.2540,2.0150,2025-09-12 10:49:10,563.0
0.53,16.8360,0.4550,97.22,2.0160,2025-09-12 10:49:10,563.0
0.5330,16.9580,0.5810,96.9310,2.0070,2025-09-12 10:49:10,563.0
0.5380,17.0120,0.4690,96.9690,1.9930,2025-09-12 12:54:11,564.0
0.5390,16.8360,0.6060,97.18,1.9580,2025-09-12 12:54:11,564.0
0.5390,16.9870,0.6020,96.9960,2.0380,2025-09-12 12:54:11,564.0
0.5340,16.9770,0.4450,97.0340,2.0160,2025-09-12 12:54:11,564.0
0.5410,16.9960,0.4270,96.92,2.1990,2025-09-12 12:54:11,564.0
0.54,17.1060,0.42,96.7970,1.9650,2025-09-12 12:54:11,564.0
0.5330,16.99,0.4620,96.9360,2.0270,2025-09-12 12:54:11,564.0
0.5270,16.9460,0.4760,97.0760,1.9850,2025-09-12 12:54:11,564.0
0.5280,16.9210,0.4860,97.2110,2.0480,2025-09-12 12:54:11,564.0
0.5410,16.9650,0.4510,97.2640,2.03,2025-09-12 12:54:11,564.0
0.5340,17.0340,0.5150,96.8710,2.0810,2025-09-12 12:54:11,564.0
0.5410,16.9830,0.3990,97.0290,2.0760,2025-09-12 12:54:11,564.0
0.5320,17.0310,0.4480,97.1640,2.0250,2025-09-12 12:54:11,564.0
0.5110,16.9680,0.5080,97.0740,1.96,2025-09-12 12:54:11,564.0
0.5290,16.9650,0.4940,97.1110,1.9640,2025-09-12 12:54:11,564.0
0.5020,16.8890,0.49,96.9810,1.8590,2025-09-12 12:54:11,564.0
0.5120,16.9650,0.5250,96.9430,1.9540,2025-09-12 12:54:11,564.0
0.54,17.0590,0.4410,96.9340,2.0550,2025-09-12 12:54:11,564.0
0.5260,17.0150,0.4970,96.9410,1.9960,2025-09-12 12:54:11,564.0
0.5220,17.0020,0.35,96.9240,1.8250,2025-09-12 12:54:11,564.0
0.5040,16.82,0.6680,97.3310,1.9060,2025-09-12 13:04:12,565.0
0.5430,16.9460,0.5980,97.1650,2.1990,2025-09-12 13:04:12,565.0
0.5210,16.9330,0.5640,96.9580,1.9740,2025-09-12 13:04:12,565.0
0.5230,16.9430,0.5770,96.8210,1.9220,2025-09-12 13:04:12,565.0
0.5440,17.0120,0.6550,96.9930,2.1260,2025-09-12 13:04:12,565.0
0.5120,16.7860,0.6020,96.9510,1.9680,2025-09-12 13:04:12,565.0
0.5340,16.87,0.8650,96.9960,2.0240,2025-09-12 13:04:12,565.0
0.5370,16.9210,0.5560,96.9770,2.1010,2025-09-12 13:04:12,565.0
0.5360,16.9710,0.5250,97.1670,2.0730,2025-09-12 13:04:12,565.0
0.5220,16.9270,0.6230,97.0490,1.9710,2025-09-12 13:04:12,565.0
0.5180,16.8890,0.6930,96.8940,1.9720,2025-09-12 13:04:12,565.0
0.52,16.8390,0.4650,97.2760,1.9450,2025-09-12 13:04:12,565.0
0.5390,16.9460,0.6050,97.0520,2.0250,2025-09-12 13:04:12,565.0
0.5240,16.9550,0.5220,97.1880,2.0030,2025-09-12 13:04:12,565.0
0.5290,16.9170,0.5110,97.1130,1.9930,2025-09-12 13:04:12,565.0
0.5460,16.98,0.4970,97.0910,2.1220,2025-09-12 13:04:12,565.0
0.5510,16.9990,0.5710,97.0970,2.1650,2025-09-12 13:04:12,565.0
0.5470,17.0020,0.6620,96.6070,2.0240,2025-09-12 13:04:12,565.0
0.5310,16.8920,0.5910,97.2880,2.1110,2025-09-12 13:04:12,565.0
0.5340,16.9270,0.4830,97.2560,2.0530,2025-09-12 13:04:12,565.0
0.5310,17.04,0.4830,96.9560,2,2025-09-12 18:49:19,566.0
0.5250,17.0620,0.5210,97.1490,2.0180,2025-09-12 18:49:19,566.0
0.5330,17.0090,0.42,97.2030,2.0060,2025-09-12 18:49:19,566.0
0.5330,16.9580,0.5430,97.27,1.9890,2025-09-12 18:49:19,566.0
0.5480,16.9770,0.4410,96.9090,2.1060,2025-09-12 18:49:19,566.0
0.5310,17.0780,0.4730,96.87,1.9790,2025-09-12 18:49:19,566.0
0.5370,16.99,0.3710,97.0810,2.1150,2025-09-12 18:49:19,566.0
0.55,17.0430,0.3990,96.84,2.2130,2025-09-12 18:49:19,566.0
0.5320,16.9930,0.42,96.8580,1.9390,2025-09-12 18:49:19,566.0
0.5210,16.9460,0.4440,97.0750,2.0490,2025-09-12 18:49:19,566.0
0.5060,16.9270,0.3850,97.07,1.9060,2025-09-12 18:49:19,566.0
0.5210,16.9990,0.5840,97.0490,1.9960,2025-09-12 18:49:19,566.0
0.4970,16.9020,0.5780,97.0020,2.0670,2025-09-12 18:49:19,566.0
0.5450,17.0020,0.4130,96.9180,2.1580,2025-09-12 18:49:19,566.0
0.5310,16.9610,0.4510,97.2680,1.9170,2025-09-12 18:49:19,566.0
0.5340,16.9430,0.4340,97.1280,1.9370,2025-09-12 18:49:19,566.0
0.5370,16.9990,0.4410,96.8840,2.0280,2025-09-12 18:49:19,566.0
0.5260,16.9210,0.4170,97.1970,2.0330,2025-09-12 18:49:19,566.0
0.5250,16.9870,0.4230,97.1280,2.0050,2025-09-12 18:49:19,566.0
0.5360,16.9080,0.5040,97.0650,2.1520,2025-09-12 18:49:19,566.0
0.54,17.0620,0.4940,96.8740,2.1340,2025-09-12 19:09:20,567.0
0.5420,17.0370,0.4790,96.9950,2.0710,2025-09-12 19:09:20,567.0
0.5330,16.9680,0.4270,97.0360,2.0630,2025-09-12 19:09:20,567.0
0.5310,17.0840,0.4380,97.1140,2.0970,2025-09-12 19:09:20,567.0
0.5270,16.87,0.4170,97.0980,2.1040,2025-09-12 19:09:20,567.0
0.5240,17.09,0.4580,96.8910,1.9310,2025-09-12 19:09:20,567.0
0.5420,17.0310,0.5630,97.0670,2.0990,2025-09-12 19:09:20,567.0
0.5280,16.9580,0.4580,97.2150,1.9830,2025-09-12 19:09:20,567.0
0.5340,17.0310,0.3920,96.9840,2.0190,2025-09-12 19:09:20,567.0
0.5260,16.9650,0.4690,97.2270,2.1520,2025-09-12 19:09:20,567.0
0.5250,16.88,0.5210,97.1130,2.0980,2025-09-12 19:09:20,567.0
0.5140,16.9430,0.3850,97.1290,2.1020,2025-09-12 19:09:20,567.0
0.5380,17.04,0.4020,96.9720,2.1590,2025-09-12 19:09:20,567.0
0.5130,17.0020,0.4790,97.0880,2.0990,2025-09-12 19:09:20,567.0
0.5220,16.9710,0.4130,97.0530,2.1350,2025-09-12 19:09:20,567.0
0.54,16.9740,0.4020,96.9890,2.1580,2025-09-12 19:09:20,567.0
0.5310,16.99,0.4830,97.0630,2.1430,2025-09-12 19:09:20,567.0
0.5420,17.0430,0.4060,96.8520,2.0860,2025-09-12 19:09:20,567.0
0.51,17.0020,0.5250,97.0230,2.0060,2025-09-12 19:09:20,567.0
0.5060,16.9240,0.4380,97.1120,2.1180,2025-09-12 19:09:20,567.0
0.5270,17.0560,0.5570,97.1090,2.0420,2025-09-12 21:04:22,568.0
0.53,16.9110,0.5740,97.1960,2.0030,2025-09-12 21:04:22,568.0
0.53,17.0240,0.4580,96.9120,2.0470,2025-09-12 21:04:22,568.0
0.5260,17.0050,0.7910,97.2630,1.96,2025-09-12 21:04:22,568.0
0.5240,17.0840,0.6480,96.8630,1.9170,2025-09-12 21:04:22,568.0
0.5380,16.9080,0.4340,97.3290,2.0760,2025-09-12 21:04:22,568.0
0.54,17.0150,0.6790,97.1140,1.9680,2025-09-12 21:04:22,568.0
0.5310,16.9830,0.5670,96.9560,2.06,2025-09-12 21:04:22,568.0
0.5260,16.9930,0.5640,96.8620,2.1230,2025-09-12 21:04:22,568.0
0.5310,17.0020,0.63,97.2440,2.0120,2025-09-12 21:04:22,568.0
0.5210,17.0430,0.6120,96.7570,1.8850,2025-09-12 21:04:22,568.0
0.53,16.9990,0.5810,97.3290,2.04,2025-09-12 21:04:22,568.0
0.5430,16.9960,0.5210,97.1210,2.09,2025-09-12 21:04:22,568.0
0.5460,16.98,0.5570,97.2650,2.0990,2025-09-12 21:04:22,568.0
0.5360,17.0430,0.6370,96.8930,1.9830,2025-09-12 21:04:22,568.0
0.5090,16.98,0.6830,96.9570,1.8820,2025-09-12 21:04:22,568.0
0.5210,17.0460,0.6860,97.1710,1.9410,2025-09-12 21:04:22,568.0
0.5340,16.9870,0.4380,97.2740,1.9450,2025-09-12 21:04:22,568.0
0.5090,16.9020,0.5740,97.2580,1.9980,2025-09-12 21:04:22,568.0
0.5320,17.0370,0.6060,97.1220,2.1670,2025-09-12 21:04:22,568.0
0.5440,17.1090,0.5040,97.1990,2.03,2025-09-12 21:24:23,569.0
0.5090,16.9210,0.41,96.96,1.8920,2025-09-12 21:24:23,569.0
0.5420,17.0780,0.5350,97.0420,2.0610,2025-09-12 21:24:23,569.0
0.5550,17.0650,0.50,96.8440,2.1690,2025-09-12 21:24:23,569.0
0.5180,16.9080,0.3710,97.2310,1.9530,2025-09-12 21:24:23,569.0
0.5460,17.0370,0.5150,96.8280,2.1260,2025-09-12 21:24:23,569.0
0.5270,17.0150,0.5390,96.9450,2.0380,2025-09-12 21:24:23,569.0
0.5320,17.1030,0.4270,96.9810,1.9690,2025-09-12 21:24:23,569.0
0.5370,16.9740,0.5810,97.2220,2.0130,2025-09-12 21:24:23,569.0
0.5410,17.0050,0.5640,97.1510,2.0620,2025-09-12 21:24:23,569.0
0.5150,16.9210,0.4650,96.9550,1.9360,2025-09-12 21:24:23,569.0
0.5360,16.9870,0.5910,97.1670,2.0110,2025-09-12 21:24:23,569.0
0.5180,17.0430,0.5320,96.9790,1.9360,2025-09-12 21:24:23,569.0
0.5180,16.9830,0.4130,97.2250,1.9270,2025-09-12 21:24:23,569.0
0.5310,16.9550,0.3850,97.0980,2.0490,2025-09-12 21:24:23,569.0
0.5120,16.9520,0.5290,96.94,1.9240,2025-09-12 21:24:23,569.0
0.5250,16.9830,0.7040,97.0650,2.0230,2025-09-12 21:24:23,569.0
0.5260,17.0120,0.4020,97.0150,2.0270,2025-09-12 21:24:23,569.0
0.5350,17.0930,0.3330,96.9980,1.9680,2025-09-12 21:24:23,569.0
0.5330,17.0490,0.5040,97.1110,2.0170,2025-09-12 21:24:23,569.0
0.52,17.0120,0.3810,96.8730,2.0150,2025-09-15 13:03:27,570.0
0.5360,17.0620,0.4520,96.9510,2.0640,2025-09-15 13:03:27,570.0
0.5490,17.0710,0.4380,96.9740,2.0690,2025-09-15 13:03:27,570.0
0.53,16.9390,0.4170,97.0940,1.9490,2025-09-15 13:03:27,570.0
0.5340,17.1060,0.4520,96.9940,2.0060,2025-09-15 13:03:27,570.0
0.5250,16.9390,0.49,97.0710,2.0080,2025-09-15 13:03:27,570.0
0.5160,17.0240,0.5390,97.05,1.9990,2025-09-15 13:03:27,570.0
0.5330,17.04,0.4170,96.8010,2.04,2025-09-15 13:03:27,570.0
0.5080,17.0120,0.42,97.0880,1.8980,2025-09-15 13:03:27,570.0
0.5380,16.9490,0.4170,96.8320,2.0740,2025-09-15 13:03:27,570.0
0.52,16.99,0.4340,97.1220,2.0290,2025-09-15 13:03:27,570.0
0.5510,16.9080,0.49,96.8830,2.1840,2025-09-15 13:03:27,570.0
0.5330,17.0490,0.4580,97.1850,2.0280,2025-09-15 13:03:27,570.0
0.5380,17.0430,0.5110,96.8790,2.0630,2025-09-15 13:03:27,570.0
0.5510,16.9990,0.4550,96.9070,2.0220,2025-09-15 13:03:27,570.0
0.5360,17.0710,0.4020,96.8410,2.1320,2025-09-15 13:03:27,570.0
0.5510,17.0560,0.4380,97.0070,2.0840,2025-09-15 13:03:27,570.0
0.5290,16.9740,0.42,96.95,1.9970,2025-09-15 13:03:27,570.0
0.5240,16.9990,0.3920,96.91,1.9040,2025-09-15 13:03:27,570.0
0.5130,17.0560,0.4730,97.2340,1.8080,2025-09-15 13:03:27,570.0
0.5240,16.9390,0.4550,97.0910,2.0550,2025-09-15 13:13:28,571.0
0.5330,17.0020,0.4380,96.9570,2.1040,2025-09-15 13:13:28,571.0
0.5360,17.0240,0.4410,96.8910,2.1350,2025-09-15 13:13:28,571.0
0.5350,16.9240,0.4440,96.9910,2.0880,2025-09-15 13:13:28,571.0
0.5390,16.9770,0.5460,96.8670,2.0790,2025-09-15 13:13:28,571.0
0.5380,16.9710,0.5350,96.87,2.0890,2025-09-15 13:13:28,571.0
0.5460,17.0270,0.4580,96.8450,2.0460,2025-09-15 13:13:28,571.0
0.5330,17.0270,0.5110,96.8940,2.0320,2025-09-15 13:13:28,571.0
0.5590,16.8990,0.4730,96.80,2.2270,2025-09-15 13:13:28,571.0
0.5120,16.7920,0.5250,97.1030,2.0020,2025-09-15 13:13:28,571.0
0.5310,16.9580,0.4340,96.9470,2.0660,2025-09-15 13:13:28,571.0
0.5060,16.99,0.4310,97.2150,2.0420,2025-09-15 13:13:28,571.0
0.5330,16.9740,0.4480,96.87,2.1040,2025-09-15 13:13:28,571.0
0.5410,16.9830,0.5010,96.8560,2.2150,2025-09-15 13:13:28,571.0
0.5410,16.87,0.49,96.9040,1.95,2025-09-15 13:13:28,571.0
0.5330,16.8580,0.4030,97.0730,2.2160,2025-09-15 13:13:28,571.0
0.5170,16.9430,0.4440,97,1.9230,2025-09-15 13:13:28,571.0
0.5460,17.0270,0.4520,96.8550,2.0370,2025-09-15 13:13:28,571.0
0.5250,16.9680,0.50,96.6620,2.1210,2025-09-15 13:13:28,571.0
0.5330,17.0020,0.4240,97.0610,2.1180,2025-09-15 13:13:28,571.0
0.5370,17.10,0.3010,97.0870,2.0020,2025-09-15 19:18:38,572.0
0.5280,16.9930,0.4020,96.9010,1.9470,2025-09-15 19:18:38,572.0
0.5310,17.0650,0.4660,97.0270,1.9870,2025-09-15 19:18:38,572.0
0.5330,17.1150,0.3780,96.9550,2.0930,2025-09-15 19:18:38,572.0
0.5420,16.9330,0.5950,96.9730,2.1220,2025-09-15 19:18:38,572.0
0.55,17.1340,0.4130,97.0140,2.0240,2025-09-15 19:18:38,572.0
0.5380,16.9330,0.5040,97.08,0.0170,2025-09-15 19:18:38,572.0
0.5420,17.0620,0.4060,96.9760,2.0890,2025-09-15 19:18:38,572.0
0.5360,17.0120,0.5320,97.0180,2.0290,2025-09-15 19:18:38,572.0
0.5090,16.9330,0.4340,97.1440,1.7950,2025-09-15 19:18:38,572.0
0.5330,17.0240,0.4620,96.89,2.12,2025-09-15 19:18:38,572.0
0.5290,16.8890,0.4660,96.9940,2.0890,2025-09-15 19:18:38,572.0
0.5270,17.0050,0.35,96.9940,1.9940,2025-09-15 19:18:38,572.0
0.5030,17.0150,0.5150,96.7450,1.73,2025-09-15 19:18:38,572.0
0.5190,17.0270,0.4550,96.8590,2.0170,2025-09-15 19:18:38,572.0
0.5240,17.0530,0.4730,96.8940,1.9120,2025-09-15 19:18:38,572.0
0.5150,17.0090,0.3460,96.8760,2.0130,2025-09-15 19:18:38,572.0
0.5140,17.0560,0.55,96.7660,1.9120,2025-09-15 19:18:38,572.0
0.5460,17.1280,0.4020,96.7910,2.0450,2025-09-15 19:18:38,572.0
0.5060,16.9240,0.4270,97.0070,1.8030,2025-09-15 19:18:38,572.0
0.51,17.0620,0.34,97.06,1.9060,2025-09-15 21:13:39,573.0
0.5210,17.10,0.4480,96.8870,2.1050,2025-09-15 21:13:39,573.0
0.5160,17.0150,0.3360,97.0980,1.9660,2025-09-15 21:13:39,573.0
0.5460,17.0780,0.5770,97.05,2.1390,2025-09-15 21:13:39,573.0
0.53,17.0340,0.5320,97.3080,2.0410,2025-09-15 21:13:39,573.0
0.5440,17.0840,0.5390,97.2640,1.9850,2025-09-15 21:13:39,573.0
0.5150,17.0050,0.5670,97.2070,1.9040,2025-09-15 21:13:39,573.0
0.5360,17.1150,0.3990,97.2540,2.20,2025-09-15 21:13:39,573.0
0.5230,16.9460,0.5210,97.0530,2.0060,2025-09-15 21:13:39,573.0
0.5330,16.9830,0.3990,97.2380,2.1230,2025-09-15 21:13:39,573.0
0.5160,17.10,0.3710,97.11,1.9210,2025-09-15 21:13:39,573.0
0.5180,17.0310,0.3610,97.0760,2.0010,2025-09-15 21:13:39,573.0
0.5180,17.0590,0.4580,96.8680,1.7970,2025-09-15 21:13:39,573.0
0.5210,16.9830,0.4580,97.1020,1.9930,2025-09-15 21:13:39,573.0
0.5340,17.0930,0.4170,97.0950,2.0650,2025-09-15 21:13:39,573.0
0.5290,17.0530,0.3990,96.9440,2.1020,2025-09-15 21:13:39,573.0
0.5350,17.0490,0.4970,97.0570,2.0650,2025-09-15 21:13:39,573.0
0.5130,16.9330,0.3540,97.2170,1.8790,2025-09-15 21:13:39,573.0
0.5180,17.0590,0.5810,97.0710,1.9480,2025-09-15 21:13:39,573.0
0.5220,17.0430,0.4580,97.06,1.9830,2025-09-15 21:13:39,573.0
0.5220,16.9830,0.4020,97.1170,2.1240,2025-09-16 11:24:57,574.0
0.5160,16.9770,0.5180,97.2030,1.9550,2025-09-16 11:24:57,574.0
0.5410,16.9770,0.4940,97.0880,2.0190,2025-09-16 11:24:57,574.0
0.5330,16.9520,0.4450,96.9370,1.9540,2025-09-16 11:24:57,574.0
0.5190,16.9430,0.4860,96.9810,1.9620,2025-09-16 11:24:57,574.0
0.5410,16.93,0.4310,97.0320,1.97,2025-09-16 11:24:57,574.0
0.5460,17.0120,0.41,97.0910,2.0640,2025-09-16 11:24:57,574.0
0.5280,17.0650,0.5150,96.9790,1.9460,2025-09-16 11:24:57,574.0
0.52,16.8640,0.3570,97.18,1.9790,2025-09-16 11:24:57,574.0
0.5120,16.9550,0.4270,97.0510,1.9140,2025-09-16 11:24:57,574.0
0.5290,16.9390,0.5350,96.9550,1.9880,2025-09-16 11:24:57,574.0
0.5540,16.9990,0.4690,97.0850,2.1720,2025-09-16 11:24:57,574.0
0.5170,16.9520,0.5740,97.0770,2.0350,2025-09-16 11:24:57,574.0
0.5090,16.83,0.4790,97.2730,1.9830,2025-09-16 11:24:57,574.0
0.5310,16.9770,0.4380,96.9080,2.0790,2025-09-16 11:24:57,574.0
0.5160,16.9550,0.4690,97.03,1.7920,2025-09-16 11:24:57,574.0
0.5190,17.0310,0.3990,96.9080,1.9180,2025-09-16 11:24:57,574.0
0.5290,17.0460,0.4480,97.1910,1.9390,2025-09-16 11:24:57,574.0
0.5150,17.0150,0.42,96.8670,0.0190,2025-09-16 11:24:57,574.0
0.5250,16.9710,0.4860,97.1840,1.9740,2025-09-16 11:24:57,574.0
0.52,16.9680,0.4270,97.0140,1.9990,2025-09-16 12:54:58,575.0
0.5220,17.0020,0.6020,97.1780,2.0730,2025-09-16 12:54:58,575.0
0.5290,17.0430,0.5010,97.1730,2.1250,2025-09-16 12:54:58,575.0
0.5460,17.0750,0.4380,96.9980,2.1720,2025-09-16 12:54:58,575.0
0.5330,16.9520,0.48,97.0070,2.0720,2025-09-16 12:54:58,575.0
0.53,17.1090,0.4970,96.9720,1.8810,2025-09-16 12:54:58,575.0
0.5250,17.0430,0.4480,97,2.03,2025-09-16 12:54:58,575.0
0.54,17.0530,0.4830,97.0190,2.0360,2025-09-16 12:54:58,575.0
0.5320,17.0370,0.4580,97.21,1.9180,2025-09-16 12:54:58,575.0
0.52,17.0270,0.5180,97.0270,1.9460,2025-09-16 12:54:58,575.0
0.5290,17.0050,0.6020,97.2570,2,2025-09-16 12:54:58,575.0
0.5290,17.0120,0.4830,97.0640,1.9250,2025-09-16 12:54:58,575.0
0.5340,16.9390,0.4550,96.9660,2.1530,2025-09-16 12:54:58,575.0
0.5280,16.9930,0.3810,97.0530,2.0260,2025-09-16 12:54:58,575.0
0.5280,17.0780,0.3250,97.0220,1.9740,2025-09-16 12:54:58,575.0
0.5150,17.0050,0.3360,97.1820,1.9460,2025-09-16 12:54:58,575.0
0.5220,16.98,0.3810,97.0490,2,2025-09-16 12:54:58,575.0
0.5120,17.0240,0.4410,97.2460,1.8650,2025-09-16 12:54:58,575.0
0.5450,16.9960,0.4440,97.0130,2.1830,2025-09-16 12:54:58,575.0
0.5250,16.9520,0.4760,96.9860,1.9530,2025-09-16 12:54:58,575.0
0.5240,17.0050,0.4030,97.1880,2.0360,2025-09-16 19:50:13,576.0
0.5430,17.0620,0.3890,96.86,2.2050,2025-09-16 19:50:13,576.0
0.5380,17.0270,0.4730,96.7980,2.0560,2025-09-16 19:50:13,576.0
0.5180,17.0210,0.4090,96.98,2.0910,2025-09-16 19:50:13,576.0
0.5320,17.0430,0.5150,96.8880,2.0230,2025-09-16 19:50:13,576.0
0.5210,17.0310,0.4130,97.0040,2.0860,2025-09-16 19:50:13,576.0
0.5420,16.9210,0.6160,97.1940,2.1280,2025-09-16 19:50:13,576.0
0.5160,17.0270,0.4230,96.9660,2.0340,2025-09-16 19:50:13,576.0
0.5170,16.9580,0.5210,96.9080,2.1110,2025-09-16 19:50:13,576.0
0.5160,16.99,0.4650,97.0370,2.0560,2025-09-16 19:50:13,576.0
0.5140,16.9610,0.4310,97.0470,2.0330,2025-09-16 19:50:13,576.0
0.5470,17.0430,0.5070,97.0020,2.0830,2025-09-16 19:50:13,576.0
0.5440,17.0750,0.62,96.9020,2.1890,2025-09-16 19:50:13,576.0
0.5270,17.0620,0.3810,97.0040,2.0920,2025-09-16 19:50:13,576.0
0.5330,16.9960,0.50,97.0090,2.0970,2025-09-16 19:50:13,576.0
0.5320,16.98,0.4760,97.0430,2.1510,2025-09-16 19:50:13,576.0
0.5160,17.09,0.3850,96.8910,2.0260,2025-09-16 19:50:13,576.0
0.5340,17.0870,0.3990,96.8240,2.0610,2025-09-16 19:50:13,576.0
0.5320,17.0780,0.42,97.0380,2.0860,2025-09-16 19:50:13,576.0
0.5190,16.9870,0.6160,96.88,2.0040,2025-09-16 19:50:13,576.0
0.5140,17.0710,0.4870,96.8860,1.9390,2025-09-16 21:45:16,577.0
0.5530,17.1030,0.4790,96.9350,2.1860,2025-09-16 21:45:16,577.0
0.5230,17.0490,0.4440,97.0270,2.0330,2025-09-16 21:45:16,577.0
0.5380,17.0530,0.5110,96.9190,2.0550,2025-09-16 21:45:16,577.0
0.5320,17.0050,0.5430,96.9180,1.9750,2025-09-16 21:45:16,577.0
0.53,17.09,0.4270,97.1220,2.1680,2025-09-16 21:45:16,577.0
0.5210,17.0180,0.56,97.0450,2.10,2025-09-16 21:45:16,577.0
0.5290,17.1090,0.3710,96.8490,2.0270,2025-09-16 21:45:16,577.0
0.5190,17.0210,0.55,97.0510,1.9340,2025-09-16 21:45:16,577.0
0.5370,17.0090,0.4940,96.8650,2.1870,2025-09-16 21:45:16,577.0
0.4990,16.9210,0.4090,96.9780,1.8220,2025-09-16 21:45:16,577.0
0.5390,16.9520,0.4380,97.2680,2.0390,2025-09-16 21:45:16,577.0
0.5350,16.9550,0.3810,97.10,2.0860,2025-09-16 21:45:16,577.0
0.5440,17.1370,0.4310,96.9950,2.0920,2025-09-16 21:45:16,577.0
0.5350,17.0620,0.4020,97.0180,1.9850,2025-09-16 21:45:16,577.0
0.5190,17.0020,0.6720,96.8540,1.9880,2025-09-16 21:45:16,577.0
0.5240,17.0180,0.5210,96.9640,2.0520,2025-09-16 21:45:16,577.0
0.5350,17.0240,0.3780,96.86,2.0190,2025-09-16 21:45:16,577.0
0.5230,17.0180,0.3850,96.85,2.15,2025-09-16 21:45:16,577.0
0.5150,17.0270,0.4860,97,1.9940,2025-09-16 21:45:16,577.0
0.5460,16.9390,0.4550,96.9650,2.0850,2025-09-17 11:35:48,578.0
0.5320,16.9520,0.50,97.0120,2.0180,2025-09-17 11:35:48,578.0
0.53,17.0560,0.4520,97.3650,2.02,2025-09-17 11:35:48,578.0
0.5280,16.9390,0.4410,96.8660,1.9780,2025-09-17 11:35:48,578.0
0.5360,16.9710,0.4940,97.1040,2.0590,2025-09-17 11:35:48,578.0
0.5270,17.0180,0.55,96.9780,2.0240,2025-09-17 11:35:48,578.0
0.5160,16.9390,0.4270,97.1160,1.8950,2025-09-17 11:35:48,578.0
0.53,16.99,0.6120,96.9470,2.0220,2025-09-17 11:35:48,578.0
0.5330,16.9360,0.5320,97.1720,2.0570,2025-09-17 11:35:48,578.0
0.5350,16.8890,0.4270,97.1340,2.1990,2025-09-17 11:35:48,578.0
0.5050,16.99,0.4340,97.24,1.8050,2025-09-17 11:35:48,578.0
0.52,16.9110,0.7390,97.0560,1.92,2025-09-17 11:35:48,578.0
0.5140,17.0680,0.4730,96.7950,1.8860,2025-09-17 11:35:48,578.0
0.5240,16.9330,0.4580,97.0480,1.8380,2025-09-17 11:35:48,578.0
0.5190,16.8950,0.4940,96.84,2.04,2025-09-17 11:35:48,578.0
0.5250,16.9680,0.5080,97.3040,1.9890,2025-09-17 11:35:48,578.0
0.5270,16.9870,0.3360,97.0680,1.9950,2025-09-17 11:35:48,578.0
0.5310,17.0210,0.5530,97.0340,2.0690,2025-09-17 11:35:48,578.0
0.5070,16.9710,0.5080,96.9330,1.9080,2025-09-17 11:35:48,578.0
0.5260,16.9140,0.5350,96.9130,2.0480,2025-09-17 11:35:48,578.0
0.5220,17.0120,0.50,96.8740,1.9380,2025-09-17 12:55:49,579.0
0.5140,16.9650,0.5630,97.21,1.9850,2025-09-17 12:55:49,579.0
0.5360,17.0210,0.5990,97.1320,1.9830,2025-09-17 12:55:49,579.0
0.5380,17.0240,0.5460,96.9870,2.1080,2025-09-17 12:55:49,579.0
0.5230,16.8920,0.3960,97.0990,2.0070,2025-09-17 12:55:49,579.0
0.5190,16.9960,0.5320,97.0040,1.9240,2025-09-17 12:55:49,579.0
0.5420,17.0210,0.4550,96.9380,2.0670,2025-09-17 12:55:49,579.0
0.5250,17.0180,0.5040,97.1750,1.9640,2025-09-17 12:55:49,579.0
0.5320,16.9830,0.4550,96.9930,1.9660,2025-09-17 12:55:49,579.0
0.5390,17.0180,0.4580,97.0920,2.0720,2025-09-17 12:55:49,579.0
0.5360,16.9520,0.5320,97.2410,2.1880,2025-09-17 12:55:49,579.0
0.5480,17.0020,0.5210,97.2340,2.0620,2025-09-17 12:55:49,579.0
0.5290,17.0210,0.4550,97.1370,1.9650,2025-09-17 12:55:49,579.0
0.5440,17.0490,0.4550,97.21,2.0860,2025-09-17 12:55:49,579.0
0.5240,17.0210,0.4830,97.07,2.0120,2025-09-17 12:55:49,579.0
0.5250,16.9830,0.4620,97.12,2.0760,2025-09-17 12:55:49,579.0
0.54,17.0560,0.5250,96.8240,2.0720,2025-09-17 12:55:49,579.0
0.5270,16.9740,0.5670,96.92,2.04,2025-09-17 12:55:49,579.0
0.5490,17.0930,0.4020,96.90,2.0280,2025-09-17 12:55:49,579.0
0.5320,16.9580,0.5070,97.0160,2.0230,2025-09-17 12:55:49,579.0
0.5010,16.9240,0.6410,97.18,1.8510,2025-09-17 19:03:36,580.0
0.5190,17.0090,0.4730,97.0860,1.9670,2025-09-17 19:03:36,580.0
0.5270,17.10,0.4340,97.0130,2.0590,2025-09-17 19:03:36,580.0
0.5250,17.0590,0.5110,97.3880,2,2025-09-17 19:03:36,580.0
0.5340,16.9830,0.3890,97.0720,2.1120,2025-09-17 19:03:36,580.0
0.5270,17.0590,0.4620,97.1080,1.7310,2025-09-17 19:03:36,580.0
0.51,16.98,0.4130,97.0570,2.1080,2025-09-17 19:03:36,580.0
0.5340,17.0490,0.3610,97.1510,2.0750,2025-09-17 19:03:36,580.0
0.5290,16.9550,0.3920,96.9630,2.18,2025-09-17 19:03:36,580.0
0.5320,16.9520,0.5150,97.0140,2.0120,2025-09-17 19:03:36,580.0
0.5370,16.9210,0.4650,97.1940,2.1450,2025-09-17 19:03:36,580.0
0.5380,17.0050,0.55,96.9450,2.0960,2025-09-17 19:03:36,580.0
0.5220,16.9990,0.4660,97.1180,1.9560,2025-09-17 19:03:36,580.0
0.5240,16.9610,0.4580,97.08,1.96,2025-09-17 19:03:36,580.0
0.54,17.0340,0.4730,96.9970,2.1180,2025-09-17 19:03:36,580.0
0.5240,16.9930,0.3890,97.1260,1.9870,2025-09-17 19:03:36,580.0
0.5360,16.9610,0.5210,97.5040,1.9670,2025-09-17 19:03:36,580.0
0.5330,16.99,0.3710,97.1920,2.1960,2025-09-17 19:03:36,580.0
0.53,16.9460,0.3990,97.2050,1.9310,2025-09-17 19:03:36,580.0
0.5190,16.99,0.3850,97.0080,1.9940,2025-09-17 19:03:36,580.0
0.5410,16.9770,0.5710,96.9090,2.1280,2025-09-17 21:38:41,581.0
0.5190,16.9610,0.5070,97.0670,2.1290,2025-09-17 21:38:41,581.0
0.5310,17.0270,0.4730,97.01,1.9790,2025-09-17 21:38:41,581.0
0.5230,16.98,0.4860,96.9960,2.0610,2025-09-17 21:38:41,581.0
0.5160,16.99,0.5150,97.0080,1.8830,2025-09-17 21:38:41,581.0
0.5110,17.0460,0.4130,96.9060,1.9880,2025-09-17 21:38:41,581.0
0.5280,16.99,0.4020,97.0020,2.0760,2025-09-17 21:38:41,581.0
0.5240,16.9930,0.5320,96.80,2.0930,2025-09-17 21:38:41,581.0
0.5270,17.0270,0.4410,97.0230,2.0770,2025-09-17 21:38:41,581.0
0.5410,16.9830,0.4030,96.9330,1.9650,2025-09-17 21:38:41,581.0
0.5470,16.9210,0.5390,96.9940,2.2320,2025-09-17 21:38:41,581.0
0.5150,16.9520,0.4830,96.8960,2.0910,2025-09-17 21:38:41,581.0
0.5220,16.9830,0.4970,97.0150,2.0480,2025-09-17 21:38:41,581.0
0.5130,17.0430,0.4480,96.8660,1.8880,2025-09-17 21:38:41,581.0
0.5240,17.0340,0.3290,97.0650,2.02,2025-09-17 21:38:41,581.0
0.5190,17.0050,0.6020,97.0220,2.0370,2025-09-17 21:38:41,581.0
0.56,16.9460,0.4580,97.0120,2.2230,2025-09-17 21:38:41,581.0
0.5290,16.9830,0.3570,96.8820,2.0110,2025-09-17 21:38:41,581.0
0.5330,16.9580,0.5560,97.2860,2.0520,2025-09-17 21:38:41,581.0
0.5360,16.9460,0.4830,97.0270,2.0230,2025-09-17 21:38:41,581.0
0.5230,16.9740,0.4130,96.9780,2.1380,2025-09-18 11:09:44,582.0
0.5730,16.7950,0.5670,97.1860,2.0520,2025-09-18 11:09:44,582.0
0.5020,16.8950,0.4270,96.8920,2.1270,2025-09-18 11:09:44,582.0
0.5630,16.8890,0.4730,96.8730,2.1690,2025-09-18 11:09:44,582.0
0.5070,16.87,0.5420,97.0140,2.1960,2025-09-18 11:09:44,582.0
0.5220,16.8080,0.3850,96.8220,2.2020,2025-09-18 11:09:44,582.0
0.5110,16.8640,0.3990,97.0060,2.06,2025-09-18 11:09:44,582.0
0.5090,16.9110,0.4550,97.0250,2.1970,2025-09-18 11:09:44,582.0
0.5540,16.9080,0.4270,96.9820,2.2860,2025-09-18 11:09:44,582.0
0.4910,16.9550,0.3670,97.15,1.9440,2025-09-18 11:09:44,582.0
0.5040,16.8830,0.4930,96.91,2.0150,2025-09-18 11:09:44,582.0
0.5210,16.8830,0.4380,97.07,1.9570,2025-09-18 11:09:44,582.0
0.5320,16.8550,0.5320,97.2750,2.1270,2025-09-18 11:09:44,582.0
0.5130,16.8010,0.5250,97.02,2.3050,2025-09-18 11:09:44,582.0
0.5370,16.8920,0.43,97.39,2.2540,2025-09-18 11:09:44,582.0
0.5310,16.9550,0.3850,96.9970,2.1060,2025-09-18 11:09:44,582.0
0.5310,16.93,0.4230,96.8640,2.1740,2025-09-18 11:09:44,582.0
0.4950,16.8140,0.4720,97.06,1.9320,2025-09-18 11:09:44,582.0
0.5060,16.7670,0.4410,97.10,2.0520,2025-09-18 11:09:44,582.0
0.5070,16.7860,0.3880,96.7830,2.0130,2025-09-18 11:09:44,582.0
0.5330,16.8890,0.4590,96.9340,2.1420,2025-09-18 12:59:46,583.0
0.5260,17.0590,0.4940,96.9090,2.0080,2025-09-18 12:59:46,583.0
0.5160,16.9080,0.4380,96.99,2.0660,2025-09-18 12:59:46,583.0
0.5110,17.0530,0.4130,96.8560,1.96,2025-09-18 12:59:46,583.0
0.5140,16.9960,0.3640,96.8240,2.0920,2025-09-18 12:59:46,583.0
0.5190,16.9990,0.50,96.9440,2.0920,2025-09-18 12:59:46,583.0
0.5320,16.9580,0.4480,97.2090,2.2120,2025-09-18 12:59:46,583.0
0.5240,16.98,0.49,96.84,2.0390,2025-09-18 12:59:46,583.0
0.5180,16.9140,0.4440,97.0220,2.1730,2025-09-18 12:59:46,583.0
0.5190,16.9330,0.4170,97.1330,2.12,2025-09-18 12:59:46,583.0
0.5370,17.0210,0.5390,97.0030,2.0940,2025-09-18 12:59:46,583.0
0.5330,16.9930,0.4410,97.0190,2.0330,2025-09-18 12:59:46,583.0
0.5290,16.9390,0.4060,97.4110,2.0590,2025-09-18 12:59:46,583.0
0.5410,16.9430,0.5950,96.9730,2.0220,2025-09-18 12:59:46,583.0
0.5290,17.0020,0.42,97.1430,2.0410,2025-09-18 12:59:46,583.0
0.5150,16.99,0.3950,97.1660,1.9360,2025-09-18 12:59:46,583.0
0.5410,16.9680,0.5350,97.1170,2.1610,2025-09-18 12:59:46,583.0
0.5120,17.0970,0.4230,96.94,1.9790,2025-09-18 12:59:46,583.0
0.5430,16.9270,0.5250,96.8620,2.0880,2025-09-18 12:59:46,583.0
0.5280,17.09,0.3050,96.93,2.0850,2025-09-18 12:59:46,583.0
0.5230,16.99,0.4440,97.1390,1.9450,2025-09-18 19:00:03,584.0
0.5420,17.0180,0.4580,97.0430,2.0690,2025-09-18 19:00:03,584.0
0.5350,16.9550,0.4690,97.1670,2.0060,2025-09-18 19:00:03,584.0
0.5420,17.0090,0.4380,96.8530,2.0690,2025-09-18 19:00:03,584.0
0.5660,16.98,0.3990,96.8910,2.1790,2025-09-18 19:00:03,584.0
0.5450,17.0090,0.4830,96.8820,2.1110,2025-09-18 19:00:03,584.0
0.5310,17.0530,0.4310,97.1520,2.1620,2025-09-18 19:00:03,584.0
0.53,16.8920,0.5810,97.0610,2.0230,2025-09-18 19:00:03,584.0
0.52,16.9650,0.5290,97.1040,1.9270,2025-09-18 19:00:03,584.0
0.5240,16.93,0.4790,97.1530,2.1010,2025-09-18 19:00:03,584.0
0.5340,17.0120,0.4410,97.0270,1.9580,2025-09-18 19:00:03,584.0
0.5310,16.9870,0.3750,97.3150,1.9570,2025-09-18 19:00:03,584.0
0.5630,16.9930,0.2940,96.9240,2.2210,2025-09-18 19:00:03,584.0
0.5180,17.0090,0.6270,96.9560,1.9490,2025-09-18 19:00:03,584.0
0.5260,16.9170,0.3220,97.0850,2.14,2025-09-18 19:00:03,584.0
0.53,16.9580,0.4340,97.1550,2.1040,2025-09-18 19:00:03,584.0
0.5210,16.9960,0.4620,97.0030,2.0110,2025-09-18 19:00:03,584.0
0.4970,16.9740,0.43,97.3560,1.8460,2025-09-18 19:00:03,584.0
0.5380,16.9650,0.3880,97.0060,2.0410,2025-09-18 19:00:03,584.0
0.5210,16.9650,0.6120,97.0260,2.0390,2025-09-18 19:00:03,584.0
0.5350,16.98,0.3540,96.96,2.0760,2025-09-18 21:30:08,585.0
0.5350,17.0680,0.3080,97.14,1.9990,2025-09-18 21:30:08,585.0
0.5290,17.0240,0.4380,97.27,1.9930,2025-09-18 21:30:08,585.0
0.5320,16.9990,0.4130,97.0540,2.0410,2025-09-18 21:30:08,585.0
0.5260,16.9830,0.4170,97.0240,1.9770,2025-09-18 21:30:08,585.0
0.5130,16.9050,0.6050,97.1110,1.9980,2025-09-18 21:30:08,585.0
0.56,17.0430,0.4440,96.7420,2.16,2025-09-18 21:30:08,585.0
0.5270,17.04,0.4870,97.1330,1.9880,2025-09-18 21:30:08,585.0
0.5350,17.0430,0.6580,97.0110,2.0090,2025-09-18 21:30:08,585.0
0.5470,17.0340,0.4240,96.8460,2.1360,2025-09-18 21:30:08,585.0
0.5170,16.9360,0.4860,96.9980,1.97,2025-09-18 21:30:08,585.0
0.5330,16.9020,0.5320,96.9340,2.0880,2025-09-18 21:30:08,585.0
0.5390,17.0310,0.4480,96.9940,2.0350,2025-09-18 21:30:08,585.0
0.5310,16.9390,0.4240,97.2570,2.0290,2025-09-18 21:30:08,585.0
0.5670,17.0930,0.3780,96.9710,2.1860,2025-09-18 21:30:08,585.0
0.5120,16.9960,0.5290,97.05,1.9180,2025-09-18 21:30:08,585.0
0.5220,17.0590,0.3260,97.0680,2.0570,2025-09-18 21:30:08,585.0
0.5480,17.0270,0.4690,96.8740,2.19,2025-09-18 21:30:08,585.0
0.5370,16.9830,0.42,97.2490,2.11,2025-09-18 21:30:08,585.0
0.5340,16.9430,0.6090,97.3550,2.14,2025-09-18 21:30:08,585.0
0.5460,16.9610,0.4130,96.8740,2.1050,2025-09-19 12:52:02,586.0
0.5050,16.93,0.4620,97.10,1.7590,2025-09-19 12:52:02,586.0
0.5230,17.0090,0.4170,97.1360,2.0390,2025-09-19 12:52:02,586.0
0.5340,16.9460,0.3740,97.1680,1.9810,2025-09-19 12:52:02,586.0
0.5240,16.9430,0.4270,97.0720,2.0320,2025-09-19 12:52:02,586.0
0.5330,17.0270,0.4310,97.0680,2.1430,2025-09-19 12:52:02,586.0
0.5380,17.0680,0.3880,96.8350,2.0050,2025-09-19 12:52:02,586.0
0.5180,16.8420,0.4510,97.1560,2.0250,2025-09-19 12:52:02,586.0
0.53,17.0210,0.35,97.1370,2.0480,2025-09-19 12:52:02,586.0
0.5270,17.0270,0.3430,97.0360,1.95,2025-09-19 12:52:02,586.0
0.5360,17.0680,0.4790,96.8740,1.9010,2025-09-19 12:52:02,586.0
0.5210,17.0150,0.4520,97.1580,1.98,2025-09-19 12:52:02,586.0
0.5330,16.9520,0.5780,96.9910,2.0210,2025-09-19 12:52:02,586.0
0.52,16.9520,0.4940,97.28,2.0560,2025-09-19 12:52:02,586.0
0.5220,16.9080,0.4830,97.1320,2.01,2025-09-19 12:52:02,586.0
0.5140,16.9020,0.5040,97.2820,2.0080,2025-09-19 12:52:02,586.0
0.5380,16.8950,0.4030,97.2010,2.2020,2025-09-19 12:52:02,586.0
0.5390,16.9740,0.35,96.8730,2.0650,2025-09-19 12:52:02,586.0
0.5510,16.9170,0.4550,97.1410,2.1120,2025-09-19 12:52:02,586.0
0.5260,17.0180,0.4940,96.7360,1.9890,2025-09-19 12:52:02,586.0
0.54,17.0090,0.4090,97.1810,2.12,2025-09-19 13:02:03,587.0
0.4970,17.0120,0.4060,97.0430,1.8290,2025-09-19 13:02:03,587.0
0.5210,17.0370,0.4270,97.0050,1.9420,2025-09-19 13:02:03,587.0
0.5170,16.9110,0.4440,97.2490,2.0310,2025-09-19 13:02:03,587.0
0.5260,16.8550,0.4480,97.0240,2.07,2025-09-19 13:02:03,587.0
0.5310,17.0710,0.3540,96.9120,1.9980,2025-09-19 13:02:03,587.0
0.5130,16.98,0.4240,96.8690,1.9250,2025-09-19 13:02:03,587.0
0.5350,17.1090,0.4790,96.8550,1.9830,2025-09-19 13:02:03,587.0
0.5280,17.0370,0.3990,97.0970,2.0540,2025-09-19 13:02:03,587.0
0.5290,16.9360,0.3190,97.0610,2.0890,2025-09-19 13:02:03,587.0
0.5360,16.9650,0.4650,97.2090,2.16,2025-09-19 13:02:03,587.0
0.5120,17.0810,0.4270,97.1410,1.9750,2025-09-19 13:02:03,587.0
0.5360,17.0460,0.4730,96.8530,2.0960,2025-09-19 13:02:03,587.0
0.5150,16.98,0.5250,97.0550,2.0260,2025-09-19 13:02:03,587.0
0.5240,16.9430,0.4660,97.2190,2.1260,2025-09-19 13:02:03,587.0
0.5390,16.9390,0.4520,97.2180,2.0790,2025-09-19 13:02:03,587.0
0.5240,16.93,0.34,97.1830,2.0660,2025-09-19 13:02:03,587.0
0.5160,16.8730,0.3570,96.9370,2.0080,2025-09-19 13:02:03,587.0
0.5510,16.8770,0.4830,96.9230,2.1160,2025-09-19 13:02:03,587.0
0.5330,16.9960,0.3640,96.87,2.0380,2025-09-19 13:02:03,587.0
0.5220,17.04,0.4790,97.18,2.0390,2025-09-19 19:17:17,588.0
0.5380,17.0530,0.5180,97.0690,2.1130,2025-09-19 19:17:17,588.0
0.5350,17.04,0.3710,96.95,2.0340,2025-09-19 19:17:17,588.0
0.5450,17.0530,0.5180,97.0010,2.1650,2025-09-19 19:17:17,588.0
0.5230,17.0310,0.5010,97.0280,2.0440,2025-09-19 19:17:17,588.0
0.5220,16.99,0.4450,97.14,2.1150,2025-09-19 19:17:17,588.0
0.5370,17.0370,0.4170,97.0520,2.0670,2025-09-19 19:17:17,588.0
0.5260,16.9770,0.4830,97.1550,1.9720,2025-09-19 19:17:17,588.0
0.53,16.9990,0.50,96.8730,2.0560,2025-09-19 19:17:17,588.0
0.55,17.0530,0.4380,96.8770,2.1140,2025-09-19 19:17:17,588.0
0.5410,17.0180,0.4310,96.8720,2.0380,2025-09-19 19:17:17,588.0
0.5410,17.0970,0.5010,96.9060,2.0470,2025-09-19 19:17:17,588.0
0.5290,16.9990,0.4310,97.1950,2.0430,2025-09-19 19:17:17,588.0
0.5340,17.0150,0.4480,96.9750,2.0970,2025-09-19 19:17:17,588.0
0.5230,17.0150,0.4410,96.9250,1.9860,2025-09-19 19:17:17,588.0
0.5270,17.0590,0.5560,96.7070,2.1140,2025-09-19 19:17:17,588.0
0.5230,16.9830,0.4660,96.9050,1.9890,2025-09-19 19:17:17,588.0
0.5290,17.1440,0.5950,96.8640,2.0320,2025-09-19 19:17:17,588.0
0.5250,16.9240,0.3990,97.1170,1.9630,2025-09-19 19:17:17,588.0
0.5240,17.0560,0.4340,97.0340,2.0040,2025-09-19 19:17:17,588.0
0.5440,16.9680,0.41,96.8530,2.0750,2025-09-19 21:32:19,589.0
0.5140,16.9430,0.50,97.0920,1.9290,2025-09-19 21:32:19,589.0
0.5210,17.0530,0.3810,96.8330,1.9010,2025-09-19 21:32:19,589.0
0.5180,16.9430,0.5290,96.8090,1.8210,2025-09-19 21:32:19,589.0
0.5320,16.9650,0.3920,96.8990,2.0130,2025-09-19 21:32:19,589.0
0.5350,17.0490,0.4580,96.8850,2.0530,2025-09-19 21:32:19,589.0
0.5320,16.9550,0.5880,96.9640,2.1220,2025-09-19 21:32:19,589.0
0.5290,17.0840,0.3080,97.0380,1.98,2025-09-19 21:32:19,589.0
0.5340,17.0240,0.4380,96.86,1.9990,2025-09-19 21:32:19,589.0
0.5170,16.9270,0.3990,97.0560,1.99,2025-09-19 21:32:19,589.0
0.5280,16.9680,0.4720,96.9310,2.0330,2025-09-19 21:32:19,589.0
0.5050,16.9680,0.5390,96.9820,1.8710,2025-09-19 21:32:19,589.0
0.52,17.0310,0.5040,97.1270,2.0660,2025-09-19 21:32:19,589.0
0.5110,16.9330,0.3950,97.2670,1.9840,2025-09-19 21:32:19,589.0
0.5420,16.9680,0.4660,97.0680,2.08,2025-09-19 21:32:19,589.0
0.5440,17.10,0.3960,97.1590,1.9530,2025-09-19 21:32:19,589.0
0.5330,16.9830,0.4340,96.9380,2.0350,2025-09-19 21:32:19,589.0
0.5250,16.9650,0.3430,97.2260,0.02,2025-09-19 21:32:19,589.0
0.5340,17.0490,0.4380,96.8680,2.0760,2025-09-19 21:32:19,589.0
0.5190,16.9680,0.41,97.0620,2.0260,2025-09-19 21:32:19,589.0
0.5290,16.9680,0.3430,97.0630,1.9280,2025-09-20 10:58:01,590.0
0.51,16.9460,0.5670,96.9790,2.0940,2025-09-20 10:58:01,590.0
0.5340,17.0210,0.4480,97,2.0420,2025-09-20 10:58:01,590.0
0.5340,17.0370,0.4450,96.7230,1.9380,2025-09-20 10:58:01,590.0
0.5180,16.9680,0.4970,96.8950,1.9980,2025-09-20 10:58:01,590.0
0.56,17.0180,0.4790,96.8830,2.1770,2025-09-20 10:58:01,590.0
0.5270,16.9650,0.4170,96.9770,2.1030,2025-09-20 10:58:01,590.0
0.5350,16.9020,0.4450,96.9850,2.10,2025-09-20 10:58:01,590.0
0.5280,16.9110,0.5080,97.2980,2.0410,2025-09-20 10:58:01,590.0
0.5320,16.88,0.4270,96.9090,1.9770,2025-09-20 10:58:01,590.0
0.5420,17.0560,0.4730,96.9910,2.1380,2025-09-20 10:58:01,590.0
0.5520,17.0340,0.4270,97.08,2.11,2025-09-20 10:58:01,590.0
0.5230,16.9650,0.3990,97.0720,2.1230,2025-09-20 10:58:01,590.0
0.5260,16.9360,0.3360,96.9230,2.1190,2025-09-20 10:58:01,590.0
0.5250,16.9580,0.3710,96.8380,1.9910,2025-09-20 10:58:01,590.0
0.5320,16.93,0.3880,96.9320,2.0810,2025-09-20 10:58:01,590.0
0.53,16.9490,0.5040,97.0250,2.0750,2025-09-20 10:58:01,590.0
0.5240,16.9770,0.4020,96.78,2.1190,2025-09-20 10:58:01,590.0
0.5130,16.9650,0.4760,96.7250,1.94,2025-09-20 10:58:01,590.0
0.5350,16.9990,0.4940,96.9950,2.1670,2025-09-20 10:58:01,590.0
0.5270,16.9240,0.4870,97.0310,2.0430,2025-09-20 13:03:05,591.0
0.5250,17.0340,0.4970,96.8760,2.1440,2025-09-20 13:03:05,591.0
0.5150,16.8920,0.4170,97.1330,1.8830,2025-09-20 13:03:05,591.0
0.5260,16.9710,0.4340,96.9680,1.8470,2025-09-20 13:03:05,591.0
0.5280,17.0240,0.4340,97.1620,2.0420,2025-09-20 13:03:05,591.0
0.5120,16.9490,0.4690,97.04,1.8390,2025-09-20 13:03:05,591.0
0.5090,16.9170,0.3570,97.1330,1.9350,2025-09-20 13:03:05,591.0
0.51,16.8640,0.4270,97.2570,1.8990,2025-09-20 13:03:05,591.0
0.5230,16.9770,0.5250,97.0020,2.0680,2025-09-20 13:03:05,591.0
0.5170,16.9770,0.4690,96.9880,1.7960,2025-09-20 13:03:05,591.0
0.5120,16.9020,0.4310,96.8560,2.0650,2025-09-20 13:03:05,591.0
0.54,16.9610,0.3960,96.9190,2.1550,2025-09-20 13:03:05,591.0
0.5290,16.9650,0.3190,97.06,2.0780,2025-09-20 13:03:05,591.0
0.5360,16.9710,0.3880,96.8890,2.1510,2025-09-20 13:03:05,591.0
0.5520,16.9710,0.4870,96.9620,2.1310,2025-09-20 13:03:05,591.0
0.5240,16.9110,0.4310,96.8620,2.0410,2025-09-20 13:03:05,591.0
0.5260,16.99,0.4450,96.9060,1.9980,2025-09-20 13:03:05,591.0
0.5630,16.9740,0.4790,96.9480,2.2560,2025-09-20 13:03:05,591.0
0.5450,17.0210,0.3920,96.9280,2.1860,2025-09-20 13:03:05,591.0
0.5370,16.9580,0.4620,96.86,2.0690,2025-09-20 13:03:05,591.0
0.5340,17.0490,0.6720,96.9420,2.0570,2025-09-22 11:36:40,592.0
0.5160,16.87,0.5010,96.9270,2.0810,2025-09-22 11:36:40,592.0
0.5430,16.9270,0.3880,97.2610,2.2710,2025-09-22 11:36:40,592.0
0.5330,16.9520,0.4060,96.8650,2.1260,2025-09-22 11:36:40,592.0
0.5250,16.9930,0.4550,97.2210,2.0080,2025-09-22 11:36:40,592.0
0.5290,17.0150,0.4270,97.06,2.02,2025-09-22 11:36:40,592.0
0.5210,16.9080,0.4720,97.2150,2.0860,2025-09-22 11:36:40,592.0
0.53,17.0620,0.3740,97.0180,1.9560,2025-09-22 11:36:40,592.0
0.5330,16.8990,0.4830,97.1720,2.18,2025-09-22 11:36:40,592.0
0.5260,16.9830,0.42,97.1180,1.9310,2025-09-22 11:36:40,592.0
0.5320,17.04,0.64,96.8320,1.9360,2025-09-22 11:36:40,592.0
0.5360,17.0240,0.4230,96.8730,2.1110,2025-09-22 11:36:40,592.0
0.53,16.99,0.4240,96.9970,2.0020,2025-09-22 11:36:40,592.0
0.5220,17.0620,0.5040,96.9660,1.9890,2025-09-22 11:36:40,592.0
0.5160,16.9960,0.4620,96.9120,2.1270,2025-09-22 11:36:40,592.0
0.5260,16.9870,0.3320,96.9170,2.14,2025-09-22 11:36:40,592.0
0.5390,16.98,0.5280,96.9280,2.1220,2025-09-22 11:36:40,592.0
0.5280,16.9490,0.3710,97.2070,2.1180,2025-09-22 11:36:40,592.0
0.53,16.9170,0.4690,97.2250,1.9520,2025-09-22 11:36:40,592.0
0.5260,17.0750,0.4380,96.7960,2.0650,2025-09-22 11:36:40,592.0
0.5090,17.0240,0.4380,96.8110,1.9610,2025-09-22 13:06:44,593.0
0.5160,16.9610,0.4170,97.1790,1.9410,2025-09-22 13:06:44,593.0
0.5490,16.9170,0.4160,97.0190,2.2710,2025-09-22 13:06:44,593.0
0.5150,16.9330,0.5040,96.8750,1.9570,2025-09-22 13:06:44,593.0
0.5250,16.99,0.3920,97.2370,2.0090,2025-09-22 13:06:44,593.0
0.5110,16.9580,0.4550,97.01,1.9940,2025-09-22 13:06:44,593.0
0.5240,16.8920,0.4130,97.06,2.1510,2025-09-22 13:06:44,593.0
0.5330,17.0530,0.4940,96.86,2.1270,2025-09-22 13:06:44,593.0
0.5260,16.99,0.5210,96.9210,2.12,2025-09-22 13:06:44,593.0
0.5240,16.9360,0.4730,96.6840,1.9560,2025-09-22 13:06:44,593.0
0.5220,16.8640,0.5430,97.0090,2.1150,2025-09-22 13:06:44,593.0
0.5180,17.0430,0.4440,97.0190,1.9480,2025-09-22 13:06:44,593.0
0.5420,17.0530,0.4580,96.9210,2.1560,2025-09-22 13:06:44,593.0
0.5260,16.9490,0.4690,96.8970,2.0820,2025-09-22 13:06:44,593.0
0.5320,17.0460,0.4130,97.04,2.0880,2025-09-22 13:06:44,593.0
0.5080,16.88,0.4760,97.0560,1.8130,2025-09-22 13:06:44,593.0
0.5320,17.1310,0.4550,97.0370,2,2025-09-22 13:06:44,593.0
0.5230,17.0050,0.4830,97.0310,2.0590,2025-09-22 13:06:44,593.0
0.5430,17.0840,0.4230,96.97,2.0420,2025-09-22 13:06:44,593.0
0.5190,16.9360,0.49,96.9040,1.9880,2025-09-22 13:06:44,593.0
0.5270,16.9170,0.3880,97.3020,2.0110,2025-09-22 21:34:46,594.0
0.5440,16.9610,0.4230,97.3990,2.0470,2025-09-22 21:34:46,594.0
0.5650,16.9490,0.3990,96.8940,2.2180,2025-09-22 21:34:46,594.0
0.5340,17.0750,0.3880,97.0150,2.0890,2025-09-22 21:34:46,594.0
0.5420,17.0650,0.4520,96.92,2.0310,2025-09-22 21:34:46,594.0
0.52,17.0120,0.3180,97.1220,1.9390,2025-09-22 21:34:46,594.0
0.5120,16.99,0.4270,97.0680,1.9350,2025-09-22 21:34:46,594.0
0.5360,17.0840,0.4760,96.8120,2.0080,2025-09-22 21:34:46,594.0
0.5060,16.9020,0.4690,97.3750,1.8430,2025-09-22 21:34:46,594.0
0.52,17.0840,0.3390,96.8080,1.9850,2025-09-22 21:34:46,594.0
0.5210,17.0310,0.3250,97.2290,1.9550,2025-09-22 21:34:46,594.0
0.5340,16.9960,0.4160,96.82,1.9740,2025-09-22 21:34:46,594.0
0.5310,16.9360,0.5560,97.1170,2.0380,2025-09-22 21:34:46,594.0
0.53,17.0050,0.3680,96.8350,1.9410,2025-09-22 21:34:46,594.0
0.5410,17.0530,0.4410,97.2780,2.12,2025-09-22 21:34:46,594.0
0.50,16.9770,0.4020,97.0630,1.92,2025-09-22 21:34:46,594.0
0.5310,17.0870,0.5040,96.8640,0.0180,2025-09-22 21:34:46,594.0
0.5220,16.9960,0.49,97.0170,1.9980,2025-09-22 21:34:46,594.0
0.5470,17.0340,0.3640,96.9080,2.1170,2025-09-22 21:34:46,594.0
0.5030,16.8990,0.5250,97.1330,2.0970,2025-09-22 21:34:46,594.0
0.5360,17.0620,0.4660,96.8230,2.0170,2025-09-22 21:49:47,595.0
0.5290,17.0560,0.4230,97.1710,2.0730,2025-09-22 21:49:47,595.0
0.5210,17.0970,0.5320,96.9690,2.09,2025-09-22 21:49:47,595.0
0.5060,17.0180,0.4940,96.8440,1.9210,2025-09-22 21:49:47,595.0
0.5320,17.0150,0.4450,96.9370,1.97,2025-09-22 21:49:47,595.0
0.52,17.1340,0.4860,96.8950,1.9170,2025-09-22 21:49:47,595.0
0.5160,17.0650,0.3330,97.15,1.9350,2025-09-22 21:49:47,595.0
0.5270,17.0340,0.4730,97.1560,1.8820,2025-09-22 21:49:47,595.0
0.5310,16.93,0.4440,97.0370,2.0510,2025-09-22 21:49:47,595.0
0.5210,17.1190,0.3750,96.9940,1.9890,2025-09-22 21:49:47,595.0
0.5290,17.0710,0.3110,97.0360,1.9560,2025-09-22 21:49:47,595.0
0.5170,17.0490,0.4380,97.0590,1.9160,2025-09-22 21:49:47,595.0
0.5240,16.9770,0.3610,97.0280,2.0630,2025-09-22 21:49:47,595.0
0.5330,17.1590,0.4520,96.8640,2.0710,2025-09-22 21:49:47,595.0
0.5420,17.1190,0.5320,96.8350,2.0550,2025-09-22 21:49:47,595.0
0.5270,16.9520,0.5560,97.0160,2.1840,2025-09-22 21:49:47,595.0
0.5140,17.0970,0.3950,96.9930,1.8620,2025-09-22 21:49:47,595.0
0.5220,17.0120,0.4020,97.0660,2.0010,2025-09-22 21:49:47,595.0
0.5150,17.0340,0.3250,96.9220,1.9770,2025-09-22 21:49:47,595.0
0.5370,17.0620,0.2870,96.96,2.0680,2025-09-22 21:49:47,595.0
0.5390,16.9650,0.3360,96.8910,2.2280,2025-09-25 11:05:57,596.0
0.5310,16.9960,0.4520,96.8720,2.1080,2025-09-25 11:05:57,596.0
0.5090,16.9110,0.4340,96.9190,1.9760,2025-09-25 11:05:57,596.0
0.5260,16.9240,0.4790,96.9010,2.0350,2025-09-25 11:05:57,596.0
0.5460,16.99,0.6020,96.8760,2.1090,2025-09-25 11:05:57,596.0
0.5390,16.9740,0.3920,96.8720,1.9240,2025-09-25 11:05:57,596.0
0.5330,17.0150,0.5180,96.7270,2.0330,2025-09-25 11:05:57,596.0
0.5420,17.0180,0.4310,96.6740,2.13,2025-09-25 11:05:57,596.0
0.5290,16.9650,0.4520,96.6590,2.1890,2025-09-25 11:05:57,596.0
0.5350,17.0050,0.3670,96.9380,2.0520,2025-09-25 11:05:57,596.0
0.53,16.9490,0.50,96.9150,2.0720,2025-09-25 11:05:57,596.0
0.5290,17.0050,0.41,96.9540,2.0960,2025-09-25 11:05:57,596.0
0.5390,17.0370,0.4230,96.7640,2.1560,2025-09-25 11:05:57,596.0
0.5390,16.9710,0.4410,97.0190,2.0830,2025-09-25 11:05:57,596.0
0.5330,16.9390,0.4760,96.8070,2.1410,2025-09-25 11:05:57,596.0
0.5340,16.9430,0.3920,96.9820,2.1020,2025-09-25 11:05:57,596.0
0.5440,17.0180,0.56,96.7890,2.0440,2025-09-25 11:05:57,596.0
0.5260,16.9490,0.3540,97.01,2.1240,2025-09-25 11:05:57,596.0
0.5370,16.9870,0.3670,96.9270,2.05,2025-09-25 11:05:57,596.0
0.5210,16.9680,0.4270,96.9690,1.9960,2025-09-25 11:05:57,596.0
0.53,17.1690,0.3990,96.9730,1.9240,2025-09-25 13:21:03,597.0
0.5230,16.9960,0.4380,97.0210,2.0260,2025-09-25 13:21:03,597.0
0.5370,17.1090,0.4020,97.1530,2.1010,2025-09-25 13:21:03,597.0
0.5270,17.1530,0.4830,96.8880,1.9250,2025-09-25 13:21:03,597.0
0.5380,16.99,0.3810,97.2820,2.0230,2025-09-25 13:21:03,597.0
0.5360,17.0180,0.5350,96.8610,2.0850,2025-09-25 13:21:03,597.0
0.5090,16.99,0.4310,96.9640,1.8690,2025-09-25 13:21:03,597.0
0.5180,16.9990,0.5710,96.67,1.9090,2025-09-25 13:21:03,597.0
0.5140,17.0020,0.4830,96.77,2.0270,2025-09-25 13:21:03,597.0
0.53,17.1090,0.5910,96.7880,2.0180,2025-09-25 13:21:03,597.0
0.5420,17.0270,0.4970,97.1930,1.9840,2025-09-25 13:21:03,597.0
0.5470,17.1120,0.3710,96.8170,2.1020,2025-09-25 13:21:03,597.0
0.5280,16.9360,0.5080,96.8180,1.9970,2025-09-25 13:21:03,597.0
0.5420,17.0340,0.4160,96.9070,1.9580,2025-09-25 13:21:03,597.0
0.5290,16.9430,0.5390,97.0070,1.9840,2025-09-25 13:21:03,597.0
0.5180,17.0090,0.4410,97.1160,1.9770,2025-09-25 13:21:03,597.0
0.5330,16.99,0.4020,96.8560,2.0580,2025-09-25 13:21:03,597.0
0.5340,17.0710,0.4060,96.7240,2.0450,2025-09-25 13:21:03,597.0
0.5250,16.9490,0.4550,97.0070,1.9580,2025-09-25 13:21:03,597.0
0.5240,16.9390,0.5110,97.1010,2.0340,2025-09-25 13:21:03,597.0
0.51,16.9930,0.4870,96.7940,1.8410,2025-09-25 19:51:52,598.0
0.55,16.9650,0.4580,96.9680,2.1370,2025-09-25 19:51:52,598.0
0.5310,16.9960,0.4870,97.0560,1.95,2025-09-25 19:51:52,598.0
0.5270,16.9740,0.5780,97.02,1.9260,2025-09-25 19:51:52,598.0
0.5130,16.9990,0.4020,97.10,2.0520,2025-09-25 19:51:52,598.0
0.5620,16.9710,0.4440,97.1280,2.2260,2025-09-25 19:51:52,598.0
0.5340,17.0050,0.5670,97.0140,2.0720,2025-09-25 19:51:52,598.0
0.5320,16.9650,0.3710,96.9220,2.04,2025-09-25 19:51:52,598.0
0.5470,16.9770,0.3220,97.3620,2.0870,2025-09-25 19:51:52,598.0
0.53,16.99,0.4620,96.8120,2.0470,2025-09-25 19:51:52,598.0
0.54,17.0370,0.4340,97.25,2.1170,2025-09-25 19:51:52,598.0
0.5350,16.9580,0.4510,96.9210,2.0780,2025-09-25 19:51:52,598.0
0.5230,16.99,0.5320,96.8260,1.9250,2025-09-25 19:51:52,598.0
0.5420,16.9460,0.5460,96.8920,2.2050,2025-09-25 19:51:52,598.0
0.53,16.9050,0.6760,97.1340,2.0080,2025-09-25 19:51:52,598.0
0.5320,16.9490,0.5320,96.9140,1.9830,2025-09-25 19:51:52,598.0
0.5290,16.9870,0.4020,96.9980,1.9310,2025-09-25 19:51:52,598.0
0.5410,16.9770,0.5150,97.1860,2.1380,2025-09-25 19:51:52,598.0
0.5250,16.9710,0.7210,97.2250,2.1010,2025-09-25 19:51:52,598.0
0.5360,16.8890,0.5250,96.84,2.0550,2025-09-25 19:51:52,598.0
0.52,16.93,0.4870,97.0540,1.9470,2025-09-25 21:16:54,599.0
0.5240,16.9580,0.4940,97.0850,1.9860,2025-09-25 21:16:54,599.0
0.53,17.0210,0.42,97.04,2.0140,2025-09-25 21:16:54,599.0
0.5140,16.9460,0.4380,97.0270,1.9140,2025-09-25 21:16:54,599.0
0.5440,16.9960,0.3890,97.0550,2.1160,2025-09-25 21:16:54,599.0
0.5430,16.98,0.4480,96.9720,2.0510,2025-09-25 21:16:54,599.0
0.5360,16.9770,0.4830,97.0730,2.1380,2025-09-25 21:16:54,599.0
0.5230,16.9390,0.5290,97.1270,2.0920,2025-09-25 21:16:54,599.0
0.5410,16.9680,0.4380,96.89,2.17,2025-09-25 21:16:54,599.0
0.5360,16.9960,0.4550,97.0670,2.0850,2025-09-25 21:16:54,599.0
0.5330,17.0840,0.4310,96.9560,2.1630,2025-09-25 21:16:54,599.0
0.5110,16.9270,0.4580,97.0630,1.9490,2025-09-25 21:16:54,599.0
0.5390,16.9960,0.3950,96.9670,2.21,2025-09-25 21:16:54,599.0
0.5510,16.98,0.4130,97.2130,2.2330,2025-09-25 21:16:54,599.0
0.5320,16.9710,0.4650,96.9960,2.0710,2025-09-25 21:16:54,599.0
0.5380,16.9930,0.3110,96.9670,1.9980,2025-09-25 21:16:54,599.0
0.5190,16.9080,0.5460,97.3180,2.0260,2025-09-25 21:16:54,599.0
0.5380,17.0370,0.3780,96.8550,1.9490,2025-09-25 21:16:54,599.0
0.5280,16.9390,0.5080,97.02,2.0240,2025-09-25 21:16:54,599.0
0.5120,17.0370,0.4060,96.9810,1.9650,2025-09-25 21:16:54,599.0
0.5390,16.9830,0.4580,97.0670,2.14,2025-09-26 10:54:18,600.0
0.5210,16.9930,0.4060,97.0290,1.9470,2025-09-26 10:54:18,600.0
0.5320,16.9990,0.3990,97.1620,2.0360,2025-09-26 10:54:18,600.0
0.5240,16.9930,0.4170,96.9140,2.0840,2025-09-26 10:54:18,600.0
0.5310,16.99,0.4620,96.9270,2.1210,2025-09-26 10:54:18,600.0
0.5240,17.0150,0.4450,97.1770,2.0510,2025-09-26 10:54:18,600.0
0.5110,17.0020,0.3570,96.94,1.9270,2025-09-26 10:54:18,600.0
0.5150,17.0310,0.5320,97.0970,1.8240,2025-09-26 10:54:18,600.0
0.5290,16.9550,0.4940,96.8350,2.1820,2025-09-26 10:54:18,600.0
0.5240,16.9710,0.63,97.1510,2.0010,2025-09-26 10:54:18,600.0
0.5320,17.0270,0.4730,97.1140,2.2540,2025-09-26 10:54:18,600.0
0.5270,16.9490,0.50,97.1580,2.0320,2025-09-26 10:54:18,600.0
0.56,16.9710,0.4240,97.1450,2.3530,2025-09-26 10:54:18,600.0
0.5480,16.99,0.4760,97.1720,2.1660,2025-09-26 10:54:18,600.0
0.5420,16.9740,0.5110,96.9060,2.1230,2025-09-26 10:54:18,600.0
0.5590,17.0680,0.4730,97.1680,2.1790,2025-09-26 10:54:18,600.0
0.53,16.9930,0.4650,96.8210,2.0850,2025-09-26 10:54:18,600.0
0.5390,17.0090,0.3960,96.8540,2.1430,2025-09-26 10:54:18,600.0
0.5060,16.9110,0.4380,97.1180,1.9670,2025-09-26 10:54:18,600.0
0.5020,16.9430,0.5010,97.0220,2.06,2025-09-26 10:54:18,600.0
0.5380,17.04,0.5670,96.9830,2.0340,2025-09-26 13:04:24,601.0
0.5360,16.9330,0.5780,96.9260,2.02,2025-09-26 13:04:24,601.0
0.5240,16.9550,0.5390,96.9520,1.9580,2025-09-26 13:04:24,601.0
0.5360,16.9270,0.4450,97.0020,2.0870,2025-09-26 13:04:24,601.0
0.5390,16.9610,0.3850,97.0310,2.1560,2025-09-26 13:04:24,601.0
0.53,16.9550,0.4090,96.9260,1.9990,2025-09-26 13:04:24,601.0
0.5290,16.9520,0.4660,97.1310,2.0640,2025-09-26 13:04:24,601.0
0.5040,16.8730,0.50,96.9980,1.8860,2025-09-26 13:04:24,601.0
0.5190,17.0150,0.4060,97.0590,2.0220,2025-09-26 13:04:24,601.0
0.5290,17.0270,0.4830,96.9850,1.9440,2025-09-26 13:04:24,601.0
0.5290,16.9740,0.3850,97.3780,2.0990,2025-09-26 13:04:24,601.0
0.5180,16.82,0.4580,97.26,1.9830,2025-09-26 13:04:24,601.0
0.5210,17.0020,0.4550,96.9360,1.9750,2025-09-26 13:04:24,601.0
0.53,16.9960,0.50,96.8990,2.0070,2025-09-26 13:04:24,601.0
0.5370,16.9960,0.4230,97.0370,2.1210,2025-09-26 13:04:24,601.0
0.54,16.9710,0.3640,96.8510,2.1250,2025-09-26 13:04:24,601.0
0.5440,16.9710,0.4340,96.9920,2.2120,2025-09-26 13:04:24,601.0
0.5450,17.0310,0.4020,97.32,2.0030,2025-09-26 13:04:24,601.0
0.54,16.9330,0.4270,97.1730,2.1860,2025-09-26 13:04:24,601.0
0.5240,16.9110,0.4170,97.0350,2.0130,2025-09-26 13:04:24,601.0
0.5270,16.9610,0.4310,96.8560,2.0980,2025-09-26 19:34:42,602.0
0.5230,16.9580,0.3640,96.8070,2.0210,2025-09-26 19:34:42,602.0
0.5450,16.9360,0.4410,97.12,2.3280,2025-09-26 19:34:42,602.0
0.5440,16.9710,0.5040,97.2170,2.2050,2025-09-26 19:34:42,602.0
0.5350,16.9460,0.3750,97.0430,2.1450,2025-09-26 19:34:42,602.0
0.5430,16.9650,0.3880,97.0680,2.1570,2025-09-26 19:34:42,602.0
0.5340,16.9960,0.4480,97.1680,2.1120,2025-09-26 19:34:42,602.0
0.5360,17.0020,0.4230,97.0080,2.0140,2025-09-26 19:34:42,602.0
0.5220,16.9270,0.42,96.9460,1.9830,2025-09-26 19:34:42,602.0
0.52,16.9960,0.3990,97.1240,2.0350,2025-09-26 19:34:42,602.0
0.54,16.9020,0.5430,97.0450,2.10,2025-09-26 19:34:42,602.0
0.52,16.9170,0.5710,97.22,1.9840,2025-09-26 19:34:42,602.0
0.5210,16.9430,0.4480,96.92,2.0260,2025-09-26 19:34:42,602.0
0.5290,16.9710,0.49,96.7470,2.0160,2025-09-26 19:34:42,602.0
0.5280,16.9390,0.3460,96.9950,1.92,2025-09-26 19:34:42,602.0
0.5410,16.9170,0.5390,96.9630,2.0090,2025-09-26 19:34:42,602.0
0.5310,16.8950,0.4870,97.0760,2.10,2025-09-26 19:34:42,602.0
0.5450,17.0270,0.3670,97.0120,2.04,2025-09-26 19:34:42,602.0
0.5450,16.9960,0.3960,96.9990,2.1840,2025-09-26 19:34:42,602.0
0.5360,16.9550,0.4130,97.0220,2.1380,2025-09-26 19:34:42,602.0
0.5350,17.0180,0.3640,96.87,2.0250,2025-09-27 11:46:49,603.0
0.5460,16.9710,0.3750,96.9720,2.0420,2025-09-27 11:46:49,603.0
0.5210,17.0620,0.4860,97.0810,1.9730,2025-09-27 11:46:49,603.0
0.5460,16.9740,0.3360,97.1950,1.9570,2025-09-27 11:46:49,603.0
0.5270,17.0090,0.3710,96.7910,1.9920,2025-09-27 11:46:49,603.0
0.5320,17.0180,0.4760,96.8190,1.9460,2025-09-27 11:46:49,603.0
0.52,16.9770,0.3780,97.6110,1.96,2025-09-27 11:46:49,603.0
0.5130,16.9520,0.55,96.8290,1.94,2025-09-27 11:46:49,603.0
0.5260,16.9580,0.5910,96.7990,1.9090,2025-09-27 11:46:49,603.0
0.5290,17.0650,0.4340,96.8790,1.9780,2025-09-27 11:46:49,603.0
0.5130,16.9740,0.4730,96.8470,1.9980,2025-09-27 11:46:49,603.0
0.5220,17.10,0.3220,97,1.8570,2025-09-27 11:46:49,603.0
0.5280,16.98,0.3540,97.0430,1.99,2025-09-27 11:46:49,603.0
0.5340,17.0710,0.4660,96.7980,1.8860,2025-09-27 11:46:49,603.0
0.5270,16.9610,0.4620,96.9880,2.0340,2025-09-27 11:46:49,603.0
0.5080,17.0310,0.4440,97.2120,1.9590,2025-09-27 11:46:49,603.0
0.5280,17.0020,0.55,96.6890,1.9550,2025-09-27 11:46:49,603.0
0.5310,17.0870,0.4760,96.9510,2.0780,2025-09-27 11:46:49,603.0
0.5520,17.0430,0.4690,96.7940,2.0150,2025-09-27 11:46:49,603.0
0.5480,17.0120,0.3530,96.9810,2.1060,2025-09-27 11:46:49,603.0
0.5320,17.04,0.4830,96.82,2.0350,2025-09-27 13:11:52,604.0
0.5310,17.0310,0.5220,97.0190,1.9480,2025-09-27 13:11:52,604.0
0.53,17.0240,0.4590,96.8630,1.9990,2025-09-27 13:11:52,604.0
0.5110,17.0050,0.4340,97.1480,1.9210,2025-09-27 13:11:52,604.0
0.52,17.0530,0.4130,97.2130,1.9660,2025-09-27 13:11:52,604.0
0.5460,16.98,0.3990,97.0780,2.1810,2025-09-27 13:11:52,604.0
0.53,17.1030,0.4480,96.7680,1.9830,2025-09-27 13:11:52,604.0
0.5080,16.9610,0.4620,96.9860,1.9660,2025-09-27 13:11:52,604.0
0.5250,16.9140,0.4660,96.8780,2.0480,2025-09-27 13:11:52,604.0
0.51,17.0460,0.55,96.95,1.8880,2025-09-27 13:11:52,604.0
0.5280,17.0780,0.49,96.94,2.0950,2025-09-27 13:11:52,604.0
0.5140,16.9580,0.3850,96.8640,1.9620,2025-09-27 13:11:52,604.0
0.5350,16.9430,0.5290,97.2240,2.0570,2025-09-27 13:11:52,604.0
0.5150,16.98,0.5910,97.2750,1.8940,2025-09-27 13:11:52,604.0
0.5360,17.0090,0.5110,97.0170,2.0240,2025-09-27 13:11:52,604.0
0.4840,16.9390,0.4380,97.0420,1.8760,2025-09-27 13:11:52,604.0
0.5150,17.04,0.4580,97.1550,1.8880,2025-09-27 13:11:52,604.0
0.5140,16.9680,0.4760,96.9580,1.9140,2025-09-27 13:11:52,604.0
0.5170,17.0560,0.4310,96.7080,2.0230,2025-09-27 13:11:52,604.0
0.5250,17.0050,0.35,96.9270,1.9370,2025-09-27 13:11:52,604.0
0.5340,17.0590,0.4480,96.8830,1.9330,2025-09-27 19:21:59,605.0
0.5360,17.0120,0.4380,96.7660,1.9420,2025-09-27 19:21:59,605.0
0.5340,16.9360,0.3990,96.9060,2.0040,2025-09-27 19:21:59,605.0
0.5240,17.0150,0.6340,96.9520,1.8680,2025-09-27 19:21:59,605.0
0.5320,16.9270,0.4270,96.9880,1.9090,2025-09-27 19:21:59,605.0
0.5250,17.0210,0.4830,97.0620,2.0880,2025-09-27 19:21:59,605.0
0.5130,16.93,0.4790,97.40,1.9770,2025-09-27 19:21:59,605.0
0.5250,17.0050,0.55,97.0360,2.0370,2025-09-27 19:21:59,605.0
0.5290,16.9270,0.42,96.9370,1.9990,2025-09-27 19:21:59,605.0
0.5230,16.93,0.4620,97.1650,2.0720,2025-09-27 19:21:59,605.0
0.53,16.9830,0.4450,97.0670,2.1220,2025-09-27 19:21:59,605.0
0.5290,16.9770,0.4340,96.9150,2.01,2025-09-27 19:21:59,605.0
0.5520,17.0530,0.5530,97.1050,2.24,2025-09-27 19:21:59,605.0
0.5210,16.9460,0.4970,96.9920,1.8720,2025-09-27 19:21:59,605.0
0.5170,16.9870,0.49,96.9240,1.9570,2025-09-27 19:21:59,605.0
0.5340,16.9210,0.42,96.8340,2.0620,2025-09-27 19:21:59,605.0
0.5430,16.8610,0.4480,97.1330,2.0240,2025-09-27 19:21:59,605.0
0.5250,16.9240,0.4720,97.0560,1.9650,2025-09-27 19:21:59,605.0
0.5250,16.9430,0.4310,96.7460,1.9720,2025-09-27 19:21:59,605.0
0.5270,17.0710,0.4240,96.9060,1.9350,2025-09-27 19:21:59,605.0
0.5510,16.9960,0.3920,97.0660,2.1760,2025-09-27 21:17:00,606.0
0.5310,16.9990,0.5950,96.9730,2.0810,2025-09-27 21:17:00,606.0
0.5250,16.9990,0.4020,97.0510,2.1390,2025-09-27 21:17:00,606.0
0.5350,16.9990,0.4940,96.8740,2.0220,2025-09-27 21:17:00,606.0
0.5190,16.9080,0.3960,97.2410,2.0090,2025-09-27 21:17:00,606.0
0.5050,16.9770,0.49,97.1550,1.8380,2025-09-27 21:17:00,606.0
0.5480,17.0680,0.4580,97.4230,2.1260,2025-09-27 21:17:00,606.0
0.5440,16.9460,0.4020,96.8830,2.0580,2025-09-27 21:17:00,606.0
0.5270,16.9360,0.3780,96.90,1.9290,2025-09-27 21:17:00,606.0
0.5460,16.9460,0.4760,96.9280,2.0890,2025-09-27 21:17:00,606.0
0.5190,16.9460,0.6580,96.9930,2,2025-09-27 21:17:00,606.0
0.5350,17.0050,0.4130,97.0410,2.09,2025-09-27 21:17:00,606.0
0.5260,17.0490,0.4940,96.8240,2.1170,2025-09-27 21:17:00,606.0
0.5140,16.9360,0.4440,96.9690,1.9660,2025-09-27 21:17:00,606.0
0.5140,16.9550,0.3610,96.9380,1.9330,2025-09-27 21:17:00,606.0
0.5250,16.9710,0.4760,96.8970,2.1060,2025-09-27 21:17:00,606.0
0.5330,17.0020,0.4170,96.9430,2.2370,2025-09-27 21:17:00,606.0
0.53,16.9330,0.49,97.0040,1.9980,2025-09-27 21:17:00,606.0
0.5130,17.0240,0.5290,97.0460,1.9810,2025-09-27 21:17:00,606.0
0.5340,17.0090,0.5150,96.82,2.1520,2025-09-27 21:17:00,606.0
0.5240,17.1310,0.4480,96.8140,2.0040,2025-09-28 10:49:48,607.0
0.5370,16.9650,0.4730,97.0230,2.0660,2025-09-28 10:49:48,607.0
0.5380,17.0530,0.4830,97.0250,1.9570,2025-09-28 10:49:48,607.0
0.5250,17.0750,0.3850,96.8940,1.9510,2025-09-28 10:49:48,607.0
0.5190,16.9430,0.49,96.9780,2.0240,2025-09-28 10:49:48,607.0
0.5430,17.0710,0.5460,97.07,2.1140,2025-09-28 10:49:48,607.0
0.5220,16.9770,0.4970,96.9070,2.05,2025-09-28 10:49:48,607.0
0.5230,16.9610,0.3710,97.4030,1.8960,2025-09-28 10:49:48,607.0
0.5160,16.9710,0.5950,97.1620,2.03,2025-09-28 10:49:48,607.0
0.5260,16.9490,0.5570,97.3180,1.98,2025-09-28 10:49:48,607.0
0.5420,17.1060,0.4580,97.0270,1.9520,2025-09-28 10:49:48,607.0
0.51,17.1530,0.4790,96.9560,1.9680,2025-09-28 10:49:48,607.0
0.54,16.9170,0.5420,97.0670,2.0660,2025-09-28 10:49:48,607.0
0.5260,17.0530,0.3670,97.0350,2.02,2025-09-28 10:49:48,607.0
0.5520,17.0340,0.4090,97.0040,1.9690,2025-09-28 10:49:48,607.0
0.5530,16.9610,0.5350,96.6790,2.0910,2025-09-28 10:49:48,607.0
0.54,17.0240,0.6020,96.8810,2.1420,2025-09-28 10:49:48,607.0
0.5290,17.0120,0.4690,97.2140,1.9550,2025-09-28 10:49:48,607.0
0.52,16.9050,0.5210,96.8120,2.0860,2025-09-28 10:49:48,607.0
0.5210,16.9870,0.4790,96.9530,2.01,2025-09-28 10:49:48,607.0
0.5220,16.9460,0.6160,96.97,1.9590,2025-09-28 13:09:55,608.0
0.5390,16.8550,0.4790,96.9950,2.1510,2025-09-28 13:09:55,608.0
0.5260,17.0590,0.5180,97.06,1.9820,2025-09-28 13:09:55,608.0
0.5350,17.1120,0.4870,96.9360,1.9750,2025-09-28 13:09:55,608.0
0.5250,16.98,0.4580,96.9940,1.9570,2025-09-28 13:09:55,608.0
0.5490,16.9610,0.4620,96.9690,2.0570,2025-09-28 13:09:55,608.0
0.5390,16.9650,0.5210,96.9880,2.16,2025-09-28 13:09:55,608.0
0.5120,17.0490,0.4870,97.0580,2.0190,2025-09-28 13:09:55,608.0
0.53,16.9930,0.4870,97.0310,2.0430,2025-09-28 13:09:55,608.0
0.5340,16.9770,0.5530,96.9390,2.2010,2025-09-28 13:09:55,608.0
0.5320,17.0370,0.5150,96.7930,2.0420,2025-09-28 13:09:55,608.0
0.5190,16.9080,0.4340,97.1120,1.9070,2025-09-28 13:09:55,608.0
0.5370,17.0050,0.4830,96.7670,1.9890,2025-09-28 13:09:55,608.0
0.5270,16.9520,0.5150,96.8730,1.9730,2025-09-28 13:09:55,608.0
0.5310,17.0780,0.62,97.2160,2.0270,2025-09-28 13:09:55,608.0
0.5420,16.93,0.3320,96.97,2.1040,2025-09-28 13:09:55,608.0
0.5410,17.0020,0.4860,96.8420,2.1340,2025-09-28 13:09:55,608.0
0.5420,16.9520,0.4790,96.9470,2.1740,2025-09-28 13:09:55,608.0
0.5270,17.0120,0.4340,96.86,2.0720,2025-09-28 13:09:55,608.0
0.5260,16.9930,0.5110,96.9790,1.9920,2025-09-28 13:09:55,608.0
0.5220,17.10,0.4580,96.9980,1.9740,2025-09-28 19:25:12,609.0
0.5240,17.0020,0.4450,97.0680,2.0370,2025-09-28 19:25:12,609.0
0.5170,16.9740,0.4550,97.0390,2.0570,2025-09-28 19:25:12,609.0
0.5290,17.04,0.5290,96.9760,2.1260,2025-09-28 19:25:12,609.0
0.53,16.9870,0.3740,97.0630,2.0250,2025-09-28 19:25:12,609.0
0.5280,16.9830,0.5810,96.9620,2.1140,2025-09-28 19:25:12,609.0
0.5150,16.9140,0.4650,96.8520,1.9970,2025-09-28 19:25:12,609.0
0.5120,16.9710,0.6510,96.85,2.0280,2025-09-28 19:25:12,609.0
0.5180,17.0050,0.4410,96.8830,1.9880,2025-09-28 19:25:12,609.0
0.5340,17.0530,0.4550,97.0140,2.0510,2025-09-28 19:25:12,609.0
0.5250,16.99,0.3570,96.8710,1.9680,2025-09-28 19:25:12,609.0
0.5130,16.93,0.3710,97.0950,2.0110,2025-09-28 19:25:12,609.0
0.5290,17.0180,0.3120,96.9590,1.9790,2025-09-28 19:25:12,609.0
0.5110,17.0120,0.56,96.6780,1.8770,2025-09-28 19:25:12,609.0
0.5480,17.0460,0.4340,97.0480,2.0870,2025-09-28 19:25:12,609.0
0.5260,17.0180,0.49,96.9320,2.0430,2025-09-28 19:25:12,609.0
0.5250,16.9330,0.56,97.0580,0.0160,2025-09-28 19:25:12,609.0
0.5250,16.9740,0.4870,97.2640,2.0730,2025-09-28 19:25:12,609.0
0.54,17.0050,0.6120,96.8590,2.1110,2025-09-28 19:25:12,609.0
0.5160,17.0310,0.4970,96.9580,1.9570,2025-09-28 19:25:12,609.0
0.5270,16.9770,0.4550,96.8960,1.9940,2025-09-28 21:45:18,610.0
0.53,16.9960,0.4340,96.97,2.0940,2025-09-28 21:45:18,610.0
0.5240,16.9580,0.4790,96.9720,1.9680,2025-09-28 21:45:18,610.0
0.5660,17.0210,0.4170,96.9610,2.2570,2025-09-28 21:45:18,610.0
0.5130,17.0120,0.4790,96.8610,1.9290,2025-09-28 21:45:18,610.0
0.5230,16.9870,0.4660,96.8970,1.9490,2025-09-28 21:45:18,610.0
0.5270,16.9960,0.4060,97.1650,1.9530,2025-09-28 21:45:18,610.0
0.5420,17.0120,0.4620,96.9830,1.99,2025-09-28 21:45:18,610.0
0.5220,16.9140,0.4480,96.8560,1.9460,2025-09-28 21:45:18,610.0
0.5250,16.9580,0.4760,97.0160,1.95,2025-09-28 21:45:18,610.0
0.5270,17.0270,0.3610,97.0360,2.05,2025-09-28 21:45:18,610.0
0.5180,16.9680,0.4620,96.8780,2.0740,2025-09-28 21:45:18,610.0
0.52,16.9710,0.5390,97.1570,1.8680,2025-09-28 21:45:18,610.0
0.53,16.9710,0.3850,97.0190,2.0580,2025-09-28 21:45:18,610.0
0.5370,17.0150,0.4510,96.8390,2.0630,2025-09-28 21:45:18,610.0
0.52,17.0090,0.4410,96.9810,2.0940,2025-09-28 21:45:18,610.0
0.5060,16.88,0.4410,96.8850,2.0320,2025-09-28 21:45:18,610.0
0.5290,16.9830,0.5390,96.9930,2.11,2025-09-28 21:45:18,610.0
0.5160,16.99,0.4270,96.9880,2.0030,2025-09-28 21:45:18,610.0
0.5380,17.0150,0.4550,96.81,2.1060,2025-09-28 21:45:18,610.0
0.5350,17.0270,0.3810,96.8810,2.1010,2025-10-13 12:21:16,611.0
0.5340,16.93,0.5110,97.08,2.1180,2025-10-13 12:21:16,611.0
0.5130,16.8830,0.4730,97.1120,1.9530,2025-10-13 12:21:16,611.0
0.5330,16.9360,0.3880,96.8820,2.0830,2025-10-13 12:21:16,611.0
0.5370,16.9330,0.3890,97.1660,2.2660,2025-10-13 12:21:16,611.0
0.5310,17.0490,0.4760,96.9350,2.0970,2025-10-13 12:21:16,611.0
0.5230,16.9270,0.4580,96.8030,2.1290,2025-10-13 12:21:16,611.0
0.5280,17.0780,0.4520,96.8940,2.0470,2025-10-13 12:21:16,611.0
0.5190,16.9580,0.4090,97.0210,1.88,2025-10-13 12:21:16,611.0
0.52,16.98,0.3530,97.0540,2.0350,2025-10-13 12:21:16,611.0
0.5370,16.9710,0.4510,96.7770,2.0620,2025-10-13 12:21:16,611.0
0.5370,17.0430,0.4340,96.8930,2.1110,2025-10-13 12:21:16,611.0
0.5390,17.0810,0.42,96.9630,2.2880,2025-10-13 12:21:16,611.0
0.5130,16.9270,0.4590,97.1320,2.0850,2025-10-13 12:21:16,611.0
0.5090,16.9710,0.4940,96.90,1.9640,2025-10-13 12:21:16,611.0
0.52,16.9770,0.4480,96.9590,2.0150,2025-10-13 12:21:16,611.0
0.5310,17.0560,0.4270,96.9170,2.17,2025-10-13 12:21:16,611.0
0.5320,16.9930,0.50,96.8890,2.0110,2025-10-13 12:21:16,611.0
0.5210,16.9210,0.3780,97.0480,2.0450,2025-10-13 12:21:16,611.0
0.5180,16.98,0.5390,96.7780,2.05,2025-10-13 12:21:16,611.0
0.5350,17.0530,0.4340,97.0570,2.0170,2025-10-13 13:06:18,612.0
0.5370,17.0840,0.5180,97.1360,2.0760,2025-10-13 13:06:18,612.0
0.5330,17.0150,0.4230,97.0990,2.0770,2025-10-13 13:06:18,612.0
0.5290,16.9740,0.4450,97.4120,2.0750,2025-10-13 13:06:18,612.0
0.5320,17.0050,0.4760,96.8760,1.9690,2025-10-13 13:06:18,612.0
0.5410,17.1060,0.4270,97.1860,2.0020,2025-10-13 13:06:18,612.0
0.5330,16.99,0.4580,97.0910,2.0540,2025-10-13 13:06:18,612.0
0.5270,17.0120,0.6120,97.1210,1.9930,2025-10-13 13:06:18,612.0
0.5340,17.0560,0.3780,96.99,2.1070,2025-10-13 13:06:18,612.0
0.5040,16.8920,0.5950,97.15,1.8780,2025-10-13 13:06:18,612.0
0.5180,17.0090,0.4940,96.9120,2.0670,2025-10-13 13:06:18,612.0
0.5270,17.0560,0.6060,97.10,2,2025-10-13 13:06:18,612.0
0.5430,17.1060,0.6340,97.0370,2.0250,2025-10-13 13:06:18,612.0
0.5430,17.1150,0.4720,97.0260,2.0860,2025-10-13 13:06:18,612.0
0.5370,16.9550,0.4650,97.1480,2.1510,2025-10-13 13:06:18,612.0
0.5370,16.9990,0.4690,97.2650,2.1130,2025-10-13 13:06:18,612.0
0.5230,16.9710,0.4380,97.08,2.1230,2025-10-13 13:06:18,612.0
0.53,16.9550,0.4410,97.5110,2.0320,2025-10-13 13:06:18,612.0
0.5480,16.9680,0.4550,97.2120,2.1920,2025-10-13 13:06:18,612.0
0.5030,17.0240,0.3680,97.1390,1.8850,2025-10-13 13:06:18,612.0
0.5050,16.9650,0.4830,96.7960,1.7870,2025-10-13 19:31:27,613.0
0.5430,17.0530,0.4380,97.1110,2.1170,2025-10-13 19:31:27,613.0
0.5110,16.9990,0.4940,97.1570,1.9780,2025-10-13 19:31:27,613.0
0.5270,16.9550,0.3990,96.7630,2.0360,2025-10-13 19:31:27,613.0
0.5450,17.09,0.4030,97.1410,1.8530,2025-10-13 19:31:27,613.0
0.5290,17.0090,0.5250,97.2450,1.9650,2025-10-13 19:31:27,613.0
0.54,17.0430,0.4340,97.1160,2.0880,2025-10-13 19:31:27,613.0
0.5310,16.9610,0.4620,97.0830,2.1610,2025-10-13 19:31:27,613.0
0.5230,16.9770,0.5420,96.9130,2.0410,2025-10-13 19:31:27,613.0
0.5440,17.0270,0.4230,96.9660,2.1390,2025-10-13 19:31:27,613.0
0.5210,17.0150,0.3460,97.0770,2.0750,2025-10-13 19:31:27,613.0
0.5340,16.9170,0.5770,96.7980,2.1050,2025-10-13 19:31:27,613.0
0.51,17.0340,0.4970,97.15,0.0140,2025-10-13 19:31:27,613.0
0.5270,16.8990,0.5320,97.2250,2.0720,2025-10-13 19:31:27,613.0
0.5390,16.9870,0.4410,96.9320,2.0490,2025-10-13 19:31:27,613.0
0.5190,16.9020,0.5460,96.8680,2.0630,2025-10-13 19:31:27,613.0
0.5150,16.8420,0.4410,97.28,1.8790,2025-10-13 19:31:27,613.0
0.5320,17.0460,0.50,96.9170,2.0620,2025-10-13 19:31:27,613.0
0.5240,16.9240,0.4830,96.8790,2.0250,2025-10-13 19:31:27,613.0
0.5320,16.9990,0.4870,96.8520,2.0680,2025-10-13 19:31:27,613.0
0.5160,16.9360,0.5080,96.9720,2.0150,2025-10-13 21:31:29,614.0
0.5170,17.1470,0.4650,97.14,1.9420,2025-10-13 21:31:29,614.0
0.5340,17.0680,0.4830,97.3010,2.0280,2025-10-13 21:31:29,614.0
0.52,16.99,0.4550,96.9050,1.98,2025-10-13 21:31:29,614.0
0.5170,16.9140,0.4580,96.9850,1.8470,2025-10-13 21:31:29,614.0
0.5330,17.04,0.6230,97.0950,1.9630,2025-10-13 21:31:29,614.0
0.5290,16.9770,0.5040,97.0040,2.0680,2025-10-13 21:31:29,614.0
0.5350,17.1250,0.5110,97.0730,1.9870,2025-10-13 21:31:29,614.0
0.5270,17.0430,0.5880,97.0830,1.9670,2025-10-13 21:31:29,614.0
0.5150,17.0460,0.4480,96.9090,1.9750,2025-10-13 21:31:29,614.0
0.5250,17.0120,0.5250,97.0520,1.9710,2025-10-13 21:31:29,614.0
0.51,17.0150,0.4860,97.0390,1.9670,2025-10-13 21:31:29,614.0
0.52,16.9580,0.4310,97.0820,2.0680,2025-10-13 21:31:29,614.0
0.55,17.1090,0.4580,96.8810,2.2090,2025-10-13 21:31:29,614.0
0.53,16.9990,0.4380,96.9550,2.01,2025-10-13 21:31:29,614.0
0.5220,16.9680,0.4480,96.8940,2.0270,2025-10-13 21:31:29,614.0
0.5310,16.93,0.3920,97.1550,2.0860,2025-10-13 21:31:29,614.0
0.5180,16.9610,0.4730,96.9910,1.9280,2025-10-13 21:31:29,614.0
0.5260,17.0590,0.4170,97.1160,2.0380,2025-10-13 21:31:29,614.0
0.5250,16.9680,0.42,97.0010,2.0770,2025-10-13 21:31:29,614.0
0.5190,16.9430,0.4690,97.1380,2.04,2025-10-14 11:15:12,615.0
0.52,16.9770,0.4790,97.1310,2.03,2025-10-14 11:15:12,615.0
0.5230,16.9990,0.4760,97.1620,1.9690,2025-10-14 11:15:12,615.0
0.5210,17.0780,0.5250,96.9620,1.9750,2025-10-14 11:15:12,615.0
0.5340,16.9430,0.4020,96.9830,2.0330,2025-10-14 11:15:12,615.0
0.5430,17.0840,0.4870,96.9270,2.0680,2025-10-14 11:15:12,615.0
0.5220,17.04,0.6130,96.9270,2.1250,2025-10-14 11:15:12,615.0
0.5360,17.04,0.3920,97.0450,2.1220,2025-10-14 11:15:12,615.0
0.5390,17.0150,0.3990,97.0730,2.09,2025-10-14 11:15:12,615.0
0.53,17.0780,0.5350,97.0040,2.0250,2025-10-14 11:15:12,615.0
0.5470,17.0090,0.4020,97.0530,2.16,2025-10-14 11:15:12,615.0
0.5160,16.9930,0.3530,96.8880,1.9780,2025-10-14 11:15:12,615.0
0.5270,16.9360,0.3610,97.0270,2.0850,2025-10-14 11:15:12,615.0
0.52,16.9930,0.4440,96.9370,2.0050,2025-10-14 11:15:12,615.0
0.5350,17.0870,0.3640,97.1320,2.2540,2025-10-14 11:15:12,615.0
0.5330,16.99,0.4760,97.08,2.0880,2025-10-14 11:15:12,615.0
0.5310,16.9960,0.4270,97.0820,2.04,2025-10-14 11:15:12,615.0
0.5410,17.0340,0.4240,96.9650,2.1790,2025-10-14 11:15:12,615.0
0.5190,16.9610,0.4790,97.1520,1.9480,2025-10-14 11:15:12,615.0
0.5430,16.9710,0.4790,96.9090,2.1240,2025-10-14 11:15:12,615.0
0.5310,17.1030,0.4130,96.9290,2,2025-10-14 12:55:15,616.0
0.53,17.0240,0.6060,96.9170,2.0070,2025-10-14 12:55:15,616.0
0.5270,16.9270,0.3810,97.0420,2.0940,2025-10-14 12:55:15,616.0
0.5510,17.0310,0.4380,96.9770,2.2480,2025-10-14 12:55:15,616.0
0.5250,16.9240,0.4970,97.0220,2.0410,2025-10-14 12:55:15,616.0
0.5180,16.9770,0.5390,97.0830,1.9380,2025-10-14 12:55:15,616.0
0.53,17.0710,0.3960,96.8750,1.7790,2025-10-14 12:55:15,616.0
0.5330,16.9460,0.4620,97.3680,2.1260,2025-10-14 12:55:15,616.0
0.5270,16.9770,0.4790,96.88,2.0740,2025-10-14 12:55:15,616.0
0.5290,16.9210,0.3880,96.9830,2.1670,2025-10-14 12:55:15,616.0
0.5330,16.9870,0.4620,96.9970,2.1430,2025-10-14 12:55:15,616.0
0.53,16.9830,0.3960,97.0060,2.0870,2025-10-14 12:55:15,616.0
0.5380,17.0460,0.4520,97.1510,2.0680,2025-10-14 12:55:15,616.0
0.5290,17.0620,0.4550,96.98,2.0030,2025-10-14 12:55:15,616.0
0.5240,17.0150,0.4510,96.9980,1.9950,2025-10-14 12:55:15,616.0
0.5230,16.9460,0.3850,97.1710,2.1020,2025-10-14 12:55:15,616.0
0.5290,17.0150,0.4940,97.1750,2.0990,2025-10-14 12:55:15,616.0
0.5120,17.0210,0.4020,96.9030,1.9250,2025-10-14 12:55:15,616.0
0.5280,16.9770,0.3920,97.0680,2.1240,2025-10-14 12:55:15,616.0
0.5080,17.0430,0.3570,97.1060,1.8330,2025-10-14 12:55:15,616.0
0.5260,17.0090,0.4730,96.9670,2.0520,2025-10-14 19:10:25,617.0
0.5270,16.8920,0.4860,97.0190,2.0560,2025-10-14 19:10:25,617.0
0.54,16.9740,0.41,97.1630,1.9870,2025-10-14 19:10:25,617.0
0.5170,17.0050,0.4940,97.1980,1.9130,2025-10-14 19:10:25,617.0
0.5480,16.9990,0.4690,97.0390,1.9910,2025-10-14 19:10:25,617.0
0.5330,17.0340,0.4760,96.9340,2,2025-10-14 19:10:25,617.0
0.5060,16.9960,0.5460,96.7580,1.9610,2025-10-14 19:10:25,617.0
0.5360,16.93,0.6720,97.0040,2.0970,2025-10-14 19:10:25,617.0
0.5290,17.0620,0.4580,97.0470,2.0770,2025-10-14 19:10:25,617.0
0.5520,17.0870,0.4550,96.97,2.0810,2025-10-14 19:10:25,617.0
0.5240,16.9830,0.5040,96.7810,2.0060,2025-10-14 19:10:25,617.0
0.5290,16.9520,0.4340,96.9920,2.0270,2025-10-14 19:10:25,617.0
0.5220,16.9680,0.4620,96.9040,1.9910,2025-10-14 19:10:25,617.0
0.5240,16.9580,0.4550,97.1150,2.06,2025-10-14 19:10:25,617.0
0.5320,16.9610,0.5150,97.1630,2.1030,2025-10-14 19:10:25,617.0
0.5440,16.9710,0.5040,97.1760,2.1470,2025-10-14 19:10:25,617.0
0.5090,16.9170,0.49,96.8630,2.0480,2025-10-14 19:10:25,617.0
0.5170,17.0180,0.5850,96.97,1.8890,2025-10-14 19:10:25,617.0
0.5390,16.9490,0.5220,97.12,2.1850,2025-10-14 19:10:25,617.0
0.5410,16.9490,0.4550,97.1620,2.1680,2025-10-14 19:10:25,617.0
0.5320,16.9550,0.3920,96.9250,2.2950,2025-10-14 21:35:28,618.0
0.5540,16.9140,0.4380,96.81,2.1140,2025-10-14 21:35:28,618.0
0.5470,17.0270,0.4340,97.1740,2.1910,2025-10-14 21:35:28,618.0
0.5450,16.9680,0.5210,97.2210,2.0510,2025-10-14 21:35:28,618.0
0.5140,16.9930,0.3880,96.8980,1.9710,2025-10-14 21:35:28,618.0
0.5380,16.9460,0.4550,97.0730,2.0380,2025-10-14 21:35:28,618.0
0.5410,17.04,0.42,97.1180,1.9380,2025-10-14 21:35:28,618.0
0.5330,17.0460,0.5460,96.89,2.0670,2025-10-14 21:35:28,618.0
0.5520,16.98,0.4690,97.1870,2.2690,2025-10-14 21:35:28,618.0
0.5150,17.0780,0.4130,97.1610,1.9290,2025-10-14 21:35:28,618.0
0.5280,16.98,0.4550,96.8780,1.9010,2025-10-14 21:35:28,618.0
0.5220,16.9770,0.4480,97.0410,2.1360,2025-10-14 21:35:28,618.0
0.5430,16.9680,0.50,96.9840,2.2440,2025-10-14 21:35:28,618.0
0.5420,17.0430,0.5950,97.1550,2.10,2025-10-14 21:35:28,618.0
0.5160,16.93,0.43,97.0480,2.0830,2025-10-14 21:35:28,618.0
0.5190,16.9930,0.4620,97.1820,1.9970,2025-10-14 21:35:28,618.0
0.5290,16.9430,0.4730,96.8720,2.0170,2025-10-14 21:35:28,618.0
0.5170,16.9740,0.5460,96.9530,1.9350,2025-10-14 21:35:28,618.0
0.5260,16.9520,0.5350,96.8990,1.9720,2025-10-14 21:35:28,618.0
0.5380,16.9430,0.3990,97.0130,2.1860,2025-10-14 21:35:28,618.0
0.5320,16.8990,0.3850,96.9980,2.1960,2025-10-15 09:34:58,619.0
0.5320,16.9550,0.43,97.1330,1.9730,2025-10-15 09:34:58,619.0
0.5210,16.9930,0.4860,97.07,2.0350,2025-10-15 09:34:58,619.0
0.5440,16.9710,0.4730,97.1150,2.1670,2025-10-15 09:34:58,619.0
0.5210,16.99,0.3850,97.1330,2.0040,2025-10-15 09:34:58,619.0
0.5160,17.0620,0.3810,96.9740,2.0650,2025-10-15 09:34:58,619.0
0.5390,16.9210,0.5950,97.1320,2.1150,2025-10-15 09:34:58,619.0
0.5320,16.9360,0.5180,97.03,2.12,2025-10-15 09:34:58,619.0
0.5230,16.9580,0.5570,97.2470,2.0480,2025-10-15 09:34:58,619.0
0.5290,16.9270,0.5320,96.9770,2.08,2025-10-15 09:34:58,619.0
0.5490,16.9460,0.4340,96.8970,2.1170,2025-10-15 09:34:58,619.0
0.5180,17.0090,0.4380,97.2460,2.0310,2025-10-15 09:34:58,619.0
0.5230,16.9050,0.4450,96.8940,2.0380,2025-10-15 09:34:58,619.0
0.5280,16.9330,0.4520,97.2350,2.0830,2025-10-15 09:34:58,619.0
0.5420,16.8890,0.4090,97.1510,2.2420,2025-10-15 09:34:58,619.0
0.5340,16.9930,0.5040,96.8520,2.0510,2025-10-15 09:34:58,619.0
0.5170,16.9390,0.4440,96.9350,2.0590,2025-10-15 09:34:58,619.0
0.5370,17.0560,0.4620,97.1080,2.0630,2025-10-15 09:34:58,619.0
0.5290,16.9110,0.48,97.0030,2.0620,2025-10-15 09:34:58,619.0
0.5190,16.9740,0.5040,97.0380,2.0160,2025-10-15 09:34:58,619.0
0.5130,16.9330,0.4790,97.1370,2.1430,2025-10-15 09:49:59,620.0
0.5210,16.9460,0.4380,96.9320,2.0840,2025-10-15 09:49:59,620.0
0.5150,16.9110,0.4580,97.1360,1.9880,2025-10-15 09:49:59,620.0
0.5320,16.8890,0.4480,97.4870,2.0440,2025-10-15 09:49:59,620.0
0.4990,16.8640,0.4170,97.0310,2.0020,2025-10-15 09:49:59,620.0
0.51,16.8390,0.3710,97.14,1.9410,2025-10-15 09:49:59,620.0
0.5090,16.9240,0.4730,96.8710,1.9570,2025-10-15 09:49:59,620.0
0.53,16.9580,0.3530,96.8270,2.1450,2025-10-15 09:49:59,620.0
0.5380,16.8860,0.3430,97.0840,2.0920,2025-10-15 09:49:59,620.0
0.5340,16.9580,0.3990,97.0520,2.0610,2025-10-15 09:49:59,620.0
0.5130,16.9680,0.4970,96.9560,1.9870,2025-10-15 09:49:59,620.0
0.5350,16.9520,0.4720,96.9870,2.2060,2025-10-15 09:49:59,620.0
0.5210,16.9270,0.4060,97.07,2.0490,2025-10-15 09:49:59,620.0
0.5430,17.0750,0.4690,97.1550,2.0930,2025-10-15 09:49:59,620.0
0.5360,16.9140,0.4790,97.0360,2.0870,2025-10-15 09:49:59,620.0
0.5350,17.0460,0.3670,96.9540,2.1050,2025-10-15 09:49:59,620.0
0.5350,16.9580,0.3810,97.02,2.1320,2025-10-15 09:49:59,620.0
0.5270,16.9360,0.4340,97.0440,2.1420,2025-10-15 09:49:59,620.0
0.5360,17.0340,0.3250,96.8530,2.1430,2025-10-15 09:49:59,620.0
0.5380,16.9430,0.4270,96.9220,2.2060,2025-10-15 09:49:59,620.0
0.5190,16.9770,0.5740,96.9120,2.0130,2025-10-15 10:55:03,621.0
0.5270,16.9990,0.4510,97.0630,2.2280,2025-10-15 10:55:03,621.0
0.5360,16.99,0.4440,97.0620,2.0590,2025-10-15 10:55:03,621.0
0.5420,17.0270,0.8680,96.9440,2.1980,2025-10-15 10:55:03,621.0
0.5340,16.9550,0.5110,96.9570,2.1630,2025-10-15 10:55:03,621.0
0.5340,16.9710,0.55,97.0540,1.9950,2025-10-15 10:55:03,621.0
0.5240,16.8920,0.4230,97.0440,2.0840,2025-10-15 10:55:03,621.0
0.5360,16.9520,0.4790,97.0930,2.21,2025-10-15 10:55:03,621.0
0.5260,16.9210,0.3290,97.0010,2.1620,2025-10-15 10:55:03,621.0
0.53,16.9830,0.4170,97.0140,2.0690,2025-10-15 10:55:03,621.0
0.5280,16.98,0.3470,96.9360,2.0680,2025-10-15 10:55:03,621.0
0.5460,16.9740,0.4730,97.3220,2.0670,2025-10-15 10:55:03,621.0
0.5460,16.9170,0.3640,97.2010,2.1810,2025-10-15 10:55:03,621.0
0.5320,17.10,0.49,97.1480,2.0810,2025-10-15 10:55:03,621.0
0.5390,17.0180,0.5250,97.1220,2.1320,2025-10-15 10:55:03,621.0
0.53,16.9830,0.3990,97.0720,2.1530,2025-10-15 10:55:03,621.0
0.5090,16.98,0.4410,96.9760,2.0330,2025-10-15 10:55:03,621.0
0.5460,16.9830,0.4940,97.1260,2.2740,2025-10-15 10:55:03,621.0
0.5030,16.9270,0.4520,96.9910,2.0120,2025-10-15 10:55:03,621.0
0.5090,16.9360,0.5080,96.9160,2.1030,2025-10-15 10:55:03,621.0
0.5220,17.0090,0.5390,97.1740,2.0410,2025-10-15 11:05:04,622.0
0.54,16.9990,0.4550,97.0820,2.15,2025-10-15 11:05:04,622.0
0.5460,16.99,0.4130,97.1810,2.0020,2025-10-15 11:05:04,622.0
0.5190,17.0050,0.4620,96.8790,1.95,2025-10-15 11:05:04,622.0
0.5470,16.9930,0.6860,96.9370,2.2830,2025-10-15 11:05:04,622.0
0.5320,16.9270,0.4480,96.9920,2.1580,2025-10-15 11:05:04,622.0
0.5310,17.0180,0.4410,96.9910,2.0480,2025-10-15 11:05:04,622.0
0.5430,17.0050,0.41,97.05,2.1130,2025-10-15 11:05:04,622.0
0.4940,16.9460,0.4660,97.1460,1.9230,2025-10-15 11:05:04,622.0
0.5380,16.9580,0.4380,97.4170,2.1060,2025-10-15 11:05:04,622.0
0.5320,17.0590,0.5220,97.0560,2.0780,2025-10-15 11:05:04,622.0
0.5320,16.9430,0.4690,96.8910,2.0160,2025-10-15 11:05:04,622.0
0.5410,16.9520,0.4450,97.1560,2.2270,2025-10-15 11:05:04,622.0
0.5110,16.9460,0.4580,97.2570,1.98,2025-10-15 11:05:04,622.0
0.5310,17.09,0.4860,97.1840,1.9760,2025-10-15 11:05:04,622.0
0.5430,16.98,0.5320,96.9820,2.1120,2025-10-15 11:05:04,622.0
0.5220,16.9770,0.4870,97.0230,2.07,2025-10-15 11:05:04,622.0
0.53,16.9650,0.41,97.0440,2.1370,2025-10-15 11:05:04,622.0
0.5240,16.9330,0.4620,97.03,2.0310,2025-10-15 11:05:04,622.0
0.5340,17.0560,0.4860,97.0350,2.08,2025-10-15 11:05:04,622.0
0.5230,16.8830,0.3850,97.1560,2.0810,2025-10-15 13:15:07,623.0
0.5260,16.9580,0.4930,96.81,2.10,2025-10-15 13:15:07,623.0
0.5160,17.0090,0.3780,97.2460,1.9110,2025-10-15 13:15:07,623.0
0.5220,16.9080,0.5430,97.0990,2.07,2025-10-15 13:15:07,623.0
0.5220,16.8860,0.4790,96.9490,1.92,2025-10-15 13:15:07,623.0
0.5210,16.9520,0.5150,97.0720,2.0580,2025-10-15 13:15:07,623.0
0.52,16.9520,0.4970,97.2950,1.9710,2025-10-15 13:15:07,623.0
0.5280,16.9240,0.4550,96.9970,2.0020,2025-10-15 13:15:07,623.0
0.53,16.9770,0.5040,97.15,2.0120,2025-10-15 13:15:07,623.0
0.54,17.0020,0.4830,96.9620,2.1520,2025-10-15 13:15:07,623.0
0.5250,16.9710,0.4860,97.1180,2.0280,2025-10-15 13:15:07,623.0
0.5310,16.9650,0.5770,97.1540,2.1320,2025-10-15 13:15:07,623.0
0.5320,17.0210,0.4450,97.0880,2.0730,2025-10-15 13:15:07,623.0
0.5210,16.9210,0.3680,96.9020,1.95,2025-10-15 13:15:07,623.0
0.5230,16.8360,0.5320,96.9150,2.05,2025-10-15 13:15:07,623.0
0.5260,17.0020,0.4440,96.8990,2.0520,2025-10-15 13:15:07,623.0
0.5320,16.9770,0.4410,96.9860,2.11,2025-10-15 13:15:07,623.0
0.5060,17.0590,0.4340,96.9690,1.96,2025-10-15 13:15:07,623.0
0.5340,16.9710,0.4580,96.9580,2.03,2025-10-15 13:15:07,623.0
0.51,17.0340,0.3710,96.9460,1.9190,2025-10-15 13:15:07,623.0
0.52,17.0150,0.3850,96.99,2.0510,2025-10-15 13:25:08,624.0
0.5220,16.9650,0.4970,97.0890,2.0110,2025-10-15 13:25:08,624.0
0.5240,16.9580,0.4450,97.08,2.0410,2025-10-15 13:25:08,624.0
0.5250,17.0210,0.4580,97.0120,1.9690,2025-10-15 13:25:08,624.0
0.5370,16.9740,0.4130,96.8490,2.1510,2025-10-15 13:25:08,624.0
0.5410,17.0270,0.5560,96.8030,2.1030,2025-10-15 13:25:08,624.0
0.5180,16.9740,0.4170,96.9020,1.9110,2025-10-15 13:25:08,624.0
0.5430,17.0620,0.49,97.0790,2.0760,2025-10-15 13:25:08,624.0
0.5330,16.9680,0.4970,97.3340,2.1580,2025-10-15 13:25:08,624.0
0.5240,17.0620,0.5460,97.1040,1.9790,2025-10-15 13:25:08,624.0
0.5290,17.0240,0.5740,96.8390,2.1570,2025-10-15 13:25:08,624.0
0.5090,16.9490,0.4130,97.0070,1.9550,2025-10-15 13:25:08,624.0
0.5320,16.99,0.5040,97.0940,1.9850,2025-10-15 13:25:08,624.0
0.5230,16.9740,0.4270,97.0220,1.9710,2025-10-15 13:25:08,624.0
0.5440,16.9650,0.50,97.1530,2.1370,2025-10-15 13:25:08,624.0
0.5350,16.9580,0.3810,97.0130,2.13,2025-10-15 13:25:08,624.0
0.5260,16.9710,0.5040,97.1920,2.0780,2025-10-15 13:25:08,624.0
0.5040,16.8830,0.4970,97.2160,1.9570,2025-10-15 13:25:08,624.0
0.5340,16.9770,0.3990,97.1920,1.9410,2025-10-15 13:25:08,624.0
0.5330,17.0050,0.4270,96.8920,2.0050,2025-10-15 13:25:08,624.0
0.5320,17.0090,0.5390,97.0990,2.0190,2025-10-15 14:40:09,625.0
0.5290,16.9960,0.3890,97.1490,2.01,2025-10-15 14:40:09,625.0
0.5430,16.98,0.5350,97.0020,2.1090,2025-10-15 14:40:09,625.0
0.53,16.9650,0.42,97.1580,2.0260,2025-10-15 14:40:09,625.0
0.5260,17.04,0.3960,96.97,2.1020,2025-10-15 14:40:09,625.0
0.5180,16.9110,0.4720,96.9970,2.1070,2025-10-15 14:40:09,625.0
0.5130,16.9360,0.4970,97.0710,1.9660,2025-10-15 14:40:09,625.0
0.5170,16.9740,0.4660,97.1870,1.9810,2025-10-15 14:40:09,625.0
0.5410,16.9650,0.4580,96.9270,2.1220,2025-10-15 14:40:09,625.0
0.5120,16.9770,0.4690,96.9350,1.9660,2025-10-15 14:40:09,625.0
0.5310,16.9740,0.4790,96.8840,2.0240,2025-10-15 14:40:09,625.0
0.54,17.0370,0.4830,96.8910,2.0790,2025-10-15 14:40:09,625.0
0.5380,16.9050,0.4760,96.79,2.1260,2025-10-15 14:40:09,625.0
0.5320,17.0180,0.4450,97.1750,2.0060,2025-10-15 14:40:09,625.0
0.5150,17.0430,0.3710,97.1790,1.9810,2025-10-15 14:40:09,625.0
0.5230,16.9360,0.4170,96.9690,2.0310,2025-10-15 14:40:09,625.0
0.5090,16.9710,0.5150,96.98,1.9530,2025-10-15 14:40:09,625.0
0.5020,17.0090,0.35,97.1930,1.8540,2025-10-15 14:40:09,625.0
0.5160,17.0210,0.4060,97.0060,1.9920,2025-10-15 14:40:09,625.0
0.52,17.0310,0.5220,96.8850,2.0550,2025-10-15 14:40:09,625.0
0.5270,17.0050,0.5530,97.0650,1.9580,2025-10-15 19:10:20,626.0
0.5140,16.9020,0.4380,97.1540,1.9240,2025-10-15 19:10:20,626.0
0.5210,16.8450,0.5350,97.0290,2.0350,2025-10-15 19:10:20,626.0
0.53,17.0370,0.5840,97.1570,2.0850,2025-10-15 19:10:20,626.0
0.52,16.8420,0.6620,97.2290,1.9580,2025-10-15 19:10:20,626.0
0.5410,16.9650,0.6020,96.8080,1.9870,2025-10-15 19:10:20,626.0
0.5270,16.9610,0.5150,96.96,2.0360,2025-10-15 19:10:20,626.0
0.5340,16.9520,0.4340,96.8770,2.0440,2025-10-15 19:10:20,626.0
0.5310,16.9390,0.4580,97.0360,2.1840,2025-10-15 19:10:20,626.0
0.5160,16.9830,0.4830,96.8220,1.9980,2025-10-15 19:10:20,626.0
0.55,17.0370,0.3640,96.8920,2.1590,2025-10-15 19:10:20,626.0
0.5330,16.9770,0.5530,97.09,2.0460,2025-10-15 19:10:20,626.0
0.5370,16.8890,0.4580,96.7880,2.1030,2025-10-15 19:10:20,626.0
0.5610,17.09,0.4940,96.9990,2.2630,2025-10-15 19:10:20,626.0
0.5310,16.9550,0.4340,96.7780,2.0680,2025-10-15 19:10:20,626.0
0.5360,16.9270,0.6830,97.1330,2.03,2025-10-15 19:10:20,626.0
0.5330,16.93,0.4060,96.9940,2.1030,2025-10-15 19:10:20,626.0
0.52,17.0310,0.5110,96.7950,2.1540,2025-10-15 19:10:20,626.0
0.54,16.9330,0.4790,97.0190,2.1370,2025-10-15 19:10:20,626.0
0.53,17.0270,0.4480,96.7660,2.0540,2025-10-15 19:10:20,626.0
0.5220,16.88,0.4170,97.1370,2.0630,2025-10-15 19:30:21,627.0
0.5330,16.9550,0.5570,97.0130,2.0650,2025-10-15 19:30:21,627.0
0.5380,16.9080,0.4410,96.8820,2.0760,2025-10-15 19:30:21,627.0
0.5180,17.0210,0.5040,97.0490,1.9820,2025-10-15 19:30:21,627.0
0.5310,17.0340,0.3610,97.0350,2.0440,2025-10-15 19:30:21,627.0
0.5190,16.9430,0.6820,97.0570,1.9520,2025-10-15 19:30:21,627.0
0.5230,16.8890,0.4760,97.1410,2.0210,2025-10-15 19:30:21,627.0
0.5470,16.9110,0.5430,97.1580,2.1160,2025-10-15 19:30:21,627.0
0.5480,17.0340,0.4480,96.9710,2.21,2025-10-15 19:30:21,627.0
0.5320,16.9460,0.4270,97.0410,2.03,2025-10-15 19:30:21,627.0
0.5320,16.9050,0.6550,96.90,2.0720,2025-10-15 19:30:21,627.0
0.5190,16.9650,0.5210,96.9740,2.0850,2025-10-15 19:30:21,627.0
0.5210,16.9490,0.4310,96.7840,2.0740,2025-10-15 19:30:21,627.0
0.5440,17.0620,0.3920,96.9990,2.1240,2025-10-15 19:30:21,627.0
0.5250,16.9050,0.4340,97.1610,2.0550,2025-10-15 19:30:21,627.0
0.5530,17.0460,0.4230,97.1140,2.2330,2025-10-15 19:30:21,627.0
0.5040,16.82,0.4550,96.8770,1.86,2025-10-15 19:30:21,627.0
0.5440,16.9830,0.5250,96.9810,2.1380,2025-10-15 19:30:21,627.0
0.5120,16.9430,0.4130,96.8750,2.0140,2025-10-15 19:30:21,627.0
0.5280,16.9330,0.4020,96.9160,2.1570,2025-10-15 19:30:21,627.0
0.5440,17.1280,0.3360,97.0720,2.1510,2025-10-15 20:30:22,628.0
0.5110,16.9240,0.5460,97.0730,1.9470,2025-10-15 20:30:22,628.0
0.5240,16.9680,0.6230,97.1330,2.1010,2025-10-15 20:30:22,628.0
0.5440,16.9650,0.49,97.2160,2.0680,2025-10-15 20:30:22,628.0
0.5490,17.0870,0.4870,97.0140,2.1730,2025-10-15 20:30:22,628.0
0.5310,16.9960,0.3810,96.8860,2.0610,2025-10-15 20:30:22,628.0
0.5390,16.9270,0.6160,97.2160,2.0510,2025-10-15 20:30:22,628.0
0.5360,16.9740,0.4230,97.0490,2.0370,2025-10-15 20:30:22,628.0
0.5230,16.9680,0.4230,97.0070,2.0980,2025-10-15 20:30:22,628.0
0.5360,17.0530,0.6020,96.9920,2.1680,2025-10-15 20:30:22,628.0
0.5150,16.9520,0.4940,96.8760,1.9870,2025-10-15 20:30:22,628.0
0.5270,16.99,0.5150,96.7940,2.0480,2025-10-15 20:30:22,628.0
0.52,16.9360,0.4520,96.8450,2.0210,2025-10-15 20:30:22,628.0
0.5330,16.9990,0.5320,97.1850,2.0340,2025-10-15 20:30:22,628.0
0.5340,16.9270,0.4440,96.7650,2.14,2025-10-15 20:30:22,628.0
0.5360,16.9870,0.4380,97.0710,2.1180,2025-10-15 20:30:22,628.0
0.53,16.9830,0.4550,97.0660,2.0140,2025-10-15 20:30:22,628.0
0.5230,16.9430,0.3290,97.03,1.9450,2025-10-15 20:30:22,628.0
0.5320,16.9330,0.5530,96.9610,2.0790,2025-10-15 20:30:22,628.0
0.54,16.93,0.4380,96.98,2.1580,2025-10-15 20:30:22,628.0
0.5250,16.9390,0.5560,96.90,2.1090,2025-10-15 21:35:25,629.0
0.5440,17.0680,0.4170,97.2270,2.0890,2025-10-15 21:35:25,629.0
0.5580,17.0240,0.5810,96.9790,2.2150,2025-10-15 21:35:25,629.0
0.5370,17.0340,0.41,97.0860,2.0440,2025-10-15 21:35:25,629.0
0.5310,17.0050,0.4550,96.9670,2.0690,2025-10-15 21:35:25,629.0
0.5310,16.9830,0.5670,96.8930,2.0040,2025-10-15 21:35:25,629.0
0.5380,16.9580,0.4650,97.1630,2.1370,2025-10-15 21:35:25,629.0
0.5330,17.0120,0.5290,96.9650,2.1280,2025-10-15 21:35:25,629.0
0.5420,16.9930,0.49,97.2240,2.0980,2025-10-15 21:35:25,629.0
0.5240,16.9210,0.5040,96.9950,1.9640,2025-10-15 21:35:25,629.0
0.5180,17.0810,0.4520,96.9260,2.1090,2025-10-15 21:35:25,629.0
0.5220,16.9710,0.50,97.1420,1.9640,2025-10-15 21:35:25,629.0
0.5220,16.9960,0.4620,96.9750,1.9380,2025-10-15 21:35:25,629.0
0.5120,17.0180,0.6650,96.81,1.9160,2025-10-15 21:35:25,629.0
0.5340,17.1150,0.4160,96.8340,2.1020,2025-10-15 21:35:25,629.0
0.5280,17.0180,0.4410,96.8550,2.0390,2025-10-15 21:35:25,629.0
0.5320,16.9050,0.43,97.11,2.1170,2025-10-15 21:35:25,629.0
0.5360,16.9390,0.4760,97.1850,1.9670,2025-10-15 21:35:25,629.0
0.5370,17.0530,0.4410,96.8360,2.0930,2025-10-15 21:35:25,629.0
0.5280,16.98,0.6230,96.9650,2.1080,2025-10-15 21:35:25,629.0
0.5420,16.99,0.5070,97.1930,2.0340,2025-10-15 22:00:26,630.0
0.5170,16.9580,0.4520,97.1790,2.0140,2025-10-15 22:00:26,630.0
0.5310,17.0460,0.4830,97.0140,2.1460,2025-10-15 22:00:26,630.0
0.5370,16.9580,0.5950,96.9750,2.1320,2025-10-15 22:00:26,630.0
0.5220,16.98,0.6440,97.09,2.13,2025-10-15 22:00:26,630.0
0.5220,16.9680,0.4440,97.1720,1.9820,2025-10-15 22:00:26,630.0
0.54,17.04,0.5150,97.1510,2.1480,2025-10-15 22:00:26,630.0
0.52,16.9520,0.4170,97.0260,1.8670,2025-10-15 22:00:26,630.0
0.5210,16.99,0.4870,96.8770,2.0810,2025-10-15 22:00:26,630.0
0.5330,17.0370,0.5350,97.0780,2.0110,2025-10-15 22:00:26,630.0
0.5270,17.0750,0.3810,96.9770,1.9660,2025-10-15 22:00:26,630.0
0.5150,17.0460,0.5010,97.0510,1.9880,2025-10-15 22:00:26,630.0
0.5060,16.9830,0.4870,96.8940,1.9860,2025-10-15 22:00:26,630.0
0.5260,17.0710,0.5990,97.3470,1.8670,2025-10-15 22:00:26,630.0
0.5260,16.8950,0.4970,97.1330,2.1490,2025-10-15 22:00:26,630.0
0.5320,17.0180,0.4620,97.0510,1.9860,2025-10-15 22:00:26,630.0
0.5170,16.9210,0.4030,96.9620,2.07,2025-10-15 22:00:26,630.0
0.5350,17.0710,0.4790,96.79,2.3150,2025-10-15 22:00:26,630.0
0.5410,16.9460,0.4620,96.9060,2.1180,2025-10-15 22:00:26,630.0
0.5290,16.9960,0.6270,96.9290,1.96,2025-10-15 22:00:26,630.0
0.5190,16.9830,0.4020,96.8850,2.1520,2025-10-16 07:40:08,631.0
0.5230,16.9990,0.4270,97.1740,2.0390,2025-10-16 07:40:08,631.0
0.5180,17.0210,0.4270,96.9260,1.9360,2025-10-16 07:40:08,631.0
0.5290,16.99,0.4060,97.1150,1.9760,2025-10-16 07:40:08,631.0
0.5430,17.0270,0.2870,97.1210,2.1390,2025-10-16 07:40:08,631.0
0.51,17.0370,0.5180,96.9960,2.0020,2025-10-16 07:40:08,631.0
0.5120,17.0120,0.7180,96.8460,1.9560,2025-10-16 07:40:08,631.0
0.5250,16.9490,0.4870,97.0160,1.9450,2025-10-16 07:40:08,631.0
0.5250,16.9930,0.6580,97.0630,1.8890,2025-10-16 07:40:08,631.0
0.5150,16.8890,0.62,97.0430,1.8780,2025-10-16 07:40:08,631.0
0.5340,16.9710,0.5530,96.9480,2.1220,2025-10-16 07:40:08,631.0
0.5490,17.0020,0.42,96.9030,2.3670,2025-10-16 07:40:08,631.0
0.5190,16.9990,0.9070,97.0370,1.9250,2025-10-16 07:40:08,631.0
0.5290,17.0490,0.4870,96.8940,1.9210,2025-10-16 07:40:08,631.0
0.5290,16.9520,0.6480,97.0580,2.0440,2025-10-16 07:40:08,631.0
0.52,16.9110,0.3850,96.7620,2.2270,2025-10-16 07:40:08,631.0
0.5380,16.9960,0.5250,97.0890,2.0360,2025-10-16 07:40:08,631.0
0.5060,16.9210,0.4060,96.8630,1.9570,2025-10-16 07:40:08,631.0
0.5250,17.0090,0.3850,97.0320,2.1380,2025-10-16 07:40:08,631.0
0.5170,17.0020,0.4550,96.8250,1.9760,2025-10-16 07:40:08,631.0
0.5220,16.9460,0.35,97.0960,2.1010,2025-10-16 10:50:15,632.0
0.5340,17.0090,0.3810,97.2070,2.0420,2025-10-16 10:50:15,632.0
0.5430,17.0340,0.4340,96.9840,2.2160,2025-10-16 10:50:15,632.0
0.5220,16.98,0.4130,96.9210,2.0190,2025-10-16 10:50:15,632.0
0.5330,16.9430,0.4790,96.9020,2.3390,2025-10-16 10:50:15,632.0
0.5530,16.9050,0.3190,97.1490,2.1840,2025-10-16 10:50:15,632.0
0.5240,16.9360,0.5460,97.0870,2.0360,2025-10-16 10:50:15,632.0
0.5190,16.9520,0.4620,97.0550,2.1820,2025-10-16 10:50:15,632.0
0.5240,17.0750,0.3150,96.9390,2.03,2025-10-16 10:50:15,632.0
0.5320,16.9390,0.3780,97.1330,2.3140,2025-10-16 10:50:15,632.0
0.5170,16.9270,0.49,97.0510,2.0030,2025-10-16 10:50:15,632.0
0.5340,16.9080,0.4760,96.68,2.0540,2025-10-16 10:50:15,632.0
0.53,17.04,0.5770,96.88,2.0370,2025-10-16 10:50:15,632.0
0.5350,16.9580,0.3290,97.0540,2.1060,2025-10-16 10:50:15,632.0
0.5210,16.9830,0.4480,96.9860,1.9470,2025-10-16 10:50:15,632.0
0.5230,16.8920,0.4130,96.94,2.0570,2025-10-16 10:50:15,632.0
0.5390,17.0870,0.3810,97.1310,2.1370,2025-10-16 10:50:15,632.0
0.53,17.0210,0.4380,97.06,2.0680,2025-10-16 10:50:15,632.0
0.5240,17.0560,0.3710,96.9760,2.0720,2025-10-16 10:50:15,632.0
0.5290,16.9990,0.3430,96.9440,2.0580,2025-10-16 10:50:15,632.0
0.5120,17.0180,0.4480,96.8750,2.0390,2025-10-16 13:00:19,633.0
0.51,17.0710,0.28,96.9540,1.9350,2025-10-16 13:00:19,633.0
0.5020,16.93,0.4060,97.1140,2.0630,2025-10-16 13:00:19,633.0
0.5490,16.9830,0.4270,96.92,2.1750,2025-10-16 13:00:19,633.0
0.5190,16.9490,0.5080,96.8690,2.0710,2025-10-16 13:00:19,633.0
0.5430,17.0650,0.4020,96.7950,2.1880,2025-10-16 13:00:19,633.0
0.5180,16.9990,0.2730,97.0440,1.9440,2025-10-16 13:00:19,633.0
0.5340,17.0710,0.3780,97.1680,2.0590,2025-10-16 13:00:19,633.0
0.5070,16.98,0.4270,96.9970,2.0350,2025-10-16 13:00:19,633.0
0.5210,16.9490,0.3810,97.0730,2.1620,2025-10-16 13:00:19,633.0
0.5230,17.0050,0.3880,96.8970,2.0880,2025-10-16 13:00:19,633.0
0.5280,17.0210,0.4020,97.0080,2.0910,2025-10-16 13:00:19,633.0
0.5230,17.0020,0.3680,97.1630,2.0310,2025-10-16 13:00:19,633.0
0.5290,16.9960,0.4690,96.95,2.0970,2025-10-16 13:00:19,633.0
0.5370,17.0180,0.3640,97.0370,2.2020,2025-10-16 13:00:19,633.0
0.5280,17.0020,0.6020,96.8080,1.9930,2025-10-16 13:00:19,633.0
0.52,16.8920,0.3220,97.0630,2.1220,2025-10-16 13:00:19,633.0
0.5250,17.1030,0.4450,97.1670,2.0120,2025-10-16 13:00:19,633.0
0.5170,16.8950,0.5180,96.9370,1.92,2025-10-16 13:00:19,633.0
0.5230,16.9460,0.3670,97.0980,1.9460,2025-10-16 13:00:19,633.0
0.5230,17.0020,0.3810,96.8840,2.0130,2025-10-16 13:45:22,634.0
0.5430,16.99,0.3050,97.14,2.1460,2025-10-16 13:45:22,634.0
0.5240,17.0340,0.4270,97.1670,1.9830,2025-10-16 13:45:22,634.0
0.5220,17.0090,0.4440,97.0620,2.0530,2025-10-16 13:45:22,634.0
0.5130,16.9020,0.5220,96.8590,2.0480,2025-10-16 13:45:22,634.0
0.5330,16.99,0.3810,97.1190,2.0960,2025-10-16 13:45:22,634.0
0.5390,16.9830,0.3750,97.1560,2.1010,2025-10-16 13:45:22,634.0
0.5120,16.9360,0.4270,96.75,2.0440,2025-10-16 13:45:22,634.0
0.5310,16.9490,0.4230,97.0920,1.9670,2025-10-16 13:45:22,634.0
0.5510,17.0370,0.3120,97.2390,2.2510,2025-10-16 13:45:22,634.0
0.5390,16.9650,0.3710,96.99,2.1480,2025-10-16 13:45:22,634.0
0.5260,17.0240,0.3320,96.98,2.0550,2025-10-16 13:45:22,634.0
0.5240,16.9870,0.4170,97.2950,2.0450,2025-10-16 13:45:22,634.0
0.5320,17.0240,0.4970,96.8910,2.0960,2025-10-16 13:45:22,634.0
0.5390,16.9140,0.49,97.0240,2.1460,2025-10-16 13:45:22,634.0
0.5280,17.0020,0.3890,96.8830,2.0580,2025-10-16 13:45:22,634.0
0.5230,17.0090,0.4380,96.8660,2.0580,2025-10-16 13:45:22,634.0
0.5330,17.0370,0.4970,96.9890,2.0240,2025-10-16 13:45:22,634.0
0.5260,17.04,0.3640,97.1740,2.1350,2025-10-16 13:45:22,634.0
0.5210,17.0020,0.3750,96.9660,1.96,2025-10-16 13:45:22,634.0
0.52,17.0270,0.4620,97.17,1.9810,2025-10-16 13:55:23,635.0
0.5390,17.0590,0.3430,97.1710,2.01,2025-10-16 13:55:23,635.0
0.5390,17.0180,0.43,97.1940,2.1010,2025-10-16 13:55:23,635.0
0.5350,16.9650,0.3990,97.1420,2.1220,2025-10-16 13:55:23,635.0
0.5370,17.0020,0.3220,97.0160,2.1560,2025-10-16 13:55:23,635.0
0.5350,16.9390,0.4860,97.0680,2.0970,2025-10-16 13:55:23,635.0
0.5390,17.0050,0.3710,96.8840,2.0620,2025-10-16 13:55:23,635.0
0.5220,16.9360,0.4450,97.0430,2.0640,2025-10-16 13:55:23,635.0
0.5260,17.0270,0.3640,97.0550,2.0680,2025-10-16 13:55:23,635.0
0.5270,17.0090,0.3890,97.0880,2.05,2025-10-16 13:55:23,635.0
0.5050,17.0090,0.3780,96.9730,1.9260,2025-10-16 13:55:23,635.0
0.5220,17.0050,0.4440,96.9440,2.06,2025-10-16 13:55:23,635.0
0.5130,16.9740,0.3360,97.1840,2.0830,2025-10-16 13:55:23,635.0
0.5360,17.0270,0.4690,96.8740,2.1640,2025-10-16 13:55:23,635.0
0.5430,16.9990,0.4620,96.9110,2.2180,2025-10-16 13:55:23,635.0
0.5210,16.9580,0.5210,97.1610,2.1170,2025-10-16 13:55:23,635.0
0.5230,16.9740,0.4940,97.1290,2.0530,2025-10-16 13:55:23,635.0
0.5260,16.9080,0.4660,96.9230,2.1450,2025-10-16 13:55:23,635.0
0.5220,17.0490,0.42,96.8970,2.0440,2025-10-16 13:55:23,635.0
0.5220,16.93,0.5630,96.9550,2.0980,2025-10-16 13:55:23,635.0
0.5340,17.0490,0.3610,97.1690,2.0610,2025-10-16 14:50:24,636.0
0.5230,16.9580,0.3920,97.0340,1.9720,2025-10-16 14:50:24,636.0
0.5040,17.0180,0.3990,97.0940,1.8470,2025-10-16 14:50:24,636.0
0.5180,17.0210,0.4790,97.0520,1.9490,2025-10-16 14:50:24,636.0
0.5310,16.8550,0.4580,97.15,1.97,2025-10-16 14:50:24,636.0
0.5320,16.98,0.3750,97.0360,2.1920,2025-10-16 14:50:24,636.0
0.5240,16.9650,0.4230,97.1630,2.0130,2025-10-16 14:50:24,636.0
0.5240,16.9580,0.34,96.8860,2.0690,2025-10-16 14:50:24,636.0
0.50,16.9520,0.5010,96.9670,1.9270,2025-10-16 14:50:24,636.0
0.5030,16.9740,0.3990,97.0640,2,2025-10-16 14:50:24,636.0
0.54,17.0150,0.4690,97.0340,2.1080,2025-10-16 14:50:24,636.0
0.5060,16.9360,0.56,97.0330,1.9520,2025-10-16 14:50:24,636.0
0.5290,16.9520,0.4230,96.9710,2.0240,2025-10-16 14:50:24,636.0
0.53,17.0430,0.1720,96.9730,2.0420,2025-10-16 14:50:24,636.0
0.5150,16.9870,0.6790,96.8020,2.0030,2025-10-16 14:50:24,636.0
0.5250,17.0090,0.5150,96.9250,2.09,2025-10-16 14:50:24,636.0
0.5210,16.9830,0.3780,96.9530,1.9480,2025-10-16 14:50:24,636.0
0.5240,16.9830,0.3850,97.02,2.0940,2025-10-16 14:50:24,636.0
0.5360,16.9610,0.4650,96.9670,2.0570,2025-10-16 14:50:24,636.0
0.5270,16.9430,0.2940,96.8960,2.07,2025-10-16 18:45:30,637.0
0.5260,16.8830,0.4970,97.2570,2.1770,2025-10-16 18:45:30,637.0
0.5180,16.9610,0.3640,97.1350,1.9590,2025-10-16 18:45:30,637.0
0.5380,16.9210,0.5430,96.8130,2.12,2025-10-16 18:45:30,637.0
0.5080,16.8550,0.4970,97.1430,1.9580,2025-10-16 18:45:30,637.0
0.5220,16.9710,0.4270,97.1480,2.2460,2025-10-16 18:45:30,637.0
0.5250,16.9110,0.5150,96.9750,2.0260,2025-10-16 18:45:30,637.0
0.5320,17.0560,0.4410,96.92,2.0750,2025-10-16 18:45:30,637.0
0.5080,16.8890,0.3960,97.1290,1.9540,2025-10-16 18:45:30,637.0
0.5330,16.93,0.4860,96.8910,2.2020,2025-10-16 18:45:30,637.0
0.5080,16.8730,0.4410,97.0320,1.9980,2025-10-16 18:45:30,637.0
0.52,16.9650,0.2870,96.8840,2.0420,2025-10-16 18:45:30,637.0
0.5130,16.9740,0.50,97.03,1.8990,2025-10-16 18:45:30,637.0
0.5070,16.9610,0.3920,96.9330,1.9450,2025-10-16 18:45:30,637.0
0.5310,16.9990,0.42,97.0330,2.1550,2025-10-16 18:45:30,637.0
0.5230,17.0240,0.4790,96.8990,1.9990,2025-10-16 18:45:30,637.0
0.5060,16.9080,0.5180,97.3420,2.0170,2025-10-16 18:45:30,637.0
0.5310,16.9110,0.6480,96.7050,2.0450,2025-10-16 18:45:30,637.0
0.5170,16.9430,0.3920,97.0360,2.0110,2025-10-16 18:45:30,637.0
0.5370,16.9020,0.49,97.1550,2.2380,2025-10-16 18:45:30,637.0
0.5310,16.9580,0.3290,96.94,2.1150,2025-10-16 19:25:31,638.0
0.5170,16.9330,0.4440,96.8950,2.0750,2025-10-16 19:25:31,638.0
0.5470,17.0710,0.3810,96.9840,2.1970,2025-10-16 19:25:31,638.0
0.5220,16.9650,0.4580,96.8460,2.14,2025-10-16 19:25:31,638.0
0.5360,16.8860,0.4650,96.9190,2.2070,2025-10-16 19:25:31,638.0
0.5290,16.9210,0.4690,96.9280,1.9680,2025-10-16 19:25:31,638.0
0.5450,16.8510,0.5910,96.9550,2.3140,2025-10-16 19:25:31,638.0
0.5150,16.8040,0.4130,97.3220,2.0160,2025-10-16 19:25:31,638.0
0.5590,16.93,0.5210,96.8480,2.3390,2025-10-16 19:25:31,638.0
0.5190,16.83,0.42,96.9240,2.1120,2025-10-16 19:25:31,638.0
0.5360,16.9580,0.5220,96.8620,2.1360,2025-10-16 19:25:31,638.0
0.5210,16.9110,0.4940,97.0170,2.0730,2025-10-16 19:25:31,638.0
0.5480,16.9430,0.3950,97.17,2.1080,2025-10-16 19:25:31,638.0
0.5230,16.8670,0.5390,97.08,2.02,2025-10-16 19:25:31,638.0
0.53,16.9080,0.4450,96.8750,2.0870,2025-10-16 19:25:31,638.0
0.5280,16.99,0.3570,97.0730,2.0620,2025-10-16 19:25:31,638.0
0.5390,17.0530,0.4550,97.14,1.8740,2025-10-16 19:25:31,638.0
0.5140,16.93,0.3990,97.0410,1.9960,2025-10-16 19:25:31,638.0
0.5320,17.0590,0.5770,96.75,1.9840,2025-10-16 19:25:31,638.0
0.5340,16.8890,0.5840,96.9110,2.1330,2025-10-16 19:25:31,638.0
0.5250,17.0020,0.3850,97.0910,2.0480,2025-10-16 20:40:33,639.0
0.53,16.9520,0.4690,97.0640,2.1450,2025-10-16 20:40:33,639.0
0.5470,16.8920,0.4270,97.1620,2.1150,2025-10-16 20:40:33,639.0
0.5240,16.9830,0.4410,96.9180,2.04,2025-10-16 20:40:33,639.0
0.5320,16.9210,0.3990,97.0460,2.15,2025-10-16 20:40:33,639.0
0.5390,16.9330,0.4340,96.9990,2.13,2025-10-16 20:40:33,639.0
0.5280,16.9550,0.5080,96.8880,2.2060,2025-10-16 20:40:33,639.0
0.5060,16.9830,0.3460,96.93,1.9350,2025-10-16 20:40:33,639.0
0.5360,16.9360,0.4520,96.9040,2.1140,2025-10-16 20:40:33,639.0
0.5220,16.9740,0.4730,96.8160,2.0680,2025-10-16 20:40:33,639.0
0.5170,16.93,0.4870,97.0830,1.9960,2025-10-16 20:40:33,639.0
0.5410,16.9550,0.4450,97.1810,2.1920,2025-10-16 20:40:33,639.0
0.5140,16.9610,0.3680,97.0710,1.94,2025-10-16 20:40:33,639.0
0.5360,16.9210,0.5320,97.0430,2.0580,2025-10-16 20:40:33,639.0
0.5240,16.9210,0.5910,96.9480,2.0930,2025-10-16 20:40:33,639.0
0.5280,16.9140,0.3220,96.7770,2.05,2025-10-16 20:40:33,639.0
0.5280,16.8640,0.4310,96.9030,2.2030,2025-10-16 20:40:33,639.0
0.5240,16.9330,0.3710,97.09,2.1590,2025-10-16 20:40:33,639.0
0.5340,16.9960,0.4340,96.9150,2.0610,2025-10-16 20:40:33,639.0
0.5270,16.93,0.5290,96.9730,1.9890,2025-10-16 20:40:33,639.0
0.5260,16.9490,0.4020,97.0490,2.0830,2025-10-16 21:35:36,640.0
0.5240,16.9490,0.2560,97.2460,2.0470,2025-10-16 21:35:36,640.0
0.5130,16.8860,0.63,96.9740,2.1250,2025-10-16 21:35:36,640.0
0.5130,16.9050,0.3960,96.86,2.0830,2025-10-16 21:35:36,640.0
0.55,16.9710,0.3750,96.9410,2.2180,2025-10-16 21:35:36,640.0
0.54,16.9390,0.4660,96.9140,2.2210,2025-10-16 21:35:36,640.0
0.5250,16.9270,0.4690,97.0860,2.2060,2025-10-16 21:35:36,640.0
0.5160,16.9080,0.35,96.8940,2.0630,2025-10-16 21:35:36,640.0
0.5420,16.8860,0.3640,97.0250,2.2270,2025-10-16 21:35:36,640.0
0.5240,16.88,0.4480,97.0390,2.1750,2025-10-16 21:35:36,640.0
0.5380,16.9610,0.50,96.8670,2.1430,2025-10-16 21:35:36,640.0
0.5210,16.9080,0.3360,97.2880,1.9670,2025-10-16 21:35:36,640.0
0.54,16.98,0.3780,96.8950,2.1290,2025-10-16 21:35:36,640.0
0.5530,16.9270,0.4550,96.8890,2.3210,2025-10-16 21:35:36,640.0
0.5250,16.8830,0.4970,97.0140,2.0350,2025-10-16 21:35:36,640.0
0.5080,16.8610,0.3640,97.2840,1.9460,2025-10-16 21:35:36,640.0
0.5380,17.1780,0.3920,96.8590,2.0630,2025-10-16 21:35:36,640.0
0.5390,16.9210,0.4170,96.9470,2.23,2025-10-16 21:35:36,640.0
0.5130,16.9170,0.3570,97.3070,2.0550,2025-10-16 21:35:36,640.0
0.5250,16.8950,0.4020,96.8870,2.0990,2025-10-16 21:35:36,640.0
0.5340,16.9080,0.4830,97.0030,2.12,2025-10-16 21:45:37,641.0
0.5260,16.8830,0.5560,96.8470,2.0440,2025-10-16 21:45:37,641.0
0.5310,17.0490,0.4310,97.1870,1.9830,2025-10-16 21:45:37,641.0
0.5280,16.8010,0.4170,96.8830,2.0830,2025-10-16 21:45:37,641.0
0.5240,17.0490,0.3960,96.8950,2.0520,2025-10-16 21:45:37,641.0
0.5410,16.99,0.4130,96.8760,2.1730,2025-10-16 21:45:37,641.0
0.52,16.8950,0.49,97.2240,2.1070,2025-10-16 21:45:37,641.0
0.53,16.9080,0.4170,97.1560,2.0410,2025-10-16 21:45:37,641.0
0.53,16.7920,0.5280,97.1970,2.05,2025-10-16 21:45:37,641.0
0.5420,16.9240,0.4620,96.9720,2.1270,2025-10-16 21:45:37,641.0
0.5110,17.1470,0.3850,97.1820,1.9450,2025-10-16 21:45:37,641.0
0.5270,16.9460,0.3250,96.8230,2.0680,2025-10-16 21:45:37,641.0
0.5270,16.9210,0.4170,96.9780,2.0060,2025-10-16 21:45:37,641.0
0.5440,16.8920,0.4410,96.9560,2.2170,2025-10-16 21:45:37,641.0
0.5190,16.9020,0.3710,97.0460,2.1320,2025-10-16 21:45:37,641.0
0.5130,16.83,0.49,97.1470,1.8820,2025-10-16 21:45:37,641.0
0.54,16.9580,0.4790,96.8790,2.0640,2025-10-16 21:45:37,641.0
0.5030,16.93,0.6060,96.9520,1.9310,2025-10-16 21:45:37,641.0
0.5050,17.1310,0.29,97.0380,1.9290,2025-10-16 21:45:37,641.0
0.5230,16.9050,0.4580,96.99,2.0670,2025-10-16 21:45:37,641.0
0.5340,16.9990,0.3150,97.0270,2.1710,2025-10-17 10:50:24,642.0
0.5470,17.0620,0.3670,97.0970,2.1990,2025-10-17 10:50:24,642.0
0.5230,16.98,0.4230,97.0860,1.9780,2025-10-17 10:50:24,642.0
0.5230,17.0270,0.4270,97.1030,2.0960,2025-10-17 10:50:24,642.0
0.5130,16.9990,0.2840,97.1520,1.9810,2025-10-17 10:50:24,642.0
0.5250,17.0780,0.5250,97.2140,1.9650,2025-10-17 10:50:24,642.0
0.5230,17.1090,0.3360,96.9510,1.9990,2025-10-17 10:50:24,642.0
0.5110,16.9960,0.4620,97.0420,1.9080,2025-10-17 10:50:24,642.0
0.5190,17.0150,0.3120,97.0910,2.0290,2025-10-17 10:50:24,642.0
0.5260,16.9390,0.3610,96.9120,1.9650,2025-10-17 10:50:24,642.0
0.5380,17.0270,0.4480,97.0310,2.1480,2025-10-17 10:50:24,642.0
0.5310,16.98,0.3780,97.0530,2.0490,2025-10-17 10:50:24,642.0
0.5350,16.99,0.4650,97.0970,2.1680,2025-10-17 10:50:24,642.0
0.52,16.9330,0.4730,97.1440,1.9060,2025-10-17 10:50:24,642.0
0.5330,16.9770,0.34,96.97,2.0740,2025-10-17 10:50:24,642.0
0.5290,16.9360,0.5250,97.0570,2.07,2025-10-17 10:50:24,642.0
0.5320,17.0430,0.3080,97.09,2.0540,2025-10-17 10:50:24,642.0
0.52,17.0240,0.3460,96.7930,2.11,2025-10-17 10:50:24,642.0
0.5120,16.9960,0.4730,96.9750,1.9460,2025-10-17 10:50:24,642.0
0.5140,16.9710,0.3180,97.0950,1.82,2025-10-17 10:50:24,642.0
0.5320,17.0210,0.4170,96.8040,2.05,2025-10-17 11:10:25,643.0
0.5220,17.0150,0.3330,96.99,2.0490,2025-10-17 11:10:25,643.0
0.5290,17.0530,0.4230,97.1140,2.0270,2025-10-17 11:10:25,643.0
0.5110,16.9740,0.42,97.1910,1.98,2025-10-17 11:10:25,643.0
0.5190,17.0650,0.3640,97.0470,1.9770,2025-10-17 11:10:25,643.0
0.5210,17.0020,0.4170,97.2080,2.0970,2025-10-17 11:10:25,643.0
0.5160,16.9960,0.3670,97.0870,1.9240,2025-10-17 11:10:25,643.0
0.5220,17.0430,0.3640,97.1030,2.0120,2025-10-17 11:10:25,643.0
0.5120,17.0020,0.3950,96.9730,2.0020,2025-10-17 11:10:25,643.0
0.5410,16.9710,0.4380,97.0180,2.1210,2025-10-17 11:10:25,643.0
0.5510,16.9650,0.42,97.2220,2.2010,2025-10-17 11:10:25,643.0
0.5270,16.8670,0.3670,97.1380,1.9170,2025-10-17 11:10:25,643.0
0.5210,16.9550,0.3640,97.0020,2.0460,2025-10-17 11:10:25,643.0
0.53,16.9460,0.3080,96.9710,1.9560,2025-10-17 11:10:25,643.0
0.5220,16.9430,0.4480,97.2040,2.10,2025-10-17 11:10:25,643.0
0.5270,16.9140,0.3960,97.0470,2.1150,2025-10-17 11:10:25,643.0
0.5210,16.9210,0.6090,97.1430,2.0130,2025-10-17 11:10:25,643.0
0.5160,16.98,0.5180,96.9270,2.0240,2025-10-17 11:10:25,643.0
0.5110,16.9460,0.4790,96.8810,1.9920,2025-10-17 11:10:25,643.0
0.5260,17.0120,0.4450,96.9560,2.0040,2025-10-17 11:10:25,643.0
0.5270,17.0240,0.3610,96.8980,2.0770,2025-10-17 11:45:27,644.0
0.5190,16.99,0.42,97.0070,1.9960,2025-10-17 11:45:27,644.0
0.5390,17.0050,0.3250,96.9630,2.1080,2025-10-17 11:45:27,644.0
0.5430,16.8920,0.2690,96.8920,2.1820,2025-10-17 11:45:27,644.0
0.5180,16.9650,0.3250,97.1230,1.9540,2025-10-17 11:45:27,644.0
0.5330,17.0020,0.34,96.9940,2.0710,2025-10-17 11:45:27,644.0
0.5360,17.0180,0.2210,97.1050,2.0650,2025-10-17 11:45:27,644.0
0.5380,17.0340,0.3250,97.1340,2.0390,2025-10-17 11:45:27,644.0
0.5320,17.0240,0.3990,97.0250,2.0540,2025-10-17 11:45:27,644.0
0.5360,16.9770,0.1440,97.0360,2.0010,2025-10-17 11:45:27,644.0
0.5250,17.0530,0.1890,96.8950,1.8610,2025-10-17 11:45:27,644.0
0.5240,16.9580,0.4760,96.9180,2.0320,2025-10-17 11:45:27,644.0
0.5240,17.0340,0.3960,97.0150,1.9570,2025-10-17 11:45:27,644.0
0.5450,17.0430,0.2590,97.0870,2.1850,2025-10-17 11:45:27,644.0
0.5490,17.0780,0.3180,96.9070,2.0660,2025-10-17 11:45:27,644.0
0.5210,16.9330,0.2840,97,2.01,2025-10-17 11:45:27,644.0
0.5240,16.9610,0.2660,96.9860,1.9950,2025-10-17 11:45:27,644.0
0.5110,16.9080,0.5210,96.8760,2.0580,2025-10-17 11:45:27,644.0
0.5170,17.0120,0.5150,96.8470,1.9450,2025-10-17 11:45:27,644.0
0.5220,17.0270,0.4230,96.8720,2.0880,2025-10-17 11:45:27,644.0
0.5320,16.9680,0.2940,96.79,2.1130,2025-10-17 13:00:29,645.0
0.5340,17.04,0.35,96.9830,2.02,2025-10-17 13:00:29,645.0
0.5210,16.9830,0.3920,96.9730,2.0570,2025-10-17 13:00:29,645.0
0.5350,16.9680,0.2870,97.2020,2.0010,2025-10-17 13:00:29,645.0
0.5240,17.0090,0.4760,97.04,2.0770,2025-10-17 13:00:29,645.0
0.5290,17.0240,0.28,97.0010,2.06,2025-10-17 13:00:29,645.0
0.5260,17.0120,0.4480,96.7930,2.0320,2025-10-17 13:00:29,645.0
0.5330,16.9580,0.3610,96.9890,2.0520,2025-10-17 13:00:29,645.0
0.54,17.0530,0.2520,97.1790,2.0510,2025-10-17 13:00:29,645.0
0.5350,16.9270,0.3610,96.9660,2.0650,2025-10-17 13:00:29,645.0
0.5430,17.1280,0.3190,96.7880,2.0820,2025-10-17 13:00:29,645.0
0.5230,17.0150,0.3680,97.1510,2.0520,2025-10-17 13:00:29,645.0
0.5360,16.9710,0.3430,96.8730,2.0950,2025-10-17 13:00:29,645.0
0.5360,17.0590,0.2480,96.8190,2.0070,2025-10-17 13:00:29,645.0
0.5320,17.0680,0.4020,97.0640,2.0840,2025-10-17 13:00:29,645.0
0.5260,16.9360,0.3640,96.8490,2.1740,2025-10-17 13:00:29,645.0
0.54,16.9870,0.3360,96.9160,2.01,2025-10-17 13:00:29,645.0
0.5530,17.0620,0.3810,96.8950,2.1730,2025-10-17 13:00:29,645.0
0.4960,16.9210,0.3960,96.7750,1.9990,2025-10-17 13:00:29,645.0
0.5110,16.9550,0.5320,97.1760,1.8780,2025-10-17 13:00:29,645.0
0.5530,17.0120,0.3360,96.9840,2.10,2025-10-17 13:40:31,646.0
0.5290,16.9960,0.3960,97,2.0380,2025-10-17 13:40:31,646.0
0.5540,17.0560,0.4830,97.16,2.1740,2025-10-17 13:40:31,646.0
0.5460,17.0460,0.43,97.17,2.0290,2025-10-17 13:40:31,646.0
0.5320,17.0680,0.3190,97.0760,2.0970,2025-10-17 13:40:31,646.0
0.5310,16.99,0.4940,96.8270,2.0560,2025-10-17 13:40:31,646.0
0.5460,17.0590,0.34,96.9870,2.1220,2025-10-17 13:40:31,646.0
0.55,17.0120,0.3460,97.0490,2.1970,2025-10-17 13:40:31,646.0
0.5370,17.0340,0.3750,96.95,2.1280,2025-10-17 13:40:31,646.0
0.5360,16.9520,0.4270,97.4010,2.0510,2025-10-17 13:40:31,646.0
0.5270,16.9740,0.3190,96.8710,2.1220,2025-10-17 13:40:31,646.0
0.5010,16.9960,0.2760,96.8040,1.9420,2025-10-17 13:40:31,646.0
0.5310,17.0340,0.4230,96.8780,2.1020,2025-10-17 13:40:31,646.0
0.5350,17.0780,0.4130,96.8530,2.1160,2025-10-17 13:40:31,646.0
0.5170,16.9710,0.4020,96.9930,1.9950,2025-10-17 13:40:31,646.0
0.5320,16.9550,0.43,96.8940,2.0610,2025-10-17 13:40:31,646.0
0.5310,16.9770,0.4060,97.0750,2.0150,2025-10-17 13:40:31,646.0
0.5320,16.9430,0.4940,96.9010,2.18,2025-10-17 13:40:31,646.0
0.53,17.0370,0.3810,96.7670,2.0730,2025-10-17 13:40:31,646.0
0.5390,17.0870,0.3010,96.7960,2.20,2025-10-17 13:40:31,646.0
0.53,17.0340,0.3780,96.9310,2.0340,2025-10-17 14:45:32,647.0
0.5630,17.0120,0.3990,96.93,2.0680,2025-10-17 14:45:32,647.0
0.5370,16.99,0.2730,97.0320,2.1230,2025-10-17 14:45:32,647.0
0.5320,17.0680,0.3780,96.85,2.1220,2025-10-17 14:45:32,647.0
0.5320,17.09,0.3640,97.1160,2.1230,2025-10-17 14:45:32,647.0
0.5010,17.0020,0.4440,96.9130,1.8740,2025-10-17 14:45:32,647.0
0.5250,17.0370,0.2480,97.0130,1.9990,2025-10-17 14:45:32,647.0
0.53,16.9210,0.3670,97.1910,2.0980,2025-10-17 14:45:32,647.0
0.5170,16.9550,0.5180,97.1410,2.06,2025-10-17 14:45:32,647.0
0.5420,16.93,0.4020,96.8870,2.1760,2025-10-17 14:45:32,647.0
0.5350,16.98,0.3250,96.7980,2.1070,2025-10-17 14:45:32,647.0
0.5340,17.04,0.4790,96.9930,2.1040,2025-10-17 14:45:32,647.0
0.5370,17.0780,0.4060,96.9190,2.05,2025-10-17 14:45:32,647.0
0.51,16.9830,0.3330,96.92,1.9210,2025-10-17 14:45:32,647.0
0.52,16.9830,0.49,97.1570,2.0760,2025-10-17 14:45:32,647.0
0.5370,16.9390,0.4170,97.1850,2.19,2025-10-17 14:45:32,647.0
0.5190,17.0430,0.3190,96.9220,2.0150,2025-10-17 14:45:32,647.0
0.5250,17.0120,0.3680,96.9980,2.0680,2025-10-17 14:45:32,647.0
0.5120,16.9490,0.3430,96.8660,1.9830,2025-10-17 14:45:32,647.0
0.5120,16.98,0.3050,97.1990,1.9680,2025-10-17 14:45:32,647.0
0.5380,17.0460,0.3220,97.0550,2.09,2025-10-17 19:25:45,648.0
0.5410,16.9580,0.4090,96.8440,2.0680,2025-10-17 19:25:45,648.0
0.5410,16.9520,0.3680,97.0980,2.0960,2025-10-17 19:25:45,648.0
0.5360,17.0090,0.2980,97.1190,2.1350,2025-10-17 19:25:45,648.0
0.5370,17.0120,0.3110,97.1750,1.9810,2025-10-17 19:25:45,648.0
0.5220,17.0120,0.4230,96.8640,2.0020,2025-10-17 19:25:45,648.0
0.5390,17.0340,0.2690,96.8990,2.1020,2025-10-17 19:25:45,648.0
0.5360,17.0120,0.4730,96.9940,2.0370,2025-10-17 19:25:45,648.0
0.5220,17.0840,0.3680,96.9670,1.9960,2025-10-17 19:25:45,648.0
0.5170,16.9990,0.4380,96.9860,2.1340,2025-10-17 19:25:45,648.0
0.5260,16.88,0.3640,96.9380,2.0980,2025-10-17 19:25:45,648.0
0.5350,17.04,0.3610,97.0590,2.1660,2025-10-17 19:25:45,648.0
0.5390,17.0370,0.3990,97,2.0670,2025-10-17 19:25:45,648.0
0.5250,16.9770,0.42,97.0910,1.9940,2025-10-17 19:25:45,648.0
0.5380,16.9550,0.3920,97.0610,2.1240,2025-10-17 19:25:45,648.0
0.5320,16.9710,0.5640,97.0770,2.0520,2025-10-17 19:25:45,648.0
0.5060,16.9460,0.4270,97.0110,1.9130,2025-10-17 19:25:45,648.0
0.5310,16.9360,0.3780,96.8270,2.09,2025-10-17 19:25:45,648.0
0.5290,16.9870,0.4340,96.8310,2.1440,2025-10-17 19:25:45,648.0
0.5220,16.9140,0.3570,96.8460,2.0410,2025-10-17 19:25:45,648.0
0.5390,17.0680,0.4870,96.8950,2.1050,2025-10-17 19:40:46,649.0
0.5430,17.0120,0.2520,96.8890,2.1550,2025-10-17 19:40:46,649.0
0.5210,16.8830,0.4410,97.0950,1.9970,2025-10-17 19:40:46,649.0
0.5350,16.9430,0.4860,96.8480,2.0830,2025-10-17 19:40:46,649.0
0.5290,16.9870,0.3670,96.8990,2.1220,2025-10-17 19:40:46,649.0
0.5440,17.0270,0.3050,96.8090,1.9720,2025-10-17 19:40:46,649.0
0.5250,16.9550,0.3050,97.1910,1.9990,2025-10-17 19:40:46,649.0
0.5270,16.9740,0.3430,96.8510,2.07,2025-10-17 19:40:46,649.0
0.5210,16.98,0.4060,97.0740,2.1230,2025-10-17 19:40:46,649.0
0.5270,17.0020,0.2730,96.8820,2.0870,2025-10-17 19:40:46,649.0
0.53,16.9550,0.35,97.0540,2.1120,2025-10-17 19:40:46,649.0
0.5460,17.0150,0.3250,96.99,2.1350,2025-10-17 19:40:46,649.0
0.5380,17.0090,0.3740,97.08,2.0550,2025-10-17 19:40:46,649.0
0.53,17.0370,0.28,97.0390,2.0210,2025-10-17 19:40:46,649.0
0.5310,16.9110,0.3430,97.0490,2.0640,2025-10-17 19:40:46,649.0
0.5490,17.0270,0.2870,96.9760,2.2090,2025-10-17 19:40:46,649.0
0.5380,17.0460,0.3190,96.9060,2.0660,2025-10-17 19:40:46,649.0
0.5460,17.0460,0.4020,97.1430,2.1510,2025-10-17 19:40:46,649.0
0.5060,16.9610,0.3920,96.92,1.9290,2025-10-17 19:40:46,649.0
0.5260,16.9110,0.49,96.8950,2.1720,2025-10-17 19:40:46,649.0
0.5330,17.0090,0.35,97.1410,2.1270,2025-10-17 19:55:47,650.0
0.5310,16.9680,0.3810,96.9040,1.9440,2025-10-17 19:55:47,650.0
0.5240,16.9430,0.3080,96.8810,1.9860,2025-10-17 19:55:47,650.0
0.5230,16.9080,0.4480,97.1660,2.0050,2025-10-17 19:55:47,650.0
0.5450,16.9740,0.5080,96.9620,2.1060,2025-10-17 19:55:47,650.0
0.5410,16.9960,0.3360,97.0790,2.0990,2025-10-17 19:55:47,650.0
0.5370,16.9080,0.4830,97.0150,2.1050,2025-10-17 19:55:47,650.0
0.5130,17.0150,0.3050,96.87,1.8890,2025-10-17 19:55:47,650.0
0.5230,16.9960,0.4130,97.0480,1.9750,2025-10-17 19:55:47,650.0
0.5080,16.9240,0.2870,96.94,2.0070,2025-10-17 19:55:47,650.0
0.5470,17.0370,0.4440,96.8410,2.1350,2025-10-17 19:55:47,650.0
0.5310,16.9770,0.2450,96.9140,1.8980,2025-10-17 19:55:47,650.0
0.5360,16.8860,0.43,96.99,2.0930,2025-10-17 19:55:47,650.0
0.5410,17.0460,0.3920,96.7310,1.9880,2025-10-17 19:55:47,650.0
0.5290,16.8890,0.3670,97.0260,1.9390,2025-10-17 19:55:47,650.0
0.5350,16.9330,0.4090,96.8820,2.1870,2025-10-17 19:55:47,650.0
0.54,17.0340,0.4620,96.9720,2.1750,2025-10-17 19:55:47,650.0
0.5160,16.8890,0.4440,97.1350,2.1070,2025-10-17 19:55:47,650.0
0.5270,16.9770,0.36,96.83,2.1020,2025-10-17 19:55:47,650.0
0.52,16.9390,0.41,97.0940,2.1090,2025-10-17 19:55:47,650.0
0.5190,16.9650,0.3920,97.0240,2.1120,2025-10-17 20:35:48,651.0
0.5320,16.9550,0.2280,97.1110,2.1540,2025-10-17 20:35:48,651.0
0.5380,17.0150,0.3750,97.1050,1.9980,2025-10-17 20:35:48,651.0
0.5330,17.0120,0.3990,96.9880,2.0280,2025-10-17 20:35:48,651.0
0.5260,16.9390,0.56,96.8940,2.1060,2025-10-17 20:35:48,651.0
0.5350,16.9830,0.4310,96.9410,2.0290,2025-10-17 20:35:48,651.0
0.5060,16.9550,0.3960,97.1560,1.9650,2025-10-17 20:35:48,651.0
0.52,16.9080,0.3890,96.8780,1.93,2025-10-17 20:35:48,651.0
0.5350,16.9550,0.3360,97.1440,2.1620,2025-10-17 20:35:48,651.0
0.5260,16.9110,0.1680,97.0660,1.9340,2025-10-17 20:35:48,651.0
0.5370,17.0810,0.4730,97.16,2.0040,2025-10-17 20:35:48,651.0
0.5310,16.9210,0.3990,97.1020,2.0210,2025-10-17 20:35:48,651.0
0.5470,16.9610,0.2870,96.9410,2.15,2025-10-17 20:35:48,651.0
0.53,16.9490,0.2940,97.2260,2.0480,2025-10-17 20:35:48,651.0
0.5230,16.98,0.3810,97.0710,2.0610,2025-10-17 20:35:48,651.0
0.5410,16.93,0.2450,97.0330,2.0410,2025-10-17 20:35:48,651.0
0.54,16.9680,0.3180,97.0880,2.0980,2025-10-17 20:35:48,651.0
0.5250,16.9580,0.4240,96.8890,2.0460,2025-10-17 20:35:48,651.0
0.5420,17.0560,0.4060,96.8360,2.0320,2025-10-17 20:35:48,651.0
0.52,16.9210,0.35,96.9020,2.2270,2025-10-17 20:35:48,651.0
0.5330,16.8830,0.3750,97.1640,1.9920,2025-10-17 21:20:49,652.0
0.5240,16.9580,0.4310,96.9350,2.0890,2025-10-17 21:20:49,652.0
0.5480,16.9770,0.5150,97.1850,2.09,2025-10-17 21:20:49,652.0
0.5240,16.9650,0.3780,96.95,2.1150,2025-10-17 21:20:49,652.0
0.5390,16.9580,0.4520,97.0450,2.0430,2025-10-17 21:20:49,652.0
0.5270,16.8950,0.5150,96.9070,2.1370,2025-10-17 21:20:49,652.0
0.5050,16.9430,0.4790,97.0410,1.8730,2025-10-17 21:20:49,652.0
0.5140,16.9080,0.3290,97.1650,1.9370,2025-10-17 21:20:49,652.0
0.5260,16.9390,0.3850,96.9650,2.0190,2025-10-17 21:20:49,652.0
0.5310,17.0310,0.3670,96.9380,1.9710,2025-10-17 21:20:49,652.0
0.5250,16.9240,0.3670,96.9260,2.1030,2025-10-17 21:20:49,652.0
0.5230,16.9020,0.4380,96.9080,2.0540,2025-10-17 21:20:49,652.0
0.5240,16.9650,0.2420,96.9530,1.9510,2025-10-17 21:20:49,652.0
0.5520,16.98,0.4130,97.0160,2.21,2025-10-17 21:20:49,652.0
0.5350,16.88,0.4480,97.0120,2.0240,2025-10-17 21:20:49,652.0
0.5030,16.8670,0.29,96.9170,1.98,2025-10-17 21:20:49,652.0
0.5160,17.0370,0.4730,97.0870,1.9940,2025-10-17 21:20:49,652.0
0.5290,16.9550,0.42,97.0190,2.1020,2025-10-17 21:20:49,652.0
0.5240,16.9650,0.43,97.1690,1.9830,2025-10-17 21:20:49,652.0
0.5350,16.9330,0.5290,97.1830,2.0790,2025-10-17 21:20:49,652.0
0.53,17.0370,0.5460,96.8770,1.9870,2025-10-17 21:50:53,653.0
0.5290,17.0120,0.3780,96.8930,2.0840,2025-10-17 21:50:53,653.0
0.5390,17.0340,0.4060,97.0780,2.1120,2025-10-17 21:50:53,653.0
0.5360,16.9360,0.3360,97.1290,2.0180,2025-10-17 21:50:53,653.0
0.5490,16.9270,0.4520,97.0750,2.1650,2025-10-17 21:50:53,653.0
0.5220,16.88,0.4550,96.9180,2.0430,2025-10-17 21:50:53,653.0
0.5340,16.9520,0.4380,97.0940,2.1520,2025-10-17 21:50:53,653.0
0.5260,16.9650,0.3750,96.8460,2.0480,2025-10-17 21:50:53,653.0
0.5310,16.8480,0.62,96.9030,2.1260,2025-10-17 21:50:53,653.0
0.5290,16.9830,0.2940,97.1920,1.9670,2025-10-17 21:50:53,653.0
0.5360,16.9650,0.6020,97.14,2.0350,2025-10-17 21:50:53,653.0
0.5210,16.9680,0.3290,97.0290,1.9590,2025-10-17 21:50:53,653.0
0.5280,16.8450,0.3320,97.0620,2.0630,2025-10-17 21:50:53,653.0
0.5450,16.9740,0.42,96.8280,2.14,2025-10-17 21:50:53,653.0
0.5330,16.9430,0.4940,97.1260,2.0110,2025-10-17 21:50:53,653.0
0.5310,16.9430,0.3740,97.01,2.1020,2025-10-17 21:50:53,653.0
0.5190,16.98,0.5320,97.0080,2.0330,2025-10-17 21:50:53,653.0
0.5530,16.9680,0.35,97.1180,2.1240,2025-10-17 21:50:53,653.0
0.5310,16.9770,0.4380,97.0240,2.0380,2025-10-17 21:50:53,653.0
0.5150,16.9550,0.3470,97.1250,2.0780,2025-10-17 21:50:53,653.0
0.5080,16.8420,0.4020,97.0810,2.1020,2025-10-17 22:10:54,654.0
0.5360,16.9050,0.4270,96.95,2.0770,2025-10-17 22:10:54,654.0
0.5330,17.0460,0.7240,96.99,2.1430,2025-10-17 22:10:54,654.0
0.5360,16.98,0.3670,96.9850,2.1370,2025-10-17 22:10:54,654.0
0.5410,16.8890,0.3250,97.1730,2.1950,2025-10-17 22:10:54,654.0
0.5390,16.9490,0.3640,97.21,2.0760,2025-10-17 22:10:54,654.0
0.5240,16.9330,0.3710,96.8040,2.0510,2025-10-17 22:10:54,654.0
0.5150,16.9990,0.5080,96.8450,2.0760,2025-10-17 22:10:54,654.0
0.5280,17.0340,0.3920,96.8950,2.0620,2025-10-17 22:10:54,654.0
0.55,16.9490,0.3540,97.1190,2.16,2025-10-17 22:10:54,654.0
0.5210,17.0020,0.35,97.2350,2.0530,2025-10-17 22:10:54,654.0
0.5340,16.9680,0.6370,97.0650,1.98,2025-10-17 22:10:54,654.0
0.5320,16.9580,0.42,96.9990,2.0510,2025-10-17 22:10:54,654.0
0.5240,16.9770,0.4170,96.79,1.9960,2025-10-17 22:10:54,654.0
0.5230,17.0050,0.5040,97.09,2.0170,2025-10-17 22:10:54,654.0
0.5180,16.9170,0.3430,97.1520,1.9970,2025-10-17 22:10:54,654.0
0.5370,17.0180,0.42,97.0270,2.0170,2025-10-17 22:10:54,654.0
0.5280,16.9170,0.4440,96.8760,2.0570,2025-10-17 22:10:54,654.0
0.5220,16.9170,0.3460,97.0620,1.9770,2025-10-17 22:10:54,654.0
0.5260,17.0930,0.3290,96.9390,1.9380,2025-10-17 22:10:54,654.0
0.5380,16.9990,0.4310,96.7640,2.2420,2025-10-20 11:41:40,655.0
0.5390,16.9080,0.4340,96.9760,2.0220,2025-10-20 11:41:40,655.0
0.5380,16.9460,0.3360,96.8990,2.2260,2025-10-20 11:41:40,655.0
0.5420,17.0090,0.5040,97.2480,2.17,2025-10-20 11:41:40,655.0
0.5430,16.9580,0.3250,97.1410,2.2330,2025-10-20 11:41:40,655.0
0.5380,16.8830,0.4830,97.0510,2.0940,2025-10-20 11:41:40,655.0
0.5340,16.9240,0.2940,97.1370,2.0720,2025-10-20 11:41:40,655.0
0.5350,16.9740,0.4480,96.8630,2.0180,2025-10-20 11:41:40,655.0
0.5410,16.9870,0.3080,96.87,2.1070,2025-10-20 11:41:40,655.0
0.5180,16.9210,0.4550,96.9730,2.1610,2025-10-20 11:41:40,655.0
0.53,17.04,0.4650,97.0020,2.1260,2025-10-20 11:41:40,655.0
0.5430,16.9610,0.4620,97.0180,2.1280,2025-10-20 11:41:40,655.0
0.5360,16.9680,0.3950,97.1320,2.0620,2025-10-20 11:41:40,655.0
0.5550,16.9990,0.3390,97.0510,2.20,2025-10-20 11:41:40,655.0
0.5190,16.7860,0.4270,96.9540,1.97,2025-10-20 11:41:40,655.0
0.5370,16.88,0.2310,97.1460,2.1280,2025-10-20 11:41:40,655.0
0.5430,16.9870,0.3990,97.0120,2.1560,2025-10-20 11:41:40,655.0
0.5430,16.9650,0.43,97.0010,2.0270,2025-10-20 11:41:40,655.0
0.5510,16.8860,0.3360,97.1850,2.13,2025-10-20 11:41:40,655.0
0.5260,16.9080,0.3220,97.0390,2.0550,2025-10-20 11:41:40,655.0
0.5350,16.98,0.4480,97.3120,2.1670,2025-10-20 13:21:43,656.0
0.5420,16.9870,0.4090,97.0930,2.2210,2025-10-20 13:21:43,656.0
0.5270,17.0870,0.2480,96.9110,1.9880,2025-10-20 13:21:43,656.0
0.5420,16.9520,0.3880,97.1480,2.1730,2025-10-20 13:21:43,656.0
0.51,16.8610,0.3780,97.1650,2.0230,2025-10-20 13:21:43,656.0
0.5330,17.0120,0.3950,96.9430,2.1460,2025-10-20 13:21:43,656.0
0.5330,17.0120,0.4830,97.0450,2.0440,2025-10-20 13:21:43,656.0
0.5350,17.0150,0.2940,97.06,2.0770,2025-10-20 13:21:43,656.0
0.5420,16.99,0.35,97.0140,1.9380,2025-10-20 13:21:43,656.0
0.5350,17.0430,0.34,96.8490,2.0410,2025-10-20 13:21:43,656.0
0.5350,17.0460,0.4020,96.8320,2.0240,2025-10-20 13:21:43,656.0
0.5260,16.98,0.4240,96.8750,1.9820,2025-10-20 13:21:43,656.0
0.5210,16.9050,0.3320,96.9130,2.0180,2025-10-20 13:21:43,656.0
0.5040,16.9140,0.3290,97.1110,2.0280,2025-10-20 13:21:43,656.0
0.5390,17.0810,0.35,96.8680,2.0630,2025-10-20 13:21:43,656.0
0.5340,17.0050,0.3610,97.1930,1.99,2025-10-20 13:21:43,656.0
0.5340,16.9960,0.3920,96.9750,2.0030,2025-10-20 13:21:43,656.0
0.5270,16.9710,0.3540,97.1250,2.0950,2025-10-20 13:21:43,656.0
0.5260,17.0150,0.2910,96.89,2.0190,2025-10-20 13:21:43,656.0
0.5280,16.9830,0.3710,97.15,2.0450,2025-10-20 13:21:43,656.0
0.5390,16.9960,0.4690,96.9560,2.02,2025-10-20 19:36:53,657.0
0.5430,16.9770,0.4620,97.0590,2.0830,2025-10-20 19:36:53,657.0
0.5350,17.0460,0.2590,96.8810,1.9530,2025-10-20 19:36:53,657.0
0.5450,17.0210,0.4170,97.0530,2.0390,2025-10-20 19:36:53,657.0
0.5320,16.9830,0.3680,97.1020,2.0670,2025-10-20 19:36:53,657.0
0.5420,17.0050,0.4380,96.9050,2.1450,2025-10-20 19:36:53,657.0
0.5180,16.9490,0.2630,97.13,1.9130,2025-10-20 19:36:53,657.0
0.5250,17.0650,0.4090,96.9420,2.05,2025-10-20 19:36:53,657.0
0.5190,16.9580,0.3360,97.0020,2.0350,2025-10-20 19:36:53,657.0
0.5340,16.9520,0.4520,97.1580,1.9930,2025-10-20 19:36:53,657.0
0.5350,16.9430,0.3610,97.0050,2.0550,2025-10-20 19:36:53,657.0
0.5410,17.1340,0.3810,96.9430,2.14,2025-10-20 19:36:53,657.0
0.5140,17.0370,0.3290,97.1540,1.9510,2025-10-20 19:36:53,657.0
0.5370,16.8860,0.3610,97.1020,2.0240,2025-10-20 19:36:53,657.0
0.5230,16.8360,0.43,97.2550,2.03,2025-10-20 19:36:53,657.0
0.53,16.9170,0.4130,96.7770,2.1030,2025-10-20 19:36:53,657.0
0.5430,16.9870,0.3710,97.1450,2.1360,2025-10-20 19:36:53,657.0
0.5310,16.9050,0.3250,96.91,2.2180,2025-10-20 19:36:53,657.0
0.5660,17.0240,0.3810,97.0480,2.0940,2025-10-20 19:36:53,657.0
0.52,16.9580,0.3220,96.8720,2.0480,2025-10-20 19:36:53,657.0
0.5160,17.0560,0.3360,97.0870,2.0580,2025-10-20 21:26:55,658.0
0.5430,17.0020,0.2840,97.1420,2.0650,2025-10-20 21:26:55,658.0
0.5320,17.1560,0.3810,97.1040,2.05,2025-10-20 21:26:55,658.0
0.5310,17.0840,0.3920,96.9910,1.9960,2025-10-20 21:26:55,658.0
0.5180,17.0270,0.3320,96.99,1.9010,2025-10-20 21:26:55,658.0
0.5210,17.0490,0.41,97.0790,2.03,2025-10-20 21:26:55,658.0
0.5190,17.0680,0.4410,97.0190,2.0060,2025-10-20 21:26:55,658.0
0.5240,17.0120,0.3360,97.2210,2.0040,2025-10-20 21:26:55,658.0
0.5350,16.9580,0.4520,97.1440,2.2140,2025-10-20 21:26:55,658.0
0.52,17.0780,0.3050,96.92,1.9930,2025-10-20 21:26:55,658.0
0.5480,17.0340,0.1820,97.06,2.1620,2025-10-20 21:26:55,658.0
0.5310,16.9610,0.3290,97.0630,2.0630,2025-10-20 21:26:55,658.0
0.5170,17.0270,0.3330,97.0010,1.9930,2025-10-20 21:26:55,658.0
0.52,17.0020,0.3080,97.1310,1.9520,2025-10-20 21:26:55,658.0
0.5140,17.0090,0.4130,97.0940,1.9440,2025-10-20 21:26:55,658.0
0.5280,17.0120,0.1890,97.0110,2.0470,2025-10-20 21:26:55,658.0
0.5210,16.9430,0.3430,97.09,2.0240,2025-10-20 21:26:55,658.0
0.5220,16.9990,0.34,97.1140,1.9780,2025-10-20 21:26:55,658.0
0.5010,16.9930,0.3740,97.0310,1.86,2025-10-20 21:26:55,658.0
0.5290,17.0020,0.3570,97.1410,2.1080,2025-10-20 21:26:55,658.0
0.5170,16.99,0.3670,97.2460,2.0020,2025-10-21 10:47:38,659.0
0.5040,16.9270,0.4130,96.9050,2.1260,2025-10-21 10:47:38,659.0
0.5180,16.9930,0.2550,97.1080,1.9470,2025-10-21 10:47:38,659.0
0.4910,16.9740,0.3530,96.8870,1.8370,2025-10-21 10:47:38,659.0
0.5040,16.9360,0.3610,97.2880,2.0250,2025-10-21 10:47:38,659.0
0.5170,17.04,0.3850,96.8730,2.1010,2025-10-21 10:47:38,659.0
0.5040,16.9490,0.3640,96.9850,2.02,2025-10-21 10:47:38,659.0
0.5180,16.99,0.3710,96.9760,1.9850,2025-10-21 10:47:38,659.0
0.5170,16.98,0.2340,97.0640,2.1220,2025-10-21 10:47:38,659.0
0.5290,16.8730,0.5710,97.0820,2.0660,2025-10-21 10:47:38,659.0
0.5030,16.9680,0.43,97.2920,2.0060,2025-10-21 10:47:38,659.0
0.5190,16.9610,0.3360,97.1410,2.1090,2025-10-21 10:47:38,659.0
0.5270,16.9460,0.3320,96.9670,2.0960,2025-10-21 10:47:38,659.0
0.5170,17.0180,0.42,96.8720,2.0220,2025-10-21 10:47:38,659.0
0.5150,16.9210,0.4760,96.97,2.0130,2025-10-21 10:47:38,659.0
0.5180,16.9650,0.35,97.3970,2.1490,2025-10-21 10:47:38,659.0
0.5220,17.0340,0.3460,97.15,0.0190,2025-10-21 10:47:38,659.0
0.5350,16.9610,0.3740,97.1330,2.2420,2025-10-21 10:47:38,659.0
0.5210,17.0970,0.35,97.1850,2.1530,2025-10-21 10:47:38,659.0
0.5150,16.9960,0.4340,96.9320,2.1360,2025-10-21 10:47:38,659.0
0.5090,17.0090,0.3710,96.9350,1.94,2025-10-21 13:02:40,660.0
0.5110,16.9270,0.4230,97.0780,2.0750,2025-10-21 13:02:40,660.0
0.5180,16.8230,0.4580,97.1160,1.9870,2025-10-21 13:02:40,660.0
0.5150,17.0120,0.43,96.8760,1.9370,2025-10-21 13:02:40,660.0
0.5350,17.0530,0.4830,97.1730,2.0510,2025-10-21 13:02:40,660.0
0.4970,16.9580,0.4130,96.8720,1.8780,2025-10-21 13:02:40,660.0
0.53,16.99,0.2730,96.9780,2.0850,2025-10-21 13:02:40,660.0
0.5410,17.0460,0.4130,97.1460,2.2140,2025-10-21 13:02:40,660.0
0.5460,17.0240,0.3990,97.1640,2.14,2025-10-21 13:02:40,660.0
0.5190,16.8830,0.3320,97.0830,1.9960,2025-10-21 13:02:40,660.0
0.5130,17.0340,0.42,96.9010,1.9210,2025-10-21 13:02:40,660.0
0.5030,16.9930,0.3570,97.0840,1.9640,2025-10-21 13:02:40,660.0
0.5190,17.0530,0.3810,96.9460,1.9750,2025-10-21 13:02:40,660.0
0.5320,16.9930,0.29,96.8640,2.1320,2025-10-21 13:02:40,660.0
0.5120,17.0680,0.3250,96.9830,1.9770,2025-10-21 13:02:40,660.0
0.5360,16.9430,0.2940,97.0640,2.16,2025-10-21 13:02:40,660.0
0.5110,16.9580,0.4020,96.9980,2.0940,2025-10-21 13:02:40,660.0
0.5250,16.9460,0.3570,97.0770,2.1060,2025-10-21 13:02:40,660.0
0.52,17.0180,0.3250,96.9790,2.0520,2025-10-21 13:02:40,660.0
0.5210,16.9680,0.4340,97.05,2.0280,2025-10-21 13:02:40,660.0
0.5210,16.9490,0.4270,96.9850,2.1320,2025-10-21 19:22:49,661.0
0.5070,16.9610,0.34,97.1380,2.0130,2025-10-21 19:22:49,661.0
0.5080,16.9960,0.2730,97.1270,1.8180,2025-10-21 19:22:49,661.0
0.5410,17.0090,0.3150,96.9860,2.1730,2025-10-21 19:22:49,661.0
0.5180,16.93,0.4440,96.9550,2.0720,2025-10-21 19:22:49,661.0
0.5380,17.0180,0.4130,96.9150,2.1780,2025-10-21 19:22:49,661.0
0.5310,17.0090,0.2840,96.9550,2.1130,2025-10-21 19:22:49,661.0
0.5210,16.9710,0.34,97.0790,1.93,2025-10-21 19:22:49,661.0
0.51,16.9170,0.3710,97.0520,2.0580,2025-10-21 19:22:49,661.0
0.5120,16.9870,0.4170,97.1380,1.9880,2025-10-21 19:22:49,661.0
0.5280,16.9330,0.3810,96.9530,2.01,2025-10-21 19:22:49,661.0
0.5220,17.0270,0.2170,96.8980,2.0380,2025-10-21 19:22:49,661.0
0.5670,17.0090,0.4480,96.8690,2.2390,2025-10-21 19:22:49,661.0
0.5270,17.0460,0.2480,97.0340,2.0690,2025-10-21 19:22:49,661.0
0.5090,16.9740,0.2770,96.9820,1.9880,2025-10-21 19:22:49,661.0
0.5180,16.9770,0.4130,97.1540,2.11,2025-10-21 19:22:49,661.0
0.5150,16.9960,0.3010,97.0510,2.1310,2025-10-21 19:22:49,661.0
0.5330,16.9430,0.3540,97.1050,2.1590,2025-10-21 19:22:49,661.0
0.5130,16.9930,0.4340,96.7890,1.8890,2025-10-21 19:22:49,661.0
0.5230,16.9960,0.3890,96.9370,2.0910,2025-10-21 19:22:49,661.0
0.5210,16.9680,0.2730,96.97,2.0330,2025-10-21 21:27:51,662.0
0.53,16.9650,0.4310,97.1710,2.0230,2025-10-21 21:27:51,662.0
0.5370,16.9610,0.41,97.0470,2.1590,2025-10-21 21:27:51,662.0
0.5220,17.0020,0.4130,96.9550,2.0980,2025-10-21 21:27:51,662.0
0.5260,16.8920,0.3220,96.80,1.9760,2025-10-21 21:27:51,662.0
0.5150,16.9020,0.3710,96.9530,1.9490,2025-10-21 21:27:51,662.0
0.5350,16.9210,0.3330,96.8790,2.1280,2025-10-21 21:27:51,662.0
0.5090,16.9710,0.4650,97.0270,2.0790,2025-10-21 21:27:51,662.0
0.5430,16.9710,0.3460,96.9950,2.0370,2025-10-21 21:27:51,662.0
0.51,16.9080,0.4450,96.9930,2.0650,2025-10-21 21:27:51,662.0
0.5320,17.0270,0.4720,96.8870,2.0640,2025-10-21 21:27:51,662.0
0.5090,16.8920,0.3190,96.7990,1.9570,2025-10-21 21:27:51,662.0
0.5540,16.99,0.3050,96.9320,2.1260,2025-10-21 21:27:51,662.0
0.54,16.9490,0.3880,96.8810,2.2130,2025-10-21 21:27:51,662.0
0.54,16.9960,0.42,96.8020,2.23,2025-10-21 21:27:51,662.0
0.5330,17.0340,0.3220,96.8650,2.1990,2025-10-21 21:27:51,662.0
0.5360,16.8860,0.3780,97.0540,2.2340,2025-10-21 21:27:51,662.0
0.5090,16.9460,0.4550,96.9730,1.9620,2025-10-21 21:27:51,662.0
0.5260,16.9680,0.4580,96.8040,2.06,2025-10-21 21:27:51,662.0
0.5350,17.0180,0.3430,96.9480,2.08,2025-10-21 21:27:51,662.0
0.5330,17.0020,0.3010,97.0830,2.0460,2025-10-22 10:59:27,663.0
0.5060,17.0310,0.2660,96.9770,1.87,2025-10-22 10:59:27,663.0
0.5470,17.0710,0.3010,97.1170,2.1570,2025-10-22 10:59:27,663.0
0.4990,16.9770,0.4270,97.0090,1.9230,2025-10-22 10:59:27,663.0
0.5270,16.9270,0.3430,96.8940,1.9920,2025-10-22 10:59:27,663.0
0.5260,17.0270,0.3290,97.2310,1.9980,2025-10-22 10:59:27,663.0
0.5070,16.93,0.4790,97.0410,2.0280,2025-10-22 10:59:27,663.0
0.5230,16.9270,0.3360,97.0620,1.9870,2025-10-22 10:59:27,663.0
0.5130,16.9680,0.4830,96.8970,1.9780,2025-10-22 10:59:27,663.0
0.5330,17.0020,0.3850,97.0640,2.1110,2025-10-22 10:59:27,663.0
0.5280,16.9770,0.2450,97.6440,2.0690,2025-10-22 10:59:27,663.0
0.5350,17.0020,0.3570,97.1090,2.0480,2025-10-22 10:59:27,663.0
0.5180,16.9610,0.3850,97.1660,2.0840,2025-10-22 10:59:27,663.0
0.5230,16.9610,0.4760,96.9090,1.9570,2025-10-22 10:59:27,663.0
0.5160,17.0680,0.2870,96.9290,1.9590,2025-10-22 10:59:27,663.0
0.5220,16.8990,0.3710,96.9890,2.0110,2025-10-22 10:59:27,663.0
0.5220,16.99,0.49,97.1450,2.1320,2025-10-22 10:59:27,663.0
0.5210,16.9550,0.3920,97.1160,2.0090,2025-10-22 10:59:27,663.0
0.5190,16.9330,0.3610,97.11,2.0280,2025-10-22 10:59:27,663.0
0.5120,16.9990,0.3640,96.8740,1.9780,2025-10-22 10:59:27,663.0
0.5460,16.9650,0.3810,96.8360,2.1310,2025-10-22 13:24:31,664.0
0.5150,16.9430,0.4170,96.8680,2.0690,2025-10-22 13:24:31,664.0
0.5260,17.0340,0.2660,96.9370,2.06,2025-10-22 13:24:31,664.0
0.5150,16.9330,0.4310,97.0840,2.1110,2025-10-22 13:24:31,664.0
0.5230,16.9740,0.3610,97.1110,2.0690,2025-10-22 13:24:31,664.0
0.52,17.0780,0.3290,96.8720,1.9660,2025-10-22 13:24:31,664.0
0.52,16.9680,0.3430,96.9260,1.9990,2025-10-22 13:24:31,664.0
0.5390,17.0680,0.4020,96.77,2.0640,2025-10-22 13:24:31,664.0
0.51,17.0120,0.5070,96.7950,1.86,2025-10-22 13:24:31,664.0
0.5050,16.9990,0.3950,97.1030,1.8950,2025-10-22 13:24:31,664.0
0.5340,17.1630,0.3780,96.7680,2.0360,2025-10-22 13:24:31,664.0
0.5430,17.1090,0.3740,96.8870,2.08,2025-10-22 13:24:31,664.0
0.5080,17.0340,0.3360,97.0430,1.9890,2025-10-22 13:24:31,664.0
0.5370,17.0590,0.3080,96.87,2.0650,2025-10-22 13:24:31,664.0
0.5370,17.0560,0.2730,97.0560,2.10,2025-10-22 13:24:31,664.0
0.5220,16.9210,0.4230,97.28,1.9630,2025-10-22 13:24:31,664.0
0.5490,17.0090,0.3810,97.0620,2.14,2025-10-22 13:24:31,664.0
0.5010,16.9360,0.2310,96.9820,1.9060,2025-10-22 13:24:31,664.0
0.5360,16.98,0.3080,96.9940,2.1510,2025-10-22 13:24:31,664.0
0.5340,17.1190,0.3920,96.9460,2.0580,2025-10-22 13:24:31,664.0
0.5290,17.0150,0.5320,97.0370,2.0120,2025-10-22 19:44:42,665.0
0.5490,17.0710,0.3610,96.8190,2.0990,2025-10-22 19:44:42,665.0
0.5160,16.9110,0.3990,97.0630,1.9490,2025-10-22 19:44:42,665.0
0.5160,17.0090,0.2840,96.8510,1.9440,2025-10-22 19:44:42,665.0
0.5360,17.0310,0.3920,96.9390,1.9120,2025-10-22 19:44:42,665.0
0.5280,17.0090,0.5040,96.8520,2.0220,2025-10-22 19:44:42,665.0
0.53,16.99,0.4380,96.9660,2.07,2025-10-22 19:44:42,665.0
0.5070,16.8730,0.4480,97.0580,1.9120,2025-10-22 19:44:42,665.0
0.5540,17.1030,0.3610,96.6590,2.0990,2025-10-22 19:44:42,665.0
0.5440,17.0270,0.4060,97.0640,2.1020,2025-10-22 19:44:42,665.0
0.51,16.9390,0.5320,97.0160,1.9740,2025-10-22 19:44:42,665.0
0.5290,16.9520,0.4760,97.1190,2.0020,2025-10-22 19:44:42,665.0
0.5220,16.9680,0.4970,97.0250,2.0210,2025-10-22 19:44:42,665.0
0.5190,16.9610,0.3080,96.7150,1.8770,2025-10-22 19:44:42,665.0
0.5250,17.0240,0.4270,97.0460,2.0410,2025-10-22 19:44:42,665.0
0.5180,16.9770,0.5530,96.9250,2.0750,2025-10-22 19:44:42,665.0
0.5380,17.0590,0.3920,97.0030,1.9930,2025-10-22 19:44:42,665.0
0.5130,16.9870,0.4130,96.9090,2.0660,2025-10-22 19:44:42,665.0
0.5260,16.9210,0.3920,97.1020,2.1170,2025-10-22 19:44:42,665.0
0.5010,16.9360,0.4060,96.89,1.9170,2025-10-22 19:44:42,665.0
0.52,16.9830,0.3570,96.9550,0.0160,2025-10-22 21:29:45,666.0
0.5340,17.0840,0.4230,96.9910,2.1270,2025-10-22 21:29:45,666.0
0.52,16.9170,0.4550,97.1040,2.0470,2025-10-22 21:29:45,666.0
0.5380,17.0020,0.5040,97.0150,2.1750,2025-10-22 21:29:45,666.0
0.5490,16.9460,0.3920,97.2790,1.9360,2025-10-22 21:29:45,666.0
0.5110,16.9650,0.3120,97.0720,1.9950,2025-10-22 21:29:45,666.0
0.5510,17.0810,0.3330,96.9670,2.2610,2025-10-22 21:29:45,666.0
0.5270,16.9740,0.4650,96.9910,1.93,2025-10-22 21:29:45,666.0
0.5420,17.0240,0.3890,97.0070,2.0760,2025-10-22 21:29:45,666.0
0.5570,16.99,0.4340,97.0480,2.2080,2025-10-22 21:29:45,666.0
0.5290,16.9710,0.3920,96.8810,2.0250,2025-10-22 21:29:45,666.0
0.5420,17.0050,0.4270,97.0210,2.1540,2025-10-22 21:29:45,666.0
0.5230,17.0270,0.3880,97.2140,2.0130,2025-10-22 21:29:45,666.0
0.5220,16.93,0.5250,97.05,2.0630,2025-10-22 21:29:45,666.0
0.5170,16.9330,0.3990,97.2190,1.9880,2025-10-22 21:29:45,666.0
0.5270,16.9930,0.50,97.0470,2.0740,2025-10-22 21:29:45,666.0
0.5210,16.9550,0.4020,96.9980,1.9660,2025-10-22 21:29:45,666.0
0.5460,17.0590,0.49,96.9650,2.0770,2025-10-22 21:29:45,666.0
0.5350,16.9050,0.4520,96.98,2.2320,2025-10-22 21:29:45,666.0
0.5330,17.0090,0.4230,97.2650,2.1590,2025-10-22 21:29:45,666.0
0.5390,16.9990,0.2380,97.1350,1.9880,2025-10-23 11:01:13,667.0
0.5310,17.0810,0.2870,96.8110,2.1330,2025-10-23 11:01:13,667.0
0.5340,17.09,0.2520,96.9740,1.9590,2025-10-23 11:01:13,667.0
0.5330,17.0310,0.2590,96.90,1.9710,2025-10-23 11:01:13,667.0
0.53,17.1310,0.2730,96.9490,1.9950,2025-10-23 11:01:13,667.0
0.5350,17.0680,0.2870,97.1190,2.0360,2025-10-23 11:01:13,667.0
0.5130,17.10,0.2660,96.7970,1.8590,2025-10-23 11:01:13,667.0
0.5240,17.1340,0.2210,96.8710,2.0480,2025-10-23 11:01:13,667.0
0.5120,17.0310,0.2480,97.0630,2.0130,2025-10-23 11:01:13,667.0
0.5470,17.0620,0.3750,97.0510,2.07,2025-10-23 11:01:13,667.0
0.5160,16.9110,0.3250,97.0080,2.0550,2025-10-23 11:01:13,667.0
0.5170,17.0810,0.20,97.0050,1.8470,2025-10-23 11:01:13,667.0
0.5280,17.1280,0.2130,97.2130,2.0020,2025-10-23 11:01:13,667.0
0.5420,17.0650,0.2550,96.9980,2.06,2025-10-23 11:01:13,667.0
0.5220,17.0370,0.3710,97.0830,1.9580,2025-10-23 11:01:13,667.0
0.5330,17.0750,0.3610,96.6910,2.02,2025-10-23 11:01:13,667.0
0.5440,17.09,0.2070,97.12,2.0170,2025-10-23 11:01:13,667.0
0.5240,17.1280,0.3430,97.1720,2.0690,2025-10-23 11:01:13,667.0
0.5190,17.09,0.2310,96.8270,1.8670,2025-10-23 11:01:13,667.0
0.5240,17.1030,0.1440,97.0380,2.08,2025-10-23 11:01:13,667.0
0.53,17.04,0.3850,96.9370,2.1850,2025-10-23 13:21:16,668.0
0.5350,17.0090,0.3360,97.2350,2.1880,2025-10-23 13:21:16,668.0
0.5260,16.9490,0.3010,96.9720,2.0840,2025-10-23 13:21:16,668.0
0.5210,16.9550,0.2550,97.0150,2.0270,2025-10-23 13:21:16,668.0
0.5270,17.0810,0.4580,97.0990,2.0120,2025-10-23 13:21:16,668.0
0.5360,17.0530,0.3850,97.1070,2.1430,2025-10-23 13:21:16,668.0
0.5210,17.0180,0.3530,97.1180,1.9920,2025-10-23 13:21:16,668.0
0.5390,17.0650,0.4580,97.0840,2.1980,2025-10-23 13:21:16,668.0
0.53,17.0490,0.3220,97.0570,2.0470,2025-10-23 13:21:16,668.0
0.5250,17.0180,0.2660,96.8250,2.2590,2025-10-23 13:21:16,668.0
0.5330,17.0780,0.2340,96.7860,2.1980,2025-10-23 13:21:16,668.0
0.5120,16.9770,0.3190,97.1270,2.0060,2025-10-23 13:21:16,668.0
0.5290,16.9990,0.4130,97.0110,2.1610,2025-10-23 13:21:16,668.0
0.5160,16.9110,0.4550,96.9690,2.0470,2025-10-23 13:21:16,668.0
0.54,17.0150,0.3250,97.0650,2.0950,2025-10-23 13:21:16,668.0
0.5190,17.0310,0.3190,97.0770,1.9880,2025-10-23 13:21:16,668.0
0.5450,16.98,0.3610,97.10,2.1080,2025-10-23 13:21:16,668.0
0.5220,17.0560,0.3920,97.0190,1.8770,2025-10-23 13:21:16,668.0
0.5240,16.8990,0.3220,97.01,2.1570,2025-10-23 13:21:16,668.0
0.5220,17.1280,0.4230,96.7950,2.0840,2025-10-23 13:21:16,668.0
0.5410,16.9990,0.3430,96.9210,1.9990,2025-10-23 21:21:24,669.0
0.5230,17.0430,0.4410,97.0150,2,2025-10-23 21:21:24,669.0
0.52,17.0310,0.41,97.0280,1.9740,2025-10-23 21:21:24,669.0
0.5280,17.0460,0.29,97.2980,2.0180,2025-10-23 21:21:24,669.0
0.5280,17.0490,0.3430,97.1150,1.9360,2025-10-23 21:21:24,669.0
0.5190,16.99,0.5110,96.8190,2.0890,2025-10-23 21:21:24,669.0
0.5310,16.9930,0.3360,96.9480,1.9110,2025-10-23 21:21:24,669.0
0.52,16.9330,0.3150,97.1380,1.9020,2025-10-23 21:21:24,669.0
0.5250,16.9960,0.3150,97.0790,1.9630,2025-10-23 21:21:24,669.0
0.5220,16.9080,0.2480,96.9460,2.0390,2025-10-23 21:21:24,669.0
0.5150,17.0020,0.3710,97.2230,2.1280,2025-10-23 21:21:24,669.0
0.5130,16.9360,0.3920,97.0550,2.0270,2025-10-23 21:21:24,669.0
0.5140,16.9870,0.2980,97.0390,2.0020,2025-10-23 21:21:24,669.0
0.5540,17.0650,0.3460,97.0540,2.2140,2025-10-23 21:21:24,669.0
0.53,17.0530,0.3180,96.9230,2.0740,2025-10-23 21:21:24,669.0
0.54,16.99,0.3710,97.0950,2.1750,2025-10-23 21:21:24,669.0
0.5280,16.9580,0.3670,97.1130,2.0810,2025-10-23 21:21:24,669.0
0.5480,17.0650,0.3250,96.8910,2.22,2025-10-23 21:21:24,669.0
0.5140,16.9930,0.3640,96.99,1.9890,2025-10-23 21:21:24,669.0
0.5320,17.0050,0.4020,97.0070,2.1130,2025-10-23 21:21:24,669.0
0.5390,16.8920,0.5530,96.8520,2.09,2025-10-24 13:27:54,670.0
0.5470,17.0050,0.2870,96.9170,2.1160,2025-10-24 13:27:54,670.0
0.5320,16.8990,0.3390,96.8820,2.2460,2025-10-24 13:27:54,670.0
0.5080,16.8670,0.3740,97.1730,2.0730,2025-10-24 13:27:54,670.0
0.5170,16.9140,0.4020,97.0120,2.1360,2025-10-24 13:27:54,670.0
0.5460,16.8950,0.2840,97.0860,2.2280,2025-10-24 13:27:54,670.0
0.53,16.9490,0.4170,97.34,2.3130,2025-10-24 13:27:54,670.0
0.53,16.9610,0.3190,96.9040,2.1290,2025-10-24 13:27:54,670.0
0.5130,16.9330,0.3850,97.0950,2.0630,2025-10-24 13:27:54,670.0
0.5380,16.9520,0.4020,97.2570,2.1650,2025-10-24 13:27:54,670.0
0.5120,16.9930,0.35,96.6870,2.0620,2025-10-24 13:27:54,670.0
0.5180,16.9050,0.3250,97.0490,2.0710,2025-10-24 13:27:54,670.0
0.5460,16.98,0.2590,96.8240,2.2880,2025-10-24 13:27:54,670.0
0.5140,16.9210,0.3110,97.0020,2.1810,2025-10-24 13:27:54,670.0
0.5150,16.8830,0.3990,96.7530,2.0370,2025-10-24 13:27:54,670.0
0.5260,16.9650,0.29,97.19,2.0350,2025-10-24 13:27:54,670.0
0.5370,16.8550,0.2480,97.0620,2.2210,2025-10-24 13:27:54,670.0
0.5270,16.9550,0.4020,96.7910,2.12,2025-10-24 13:27:54,670.0
0.5160,16.9140,0.4690,97.1460,2.03,2025-10-24 13:27:54,670.0
0.5250,16.9330,0.2910,97.0650,2.1950,2025-10-24 13:27:54,670.0
0.5160,17.0370,0.3670,97.0690,1.96,2025-10-24 19:33:02,671.0
0.54,16.9740,0.3080,97.0330,2.2130,2025-10-24 19:33:02,671.0
0.5290,17.0210,0.35,96.9370,2.0440,2025-10-24 19:33:02,671.0
0.5250,17.0150,0.3670,96.8970,1.9740,2025-10-24 19:33:02,671.0
0.5220,17.0560,0.5180,96.9210,2.0360,2025-10-24 19:33:02,671.0
0.5110,16.9050,0.4830,96.8150,2.06,2025-10-24 19:33:02,671.0
0.53,16.98,0.5110,96.7880,2.1150,2025-10-24 19:33:02,671.0
0.52,17.0310,0.4520,97.0370,1.9730,2025-10-24 19:33:02,671.0
0.5220,16.9740,0.4790,96.8220,1.9940,2025-10-24 19:33:02,671.0
0.5260,16.9990,0.3670,96.8930,1.9580,2025-10-24 19:33:02,671.0
0.5250,16.9550,0.4790,96.9790,2.0040,2025-10-24 19:33:02,671.0
0.5140,16.9930,0.4340,97.0880,1.9440,2025-10-24 19:33:02,671.0
0.5230,17.0340,0.4860,97.0280,1.9640,2025-10-24 19:33:02,671.0
0.5250,16.9930,0.3640,96.9940,2.07,2025-10-24 19:33:02,671.0
0.5070,17.0590,0.4020,96.9830,1.9270,2025-10-24 19:33:02,671.0
0.52,17.0090,0.3290,96.9930,2.0890,2025-10-24 19:33:02,671.0
0.5230,16.9520,0.4760,97.0190,1.9380,2025-10-24 19:33:02,671.0
0.5270,16.9930,0.41,96.9530,2.0470,2025-10-24 19:33:02,671.0
0.53,16.9520,0.3670,96.9760,2.1610,2025-10-24 19:33:02,671.0
0.5310,17.0650,0.3080,97.1640,2.0660,2025-10-24 19:33:02,671.0
0.5390,16.83,0.3050,96.9050,2.21,2025-10-24 21:13:05,672.0
0.5430,16.8990,0.3540,96.9040,2.2160,2025-10-24 21:13:05,672.0
0.5380,16.9050,0.4970,96.9480,2.1230,2025-10-24 21:13:05,672.0
0.52,16.9580,0.3920,96.9060,2.0420,2025-10-24 21:13:05,672.0
0.5350,16.8550,0.4410,97.1980,2.1330,2025-10-24 21:13:05,672.0
0.5340,16.98,0.4060,97.1260,2.0110,2025-10-24 21:13:05,672.0
0.5270,16.9650,0.3850,97.0870,2.0640,2025-10-24 21:13:05,672.0
0.5370,16.9330,0.29,97.0830,2.0960,2025-10-24 21:13:05,672.0
0.5220,16.9080,0.3250,96.93,1.9780,2025-10-24 21:13:05,672.0
0.51,16.9110,0.4440,97.0170,2.10,2025-10-24 21:13:05,672.0
0.5470,16.93,0.3780,97.0910,2.1750,2025-10-24 21:13:05,672.0
0.5420,16.98,0.3740,96.9960,2.1340,2025-10-24 21:13:05,672.0
0.5350,16.9710,0.2940,97.1460,2,2025-10-24 21:13:05,672.0
0.5320,16.9110,0.3010,97.1120,2.1570,2025-10-24 21:13:05,672.0
0.56,16.9580,0.3290,96.8230,2.3030,2025-10-24 21:13:05,672.0
0.5340,16.9460,0.5420,96.92,2.2510,2025-10-24 21:13:05,672.0
0.5680,16.9050,0.5880,97.02,1.9840,2025-10-24 21:13:05,672.0
0.5170,16.8330,0.5530,96.9520,2.07,2025-10-24 21:13:05,672.0
0.5050,16.9460,0.35,97.1150,2.0320,2025-10-24 21:13:05,672.0
0.5310,16.8990,0.3460,97.0780,2.1380,2025-10-24 21:13:05,672.0
0.5010,16.8990,0.4130,96.9180,1.9950,2025-10-27 11:11:02,673.0
0.5280,16.9650,0.4270,96.89,2.0470,2025-10-27 11:11:02,673.0
0.5340,16.9710,0.4380,97.0150,2.1030,2025-10-27 11:11:02,673.0
0.52,16.8920,0.3920,97.1630,2.1160,2025-10-27 11:11:02,673.0
0.5210,16.9080,0.3250,97.0640,1.9850,2025-10-27 11:11:02,673.0
0.5310,16.9710,0.2870,97.1070,2.09,2025-10-27 11:11:02,673.0
0.5360,16.9770,0.4130,97.2110,2.1090,2025-10-27 11:11:02,673.0
0.5190,16.8990,0.4730,97.1610,2.0680,2025-10-27 11:11:02,673.0
0.5340,16.8950,0.4130,97.0110,2.0940,2025-10-27 11:11:02,673.0
0.5290,17.0240,0.4380,96.9870,2.0410,2025-10-27 11:11:02,673.0
0.5410,16.9080,0.2690,97.1730,2.1890,2025-10-27 11:11:02,673.0
0.53,16.93,0.3850,96.8970,1.9640,2025-10-27 11:11:02,673.0
0.52,16.8830,0.2730,97.2750,2.1040,2025-10-27 11:11:02,673.0
0.5320,17.0680,0.3780,97.0510,2.0950,2025-10-27 11:11:02,673.0
0.5290,16.9170,0.3050,97.0840,2.0710,2025-10-27 11:11:02,673.0
0.5320,16.9580,0.2840,97.0280,1.9890,2025-10-27 11:11:02,673.0
0.5380,16.9360,0.34,97.0990,2.1540,2025-10-27 11:11:02,673.0
0.5160,16.9270,0.3810,96.8710,2.1630,2025-10-27 11:11:02,673.0
0.5320,16.98,0.3050,96.90,2.12,2025-10-27 11:11:02,673.0
0.5430,16.9650,0.42,96.9380,2.0650,2025-10-27 11:11:02,673.0
0.5320,16.99,0.2550,97.2690,2.05,2025-10-27 13:01:03,674.0
0.5220,17.0120,0.3430,97.1010,2.0490,2025-10-27 13:01:03,674.0
0.5310,17.0710,0.4940,97.0340,2.1020,2025-10-27 13:01:03,674.0
0.5130,16.9210,0.4090,97.2520,2.1190,2025-10-27 13:01:03,674.0
0.5410,16.8860,0.4410,97.0860,2.1560,2025-10-27 13:01:03,674.0
0.5270,16.9650,0.3080,97.2840,1.9620,2025-10-27 13:01:03,674.0
0.5060,17.0310,0.4760,97.0370,1.8620,2025-10-27 13:01:03,674.0
0.5350,17.0810,0.4310,97.3330,2.2020,2025-10-27 13:01:03,674.0
0.5280,17.0430,0.3530,97,1.9310,2025-10-27 13:01:03,674.0
0.5130,16.9550,0.42,96.9030,2.0710,2025-10-27 13:01:03,674.0
0.55,17.0370,0.3960,97.2990,2.2470,2025-10-27 13:01:03,674.0
0.5140,16.93,0.3750,97.1430,1.9480,2025-10-27 13:01:03,674.0
0.5180,17.0370,0.4060,97.1960,2.1870,2025-10-27 13:01:03,674.0
0.5280,17.0020,0.3110,97.1310,1.9730,2025-10-27 13:01:03,674.0
0.5150,17.0270,0.4620,96.8940,2.01,2025-10-27 13:01:03,674.0
0.5260,16.93,0.5250,97.3810,1.9310,2025-10-27 13:01:03,674.0
0.5010,16.8610,0.3190,97.0990,2.0870,2025-10-27 13:01:03,674.0
0.5080,16.9390,0.41,97.1830,1.9860,2025-10-27 13:01:03,674.0
0.5250,17.0020,0.3810,96.8010,2.1440,2025-10-27 13:01:03,674.0
0.5170,16.9550,0.3330,96.9350,1.9750,2025-10-27 13:01:03,674.0
0.5160,17.0050,0.6720,97.0910,2.1360,2025-10-27 13:11:04,675.0
0.5370,17.0620,0.5710,97.1770,2.0890,2025-10-27 13:11:04,675.0
0.5380,17.0370,0.4790,97.0790,2.0780,2025-10-27 13:11:04,675.0
0.54,17.0020,0.4940,96.98,2.1420,2025-10-27 13:11:04,675.0
0.5390,17.0240,0.4340,97.0920,2.0680,2025-10-27 13:11:04,675.0
0.5210,16.9610,0.5180,97.0910,2.0220,2025-10-27 13:11:04,675.0
0.5310,16.9770,0.6760,97.1090,2.0580,2025-10-27 13:11:04,675.0
0.5250,17.0150,0.6060,96.9350,2.1390,2025-10-27 13:11:04,675.0
0.5380,17.0340,0.5710,96.9920,2,2025-10-27 13:11:04,675.0
0.5120,16.9580,0.4760,96.9720,1.8850,2025-10-27 13:11:04,675.0
0.5510,17.0810,0.4970,97.3920,2.0880,2025-10-27 13:11:04,675.0
0.5290,17.0050,0.4970,96.9260,2.1440,2025-10-27 13:11:04,675.0
0.5260,17.0210,0.5530,97.0890,1.9630,2025-10-27 13:11:04,675.0
0.5480,17.0530,0.5560,97.2720,2.1560,2025-10-27 13:11:04,675.0
0.5370,16.9960,0.5390,97.2170,2.1090,2025-10-27 13:11:04,675.0
0.5470,16.99,0.5070,97.3450,1.9940,2025-10-27 13:11:04,675.0
0.5140,16.9520,0.4660,96.9340,1.9910,2025-10-27 13:11:04,675.0
0.5440,17.0650,0.63,97.1840,2.1360,2025-10-27 13:11:04,675.0
0.5430,17.1030,0.4690,97.1080,2.08,2025-10-27 13:11:04,675.0
0.5350,17.0460,0.5710,97.1560,2.10,2025-10-27 13:11:04,675.0
0.5260,16.9430,0.5920,96.9780,2.0020,2025-10-27 21:16:13,676.0
0.5050,16.9580,0.49,97.0190,2.0020,2025-10-27 21:16:13,676.0
0.5360,16.8860,0.3460,97.09,2.1880,2025-10-27 21:16:13,676.0
0.5340,16.98,0.5740,97.0530,2.2110,2025-10-27 21:16:13,676.0
0.5370,16.9110,0.41,96.9250,2.2050,2025-10-27 21:16:13,676.0
0.5390,16.9330,0.4130,97.16,2.2450,2025-10-27 21:16:13,676.0
0.5110,16.9960,0.3320,96.9290,2.1080,2025-10-27 21:16:13,676.0
0.5170,16.9390,0.4830,96.9410,2.1290,2025-10-27 21:16:13,676.0
0.5120,16.9110,0.4940,96.9190,1.9540,2025-10-27 21:16:13,676.0
0.5150,16.9080,0.3880,96.8780,1.9920,2025-10-27 21:16:13,676.0
0.5170,16.9080,0.4440,96.9860,2.0710,2025-10-27 21:16:13,676.0
0.5370,17.0810,0.3950,96.8480,2.0470,2025-10-27 21:16:13,676.0
0.5220,16.9170,0.5220,96.7530,2.11,2025-10-27 21:16:13,676.0
0.5340,16.8990,0.4340,96.8520,2.1490,2025-10-27 21:16:13,676.0
0.51,16.93,0.4870,97.1320,1.9870,2025-10-27 21:16:13,676.0
0.5360,16.9580,0.5670,96.9510,2.1750,2025-10-27 21:16:13,676.0
0.5140,16.93,0.3780,96.9290,2.0210,2025-10-27 21:16:13,676.0
0.53,16.8670,0.2730,97.2080,2.1640,2025-10-27 21:16:13,676.0
0.5240,16.9710,0.49,96.86,2.1690,2025-10-27 21:16:13,676.0
0.4930,16.8550,0.3780,97.0530,1.9120,2025-10-27 21:16:13,676.0
0.5290,17.04,0.55,97.2910,2.0750,2025-10-27 21:21:14,677.0
0.5560,16.9430,0.5040,97.3480,2.3790,2025-10-27 21:21:14,677.0
0.5150,16.9930,0.6060,96.9510,2.0860,2025-10-27 21:21:14,677.0
0.5430,17.0180,0.6270,96.9370,2.09,2025-10-27 21:21:14,677.0
0.5380,16.9830,0.7040,97.1630,2.0770,2025-10-27 21:21:14,677.0
0.5220,16.9830,0.6020,96.98,2.1050,2025-10-27 21:21:14,677.0
0.52,16.8950,0.7280,97.19,2.0520,2025-10-27 21:21:14,677.0
0.5150,16.9330,0.7520,96.9240,2.0010,2025-10-27 21:21:14,677.0
0.5360,16.9710,0.5990,96.8440,2.15,2025-10-27 21:21:14,677.0
0.5070,16.9020,0.5390,97.1670,1.8920,2025-10-27 21:21:14,677.0
0.5350,17.04,0.6830,97.1140,2.0520,2025-10-27 21:21:14,677.0
0.53,16.9490,0.3960,97.2780,2.0450,2025-10-27 21:21:14,677.0
0.5290,16.9930,0.6540,97.0150,2.0860,2025-10-27 21:21:14,677.0
0.5480,16.9140,0.4020,96.9190,2.1190,2025-10-27 21:21:14,677.0
0.5220,16.9430,0.7210,97.2180,2.1520,2025-10-27 21:21:14,677.0
0.5320,16.9330,0.6960,97.0940,2.0440,2025-10-27 21:21:14,677.0
0.5340,16.9610,0.7420,97.0060,2.2140,2025-10-27 21:21:14,677.0
0.5420,17.0590,0.5150,96.7590,2.22,2025-10-27 21:21:14,677.0
0.5460,16.9610,0.6060,96.9290,2.1840,2025-10-27 21:21:14,677.0
0.5320,16.9170,0.4650,97.1280,2.1360,2025-10-27 21:21:14,677.0
0.5290,17.0490,0.6060,96.8550,2.1170,2025-10-28 11:00:45,678.0
0.5260,17.0460,0.6190,96.76,2.0770,2025-10-28 11:00:45,678.0
0.5170,16.9930,0.6440,96.7560,1.9860,2025-10-28 11:00:45,678.0
0.5120,16.9210,0.4580,96.8970,1.97,2025-10-28 11:00:45,678.0
0.52,16.8610,0.5280,96.9170,1.9390,2025-10-28 11:00:45,678.0
0.5250,16.9110,0.6510,96.6420,2.0160,2025-10-28 11:00:45,678.0
0.5380,16.9680,0.5640,97.1390,2.0550,2025-10-28 11:00:45,678.0
0.5310,16.9490,0.5220,96.8360,2.0740,2025-10-28 11:00:45,678.0
0.5160,17.0430,0.5320,96.8720,2.0250,2025-10-28 11:00:45,678.0
0.52,16.8730,0.5950,96.8270,2.0630,2025-10-28 11:00:45,678.0
0.5290,16.9550,0.4830,97.1320,1.9960,2025-10-28 11:00:45,678.0
0.5360,16.9710,0.5810,97.1370,2.1970,2025-10-28 11:00:45,678.0
0.5150,16.9710,0.5040,97.09,1.9650,2025-10-28 11:00:45,678.0
0.5340,16.9830,0.7350,97.1460,2.2610,2025-10-28 11:00:45,678.0
0.5380,17.0090,0.5420,96.9270,2.2170,2025-10-28 11:00:45,678.0
0.5220,16.9080,0.5740,97.2910,1.9450,2025-10-28 11:00:45,678.0
0.5340,16.9520,0.5850,96.8190,2.2950,2025-10-28 11:00:45,678.0
0.5350,16.8730,0.56,97.1180,2.0750,2025-10-28 11:00:45,678.0
0.5290,16.9740,0.5220,97.0390,2.1660,2025-10-28 11:00:45,678.0
0.5270,16.9580,0.5460,96.8930,2.0240,2025-10-28 11:00:45,678.0
0.52,16.9740,0.4480,96.7590,1.9820,2025-10-28 11:10:46,679.0
0.5240,16.9740,0.50,97.16,1.9340,2025-10-28 11:10:46,679.0
0.5340,17.0020,0.34,97.1770,1.9470,2025-10-28 11:10:46,679.0
0.5250,16.9960,0.4730,96.9890,2.1080,2025-10-28 11:10:46,679.0
0.5280,16.9240,0.3780,96.8820,2.0870,2025-10-28 11:10:46,679.0
0.5210,16.9110,0.4090,97.2010,2.0420,2025-10-28 11:10:46,679.0
0.5280,17.0020,0.3880,97.0020,2.0120,2025-10-28 11:10:46,679.0
0.5240,16.8920,0.3540,97.1380,2.1190,2025-10-28 11:10:46,679.0
0.5080,16.9240,0.3750,97.13,2.0120,2025-10-28 11:10:46,679.0
0.5260,16.9210,0.34,97.0430,2.0680,2025-10-28 11:10:46,679.0
0.5230,16.9740,0.3220,97.1460,1.8130,2025-10-28 11:10:46,679.0
0.5410,17.0020,0.4130,97.0080,1.9880,2025-10-28 11:10:46,679.0
0.5170,16.9360,0.5390,96.8820,1.88,2025-10-28 11:10:46,679.0
0.5340,16.98,0.3540,97.0210,2.0890,2025-10-28 11:10:46,679.0
0.5270,16.8510,0.3920,97.2090,2.0790,2025-10-28 11:10:46,679.0
0.5390,17.0310,0.3290,96.9740,2.1090,2025-10-28 11:10:46,679.0
0.5290,16.8640,0.50,97.2210,2.0410,2025-10-28 11:10:46,679.0
0.5390,17.1060,0.4270,97.03,2.03,2025-10-28 11:10:46,679.0
0.5220,16.9960,0.4510,97.1410,2.0130,2025-10-28 11:10:46,679.0
0.5110,16.8990,0.3430,97.0020,1.9190,2025-10-28 11:10:46,679.0
0.5230,17.1560,0.2310,96.9060,2.0270,2025-10-28 13:00:48,680.0
0.5130,17.0810,0.3540,96.9350,2.0710,2025-10-28 13:00:48,680.0
0.5270,16.9490,0.4030,97.0220,2.1010,2025-10-28 13:00:48,680.0
0.5320,17.1090,0.3920,96.9560,2.0180,2025-10-28 13:00:48,680.0
0.5230,16.9580,0.4130,97.0330,1.9180,2025-10-28 13:00:48,680.0
0.5030,17.0180,0.3080,97.0570,1.9660,2025-10-28 13:00:48,680.0
0.5160,17.0310,0.4550,97.1670,2.0570,2025-10-28 13:00:48,680.0
0.5150,17.0310,0.2520,97.0830,2.0380,2025-10-28 13:00:48,680.0
0.5250,16.98,0.3360,96.90,1.9730,2025-10-28 13:00:48,680.0
0.5310,16.9830,0.4310,96.9050,1.9890,2025-10-28 13:00:48,680.0
0.5220,17.1190,0.4970,96.9220,1.8980,2025-10-28 13:00:48,680.0
0.5260,17.0930,0.49,96.9040,2.09,2025-10-28 13:00:48,680.0
0.4970,16.9580,0.4410,97.1170,1.9840,2025-10-28 13:00:48,680.0
0.5140,16.9770,0.4650,96.9920,1.99,2025-10-28 13:00:48,680.0
0.5270,17.10,0.5320,97.2910,2.0340,2025-10-28 13:00:48,680.0
0.5310,16.9020,0.3570,96.8970,2.0230,2025-10-28 13:00:48,680.0
0.5210,16.9930,0.3810,97.1730,1.8840,2025-10-28 13:00:48,680.0
0.5280,17.1220,0.3330,96.9880,2.0930,2025-10-28 13:00:48,680.0
0.4980,17.0430,0.4790,97.0120,1.9080,2025-10-28 13:00:48,680.0
0.5260,17.0530,0.3710,96.8620,2.0340,2025-10-28 13:00:48,680.0
0.5320,16.8550,0.5080,96.8460,2.1820,2025-10-28 13:05:49,681.0
0.5190,16.9650,0.6020,96.6540,2.03,2025-10-28 13:05:49,681.0
0.5360,16.9140,0.7040,97.0520,2.2670,2025-10-28 13:05:49,681.0
0.4990,16.9080,0.6540,96.8760,1.9090,2025-10-28 13:05:49,681.0
0.5080,16.93,0.5460,97.17,1.8210,2025-10-28 13:05:49,681.0
0.52,16.8610,0.6260,97.0670,1.8820,2025-10-28 13:05:49,681.0
0.5380,16.9740,0.4130,97.27,2.1120,2025-10-28 13:05:49,681.0
0.4980,16.9580,0.6480,96.8850,1.8920,2025-10-28 13:05:49,681.0
0.5240,17.0270,0.5110,96.8950,1.8390,2025-10-28 13:05:49,681.0
0.5160,16.9080,0.6540,97.2180,1.8910,2025-10-28 13:05:49,681.0
0.5290,16.9110,0.5740,96.6680,2.0810,2025-10-28 13:05:49,681.0
0.5230,16.9390,0.5390,97.2760,2.0510,2025-10-28 13:05:49,681.0
0.5150,16.8860,0.5670,97.1350,1.9670,2025-10-28 13:05:49,681.0
0.5150,16.88,0.5360,97.0110,1.9670,2025-10-28 13:05:49,681.0
0.5250,17.0180,0.5560,97.0790,1.9150,2025-10-28 13:05:49,681.0
0.5330,17.0120,0.5460,97.2220,2.1170,2025-10-28 13:05:49,681.0
0.52,16.9580,0.6330,96.8780,2.0990,2025-10-28 13:05:49,681.0
0.5030,16.9650,0.5950,96.7930,1.9370,2025-10-28 13:05:49,681.0
0.5110,16.9140,0.4730,96.9210,1.8840,2025-10-28 13:05:49,681.0
0.5270,16.9210,0.6230,97.1510,1.9940,2025-10-28 13:05:49,681.0
0.5330,17.0210,0.5210,96.9780,2.0550,2025-10-28 21:30:57,682.0
0.5350,17.0120,0.5350,97.1330,2.1520,2025-10-28 21:30:57,682.0
0.5280,16.8990,0.7350,97.04,2.0650,2025-10-28 21:30:57,682.0
0.4990,16.9270,0.6860,96.9230,1.9260,2025-10-28 21:30:57,682.0
0.54,16.9170,0.5320,96.9840,1.9740,2025-10-28 21:30:57,682.0
0.5260,16.8950,0.5710,97.1540,1.9480,2025-10-28 21:30:57,682.0
0.5210,16.8830,0.5560,97.1280,2.2080,2025-10-28 21:30:57,682.0
0.5350,16.9390,0.4520,97.1350,2.1460,2025-10-28 21:30:57,682.0
0.5250,16.9650,0.3540,96.81,2.12,2025-10-28 21:30:57,682.0
0.5040,16.87,0.5490,96.7050,1.9890,2025-10-28 21:30:57,682.0
0.5390,16.9170,0.62,97.1870,2.0840,2025-10-28 21:30:57,682.0
0.5440,16.9210,0.7310,96.9650,2.1250,2025-10-28 21:30:57,682.0
0.53,17.0240,0.5430,97.07,1.9650,2025-10-28 21:30:57,682.0
0.5240,16.9580,0.3780,97.1550,2.0910,2025-10-28 21:30:57,682.0
0.5260,16.8990,0.7310,97.0330,1.9610,2025-10-28 21:30:57,682.0
0.5190,16.8770,0.6270,97.1610,2.1430,2025-10-28 21:30:57,682.0
0.54,16.9610,0.55,97.0280,2.2150,2025-10-28 21:30:57,682.0
0.5120,16.8920,0.6790,97.0020,2.0450,2025-10-28 21:30:57,682.0
0.5310,16.9490,0.6060,97.1570,2.1610,2025-10-28 21:30:57,682.0
0.5180,16.9490,0.6930,96.9760,2.0750,2025-10-28 21:30:57,682.0
0.5290,17.0620,0.43,96.9120,1.9760,2025-10-28 21:45:58,683.0
0.53,16.9960,0.2170,96.8880,2.1020,2025-10-28 21:45:58,683.0
0.5320,17.0840,0.22,96.9620,2.0270,2025-10-28 21:45:58,683.0
0.5290,17.0650,0.3530,96.9280,1.9950,2025-10-28 21:45:58,683.0
0.5020,16.9990,0.4550,97.0690,1.8250,2025-10-28 21:45:58,683.0
0.53,16.9550,0.3850,96.7730,2.0980,2025-10-28 21:45:58,683.0
0.5110,16.9830,0.2590,96.9320,1.8910,2025-10-28 21:45:58,683.0
0.5120,17.0090,0.3920,96.77,1.9990,2025-10-28 21:45:58,683.0
0.5240,16.8770,0.3780,97.1080,1.9410,2025-10-28 21:45:58,683.0
0.5340,16.9960,0.2980,97.1910,2.0760,2025-10-28 21:45:58,683.0
0.5240,17.0370,0.3220,96.9270,2.0140,2025-10-28 21:45:58,683.0
0.52,17.0370,0.3290,96.9860,2.0090,2025-10-28 21:45:58,683.0
0.4960,17.0270,0.4410,96.8940,1.8920,2025-10-28 21:45:58,683.0
0.5210,17.0020,0.2760,97.0970,2.0460,2025-10-28 21:45:58,683.0
0.5350,17.0180,0.4580,96.8040,2.0580,2025-10-28 21:45:58,683.0
0.5260,17.0840,0.2940,96.8440,1.9410,2025-10-28 21:45:58,683.0
0.53,16.9830,0.3710,97.2440,1.9350,2025-10-28 21:45:58,683.0
0.5320,17.0650,0.3150,97.0320,2.0180,2025-10-28 21:45:58,683.0
0.5250,16.9710,0.4240,97.2590,2.0420,2025-10-28 21:45:58,683.0
0.5310,17.0340,0.3050,96.7660,2.0350,2025-10-28 21:45:58,683.0
0.5220,16.99,0.6610,96.9840,1.9930,2025-10-29 10:51:02,684.0
0.54,16.9710,0.7560,97.20,1.9780,2025-10-29 10:51:02,684.0
0.5240,17.0620,0.4130,96.8450,2.1080,2025-10-29 10:51:02,684.0
0.5260,17.0680,0.6230,97.0650,2.0510,2025-10-29 10:51:02,684.0
0.5280,17.0240,0.5950,97.1130,1.93,2025-10-29 10:51:02,684.0
0.5690,17.0370,0.5250,96.7840,2.0070,2025-10-29 10:51:02,684.0
0.5340,16.9960,0.5640,97.1740,2.0790,2025-10-29 10:51:02,684.0
0.5340,17.0970,0.7310,97.1490,2.0960,2025-10-29 10:51:02,684.0
0.52,17.0650,0.5850,97.17,1.9650,2025-10-29 10:51:02,684.0
0.5360,16.9080,0.5350,97.1590,1.9960,2025-10-29 10:51:02,684.0
0.5250,17.0090,0.4760,97.2060,1.8360,2025-10-29 10:51:02,684.0
0.5190,16.9330,0.6160,96.7620,2.1060,2025-10-29 10:51:02,684.0
0.5270,17.0310,0.6580,96.81,2.0440,2025-10-29 10:51:02,684.0
0.5440,17.0020,0.5880,97.0520,2.0780,2025-10-29 10:51:02,684.0
0.5330,16.9330,0.62,96.8170,2.0440,2025-10-29 10:51:02,684.0
0.5190,17.0020,0.5150,96.9120,1.9950,2025-10-29 10:51:02,684.0
0.53,17.09,0.6230,97.0240,2.0440,2025-10-29 10:51:02,684.0
0.5060,16.9360,0.5460,97.0020,1.8810,2025-10-29 10:51:02,684.0
0.5110,17.0090,0.6370,96.8360,2.08,2025-10-29 10:51:02,684.0
0.5350,16.9990,0.49,97.1490,2.1420,2025-10-29 10:51:02,684.0
0.5480,16.9430,0.2840,97.1240,2.0440,2025-10-29 11:01:03,685.0
0.5260,16.8390,0.2450,97.2950,2.0560,2025-10-29 11:01:03,685.0
0.5180,16.8330,0.3290,97.1680,1.9350,2025-10-29 11:01:03,685.0
0.53,16.9680,0.2420,97.4240,1.9720,2025-10-29 11:01:03,685.0
0.5440,16.99,0.3610,96.91,2.1260,2025-10-29 11:01:03,685.0
0.5520,16.9270,0.3750,97.0840,2.1880,2025-10-29 11:01:03,685.0
0.5290,16.9110,0.3150,97.1560,2.0320,2025-10-29 11:01:03,685.0
0.5650,16.9610,0.2870,96.8770,2.0210,2025-10-29 11:01:03,685.0
0.5490,16.9870,0.3640,97.3320,2.1250,2025-10-29 11:01:03,685.0
0.5290,16.9140,0.3780,97.1510,2.0630,2025-10-29 11:01:03,685.0
0.5270,16.8830,0.4730,97.0810,2.0920,2025-10-29 11:01:03,685.0
0.53,16.9210,0.3150,97.1060,2.0740,2025-10-29 11:01:03,685.0
0.5510,16.9680,0.3120,97.0850,2.1430,2025-10-29 11:01:03,685.0
0.5330,16.98,0.3190,97.0250,2.0510,2025-10-29 11:01:03,685.0
0.5210,16.8770,0.3640,96.9030,2.0220,2025-10-29 11:01:03,685.0
0.5540,16.9710,0.3890,97.0910,2.2790,2025-10-29 11:01:03,685.0
0.5270,16.9710,0.2170,97.1260,1.9810,2025-10-29 11:01:03,685.0
0.5460,17.0240,0.2970,97.2040,2.0380,2025-10-29 11:01:03,685.0
0.5090,16.9330,0.35,97.0080,1.9150,2025-10-29 11:01:03,685.0
0.6180,16.9110,0.3190,97.1630,2.0730,2025-10-29 11:01:03,685.0
0.5050,17.0340,0.2730,97.0240,2.0130,2025-10-29 13:06:05,686.0
0.5160,17.0020,0.3540,96.9790,2.0950,2025-10-29 13:06:05,686.0
0.5290,17.0840,0.3710,96.7760,2.2020,2025-10-29 13:06:05,686.0
0.5340,17.0870,0.34,97.0370,2.1270,2025-10-29 13:06:05,686.0
0.5070,17.0050,0.3960,96.8990,2.0750,2025-10-29 13:06:05,686.0
0.52,17.0340,0.3530,97.0740,2.0850,2025-10-29 13:06:05,686.0
0.5260,17.04,0.5420,97.2240,2.0710,2025-10-29 13:06:05,686.0
0.5090,17.0150,0.2310,97.1520,1.9830,2025-10-29 13:06:05,686.0
0.5190,17.0310,0.4550,97.1670,2.0930,2025-10-29 13:06:05,686.0
0.5240,17.0650,0.6510,97.0070,2.1610,2025-10-29 13:06:05,686.0
0.5310,17.0090,0.3960,97.0230,2.1650,2025-10-29 13:06:05,686.0
0.5250,16.9740,0.4440,97.1860,2.0590,2025-10-29 13:06:05,686.0
0.5260,17.0650,0.4060,97.22,2.2550,2025-10-29 13:06:05,686.0
0.5190,17.0150,0.3850,97.3030,2.0260,2025-10-29 13:06:05,686.0
0.5210,17.0180,0.49,97.04,2.0630,2025-10-29 13:06:05,686.0
0.5270,17.0120,0.3640,97.2660,2.0250,2025-10-29 13:06:05,686.0
0.5180,17.0150,0.6790,97.0190,2.1030,2025-10-29 13:06:05,686.0
0.4930,16.9520,0.4380,97.0790,1.9760,2025-10-29 13:06:05,686.0
0.5190,17.0150,0.3880,97.0970,1.9850,2025-10-29 13:06:05,686.0
0.5090,17.0090,0.3640,97.0650,2.1240,2025-10-29 13:06:05,686.0
0.51,16.9460,0.64,96.9380,2.0590,2025-10-29 13:11:06,687.0
0.5430,16.99,0.5990,97.1080,2.0820,2025-10-29 13:11:06,687.0
0.4960,16.9520,0.4830,97.05,1.9350,2025-10-29 13:11:06,687.0
0.5240,16.9240,0.5740,97.0340,2.2150,2025-10-29 13:11:06,687.0
0.5050,17.04,0.5670,97.0620,2.0050,2025-10-29 13:11:06,687.0
0.5260,16.9710,0.7210,96.9970,2.2230,2025-10-29 13:11:06,687.0
0.5030,17.0240,0.5880,96.8290,2.0650,2025-10-29 13:11:06,687.0
0.5160,17.0120,0.5710,97.2790,2.0240,2025-10-29 13:11:06,687.0
0.5150,17.0460,0.71,97.1550,2.0510,2025-10-29 13:11:06,687.0
0.5050,16.93,0.6540,97.1250,2.13,2025-10-29 13:11:06,687.0
0.5060,16.9610,0.5630,96.9570,1.8580,2025-10-29 13:11:06,687.0
0.5060,16.8950,0.6510,96.8880,2.0390,2025-10-29 13:11:06,687.0
0.5060,16.9930,0.5110,96.9860,2.0430,2025-10-29 13:11:06,687.0
0.5060,16.9240,0.6750,97.1540,2.1050,2025-10-29 13:11:06,687.0
0.5260,16.9490,0.49,96.8140,2.2040,2025-10-29 13:11:06,687.0
0.5330,16.99,0.6440,97.0650,2.0940,2025-10-29 13:11:06,687.0
0.5120,16.9080,0.4970,96.9820,1.9680,2025-10-29 13:11:06,687.0
0.4920,16.9430,0.5950,96.9610,1.8810,2025-10-29 13:11:06,687.0
0.5220,17.0370,0.56,97.0040,2.0160,2025-10-29 13:11:06,687.0
0.5060,16.9330,0.5390,97.1650,2.1270,2025-10-29 13:11:06,687.0
0.52,17.0370,0.3460,97.0150,1.8580,2025-10-29 19:06:16,688.0
0.5170,16.9990,0.2940,97.1020,1.8290,2025-10-29 19:06:16,688.0
0.5440,17.1970,0.43,96.9850,2.0460,2025-10-29 19:06:16,688.0
0.5280,16.9550,0.3430,97.14,1.99,2025-10-29 19:06:16,688.0
0.5380,17.0050,0.3080,97.0150,2.04,2025-10-29 19:06:16,688.0
0.5280,16.9740,0.5770,96.9630,1.9150,2025-10-29 19:06:16,688.0
0.5260,17.0590,0.3810,96.98,1.9640,2025-10-29 19:06:16,688.0
0.5260,17.0460,0.5390,97.0840,1.9680,2025-10-29 19:06:16,688.0
0.53,16.98,0.5110,97.1050,2.0530,2025-10-29 19:06:16,688.0
0.5220,17.04,0.43,97.0480,1.85,2025-10-29 19:06:16,688.0
0.5210,16.9270,0.4170,96.8860,2.0640,2025-10-29 19:06:16,688.0
0.5250,17.0620,0.36,97.1080,1.9720,2025-10-29 19:06:16,688.0
0.5310,17.0590,0.28,96.8340,2.0530,2025-10-29 19:06:16,688.0
0.5180,16.9830,0.2380,97.0870,1.8950,2025-10-29 19:06:16,688.0
0.5120,16.9870,0.4550,97.1080,1.9790,2025-10-29 19:06:16,688.0
0.5120,16.9680,0.2520,97.0180,2.0140,2025-10-29 19:06:16,688.0
0.5340,17.1090,0.3740,96.8420,1.9330,2025-10-29 19:06:16,688.0
0.5480,17.0210,0.3540,97.0040,2.2660,2025-10-29 19:06:16,688.0
0.5260,17.0120,0.3120,97.1020,2.0380,2025-10-29 19:06:16,688.0
0.5440,17.0150,0.4130,96.9850,2.17,2025-10-29 19:06:16,688.0
0.5270,16.9520,0.6370,97.1510,2.0720,2025-10-29 19:16:17,689.0
0.53,16.9020,0.6130,96.9180,2.1480,2025-10-29 19:16:17,689.0
0.5350,16.8920,0.6230,97.0030,2.0960,2025-10-29 19:16:17,689.0
0.5330,17.0020,0.5710,96.9710,2.1770,2025-10-29 19:16:17,689.0
0.5280,16.8890,0.7660,96.90,2.0090,2025-10-29 19:16:17,689.0
0.54,16.9170,0.5840,96.8950,2.0460,2025-10-29 19:16:17,689.0
0.5410,16.8860,0.8050,96.9540,2.1270,2025-10-29 19:16:17,689.0
0.5360,16.9460,0.4790,97.3260,2.1420,2025-10-29 19:16:17,689.0
0.5510,16.9140,0.6440,97.1180,2.2330,2025-10-29 19:16:17,689.0
0.51,16.9520,0.6720,96.7480,2.0050,2025-10-29 19:16:17,689.0
0.53,16.93,0.5290,96.8140,2.0660,2025-10-29 19:16:17,689.0
0.5420,16.8640,0.5290,97.0960,2.2990,2025-10-29 19:16:17,689.0
0.4970,16.9330,0.4730,96.9940,1.8340,2025-10-29 19:16:17,689.0
0.5150,16.8040,0.6440,96.84,2.17,2025-10-29 19:16:17,689.0
0.5110,16.9270,0.3880,97.2270,1.8180,2025-10-29 19:16:17,689.0
0.5270,16.9270,0.5180,97.1190,2.0490,2025-10-29 19:16:17,689.0
0.5420,16.8920,0.5420,97.2640,2.1990,2025-10-29 19:16:17,689.0
0.5260,16.9270,0.63,96.8870,2.1320,2025-10-29 19:16:17,689.0
0.5280,16.8860,0.5810,97.0620,2.0320,2025-10-29 19:16:17,689.0
0.51,16.8670,0.6340,97.0840,1.9570,2025-10-29 19:16:17,689.0
0.5120,16.9520,0.7170,96.9590,1.9140,2025-10-29 21:16:19,690.0
0.5390,16.9270,0.6370,96.9640,2.20,2025-10-29 21:16:19,690.0
0.5490,16.8950,0.4580,97.4050,2.0980,2025-10-29 21:16:19,690.0
0.5150,16.8510,0.6970,97.0370,1.9080,2025-10-29 21:16:19,690.0
0.5440,16.9740,0.6930,96.8940,2.1150,2025-10-29 21:16:19,690.0
0.5410,16.8770,0.4830,96.9130,2.0030,2025-10-29 21:16:19,690.0
0.5240,16.9050,0.4930,96.6790,2.1990,2025-10-29 21:16:19,690.0
0.5240,16.9110,0.7390,97.0960,1.9630,2025-10-29 21:16:19,690.0
0.5330,16.8670,0.6160,97.2810,2.0680,2025-10-29 21:16:19,690.0
0.5330,16.9270,0.5350,97.1590,2.0810,2025-10-29 21:16:19,690.0
0.5110,16.93,0.5710,96.8550,1.9360,2025-10-29 21:16:19,690.0
0.5340,16.9050,0.3960,97.2620,2.0620,2025-10-29 21:16:19,690.0
0.5260,16.8580,0.5850,97.14,1.9990,2025-10-29 21:16:19,690.0
0.5470,16.9210,0.8080,96.9010,2.2410,2025-10-29 21:16:19,690.0
0.52,16.8770,0.5250,97.2230,2.0160,2025-10-29 21:16:19,690.0
0.5220,16.9080,0.5180,97.2470,1.9120,2025-10-29 21:16:19,690.0
0.5340,16.9170,0.5670,96.8840,2.0420,2025-10-29 21:16:19,690.0
0.5260,16.88,0.5710,97.0230,2.0280,2025-10-29 21:16:19,690.0
0.5370,16.8860,0.5080,97.1390,2.0010,2025-10-29 21:16:19,690.0
0.5470,16.9610,0.7630,97.2970,2.1280,2025-10-29 21:16:19,690.0
0.55,17.04,0.4340,96.9550,2.1750,2025-10-29 21:31:20,691.0
0.5280,16.9770,0.4690,97.0530,2.1250,2025-10-29 21:31:20,691.0
0.5230,17.1120,0.4060,96.9050,1.8940,2025-10-29 21:31:20,691.0
0.5080,16.9930,0.29,96.8290,1.9560,2025-10-29 21:31:20,691.0
0.5180,16.9140,0.4230,97,1.9180,2025-10-29 21:31:20,691.0
0.5310,17.0650,0.41,96.9820,1.8950,2025-10-29 21:31:20,691.0
0.5150,17.0020,0.3780,96.9790,1.8680,2025-10-29 21:31:20,691.0
0.5350,17.0310,0.2760,96.9810,2.0720,2025-10-29 21:31:20,691.0
0.53,17.0020,0.35,97.14,2.1330,2025-10-29 21:31:20,691.0
0.54,17.0750,0.4130,96.9590,2.0340,2025-10-29 21:31:20,691.0
0.5270,17.0150,0.3990,97.0270,2.1340,2025-10-29 21:31:20,691.0
0.53,16.98,0.6120,97.1250,2.03,2025-10-29 21:31:20,691.0
0.5490,17.0840,0.2450,96.8840,2.1950,2025-10-29 21:31:20,691.0
0.5110,17.0050,0.2380,97.0410,2.1250,2025-10-29 21:31:20,691.0
0.5370,17.04,0.3120,96.82,2.0050,2025-10-29 21:31:20,691.0
0.5090,17.0150,0.4580,96.8690,1.8710,2025-10-29 21:31:20,691.0
0.5380,17.0240,0.2550,97.1350,2.0060,2025-10-29 21:31:20,691.0
0.5420,16.98,0.3540,97.17,2.0970,2025-10-29 21:31:20,691.0
0.5450,16.9390,0.4130,96.9110,2.2020,2025-10-29 21:31:20,691.0
0.5560,17.0340,0.3810,96.9260,2.1450,2025-10-29 21:31:20,691.0
0.50,16.9110,0.4230,96.9370,1.9170,2025-10-30 10:46:35,692.0
0.5050,16.8990,0.5420,97.0060,1.8870,2025-10-30 10:46:35,692.0
0.5210,17.0240,0.5950,97.0320,1.9680,2025-10-30 10:46:35,692.0
0.5280,16.9390,0.6120,97.0990,2.0390,2025-10-30 10:46:35,692.0
0.5170,16.93,0.49,96.8480,1.9860,2025-10-30 10:46:35,692.0
0.5420,16.93,0.6510,97.2160,2.1380,2025-10-30 10:46:35,692.0
0.5290,16.9020,0.5180,97.1720,2.0430,2025-10-30 10:46:35,692.0
0.5080,16.9490,0.6090,96.9370,1.9380,2025-10-30 10:46:35,692.0
0.5120,16.9580,0.6160,97.2690,2.0850,2025-10-30 10:46:35,692.0
0.5210,16.8830,0.5880,97.2440,1.9970,2025-10-30 10:46:35,692.0
0.5280,16.9360,0.4060,96.9380,2.1120,2025-10-30 10:46:35,692.0
0.5420,16.9460,0.5810,97.1150,2.2280,2025-10-30 10:46:35,692.0
0.5190,16.9430,0.5150,97.0780,1.9310,2025-10-30 10:46:35,692.0
0.5410,17.0090,0.63,97.2380,2.0990,2025-10-30 10:46:35,692.0
0.5440,16.9020,0.6610,97.2790,2.0690,2025-10-30 10:46:35,692.0
0.5280,16.8830,0.5290,96.9130,2.0870,2025-10-30 10:46:35,692.0
0.5330,16.9580,0.4730,96.8390,2.02,2025-10-30 10:46:35,692.0
0.5260,16.9770,0.77,97.1130,2.0140,2025-10-30 10:46:35,692.0
0.5290,16.8890,0.4480,97.0160,2.0490,2025-10-30 10:46:35,692.0
0.5270,16.9140,0.5460,97.3660,2.1570,2025-10-30 10:46:35,692.0
0.5340,16.9770,0.4230,96.8850,2.0480,2025-10-30 10:51:36,693.0
0.5350,16.9740,0.3190,97.1330,2.1310,2025-10-30 10:51:36,693.0
0.52,17.0310,0.3610,96.8620,1.8630,2025-10-30 10:51:36,693.0
0.5230,16.9930,0.3290,97.0390,1.8980,2025-10-30 10:51:36,693.0
0.5130,16.87,0.3470,96.87,1.9150,2025-10-30 10:51:36,693.0
0.5260,16.9240,0.3710,96.8030,2.05,2025-10-30 10:51:36,693.0
0.5360,17.0620,0.3530,97.0460,2.1280,2025-10-30 10:51:36,693.0
0.4990,16.9460,0.36,96.9520,1.7610,2025-10-30 10:51:36,693.0
0.5340,16.9360,0.2280,97.4280,2.2040,2025-10-30 10:51:36,693.0
0.5170,16.9050,0.2690,97.1150,1.9520,2025-10-30 10:51:36,693.0
0.5360,17.0120,0.3610,97.0390,2.0580,2025-10-30 10:51:36,693.0
0.5240,17.0240,0.3780,96.9270,1.8920,2025-10-30 10:51:36,693.0
0.5060,16.93,0.4720,97.0380,1.9580,2025-10-30 10:51:36,693.0
0.5390,16.99,0.4130,96.9230,2.0540,2025-10-30 10:51:36,693.0
0.5450,17.0210,0.35,96.8090,2.0610,2025-10-30 10:51:36,693.0
0.5370,17.0310,0.3570,97.11,2.10,2025-10-30 10:51:36,693.0
0.5210,16.9430,0.4170,96.9060,1.9920,2025-10-30 10:51:36,693.0
0.5120,16.9650,0.4790,96.9080,1.9520,2025-10-30 10:51:36,693.0
0.5220,17.0180,0.3570,96.85,1.8750,2025-10-30 10:51:36,693.0
0.5230,16.8390,0.3750,96.9790,1.8720,2025-10-30 10:51:36,693.0
0.5150,16.9240,0.3960,97.0530,2.0390,2025-10-30 12:56:38,694.0
0.53,16.9830,0.35,97.1840,1.9720,2025-10-30 12:56:38,694.0
0.5180,16.9990,0.43,97.2240,1.9960,2025-10-30 12:56:38,694.0
0.5310,16.9710,0.4410,97.15,2.0010,2025-10-30 12:56:38,694.0
0.5350,16.9360,0.3430,97.0030,2.11,2025-10-30 12:56:38,694.0
0.5490,17.0210,0.42,96.9040,2.1640,2025-10-30 12:56:38,694.0
0.5270,16.9960,0.4170,97.2510,2.1070,2025-10-30 12:56:38,694.0
0.5130,16.9430,0.4860,97.0690,1.9420,2025-10-30 12:56:38,694.0
0.5310,16.9490,0.3430,97.1280,2.1380,2025-10-30 12:56:38,694.0
0.5170,16.9080,0.3850,96.8830,2.1190,2025-10-30 12:56:38,694.0
0.5150,17.0430,0.4030,96.9860,1.9890,2025-10-30 12:56:38,694.0
0.5280,16.93,0.4790,97.1330,1.9760,2025-10-30 12:56:38,694.0
0.5270,17.0150,0.5290,96.9510,2.1560,2025-10-30 12:56:38,694.0
0.5240,17.0240,0.3220,97.0150,2.0860,2025-10-30 12:56:38,694.0
0.5390,16.9650,0.56,96.8480,2.0910,2025-10-30 12:56:38,694.0
0.52,16.9170,0.28,97.19,2.0150,2025-10-30 12:56:38,694.0
0.5090,16.9610,0.49,96.9570,1.9950,2025-10-30 12:56:38,694.0
0.5160,16.88,0.5080,97.0820,1.9390,2025-10-30 12:56:38,694.0
0.5290,17.0090,0.5570,97.0740,1.9750,2025-10-30 12:56:38,694.0
0.5080,16.93,0.4240,96.9940,2.1240,2025-10-30 12:56:38,694.0
0.5230,16.8510,0.3080,97.3540,1.8920,2025-10-30 19:01:45,695.0
0.5270,17.0150,0.3610,96.85,2.0490,2025-10-30 19:01:45,695.0
0.5380,16.9740,0.7450,97.1890,2.0730,2025-10-30 19:01:45,695.0
0.4970,16.7950,0.5430,97.0140,2.0510,2025-10-30 19:01:45,695.0
0.5110,16.9870,0.2590,97.0680,1.9610,2025-10-30 19:01:45,695.0
0.5540,16.9240,0.2410,97.0170,2.2020,2025-10-30 19:01:45,695.0
0.5350,16.8890,0.2280,97.0950,2.0560,2025-10-30 19:01:45,695.0
0.5180,16.88,0.3880,97.1530,2.02,2025-10-30 19:01:45,695.0
0.5250,16.8480,0.3220,97.1720,2.0890,2025-10-30 19:01:45,695.0
0.53,16.9710,0.3150,96.8480,1.9530,2025-10-30 19:01:45,695.0
0.5290,16.9270,0.1920,97.1830,2.1320,2025-10-30 19:01:45,695.0
0.5050,16.9680,0.50,96.8830,1.9020,2025-10-30 19:01:45,695.0
0.5570,17.0120,0.2480,96.7380,2.27,2025-10-30 19:01:45,695.0
0.5470,17.0310,0.3680,96.8880,2.1450,2025-10-30 19:01:45,695.0
0.5240,16.8420,0.5040,97.2050,2.0380,2025-10-30 19:01:45,695.0
0.5420,16.9140,0.2550,96.7960,2.2250,2025-10-30 19:01:45,695.0
0.5360,16.9110,0.3110,96.8370,2.1520,2025-10-30 19:01:45,695.0
0.5370,16.9710,0.34,97.0180,2.1140,2025-10-30 19:01:45,695.0
0.5290,16.9990,0.2730,96.95,1.9650,2025-10-30 19:01:45,695.0
0.5240,16.9240,0.3320,97.0030,2.0740,2025-10-30 19:01:45,695.0
0.5380,16.9870,0.5250,97.1160,2.0240,2025-10-30 19:06:46,696.0
0.5460,16.9550,0.6060,97.1230,2.0390,2025-10-30 19:06:46,696.0
0.5290,16.9870,0.5320,96.77,1.9240,2025-10-30 19:06:46,696.0
0.5150,16.9360,0.4480,97.1140,1.9590,2025-10-30 19:06:46,696.0
0.5370,16.9430,0.6190,97.0160,2.1490,2025-10-30 19:06:46,696.0
0.5260,16.9490,0.5390,96.9740,1.9210,2025-10-30 19:06:46,696.0
0.5090,16.9080,0.6130,96.7380,1.9570,2025-10-30 19:06:46,696.0
0.5180,16.9710,0.4690,97.1360,1.9280,2025-10-30 19:06:46,696.0
0.5440,16.93,0.6270,97.1650,2.1110,2025-10-30 19:06:46,696.0
0.5070,16.8580,0.5390,97.1010,1.9740,2025-10-30 19:06:46,696.0
0.5450,16.9490,0.92,97.1220,2.0470,2025-10-30 19:06:46,696.0
0.5340,16.9710,0.5420,96.89,2.0350,2025-10-30 19:06:46,696.0
0.5280,16.9210,0.55,96.9850,2.0590,2025-10-30 19:06:46,696.0
0.5420,16.99,0.8010,96.7960,2.1540,2025-10-30 19:06:46,696.0
0.5340,16.9240,0.6160,97.08,1.9390,2025-10-30 19:06:46,696.0
0.5530,16.9210,0.5770,96.8060,2.2350,2025-10-30 19:06:46,696.0
0.5410,16.9270,0.6020,97.1260,2.0550,2025-10-30 19:06:46,696.0
0.5020,16.9240,0.5640,96.6730,1.9680,2025-10-30 19:06:46,696.0
0.5140,16.9360,0.5150,96.8870,1.97,2025-10-30 19:06:46,696.0
0.5050,16.8920,0.4690,97.0220,1.9210,2025-10-30 19:06:46,696.0
0.5320,16.8450,0.4580,97.2020,2.1020,2025-10-30 21:11:48,697.0
0.51,16.8860,0.5080,97.0640,2.0140,2025-10-30 21:11:48,697.0
0.5240,16.9170,0.6440,96.7970,1.9390,2025-10-30 21:11:48,697.0
0.5430,16.9610,0.5990,97.2560,2.0750,2025-10-30 21:11:48,697.0
0.5260,16.8580,0.56,97.0780,2.0750,2025-10-30 21:11:48,697.0
0.5380,16.8670,0.8990,96.8550,2.0620,2025-10-30 21:11:48,697.0
0.5260,16.9610,0.8370,96.8660,2.0080,2025-10-30 21:11:48,697.0
0.5060,16.88,0.3820,97.1130,1.84,2025-10-30 21:11:48,697.0
0.5310,16.9080,0.4760,96.9220,1.9610,2025-10-30 21:11:48,697.0
0.5470,16.9360,0.55,96.8820,2.13,2025-10-30 21:11:48,697.0
0.54,16.9490,0.5910,97.1530,2.0760,2025-10-30 21:11:48,697.0
0.5210,16.93,0.5290,97.0160,1.9940,2025-10-30 21:11:48,697.0
0.5270,16.9270,0.5460,96.8870,1.9850,2025-10-30 21:11:48,697.0
0.5360,16.9650,0.5040,96.8840,2.0310,2025-10-30 21:11:48,697.0
0.5270,16.9580,0.5810,96.9410,1.9730,2025-10-30 21:11:48,697.0
0.54,16.8950,0.5420,97.1570,2.0070,2025-10-30 21:11:48,697.0
0.54,16.9490,0.5180,97.0810,2.0950,2025-10-30 21:11:48,697.0
0.5090,16.9080,0.6970,96.8670,1.8670,2025-10-30 21:11:48,697.0
0.5220,16.8610,0.5430,97.0590,2.1430,2025-10-30 21:11:48,697.0
0.5340,16.8170,0.6060,96.9230,2.2170,2025-10-30 21:11:48,697.0
0.54,16.99,0.2840,96.9290,2.1140,2025-10-30 21:21:49,698.0
0.5090,17.0460,0.4790,96.8770,1.9620,2025-10-30 21:21:49,698.0
0.5150,16.9460,0.3640,97.2640,2.0260,2025-10-30 21:21:49,698.0
0.52,17.0590,0.3360,97.0140,2.0060,2025-10-30 21:21:49,698.0
0.5410,17.0120,0.3150,96.8320,2.0570,2025-10-30 21:21:49,698.0
0.5440,17.0090,0.3570,97.2950,2.05,2025-10-30 21:21:49,698.0
0.55,16.9710,0.3570,97.1350,2.0890,2025-10-30 21:21:49,698.0
0.5310,17.0020,0.4270,96.9910,1.9910,2025-10-30 21:21:49,698.0
0.5270,16.9580,0.2560,97.2630,2.0210,2025-10-30 21:21:49,698.0
0.5280,17.0150,0.2350,96.8870,1.9130,2025-10-30 21:21:49,698.0
0.5360,17.04,0.4060,96.9270,2.0350,2025-10-30 21:21:49,698.0
0.5010,16.9740,0.27,96.86,1.7240,2025-10-30 21:21:49,698.0
0.5170,16.9460,0.3890,96.9450,1.9150,2025-10-30 21:21:49,698.0
0.5320,16.9170,0.4480,97.1430,1.9750,2025-10-30 21:21:49,698.0
0.5410,17.0840,0.4730,96.8780,2.0620,2025-10-30 21:21:49,698.0
0.5160,17.0050,0.3220,96.8980,1.8940,2025-10-30 21:21:49,698.0
0.5150,16.9770,0.5290,97.0480,2.0020,2025-10-30 21:21:49,698.0
0.5270,16.9740,0.2940,97.0160,2.0920,2025-10-30 21:21:49,698.0
0.5220,16.9270,0.4060,97.1390,1.97,2025-10-30 21:21:49,698.0
0.5170,16.9330,0.4410,97.2420,1.9730,2025-10-30 21:21:49,698.0
0.5210,17.0460,0.4970,97.03,1.9410,2025-10-31 10:41:20,699.0
0.5150,16.9930,0.5670,96.9260,2.0140,2025-10-31 10:41:20,699.0
0.54,16.9390,0.5990,96.9480,2.1370,2025-10-31 10:41:20,699.0
0.5480,16.9170,0.28,97.0890,2.2020,2025-10-31 10:41:20,699.0
0.5230,16.9650,0.4580,97.0160,1.9760,2025-10-31 10:41:20,699.0
0.5460,17.0050,0.5320,96.8950,2.0270,2025-10-31 10:41:20,699.0
0.5150,16.9140,0.70,96.9670,1.9590,2025-10-31 10:41:20,699.0
0.5340,17.0120,0.42,97.2630,2.1010,2025-10-31 10:41:20,699.0
0.5290,16.9170,0.5040,97.1470,2.0190,2025-10-31 10:41:20,699.0
0.5260,16.9680,0.5350,97.1270,1.92,2025-10-31 10:41:20,699.0
0.5230,17.0120,0.63,96.7850,2.0080,2025-10-31 10:41:20,699.0
0.5450,17.0180,0.5350,97.1480,2.16,2025-10-31 10:41:20,699.0
0.5180,16.9680,0.49,97.1290,1.9350,2025-10-31 10:41:20,699.0
0.5250,16.9870,0.70,96.95,2.0290,2025-10-31 10:41:20,699.0
0.5420,16.9360,0.5350,97.2440,2.05,2025-10-31 10:41:20,699.0
0.5240,16.9490,0.4130,97.3520,2.2030,2025-10-31 10:41:20,699.0
0.5360,16.93,0.5180,96.8040,1.99,2025-10-31 10:41:20,699.0
0.5380,17.0020,0.6160,97.0520,2.01,2025-10-31 10:41:20,699.0
0.5390,16.9710,0.3640,96.9190,2.1980,2025-10-31 10:41:20,699.0
0.5260,16.9870,0.3920,97.1380,2.0460,2025-10-31 10:41:20,699.0
0.5340,16.9140,0.2730,97.1360,2.0320,2025-10-31 10:46:21,700.0
0.5290,16.9390,0.3150,96.9370,1.9570,2025-10-31 10:46:21,700.0
0.5290,16.9210,0.3540,96.8960,2.1090,2025-10-31 10:46:21,700.0
0.5290,16.8510,0.4760,96.8340,2.0960,2025-10-31 10:46:21,700.0
0.5230,16.8580,0.2840,97.2050,1.97,2025-10-31 10:46:21,700.0
0.5290,16.8480,0.3050,96.8260,2.1250,2025-10-31 10:46:21,700.0
0.53,16.8640,0.2590,96.9230,2.1350,2025-10-31 10:46:21,700.0
0.5350,16.87,0.2380,97.0330,2.1470,2025-10-31 10:46:21,700.0
0.5230,16.7730,0.3610,97.07,1.9250,2025-10-31 10:46:21,700.0
0.5240,16.9240,0.2310,96.8140,2.0890,2025-10-31 10:46:21,700.0
0.5390,16.9680,0.3850,96.8140,2.1250,2025-10-31 10:46:21,700.0
0.5540,16.9330,0.2170,97.0520,2.0960,2025-10-31 10:46:21,700.0
0.5230,16.8550,0.2170,96.8890,2.0660,2025-10-31 10:46:21,700.0
0.5410,16.8770,0.2910,96.8430,2.0110,2025-10-31 10:46:21,700.0
0.5360,16.8730,0.2310,97,2.2030,2025-10-31 10:46:21,700.0
0.54,16.9680,0.2770,96.5760,2.0360,2025-10-31 10:46:21,700.0
0.52,16.8890,0.3460,96.8670,1.9910,2025-10-31 10:46:21,700.0
0.5320,16.7950,0.3050,97.1030,2.0320,2025-10-31 10:46:21,700.0
0.51,16.9270,0.34,96.9350,2.0260,2025-10-31 10:46:21,700.0
0.5440,16.8450,0.3750,96.7770,2.10,2025-10-31 10:46:21,700.0
0.5270,16.9610,0.3710,97.0160,2.0230,2025-10-31 13:01:23,701.0
0.5280,17.0460,0.2450,97.1130,1.9710,2025-10-31 13:01:23,701.0
0.5420,16.9740,0.2660,97.1020,2.2470,2025-10-31 13:01:23,701.0
0.5350,17.0150,0.29,97,2.0360,2025-10-31 13:01:23,701.0
0.5450,16.9430,0.2520,96.9720,2.25,2025-10-31 13:01:23,701.0
0.5630,17.0530,0.3110,97.0530,2.1040,2025-10-31 13:01:23,701.0
0.5380,16.9990,0.3460,97.1730,2.1010,2025-10-31 13:01:23,701.0
0.5370,17.0590,0.3470,96.8830,2.0480,2025-10-31 13:01:23,701.0
0.5440,17.0560,0.2550,96.8380,1.9850,2025-10-31 13:01:23,701.0
0.5440,17.1030,0.3010,97.2640,2.02,2025-10-31 13:01:23,701.0
0.5280,16.9080,0.3190,97.2660,2.0470,2025-10-31 13:01:23,701.0
0.5310,16.9870,0.3110,97.0270,1.9920,2025-10-31 13:01:23,701.0
0.51,16.9990,0.2870,97.11,1.93,2025-10-31 13:01:23,701.0
0.5250,16.9490,0.2480,96.9090,2.0470,2025-10-31 13:01:23,701.0
0.5470,16.9360,0.2280,97.0960,2.0810,2025-10-31 13:01:23,701.0
0.5230,16.8990,0.2730,96.9940,2.0370,2025-10-31 13:01:23,701.0
0.54,17.0020,0.2660,97.13,2.1270,2025-10-31 13:01:23,701.0
0.5330,16.8990,0.1860,97.0930,2.0370,2025-10-31 13:01:23,701.0
0.5190,16.9460,0.3430,96.9970,2.0540,2025-10-31 13:01:23,701.0
0.5240,16.9990,0.2770,96.9880,1.9460,2025-10-31 13:01:23,701.0
0.5280,16.9990,0.3710,97.0180,1.9980,2025-11-02 10:47:45,702.0
0.5160,16.8640,0.2520,97.2850,2.1960,2025-11-02 10:47:45,702.0
0.5290,16.8360,0.2240,97.0580,2.1490,2025-11-02 10:47:45,702.0
0.5240,16.9930,0.3290,96.8110,2.0210,2025-11-02 10:47:45,702.0
0.5440,16.8730,0.2590,97.2520,2.1190,2025-11-02 10:47:45,702.0
0.54,17.0240,0.3610,96.8950,2.1530,2025-11-02 10:47:45,702.0
0.5260,17.04,0.2660,96.9050,2.0610,2025-11-02 10:47:45,702.0
0.5180,17.0430,0.3640,97.0850,2.0510,2025-11-02 10:47:45,702.0
0.52,17.0090,0.2630,96.8710,1.9730,2025-11-02 10:47:45,702.0
0.53,16.98,0.2910,97.0190,2.0620,2025-11-02 10:47:45,702.0
0.5170,16.9170,0.2910,96.8860,1.9970,2025-11-02 10:47:45,702.0
0.5280,16.9550,0.4020,96.9780,2.0060,2025-11-02 10:47:45,702.0
0.5290,16.88,0.22,96.8870,2.0290,2025-11-02 10:47:45,702.0
0.5320,17.0490,0.22,96.98,2.0790,2025-11-02 10:47:45,702.0
0.5250,16.8550,0.2130,97.0720,2,2025-11-02 10:47:45,702.0
0.5490,16.9990,0.34,96.9740,2.18,2025-11-02 10:47:45,702.0
0.5370,16.9870,0.3710,97.05,2.1320,2025-11-02 10:47:45,702.0
0.5190,16.9610,0.2660,96.8960,1.9980,2025-11-02 10:47:45,702.0
0.5410,16.9870,0.5350,97.0090,2.0990,2025-11-02 10:47:45,702.0
0.5180,17.1220,0.3710,97.1120,1.9580,2025-11-02 10:47:45,702.0
0.5430,16.99,0.4410,97.1040,2.11,2025-11-02 13:52:55,703.0
0.5420,16.9960,0.3290,97.1330,2.0840,2025-11-02 13:52:55,703.0
0.5260,16.9650,0.2240,97.15,2.1010,2025-11-02 13:52:55,703.0
0.54,17.0050,0.1860,97.13,2.07,2025-11-02 13:52:55,703.0
0.5430,16.9490,0.3540,97.3580,2.3780,2025-11-02 13:52:55,703.0
0.5380,16.9550,0.2380,97.1050,2.1730,2025-11-02 13:52:55,703.0
0.54,17.0150,0.3810,97.2960,2.0260,2025-11-02 13:52:55,703.0
0.5170,16.9930,0.3150,96.8850,2.04,2025-11-02 13:52:55,703.0
0.5280,17.0270,0.1820,97.2650,2.0850,2025-11-02 13:52:55,703.0
0.5210,17.0050,0.3430,96.8430,2.0460,2025-11-02 13:52:55,703.0
0.5440,17.09,0.3470,96.9690,2.0710,2025-11-02 13:52:55,703.0
0.4980,16.9490,0.4130,96.9510,1.9560,2025-11-02 13:52:55,703.0
0.5450,17.0530,0.5460,97.2540,2.1490,2025-11-02 13:52:55,703.0
0.5190,17.0650,0.4830,97.1520,2.0850,2025-11-02 13:52:55,703.0
0.53,16.93,0.4060,96.8580,1.9670,2025-11-02 13:52:55,703.0
0.5470,17.0930,0.2870,97.2440,2.1150,2025-11-02 13:52:55,703.0
0.5270,17.0870,0.2520,97.0510,1.9680,2025-11-02 13:52:55,703.0
0.52,16.9710,0.4940,97.1810,2.0420,2025-11-02 13:52:55,703.0
0.5460,17.0620,0.41,96.8070,2.1840,2025-11-02 13:52:55,703.0
0.5370,17.0870,0.3680,96.9110,2.0250,2025-11-02 13:52:55,703.0
0.54,17.0310,0.2030,97.0460,2.1040,2025-11-02 19:33:04,704.0
0.5290,17.0050,0.4310,97.3880,1.9670,2025-11-02 19:33:04,704.0
0.5320,16.9580,0.5180,97.09,2.1090,2025-11-02 19:33:04,704.0
0.5310,17.0490,0.4270,97.0390,2.1730,2025-11-02 19:33:04,704.0
0.5280,16.9430,0.3780,96.9870,2.11,2025-11-02 19:33:04,704.0
0.5310,17.0370,0.3250,96.9370,2.1140,2025-11-02 19:33:04,704.0
0.5430,16.9610,0.4940,97.0020,2.1120,2025-11-02 19:33:04,704.0
0.5320,16.9520,0.3320,96.8750,2.2650,2025-11-02 19:33:04,704.0
0.5230,17.0050,0.4240,97.2710,2.01,2025-11-02 19:33:04,704.0
0.5250,16.9960,0.29,96.9860,1.9640,2025-11-02 19:33:04,704.0
0.5310,16.9710,0.4240,96.9610,2.0220,2025-11-02 19:33:04,704.0
0.53,17.1190,0.4130,97.1440,2.0080,2025-11-02 19:33:04,704.0
0.5180,16.9710,0.4130,97.08,1.9010,2025-11-02 19:33:04,704.0
0.5190,16.9210,0.4720,97.0920,2.1860,2025-11-02 19:33:04,704.0
0.5310,16.9210,0.1890,97.1460,2.1260,2025-11-02 19:33:04,704.0
0.5270,16.9580,0.3460,97.0890,2.0980,2025-11-02 19:33:04,704.0
0.5230,17.0460,0.4410,97.0330,2.04,2025-11-02 19:33:04,704.0
0.5440,16.9210,0.41,97.1540,2.0830,2025-11-02 19:33:04,704.0
0.5250,17.0090,0.4310,96.9980,2.0390,2025-11-02 19:33:04,704.0
0.5320,16.9610,0.3290,97.1510,1.98,2025-11-02 19:33:04,704.0
0.5240,16.9830,0.3360,97.1480,1.9840,2025-11-02 21:33:09,705.0
0.5480,16.98,0.4240,97.0820,2.1270,2025-11-02 21:33:09,705.0
0.5230,16.9240,0.3960,96.9830,2.0970,2025-11-02 21:33:09,705.0
0.5270,17.0430,0.3220,97.1520,2.0630,2025-11-02 21:33:09,705.0
0.5070,16.9490,0.3960,97.1670,1.86,2025-11-02 21:33:09,705.0
0.5360,17.0710,0.3920,96.7550,2.0230,2025-11-02 21:33:09,705.0
0.5330,17.0090,0.3250,97.0170,1.9560,2025-11-02 21:33:09,705.0
0.5260,16.9240,0.3890,97.0820,2.2030,2025-11-02 21:33:09,705.0
0.53,17.0020,0.3460,97.1920,2.1110,2025-11-02 21:33:09,705.0
0.5450,16.9650,0.4380,96.8750,2.1340,2025-11-02 21:33:09,705.0
0.5340,16.8640,0.28,97.1090,2.0090,2025-11-02 21:33:09,705.0
0.5210,17.1120,0.3640,96.8050,1.9710,2025-11-02 21:33:09,705.0
0.5320,16.9990,0.4170,97.0990,2.0350,2025-11-02 21:33:09,705.0
0.5360,16.9930,0.4030,97.1530,2.0150,2025-11-02 21:33:09,705.0
0.52,17.0180,0.3010,97.2820,1.8520,2025-11-02 21:33:09,705.0
0.5410,17.0750,0.4940,97.0420,2.0710,2025-11-02 21:33:09,705.0
0.5420,17.0090,0.4410,96.8840,2.0230,2025-11-02 21:33:09,705.0
0.53,16.9680,0.3080,97.1230,2.1450,2025-11-02 21:33:09,705.0
0.5310,16.9770,0.3780,96.9210,2.1210,2025-11-02 21:33:09,705.0
0.5020,16.9680,0.3920,96.8460,1.8320,2025-11-02 21:33:09,705.0
0.5050,16.9270,0.2830,97.0640,1.9850,2025-11-03 10:57:21,706.0
0.5410,17.0780,0.3850,96.7550,1.9950,2025-11-03 10:57:21,706.0
0.5470,16.9960,0.3540,97.0350,2.0640,2025-11-03 10:57:21,706.0
0.53,17.0150,0.2480,97.0710,2.0250,2025-11-03 10:57:21,706.0
0.5110,16.9770,0.4480,97.0160,1.9650,2025-11-03 10:57:21,706.0
0.5440,17.0370,0.5080,96.8850,2.2190,2025-11-03 10:57:21,706.0
0.5220,16.98,0.2660,97.0170,1.9090,2025-11-03 10:57:21,706.0
0.5160,16.9870,0.34,97.0870,1.9760,2025-11-03 10:57:21,706.0
0.5480,17.0430,0.3780,96.87,2.1820,2025-11-03 10:57:21,706.0
0.5460,17.0620,0.3740,97.01,1.9580,2025-11-03 10:57:21,706.0
0.5190,16.9360,0.4340,97.0310,2.0270,2025-11-03 10:57:21,706.0
0.5050,17.0780,0.4550,96.8990,1.9620,2025-11-03 10:57:21,706.0
0.5320,16.9960,0.20,97.2110,1.9780,2025-11-03 10:57:21,706.0
0.5110,17.0340,0.3750,97.1280,1.95,2025-11-03 10:57:21,706.0
0.5240,16.9520,0.42,97.2750,2.0510,2025-11-03 10:57:21,706.0
0.5380,16.9170,0.2980,97.1050,2.0630,2025-11-03 10:57:21,706.0
0.5240,16.9830,0.2630,96.9160,2.0730,2025-11-03 10:57:21,706.0
0.53,16.9960,0.3080,96.9390,2.0360,2025-11-03 10:57:21,706.0
0.5410,16.9740,0.3990,97.1940,2.0870,2025-11-03 10:57:21,706.0
0.5380,16.8990,0.2770,96.9550,2.0630,2025-11-03 10:57:21,706.0
0.5170,16.9740,0.2910,96.8590,1.9940,2025-11-03 13:12:24,707.0
0.5380,17.0310,0.3220,96.8980,2.1430,2025-11-03 13:12:24,707.0
0.51,16.9740,0.3320,96.8820,1.9440,2025-11-03 13:12:24,707.0
0.5210,16.9870,0.3780,96.8530,2.0530,2025-11-03 13:12:24,707.0
0.51,16.9990,0.27,96.8580,2.0450,2025-11-03 13:12:24,707.0
0.5290,16.98,0.4380,96.6620,2.0320,2025-11-03 13:12:24,707.0
0.5270,16.9990,0.4090,96.9490,2.0440,2025-11-03 13:12:24,707.0
0.5210,17.0270,0.3960,96.9540,1.9330,2025-11-03 13:12:24,707.0
0.5360,16.9270,0.3150,96.9780,2.1260,2025-11-03 13:12:24,707.0
0.57,17.0430,0.2760,97.0130,2.1960,2025-11-03 13:12:24,707.0
0.5290,17.0490,0.3250,96.8160,2.1310,2025-11-03 13:12:24,707.0
0.5220,16.9240,0.5010,96.8830,2.1250,2025-11-03 13:12:24,707.0
0.5270,17.0240,0.3050,96.9570,2.0070,2025-11-03 13:12:24,707.0
0.5220,16.9740,0.4270,96.9470,2,2025-11-03 13:12:24,707.0
0.5350,16.9490,0.2980,96.9480,2.15,2025-11-03 13:12:24,707.0
0.5170,16.9110,0.34,96.9340,1.9990,2025-11-03 13:12:24,707.0
0.52,17.0240,0.4170,97.1150,2.0320,2025-11-03 13:12:24,707.0
0.5230,16.9650,0.3180,97.0270,1.9860,2025-11-03 13:12:24,707.0
0.5360,16.9520,0.4550,97.0470,2.0350,2025-11-03 13:12:24,707.0
0.5280,17.0210,0.3360,96.8120,2.1030,2025-11-03 13:12:24,707.0
0.5370,17.0310,0.5320,97.0770,1.9940,2025-11-03 19:27:36,708.0
0.55,17.0370,0.4170,97.0760,2.1230,2025-11-03 19:27:36,708.0
0.5360,16.9680,0.3290,97.1150,2.0380,2025-11-03 19:27:36,708.0
0.5280,16.8640,0.3460,96.8250,2.16,2025-11-03 19:27:36,708.0
0.5260,16.9960,0.4830,97.12,2.0510,2025-11-03 19:27:36,708.0
0.54,17.0020,0.3010,96.9660,2.0170,2025-11-03 19:27:36,708.0
0.54,16.9520,0.3570,97.0640,2.0740,2025-11-03 19:27:36,708.0
0.5360,16.99,0.3670,97.0430,2.1860,2025-11-03 19:27:36,708.0
0.5340,17.04,0.34,96.9390,2.0220,2025-11-03 19:27:36,708.0
0.5320,17.0490,0.3810,97.1620,1.9630,2025-11-03 19:27:36,708.0
0.5290,16.9360,0.4860,97.0140,2.2050,2025-11-03 19:27:36,708.0
0.5460,17.0150,0.5350,96.8940,2.1520,2025-11-03 19:27:36,708.0
0.5260,16.8860,0.4060,97.1620,1.9810,2025-11-03 19:27:36,708.0
0.5350,16.9270,0.4790,97.3170,2.0730,2025-11-03 19:27:36,708.0
0.5320,16.9990,0.3670,97.2550,2.1540,2025-11-03 19:27:36,708.0
0.5380,16.8950,0.4090,96.89,2.2010,2025-11-03 19:27:36,708.0
0.5130,16.9680,0.4440,96.8890,2.0890,2025-11-03 19:27:36,708.0
0.5220,17.0180,0.34,96.8920,2.0840,2025-11-03 19:27:36,708.0
0.53,16.9930,0.3990,96.9070,2.1660,2025-11-03 19:27:36,708.0
0.5290,17.0310,0.4310,97.06,2.0950,2025-11-03 19:27:36,708.0
0.5330,17.1220,0.3360,96.9980,1.9730,2025-11-03 21:37:41,709.0
0.5260,17.1370,0.3260,96.9960,1.9430,2025-11-03 21:37:41,709.0
0.5390,17.1370,0.3750,96.8720,2.0820,2025-11-03 21:37:41,709.0
0.5220,17.1630,0.3180,96.93,1.9950,2025-11-03 21:37:41,709.0
0.5140,17.0310,0.4970,97.0630,2.0510,2025-11-03 21:37:41,709.0
0.5360,17.09,0.3260,97.02,2.2010,2025-11-03 21:37:41,709.0
0.5330,17.0430,0.42,96.8480,2.0740,2025-11-03 21:37:41,709.0
0.5330,16.9770,0.4060,97.1830,1.9580,2025-11-03 21:37:41,709.0
0.5170,17.0780,0.3810,96.9490,1.9160,2025-11-03 21:37:41,709.0
0.5310,17.1220,0.5420,97.1340,1.9780,2025-11-03 21:37:41,709.0
0.5460,17.0530,0.3220,97.0140,2.0260,2025-11-03 21:37:41,709.0
0.5260,17.04,0.49,97.0190,1.9740,2025-11-03 21:37:41,709.0
0.49,17.0340,0.4410,97.0040,0.0240,2025-11-03 21:37:41,709.0
0.54,17.1250,0.3290,97.0550,2.1160,2025-11-03 21:37:41,709.0
0.5270,17.0590,0.3360,97.0410,1.9430,2025-11-03 21:37:41,709.0
0.5180,17.10,0.3640,96.9480,2.0320,2025-11-03 21:37:41,709.0
0.5390,17.2690,0.3670,96.9020,2.1040,2025-11-03 21:37:41,709.0
0.5240,17.1030,0.3990,97.0410,2.0230,2025-11-03 21:37:41,709.0
0.5120,17.0270,0.5180,96.8620,2.0440,2025-11-03 21:37:41,709.0
0.5420,17.0810,0.3710,96.8620,2.1360,2025-11-03 21:37:41,709.0
0.5390,17.0150,0.4060,97.0660,2.1650,2025-11-04 11:23:25,710.0
0.5380,17.0340,0.49,96.9850,2.15,2025-11-04 11:23:25,710.0
0.5390,17.0210,0.2870,96.9750,2.0830,2025-11-04 11:23:25,710.0
0.5230,16.9390,0.35,97.0830,2.1060,2025-11-04 11:23:25,710.0
0.5260,16.9990,0.4970,96.9530,1.9220,2025-11-04 11:23:25,710.0
0.5450,16.9740,0.3750,96.9220,2.1920,2025-11-04 11:23:25,710.0
0.51,16.9930,0.3680,96.9130,1.9020,2025-11-04 11:23:25,710.0
0.53,16.9990,0.43,97.09,2.0660,2025-11-04 11:23:25,710.0
0.5490,16.8670,0.3880,96.90,2.0740,2025-11-04 11:23:25,710.0
0.5490,17.0810,0.42,96.7690,2.0330,2025-11-04 11:23:25,710.0
0.5310,16.9680,0.4380,96.8590,2.1170,2025-11-04 11:23:25,710.0
0.5070,17.0050,0.5670,96.9310,1.9630,2025-11-04 11:23:25,710.0
0.5350,17.0120,0.64,96.9060,2.1470,2025-11-04 11:23:25,710.0
0.5260,17.0210,0.3810,96.9130,1.9870,2025-11-04 11:23:25,710.0
0.5280,16.9770,0.48,96.9090,2.0090,2025-11-04 11:23:25,710.0
0.5330,16.9930,0.5390,97.0420,1.9920,2025-11-04 11:23:25,710.0
0.5170,17.04,0.5040,97.1220,2.0280,2025-11-04 11:23:25,710.0
0.5350,16.9330,0.4930,97.0090,2.1290,2025-11-04 11:23:25,710.0
0.5390,16.9990,0.3110,96.8020,2.0670,2025-11-04 11:23:25,710.0
0.5310,16.9710,0.5810,97.0810,2.0770,2025-11-04 11:23:25,710.0
0.5320,17.0020,0.4060,97.1640,2.0930,2025-11-04 13:28:28,711.0
0.5250,17.0020,0.3780,96.9080,2.0310,2025-11-04 13:28:28,711.0
0.5230,17.0560,0.3740,96.9150,2.0680,2025-11-04 13:28:28,711.0
0.5390,17.0620,0.3920,96.9950,1.97,2025-11-04 13:28:28,711.0
0.5280,17.0210,0.42,97.0390,2.1440,2025-11-04 13:28:28,711.0
0.5520,16.9140,0.4580,97.1660,2.0710,2025-11-04 13:28:28,711.0
0.52,17.0780,0.4480,96.9140,1.9710,2025-11-04 13:28:28,711.0
0.5080,17.0270,0.49,96.9170,1.96,2025-11-04 13:28:28,711.0
0.5330,17.0370,0.34,96.9260,2.0390,2025-11-04 13:28:28,711.0
0.5430,16.9710,0.3990,96.8130,2.1060,2025-11-04 13:28:28,711.0
0.5370,17.0530,0.4130,96.9190,2.0510,2025-11-04 13:28:28,711.0
0.5390,16.9650,0.48,96.8730,2.12,2025-11-04 13:28:28,711.0
0.5380,16.9770,0.5740,97.09,2.1110,2025-11-04 13:28:28,711.0
0.53,17.0340,0.3810,97.0240,2.0270,2025-11-04 13:28:28,711.0
0.53,16.9930,0.3990,97.1330,1.9990,2025-11-04 13:28:28,711.0
0.5050,17.0150,0.4030,96.8750,2.0570,2025-11-04 13:28:28,711.0
0.5450,16.9520,0.3290,97.1330,2.1510,2025-11-04 13:28:28,711.0
0.5150,16.9520,0.5180,97.0750,1.9970,2025-11-04 13:28:28,711.0
0.5240,17.0240,0.4090,97.0380,1.9320,2025-11-04 13:28:28,711.0
0.5250,17.0120,0.3430,96.9860,2.0810,2025-11-04 13:28:28,711.0
0.5210,17.0620,0.4240,96.9830,1.9710,2025-11-04 19:48:40,712.0
0.5220,17.0370,0.3640,96.9790,2.0180,2025-11-04 19:48:40,712.0
0.5480,17.0150,0.35,96.9150,2.1360,2025-11-04 19:48:40,712.0
0.54,17.0710,0.4550,96.9510,2.1080,2025-11-04 19:48:40,712.0
0.5290,17.0310,0.4660,96.9240,2.1390,2025-11-04 19:48:40,712.0
0.5410,16.9490,0.5080,97.0190,2.1420,2025-11-04 19:48:40,712.0
0.5370,17.1190,0.4940,97.0570,1.9790,2025-11-04 19:48:40,712.0
0.5390,16.9930,0.4730,97.1630,2.0350,2025-11-04 19:48:40,712.0
0.5150,16.93,0.3330,97.0820,1.9120,2025-11-04 19:48:40,712.0
0.5440,17.0710,0.4520,96.9560,1.9770,2025-11-04 19:48:40,712.0
0.5270,17.0370,0.7140,96.9730,1.9640,2025-11-04 19:48:40,712.0
0.5310,17.0870,0.5560,96.9290,2.0050,2025-11-04 19:48:40,712.0
0.5270,16.9710,0.28,97.0410,1.9960,2025-11-04 19:48:40,712.0
0.5240,16.9770,0.3250,97.0250,2.0150,2025-11-04 19:48:40,712.0
0.5420,16.9430,0.4660,96.9640,2.2220,2025-11-04 19:48:40,712.0
0.52,16.9990,0.4020,97.1670,1.9130,2025-11-04 19:48:40,712.0
0.5370,16.9610,0.3330,97.1030,2.0320,2025-11-04 19:48:40,712.0
0.5250,17.0560,0.3220,96.9410,1.9780,2025-11-04 19:48:40,712.0
0.5140,16.9650,0.4380,97.2430,1.9610,2025-11-04 19:48:40,712.0
0.5280,16.9550,0.50,97.0190,2.1090,2025-11-04 19:48:40,712.0
0.5410,17.0680,0.4730,96.8150,2.1770,2025-11-04 21:33:44,713.0
0.5350,16.9990,0.4230,97.0150,2.0270,2025-11-04 21:33:44,713.0
0.5290,16.9710,0.4830,96.9660,2.1290,2025-11-04 21:33:44,713.0
0.5310,16.9360,0.41,96.9210,0.0170,2025-11-04 21:33:44,713.0
0.5280,17.0370,0.5110,96.8860,2.0870,2025-11-04 21:33:44,713.0
0.5190,17.0340,0.4550,96.8990,2.0810,2025-11-04 21:33:44,713.0
0.5190,17.0560,0.2840,97.0370,2.1750,2025-11-04 21:33:44,713.0
0.5410,17.0370,0.4020,96.9310,2.0590,2025-11-04 21:33:44,713.0
0.5320,17.0210,0.5390,97.1010,2.1020,2025-11-04 21:33:44,713.0
0.5230,17.0340,0.3530,96.9250,2.0070,2025-11-04 21:33:44,713.0
0.5150,16.9580,0.4340,96.8930,2.0240,2025-11-04 21:33:44,713.0
0.5240,16.9960,0.5770,97.0380,2.0370,2025-11-04 21:33:44,713.0
0.5350,16.9740,0.4170,97.0920,2.0150,2025-11-04 21:33:44,713.0
0.5230,17.04,0.2870,97.0340,1.9930,2025-11-04 21:33:44,713.0
0.5240,16.99,0.3430,97.0550,1.9790,2025-11-04 21:33:44,713.0
0.5250,17.0460,0.3610,96.8220,2.0050,2025-11-04 21:33:44,713.0
0.5280,17.0620,0.3220,97.0030,1.8980,2025-11-04 21:33:44,713.0
0.5230,17.0780,0.4480,96.8580,2.1060,2025-11-04 21:33:44,713.0
0.5250,17.0090,0.4240,96.8870,2.0960,2025-11-04 21:33:44,713.0
0.5160,16.9650,0.50,96.9460,2.1070,2025-11-04 21:33:44,713.0
0.5340,17.0530,0.2210,97.0440,2.0390,2025-11-05 11:06:15,714.0
0.5430,17.0150,0.4060,96.8480,2.18,2025-11-05 11:06:15,714.0
0.5260,16.99,0.2870,97.0470,2.0140,2025-11-05 11:06:15,714.0
0.5320,17.0240,0.4060,97.08,2.0270,2025-11-05 11:06:15,714.0
0.5250,16.9580,0.4410,97.0840,1.9690,2025-11-05 11:06:15,714.0
0.5290,17.0050,0.42,96.87,2.0060,2025-11-05 11:06:15,714.0
0.5380,16.99,0.3880,96.9410,2.0830,2025-11-05 11:06:15,714.0
0.5330,16.9680,0.3610,97.1050,1.9990,2025-11-05 11:06:15,714.0
0.5670,17.0590,0.3740,96.9330,2.09,2025-11-05 11:06:15,714.0
0.5360,16.9490,0.29,97.0950,2.0450,2025-11-05 11:06:15,714.0
0.5490,17.1660,0.3260,97.0220,2.1480,2025-11-05 11:06:15,714.0
0.5330,17.0210,0.3290,96.99,2.1380,2025-11-05 11:06:15,714.0
0.5240,16.8950,0.49,96.9010,2.0960,2025-11-05 11:06:15,714.0
0.5490,17.0530,0.35,97.1260,2.2170,2025-11-05 11:06:15,714.0
0.5250,16.9740,0.56,96.9910,1.99,2025-11-05 11:06:15,714.0
0.5280,17.1150,0.3710,96.8690,2.0090,2025-11-05 11:06:15,714.0
0.5230,16.98,0.3670,96.6310,1.9790,2025-11-05 11:06:15,714.0
0.5220,16.9550,0.4440,97.1160,1.9830,2025-11-05 11:06:15,714.0
0.54,17.0370,0.3150,96.9620,2.0090,2025-11-05 11:06:15,714.0
0.5240,17.0150,0.5040,96.98,2.0040,2025-11-05 11:06:15,714.0
0.5290,16.9990,0.3750,96.8450,1.99,2025-11-05 13:16:19,715.0
0.54,17.0930,0.35,97.2850,0.0180,2025-11-05 13:16:19,715.0
0.5220,17.0370,0.34,97.12,1.9880,2025-11-05 13:16:19,715.0
0.5390,16.9680,0.5840,96.8360,2.1070,2025-11-05 13:16:19,715.0
0.5260,16.9740,0.5250,97.10,1.9560,2025-11-05 13:16:19,715.0
0.5420,17.0240,0.3150,97.1740,2.0730,2025-11-05 13:16:19,715.0
0.5310,16.9430,0.5110,96.9910,1.8880,2025-11-05 13:16:19,715.0
0.52,17.0310,0.3960,97.0250,2.0430,2025-11-05 13:16:19,715.0
0.5290,17.0530,0.4620,96.8540,2.0330,2025-11-05 13:16:19,715.0
0.5230,17.1370,0.3670,97.0490,1.94,2025-11-05 13:16:19,715.0
0.5160,17.0270,0.4690,96.9110,1.9650,2025-11-05 13:16:19,715.0
0.5160,17.0150,0.2910,96.8310,1.9380,2025-11-05 13:16:19,715.0
0.5340,16.98,0.4650,97.0550,1.9040,2025-11-05 13:16:19,715.0
0.5370,17.0310,0.5910,96.8890,2.0930,2025-11-05 13:16:19,715.0
0.5370,16.9960,0.4020,96.7730,2.0710,2025-11-05 13:16:19,715.0
0.51,17.0710,0.4170,96.9580,1.8880,2025-11-05 13:16:19,715.0
0.5170,17.0810,0.41,96.8270,1.9110,2025-11-05 13:16:19,715.0
0.53,16.9990,0.5040,96.8870,2.0090,2025-11-05 13:16:19,715.0
0.5450,17.0240,0.4270,97.1670,2.1420,2025-11-05 13:16:19,715.0
0.5260,17.0340,0.4860,97.0380,2.0150,2025-11-05 13:16:19,715.0
0.5060,16.9710,0.56,97.0160,1.9150,2025-11-05 19:36:31,716.0
0.5250,16.9930,0.5910,97.0250,2.0550,2025-11-05 19:36:31,716.0
0.5340,17.0210,0.3640,96.9630,2.2080,2025-11-05 19:36:31,716.0
0.5340,17.0270,0.4760,96.8660,2.1750,2025-11-05 19:36:31,716.0
0.52,17.1030,0.4170,97.08,1.8940,2025-11-05 19:36:31,716.0
0.5470,17.04,0.3990,96.9870,2.0460,2025-11-05 19:36:31,716.0
0.4980,16.9080,0.5150,96.9170,1.9780,2025-11-05 19:36:31,716.0
0.5090,16.9930,0.3850,96.8770,2.0010,2025-11-05 19:36:31,716.0
0.5110,16.9050,0.4730,96.9570,1.9970,2025-11-05 19:36:31,716.0
0.51,16.9430,0.2940,97.0720,2.0570,2025-11-05 19:36:31,716.0
0.5180,16.9110,0.4940,97.0240,1.9290,2025-11-05 19:36:31,716.0
0.5210,16.9710,0.4620,97.0260,2.0850,2025-11-05 19:36:31,716.0
0.5340,16.9580,0.4790,96.9890,2.0350,2025-11-05 19:36:31,716.0
0.5050,16.9710,0.3880,97.2910,1.9670,2025-11-05 19:36:31,716.0
0.5330,16.9580,0.3150,96.8620,2.11,2025-11-05 19:36:31,716.0
0.5250,17.0590,0.3610,97.0770,2.0750,2025-11-05 19:36:31,716.0
0.5220,16.9580,0.4060,97.0490,2.0550,2025-11-05 19:36:31,716.0
0.50,16.93,0.5640,96.8990,1.9640,2025-11-05 19:36:31,716.0
0.5040,16.9740,0.35,97.1350,1.9780,2025-11-05 19:36:31,716.0
0.5140,16.9650,0.5640,96.8380,2.0750,2025-11-05 19:36:31,716.0
0.4930,16.9610,0.4870,96.8520,1.8460,2025-11-05 21:26:35,717.0
0.5120,16.9960,0.5210,96.8160,1.9530,2025-11-05 21:26:35,717.0
0.53,16.9870,0.34,97.0530,1.9730,2025-11-05 21:26:35,717.0
0.5070,17.0310,0.3460,96.8640,1.88,2025-11-05 21:26:35,717.0
0.5080,16.93,0.3460,96.9290,1.9420,2025-11-05 21:26:35,717.0
0.5260,17.0090,0.5010,96.9670,2.0770,2025-11-05 21:26:35,717.0
0.5260,16.9960,0.4230,97.1020,2.1010,2025-11-05 21:26:35,717.0
0.5230,16.9650,0.42,96.8260,2.0380,2025-11-05 21:26:35,717.0
0.5270,17.0150,0.5210,97.0640,2.0110,2025-11-05 21:26:35,717.0
0.5230,17.0780,0.4410,97.1060,2.0180,2025-11-05 21:26:35,717.0
0.51,16.9830,0.4520,97.11,1.8840,2025-11-05 21:26:35,717.0
0.5280,17.0560,0.5250,97.0880,1.9590,2025-11-05 21:26:35,717.0
0.5230,17.0240,0.4940,97.0490,1.9690,2025-11-05 21:26:35,717.0
0.5240,17.0090,0.3610,97.1460,2.0330,2025-11-05 21:26:35,717.0
0.5210,17.0590,0.4550,96.9950,1.9890,2025-11-05 21:26:35,717.0
0.5240,17.0340,0.5420,96.9050,2.0480,2025-11-05 21:26:35,717.0
0.4990,16.9170,0.2690,96.83,1.9880,2025-11-05 21:26:35,717.0
0.5210,16.9990,0.4550,97.1310,2.0880,2025-11-05 21:26:35,717.0
0.5010,16.9140,0.6160,96.8480,1.8280,2025-11-05 21:26:35,717.0
0.5270,16.9360,0.3050,96.8960,2.0640,2025-11-05 21:26:35,717.0
0.5270,16.99,0.3670,97.09,2.0020,2025-11-06 10:59:18,718.0
0.5240,17.0340,0.28,97.1560,2.02,2025-11-06 10:59:18,718.0
0.5290,16.99,0.4510,96.9590,2.0250,2025-11-06 10:59:18,718.0
0.5060,17.0150,0.3470,96.9160,1.9540,2025-11-06 10:59:18,718.0
0.5330,17.0240,0.3920,96.9390,2.0040,2025-11-06 10:59:18,718.0
0.5320,16.9680,0.4870,97.0330,2.1320,2025-11-06 10:59:18,718.0
0.5180,16.9360,0.5430,96.9490,1.9870,2025-11-06 10:59:18,718.0
0.5250,16.9490,0.4480,97.0020,2.0640,2025-11-06 10:59:18,718.0
0.5280,16.9870,0.4060,96.88,2.1450,2025-11-06 10:59:18,718.0
0.5270,17.0020,0.5320,96.8230,2.0910,2025-11-06 10:59:18,718.0
0.54,16.99,0.4230,97.0150,2.1560,2025-11-06 10:59:18,718.0
0.5430,17.0210,0.5980,97.0310,2.1210,2025-11-06 10:59:18,718.0
0.5380,16.9430,0.5530,97.1170,2.1730,2025-11-06 10:59:18,718.0
0.5340,16.9170,0.5710,97.0550,2.0990,2025-11-06 10:59:18,718.0
0.5570,16.98,0.4270,97.0610,2.2180,2025-11-06 10:59:18,718.0
0.5430,16.98,0.4870,96.8150,2.1520,2025-11-06 10:59:18,718.0
0.5220,16.9020,0.28,97.0270,1.8280,2025-11-06 10:59:18,718.0
0.5220,17.0270,0.49,96.9730,2.0080,2025-11-06 10:59:18,718.0
0.5440,17.0560,0.3080,96.9610,2.1060,2025-11-06 10:59:18,718.0
0.5220,16.9830,0.5220,96.95,2.0150,2025-11-06 10:59:18,718.0
0.5540,16.9830,0.4270,97.0840,2.1270,2025-11-06 13:14:21,719.0
0.5320,16.9680,0.4970,97.0760,2.0530,2025-11-06 13:14:21,719.0
0.5040,16.98,0.4410,96.9490,1.9810,2025-11-06 13:14:21,719.0
0.5390,16.88,0.4730,96.9730,2.1840,2025-11-06 13:14:21,719.0
0.5170,16.98,0.4410,97.0330,1.9380,2025-11-06 13:14:21,719.0
0.5230,16.9020,0.4410,96.9440,2.04,2025-11-06 13:14:21,719.0
0.5050,16.82,0.3850,97.0080,1.8790,2025-11-06 13:14:21,719.0
0.55,17.0090,0.42,97.1130,2.13,2025-11-06 13:14:21,719.0
0.54,16.9710,0.4870,97.0710,1.9820,2025-11-06 13:14:21,719.0
0.5280,16.9170,0.4340,96.9530,2.1410,2025-11-06 13:14:21,719.0
0.5360,16.9210,0.3610,97.1720,2.1310,2025-11-06 13:14:21,719.0
0.5340,17.0090,0.4340,96.8730,2.2370,2025-11-06 13:14:21,719.0
0.5290,16.99,0.4790,96.9930,2.0010,2025-11-06 13:14:21,719.0
0.5370,16.93,0.4580,96.9540,2.0370,2025-11-06 13:14:21,719.0
0.5450,16.93,0.5460,97.0190,2.1230,2025-11-06 13:14:21,719.0
0.5260,16.9770,0.3360,96.94,1.96,2025-11-06 13:14:21,719.0
0.5330,16.99,0.4480,96.91,2.0280,2025-11-06 13:14:21,719.0
0.5480,17.0090,0.41,96.8310,2.1150,2025-11-06 13:14:21,719.0
0.5260,16.9740,0.41,97.0120,2.0940,2025-11-06 13:14:21,719.0
0.5450,16.9360,0.4550,97.1610,2.1810,2025-11-06 13:14:21,719.0
0.5160,17.0180,0.3180,97.0240,2.1550,2025-11-06 19:14:30,720.0
0.5160,16.8770,0.5040,97.08,0.0220,2025-11-06 19:14:30,720.0
0.5160,16.9930,0.4020,96.9380,2.0040,2025-11-06 19:14:30,720.0
0.5310,17.0020,0.3080,97.2780,1.9370,2025-11-06 19:14:30,720.0
0.5260,17.0340,0.3680,96.9770,1.9840,2025-11-06 19:14:30,720.0
0.5180,16.9960,0.3990,97.0030,2.0050,2025-11-06 19:14:30,720.0
0.5210,16.9520,0.5250,96.9790,1.9190,2025-11-06 19:14:30,720.0
0.5240,16.98,0.2380,96.8680,2.0740,2025-11-06 19:14:30,720.0
0.5380,16.98,0.3920,96.9690,2.0310,2025-11-06 19:14:30,720.0
0.5270,16.93,0.3880,96.9120,2.1680,2025-11-06 19:14:30,720.0
0.5280,17.0270,0.2940,97.0510,2.0380,2025-11-06 19:14:30,720.0
0.5370,17.0180,0.3810,96.9280,2.0920,2025-11-06 19:14:30,720.0
0.5410,17.0680,0.4480,97.04,1.9850,2025-11-06 19:14:30,720.0
0.5040,16.9610,0.4130,96.8160,1.8670,2025-11-06 19:14:30,720.0
0.5460,16.9990,0.2940,97.0920,2.1050,2025-11-06 19:14:30,720.0
0.5150,16.9330,0.3010,97.0080,2.0070,2025-11-06 19:14:30,720.0
0.5430,16.9650,0.3360,96.9930,2.1710,2025-11-06 19:14:30,720.0
0.5450,16.9550,0.3740,96.92,2.0510,2025-11-06 19:14:30,720.0
0.5310,16.9930,0.4520,97.0770,2.0190,2025-11-06 19:14:30,720.0
0.5210,16.9960,0.49,96.8370,1.9840,2025-11-06 19:14:30,720.0
0.5360,17.0810,0.5420,96.8550,1.9790,2025-11-06 21:19:33,721.0
0.5260,16.9360,0.4550,96.9590,1.9920,2025-11-06 21:19:33,721.0
0.5290,17.0120,0.42,96.8330,2.1130,2025-11-06 21:19:33,721.0
0.5390,16.9240,0.3780,97.16,2.0530,2025-11-06 21:19:33,721.0
0.5150,16.9460,0.5350,97.3770,2.0590,2025-11-06 21:19:33,721.0
0.52,16.9770,0.5390,96.97,2.09,2025-11-06 21:19:33,721.0
0.5320,17.0050,0.6160,96.9290,2.0250,2025-11-06 21:19:33,721.0
0.5260,17.0370,0.55,97.2550,0.0190,2025-11-06 21:19:33,721.0
0.5160,16.9740,0.4620,97.01,1.9560,2025-11-06 21:19:33,721.0
0.5390,17.0180,0.4550,96.9950,2.13,2025-11-06 21:19:33,721.0
0.53,16.9740,0.4730,96.9230,2.0830,2025-11-06 21:19:33,721.0
0.5390,16.9770,0.5290,96.9640,2.0390,2025-11-06 21:19:33,721.0
0.5340,17.0680,0.5360,97.1590,1.9850,2025-11-06 21:19:33,721.0
0.5040,17.0210,0.5110,97.0360,1.8870,2025-11-06 21:19:33,721.0
0.5250,17.0490,0.4860,97.3430,1.9230,2025-11-06 21:19:33,721.0
0.53,16.9270,0.55,97.1110,1.9590,2025-11-06 21:19:33,721.0
0.5340,16.9740,0.4410,96.7630,2.1380,2025-11-06 21:19:33,721.0
0.5240,16.9710,0.4160,97.0860,2.1320,2025-11-06 21:19:33,721.0
0.5050,17.04,0.7310,96.9990,1.9790,2025-11-06 21:19:33,721.0
0.5280,17.0210,0.5570,96.85,1.9460,2025-11-06 21:19:33,721.0
0.5250,17.09,0.3710,96.89,1.9660,2025-11-07 11:19:09,722.0
0.5330,17.0840,0.4580,97.0120,2.0460,2025-11-07 11:19:09,722.0
0.5350,17.1590,0.3110,97.02,2.1290,2025-11-07 11:19:09,722.0
0.5140,17.0120,0.34,96.9980,2.0440,2025-11-07 11:19:09,722.0
0.5230,17.0560,0.5770,96.7380,1.9020,2025-11-07 11:19:09,722.0
0.5040,16.9650,0.5110,96.9240,1.9810,2025-11-07 11:19:09,722.0
0.5310,17.0780,0.4230,97,1.96,2025-11-07 11:19:09,722.0
0.5250,17.0210,0.3570,96.9350,2.0760,2025-11-07 11:19:09,722.0
0.5250,17.0620,0.5110,97.0230,1.9420,2025-11-07 11:19:09,722.0
0.5120,16.9740,0.4730,97.1920,1.7830,2025-11-07 11:19:09,722.0
0.5160,17.1250,0.3640,96.83,2.0740,2025-11-07 11:19:09,722.0
0.5330,17.0590,0.3780,97.1010,2.1050,2025-11-07 11:19:09,722.0
0.5090,17.0870,0.4340,97.1360,1.86,2025-11-07 11:19:09,722.0
0.5280,16.9990,0.42,96.77,1.9930,2025-11-07 11:19:09,722.0
0.5170,16.99,0.3710,96.91,1.9770,2025-11-07 11:19:09,722.0
0.5290,17.1060,0.3670,96.73,2.0640,2025-11-07 11:19:09,722.0
0.5360,17.0460,0.4480,96.9530,2.0020,2025-11-07 11:19:09,722.0
0.5290,16.9930,0.28,97.1770,2.0140,2025-11-07 11:19:09,722.0
0.5110,16.9930,0.4340,96.9470,1.9330,2025-11-07 11:19:09,722.0
0.5080,17.0750,0.3220,96.8360,1.7870,2025-11-07 11:19:09,722.0
0.53,16.93,0.4660,96.9320,2.1120,2025-11-07 13:04:11,723.0
0.5130,16.9580,0.4130,97.0940,1.9740,2025-11-07 13:04:11,723.0
0.5390,16.99,0.3530,96.95,2.2530,2025-11-07 13:04:11,723.0
0.5390,16.9680,0.4550,97.0330,2.07,2025-11-07 13:04:11,723.0
0.5410,17.0840,0.4690,97.18,2.0670,2025-11-07 13:04:11,723.0
0.5050,17.0050,0.4690,96.8770,1.8850,2025-11-07 13:04:11,723.0
0.5310,17.0150,0.4690,97.0310,2.13,2025-11-07 13:04:11,723.0
0.50,16.8890,0.3570,96.8320,1.9010,2025-11-07 13:04:11,723.0
0.5270,17.0370,0.3950,96.9180,1.9850,2025-11-07 13:04:11,723.0
0.5350,16.8990,0.35,97.1270,2.0810,2025-11-07 13:04:11,723.0
0.5170,17.0370,0.4410,96.89,2.0270,2025-11-07 13:04:11,723.0
0.5390,17.0340,0.3050,96.9770,2.0860,2025-11-07 13:04:11,723.0
0.5270,17.0460,0.3290,97.2550,1.9250,2025-11-07 13:04:11,723.0
0.53,17.0310,0.5490,96.8740,1.9550,2025-11-07 13:04:11,723.0
0.5420,17.0270,0.4520,97,1.9780,2025-11-07 13:04:11,723.0
0.5270,16.9210,0.3360,97.0240,1.9650,2025-11-07 13:04:11,723.0
0.5160,17.0020,0.4520,97.16,1.93,2025-11-07 13:04:11,723.0
0.5350,17.1120,0.4690,97.0780,1.9870,2025-11-07 13:04:11,723.0
0.5370,17.0590,0.3880,97.0660,2.0680,2025-11-07 13:04:11,723.0
0.5470,17.0930,0.35,97.0250,2.1060,2025-11-07 13:04:11,723.0
0.5260,16.9740,0.5850,96.9470,1.9460,2025-11-07 19:19:20,724.0
0.5220,16.98,0.2870,97.14,1.9090,2025-11-07 19:19:20,724.0
0.53,16.9490,0.4690,97.2660,2.0030,2025-11-07 19:19:20,724.0
0.5320,17.0090,0.4340,97.1020,2.1410,2025-11-07 19:19:20,724.0
0.5210,16.98,0.5180,97.0910,2.0640,2025-11-07 19:19:20,724.0
0.5050,17.0150,0.3890,96.7590,1.9250,2025-11-07 19:19:20,724.0
0.52,16.93,0.4790,96.8930,2.0750,2025-11-07 19:19:20,724.0
0.5180,16.9960,0.4270,97.0580,1.9170,2025-11-07 19:19:20,724.0
0.5340,16.9460,0.49,97.1090,2.0850,2025-11-07 19:19:20,724.0
0.5190,17.0150,0.49,97.0830,1.9570,2025-11-07 19:19:20,724.0
0.51,17.0180,0.5670,97.4910,1.9390,2025-11-07 19:19:20,724.0
0.5420,16.9550,0.3990,97.0010,2.0710,2025-11-07 19:19:20,724.0
0.5420,17.0840,0.3990,97.0510,2.03,2025-11-07 19:19:20,724.0
0.5320,17.0460,0.3460,97.0180,2.1030,2025-11-07 19:19:20,724.0
0.5190,16.9430,0.4790,96.9870,1.9270,2025-11-07 19:19:20,724.0
0.5240,16.9140,0.4450,96.9640,2.0530,2025-11-07 19:19:20,724.0
0.53,17.0930,0.5210,96.9460,1.9070,2025-11-07 19:19:20,724.0
0.5240,16.9360,0.3010,96.9430,1.9580,2025-11-07 19:19:20,724.0
0.5440,17.1030,0.3320,96.9310,2.1020,2025-11-07 19:19:20,724.0
0.5310,16.9710,0.5420,96.8360,2.1710,2025-11-07 19:19:20,724.0
0.5250,16.9610,0.4170,97.1780,2.0120,2025-11-07 21:14:24,725.0
0.5290,16.9050,0.5640,97.0390,2.1010,2025-11-07 21:14:24,725.0
0.5250,16.9580,0.3010,96.9550,2.0140,2025-11-07 21:14:24,725.0
0.5280,17.0340,0.5560,96.9140,2.02,2025-11-07 21:14:24,725.0
0.55,17.0180,0.2870,96.9050,2.0370,2025-11-07 21:14:24,725.0
0.5220,16.9050,0.4690,97.0250,1.9260,2025-11-07 21:14:24,725.0
0.5490,16.9990,0.3960,97.2320,2.2150,2025-11-07 21:14:24,725.0
0.5340,17.0150,0.2690,96.9650,2.0710,2025-11-07 21:14:24,725.0
0.5290,16.9770,0.4520,96.88,1.9520,2025-11-07 21:14:24,725.0
0.5280,16.9240,0.3990,97.0820,2.06,2025-11-07 21:14:24,725.0
0.5220,16.9930,0.5670,96.8670,2.1430,2025-11-07 21:14:24,725.0
0.5240,16.9610,0.5710,97.1040,2.0780,2025-11-07 21:14:24,725.0
0.5140,16.9140,0.3250,97.0340,2.0580,2025-11-07 21:14:24,725.0
0.5050,16.9360,0.3120,97.0580,2.0130,2025-11-07 21:14:24,725.0
0.5380,16.8640,0.2350,97.1540,2.1070,2025-11-07 21:14:24,725.0
0.4960,16.9170,0.42,96.9340,2.0130,2025-11-07 21:14:24,725.0
0.5340,16.9680,0.4340,96.8830,2.1220,2025-11-07 21:14:24,725.0
0.5270,16.9270,0.4550,97.1640,1.89,2025-11-07 21:14:24,725.0
0.5360,16.9550,0.4620,96.9650,1.9850,2025-11-07 21:14:24,725.0
0.5360,16.8860,0.4760,97.0120,2.1720,2025-11-07 21:14:24,725.0
0.5280,16.9710,0.3050,96.8160,1.9540,2025-11-09 11:25:55,726.0
0.5370,16.9930,0.4970,96.7490,2.04,2025-11-09 11:25:55,726.0
0.5180,16.9110,0.3640,97.09,1.9270,2025-11-09 11:25:55,726.0
0.5460,16.9610,0.2940,97.3660,2.0690,2025-11-09 11:25:55,726.0
0.5370,16.9460,0.4380,96.8960,1.9870,2025-11-09 11:25:55,726.0
0.5260,16.9270,0.4340,96.8370,1.7990,2025-11-09 11:25:55,726.0
0.5340,16.9080,0.4690,97.0290,2.1220,2025-11-09 11:25:55,726.0
0.5390,16.9680,0.5220,96.8440,1.9290,2025-11-09 11:25:55,726.0
0.5340,16.88,0.4310,97.1530,2.0410,2025-11-09 11:25:55,726.0
0.5190,16.8390,0.3810,97.0560,1.9230,2025-11-09 11:25:55,726.0
0.5160,16.8990,0.3360,96.9420,1.9540,2025-11-09 11:25:55,726.0
0.5190,16.8920,0.3220,96.9340,1.8920,2025-11-09 11:25:55,726.0
0.5290,16.9960,0.28,97.08,2.0730,2025-11-09 11:25:55,726.0
0.5350,16.9490,0.3290,96.8660,2.0180,2025-11-09 11:25:55,726.0
0.5510,16.9050,0.4730,96.7150,2.0320,2025-11-09 11:25:55,726.0
0.5310,16.9170,0.43,96.8470,2.0310,2025-11-09 11:25:55,726.0
0.5220,16.9870,0.3850,96.8380,1.9760,2025-11-09 11:25:55,726.0
0.5360,16.9210,0.3390,96.8920,2.0990,2025-11-09 11:25:55,726.0
0.5280,16.8950,0.4090,97.2060,1.9990,2025-11-09 11:25:55,726.0
0.5280,17.0560,0.3960,96.89,1.9770,2025-11-09 11:25:55,726.0
0.5190,16.9520,0.3080,96.9610,2.0990,2025-11-09 12:50:56,727.0
0.5220,16.9270,0.4940,96.9690,2.1550,2025-11-09 12:50:56,727.0
0.5430,17.0620,0.3640,97.1750,2.19,2025-11-09 12:50:56,727.0
0.5390,16.8950,0.4240,96.8360,2.1610,2025-11-09 12:50:56,727.0
0.51,16.9830,0.4130,96.9590,1.9640,2025-11-09 12:50:56,727.0
0.5280,16.9360,0.3810,96.93,2.0790,2025-11-09 12:50:56,727.0
0.5460,16.9580,0.3640,96.9450,2.1290,2025-11-09 12:50:56,727.0
0.5390,16.9610,0.3640,96.8980,2.0540,2025-11-09 12:50:56,727.0
0.5270,17.0490,0.3190,96.9160,1.9720,2025-11-09 12:50:56,727.0
0.5330,16.9270,0.3710,96.9230,2.1180,2025-11-09 12:50:56,727.0
0.5370,16.9240,0.4450,96.8920,2.1560,2025-11-09 12:50:56,727.0
0.5240,16.9960,0.4480,96.94,2.16,2025-11-09 12:50:56,727.0
0.5230,16.9680,0.4690,97.0350,2.0370,2025-11-09 12:50:56,727.0
0.5180,16.9050,0.4580,96.8360,2.0430,2025-11-09 12:50:56,727.0
0.5240,16.9610,0.4020,96.9440,2.0030,2025-11-09 12:50:56,727.0
0.5460,17.0150,0.5320,96.9230,2.14,2025-11-09 12:50:56,727.0
0.5380,16.8990,0.3460,96.9670,2.12,2025-11-09 12:50:56,727.0
0.5210,16.9050,0.4970,97.0650,2.0750,2025-11-09 12:50:56,727.0
0.5140,17.0020,0.3360,96.9320,1.9630,2025-11-09 12:50:56,727.0
0.5230,16.9430,0.42,96.9420,2.0140,2025-11-09 12:50:56,727.0
0.5240,16.9430,0.35,96.9920,1.9590,2025-11-09 19:16:06,728.0
0.5320,16.8830,0.4240,96.9560,2.0070,2025-11-09 19:16:06,728.0
0.5330,17.0090,0.3570,97.15,1.98,2025-11-09 19:16:06,728.0
0.5140,16.9580,0.4030,96.9860,1.8740,2025-11-09 19:16:06,728.0
0.5440,16.98,0.41,96.9550,1.9670,2025-11-09 19:16:06,728.0
0.5360,17.0310,0.3960,96.9180,2.1010,2025-11-09 19:16:06,728.0
0.5150,16.9960,0.3290,96.9410,1.9410,2025-11-09 19:16:06,728.0
0.5180,17.0370,0.5040,96.9720,1.9150,2025-11-09 19:16:06,728.0
0.5160,16.9680,0.3680,96.9820,1.8740,2025-11-09 19:16:06,728.0
0.5350,16.9960,0.4760,97.0480,2.0230,2025-11-09 19:16:06,728.0
0.5390,17.0490,0.42,96.7840,2.1110,2025-11-09 19:16:06,728.0
0.5290,16.9610,0.3670,96.7630,1.9910,2025-11-09 19:16:06,728.0
0.5450,16.9430,0.4170,97.0610,2.1110,2025-11-09 19:16:06,728.0
0.5320,16.9870,0.3880,96.7360,2.0190,2025-11-09 19:16:06,728.0
0.5280,16.9240,0.3430,97.1080,1.9980,2025-11-09 19:16:06,728.0
0.5270,16.9490,0.3320,96.8180,1.9160,2025-11-09 19:16:06,728.0
0.5460,16.9210,0.4830,97.0050,1.9910,2025-11-09 19:16:06,728.0
0.5280,16.9210,0.3360,96.9190,1.9770,2025-11-09 19:16:06,728.0
0.5220,16.9930,0.3540,96.9940,1.9910,2025-11-09 19:16:06,728.0
0.5170,16.99,0.4550,96.7750,1.8640,2025-11-09 19:16:06,728.0
0.5370,17.0270,0.3190,96.8870,2.1030,2025-11-09 21:46:10,729.0
0.5360,17.04,0.4830,97.0680,2.0440,2025-11-09 21:46:10,729.0
0.5160,16.9770,0.34,96.9390,1.9730,2025-11-09 21:46:10,729.0
0.5280,16.9270,0.4620,97.2080,2.0880,2025-11-09 21:46:10,729.0
0.5220,17.1060,0.2420,97.1770,1.9450,2025-11-09 21:46:10,729.0
0.5370,16.9580,0.5320,97.1670,2.0880,2025-11-09 21:46:10,729.0
0.5350,17.04,0.3110,97.1650,1.9390,2025-11-09 21:46:10,729.0
0.5410,17.0430,0.3680,97.1450,2.0180,2025-11-09 21:46:10,729.0
0.5330,16.9960,0.3570,97.1540,1.88,2025-11-09 21:46:10,729.0
0.5320,17.0530,0.3150,97.0710,2.1440,2025-11-09 21:46:10,729.0
0.5470,17.1220,0.4650,96.8960,2.1410,2025-11-09 21:46:10,729.0
0.5180,16.98,0.3670,97.1830,1.8490,2025-11-09 21:46:10,729.0
0.5290,16.9930,0.3710,96.7460,2.1260,2025-11-09 21:46:10,729.0
0.5350,17.0120,0.4620,96.8370,2.1650,2025-11-09 21:46:10,729.0
0.53,17.0180,0.3820,97.0440,1.98,2025-11-09 21:46:10,729.0
0.52,17.0840,0.4660,97.1410,1.9280,2025-11-09 21:46:10,729.0
0.5250,17.0210,0.5040,97.1120,1.87,2025-11-09 21:46:10,729.0
0.5430,16.9460,0.4240,96.9980,2.1450,2025-11-09 21:46:10,729.0
0.5530,17.0650,0.4480,96.8010,2.1590,2025-11-09 21:46:10,729.0
0.5330,16.9770,0.3430,96.8820,2.11,2025-11-09 21:46:10,729.0
0.5340,17.0020,0.2730,96.9120,1.9950,2025-11-10 10:42:04,730.0
0.5310,16.93,0.29,97.2340,1.9050,2025-11-10 10:42:04,730.0
0.5160,16.9460,0.3710,96.9550,1.9460,2025-11-10 10:42:04,730.0
0.5230,16.9240,0.35,96.8760,1.9260,2025-11-10 10:42:04,730.0
0.5250,16.9710,0.2830,97.0520,1.9370,2025-11-10 10:42:04,730.0
0.5410,17.0180,0.3850,96.9990,1.9010,2025-11-10 10:42:04,730.0
0.5360,16.9770,0.2630,96.8820,1.9620,2025-11-10 10:42:04,730.0
0.54,17.0050,0.3750,97.0470,2.0220,2025-11-10 10:42:04,730.0
0.54,16.9110,0.4790,96.9040,2.0230,2025-11-10 10:42:04,730.0
0.5240,16.8670,0.4450,97.1360,1.9480,2025-11-10 10:42:04,730.0
0.5420,17.0020,0.2590,97.1580,2.01,2025-11-10 10:42:04,730.0
0.5260,17.1250,0.2840,96.9990,1.9180,2025-11-10 10:42:04,730.0
0.5340,16.9770,0.3430,97.2120,1.9520,2025-11-10 10:42:04,730.0
0.5540,16.9680,0.3950,97.0580,2.1370,2025-11-10 10:42:04,730.0
0.5220,16.9430,0.29,97.0190,2.0450,2025-11-10 10:42:04,730.0
0.5420,16.9580,0.3610,97.1340,1.9750,2025-11-10 10:42:04,730.0
0.5290,16.9580,0.4620,97.2940,1.8890,2025-11-10 10:42:04,730.0
0.5380,17.0530,0.3780,97.1830,1.9490,2025-11-10 10:42:04,730.0
0.5290,17.0240,0.4790,97.0390,2.0470,2025-11-10 10:42:04,730.0
0.5170,16.9430,0.49,96.9730,1.9010,2025-11-10 10:42:04,730.0
0.5210,17.0430,0.3710,96.9950,1.9740,2025-11-10 13:02:08,731.0
0.5320,17.0150,0.35,96.96,1.9970,2025-11-10 13:02:08,731.0
0.5350,17.0340,0.50,97.2070,2.0140,2025-11-10 13:02:08,731.0
0.5240,16.9830,0.3460,96.82,2.0610,2025-11-10 13:02:08,731.0
0.5260,16.9520,0.34,96.9890,2.0330,2025-11-10 13:02:08,731.0
0.5310,16.9270,0.3050,96.9180,2.0490,2025-11-10 13:02:08,731.0
0.5040,16.8770,0.3780,97.0160,1.8920,2025-11-10 13:02:08,731.0
0.5340,17.0090,0.36,97.0420,2.0920,2025-11-10 13:02:08,731.0
0.5150,16.8670,0.3810,97.0650,1.9480,2025-11-10 13:02:08,731.0
0.5230,17.0180,0.3120,96.9410,1.9450,2025-11-10 13:02:08,731.0
0.5160,16.8920,0.55,97.0440,1.8480,2025-11-10 13:02:08,731.0
0.5290,16.9650,0.3990,96.90,1.9530,2025-11-10 13:02:08,731.0
0.5340,16.9610,0.4090,96.9180,1.9960,2025-11-10 13:02:08,731.0
0.5350,16.9430,0.3320,97.1730,1.9320,2025-11-10 13:02:08,731.0
0.5320,17.0090,0.2870,97.0340,2.0480,2025-11-10 13:02:08,731.0
0.5280,16.9870,0.4130,97.1520,1.9710,2025-11-10 13:02:08,731.0
0.5220,16.9650,0.3640,96.9680,1.9620,2025-11-10 13:02:08,731.0
0.5170,16.9740,0.3780,96.8960,1.9150,2025-11-10 13:02:08,731.0
0.5220,17.0090,0.41,96.9090,2.0690,2025-11-10 13:02:08,731.0
0.5230,16.9080,0.50,96.9560,1.9950,2025-11-10 13:02:08,731.0
0.5330,16.9520,0.3960,96.8690,1.9260,2025-11-10 19:27:13,732.0
0.5370,17.0310,0.4520,96.9050,2.0320,2025-11-10 19:27:13,732.0
0.5280,16.8920,0.4410,96.7880,2.0710,2025-11-10 19:27:13,732.0
0.5370,17.0180,0.4340,96.86,2.0780,2025-11-10 19:27:13,732.0
0.5480,16.9550,0.28,97.2020,2.1220,2025-11-10 19:27:13,732.0
0.5230,16.9830,0.4870,96.8010,2.0310,2025-11-10 19:27:13,732.0
0.54,17.0270,0.28,97.0750,1.9420,2025-11-10 19:27:13,732.0
0.5320,16.9870,0.3780,96.8990,2.0840,2025-11-10 19:27:13,732.0
0.5410,16.9770,0.2970,97.0460,1.8970,2025-11-10 19:27:13,732.0
0.5540,17.04,0.3430,97.2530,2.0930,2025-11-10 19:27:13,732.0
0.53,17.04,0.2030,97.0950,1.9790,2025-11-10 19:27:13,732.0
0.5280,16.9990,0.55,97.0360,2.01,2025-11-10 19:27:13,732.0
0.5170,16.9460,0.3360,96.9490,1.9490,2025-11-10 19:27:13,732.0
0.5320,16.93,0.4730,97.1910,1.9590,2025-11-10 19:27:13,732.0
0.5390,17.0210,0.5320,96.8270,2.0490,2025-11-10 19:27:13,732.0
0.5290,16.9550,0.3640,97.0390,1.8760,2025-11-10 19:27:13,732.0
0.52,16.9960,0.2350,96.95,1.9610,2025-11-10 19:27:13,732.0
0.5340,17.0020,0.5320,97.1820,2.0160,2025-11-10 19:27:13,732.0
0.5180,16.9550,0.3220,96.9480,1.9480,2025-11-10 19:27:13,732.0
0.5370,16.98,0.3950,97.0770,2.0330,2025-11-10 19:27:13,732.0
0.5430,17.0180,0.4230,96.9160,1.8810,2025-11-11 11:17:51,733.0
0.4940,16.9020,0.43,96.9830,1.8330,2025-11-11 11:17:51,733.0
0.5420,16.9710,0.5210,96.90,2.1850,2025-11-11 11:17:51,733.0
0.5420,16.8990,0.5640,97.2110,2.0860,2025-11-11 11:17:51,733.0
0.5290,17.0150,0.5250,97.0890,2.0650,2025-11-11 11:17:51,733.0
0.53,16.9490,0.4170,97.0470,1.9570,2025-11-11 11:17:51,733.0
0.5350,16.9680,0.5670,96.9520,1.9540,2025-11-11 11:17:51,733.0
0.5240,16.9550,0.48,96.9360,1.8680,2025-11-11 11:17:51,733.0
0.5270,16.9330,0.3290,97.0320,2.0740,2025-11-11 11:17:51,733.0
0.51,16.9390,0.6440,96.9110,1.9380,2025-11-11 11:17:51,733.0
0.5140,16.8990,0.3610,96.7790,1.9090,2025-11-11 11:17:51,733.0
0.5360,16.8640,0.6620,96.91,2.0010,2025-11-11 11:17:51,733.0
0.5550,16.9210,0.5740,96.7770,2.2050,2025-11-11 11:17:51,733.0
0.5380,16.9650,0.4480,97.1460,2.0820,2025-11-11 11:17:51,733.0
0.5230,16.9330,0.3920,97.0980,1.9350,2025-11-11 11:17:51,733.0
0.5160,16.8950,0.4170,96.96,1.9910,2025-11-11 11:17:51,733.0
0.5360,16.93,0.3920,96.8030,2.0510,2025-11-11 11:17:51,733.0
0.5310,16.9240,0.4650,96.9990,2.0520,2025-11-11 11:17:51,733.0
0.5350,17.0210,0.4580,97.0090,1.9850,2025-11-11 11:17:51,733.0
0.5420,17.0050,0.4340,96.6740,2.0050,2025-11-11 11:17:51,733.0
0.5510,17.0560,0.4410,97.2360,2.1240,2025-11-11 13:12:54,734.0
0.5270,16.9990,0.5250,97.0740,1.9680,2025-11-11 13:12:54,734.0
0.52,16.9430,0.35,97.0340,1.9120,2025-11-11 13:12:54,734.0
0.5420,16.9360,0.4310,96.9880,1.9660,2025-11-11 13:12:54,734.0
0.5250,16.9520,0.6060,97.0820,2.0080,2025-11-11 13:12:54,734.0
0.5150,16.9740,0.5850,97.1240,2.1320,2025-11-11 13:12:54,734.0
0.5250,16.9460,0.4230,97.0710,1.8690,2025-11-11 13:12:54,734.0
0.5250,16.9650,0.6790,96.9170,1.9690,2025-11-11 13:12:54,734.0
0.5220,17.0050,0.4940,97.0820,1.95,2025-11-11 13:12:54,734.0
0.5260,16.8830,0.3960,97.0310,1.9480,2025-11-11 13:12:54,734.0
0.5290,16.8580,0.4550,97.0880,1.9320,2025-11-11 13:12:54,734.0
0.5320,16.9930,0.5150,97.0720,1.99,2025-11-11 13:12:54,734.0
0.4920,16.88,0.3740,97.0740,1.9230,2025-11-11 13:12:54,734.0
0.5190,17.0090,0.49,96.92,1.9250,2025-11-11 13:12:54,734.0
0.5270,16.9050,0.5810,96.8680,1.99,2025-11-11 13:12:54,734.0
0.5290,16.9960,0.4340,97.1860,2.0350,2025-11-11 13:12:54,734.0
0.55,16.9650,0.4690,97.0510,2.1110,2025-11-11 13:12:54,734.0
0.5280,16.9550,0.4620,96.9110,1.9930,2025-11-11 13:12:54,734.0
0.5210,16.9390,0.5110,97.0380,2,2025-11-11 13:12:54,734.0
0.5270,16.9770,0.4060,96.8730,1.86,2025-11-11 13:12:54,734.0
0.5330,16.99,0.5080,96.9990,2.1390,2025-11-11 19:03:07,735.0
0.5290,17.0310,0.5950,97.1120,1.9880,2025-11-11 19:03:07,735.0
0.53,17.0120,0.3530,96.9890,2.0770,2025-11-11 19:03:07,735.0
0.5320,16.9580,0.5670,97.0760,1.9560,2025-11-11 19:03:07,735.0
0.5410,17.1090,0.4760,96.9220,1.9330,2025-11-11 19:03:07,735.0
0.54,16.9870,0.42,96.9470,2.1030,2025-11-11 19:03:07,735.0
0.5420,16.9360,0.4940,96.9240,2.0270,2025-11-11 19:03:07,735.0
0.5170,16.9960,0.4650,97.0720,1.8580,2025-11-11 19:03:07,735.0
0.5230,16.8860,0.4650,97.1030,1.9880,2025-11-11 19:03:07,735.0
0.5530,17.0340,0.4480,97.0340,2.14,2025-11-11 19:03:07,735.0
0.5370,17.0050,0.3220,96.8610,1.9390,2025-11-11 19:03:07,735.0
0.5350,17.0680,0.4870,97.1850,1.9960,2025-11-11 19:03:07,735.0
0.5140,16.98,0.4940,97.0270,1.8670,2025-11-11 19:03:07,735.0
0.5330,16.9610,0.6410,96.9860,2.1080,2025-11-11 19:03:07,735.0
0.5260,16.87,0.4230,96.92,2.0470,2025-11-11 19:03:07,735.0
0.5170,17.0020,0.6230,96.94,1.8960,2025-11-11 19:03:07,735.0
0.5320,16.9330,0.4380,96.9590,1.9990,2025-11-11 19:03:07,735.0
0.52,16.9580,0.4940,96.7650,1.7290,2025-11-11 19:03:07,735.0
0.5240,16.9020,0.5290,96.9480,2.0080,2025-11-11 19:03:07,735.0
0.5240,16.9930,0.49,96.9520,2.0670,2025-11-11 19:03:07,735.0
0.5290,17.0180,0.4730,96.8980,2.0670,2025-11-11 21:23:11,736.0
0.5320,16.9680,0.3920,96.8950,2.0310,2025-11-11 21:23:11,736.0
0.5220,16.9770,0.3190,97.0880,1.95,2025-11-11 21:23:11,736.0
0.5260,17.0750,0.4450,96.8180,1.9680,2025-11-11 21:23:11,736.0
0.5120,16.9580,0.6370,96.9660,1.8950,2025-11-11 21:23:11,736.0
0.5220,16.9110,0.5250,97.24,2.0330,2025-11-11 21:23:11,736.0
0.5250,16.9080,0.5250,97.1850,2.1060,2025-11-11 21:23:11,736.0
0.5340,17.0210,0.4590,96.8210,1.9820,2025-11-11 21:23:11,736.0
0.5360,16.9430,0.5530,97.0710,2.0250,2025-11-11 21:23:11,736.0
0.5250,17.0050,0.43,97.0260,1.8730,2025-11-11 21:23:11,736.0
0.5280,17.0120,0.3780,97.0120,1.9760,2025-11-11 21:23:11,736.0
0.5250,16.99,0.4130,97.1120,1.9880,2025-11-11 21:23:11,736.0
0.5170,16.9330,0.5880,96.8450,2.0730,2025-11-11 21:23:11,736.0
0.52,17.0020,0.4730,96.8440,2.0060,2025-11-11 21:23:11,736.0
0.5250,17.0870,0.3080,96.9130,1.8860,2025-11-11 21:23:11,736.0
0.5350,17.0150,0.5810,96.9130,2.1350,2025-11-11 21:23:11,736.0
0.5250,16.8610,0.4550,96.9580,2.0190,2025-11-11 21:23:11,736.0
0.4890,16.8890,0.5390,97.0360,1.9040,2025-11-11 21:23:11,736.0
0.5060,17.0090,0.3220,96.7610,1.9990,2025-11-11 21:23:11,736.0
0.5140,16.9460,0.49,96.8660,1.8690,2025-11-11 21:23:11,736.0
0.5140,16.9330,0.5290,97.1530,1.9530,2025-11-12 13:00:45,737.0
0.5050,16.9240,0.3610,97.0730,1.96,2025-11-12 13:00:45,737.0
0.5070,16.8830,0.3430,97.1080,1.94,2025-11-12 13:00:45,737.0
0.5360,16.9710,0.55,97.1530,2.0990,2025-11-12 13:00:45,737.0
0.5120,16.9360,0.4060,96.9920,2.0350,2025-11-12 13:00:45,737.0
0.5320,17.0530,0.4340,97.0640,2.1520,2025-11-12 13:00:45,737.0
0.5110,16.9110,0.5670,96.8610,2.0160,2025-11-12 13:00:45,737.0
0.5120,16.9390,0.4730,96.9520,1.9970,2025-11-12 13:00:45,737.0
0.53,16.9710,0.4940,96.9540,2.0870,2025-11-12 13:00:45,737.0
0.5130,17.0620,0.4020,96.7670,1.9810,2025-11-12 13:00:45,737.0
0.5340,16.9710,0.5740,96.9310,1.8060,2025-11-12 13:00:45,737.0
0.5160,16.9330,0.4620,97.0470,2.1470,2025-11-12 13:00:45,737.0
0.5350,16.9020,0.55,97.0030,2.1120,2025-11-12 13:00:45,737.0
0.5060,16.9650,0.3920,96.9390,1.9190,2025-11-12 13:00:45,737.0
0.5130,16.9460,0.5320,97.0820,2.0370,2025-11-12 13:00:45,737.0
0.53,17.0240,0.4730,96.9140,1.9870,2025-11-12 13:00:45,737.0
0.5310,17.04,0.4520,96.6930,1.9320,2025-11-12 13:00:45,737.0
0.5280,16.9210,0.4230,96.93,2.04,2025-11-12 13:00:45,737.0
0.5120,16.9140,0.3710,97.0980,1.8690,2025-11-12 13:00:45,737.0
0.5160,16.9080,0.4970,96.8550,1.9710,2025-11-12 13:00:45,737.0
