M,C,d,L,R,T,N
0.5420,16.9210,0.3990,96.6380,1.7980,2025-01-02 11:30:35,0.0
0.5370,16.9460,0.6830,96.9130,1.8610,2025-01-02 11:30:35,0.0
0.5380,16.8550,0.6930,97.2380,1.79,2025-01-02 11:30:35,0.0
0.5360,16.8860,0.7180,97.1020,1.7760,2025-01-02 11:30:35,0.0
0.5380,16.8950,0.5320,97.2180,1.7260,2025-01-02 11:30:35,0.0
0.5360,16.8390,0.5810,97.1910,1.79,2025-01-02 11:30:35,0.0
0.5250,16.9680,0.4410,97.1980,1.7290,2025-01-02 11:30:35,0.0
0.5280,16.8230,0.5010,97.2180,1.7990,2025-01-02 11:30:35,0.0
0.5390,16.9210,0.5910,97.0660,1.8230,2025-01-02 11:30:35,0.0
0.56,16.9170,0.6230,96.9720,1.89,2025-01-02 11:30:35,0.0
0.5280,16.7980,0.5560,97.2060,1.7770,2025-01-02 11:30:35,0.0
0.53,16.8580,0.5780,97.1640,1.7590,2025-01-02 11:30:35,0.0
0.5410,17.0020,0.5880,96.6870,1.7460,2025-01-02 11:30:35,0.0
0.5410,16.99,0.6330,96.79,1.8530,2025-01-02 11:30:35,0.0
0.5130,16.9140,0.6790,96.9030,1.72,2025-01-02 11:30:35,0.0
0.5310,16.93,0.6330,97.1030,1.82,2025-01-02 11:30:35,0.0
0.5360,16.9210,0.6160,97.1530,1.7660,2025-01-02 11:30:35,0.0
0.5190,16.9430,0.5710,97.4190,1.7240,2025-01-02 11:30:35,0.0
0.54,17.0050,0.6060,96.7910,1.8180,2025-01-02 11:30:35,0.0
0.5310,16.93,0.5350,97.33,1.6680,2025-01-02 11:30:35,0.0
0.5540,17.0240,0.6090,97.01,1.8850,2025-01-02 19:10:50,1.0
0.5460,17.0590,0.6510,96.8530,1.7080,2025-01-02 19:10:50,1.0
0.5250,16.9430,0.5320,96.7440,1.7750,2025-01-02 19:10:50,1.0
0.55,17.0150,0.6680,96.8590,1.8790,2025-01-02 19:10:50,1.0
0.5230,16.9870,0.5150,97.1720,1.6990,2025-01-02 19:10:50,1.0
0.5360,17.0180,0.5560,97.1810,1.8060,2025-01-02 19:10:50,1.0
0.53,17.0430,0.56,96.8490,1.7240,2025-01-02 19:10:50,1.0
0.5440,17.0090,0.7070,96.9960,1.8080,2025-01-02 19:10:50,1.0
0.5360,16.9140,0.7350,97.2330,1.8040,2025-01-02 19:10:50,1.0
0.5290,16.9830,0.4310,96.7640,1.6580,2025-01-02 19:10:50,1.0
0.5260,17.0240,0.7670,97.0570,1.7120,2025-01-02 19:10:50,1.0
0.5180,17.0240,0.6230,97.1930,1.7090,2025-01-02 19:10:50,1.0
0.5260,16.9710,0.7170,96.82,1.66,2025-01-02 19:10:50,1.0
0.5290,17.0530,0.5530,97.2620,1.6040,2025-01-02 19:10:50,1.0
0.53,17.04,0.5670,97.0820,1.6580,2025-01-02 19:10:50,1.0
0.5230,17.0310,0.4410,97.2130,1.7150,2025-01-02 19:10:50,1.0
0.5320,17.0310,0.49,97.0640,1.7790,2025-01-02 19:10:50,1.0
0.5190,17.0590,0.62,97.1130,1.7210,2025-01-02 19:10:50,1.0
0.5320,17.0530,0.6720,97.2380,1.8190,2025-01-02 19:10:50,1.0
0.5410,17.0710,0.5430,96.8830,1.7390,2025-01-02 19:10:50,1.0
0.52,16.9870,0.7490,96.9760,1.7560,2025-01-02 21:00:52,2.0
0.5470,17.0840,0.56,97.0690,1.7580,2025-01-02 21:00:52,2.0
0.5430,17.0120,0.5630,96.8090,1.7510,2025-01-02 21:00:52,2.0
0.5370,17.0840,0.5810,96.9380,1.7260,2025-01-02 21:00:52,2.0
0.5540,17.0590,0.6550,96.7780,1.7540,2025-01-02 21:00:52,2.0
0.5350,17.04,0.4060,96.9260,1.7270,2025-01-02 21:00:52,2.0
0.5370,16.99,0.5980,97.1030,1.8270,2025-01-02 21:00:52,2.0
0.5160,16.9930,0.6370,97.1310,1.6770,2025-01-02 21:00:52,2.0
0.5170,17.0310,0.56,97.2460,1.7020,2025-01-02 21:00:52,2.0
0.5210,16.9650,0.4970,97.1290,1.6810,2025-01-02 21:00:52,2.0
0.5420,17.0490,0.6680,97.1160,1.7320,2025-01-02 21:00:52,2.0
0.5520,17.0680,0.55,97.2180,1.82,2025-01-02 21:00:52,2.0
0.5240,17.0780,0.7040,96.9250,1.78,2025-01-02 21:00:52,2.0
0.5310,17.0780,0.6120,96.8960,1.76,2025-01-02 21:00:52,2.0
0.5430,17.0050,0.5640,96.9410,1.7480,2025-01-02 21:00:52,2.0
0.5410,17.0530,0.5770,97.1850,1.7570,2025-01-02 21:00:52,2.0
0.5290,17.0180,0.6160,96.9570,1.8250,2025-01-02 21:00:52,2.0
0.5340,17.0050,0.3780,96.9840,1.7940,2025-01-02 21:00:52,2.0
0.53,17.0650,0.76,97.0520,1.6810,2025-01-02 21:00:52,2.0
0.55,17.0710,0.5460,97.2280,1.9570,2025-01-02 21:00:52,2.0
0.5390,16.9870,0.5280,97.1990,1.9270,2025-01-03 11:25:31,3.0
0.5550,17.1780,0.5150,96.84,1.7780,2025-01-03 11:25:31,3.0
0.5260,16.9740,0.6130,97.1770,1.7530,2025-01-03 11:25:31,3.0
0.5130,16.9550,0.6160,96.7970,1.6440,2025-01-03 11:25:31,3.0
0.5410,16.93,0.5150,97.1450,1.7940,2025-01-03 11:25:31,3.0
0.5290,17.1060,0.3360,97.2010,1.6260,2025-01-03 11:25:31,3.0
0.5230,17.0530,0.6510,97.2450,1.7620,2025-01-03 11:25:31,3.0
0.5450,17.0340,0.4690,97.1520,1.8660,2025-01-03 11:25:31,3.0
0.5320,16.9110,0.6120,96.8240,1.81,2025-01-03 11:25:31,3.0
0.5360,17.1250,0.6060,96.9880,1.7020,2025-01-03 11:25:31,3.0
0.5240,17.0310,0.6750,97.2420,1.6880,2025-01-03 11:25:31,3.0
0.53,16.9870,0.7320,96.8310,1.7390,2025-01-03 11:25:31,3.0
0.5350,17.0020,0.5460,96.8570,1.6850,2025-01-03 11:25:31,3.0
0.5390,17.0750,0.4940,97.1760,1.7260,2025-01-03 11:25:31,3.0
0.5390,17.1030,0.3710,97.1510,1.7770,2025-01-03 11:25:31,3.0
0.5440,17.0180,0.50,97.0220,1.8080,2025-01-03 11:25:31,3.0
0.5110,16.9870,0.5040,97.2060,1.69,2025-01-03 11:25:31,3.0
0.5210,16.9990,0.7240,96.9930,1.7490,2025-01-03 11:25:31,3.0
0.5210,17.0750,0.5740,96.8060,1.7090,2025-01-03 11:25:31,3.0
0.5460,17.1660,0.6020,96.7380,1.8470,2025-01-03 11:25:31,3.0
0.5270,16.9740,0.4380,97.2170,1.8550,2025-01-03 12:45:35,4.0
0.5250,16.9330,0.4660,97.1650,1.7380,2025-01-03 12:45:35,4.0
0.5330,16.9960,0.5150,97.2150,1.81,2025-01-03 12:45:35,4.0
0.5210,16.9770,0.5210,96.9640,1.6510,2025-01-03 12:45:35,4.0
0.5160,16.9610,0.6270,96.9510,1.8260,2025-01-03 12:45:35,4.0
0.5110,16.9740,0.4130,97.0660,1.6370,2025-01-03 12:45:35,4.0
0.5120,16.9360,0.7390,96.8430,1.6190,2025-01-03 12:45:35,4.0
0.5430,17.0460,0.3780,96.85,1.8430,2025-01-03 12:45:35,4.0
0.5580,17.1120,0.4620,96.8210,1.94,2025-01-03 12:45:35,4.0
0.5240,16.99,0.5910,96.9120,1.7670,2025-01-03 12:45:35,4.0
0.5540,17.1090,0.5530,96.8790,1.8340,2025-01-03 12:45:35,4.0
0.5650,17.04,0.3780,96.8360,1.98,2025-01-03 12:45:35,4.0
0.5560,17.0530,0.6260,97.2120,1.8660,2025-01-03 12:45:35,4.0
0.5340,16.98,0.5390,97.3050,1.6490,2025-01-03 12:45:35,4.0
0.5380,17.0680,0.4510,97.31,1.6650,2025-01-03 12:45:35,4.0
0.5430,17.0490,0.5250,96.8820,1.7650,2025-01-03 12:45:35,4.0
0.5560,17.0210,0.5010,96.8380,1.7940,2025-01-03 12:45:35,4.0
0.5320,17.0430,0.4130,97.2650,1.8160,2025-01-03 12:45:35,4.0
0.5140,17.0490,0.63,96.8990,1.6270,2025-01-03 12:45:35,4.0
0.5360,17.1340,0.5180,96.8880,1.7160,2025-01-03 12:45:35,4.0
0.5530,17.0460,0.49,97.1850,1.8460,2025-01-03 19:35:55,5.0
0.55,17.04,0.5290,96.9090,1.8910,2025-01-03 19:35:55,5.0
0.5070,17.0020,0.5850,96.7530,1.70,2025-01-03 19:35:55,5.0
0.5610,17.04,0.5320,96.9740,1.9330,2025-01-03 19:35:55,5.0
0.5290,17.0530,0.5460,97.0370,1.8250,2025-01-03 19:35:55,5.0
0.5360,17.0180,0.4380,96.8910,1.8970,2025-01-03 19:35:55,5.0
0.5390,16.98,0.71,96.9540,1.7270,2025-01-03 19:35:55,5.0
0.5320,17.0930,0.5810,97.2010,1.7860,2025-01-03 19:35:55,5.0
0.52,17.0530,0.5150,97.1480,1.7270,2025-01-03 19:35:55,5.0
0.5390,17.0780,0.6680,97.3490,1.8120,2025-01-03 19:35:55,5.0
0.5290,17.09,0.4940,96.8160,1.7460,2025-01-03 19:35:55,5.0
0.5240,17.1310,0.5710,97.2060,1.7250,2025-01-03 19:35:55,5.0
0.5240,17.09,0.5040,96.9670,1.6740,2025-01-03 19:35:55,5.0
0.5470,17.1150,0.5290,96.90,1.83,2025-01-03 19:35:55,5.0
0.5290,17.0180,0.4970,96.7480,1.7370,2025-01-03 19:35:55,5.0
0.5220,17.0650,0.4480,97.3380,1.6640,2025-01-03 19:35:55,5.0
0.5360,17.1090,0.5210,97.1090,1.8810,2025-01-03 19:35:55,5.0
0.5310,17.0650,0.5320,97.33,1.8480,2025-01-03 19:35:55,5.0
0.5190,17.0270,0.7560,97.10,1.5950,2025-01-03 19:35:55,5.0
0.5220,17.0340,0.5570,96.7980,1.7160,2025-01-03 19:35:55,5.0
0.5450,17.0460,0.5110,97.2560,1.6860,2025-01-03 21:20:59,6.0
0.5580,17.0590,0.5460,96.9620,1.7460,2025-01-03 21:20:59,6.0
0.54,16.9430,0.5570,97.30,1.8670,2025-01-03 21:20:59,6.0
0.5530,17.0050,0.5350,96.9330,1.9590,2025-01-03 21:20:59,6.0
0.5150,16.9210,0.4860,96.9330,1.6570,2025-01-03 21:20:59,6.0
0.5460,17.0870,0.4550,97.1010,1.7670,2025-01-03 21:20:59,6.0
0.5320,17.0810,0.56,96.8850,1.8120,2025-01-03 21:20:59,6.0
0.5130,17.0530,0.3960,96.8660,1.7120,2025-01-03 21:20:59,6.0
0.5270,16.9960,0.56,97.1970,1.7890,2025-01-03 21:20:59,6.0
0.5170,16.82,0.3540,97.3410,1.7070,2025-01-03 21:20:59,6.0
0.5370,16.9610,0.5710,96.9450,1.7580,2025-01-03 21:20:59,6.0
0.5190,16.9990,0.5390,97.2050,1.7480,2025-01-03 21:20:59,6.0
0.5420,16.9390,0.4690,97.3430,1.8230,2025-01-03 21:20:59,6.0
0.5630,17.0090,0.7280,96.9310,1.9470,2025-01-03 21:20:59,6.0
0.5270,16.9680,0.5710,96.8960,1.7930,2025-01-03 21:20:59,6.0
0.5280,16.9650,0.6330,97.0350,1.7590,2025-01-03 21:20:59,6.0
0.5170,17.0210,0.3570,97.2530,1.6380,2025-01-03 21:20:59,6.0
0.5510,17.0780,0.5420,96.8990,1.88,2025-01-03 21:20:59,6.0
0.5180,16.9360,0.5560,96.8290,1.7390,2025-01-03 21:20:59,6.0
0.5060,17.0150,0.6480,97.16,1.6070,2025-01-03 21:20:59,6.0
0.5350,16.93,0.4480,97.1620,1.8220,2025-01-04 11:19:00,7.0
0.5180,16.8480,0.3250,97.1580,1.70,2025-01-04 11:19:00,7.0
0.5480,17.0020,0.3950,96.9850,1.7980,2025-01-04 11:19:00,7.0
0.5150,17.04,0.5350,96.9340,1.8210,2025-01-04 11:19:00,7.0
0.5340,16.9740,0.3960,96.9930,1.8290,2025-01-04 11:19:00,7.0
0.5330,16.9680,0.48,96.8940,1.7020,2025-01-04 11:19:00,7.0
0.5130,16.9020,0.5350,97.2610,1.6730,2025-01-04 11:19:00,7.0
0.5220,16.7950,0.4760,96.9070,1.8140,2025-01-04 11:19:00,7.0
0.5270,16.9110,0.4130,96.8740,1.7060,2025-01-04 11:19:00,7.0
0.55,16.99,0.5560,97.4180,1.9640,2025-01-04 11:19:00,7.0
0.5310,16.9170,0.4730,97.1910,1.8260,2025-01-04 11:19:00,7.0
0.5350,16.9390,0.5560,97.4130,1.7420,2025-01-04 11:19:00,7.0
0.5530,16.9740,0.5320,97.30,1.7960,2025-01-04 11:19:00,7.0
0.5320,16.99,0.4410,97.3620,1.8040,2025-01-04 11:19:00,7.0
0.5210,17.0560,0.5430,97.1460,1.6710,2025-01-04 11:19:00,7.0
0.5210,16.9610,0.3570,97.1090,1.7120,2025-01-04 11:19:00,7.0
0.5350,16.9930,0.3780,97.1580,1.7380,2025-01-04 11:19:00,7.0
0.5120,16.9520,0.3810,96.9980,1.6810,2025-01-04 11:19:00,7.0
0.5230,16.9520,0.5670,97.2310,1.6520,2025-01-04 11:19:00,7.0
0.53,17.0090,0.4020,96.8120,1.7630,2025-01-04 11:19:00,7.0
0.5260,16.8950,0.6020,96.9160,1.79,2025-01-04 12:59:05,8.0
0.5530,16.9360,0.4790,97.2780,1.8870,2025-01-04 12:59:05,8.0
0.5480,16.9360,0.6090,97.1620,1.7840,2025-01-04 12:59:05,8.0
0.5230,16.9330,0.3810,97.2770,1.6980,2025-01-04 12:59:05,8.0
0.5360,16.9170,0.4340,97.2830,1.7720,2025-01-04 12:59:05,8.0
0.5180,17.0340,0.3330,97.1280,1.6160,2025-01-04 12:59:05,8.0
0.5270,17.0270,0.3780,96.9110,1.6860,2025-01-04 12:59:05,8.0
0.5120,16.8580,0.6340,97.2030,1.7470,2025-01-04 12:59:05,8.0
0.5420,16.9580,0.34,96.9470,1.9810,2025-01-04 12:59:05,8.0
0.5420,16.8950,0.5710,96.9630,1.8080,2025-01-04 12:59:05,8.0
0.5030,16.9110,0.5430,97.1810,1.7710,2025-01-04 12:59:05,8.0
0.5290,16.9360,0.5740,97.1820,1.7760,2025-01-04 12:59:05,8.0
0.5440,17.0680,0.4730,96.9610,1.9330,2025-01-04 12:59:05,8.0
0.5430,17.0710,0.63,96.8550,1.9160,2025-01-04 12:59:05,8.0
0.5020,17.0210,0.6890,97.1490,1.6380,2025-01-04 12:59:05,8.0
0.5440,17.0870,0.3850,96.8960,1.8040,2025-01-04 12:59:05,8.0
0.5450,16.9610,0.4440,97.2320,1.84,2025-01-04 12:59:05,8.0
0.5560,17.1150,0.6750,96.8550,1.9040,2025-01-04 12:59:05,8.0
0.52,16.8950,0.5530,97.29,1.6540,2025-01-04 12:59:05,8.0
0.5420,16.9520,0.7180,96.8880,1.8510,2025-01-04 12:59:05,8.0
0.5510,16.9360,0.7320,97.0860,1.9410,2025-01-04 19:24:10,9.0
0.5390,16.9430,0.6090,96.8980,1.7810,2025-01-04 19:24:10,9.0
0.5570,17.0620,0.5490,96.9580,1.8810,2025-01-04 19:24:10,9.0
0.5210,16.9240,0.4790,96.8140,1.7850,2025-01-04 19:24:10,9.0
0.5480,16.9330,0.4340,97.1370,1.8190,2025-01-04 19:24:10,9.0
0.5420,17.0680,0.5950,97.1620,1.7210,2025-01-04 19:24:10,9.0
0.5320,16.98,0.2840,97.2350,1.8350,2025-01-04 19:24:10,9.0
0.5490,16.9210,0.3010,96.9830,2.0030,2025-01-04 19:24:10,9.0
0.5340,16.9580,0.4380,97.1530,1.9080,2025-01-04 19:24:10,9.0
0.5270,16.9650,0.4660,96.7560,1.7160,2025-01-04 19:24:10,9.0
0.5020,16.9460,0.5420,96.9870,1.6150,2025-01-04 19:24:10,9.0
0.5390,17.0430,0.3990,97.2120,1.6680,2025-01-04 19:24:10,9.0
0.5240,17.0930,0.5290,97.3020,1.7310,2025-01-04 19:24:10,9.0
0.5370,17.1030,0.4620,96.8650,1.8070,2025-01-04 19:24:10,9.0
0.5310,16.8890,0.6090,97.0550,1.8190,2025-01-04 19:24:10,9.0
0.5230,16.8450,0.3330,96.7370,1.8130,2025-01-04 19:24:10,9.0
0.5550,16.9170,0.4410,97.30,1.9480,2025-01-04 19:24:10,9.0
0.5220,16.9870,0.5770,97.06,1.6950,2025-01-04 19:24:10,9.0
0.5220,16.9240,0.5980,96.9690,1.6660,2025-01-04 19:24:10,9.0
0.5160,16.9770,0.5630,96.7870,1.7060,2025-01-04 19:24:10,9.0
0.5380,16.9550,0.5360,96.9950,1.7230,2025-01-04 21:04:13,10.0
0.5290,17.0530,0.50,97.1660,1.7160,2025-01-04 21:04:13,10.0
0.5230,17.0680,0.5770,96.8550,1.7310,2025-01-04 21:04:13,10.0
0.5340,17.0590,0.5390,96.7920,1.8470,2025-01-04 21:04:13,10.0
0.5510,17.0310,0.6680,97.2420,1.8220,2025-01-04 21:04:13,10.0
0.5410,17.0240,0.5080,96.9790,1.7950,2025-01-04 21:04:13,10.0
0.5230,17.0620,0.4870,96.9070,1.6610,2025-01-04 21:04:13,10.0
0.5340,16.9140,0.4620,97.3020,1.7730,2025-01-04 21:04:13,10.0
0.5390,17.0120,0.7490,96.9330,1.8630,2025-01-04 21:04:13,10.0
0.5410,17.1530,0.5980,97.3060,1.7460,2025-01-04 21:04:13,10.0
0.5480,17.0370,0.6370,96.9160,1.8180,2025-01-04 21:04:13,10.0
0.5460,17.0650,0.49,97.26,1.8050,2025-01-04 21:04:13,10.0
0.5240,16.8550,0.5530,97.2170,1.7690,2025-01-04 21:04:13,10.0
0.5360,17.0680,0.4510,96.8540,1.8060,2025-01-04 21:04:13,10.0
0.5510,17.0180,0.4830,96.8760,1.8890,2025-01-04 21:04:13,10.0
0.5380,16.9930,0.5390,97.1570,1.8340,2025-01-04 21:04:13,10.0
0.5330,16.9360,0.63,96.9610,1.77,2025-01-04 21:04:13,10.0
0.5420,17.1280,0.5290,96.9840,1.9410,2025-01-04 21:04:13,10.0
0.5450,17.0240,0.5110,97.1870,1.7840,2025-01-04 21:04:13,10.0
0.53,16.9520,0.4410,96.9050,1.7290,2025-01-04 21:04:13,10.0
0.5370,16.9960,0.3050,96.8350,1.7680,2025-01-05 11:22:25,11.0
0.5360,16.9770,0.6020,96.9550,1.7790,2025-01-05 11:22:25,11.0
0.5650,17.1370,0.5150,97.0510,1.8250,2025-01-05 11:22:25,11.0
0.5430,17.1690,0.6160,97.2730,1.8040,2025-01-05 11:22:25,11.0
0.5190,16.9550,0.5740,97.2710,1.6560,2025-01-05 11:22:25,11.0
0.5270,16.9550,0.5150,97.3250,1.7630,2025-01-05 11:22:25,11.0
0.5520,16.8860,0.5560,97.2480,1.8930,2025-01-05 11:22:25,11.0
0.5430,16.9170,0.6020,97.14,1.7190,2025-01-05 11:22:25,11.0
0.5530,16.9580,0.4940,97.12,1.83,2025-01-05 11:22:25,11.0
0.5070,16.8390,0.8470,96.9110,1.6580,2025-01-05 11:22:25,11.0
0.5420,16.9170,0.3810,96.8980,1.8310,2025-01-05 11:22:25,11.0
0.56,17.0210,0.4790,97.5570,1.8650,2025-01-05 11:22:25,11.0
0.5170,16.9110,0.6370,97.3280,1.7490,2025-01-05 11:22:25,11.0
0.5440,16.9550,0.5290,97.3710,1.8820,2025-01-05 11:22:25,11.0
0.5330,16.9080,0.4760,97.1490,1.8310,2025-01-05 11:22:25,11.0
0.5030,16.8450,0.5460,96.8860,1.6420,2025-01-05 11:22:25,11.0
0.5610,16.9870,0.4270,97.1040,1.8940,2025-01-05 11:22:25,11.0
0.5420,16.8010,0.6750,97.2430,1.8880,2025-01-05 11:22:25,11.0
0.5350,17.0090,0.4020,96.8710,1.8880,2025-01-05 11:22:25,11.0
0.5310,16.9460,0.3960,97.0980,1.7160,2025-01-05 11:22:25,11.0
0.5460,17.0530,0.6790,96.9650,1.87,2025-01-05 12:52:27,12.0
0.5550,16.9460,0.5360,96.9040,1.9930,2025-01-05 12:52:27,12.0
0.5560,17.0310,0.4230,97.1580,1.83,2025-01-05 12:52:27,12.0
0.5160,16.8860,0.3570,97.2080,1.7510,2025-01-05 12:52:27,12.0
0.5530,16.9390,0.5460,97.2790,1.83,2025-01-05 12:52:27,12.0
0.54,16.9170,0.3780,97.2120,1.70,2025-01-05 12:52:27,12.0
0.5190,16.9050,0.6480,97.0230,1.8190,2025-01-05 12:52:27,12.0
0.5280,16.8890,0.5110,97.0810,1.7440,2025-01-05 12:52:27,12.0
0.5480,16.9020,0.5350,97.1630,1.8980,2025-01-05 12:52:27,12.0
0.5070,17.0150,0.55,97.2820,1.6850,2025-01-05 12:52:27,12.0
0.5280,16.8580,0.3290,97.1570,1.84,2025-01-05 12:52:27,12.0
0.5420,16.9610,0.6020,97.0280,1.8640,2025-01-05 12:52:27,12.0
0.5470,17.1630,0.5910,97.01,1.8350,2025-01-05 12:52:27,12.0
0.5520,17.1880,0.4340,97.0190,1.88,2025-01-05 12:52:27,12.0
0.5210,17.0020,0.4270,97.17,1.7640,2025-01-05 12:52:27,12.0
0.5230,17.0560,0.49,96.9640,1.7130,2025-01-05 12:52:27,12.0
0.5180,16.9580,0.42,96.9880,1.7590,2025-01-05 12:52:27,12.0
0.52,16.9360,0.56,97.0310,1.7820,2025-01-05 12:52:27,12.0
0.5350,17.1150,0.4410,97.2770,1.7550,2025-01-05 12:52:27,12.0
0.5350,16.8670,0.5290,97.40,1.7780,2025-01-05 12:52:27,12.0
0.5430,16.9520,0.5290,96.8970,1.7650,2025-01-12 13:19:24,13.0
0.54,16.9710,0.5880,96.7170,1.7470,2025-01-12 13:19:24,13.0
0.5370,16.9460,0.4760,97.1220,1.8220,2025-01-12 13:19:24,13.0
0.5390,17.0090,0.5430,97.1680,1.8040,2025-01-12 13:19:24,13.0
0.5350,17.0370,0.5850,96.9010,1.8240,2025-01-12 13:19:24,13.0
0.51,16.9740,0.2980,96.8520,1.78,2025-01-12 13:19:24,13.0
0.5240,16.9240,0.4620,97.1630,1.8140,2025-01-12 13:19:24,13.0
0.5290,16.9270,0.62,97.2240,1.7630,2025-01-12 13:19:24,13.0
0.5510,17.0210,0.5040,97.1890,1.8420,2025-01-12 13:19:24,13.0
0.5360,16.8890,0.4020,96.8430,1.7430,2025-01-12 13:19:24,13.0
0.5530,16.9170,0.4690,97.0960,1.7170,2025-01-12 13:19:24,13.0
0.5440,16.8920,0.5210,97.2210,1.8170,2025-01-12 13:19:24,13.0
0.5240,16.9520,0.4970,97.2110,1.7590,2025-01-12 13:19:24,13.0
0.5310,16.9050,0.6370,97.1310,1.84,2025-01-12 13:19:24,13.0
0.5360,16.99,0.5320,96.9150,1.7580,2025-01-12 13:19:24,13.0
0.5410,16.9390,0.5390,96.8960,1.8610,2025-01-12 13:19:24,13.0
0.5320,16.8480,0.56,97.2030,1.7560,2025-01-12 13:19:24,13.0
0.5580,17.0020,0.4970,96.8830,1.8730,2025-01-12 13:19:24,13.0
0.5570,16.9490,0.3880,97.0880,1.8940,2025-01-12 13:19:24,13.0
0.5060,16.9240,0.4480,97.1430,1.6950,2025-01-12 13:19:24,13.0
0.5290,16.88,0.5740,97.1030,1.8020,2025-01-12 19:39:42,14.0
0.52,16.8950,0.6890,97.0910,1.7710,2025-01-12 19:39:42,14.0
0.5050,16.9390,0.6370,96.8690,1.68,2025-01-12 19:39:42,14.0
0.5350,16.8450,0.5570,97.06,1.8790,2025-01-12 19:39:42,14.0
0.5260,16.8920,0.5180,96.9030,1.7990,2025-01-12 19:39:42,14.0
0.5130,16.8580,0.5220,96.8620,1.6420,2025-01-12 19:39:42,14.0
0.5260,16.93,0.5110,96.8850,1.7310,2025-01-12 19:39:42,14.0
0.5280,16.8830,0.4620,97.2050,1.7480,2025-01-12 19:39:42,14.0
0.5270,16.8390,0.5040,97.1380,1.81,2025-01-12 19:39:42,14.0
0.5670,17.0150,0.5040,97.0130,1.96,2025-01-12 19:39:42,14.0
0.5220,16.8860,0.4030,97.0280,1.6770,2025-01-12 19:39:42,14.0
0.5280,16.9170,0.6230,97.3280,1.6980,2025-01-12 19:39:42,14.0
0.54,16.9770,0.5810,97.1420,1.8130,2025-01-12 19:39:42,14.0
0.5070,16.8110,0.5390,97.1960,1.7560,2025-01-12 19:39:42,14.0
0.52,16.9170,0.56,96.8180,1.7190,2025-01-12 19:39:42,14.0
0.5510,16.9770,0.5880,97.1040,2.0170,2025-01-12 19:39:42,14.0
0.5210,16.8920,0.4650,96.8070,1.7490,2025-01-12 19:39:42,14.0
0.5250,17.0530,0.55,97.0880,1.7790,2025-01-12 19:39:42,14.0
0.5320,16.9330,0.50,96.9670,1.8320,2025-01-12 19:39:42,14.0
0.5070,16.8730,0.55,96.7320,1.6250,2025-01-12 19:39:42,14.0
0.5280,17.0650,0.4550,97.1590,1.7140,2025-01-12 21:09:45,15.0
0.5180,16.9110,0.48,97.2970,1.7620,2025-01-12 21:09:45,15.0
0.5370,17.0270,0.6680,97.0310,1.8290,2025-01-12 21:09:45,15.0
0.5280,16.9830,0.5950,97.0760,1.79,2025-01-12 21:09:45,15.0
0.5380,16.9330,0.63,96.9440,1.7860,2025-01-12 21:09:45,15.0
0.5450,16.88,0.41,97.1440,1.8760,2025-01-12 21:09:45,15.0
0.5350,17.0650,0.5640,97.0630,1.7730,2025-01-12 21:09:45,15.0
0.5090,16.9140,0.42,97.1990,1.6720,2025-01-12 21:09:45,15.0
0.5310,17.0150,0.5810,97.1760,1.7580,2025-01-12 21:09:45,15.0
0.5220,16.9170,0.5950,97.1180,1.7940,2025-01-12 21:09:45,15.0
0.5190,16.9990,0.5530,96.7560,1.7650,2025-01-12 21:09:45,15.0
0.5220,17.0270,0.4450,97.0060,1.8010,2025-01-12 21:09:45,15.0
0.5280,17.0620,0.4580,96.9810,1.7580,2025-01-12 21:09:45,15.0
0.5240,17.0120,0.3150,97.0960,1.7450,2025-01-12 21:09:45,15.0
0.5360,17.0240,0.5150,96.8750,1.8340,2025-01-12 21:09:45,15.0
0.5490,17.0680,0.6410,96.9560,1.8410,2025-01-12 21:09:45,15.0
0.5270,17.0430,0.4380,97.16,1.7720,2025-01-12 21:09:45,15.0
0.5230,17.1090,0.3250,97.05,1.7620,2025-01-12 21:09:45,15.0
0.4870,16.9240,0.4940,97.0110,1.74,2025-01-12 21:09:45,15.0
0.5090,16.8640,0.6830,96.6510,1.6440,2025-01-12 21:09:45,15.0
0.54,16.9870,0.3080,96.9530,1.8020,2025-01-13 11:21:41,16.0
0.5160,16.99,0.5150,97.0280,1.7260,2025-01-13 11:21:41,16.0
0.5170,16.93,0.6230,97.0080,1.8170,2025-01-13 11:21:41,16.0
0.5190,16.8770,0.6440,97.2170,1.7050,2025-01-13 11:21:41,16.0
0.5030,16.9580,0.34,96.9130,1.6750,2025-01-13 11:21:41,16.0
0.5330,16.9550,0.5950,97.1830,1.7390,2025-01-13 11:21:41,16.0
0.5420,17.1810,0.3050,97.0990,1.7260,2025-01-13 11:21:41,16.0
0.5210,16.9520,0.7660,97.0970,1.7380,2025-01-13 11:21:41,16.0
0.5280,16.9650,0.42,96.9380,1.8510,2025-01-13 11:21:41,16.0
0.5180,16.9520,0.5560,97.16,1.65,2025-01-13 11:21:41,16.0
0.5160,16.9170,0.5250,97.0220,1.85,2025-01-13 11:21:41,16.0
0.5080,16.9550,0.5320,97.0760,1.6370,2025-01-13 11:21:41,16.0
0.5180,17.0810,0.4130,97.1240,1.6390,2025-01-13 11:21:41,16.0
0.5330,17.0340,0.4550,97.3030,1.7980,2025-01-13 11:21:41,16.0
0.5340,17.10,0.5740,96.9990,1.7460,2025-01-13 11:21:41,16.0
0.5210,16.9550,0.5220,97.1850,1.7360,2025-01-13 11:21:41,16.0
0.5180,17.0240,0.5320,97.1970,1.7220,2025-01-13 11:21:41,16.0
0.5180,17.0650,0.5710,96.8150,1.7380,2025-01-13 11:21:41,16.0
0.55,17.0020,0.4170,96.9820,1.8070,2025-01-13 11:21:41,16.0
0.5330,17.0180,0.5320,96.9670,1.8310,2025-01-13 11:21:41,16.0
0.5550,17.0750,0.4690,97.2920,1.8990,2025-01-13 13:01:48,17.0
0.5420,16.9610,0.43,97.2740,1.7970,2025-01-13 13:01:48,17.0
0.5470,16.9830,0.4790,97.3690,1.7710,2025-01-13 13:01:48,17.0
0.5410,17.0310,0.5850,97.2480,1.7270,2025-01-13 13:01:48,17.0
0.5280,17.0750,0.5630,96.8560,1.6820,2025-01-13 13:01:48,17.0
0.5220,16.9960,0.5350,97.3730,1.6670,2025-01-13 13:01:48,17.0
0.5550,16.9430,0.5040,97.20,1.8350,2025-01-13 13:01:48,17.0
0.5250,16.9430,0.4170,97.0210,1.7540,2025-01-13 13:01:48,17.0
0.5340,16.9580,0.4030,97.13,1.72,2025-01-13 13:01:48,17.0
0.5330,17.0150,0.3330,96.8430,1.7880,2025-01-13 13:01:48,17.0
0.5320,17.0180,0.5950,97.2350,1.7710,2025-01-13 13:01:48,17.0
0.5280,16.9610,0.4380,96.87,1.6720,2025-01-13 13:01:48,17.0
0.5340,16.9990,0.5950,96.8240,1.7530,2025-01-13 13:01:48,17.0
0.5370,17.0340,0.5910,96.8140,1.7770,2025-01-13 13:01:48,17.0
0.5340,16.9710,0.49,97.1390,1.72,2025-01-13 13:01:48,17.0
0.5440,16.99,0.4520,97.2110,1.8330,2025-01-13 13:01:48,17.0
0.53,16.9610,0.5280,96.9230,1.8270,2025-01-13 13:01:48,17.0
0.5360,17.04,0.5980,97.0810,1.68,2025-01-13 13:01:48,17.0
0.5170,16.88,0.4830,96.9680,1.7180,2025-01-13 13:01:48,17.0
0.5280,17.0240,0.5080,96.9250,1.7150,2025-01-13 13:01:48,17.0
0.5410,17.1090,0.5150,97.2040,1.8410,2025-01-13 18:51:57,18.0
0.5390,17.04,0.5670,97.2260,1.7990,2025-01-13 18:51:57,18.0
0.5420,17.1060,0.3990,96.97,1.8160,2025-01-13 18:51:57,18.0
0.5170,17.0970,0.3430,97.0210,1.6670,2025-01-13 18:51:57,18.0
0.5340,17.04,0.5110,97.0760,1.76,2025-01-13 18:51:57,18.0
0.5090,17.0590,0.5810,96.7980,1.7660,2025-01-13 18:51:57,18.0
0.5520,17.0810,0.3990,97.0780,1.9610,2025-01-13 18:51:57,18.0
0.5430,17.1190,0.5420,97.0050,1.7910,2025-01-13 18:51:57,18.0
0.5150,17.0590,0.4130,97.3720,1.6230,2025-01-13 18:51:57,18.0
0.5190,17.0530,0.5150,97.2470,1.6590,2025-01-13 18:51:57,18.0
0.5430,17.0840,0.5910,96.9080,1.7590,2025-01-13 18:51:57,18.0
0.5130,17.0650,0.4230,97.3380,1.7270,2025-01-13 18:51:57,18.0
0.5390,17.1660,0.4520,97.0540,1.7480,2025-01-13 18:51:57,18.0
0.53,17.1530,0.3810,97.0630,1.8640,2025-01-13 18:51:57,18.0
0.5420,17.0620,0.5710,97.0910,1.8570,2025-01-13 18:51:57,18.0
0.5280,17.0460,0.5290,97.02,1.81,2025-01-13 18:51:57,18.0
0.5350,17.0370,0.5630,97.0050,1.7980,2025-01-13 18:51:57,18.0
0.5370,17.0710,0.6230,97.1280,1.7410,2025-01-13 18:51:57,18.0
0.5610,17.1720,0.55,96.8530,1.9050,2025-01-13 18:51:57,18.0
0.5330,17.1280,0.4730,96.9270,1.7320,2025-01-13 18:51:57,18.0
0.5670,17.09,0.4830,96.9360,1.9380,2025-01-13 21:07:05,19.0
0.5380,16.9270,0.4230,96.8940,1.7090,2025-01-13 21:07:05,19.0
0.5540,16.9110,0.4720,97.2350,1.91,2025-01-13 21:07:05,19.0
0.5470,16.9460,0.4860,97.2470,1.9280,2025-01-13 21:07:05,19.0
0.53,17.0270,0.5950,97.15,1.82,2025-01-13 21:07:05,19.0
0.5330,17.0490,0.5670,97.2180,1.7340,2025-01-13 21:07:05,19.0
0.54,16.99,0.2630,97.2520,1.89,2025-01-13 21:07:05,19.0
0.5410,17.0710,0.4410,97.1980,1.7960,2025-01-13 21:07:05,19.0
0.5430,16.9610,0.3610,97.2210,1.7570,2025-01-13 21:07:05,19.0
0.5370,16.9020,0.5210,96.9990,1.9180,2025-01-13 21:07:05,19.0
0.5420,16.9270,0.4760,97.03,1.85,2025-01-13 21:07:05,19.0
0.5350,17.0050,0.5740,96.8290,1.7470,2025-01-13 21:07:05,19.0
0.5510,16.9740,0.4790,96.8510,1.8540,2025-01-13 21:07:05,19.0
0.5340,16.8860,0.4550,97.21,1.7680,2025-01-13 21:07:05,19.0
0.5290,16.93,0.3960,97.0120,1.7580,2025-01-13 21:07:05,19.0
0.5390,16.9210,0.6760,97.1010,1.7170,2025-01-13 21:07:05,19.0
0.5350,16.9520,0.5040,96.9520,1.8130,2025-01-13 21:07:05,19.0
0.5280,16.9830,0.42,97.1490,1.7410,2025-01-13 21:07:05,19.0
0.5410,16.99,0.5740,97.0930,1.8930,2025-01-13 21:07:05,19.0
0.5410,17.0430,0.4940,96.9710,1.8660,2025-01-13 21:07:05,19.0
0.5370,17.0370,0.70,97.2020,1.7770,2025-01-14 11:29:22,20.0
0.5380,17.0340,0.6160,97.0170,1.8880,2025-01-14 11:29:22,20.0
0.54,17.1440,0.4650,97.0860,1.7540,2025-01-14 11:29:22,20.0
0.5590,17.0120,0.5420,97.2770,1.8540,2025-01-14 11:29:22,20.0
0.5150,17.0930,0.8330,96.8760,1.6480,2025-01-14 11:29:22,20.0
0.5240,17.1120,0.5350,96.8950,1.6690,2025-01-14 11:29:22,20.0
0.5310,17.0750,0.5850,97.0490,1.8610,2025-01-14 11:29:22,20.0
0.5350,17.0210,0.6330,97.1150,1.7370,2025-01-14 11:29:22,20.0
0.5390,17.0020,0.5010,97.2560,1.8270,2025-01-14 11:29:22,20.0
0.5220,16.9740,0.7730,97.2320,1.6680,2025-01-14 11:29:22,20.0
0.5420,17.0240,0.7350,96.7950,1.75,2025-01-14 11:29:22,20.0
0.5190,16.8640,0.5740,97.3910,1.7310,2025-01-14 11:29:22,20.0
0.5210,16.9170,0.6750,97.2310,1.7350,2025-01-14 11:29:22,20.0
0.5190,17.0530,0.5250,97.1890,1.75,2025-01-14 11:29:22,20.0
0.4970,16.8890,0.63,97.3180,1.5970,2025-01-14 11:29:22,20.0
0.5230,17.0620,0.6680,97.2880,1.6750,2025-01-14 11:29:22,20.0
0.5330,17.1780,0.7040,97.4190,1.74,2025-01-14 11:29:22,20.0
0.5270,17.0750,0.5180,97.0090,1.8180,2025-01-14 11:29:22,20.0
0.53,17.0270,0.56,97.0290,1.6650,2025-01-14 11:29:22,20.0
0.5240,17.0050,0.63,96.7550,1.7910,2025-01-14 11:29:22,20.0
0.5260,17.0240,0.5770,96.9150,1.7040,2025-01-14 12:54:27,21.0
0.5240,17.0090,0.3460,96.91,1.81,2025-01-14 12:54:27,21.0
0.5210,16.99,0.4270,97.1270,1.6640,2025-01-14 12:54:27,21.0
0.5210,17.0150,0.4870,97.0650,1.8250,2025-01-14 12:54:27,21.0
0.5350,17.0210,0.3990,97.1790,1.8150,2025-01-14 12:54:27,21.0
0.5280,16.9430,0.5770,97.3780,1.7660,2025-01-14 12:54:27,21.0
0.5480,17.0270,0.6120,96.9790,1.7970,2025-01-14 12:54:27,21.0
0.5280,16.9830,0.6580,97.0860,1.7360,2025-01-14 12:54:27,21.0
0.5390,17.0270,0.5110,97.0830,1.7490,2025-01-14 12:54:27,21.0
0.5320,17.0650,0.5910,97.2270,1.8310,2025-01-14 12:54:27,21.0
0.5420,17.1310,0.5780,96.9710,1.8480,2025-01-14 12:54:27,21.0
0.5140,16.9490,0.5810,97.1650,1.6720,2025-01-14 12:54:27,21.0
0.5440,17.15,0.6130,97.1070,1.6910,2025-01-14 12:54:27,21.0
0.5230,17.0680,0.4340,96.9980,1.6570,2025-01-14 12:54:27,21.0
0.5220,17.0020,0.5950,97.2470,1.79,2025-01-14 12:54:27,21.0
0.5250,17.0340,0.5880,97.1430,1.7560,2025-01-14 12:54:27,21.0
0.5470,17.0620,0.50,97.1550,1.7890,2025-01-14 12:54:27,21.0
0.5310,17.1310,0.6510,96.7830,1.6690,2025-01-14 12:54:27,21.0
0.5140,17.0090,0.7240,97.19,1.7650,2025-01-14 12:54:27,21.0
0.5350,17.0680,0.56,96.7960,1.7920,2025-01-14 12:54:27,21.0
0.55,16.8450,0.6680,96.8480,1.9460,2025-01-14 19:14:36,22.0
0.5410,16.9110,0.43,96.9720,1.8340,2025-01-14 19:14:36,22.0
0.5390,17.0530,0.29,96.8260,1.8270,2025-01-14 19:14:36,22.0
0.5120,16.9240,0.6060,97.1150,1.6140,2025-01-14 19:14:36,22.0
0.5350,16.8990,0.6680,96.8970,1.7780,2025-01-14 19:14:36,22.0
0.5380,16.9140,0.6060,97.2680,1.8280,2025-01-14 19:14:36,22.0
0.52,16.9020,0.5950,97.0860,1.7280,2025-01-14 19:14:36,22.0
0.5390,16.8830,0.6160,96.8940,1.8970,2025-01-14 19:14:36,22.0
0.5440,16.9580,0.3360,97.1910,1.8270,2025-01-14 19:14:36,22.0
0.52,16.8730,0.4440,97.1360,1.7030,2025-01-14 19:14:36,22.0
0.53,16.9330,0.3250,97.2450,0.02,2025-01-14 19:14:36,22.0
0.5180,16.9050,0.62,96.7860,1.6870,2025-01-14 19:14:36,22.0
0.5330,16.9610,0.6160,97.03,1.7930,2025-01-14 19:14:36,22.0
0.5410,16.87,0.5350,97.0960,1.8030,2025-01-14 19:14:36,22.0
0.5210,16.9270,0.5780,97.1910,1.7510,2025-01-14 19:14:36,22.0
0.5530,16.9330,0.5110,96.8710,1.8790,2025-01-14 19:14:36,22.0
0.5370,16.9170,0.6120,97.2010,1.8280,2025-01-14 19:14:36,22.0
0.5120,16.9140,0.5560,97.2050,1.6910,2025-01-14 19:14:36,22.0
0.5340,16.8730,0.6720,97.0070,1.8910,2025-01-14 19:14:36,22.0
0.5210,16.8230,0.6860,97.0790,1.76,2025-01-14 19:14:36,22.0
0.54,16.9580,0.3640,97.13,1.7810,2025-01-15 11:37:03,23.0
0.5340,17.1090,0.4660,97.1190,1.8160,2025-01-15 11:37:03,23.0
0.5170,16.87,0.6410,97.2140,1.7040,2025-01-15 11:37:03,23.0
0.5140,17.0370,0.5040,97.0990,1.7050,2025-01-15 11:37:03,23.0
0.5330,17.10,0.5840,97.21,1.7750,2025-01-15 11:37:03,23.0
0.5270,16.98,0.3920,97.09,1.8250,2025-01-15 11:37:03,23.0
0.5150,16.8360,0.4620,97.1480,1.8020,2025-01-15 11:37:03,23.0
0.5320,17.0150,0.4830,96.8650,1.7360,2025-01-15 11:37:03,23.0
0.5160,17.04,0.5040,97.1740,1.7550,2025-01-15 11:37:03,23.0
0.5590,17.0810,0.5530,96.75,1.8630,2025-01-15 11:37:03,23.0
0.5420,16.9710,0.5880,96.9280,1.90,2025-01-15 11:37:03,23.0
0.5530,17.0310,0.4870,96.8710,1.8920,2025-01-15 11:37:03,23.0
0.5370,16.9580,0.5180,97.03,1.7240,2025-01-15 11:37:03,23.0
0.53,17.0840,0.6440,96.8330,1.7250,2025-01-15 11:37:03,23.0
0.5310,17.04,0.5810,97.07,1.8680,2025-01-15 11:37:03,23.0
0.5170,17.1060,0.3990,96.96,1.7360,2025-01-15 11:37:03,23.0
0.5380,16.9770,0.6090,96.8770,1.8020,2025-01-15 11:37:03,23.0
0.5250,17.0590,0.5530,96.9040,1.8030,2025-01-15 11:37:03,23.0
0.5420,17.0970,0.56,96.8750,1.8950,2025-01-15 11:37:03,23.0
0.54,17.1810,0.7070,97.0790,1.7760,2025-01-15 11:37:03,23.0
0.5350,16.99,0.4620,97.0630,1.71,2025-01-15 13:07:09,24.0
0.55,17.1590,0.5040,96.8670,1.8240,2025-01-15 13:07:09,24.0
0.55,17.1690,0.4870,96.9350,1.8650,2025-01-15 13:07:09,24.0
0.5390,17.1060,0.9380,96.8670,1.7440,2025-01-15 13:07:09,24.0
0.54,17.0650,0.5740,96.8470,1.8170,2025-01-15 13:07:09,24.0
0.5360,17.0370,0.4870,97.0480,1.8330,2025-01-15 13:07:09,24.0
0.5360,17.0370,0.4340,97.0850,1.7870,2025-01-15 13:07:09,24.0
0.53,17.1280,0.7420,96.9110,1.71,2025-01-15 13:07:09,24.0
0.55,17.0840,0.2660,97.0960,1.76,2025-01-15 13:07:09,24.0
0.5290,17.1630,0.4730,97.1250,1.72,2025-01-15 13:07:09,24.0
0.53,16.9990,0.5640,97.0780,1.8310,2025-01-15 13:07:09,24.0
0.5220,17.0150,0.5040,96.8510,1.6920,2025-01-15 13:07:09,24.0
0.51,17.0050,0.5910,97.0130,1.6470,2025-01-15 13:07:09,24.0
0.5440,17.0310,0.5950,96.9130,1.8280,2025-01-15 13:07:09,24.0
0.5520,17.1410,0.4380,96.9880,1.8460,2025-01-15 13:07:09,24.0
0.5320,17.0270,0.5430,97.1010,1.7440,2025-01-15 13:07:09,24.0
0.54,17.1250,0.4720,97.0290,1.77,2025-01-15 13:07:09,24.0
0.5270,17.09,0.4690,96.6840,1.8040,2025-01-15 13:07:09,24.0
0.5320,17.09,0.5420,96.7660,1.7510,2025-01-15 13:07:09,24.0
0.5070,17.0050,0.4760,97.0550,1.6390,2025-01-15 13:07:09,24.0
0.5320,17.1120,0.5810,96.80,1.7880,2025-01-16 09:24:13,25.0
0.5220,17.0810,0.6160,97.1090,1.8080,2025-01-16 09:24:13,25.0
0.5420,17.0050,0.49,96.8520,1.83,2025-01-16 09:24:13,25.0
0.52,17.0120,0.4410,97.2020,1.7710,2025-01-16 09:24:13,25.0
0.5310,17.1030,0.4580,96.9040,1.7730,2025-01-16 09:24:13,25.0
0.5110,16.8950,0.4790,97.1170,1.7480,2025-01-16 09:24:13,25.0
0.5240,17.0710,0.5880,97.1280,1.7290,2025-01-16 09:24:13,25.0
0.5190,17.0150,0.3880,97.17,1.7180,2025-01-16 09:24:13,25.0
0.5220,16.9990,0.50,97.0970,1.7560,2025-01-16 09:24:13,25.0
0.54,17.1060,0.3740,97.1980,1.7810,2025-01-16 09:24:13,25.0
0.5180,16.9770,0.4720,97.0720,1.6890,2025-01-16 09:24:13,25.0
0.5260,17.0240,0.5390,97.0570,1.7640,2025-01-16 09:24:13,25.0
0.5430,17.10,0.6270,96.7930,1.8760,2025-01-16 09:24:13,25.0
0.5290,17.0560,0.5560,97.1210,1.7850,2025-01-16 09:24:13,25.0
0.5670,17.0680,0.6190,96.85,1.9490,2025-01-16 09:24:13,25.0
0.4960,17.0490,0.6270,97.1080,1.6690,2025-01-16 09:24:13,25.0
0.5160,17.0180,0.4730,96.9290,1.6610,2025-01-16 09:24:13,25.0
0.5290,17.0840,0.4230,96.6950,1.6440,2025-01-16 09:24:13,25.0
0.5350,17.1940,0.5390,96.8460,1.8410,2025-01-16 09:24:13,25.0
0.5220,16.9210,0.4410,97.1570,1.7710,2025-01-16 09:24:13,25.0
0.55,16.9830,0.4660,97.2190,1.9870,2025-01-16 09:44:18,26.0
0.5240,16.93,0.6020,97.3080,1.7760,2025-01-16 09:44:18,26.0
0.53,16.9770,0.6060,97.3110,1.7190,2025-01-16 09:44:18,26.0
0.5490,16.9870,0.4830,97.3050,1.9310,2025-01-16 09:44:18,26.0
0.5250,16.9550,0.4550,97.0440,1.7440,2025-01-16 09:44:18,26.0
0.5440,17.0750,0.4230,96.9970,1.8530,2025-01-16 09:44:18,26.0
0.5370,16.9550,0.5430,96.7850,1.8780,2025-01-16 09:44:18,26.0
0.5290,16.99,0.5290,97.1920,1.8170,2025-01-16 09:44:18,26.0
0.5580,17.0270,0.4830,97.2280,1.9620,2025-01-16 09:44:18,26.0
0.5660,16.9990,0.4480,96.70,2.0560,2025-01-16 09:44:18,26.0
0.5380,17.1340,0.4660,97.0090,1.8740,2025-01-16 09:44:18,26.0
0.5140,17.0020,0.3990,96.7220,1.7010,2025-01-16 09:44:18,26.0
0.5290,16.87,0.4790,97.2510,1.8410,2025-01-16 09:44:18,26.0
0.5390,16.8990,0.4690,96.8550,1.9060,2025-01-16 09:44:18,26.0
0.5250,16.9770,0.3960,97.3210,1.8340,2025-01-16 09:44:18,26.0
0.5350,16.8450,0.62,97.1050,1.7260,2025-01-16 09:44:18,26.0
0.5360,17.0180,0.56,96.9460,1.8740,2025-01-16 09:44:18,26.0
0.55,17.0810,0.5990,96.92,1.8920,2025-01-16 09:44:18,26.0
0.5280,16.9270,0.5290,97.1070,1.7870,2025-01-16 09:44:18,26.0
0.5260,16.9610,0.4440,97.1290,1.6650,2025-01-16 09:44:18,26.0
0.5460,17.0310,0.6480,96.9930,1.8840,2025-01-16 11:49:29,27.0
0.5350,16.9580,0.5460,97.0960,1.7670,2025-01-16 11:49:29,27.0
0.5320,17.1370,0.6510,97.11,1.7720,2025-01-16 11:49:29,27.0
0.54,16.9490,0.4580,97.2540,1.7170,2025-01-16 11:49:29,27.0
0.5350,16.9830,0.5150,97.2170,1.8290,2025-01-16 11:49:29,27.0
0.5350,17.1120,0.3780,97.1690,1.6270,2025-01-16 11:49:29,27.0
0.5190,17.1220,0.5640,96.8230,1.7210,2025-01-16 11:49:29,27.0
0.5380,17.0560,0.5810,97.1030,1.8620,2025-01-16 11:49:29,27.0
0.5260,17.0120,0.5630,97.0440,1.7960,2025-01-16 11:49:29,27.0
0.5250,16.9360,0.6510,97.15,1.7720,2025-01-16 11:49:29,27.0
0.5290,17.0710,0.4650,96.98,1.8710,2025-01-16 11:49:29,27.0
0.5270,17.0930,0.56,96.9130,1.7590,2025-01-16 11:49:29,27.0
0.5360,17.0370,0.69,96.8240,1.8490,2025-01-16 11:49:29,27.0
0.5420,17.0310,0.4730,96.8470,1.83,2025-01-16 11:49:29,27.0
0.5160,16.9680,0.5710,97.0170,1.7540,2025-01-16 11:49:29,27.0
0.5560,17.04,0.6160,96.88,1.7310,2025-01-16 11:49:29,27.0
0.5190,17.0490,0.5320,97.1110,1.8050,2025-01-16 11:49:29,27.0
0.5060,17.0180,0.4620,97.0990,1.7590,2025-01-16 11:49:29,27.0
0.5270,17.0460,0.4870,97.1230,1.8270,2025-01-16 11:49:29,27.0
0.5190,17.0430,0.5670,97.0530,1.6970,2025-01-16 11:49:29,27.0
0.5350,17.15,0.3890,97.14,1.7620,2025-01-16 13:04:37,28.0
0.53,17.0430,0.4830,97.1110,1.6660,2025-01-16 13:04:37,28.0
0.5430,17.0210,0.7280,97.2140,1.8630,2025-01-16 13:04:37,28.0
0.5160,17.10,0.4760,96.8950,1.7350,2025-01-16 13:04:37,28.0
0.5280,17.1150,0.4970,97.1920,1.7440,2025-01-16 13:04:37,28.0
0.5230,17.0430,0.55,97.0930,1.7440,2025-01-16 13:04:37,28.0
0.5110,16.9610,0.55,97.1470,1.6050,2025-01-16 13:04:37,28.0
0.5640,17.1780,0.5250,96.9790,1.8790,2025-01-16 13:04:37,28.0
0.5390,17.0180,0.7520,96.8490,1.8380,2025-01-16 13:04:37,28.0
0.5580,17.0490,0.6020,96.9420,1.9640,2025-01-16 13:04:37,28.0
0.5190,17.0870,0.4410,96.9090,1.70,2025-01-16 13:04:37,28.0
0.5210,17.0020,0.42,97.2010,1.7510,2025-01-16 13:04:37,28.0
0.5450,17.1720,0.6720,97.0130,1.7390,2025-01-16 13:04:37,28.0
0.5330,16.9490,0.6230,97.1350,1.7690,2025-01-16 13:04:37,28.0
0.5380,16.9770,0.6120,97.2150,1.8260,2025-01-16 13:04:37,28.0
0.5250,17.0090,0.6550,96.9610,1.7440,2025-01-16 13:04:37,28.0
0.5260,17.0370,0.3190,96.8550,1.7080,2025-01-16 13:04:37,28.0
0.5110,16.8580,0.7840,97.0940,1.5810,2025-01-16 13:04:37,28.0
0.5390,17.1660,0.5070,97.1860,1.8720,2025-01-16 13:04:37,28.0
0.51,16.9390,0.6440,97.1330,1.7180,2025-01-16 13:04:37,28.0
0.5360,17.0180,0.6060,106.7940,1.7340,2025-01-16 19:39:54,29.0
0.5370,16.9960,0.4790,97.2750,1.8010,2025-01-16 19:39:54,29.0
0.5550,17.0240,0.6020,96.8950,1.8320,2025-01-16 19:39:54,29.0
0.5530,17.0150,0.6650,96.8660,1.87,2025-01-16 19:39:54,29.0
0.5430,16.9430,0.5430,96.9420,1.8040,2025-01-16 19:39:54,29.0
0.54,16.9930,0.6510,96.9150,1.8350,2025-01-16 19:39:54,29.0
0.5470,16.9650,0.5560,96.9850,1.8740,2025-01-16 19:39:54,29.0
0.5390,16.9650,0.4270,97.3130,1.8710,2025-01-16 19:39:54,29.0
0.5270,16.8330,0.6480,97.3820,1.7460,2025-01-16 19:39:54,29.0
0.5330,17.0050,0.6090,97.1180,1.7420,2025-01-16 19:39:54,29.0
0.5280,16.8670,0.5840,96.80,1.8370,2025-01-16 19:39:54,29.0
0.5330,16.9390,0.5880,96.9450,1.7690,2025-01-16 19:39:54,29.0
0.5180,16.9240,0.42,97.1070,1.7490,2025-01-16 19:39:54,29.0
0.5180,16.9740,0.5110,96.8730,1.7350,2025-01-16 19:39:54,29.0
0.5060,16.8420,0.3810,97.3540,1.6570,2025-01-16 19:39:54,29.0
0.5280,16.9020,0.63,97.1990,1.7620,2025-01-16 19:39:54,29.0
0.5240,16.9050,0.5040,97.1380,1.8310,2025-01-16 19:39:54,29.0
0.5260,17.0150,0.4020,97.40,1.7910,2025-01-16 19:39:54,29.0
0.5270,16.9210,0.3570,97.2010,1.7580,2025-01-16 19:39:54,29.0
0.5350,16.9170,0.5290,97.2790,1.8310,2025-01-16 19:39:54,29.0
0.5240,16.9710,0.5880,96.8490,1.7790,2025-01-16 21:04:59,30.0
0.5330,17.0210,0.5810,96.8850,1.75,2025-01-16 21:04:59,30.0
0.5390,17.04,0.6230,97.1290,1.7540,2025-01-16 21:04:59,30.0
0.5330,16.9520,0.5070,97.4250,0.0160,2025-01-16 21:04:59,30.0
0.54,16.9930,0.5560,97.0950,1.8950,2025-01-16 21:04:59,30.0
0.5480,17.0020,0.4790,96.9530,1.8190,2025-01-16 21:04:59,30.0
0.5410,17.0240,0.6540,97.1330,1.8250,2025-01-16 21:04:59,30.0
0.5370,16.9020,0.5640,97.1490,1.7410,2025-01-16 21:04:59,30.0
0.5420,17.0870,0.4550,96.8420,1.8120,2025-01-16 21:04:59,30.0
0.5340,17.0150,0.3050,97.2830,1.6760,2025-01-16 21:04:59,30.0
0.5280,17.0020,0.5710,96.8780,1.79,2025-01-16 21:04:59,30.0
0.5220,17.04,0.6680,97.18,1.7590,2025-01-16 21:04:59,30.0
0.5290,16.8860,0.5460,96.91,1.7390,2025-01-16 21:04:59,30.0
0.5220,16.9430,0.5530,96.9560,1.6650,2025-01-16 21:04:59,30.0
0.5260,16.9580,0.5850,97.2810,1.6920,2025-01-16 21:04:59,30.0
0.5260,17.0120,0.4730,97.2580,1.7250,2025-01-16 21:04:59,30.0
0.5130,16.9550,0.64,97.2750,1.7560,2025-01-16 21:04:59,30.0
0.5340,16.9430,0.5910,97.1280,1.7880,2025-01-16 21:04:59,30.0
0.5410,16.9580,0.4060,97.4060,1.7940,2025-01-16 21:04:59,30.0
0.5390,16.9710,0.4690,97.1580,1.6640,2025-01-16 21:04:59,30.0
0.5240,17.0430,0.5490,97.1320,1.8140,2025-01-17 11:32:16,31.0
0.5320,17.1370,0.49,97.1760,1.7010,2025-01-17 11:32:16,31.0
0.5260,17.0970,0.4650,97.1710,1.7750,2025-01-17 11:32:16,31.0
0.5180,17.0340,0.5950,97.0530,1.7670,2025-01-17 11:32:16,31.0
0.52,17.0050,0.6650,97.2760,1.6310,2025-01-17 11:32:16,31.0
0.5540,17.0680,0.6060,96.95,1.8070,2025-01-17 11:32:16,31.0
0.5140,17.0430,0.5320,97.0940,1.6510,2025-01-17 11:32:16,31.0
0.5150,16.9740,0.5880,97.5720,1.9640,2025-01-17 11:32:16,31.0
0.5290,17.0150,0.5150,97.2250,1.7630,2025-01-17 11:32:16,31.0
0.5110,17.0430,0.6750,96.8760,1.6040,2025-01-17 11:32:16,31.0
0.5240,17.0710,0.5570,97.12,1.7570,2025-01-17 11:32:16,31.0
0.5310,17.1910,0.6440,96.9910,1.7280,2025-01-17 11:32:16,31.0
0.5360,17.1150,0.6370,97.1060,1.7520,2025-01-17 11:32:16,31.0
0.5230,17.1090,0.7210,96.9860,1.7490,2025-01-17 11:32:16,31.0
0.5410,17.0930,0.4790,97.1370,1.7890,2025-01-17 11:32:16,31.0
0.51,17.0210,0.3610,96.9610,1.7250,2025-01-17 11:32:16,31.0
0.5310,17.0750,0.4550,97.1040,1.6790,2025-01-17 11:32:16,31.0
0.5440,17.0970,0.5880,97.0520,1.8110,2025-01-17 11:32:16,31.0
0.4910,16.9650,0.3670,96.9640,1.6030,2025-01-17 11:32:16,31.0
0.5080,17.0680,0.4760,96.85,1.68,2025-01-17 11:32:16,31.0
0.52,17.0240,0.6970,96.9760,1.7110,2025-01-17 12:57:20,32.0
0.5350,16.9830,0.5560,97.1350,1.7630,2025-01-17 12:57:20,32.0
0.5130,17.0620,0.4020,97.2310,1.6760,2025-01-17 12:57:20,32.0
0.5480,17.0430,0.6090,97.0080,1.8680,2025-01-17 12:57:20,32.0
0.53,16.9490,0.5180,97.1550,1.7170,2025-01-17 12:57:20,32.0
0.5220,17.10,0.6120,97.1190,1.6660,2025-01-17 12:57:20,32.0
0.5220,17.0560,0.62,96.8790,1.7070,2025-01-17 12:57:20,32.0
0.5160,17.0310,0.5390,97,1.6630,2025-01-17 12:57:20,32.0
0.5330,17.0460,0.4790,97.0640,1.79,2025-01-17 12:57:20,32.0
0.5290,16.9990,0.6230,96.8930,1.7260,2025-01-17 12:57:20,32.0
0.5470,17.0650,0.5640,96.9070,1.8540,2025-01-17 12:57:20,32.0
0.5320,16.9710,0.5250,96.99,1.7920,2025-01-17 12:57:20,32.0
0.5120,16.9990,0.3220,97.2710,1.6420,2025-01-17 12:57:20,32.0
0.5280,17.0430,0.6270,97.2190,1.8690,2025-01-17 12:57:20,32.0
0.5040,16.8230,0.4790,96.8140,1.7530,2025-01-17 12:57:20,32.0
0.5410,17.0310,0.6750,96.99,1.8790,2025-01-17 12:57:20,32.0
0.5150,17.0180,0.5010,97.2320,1.6760,2025-01-17 12:57:20,32.0
0.5380,17.0530,0.4970,96.88,1.8430,2025-01-17 12:57:20,32.0
0.5270,16.9830,0.4690,96.9330,1.7580,2025-01-17 12:57:20,32.0
0.53,16.9930,0.6790,97.32,1.7080,2025-01-17 12:57:20,32.0
0.5240,17.0430,0.5530,97.19,1.5850,2025-01-17 19:52:33,33.0
0.5230,17.1310,0.5810,96.8680,1.7370,2025-01-17 19:52:33,33.0
0.5060,17.0370,0.5980,97.03,1.6910,2025-01-17 19:52:33,33.0
0.53,17.0090,0.6480,97.3490,1.70,2025-01-17 19:52:33,33.0
0.5190,16.9960,0.6160,96.9220,1.73,2025-01-17 19:52:33,33.0
0.5320,17.1120,0.64,97.0880,1.7470,2025-01-17 19:52:33,33.0
0.5210,17.0710,0.49,96.9820,1.6890,2025-01-17 19:52:33,33.0
0.5390,17.0150,0.4410,97.3320,1.7390,2025-01-17 19:52:33,33.0
0.5180,17.0020,0.28,96.9490,1.6450,2025-01-17 19:52:33,33.0
0.5290,17.1410,0.6090,97.1860,1.6840,2025-01-17 19:52:33,33.0
0.5290,17.0270,0.6830,96.8290,1.7140,2025-01-17 19:52:33,33.0
0.5270,17.0490,0.5850,97.1060,1.7730,2025-01-17 19:52:33,33.0
0.5340,17.0180,0.5350,96.8810,1.8050,2025-01-17 19:52:33,33.0
0.5180,17.0490,0.5290,97.3060,1.6250,2025-01-17 19:52:33,33.0
0.5170,17.0840,0.5080,97.0260,1.7050,2025-01-17 19:52:33,33.0
0.5240,17.1310,0.56,97.18,1.5770,2025-01-17 19:52:33,33.0
0.5380,17.0780,0.4310,97.2870,1.8010,2025-01-17 19:52:33,33.0
0.5310,17.0240,0.6440,97.2590,1.7510,2025-01-17 19:52:33,33.0
0.5310,17.0430,0.4480,97.2460,1.7450,2025-01-17 19:52:33,33.0
0.5270,17.0750,0.5880,96.9060,1.6650,2025-01-17 19:52:33,33.0
0.5540,17.0310,0.5420,97.3320,1.8180,2025-01-17 21:12:38,34.0
0.5180,17.0090,0.4830,96.9440,1.7120,2025-01-17 21:12:38,34.0
0.5250,16.9390,0.5110,96.9780,1.7560,2025-01-17 21:12:38,34.0
0.5360,17.0530,0.5710,96.8730,1.7440,2025-01-17 21:12:38,34.0
0.5150,17.0490,0.4310,97.3120,1.5950,2025-01-17 21:12:38,34.0
0.5330,16.98,0.5810,96.8960,1.8110,2025-01-17 21:12:38,34.0
0.5230,17.0340,0.4310,97.02,1.8030,2025-01-17 21:12:38,34.0
0.5460,17.1150,0.4650,97.22,1.7730,2025-01-17 21:12:38,34.0
0.5440,17.0930,0.5320,96.8910,1.85,2025-01-17 21:12:38,34.0
0.5140,16.9960,0.5710,97.1010,1.7210,2025-01-17 21:12:38,34.0
0.5140,16.98,0.49,97.0820,1.72,2025-01-17 21:12:38,34.0
0.5410,16.9960,0.4380,97.22,1.8030,2025-01-17 21:12:38,34.0
0.5270,17.0180,0.5210,96.8620,1.7240,2025-01-17 21:12:38,34.0
0.5370,17.0590,0.5420,96.8580,1.8280,2025-01-17 21:12:38,34.0
0.5490,17.1560,0.5080,97.0490,1.7170,2025-01-17 21:12:38,34.0
0.5070,16.9240,0.5080,97.1320,1.6070,2025-01-17 21:12:38,34.0
0.5320,17.0620,0.5290,96.8280,1.8360,2025-01-17 21:12:38,34.0
0.5450,16.99,0.5430,97.1910,1.8070,2025-01-17 21:12:38,34.0
0.5420,17.0530,0.4550,97.1460,1.8060,2025-01-17 21:12:38,34.0
0.5370,17.0750,0.3290,97.3740,1.8190,2025-01-17 21:12:38,34.0
0.5060,16.9610,0.3960,97.3260,1.7360,2025-01-18 11:13:24,35.0
0.5450,17.10,0.6230,97.0960,1.7490,2025-01-18 11:13:24,35.0
0.5340,17.0180,0.2940,97.1910,1.6690,2025-01-18 11:13:24,35.0
0.52,17.0020,0.4550,97.24,1.7780,2025-01-18 11:13:24,35.0
0.5310,17.0050,0.7980,97.01,1.8370,2025-01-18 11:13:24,35.0
0.53,17.0680,0.3990,97.1890,1.7140,2025-01-18 11:13:24,35.0
0.5240,16.9960,0.5880,97.4530,1.8030,2025-01-18 11:13:24,35.0
0.53,17.04,0.4230,97.7480,1.7830,2025-01-18 11:13:24,35.0
0.5510,17.0750,0.4270,97.41,1.8420,2025-01-18 11:13:24,35.0
0.5530,17.1340,0.35,97.1570,1.8060,2025-01-18 11:13:24,35.0
0.5340,16.9960,0.6930,96.8260,1.7170,2025-01-18 11:13:24,35.0
0.5370,17.0530,0.5250,97.2250,1.7840,2025-01-18 11:13:24,35.0
0.5360,17.0870,0.5080,97.1690,1.7910,2025-01-18 11:13:24,35.0
0.5410,17.0090,0.6130,97.1260,1.7590,2025-01-18 11:13:24,35.0
0.5210,16.9080,0.6410,97.2470,1.6940,2025-01-18 11:13:24,35.0
0.5330,17.0490,0.6020,97.3080,1.6830,2025-01-18 11:13:24,35.0
0.5380,16.9930,0.6440,97.0050,1.8090,2025-01-18 11:13:24,35.0
0.5420,17.0210,0.7810,97.3280,1.8750,2025-01-18 11:13:24,35.0
0.5370,17.0180,0.5430,97.0260,1.92,2025-01-18 11:13:24,35.0
0.5480,17.0020,0.6580,97.0840,1.78,2025-01-18 11:13:24,35.0
0.5260,16.9330,0.4550,96.9440,1.7460,2025-01-18 12:53:27,36.0
0.5230,16.9960,0.7490,96.8710,1.7030,2025-01-18 12:53:27,36.0
0.5220,17.0370,0.6440,97.1850,1.78,2025-01-18 12:53:27,36.0
0.5290,17.0650,0.4970,97.1380,1.7970,2025-01-18 12:53:27,36.0
0.5550,17.1060,0.4230,97.1820,1.8240,2025-01-18 12:53:27,36.0
0.53,16.9210,0.4760,97.3960,1.7180,2025-01-18 12:53:27,36.0
0.5280,16.9270,0.3220,97.2240,1.7970,2025-01-18 12:53:27,36.0
0.5420,16.9870,0.3780,97.0950,1.8740,2025-01-18 12:53:27,36.0
0.5270,16.98,0.35,97.1840,1.7630,2025-01-18 12:53:27,36.0
0.5390,17.0120,0.5110,96.9890,1.6540,2025-01-18 12:53:27,36.0
0.5450,17.0490,0.4790,97.1530,1.7710,2025-01-18 12:53:27,36.0
0.5290,17.0240,0.4410,97.3080,1.7820,2025-01-18 12:53:27,36.0
0.5320,16.8860,0.6440,97.0190,1.7680,2025-01-18 12:53:27,36.0
0.5570,17.0750,0.5250,97.2460,1.8270,2025-01-18 12:53:27,36.0
0.5330,17.15,0.3110,96.89,1.76,2025-01-18 12:53:27,36.0
0.5330,16.9240,0.4970,96.9470,1.7780,2025-01-18 12:53:27,36.0
0.5230,16.8450,0.5880,96.88,1.7290,2025-01-18 12:53:27,36.0
0.5170,16.9770,0.6120,97.0370,1.7110,2025-01-18 12:53:27,36.0
0.5180,17.0970,0.4870,97.1790,1.6730,2025-01-18 12:53:27,36.0
0.5310,17.0840,0.56,96.9620,1.7810,2025-01-18 12:53:27,36.0
0.5370,17.0970,0.5390,97.36,1.7950,2025-01-18 18:33:32,37.0
0.5240,16.9360,0.7070,97.0290,1.7740,2025-01-18 18:33:32,37.0
0.5460,17.0810,0.6510,97.2230,1.8520,2025-01-18 18:33:32,37.0
0.5290,17.0270,0.7040,96.9090,1.7690,2025-01-18 18:33:32,37.0
0.5180,17.0680,0.55,97.4180,1.6530,2025-01-18 18:33:32,37.0
0.5320,17.0210,0.5880,96.9570,1.7550,2025-01-18 18:33:32,37.0
0.5250,17.0460,0.5710,97.0980,1.7580,2025-01-18 18:33:32,37.0
0.5180,16.9430,0.5250,97.1520,1.8160,2025-01-18 18:33:32,37.0
0.5310,17.1470,0.5840,96.9280,1.6640,2025-01-18 18:33:32,37.0
0.52,16.9140,0.3360,96.9380,1.6990,2025-01-18 18:33:32,37.0
0.5440,17.10,0.42,97.3650,1.7640,2025-01-18 18:33:32,37.0
0.5360,16.99,0.6690,97.2980,1.81,2025-01-18 18:33:32,37.0
0.53,17.09,0.6970,96.9810,1.7390,2025-01-18 18:33:32,37.0
0.5310,17.0180,0.7390,96.9940,1.74,2025-01-18 18:33:32,37.0
0.5250,17.0210,0.63,96.89,1.8910,2025-01-18 18:33:32,37.0
0.5330,17.0370,0.5420,97.12,1.7810,2025-01-18 18:33:32,37.0
0.5430,17.0430,0.5740,96.9080,1.7770,2025-01-18 18:33:32,37.0
0.55,17.2030,0.5460,96.9710,1.7890,2025-01-18 18:33:32,37.0
0.5230,17.0090,0.7140,97.2170,1.5630,2025-01-18 18:33:32,37.0
0.5150,17.09,0.7280,97.3470,1.6060,2025-01-18 18:33:32,37.0
0.5480,16.9740,0.6580,97.3680,1.8480,2025-01-18 21:03:39,38.0
0.5350,17.0970,0.6370,97.3080,1.7410,2025-01-18 21:03:39,38.0
0.5310,17.0590,0.7280,97.1970,1.6710,2025-01-18 21:03:39,38.0
0.5350,17.0530,0.56,97.3690,1.7740,2025-01-18 21:03:39,38.0
0.5410,16.9360,0.5640,97.3350,1.7570,2025-01-18 21:03:39,38.0
0.5310,17.0930,0.6270,96.9360,1.7410,2025-01-18 21:03:39,38.0
0.5460,17.0870,0.4410,97.2070,1.8660,2025-01-18 21:03:39,38.0
0.5490,17.0620,0.7770,96.9590,1.8210,2025-01-18 21:03:39,38.0
0.5440,16.9390,0.3750,97.3740,1.85,2025-01-18 21:03:39,38.0
0.5410,17.0150,0.55,97.2030,1.7750,2025-01-18 21:03:39,38.0
0.5480,17.0340,0.5180,96.8980,1.7150,2025-01-18 21:03:39,38.0
0.5270,17.0870,0.5880,97.10,1.6730,2025-01-18 21:03:39,38.0
0.52,16.9770,0.8850,96.9510,1.6880,2025-01-18 21:03:39,38.0
0.5410,17.10,0.6760,97.20,1.8590,2025-01-18 21:03:39,38.0
0.5190,17.0090,0.5740,97.2740,1.6740,2025-01-18 21:03:39,38.0
0.5450,17.0090,0.6370,96.9480,1.8280,2025-01-18 21:03:39,38.0
0.5290,17.0930,0.5460,97.2220,1.7920,2025-01-18 21:03:39,38.0
0.5120,17.1090,0.5710,96.9280,1.7230,2025-01-18 21:03:39,38.0
0.53,17.09,0.5780,96.93,1.7490,2025-01-18 21:03:39,38.0
0.5360,17.1560,0.4580,97.1410,1.7390,2025-01-18 21:03:39,38.0
0.5380,17.1340,0.50,96.9120,1.8420,2025-01-20 10:54:36,39.0
0.5330,17.0180,0.5740,97.0480,1.7590,2025-01-20 10:54:36,39.0
0.5030,16.8330,0.5780,96.9810,1.6020,2025-01-20 10:54:36,39.0
0.5050,17.0270,0.5350,97.3060,1.6380,2025-01-20 10:54:36,39.0
0.54,17.0270,0.50,96.9890,1.7260,2025-01-20 10:54:36,39.0
0.5250,17.0620,0.4060,97.29,1.6890,2025-01-20 10:54:36,39.0
0.5160,17.0870,0.5640,97.0260,1.6470,2025-01-20 10:54:36,39.0
0.5280,17.04,0.6580,96.9210,1.8440,2025-01-20 10:54:36,39.0
0.5080,17.0560,0.5250,97.0460,1.6080,2025-01-20 10:54:36,39.0
0.5370,17.09,0.4860,97.0840,1.72,2025-01-20 10:54:36,39.0
0.5120,16.9960,0.6790,97.2310,1.6680,2025-01-20 10:54:36,39.0
0.5550,17.0120,0.6370,97.2960,1.8640,2025-01-20 10:54:36,39.0
0.5170,17.2160,0.56,96.9630,1.5610,2025-01-20 10:54:36,39.0
0.5260,17.09,0.3290,97.20,1.6510,2025-01-20 10:54:36,39.0
0.5480,17.0810,0.5150,96.93,1.7650,2025-01-20 10:54:36,39.0
0.51,17.0270,0.5530,96.9070,1.5730,2025-01-20 10:54:36,39.0
0.5270,17.0530,0.3250,97.36,1.6810,2025-01-20 10:54:36,39.0
0.53,17.1280,0.5350,97.2190,1.7310,2025-01-20 10:54:36,39.0
0.5170,16.9990,0.5530,96.8150,1.6950,2025-01-20 10:54:36,39.0
0.5180,16.9930,0.5640,97.0330,1.7780,2025-01-20 10:54:36,39.0
0.51,17.0750,0.5640,97.0350,1.7240,2025-01-20 12:59:43,40.0
0.5130,16.9240,0.55,97.2190,1.6560,2025-01-20 12:59:43,40.0
0.5250,17.1150,0.50,97.3610,1.7260,2025-01-20 12:59:43,40.0
0.5120,17.0590,0.6120,96.9280,1.6320,2025-01-20 12:59:43,40.0
0.5290,17.0750,0.4270,96.9660,1.7720,2025-01-20 12:59:43,40.0
0.5280,17.0090,0.5710,96.8720,1.7850,2025-01-20 12:59:43,40.0
0.5270,17.0210,0.56,96.7230,1.7880,2025-01-20 12:59:43,40.0
0.5310,16.9830,0.5460,97.1270,1.7290,2025-01-20 12:59:43,40.0
0.5420,17.0590,0.6620,97.16,1.6760,2025-01-20 12:59:43,40.0
0.5390,17.0870,0.5290,96.90,1.7040,2025-01-20 12:59:43,40.0
0.4960,16.9210,0.4870,97.2160,1.6140,2025-01-20 12:59:43,40.0
0.5230,17.0710,0.5710,96.8380,1.5920,2025-01-20 12:59:43,40.0
0.5520,17.10,0.49,97.0370,1.89,2025-01-20 12:59:43,40.0
0.5340,17.0970,0.5040,96.8720,1.7350,2025-01-20 12:59:43,40.0
0.5270,17.1150,0.5990,97.2070,1.6250,2025-01-20 12:59:43,40.0
0.5320,16.8860,0.4510,97.17,1.7310,2025-01-20 12:59:43,40.0
0.52,17.0270,0.6020,97.1250,1.6530,2025-01-20 12:59:43,40.0
0.5570,17.1370,0.56,97.3360,1.9110,2025-01-20 12:59:43,40.0
0.5360,17.1590,0.56,96.86,1.7370,2025-01-20 12:59:43,40.0
0.5250,17.0430,0.4130,97.3180,1.70,2025-01-20 12:59:43,40.0
0.5290,17.0270,0.5670,96.8960,1.8370,2025-01-20 19:19:54,41.0
0.5530,17.0090,0.3810,97.04,1.8840,2025-01-20 19:19:54,41.0
0.5430,17.0340,0.4830,97.1690,1.7480,2025-01-20 19:19:54,41.0
0.5420,17.0370,0.4870,97.2440,1.8950,2025-01-20 19:19:54,41.0
0.5310,17.04,0.6790,96.8650,1.72,2025-01-20 19:19:54,41.0
0.5280,16.9610,0.4830,97.2190,1.8190,2025-01-20 19:19:54,41.0
0.5380,17.0050,0.5910,96.9780,1.6740,2025-01-20 19:19:54,41.0
0.55,17.0370,0.3960,97.0730,1.8250,2025-01-20 19:19:54,41.0
0.5120,16.9330,0.5740,97.2590,1.62,2025-01-20 19:19:54,41.0
0.5560,17.0090,0.5950,96.9270,1.76,2025-01-20 19:19:54,41.0
0.5430,17.0020,0.42,97.1080,1.6920,2025-01-20 19:19:54,41.0
0.5310,17.0530,0.4230,96.92,1.7140,2025-01-20 19:19:54,41.0
0.5250,17.0930,0.6230,97.0140,1.6760,2025-01-20 19:19:54,41.0
0.5170,16.9580,0.8820,97.2680,1.7530,2025-01-20 19:19:54,41.0
0.5070,17.0150,0.3780,96.8420,1.7930,2025-01-20 19:19:54,41.0
0.5590,17.0180,0.5180,96.9810,1.9430,2025-01-20 19:19:54,41.0
0.5610,17.0490,0.3640,97.2050,1.9480,2025-01-20 19:19:54,41.0
0.5340,16.9390,0.50,96.9080,1.9070,2025-01-20 19:19:54,41.0
0.5210,17.0340,0.5070,96.7350,1.7120,2025-01-20 19:19:54,41.0
0.5250,16.98,0.5630,97.1340,1.73,2025-01-20 19:19:54,41.0
0.5220,17.0680,0.4620,97.1140,1.5770,2025-01-20 20:54:59,42.0
0.5260,16.9360,0.5640,97.0750,1.63,2025-01-20 20:54:59,42.0
0.5530,17.0650,0.5670,97.2220,1.7920,2025-01-20 20:54:59,42.0
0.5330,17.0650,0.3540,96.9510,1.7460,2025-01-20 20:54:59,42.0
0.5520,17.0530,0.6550,96.95,1.7480,2025-01-20 20:54:59,42.0
0.5340,17.0750,0.5460,97.0380,1.6950,2025-01-20 20:54:59,42.0
0.5250,17.0650,0.3810,97.1190,1.65,2025-01-20 20:54:59,42.0
0.5180,17.0020,0.4020,97.0090,1.6560,2025-01-20 20:54:59,42.0
0.5450,17.0240,0.5070,97.0470,1.8570,2025-01-20 20:54:59,42.0
0.5170,17.0020,0.5950,97.1090,1.6960,2025-01-20 20:54:59,42.0
0.5360,17.0310,0.5980,97.1480,1.7330,2025-01-20 20:54:59,42.0
0.5330,16.9610,0.4790,97.1760,1.74,2025-01-20 20:54:59,42.0
0.5460,17.0370,0.6540,97.0320,1.8160,2025-01-20 20:54:59,42.0
0.5310,17.1030,0.6540,97.2960,1.7410,2025-01-20 20:54:59,42.0
0.5490,17.0180,0.3950,97.2950,1.7850,2025-01-20 20:54:59,42.0
0.5140,16.9580,0.3530,96.9540,1.79,2025-01-20 20:54:59,42.0
0.5370,17.0710,0.5320,97.0780,1.7360,2025-01-20 20:54:59,42.0
0.5370,17.09,0.6370,97.2580,1.7060,2025-01-20 20:54:59,42.0
0.53,16.9960,0.4130,96.9780,1.7680,2025-01-20 20:54:59,42.0
0.5180,16.9610,0.6480,97.2770,1.7060,2025-01-20 20:54:59,42.0
0.5370,17.1880,0.4580,97.2380,1.7390,2025-01-21 11:26:19,43.0
0.5450,16.9460,0.5290,96.94,1.7870,2025-01-21 11:26:19,43.0
0.5290,16.9870,0.6370,97.1340,1.6660,2025-01-21 11:26:19,43.0
0.5440,17.0560,0.5560,97.2210,1.7510,2025-01-21 11:26:19,43.0
0.5170,16.9610,0.3850,96.9430,1.7840,2025-01-21 11:26:19,43.0
0.53,17.0370,0.5460,97.1820,1.8080,2025-01-21 11:26:19,43.0
0.5220,16.9240,0.4060,96.9170,1.6940,2025-01-21 11:26:19,43.0
0.5570,17.0680,0.4790,97.1210,1.87,2025-01-21 11:26:19,43.0
0.5480,16.9580,0.6720,97.4250,1.8050,2025-01-21 11:26:19,43.0
0.5390,17.0430,0.5570,96.9310,1.7630,2025-01-21 11:26:19,43.0
0.5550,16.9960,0.4760,96.9860,1.8770,2025-01-21 11:26:19,43.0
0.5450,16.9930,0.4130,96.9750,1.7620,2025-01-21 11:26:19,43.0
0.5240,17.0180,0.6020,97.3080,1.6950,2025-01-21 11:26:19,43.0
0.5140,16.9680,0.4340,97.5690,1.6950,2025-01-21 11:26:19,43.0
0.5360,16.9490,0.6440,96.9910,1.7890,2025-01-21 11:26:19,43.0
0.5540,17.04,0.5430,97.2460,1.8680,2025-01-21 11:26:19,43.0
0.5270,16.9580,0.4270,97.0560,1.7230,2025-01-21 11:26:19,43.0
0.5310,17.0460,0.4270,97.1240,1.8250,2025-01-21 11:26:19,43.0
0.5450,17.0050,0.5460,97.0610,1.8140,2025-01-21 11:26:19,43.0
0.5270,17.0150,0.6190,96.9740,1.8140,2025-01-21 11:26:19,43.0
0.5250,17.0020,0.56,97.0090,1.71,2025-01-21 19:26:43,44.0
0.5590,16.9770,0.3960,97.2180,1.9490,2025-01-21 19:26:43,44.0
0.54,17.0270,0.62,97.2280,1.73,2025-01-21 19:26:43,44.0
0.5440,17.0620,0.41,97.2030,1.7520,2025-01-21 19:26:43,44.0
0.5410,17.0870,0.5560,96.8320,1.6960,2025-01-21 19:26:43,44.0
0.5320,17.0460,0.77,96.7540,1.7970,2025-01-21 19:26:43,44.0
0.5510,16.9740,0.5740,96.9360,1.9640,2025-01-21 19:26:43,44.0
0.50,16.9210,0.5420,97.1790,1.6090,2025-01-21 19:26:43,44.0
0.5320,16.9360,0.50,97.20,1.7430,2025-01-21 19:26:43,44.0
0.5180,17.0620,0.76,96.8940,1.8340,2025-01-21 19:26:43,44.0
0.5270,16.9330,0.6230,97.0220,1.7230,2025-01-21 19:26:43,44.0
0.5180,16.9870,0.7450,96.9030,1.6950,2025-01-21 19:26:43,44.0
0.5330,17.0620,0.5490,96.85,1.7070,2025-01-21 19:26:43,44.0
0.5320,16.98,0.4410,96.83,1.7850,2025-01-21 19:26:43,44.0
0.5490,17.1560,0.5560,97.0990,1.8080,2025-01-21 19:26:43,44.0
0.5310,16.9830,0.8190,97.13,1.78,2025-01-21 19:26:43,44.0
0.5330,17.10,0.7350,96.7420,1.7320,2025-01-21 19:26:43,44.0
0.5310,17.0530,0.4940,97.2040,1.6860,2025-01-21 19:26:43,44.0
0.5080,16.9770,0.49,96.93,0.0130,2025-01-21 19:26:43,44.0
0.53,16.9140,0.5390,96.8230,1.7380,2025-01-21 19:26:43,44.0
0.5560,17.0530,0.62,96.9810,1.9660,2025-01-21 20:56:48,45.0
0.5610,17.0650,0.5250,96.9980,1.8070,2025-01-21 20:56:48,45.0
0.5490,17.0870,0.4870,96.9350,1.79,2025-01-21 20:56:48,45.0
0.54,17.0710,0.6090,96.9340,1.8280,2025-01-21 20:56:48,45.0
0.5230,16.9710,0.6190,97.1190,1.6870,2025-01-21 20:56:48,45.0
0.5420,17.0750,0.5670,97.2780,1.8110,2025-01-21 20:56:48,45.0
0.5360,17.0970,0.6860,96.9310,1.7370,2025-01-21 20:56:48,45.0
0.5430,17.0930,0.3710,96.8550,1.8830,2025-01-21 20:56:48,45.0
0.5310,17.0710,0.5250,96.8580,1.7390,2025-01-21 20:56:48,45.0
0.5450,17.0270,0.5210,97.16,1.7620,2025-01-21 20:56:48,45.0
0.5510,17.0530,0.6960,96.9370,1.8290,2025-01-21 20:56:48,45.0
0.5230,17.0780,0.3570,97.2510,1.6630,2025-01-21 20:56:48,45.0
0.52,17.0530,0.4230,97.1320,1.6840,2025-01-21 20:56:48,45.0
0.5370,17.0150,0.6090,96.8410,1.8330,2025-01-21 20:56:48,45.0
0.5310,16.9650,0.5280,97.2260,1.7890,2025-01-21 20:56:48,45.0
0.5330,16.9930,0.5320,97.2130,1.7320,2025-01-21 20:56:48,45.0
0.5390,17.0210,0.5290,96.92,1.7580,2025-01-21 20:56:48,45.0
0.5350,16.9990,0.42,97.1820,1.7590,2025-01-21 20:56:48,45.0
0.5440,17.0240,0.5710,97.2340,1.7390,2025-01-21 20:56:48,45.0
0.5450,17.0870,0.4410,97.0720,1.9040,2025-01-21 20:56:48,45.0
0.5210,16.9360,0.7040,96.94,1.7450,2025-01-22 11:06:31,46.0
0.5310,16.9460,0.5150,97.12,1.8280,2025-01-22 11:06:31,46.0
0.5360,16.9960,0.56,97.2150,1.7910,2025-01-22 11:06:31,46.0
0.5270,17.0210,0.4580,97.2120,1.6340,2025-01-22 11:06:31,46.0
0.5480,16.8990,0.5670,97.3930,1.8550,2025-01-22 11:06:31,46.0
0.5080,16.8990,0.5350,97.2930,0.0190,2025-01-22 11:06:31,46.0
0.5050,16.9170,0.4550,96.9320,1.7060,2025-01-22 11:06:31,46.0
0.5520,17.0150,0.4870,96.9410,1.8590,2025-01-22 11:06:31,46.0
0.55,17.0050,0.5570,96.9050,1.7320,2025-01-22 11:06:31,46.0
0.5290,16.9330,0.3050,97.2380,1.6880,2025-01-22 11:06:31,46.0
0.5530,17.0840,0.5880,97.1670,1.7640,2025-01-22 11:06:31,46.0
0.5150,16.9430,0.34,97.2330,1.6680,2025-01-22 11:06:31,46.0
0.5310,16.9580,0.4690,97.2720,1.7890,2025-01-22 11:06:31,46.0
0.5350,17.0430,0.7040,96.9750,1.7420,2025-01-22 11:06:31,46.0
0.5080,16.9960,0.5180,96.9240,1.6980,2025-01-22 11:06:31,46.0
0.5140,16.9110,0.6820,97.10,1.71,2025-01-22 11:06:31,46.0
0.5390,16.9490,0.5990,97.1190,1.7330,2025-01-22 11:06:31,46.0
0.5320,16.9360,0.5110,96.9860,1.6980,2025-01-22 11:06:31,46.0
0.5350,16.9870,0.5180,96.9470,1.7790,2025-01-22 11:06:31,46.0
0.5220,17.0560,0.3780,97.3280,1.7780,2025-01-22 11:06:31,46.0
0.5430,16.9930,0.4450,97.0090,1.7610,2025-01-22 12:56:38,47.0
0.5160,17.0050,0.4790,96.9390,1.6860,2025-01-22 12:56:38,47.0
0.5610,17.0590,0.4310,97.0740,1.9110,2025-01-22 12:56:38,47.0
0.5410,16.9830,0.4340,97.0330,1.8660,2025-01-22 12:56:38,47.0
0.5470,17.0180,0.5290,97.0020,1.9030,2025-01-22 12:56:38,47.0
0.5260,17.0050,0.63,96.99,1.8190,2025-01-22 12:56:38,47.0
0.5310,17.0270,0.5010,96.9480,1.7670,2025-01-22 12:56:38,47.0
0.5150,16.9960,0.48,97.30,1.7470,2025-01-22 12:56:38,47.0
0.5390,16.9930,0.5980,97.1250,1.7880,2025-01-22 12:56:38,47.0
0.5440,17.2220,0.5040,97.3050,1.8570,2025-01-22 12:56:38,47.0
0.5270,17.0340,0.5640,96.8330,1.7290,2025-01-22 12:56:38,47.0
0.5390,16.9870,0.5110,96.9740,1.9630,2025-01-22 12:56:38,47.0
0.5360,16.9430,0.42,97.09,1.8710,2025-01-22 12:56:38,47.0
0.5350,16.9770,0.6620,97.1790,1.7620,2025-01-22 12:56:38,47.0
0.5380,16.9550,0.5390,97.1220,1.8610,2025-01-22 12:56:38,47.0
0.5380,17.0020,0.4940,97.1740,1.8120,2025-01-22 12:56:38,47.0
0.5620,17.0150,0.4860,97.3280,1.8080,2025-01-22 12:56:38,47.0
0.5350,16.9580,0.3470,96.85,1.8320,2025-01-22 12:56:38,47.0
0.54,16.9990,0.6090,96.9470,1.7890,2025-01-22 12:56:38,47.0
0.5340,16.9610,0.35,97.1110,1.8380,2025-01-22 12:56:38,47.0
0.5340,17.0430,0.3990,97.3140,1.7220,2025-01-22 19:11:49,48.0
0.5240,16.9550,0.4480,96.9140,1.6690,2025-01-22 19:11:49,48.0
0.5440,17.0370,0.3570,97.2390,1.7920,2025-01-22 19:11:49,48.0
0.5440,16.9330,0.5080,97.2250,1.7890,2025-01-22 19:11:49,48.0
0.5380,17.0150,0.6230,96.7850,1.9710,2025-01-22 19:11:49,48.0
0.5220,17.0240,0.5010,97.2760,1.6380,2025-01-22 19:11:49,48.0
0.5290,17.0310,0.64,97.1530,1.5690,2025-01-22 19:11:49,48.0
0.5330,16.9360,0.4170,97.2280,1.7560,2025-01-22 19:11:49,48.0
0.5230,16.9330,0.6820,97.1690,1.7820,2025-01-22 19:11:49,48.0
0.5070,16.9680,0.5770,97.1080,1.6320,2025-01-22 19:11:49,48.0
0.53,17.0240,0.6230,96.8330,1.7450,2025-01-22 19:11:49,48.0
0.5330,16.9770,0.5080,97.1940,1.73,2025-01-22 19:11:49,48.0
0.5460,17.0210,0.4340,97.14,1.7430,2025-01-22 19:11:49,48.0
0.5280,16.9550,0.7070,96.9290,1.8170,2025-01-22 19:11:49,48.0
0.5530,17.0490,0.5430,97.0490,1.97,2025-01-22 19:11:49,48.0
0.5360,17.1690,0.6690,96.8610,1.7770,2025-01-22 19:11:49,48.0
0.5190,17.0490,0.6130,96.8390,1.7610,2025-01-22 19:11:49,48.0
0.5140,17.0430,0.63,97.0940,1.6990,2025-01-22 19:11:49,48.0
0.5180,17.0240,0.6160,97.1440,1.7320,2025-01-22 19:11:49,48.0
0.5340,16.9930,0.5740,96.8430,1.8480,2025-01-22 19:11:49,48.0
0.5140,16.9490,0.5770,97.2070,1.6970,2025-01-22 20:51:54,49.0
0.5450,17.1030,0.6020,97.0970,1.81,2025-01-22 20:51:54,49.0
0.5530,17.0460,0.5070,96.9880,1.9540,2025-01-22 20:51:54,49.0
0.5180,16.9650,0.6020,96.8680,1.79,2025-01-22 20:51:54,49.0
0.5160,16.9870,0.6720,96.93,1.6740,2025-01-22 20:51:54,49.0
0.5430,17.0020,0.4970,97.2950,1.7190,2025-01-22 20:51:54,49.0
0.52,17.0490,0.4730,96.93,1.6750,2025-01-22 20:51:54,49.0
0.5230,17.0090,0.5390,97.1770,1.7330,2025-01-22 20:51:54,49.0
0.5430,17.0240,0.71,96.9240,1.7830,2025-01-22 20:51:54,49.0
0.5520,17.0780,0.6050,96.9390,1.8280,2025-01-22 20:51:54,49.0
0.5720,17.0530,0.5180,97.2970,1.8790,2025-01-22 20:51:54,49.0
0.5330,16.9870,0.63,96.9020,1.7150,2025-01-22 20:51:54,49.0
0.5430,17.0020,0.5530,96.9770,1.8250,2025-01-22 20:51:54,49.0
0.5280,16.9550,0.5010,97.2840,1.8150,2025-01-22 20:51:54,49.0
0.5270,16.9680,0.4550,97.2520,1.8170,2025-01-22 20:51:54,49.0
0.53,17.0240,0.6330,96.7770,1.6330,2025-01-22 20:51:54,49.0
0.5320,17.04,0.5070,97.1480,1.7070,2025-01-22 20:51:54,49.0
0.5290,17.0210,0.3570,97.0990,1.7290,2025-01-22 20:51:54,49.0
0.5220,16.9870,0.49,97.0580,1.6810,2025-01-22 20:51:54,49.0
0.5520,17.0370,0.5810,97.0960,1.8930,2025-01-22 20:51:54,49.0
0.5350,17.0240,0.4380,97.0420,1.7560,2025-01-23 11:08:46,50.0
0.52,16.9680,0.5430,97.1970,1.6360,2025-01-23 11:08:46,50.0
0.5320,16.9390,0.4830,97.2590,1.9260,2025-01-23 11:08:46,50.0
0.5280,16.99,0.4270,97.0690,1.6920,2025-01-23 11:08:46,50.0
0.5210,17.0680,0.5110,97.1550,1.6210,2025-01-23 11:08:46,50.0
0.5340,16.9430,0.6510,97.2190,1.78,2025-01-23 11:08:46,50.0
0.5350,16.9870,0.4760,96.9080,1.91,2025-01-23 11:08:46,50.0
0.5580,17.0530,0.49,97.2310,1.8020,2025-01-23 11:08:46,50.0
0.5410,16.9080,0.6020,96.9590,1.7940,2025-01-23 11:08:46,50.0
0.5270,17.0370,0.5080,97.1420,1.7320,2025-01-23 11:08:46,50.0
0.5220,16.9610,0.6370,97.0420,1.7220,2025-01-23 11:08:46,50.0
0.5540,16.9430,0.4380,97.4320,1.8150,2025-01-23 11:08:46,50.0
0.5490,17.0020,0.4620,97.49,1.7590,2025-01-23 11:08:46,50.0
0.5090,16.99,0.5080,97.0610,1.7220,2025-01-23 11:08:46,50.0
0.5480,17.0180,0.56,97.0830,1.8220,2025-01-23 11:08:46,50.0
0.5210,17.0120,0.41,97.0940,1.6350,2025-01-23 11:08:46,50.0
0.53,17.0210,0.5080,97.04,1.8120,2025-01-23 11:08:46,50.0
0.5180,17.0310,0.6580,96.9310,1.7240,2025-01-23 11:08:46,50.0
0.51,16.8770,0.4790,97.1860,1.6690,2025-01-23 11:08:46,50.0
0.5160,16.8890,0.5850,97.2810,1.6530,2025-01-23 11:08:46,50.0
0.5460,16.9610,0.5350,97.1770,1.8020,2025-01-23 13:13:52,51.0
0.53,16.9110,0.3710,97.12,1.7890,2025-01-23 13:13:52,51.0
0.5160,16.9830,0.4620,97.0140,1.6490,2025-01-23 13:13:52,51.0
0.54,17.0310,0.3850,97.1720,1.7120,2025-01-23 13:13:52,51.0
0.5310,17.0090,0.5070,96.9740,1.7350,2025-01-23 13:13:52,51.0
0.5280,16.9240,0.4790,97.0320,1.6920,2025-01-23 13:13:52,51.0
0.5240,17.0210,0.3430,97.3740,1.6550,2025-01-23 13:13:52,51.0
0.5280,16.9550,0.4410,96.8240,1.7390,2025-01-23 13:13:52,51.0
0.4970,16.8890,0.3150,97.0740,1.6070,2025-01-23 13:13:52,51.0
0.5450,17.0810,0.5460,96.8530,1.7810,2025-01-23 13:13:52,51.0
0.5310,17.0490,0.4410,97.1030,1.7060,2025-01-23 13:13:52,51.0
0.53,16.9710,0.4270,96.9670,1.8410,2025-01-23 13:13:52,51.0
0.5240,16.8640,0.3610,97.2650,1.7660,2025-01-23 13:13:52,51.0
0.5170,16.8860,0.4790,97.2120,1.7240,2025-01-23 13:13:52,51.0
0.51,16.9330,0.4060,97.1670,1.7660,2025-01-23 13:13:52,51.0
0.5220,16.9990,0.4020,97.0920,1.8030,2025-01-23 13:13:52,51.0
0.5310,16.9240,0.4650,97.2010,1.7950,2025-01-23 13:13:52,51.0
0.5170,17.0020,0.5460,96.8250,1.6430,2025-01-23 13:13:52,51.0
0.5530,17.0460,0.5460,96.82,1.8540,2025-01-23 13:13:52,51.0
0.5110,16.9020,0.4520,97.1620,1.6560,2025-01-23 13:13:52,51.0
0.5530,17.09,0.4940,97.19,1.8480,2025-01-23 19:14:03,52.0
0.5370,17.1250,0.3810,97.2070,1.75,2025-01-23 19:14:03,52.0
0.5160,16.9390,0.4230,97.3190,1.6180,2025-01-23 19:14:03,52.0
0.5190,16.9990,0.4520,97.1950,1.6230,2025-01-23 19:14:03,52.0
0.5130,17.0270,0.4790,96.8940,1.7160,2025-01-23 19:14:03,52.0
0.5410,17.09,0.42,97.3040,1.8210,2025-01-23 19:14:03,52.0
0.5410,17.0340,0.3780,97.2140,1.7240,2025-01-23 19:14:03,52.0
0.5380,17.0810,0.4970,96.90,1.7940,2025-01-23 19:14:03,52.0
0.5530,17.1150,0.4690,96.9330,1.73,2025-01-23 19:14:03,52.0
0.5350,17.0090,0.5390,97.0570,1.8140,2025-01-23 19:14:03,52.0
0.5320,17.0650,0.3920,97.3160,1.7930,2025-01-23 19:14:03,52.0
0.5210,16.9990,0.5350,96.9390,1.6870,2025-01-23 19:14:03,52.0
0.5410,17.1310,0.5110,97.1430,1.6340,2025-01-23 19:14:03,52.0
0.5370,16.9580,0.6510,97.1680,1.6070,2025-01-23 19:14:03,52.0
0.5420,17.0750,0.4650,97.14,1.7940,2025-01-23 19:14:03,52.0
0.5290,17.0240,0.5320,97.1140,1.6320,2025-01-23 19:14:03,52.0
0.5350,17.0530,0.4240,97.1750,1.8570,2025-01-23 19:14:03,52.0
0.5350,17.0430,0.3750,96.8560,1.7450,2025-01-23 19:14:03,52.0
0.5370,17.0150,0.3890,97.0570,1.7960,2025-01-23 19:14:03,52.0
0.5120,16.9580,0.3850,96.8620,1.6440,2025-01-23 19:14:03,52.0
0.5260,16.9170,0.5320,97.07,1.7110,2025-01-23 20:54:08,53.0
0.5320,17.0430,0.3670,97.2120,1.7310,2025-01-23 20:54:08,53.0
0.5410,16.9830,0.4440,96.93,1.8160,2025-01-23 20:54:08,53.0
0.5550,17.0180,0.5570,97.1430,1.6830,2025-01-23 20:54:08,53.0
0.5330,17.0710,0.55,96.9940,1.6920,2025-01-23 20:54:08,53.0
0.5310,16.9960,0.5210,97.09,1.7650,2025-01-23 20:54:08,53.0
0.52,17.0020,0.5670,96.91,1.6530,2025-01-23 20:54:08,53.0
0.5330,16.9770,0.3670,97.2250,1.7240,2025-01-23 20:54:08,53.0
0.5190,16.9460,0.5640,97.1940,1.6460,2025-01-23 20:54:08,53.0
0.5350,16.9650,0.5110,97.2070,1.7550,2025-01-23 20:54:08,53.0
0.5320,17.0150,0.5040,97.1310,1.7070,2025-01-23 20:54:08,53.0
0.5440,17.0710,0.5670,97.08,1.71,2025-01-23 20:54:08,53.0
0.5220,16.9870,0.3610,97.0360,1.6740,2025-01-23 20:54:08,53.0
0.5440,17.0460,0.4690,96.9830,1.7170,2025-01-23 20:54:08,53.0
0.54,17.0180,0.5350,96.8760,1.7660,2025-01-23 20:54:08,53.0
0.5180,16.9330,0.4340,97.2810,1.7670,2025-01-23 20:54:08,53.0
0.5440,17.0430,0.4380,97.1810,1.6960,2025-01-23 20:54:08,53.0
0.5290,17.0020,0.3220,96.8860,1.82,2025-01-23 20:54:08,53.0
0.5190,16.9830,0.4790,97.1550,1.6050,2025-01-23 20:54:08,53.0
0.53,17.0090,0.4860,97.2070,1.7920,2025-01-23 20:54:08,53.0
0.5560,17.0530,0.6160,97.2260,1.8130,2025-01-24 11:06:01,54.0
0.5310,17.04,0.4480,97.2620,1.70,2025-01-24 11:06:01,54.0
0.5450,17.0430,0.3960,97.2160,1.7490,2025-01-24 11:06:01,54.0
0.5140,16.9490,0.4660,97.14,1.65,2025-01-24 11:06:01,54.0
0.5280,16.9520,0.5390,97.26,1.7710,2025-01-24 11:06:01,54.0
0.53,17.0460,0.4690,97.1520,1.7720,2025-01-24 11:06:01,54.0
0.5230,17.0240,0.5290,97.0070,1.6110,2025-01-24 11:06:01,54.0
0.5420,17.1530,0.5040,97.0230,1.81,2025-01-24 11:06:01,54.0
0.5480,17.1030,0.5530,96.8110,1.7080,2025-01-24 11:06:01,54.0
0.5390,17.1060,0.4090,97.1630,1.71,2025-01-24 11:06:01,54.0
0.5420,17.0180,0.4830,97.0280,1.72,2025-01-24 11:06:01,54.0
0.5310,16.9830,0.5250,97.5020,1.6670,2025-01-24 11:06:01,54.0
0.5430,17.0870,0.3250,97.1230,1.7840,2025-01-24 11:06:01,54.0
0.5350,16.9990,0.4130,97.1620,1.6880,2025-01-24 11:06:01,54.0
0.5370,17.0810,0.4480,97.1540,1.6590,2025-01-24 11:06:01,54.0
0.5410,17.1530,0.4130,97.1470,1.6690,2025-01-24 11:06:01,54.0
0.5270,17.0340,0.5080,97.10,1.73,2025-01-24 11:06:01,54.0
0.5380,17.0870,0.4860,97.1080,1.7890,2025-01-24 11:06:01,54.0
0.5210,17.0050,0.49,97.2660,1.6640,2025-01-24 11:06:01,54.0
0.5310,17.0710,0.4620,97.0250,1.7030,2025-01-24 11:06:01,54.0
0.5340,16.9110,0.4440,96.8880,1.8370,2025-01-24 13:01:06,55.0
0.5140,16.8890,0.5250,96.89,1.7330,2025-01-24 13:01:06,55.0
0.5410,16.9330,0.56,96.8460,1.8390,2025-01-24 13:01:06,55.0
0.5250,16.8920,0.35,97.1450,1.8490,2025-01-24 13:01:06,55.0
0.5040,16.7950,0.5290,97.0220,1.7170,2025-01-24 13:01:06,55.0
0.5170,16.9390,0.56,97.1370,1.7790,2025-01-24 13:01:06,55.0
0.5150,16.8390,0.4480,97.0270,1.6680,2025-01-24 13:01:06,55.0
0.5190,16.9870,0.3810,96.8940,1.8510,2025-01-24 13:01:06,55.0
0.5650,17.0050,0.3360,96.9450,1.8850,2025-01-24 13:01:06,55.0
0.5280,16.9240,0.4660,97.18,1.7180,2025-01-24 13:01:06,55.0
0.5330,16.9610,0.49,97.2330,1.7550,2025-01-24 13:01:06,55.0
0.5350,16.9140,0.3850,97.0420,1.8070,2025-01-24 13:01:06,55.0
0.5250,17.0050,0.4450,96.8950,1.7890,2025-01-24 13:01:06,55.0
0.5370,16.9460,0.7140,97.2160,1.8030,2025-01-24 13:01:06,55.0
0.5340,16.9710,0.3430,97.1760,1.76,2025-01-24 13:01:06,55.0
0.5290,16.9110,0.3810,96.9180,1.7430,2025-01-24 13:01:06,55.0
0.5310,16.99,0.4520,97.0270,1.7880,2025-01-24 13:01:06,55.0
0.54,16.9870,0.3330,97.1930,1.8010,2025-01-24 13:01:06,55.0
0.5370,16.9170,0.4730,97.0430,1.7960,2025-01-24 13:01:06,55.0
0.5260,16.93,0.4620,96.9530,1.7940,2025-01-24 13:01:06,55.0
0.5230,16.9990,0.5010,97.1280,1.6670,2025-01-24 19:16:20,56.0
0.5340,17.1470,0.3740,97.2750,1.75,2025-01-24 19:16:20,56.0
0.5380,17.09,0.5640,96.9250,1.8390,2025-01-24 19:16:20,56.0
0.5350,17.1310,0.4730,97.27,1.7620,2025-01-24 19:16:20,56.0
0.5480,17.0810,0.6440,97.1540,1.7680,2025-01-24 19:16:20,56.0
0.5280,17.0840,0.5110,97.0010,1.7190,2025-01-24 19:16:20,56.0
0.5330,17.1060,0.5320,97.1420,1.71,2025-01-24 19:16:20,56.0
0.5590,17.09,0.5420,96.97,1.9150,2025-01-24 19:16:20,56.0
0.5390,17.0810,0.5040,97.20,1.78,2025-01-24 19:16:20,56.0
0.5270,17.0460,0.5530,97.0480,1.7120,2025-01-24 19:16:20,56.0
0.5240,17.1280,0.4830,97.28,1.6660,2025-01-24 19:16:20,56.0
0.5480,17.04,0.5250,97.1130,1.6990,2025-01-24 19:16:20,56.0
0.5360,17.0490,0.4940,96.9430,1.7640,2025-01-24 19:16:20,56.0
0.5290,17.0840,0.56,97.3150,1.8180,2025-01-24 19:16:20,56.0
0.5460,17.1090,0.4970,97.3410,1.7850,2025-01-24 19:16:20,56.0
0.5170,16.99,0.5320,97.11,1.63,2025-01-24 19:16:20,56.0
0.5260,17.09,0.5350,97.1660,1.74,2025-01-24 19:16:20,56.0
0.5430,17.0560,0.5350,96.9210,1.9010,2025-01-24 19:16:20,56.0
0.5450,17.1810,0.3920,97.0870,1.6860,2025-01-24 19:16:20,56.0
0.5250,17.1090,0.2830,97.1760,1.6760,2025-01-24 19:16:20,56.0
0.5250,17.04,0.3640,96.9990,1.70,2025-02-10 12:33:38,57.0
0.5040,16.9830,0.5290,97.2050,1.6120,2025-02-10 12:33:38,57.0
0.5250,16.9390,0.7740,97.2930,1.6990,2025-02-10 12:33:38,57.0
0.5380,17.1310,0.62,96.9810,1.7670,2025-02-10 12:33:38,57.0
0.5420,17.1250,0.3810,96.92,1.8480,2025-02-10 12:33:38,57.0
0.5040,16.9390,0.4440,96.9560,1.6380,2025-02-10 12:33:38,57.0
0.5020,16.9520,0.5840,97.0560,1.71,2025-02-10 12:33:38,57.0
0.5340,16.9870,0.5110,96.9630,1.7970,2025-02-10 12:33:38,57.0
0.5450,16.9520,0.6020,96.9850,1.8920,2025-02-10 12:33:38,57.0
0.5360,16.9050,0.5290,97.1410,1.7440,2025-02-10 12:33:38,57.0
0.5510,16.99,0.5290,97.2470,1.8410,2025-02-10 12:33:38,57.0
0.5410,17.0650,0.5810,97.0790,1.8130,2025-02-10 12:33:38,57.0
0.5330,17.1410,0.4790,97.2970,1.7630,2025-02-10 12:33:38,57.0
0.5310,17.0620,0.5180,97.0750,1.7230,2025-02-10 12:33:38,57.0
0.5250,17.0620,0.4340,96.9820,1.7570,2025-02-10 12:33:38,57.0
0.5110,16.9170,0.50,96.8650,1.5930,2025-02-10 12:33:38,57.0
0.5380,17.1090,0.5210,96.9950,1.7560,2025-02-10 12:33:38,57.0
0.5120,16.8990,0.7320,97.0130,1.6530,2025-02-10 12:33:38,57.0
0.5280,17.0460,0.5420,96.9710,1.6460,2025-02-10 12:33:38,57.0
0.5040,16.9140,0.70,97.1570,1.6050,2025-02-10 12:33:38,57.0
0.5320,17.0970,0.4060,97.0170,1.7370,2025-02-10 13:03:43,58.0
0.5490,16.9870,0.3460,97.2460,1.8480,2025-02-10 13:03:43,58.0
0.5620,17.0490,0.4620,97.1610,1.9160,2025-02-10 13:03:43,58.0
0.5360,17.0650,0.56,97.3520,1.7980,2025-02-10 13:03:43,58.0
0.5390,17.0840,0.5880,96.9710,1.7020,2025-02-10 13:03:43,58.0
0.5210,17.0590,0.6860,97.1690,1.73,2025-02-10 13:03:43,58.0
0.5490,17.0210,0.5290,97.3770,1.6850,2025-02-10 13:03:43,58.0
0.5190,16.9460,0.56,96.8480,1.5870,2025-02-10 13:03:43,58.0
0.5320,17.0490,0.5150,97.2720,1.6940,2025-02-10 13:03:43,58.0
0.5340,16.9990,0.5980,97.29,1.7970,2025-02-10 13:03:43,58.0
0.5290,17.0650,0.56,97.2660,1.6790,2025-02-10 13:03:43,58.0
0.53,17.1340,0.5420,97.1120,1.5950,2025-02-10 13:03:43,58.0
0.5350,17.1780,0.6090,97.2890,1.6830,2025-02-10 13:03:43,58.0
0.5440,17.0020,0.5430,97.0960,1.8730,2025-02-10 13:03:43,58.0
0.5440,17.0270,0.5080,97.1290,1.7730,2025-02-10 13:03:43,58.0
0.5380,17.0340,0.5040,97.1710,1.5970,2025-02-10 13:03:43,58.0
0.5380,17.0490,0.5640,96.9720,1.8140,2025-02-10 13:03:43,58.0
0.5220,16.9430,0.5180,97.2580,1.6890,2025-02-10 13:03:43,58.0
0.5530,17.0020,0.6060,97.0460,1.8160,2025-02-10 13:03:43,58.0
0.5380,17.0620,0.6120,97.1240,1.7840,2025-02-10 13:03:43,58.0
0.5520,17.0460,0.5180,96.9590,1.9230,2025-02-10 19:59:00,59.0
0.5240,16.9710,0.6650,97.1770,1.75,2025-02-10 19:59:00,59.0
0.5520,17.1630,0.5150,97.2630,1.8160,2025-02-10 19:59:00,59.0
0.5430,17.0460,0.5390,96.9660,1.8270,2025-02-10 19:59:00,59.0
0.5370,17.04,0.5290,96.9250,1.78,2025-02-10 19:59:00,59.0
0.5460,17.0870,0.4690,97.2320,1.8050,2025-02-10 19:59:00,59.0
0.5210,16.9680,0.7910,96.9540,1.64,2025-02-10 19:59:00,59.0
0.54,17.1030,0.5530,97.1110,1.7570,2025-02-10 19:59:00,59.0
0.54,17.0340,0.5250,97.2410,1.7910,2025-02-10 19:59:00,59.0
0.5250,17.0020,0.4340,96.9060,1.74,2025-02-10 19:59:00,59.0
0.5090,16.9650,0.5880,97.0410,1.6920,2025-02-10 19:59:00,59.0
0.5190,17.0680,0.5980,97.17,1.7320,2025-02-10 19:59:00,59.0
0.5410,17.1150,0.3890,97.20,1.7070,2025-02-10 19:59:00,59.0
0.5310,16.9870,0.5770,97.1440,1.7450,2025-02-10 19:59:00,59.0
0.5370,17.0210,0.4480,97.0320,1.7830,2025-02-10 19:59:00,59.0
0.5390,17.0370,0.5880,96.8790,1.8010,2025-02-10 19:59:00,59.0
0.5280,16.9580,0.4550,97.0140,1.7350,2025-02-10 19:59:00,59.0
0.5370,17.1150,0.3710,97.1290,1.8160,2025-02-10 19:59:00,59.0
0.5190,16.9990,0.6370,97.1360,1.7940,2025-02-10 19:59:00,59.0
0.53,17.0710,0.3670,97.2730,1.8580,2025-02-10 19:59:00,59.0
0.5180,17.0560,0.5320,97.2950,1.6370,2025-02-10 20:59:08,60.0
0.5490,17.1910,0.5320,96.9430,1.83,2025-02-10 20:59:08,60.0
0.51,17.0210,0.4830,97.25,1.6140,2025-02-10 20:59:08,60.0
0.5250,17.1150,0.4060,96.8630,1.78,2025-02-10 20:59:08,60.0
0.5430,17.0840,0.5740,96.9730,1.7240,2025-02-10 20:59:08,60.0
0.5340,17.0780,0.3150,96.9940,1.8020,2025-02-10 20:59:08,60.0
0.5370,17.0620,0.2590,97.1070,1.7510,2025-02-10 20:59:08,60.0
0.5430,17.0490,0.5670,97.3130,1.9220,2025-02-10 20:59:08,60.0
0.5150,17.09,0.4170,97.1590,1.5760,2025-02-10 20:59:08,60.0
0.5330,17.0710,0.3920,97.1590,1.7240,2025-02-10 20:59:08,60.0
0.5290,17.0620,0.49,97.2760,1.6610,2025-02-10 20:59:08,60.0
0.5250,17.1090,0.5740,97.0160,1.6670,2025-02-10 20:59:08,60.0
0.5270,17.0680,0.4340,96.8830,1.6780,2025-02-10 20:59:08,60.0
0.5390,17.1410,0.5040,96.8720,1.7640,2025-02-10 20:59:08,60.0
0.5380,17.0210,0.4090,96.9750,1.6620,2025-02-10 20:59:08,60.0
0.5340,17.0930,0.6860,96.8650,1.70,2025-02-10 20:59:08,60.0
0.5420,17.0840,0.6860,96.99,1.7840,2025-02-10 20:59:08,60.0
0.5250,17.1310,0.49,97.1370,1.6320,2025-02-10 20:59:08,60.0
0.5260,17.0840,0.5150,97.1190,1.7030,2025-02-10 20:59:08,60.0
0.5360,17.1030,0.3570,97.1020,1.8310,2025-02-10 20:59:08,60.0
0.53,17.0750,0.5850,96.8380,1.8460,2025-02-11 11:33:22,61.0
0.5180,17.0930,0.4860,96.9990,1.7570,2025-02-11 11:33:22,61.0
0.5540,17.0710,0.41,96.9860,1.7450,2025-02-11 11:33:22,61.0
0.5250,17.1910,0.6650,97.2730,1.6590,2025-02-11 11:33:22,61.0
0.5390,17.0750,0.49,97.0450,1.7260,2025-02-11 11:33:22,61.0
0.5170,16.9960,0.3920,97.2880,1.6680,2025-02-11 11:33:22,61.0
0.5250,17.0750,0.4130,97.2590,1.6780,2025-02-11 11:33:22,61.0
0.5210,17.0970,0.5320,96.9590,1.7390,2025-02-11 11:33:22,61.0
0.5130,17.1190,0.7140,96.98,1.6450,2025-02-11 11:33:22,61.0
0.5360,17.1310,0.3610,97.2040,1.8080,2025-02-11 11:33:22,61.0
0.5230,16.9650,0.4580,97.2620,1.5730,2025-02-11 11:33:22,61.0
0.5360,17.0240,0.4520,96.8760,1.6880,2025-02-11 11:33:22,61.0
0.5190,16.98,0.4230,97.1060,1.6860,2025-02-11 11:33:22,61.0
0.5110,16.9680,0.9140,97.0510,1.6530,2025-02-11 11:33:22,61.0
0.5160,17.1120,0.5430,97.2750,1.7370,2025-02-11 11:33:22,61.0
0.5330,16.98,0.4340,97,1.6090,2025-02-11 11:33:22,61.0
0.5540,17.1120,0.7240,97.1660,1.8850,2025-02-11 11:33:22,61.0
0.5390,17.0460,0.43,97.3080,1.6520,2025-02-11 11:33:22,61.0
0.5040,17.0090,0.6370,96.8550,1.5310,2025-02-11 11:33:22,61.0
0.5450,17.1310,0.5150,96.89,1.7880,2025-02-11 11:33:22,61.0
0.5230,17.0150,0.4270,97.2290,1.6680,2025-02-11 13:18:27,62.0
0.5520,17.1030,0.6160,96.9780,1.95,2025-02-11 13:18:27,62.0
0.5260,17.0090,0.5850,97.2230,1.8570,2025-02-11 13:18:27,62.0
0.5570,17.0930,0.4160,97.0860,1.9080,2025-02-11 13:18:27,62.0
0.5330,17.0020,0.6440,97.1660,1.81,2025-02-11 13:18:27,62.0
0.5280,17.0590,0.4090,96.9880,1.7190,2025-02-11 13:18:27,62.0
0.5160,17.0460,0.5460,97.0010,1.8190,2025-02-11 13:18:27,62.0
0.52,17.0650,0.5560,97.0230,1.7930,2025-02-11 13:18:27,62.0
0.5180,17.0210,0.4440,97.2090,1.6910,2025-02-11 13:18:27,62.0
0.5390,17.09,0.5560,96.9940,1.8130,2025-02-11 13:18:27,62.0
0.5290,17.0530,0.3610,97.1760,1.7250,2025-02-11 13:18:27,62.0
0.5490,17.04,0.5150,97.12,1.69,2025-02-11 13:18:27,62.0
0.5320,17.0180,0.5290,97.2820,1.7140,2025-02-11 13:18:27,62.0
0.5280,17.0240,0.5770,96.9420,1.7510,2025-02-11 13:18:27,62.0
0.5040,16.8550,0.6270,97.29,1.6720,2025-02-11 13:18:27,62.0
0.5430,17.0240,0.3150,96.9430,1.8960,2025-02-11 13:18:27,62.0
0.54,17.1220,0.5180,97.1780,1.7820,2025-02-11 13:18:27,62.0
0.5150,16.98,0.4940,96.9260,1.6290,2025-02-11 13:18:27,62.0
0.5190,16.9770,0.6020,96.9870,1.7570,2025-02-11 13:18:27,62.0
0.5460,16.93,0.6120,97.1890,1.73,2025-02-11 13:18:27,62.0
0.5240,16.9930,0.5460,97.2070,1.7570,2025-02-11 19:38:40,63.0
0.5410,17.0430,0.4730,96.9470,1.8180,2025-02-11 19:38:40,63.0
0.5320,17.09,0.5560,96.88,1.8860,2025-02-11 19:38:40,63.0
0.5090,17.0240,0.70,96.9770,1.5940,2025-02-11 19:38:40,63.0
0.5250,17.0210,0.49,97.1560,1.8350,2025-02-11 19:38:40,63.0
0.5670,17.1310,0.4480,97.2040,2.0490,2025-02-11 19:38:40,63.0
0.5470,17.1060,0.5290,97.31,1.9070,2025-02-11 19:38:40,63.0
0.5270,17.0050,0.5880,96.9610,1.7840,2025-02-11 19:38:40,63.0
0.5270,17.0020,0.2980,97.15,1.8650,2025-02-11 19:38:40,63.0
0.5440,17.04,0.4380,96.98,1.8390,2025-02-11 19:38:40,63.0
0.5380,17.1060,0.5640,97.1070,1.6990,2025-02-11 19:38:40,63.0
0.5560,17.0650,0.5180,97.0840,2.0110,2025-02-11 19:38:40,63.0
0.5130,16.9930,0.5770,96.99,1.6220,2025-02-11 19:38:40,63.0
0.5410,16.9740,0.3610,96.7690,1.8580,2025-02-11 19:38:40,63.0
0.5380,16.99,0.2980,96.9840,1.92,2025-02-11 19:38:40,63.0
0.5370,17.09,0.5740,96.9780,1.7940,2025-02-11 19:38:40,63.0
0.5490,17.0490,0.4830,96.9890,1.8540,2025-02-11 19:38:40,63.0
0.5590,17.0240,0.5670,97.0470,1.9850,2025-02-11 19:38:40,63.0
0.5360,17.0490,0.42,97.0610,1.7660,2025-02-11 19:38:40,63.0
0.5310,17.0090,0.6370,96.7880,1.7270,2025-02-11 19:38:40,63.0
0.5290,16.9990,0.6260,96.8840,1.7880,2025-02-11 21:03:47,64.0
0.5580,16.9990,0.5560,96.9740,1.9030,2025-02-11 21:03:47,64.0
0.53,16.9770,0.5740,96.8540,1.7350,2025-02-11 21:03:47,64.0
0.5340,17.0020,0.4520,96.9570,1.7710,2025-02-11 21:03:47,64.0
0.5310,16.9550,0.5250,97.19,1.8290,2025-02-11 21:03:47,64.0
0.5310,16.93,0.4340,97.2460,1.7650,2025-02-11 21:03:47,64.0
0.5630,16.9740,0.6620,97.0860,1.9950,2025-02-11 21:03:47,64.0
0.5510,17.0050,0.6550,96.94,1.9150,2025-02-11 21:03:47,64.0
0.5380,16.9430,0.42,97.0050,1.7050,2025-02-11 21:03:47,64.0
0.5560,17.1750,0.5640,97.10,1.9630,2025-02-11 21:03:47,64.0
0.5390,17.0180,0.4650,97.0460,1.7780,2025-02-11 21:03:47,64.0
0.5450,17.09,0.3780,97.2210,1.7020,2025-02-11 21:03:47,64.0
0.5420,16.9960,0.5070,96.9210,1.7930,2025-02-11 21:03:47,64.0
0.5510,17.0120,0.3320,97.2560,1.7250,2025-02-11 21:03:47,64.0
0.5260,17.0780,0.4090,96.80,1.7140,2025-02-11 21:03:47,64.0
0.5480,17.1310,0.5350,97.1680,1.8330,2025-02-11 21:03:47,64.0
0.5550,16.9740,0.6690,97.5170,1.8580,2025-02-11 21:03:47,64.0
0.5240,16.9170,0.5950,96.9470,1.8130,2025-02-11 21:03:47,64.0
0.5220,16.9680,0.6160,96.9510,1.6860,2025-02-11 21:03:47,64.0
0.53,17.0310,0.6050,97.2590,1.8150,2025-02-11 21:03:47,64.0
0.5480,17.0930,0.8750,97.3310,1.7640,2025-02-12 11:09:13,65.0
0.5560,17.1250,0.6270,96.8730,1.9280,2025-02-12 11:09:13,65.0
0.54,16.8950,0.5840,97.1680,1.78,2025-02-12 11:09:13,65.0
0.5340,17.0020,0.56,97.1450,1.75,2025-02-12 11:09:13,65.0
0.5370,16.9270,0.4440,97.1790,1.7110,2025-02-12 11:09:13,65.0
0.5610,17.1440,0.5950,96.9410,2.0160,2025-02-12 11:09:13,65.0
0.5330,17.0150,0.6440,97.1990,1.7250,2025-02-12 11:09:13,65.0
0.5270,16.8890,0.6550,97.2640,1.9080,2025-02-12 11:09:13,65.0
0.5190,17.0090,0.6160,97.3620,1.6260,2025-02-12 11:09:13,65.0
0.5280,17.0310,0.5350,97.1870,1.7020,2025-02-12 11:09:13,65.0
0.5450,16.9460,0.5430,97.3510,1.8940,2025-02-12 11:09:13,65.0
0.5380,16.99,0.3710,97.1150,1.8480,2025-02-12 11:09:13,65.0
0.5340,17.0050,0.5810,97.0560,1.8620,2025-02-12 11:09:13,65.0
0.5320,17.0810,0.5250,96.9790,1.74,2025-02-12 11:09:13,65.0
0.5250,16.9330,0.5250,97.1740,1.7480,2025-02-12 11:09:13,65.0
0.5130,17.0430,0.6370,97.3370,1.6280,2025-02-12 11:09:13,65.0
0.5350,16.9680,0.5950,97.2730,1.63,2025-02-12 11:09:13,65.0
0.5580,16.9360,0.4130,97.2270,1.9420,2025-02-12 11:09:13,65.0
0.5410,16.9680,0.6330,96.9330,1.9380,2025-02-12 11:09:13,65.0
0.5120,17.1120,0.6060,97.3110,1.63,2025-02-12 11:09:13,65.0
0.5280,16.9390,0.5110,97.0840,1.8010,2025-02-12 20:09:28,66.0
0.5110,16.9170,0.5290,97.1870,1.6820,2025-02-12 20:09:28,66.0
0.5360,16.9680,0.6230,97.0090,1.7730,2025-02-12 20:09:28,66.0
0.5340,17.0180,0.6160,96.9850,1.7850,2025-02-12 20:09:28,66.0
0.5310,16.9080,0.5990,97.1660,1.8680,2025-02-12 20:09:28,66.0
0.52,16.9930,0.6760,96.9850,1.6970,2025-02-12 20:09:28,66.0
0.5170,17.0020,0.6270,96.9560,1.6110,2025-02-12 20:09:28,66.0
0.5210,16.9930,0.4690,97.1860,1.6950,2025-02-12 20:09:28,66.0
0.5140,17.0050,0.62,97.2030,1.7040,2025-02-12 20:09:28,66.0
0.5290,16.9110,0.4340,97.3750,1.8250,2025-02-12 20:09:28,66.0
0.5210,16.9610,0.4440,96.9530,1.7790,2025-02-12 20:09:28,66.0
0.5470,17.0930,0.6790,96.9380,1.8960,2025-02-12 20:09:28,66.0
0.5340,17.0620,0.5080,97.2330,1.7930,2025-02-12 20:09:28,66.0
0.5220,17.1060,0.6610,96.8750,1.9080,2025-02-12 20:09:28,66.0
0.4890,16.9990,0.6330,97.13,1.71,2025-02-12 20:09:28,66.0
0.4860,16.8670,0.4020,96.8970,1.7490,2025-02-12 20:09:28,66.0
0.5190,16.9080,0.5250,96.8810,1.9510,2025-02-12 20:09:28,66.0
0.5160,16.9430,0.5350,96.7790,1.9620,2025-02-12 20:09:28,66.0
0.5090,16.9080,0.5990,96.7750,1.8160,2025-02-12 20:09:28,66.0
0.5150,17.0710,0.4760,96.8360,1.9010,2025-02-12 20:09:28,66.0
0.5210,16.8890,0.4690,96.93,1.66,2025-02-12 20:59:34,67.0
0.5310,16.9580,0.5320,96.96,1.7310,2025-02-12 20:59:34,67.0
0.5260,17.0020,0.5950,96.9280,1.7450,2025-02-12 20:59:34,67.0
0.5070,16.9140,0.5850,97.1660,1.5660,2025-02-12 20:59:34,67.0
0.5320,16.9830,0.49,96.8240,1.8440,2025-02-12 20:59:34,67.0
0.5430,17.0710,0.5810,97.01,1.8160,2025-02-12 20:59:34,67.0
0.5250,16.9520,0.4580,96.9530,1.6590,2025-02-12 20:59:34,67.0
0.5240,16.99,0.6270,97.3220,1.6560,2025-02-12 20:59:34,67.0
0.5460,17.0120,0.6120,97.0320,1.7860,2025-02-12 20:59:34,67.0
0.5290,17.0340,0.5670,97.0830,1.7210,2025-02-12 20:59:34,67.0
0.5270,16.8890,0.71,96.8590,1.7090,2025-02-12 20:59:34,67.0
0.5290,17.0050,0.56,97.1760,1.7820,2025-02-12 20:59:34,67.0
0.5110,16.9650,0.5980,96.8650,1.6420,2025-02-12 20:59:34,67.0
0.5350,17.0710,0.5770,97.2470,1.6740,2025-02-12 20:59:34,67.0
0.5250,16.9170,0.6550,96.9720,1.7190,2025-02-12 20:59:34,67.0
0.5470,16.9870,0.4480,97.2090,1.8620,2025-02-12 20:59:34,67.0
0.5170,16.9610,0.5880,96.9090,1.7870,2025-02-12 20:59:34,67.0
0.5260,17.0050,0.5880,97.2060,1.6570,2025-02-12 20:59:34,67.0
0.5550,16.9830,0.6120,97.1410,1.7990,2025-02-12 20:59:34,67.0
0.51,16.9430,0.5810,97.0110,1.7270,2025-02-12 20:59:34,67.0
0.5340,17.1410,0.5430,96.8170,1.7920,2025-02-13 11:00:55,68.0
0.5340,17.0710,0.34,97.0080,1.7790,2025-02-13 11:00:55,68.0
0.5270,17.0530,0.4790,97.0450,1.8120,2025-02-13 11:00:55,68.0
0.5190,16.9650,0.4510,97.2870,1.7060,2025-02-13 11:00:55,68.0
0.5210,16.98,0.3750,97.2110,1.6270,2025-02-13 11:00:55,68.0
0.5310,17.0560,0.4830,97.1820,1.7340,2025-02-13 11:00:55,68.0
0.5320,17.0810,0.4940,97.01,1.7530,2025-02-13 11:00:55,68.0
0.5270,17.1590,0.4380,96.9420,1.7410,2025-02-13 11:00:55,68.0
0.5190,17.0930,0.4660,97.2860,1.6450,2025-02-13 11:00:55,68.0
0.5430,17.0310,0.4230,96.9970,1.7450,2025-02-13 11:00:55,68.0
0.5410,17.0870,0.5070,96.9780,1.7180,2025-02-13 11:00:55,68.0
0.5430,17.1660,0.4760,97.4290,1.8030,2025-02-13 11:00:55,68.0
0.5330,17.1310,0.5040,97.0650,1.7170,2025-02-13 11:00:55,68.0
0.5460,17.09,0.48,97.07,1.7640,2025-02-13 11:00:55,68.0
0.5460,17.1370,0.35,97.0990,1.8030,2025-02-13 11:00:55,68.0
0.5370,17.1410,0.4440,97.1640,1.6850,2025-02-13 11:00:55,68.0
0.5460,17.1150,0.5350,97.0920,1.81,2025-02-13 11:00:55,68.0
0.5230,17.1150,0.4160,97.1820,1.7250,2025-02-13 11:00:55,68.0
0.5440,17.1250,0.4870,97.1120,1.7130,2025-02-13 11:00:55,68.0
0.5120,17.04,0.5570,96.8560,1.7520,2025-02-13 11:00:55,68.0
0.5250,16.9520,0.3990,96.9730,1.8170,2025-02-13 13:31:03,69.0
0.5220,17.0090,0.5530,97.1140,1.80,2025-02-13 13:31:03,69.0
0.5430,17.0590,0.42,96.9870,1.72,2025-02-13 13:31:03,69.0
0.5410,17.0840,0.5710,97.0760,1.7960,2025-02-13 13:31:03,69.0
0.5330,17.1060,0.4550,97.0070,1.8110,2025-02-13 13:31:03,69.0
0.5380,17.0650,0.5950,97.1250,1.7910,2025-02-13 13:31:03,69.0
0.5090,16.9870,0.5250,96.99,1.7330,2025-02-13 13:31:03,69.0
0.5040,16.9930,0.5850,97.2260,1.5880,2025-02-13 13:31:03,69.0
0.5250,17.0970,0.5460,96.9670,1.7680,2025-02-13 13:31:03,69.0
0.5360,17.1220,0.6060,97.1430,1.8940,2025-02-13 13:31:03,69.0
0.5550,17.1280,0.4760,97.1570,1.8880,2025-02-13 13:31:03,69.0
0.55,17.1220,0.6130,96.9750,1.8580,2025-02-13 13:31:03,69.0
0.5250,17.0840,0.5180,97.1470,1.7240,2025-02-13 13:31:03,69.0
0.5460,16.9740,0.6370,97.0330,1.8850,2025-02-13 13:31:03,69.0
0.5350,17.1440,0.5840,97.1260,1.7660,2025-02-13 13:31:03,69.0
0.5240,17.0620,0.5220,96.8770,1.7310,2025-02-13 13:31:03,69.0
0.5310,17.1310,0.4650,97.1990,1.7840,2025-02-13 13:31:03,69.0
0.5190,17.0710,0.4480,96.9390,1.6830,2025-02-13 13:31:03,69.0
0.53,17.1120,0.4940,97.5560,1.6990,2025-02-13 13:31:03,69.0
0.5290,17.0430,0.5670,97.3020,1.7510,2025-02-13 13:31:03,69.0
0.5390,17.0490,0.4790,97.2690,1.6740,2025-02-13 19:56:20,70.0
0.5340,17.0560,0.4270,97.1210,1.6520,2025-02-13 19:56:20,70.0
0.5130,17.0020,0.6160,96.8530,1.7150,2025-02-13 19:56:20,70.0
0.51,16.9710,0.3290,97.25,1.6690,2025-02-13 19:56:20,70.0
0.5410,17.1560,0.5110,97.27,1.8370,2025-02-13 19:56:20,70.0
0.5320,16.9960,0.5010,97.1920,1.7640,2025-02-13 19:56:20,70.0
0.5250,16.9830,0.42,97.0750,1.6430,2025-02-13 19:56:20,70.0
0.5540,17.1370,0.5740,97.06,1.7810,2025-02-13 19:56:20,70.0
0.5350,17.0270,0.4730,97.1780,1.7660,2025-02-13 19:56:20,70.0
0.5170,16.9360,0.5290,97.19,1.6380,2025-02-13 19:56:20,70.0
0.55,16.99,0.4690,97.15,1.83,2025-02-13 19:56:20,70.0
0.5260,17.0750,0.4650,97.0270,1.70,2025-02-13 19:56:20,70.0
0.5150,16.9960,0.4410,96.9910,1.7050,2025-02-13 19:56:20,70.0
0.52,16.9110,0.5250,96.9020,1.6310,2025-02-13 19:56:20,70.0
0.5650,16.9990,0.42,97.1380,1.6940,2025-02-13 19:56:20,70.0
0.5380,16.9490,0.4410,97.0240,1.7990,2025-02-13 19:56:20,70.0
0.5410,17.0210,0.63,97.3140,1.7750,2025-02-13 19:56:20,70.0
0.53,16.9870,0.4520,97.3830,1.6780,2025-02-13 19:56:20,70.0
0.5120,16.9610,0.5350,97.2460,1.6210,2025-02-13 19:56:20,70.0
0.5270,16.98,0.5110,96.8870,1.6570,2025-02-13 19:56:20,70.0
0.5430,17.04,0.5210,97.3030,1.8120,2025-02-13 21:01:25,71.0
0.5530,17.1410,0.4620,97.2780,1.9010,2025-02-13 21:01:25,71.0
0.5330,17.1030,0.4760,97.1620,1.7710,2025-02-13 21:01:25,71.0
0.53,17.0650,0.6680,97.2820,1.7240,2025-02-13 21:01:25,71.0
0.5310,16.9330,0.6090,97.0250,1.8140,2025-02-13 21:01:25,71.0
0.5160,17.0150,0.4480,97.03,1.6740,2025-02-13 21:01:25,71.0
0.5210,17.0240,0.5080,97.0360,1.7520,2025-02-13 21:01:25,71.0
0.5350,16.9870,0.6510,96.9870,1.7350,2025-02-13 21:01:25,71.0
0.5270,17.0460,0.5250,97.1450,1.7820,2025-02-13 21:01:25,71.0
0.5350,17.0270,0.6410,97.2930,1.7260,2025-02-13 21:01:25,71.0
0.55,17.1340,0.6720,97.1920,1.7590,2025-02-13 21:01:25,71.0
0.5320,17.0930,0.5740,96.9970,1.6920,2025-02-13 21:01:25,71.0
0.5340,17.0810,0.3710,97.30,1.6960,2025-02-13 21:01:25,71.0
0.5420,17.0240,0.4270,97.2510,1.7380,2025-02-13 21:01:25,71.0
0.5210,16.9710,0.7350,97.0110,1.6570,2025-02-13 21:01:25,71.0
0.5580,17.1190,0.5180,97.26,1.7740,2025-02-13 21:01:25,71.0
0.5570,17.0240,0.4580,97.2060,1.7280,2025-02-13 21:01:25,71.0
0.5450,17.0650,0.4230,97.2390,1.7680,2025-02-13 21:01:25,71.0
0.5270,17.1690,0.4550,97.1610,1.5940,2025-02-13 21:01:25,71.0
0.5370,16.99,0.5360,97.2840,1.69,2025-02-13 21:01:25,71.0
0.5360,17.2030,0.49,97.4180,1.7950,2025-02-18 12:25:08,72.0
0.5850,17.1910,0.5220,97.0980,1.8570,2025-02-18 12:25:08,72.0
0.5090,17.1280,0.7210,97.2150,1.5740,2025-02-18 12:25:08,72.0
0.5440,17.2060,0.4410,97.2960,1.7110,2025-02-18 12:25:08,72.0
0.5190,17.1750,0.42,97.1930,1.7130,2025-02-18 12:25:08,72.0
0.5440,17.2320,0.4410,97.1380,1.71,2025-02-18 12:25:08,72.0
0.5430,17.1750,0.4940,97.2430,1.7330,2025-02-18 12:25:08,72.0
0.54,17.15,0.4580,97.2430,1.7160,2025-02-18 12:25:08,72.0
0.5310,17.1590,0.5250,97.2380,1.7580,2025-02-18 12:25:08,72.0
0.5050,17.1090,0.6410,97.1770,1.6440,2025-02-18 12:25:08,72.0
0.5340,17.1370,0.5880,97.3130,1.7110,2025-02-18 12:25:08,72.0
0.5220,17.1250,0.4650,97.1820,1.7020,2025-02-18 12:25:08,72.0
0.5260,17.1340,0.4620,96.9690,1.7790,2025-02-18 12:25:08,72.0
0.5020,17.10,0.50,97.0520,1.5950,2025-02-18 12:25:08,72.0
0.5390,17.1940,0.4620,97.0610,1.8170,2025-02-18 12:25:08,72.0
0.53,17.1560,0.55,97.0590,1.7950,2025-02-18 12:25:08,72.0
0.5340,17.1560,0.5390,97.2420,1.8130,2025-02-18 12:25:08,72.0
0.5250,17.2570,0.5290,97.1570,1.7040,2025-02-18 12:25:08,72.0
0.5090,17.0210,0.6620,96.9480,1.7720,2025-02-18 12:25:08,72.0
0.5220,17.1530,0.4130,96.9580,1.8050,2025-02-18 12:25:08,72.0
0.5450,17.0560,0.5910,97.2110,1.7590,2025-02-18 13:15:16,73.0
0.5430,17.0270,0.5530,97.11,1.76,2025-02-18 13:15:16,73.0
0.5770,17.0870,0.4450,97.1260,1.6180,2025-02-18 13:15:16,73.0
0.5490,17.0620,0.4230,97.3350,1.8740,2025-02-18 13:15:16,73.0
0.5460,17.1470,0.4230,96.8570,1.8570,2025-02-18 13:15:16,73.0
0.5630,17.0870,0.4690,97.3030,1.9280,2025-02-18 13:15:16,73.0
0.5450,17.1340,0.6230,97.0510,1.74,2025-02-18 13:15:16,73.0
0.5650,17.1410,0.6230,96.9180,1.8150,2025-02-18 13:15:16,73.0
0.5550,17.2820,0.5320,97.17,1.80,2025-02-18 13:15:16,73.0
0.5260,17.0310,0.4730,97.2060,1.7550,2025-02-18 13:15:16,73.0
0.5190,17.1030,0.5950,96.9590,1.67,2025-02-18 13:15:16,73.0
0.5050,17.1280,0.5880,97.2310,1.5940,2025-02-18 13:15:16,73.0
0.5550,17.04,0.6620,96.8680,1.6890,2025-02-18 13:15:16,73.0
0.5320,16.9960,0.5250,96.9320,1.7210,2025-02-18 13:15:16,73.0
0.5250,17.2250,0.42,96.8270,1.6080,2025-02-18 13:15:16,73.0
0.5150,17.1220,0.4760,96.8340,1.7280,2025-02-18 13:15:16,73.0
0.5340,17.1120,0.4580,96.8380,1.7220,2025-02-18 13:15:16,73.0
0.5960,17.0270,0.71,96.8540,1.7550,2025-02-18 13:15:16,73.0
0.5640,17.0650,0.5150,97.0480,1.9120,2025-02-18 13:15:16,73.0
0.5360,17.0530,0.3810,96.8540,1.8050,2025-02-18 13:15:16,73.0
0.5310,17.0680,0.6230,97.1650,1.7250,2025-02-18 19:40:32,74.0
0.5160,17.0710,0.5430,97.3260,1.68,2025-02-18 19:40:32,74.0
0.5370,17.0620,0.5880,97.2220,1.7490,2025-02-18 19:40:32,74.0
0.5470,17.15,0.5570,96.94,1.8440,2025-02-18 19:40:32,74.0
0.5310,17.0780,0.5770,97.2090,1.8830,2025-02-18 19:40:32,74.0
0.54,17.0650,0.4130,97.3260,1.7070,2025-02-18 19:40:32,74.0
0.5390,17.1030,0.49,97.1750,1.8830,2025-02-18 19:40:32,74.0
0.5260,17.0870,0.5980,97.2660,1.80,2025-02-18 19:40:32,74.0
0.5520,17.0750,0.5530,96.9660,1.86,2025-02-18 19:40:32,74.0
0.5320,17.0530,0.5180,97.1490,1.9030,2025-02-18 19:40:32,74.0
0.5140,16.9460,0.6580,96.9450,1.7340,2025-02-18 19:40:32,74.0
0.52,17.0310,0.6230,97.1930,1.7740,2025-02-18 19:40:32,74.0
0.5280,17.0620,0.6050,96.8640,1.8560,2025-02-18 19:40:32,74.0
0.5530,17.0750,0.5950,97.0890,1.7790,2025-02-18 19:40:32,74.0
0.5090,17.0750,0.3640,97.1410,1.6720,2025-02-18 19:40:32,74.0
0.5270,17.0750,0.5040,96.9950,1.7170,2025-02-18 19:40:32,74.0
0.5120,17.0150,0.5180,97.2230,1.6880,2025-02-18 19:40:32,74.0
0.5290,17.0460,0.5150,96.8070,1.8390,2025-02-18 19:40:32,74.0
0.5210,17.0340,0.5670,97.0960,1.7070,2025-02-18 19:40:32,74.0
0.5410,17.1440,0.4480,97.0150,1.8240,2025-02-18 19:40:32,74.0
0.5170,17.0930,0.6440,97.0790,1.6380,2025-02-18 21:40:43,75.0
0.53,16.9830,0.5460,96.9650,1.7740,2025-02-18 21:40:43,75.0
0.5190,17.04,0.6760,97.18,1.6830,2025-02-18 21:40:43,75.0
0.5390,17.0810,0.4580,96.9070,1.7610,2025-02-18 21:40:43,75.0
0.5370,17.0150,0.6090,97.0980,1.8430,2025-02-18 21:40:43,75.0
0.54,17.04,0.6440,97.1990,1.6810,2025-02-18 21:40:43,75.0
0.5360,17.0810,0.4730,97.28,1.8130,2025-02-18 21:40:43,75.0
0.5290,17.1090,0.5530,97.15,1.8390,2025-02-18 21:40:43,75.0
0.54,16.9960,0.7040,96.9880,1.7020,2025-02-18 21:40:43,75.0
0.5540,17.0430,0.4310,97.17,1.92,2025-02-18 21:40:43,75.0
0.5070,17.0710,0.5320,96.8770,1.6770,2025-02-18 21:40:43,75.0
0.5550,17.1310,0.56,97.2340,1.8980,2025-02-18 21:40:43,75.0
0.5220,17.0150,0.4760,97.10,1.7390,2025-02-18 21:40:43,75.0
0.5310,17.0710,0.4340,96.9320,1.7060,2025-02-18 21:40:43,75.0
0.5430,17.1440,0.4620,96.9090,1.7750,2025-02-18 21:40:43,75.0
0.52,17.1310,0.6020,97.2340,1.7080,2025-02-18 21:40:43,75.0
0.5050,16.98,0.6020,97.1860,1.5670,2025-02-18 21:40:43,75.0
0.5490,17.0370,0.5320,97.1460,1.8820,2025-02-18 21:40:43,75.0
0.5360,16.9960,0.5210,97.3540,1.8080,2025-02-18 21:40:43,75.0
0.5130,17.0530,0.4230,97.1760,1.7660,2025-02-18 21:40:43,75.0
0.5490,17.0590,0.5670,97.1310,1.6760,2025-02-19 11:21:38,76.0
0.5360,17.0460,0.5080,97.12,1.6930,2025-02-19 11:21:38,76.0
0.5280,17.1120,0.4520,97.0670,1.8520,2025-02-19 11:21:38,76.0
0.5240,17.1590,0.5530,97.2190,1.6840,2025-02-19 11:21:38,76.0
0.5320,17.0840,0.4520,97.2810,1.7870,2025-02-19 11:21:38,76.0
0.5210,17.0180,0.5810,96.8440,1.7030,2025-02-19 11:21:38,76.0
0.5630,17.1910,0.56,96.9710,1.9980,2025-02-19 11:21:38,76.0
0.5120,17.0560,0.4270,96.8840,1.7140,2025-02-19 11:21:38,76.0
0.5170,17.1090,0.5080,97.1290,1.7560,2025-02-19 11:21:38,76.0
0.5320,17.1530,0.5110,97.14,1.8460,2025-02-19 11:21:38,76.0
0.5370,17.1880,0.6060,96.98,1.8370,2025-02-19 11:21:38,76.0
0.5240,16.98,0.70,97.0440,1.7630,2025-02-19 11:21:38,76.0
0.5050,17.0340,0.6970,97.1420,1.65,2025-02-19 11:21:38,76.0
0.5160,16.9550,0.8370,97.0080,1.69,2025-02-19 11:21:38,76.0
0.5360,17.0460,0.4870,97.0050,1.82,2025-02-19 11:21:38,76.0
0.5320,17.0710,0.5710,96.9080,1.7820,2025-02-19 11:21:38,76.0
0.51,17.1410,0.4480,97.1820,1.6890,2025-02-19 11:21:38,76.0
0.5120,17.1370,0.8220,96.8360,1.6950,2025-02-19 11:21:38,76.0
0.5240,16.9610,0.5320,96.9990,1.7120,2025-02-19 11:21:38,76.0
0.5270,17.2130,0.5810,96.93,1.7190,2025-02-19 11:21:38,76.0
0.5350,17.1220,0.5040,97.1180,1.6780,2025-02-19 13:16:46,77.0
0.5420,17.0970,0.6270,97.0450,1.69,2025-02-19 13:16:46,77.0
0.5270,17.1470,0.4940,96.8330,1.7720,2025-02-19 13:16:46,77.0
0.5580,17.1780,0.5150,97.2060,1.8040,2025-02-19 13:16:46,77.0
0.5350,17.1190,0.5110,97.1390,1.7170,2025-02-19 13:16:46,77.0
0.5410,17.0930,0.3920,96.96,1.8340,2025-02-19 13:16:46,77.0
0.5440,17.1470,0.5320,97.1440,1.7430,2025-02-19 13:16:46,77.0
0.53,17.0870,0.6020,97.0320,1.7430,2025-02-19 13:16:46,77.0
0.5440,17.15,0.49,97.0320,1.7860,2025-02-19 13:16:46,77.0
0.5250,17.0370,0.69,97.0420,1.6550,2025-02-19 13:16:46,77.0
0.5480,17.1120,0.4230,97.1030,1.6380,2025-02-19 13:16:46,77.0
0.55,17.2220,0.50,97.0870,1.8120,2025-02-19 13:16:46,77.0
0.5560,17.2250,0.3430,97.0410,1.8320,2025-02-19 13:16:46,77.0
0.5220,17.1060,0.6190,97.3610,1.7270,2025-02-19 13:16:46,77.0
0.53,17.1560,0.5080,97.2880,1.6890,2025-02-19 13:16:46,77.0
0.5150,16.9960,0.70,97.1510,1.6740,2025-02-19 13:16:46,77.0
0.53,17.1720,0.6930,97.1680,1.6840,2025-02-19 13:16:46,77.0
0.5550,17.0840,0.4060,97.1390,1.7320,2025-02-19 13:16:46,77.0
0.5490,17.1660,0.5280,97.2970,1.8150,2025-02-19 13:16:46,77.0
0.5240,17.0240,0.6750,97.1330,1.6850,2025-02-19 13:16:46,77.0
0.5020,17.0930,0.6790,97.1370,1.6950,2025-02-19 21:32:00,78.0
0.5110,16.9550,0.7980,96.94,1.7660,2025-02-19 21:32:00,78.0
0.5380,17.1590,0.56,96.9950,1.7390,2025-02-19 21:32:00,78.0
0.51,17.0560,0.4440,97.4240,1.7140,2025-02-19 21:32:00,78.0
0.5460,17.2130,0.6370,96.8990,1.9020,2025-02-19 21:32:00,78.0
0.5160,17.0210,0.5040,97.1210,1.8370,2025-02-19 21:32:00,78.0
0.5180,17.0870,0.4340,96.9620,1.7110,2025-02-19 21:32:00,78.0
0.5180,17.1470,0.5150,97.0210,1.7030,2025-02-19 21:32:00,78.0
0.5090,17.1060,0.7940,97.2150,1.6670,2025-02-19 21:32:00,78.0
0.5260,17.1630,0.5780,96.9740,1.7810,2025-02-19 21:32:00,78.0
0.5170,17.10,0.4720,96.8430,1.7040,2025-02-19 21:32:00,78.0
0.5210,17.1370,0.5290,97.1620,1.6310,2025-02-19 21:32:00,78.0
0.5180,17.0240,0.3990,97.1810,1.6780,2025-02-19 21:32:00,78.0
0.5010,17.0870,0.35,96.8980,1.6990,2025-02-19 21:32:00,78.0
0.51,17.1120,0.5320,97.1710,1.6470,2025-02-19 21:32:00,78.0
0.5250,16.9990,0.5980,97.2580,1.7030,2025-02-19 21:32:00,78.0
0.49,17.1190,0.6480,97.1710,1.5330,2025-02-19 21:32:00,78.0
0.5250,17.04,0.6790,96.86,1.7340,2025-02-19 21:32:00,78.0
0.5360,17.0930,0.6370,97.3620,1.8180,2025-02-19 21:32:00,78.0
0.5060,17.1220,0.3810,97.11,1.8110,2025-02-19 21:32:00,78.0
0.5390,17.2030,0.4060,97.1370,1.5950,2025-02-20 13:06:57,79.0
0.5160,17.0780,0.5180,96.9450,1.7050,2025-02-20 13:06:57,79.0
0.5330,17.1150,0.5850,96.8880,1.7880,2025-02-20 13:06:57,79.0
0.5390,17.0680,0.6190,97.0150,1.8990,2025-02-20 13:06:57,79.0
0.52,17.1370,0.2660,97.3750,1.7720,2025-02-20 13:06:57,79.0
0.5060,16.9990,0.4450,96.8950,1.6310,2025-02-20 13:06:57,79.0
0.5460,17.15,0.4440,97.1640,1.7460,2025-02-20 13:06:57,79.0
0.5450,17.0840,0.3960,96.9660,1.7730,2025-02-20 13:06:57,79.0
0.5310,17.0870,0.5430,96.9510,1.6470,2025-02-20 13:06:57,79.0
0.5280,17.0240,0.3920,97.0880,1.8030,2025-02-20 13:06:57,79.0
0.5250,17.0810,0.5710,96.9420,1.69,2025-02-20 13:06:57,79.0
0.5310,17.1060,0.4970,97.3160,1.6540,2025-02-20 13:06:57,79.0
0.5330,17.1030,0.5630,97.0950,1.7220,2025-02-20 13:06:57,79.0
0.5330,17.0460,0.5630,97.4240,1.7720,2025-02-20 13:06:57,79.0
0.5410,17.0650,0.4620,97.1620,1.6850,2025-02-20 13:06:57,79.0
0.5330,17.0210,0.5290,97.1670,1.6770,2025-02-20 13:06:57,79.0
0.5320,17.0840,0.5740,97.0780,1.7530,2025-02-20 13:06:57,79.0
0.5440,17.1220,0.4620,96.9260,1.7890,2025-02-20 13:06:57,79.0
0.53,17.1850,0.3360,97.2440,1.5610,2025-02-20 13:06:57,79.0
0.5440,17.0270,0.5670,96.8530,1.8420,2025-02-20 13:06:57,79.0
0.5180,17.0240,0.4340,96.9970,1.8150,2025-02-20 21:27:13,80.0
0.54,17.0530,0.6260,97.1690,1.8630,2025-02-20 21:27:13,80.0
0.53,17.0430,0.4790,96.8590,1.7160,2025-02-20 21:27:13,80.0
0.5080,16.98,0.5880,97.1140,1.6430,2025-02-20 21:27:13,80.0
0.51,17.0120,0.3750,96.8480,1.6740,2025-02-20 21:27:13,80.0
0.5470,17.0680,0.5080,97.2690,1.7990,2025-02-20 21:27:13,80.0
0.5550,17.0460,0.4130,97.5190,1.9280,2025-02-20 21:27:13,80.0
0.5350,17.0020,0.5080,96.7570,1.8720,2025-02-20 21:27:13,80.0
0.5260,16.9870,0.4130,96.9510,1.7230,2025-02-20 21:27:13,80.0
0.5550,17.0430,0.4730,97.2820,1.84,2025-02-20 21:27:13,80.0
0.5060,17.0680,0.6650,97.1230,1.6710,2025-02-20 21:27:13,80.0
0.5460,17.09,0.3990,96.9280,1.8430,2025-02-20 21:27:13,80.0
0.55,17.1530,0.5390,97.1460,1.8440,2025-02-20 21:27:13,80.0
0.5350,17.0210,0.43,97.1270,1.82,2025-02-20 21:27:13,80.0
0.5240,16.98,0.2980,96.8840,1.7680,2025-02-20 21:27:13,80.0
0.5640,17.0460,0.5320,97.2730,1.8380,2025-02-20 21:27:13,80.0
0.5190,17.0620,0.5390,97.1370,1.73,2025-02-20 21:27:13,80.0
0.53,17.0090,0.5350,96.9460,1.7350,2025-02-20 21:27:13,80.0
0.5130,17.0240,0.5850,96.8580,1.6230,2025-02-20 21:27:13,80.0
0.5210,17.0270,0.4940,97.1780,1.7770,2025-02-20 21:27:13,80.0
0.5020,16.8860,0.3710,96.93,1.7170,2025-02-21 11:38:44,81.0
0.5030,16.8670,0.4650,97.2710,1.7170,2025-02-21 11:38:44,81.0
0.4980,16.9390,0.4760,96.9290,1.6690,2025-02-21 11:38:44,81.0
0.5360,17.0370,0.4380,96.9460,1.8770,2025-02-21 11:38:44,81.0
0.5360,16.9650,0.3990,97.1880,1.8520,2025-02-21 11:38:44,81.0
0.5420,17.0180,0.5040,96.8330,1.8290,2025-02-21 11:38:44,81.0
0.51,16.9710,0.5150,97.1510,1.7030,2025-02-21 11:38:44,81.0
0.5630,16.98,0.4230,97.0420,1.9630,2025-02-21 11:38:44,81.0
0.5160,16.8950,0.4830,97.1220,1.7080,2025-02-21 11:38:44,81.0
0.4990,16.9650,0.4340,97.1460,1.6510,2025-02-21 11:38:44,81.0
0.5060,16.8990,0.3750,97.0430,1.5740,2025-02-21 11:38:44,81.0
0.5310,16.9460,0.6160,97.1060,1.8090,2025-02-21 11:38:44,81.0
0.50,17.0020,0.49,96.8660,1.7310,2025-02-21 11:38:44,81.0
0.5060,16.8420,0.3810,97.0410,1.7810,2025-02-21 11:38:44,81.0
0.5560,17.0310,0.63,97.1690,1.9630,2025-02-21 11:38:44,81.0
0.5060,16.9080,0.5670,97.2860,1.6260,2025-02-21 11:38:44,81.0
0.5340,16.9680,0.5320,97.1820,1.8380,2025-02-21 11:38:44,81.0
0.5040,17.0050,0.5810,97.0890,1.6340,2025-02-21 11:38:44,81.0
0.5140,17.0050,0.3920,97.1540,1.7320,2025-02-21 11:38:44,81.0
0.5130,16.8860,0.4480,97.0780,1.7950,2025-02-21 11:38:44,81.0
0.5310,17.09,0.5740,97.1080,1.6530,2025-02-21 13:13:53,82.0
0.5330,17.1120,0.5150,96.9820,1.7640,2025-02-21 13:13:53,82.0
0.5370,17.1280,0.4970,96.9670,1.7360,2025-02-21 13:13:53,82.0
0.5130,17.1280,0.4270,97.0210,1.6730,2025-02-21 13:13:53,82.0
0.5320,17.0870,0.5010,97.3020,1.7410,2025-02-21 13:13:53,82.0
0.5570,17.0750,0.5210,97.1650,1.8640,2025-02-21 13:13:53,82.0
0.5270,17.1090,0.4380,96.9350,1.6080,2025-02-21 13:13:53,82.0
0.5290,17.0560,0.5880,96.9430,1.5520,2025-02-21 13:13:53,82.0
0.5410,17.0680,0.6230,97.0780,1.6720,2025-02-21 13:13:53,82.0
0.5040,17.0180,0.3810,96.9190,1.6620,2025-02-21 13:13:53,82.0
0.5280,17.1440,0.6680,97.1740,1.5960,2025-02-21 13:13:53,82.0
0.5290,17.1780,0.76,96.9010,1.7470,2025-02-21 13:13:53,82.0
0.5230,16.99,0.5560,96.9780,1.5880,2025-02-21 13:13:53,82.0
0.5330,17.1280,0.6050,97.1920,1.7830,2025-02-21 13:13:53,82.0
0.52,17.0590,0.5880,97.2430,1.6280,2025-02-21 13:13:53,82.0
0.5620,17.0590,0.6370,96.9320,1.9010,2025-02-21 13:13:53,82.0
0.5330,17.2220,0.4450,96.9370,1.6560,2025-02-21 13:13:53,82.0
0.5130,17.1750,0.3640,96.8210,1.6940,2025-02-21 13:13:53,82.0
0.5270,17.1030,0.5350,96.9840,1.7470,2025-02-21 13:13:53,82.0
0.5260,17.0970,0.5220,97.03,1.6350,2025-02-21 13:13:53,82.0
0.51,16.9270,0.3430,97.2490,1.7040,2025-02-21 21:09:07,83.0
0.52,17.0430,0.50,96.95,1.9060,2025-02-21 21:09:07,83.0
0.5660,17.0780,0.5990,97.2180,1.8710,2025-02-21 21:09:07,83.0
0.5370,17.0050,0.4410,97.2590,1.81,2025-02-21 21:09:07,83.0
0.5260,17.1090,0.3890,97.2170,1.8850,2025-02-21 21:09:07,83.0
0.5340,17.15,0.4660,97.2210,1.8030,2025-02-21 21:09:07,83.0
0.5460,17.0810,0.5390,96.9150,1.8580,2025-02-21 21:09:07,83.0
0.5370,17.1060,0.50,97.16,1.8420,2025-02-21 21:09:07,83.0
0.5270,17.0150,0.48,96.99,1.8310,2025-02-21 21:09:07,83.0
0.5240,17.0460,0.4580,97.2430,1.8040,2025-02-21 21:09:07,83.0
0.51,17.0620,0.5250,97.4130,1.7420,2025-02-21 21:09:07,83.0
0.5410,17.1310,0.4270,97.2950,1.9110,2025-02-21 21:09:07,83.0
0.5590,16.9740,0.3610,96.8710,1.9680,2025-02-21 21:09:07,83.0
0.53,17.04,0.62,97.0130,1.8070,2025-02-21 21:09:07,83.0
0.5190,17.0490,0.5040,97.1920,1.6840,2025-02-21 21:09:07,83.0
0.53,16.99,0.4620,96.93,1.7530,2025-02-21 21:09:07,83.0
0.5160,17.0370,0.5740,97.09,1.6550,2025-02-21 21:09:07,83.0
0.51,16.9990,0.5670,97.2540,1.7680,2025-02-21 21:09:07,83.0
0.5190,17.0460,0.4090,96.7960,1.8260,2025-02-21 21:09:07,83.0
0.5210,17.0430,0.3890,97.2350,1.7670,2025-02-21 21:09:07,83.0
0.5450,17.0650,0.4580,97.1090,1.9040,2025-02-24 12:26:27,84.0
0.5230,17.0340,0.3920,97.29,1.8160,2025-02-24 12:26:27,84.0
0.54,16.9770,0.6160,96.9650,1.82,2025-02-24 12:26:27,84.0
0.5360,17.0620,0.4970,96.8010,1.7830,2025-02-24 12:26:27,84.0
0.5180,16.93,0.4660,97.1680,1.77,2025-02-24 12:26:27,84.0
0.5510,17.1590,0.4690,96.9350,1.8990,2025-02-24 12:26:27,84.0
0.5270,16.93,0.5080,97.2440,1.6670,2025-02-24 12:26:27,84.0
0.5350,17.0430,0.3430,97.27,1.6840,2025-02-24 12:26:27,84.0
0.5090,17.0150,0.3920,97.12,1.7050,2025-02-24 12:26:27,84.0
0.51,17.0240,0.3710,96.9470,1.7350,2025-02-24 12:26:27,84.0
0.5410,17.0810,0.4340,97.1140,1.8220,2025-02-24 12:26:27,84.0
0.5090,17.0750,0.5040,97.3250,1.68,2025-02-24 12:26:27,84.0
0.5610,17.1250,0.5290,97.1240,1.9760,2025-02-24 12:26:27,84.0
0.5410,17.1060,0.5040,97.1120,1.7880,2025-02-24 12:26:27,84.0
0.5310,17.0620,0.7140,97.0360,1.9390,2025-02-24 12:26:27,84.0
0.5390,17.0810,0.5570,96.9680,1.7870,2025-02-24 12:26:27,84.0
0.5270,17.0590,0.55,96.8580,1.8750,2025-02-24 12:26:27,84.0
0.5220,17.0750,0.4970,97.2410,1.6750,2025-02-24 12:26:27,84.0
0.5320,17.0810,0.5250,97.2050,1.7510,2025-02-24 12:26:27,84.0
0.5220,17.0430,0.5320,97.0030,1.7970,2025-02-24 12:26:27,84.0
0.5170,17.1120,0.4730,96.9010,1.7210,2025-02-24 13:01:33,85.0
0.5320,17.0870,0.6090,96.8720,1.7220,2025-02-24 13:01:33,85.0
0.5420,17.0310,0.43,96.8570,1.90,2025-02-24 13:01:33,85.0
0.52,17.1470,0.4580,97.01,1.6760,2025-02-24 13:01:33,85.0
0.5440,17.0680,0.3430,96.8970,1.8280,2025-02-24 13:01:33,85.0
0.5260,17.1030,0.4730,97.1440,1.7990,2025-02-24 13:01:33,85.0
0.5410,17.0620,0.5880,96.9280,1.8290,2025-02-24 13:01:33,85.0
0.5580,17.1590,0.4620,96.9280,1.9810,2025-02-24 13:01:33,85.0
0.5280,17.1090,0.5630,96.9760,1.6580,2025-02-24 13:01:33,85.0
0.5530,17.0750,0.5350,96.8470,1.8170,2025-02-24 13:01:33,85.0
0.5280,17.1370,0.5880,97.1410,1.75,2025-02-24 13:01:33,85.0
0.5310,17.0370,0.62,97.2010,1.7070,2025-02-24 13:01:33,85.0
0.5330,17.0620,0.4520,96.8960,1.8120,2025-02-24 13:01:33,85.0
0.5330,17.1030,0.6370,97.1410,1.6670,2025-02-24 13:01:33,85.0
0.5250,17.1190,0.4440,96.9510,1.7170,2025-02-24 13:01:33,85.0
0.54,17.1030,0.5460,96.8760,1.8980,2025-02-24 13:01:33,85.0
0.53,17.0180,0.7350,97.1230,1.6520,2025-02-24 13:01:33,85.0
0.5440,17.1370,0.5210,97.1270,1.76,2025-02-24 13:01:33,85.0
0.5290,17.0430,0.4830,97.2450,1.7220,2025-02-24 13:01:33,85.0
0.5110,17.0120,0.5010,96.8450,1.6760,2025-02-24 13:01:33,85.0
0.5270,17.0710,0.4410,97.15,1.6590,2025-02-24 19:01:47,86.0
0.5550,17.2440,0.5110,97.0810,1.8920,2025-02-24 19:01:47,86.0
0.5640,17.1880,0.6610,96.8680,1.9640,2025-02-24 19:01:47,86.0
0.5380,17.1120,0.5040,97.1110,1.7540,2025-02-24 19:01:47,86.0
0.5580,17.0750,0.6060,97.1570,1.9340,2025-02-24 19:01:47,86.0
0.5360,17.1280,0.5420,96.8960,1.7610,2025-02-24 19:01:47,86.0
0.5370,17.1880,0.5420,96.9090,1.7970,2025-02-24 19:01:47,86.0
0.5690,17.0840,0.4170,97.0960,2.0050,2025-02-24 19:01:47,86.0
0.5390,17.1340,0.4520,97.1520,1.6160,2025-02-24 19:01:47,86.0
0.5330,17.1220,0.4310,96.9040,1.6980,2025-02-24 19:01:47,86.0
0.5460,17.1630,0.4480,97.2110,1.8880,2025-02-24 19:01:47,86.0
0.5350,17.1090,0.4060,97.1750,1.62,2025-02-24 19:01:47,86.0
0.5440,17.0560,0.4730,97.2050,1.7930,2025-02-24 19:01:47,86.0
0.5330,17.1810,0.4870,96.9130,1.67,2025-02-24 19:01:47,86.0
0.5110,17.1250,0.6550,97.21,1.7210,2025-02-24 19:01:47,86.0
0.5380,17.1280,0.4580,97.21,1.8520,2025-02-24 19:01:47,86.0
0.5320,17.0270,0.3780,97.2960,1.7050,2025-02-24 19:01:47,86.0
0.5460,17.1690,0.5460,97.1580,1.7340,2025-02-24 19:01:47,86.0
0.5280,17.0650,0.5460,97.1640,1.7490,2025-02-24 19:01:47,86.0
0.5240,17.1280,0.3780,97.1110,1.6780,2025-02-24 19:01:47,86.0
0.56,17.0490,0.5770,96.98,1.8220,2025-02-24 21:41:58,87.0
0.5320,17.0930,0.5110,96.8340,1.7530,2025-02-24 21:41:58,87.0
0.5320,17.1030,0.7210,97.05,1.6970,2025-02-24 21:41:58,87.0
0.5120,16.98,0.50,96.9730,1.7670,2025-02-24 21:41:58,87.0
0.5420,17.0780,0.4730,97.1330,1.8660,2025-02-24 21:41:58,87.0
0.5290,17.04,0.5070,96.96,1.8030,2025-02-24 21:41:58,87.0
0.5460,17.04,0.4130,97.3070,1.88,2025-02-24 21:41:58,87.0
0.5510,17.10,0.5210,96.8240,1.8730,2025-02-24 21:41:58,87.0
0.54,17.0620,0.4830,96.8290,1.8950,2025-02-24 21:41:58,87.0
0.5440,17.0560,0.5070,97.0540,1.7910,2025-02-24 21:41:58,87.0
0.5370,17.1250,0.63,96.9350,1.7690,2025-02-24 21:41:58,87.0
0.5480,16.9930,0.5990,97.1690,1.7670,2025-02-24 21:41:58,87.0
0.5140,17.0430,0.3430,97.0940,1.6610,2025-02-24 21:41:58,87.0
0.5510,17.0240,0.4060,97.3060,1.7410,2025-02-24 21:41:58,87.0
0.5430,17.0810,0.5640,97.1030,1.7830,2025-02-24 21:41:58,87.0
0.5140,16.9930,0.5640,97.2870,1.6980,2025-02-24 21:41:58,87.0
0.5280,17.1190,0.3850,97.1590,1.7690,2025-02-24 21:41:58,87.0
0.5350,16.9960,0.5220,97.2250,1.7430,2025-02-24 21:41:58,87.0
0.5460,17.0530,0.2690,97.1840,1.85,2025-02-24 21:41:58,87.0
0.5560,17.1190,0.4620,97.1660,1.9130,2025-02-24 21:41:58,87.0
0.5170,16.9610,0.62,97.0920,1.7710,2025-02-25 11:29:28,88.0
0.5360,17.0090,0.4230,97.1220,1.7780,2025-02-25 11:29:28,88.0
0.5230,17.0530,0.4310,97.2110,1.7170,2025-02-25 11:29:28,88.0
0.5530,17.20,0.4760,97.1460,1.89,2025-02-25 11:29:28,88.0
0.5330,16.9390,0.5390,108.2210,1.9370,2025-02-25 11:29:28,88.0
0.5250,16.98,0.6790,96.8320,1.7380,2025-02-25 11:29:28,88.0
0.5340,17.1220,0.4660,97.4620,1.7430,2025-02-25 11:29:28,88.0
0.5180,17.0620,0.6650,97.2130,1.7240,2025-02-25 11:29:28,88.0
0.5610,17.0090,0.5080,97.1250,1.8470,2025-02-25 11:29:28,88.0
0.5330,16.9740,0.5460,97.1750,1.6990,2025-02-25 11:29:28,88.0
0.51,17.0310,0.5740,97.2070,1.6490,2025-02-25 11:29:28,88.0
0.5450,17.0620,0.4410,97.2690,1.8390,2025-02-25 11:29:28,88.0
0.5450,17.1370,0.5530,96.9220,1.7280,2025-02-25 11:29:28,88.0
0.5350,16.9960,0.62,96.8920,1.9620,2025-02-25 11:29:28,88.0
0.54,17.1280,0.5880,97,0.02,2025-02-25 11:29:28,88.0
0.53,16.9960,0.4690,97.2030,1.7280,2025-02-25 11:29:28,88.0
0.5340,17.0810,0.6540,97.1740,1.7850,2025-02-25 11:29:28,88.0
0.5320,17.0270,0.5390,97.2330,1.7410,2025-02-25 11:29:28,88.0
0.5240,17.1060,0.4480,96.9410,1.6770,2025-02-25 11:29:28,88.0
0.5260,17.0370,0.5640,96.9530,1.7560,2025-02-25 11:29:28,88.0
0.5340,17.0930,0.3050,96.8350,1.7020,2025-02-25 13:19:36,89.0
0.5180,17.0560,0.3890,97.5170,1.6320,2025-02-25 13:19:36,89.0
0.5170,17.1280,0.63,97.2970,1.6820,2025-02-25 13:19:36,89.0
0.5380,16.9990,0.6190,96.98,1.8180,2025-02-25 13:19:36,89.0
0.5370,16.9870,0.3570,97.0070,1.8280,2025-02-25 13:19:36,89.0
0.5260,16.9770,0.5150,97.1080,1.7680,2025-02-25 13:19:36,89.0
0.5280,16.9460,0.3430,97.0760,1.8160,2025-02-25 13:19:36,89.0
0.5350,17.0870,0.6260,97.6190,1.7680,2025-02-25 13:19:36,89.0
0.5430,17.1060,0.42,96.8430,1.8890,2025-02-25 13:19:36,89.0
0.5290,17.0460,0.4550,96.9630,1.73,2025-02-25 13:19:36,89.0
0.5250,17.0050,0.4030,97.1230,1.7570,2025-02-25 13:19:36,89.0
0.5440,17.0430,0.5810,97.1590,1.7540,2025-02-25 13:19:36,89.0
0.5060,16.9360,0.7210,97.2170,1.6240,2025-02-25 13:19:36,89.0
0.5420,16.9650,0.4790,97.2040,1.6980,2025-02-25 13:19:36,89.0
0.5440,16.9460,0.6790,96.8580,1.8480,2025-02-25 13:19:36,89.0
0.5430,17.0620,0.5770,96.8040,1.8530,2025-02-25 13:19:36,89.0
0.5360,17.04,0.4730,96.9190,1.7330,2025-02-25 13:19:36,89.0
0.5220,16.9650,0.64,97.3170,1.6960,2025-02-25 13:19:36,89.0
0.5110,16.9770,0.3150,97.2020,1.7880,2025-02-25 13:19:36,89.0
0.5490,17.0120,0.4380,96.9950,1.8230,2025-02-25 13:19:36,89.0
0.5210,17.0930,0.5180,97.2590,1.7560,2025-02-25 18:39:51,90.0
0.5660,17.1440,0.4520,97.3820,1.7310,2025-02-25 18:39:51,90.0
0.5420,17.1690,0.55,97.0450,1.8240,2025-02-25 18:39:51,90.0
0.4960,16.9960,0.5990,96.9260,1.6110,2025-02-25 18:39:51,90.0
0.5170,17.1190,0.5570,96.9920,1.6680,2025-02-25 18:39:51,90.0
0.5290,17.0180,0.4860,97.1460,1.6840,2025-02-25 18:39:51,90.0
0.5680,17.0340,0.4830,97.2530,1.8080,2025-02-25 18:39:51,90.0
0.5460,17.1470,0.5740,97.0410,1.8080,2025-02-25 18:39:51,90.0
0.5340,17.1340,0.4970,96.95,1.82,2025-02-25 18:39:51,90.0
0.5140,17.0560,0.5530,96.9970,1.7350,2025-02-25 18:39:51,90.0
0.5440,17.1370,0.4620,97.0240,1.8670,2025-02-25 18:39:51,90.0
0.5280,17.1910,0.7490,97.1120,1.6960,2025-02-25 18:39:51,90.0
0.5360,17.1440,0.63,97.1040,1.76,2025-02-25 18:39:51,90.0
0.5240,17.0870,0.5080,96.9640,1.6510,2025-02-25 18:39:51,90.0
0.5390,17.1440,0.5220,97.2110,1.7130,2025-02-25 18:39:51,90.0
0.5290,17.0620,0.5390,97.3720,1.7070,2025-02-25 18:39:51,90.0
0.5620,17.1470,0.4660,97.1110,1.77,2025-02-25 18:39:51,90.0
0.5250,17.0560,0.50,97.1610,1.7230,2025-02-25 18:39:51,90.0
0.54,17.1090,0.5880,97.2320,1.7260,2025-02-25 18:39:51,90.0
0.5110,17.0870,0.5770,97.3520,1.6860,2025-02-25 18:39:51,90.0
0.5290,17.04,0.3680,97.2460,1.7470,2025-02-25 21:30:02,91.0
0.5340,17.3230,0.4550,97.2620,1.8360,2025-02-25 21:30:02,91.0
0.5070,17.1530,0.4660,97.0110,1.7110,2025-02-25 21:30:02,91.0
0.5350,17.20,0.5210,96.9250,1.9010,2025-02-25 21:30:02,91.0
0.5190,17.0050,0.4030,97.0210,1.6610,2025-02-25 21:30:02,91.0
0.4860,17.09,0.4620,97.1880,1.6150,2025-02-25 21:30:02,91.0
0.5350,17.1440,0.3850,97.0850,1.7850,2025-02-25 21:30:02,91.0
0.5360,17.2280,0.49,97.2330,1.8580,2025-02-25 21:30:02,91.0
0.5250,17.1150,0.6230,96.82,1.7240,2025-02-25 21:30:02,91.0
0.4930,17.0490,0.5560,97.4410,1.6350,2025-02-25 21:30:02,91.0
0.5530,17.0750,0.6370,96.9980,1.7610,2025-02-25 21:30:02,91.0
0.5370,17.1150,0.5910,97.5140,1.7730,2025-02-25 21:30:02,91.0
0.5160,17.1970,0.3670,97.2320,1.6990,2025-02-25 21:30:02,91.0
0.5310,17.1880,0.5390,97.0920,1.6860,2025-02-25 21:30:02,91.0
0.5370,17.10,0.5530,96.94,1.8350,2025-02-25 21:30:02,91.0
0.5030,16.98,0.70,97.1350,1.6530,2025-02-25 21:30:02,91.0
0.4980,16.9830,0.4480,97.2020,1.5750,2025-02-25 21:30:02,91.0
0.5250,17.20,0.4520,97.0610,1.6940,2025-02-25 21:30:02,91.0
0.5240,17.1030,0.5040,96.8830,1.6430,2025-02-25 21:30:02,91.0
0.51,17.0680,0.3890,97.2090,1.6230,2025-02-25 21:30:02,91.0
0.5270,17.0270,0.4520,97.2870,1.7660,2025-02-26 13:20:41,92.0
0.5240,17.0710,0.5710,97.1870,1.6640,2025-02-26 13:20:41,92.0
0.57,17.0680,0.49,96.86,1.88,2025-02-26 13:20:41,92.0
0.5340,17.0270,0.5770,97.2860,1.7140,2025-02-26 13:20:41,92.0
0.5340,16.9990,0.4450,97.2580,1.7420,2025-02-26 13:20:41,92.0
0.5040,17.0150,0.5290,97.2120,1.7120,2025-02-26 13:20:41,92.0
0.4850,17.0750,0.3570,97.2960,1.6990,2025-02-26 13:20:41,92.0
0.5220,17.0180,0.55,96.8940,1.9550,2025-02-26 13:20:41,92.0
0.4940,16.9930,0.2770,96.9050,1.7150,2025-02-26 13:20:41,92.0
0.51,17.0150,0.5560,97.4430,1.8050,2025-02-26 13:20:41,92.0
0.5150,17.1190,0.4270,96.8550,1.9220,2025-02-26 13:20:41,92.0
0.4890,17.0750,0.5080,96.9750,1.6350,2025-02-26 13:20:41,92.0
0.5110,17.0680,0.5350,97.3450,1.7830,2025-02-26 13:20:41,92.0
0.5110,17.0180,0.4480,97.0850,1.7620,2025-02-26 13:20:41,92.0
0.5040,16.9650,0.5350,97.4230,1.7150,2025-02-26 13:20:41,92.0
0.4810,17.0340,0.2870,97.0140,1.7740,2025-02-26 13:20:41,92.0
0.4950,17.0240,0.5670,97.1610,1.70,2025-02-26 13:20:41,92.0
0.5060,17.0120,0.5430,97.0150,1.8350,2025-02-26 13:20:41,92.0
0.5010,17.1250,0.6510,96.8110,1.8640,2025-02-26 13:20:41,92.0
0.5170,17.0180,0.5110,97.1420,1.79,2025-02-26 14:00:46,93.0
0.5160,17.0460,0.5180,97.3350,1.7440,2025-02-26 14:00:46,93.0
0.5370,17.1630,0.6230,96.9240,1.7740,2025-02-26 14:00:46,93.0
0.5240,17.0460,0.5080,96.9110,1.7440,2025-02-26 14:00:46,93.0
0.5480,17.0650,0.4690,97.2350,0.0150,2025-02-26 14:00:46,93.0
0.5320,17.0120,0.49,97.3780,1.8390,2025-02-26 14:00:46,93.0
0.5190,17.0840,0.5920,96.8790,1.6350,2025-02-26 14:00:46,93.0
0.5060,16.9740,0.5110,97.1860,1.6510,2025-02-26 14:00:46,93.0
0.5460,17.0120,0.5350,97.1720,1.7140,2025-02-26 14:00:46,93.0
0.5520,17.10,0.5710,96.8580,1.8810,2025-02-26 14:00:46,93.0
0.5380,17.0150,0.5910,97.0320,1.9530,2025-02-26 14:00:46,93.0
0.5530,17.0590,0.5810,97.1340,1.9410,2025-02-26 14:00:46,93.0
0.53,16.9710,0.5180,97.5470,1.7190,2025-02-26 14:00:46,93.0
0.5260,17.0430,0.5560,97.0770,1.7710,2025-02-26 14:00:46,93.0
0.5680,17.0020,0.6580,96.9640,1.9480,2025-02-26 14:00:46,93.0
0.5450,17.0490,0.4380,97.0240,1.77,2025-02-26 14:00:46,93.0
0.5450,17.1060,0.4440,97.7080,1.85,2025-02-26 14:00:46,93.0
0.5160,17.0460,0.42,97.3220,1.7040,2025-02-26 14:00:46,93.0
0.5120,17.0180,0.2840,96.9220,1.76,2025-02-26 14:00:46,93.0
0.5550,17.0870,0.5780,96.9490,1.8360,2025-02-26 14:00:46,93.0
0.5370,17.0650,0.4720,97.0040,1.9350,2025-02-26 19:06:11,94.0
0.5230,17.0340,0.6120,97.2560,1.7710,2025-02-26 19:06:11,94.0
0.5460,17.0620,0.5180,97.2450,1.7860,2025-02-26 19:06:11,94.0
0.5330,17.0050,0.5040,97.3380,1.7170,2025-02-26 19:06:11,94.0
0.5350,17.1150,0.49,97.1770,1.83,2025-02-26 19:06:11,94.0
0.5080,16.9270,0.6970,96.9520,1.73,2025-02-26 19:06:11,94.0
0.5340,17.0180,0.5670,97.0070,1.8540,2025-02-26 19:06:11,94.0
0.5530,17.0020,0.4020,97.25,1.8570,2025-02-26 19:06:11,94.0
0.5220,16.8860,0.5810,97.1550,1.8620,2025-02-26 19:06:11,94.0
0.5440,17.0310,0.5770,97.2770,1.9210,2025-02-26 19:06:11,94.0
0.5440,17.0210,0.4480,97.2080,1.9020,2025-02-26 19:06:11,94.0
0.5240,17.0590,0.43,97.0360,1.7540,2025-02-26 19:06:11,94.0
0.5110,16.9550,0.5950,97.1430,1.7290,2025-02-26 19:06:11,94.0
0.5370,17.0490,0.3190,96.96,1.8230,2025-02-26 19:06:11,94.0
0.5450,17.0590,0.55,97.4620,1.8390,2025-02-26 19:06:11,94.0
0.5190,16.98,0.56,97.0230,1.8050,2025-02-26 19:06:11,94.0
0.5560,17.0970,0.5390,97.0650,1.9470,2025-02-26 19:06:11,94.0
0.5530,16.9830,0.5770,96.8990,1.9550,2025-02-26 19:06:11,94.0
0.5470,16.9830,0.4660,97.2130,1.78,2025-02-26 19:06:11,94.0
0.5280,17.0180,0.5990,97.2290,1.7820,2025-02-26 19:06:11,94.0
0.5420,16.9770,0.5560,97.1060,1.83,2025-02-26 21:26:19,95.0
0.5610,16.99,0.4340,97.0530,1.8410,2025-02-26 21:26:19,95.0
0.53,17.0490,0.4310,96.9660,1.7260,2025-02-26 21:26:19,95.0
0.5410,17.0430,0.5250,97.1770,1.7590,2025-02-26 21:26:19,95.0
0.5470,17.0120,0.4580,97.0020,1.7870,2025-02-26 21:26:19,95.0
0.5350,17.0020,0.5110,96.8510,1.9180,2025-02-26 21:26:19,95.0
0.5190,17.0370,0.4650,97.1660,1.7770,2025-02-26 21:26:19,95.0
0.5240,16.9550,0.4940,97.1010,1.7930,2025-02-26 21:26:19,95.0
0.5170,16.9580,0.5010,96.8850,1.76,2025-02-26 21:26:19,95.0
0.5310,17.0240,0.6370,97.1210,1.7680,2025-02-26 21:26:19,95.0
0.5290,16.9520,0.6410,97.1810,1.7170,2025-02-26 21:26:19,95.0
0.53,17.0180,0.3850,97.0840,1.7660,2025-02-26 21:26:19,95.0
0.5180,16.99,0.5080,97.18,1.7280,2025-02-26 21:26:19,95.0
0.5330,16.9680,0.7560,97.03,1.7870,2025-02-26 21:26:19,95.0
0.55,17.0020,0.5530,96.9730,1.8870,2025-02-26 21:26:19,95.0
0.5490,16.99,0.5390,97.1880,1.8130,2025-02-26 21:26:19,95.0
0.5220,16.9240,0.6120,97.0010,1.8240,2025-02-26 21:26:19,95.0
0.5410,17.0680,0.6680,96.9670,1.8660,2025-02-26 21:26:19,95.0
0.56,16.9610,0.6550,96.9230,1.9050,2025-02-26 21:26:19,95.0
0.5510,16.9770,0.5080,97.1070,1.8590,2025-02-26 21:26:19,95.0
0.5640,16.9650,0.49,97.0120,1.9060,2025-02-27 11:13:50,96.0
0.5580,17.0020,0.5880,97.1780,1.9130,2025-02-27 11:13:50,96.0
0.56,17.0120,0.5250,96.9930,1.8450,2025-02-27 11:13:50,96.0
0.5490,16.9460,0.62,97.0320,1.8720,2025-02-27 11:13:50,96.0
0.5540,17.0870,0.5460,97.2970,1.82,2025-02-27 11:13:50,96.0
0.5490,17.0930,0.4130,97.12,1.7210,2025-02-27 11:13:50,96.0
0.54,17.1440,0.5150,96.9150,1.8520,2025-02-27 11:13:50,96.0
0.55,17.0810,0.7040,97.1130,1.8740,2025-02-27 11:13:50,96.0
0.5250,16.8920,0.5950,96.9710,1.7940,2025-02-27 11:13:50,96.0
0.5450,17.0750,0.6440,96.9110,1.8650,2025-02-27 11:13:50,96.0
0.5440,17.0590,0.5530,96.9560,1.8080,2025-02-27 11:13:50,96.0
0.5520,17.0490,0.4550,97.2380,1.9030,2025-02-27 11:13:50,96.0
0.5410,17.0120,0.4450,96.9340,1.8720,2025-02-27 11:13:50,96.0
0.53,16.9330,0.5850,97.2150,1.8750,2025-02-27 11:13:50,96.0
0.5430,17.0870,0.57,96.9660,1.85,2025-02-27 11:13:50,96.0
0.52,17.0460,0.4940,96.9110,1.9320,2025-02-27 11:13:50,96.0
0.5130,16.9430,0.4870,97.16,1.79,2025-02-27 11:13:50,96.0
0.55,16.9960,0.5640,97.2910,1.8330,2025-02-27 11:13:50,96.0
0.5170,16.9870,0.5210,97.1130,1.7010,2025-02-27 11:13:50,96.0
0.5170,17.0780,0.5850,96.9310,1.7270,2025-02-27 11:13:50,96.0
0.5450,17.1120,0.4520,97.2770,1.8470,2025-02-27 13:13:58,97.0
0.5390,16.9770,0.5880,97.0050,1.8250,2025-02-27 13:13:58,97.0
0.5190,16.9580,0.5780,97.1930,1.8010,2025-02-27 13:13:58,97.0
0.5430,17.0430,0.4940,97.2780,1.8530,2025-02-27 13:13:58,97.0
0.5250,17.0430,0.5350,96.9420,1.7640,2025-02-27 13:13:58,97.0
0.5250,16.9960,0.5350,96.9790,1.8490,2025-02-27 13:13:58,97.0
0.5150,16.9930,0.5740,97.2210,1.7960,2025-02-27 13:13:58,97.0
0.5360,17.10,0.35,96.9310,1.8330,2025-02-27 13:13:58,97.0
0.5240,16.9830,0.5350,97.2070,1.6440,2025-02-27 13:13:58,97.0
0.5390,16.9240,0.6120,97.1890,1.8250,2025-02-27 13:13:58,97.0
0.5360,17.0180,0.7180,97.0190,1.7990,2025-02-27 13:13:58,97.0
0.5240,17.0020,0.5840,97.0390,1.7890,2025-02-27 13:13:58,97.0
0.5640,17.1660,0.5740,97.2290,1.9070,2025-02-27 13:13:58,97.0
0.5310,17.04,0.6550,96.9430,1.8830,2025-02-27 13:13:58,97.0
0.5530,17.0270,0.6580,96.86,1.8440,2025-02-27 13:13:58,97.0
0.5460,16.9770,0.4870,97.1140,1.8660,2025-02-27 13:13:58,97.0
0.5420,17.0240,0.5530,96.8720,1.8220,2025-02-27 13:13:58,97.0
0.5560,16.9710,0.4060,97.2390,1.8370,2025-02-27 13:13:58,97.0
0.56,17.0210,0.5880,96.9590,1.9060,2025-02-27 13:13:58,97.0
0.5460,17.0490,0.4580,96.9070,1.8910,2025-02-27 13:13:58,97.0
0.55,17.0810,0.6230,96.8560,1.8240,2025-02-27 18:44:06,98.0
0.5580,16.99,0.42,97.3220,1.7990,2025-02-27 18:44:06,98.0
0.5330,17.0210,0.4650,97.1870,1.8460,2025-02-27 18:44:06,98.0
0.5140,17.0270,0.6160,97.2070,1.6820,2025-02-27 18:44:06,98.0
0.5420,16.9650,0.6230,97.1670,1.8720,2025-02-27 18:44:06,98.0
0.5350,17.0340,0.5880,97.1550,1.8040,2025-02-27 18:44:06,98.0
0.5550,17.0180,0.5990,96.9190,1.9070,2025-02-27 18:44:06,98.0
0.5270,17.0310,0.5150,97.2260,1.72,2025-02-27 18:44:06,98.0
0.5330,17.04,0.3960,97.3210,1.8020,2025-02-27 18:44:06,98.0
0.5480,17.0460,0.4440,96.8910,1.8880,2025-02-27 18:44:06,98.0
0.53,16.9240,0.4650,97.3460,1.7380,2025-02-27 18:44:06,98.0
0.5310,17.0340,0.5880,97.1150,1.8620,2025-02-27 18:44:06,98.0
0.55,16.9870,0.5350,97.2530,1.8270,2025-02-27 18:44:06,98.0
0.5580,17.0530,0.5770,96.7880,1.9330,2025-02-27 18:44:06,98.0
0.5340,16.9650,0.5530,96.96,1.8430,2025-02-27 18:44:06,98.0
0.5370,17.0370,0.6020,96.8540,1.7810,2025-02-27 18:44:06,98.0
0.5110,16.9270,0.6260,96.9380,1.7260,2025-02-27 18:44:06,98.0
0.5360,17.0620,0.56,97.2760,1.8220,2025-02-27 18:44:06,98.0
0.5430,17.0210,0.5180,97.3150,1.7570,2025-02-27 18:44:06,98.0
0.54,16.9610,0.5880,96.9230,1.7920,2025-02-27 18:44:06,98.0
0.5310,16.98,0.6370,96.9020,1.7970,2025-02-27 21:29:14,99.0
0.5390,17.0050,0.62,96.8830,1.9110,2025-02-27 21:29:14,99.0
0.5670,17.0340,0.3290,97.1610,1.9120,2025-02-27 21:29:14,99.0
0.5380,16.9680,0.4410,96.9670,1.8380,2025-02-27 21:29:14,99.0
0.54,17.0750,0.50,97.1950,1.8180,2025-02-27 21:29:14,99.0
0.5370,16.9770,0.3710,97.1370,1.7910,2025-02-27 21:29:14,99.0
0.5220,17.0590,0.4550,97.1790,1.7470,2025-02-27 21:29:14,99.0
0.5530,17.0090,0.5110,97.2040,1.8350,2025-02-27 21:29:14,99.0
0.5350,16.9650,0.4730,97.1010,1.8760,2025-02-27 21:29:14,99.0
0.5370,16.9550,0.6440,96.9650,1.7930,2025-02-27 21:29:14,99.0
0.5320,17.0050,0.5640,97.1150,1.7030,2025-02-27 21:29:14,99.0
0.5410,17.09,0.4160,96.7930,1.9050,2025-02-27 21:29:14,99.0
0.54,17.0370,0.5920,97.2030,1.7090,2025-02-27 21:29:14,99.0
0.5220,16.9680,0.6330,97.0410,1.6450,2025-02-27 21:29:14,99.0
0.5480,17.0340,0.5780,97.2160,1.9880,2025-02-27 21:29:14,99.0
0.5320,16.9770,0.5290,97.0840,1.7420,2025-02-27 21:29:14,99.0
0.5460,16.9580,0.5320,97.18,1.8550,2025-02-27 21:29:14,99.0
0.5370,17.0020,0.42,97.0250,1.8730,2025-02-27 21:29:14,99.0
0.52,17.0270,0.62,96.8070,1.7890,2025-02-27 21:29:14,99.0
0.5450,17.0210,0.4660,97.1320,1.9470,2025-02-27 21:29:14,99.0
0.5450,17.0680,0.6540,97.3370,1.8880,2025-02-28 13:12:31,100.0
0.5530,17.0840,0.6160,97.0550,1.8430,2025-02-28 13:12:31,100.0
0.5430,17.0810,0.5320,97.2530,1.8320,2025-02-28 13:12:31,100.0
0.5190,16.9650,0.6540,97.1990,1.7730,2025-02-28 13:12:31,100.0
0.5250,17.0150,0.5490,96.9760,1.77,2025-02-28 13:12:31,100.0
0.5510,17.0560,0.6720,96.9370,1.7580,2025-02-28 13:12:31,100.0
0.5440,17.0120,0.55,97.0090,1.7680,2025-02-28 13:12:31,100.0
0.5280,16.9360,0.4760,96.8740,1.8570,2025-02-28 13:12:31,100.0
0.5350,16.9990,0.6020,96.9110,1.7280,2025-02-28 13:12:31,100.0
0.5330,17.0210,0.3640,97.1250,1.7720,2025-02-28 13:12:31,100.0
0.5180,16.9520,0.3670,96.9490,1.80,2025-02-28 13:12:31,100.0
0.5470,17.0240,0.4340,97.1820,1.8010,2025-02-28 13:12:31,100.0
0.53,16.9460,0.2980,97.2070,1.7180,2025-02-28 13:12:31,100.0
0.5370,16.9550,0.4690,96.9130,1.8240,2025-02-28 13:12:31,100.0
0.5410,17.0310,0.4060,97.0270,1.8030,2025-02-28 13:12:31,100.0
0.5330,17.0340,0.62,96.9650,1.7330,2025-02-28 13:12:31,100.0
0.5310,17.0090,0.6620,97.0420,1.7490,2025-02-28 13:12:31,100.0
0.5450,17.0650,0.4410,97.31,1.79,2025-02-28 13:12:31,100.0
0.5230,16.9740,0.4660,97.0360,1.7260,2025-02-28 13:12:31,100.0
0.5480,16.99,0.5630,96.9350,1.8920,2025-02-28 13:12:31,100.0
0.5230,16.9930,0.7520,96.8780,1.7090,2025-03-03 12:42:01,101.0
0.5320,16.9740,0.7110,96.9560,1.7540,2025-03-03 12:42:01,101.0
0.5440,16.9610,0.6440,97.0830,1.8440,2025-03-03 12:42:01,101.0
0.5370,17.1030,0.5150,96.8460,1.84,2025-03-03 12:42:01,101.0
0.5350,17.0210,0.6690,96.9730,1.7490,2025-03-03 12:42:01,101.0
0.52,16.9710,0.5560,97.3060,1.7880,2025-03-03 12:42:01,101.0
0.5340,16.9610,0.4720,96.8620,1.8280,2025-03-03 12:42:01,101.0
0.51,16.98,0.4510,97.0220,1.6640,2025-03-03 12:42:01,101.0
0.5350,16.9830,0.3150,97.21,1.9190,2025-03-03 12:42:01,101.0
0.5410,16.9960,0.3610,97.0930,1.78,2025-03-03 12:42:01,101.0
0.5340,16.9550,0.4830,97.0910,1.8090,2025-03-03 12:42:01,101.0
0.5260,16.93,0.5710,97.1570,1.7180,2025-03-03 12:42:01,101.0
0.5470,17.0020,0.4160,97.12,1.8930,2025-03-03 12:42:01,101.0
0.5580,17.0120,0.5040,97.2250,1.84,2025-03-03 12:42:01,101.0
0.5310,16.9740,0.3960,96.9540,1.8940,2025-03-03 12:42:01,101.0
0.5170,17.0090,0.5460,97.0520,1.7430,2025-03-03 12:42:01,101.0
0.53,16.9210,0.5640,97.0250,1.8460,2025-03-03 12:42:01,101.0
0.5350,17.04,0.5560,97.1310,1.7960,2025-03-03 12:42:01,101.0
0.54,16.9210,0.4760,96.9310,1.9290,2025-03-03 12:42:01,101.0
0.5360,16.8830,0.5180,97.0590,1.7360,2025-03-03 12:42:01,101.0
0.5460,17.0750,0.6270,96.8080,1.8510,2025-03-03 13:02:04,102.0
0.5470,16.9960,0.5350,96.90,1.8850,2025-03-03 13:02:04,102.0
0.5410,17.0970,0.5980,97.2240,1.7290,2025-03-03 13:02:04,102.0
0.54,16.9460,0.5950,96.7950,1.86,2025-03-03 13:02:04,102.0
0.5340,16.9580,0.4270,97.2860,1.6380,2025-03-03 13:02:04,102.0
0.5280,17.0180,0.4480,96.8470,1.7090,2025-03-03 13:02:04,102.0
0.5410,17.0650,0.5880,96.9290,1.9110,2025-03-03 13:02:04,102.0
0.5510,16.9770,0.50,97.1860,1.8840,2025-03-03 13:02:04,102.0
0.5340,16.9830,0.5180,96.8940,1.7280,2025-03-03 13:02:04,102.0
0.5370,17.0310,0.5220,96.87,1.8110,2025-03-03 13:02:04,102.0
0.5530,17.0310,0.5560,96.9730,1.8450,2025-03-03 13:02:04,102.0
0.5160,17.0020,0.3920,96.87,1.7750,2025-03-03 13:02:04,102.0
0.5350,16.9330,0.5460,97.2920,1.9130,2025-03-03 13:02:04,102.0
0.5560,17.0460,0.5910,96.75,1.9220,2025-03-03 13:02:04,102.0
0.5480,17.0050,0.6230,97.3680,1.8550,2025-03-03 13:02:04,102.0
0.5170,16.9680,0.3360,96.8340,1.7680,2025-03-03 13:02:04,102.0
0.5470,17.1310,0.5110,96.9380,1.7870,2025-03-03 13:02:04,102.0
0.5590,17.04,0.5220,97.1630,1.7570,2025-03-03 13:02:04,102.0
0.5050,16.9870,0.4790,96.8960,1.6960,2025-03-03 13:02:04,102.0
0.5810,17.0370,0.5880,97.1480,1.9670,2025-03-03 13:02:04,102.0
0.5470,17.1120,0.4580,97.0710,1.9110,2025-03-03 19:57:22,103.0
0.5370,17.0050,0.4690,96.6950,1.7230,2025-03-03 19:57:22,103.0
0.52,17.0240,0.4690,97.2070,1.6270,2025-03-03 19:57:22,103.0
0.5270,17.0930,0.4170,97.2270,1.5960,2025-03-03 19:57:22,103.0
0.5190,17.0970,0.6160,97.1260,1.8670,2025-03-03 19:57:22,103.0
0.5150,17.0210,0.4730,96.9980,1.7750,2025-03-03 19:57:22,103.0
0.5550,16.9870,0.5740,97.2260,1.9040,2025-03-03 19:57:22,103.0
0.5160,16.9330,0.4340,96.9680,1.7150,2025-03-03 19:57:22,103.0
0.5170,16.9740,0.43,96.8580,1.8520,2025-03-03 19:57:22,103.0
0.5530,17.0240,0.5150,97.1060,1.8680,2025-03-03 19:57:22,103.0
0.5640,16.9680,0.5210,97.1770,1.9140,2025-03-03 19:57:22,103.0
0.5420,17.0490,0.50,96.9540,1.8350,2025-03-03 19:57:22,103.0
0.5490,17.0460,0.5320,97.2680,1.8330,2025-03-03 19:57:22,103.0
0.5360,17.0210,0.6410,96.69,1.8430,2025-03-03 19:57:22,103.0
0.5110,17.0210,0.4830,96.8920,1.7130,2025-03-03 19:57:22,103.0
0.5320,17.0180,0.55,97.3490,1.8350,2025-03-03 19:57:22,103.0
0.5290,17.0090,0.5110,96.9430,1.69,2025-03-03 19:57:22,103.0
0.5380,17.0050,0.4620,96.8040,1.7390,2025-03-03 19:57:22,103.0
0.5160,17.0150,0.5080,96.80,1.7130,2025-03-03 19:57:22,103.0
0.5230,17.0020,0.5980,96.8720,1.7970,2025-03-03 19:57:22,103.0
0.5530,17.0050,0.4550,96.9080,1.8930,2025-03-03 21:27:29,104.0
0.54,16.9680,0.6890,96.8310,1.8720,2025-03-03 21:27:29,104.0
0.5170,16.9520,0.5040,97.0980,1.6060,2025-03-03 21:27:29,104.0
0.5240,17.0590,0.4790,97.23,1.7130,2025-03-03 21:27:29,104.0
0.5530,17.0590,0.5080,96.9960,1.85,2025-03-03 21:27:29,104.0
0.54,17.0270,0.5280,97.0150,1.9030,2025-03-03 21:27:29,104.0
0.5620,17.0840,0.55,97.0280,1.9690,2025-03-03 21:27:29,104.0
0.54,17.0340,0.3250,96.8650,1.9090,2025-03-03 21:27:29,104.0
0.5270,17.0710,0.55,96.9460,1.7580,2025-03-03 21:27:29,104.0
0.5550,17.0120,0.5040,97.11,1.8380,2025-03-03 21:27:29,104.0
0.5410,16.9870,0.5350,97.1040,1.8390,2025-03-03 21:27:29,104.0
0.5320,16.8860,0.6020,97.0550,1.8950,2025-03-03 21:27:29,104.0
0.5360,16.9740,0.5710,96.8210,1.7440,2025-03-03 21:27:29,104.0
0.5340,17.0340,0.5810,96.8850,1.8430,2025-03-03 21:27:29,104.0
0.5350,17.0270,0.5430,96.9040,1.8630,2025-03-03 21:27:29,104.0
0.5560,16.9870,0.5810,97.0930,1.8240,2025-03-03 21:27:29,104.0
0.5440,16.9360,0.4760,97.1480,1.8460,2025-03-03 21:27:29,104.0
0.54,17.0090,0.4830,97.1350,1.8170,2025-03-03 21:27:29,104.0
0.5330,17.0150,0.50,97.1450,1.7980,2025-03-03 21:27:29,104.0
0.5190,17.0310,0.42,96.9890,1.8170,2025-03-03 21:27:29,104.0
0.5330,17.0530,0.5980,97.0190,1.7880,2025-03-04 11:39:56,105.0
0.5560,16.9870,0.4550,96.8380,1.9520,2025-03-04 11:39:56,105.0
0.5390,16.9770,0.5390,97.30,1.8110,2025-03-04 11:39:56,105.0
0.5370,16.9680,0.5390,97.1520,1.6890,2025-03-04 11:39:56,105.0
0.5520,16.9650,0.5460,96.9750,1.9750,2025-03-04 11:39:56,105.0
0.5250,16.9960,0.4970,97.0720,1.76,2025-03-04 11:39:56,105.0
0.5660,16.9610,0.5010,97.2340,1.8580,2025-03-04 11:39:56,105.0
0.54,17.0120,0.5710,96.9340,1.9450,2025-03-04 11:39:56,105.0
0.5350,16.9550,0.5530,96.8630,1.8980,2025-03-04 11:39:56,105.0
0.55,17.0590,0.4440,97.2150,1.8240,2025-03-04 11:39:56,105.0
0.5640,16.9870,0.6120,96.9210,1.9830,2025-03-04 11:39:56,105.0
0.54,17.0120,0.6160,97.05,1.79,2025-03-04 11:39:56,105.0
0.5310,16.9520,0.4730,97.0560,1.8170,2025-03-04 11:39:56,105.0
0.5410,16.9490,0.4760,96.9650,1.8170,2025-03-04 11:39:56,105.0
0.5310,16.9960,0.3670,96.8910,1.8920,2025-03-04 11:39:56,105.0
0.54,16.9080,0.5350,97.19,1.9220,2025-03-04 11:39:56,105.0
0.5310,16.9550,0.5810,97.1140,1.7260,2025-03-04 11:39:56,105.0
0.5260,16.9020,0.6480,96.9750,1.6880,2025-03-04 11:39:56,105.0
0.5340,16.9740,0.5350,96.8780,1.8920,2025-03-04 11:39:56,105.0
0.53,16.9140,0.5740,97.2540,1.7660,2025-03-04 11:39:56,105.0
0.5580,17.0180,0.4410,97.3160,1.9110,2025-03-04 13:20:04,106.0
0.5230,16.99,0.6890,96.7760,1.7140,2025-03-04 13:20:04,106.0
0.5430,16.9830,0.4310,97.2920,1.8090,2025-03-04 13:20:04,106.0
0.5130,16.9990,0.4340,97.2250,1.5750,2025-03-04 13:20:04,106.0
0.5360,17.0270,0.6230,97.1610,1.7340,2025-03-04 13:20:04,106.0
0.5430,16.9430,0.7450,96.7780,1.8520,2025-03-04 13:20:04,106.0
0.5350,17.0150,0.3610,97.2490,1.7130,2025-03-04 13:20:04,106.0
0.5280,16.8950,0.4230,97.2030,1.7460,2025-03-04 13:20:04,106.0
0.5430,16.9430,0.5430,97.1310,1.8120,2025-03-04 13:20:04,106.0
0.5560,16.9210,0.5290,96.9130,1.9880,2025-03-04 13:20:04,106.0
0.5080,16.9490,0.5740,96.8570,1.7380,2025-03-04 13:20:04,106.0
0.5230,16.9830,0.6860,96.9820,1.7640,2025-03-04 13:20:04,106.0
0.5410,17.0680,0.6440,97.0330,1.8060,2025-03-04 13:20:04,106.0
0.5350,17.0490,0.5080,97.0750,1.7780,2025-03-04 13:20:04,106.0
0.5310,16.9430,0.56,96.8760,1.7660,2025-03-04 13:20:04,106.0
0.5050,17.0210,0.62,96.8910,1.7240,2025-03-04 13:20:04,106.0
0.5290,17.04,0.6720,96.9460,1.6480,2025-03-04 13:20:04,106.0
0.5310,16.9550,0.49,97.0880,1.9040,2025-03-04 13:20:04,106.0
0.5250,17.0090,0.6160,97.02,1.7980,2025-03-04 13:20:04,106.0
0.5360,17.0050,0.4690,97.2930,1.8520,2025-03-04 13:20:04,106.0
0.54,17.0020,0.5040,97.1730,1.8650,2025-03-04 19:40:20,107.0
0.5470,17.0970,0.3990,97.2340,1.7560,2025-03-04 19:40:20,107.0
0.5280,17.0120,0.5460,97.1090,1.8220,2025-03-04 19:40:20,107.0
0.5420,17.0560,0.4970,97.3250,1.85,2025-03-04 19:40:20,107.0
0.55,17.0240,0.5950,97.2280,1.8790,2025-03-04 19:40:20,107.0
0.5550,17.0210,0.50,97.1630,1.8840,2025-03-04 19:40:20,107.0
0.56,16.9990,0.4340,97.1120,1.9060,2025-03-04 19:40:20,107.0
0.5560,16.9360,0.5530,97.1790,2.0050,2025-03-04 19:40:20,107.0
0.5310,17.0490,0.6120,96.9760,1.8420,2025-03-04 19:40:20,107.0
0.5460,16.9930,0.5460,96.9620,1.8860,2025-03-04 19:40:20,107.0
0.5490,16.9110,0.5840,97.25,1.8480,2025-03-04 19:40:20,107.0
0.5310,16.9210,0.5560,97.2670,1.78,2025-03-04 19:40:20,107.0
0.5550,16.9580,0.5530,97.0080,1.96,2025-03-04 19:40:20,107.0
0.5530,16.9550,0.55,97.0980,1.8280,2025-03-04 19:40:20,107.0
0.5430,17.0270,0.5430,96.9520,1.8520,2025-03-04 19:40:20,107.0
0.5140,17.0340,0.5980,97.1410,1.6170,2025-03-04 19:40:20,107.0
0.5130,16.9360,0.4790,96.8170,1.7240,2025-03-04 19:40:20,107.0
0.55,17.0530,0.4760,97.3270,1.9550,2025-03-04 19:40:20,107.0
0.5560,17.0310,0.4480,97.2150,1.80,2025-03-04 19:40:20,107.0
0.54,16.9680,0.48,97.1810,1.8720,2025-03-04 19:40:20,107.0
0.5580,17.10,0.6060,97.1630,1.8090,2025-03-04 21:40:28,108.0
0.5480,17.0650,0.5950,96.8070,1.7840,2025-03-04 21:40:28,108.0
0.5360,17.0680,0.5710,97.1710,1.6750,2025-03-04 21:40:28,108.0
0.5220,17.0930,0.70,97.2510,1.6750,2025-03-04 21:40:28,108.0
0.5250,17.0020,0.6330,97.12,1.6660,2025-03-04 21:40:28,108.0
0.54,17.0530,0.4940,97.0920,1.7070,2025-03-04 21:40:28,108.0
0.56,17.1780,0.4650,96.9640,1.6960,2025-03-04 21:40:28,108.0
0.5420,17.0590,0.35,97.0390,1.6870,2025-03-04 21:40:28,108.0
0.5430,16.9990,0.6230,96.8720,1.8380,2025-03-04 21:40:28,108.0
0.52,16.9650,0.5640,96.9320,1.6450,2025-03-04 21:40:28,108.0
0.5380,17.0340,0.6230,96.9730,1.7840,2025-03-04 21:40:28,108.0
0.5420,17.0560,0.5150,97.1980,1.8650,2025-03-04 21:40:28,108.0
0.5330,17.0490,0.5080,97.0950,1.7070,2025-03-04 21:40:28,108.0
0.5330,17.0090,0.3960,97.1590,1.7570,2025-03-04 21:40:28,108.0
0.5350,17.0810,0.5040,96.9160,1.8310,2025-03-04 21:40:28,108.0
0.5430,17.0840,0.4060,96.9180,1.7150,2025-03-04 21:40:28,108.0
0.5090,17.0680,0.4510,96.8960,1.6960,2025-03-04 21:40:28,108.0
0.5250,17.1090,0.6860,97.2530,1.68,2025-03-04 21:40:28,108.0
0.5520,17.0590,0.5320,97.1580,1.8710,2025-03-04 21:40:28,108.0
0.5350,17.10,0.4660,97.2030,1.6930,2025-03-04 21:40:28,108.0
0.5450,17.0210,0.4270,97.1860,1.81,2025-03-05 11:16:00,109.0
0.5270,16.99,0.6120,97.1730,1.7980,2025-03-05 11:16:00,109.0
0.5370,17.0120,0.5350,97.2410,1.7840,2025-03-05 11:16:00,109.0
0.5380,17.1340,0.5040,97.0520,1.8580,2025-03-05 11:16:00,109.0
0.5260,17.1030,0.5080,97.05,1.6970,2025-03-05 11:16:00,109.0
0.5080,16.9740,0.4090,96.9720,1.7710,2025-03-05 11:16:00,109.0
0.54,17.0020,0.6160,97.3180,1.81,2025-03-05 11:16:00,109.0
0.5550,17.0970,0.4380,97.1850,1.8810,2025-03-05 11:16:00,109.0
0.5220,17.0430,0.5560,97.16,1.6060,2025-03-05 11:16:00,109.0
0.54,17.0340,0.5390,97.20,1.8340,2025-03-05 11:16:00,109.0
0.5560,17.0150,0.5080,97.2460,1.8470,2025-03-05 11:16:00,109.0
0.5320,17.0650,0.4510,97.0550,1.7750,2025-03-05 11:16:00,109.0
0.5320,16.9580,0.9070,97.02,1.7790,2025-03-05 11:16:00,109.0
0.5470,17.0490,0.5320,96.9470,1.86,2025-03-05 11:16:00,109.0
0.5320,16.9490,0.5640,96.9070,1.75,2025-03-05 11:16:00,109.0
0.5060,17.04,0.4410,96.9110,1.6740,2025-03-05 11:16:00,109.0
0.5420,17.0840,0.7560,97.1120,1.7470,2025-03-05 11:16:00,109.0
0.5380,17.0210,0.6860,96.9570,1.7690,2025-03-05 11:16:00,109.0
0.5390,17.0530,0.5460,96.99,1.64,2025-03-05 11:16:00,109.0
0.5310,17.0710,0.4690,96.9340,1.8710,2025-03-05 11:16:00,109.0
0.5310,16.9990,0.5180,97.22,1.7150,2025-03-05 13:16:07,110.0
0.5530,17.0210,0.6090,96.94,1.9330,2025-03-05 13:16:07,110.0
0.5260,16.8990,0.5990,97.0140,1.7620,2025-03-05 13:16:07,110.0
0.54,17.0270,0.5950,97.12,1.8360,2025-03-05 13:16:07,110.0
0.5320,17.0210,0.5430,97.1720,1.7220,2025-03-05 13:16:07,110.0
0.5320,17.0090,0.5880,96.9060,1.7460,2025-03-05 13:16:07,110.0
0.5570,17.0930,0.5670,97.0360,1.8850,2025-03-05 13:16:07,110.0
0.5240,16.8950,0.6370,96.9140,1.7680,2025-03-05 13:16:07,110.0
0.5430,16.9650,0.5390,96.9760,1.8050,2025-03-05 13:16:07,110.0
0.5510,16.9650,0.49,96.8990,1.8230,2025-03-05 13:16:07,110.0
0.5470,17.0750,0.42,96.9520,1.8450,2025-03-05 13:16:07,110.0
0.5420,16.9580,0.4620,96.9620,1.6680,2025-03-05 13:16:07,110.0
0.5530,17.0270,0.6060,96.9640,1.8070,2025-03-05 13:16:07,110.0
0.55,17.0210,0.7670,96.9480,1.8110,2025-03-05 13:16:07,110.0
0.5360,17.1660,0.4130,96.8920,1.7170,2025-03-05 13:16:07,110.0
0.5520,16.9550,0.4760,97.1130,1.8630,2025-03-05 13:16:07,110.0
0.5540,16.93,0.4090,97.1560,1.9210,2025-03-05 13:16:07,110.0
0.5440,17.0650,0.6330,96.9430,1.8490,2025-03-05 13:16:07,110.0
0.5510,17.1090,0.3080,97.0540,1.87,2025-03-05 13:16:07,110.0
0.5180,17.0050,0.50,97.0310,1.7510,2025-03-05 13:16:07,110.0
0.5450,17.04,0.6160,97.1420,1.7550,2025-03-05 19:36:22,111.0
0.5380,17.1590,0.4580,96.8710,1.8320,2025-03-05 19:36:22,111.0
0.5210,17.0050,0.8570,96.86,1.6590,2025-03-05 19:36:22,111.0
0.5570,17.1310,0.3850,97.12,1.7920,2025-03-05 19:36:22,111.0
0.5420,17.0750,0.5710,96.8030,1.81,2025-03-05 19:36:22,111.0
0.5450,17.1190,0.5810,96.90,1.7910,2025-03-05 19:36:22,111.0
0.5480,17.1970,0.4020,97.1320,1.7330,2025-03-05 19:36:22,111.0
0.5320,17.0780,0.41,97.0460,1.7660,2025-03-05 19:36:22,111.0
0.5060,17.0590,0.4310,96.8310,1.5650,2025-03-05 19:36:22,111.0
0.5380,17.1370,0.3920,97.2280,1.6890,2025-03-05 19:36:22,111.0
0.5530,17.0680,0.5570,97.0170,1.8490,2025-03-05 19:36:22,111.0
0.5430,17.0120,0.5180,96.9910,1.8130,2025-03-05 19:36:22,111.0
0.55,17.0930,0.5210,97.0990,1.8520,2025-03-05 19:36:22,111.0
0.5440,17.1850,0.4730,96.8640,1.7940,2025-03-05 19:36:22,111.0
0.5260,17.1190,0.4410,97.0840,1.7180,2025-03-05 19:36:22,111.0
0.5520,17.1340,0.56,97.07,1.7460,2025-03-05 19:36:22,111.0
0.5360,17.0370,0.4940,96.8950,1.74,2025-03-05 19:36:22,111.0
0.54,17.09,0.5420,97.2070,1.8070,2025-03-05 19:36:22,111.0
0.5560,17.1910,0.6370,96.9060,1.75,2025-03-05 19:36:22,111.0
0.55,17.1940,0.5810,96.9690,1.7790,2025-03-05 19:36:22,111.0
0.5380,17.0710,0.5180,97.1680,1.8450,2025-03-05 21:26:27,112.0
0.5510,17.0310,0.6790,97.3440,1.8160,2025-03-05 21:26:27,112.0
0.5570,17.0310,0.6230,96.9550,1.9430,2025-03-05 21:26:27,112.0
0.5240,16.9930,0.5150,97.06,1.6440,2025-03-05 21:26:27,112.0
0.5540,17.0810,0.6090,96.7920,1.6690,2025-03-05 21:26:27,112.0
0.54,17.0560,0.4830,97.1450,1.7170,2025-03-05 21:26:27,112.0
0.5570,16.9770,0.70,96.8460,1.8810,2025-03-05 21:26:27,112.0
0.5240,17.0270,0.3330,96.8820,1.7150,2025-03-05 21:26:27,112.0
0.53,16.9740,0.5290,97.2590,1.7830,2025-03-05 21:26:27,112.0
0.5360,17.1250,0.4130,96.85,1.7650,2025-03-05 21:26:27,112.0
0.5210,16.9770,0.4830,96.8350,1.7150,2025-03-05 21:26:27,112.0
0.5260,16.9960,0.5950,97.0150,1.7390,2025-03-05 21:26:27,112.0
0.5310,16.9740,0.4620,97.1860,1.6580,2025-03-05 21:26:27,112.0
0.5340,17.0090,0.4830,97.3710,1.8190,2025-03-05 21:26:27,112.0
0.5260,16.9770,0.6090,97.1970,1.6750,2025-03-05 21:26:27,112.0
0.5520,16.9430,0.5350,96.8570,1.8410,2025-03-05 21:26:27,112.0
0.5250,16.9770,0.5740,97.0490,1.6590,2025-03-05 21:26:27,112.0
0.55,16.9430,0.5080,97.0950,1.8120,2025-03-05 21:26:27,112.0
0.5230,17.0340,0.3990,97.0110,1.6960,2025-03-05 21:26:27,112.0
0.5360,16.9330,0.4650,97.2790,1.7130,2025-03-05 21:26:27,112.0
0.5380,17.0150,0.4520,96.9480,1.8160,2025-03-06 11:30:24,113.0
0.5460,17.0680,0.5390,96.8350,1.8190,2025-03-06 11:30:24,113.0
0.5260,16.9580,0.5350,97.2010,1.8960,2025-03-06 11:30:24,113.0
0.5560,17.1150,0.5490,97.1840,1.7850,2025-03-06 11:30:24,113.0
0.5340,17.0370,0.6410,97.24,1.8010,2025-03-06 11:30:24,113.0
0.5370,16.9080,0.6270,97.39,1.7410,2025-03-06 11:30:24,113.0
0.55,17.20,0.5850,97.3250,1.8590,2025-03-06 11:30:24,113.0
0.5230,17.0710,0.62,97.1920,1.7070,2025-03-06 11:30:24,113.0
0.5480,17.0430,0.4550,96.8690,1.9360,2025-03-06 11:30:24,113.0
0.53,17.0090,0.6540,96.96,1.7250,2025-03-06 11:30:24,113.0
0.54,17.0680,0.5910,97.2710,1.8010,2025-03-06 11:30:24,113.0
0.5410,17.0180,0.77,97.2160,1.7490,2025-03-06 11:30:24,113.0
0.5530,17.1370,0.6830,97.0220,1.8540,2025-03-06 11:30:24,113.0
0.5510,16.98,0.4940,96.8540,1.84,2025-03-06 11:30:24,113.0
0.5330,17.10,0.4970,97.2170,1.7090,2025-03-06 11:30:24,113.0
0.5320,17.1280,0.5640,97.18,1.6650,2025-03-06 11:30:24,113.0
0.5110,16.9020,0.5180,97.2020,1.6620,2025-03-06 11:30:24,113.0
0.5390,17.0270,0.6580,97.0840,1.6070,2025-03-06 11:30:24,113.0
0.5410,17.1410,0.6020,96.9290,1.8850,2025-03-06 11:30:24,113.0
0.5510,17.0430,0.4730,96.9840,1.8740,2025-03-06 11:30:24,113.0
0.5330,17.0710,0.5220,97.2060,1.7710,2025-03-06 13:15:27,114.0
0.5270,17.0370,0.6190,96.9840,1.7720,2025-03-06 13:15:27,114.0
0.5460,17.0370,0.6130,97.0020,1.87,2025-03-06 13:15:27,114.0
0.5340,17.0050,0.4970,97.2040,1.7480,2025-03-06 13:15:27,114.0
0.5330,17.0180,0.4730,96.8210,1.7650,2025-03-06 13:15:27,114.0
0.5360,16.99,0.5150,96.98,1.7630,2025-03-06 13:15:27,114.0
0.5320,16.9930,0.5180,97.0690,1.8020,2025-03-06 13:15:27,114.0
0.5470,16.9930,0.5810,96.9270,1.8090,2025-03-06 13:15:27,114.0
0.5390,17.0710,0.49,97.1360,1.7710,2025-03-06 13:15:27,114.0
0.5470,17.0710,0.3710,96.8560,1.8810,2025-03-06 13:15:27,114.0
0.5450,17.0810,0.5530,97.4840,1.8480,2025-03-06 13:15:27,114.0
0.5230,17.0970,0.5080,96.8780,1.6670,2025-03-06 13:15:27,114.0
0.5350,16.98,0.6580,96.8680,1.8480,2025-03-06 13:15:27,114.0
0.5290,17.0240,0.6090,96.9820,1.6840,2025-03-06 13:15:27,114.0
0.5370,16.9140,0.5640,96.9460,1.8150,2025-03-06 13:15:27,114.0
0.5520,17.04,0.7520,96.9060,1.89,2025-03-06 13:15:27,114.0
0.5560,17.0530,0.3390,97.0340,1.9270,2025-03-06 13:15:27,114.0
0.5210,16.9490,0.6020,97.1110,1.6990,2025-03-06 13:15:27,114.0
0.5670,17.1370,0.5250,97.1680,1.8870,2025-03-06 13:15:27,114.0
0.5130,16.9550,0.5560,97.1310,1.6190,2025-03-06 13:15:27,114.0
0.5270,17.0050,0.6090,96.9330,1.7070,2025-03-06 20:00:45,115.0
0.55,17.10,0.4790,97.0190,1.7630,2025-03-06 20:00:45,115.0
0.54,16.9680,0.49,97.4560,1.9030,2025-03-06 20:00:45,115.0
0.50,16.9550,0.5460,96.8860,1.64,2025-03-06 20:00:45,115.0
0.5480,17.0150,0.4410,96.9080,1.9030,2025-03-06 20:00:45,115.0
0.5080,16.93,0.5420,96.8290,1.7060,2025-03-06 20:00:45,115.0
0.54,16.9270,0.7420,97.0070,1.7560,2025-03-06 20:00:45,115.0
0.5720,16.9930,0.6050,97.1980,1.8870,2025-03-06 20:00:45,115.0
0.5210,16.9770,0.43,97.1090,1.6990,2025-03-06 20:00:45,115.0
0.5230,16.9830,0.6540,97.2750,1.6070,2025-03-06 20:00:45,115.0
0.5110,16.9430,0.5460,97.1290,1.6640,2025-03-06 20:00:45,115.0
0.5410,16.9740,0.5770,96.8360,1.7210,2025-03-06 20:00:45,115.0
0.5490,16.9080,0.6120,97.1430,1.8890,2025-03-06 20:00:45,115.0
0.5450,17.04,0.5530,97.1170,1.7710,2025-03-06 20:00:45,115.0
0.5440,16.9140,0.56,96.9170,1.9210,2025-03-06 20:00:45,115.0
0.5380,16.9930,0.5150,96.8690,1.7550,2025-03-06 20:00:45,115.0
0.5640,17.0210,0.6020,97.0950,1.9040,2025-03-06 20:00:45,115.0
0.5380,16.9330,0.5320,97.0650,1.8250,2025-03-06 20:00:45,115.0
0.5230,16.93,0.5670,96.8840,1.8320,2025-03-06 20:00:45,115.0
0.53,16.9580,0.5460,96.9550,1.6370,2025-03-06 20:00:45,115.0
0.56,17.0020,0.43,97.20,1.8950,2025-03-06 21:20:50,116.0
0.5590,17.0120,0.3610,97.2580,1.8440,2025-03-06 21:20:50,116.0
0.52,16.8770,0.4510,97.2440,1.6890,2025-03-06 21:20:50,116.0
0.5370,16.8990,0.5910,96.8950,1.8060,2025-03-06 21:20:50,116.0
0.5530,17.0120,0.5250,97.2930,1.8180,2025-03-06 21:20:50,116.0
0.5250,17.0460,0.6620,96.8370,1.6760,2025-03-06 21:20:50,116.0
0.5260,16.93,0.5320,96.9850,1.80,2025-03-06 21:20:50,116.0
0.5230,16.9680,0.4790,96.9630,1.7230,2025-03-06 21:20:50,116.0
0.5560,17.0840,0.5770,97.2470,1.6920,2025-03-06 21:20:50,116.0
0.5230,17.0710,0.5880,96.8360,1.7590,2025-03-06 21:20:50,116.0
0.5250,17.0050,0.5350,96.8510,1.72,2025-03-06 21:20:50,116.0
0.5360,17.0120,0.5710,96.9230,1.7630,2025-03-06 21:20:50,116.0
0.5340,17.0970,0.7210,97.1990,1.6370,2025-03-06 21:20:50,116.0
0.5220,16.9930,0.5220,97.5930,1.6680,2025-03-06 21:20:50,116.0
0.5080,16.9580,0.63,96.9040,1.5950,2025-03-06 21:20:50,116.0
0.5280,16.9680,0.5040,97.1290,1.7440,2025-03-06 21:20:50,116.0
0.5370,16.9680,0.4060,96.8340,1.8470,2025-03-06 21:20:50,116.0
0.5290,17.0370,0.55,97.1020,1.7250,2025-03-06 21:20:50,116.0
0.5310,17.0120,0.4830,97.0050,1.7010,2025-03-06 21:20:50,116.0
0.5330,17.0590,0.4090,97.1910,1.75,2025-03-06 21:20:50,116.0
0.5420,16.9270,0.5670,97.1430,1.8150,2025-03-07 12:55:57,117.0
0.5370,16.9960,0.4730,96.8910,1.8570,2025-03-07 12:55:57,117.0
0.5280,16.9930,0.3750,97.1580,1.89,2025-03-07 12:55:57,117.0
0.5460,17.0970,0.4970,97.1650,1.8230,2025-03-07 12:55:57,117.0
0.5410,16.98,0.5320,97.1050,1.92,2025-03-07 12:55:57,117.0
0.5240,16.8890,0.5980,97.1830,1.6210,2025-03-07 12:55:57,117.0
0.5530,17.0270,0.4340,97.1020,1.8340,2025-03-07 12:55:57,117.0
0.5340,16.9330,0.6130,96.9050,1.7530,2025-03-07 12:55:57,117.0
0.5440,16.9360,0.5640,97.1940,1.9650,2025-03-07 12:55:57,117.0
0.5240,16.9650,0.4650,97,1.7940,2025-03-07 12:55:57,117.0
0.5330,17.0430,0.3250,96.8790,1.8620,2025-03-07 12:55:57,117.0
0.4910,16.9360,0.5250,97.0170,1.6110,2025-03-07 12:55:57,117.0
0.5240,16.9610,0.56,97.2160,1.6260,2025-03-07 12:55:57,117.0
0.5320,16.9930,0.63,96.9150,1.7850,2025-03-07 12:55:57,117.0
0.5180,16.9050,0.4790,97.0220,1.7420,2025-03-07 12:55:57,117.0
0.5260,17.0270,0.4450,96.9650,1.7320,2025-03-07 12:55:57,117.0
0.5120,16.9210,0.62,96.9630,1.7710,2025-03-07 12:55:57,117.0
0.5180,16.8890,0.6270,96.8320,1.8260,2025-03-07 12:55:57,117.0
0.5270,16.9390,0.50,96.8030,1.89,2025-03-07 12:55:57,117.0
0.5290,16.9110,0.5460,97.1440,1.8020,2025-03-07 12:55:57,117.0
0.5230,16.9770,0.5350,97.1790,1.6220,2025-03-07 21:16:13,118.0
0.5460,16.98,0.4130,97.3460,1.7880,2025-03-07 21:16:13,118.0
0.5360,17.1310,0.4170,97.2340,1.7250,2025-03-07 21:16:13,118.0
0.5470,16.9610,0.4130,96.9490,1.9120,2025-03-07 21:16:13,118.0
0.5030,17.0750,0.5630,96.7840,1.6240,2025-03-07 21:16:13,118.0
0.5550,17.0590,0.4060,96.9930,1.8370,2025-03-07 21:16:13,118.0
0.5220,17.0490,0.4380,96.93,1.6870,2025-03-07 21:16:13,118.0
0.5190,16.8860,0.4440,96.9130,1.6610,2025-03-07 21:16:13,118.0
0.51,16.9740,0.6790,97.2580,1.7280,2025-03-07 21:16:13,118.0
0.5420,17.04,0.5250,97.2090,1.8510,2025-03-07 21:16:13,118.0
0.5160,16.9870,0.4270,97.0520,1.6460,2025-03-07 21:16:13,118.0
0.5380,16.99,0.3920,96.8880,1.8720,2025-03-07 21:16:13,118.0
0.5250,17.1720,0.4550,97.14,1.70,2025-03-07 21:16:13,118.0
0.5290,16.9960,0.4550,96.8410,1.7430,2025-03-07 21:16:13,118.0
0.5170,17.0180,0.6120,97.1360,1.78,2025-03-07 21:16:13,118.0
0.5470,16.99,0.5040,97.1460,1.8190,2025-03-07 21:16:13,118.0
0.5380,16.9870,0.5460,96.8880,1.7230,2025-03-07 21:16:13,118.0
0.5280,17.0870,0.5010,96.8990,1.72,2025-03-07 21:16:13,118.0
0.5230,16.9240,0.4410,97.1830,1.7710,2025-03-07 21:16:13,118.0
0.5290,17.0750,0.3850,97.08,1.7840,2025-03-07 21:16:13,118.0
0.4970,16.8640,0.34,96.8610,1.5980,2025-03-10 13:00:03,119.0
0.5150,16.93,0.6930,96.8690,1.5980,2025-03-10 13:00:03,119.0
0.5070,16.9270,0.5390,96.8260,1.7290,2025-03-10 13:00:03,119.0
0.5420,17.0020,0.7040,96.9960,1.7850,2025-03-10 13:00:03,119.0
0.5420,17.04,0.3810,97.2070,1.7010,2025-03-10 13:00:03,119.0
0.5420,17.0210,0.62,97.1570,1.8530,2025-03-10 13:00:03,119.0
0.50,16.9550,0.4830,96.8840,1.4920,2025-03-10 13:00:03,119.0
0.5220,16.9020,0.56,96.8680,1.6740,2025-03-10 13:00:03,119.0
0.5220,16.9830,0.4170,96.8970,1.6740,2025-03-10 13:00:03,119.0
0.5260,17.0310,0.50,96.9180,1.6640,2025-03-10 13:00:03,119.0
0.52,17.0560,0.5630,97.2250,1.6250,2025-03-10 13:00:03,119.0
0.53,16.9650,0.7180,96.9390,1.7460,2025-03-10 13:00:03,119.0
0.5380,16.9740,0.50,97.1360,1.8130,2025-03-10 13:00:03,119.0
0.5330,16.9020,0.5110,97.27,1.7010,2025-03-10 13:00:03,119.0
0.5240,16.9490,0.5740,96.9830,1.6270,2025-03-10 13:00:03,119.0
0.5230,17.0680,0.2940,96.8780,1.6710,2025-03-10 13:00:03,119.0
0.53,16.9870,0.4410,96.80,1.8040,2025-03-10 13:00:03,119.0
0.5020,16.9360,0.6680,96.8080,1.6050,2025-03-10 13:00:03,119.0
0.5250,17.0710,0.6440,97.1460,1.6630,2025-03-10 13:00:03,119.0
0.5260,16.9240,0.5350,96.9980,0.0140,2025-03-10 13:00:03,119.0
0.5130,16.9710,0.6130,97.0570,1.73,2025-03-10 14:00:07,120.0
0.5420,17.0150,0.5740,97.14,1.70,2025-03-10 14:00:07,120.0
0.5090,16.9830,0.4550,97.1590,1.6750,2025-03-10 14:00:07,120.0
0.5390,17.0710,0.4830,97.2030,1.7620,2025-03-10 14:00:07,120.0
0.5160,16.9610,0.3780,97.0240,1.7240,2025-03-10 14:00:07,120.0
0.5320,16.9960,0.5880,97.1370,1.6960,2025-03-10 14:00:07,120.0
0.5370,17.0090,0.4130,97.2420,1.7450,2025-03-10 14:00:07,120.0
0.5270,16.9770,0.42,97.1860,1.6610,2025-03-10 14:00:07,120.0
0.5310,17.0120,0.7040,96.9050,1.6660,2025-03-10 14:00:07,120.0
0.5540,17.0530,0.5290,97.1270,1.7410,2025-03-10 14:00:07,120.0
0.5330,17.0120,0.6960,96.8440,1.6390,2025-03-10 14:00:07,120.0
0.5260,16.9140,0.6680,96.8810,1.6570,2025-03-10 14:00:07,120.0
0.5440,17.0210,0.5780,97.1680,1.8040,2025-03-10 14:00:07,120.0
0.5420,16.99,0.6720,96.8970,1.8940,2025-03-10 14:00:07,120.0
0.5140,16.99,0.5810,97.1640,1.7080,2025-03-10 14:00:07,120.0
0.5480,17.0840,0.6130,97.1690,1.7180,2025-03-10 14:00:07,120.0
0.5270,16.9770,0.4620,96.8750,1.8170,2025-03-10 14:00:07,120.0
0.5210,16.9270,0.5910,97.1860,1.8390,2025-03-10 14:00:07,120.0
0.53,17.0460,0.5420,97.1610,1.7310,2025-03-10 14:00:07,120.0
0.51,17.0310,0.5670,97.0910,1.7450,2025-03-10 14:00:07,120.0
0.5530,17.0310,0.3530,96.8370,1.6980,2025-03-10 19:25:14,121.0
0.5330,17.0870,0.8050,96.9480,1.7850,2025-03-10 19:25:14,121.0
0.5630,17.04,0.6060,96.9860,1.8290,2025-03-10 19:25:14,121.0
0.5120,16.9650,0.5740,97.0740,1.7680,2025-03-10 19:25:14,121.0
0.5450,17.0210,0.5280,97.1030,1.8410,2025-03-10 19:25:14,121.0
0.5530,17.0310,0.4760,97.0290,1.7860,2025-03-10 19:25:14,121.0
0.5310,16.99,0.50,97.0310,1.88,2025-03-10 19:25:14,121.0
0.5690,17.0710,0.5950,96.8110,1.9390,2025-03-10 19:25:14,121.0
0.5320,16.9870,0.4440,97.0870,1.7230,2025-03-10 19:25:14,121.0
0.5510,17.0780,0.3850,97.0990,1.7490,2025-03-10 19:25:14,121.0
0.5550,16.9960,0.5070,97.1860,1.8570,2025-03-10 19:25:14,121.0
0.5660,17.0240,0.5670,97.0480,1.8650,2025-03-10 19:25:14,121.0
0.5810,17.0210,0.4620,97.25,1.9720,2025-03-10 19:25:14,121.0
0.5490,17.0530,0.2280,96.89,1.7530,2025-03-10 19:25:14,121.0
0.5340,16.9710,0.4550,97.20,1.6780,2025-03-10 19:25:14,121.0
0.5360,17.0810,0.5530,97.1580,1.7080,2025-03-10 19:25:14,121.0
0.5350,17.0490,0.3540,97.1310,1.8550,2025-03-10 19:25:14,121.0
0.5190,16.98,0.3670,96.9670,1.7430,2025-03-10 19:25:14,121.0
0.5550,17.0370,0.5740,97.0970,1.83,2025-03-10 19:25:14,121.0
0.5480,17.1120,0.4380,96.8380,1.7770,2025-03-10 19:25:14,121.0
0.52,17.0530,0.5850,97.1330,1.7650,2025-03-10 21:20:18,122.0
0.5430,17.0430,0.4510,97.0930,1.8320,2025-03-10 21:20:18,122.0
0.55,17.1030,0.5570,97.2340,1.8850,2025-03-10 21:20:18,122.0
0.5320,16.9390,0.3710,97.3160,1.7230,2025-03-10 21:20:18,122.0
0.5320,16.9990,0.3810,96.9140,1.7140,2025-03-10 21:20:18,122.0
0.52,16.8890,0.5290,96.9460,1.71,2025-03-10 21:20:18,122.0
0.5440,17.10,0.7660,97.0450,1.7170,2025-03-10 21:20:18,122.0
0.5150,17.0750,0.4760,97.1160,1.6650,2025-03-10 21:20:18,122.0
0.5030,17.0370,0.5460,97.04,1.6410,2025-03-10 21:20:18,122.0
0.5320,17.0310,0.55,97.0830,1.6730,2025-03-10 21:20:18,122.0
0.5380,16.9610,0.4790,96.9770,1.8580,2025-03-10 21:20:18,122.0
0.5350,16.9140,0.5390,96.8330,1.8740,2025-03-10 21:20:18,122.0
0.5270,17.0460,0.5740,96.8580,1.7230,2025-03-10 21:20:18,122.0
0.5290,17.0430,0.7490,96.8920,1.8290,2025-03-10 21:20:18,122.0
0.5440,16.9650,0.4690,96.9620,1.9060,2025-03-10 21:20:18,122.0
0.5450,16.9960,0.5210,96.8740,1.8430,2025-03-10 21:20:18,122.0
0.5290,16.9870,0.4970,97.1690,1.7390,2025-03-10 21:20:18,122.0
0.5470,17.0530,0.5460,97.1470,1.7630,2025-03-10 21:20:18,122.0
0.51,17.0240,0.3960,96.9290,1.6820,2025-03-10 21:20:18,122.0
0.53,16.9870,0.43,96.9670,1.7390,2025-03-10 21:20:18,122.0
0.5160,16.9110,0.4410,96.8520,1.68,2025-03-11 14:37:24,123.0
0.5310,17.0120,0.3780,96.8960,1.7490,2025-03-11 14:37:24,123.0
0.5370,17.0150,0.4860,96.93,1.8130,2025-03-11 14:37:24,123.0
0.5550,17.0460,0.4870,97.0530,1.89,2025-03-11 14:37:24,123.0
0.5340,16.9360,0.62,96.9220,1.7450,2025-03-11 14:37:24,123.0
0.5030,16.9650,0.3950,97.1110,1.7410,2025-03-11 14:37:24,123.0
0.5120,16.9360,0.4830,96.81,1.7350,2025-03-11 14:37:24,123.0
0.5390,16.9210,0.5080,97.0670,1.8750,2025-03-11 14:37:24,123.0
0.52,17.0590,0.4870,96.8590,1.6280,2025-03-11 14:37:24,123.0
0.5210,16.9080,0.70,96.9210,1.7650,2025-03-11 14:37:24,123.0
0.5340,16.9870,0.6760,96.9070,1.7530,2025-03-11 14:37:24,123.0
0.5360,17.0210,0.5350,96.8680,1.7850,2025-03-11 14:37:24,123.0
0.5350,16.8990,0.6680,96.9840,1.9390,2025-03-11 14:37:24,123.0
0.5320,16.9680,0.4970,96.8520,1.7620,2025-03-11 14:37:24,123.0
0.5170,17.0270,0.4230,96.7350,1.68,2025-03-11 14:37:24,123.0
0.54,17.0050,0.6190,96.9430,1.8750,2025-03-11 14:37:24,123.0
0.5490,17.0210,0.4440,96.8760,2.0420,2025-03-11 14:37:24,123.0
0.5420,16.83,0.3670,96.8440,1.8370,2025-03-11 14:37:24,123.0
0.5340,16.9430,0.3330,96.8980,1.7390,2025-03-11 14:37:24,123.0
0.5520,17.0340,0.5080,96.8560,1.8750,2025-03-11 14:37:24,123.0
0.5240,16.9770,0.49,96.9120,1.6950,2025-03-11 21:22:35,124.0
0.5380,16.98,0.4410,96.8640,1.8170,2025-03-11 21:22:35,124.0
0.5430,17.0560,0.4550,96.9120,1.8010,2025-03-11 21:22:35,124.0
0.5190,16.9360,0.4830,96.9550,1.6650,2025-03-11 21:22:35,124.0
0.5310,16.9110,0.5350,97.11,1.7070,2025-03-11 21:22:35,124.0
0.5280,16.8890,0.71,96.9080,1.8050,2025-03-11 21:22:35,124.0
0.5350,16.99,0.7420,97.0050,1.8280,2025-03-11 21:22:35,124.0
0.5420,16.9710,0.3990,96.9490,1.9050,2025-03-11 21:22:35,124.0
0.5390,17.0970,0.3640,96.9250,1.7560,2025-03-11 21:22:35,124.0
0.5240,17.1780,0.5250,96.8720,1.7050,2025-03-11 21:22:35,124.0
0.5180,17.0270,0.4760,96.7440,1.6910,2025-03-11 21:22:35,124.0
0.5340,17.0310,0.3960,96.8480,1.7310,2025-03-11 21:22:35,124.0
0.5330,16.9610,0.6410,96.8980,1.84,2025-03-11 21:22:35,124.0
0.5180,17.1060,0.5880,96.9470,1.7130,2025-03-11 21:22:35,124.0
0.55,17.0710,0.5350,97.0010,1.8320,2025-03-11 21:22:35,124.0
0.5440,17.0240,0.5670,97.0760,1.8260,2025-03-11 21:22:35,124.0
0.53,16.8830,0.7770,96.93,1.7290,2025-03-11 21:22:35,124.0
0.5290,16.9520,0.3220,97.01,1.6930,2025-03-11 21:22:35,124.0
0.5320,17.1150,0.3540,96.8870,1.7430,2025-03-11 21:22:35,124.0
0.5270,17.0490,0.4730,97.0610,1.6630,2025-03-11 21:22:35,124.0
0.5210,17.0210,0.49,96.9650,1.6670,2025-03-12 11:26:14,125.0
0.5220,16.8990,0.3990,97.0970,1.6590,2025-03-12 11:26:14,125.0
0.5380,16.9740,0.6020,96.9660,1.67,2025-03-12 11:26:14,125.0
0.5260,17.0710,0.3610,96.8880,1.57,2025-03-12 11:26:14,125.0
0.5530,17.1060,0.4410,96.8490,1.87,2025-03-12 11:26:14,125.0
0.5660,17.0090,0.4760,96.7910,1.9130,2025-03-12 11:26:14,125.0
0.5340,17.1250,0.4170,96.8620,1.7670,2025-03-12 11:26:14,125.0
0.5360,17.10,0.56,96.9380,1.6830,2025-03-12 11:26:14,125.0
0.5430,17.0180,0.5110,96.9270,1.6960,2025-03-12 11:26:14,125.0
0.5370,16.9770,0.5390,96.9830,1.6820,2025-03-12 11:26:14,125.0
0.5350,17.0210,0.2870,96.8830,1.6770,2025-03-12 11:26:14,125.0
0.54,17.0240,0.4620,96.9690,1.7650,2025-03-12 11:26:14,125.0
0.54,17.0590,0.4830,96.9570,1.6580,2025-03-12 11:26:14,125.0
0.5590,17.1190,0.4020,97.0770,1.8060,2025-03-12 11:26:14,125.0
0.5370,17.0020,0.4480,96.9640,1.6530,2025-03-12 11:26:14,125.0
0.5330,16.8640,0.4790,97.0250,1.7190,2025-03-12 11:26:14,125.0
0.5350,16.9390,0.5950,96.8710,1.7480,2025-03-12 11:26:14,125.0
0.5510,17.0840,0.49,96.9050,1.89,2025-03-12 11:26:14,125.0
0.5810,17.0680,0.4440,96.7910,1.8360,2025-03-12 11:26:14,125.0
0.5520,17.09,0.5320,96.8950,1.6920,2025-03-12 11:26:14,125.0
0.5070,16.8450,0.5880,96.9610,1.5310,2025-03-12 13:01:17,126.0
0.5480,16.9680,0.5740,96.8420,1.7130,2025-03-12 13:01:17,126.0
0.5410,17.0430,0.4620,96.9390,1.9010,2025-03-12 13:01:17,126.0
0.51,16.9580,0.4480,96.8630,1.7450,2025-03-12 13:01:17,126.0
0.5340,17.0780,0.3960,96.81,1.8490,2025-03-12 13:01:17,126.0
0.5320,16.9390,0.5910,96.9150,1.6750,2025-03-12 13:01:17,126.0
0.5020,16.9020,0.5180,96.8670,1.5710,2025-03-12 13:01:17,126.0
0.5430,17.0430,0.4440,97.0620,1.7260,2025-03-12 13:01:17,126.0
0.5310,17.0460,0.4730,96.9190,1.6270,2025-03-12 13:01:17,126.0
0.5560,17.0370,0.4130,96.8890,1.94,2025-03-12 13:01:17,126.0
0.5370,16.9490,0.3880,97.0290,1.8220,2025-03-12 13:01:17,126.0
0.5380,17.0430,0.4550,96.9780,1.7560,2025-03-12 13:01:17,126.0
0.5570,17.1280,0.3850,96.8860,1.7870,2025-03-12 13:01:17,126.0
0.5240,16.99,0.4690,96.8810,1.7150,2025-03-12 13:01:17,126.0
0.5280,17.1120,0.34,96.7970,1.7630,2025-03-12 13:01:17,126.0
0.5330,17.0120,0.5640,96.9160,1.6630,2025-03-12 13:01:17,126.0
0.5360,16.9520,0.5150,96.9170,1.7860,2025-03-12 13:01:17,126.0
0.5260,16.9550,0.6120,96.9030,1.6760,2025-03-12 13:01:17,126.0
0.4930,17.0150,0.4030,96.9080,1.5330,2025-03-12 13:01:17,126.0
0.4980,17.0050,0.4690,96.7980,1.5890,2025-03-12 13:01:17,126.0
0.5560,16.9330,0.5670,96.8670,1.7530,2025-03-12 19:21:30,127.0
0.53,17.0340,0.3260,96.8380,1.7680,2025-03-12 19:21:30,127.0
0.5420,17.04,0.5070,96.9490,0.0180,2025-03-12 19:21:30,127.0
0.5380,17.0750,0.49,97.0330,1.7320,2025-03-12 19:21:30,127.0
0.53,17.0780,0.6190,96.8590,1.7360,2025-03-12 19:21:30,127.0
0.5460,17.1310,0.4650,96.9550,1.7480,2025-03-12 19:21:30,127.0
0.5420,17.0930,0.3850,97.0320,1.8720,2025-03-12 19:21:30,127.0
0.5310,17.0120,0.7490,96.8990,1.7970,2025-03-12 19:21:30,127.0
0.5420,17.1780,0.4520,96.8610,1.7260,2025-03-12 19:21:30,127.0
0.5450,16.9580,0.4380,96.8520,1.8370,2025-03-12 19:21:30,127.0
0.5370,16.98,0.3330,96.9110,1.7330,2025-03-12 19:21:30,127.0
0.5610,17.0620,0.3920,96.8910,1.8720,2025-03-12 19:21:30,127.0
0.5350,17.04,0.3430,96.9410,1.7180,2025-03-12 19:21:30,127.0
0.5320,16.9710,0.4830,96.7450,1.7970,2025-03-12 19:21:30,127.0
0.5290,17.0310,0.5040,96.8750,1.7670,2025-03-12 19:21:30,127.0
0.5370,17.1030,0.3990,96.8140,1.7360,2025-03-12 19:21:30,127.0
0.5420,16.9050,0.5850,96.8590,1.8030,2025-03-12 19:21:30,127.0
0.5130,16.9770,0.6650,96.9910,1.7210,2025-03-12 19:21:30,127.0
0.52,16.9240,0.4830,96.8190,1.73,2025-03-12 19:21:30,127.0
0.53,17.0310,0.42,96.8250,1.6750,2025-03-12 19:21:30,127.0
0.5570,17.0750,0.3710,96.9660,1.8820,2025-03-12 21:21:33,128.0
0.5340,16.9930,0.5390,96.89,1.8450,2025-03-12 21:21:33,128.0
0.5360,17.0560,0.5250,96.9640,1.7810,2025-03-12 21:21:33,128.0
0.5420,16.9240,0.6720,96.9310,1.9490,2025-03-12 21:21:33,128.0
0.5190,16.9990,0.5770,96.8590,1.6670,2025-03-12 21:21:33,128.0
0.5170,17.0430,0.6930,96.8710,1.6480,2025-03-12 21:21:33,128.0
0.5490,16.9870,0.4440,96.9230,1.8390,2025-03-12 21:21:33,128.0
0.5310,16.8890,0.4690,96.8950,1.7070,2025-03-12 21:21:33,128.0
0.5560,17.1660,0.4940,96.8880,1.9850,2025-03-12 21:21:33,128.0
0.5430,17.0840,0.5670,96.8740,1.7730,2025-03-12 21:21:33,128.0
0.5090,17.0020,0.5460,96.8510,1.6910,2025-03-12 21:21:33,128.0
0.5320,17.0680,0.4440,96.9240,1.6330,2025-03-12 21:21:33,128.0
0.5170,16.9930,0.4020,96.9260,1.6490,2025-03-12 21:21:33,128.0
0.5390,17.0050,0.43,96.8160,1.7180,2025-03-12 21:21:33,128.0
0.55,17.1190,0.4620,96.9910,1.8140,2025-03-12 21:21:33,128.0
0.5360,17.0490,0.4730,96.8840,1.8410,2025-03-12 21:21:33,128.0
0.5250,16.9770,0.5640,96.8810,1.7230,2025-03-12 21:21:33,128.0
0.5390,17.0370,0.4590,97.0390,1.8260,2025-03-12 21:21:33,128.0
0.54,17.0620,0.3360,96.9350,1.8690,2025-03-12 21:21:33,128.0
0.5090,17.0310,0.41,96.9510,1.7010,2025-03-12 21:21:33,128.0
0.5270,16.9930,0.4310,96.8780,1.6940,2025-03-13 12:34:24,129.0
0.5350,17.0590,0.2590,96.9730,1.8060,2025-03-13 12:34:24,129.0
0.5420,17.0710,0.4480,96.75,1.7970,2025-03-13 12:34:24,129.0
0.5380,17.0120,0.5010,97.0770,1.78,2025-03-13 12:34:24,129.0
0.5420,17.0650,0.4730,96.8730,1.7610,2025-03-13 12:34:24,129.0
0.5420,17.1410,0.4020,96.8690,1.7130,2025-03-13 12:34:24,129.0
0.5230,16.9770,0.55,97.0350,1.7260,2025-03-13 12:34:24,129.0
0.5220,17.1630,0.6160,96.8580,1.7210,2025-03-13 12:34:24,129.0
0.5310,16.8330,0.62,97.0290,1.7570,2025-03-13 12:34:24,129.0
0.5110,16.8480,0.4860,96.9180,1.5860,2025-03-13 12:34:24,129.0
0.5430,17.20,0.5460,96.8460,1.8330,2025-03-13 12:34:24,129.0
0.5260,16.8670,0.3990,97.2620,1.8280,2025-03-13 12:34:24,129.0
0.5450,17.0430,0.5250,96.9450,1.7760,2025-03-13 12:34:24,129.0
0.5350,16.9460,0.3990,96.8510,1.7870,2025-03-13 12:34:24,129.0
0.5170,16.9680,0.7450,96.8580,1.6410,2025-03-13 12:34:24,129.0
0.5440,17.0620,0.3850,96.9130,1.8880,2025-03-13 12:34:24,129.0
0.5360,17.0340,0.6230,96.9980,1.6150,2025-03-13 12:34:24,129.0
0.5420,17.0810,0.3810,97.0070,1.7690,2025-03-13 12:34:24,129.0
0.5470,17.1440,0.6230,96.7840,1.7860,2025-03-13 12:34:24,129.0
0.5210,16.9430,0.4170,96.9110,1.6950,2025-03-13 12:34:24,129.0
0.5530,17.0620,0.5180,96.9570,1.8960,2025-03-13 13:04:26,130.0
0.5590,17.2660,0.4060,96.88,1.8390,2025-03-13 13:04:26,130.0
0.5470,17.0530,0.4410,97.0520,1.7160,2025-03-13 13:04:26,130.0
0.5280,17.0560,0.4230,96.9550,1.7160,2025-03-13 13:04:26,130.0
0.5310,16.9360,0.5110,97.2950,1.7410,2025-03-13 13:04:26,130.0
0.5380,17.0210,0.5420,97.1320,1.92,2025-03-13 13:04:26,130.0
0.5590,17.0590,0.4720,96.7860,1.7790,2025-03-13 13:04:26,130.0
0.5470,17.1590,0.4620,96.8460,1.70,2025-03-13 13:04:26,130.0
0.5360,16.9610,0.4760,96.7630,1.7690,2025-03-13 13:04:26,130.0
0.5430,17.0180,0.6340,96.85,1.8220,2025-03-13 13:04:26,130.0
0.5420,17.0270,0.5810,96.9780,1.7380,2025-03-13 13:04:26,130.0
0.5350,16.9360,0.4410,96.9390,1.7330,2025-03-13 13:04:26,130.0
0.5680,16.9770,0.5220,96.8760,1.8740,2025-03-13 13:04:26,130.0
0.5420,17.1370,0.4130,96.7890,1.7570,2025-03-13 13:04:26,130.0
0.5470,17.0240,0.4730,96.9120,1.7760,2025-03-13 13:04:26,130.0
0.5370,17.0340,0.5280,97.04,1.8090,2025-03-13 13:04:26,130.0
0.5340,17.0930,0.4730,97.1070,1.7520,2025-03-13 13:04:26,130.0
0.5410,17.0530,0.4760,96.8540,1.7780,2025-03-13 13:04:26,130.0
0.5410,17.0680,0.6970,96.8860,1.8380,2025-03-13 13:04:26,130.0
0.54,17.09,0.5630,96.8290,1.6920,2025-03-13 13:04:26,130.0
0.5560,17.2320,0.4760,97.0690,1.7610,2025-03-13 21:39:42,131.0
0.5450,16.9990,0.5350,96.9150,1.7520,2025-03-13 21:39:42,131.0
0.5450,17.0310,0.4480,97.2130,1.7540,2025-03-13 21:39:42,131.0
0.5340,17.0180,0.5250,96.9790,1.7690,2025-03-13 21:39:42,131.0
0.5560,16.98,0.4790,96.8840,1.9150,2025-03-13 21:39:42,131.0
0.5390,17.1060,0.3780,96.9480,1.7890,2025-03-13 21:39:42,131.0
0.55,17.0120,0.5740,96.9880,1.7960,2025-03-13 21:39:42,131.0
0.5510,17.0340,0.5040,96.9020,1.8890,2025-03-13 21:39:42,131.0
0.5420,16.9580,0.56,96.8820,1.9140,2025-03-13 21:39:42,131.0
0.5370,16.98,0.4580,96.86,1.88,2025-03-13 21:39:42,131.0
0.5560,17.0560,0.5110,96.9720,1.8570,2025-03-13 21:39:42,131.0
0.5390,17.1030,0.4660,96.9260,1.7090,2025-03-13 21:39:42,131.0
0.5340,16.9580,0.50,96.9730,1.7990,2025-03-13 21:39:42,131.0
0.5270,17.0270,0.5290,96.8350,1.7230,2025-03-13 21:39:42,131.0
0.5670,17.0560,0.5150,96.9470,1.8930,2025-03-13 21:39:42,131.0
0.5470,17.0240,0.4790,96.8130,1.7220,2025-03-13 21:39:42,131.0
0.5310,17.0750,0.4340,96.8750,1.6810,2025-03-13 21:39:42,131.0
0.5340,17.0240,0.55,96.9910,1.7580,2025-03-13 21:39:42,131.0
0.5350,16.88,0.6830,97.0060,1.89,2025-03-13 21:39:42,131.0
0.5350,17.0430,0.4230,96.9360,1.7940,2025-03-13 21:39:42,131.0
0.52,17.0530,0.5530,96.9610,1.7240,2025-03-14 11:01:44,132.0
0.53,17.0810,0.55,96.9060,1.8030,2025-03-14 11:01:44,132.0
0.5350,17.0340,0.6330,96.9230,1.7170,2025-03-14 11:01:44,132.0
0.5340,17.0490,0.3920,96.8680,1.7120,2025-03-14 11:01:44,132.0
0.5580,17.0530,0.5850,96.8690,1.9630,2025-03-14 11:01:44,132.0
0.5530,17.0530,0.50,96.8380,1.8910,2025-03-14 11:01:44,132.0
0.5320,17.0340,0.6090,96.9750,1.68,2025-03-14 11:01:44,132.0
0.5340,17.0150,0.6230,96.8950,1.6680,2025-03-14 11:01:44,132.0
0.5440,17.0560,0.4590,96.9140,1.7460,2025-03-14 11:01:44,132.0
0.5360,17.0090,0.6020,96.9410,1.7270,2025-03-14 11:01:44,132.0
0.5280,17.0430,0.4860,96.9080,1.69,2025-03-14 11:01:44,132.0
0.5440,16.9870,0.5320,96.8910,1.7710,2025-03-14 11:01:44,132.0
0.5320,16.9610,0.5740,96.9120,1.92,2025-03-14 11:01:44,132.0
0.5260,17.0710,0.4410,96.8720,1.6880,2025-03-14 11:01:44,132.0
0.5170,16.8920,0.4170,96.9270,1.7550,2025-03-14 11:01:44,132.0
0.5390,17.0810,0.4550,96.9530,1.7170,2025-03-14 11:01:44,132.0
0.5450,16.9650,0.4730,96.8530,1.8220,2025-03-14 11:01:44,132.0
0.5550,16.98,0.4790,97.0110,1.8440,2025-03-14 11:01:44,132.0
0.5460,16.9990,0.3290,96.8450,1.7430,2025-03-14 11:01:44,132.0
0.5190,16.99,0.4970,96.86,1.7030,2025-03-14 11:01:44,132.0
0.5320,16.9270,0.7560,96.9880,1.6960,2025-03-14 13:21:47,133.0
0.5530,17.0050,0.4620,96.86,1.8880,2025-03-14 13:21:47,133.0
0.5170,16.8670,0.5840,97.0260,1.73,2025-03-14 13:21:47,133.0
0.5620,17.04,0.5080,96.76,1.7240,2025-03-14 13:21:47,133.0
0.54,16.98,0.63,96.9020,1.8080,2025-03-14 13:21:47,133.0
0.5410,17.0530,0.3850,96.9990,1.7760,2025-03-14 13:21:47,133.0
0.5310,16.9520,0.4060,96.9640,1.9020,2025-03-14 13:21:47,133.0
0.5270,16.9830,0.6230,97.1480,1.6760,2025-03-14 13:21:47,133.0
0.5340,17.0430,0.4830,97.0630,1.8910,2025-03-14 13:21:47,133.0
0.52,16.9610,0.6230,96.9350,1.8050,2025-03-14 13:21:47,133.0
0.5390,16.9580,0.5740,96.9440,1.9450,2025-03-14 13:21:47,133.0
0.5420,17.0120,0.5110,96.9720,1.8260,2025-03-14 13:21:47,133.0
0.5540,16.9520,0.3960,96.9110,1.7570,2025-03-14 13:21:47,133.0
0.5180,17.0460,0.3990,96.7710,1.7070,2025-03-14 13:21:47,133.0
0.5420,16.9990,0.4030,96.8060,1.8410,2025-03-14 13:21:47,133.0
0.5220,17.0240,0.4270,96.8270,1.73,2025-03-14 13:21:47,133.0
0.5520,17.1150,0.2870,96.9770,1.8810,2025-03-14 13:21:47,133.0
0.5410,16.9650,0.4690,96.8030,1.78,2025-03-14 13:21:47,133.0
0.5420,17.0840,0.49,96.9010,1.8380,2025-03-14 13:21:47,133.0
0.5330,17.0150,0.6270,96.8760,1.7870,2025-03-14 13:21:47,133.0
0.5080,16.9270,0.42,96.8790,1.7750,2025-03-14 19:36:54,134.0
0.5410,16.8950,0.5950,96.8860,1.8210,2025-03-14 19:36:54,134.0
0.5190,16.8830,0.4690,96.9240,1.7260,2025-03-14 19:36:54,134.0
0.5440,16.9330,0.6830,96.8170,1.8180,2025-03-14 19:36:54,134.0
0.5320,16.87,0.5530,96.8950,1.8750,2025-03-14 19:36:54,134.0
0.52,16.9080,0.8890,97.02,1.7140,2025-03-14 19:36:54,134.0
0.5360,16.9610,0.4410,96.8550,1.7150,2025-03-14 19:36:54,134.0
0.5240,16.8390,0.7310,96.96,1.7830,2025-03-14 19:36:54,134.0
0.5580,17.0090,0.5950,97.0530,1.8930,2025-03-14 19:36:54,134.0
0.5510,16.9930,0.6510,97.05,1.8230,2025-03-14 19:36:54,134.0
0.5360,16.87,0.5040,96.9520,1.8850,2025-03-14 19:36:54,134.0
0.5330,16.88,0.6370,96.8120,1.8650,2025-03-14 19:36:54,134.0
0.5250,16.9210,0.8050,96.8640,1.6880,2025-03-14 19:36:54,134.0
0.5270,16.8550,0.5210,97.0990,1.6860,2025-03-14 19:36:54,134.0
0.5420,16.9360,0.55,97.0530,1.9260,2025-03-14 19:36:54,134.0
0.5330,16.9580,0.7070,97.0650,1.6170,2025-03-14 19:36:54,134.0
0.5590,16.9550,0.70,96.91,1.8490,2025-03-14 19:36:54,134.0
0.5280,16.8510,0.6510,96.7470,1.6490,2025-03-14 19:36:54,134.0
0.54,16.9360,0.6330,96.8570,1.8140,2025-03-14 19:36:54,134.0
0.5370,16.9870,0.5980,96.8810,1.7790,2025-03-14 19:36:54,134.0
0.54,16.99,0.5910,97.10,1.8190,2025-03-14 21:21:57,135.0
0.5390,17.0180,0.5670,96.9530,1.83,2025-03-14 21:21:57,135.0
0.55,17.0050,0.5810,96.8390,1.8990,2025-03-14 21:21:57,135.0
0.5340,16.9140,0.6890,96.9680,1.7770,2025-03-14 21:21:57,135.0
0.52,16.9430,0.5810,96.8840,1.7150,2025-03-14 21:21:57,135.0
0.5320,16.9520,0.7350,96.8440,1.8490,2025-03-14 21:21:57,135.0
0.5480,17.0430,0.6160,96.8780,1.7750,2025-03-14 21:21:57,135.0
0.5250,17.0620,0.7140,97.2390,1.6710,2025-03-14 21:21:57,135.0
0.5110,16.8990,0.7240,96.8910,1.6210,2025-03-14 21:21:57,135.0
0.5330,16.8990,0.5290,96.9270,1.7230,2025-03-14 21:21:57,135.0
0.5450,16.9710,0.7310,96.9830,1.7690,2025-03-14 21:21:57,135.0
0.5160,17.0090,0.6410,97.0670,1.6130,2025-03-14 21:21:57,135.0
0.53,16.8260,0.6480,96.8920,1.7810,2025-03-14 21:21:57,135.0
0.5450,17.0240,0.6580,96.9440,1.9110,2025-03-14 21:21:57,135.0
0.5530,17.0620,0.6370,96.8610,1.93,2025-03-14 21:21:57,135.0
0.5320,16.9580,0.5810,96.9710,1.8650,2025-03-14 21:21:57,135.0
0.5250,17.0710,0.4170,96.8260,1.6650,2025-03-14 21:21:57,135.0
0.5320,17.04,0.4440,97.08,1.63,2025-03-14 21:21:57,135.0
0.5210,16.9330,0.5980,96.8580,1.7370,2025-03-14 21:21:57,135.0
0.5510,16.9770,0.5390,96.8430,1.7310,2025-03-14 21:21:57,135.0
0.5140,16.9460,0.5080,96.8230,1.74,2025-03-17 12:59:13,136.0
0.5220,16.9960,0.8120,96.6940,1.7570,2025-03-17 12:59:13,136.0
0.5520,17.0750,0.6580,96.9040,1.84,2025-03-17 12:59:13,136.0
0.4980,16.9830,0.6720,96.7490,1.6010,2025-03-17 12:59:13,136.0
0.5280,17.0270,0.7350,97.0460,1.82,2025-03-17 12:59:13,136.0
0.5270,17.0530,0.6690,96.8820,1.7250,2025-03-17 12:59:13,136.0
0.5170,17.0780,0.5560,96.8920,1.6210,2025-03-17 12:59:13,136.0
0.5230,17.0370,0.4970,96.9930,1.7060,2025-03-17 12:59:13,136.0
0.5460,17.0150,0.7630,97.0410,1.7710,2025-03-17 12:59:13,136.0
0.5280,16.9650,0.5910,96.9040,1.6740,2025-03-17 12:59:13,136.0
0.5230,16.9930,0.7210,96.89,1.8140,2025-03-17 12:59:13,136.0
0.5490,17.0020,0.6370,96.9140,1.8330,2025-03-17 12:59:13,136.0
0.5230,16.9550,0.7070,97.0420,1.7740,2025-03-17 12:59:13,136.0
0.5240,16.9770,0.7070,96.7830,1.7450,2025-03-17 12:59:13,136.0
0.5360,16.9650,0.7210,96.77,1.79,2025-03-17 12:59:13,136.0
0.5360,17.0120,0.6510,97.0820,1.7560,2025-03-17 12:59:13,136.0
0.5370,16.9680,0.5810,96.7620,1.93,2025-03-17 12:59:13,136.0
0.5180,16.9650,0.4690,96.8170,1.6720,2025-03-17 12:59:13,136.0
0.5350,16.9680,0.7420,96.8470,1.7860,2025-03-17 12:59:13,136.0
0.5210,16.9990,0.6130,96.8510,1.8370,2025-03-17 12:59:13,136.0
0.5310,17.0270,0.6160,96.90,1.6780,2025-03-17 20:19:26,137.0
0.5350,16.99,0.6230,96.9340,1.7450,2025-03-17 20:19:26,137.0
0.5320,17.1250,0.7310,96.8230,1.6580,2025-03-17 20:19:26,137.0
0.51,17.0810,0.5740,96.8660,1.5920,2025-03-17 20:19:26,137.0
0.5570,17.0430,0.5320,96.8640,1.8230,2025-03-17 20:19:26,137.0
0.5180,16.9990,0.8120,96.8960,1.5680,2025-03-17 20:19:26,137.0
0.5110,17.0090,0.5880,96.8070,1.5860,2025-03-17 20:19:26,137.0
0.5190,16.9930,0.7560,96.9070,1.7240,2025-03-17 20:19:26,137.0
0.5160,17.0150,0.5250,96.9490,1.6740,2025-03-17 20:19:26,137.0
0.5640,17.0530,0.49,96.8120,1.9630,2025-03-17 20:19:26,137.0
0.52,17.04,0.7350,96.9420,1.6660,2025-03-17 20:19:26,137.0
0.5290,17.0370,0.5350,96.9920,1.7740,2025-03-17 20:19:26,137.0
0.5160,17.0020,0.5850,97.0620,1.6650,2025-03-17 20:19:26,137.0
0.5240,17.04,0.5290,96.8620,1.5810,2025-03-17 20:19:26,137.0
0.5010,17.0120,0.6580,96.8020,1.4980,2025-03-17 20:19:26,137.0
0.5060,17.0180,0.4860,96.8730,1.66,2025-03-17 20:19:26,137.0
0.5030,16.9870,0.4580,96.9480,1.5480,2025-03-17 20:19:26,137.0
0.5350,17.0210,0.7460,96.8140,1.7290,2025-03-17 20:19:26,137.0
0.5160,17.0460,0.6120,96.80,1.7440,2025-03-17 20:19:26,137.0
0.5320,17.0490,0.62,96.86,1.6520,2025-03-17 20:19:26,137.0
0.53,17.0530,0.4650,96.9230,1.7370,2025-03-18 10:54:28,138.0
0.5690,17.1090,0.6160,97.0260,1.80,2025-03-18 10:54:28,138.0
0.5510,17.0180,0.5530,96.89,1.6820,2025-03-18 10:54:28,138.0
0.55,17.0560,0.8010,96.79,1.7450,2025-03-18 10:54:28,138.0
0.5460,17.0090,0.6760,96.9780,1.8120,2025-03-18 10:54:28,138.0
0.55,17.0590,0.6230,96.9540,1.8680,2025-03-18 10:54:28,138.0
0.53,17.0050,0.6960,96.9660,1.76,2025-03-18 10:54:28,138.0
0.5310,16.99,0.6830,96.8450,1.7860,2025-03-18 10:54:28,138.0
0.5560,17.0780,0.7660,96.8410,1.8890,2025-03-18 10:54:28,138.0
0.5380,16.9770,0.5530,96.9030,1.5620,2025-03-18 10:54:28,138.0
0.5510,16.9490,0.5560,96.81,1.8030,2025-03-18 10:54:28,138.0
0.5260,16.99,0.5840,96.9110,1.7390,2025-03-18 10:54:28,138.0
0.52,16.9330,0.6790,96.9420,1.6720,2025-03-18 10:54:28,138.0
0.5590,17.0270,0.71,96.8550,2.0240,2025-03-18 10:54:28,138.0
0.5350,16.93,0.5810,96.9950,1.8210,2025-03-18 10:54:28,138.0
0.53,17.0560,0.8430,96.8980,1.7310,2025-03-18 10:54:28,138.0
0.5150,16.9390,0.6650,97.0310,1.6870,2025-03-18 10:54:28,138.0
0.5120,17.0150,0.71,96.9230,1.6260,2025-03-18 10:54:28,138.0
0.55,16.93,0.6020,96.9380,1.8260,2025-03-18 10:54:28,138.0
0.5220,17.0150,0.6930,96.9620,1.5920,2025-03-18 10:54:28,138.0
0.5410,16.9990,0.5810,97.06,1.8560,2025-03-18 13:09:33,139.0
0.5290,17.0620,0.5710,96.8570,1.7680,2025-03-18 13:09:33,139.0
0.5360,17.0240,0.7810,96.8610,1.8840,2025-03-18 13:09:33,139.0
0.5420,17.0050,0.6410,96.9980,1.7870,2025-03-18 13:09:33,139.0
0.5350,16.9550,0.5710,96.8670,1.8080,2025-03-18 13:09:33,139.0
0.5090,17.0810,0.5740,96.9160,1.5680,2025-03-18 13:09:33,139.0
0.5360,17.0750,0.5040,96.94,1.7510,2025-03-18 13:09:33,139.0
0.5340,16.9650,0.6620,96.9550,1.7610,2025-03-18 13:09:33,139.0
0.5570,17.0590,0.5530,96.9750,1.8780,2025-03-18 13:09:33,139.0
0.5480,17.1910,0.5390,96.8060,1.7880,2025-03-18 13:09:33,139.0
0.5350,17.0310,0.71,96.92,1.8290,2025-03-18 13:09:33,139.0
0.5470,17.09,0.5810,96.8420,1.9070,2025-03-18 13:09:33,139.0
0.5320,16.9830,0.5560,96.9350,1.7360,2025-03-18 13:09:33,139.0
0.5430,16.9610,0.5950,96.9670,1.7530,2025-03-18 13:09:33,139.0
0.5370,17.0530,0.63,96.9080,1.8150,2025-03-18 13:09:33,139.0
0.5380,17.0710,0.6970,96.8050,1.7470,2025-03-18 13:09:33,139.0
0.54,17.0650,0.5880,97.0330,1.6890,2025-03-18 13:09:33,139.0
0.5330,17.0150,0.4620,96.9310,1.7760,2025-03-18 13:09:33,139.0
0.55,17.0020,0.5910,96.8920,1.8070,2025-03-18 13:09:33,139.0
0.5260,17.0430,0.6480,96.7250,1.7360,2025-03-18 13:09:33,139.0
0.5230,16.9870,0.6020,96.9820,1.6810,2025-03-18 19:49:43,140.0
0.5290,16.9650,0.63,97.0170,1.66,2025-03-18 19:49:43,140.0
0.55,16.9110,0.6580,97.0830,1.7840,2025-03-18 19:49:43,140.0
0.5520,17.0560,0.6890,97.1170,1.8790,2025-03-18 19:49:43,140.0
0.5520,16.99,0.55,96.96,1.8520,2025-03-18 19:49:43,140.0
0.53,16.9610,0.7630,96.9140,1.8120,2025-03-18 19:49:43,140.0
0.5280,16.9930,0.5390,97.0190,1.7240,2025-03-18 19:49:43,140.0
0.5610,16.9520,0.5780,97.0420,1.8860,2025-03-18 19:49:43,140.0
0.5420,17.0020,0.5710,96.9080,1.8050,2025-03-18 19:49:43,140.0
0.5280,16.9110,0.7240,97.2210,1.6550,2025-03-18 19:49:43,140.0
0.5280,16.9710,0.6330,96.9070,1.7920,2025-03-18 19:49:43,140.0
0.5410,16.9830,0.5770,96.8030,1.8650,2025-03-18 19:49:43,140.0
0.5340,16.9430,0.6680,96.8780,1.7250,2025-03-18 19:49:43,140.0
0.5260,16.8950,0.6370,96.94,1.7570,2025-03-18 19:49:43,140.0
0.5270,16.9050,0.6830,96.9920,1.6530,2025-03-18 19:49:43,140.0
0.5690,16.9520,0.6160,96.8790,1.9780,2025-03-18 19:49:43,140.0
0.5370,17.1060,0.6020,97.0820,1.6940,2025-03-18 19:49:43,140.0
0.5360,16.9930,0.4380,96.8160,1.9230,2025-03-18 19:49:43,140.0
0.5320,16.8920,0.76,96.9240,1.7920,2025-03-18 19:49:43,140.0
0.5270,16.9770,0.6650,96.99,1.6660,2025-03-18 19:49:43,140.0
0.5480,17.0590,0.4580,96.96,1.7760,2025-03-18 21:19:46,141.0
0.5410,17.1030,0.6270,97.0070,1.7770,2025-03-18 21:19:46,141.0
0.5480,17.10,0.7530,96.9430,1.8440,2025-03-18 21:19:46,141.0
0.5440,17.0370,0.4860,97.03,1.8640,2025-03-18 21:19:46,141.0
0.5460,17.0930,0.5460,96.9620,1.6880,2025-03-18 21:19:46,141.0
0.5230,16.99,0.4550,96.9560,1.7380,2025-03-18 21:19:46,141.0
0.5380,16.9870,0.5080,96.9270,1.7540,2025-03-18 21:19:46,141.0
0.5420,17.0050,0.5530,96.70,1.7060,2025-03-18 21:19:46,141.0
0.5320,16.9710,0.6270,96.95,1.7840,2025-03-18 21:19:46,141.0
0.5490,17.0310,0.8010,97.0650,1.8050,2025-03-18 21:19:46,141.0
0.5450,17.0240,0.6440,96.8860,1.7630,2025-03-18 21:19:46,141.0
0.54,17.0750,0.5420,96.8650,1.6710,2025-03-18 21:19:46,141.0
0.5470,17.0240,0.5150,96.9080,1.8340,2025-03-18 21:19:46,141.0
0.5430,17.0430,0.6270,96.7850,1.7320,2025-03-18 21:19:46,141.0
0.5230,16.98,0.4440,96.9220,1.6660,2025-03-18 21:19:46,141.0
0.5360,17.0050,0.5460,96.9480,1.7410,2025-03-18 21:19:46,141.0
0.5340,17.0150,0.5530,97.0280,1.75,2025-03-18 21:19:46,141.0
0.54,17.0120,0.5670,96.9470,1.8280,2025-03-18 21:19:46,141.0
0.5410,17.0310,0.5530,96.8660,1.7050,2025-03-18 21:19:46,141.0
0.5490,17.0710,0.5430,96.85,1.8250,2025-03-18 21:19:46,141.0
0.5150,17.0050,0.6860,97.0250,1.6150,2025-03-19 13:11:44,142.0
0.5490,17.0840,0.5430,96.90,1.82,2025-03-19 13:11:44,142.0
0.5250,16.9960,0.5420,96.9930,1.6570,2025-03-19 13:11:44,142.0
0.5390,17.0310,0.7210,96.9640,1.8520,2025-03-19 13:11:44,142.0
0.5320,16.9110,0.5880,96.9550,1.8230,2025-03-19 13:11:44,142.0
0.5340,16.9870,0.6160,97.0850,1.7990,2025-03-19 13:11:44,142.0
0.5510,17.1440,0.7210,96.9380,1.8390,2025-03-19 13:11:44,142.0
0.5410,16.9930,0.6480,96.9470,1.8090,2025-03-19 13:11:44,142.0
0.5320,16.9960,0.7670,96.9870,1.7440,2025-03-19 13:11:44,142.0
0.5370,17.0430,0.70,96.9930,1.8310,2025-03-19 13:11:44,142.0
0.5470,16.9460,0.6480,97.0040,1.8250,2025-03-19 13:11:44,142.0
0.5330,16.9680,0.5180,97.0310,1.6980,2025-03-19 13:11:44,142.0
0.5390,16.9610,0.7450,96.94,1.8750,2025-03-19 13:11:44,142.0
0.5450,17.0490,0.7910,96.8820,1.8830,2025-03-19 13:11:44,142.0
0.5310,17.0560,0.5670,96.9280,1.8830,2025-03-19 13:11:44,142.0
0.5460,17.1220,0.5530,97.0190,1.8060,2025-03-19 13:11:44,142.0
0.5270,16.9960,0.5950,97.0020,1.7830,2025-03-19 13:11:44,142.0
0.5190,16.9610,0.6020,96.9780,1.6720,2025-03-19 13:11:44,142.0
0.5130,16.9680,0.6620,97.0490,1.6350,2025-03-19 13:11:44,142.0
0.5520,17.0780,0.6330,96.9150,1.8230,2025-03-19 13:11:44,142.0
0.5570,17.1150,0.70,96.9440,1.8190,2025-03-19 19:41:55,143.0
0.5460,17.1250,0.3890,96.7970,1.8040,2025-03-19 19:41:55,143.0
0.5230,17.1530,0.6480,96.9610,1.6430,2025-03-19 19:41:55,143.0
0.5050,17.0120,0.3850,96.8390,1.5320,2025-03-19 19:41:55,143.0
0.5210,17.1120,0.5430,96.9930,1.6810,2025-03-19 19:41:55,143.0
0.5310,17.1220,0.5880,96.98,1.8230,2025-03-19 19:41:55,143.0
0.5380,17.1780,0.6090,96.8690,1.7060,2025-03-19 19:41:55,143.0
0.5270,17.2030,0.5350,96.8480,1.8230,2025-03-19 19:41:55,143.0
0.5450,17.1030,0.6370,96.9550,1.8150,2025-03-19 19:41:55,143.0
0.5530,17.2250,0.56,96.8290,1.8410,2025-03-19 19:41:55,143.0
0.5420,17.0460,0.4580,97.0730,1.8190,2025-03-19 19:41:55,143.0
0.5280,17.0810,0.7520,96.98,1.7330,2025-03-19 19:41:55,143.0
0.5480,17.1590,0.76,96.9610,1.8730,2025-03-19 19:41:55,143.0
0.5240,17.1660,0.5780,96.9840,1.6740,2025-03-19 19:41:55,143.0
0.5370,17.1810,0.5460,96.9720,1.7570,2025-03-19 19:41:55,143.0
0.4970,17.25,0.4130,97.0260,1.5440,2025-03-19 19:41:55,143.0
0.5380,17.2190,0.5770,96.9230,1.6620,2025-03-19 19:41:55,143.0
0.55,16.9740,0.6540,97.1770,1.8990,2025-03-19 19:41:55,143.0
0.5390,17.1370,0.6230,96.92,1.7340,2025-03-19 19:41:55,143.0
0.5360,17.1660,0.7040,96.9020,1.7620,2025-03-19 19:41:55,143.0
0.5710,17.1590,0.7560,97.0170,1.9460,2025-03-19 21:21:58,144.0
0.5210,17.04,0.7940,96.9120,1.7410,2025-03-19 21:21:58,144.0
0.55,17.1090,0.6610,96.9360,1.9070,2025-03-19 21:21:58,144.0
0.5270,17.1060,0.5880,96.9510,1.7640,2025-03-19 21:21:58,144.0
0.53,16.9680,0.5880,97.0960,1.8850,2025-03-19 21:21:58,144.0
0.5570,16.9960,0.70,96.7310,1.9120,2025-03-19 21:21:58,144.0
0.5260,16.9430,0.3740,96.90,1.7970,2025-03-19 21:21:58,144.0
0.5560,17.0710,0.7140,96.93,1.9040,2025-03-19 21:21:58,144.0
0.56,17.0590,0.6370,97.0170,1.8730,2025-03-19 21:21:58,144.0
0.5550,17.0750,0.6830,96.8660,1.9460,2025-03-19 21:21:58,144.0
0.56,17.0750,0.8960,96.9120,1.8950,2025-03-19 21:21:58,144.0
0.5620,17.1560,0.6830,97.0090,1.8710,2025-03-19 21:21:58,144.0
0.5640,17.1370,0.7880,96.9890,1.8840,2025-03-19 21:21:58,144.0
0.5030,17.0210,0.4760,96.8370,1.5980,2025-03-19 21:21:58,144.0
0.5670,17.1280,0.63,96.9810,1.9470,2025-03-19 21:21:58,144.0
0.5440,17.0150,0.6930,96.9860,1.8510,2025-03-19 21:21:58,144.0
0.56,17.0680,0.5250,96.7930,1.8240,2025-03-19 21:21:58,144.0
0.5420,17.0840,0.64,96.9240,1.8510,2025-03-19 21:21:58,144.0
0.5690,17.1780,0.71,97.0240,1.9220,2025-03-19 21:21:58,144.0
0.5380,16.9870,0.6060,96.9810,1.8080,2025-03-19 21:21:58,144.0
0.5360,17.0590,0.6860,96.9320,1.8030,2025-03-20 11:24:53,145.0
0.5310,17.1150,0.7140,96.9810,1.7340,2025-03-20 11:24:53,145.0
0.52,16.9830,0.7520,96.9240,1.6680,2025-03-20 11:24:53,145.0
0.5490,17.1150,0.3920,97.0330,1.7710,2025-03-20 11:24:53,145.0
0.5230,17.0340,0.5110,96.8980,1.7020,2025-03-20 11:24:53,145.0
0.5430,17.0650,0.8120,96.8910,1.7860,2025-03-20 11:24:53,145.0
0.5320,16.9930,0.5810,96.9890,1.7120,2025-03-20 11:24:53,145.0
0.5420,17.0810,0.77,96.7690,1.8010,2025-03-20 11:24:53,145.0
0.5480,16.9930,0.5360,96.95,1.8050,2025-03-20 11:24:53,145.0
0.5290,16.9430,0.6160,97.1210,1.6660,2025-03-20 11:24:53,145.0
0.52,17.1470,0.6680,96.8830,1.6980,2025-03-20 11:24:53,145.0
0.5140,17.0340,0.3430,96.9820,1.5690,2025-03-20 11:24:53,145.0
0.5140,16.9830,0.5980,96.9420,1.6370,2025-03-20 11:24:53,145.0
0.5370,17.0120,0.9340,96.6290,1.8130,2025-03-20 11:24:53,145.0
0.5490,17.1310,0.6020,96.7930,1.9220,2025-03-20 11:24:53,145.0
0.5610,17.0020,0.7070,96.9720,1.9410,2025-03-20 11:24:53,145.0
0.5370,17.0620,0.6650,96.9330,1.8840,2025-03-20 11:24:53,145.0
0.5360,17.0650,0.6020,96.8260,1.76,2025-03-20 11:24:53,145.0
0.5190,16.9080,0.6680,96.87,1.8210,2025-03-20 11:24:53,145.0
0.5360,17.0120,0.7310,97.0940,1.8110,2025-03-20 11:24:53,145.0
0.5430,16.9460,0.56,96.9920,1.9550,2025-03-20 13:04:57,146.0
0.5480,16.9580,0.6190,97.1460,1.9060,2025-03-20 13:04:57,146.0
0.5430,16.9330,0.6790,96.9210,1.9280,2025-03-20 13:04:57,146.0
0.5430,16.88,0.7040,96.9340,1.8260,2025-03-20 13:04:57,146.0
0.5250,16.8550,0.6650,96.9960,1.6810,2025-03-20 13:04:57,146.0
0.5490,16.9580,0.7870,97.04,1.6890,2025-03-20 13:04:57,146.0
0.5250,16.8670,0.5880,97.0710,1.8140,2025-03-20 13:04:57,146.0
0.5650,17.0090,0.7630,96.9360,1.8990,2025-03-20 13:04:57,146.0
0.5470,16.83,0.7280,97.0680,1.8610,2025-03-20 13:04:57,146.0
0.5560,16.9140,0.7390,96.96,1.9540,2025-03-20 13:04:57,146.0
0.5330,16.8110,0.5950,97.14,1.9630,2025-03-20 13:04:57,146.0
0.5330,16.9330,0.7240,97.0080,1.6930,2025-03-20 13:04:57,146.0
0.5280,16.9550,0.6510,96.9060,1.6440,2025-03-20 13:04:57,146.0
0.5370,16.88,0.6370,96.8990,1.8180,2025-03-20 13:04:57,146.0
0.5410,16.8510,0.5710,97.0040,1.7090,2025-03-20 13:04:57,146.0
0.5440,16.88,0.7180,97.0610,1.9830,2025-03-20 13:04:57,146.0
0.5450,16.9610,0.7110,97.0430,1.9130,2025-03-20 13:04:57,146.0
0.5670,16.9360,0.6790,96.8950,1.9190,2025-03-20 13:04:57,146.0
0.5160,16.9110,0.6620,96.96,1.6430,2025-03-20 13:04:57,146.0
0.5470,16.9490,0.6130,96.9970,1.7660,2025-03-20 13:04:57,146.0
0.5460,17.0680,0.5290,96.8570,1.7390,2025-03-20 19:40:11,147.0
0.5350,17.0460,0.5950,96.9730,1.7450,2025-03-20 19:40:11,147.0
0.5360,17.0620,0.7240,96.9790,1.9460,2025-03-20 19:40:11,147.0
0.5470,17.0020,0.5250,96.8740,1.9290,2025-03-20 19:40:11,147.0
0.5310,17.04,0.4240,96.9520,1.7460,2025-03-20 19:40:11,147.0
0.5240,17.0270,0.4060,96.8540,1.7130,2025-03-20 19:40:11,147.0
0.5270,16.8610,0.7280,96.8850,1.7790,2025-03-20 19:40:11,147.0
0.5250,16.9650,0.5320,97.0120,1.7640,2025-03-20 19:40:11,147.0
0.5490,17.1090,0.3640,96.8670,1.8420,2025-03-20 19:40:11,147.0
0.5720,17.0490,0.3990,96.8660,1.9940,2025-03-20 19:40:11,147.0
0.5360,17.0020,0.6790,96.7930,1.7350,2025-03-20 19:40:11,147.0
0.5240,16.9520,0.5560,96.8690,1.82,2025-03-20 19:40:11,147.0
0.55,17.0560,0.3670,96.9140,1.8120,2025-03-20 19:40:11,147.0
0.5550,17.0870,0.6930,96.9890,1.8560,2025-03-20 19:40:11,147.0
0.53,17.0090,0.3680,96.9940,1.7380,2025-03-20 19:40:11,147.0
0.5270,17.0180,0.3880,97.0670,1.7050,2025-03-20 19:40:11,147.0
0.5480,16.9830,0.6860,96.9170,1.8240,2025-03-20 19:40:11,147.0
0.5280,16.9550,0.3880,96.9350,1.6870,2025-03-20 19:40:11,147.0
0.5230,16.9610,0.5530,96.9690,1.7550,2025-03-20 19:40:11,147.0
0.5460,17.0810,0.5040,97.1080,1.7970,2025-03-20 19:40:11,147.0
0.5460,17.1030,0.5010,96.9050,1.7920,2025-03-20 21:25:14,148.0
0.5310,16.9170,0.5770,96.8350,1.7240,2025-03-20 21:25:14,148.0
0.5180,17.0050,0.7210,97.5610,1.6240,2025-03-20 21:25:14,148.0
0.5420,17.0780,0.6090,96.86,1.80,2025-03-20 21:25:14,148.0
0.5360,17.1060,0.70,96.8110,1.7360,2025-03-20 21:25:14,148.0
0.5380,17.0650,0.4790,97.0640,1.7160,2025-03-20 21:25:14,148.0
0.5110,17.0840,0.5250,96.9570,1.6230,2025-03-20 21:25:14,148.0
0.52,17.0210,0.7390,96.9160,1.6920,2025-03-20 21:25:14,148.0
0.5130,17.1030,0.6930,96.9690,1.7220,2025-03-20 21:25:14,148.0
0.5250,16.9050,0.6760,96.8340,1.71,2025-03-20 21:25:14,148.0
0.5250,17.0050,0.4580,96.9350,1.8390,2025-03-20 21:25:14,148.0
0.5420,17.1090,0.6830,96.7950,1.7360,2025-03-20 21:25:14,148.0
0.5460,17.0930,0.5910,96.9710,1.7350,2025-03-20 21:25:14,148.0
0.5410,17.0680,0.7420,96.9930,1.7030,2025-03-20 21:25:14,148.0
0.5470,17.0560,0.5630,96.8410,1.7950,2025-03-20 21:25:14,148.0
0.55,16.9930,0.7040,96.7840,1.8020,2025-03-20 21:25:14,148.0
0.54,16.8990,0.3920,97.1210,1.8330,2025-03-20 21:25:14,148.0
0.5440,17.0560,0.4790,96.8470,1.71,2025-03-20 21:25:14,148.0
0.5630,17.1470,0.7730,96.9370,1.71,2025-03-20 21:25:14,148.0
0.5360,17.0180,0.3570,96.7980,1.83,2025-03-20 21:25:14,148.0
0.5370,17.1220,0.4440,96.9080,1.8240,2025-03-21 13:06:24,149.0
0.54,16.9520,0.7390,97.0510,1.7620,2025-03-21 13:06:24,149.0
0.52,16.9680,0.70,96.8360,1.7080,2025-03-21 13:06:24,149.0
0.51,16.9680,0.5640,97.1450,1.5920,2025-03-21 13:06:24,149.0
0.5350,16.9550,0.6020,96.8580,1.7610,2025-03-21 13:06:24,149.0
0.5390,17.0270,0.5180,96.8550,1.8120,2025-03-21 13:06:24,149.0
0.5410,17.0120,0.6090,96.9230,1.7740,2025-03-21 13:06:24,149.0
0.5080,17.0120,0.4690,96.92,1.7720,2025-03-21 13:06:24,149.0
0.54,17.0120,0.6580,97.0040,1.77,2025-03-21 13:06:24,149.0
0.5590,17.0560,0.5040,97.1080,1.7810,2025-03-21 13:06:24,149.0
0.5490,16.9650,0.7280,96.9870,1.8490,2025-03-21 13:06:24,149.0
0.5690,17.0090,0.5980,96.8420,1.8650,2025-03-21 13:06:24,149.0
0.5570,16.9610,0.6120,96.9540,1.8560,2025-03-21 13:06:24,149.0
0.5430,17.0680,0.6620,96.98,1.7120,2025-03-21 13:06:24,149.0
0.5360,17.0050,0.5530,97,1.7490,2025-03-21 13:06:24,149.0
0.5310,17.0870,0.7840,96.8760,1.69,2025-03-21 13:06:24,149.0
0.5380,17.0460,0.63,96.8970,1.7790,2025-03-21 13:06:24,149.0
0.55,16.9930,0.4970,96.8570,1.85,2025-03-21 13:06:24,149.0
0.5380,16.9650,0.8080,96.9480,1.8130,2025-03-21 13:06:24,149.0
0.5580,17.0650,0.6120,96.9920,1.7580,2025-03-21 13:06:24,149.0
0.5290,16.98,0.6720,96.8290,1.8090,2025-03-21 18:51:27,150.0
0.5610,17.0650,0.6760,96.9610,1.9050,2025-03-21 18:51:27,150.0
0.5230,16.9580,0.3610,97.0910,1.8460,2025-03-21 18:51:27,150.0
0.5420,17.0810,0.5150,97.0120,1.8410,2025-03-21 18:51:27,150.0
0.5360,17.0210,0.6270,97.0860,1.7820,2025-03-21 18:51:27,150.0
0.5430,17.0240,0.8010,96.9420,1.8130,2025-03-21 18:51:27,150.0
0.5380,17.0620,0.5390,96.9030,1.7830,2025-03-21 18:51:27,150.0
0.5470,17.1310,0.6790,96.9120,1.7740,2025-03-21 18:51:27,150.0
0.5370,17.0560,0.4620,97.0040,1.6550,2025-03-21 18:51:27,150.0
0.5470,16.9650,0.6340,96.9840,1.79,2025-03-21 18:51:27,150.0
0.5550,17.0840,0.6860,96.7850,1.8430,2025-03-21 18:51:27,150.0
0.4970,16.9650,0.6120,96.8480,1.6810,2025-03-21 18:51:27,150.0
0.5240,17.0870,0.4720,96.8450,1.6870,2025-03-21 18:51:27,150.0
0.5110,16.9580,0.7140,96.8670,1.6670,2025-03-21 18:51:27,150.0
0.5280,16.9960,0.8190,96.8610,1.7470,2025-03-21 18:51:27,150.0
0.5480,17.0680,0.6270,96.9110,1.8880,2025-03-21 18:51:27,150.0
0.5220,16.98,0.49,96.9870,1.7250,2025-03-21 18:51:27,150.0
0.5350,16.99,0.5290,96.9230,1.8040,2025-03-21 18:51:27,150.0
0.5060,17.0620,0.5320,96.8150,1.7160,2025-03-21 18:51:27,150.0
0.52,16.9870,0.5390,96.9490,1.63,2025-03-21 18:51:27,150.0
0.5250,17.0180,0.4620,96.9740,1.7290,2025-03-21 21:06:31,151.0
0.5440,16.99,0.49,96.9820,1.7440,2025-03-21 21:06:31,151.0
0.55,16.98,0.5670,96.9060,1.8630,2025-03-21 21:06:31,151.0
0.5130,16.9960,0.4690,96.9340,1.6290,2025-03-21 21:06:31,151.0
0.5260,17.0590,0.4760,97.0750,1.84,2025-03-21 21:06:31,151.0
0.5340,16.9490,0.71,96.9890,1.7310,2025-03-21 21:06:31,151.0
0.5430,17.0650,0.3890,96.9770,1.79,2025-03-21 21:06:31,151.0
0.5110,16.9680,0.6330,96.9170,1.6330,2025-03-21 21:06:31,151.0
0.5090,16.9990,0.5220,97.0850,1.6280,2025-03-21 21:06:31,151.0
0.5340,16.98,0.3750,96.9850,1.6940,2025-03-21 21:06:31,151.0
0.5310,17.0270,0.5530,96.96,1.6790,2025-03-21 21:06:31,151.0
0.5480,17.0930,0.6720,96.8930,1.7820,2025-03-21 21:06:31,151.0
0.5360,16.9520,0.2550,96.8720,1.7980,2025-03-21 21:06:31,151.0
0.5380,17.0460,0.8010,96.9360,1.9420,2025-03-21 21:06:31,151.0
0.5190,17.0620,0.3670,96.93,1.6950,2025-03-21 21:06:31,151.0
0.5490,17.0590,0.50,96.7910,1.8120,2025-03-21 21:06:31,151.0
0.5260,17.0090,0.4940,96.8080,1.6610,2025-03-21 21:06:31,151.0
0.5060,16.9580,0.55,96.97,1.6010,2025-03-21 21:06:31,151.0
0.5450,16.9960,0.7110,96.9270,1.7570,2025-03-21 21:06:31,151.0
0.5510,16.99,0.6610,96.8350,1.7960,2025-03-21 21:06:31,151.0
0.5230,17.0270,0.6160,96.9670,1.7270,2025-03-24 12:38:37,152.0
0.5420,17.0430,0.3570,97.0240,1.9060,2025-03-24 12:38:37,152.0
0.5530,17.04,0.6480,96.9510,1.84,2025-03-24 12:38:37,152.0
0.5290,16.9990,0.5150,96.9060,1.6750,2025-03-24 12:38:37,152.0
0.5370,17.10,0.55,97.2240,1.9410,2025-03-24 12:38:37,152.0
0.5110,17.0680,0.7560,96.9060,1.6730,2025-03-24 12:38:37,152.0
0.5310,17.0310,0.6020,96.9970,1.8470,2025-03-24 12:38:37,152.0
0.4990,16.8770,0.56,96.9480,1.6370,2025-03-24 12:38:37,152.0
0.5260,17.0310,0.6120,96.9660,1.7160,2025-03-24 12:38:37,152.0
0.5540,17.10,0.7450,97.1360,1.8670,2025-03-24 12:38:37,152.0
0.5620,17.04,0.6190,97.0940,1.8010,2025-03-24 12:38:37,152.0
0.4980,16.9930,0.5110,96.9920,1.58,2025-03-24 12:38:37,152.0
0.53,16.98,0.4130,96.8330,1.6970,2025-03-24 12:38:37,152.0
0.5510,17.0750,0.5740,96.99,1.7820,2025-03-24 12:38:37,152.0
0.5270,17.0870,0.5110,96.9520,1.7580,2025-03-24 12:38:37,152.0
0.5490,17.0310,0.6410,96.9560,1.7910,2025-03-24 12:38:37,152.0
0.5260,17.0340,0.7910,96.90,1.6570,2025-03-24 12:38:37,152.0
0.5340,17.0310,0.5950,96.8770,1.8610,2025-03-24 12:38:37,152.0
0.52,16.98,0.7070,96.95,1.6590,2025-03-24 12:38:37,152.0
0.5090,16.9650,0.6510,97.0090,1.5890,2025-03-24 12:38:37,152.0
0.5510,17.0530,0.4760,96.8570,1.8230,2025-03-24 13:03:40,153.0
0.5380,17.0810,0.62,96.8190,1.7490,2025-03-24 13:03:40,153.0
0.5640,17.1560,0.6020,96.9080,1.9510,2025-03-24 13:03:40,153.0
0.5570,17.1410,0.6410,96.7980,1.8560,2025-03-24 13:03:40,153.0
0.5310,16.9110,0.6750,96.95,1.6820,2025-03-24 13:03:40,153.0
0.5440,17.0750,0.5320,96.9670,1.8070,2025-03-24 13:03:40,153.0
0.5560,17.1280,0.5070,97.0420,1.9280,2025-03-24 13:03:40,153.0
0.5590,17.0310,0.5210,96.9610,1.9770,2025-03-24 13:03:40,153.0
0.53,16.9710,0.3330,96.9690,1.8850,2025-03-24 13:03:40,153.0
0.5310,17.1030,0.6930,97.0530,1.69,2025-03-24 13:03:40,153.0
0.5290,17.0270,0.55,96.8710,1.7530,2025-03-24 13:03:40,153.0
0.5070,16.9610,0.9070,96.9410,1.65,2025-03-24 13:03:40,153.0
0.51,16.8550,0.5530,96.9140,1.6440,2025-03-24 13:03:40,153.0
0.5510,17.0240,0.5850,97.0140,1.8290,2025-03-24 13:03:40,153.0
0.5340,17.0530,0.6620,96.8560,1.7020,2025-03-24 13:03:40,153.0
0.5380,17.0620,0.5150,96.9730,1.6930,2025-03-24 13:03:40,153.0
0.5410,17.0530,0.6340,97.0730,1.7760,2025-03-24 13:03:40,153.0
0.5370,17.0810,0.7490,96.8330,1.6870,2025-03-24 13:03:40,153.0
0.5240,17.0490,0.5150,96.8280,1.6990,2025-03-24 13:03:40,153.0
0.5140,16.9460,0.8440,96.9910,1.7210,2025-03-24 13:03:40,153.0
0.5350,16.9740,0.5630,96.9180,1.7660,2025-03-24 19:13:48,154.0
0.5120,16.9680,0.4170,96.9460,1.6790,2025-03-24 19:13:48,154.0
0.5390,17.0490,0.5460,97.0930,1.7620,2025-03-24 19:13:48,154.0
0.5310,16.9740,0.5350,96.9270,1.7440,2025-03-24 19:13:48,154.0
0.5260,17.0240,0.5990,96.9350,1.6880,2025-03-24 19:13:48,154.0
0.5460,17.0340,0.6060,96.8810,1.8980,2025-03-24 19:13:48,154.0
0.5310,16.9870,0.4270,96.9290,1.7510,2025-03-24 19:13:48,154.0
0.5270,16.9610,0.5880,96.9830,1.6780,2025-03-24 19:13:48,154.0
0.5280,16.9680,0.6510,96.9110,1.8830,2025-03-24 19:13:48,154.0
0.5210,16.93,0.5420,96.9450,1.7770,2025-03-24 19:13:48,154.0
0.5290,16.9490,0.6060,97.0970,1.6730,2025-03-24 19:13:48,154.0
0.5080,16.9580,0.4860,97.0220,1.6580,2025-03-24 19:13:48,154.0
0.5530,17.0430,0.5840,96.9490,1.8390,2025-03-24 19:13:48,154.0
0.5290,17.0180,0.6060,96.8820,1.6390,2025-03-24 19:13:48,154.0
0.5150,17.0120,0.4690,97.0470,1.7020,2025-03-24 19:13:48,154.0
0.5250,16.9520,0.6650,97.1370,1.7270,2025-03-24 19:13:48,154.0
0.5170,16.9740,0.5740,96.8520,1.6630,2025-03-24 19:13:48,154.0
0.5460,17.0840,0.5390,97.0090,1.7430,2025-03-24 19:13:48,154.0
0.5270,16.99,0.6860,97.0730,1.7430,2025-03-24 19:13:48,154.0
0.5540,17.10,0.6480,97.0170,1.8530,2025-03-24 19:13:48,154.0
0.5350,17.0970,0.3750,96.9210,1.8210,2025-03-24 21:18:52,155.0
0.5260,17.0620,0.3640,96.8560,1.6620,2025-03-24 21:18:52,155.0
0.5340,17.0150,0.4440,97.0230,1.7550,2025-03-24 21:18:52,155.0
0.5420,16.9990,0.5840,96.8610,1.8620,2025-03-24 21:18:52,155.0
0.5460,17.0560,0.70,97.0890,1.7990,2025-03-24 21:18:52,155.0
0.53,16.9960,0.7140,96.9260,1.7290,2025-03-24 21:18:52,155.0
0.5180,17.1030,0.8010,96.8560,1.70,2025-03-24 21:18:52,155.0
0.5490,16.9740,0.6580,96.9380,1.7360,2025-03-24 21:18:52,155.0
0.5220,16.9830,0.5150,97.0280,1.7150,2025-03-24 21:18:52,155.0
0.5280,17.1030,0.5950,96.9060,1.6990,2025-03-24 21:18:52,155.0
0.53,16.9610,0.5110,97.0890,1.6340,2025-03-24 21:18:52,155.0
0.5520,17.0310,0.6190,96.9140,1.8340,2025-03-24 21:18:52,155.0
0.5420,17.09,0.5810,96.8410,1.8050,2025-03-24 21:18:52,155.0
0.5210,16.9580,0.6230,96.9650,1.6780,2025-03-24 21:18:52,155.0
0.5170,17.0090,0.4760,96.9230,1.6220,2025-03-24 21:18:52,155.0
0.5340,16.9650,0.8160,96.9480,1.71,2025-03-24 21:18:52,155.0
0.5090,17.0120,0.76,96.8860,1.6350,2025-03-24 21:18:52,155.0
0.54,17.1470,0.5040,96.9140,1.7390,2025-03-24 21:18:52,155.0
0.52,17.0810,0.71,97.0130,1.6980,2025-03-24 21:18:52,155.0
0.5320,17.0870,0.7040,96.7790,1.7430,2025-03-24 21:18:52,155.0
0.5480,17.1030,0.5850,97.0520,1.8020,2025-03-25 11:19:27,156.0
0.5350,17.04,0.4620,97.0270,1.66,2025-03-25 11:19:27,156.0
0.5640,17.1690,0.5810,96.90,1.9470,2025-03-25 11:19:27,156.0
0.5470,17.1060,0.5290,96.9560,1.8310,2025-03-25 11:19:27,156.0
0.5290,17.0680,0.6190,96.9920,1.6940,2025-03-25 11:19:27,156.0
0.5640,17.1530,0.5990,96.9440,1.9390,2025-03-25 11:19:27,156.0
0.5520,17.1120,0.5010,96.97,1.7250,2025-03-25 11:19:27,156.0
0.5190,17.04,0.4760,96.8990,1.7180,2025-03-25 11:19:27,156.0
0.52,17.09,0.5670,96.9150,1.7090,2025-03-25 11:19:27,156.0
0.5410,17.0620,0.6620,97.0460,1.7310,2025-03-25 11:19:27,156.0
0.5240,17.0490,0.3290,96.9620,1.7850,2025-03-25 11:19:27,156.0
0.5260,17.0120,0.6790,97,1.7580,2025-03-25 11:19:27,156.0
0.58,17.0870,0.6510,96.9950,1.9750,2025-03-25 11:19:27,156.0
0.52,17.0560,0.5460,97.0790,1.6360,2025-03-25 11:19:27,156.0
0.5180,16.8990,0.6830,97.1210,1.7240,2025-03-25 11:19:27,156.0
0.5030,16.9610,0.6510,97.0190,1.7220,2025-03-25 11:19:27,156.0
0.5380,17.10,0.4620,97.0150,1.6820,2025-03-25 11:19:27,156.0
0.5390,17.10,0.5320,96.9340,1.7790,2025-03-25 11:19:27,156.0
0.5450,17.0340,0.5460,96.9330,1.85,2025-03-25 11:19:27,156.0
0.5260,17.1340,0.4440,96.8880,1.5680,2025-03-25 11:19:27,156.0
0.5520,17.0180,0.7450,96.8060,1.9120,2025-03-25 13:04:30,157.0
0.5520,17.0050,0.5360,96.9840,1.8190,2025-03-25 13:04:30,157.0
0.5260,17.0490,0.6020,96.8930,1.7080,2025-03-25 13:04:30,157.0
0.5180,17.0050,0.50,97.0880,1.70,2025-03-25 13:04:30,157.0
0.5210,17.0240,0.5110,96.9130,1.6860,2025-03-25 13:04:30,157.0
0.5080,16.98,0.3810,96.9120,1.5430,2025-03-25 13:04:30,157.0
0.5130,17.0240,0.6890,96.9690,1.7120,2025-03-25 13:04:30,157.0
0.5430,17.1030,0.6330,96.9830,1.80,2025-03-25 13:04:30,157.0
0.5370,17.04,0.5150,96.9940,1.7520,2025-03-25 13:04:30,157.0
0.5450,17.1370,0.56,96.9750,1.9390,2025-03-25 13:04:30,157.0
0.5490,17.0930,0.7950,96.9230,1.8890,2025-03-25 13:04:30,157.0
0.5360,17.0590,0.5320,96.8070,1.66,2025-03-25 13:04:30,157.0
0.5330,17.1590,0.6860,96.8170,1.7710,2025-03-25 13:04:30,157.0
0.5110,16.9210,0.5460,96.9780,1.61,2025-03-25 13:04:30,157.0
0.5330,17.0490,0.6580,96.8610,1.7810,2025-03-25 13:04:30,157.0
0.53,17.0750,0.6370,96.75,1.6880,2025-03-25 13:04:30,157.0
0.5110,16.9490,0.7170,97.0480,1.68,2025-03-25 13:04:30,157.0
0.5310,17.0240,0.5180,96.9160,1.81,2025-03-25 13:04:30,157.0
0.5060,16.8860,0.7180,96.8860,1.6820,2025-03-25 13:04:30,157.0
0.5530,17.0590,0.3710,96.9110,1.85,2025-03-25 13:04:30,157.0
0.51,16.9270,0.6440,96.9490,1.7430,2025-03-25 19:34:38,158.0
0.5510,17.0310,0.4480,96.9610,1.8440,2025-03-25 19:34:38,158.0
0.5420,17.0870,0.4940,97.0310,1.7430,2025-03-25 19:34:38,158.0
0.53,17.0120,0.3950,96.9410,1.7390,2025-03-25 19:34:38,158.0
0.5220,17.0020,0.6720,97.1280,1.7170,2025-03-25 19:34:38,158.0
0.5350,16.8860,0.4380,97.0240,1.7190,2025-03-25 19:34:38,158.0
0.5270,17.0210,0.49,96.8480,1.7730,2025-03-25 19:34:38,158.0
0.5280,16.9390,0.5670,96.9240,1.7090,2025-03-25 19:34:38,158.0
0.5410,16.9240,0.2840,96.8420,1.8250,2025-03-25 19:34:38,158.0
0.5370,17.0090,0.5220,97.0830,1.7860,2025-03-25 19:34:38,158.0
0.5280,16.9680,0.6580,96.9030,1.7150,2025-03-25 19:34:38,158.0
0.5340,17.0020,0.4520,96.9920,1.7040,2025-03-25 19:34:38,158.0
0.54,17.09,0.4940,96.9060,1.7090,2025-03-25 19:34:38,158.0
0.5280,17.0620,0.7040,97.0210,1.7040,2025-03-25 19:34:38,158.0
0.5150,16.8950,0.3680,96.9420,1.6930,2025-03-25 19:34:38,158.0
0.5360,17.0240,0.6540,96.9470,1.6390,2025-03-25 19:34:38,158.0
0.5260,17.0120,0.6580,96.7950,1.7140,2025-03-25 19:34:38,158.0
0.5170,16.9390,0.4130,96.8560,1.6360,2025-03-25 19:34:38,158.0
0.5260,17.0120,0.5460,96.8660,1.8270,2025-03-25 19:34:38,158.0
0.5340,17.0180,0.4060,96.8690,1.7680,2025-03-25 19:34:38,158.0
0.5440,17.0680,0.3710,97.0160,1.8610,2025-03-25 21:29:41,159.0
0.5020,16.9930,0.35,96.9620,1.6090,2025-03-25 21:29:41,159.0
0.5570,16.99,0.4760,96.9370,1.9660,2025-03-25 21:29:41,159.0
0.5390,16.9870,0.6060,96.8390,1.8170,2025-03-25 21:29:41,159.0
0.5240,16.9830,0.4060,96.9270,1.7420,2025-03-25 21:29:41,159.0
0.5370,17.0810,0.7350,96.79,1.78,2025-03-25 21:29:41,159.0
0.5290,16.9580,0.4270,96.9470,1.7530,2025-03-25 21:29:41,159.0
0.5370,16.9080,0.6480,97.15,1.7080,2025-03-25 21:29:41,159.0
0.5310,16.9680,0.6020,96.9690,1.7430,2025-03-25 21:29:41,159.0
0.5510,17.0240,0.4760,96.9450,1.8450,2025-03-25 21:29:41,159.0
0.5350,16.9740,0.4550,96.8660,1.6790,2025-03-25 21:29:41,159.0
0.5510,16.99,0.4130,96.9890,1.7470,2025-03-25 21:29:41,159.0
0.5340,17.0430,0.6090,96.8870,1.7420,2025-03-25 21:29:41,159.0
0.5340,16.9270,0.5110,97.0980,1.7680,2025-03-25 21:29:41,159.0
0.54,16.9330,0.6750,97.1660,1.8710,2025-03-25 21:29:41,159.0
0.5320,17.0090,0.3610,96.9050,1.7480,2025-03-25 21:29:41,159.0
0.5350,16.9110,0.5810,96.7870,1.7280,2025-03-25 21:29:41,159.0
0.5320,16.99,0.5320,96.9090,1.72,2025-03-25 21:29:41,159.0
0.5490,17.0020,0.5530,97.13,1.7870,2025-03-25 21:29:41,159.0
0.5380,17.0180,0.5220,96.88,1.7530,2025-03-25 21:29:41,159.0
0.5370,17.1030,0.6550,96.9750,1.8520,2025-03-26 12:44:24,160.0
0.5490,16.9770,0.6120,96.9880,1.7450,2025-03-26 12:44:24,160.0
0.5430,17.0090,0.5040,97.0130,1.8070,2025-03-26 12:44:24,160.0
0.5240,17.0050,0.3850,96.9280,1.6640,2025-03-26 12:44:24,160.0
0.5270,16.9430,0.6720,96.9760,1.7080,2025-03-26 12:44:24,160.0
0.5570,17.1370,0.6330,97.0320,1.81,2025-03-26 12:44:24,160.0
0.5560,17.0560,0.4270,96.9560,1.8260,2025-03-26 12:44:24,160.0
0.5190,16.9270,0.4410,97.0610,1.7320,2025-03-26 12:44:24,160.0
0.5480,17.0620,0.5980,96.9620,1.8580,2025-03-26 12:44:24,160.0
0.5120,17.0150,0.5950,96.7670,1.6870,2025-03-26 12:44:24,160.0
0.5350,16.9270,0.4170,97.0180,1.7270,2025-03-26 12:44:24,160.0
0.5310,17.0780,0.5710,97.0930,1.7570,2025-03-26 12:44:24,160.0
0.52,17.0120,0.5630,96.7990,1.6180,2025-03-26 12:44:24,160.0
0.5530,17.0460,0.4480,96.77,1.9850,2025-03-26 12:44:24,160.0
0.5330,17.0680,0.5010,96.8560,1.83,2025-03-26 12:44:24,160.0
0.5520,17.1310,0.4860,96.9540,1.7860,2025-03-26 12:44:24,160.0
0.5460,17.0560,0.6760,96.7210,1.79,2025-03-26 12:44:24,160.0
0.5330,16.9770,0.4270,96.9370,1.7130,2025-03-26 12:44:24,160.0
0.5440,16.9490,0.4130,96.9530,1.8630,2025-03-26 12:44:24,160.0
0.5220,17.0590,0.56,96.9650,1.68,2025-03-26 12:44:24,160.0
0.5390,17.0650,0.6090,96.8890,1.8010,2025-03-26 13:04:27,161.0
0.5160,16.9140,0.3710,96.99,1.7080,2025-03-26 13:04:27,161.0
0.55,17.1440,0.4730,96.8590,1.6920,2025-03-26 13:04:27,161.0
0.5490,17.0560,0.5210,96.8480,1.7090,2025-03-26 13:04:27,161.0
0.5150,16.9460,0.4270,97.0640,1.6980,2025-03-26 13:04:27,161.0
0.5550,17.2130,0.5740,96.87,1.7570,2025-03-26 13:04:27,161.0
0.5240,16.9680,0.6270,96.9330,1.65,2025-03-26 13:04:27,161.0
0.55,17.0710,0.5460,96.7930,1.7660,2025-03-26 13:04:27,161.0
0.5080,16.9710,0.3780,97.0030,1.6810,2025-03-26 13:04:27,161.0
0.5540,17.0650,0.5070,96.8740,1.80,2025-03-26 13:04:27,161.0
0.5350,17.1410,0.5770,96.9390,1.7370,2025-03-26 13:04:27,161.0
0.5280,17.2030,0.3750,96.8980,1.8050,2025-03-26 13:04:27,161.0
0.5530,16.99,0.3920,96.9770,1.8240,2025-03-26 13:04:27,161.0
0.5240,16.9580,0.3080,97.0680,1.6930,2025-03-26 13:04:27,161.0
0.5420,17.1410,0.4230,96.9470,1.8410,2025-03-26 13:04:27,161.0
0.5420,16.9610,0.5640,96.9540,1.8250,2025-03-26 13:04:27,161.0
0.5380,17.2130,0.4580,96.8310,1.7270,2025-03-26 13:04:27,161.0
0.5420,17.1370,0.5180,96.73,1.8180,2025-03-26 13:04:27,161.0
0.5240,17.0020,0.3150,96.86,1.5430,2025-03-26 13:04:27,161.0
0.5290,17.1060,0.63,96.8670,1.75,2025-03-26 13:04:27,161.0
0.5250,17.1310,0.6750,96.9950,1.7280,2025-03-26 18:39:39,162.0
0.5180,16.9930,0.7180,97.0430,1.6380,2025-03-26 18:39:39,162.0
0.5440,17.2320,0.69,96.8710,1.7040,2025-03-26 18:39:39,162.0
0.54,17.1590,0.7210,96.8680,1.71,2025-03-26 18:39:39,162.0
0.5490,17.1470,0.5740,97.0640,1.7210,2025-03-26 18:39:39,162.0
0.52,17.1910,0.5040,96.9390,1.7210,2025-03-26 18:39:39,162.0
0.5320,17.0870,0.6890,96.9090,1.7740,2025-03-26 18:39:39,162.0
0.5310,17.0180,0.5350,96.9190,1.67,2025-03-26 18:39:39,162.0
0.5420,17.0590,0.7390,97.0810,1.6730,2025-03-26 18:39:39,162.0
0.5480,17.0710,0.5770,97.02,1.7540,2025-03-26 18:39:39,162.0
0.5410,17.0150,0.7210,97.0360,1.7010,2025-03-26 18:39:39,162.0
0.5340,17.0090,0.4860,96.8330,1.6270,2025-03-26 18:39:39,162.0
0.5440,17.0930,0.5390,97.1210,1.6880,2025-03-26 18:39:39,162.0
0.5260,16.98,0.5670,96.8580,1.7210,2025-03-26 18:39:39,162.0
0.5330,17.0490,0.6960,96.8240,1.7220,2025-03-26 18:39:39,162.0
0.5340,16.9740,0.5710,96.8910,1.7120,2025-03-26 18:39:39,162.0
0.5340,17.0930,0.6680,96.8680,1.8280,2025-03-26 18:39:39,162.0
0.5560,17.1590,0.49,96.8970,1.78,2025-03-26 18:39:39,162.0
0.5170,17.0680,0.7180,97.1840,1.57,2025-03-26 18:39:39,162.0
0.5290,17.1060,0.5530,97.1390,1.6310,2025-03-26 18:39:39,162.0
0.5680,17.0310,0.6680,97.0170,1.9050,2025-03-26 21:24:46,163.0
0.55,16.9770,0.6970,97.2920,1.8850,2025-03-26 21:24:46,163.0
0.5470,16.9270,0.7770,96.8450,1.8740,2025-03-26 21:24:46,163.0
0.5250,17.0460,0.63,96.9630,1.7360,2025-03-26 21:24:46,163.0
0.5180,16.8920,0.7870,97.0170,1.6950,2025-03-26 21:24:46,163.0
0.5540,16.9110,0.7490,96.9440,1.8060,2025-03-26 21:24:46,163.0
0.5440,16.9770,0.6160,96.9430,1.8310,2025-03-26 21:24:46,163.0
0.5390,17.1090,0.5880,96.9680,1.7210,2025-03-26 21:24:46,163.0
0.5250,16.9170,0.6050,96.9750,1.6390,2025-03-26 21:24:46,163.0
0.5510,16.9550,0.6720,97.0980,1.94,2025-03-26 21:24:46,163.0
0.53,16.9770,0.6230,96.92,1.7030,2025-03-26 21:24:46,163.0
0.5250,16.8890,0.7810,96.9960,1.6740,2025-03-26 21:24:46,163.0
0.5370,17.0050,0.6580,97.1250,1.6690,2025-03-26 21:24:46,163.0
0.5540,17.0840,0.5740,96.8490,1.7970,2025-03-26 21:24:46,163.0
0.5420,17.0780,0.5850,97.2340,1.7950,2025-03-26 21:24:46,163.0
0.5420,17.0310,0.6340,96.9470,1.67,2025-03-26 21:24:46,163.0
0.5270,16.9550,0.6160,97.0390,1.7920,2025-03-26 21:24:46,163.0
0.5170,17.0370,0.4550,97.06,1.6830,2025-03-26 21:24:46,163.0
0.5330,17.0530,0.5990,97.0430,1.7730,2025-03-26 21:24:46,163.0
0.5550,16.9740,0.5710,96.8540,1.8460,2025-03-26 21:24:46,163.0
0.5440,16.8950,0.5780,96.9940,1.7340,2025-03-27 11:16:35,164.0
0.5430,16.9580,0.7110,96.9680,1.8270,2025-03-27 11:16:35,164.0
0.5470,17.0370,0.5670,96.9260,1.7940,2025-03-27 11:16:35,164.0
0.5350,16.9520,0.7560,96.9450,1.7480,2025-03-27 11:16:35,164.0
0.5340,16.9990,0.5460,96.8610,1.86,2025-03-27 11:16:35,164.0
0.5250,16.98,0.77,96.9020,1.7340,2025-03-27 11:16:35,164.0
0.5360,17.0970,0.6060,96.8690,1.74,2025-03-27 11:16:35,164.0
0.5460,17.0680,0.6160,97.0360,1.8220,2025-03-27 11:16:35,164.0
0.5190,17.0090,0.6090,96.8830,1.6670,2025-03-27 11:16:35,164.0
0.5430,17.1150,0.6440,96.9450,1.8110,2025-03-27 11:16:35,164.0
0.5420,17.0120,0.5250,97.02,1.7040,2025-03-27 11:16:35,164.0
0.5440,17.0430,0.4380,96.8910,1.7710,2025-03-27 11:16:35,164.0
0.5270,16.9650,0.7240,96.82,1.6710,2025-03-27 11:16:35,164.0
0.5680,17.0710,0.5320,97.0060,1.8950,2025-03-27 11:16:35,164.0
0.5590,16.98,0.69,96.9640,1.8020,2025-03-27 11:16:35,164.0
0.5380,16.98,0.4690,96.9070,1.8610,2025-03-27 11:16:35,164.0
0.5210,16.98,0.4690,96.87,1.6430,2025-03-27 11:16:35,164.0
0.5160,16.9330,0.5390,97.0790,1.7170,2025-03-27 11:16:35,164.0
0.56,17.0240,0.6020,96.9110,2.0030,2025-03-27 11:16:35,164.0
0.54,17.0430,0.56,96.8580,1.86,2025-03-27 11:16:35,164.0
0.5460,17.10,0.5150,97.0010,1.7150,2025-03-27 13:06:38,165.0
0.5410,17.0780,0.5460,97.0170,1.6970,2025-03-27 13:06:38,165.0
0.5420,17.0210,0.4620,97.0490,1.8250,2025-03-27 13:06:38,165.0
0.5290,16.9740,0.5710,97.08,1.7420,2025-03-27 13:06:38,165.0
0.5390,16.9580,0.7390,97.0630,1.7670,2025-03-27 13:06:38,165.0
0.51,16.9270,0.5530,96.8740,1.6140,2025-03-27 13:06:38,165.0
0.5160,17.0560,0.5530,96.9320,1.6990,2025-03-27 13:06:38,165.0
0.5340,16.9710,0.4860,97.08,1.73,2025-03-27 13:06:38,165.0
0.53,16.9650,0.5950,96.9650,1.6740,2025-03-27 13:06:38,165.0
0.5320,17.09,0.6120,96.9080,1.7460,2025-03-27 13:06:38,165.0
0.5280,16.9960,0.4730,96.9050,1.6080,2025-03-27 13:06:38,165.0
0.5410,16.9960,0.6680,97.0370,1.8950,2025-03-27 13:06:38,165.0
0.5190,17.0210,0.5220,96.8420,1.6980,2025-03-27 13:06:38,165.0
0.5290,16.9650,0.5780,96.9580,1.7160,2025-03-27 13:06:38,165.0
0.5410,17.0590,0.76,96.9120,1.8590,2025-03-27 13:06:38,165.0
0.5450,17.0650,0.5990,96.9230,1.8190,2025-03-27 13:06:38,165.0
0.5290,17.0020,0.4970,96.8930,1.7850,2025-03-27 13:06:38,165.0
0.5060,17.1090,0.3610,96.8740,1.6240,2025-03-27 13:06:38,165.0
0.5380,16.9550,0.5070,96.82,1.7510,2025-03-27 13:06:38,165.0
0.5320,17.0430,0.7420,96.7440,1.8360,2025-03-27 13:06:38,165.0
0.5380,16.9550,0.8220,96.9140,1.7350,2025-03-27 18:41:46,166.0
0.5220,16.8890,0.6680,97.0890,1.7680,2025-03-27 18:41:46,166.0
0.5140,16.9140,0.7390,97.0310,1.7010,2025-03-27 18:41:46,166.0
0.5330,16.9930,0.6190,97.0030,1.7480,2025-03-27 18:41:46,166.0
0.5320,17.10,0.6330,96.90,1.9310,2025-03-27 18:41:46,166.0
0.5180,17.0430,0.7070,96.8960,1.6720,2025-03-27 18:41:46,166.0
0.5390,16.9390,0.5950,96.9920,1.7360,2025-03-27 18:41:46,166.0
0.5480,17.0310,0.6230,96.8720,1.8110,2025-03-27 18:41:46,166.0
0.5350,16.9460,0.7950,96.9970,1.7710,2025-03-27 18:41:46,166.0
0.5260,17.0340,0.5530,96.8790,1.7030,2025-03-27 18:41:46,166.0
0.5170,16.9710,0.6890,97.3370,1.68,2025-03-27 18:41:46,166.0
0.5460,16.9650,0.5640,97.3610,1.7660,2025-03-27 18:41:46,166.0
0.52,16.9430,0.4450,97.0570,1.6830,2025-03-27 18:41:46,166.0
0.53,16.8360,0.5320,96.9830,1.77,2025-03-27 18:41:46,166.0
0.54,16.9360,0.6440,96.8330,1.6890,2025-03-27 18:41:46,166.0
0.5450,16.9610,0.6830,97.0360,1.8380,2025-03-27 18:41:46,166.0
0.5210,16.9580,0.6580,96.8680,1.7220,2025-03-27 18:41:46,166.0
0.5380,17.1190,0.6720,97.0250,1.7520,2025-03-27 18:41:46,166.0
0.5360,17.0560,0.5350,96.9790,1.6950,2025-03-27 18:41:46,166.0
0.5250,17.1190,0.6830,96.8870,1.7060,2025-03-27 18:41:46,166.0
0.5380,16.9390,0.6160,96.8560,1.6830,2025-03-27 21:31:50,167.0
0.55,16.9870,0.4730,97.02,1.82,2025-03-27 21:31:50,167.0
0.5470,17.1220,0.4580,97.0290,1.8280,2025-03-27 21:31:50,167.0
0.56,16.9680,0.5910,97.0160,1.9520,2025-03-27 21:31:50,167.0
0.5260,16.8830,0.4480,96.8540,1.7530,2025-03-27 21:31:50,167.0
0.5550,17.0710,0.5530,96.8690,1.8240,2025-03-27 21:31:50,167.0
0.54,16.9770,0.6440,97.0750,1.6770,2025-03-27 21:31:50,167.0
0.5430,17.0430,0.6440,97.1440,1.6610,2025-03-27 21:31:50,167.0
0.5530,17.04,0.6620,97,1.6870,2025-03-27 21:31:50,167.0
0.53,16.8860,0.4830,96.8580,1.7730,2025-03-27 21:31:50,167.0
0.5350,16.9960,0.42,97.0070,1.7130,2025-03-27 21:31:50,167.0
0.57,17.0340,0.6020,97.0850,2.0450,2025-03-27 21:31:50,167.0
0.5480,17.0050,0.5390,96.9510,1.8490,2025-03-27 21:31:50,167.0
0.5340,16.9740,0.6750,96.9760,1.86,2025-03-27 21:31:50,167.0
0.5280,17.0430,0.3750,96.9350,1.8210,2025-03-27 21:31:50,167.0
0.5310,16.9580,0.5670,96.9720,1.6720,2025-03-27 21:31:50,167.0
0.5410,16.9610,0.4620,97.0230,1.7270,2025-03-27 21:31:50,167.0
0.5410,16.9580,0.6510,96.8630,1.7460,2025-03-27 21:31:50,167.0
0.5180,16.87,0.6410,96.90,1.8460,2025-03-27 21:31:50,167.0
0.5340,17.1120,0.5530,96.9330,1.7530,2025-03-27 21:31:50,167.0
0.5210,17.0870,0.4760,96.9250,1.6360,2025-05-08 21:34:31,168.0
0.5170,17.0930,0.6890,96.8230,1.6120,2025-05-08 21:34:31,168.0
0.5390,17.1280,0.7520,96.8480,1.8520,2025-05-08 21:34:31,168.0
0.5310,17.0210,0.62,96.8990,1.7460,2025-05-08 21:34:31,168.0
0.5260,17.15,0.6230,97.0680,1.6270,2025-05-08 21:34:31,168.0
0.5540,17.1250,0.5390,97.0960,1.8040,2025-05-08 21:34:31,168.0
0.5330,16.9990,0.50,96.8330,1.6120,2025-05-08 21:34:31,168.0
0.5550,17.1780,0.5110,97.2080,1.8620,2025-05-08 21:34:31,168.0
0.5380,17.1150,0.5150,97.2020,1.7770,2025-05-08 21:34:31,168.0
0.5280,17.1470,0.6510,96.8830,1.6970,2025-05-08 21:34:31,168.0
0.5240,17.1440,0.5910,97.1010,1.6990,2025-05-08 21:34:31,168.0
0.5440,17.1780,0.5850,96.8880,1.75,2025-05-08 21:34:31,168.0
0.5170,17.1310,0.5710,97.0780,1.6640,2025-05-08 21:34:31,168.0
0.5320,17.1340,0.62,97.0470,1.6990,2025-05-08 21:34:31,168.0
0.5590,17.1120,0.8430,97.1330,1.7930,2025-05-08 21:34:31,168.0
0.5460,17.1530,0.4410,96.9910,1.8450,2025-05-08 21:34:31,168.0
0.5570,17.2130,0.5320,96.6280,1.8410,2025-05-08 21:34:31,168.0
0.5630,17.1280,0.5710,97.0620,1.7510,2025-05-08 21:34:31,168.0
0.54,17.1220,0.4130,97.2350,1.7870,2025-05-08 21:34:31,168.0
0.5360,17.0750,0.8190,97.0850,1.63,2025-05-08 21:34:31,168.0
0.4980,16.9270,0.7420,97.1040,1.5740,2025-05-09 11:38:45,169.0
0.5260,16.9870,0.5670,97.0590,1.7630,2025-05-09 11:38:45,169.0
0.5660,17.0560,0.7350,96.7850,1.9430,2025-05-09 11:38:45,169.0
0.5360,16.9580,0.62,96.9640,1.7730,2025-05-09 11:38:45,169.0
0.5410,16.9930,0.8780,96.8070,1.7590,2025-05-09 11:38:45,169.0
0.4960,16.9360,0.91,97.0770,1.6150,2025-05-09 11:38:45,169.0
0.5210,16.9610,0.5780,96.8850,1.7080,2025-05-09 11:38:45,169.0
0.5410,17.0490,0.6020,96.8270,1.7210,2025-05-09 11:38:45,169.0
0.5210,16.9490,0.6960,97.1370,1.6460,2025-05-09 11:38:45,169.0
0.5460,17.0370,0.5910,97.1150,1.8990,2025-05-09 11:38:45,169.0
0.5270,16.9490,0.6340,97.1630,1.7620,2025-05-09 11:38:45,169.0
0.53,17.0370,0.5320,97.0860,1.7240,2025-05-09 11:38:45,169.0
0.5550,17.0270,0.7040,96.9350,1.8540,2025-05-09 11:38:45,169.0
0.5590,17.0340,0.9170,96.9470,1.8460,2025-05-09 11:38:45,169.0
0.5620,17.0840,0.7140,96.9290,1.9340,2025-05-09 11:38:45,169.0
0.5410,17.0810,0.6860,96.7580,1.8670,2025-05-09 11:38:45,169.0
0.5250,16.9710,0.5360,97.0020,1.70,2025-05-09 11:38:45,169.0
0.5210,17.0750,0.5740,96.9850,1.70,2025-05-09 11:38:45,169.0
0.54,17.0370,0.76,96.9030,1.8250,2025-05-09 11:38:45,169.0
0.5150,17.0620,0.7350,96.80,1.71,2025-05-09 11:38:45,169.0
0.5280,16.9770,0.6790,96.7820,1.8220,2025-05-09 13:08:47,170.0
0.5290,16.8830,0.5530,97.1280,1.6870,2025-05-09 13:08:47,170.0
0.52,16.9740,0.8510,96.7570,1.6490,2025-05-09 13:08:47,170.0
0.5380,16.9550,0.6830,97.2310,1.6910,2025-05-09 13:08:47,170.0
0.5270,16.7950,0.7740,97.2150,1.7120,2025-05-09 13:08:47,170.0
0.5150,16.9870,0.5560,97.0570,1.6130,2025-05-09 13:08:47,170.0
0.5360,16.9240,0.7210,96.9670,1.8120,2025-05-09 13:08:47,170.0
0.5190,17.0050,0.7210,96.6460,1.67,2025-05-09 13:08:47,170.0
0.5060,16.9430,0.6270,96.7370,1.5960,2025-05-09 13:08:47,170.0
0.52,16.9650,0.8370,96.8130,1.7780,2025-05-09 13:08:47,170.0
0.5070,16.8860,0.63,97.02,1.6440,2025-05-09 13:08:47,170.0
0.5230,16.8860,0.55,96.8990,1.8320,2025-05-09 13:08:47,170.0
0.5370,16.9740,0.6410,97.0530,1.8240,2025-05-09 13:08:47,170.0
0.5290,16.9830,0.6790,96.9570,1.7280,2025-05-09 13:08:47,170.0
0.5470,16.9080,0.7240,96.8750,1.8760,2025-05-09 13:08:47,170.0
0.5490,16.8830,0.7390,97.0320,1.8840,2025-05-09 13:08:47,170.0
0.5210,17.04,0.8010,96.7970,1.6860,2025-05-09 13:08:47,170.0
0.5270,17.0090,0.7560,96.86,1.7020,2025-05-09 13:08:47,170.0
0.5480,16.9830,0.7770,96.7370,1.9940,2025-05-09 13:08:47,170.0
0.52,16.9270,0.6750,97.0610,1.6010,2025-05-09 13:08:47,170.0
0.5450,17.0970,0.6830,97.2340,1.7840,2025-05-09 21:03:55,171.0
0.5370,17.0430,0.6720,97.2410,1.7450,2025-05-09 21:03:55,171.0
0.5460,17.0490,0.5810,97.3430,1.73,2025-05-09 21:03:55,171.0
0.5580,17.0650,0.5290,96.8630,1.8480,2025-05-09 21:03:55,171.0
0.54,16.9740,0.6830,97.1960,1.8250,2025-05-09 21:03:55,171.0
0.5310,16.9550,0.6760,96.9360,1.7010,2025-05-09 21:03:55,171.0
0.5690,17.0240,0.6230,97.2390,1.7870,2025-05-09 21:03:55,171.0
0.5390,16.9020,0.5770,97.0450,1.91,2025-05-09 21:03:55,171.0
0.5390,17.0590,0.6550,97.3120,1.6980,2025-05-09 21:03:55,171.0
0.5590,16.98,0.6510,97.3340,1.8860,2025-05-09 21:03:55,171.0
0.54,17.0560,0.69,97.0020,1.7660,2025-05-09 21:03:55,171.0
0.5460,17.10,0.6760,97.0850,1.8660,2025-05-09 21:03:55,171.0
0.55,17.0430,0.5950,96.9020,1.8440,2025-05-09 21:03:55,171.0
0.5460,17.1630,0.5530,97.3620,1.8170,2025-05-09 21:03:55,171.0
0.5370,17.0560,0.77,96.8880,1.8320,2025-05-09 21:03:55,171.0
0.5640,17.1030,0.6830,96.8530,1.7330,2025-05-09 21:03:55,171.0
0.54,17.0930,0.6720,97.20,1.7230,2025-05-09 21:03:55,171.0
0.5220,16.87,0.6020,96.7320,1.6990,2025-05-09 21:03:55,171.0
0.5330,16.9360,0.7310,97.2430,1.8120,2025-05-09 21:03:55,171.0
0.5480,17.0620,0.6480,97.2670,1.8070,2025-05-09 21:03:55,171.0
0.5340,17.0240,0.4170,96.9770,1.7260,2025-05-10 11:42:52,172.0
0.5270,16.9650,0.4690,97.0250,1.7550,2025-05-10 11:42:52,172.0
0.5260,16.9830,0.5810,96.8230,1.8370,2025-05-10 11:42:52,172.0
0.5430,17.0310,0.6760,96.9340,1.7730,2025-05-10 11:42:52,172.0
0.5450,17.0270,0.70,96.8790,1.7740,2025-05-10 11:42:52,172.0
0.5480,16.9580,0.56,97.0980,1.7710,2025-05-10 11:42:52,172.0
0.5110,16.8860,0.4870,97.3050,1.6510,2025-05-10 11:42:52,172.0
0.5330,16.9770,0.4860,96.8110,1.6880,2025-05-10 11:42:52,172.0
0.5270,16.9830,0.6090,96.8240,1.7140,2025-05-10 11:42:52,172.0
0.5440,16.9770,0.5390,96.8320,1.8320,2025-05-10 11:42:52,172.0
0.5510,17.0270,0.6090,96.8970,1.83,2025-05-10 11:42:52,172.0
0.5270,16.9740,0.56,96.9630,1.7330,2025-05-10 11:42:52,172.0
0.5430,17.0050,0.7320,96.7630,1.7670,2025-05-10 11:42:52,172.0
0.5240,17.0150,0.6050,97.2050,1.68,2025-05-10 11:42:52,172.0
0.5460,16.9870,0.4650,96.7780,1.8150,2025-05-10 11:42:52,172.0
0.5510,16.9870,0.4310,97.0690,1.7480,2025-05-10 11:42:52,172.0
0.5350,16.9650,0.4510,96.94,1.8160,2025-05-10 11:42:52,172.0
0.52,16.9610,0.6370,97.0250,1.6520,2025-05-10 11:42:52,172.0
0.5020,16.9270,0.3670,96.7860,1.5910,2025-05-10 11:42:52,172.0
0.5430,16.9870,0.5710,97.1050,1.8120,2025-05-10 11:42:52,172.0
0.5420,17.0270,0.4550,97.0340,1.7790,2025-05-10 14:02:53,173.0
0.5630,16.9830,0.5530,96.9180,1.9760,2025-05-10 14:02:53,173.0
0.5360,17.0020,0.5290,96.9470,1.7330,2025-05-10 14:02:53,173.0
0.5230,16.9740,0.4970,96.9510,1.6740,2025-05-10 14:02:53,173.0
0.54,16.9710,0.4410,96.8930,1.8490,2025-05-10 14:02:53,173.0
0.5510,16.9960,0.5360,97.3430,1.8840,2025-05-10 14:02:53,173.0
0.5480,16.99,0.5980,96.94,1.9220,2025-05-10 14:02:53,173.0
0.5380,17.0710,0.4440,97.0630,1.7370,2025-05-10 14:02:53,173.0
0.5310,16.9870,0.4380,96.8060,1.8130,2025-05-10 14:02:53,173.0
0.5370,16.9460,0.6860,96.9130,1.7780,2025-05-10 14:02:53,173.0
0.5280,16.9580,0.7910,97.2070,1.7480,2025-05-10 14:02:53,173.0
0.5460,17.0210,0.4550,97.1810,1.8140,2025-05-10 14:02:53,173.0
0.5280,16.9610,0.6130,97.3690,1.8110,2025-05-10 14:02:53,173.0
0.5350,16.9430,0.5910,96.8290,1.7970,2025-05-10 14:02:53,173.0
0.5250,17.1470,0.2840,96.8830,1.7410,2025-05-10 14:02:53,173.0
0.55,16.9270,0.4550,96.9960,1.8010,2025-05-10 14:02:53,173.0
0.5360,16.9430,0.3920,97.1480,1.7990,2025-05-10 14:02:53,173.0
0.5540,16.9170,0.6890,97.0060,1.89,2025-05-10 14:02:53,173.0
0.5350,16.9330,0.8510,97.0070,1.7810,2025-05-10 14:02:53,173.0
0.5430,16.8670,0.5950,96.8050,1.8190,2025-05-10 14:02:53,173.0
0.5690,17.0240,0.6060,96.9350,1.9950,2025-05-10 20:37:58,174.0
0.5440,16.9830,0.5210,96.9060,1.89,2025-05-10 20:37:58,174.0
0.5250,17.0590,0.5420,96.7960,1.7210,2025-05-10 20:37:58,174.0
0.5530,17.0780,0.5460,96.79,1.9350,2025-05-10 20:37:58,174.0
0.5360,16.9610,0.6330,96.6490,1.81,2025-05-10 20:37:58,174.0
0.5730,17.0370,0.6620,97.07,2.0390,2025-05-10 20:37:58,174.0
0.5540,16.9650,0.5560,96.9030,1.8650,2025-05-10 20:37:58,174.0
0.5340,17.0340,0.4380,96.7060,1.7940,2025-05-10 20:37:58,174.0
0.5270,16.9430,0.6120,96.7970,1.7220,2025-05-10 20:37:58,174.0
0.5380,17.10,0.5880,96.6270,1.9840,2025-05-10 20:37:58,174.0
0.5170,17.0590,0.4940,96.7220,1.7050,2025-05-10 20:37:58,174.0
0.5360,16.9990,0.8570,96.7270,1.8180,2025-05-10 20:37:58,174.0
0.5150,16.8360,0.5350,96.9770,1.6290,2025-05-10 20:37:58,174.0
0.5240,16.9650,0.5110,97.18,1.7350,2025-05-10 20:37:58,174.0
0.5520,16.9740,0.6680,96.6760,1.9170,2025-05-10 20:37:58,174.0
0.5330,17.0180,0.5980,96.9220,1.8610,2025-05-10 20:37:58,174.0
0.5510,16.9390,0.5950,96.98,1.9740,2025-05-10 20:37:58,174.0
0.5420,16.9490,0.5290,96.8050,1.8650,2025-05-10 20:37:58,174.0
0.5340,16.9140,0.6440,96.9490,1.8260,2025-05-10 20:37:58,174.0
0.5360,17.0150,0.5710,97.0250,1.88,2025-05-10 20:37:58,174.0
0.5120,17.0050,0.6480,96.6610,1.7180,2025-05-12 11:54:19,175.0
0.5080,16.9330,0.84,96.7860,1.6760,2025-05-12 11:54:19,175.0
0.53,17.0750,0.6060,96.9830,1.7280,2025-05-12 11:54:19,175.0
0.5340,17.0180,0.4580,97.0490,1.88,2025-05-12 11:54:19,175.0
0.5170,16.9460,0.7910,96.7660,1.7270,2025-05-12 11:54:19,175.0
0.5290,17.1090,0.6270,97.09,1.6580,2025-05-12 11:54:19,175.0
0.5240,17.0460,0.5390,96.8660,1.7020,2025-05-12 11:54:19,175.0
0.5290,17.0270,0.6370,96.6680,1.8580,2025-05-12 11:54:19,175.0
0.5330,17.0180,0.6270,97.1850,1.8310,2025-05-12 11:54:19,175.0
0.5540,16.9960,0.6510,97.1370,1.77,2025-05-12 11:54:19,175.0
0.5180,17.0680,0.5710,97.1660,1.7040,2025-05-12 11:54:19,175.0
0.5320,16.9140,0.5430,96.9080,1.8850,2025-05-12 11:54:19,175.0
0.5250,17.1030,0.5430,96.9490,1.6780,2025-05-12 11:54:19,175.0
0.5330,17.0270,0.6860,96.7350,1.7520,2025-05-12 11:54:19,175.0
0.5250,17.0680,0.6160,96.6690,1.73,2025-05-12 11:54:19,175.0
0.5540,17.1530,0.6120,96.6810,1.8060,2025-05-12 11:54:19,175.0
0.5210,16.9680,0.4970,96.9980,1.7510,2025-05-12 11:54:19,175.0
0.5350,17.0240,0.5150,96.9440,1.7540,2025-05-12 11:54:19,175.0
0.5320,17.0180,0.6540,97.1450,1.8310,2025-05-12 11:54:19,175.0
0.5330,17.0780,0.8260,96.9650,1.7060,2025-05-12 11:54:19,175.0
0.5430,17.1120,0.7280,96.8370,1.8710,2025-05-12 13:04:21,176.0
0.5830,17.1060,0.64,97.0450,2.0030,2025-05-12 13:04:21,176.0
0.5390,16.9930,0.7870,96.7220,1.8150,2025-05-12 13:04:21,176.0
0.5790,16.9960,0.6270,97.0870,1.9440,2025-05-12 13:04:21,176.0
0.5380,17.0120,0.6410,97.1650,1.6770,2025-05-12 13:04:21,176.0
0.55,16.98,0.8220,96.97,1.8660,2025-05-12 13:04:21,176.0
0.5480,17.0870,0.7560,96.96,1.7880,2025-05-12 13:04:21,176.0
0.5860,17.0870,0.6930,96.9350,2.0410,2025-05-12 13:04:21,176.0
0.5910,17.0460,0.8680,97.1320,2.0370,2025-05-12 13:04:21,176.0
0.58,17.0430,0.64,96.8230,2.05,2025-05-12 13:04:21,176.0
0.5490,16.9650,0.8090,96.8080,1.8880,2025-05-12 13:04:21,176.0
0.5320,17.0370,0.8080,96.7730,1.6860,2025-05-12 13:04:21,176.0
0.5330,16.9460,0.7740,96.92,1.8430,2025-05-12 13:04:21,176.0
0.5350,16.9110,0.8050,97.1560,1.8930,2025-05-12 13:04:21,176.0
0.5540,17.0270,0.5430,97.0270,1.76,2025-05-12 13:04:21,176.0
0.5320,17.0490,0.9760,97.1490,1.7330,2025-05-12 13:04:21,176.0
0.5490,16.9170,0.8780,96.9310,1.9170,2025-05-12 13:04:21,176.0
0.5610,16.99,0.7950,96.8740,1.8820,2025-05-12 13:04:21,176.0
0.5590,17.0650,0.6370,96.8910,1.9420,2025-05-12 13:04:21,176.0
0.5340,17.0180,0.7350,97.0620,1.7790,2025-05-12 13:04:21,176.0
0.5390,17.0930,0.6230,97.0340,1.7360,2025-05-12 21:34:32,177.0
0.5370,16.9110,0.7420,96.8050,1.8630,2025-05-12 21:34:32,177.0
0.5570,16.8920,0.5350,96.9850,1.9650,2025-05-12 21:34:32,177.0
0.54,17.0240,0.6930,96.9430,1.7760,2025-05-12 21:34:32,177.0
0.5510,16.9360,0.71,97.1860,1.9060,2025-05-12 21:34:32,177.0
0.5560,16.9360,0.6790,97.1080,1.8290,2025-05-12 21:34:32,177.0
0.5440,16.9680,0.7980,96.7450,1.8380,2025-05-12 21:34:32,177.0
0.5330,16.7160,0.7040,97.0910,1.8280,2025-05-12 21:34:32,177.0
0.5230,17.0530,0.6930,96.9320,1.7250,2025-05-12 21:34:32,177.0
0.5260,17.0210,0.6890,97.1960,1.72,2025-05-12 21:34:32,177.0
0.5280,16.9550,0.6860,96.7980,1.86,2025-05-12 21:34:32,177.0
0.5410,16.9610,0.6340,97.0930,1.7780,2025-05-12 21:34:32,177.0
0.5360,16.7730,0.7740,97.01,1.6880,2025-05-12 21:34:32,177.0
0.5220,16.8450,0.6510,96.9560,1.7170,2025-05-12 21:34:32,177.0
0.5320,16.9430,0.6970,96.8760,1.7720,2025-05-12 21:34:32,177.0
0.5550,17.1190,0.5560,97.1210,1.8540,2025-05-12 21:34:32,177.0
0.5340,16.9710,0.7350,96.8150,1.8210,2025-05-12 21:34:32,177.0
0.5220,16.93,0.56,96.96,1.6220,2025-05-12 21:34:32,177.0
0.5470,17.0840,0.5530,96.9820,1.7810,2025-05-12 21:34:32,177.0
0.5290,16.9490,0.6650,96.8110,1.8160,2025-05-12 21:34:32,177.0
0.5370,16.8890,0.5950,96.9520,1.6540,2025-05-13 11:31:12,178.0
0.5230,17.0560,0.6160,96.9870,1.5210,2025-05-13 11:31:12,178.0
0.5550,17.0050,0.8470,96.9380,1.7820,2025-05-13 11:31:12,178.0
0.5450,16.9650,0.4160,97.09,1.7390,2025-05-13 11:31:12,178.0
0.5290,17.0530,0.5150,96.6390,1.7510,2025-05-13 11:31:12,178.0
0.5140,16.9650,0.6860,96.7620,1.5840,2025-05-13 11:31:12,178.0
0.5310,17.0270,0.7530,96.7760,1.7650,2025-05-13 11:31:12,178.0
0.5320,16.9930,0.6750,96.8520,1.6320,2025-05-13 11:31:12,178.0
0.5290,16.9960,0.6860,96.7620,1.7210,2025-05-13 11:31:12,178.0
0.5410,17.0270,0.5460,96.8840,1.7250,2025-05-13 11:31:12,178.0
0.5430,17.0870,0.5640,96.7750,1.7930,2025-05-13 11:31:12,178.0
0.5370,16.9610,0.6790,96.7230,1.6780,2025-05-13 11:31:12,178.0
0.5180,16.9650,0.4520,97.1440,1.7050,2025-05-13 11:31:12,178.0
0.5380,16.9080,0.5670,97.0010,1.7110,2025-05-13 11:31:12,178.0
0.5220,17.10,0.5250,97.06,1.6130,2025-05-13 11:31:12,178.0
0.5440,17.0120,0.6690,97.1260,1.8030,2025-05-13 11:31:12,178.0
0.5480,16.99,0.5710,97.1590,1.7750,2025-05-13 11:31:12,178.0
0.4930,17.0460,0.6680,96.7930,1.5870,2025-05-13 11:31:12,178.0
0.5460,16.99,0.4270,97.11,1.6780,2025-05-13 11:31:12,178.0
0.5090,16.9360,0.3810,96.9190,1.6960,2025-05-13 11:31:12,178.0
0.5340,16.99,0.4580,96.7790,1.7740,2025-05-13 13:06:17,179.0
0.5420,16.9740,0.5670,96.7170,1.7720,2025-05-13 13:06:17,179.0
0.5240,16.9740,0.4940,97.0990,1.6630,2025-05-13 13:06:17,179.0
0.5170,17.0210,0.6620,96.8730,1.7140,2025-05-13 13:06:17,179.0
0.5310,16.99,0.69,96.8090,1.8160,2025-05-13 13:06:17,179.0
0.5320,17.15,0.5180,96.7060,1.7180,2025-05-13 13:06:17,179.0
0.5070,17.0050,0.7350,97.0940,1.8440,2025-05-13 13:06:17,179.0
0.5410,16.9430,0.5950,97.1110,1.8910,2025-05-13 13:06:17,179.0
0.5490,17.0270,0.6440,97.22,1.7720,2025-05-13 13:06:17,179.0
0.54,16.9770,0.6120,96.9240,1.6560,2025-05-13 13:06:17,179.0
0.5170,16.8170,0.5530,97.1970,1.8330,2025-05-13 13:06:17,179.0
0.54,16.9050,0.5290,96.8950,1.8070,2025-05-13 13:06:17,179.0
0.52,16.9680,0.6830,96.93,1.7390,2025-05-13 13:06:17,179.0
0.5420,16.9550,0.6680,96.9260,1.7480,2025-05-13 13:06:17,179.0
0.5380,16.9930,0.7630,97.0530,1.8480,2025-05-13 13:06:17,179.0
0.5240,16.9520,0.5250,96.8640,1.8930,2025-05-13 13:06:17,179.0
0.5210,16.88,0.5710,97.3390,1.7080,2025-05-13 13:06:17,179.0
0.5360,17.0710,0.5390,96.6910,1.7490,2025-05-13 13:06:17,179.0
0.5280,16.9830,0.6760,96.91,1.8320,2025-05-13 13:06:17,179.0
0.5250,16.9680,0.55,96.8070,1.7540,2025-05-13 13:06:17,179.0
0.5230,16.9460,0.4970,96.9020,1.7940,2025-05-13 21:31:29,180.0
0.5330,16.9830,0.6270,97.1120,1.8860,2025-05-13 21:31:29,180.0
0.5560,16.83,0.6540,97.4830,1.9330,2025-05-13 21:31:29,180.0
0.5250,17.0620,0.6580,96.7620,1.7480,2025-05-13 21:31:29,180.0
0.55,16.8670,0.6860,97.1710,1.9090,2025-05-13 21:31:29,180.0
0.52,16.8730,0.7390,97.1330,1.7720,2025-05-13 21:31:29,180.0
0.5550,16.99,0.6860,97.0270,1.7280,2025-05-13 21:31:29,180.0
0.5420,16.82,0.8010,97.1620,1.7820,2025-05-13 21:31:29,180.0
0.5310,16.9740,0.8120,96.7880,1.8290,2025-05-13 21:31:29,180.0
0.5440,16.93,0.63,97.1670,1.7360,2025-05-13 21:31:29,180.0
0.5360,16.7860,0.7110,96.8090,1.8580,2025-05-13 21:31:29,180.0
0.5240,16.9270,0.8080,96.79,1.7430,2025-05-13 21:31:29,180.0
0.5480,16.93,0.63,97.0760,1.9240,2025-05-13 21:31:29,180.0
0.5260,16.87,0.7210,96.9560,1.8970,2025-05-13 21:31:29,180.0
0.5360,16.9490,0.5110,97.06,1.7930,2025-05-13 21:31:29,180.0
0.5210,16.9360,0.6830,97.2070,1.7390,2025-05-13 21:31:29,180.0
0.5490,16.7130,0.6410,97.1810,1.9190,2025-05-13 21:31:29,180.0
0.5420,17.0020,0.76,96.9220,1.8620,2025-05-13 21:31:29,180.0
0.5290,16.65,0.6550,97.1760,1.7790,2025-05-13 21:31:29,180.0
0.5050,16.9110,0.6270,97.1150,1.5970,2025-05-13 21:31:29,180.0
0.5040,16.9110,0.5430,96.9840,1.6470,2025-05-14 21:29:17,181.0
0.5240,16.9650,0.76,96.7490,1.6580,2025-05-14 21:29:17,181.0
0.5440,17.1220,0.6230,96.8490,1.8220,2025-05-14 21:29:17,181.0
0.5280,16.9110,0.7240,97.1290,1.7420,2025-05-14 21:29:17,181.0
0.54,17.0620,0.7350,96.9460,1.7750,2025-05-14 21:29:17,181.0
0.5490,16.9710,0.7210,96.8830,1.9430,2025-05-14 21:29:17,181.0
0.5350,16.9680,0.4660,97.1340,1.7080,2025-05-14 21:29:17,181.0
0.5210,16.9770,0.5250,96.7270,1.6790,2025-05-14 21:29:17,181.0
0.5390,17.0870,0.6270,96.9310,1.8610,2025-05-14 21:29:17,181.0
0.5370,16.9460,0.6620,96.8530,1.7560,2025-05-14 21:29:17,181.0
0.5520,17.0210,0.6650,96.7910,1.8030,2025-05-14 21:29:17,181.0
0.5240,16.9170,0.7660,97.18,1.7320,2025-05-14 21:29:17,181.0
0.5540,17.0370,0.6550,96.8230,1.8710,2025-05-14 21:29:17,181.0
0.5520,17.0240,0.4310,97.1480,1.7070,2025-05-14 21:29:17,181.0
0.5510,16.8890,0.7980,97.0610,1.8360,2025-05-14 21:29:17,181.0
0.5450,16.88,0.84,96.9710,1.8960,2025-05-14 21:29:17,181.0
0.5370,16.9270,0.6190,97.2250,1.7290,2025-05-14 21:29:17,181.0
0.5140,17.0930,0.6370,96.9160,1.69,2025-05-14 21:29:17,181.0
0.5330,16.9390,0.6540,96.9750,1.8550,2025-05-14 21:29:17,181.0
0.5370,16.9580,0.7350,97.11,1.7670,2025-05-14 21:29:17,181.0
0.5350,16.93,0.5910,97.1550,1.7880,2025-05-15 13:06:18,182.0
0.5290,17.0240,0.5740,97.0520,1.7820,2025-05-15 13:06:18,182.0
0.5340,16.9650,0.6230,97.0890,1.71,2025-05-15 13:06:18,182.0
0.5580,16.9710,0.63,96.9070,1.8630,2025-05-15 13:06:18,182.0
0.5340,16.9050,0.5990,97.0730,1.77,2025-05-15 13:06:18,182.0
0.5350,16.9870,0.5390,97.0390,1.6670,2025-05-15 13:06:18,182.0
0.5310,16.9740,0.50,97.1960,1.79,2025-05-15 13:06:18,182.0
0.5440,17.0680,0.5110,96.7540,1.76,2025-05-15 13:06:18,182.0
0.52,16.9050,0.7420,97.1350,1.8260,2025-05-15 13:06:18,182.0
0.5330,16.93,0.5530,97.0920,1.79,2025-05-15 13:06:18,182.0
0.5380,16.9610,0.69,96.8040,1.7140,2025-05-15 13:06:18,182.0
0.5320,16.9390,0.6090,97.2190,1.76,2025-05-15 13:06:18,182.0
0.5390,16.8360,0.7950,96.9260,1.92,2025-05-15 13:06:18,182.0
0.5190,16.9430,0.7140,97.0220,1.5970,2025-05-15 13:06:18,182.0
0.5310,16.9930,0.5780,96.9440,1.8070,2025-05-15 13:06:18,182.0
0.5420,17.0750,0.5670,96.8150,1.7560,2025-05-15 13:06:18,182.0
0.5310,16.9520,0.6370,96.9920,1.7260,2025-05-15 13:06:18,182.0
0.5510,17.0240,0.6510,96.8250,1.9340,2025-05-15 13:06:18,182.0
0.5390,17.0370,0.5390,96.9970,1.8220,2025-05-15 13:06:18,182.0
0.5220,16.8420,0.5850,96.9730,1.7570,2025-05-15 13:06:18,182.0
0.5430,17.0050,0.5630,96.9940,1.8490,2025-05-15 19:26:29,183.0
0.5480,16.9740,0.5390,96.8620,1.7470,2025-05-15 19:26:29,183.0
0.5390,16.99,0.6580,97.0710,1.7090,2025-05-15 19:26:29,183.0
0.5310,16.9770,0.77,96.9290,1.8260,2025-05-15 19:26:29,183.0
0.56,17.0870,0.5180,97.02,1.9340,2025-05-15 19:26:29,183.0
0.56,17.0150,0.56,96.7830,1.8480,2025-05-15 19:26:29,183.0
0.5610,17.04,0.49,97.0250,1.9650,2025-05-15 19:26:29,183.0
0.5390,16.9050,0.42,97.1910,1.7040,2025-05-15 19:26:29,183.0
0.5210,16.9770,0.4730,96.7920,1.7570,2025-05-15 19:26:29,183.0
0.5320,16.8580,0.5040,97.0050,1.8220,2025-05-15 19:26:29,183.0
0.5310,16.9990,0.6830,97.1360,1.7370,2025-05-15 19:26:29,183.0
0.5290,16.9770,0.4720,97.0360,1.7910,2025-05-15 19:26:29,183.0
0.5390,16.9430,0.4760,96.7610,1.97,2025-05-15 19:26:29,183.0
0.5340,16.93,0.6130,96.8110,1.8180,2025-05-15 19:26:29,183.0
0.5470,16.8330,0.5080,97.2480,1.7950,2025-05-15 19:26:29,183.0
0.5250,17.0370,0.5390,96.84,1.7470,2025-05-15 19:26:29,183.0
0.5290,16.9360,0.6580,96.9310,1.7860,2025-05-15 19:26:29,183.0
0.5470,17.0870,0.6440,96.8720,1.8610,2025-05-15 19:26:29,183.0
0.5170,16.8330,0.5880,96.94,1.8280,2025-05-15 19:26:29,183.0
0.5590,17.0650,0.6160,96.81,1.8580,2025-05-15 19:26:29,183.0
0.5260,16.8420,0.4970,96.9810,1.7190,2025-05-16 11:13:59,184.0
0.5210,16.9710,0.4550,97.0750,1.7180,2025-05-16 11:13:59,184.0
0.5420,17.0120,0.3250,97.1510,1.7510,2025-05-16 11:13:59,184.0
0.5510,16.9650,0.5530,96.9480,1.89,2025-05-16 11:13:59,184.0
0.5390,16.87,0.6550,96.9950,1.8890,2025-05-16 11:13:59,184.0
0.5320,16.9550,0.63,96.9180,1.8120,2025-05-16 11:13:59,184.0
0.5220,16.9930,0.3750,97.0970,1.7780,2025-05-16 11:13:59,184.0
0.5130,16.9170,0.4690,97.0730,1.6450,2025-05-16 11:13:59,184.0
0.5170,16.8860,0.6480,97.0090,1.8190,2025-05-16 11:13:59,184.0
0.54,16.8170,0.5840,97.1120,1.8060,2025-05-16 11:13:59,184.0
0.5330,16.9170,0.5910,97.1340,1.7760,2025-05-16 11:13:59,184.0
0.5360,16.9360,0.5530,96.8530,1.7620,2025-05-16 11:13:59,184.0
0.5460,16.9430,0.5630,97.2020,1.7790,2025-05-16 11:13:59,184.0
0.5070,16.8550,0.4760,97.0850,1.6750,2025-05-16 11:13:59,184.0
0.5330,17.0680,0.5670,97.04,1.6870,2025-05-16 11:13:59,184.0
0.5220,16.8580,0.4830,97.0770,1.7350,2025-05-16 11:13:59,184.0
0.5490,16.9460,0.6270,96.8440,2.0480,2025-05-16 11:13:59,184.0
0.5480,17.0340,0.4580,96.8780,1.93,2025-05-16 11:13:59,184.0
0.5460,17.1410,0.5110,96.9810,1.7850,2025-05-16 11:13:59,184.0
0.5450,16.9270,0.4650,97.0640,1.8240,2025-05-16 11:13:59,184.0
0.5460,17.1060,0.5320,96.7220,1.7840,2025-05-16 21:29:10,185.0
0.5370,16.8890,0.5910,97.0050,1.8120,2025-05-16 21:29:10,185.0
0.5550,16.9520,0.6970,97.2380,1.8160,2025-05-16 21:29:10,185.0
0.5490,17.0050,0.7460,97.10,1.8140,2025-05-16 21:29:10,185.0
0.5380,16.9330,0.6410,97.2620,1.8130,2025-05-16 21:29:10,185.0
0.5240,16.9080,0.3640,97.1970,1.7340,2025-05-16 21:29:10,185.0
0.5420,17.0710,0.5880,97.0180,1.7360,2025-05-16 21:29:10,185.0
0.5540,16.9710,0.6190,97.1820,1.8410,2025-05-16 21:29:10,185.0
0.5130,17.0340,0.6650,96.8270,1.7680,2025-05-16 21:29:10,185.0
0.54,17.0370,0.62,96.8310,1.7690,2025-05-16 21:29:10,185.0
0.5340,16.9210,0.6760,97.0470,1.7120,2025-05-16 21:29:10,185.0
0.5430,17.1440,0.6550,96.8140,1.8070,2025-05-16 21:29:10,185.0
0.5360,17.1090,0.6160,97.0990,1.7030,2025-05-16 21:29:10,185.0
0.54,16.9330,0.6680,97.0080,1.7490,2025-05-16 21:29:10,185.0
0.5420,17.0180,0.5950,97.0140,1.6540,2025-05-16 21:29:10,185.0
0.5490,17.0680,0.6750,96.8780,1.8140,2025-05-16 21:29:10,185.0
0.5120,16.9020,0.8610,97.0030,1.7370,2025-05-16 21:29:10,185.0
0.5490,17.0340,0.5150,97.0230,1.8710,2025-05-16 21:29:10,185.0
0.5410,16.8890,0.5670,97.0710,1.7870,2025-05-16 21:29:10,185.0
0.5340,16.9110,0.6550,97.0850,1.73,2025-05-16 21:29:10,185.0
0.5670,17.0050,0.6190,97.1250,1.9210,2025-05-17 12:50:46,186.0
0.5360,16.9240,0.4480,97.0640,1.7650,2025-05-17 12:50:46,186.0
0.5570,16.8990,0.5880,97.2220,1.8820,2025-05-17 12:50:46,186.0
0.5360,16.9490,0.3850,96.90,1.7880,2025-05-17 12:50:46,186.0
0.52,16.9020,0.5460,96.7880,1.70,2025-05-17 12:50:46,186.0
0.5290,16.9170,0.4590,97.0090,1.8870,2025-05-17 12:50:46,186.0
0.5130,16.8010,0.56,97.4560,1.6570,2025-05-17 12:50:46,186.0
0.5180,16.87,0.4860,97.18,1.5740,2025-05-17 12:50:46,186.0
0.5310,16.8550,0.5040,97.0670,1.6740,2025-05-17 12:50:46,186.0
0.5070,16.8480,0.4310,96.7180,1.6930,2025-05-17 12:50:46,186.0
0.52,16.9170,0.6090,97.19,1.6620,2025-05-17 12:50:46,186.0
0.5240,16.9330,0.56,97.1740,1.8070,2025-05-17 12:50:46,186.0
0.5390,17.0050,0.43,96.7410,1.9070,2025-05-17 12:50:46,186.0
0.5210,16.9430,0.6760,97.0670,1.61,2025-05-17 12:50:46,186.0
0.5520,17.0150,0.5980,96.8730,1.7490,2025-05-17 12:50:46,186.0
0.5280,16.9580,0.5210,96.9160,1.5260,2025-05-17 12:50:46,186.0
0.5270,16.8770,0.5810,97.1270,1.75,2025-05-17 12:50:46,186.0
0.5240,16.8730,0.6060,96.9170,1.7470,2025-05-17 12:50:46,186.0
0.5350,17.0020,0.5850,96.8350,1.74,2025-05-17 12:50:46,186.0
0.5140,16.8550,0.4790,97.0440,1.7430,2025-05-17 12:50:46,186.0
0.54,16.9610,0.5390,96.9090,1.81,2025-05-17 13:00:47,187.0
0.54,16.9870,0.6090,97.0550,1.8370,2025-05-17 13:00:47,187.0
0.5330,17.0020,0.5110,96.8580,1.8310,2025-05-17 13:00:47,187.0
0.5290,16.9930,0.6020,96.8040,1.7680,2025-05-17 13:00:47,187.0
0.5480,16.9960,0.4550,96.9690,1.9060,2025-05-17 13:00:47,187.0
0.5550,16.9650,0.5110,96.9290,1.7590,2025-05-17 13:00:47,187.0
0.5310,16.9710,0.56,97.0720,1.8030,2025-05-17 13:00:47,187.0
0.5360,16.8580,0.4730,96.9160,1.7140,2025-05-17 13:00:47,187.0
0.5470,16.9960,0.4930,97.0070,1.7150,2025-05-17 13:00:47,187.0
0.5280,17.1220,0.4590,96.6650,1.7220,2025-05-17 13:00:47,187.0
0.5350,17.0180,0.3920,96.8180,1.7280,2025-05-17 13:00:47,187.0
0.5480,17.0620,0.3430,96.87,1.8350,2025-05-17 13:00:47,187.0
0.5460,16.9430,0.50,97.0450,1.9140,2025-05-17 13:00:47,187.0
0.5280,16.9020,0.5670,96.82,1.8580,2025-05-17 13:00:47,187.0
0.5310,16.9680,0.49,96.9330,1.7280,2025-05-17 13:00:47,187.0
0.5250,16.98,0.6120,96.8680,1.7830,2025-05-17 13:00:47,187.0
0.52,17.0780,0.4730,96.90,1.6140,2025-05-17 13:00:47,187.0
0.5460,17.0150,0.5390,97.0450,1.7670,2025-05-17 13:00:47,187.0
0.5410,17.0530,0.5570,96.7770,1.7930,2025-05-17 13:00:47,187.0
0.5420,16.9520,0.4620,97.0450,1.8210,2025-05-17 13:00:47,187.0
0.5610,16.9870,0.4620,97.1280,1.92,2025-05-17 20:00:49,188.0
0.5290,16.9140,0.6230,96.7650,1.8650,2025-05-17 20:00:49,188.0
0.5350,16.9390,0.5280,97.0810,1.8030,2025-05-17 20:00:49,188.0
0.5420,16.9430,0.6160,97.1570,1.9180,2025-05-17 20:00:49,188.0
0.5310,16.9170,0.3670,96.8360,1.8080,2025-05-17 20:00:49,188.0
0.53,17.0090,0.4550,96.90,1.8380,2025-05-17 20:00:49,188.0
0.5340,17.0120,0.41,97.2330,1.77,2025-05-17 20:00:49,188.0
0.5340,16.9610,0.4440,97.1590,1.7730,2025-05-17 20:00:49,188.0
0.5480,16.88,0.4550,96.6930,1.93,2025-05-17 20:00:49,188.0
0.54,16.9490,0.5220,97.0450,1.8510,2025-05-17 20:00:49,188.0
0.5410,17.0240,0.5810,97,1.9680,2025-05-17 20:00:49,188.0
0.5190,17.0020,0.5430,96.75,1.7260,2025-05-17 20:00:49,188.0
0.5140,16.9050,0.5290,97.1360,1.7110,2025-05-17 20:00:49,188.0
0.5360,16.9930,0.4160,97.1170,1.8840,2025-05-17 20:00:49,188.0
0.5210,16.9650,0.5630,97.0970,1.7490,2025-05-17 20:00:49,188.0
0.5270,17.0120,0.5770,97.0530,1.8270,2025-05-17 20:00:49,188.0
0.52,17.0150,0.5350,96.7630,1.7790,2025-05-17 20:00:49,188.0
0.5480,16.99,0.6020,97.2410,1.9460,2025-05-17 20:00:49,188.0
0.5230,16.9740,0.4590,96.7340,1.6880,2025-05-17 20:00:49,188.0
0.5420,16.9330,0.5390,96.7340,1.7920,2025-05-17 20:00:49,188.0
0.5260,16.8990,0.5210,96.8280,1.8470,2025-05-17 20:05:50,189.0
0.5410,16.9140,0.4970,96.8530,1.8260,2025-05-17 20:05:50,189.0
0.5450,16.8890,0.4270,96.91,1.8820,2025-05-17 20:05:50,189.0
0.5450,16.9110,0.5560,97.1250,1.9290,2025-05-17 20:05:50,189.0
0.5290,17.0560,0.50,97.0690,1.9810,2025-05-17 20:05:50,189.0
0.5420,16.9830,0.4310,97.0060,1.84,2025-05-17 20:05:50,189.0
0.5380,16.9240,0.4830,97.1330,1.8660,2025-05-17 20:05:50,189.0
0.5280,16.9460,0.4480,97.0160,1.8290,2025-05-17 20:05:50,189.0
0.5290,16.9330,0.4520,96.8780,1.85,2025-05-17 20:05:50,189.0
0.5420,16.9960,0.55,97.1840,1.8520,2025-05-17 20:05:50,189.0
0.5340,16.9830,0.4830,97.0310,1.91,2025-05-17 20:05:50,189.0
0.5440,17.0180,0.4690,97.0520,1.7770,2025-05-17 20:05:50,189.0
0.5270,16.9460,0.3810,96.9550,1.8780,2025-05-17 20:05:50,189.0
0.5390,16.99,0.6020,96.9750,1.8980,2025-05-17 20:05:50,189.0
0.5490,16.9650,0.6230,96.7070,1.9480,2025-05-17 20:05:50,189.0
0.5450,16.9140,0.4380,97.1330,1.8840,2025-05-17 20:05:50,189.0
0.5420,16.9770,0.4760,96.8330,1.8880,2025-05-17 20:05:50,189.0
0.5260,16.8990,0.55,97.0890,1.7920,2025-05-17 20:05:50,189.0
0.5390,16.9270,0.4870,96.8620,1.8890,2025-05-17 20:05:50,189.0
0.5340,16.9550,0.4620,96.9420,1.8770,2025-05-17 20:05:50,189.0
0.5510,16.9770,0.5670,96.5950,1.88,2025-05-17 22:05:52,190.0
0.5440,16.98,0.43,97.1760,1.8770,2025-05-17 22:05:52,190.0
0.5350,16.9610,0.4790,97.0960,1.7270,2025-05-17 22:05:52,190.0
0.5190,16.9460,0.5110,97.0380,1.8090,2025-05-17 22:05:52,190.0
0.5180,16.8920,0.4310,97.1740,1.7230,2025-05-17 22:05:52,190.0
0.5340,16.8950,0.5880,96.7390,1.8280,2025-05-17 22:05:52,190.0
0.5240,16.8950,0.5430,97.1340,1.8580,2025-05-17 22:05:52,190.0
0.5320,16.9520,0.4480,96.8650,1.8690,2025-05-17 22:05:52,190.0
0.53,16.8830,0.5150,97.1180,1.7940,2025-05-17 22:05:52,190.0
0.5340,16.88,0.4760,96.7580,1.8660,2025-05-17 22:05:52,190.0
0.5510,16.9460,0.5180,97.1240,1.9270,2025-05-17 22:05:52,190.0
0.5340,16.9740,0.5180,96.7580,1.7950,2025-05-17 22:05:52,190.0
0.5510,16.9710,0.35,96.8640,1.8330,2025-05-17 22:05:52,190.0
0.5250,16.8450,0.6440,96.9610,1.9090,2025-05-17 22:05:52,190.0
0.5310,16.9170,0.5910,97.1350,1.9710,2025-05-17 22:05:52,190.0
0.5220,16.98,0.5040,96.6210,1.8440,2025-05-17 22:05:52,190.0
0.5360,16.8360,0.5670,97.2130,1.8380,2025-05-17 22:05:52,190.0
0.53,16.9110,0.3460,96.8270,1.7820,2025-05-17 22:05:52,190.0
0.5320,16.93,0.4580,97.05,1.7370,2025-05-17 22:05:52,190.0
0.5250,16.9990,0.4940,97.14,1.7520,2025-05-17 22:05:52,190.0
0.5310,16.9610,0.62,96.9760,1.81,2025-05-17 22:20:53,191.0
0.5340,16.9170,0.5220,97.1270,1.7970,2025-05-17 22:20:53,191.0
0.5350,16.9050,0.7660,97.1920,1.8160,2025-05-17 22:20:53,191.0
0.5350,17.0560,0.5420,96.98,1.8140,2025-05-17 22:20:53,191.0
0.5210,16.9170,0.5780,97.0340,1.6890,2025-05-17 22:20:53,191.0
0.5480,17.0210,0.4060,97.0250,1.9060,2025-05-17 22:20:53,191.0
0.5160,16.9270,0.6930,96.6850,1.7070,2025-05-17 22:20:53,191.0
0.54,17.0050,0.3820,97,1.8510,2025-05-17 22:20:53,191.0
0.5320,16.8920,0.5320,97.0460,1.8590,2025-05-17 22:20:53,191.0
0.5240,16.9710,0.4380,97.1420,1.8210,2025-05-17 22:20:53,191.0
0.5330,16.9990,0.55,96.9860,1.80,2025-05-17 22:20:53,191.0
0.5480,17.0270,0.49,96.9640,1.8620,2025-05-17 22:20:53,191.0
0.51,16.8950,0.5110,96.9880,1.7950,2025-05-17 22:20:53,191.0
0.5520,17.0560,0.3750,96.8210,1.9860,2025-05-17 22:20:53,191.0
0.5440,16.9430,0.5560,97.0450,1.7450,2025-05-17 22:20:53,191.0
0.5580,17.0270,0.4410,96.8240,1.8620,2025-05-17 22:20:53,191.0
0.5440,17.0530,0.4830,97.0830,1.8460,2025-05-17 22:20:53,191.0
0.5440,16.9740,0.3990,96.7910,1.8970,2025-05-17 22:20:53,191.0
0.5590,17.0530,0.4940,97.0930,1.8720,2025-05-17 22:20:53,191.0
0.5420,17.04,0.5290,96.7910,1.9220,2025-05-17 22:20:53,191.0
0.5170,16.8170,0.6370,97.1120,1.7170,2025-05-20 13:09:12,192.0
0.5240,16.8830,0.5080,97.1520,1.8130,2025-05-20 13:09:12,192.0
0.5330,17.0050,0.6510,96.8210,1.8120,2025-05-20 13:09:12,192.0
0.52,17.0050,0.7390,96.7520,1.80,2025-05-20 13:09:12,192.0
0.5440,17.0180,0.4870,96.9540,1.8360,2025-05-20 13:09:12,192.0
0.5370,16.8450,0.5910,96.9350,1.7910,2025-05-20 13:09:12,192.0
0.52,16.7570,0.5390,97.2330,1.8670,2025-05-20 13:09:12,192.0
0.5280,16.9360,0.6830,96.7030,1.7920,2025-05-20 13:09:12,192.0
0.52,16.9770,0.6060,96.71,1.7140,2025-05-20 13:09:12,192.0
0.5570,16.8950,0.7910,97.0450,1.9190,2025-05-20 13:09:12,192.0
0.5370,16.8580,0.6510,97.1390,1.8220,2025-05-20 13:09:12,192.0
0.5370,16.82,0.6050,97.32,1.8530,2025-05-20 13:09:12,192.0
0.5250,16.98,0.62,96.7640,1.7820,2025-05-20 13:09:12,192.0
0.5160,16.8950,0.8050,96.7730,1.8220,2025-05-20 13:09:12,192.0
0.5430,16.98,0.5850,97.1870,1.7930,2025-05-20 13:09:12,192.0
0.5460,16.9330,0.6540,96.8280,1.8830,2025-05-20 13:09:12,192.0
0.5210,16.9210,0.6370,96.8440,1.8330,2025-05-20 13:09:12,192.0
0.5330,16.9430,0.63,97.05,1.94,2025-05-20 13:09:12,192.0
0.53,16.8580,0.70,97.0980,1.7070,2025-05-20 13:09:12,192.0
0.5030,16.7160,0.6090,97.1020,1.6560,2025-05-20 13:09:12,192.0
0.5430,16.8550,0.6020,96.9710,1.9050,2025-05-20 21:19:18,193.0
0.5250,16.8610,0.4940,96.9130,1.6910,2025-05-20 21:19:18,193.0
0.5210,16.9580,0.6620,97.1580,1.6650,2025-05-20 21:19:18,193.0
0.5070,16.9270,0.5290,96.7570,1.5310,2025-05-20 21:19:18,193.0
0.5220,16.8860,0.7180,97.0160,1.8120,2025-05-20 21:19:18,193.0
0.5440,16.9240,0.5770,96.9950,1.7860,2025-05-20 21:19:18,193.0
0.4950,16.83,0.4480,97.3350,1.6440,2025-05-20 21:19:18,193.0
0.5230,16.88,0.6650,96.6890,1.7430,2025-05-20 21:19:18,193.0
0.5490,16.88,0.7420,97.06,1.8820,2025-05-20 21:19:18,193.0
0.5420,16.9930,0.5460,96.70,1.7970,2025-05-20 21:19:18,193.0
0.5140,16.9390,0.5350,97.1020,1.6830,2025-05-20 21:19:18,193.0
0.5510,16.93,0.5990,97.1240,1.8560,2025-05-20 21:19:18,193.0
0.5250,16.9770,0.8050,96.7690,1.7630,2025-05-20 21:19:18,193.0
0.5310,16.9360,0.7180,96.8360,1.8580,2025-05-20 21:19:18,193.0
0.5480,17.0810,0.5710,96.6310,1.9170,2025-05-20 21:19:18,193.0
0.5630,16.9580,0.4230,97.16,1.9730,2025-05-20 21:19:18,193.0
0.5490,16.8770,0.5040,96.9880,1.8460,2025-05-20 21:19:18,193.0
0.5320,16.8230,0.5640,96.6660,1.8090,2025-05-20 21:19:18,193.0
0.5390,16.9050,0.69,97.0560,1.8220,2025-05-20 21:19:18,193.0
0.5080,16.9110,0.7240,96.7980,1.6690,2025-05-20 21:19:18,193.0
0.5350,16.8580,0.7280,97.0160,1.7460,2025-05-21 13:15:24,194.0
0.5330,16.8770,0.4690,97.05,1.7530,2025-05-21 13:15:24,194.0
0.5340,16.99,0.6440,96.7940,1.81,2025-05-21 13:15:24,194.0
0.5210,17.0460,0.5350,96.7850,1.7750,2025-05-21 13:15:24,194.0
0.54,16.8770,0.6060,97.2330,1.8290,2025-05-21 13:15:24,194.0
0.5520,17.0930,0.6480,96.9880,1.8840,2025-05-21 13:15:24,194.0
0.5150,16.8890,0.5390,97.1750,1.7090,2025-05-21 13:15:24,194.0
0.5350,17.0050,0.5710,96.9090,1.7680,2025-05-21 13:15:24,194.0
0.54,16.9170,0.5670,96.9020,1.88,2025-05-21 13:15:24,194.0
0.5340,16.9390,0.4970,96.8090,1.7520,2025-05-21 13:15:24,194.0
0.5450,16.8640,0.6830,97.1960,1.7950,2025-05-21 13:15:24,194.0
0.5270,17.0180,0.4970,96.9450,1.6860,2025-05-21 13:15:24,194.0
0.5320,16.8610,0.5320,97.0970,1.81,2025-05-21 13:15:24,194.0
0.5420,16.9460,0.6830,96.77,1.8590,2025-05-21 13:15:24,194.0
0.55,17.0150,0.5180,97.1410,1.7640,2025-05-21 13:15:24,194.0
0.5370,16.9960,0.5770,97.0830,1.7770,2025-05-21 13:15:24,194.0
0.5260,16.77,0.4830,97.1970,1.7430,2025-05-21 13:15:24,194.0
0.5310,16.9430,0.6720,97.3740,1.7760,2025-05-21 13:15:24,194.0
0.5250,16.9360,0.6890,96.7970,1.7650,2025-05-21 13:15:24,194.0
0.5340,16.8640,0.5420,96.9530,1.7430,2025-05-21 13:15:24,194.0
0.5240,16.9610,0.7310,96.7150,1.7930,2025-05-21 21:25:33,195.0
0.5420,16.9650,0.6440,97.08,1.9230,2025-05-21 21:25:33,195.0
0.5230,16.99,0.7070,96.9010,1.8150,2025-05-21 21:25:33,195.0
0.5520,17.0840,0.6720,96.7260,1.8510,2025-05-21 21:25:33,195.0
0.5410,17.0120,0.6540,96.7250,1.7470,2025-05-21 21:25:33,195.0
0.5390,16.8730,0.5640,96.7680,1.8450,2025-05-21 21:25:33,195.0
0.5440,16.8950,0.6720,96.8550,1.86,2025-05-21 21:25:33,195.0
0.5430,16.9680,0.5630,97.1620,1.8470,2025-05-21 21:25:33,195.0
0.5280,17.0120,0.6370,96.9170,1.8160,2025-05-21 21:25:33,195.0
0.5670,17.0430,0.4550,96.7530,1.9940,2025-05-21 21:25:33,195.0
0.5430,16.9580,0.5810,96.6210,1.9150,2025-05-21 21:25:33,195.0
0.5620,17.0050,0.6120,96.8660,2.0580,2025-05-21 21:25:33,195.0
0.5160,16.8990,0.6190,97.0080,1.8430,2025-05-21 21:25:33,195.0
0.5470,17.0620,0.6970,96.9510,1.8730,2025-05-21 21:25:33,195.0
0.5410,16.9990,0.5420,97.0280,1.9420,2025-05-21 21:25:33,195.0
0.5520,16.9210,0.5710,96.9820,1.8370,2025-05-21 21:25:33,195.0
0.5360,16.9830,0.7450,96.9530,1.7780,2025-05-21 21:25:33,195.0
0.5270,16.8390,0.6270,96.7720,1.8150,2025-05-21 21:25:33,195.0
0.5570,17.0210,0.6540,97.0180,1.8530,2025-05-21 21:25:33,195.0
0.5370,16.8950,0.7840,96.7340,1.8540,2025-05-21 21:25:33,195.0
0.5290,16.8950,0.5770,97.1520,1.8070,2025-05-22 13:04:15,196.0
0.5370,16.8950,0.6580,97.2970,1.8560,2025-05-22 13:04:15,196.0
0.5130,16.8550,0.6580,97.24,1.6620,2025-05-22 13:04:15,196.0
0.5430,16.8670,0.9340,97.1270,1.89,2025-05-22 13:04:15,196.0
0.5370,16.8950,0.6720,97.0480,1.8120,2025-05-22 13:04:15,196.0
0.5420,17.0210,0.62,96.8890,1.8180,2025-05-22 13:04:15,196.0
0.5180,16.9210,0.7140,96.9950,1.7230,2025-05-22 13:04:15,196.0
0.5350,16.9990,0.5560,97.1770,1.8260,2025-05-22 13:04:15,196.0
0.5380,16.8990,0.5780,97.0060,1.8090,2025-05-22 13:04:15,196.0
0.5630,16.8420,0.5420,97.2770,2.0120,2025-05-22 13:04:15,196.0
0.5380,17.0240,0.5530,97.1130,1.8420,2025-05-22 13:04:15,196.0
0.5670,16.9610,0.5710,96.6230,1.9110,2025-05-22 13:04:15,196.0
0.5380,16.83,0.6580,97.1650,1.8720,2025-05-22 13:04:15,196.0
0.5230,16.7890,0.4690,97.1580,1.8680,2025-05-22 13:04:15,196.0
0.5180,16.76,0.5710,97.1350,1.8290,2025-05-22 13:04:15,196.0
0.5360,17.0120,0.6270,97.0420,1.8240,2025-05-22 13:04:15,196.0
0.5420,16.83,0.6960,97.16,1.8990,2025-05-22 13:04:15,196.0
0.5130,16.88,0.6480,97.1530,1.8280,2025-05-22 13:04:15,196.0
0.5450,16.8640,0.7880,96.8010,1.9330,2025-05-22 13:04:15,196.0
0.5380,17.0020,0.69,96.8960,1.8860,2025-05-22 13:04:15,196.0
0.5270,17.0340,0.5150,96.9240,1.7790,2025-05-22 21:34:24,197.0
0.5470,17.1280,0.6620,96.8720,1.7080,2025-05-22 21:34:24,197.0
0.5470,17.0050,0.6720,96.7680,1.8640,2025-05-22 21:34:24,197.0
0.5450,17.0310,0.6440,96.7290,1.8890,2025-05-22 21:34:24,197.0
0.5540,17.0150,0.6270,96.7860,1.8130,2025-05-22 21:34:24,197.0
0.5010,16.9140,0.6650,97.2510,1.5460,2025-05-22 21:34:24,197.0
0.5380,16.9520,0.5530,97.06,1.8120,2025-05-22 21:34:24,197.0
0.5250,17.0210,0.6120,96.6580,1.8360,2025-05-22 21:34:24,197.0
0.5250,17.0240,0.5950,97.23,1.7230,2025-05-22 21:34:24,197.0
0.5360,16.99,0.6270,96.7180,1.8370,2025-05-22 21:34:24,197.0
0.5240,16.88,0.7210,96.89,1.7550,2025-05-22 21:34:24,197.0
0.53,17.0020,0.49,97.1150,1.7820,2025-05-22 21:34:24,197.0
0.5340,17.0490,0.4480,97.1070,1.8090,2025-05-22 21:34:24,197.0
0.5350,16.9460,0.4830,97.0260,1.8060,2025-05-22 21:34:24,197.0
0.5420,17.0090,0.4690,97.1120,1.7910,2025-05-22 21:34:24,197.0
0.5520,17.0490,0.5320,97.1320,1.8160,2025-05-22 21:34:24,197.0
0.5360,17.0620,0.6050,96.9150,1.8650,2025-05-22 21:34:24,197.0
0.5510,17.0310,0.41,96.7070,1.84,2025-05-22 21:34:24,197.0
0.5440,17.0050,0.6970,96.9410,1.9260,2025-05-22 21:34:24,197.0
0.5060,16.88,0.6620,97.0320,1.74,2025-05-22 21:34:24,197.0
0.5150,16.9050,0.6130,97.0260,1.6350,2025-05-23 11:19:58,198.0
0.5250,16.9460,0.5250,97.4380,1.7050,2025-05-23 11:19:58,198.0
0.5350,16.9990,0.7140,96.9050,1.7960,2025-05-23 11:19:58,198.0
0.5430,16.9270,0.6410,97.1520,1.6570,2025-05-23 11:19:58,198.0
0.54,16.9460,0.4480,97.1720,1.7790,2025-05-23 11:19:58,198.0
0.5240,16.8990,0.5110,96.8260,1.7950,2025-05-23 11:19:58,198.0
0.52,16.9710,0.6890,96.7160,1.6230,2025-05-23 11:19:58,198.0
0.5210,16.93,0.5950,96.9760,1.6120,2025-05-23 11:19:58,198.0
0.5240,16.9330,0.4270,97.2490,1.7690,2025-05-23 11:19:58,198.0
0.5390,16.93,0.49,96.7080,1.81,2025-05-23 11:19:58,198.0
0.5340,16.9990,0.6650,97.4090,0.0170,2025-05-23 11:19:58,198.0
0.5370,16.9680,0.5290,97.1340,1.8610,2025-05-23 11:19:58,198.0
0.5220,16.9490,0.6370,96.9940,1.7380,2025-05-23 11:19:58,198.0
0.5260,16.93,0.5110,97.0360,2.0180,2025-05-23 11:19:58,198.0
0.5560,16.9740,0.6090,96.90,1.8880,2025-05-23 11:19:58,198.0
0.5110,16.8890,0.5320,97.1020,1.6780,2025-05-23 11:19:58,198.0
0.53,16.8730,0.71,97.0330,1.7920,2025-05-23 11:19:58,198.0
0.5110,16.8140,0.7140,97.2130,1.6730,2025-05-23 11:19:58,198.0
0.5330,16.93,0.4830,97.18,1.7180,2025-05-23 11:19:58,198.0
0.5620,17.0270,0.5530,96.7270,1.9690,2025-05-23 11:19:58,198.0
0.5220,16.9830,0.6440,97.2060,1.7820,2025-05-23 13:15:02,199.0
0.5320,16.9830,0.4270,96.8620,1.7280,2025-05-23 13:15:02,199.0
0.5230,16.88,0.7280,96.8330,1.7330,2025-05-23 13:15:02,199.0
0.5170,16.9020,0.6680,97.1180,1.6710,2025-05-23 13:15:02,199.0
0.5510,16.93,0.63,96.7570,1.7750,2025-05-23 13:15:02,199.0
0.5380,17.0120,0.5950,96.6560,1.8350,2025-05-23 13:15:02,199.0
0.5370,16.98,0.6090,96.7670,1.7910,2025-05-23 13:15:02,199.0
0.54,17.0180,0.4440,97.11,1.7740,2025-05-23 13:15:02,199.0
0.5190,16.9490,0.5040,97.0550,1.6860,2025-05-23 13:15:02,199.0
0.5550,17.0180,0.6090,96.76,1.8280,2025-05-23 13:15:02,199.0
0.53,16.8230,0.6480,97.1720,1.7310,2025-05-23 13:15:02,199.0
0.5270,16.8550,0.4730,97.0190,1.7960,2025-05-23 13:15:02,199.0
0.5340,16.88,0.4620,96.9520,1.6910,2025-05-23 13:15:02,199.0
0.5280,16.8830,0.6020,96.7460,1.7130,2025-05-23 13:15:02,199.0
0.5450,16.9110,0.6510,96.8160,1.8790,2025-05-23 13:15:02,199.0
0.5310,16.8920,0.7070,96.9830,1.7350,2025-05-23 13:15:02,199.0
0.5520,17.0530,0.6720,96.7340,1.8670,2025-05-23 13:15:02,199.0
0.5370,16.9520,0.4870,97.0850,1.8420,2025-05-23 13:15:02,199.0
0.5320,16.9870,0.7490,97.1890,1.8750,2025-05-23 13:15:02,199.0
0.5350,16.8830,0.4380,96.7370,1.6680,2025-05-23 13:15:02,199.0
0.52,17.04,0.5290,96.87,1.67,2025-05-23 20:10:12,200.0
0.5320,17.0020,0.4380,96.8840,1.7750,2025-05-23 20:10:12,200.0
0.5310,16.9770,0.4440,97.0610,0.02,2025-05-23 20:10:12,200.0
0.5160,16.9240,0.5320,97.1350,1.62,2025-05-23 20:10:12,200.0
0.5260,16.9430,0.5320,96.9950,1.6770,2025-05-23 20:10:12,200.0
0.5480,16.9240,0.4450,97.3570,1.84,2025-05-23 20:10:12,200.0
0.5520,17.04,0.6020,96.8440,1.7780,2025-05-23 20:10:12,200.0
0.55,17.0020,0.70,96.7210,1.6690,2025-05-23 20:10:12,200.0
0.53,16.7420,0.55,97.0520,1.7080,2025-05-23 20:10:12,200.0
0.54,17.2030,0.5290,96.8010,1.8320,2025-05-23 20:10:12,200.0
0.5420,17.0180,0.6620,96.7080,1.9270,2025-05-23 20:10:12,200.0
0.5240,16.8360,0.5460,96.9840,1.6930,2025-05-23 20:10:12,200.0
0.5370,16.8670,0.5810,97.1860,1.7370,2025-05-23 20:10:12,200.0
0.5470,16.83,0.4310,97.24,1.8430,2025-05-23 20:10:12,200.0
0.5380,16.9740,0.62,96.8240,1.7370,2025-05-23 20:10:12,200.0
0.5280,16.9710,0.4940,96.9470,1.7250,2025-05-23 20:10:12,200.0
0.5410,17.0970,0.5180,96.8450,1.81,2025-05-23 20:10:12,200.0
0.55,17.0750,0.6830,96.7630,2.0430,2025-05-23 20:10:12,200.0
0.5470,17.0930,0.5040,96.6970,1.8350,2025-05-23 20:10:12,200.0
0.5490,16.9390,0.4790,96.8650,1.8120,2025-05-23 20:10:12,200.0
0.5430,17.0620,0.4860,97.2640,1.7830,2025-05-23 21:15:16,201.0
0.5490,16.8260,0.4270,97.4520,1.85,2025-05-23 21:15:16,201.0
0.5270,16.8480,0.5850,97.0630,1.74,2025-05-23 21:15:16,201.0
0.5290,16.9050,0.4760,97.2380,1.7930,2025-05-23 21:15:16,201.0
0.5180,16.8950,0.5980,96.8370,1.7090,2025-05-23 21:15:16,201.0
0.5480,16.9390,0.4760,97.0690,1.8150,2025-05-23 21:15:16,201.0
0.5470,16.9830,0.6410,96.9270,1.91,2025-05-23 21:15:16,201.0
0.54,16.9110,0.5530,97.0370,1.81,2025-05-23 21:15:16,201.0
0.5420,16.88,0.6060,97.0520,1.8120,2025-05-23 21:15:16,201.0
0.5390,16.9610,0.6270,97.1510,1.6990,2025-05-23 21:15:16,201.0
0.53,17.0090,0.6190,96.9580,1.92,2025-05-23 21:15:16,201.0
0.5510,17.0120,0.4440,97.1140,1.84,2025-05-23 21:15:16,201.0
0.5350,16.88,0.7490,97.2970,1.80,2025-05-23 21:15:16,201.0
0.5090,17.0620,0.6970,96.9250,1.7190,2025-05-23 21:15:16,201.0
0.5420,16.9140,0.5080,97.13,1.8370,2025-05-23 21:15:16,201.0
0.5410,16.8730,0.5530,96.9190,1.77,2025-05-23 21:15:16,201.0
0.5390,16.9930,0.5460,96.9130,1.8350,2025-05-23 21:15:16,201.0
0.5290,16.8670,0.6370,96.7540,1.7180,2025-05-23 21:15:16,201.0
0.5350,16.9610,0.7490,96.8020,1.7670,2025-05-23 21:15:16,201.0
0.5290,16.87,0.4690,97.0980,1.7550,2025-05-23 21:15:16,201.0
0.5310,17.0270,0.5710,96.8990,1.7820,2025-05-26 10:56:36,202.0
0.5450,17.0310,0.4760,97.1060,1.7410,2025-05-26 10:56:36,202.0
0.5370,17.0240,0.5530,96.6960,1.6490,2025-05-26 10:56:36,202.0
0.5250,16.9710,0.4230,96.8610,1.6510,2025-05-26 10:56:36,202.0
0.5330,16.9490,0.3640,96.8070,1.7030,2025-05-26 10:56:36,202.0
0.5280,16.9990,0.5710,96.90,1.7630,2025-05-26 10:56:36,202.0
0.5340,17.0810,0.6650,96.9420,1.7450,2025-05-26 10:56:36,202.0
0.5390,16.9140,0.6270,96.8490,1.7890,2025-05-26 10:56:36,202.0
0.5270,16.8330,0.5850,97.1210,1.8210,2025-05-26 10:56:36,202.0
0.5510,17.1030,0.5880,97.0780,1.7380,2025-05-26 10:56:36,202.0
0.5350,16.9930,0.4410,96.9450,1.8060,2025-05-26 10:56:36,202.0
0.5260,16.83,0.6410,96.7570,1.71,2025-05-26 10:56:36,202.0
0.5210,16.9330,0.4060,97.3840,1.65,2025-05-26 10:56:36,202.0
0.5220,16.9210,0.6930,96.6970,1.7530,2025-05-26 10:56:36,202.0
0.5240,16.9740,0.6480,96.8730,1.7470,2025-05-26 10:56:36,202.0
0.5230,16.8640,0.4760,97.0790,1.6670,2025-05-26 10:56:36,202.0
0.5430,16.9580,0.6230,96.7940,1.8610,2025-05-26 10:56:36,202.0
0.5150,16.9460,0.8190,96.9580,1.80,2025-05-26 10:56:36,202.0
0.5330,17.0150,0.5710,96.9030,1.7690,2025-05-26 10:56:36,202.0
0.5130,16.8830,0.5850,107.2970,1.6590,2025-05-26 10:56:36,202.0
0.54,17.0240,0.6760,96.7130,1.8150,2025-05-26 13:16:39,203.0
0.5260,16.8830,0.5950,97.1980,1.7130,2025-05-26 13:16:39,203.0
0.5430,17.0180,0.77,96.7090,1.8290,2025-05-26 13:16:39,203.0
0.5350,16.8330,0.4380,97.37,1.7850,2025-05-26 13:16:39,203.0
0.5570,17.0150,0.5080,96.7830,1.8210,2025-05-26 13:16:39,203.0
0.5270,16.93,0.7170,97.1240,1.7680,2025-05-26 13:16:39,203.0
0.5550,16.8730,0.4870,97.1280,1.97,2025-05-26 13:16:39,203.0
0.5560,16.9430,0.5630,97.2780,1.88,2025-05-26 13:16:39,203.0
0.54,16.9680,0.5220,97.3330,1.7450,2025-05-26 13:16:39,203.0
0.5250,16.9870,0.4970,96.6790,1.7630,2025-05-26 13:16:39,203.0
0.5430,16.9330,0.5460,96.8470,1.8970,2025-05-26 13:16:39,203.0
0.5290,16.7570,0.4860,97.0110,1.7640,2025-05-26 13:16:39,203.0
0.5290,17.0050,0.5080,96.98,1.7030,2025-05-26 13:16:39,203.0
0.5290,16.9050,0.5080,97.1270,1.7320,2025-05-26 13:16:39,203.0
0.5380,16.8860,0.77,97.1140,1.7890,2025-05-26 13:16:39,203.0
0.5440,17.0240,0.4940,97.13,1.8380,2025-05-26 13:16:39,203.0
0.5410,17.0050,0.5910,96.7270,1.8450,2025-05-26 13:16:39,203.0
0.5620,16.9170,0.6860,97.2650,1.8570,2025-05-26 13:16:39,203.0
0.5590,16.9390,0.6020,97.1060,1.8060,2025-05-26 13:16:39,203.0
0.5330,16.9270,0.6550,97.0940,1.7670,2025-05-26 13:16:39,203.0
0.5490,16.9330,0.5880,97.0810,1.80,2025-05-27 13:18:12,204.0
0.5420,16.9390,0.5910,97.2450,1.7720,2025-05-27 13:18:12,204.0
0.5450,17.0210,0.5320,96.8920,1.7470,2025-05-27 13:18:12,204.0
0.5180,16.8950,0.6190,97.0290,1.69,2025-05-27 13:18:12,204.0
0.5450,17.09,0.6160,96.8420,1.8090,2025-05-27 13:18:12,204.0
0.5080,16.8450,0.5570,96.9820,1.6810,2025-05-27 13:18:12,204.0
0.52,16.9050,0.6580,97.1440,1.7030,2025-05-27 13:18:12,204.0
0.5240,17.0050,0.4720,97.0330,1.64,2025-05-27 13:18:12,204.0
0.55,17.0490,0.4730,96.7670,1.8230,2025-05-27 13:18:12,204.0
0.5570,17.0650,0.5350,96.6410,1.92,2025-05-27 13:18:12,204.0
0.5450,17.0680,0.5740,96.6430,1.8260,2025-05-27 13:18:12,204.0
0.5490,16.8330,0.63,96.8610,1.9010,2025-05-27 13:18:12,204.0
0.5270,16.9930,0.42,96.8250,1.7740,2025-05-27 13:18:12,204.0
0.5190,16.8450,0.5110,96.9320,1.7510,2025-05-27 13:18:12,204.0
0.5190,16.9110,0.5950,97.1580,1.6880,2025-05-27 13:18:12,204.0
0.54,16.8360,0.6160,97.1620,1.6640,2025-05-27 13:18:12,204.0
0.54,17.0710,0.5670,96.7810,1.8190,2025-05-27 13:18:12,204.0
0.5370,16.9210,0.4690,97.1840,1.7320,2025-05-27 13:18:12,204.0
0.5290,16.9270,0.4520,96.81,1.7240,2025-05-27 13:18:12,204.0
0.5560,17.0840,0.56,97.7660,1.8310,2025-05-27 13:18:12,204.0
0.5450,16.9330,0.6580,96.77,1.80,2025-05-27 19:23:22,205.0
0.5310,17.0750,0.6930,96.8390,1.8460,2025-05-27 19:23:22,205.0
0.5430,16.9550,0.4380,97.2070,1.7250,2025-05-27 19:23:22,205.0
0.5250,16.8610,0.6750,97.1720,1.7330,2025-05-27 19:23:22,205.0
0.5060,16.9140,0.4620,96.8790,1.7030,2025-05-27 19:23:22,205.0
0.5310,17.0240,0.3740,96.8410,1.7290,2025-05-27 19:23:22,205.0
0.5380,17.0090,0.5210,97.0740,1.7750,2025-05-27 19:23:22,205.0
0.5280,16.9580,0.5110,97.1540,1.6820,2025-05-27 19:23:22,205.0
0.52,16.9390,0.4690,97.3090,1.7590,2025-05-27 19:23:22,205.0
0.5210,16.9460,0.5770,96.82,1.7380,2025-05-27 19:23:22,205.0
0.5560,16.99,0.6370,97.1240,1.8940,2025-05-27 19:23:22,205.0
0.55,16.7820,0.6020,97.2440,1.8770,2025-05-27 19:23:22,205.0
0.5490,17.1060,0.5420,96.6530,1.7950,2025-05-27 19:23:22,205.0
0.5410,16.9080,0.5780,96.8560,1.8410,2025-05-27 19:23:22,205.0
0.5140,16.8510,0.5110,97.1450,1.7550,2025-05-27 19:23:22,205.0
0.5210,16.8860,0.6930,96.6620,1.7750,2025-05-27 19:23:22,205.0
0.5330,17.0530,0.5530,96.7710,1.7920,2025-05-27 19:23:22,205.0
0.5210,16.9390,0.6090,96.8070,1.8450,2025-05-27 19:23:22,205.0
0.51,16.9650,0.5350,96.9710,1.6490,2025-05-27 19:23:22,205.0
0.5190,16.8990,0.5080,97.3630,1.6760,2025-05-27 19:23:22,205.0
0.5070,16.7860,0.6410,97.0910,1.6450,2025-05-27 21:33:26,206.0
0.5270,16.9650,0.63,96.9970,1.7220,2025-05-27 21:33:26,206.0
0.5020,16.8010,0.5110,97.0710,1.6840,2025-05-27 21:33:26,206.0
0.5180,16.9430,0.4550,96.7710,1.68,2025-05-27 21:33:26,206.0
0.5310,16.8140,0.7310,97.1880,1.8380,2025-05-27 21:33:26,206.0
0.5410,16.8330,0.5350,97.3870,1.72,2025-05-27 21:33:26,206.0
0.51,17.0340,0.6090,96.7090,1.6460,2025-05-27 21:33:26,206.0
0.5260,17.0090,0.5420,96.8350,1.6770,2025-05-27 21:33:26,206.0
0.5310,16.9990,0.5770,96.9750,1.7220,2025-05-27 21:33:26,206.0
0.5190,17.0460,0.4310,96.7770,1.6740,2025-05-27 21:33:26,206.0
0.5350,16.8920,0.5390,97.1050,1.7040,2025-05-27 21:33:26,206.0
0.54,16.8580,0.5770,97.3780,1.7740,2025-05-27 21:33:26,206.0
0.5160,16.9610,0.4060,96.8430,1.7510,2025-05-27 21:33:26,206.0
0.5240,16.9830,0.7530,97.0890,1.6620,2025-05-27 21:33:26,206.0
0.5310,17.0210,0.4380,97.1790,1.7620,2025-05-27 21:33:26,206.0
0.5460,17.0710,0.5320,96.6830,1.8080,2025-05-27 21:33:26,206.0
0.5210,16.8390,0.5390,96.96,1.7510,2025-05-27 21:33:26,206.0
0.5370,16.8140,0.5180,97.2850,1.7570,2025-05-28 12:48:32,207.0
0.5350,16.9080,0.50,97.2280,1.8110,2025-05-28 12:48:32,207.0
0.55,16.8550,0.50,97.0480,1.85,2025-05-28 12:48:32,207.0
0.5580,17.0930,0.5990,96.9010,1.7970,2025-05-28 12:48:32,207.0
0.5370,16.8950,0.7280,96.8370,1.8550,2025-05-28 12:48:32,207.0
0.5620,17.0210,0.5530,96.7350,1.8820,2025-05-28 12:48:32,207.0
0.5720,17.0120,0.6120,96.6910,1.90,2025-05-28 12:48:32,207.0
0.5140,16.8670,0.3710,97.2340,1.6070,2025-05-28 12:48:32,207.0
0.5350,17.0370,0.4940,97.0410,1.7980,2025-05-28 12:48:32,207.0
0.56,17.0050,0.6860,96.6860,1.96,2025-05-28 12:48:32,207.0
0.5420,16.8260,0.56,97.1630,1.86,2025-05-28 12:48:32,207.0
0.5580,16.9740,0.6830,96.8920,1.9060,2025-05-28 12:48:32,207.0
0.5280,16.7420,0.5640,97.1780,1.73,2025-05-28 12:48:32,207.0
0.5430,16.8260,0.4270,97.0790,1.8280,2025-05-28 12:48:32,207.0
0.5430,16.9740,0.63,96.7910,1.7740,2025-05-28 12:48:32,207.0
0.5410,17.0340,0.6020,96.7340,1.8130,2025-05-28 12:48:32,207.0
0.5320,17.1850,0.5360,96.8370,1.5890,2025-05-28 12:48:32,207.0
0.57,16.9430,0.6510,97.2190,1.9560,2025-05-28 12:48:32,207.0
0.5190,16.8860,0.4650,96.9510,1.7830,2025-05-28 12:48:32,207.0
0.5340,16.8360,0.5290,97.1020,1.8820,2025-05-28 12:48:32,207.0
0.5350,17.0460,0.5150,97.08,1.7970,2025-05-28 13:23:34,208.0
0.5150,16.8580,0.5560,96.8130,1.70,2025-05-28 13:23:34,208.0
0.5270,16.9830,0.6270,96.6740,1.8150,2025-05-28 13:23:34,208.0
0.5250,17.0310,0.5980,96.7890,1.7080,2025-05-28 13:23:34,208.0
0.5390,16.8860,0.6060,97.1590,1.6740,2025-05-28 13:23:34,208.0
0.5510,17.0180,0.4830,96.9280,1.8150,2025-05-28 13:23:34,208.0
0.5310,17.0270,0.5290,96.9570,1.7090,2025-05-28 13:23:34,208.0
0.5160,17.0150,0.6480,96.7110,1.72,2025-05-28 13:23:34,208.0
0.5410,16.9550,0.5220,96.8190,1.7620,2025-05-28 13:23:34,208.0
0.5340,16.8950,0.6760,96.8880,1.9180,2025-05-28 13:23:34,208.0
0.5210,16.9360,0.4310,96.7390,1.7630,2025-05-28 13:23:34,208.0
0.5210,16.87,0.6830,96.88,1.8130,2025-05-28 13:23:34,208.0
0.5190,16.9830,0.5070,97.2110,1.7120,2025-05-28 13:23:34,208.0
0.5260,16.9080,0.5850,96.7340,1.7480,2025-05-28 13:23:34,208.0
0.5420,16.8890,0.6510,97.0710,1.7610,2025-05-28 13:23:34,208.0
0.5260,17.0270,0.5950,97.1380,1.6810,2025-05-28 13:23:34,208.0
0.5420,17.0180,0.5530,96.7830,1.9370,2025-05-28 13:23:34,208.0
0.5180,16.8610,0.6370,97.1590,1.7920,2025-05-28 13:23:34,208.0
0.5430,16.99,0.4940,97.1030,1.81,2025-05-28 13:23:34,208.0
0.54,16.9830,0.5980,97.0580,1.7690,2025-05-28 13:23:34,208.0
0.5260,16.9270,0.5990,97.2370,1.7090,2025-05-28 19:03:47,209.0
0.5210,16.9360,0.4270,97.3510,1.7340,2025-05-28 19:03:47,209.0
0.54,17.0020,0.4380,97.4810,1.8340,2025-05-28 19:03:47,209.0
0.5220,17.0430,0.5530,96.96,1.7220,2025-05-28 19:03:47,209.0
0.5290,17.0370,0.3680,96.8970,1.7420,2025-05-28 19:03:47,209.0
0.5340,17.1970,0.4410,96.6430,1.8170,2025-05-28 19:03:47,209.0
0.5260,16.8920,0.6330,97.1590,1.7410,2025-05-28 19:03:47,209.0
0.5390,16.9050,0.6930,97.1850,1.6970,2025-05-28 19:03:47,209.0
0.5480,16.9930,0.5910,97.1450,1.8730,2025-05-28 19:03:47,209.0
0.53,16.9330,0.4830,97.0770,1.7560,2025-05-28 19:03:47,209.0
0.5460,17.0430,0.6020,97.12,1.8890,2025-05-28 19:03:47,209.0
0.5490,17.0560,0.5670,96.7150,1.7850,2025-05-28 19:03:47,209.0
0.5280,17.0340,0.6270,96.7060,1.6830,2025-05-28 19:03:47,209.0
0.5430,16.8950,0.5810,97.1680,1.8120,2025-05-28 19:03:47,209.0
0.5480,16.9870,0.5290,97.02,1.9280,2025-05-28 19:03:47,209.0
0.5580,17.1060,0.4450,96.9130,1.8420,2025-05-28 19:03:47,209.0
0.5430,17.0430,0.5150,97.0650,1.8440,2025-05-28 19:03:47,209.0
0.5270,16.8420,0.5250,97.1020,1.6860,2025-05-28 19:03:47,209.0
0.5360,17.0120,0.4790,97.3080,1.6740,2025-05-28 19:03:47,209.0
0.5320,16.9650,0.4790,97.0550,1.7630,2025-05-28 19:03:47,209.0
0.55,17.0120,0.5320,97.0740,1.78,2025-05-28 21:23:49,210.0
0.5320,16.8950,0.4660,97.1270,1.7810,2025-05-28 21:23:49,210.0
0.5340,17.0530,0.6130,96.7830,1.8120,2025-05-28 21:23:49,210.0
0.5020,16.7790,0.6440,97.0740,1.68,2025-05-28 21:23:49,210.0
0.53,16.9270,0.5320,96.7350,1.7280,2025-05-28 21:23:49,210.0
0.5230,16.8450,0.42,97.1370,1.7340,2025-05-28 21:23:49,210.0
0.5290,16.8860,0.5110,97.1530,1.6740,2025-05-28 21:23:49,210.0
0.5380,16.9680,0.5810,96.8920,1.8040,2025-05-28 21:23:49,210.0
0.5360,16.8580,0.5850,97.2230,1.8590,2025-05-28 21:23:49,210.0
0.5230,16.9550,0.4660,97.2780,1.6730,2025-05-28 21:23:49,210.0
0.5350,16.9770,0.5710,96.9980,1.8010,2025-05-28 21:23:49,210.0
0.5350,16.88,0.6720,97.0580,1.72,2025-05-28 21:23:49,210.0
0.54,16.9110,0.5350,97.2190,1.8230,2025-05-28 21:23:49,210.0
0.5420,16.9550,0.6960,96.6380,1.81,2025-05-28 21:23:49,210.0
0.5480,16.8890,0.6090,97.1110,1.7760,2025-05-28 21:23:49,210.0
0.5470,17.0090,0.5710,96.8970,1.8830,2025-05-28 21:23:49,210.0
0.5160,16.8990,0.5040,97.1320,1.6640,2025-05-28 21:23:49,210.0
0.5330,16.9930,0.5740,96.7570,1.7120,2025-05-28 21:23:49,210.0
0.5370,16.9270,0.6340,96.9690,1.8430,2025-05-28 21:23:49,210.0
0.5380,16.9830,0.6020,96.9090,1.8750,2025-05-28 21:23:49,210.0
0.5290,17.04,0.49,97.4420,1.6960,2025-05-29 11:19:53,211.0
0.5170,16.8890,0.5040,97.1210,1.6980,2025-05-29 11:19:53,211.0
0.5320,17.0430,0.8220,96.9540,1.7630,2025-05-29 11:19:53,211.0
0.5440,16.99,0.6410,96.8080,1.7640,2025-05-29 11:19:53,211.0
0.5360,17.0050,0.55,96.7540,1.7540,2025-05-29 11:19:53,211.0
0.5250,16.9740,0.5180,96.8440,1.8180,2025-05-29 11:19:53,211.0
0.5370,16.9990,0.5850,96.7790,1.7770,2025-05-29 11:19:53,211.0
0.5550,17.0240,0.6120,97.0570,1.8050,2025-05-29 11:19:53,211.0
0.5430,17.0020,0.5740,97.4070,1.7350,2025-05-29 11:19:53,211.0
0.5430,16.9930,0.50,96.6130,1.8030,2025-05-29 11:19:53,211.0
0.5350,16.9870,0.6440,96.8790,1.7070,2025-05-29 11:19:53,211.0
0.5450,17.0780,0.6540,96.9620,1.7810,2025-05-29 11:19:53,211.0
0.5340,16.9580,0.49,97.0750,1.7480,2025-05-29 11:19:53,211.0
0.5440,16.9710,0.4650,97.2540,1.8130,2025-05-29 11:19:53,211.0
0.5530,17.0430,0.5630,96.7570,1.77,2025-05-29 11:19:53,211.0
0.5250,17.0460,0.6540,96.7310,1.6380,2025-05-29 11:19:53,211.0
0.5310,16.9210,0.6440,96.7310,1.7610,2025-05-29 11:19:53,211.0
0.5370,16.8990,0.4660,97.1130,1.8390,2025-05-29 11:19:53,211.0
0.5510,17.0490,0.49,97.1030,1.8730,2025-05-29 11:19:53,211.0
0.5480,17.0650,0.3810,96.8310,1.7560,2025-05-29 11:19:53,211.0
0.5530,17.10,0.4730,96.9580,1.7520,2025-05-29 13:09:56,212.0
0.5310,17.0270,0.4130,96.7940,1.7870,2025-05-29 13:09:56,212.0
0.5310,17.0090,0.5950,96.8630,1.8340,2025-05-29 13:09:56,212.0
0.5540,16.9360,0.5250,96.69,1.8950,2025-05-29 13:09:56,212.0
0.5260,16.9430,0.5640,97.1480,1.6890,2025-05-29 13:09:56,212.0
0.5270,17.1090,0.5290,96.9340,1.6710,2025-05-29 13:09:56,212.0
0.51,16.9770,0.6090,96.8140,1.6910,2025-05-29 13:09:56,212.0
0.5260,16.8640,0.2980,96.9640,1.7070,2025-05-29 13:09:56,212.0
0.5510,16.9330,0.5770,96.8330,1.8350,2025-05-29 13:09:56,212.0
0.5320,16.9080,0.5180,96.7530,1.6970,2025-05-29 13:09:56,212.0
0.5310,17.0780,0.4730,97.1510,1.6680,2025-05-29 13:09:56,212.0
0.5340,16.9140,0.3850,97.2250,1.7680,2025-05-29 13:09:56,212.0
0.5230,16.8830,0.6760,97.0870,1.7080,2025-05-29 13:09:56,212.0
0.5520,16.9870,0.64,96.7640,1.8840,2025-05-29 13:09:56,212.0
0.54,17.0490,0.4830,97.1770,1.7590,2025-05-29 13:09:56,212.0
0.5460,17.0240,0.5850,97.0810,1.7670,2025-05-29 13:09:56,212.0
0.5530,16.9580,0.6410,97.0520,1.8650,2025-05-29 13:09:56,212.0
0.5250,16.9930,0.6760,96.6720,1.7910,2025-05-29 13:09:56,212.0
0.5460,16.93,0.3530,97.1530,1.7130,2025-05-29 13:09:56,212.0
0.5220,16.9740,0.56,97.0960,1.7140,2025-05-29 13:09:56,212.0
0.5360,16.9610,0.50,97.1010,1.8090,2025-05-29 19:30:07,213.0
0.5320,16.9990,0.5350,96.6930,1.8070,2025-05-29 19:30:07,213.0
0.5410,17.0460,0.4970,97.0570,1.7740,2025-05-29 19:30:07,213.0
0.5460,16.9960,0.5710,97.2530,1.89,2025-05-29 19:30:07,213.0
0.5230,16.9740,0.35,96.8620,1.78,2025-05-29 19:30:07,213.0
0.5520,16.9330,0.5320,97.35,1.90,2025-05-29 19:30:07,213.0
0.55,16.9710,0.6440,97.1870,1.75,2025-05-29 19:30:07,213.0
0.5580,16.9740,0.5320,97.0510,2.0550,2025-05-29 19:30:07,213.0
0.5370,16.8580,0.7630,97.01,1.7690,2025-05-29 19:30:07,213.0
0.5220,17.0590,0.5220,96.8530,1.79,2025-05-29 19:30:07,213.0
0.54,17.0050,0.42,97.0610,1.6790,2025-05-29 19:30:07,213.0
0.55,17.0120,0.5640,96.9160,1.8630,2025-05-29 19:30:07,213.0
0.5340,17.0340,0.4940,96.8020,1.8190,2025-05-29 19:30:07,213.0
0.5330,16.99,0.5710,96.7040,1.8150,2025-05-29 19:30:07,213.0
0.5420,17.0710,0.6270,96.78,1.8460,2025-05-29 19:30:07,213.0
0.5520,16.9740,0.4690,97.2460,1.8750,2025-05-29 19:30:07,213.0
0.5480,17.0240,0.4650,96.99,1.7310,2025-05-29 19:30:07,213.0
0.5740,16.9960,0.6860,96.9320,1.8920,2025-05-29 19:30:07,213.0
0.5110,16.87,0.5880,97.1380,1.7070,2025-05-29 19:30:07,213.0
0.5030,16.8420,0.6820,96.8710,1.6940,2025-05-29 19:30:07,213.0
0.5190,16.9520,0.5180,97.0540,1.8350,2025-05-29 21:25:10,214.0
0.5470,16.9740,0.6120,96.8930,1.8740,2025-05-29 21:25:10,214.0
0.5350,17.0050,0.4650,96.77,1.8470,2025-05-29 21:25:10,214.0
0.52,16.9240,0.5110,97.0760,1.6710,2025-05-29 21:25:10,214.0
0.57,17.0870,0.4690,96.8840,1.9630,2025-05-29 21:25:10,214.0
0.5480,16.9740,0.5320,97.1030,1.7130,2025-05-29 21:25:10,214.0
0.5440,16.9960,0.7420,96.9040,1.8460,2025-05-29 21:25:10,214.0
0.5440,17.0090,0.5530,96.7360,1.8210,2025-05-29 21:25:10,214.0
0.5420,17.0650,0.5420,96.7120,1.8790,2025-05-29 21:25:10,214.0
0.5610,16.9710,0.5530,96.8450,1.9530,2025-05-29 21:25:10,214.0
0.53,16.99,0.8850,97.3520,1.69,2025-05-29 21:25:10,214.0
0.5330,16.9460,0.5210,97.0220,1.7720,2025-05-29 21:25:10,214.0
0.5230,17.0270,0.6650,96.7740,1.6630,2025-05-29 21:25:10,214.0
0.5270,17.09,0.6020,96.8090,1.7130,2025-05-29 21:25:10,214.0
0.53,16.9270,0.64,97.2950,1.8830,2025-05-29 21:25:10,214.0
0.5370,16.9140,0.5910,97.08,1.8260,2025-05-29 21:25:10,214.0
0.5170,16.9770,0.6060,96.6130,1.7670,2025-05-29 21:25:10,214.0
0.53,17.0680,0.5530,96.7860,1.7340,2025-05-29 21:25:10,214.0
0.54,16.9870,0.5630,97.0950,1.8260,2025-05-29 21:25:10,214.0
0.5220,16.8990,0.6830,97.1060,1.7490,2025-05-29 21:25:10,214.0
0.5420,16.9580,0.35,96.9730,1.8890,2025-05-30 13:22:23,215.0
0.5250,17.0210,0.4060,97.0170,1.80,2025-05-30 13:22:23,215.0
0.5210,16.9650,0.42,97.15,1.7130,2025-05-30 13:22:23,215.0
0.5180,16.9870,0.3430,97.3310,1.7120,2025-05-30 13:22:23,215.0
0.5410,16.9650,0.4690,97.0960,1.82,2025-05-30 13:22:23,215.0
0.5330,17.0370,0.4130,97.0330,1.8490,2025-05-30 13:22:23,215.0
0.5510,16.9610,0.5390,96.8670,1.7680,2025-05-30 13:22:23,215.0
0.5160,17.0120,0.5280,97.1430,1.79,2025-05-30 13:22:23,215.0
0.53,16.9210,0.7240,96.8140,1.8210,2025-05-30 13:22:23,215.0
0.5340,17.0930,0.4870,96.8290,1.6630,2025-05-30 13:22:23,215.0
0.5340,16.9680,0.3610,97.0710,1.7750,2025-05-30 13:22:23,215.0
0.5390,16.9580,0.5710,96.8540,1.8580,2025-05-30 13:22:23,215.0
0.5330,17.04,0.4940,96.7910,1.7770,2025-05-30 13:22:23,215.0
0.5270,16.8950,0.35,97.08,1.7150,2025-05-30 13:22:23,215.0
0.5430,17.0210,0.6020,96.63,1.9060,2025-05-30 13:22:23,215.0
0.5370,16.9270,0.6060,97.0890,1.8630,2025-05-30 13:22:23,215.0
0.5470,17.0240,0.7520,96.80,1.8130,2025-05-30 13:22:23,215.0
0.5180,17.0150,0.4690,96.8050,1.7490,2025-05-30 13:22:23,215.0
0.5510,16.9390,0.6120,97.0840,1.8930,2025-05-30 13:22:23,215.0
0.5530,17.0340,0.49,96.9570,1.8680,2025-05-30 13:22:23,215.0
0.55,16.9740,0.4130,96.7180,1.7640,2025-06-03 11:06:30,216.0
0.5250,16.8950,0.5320,96.8560,1.7740,2025-06-03 11:06:30,216.0
0.5210,16.9390,0.6230,96.7770,1.7370,2025-06-03 11:06:30,216.0
0.5140,16.8510,0.5950,97.1090,1.7920,2025-06-03 11:06:30,216.0
0.5340,16.8950,0.5740,96.82,1.9260,2025-06-03 11:06:30,216.0
0.55,16.9960,0.4580,97.1990,1.9440,2025-06-03 11:06:30,216.0
0.5360,17.0370,0.5670,96.7190,1.7220,2025-06-03 11:06:30,216.0
0.5420,16.9580,0.4860,96.78,1.83,2025-06-03 11:06:30,216.0
0.5240,16.9490,0.6340,96.6530,1.8420,2025-06-03 11:06:30,216.0
0.5410,16.9650,0.7660,96.73,1.8690,2025-06-03 11:06:30,216.0
0.52,16.8670,0.4230,97.0150,1.7520,2025-06-03 11:06:30,216.0
0.5390,16.9710,0.4830,96.8140,1.8250,2025-06-03 11:06:30,216.0
0.5390,16.8950,0.4730,96.9690,1.7710,2025-06-03 11:06:30,216.0
0.5250,16.9050,0.5770,96.7740,1.7870,2025-06-03 11:06:30,216.0
0.5240,16.8950,0.4580,97.1710,1.7010,2025-06-03 11:06:30,216.0
0.5290,16.7510,0.5040,97.14,1.6490,2025-06-03 11:06:30,216.0
0.5360,16.9140,0.5430,96.9760,1.82,2025-06-03 11:06:30,216.0
0.5460,16.8990,0.5210,97.0740,1.7950,2025-06-03 11:06:30,216.0
0.5410,16.8610,0.5780,97.23,1.80,2025-06-03 11:06:30,216.0
0.5240,16.9650,0.4690,97.1190,1.6290,2025-06-03 11:06:30,216.0
0.5340,16.9390,0.5530,96.7140,1.8440,2025-06-03 11:11:31,217.0
0.5620,16.8510,0.4830,97.10,1.80,2025-06-03 11:11:31,217.0
0.5260,16.9020,0.6550,96.92,1.7840,2025-06-03 11:11:31,217.0
0.5320,16.9490,0.5110,97.1280,1.7470,2025-06-03 11:11:31,217.0
0.52,16.8950,0.3570,96.9330,1.9320,2025-06-03 11:11:31,217.0
0.5360,16.9140,0.49,97.0050,1.8860,2025-06-03 11:11:31,217.0
0.5380,16.9520,0.5460,96.8210,1.7560,2025-06-03 11:11:31,217.0
0.5260,16.8330,0.5180,97.01,1.8370,2025-06-03 11:11:31,217.0
0.5320,16.9580,0.4380,96.6830,1.80,2025-06-03 11:11:31,217.0
0.5090,16.8230,0.5880,96.9070,1.7750,2025-06-03 11:11:31,217.0
0.5410,16.9390,0.4170,97.01,1.8740,2025-06-03 11:11:31,217.0
0.5360,16.9520,0.5040,97.0640,1.7260,2025-06-03 11:11:31,217.0
0.5340,16.87,0.4970,96.8890,1.6980,2025-06-03 11:11:31,217.0
0.5110,16.8950,0.6610,97.1270,1.7470,2025-06-03 11:11:31,217.0
0.51,16.8330,0.5110,96.83,1.7070,2025-06-03 11:11:31,217.0
0.5530,16.8330,0.4830,97.2760,1.9340,2025-06-03 11:11:31,217.0
0.5090,16.8550,0.55,97.1240,1.77,2025-06-03 11:11:31,217.0
0.5160,16.8770,0.56,97.1140,1.8080,2025-06-03 11:11:31,217.0
0.5240,16.7920,0.5390,96.9660,1.7420,2025-06-03 11:11:31,217.0
0.5270,16.6820,0.5780,96.7950,1.8230,2025-06-03 11:11:31,217.0
0.5190,17.0020,0.55,96.81,1.7130,2025-06-03 12:56:32,218.0
0.55,16.9990,0.6480,96.7060,1.7040,2025-06-03 12:56:32,218.0
0.5220,16.8580,0.7040,97.03,1.73,2025-06-03 12:56:32,218.0
0.5410,16.9360,0.4520,96.9470,1.8430,2025-06-03 12:56:32,218.0
0.53,16.9140,0.5040,96.9780,1.7720,2025-06-03 12:56:32,218.0
0.5160,17.0050,0.3360,96.7780,1.5770,2025-06-03 12:56:32,218.0
0.5380,16.9770,0.42,97.1280,1.73,2025-06-03 12:56:32,218.0
0.53,16.9680,0.5950,97.2110,1.6930,2025-06-03 12:56:32,218.0
0.5580,17.0150,0.4130,96.9580,1.8020,2025-06-03 12:56:32,218.0
0.5110,16.9770,0.63,97.07,1.66,2025-06-03 12:56:32,218.0
0.5320,17.0180,0.5350,96.8730,1.7020,2025-06-03 12:56:32,218.0
0.5420,16.9330,0.6680,97.0910,1.8270,2025-06-03 12:56:32,218.0
0.5280,16.9080,0.77,96.9390,1.7490,2025-06-03 12:56:32,218.0
0.5390,17.0240,0.5460,96.8750,1.8150,2025-06-03 12:56:32,218.0
0.5560,17.0150,0.49,96.8490,1.81,2025-06-03 12:56:32,218.0
0.5320,17.0310,0.4550,96.6690,1.6970,2025-06-03 12:56:32,218.0
0.5190,16.9680,0.4970,97.0370,1.6960,2025-06-03 12:56:32,218.0
0.5340,16.9960,0.4690,96.7150,1.7220,2025-06-03 12:56:32,218.0
0.5340,16.9110,0.4690,97.2670,1.7880,2025-06-03 12:56:32,218.0
0.5350,16.9610,0.4060,97.1720,1.8310,2025-06-03 12:56:32,218.0
0.5410,17.0120,0.5950,96.8730,1.8480,2025-06-03 18:46:38,219.0
0.5570,17.0490,0.4310,96.9440,1.9380,2025-06-03 18:46:38,219.0
0.5490,16.9580,0.5210,97.1310,1.7620,2025-06-03 18:46:38,219.0
0.5280,16.9520,0.5840,97.0320,1.8790,2025-06-03 18:46:38,219.0
0.5220,16.9930,0.5770,96.9030,1.7910,2025-06-03 18:46:38,219.0
0.5260,16.9550,0.4860,97.2060,1.8280,2025-06-03 18:46:38,219.0
0.5380,16.9330,0.5840,96.85,1.9380,2025-06-03 18:46:38,219.0
0.5350,16.9020,0.6120,96.9970,1.88,2025-06-03 18:46:38,219.0
0.52,16.9580,0.4720,97.2250,1.7930,2025-06-03 18:46:38,219.0
0.5290,16.9990,0.34,96.6930,1.7740,2025-06-03 18:46:38,219.0
0.5230,16.9080,0.6090,97.2610,1.77,2025-06-03 18:46:38,219.0
0.5220,16.9270,0.6790,96.9270,1.8530,2025-06-03 18:46:38,219.0
0.5350,16.9550,0.4380,97.2320,1.8070,2025-06-03 18:46:38,219.0
0.53,16.99,0.42,96.8560,1.5720,2025-06-03 18:46:38,219.0
0.5270,16.8860,0.6270,97.1880,1.7520,2025-06-03 18:46:38,219.0
0.5560,16.8920,0.6510,97.14,2.0780,2025-06-03 18:46:38,219.0
0.5180,16.98,0.6160,96.81,1.7460,2025-06-03 18:46:38,219.0
0.5370,16.9330,0.5390,97.0130,1.7680,2025-06-03 18:46:38,219.0
0.5140,16.9770,0.42,97.1790,1.6870,2025-06-03 18:46:38,219.0
0.5140,16.8950,0.3850,97.1310,1.7560,2025-06-03 18:46:38,219.0
0.5090,16.93,0.5150,97.0620,1.6880,2025-06-03 18:56:38,220.0
0.5530,17.15,0.5490,96.7490,1.9040,2025-06-03 18:56:38,220.0
0.5370,16.9830,0.5460,97.1560,1.7680,2025-06-03 18:56:38,220.0
0.5190,16.9520,0.6830,96.9730,1.7480,2025-06-03 18:56:38,220.0
0.53,16.9930,0.6440,97.0570,1.6670,2025-06-03 18:56:38,220.0
0.5390,16.9930,0.6370,97.0110,1.85,2025-06-03 18:56:38,220.0
0.5220,16.9140,0.5740,96.8710,1.6590,2025-06-03 18:56:38,220.0
0.5420,17.0020,0.4830,96.9080,1.7950,2025-06-03 18:56:38,220.0
0.5110,16.9210,0.42,97.0690,1.6030,2025-06-03 18:56:38,220.0
0.5390,16.9270,0.5740,97.0350,1.7780,2025-06-03 18:56:38,220.0
0.5490,16.9710,0.5250,96.99,1.8870,2025-06-03 18:56:38,220.0
0.5140,16.9680,0.5950,96.87,1.6730,2025-06-03 18:56:38,220.0
0.55,16.9710,0.5880,96.9730,1.9090,2025-06-03 18:56:38,220.0
0.5410,16.93,0.5210,97.0390,1.7930,2025-06-03 18:56:38,220.0
0.5310,17.0240,0.5390,96.8780,1.6190,2025-06-03 18:56:38,220.0
0.5410,16.9960,0.6270,96.8310,1.7070,2025-06-03 18:56:38,220.0
0.5580,17.0270,0.5350,96.9520,1.89,2025-06-03 18:56:38,220.0
0.5510,16.99,0.6510,97.2160,1.8280,2025-06-03 18:56:38,220.0
0.5510,17.0490,0.4760,96.8560,1.8880,2025-06-03 18:56:38,220.0
0.5240,16.9390,0.6230,96.7520,1.6950,2025-06-03 18:56:38,220.0
0.5350,16.9170,0.6860,96.7840,1.9540,2025-06-03 21:36:41,221.0
0.5470,16.9550,0.5840,97.0310,1.9090,2025-06-03 21:36:41,221.0
0.5410,17.0370,0.5180,96.86,1.9180,2025-06-03 21:36:41,221.0
0.5480,16.9830,0.5220,97.3350,1.8760,2025-06-03 21:36:41,221.0
0.5540,17.0460,0.6230,96.8790,1.9630,2025-06-03 21:36:41,221.0
0.5140,16.9170,0.70,97.07,1.8360,2025-06-03 21:36:41,221.0
0.5180,16.8580,0.5740,96.9420,1.95,2025-06-03 21:36:41,221.0
0.51,16.8950,0.4410,97.0740,1.6140,2025-06-03 21:36:41,221.0
0.5460,16.98,0.4410,96.8050,1.8890,2025-06-03 21:36:41,221.0
0.5340,16.8640,0.4520,97.2110,1.9130,2025-06-03 21:36:41,221.0
0.53,16.93,0.4870,97.2830,1.7850,2025-06-03 21:36:41,221.0
0.52,16.9390,0.5220,96.8380,1.7220,2025-06-03 21:36:41,221.0
0.5130,16.9460,0.6060,96.8620,1.7550,2025-06-03 21:36:41,221.0
0.5560,17.0120,0.5350,96.8520,1.9980,2025-06-03 21:36:41,221.0
0.5230,16.9740,0.4060,96.8520,1.6460,2025-06-03 21:36:41,221.0
0.5410,16.8920,0.5110,96.8730,1.9650,2025-06-03 21:36:41,221.0
0.5220,16.9110,0.6160,97.2220,1.7240,2025-06-03 21:36:41,221.0
0.5520,16.9210,0.42,97.1720,1.8560,2025-06-03 21:36:41,221.0
0.5320,17.0490,0.4510,96.9150,1.6560,2025-06-03 21:36:41,221.0
0.5430,17.0460,0.5040,96.7230,1.8430,2025-06-03 21:36:41,221.0
0.5180,16.9140,0.6550,96.9670,1.85,2025-06-03 21:46:42,222.0
0.5280,16.98,0.6750,96.8420,1.8520,2025-06-03 21:46:42,222.0
0.4890,16.8390,0.70,96.9640,1.80,2025-06-03 21:46:42,222.0
0.4940,16.9550,0.5430,96.8680,1.85,2025-06-03 21:46:42,222.0
0.5220,16.9990,0.5530,97.0240,1.8940,2025-06-03 21:46:42,222.0
0.4810,16.8080,0.5560,97.0810,1.6450,2025-06-03 21:46:42,222.0
0.5250,16.8950,0.4620,96.8740,1.9420,2025-06-03 21:46:42,222.0
0.5020,16.8830,0.6830,96.88,1.8260,2025-06-03 21:46:42,222.0
0.5150,16.9710,0.56,96.9480,1.7570,2025-06-03 21:46:42,222.0
0.56,16.9830,0.6370,97.1340,1.87,2025-06-03 21:46:42,222.0
0.4690,16.8450,0.63,97.1140,1.6840,2025-06-03 21:46:42,222.0
0.5230,16.8830,0.5910,97.0060,1.8630,2025-06-03 21:46:42,222.0
0.49,16.8010,0.8330,96.8520,1.7180,2025-06-03 21:46:42,222.0
0.5350,16.9580,0.7040,97.1360,1.88,2025-06-03 21:46:42,222.0
0.4940,16.9740,0.6160,96.8980,1.6210,2025-06-03 21:46:42,222.0
0.5250,16.9330,0.5560,97.09,1.76,2025-06-03 21:46:42,222.0
0.5170,16.8890,0.6190,96.9820,1.8940,2025-06-03 21:46:42,222.0
0.4870,16.8610,0.6330,96.79,1.63,2025-06-03 21:46:42,222.0
0.5170,16.9930,0.5670,96.7460,1.87,2025-06-03 21:46:42,222.0
0.5150,16.9140,0.4860,97.0790,1.8490,2025-06-03 21:46:42,222.0
0.5350,17.0050,0.6050,96.8090,1.8650,2025-06-04 11:11:23,223.0
0.5310,16.9770,0.6230,97.0570,1.8690,2025-06-04 11:11:23,223.0
0.5060,17.0240,0.55,96.8630,1.7820,2025-06-04 11:11:23,223.0
0.5210,17.1190,0.6160,97.1250,1.8140,2025-06-04 11:11:23,223.0
0.52,16.9580,0.5810,96.9510,1.8710,2025-06-04 11:11:23,223.0
0.52,16.9080,0.5530,96.76,1.8080,2025-06-04 11:11:23,223.0
0.5330,17.1060,0.5880,96.7630,1.8330,2025-06-04 11:11:23,223.0
0.5310,16.9770,0.55,96.90,1.8960,2025-06-04 11:11:23,223.0
0.52,16.99,0.5320,97.1210,1.8740,2025-06-04 11:11:23,223.0
0.5420,17.1850,0.7280,96.9770,1.8970,2025-06-04 11:11:23,223.0
0.5280,17.0340,0.4760,97.07,1.7830,2025-06-04 11:11:23,223.0
0.5410,17.0120,0.5850,97.2960,1.8170,2025-06-04 11:11:23,223.0
0.53,16.9960,0.5570,96.9070,1.90,2025-06-04 11:11:23,223.0
0.5080,17.0460,0.4940,96.6810,1.7260,2025-06-04 11:11:23,223.0
0.5120,16.8330,0.5150,96.9740,1.7710,2025-06-04 11:11:23,223.0
0.5280,16.9610,0.6790,96.9370,1.8130,2025-06-04 11:11:23,223.0
0.5160,17.1120,0.5910,96.6820,1.6270,2025-06-04 11:11:23,223.0
0.5460,16.9610,0.6160,97.1690,1.8080,2025-06-04 11:11:23,223.0
0.5420,17.0240,0.48,96.9440,1.8640,2025-06-04 11:11:23,223.0
0.5380,16.9110,0.6370,97.1110,2.0190,2025-06-04 11:11:23,223.0
0.5360,17.0650,0.50,96.7690,1.9090,2025-06-04 13:06:26,224.0
0.53,16.9710,0.3890,97.08,1.8790,2025-06-04 13:06:26,224.0
0.53,16.9170,0.63,97.11,1.8780,2025-06-04 13:06:26,224.0
0.5220,16.9080,0.4870,97.2350,2.0050,2025-06-04 13:06:26,224.0
0.53,16.9610,0.49,96.83,1.8040,2025-06-04 13:06:26,224.0
0.5550,17.0270,0.4650,96.9370,1.9860,2025-06-04 13:06:26,224.0
0.52,16.8770,0.5530,96.8680,1.8030,2025-06-04 13:06:26,224.0
0.5330,17.0840,0.4520,96.7510,1.8440,2025-06-04 13:06:26,224.0
0.5220,16.9490,0.5670,97.1650,1.9460,2025-06-04 13:06:26,224.0
0.51,16.9520,0.6230,96.8390,1.8450,2025-06-04 13:06:26,224.0
0.5050,16.88,0.7420,97.0260,1.7480,2025-06-04 13:06:26,224.0
0.54,16.9360,0.5910,97.0850,1.8830,2025-06-04 13:06:26,224.0
0.5160,16.9740,0.62,96.6750,1.9040,2025-06-04 13:06:26,224.0
0.5360,16.8260,0.5670,97.1910,1.8320,2025-06-04 13:06:26,224.0
0.5520,17.0430,0.6020,97.2880,1.9450,2025-06-04 13:06:26,224.0
0.5230,16.8640,0.6060,97.05,1.89,2025-06-04 13:06:26,224.0
0.5290,16.9580,0.55,96.7990,1.8150,2025-06-04 13:06:26,224.0
0.5280,16.8830,0.6650,96.9380,1.8250,2025-06-04 13:06:26,224.0
0.5060,16.9610,0.71,96.6830,1.7940,2025-06-04 13:06:26,224.0
0.5370,16.8580,0.5640,96.87,1.8470,2025-06-04 13:06:26,224.0
0.54,16.9490,0.5040,96.8210,1.7510,2025-06-04 13:11:26,225.0
0.5270,17.0150,0.5290,96.9780,1.8490,2025-06-04 13:11:26,225.0
0.5130,17.0240,0.6410,96.9960,1.6350,2025-06-04 13:11:26,225.0
0.5180,16.9490,0.5670,96.9170,1.7380,2025-06-04 13:11:26,225.0
0.52,16.9610,0.5290,96.8830,1.7540,2025-06-04 13:11:26,225.0
0.5270,17.0530,0.5430,96.9330,1.8240,2025-06-04 13:11:26,225.0
0.5220,16.9740,0.5180,97.1730,1.6570,2025-06-04 13:11:26,225.0
0.5690,17.1030,0.3780,96.7610,1.9240,2025-06-04 13:11:26,225.0
0.5270,16.9520,0.7240,96.8630,1.8270,2025-06-04 13:11:26,225.0
0.5310,16.9830,0.7390,96.8890,1.9510,2025-06-04 13:11:26,225.0
0.53,16.9680,0.4480,96.9740,1.8080,2025-06-04 13:11:26,225.0
0.5280,16.9580,0.5350,97.0660,1.8530,2025-06-04 13:11:26,225.0
0.5430,16.9610,0.6510,96.7810,1.8350,2025-06-04 13:11:26,225.0
0.5320,17.1220,0.4410,96.7080,1.8920,2025-06-04 13:11:26,225.0
0.54,16.9490,0.5290,97.0480,1.8910,2025-06-04 13:11:26,225.0
0.5330,17.1150,0.3960,97.1460,1.8160,2025-06-04 13:11:26,225.0
0.5240,16.9740,0.5390,96.9960,1.8350,2025-06-04 13:11:26,225.0
0.5330,17.0430,0.4970,96.8470,1.8320,2025-06-04 13:11:26,225.0
0.5120,16.9270,0.5350,96.9760,1.7680,2025-06-04 13:11:26,225.0
0.5190,16.9330,0.4940,97.0090,1.7940,2025-06-04 13:11:26,225.0
0.5250,16.9020,0.6580,96.7350,1.6950,2025-06-04 18:56:32,226.0
0.5270,16.9580,0.6330,96.8080,1.7330,2025-06-04 18:56:32,226.0
0.5010,16.8610,0.6480,96.7510,1.7420,2025-06-04 18:56:32,226.0
0.5260,16.93,0.4520,97.3430,1.7760,2025-06-04 18:56:32,226.0
0.5970,16.8610,0.7040,97.2820,1.9360,2025-06-04 18:56:32,226.0
0.5790,17.0680,0.5770,96.7220,1.7870,2025-06-04 18:56:32,226.0
0.5340,16.9550,0.7730,96.7930,1.8490,2025-06-04 18:56:32,226.0
0.5420,16.9270,0.7140,97.14,1.8590,2025-06-04 18:56:32,226.0
0.56,17.0680,0.6620,97.04,1.8290,2025-06-04 18:56:32,226.0
0.5220,17.0180,0.8890,97.0940,1.7220,2025-06-04 18:56:32,226.0
0.5340,16.9270,0.7210,97.2010,1.7810,2025-06-04 18:56:32,226.0
0.5170,16.8550,0.7280,97.11,1.7130,2025-06-04 18:56:32,226.0
0.5350,16.9710,0.3990,96.7530,1.7870,2025-06-04 18:56:32,226.0
0.5410,17.1060,0.49,97.1190,1.7540,2025-06-04 18:56:32,226.0
0.5190,16.9430,0.5430,96.7010,1.7780,2025-06-04 18:56:32,226.0
0.5420,16.9650,0.6340,97.1860,1.7640,2025-06-04 18:56:32,226.0
0.5590,17.0210,0.7140,96.8940,1.9390,2025-06-04 18:56:32,226.0
0.5340,17.0560,0.4790,96.7910,1.82,2025-06-04 18:56:32,226.0
0.5340,16.9770,0.5670,97.3590,1.7760,2025-06-04 18:56:32,226.0
0.5280,16.8670,0.6720,97.1220,1.6990,2025-06-04 18:56:32,226.0
0.54,17.0680,0.5320,97.0210,1.8960,2025-06-04 19:06:33,227.0
0.5330,17.0020,0.5530,96.7360,1.8440,2025-06-04 19:06:33,227.0
0.53,17.0240,0.5180,96.8310,1.8580,2025-06-04 19:06:33,227.0
0.5310,17.0120,0.6060,96.8930,1.8060,2025-06-04 19:06:33,227.0
0.5290,16.9330,0.7210,97.0970,1.8010,2025-06-04 19:06:33,227.0
0.5140,16.9680,0.5780,96.8230,1.8550,2025-06-04 19:06:33,227.0
0.55,17.0150,0.56,97.1670,1.7970,2025-06-04 19:06:33,227.0
0.54,16.9270,0.7180,97.0060,1.77,2025-06-04 19:06:33,227.0
0.5250,17.0340,0.4270,97.2610,1.6630,2025-06-04 19:06:33,227.0
0.5080,16.9390,0.4730,96.9280,1.8050,2025-06-04 19:06:33,227.0
0.5290,17.0240,0.6510,97.0940,1.9110,2025-06-04 19:06:33,227.0
0.5140,17.0840,0.5810,96.7620,1.7590,2025-06-04 19:06:33,227.0
0.5130,16.9610,0.5570,96.9190,1.7590,2025-06-04 19:06:33,227.0
0.5230,16.9110,0.5180,97.0670,1.7710,2025-06-04 19:06:33,227.0
0.5360,17.0050,0.4690,97.1480,1.8760,2025-06-04 19:06:33,227.0
0.5310,16.8990,0.6370,97.1440,1.85,2025-06-04 19:06:33,227.0
0.5250,16.9610,0.5950,96.8740,1.9060,2025-06-04 19:06:33,227.0
0.5180,16.9650,0.5780,96.9730,1.7050,2025-06-04 19:06:33,227.0
0.5190,17.0050,0.5530,96.7970,1.7190,2025-06-04 19:06:33,227.0
0.5110,16.9870,0.5180,96.8980,1.6970,2025-06-04 19:06:33,227.0
0.5510,16.9520,0.5390,97.07,1.8350,2025-06-04 21:16:34,228.0
0.5280,16.9830,0.5770,96.7530,1.8060,2025-06-04 21:16:34,228.0
0.5270,16.9520,0.7070,96.8230,1.7180,2025-06-04 21:16:34,228.0
0.5350,17.0210,0.5990,96.84,1.8380,2025-06-04 21:16:34,228.0
0.5240,16.9830,0.5780,96.7480,1.7260,2025-06-04 21:16:34,228.0
0.5540,17.0650,0.6760,96.9350,1.8430,2025-06-04 21:16:34,228.0
0.5510,16.9960,0.5250,96.7870,1.8890,2025-06-04 21:16:34,228.0
0.5150,16.9650,0.6860,96.9970,1.6630,2025-06-04 21:16:34,228.0
0.5240,16.93,0.5150,96.9750,1.7670,2025-06-04 21:16:34,228.0
0.5120,16.9710,0.6230,96.7460,1.6380,2025-06-04 21:16:34,228.0
0.5450,16.9870,0.5010,96.9540,1.7720,2025-06-04 21:16:34,228.0
0.5570,16.9830,0.5850,96.9690,1.8960,2025-06-04 21:16:34,228.0
0.5630,17.0840,0.4940,96.6930,1.8440,2025-06-04 21:16:34,228.0
0.54,17.0150,0.5350,97.0870,1.7930,2025-06-04 21:16:34,228.0
0.5430,17.0210,0.4830,96.7910,1.7850,2025-06-04 21:16:34,228.0
0.5520,16.9490,0.6860,96.8710,1.7690,2025-06-04 21:16:34,228.0
0.55,17.0150,0.6160,96.8420,1.7820,2025-06-04 21:16:34,228.0
0.5180,17.0270,0.5850,96.9370,1.7420,2025-06-04 21:16:34,228.0
0.5210,17.0020,0.5350,96.9870,1.6760,2025-06-04 21:16:34,228.0
0.5390,17.0560,0.6860,96.79,1.8750,2025-06-04 21:16:34,228.0
0.5280,16.9740,0.5390,96.7620,1.8080,2025-06-04 21:21:35,229.0
0.54,16.9550,0.4660,97.1270,1.9150,2025-06-04 21:21:35,229.0
0.5430,17.0490,0.6790,97.0940,1.8090,2025-06-04 21:21:35,229.0
0.5370,16.9210,0.5110,97.2420,1.9020,2025-06-04 21:21:35,229.0
0.5340,16.8480,0.6160,97.21,1.8630,2025-06-04 21:21:35,229.0
0.5290,16.7570,0.6580,97.0460,1.81,2025-06-04 21:21:35,229.0
0.5520,17.0870,0.5770,96.8140,1.8550,2025-06-04 21:21:35,229.0
0.5470,16.9870,0.5640,97.2450,1.8250,2025-06-04 21:21:35,229.0
0.5340,17.0270,0.6680,97.4260,1.7730,2025-06-04 21:21:35,229.0
0.5160,16.8990,0.6160,97.0920,1.7250,2025-06-04 21:21:35,229.0
0.5330,16.9270,0.6820,97.2150,1.6730,2025-06-04 21:21:35,229.0
0.5140,16.9710,0.6330,96.7040,1.7970,2025-06-04 21:21:35,229.0
0.5410,16.9110,0.5250,97.1210,1.6870,2025-06-04 21:21:35,229.0
0.5240,16.9080,0.7420,97.1460,1.7370,2025-06-04 21:21:35,229.0
0.5330,16.8920,0.43,97.2580,1.85,2025-06-04 21:21:35,229.0
0.5460,16.9650,0.5530,97.1210,1.91,2025-06-04 21:21:35,229.0
0.5280,17.0310,0.5560,96.8610,1.8050,2025-06-04 21:21:35,229.0
0.5350,16.9990,0.6510,96.7270,1.8250,2025-06-04 21:21:35,229.0
0.5380,16.9330,0.5110,97.3040,1.7080,2025-06-04 21:21:35,229.0
0.5420,16.9960,0.6230,96.7750,1.8720,2025-06-04 21:21:35,229.0
0.5070,16.8040,0.5880,97.1640,1.8120,2025-06-05 12:31:58,230.0
0.5340,16.9770,0.6440,96.9060,1.8060,2025-06-05 12:31:58,230.0
0.5470,17.1150,0.6930,96.87,1.93,2025-06-05 12:31:58,230.0
0.5570,17.04,0.5070,97.0480,1.9990,2025-06-05 12:31:58,230.0
0.5140,16.9430,0.71,97.3240,1.8080,2025-06-05 12:31:58,230.0
0.5250,16.9170,0.5740,97.0650,1.8570,2025-06-05 12:31:58,230.0
0.5190,16.9710,0.4440,96.8340,1.7710,2025-06-05 12:31:58,230.0
0.5320,17.0370,0.63,96.8970,1.86,2025-06-05 12:31:58,230.0
0.5170,16.8610,0.5880,97.1770,1.8280,2025-06-05 12:31:58,230.0
0.52,16.9270,0.6440,96.8370,1.7480,2025-06-05 12:31:58,230.0
0.5250,16.9110,0.4620,96.8610,1.8060,2025-06-05 12:31:58,230.0
0.5250,16.9240,0.5350,96.8850,1.9430,2025-06-05 12:31:58,230.0
0.5370,16.8830,0.55,97.0530,1.7580,2025-06-05 12:31:58,230.0
0.5010,16.9830,0.62,96.7210,1.7460,2025-06-05 12:31:58,230.0
0.5120,16.9710,0.7560,97.0530,1.8340,2025-06-05 12:31:58,230.0
0.5150,16.88,0.7110,97.1770,1.7160,2025-06-05 12:31:58,230.0
0.5550,17.0340,0.7180,97.0160,2.0340,2025-06-05 12:31:58,230.0
0.52,16.8830,0.5210,97.0680,1.8180,2025-06-05 12:31:58,230.0
0.49,17.0150,0.49,96.7660,1.7170,2025-06-05 12:31:58,230.0
0.5230,16.8730,0.6020,97.1080,1.8220,2025-06-05 12:31:58,230.0
0.5480,16.9490,0.6020,97.1380,1.7520,2025-06-05 13:02:01,231.0
0.5520,16.9140,0.3570,96.9380,1.9110,2025-06-05 13:02:01,231.0
0.5420,16.9580,0.6930,96.7830,1.7170,2025-06-05 13:02:01,231.0
0.56,16.9990,0.6370,96.7770,1.9440,2025-06-05 13:02:01,231.0
0.5360,16.9650,0.3990,97.2460,1.8210,2025-06-05 13:02:01,231.0
0.54,17.1250,0.5980,96.7980,1.7820,2025-06-05 13:02:01,231.0
0.5320,17.0460,0.6650,96.8430,1.7240,2025-06-05 13:02:01,231.0
0.55,17.0810,0.5040,96.6330,1.9120,2025-06-05 13:02:01,231.0
0.5330,16.9830,0.50,96.7920,1.7550,2025-06-05 13:02:01,231.0
0.5240,16.9550,0.5460,97.2620,1.7220,2025-06-05 13:02:01,231.0
0.5110,16.9610,0.6510,97.2010,1.6370,2025-06-05 13:02:01,231.0
0.5260,16.9550,0.6580,97.2050,1.69,2025-06-05 13:02:01,231.0
0.5210,16.8950,0.4940,97.2450,1.68,2025-06-05 13:02:01,231.0
0.5240,16.9170,0.5850,97.05,1.7120,2025-06-05 13:02:01,231.0
0.5460,17.0490,0.6750,96.6540,1.7610,2025-06-05 13:02:01,231.0
0.5260,17.0020,0.4720,97.13,1.6760,2025-06-05 13:02:01,231.0
0.5410,16.9930,0.6190,96.8340,1.8370,2025-06-05 13:02:01,231.0
0.5350,16.9330,0.5390,96.8440,1.7050,2025-06-05 13:02:01,231.0
0.5370,17.0430,0.6440,96.8180,1.77,2025-06-05 13:02:01,231.0
0.5520,16.9460,0.6120,96.95,1.7980,2025-06-05 13:02:01,231.0
0.5380,17.0090,0.4940,96.9430,1.8240,2025-06-05 19:12:07,232.0
0.5340,16.9270,0.5390,97.2090,1.7850,2025-06-05 19:12:07,232.0
0.5340,16.9270,0.6860,96.8740,1.7690,2025-06-05 19:12:07,232.0
0.5420,16.8730,0.42,97.17,1.8690,2025-06-05 19:12:07,232.0
0.5180,17.0150,0.6410,96.9010,1.7590,2025-06-05 19:12:07,232.0
0.5290,16.9490,0.5460,97.23,1.6150,2025-06-05 19:12:07,232.0
0.5450,16.9050,0.5040,96.8760,1.8920,2025-06-05 19:12:07,232.0
0.5530,16.9770,0.5530,96.9610,1.87,2025-06-05 19:12:07,232.0
0.5350,16.9990,0.4720,97.23,1.7420,2025-06-05 19:12:07,232.0
0.5330,16.8890,0.4830,97.3210,1.9020,2025-06-05 19:12:07,232.0
0.5510,16.9770,0.6620,97.1350,1.7960,2025-06-05 19:12:07,232.0
0.5280,16.9430,0.3960,97.12,1.8490,2025-06-05 19:12:07,232.0
0.5480,16.9680,0.6580,97.0620,1.8660,2025-06-05 19:12:07,232.0
0.5560,17.0150,0.5740,97.3990,2.0040,2025-06-05 19:12:07,232.0
0.5020,16.9870,0.4440,97.0560,1.7920,2025-06-05 19:12:07,232.0
0.5340,16.9830,0.5740,97.24,1.8210,2025-06-05 19:12:07,232.0
0.5370,16.8140,0.6720,97.0880,1.8530,2025-06-05 19:12:07,232.0
0.5160,17.0150,0.6750,96.70,1.7430,2025-06-05 19:12:07,232.0
0.5210,16.9210,0.5710,97.2650,1.7340,2025-06-05 19:12:07,232.0
0.5590,16.8830,0.3960,97.0390,1.8710,2025-06-05 19:12:07,232.0
0.51,16.9110,0.5040,97.11,1.7750,2025-06-05 21:42:11,233.0
0.5260,16.9460,0.8120,96.6910,1.8810,2025-06-05 21:42:11,233.0
0.5340,16.9330,0.49,96.80,1.8810,2025-06-05 21:42:11,233.0
0.5140,16.9430,0.5110,96.7890,1.6980,2025-06-05 21:42:11,233.0
0.5320,16.9830,0.6160,96.8460,1.9230,2025-06-05 21:42:11,233.0
0.5170,17.0020,0.7240,96.7430,1.7060,2025-06-05 21:42:11,233.0
0.52,16.98,0.55,97.1660,1.8340,2025-06-05 21:42:11,233.0
0.5080,16.9460,0.7040,96.7510,1.7860,2025-06-05 21:42:11,233.0
0.5160,16.98,0.4760,96.90,1.9290,2025-06-05 21:42:11,233.0
0.5210,16.9210,0.6580,96.8410,1.8910,2025-06-05 21:42:11,233.0
0.5430,16.9610,0.7070,96.7610,2.07,2025-06-05 21:42:11,233.0
0.5030,16.9210,0.4760,97.0130,1.7750,2025-06-05 21:42:11,233.0
0.5540,16.93,0.6650,96.7390,1.9490,2025-06-05 21:42:11,233.0
0.5260,17.0310,0.7740,96.8390,1.81,2025-06-05 21:42:11,233.0
0.5040,17.0560,0.6970,96.77,1.8260,2025-06-05 21:42:11,233.0
0.5390,16.9930,0.5210,96.7590,1.8650,2025-06-05 21:42:11,233.0
0.5230,17.0090,0.6160,96.7360,1.9180,2025-06-05 21:42:11,233.0
0.5440,17.0430,0.5530,96.8350,1.7460,2025-06-05 21:42:11,233.0
0.5040,17.0930,0.7390,96.6450,1.6640,2025-06-05 21:42:11,233.0
0.5260,16.8330,0.6960,97.0850,1.88,2025-06-06 11:02:05,234.0
0.5090,16.9210,0.4580,97.0680,1.8020,2025-06-06 11:02:05,234.0
0.5360,16.9580,0.5980,96.8930,1.8980,2025-06-06 11:02:05,234.0
0.5060,16.8140,0.55,97.1440,1.8470,2025-06-06 11:02:05,234.0
0.53,16.9520,0.6510,97.2050,1.8880,2025-06-06 11:02:05,234.0
0.5120,17.0050,0.6580,96.9480,1.7680,2025-06-06 11:02:05,234.0
0.5120,16.9740,0.5990,96.76,1.8260,2025-06-06 11:02:05,234.0
0.5320,16.9140,0.4940,97.1080,1.8710,2025-06-06 11:02:05,234.0
0.5080,16.9210,0.5810,97.0140,1.8420,2025-06-06 11:02:05,234.0
0.4890,16.8920,0.5110,97.0580,1.6960,2025-06-06 11:02:05,234.0
0.52,16.9390,0.5530,97.1840,1.97,2025-06-06 11:02:05,234.0
0.5190,16.8860,0.4870,97.2190,1.7710,2025-06-06 11:02:05,234.0
0.5180,16.9210,0.4550,97.1230,1.8510,2025-06-06 11:02:05,234.0
0.5460,16.9680,0.4130,96.9670,1.8830,2025-06-06 11:02:05,234.0
0.5290,16.9360,0.4790,97.2890,1.83,2025-06-06 11:02:05,234.0
0.5260,17.0180,0.50,96.8290,1.9180,2025-06-06 11:02:05,234.0
0.5380,17.0310,0.5430,96.7210,1.8790,2025-06-06 11:02:05,234.0
0.5190,16.8730,0.3260,96.9410,1.8850,2025-06-06 11:02:05,234.0
0.5070,16.8580,0.5950,97.2290,1.7750,2025-06-06 11:02:05,234.0
0.5130,16.8950,0.3920,97.01,1.8740,2025-06-06 11:02:05,234.0
0.4690,16.8260,0.5910,97.0330,1.7820,2025-06-06 13:02:08,235.0
0.46,16.9430,0.5460,97.0190,1.7880,2025-06-06 13:02:08,235.0
0.4890,16.9360,0.7140,96.6610,1.76,2025-06-06 13:02:08,235.0
0.4570,16.9110,0.5250,96.93,1.7190,2025-06-06 13:02:08,235.0
0.4720,16.8580,0.4550,97.1480,1.8350,2025-06-06 13:02:08,235.0
0.4820,16.9490,0.6020,97.1150,1.7820,2025-06-06 13:02:08,235.0
0.4980,16.88,0.4940,97.1730,1.8350,2025-06-06 13:02:08,235.0
0.4810,16.9140,0.2940,97.0390,1.8140,2025-06-06 13:02:08,235.0
0.5060,17.0370,0.4870,96.9640,1.9080,2025-06-06 13:02:08,235.0
0.4990,16.93,0.4690,97.1290,1.7860,2025-06-06 13:02:08,235.0
0.4610,16.9050,0.6650,97.2370,1.7740,2025-06-06 13:02:08,235.0
0.4740,16.9140,0.7170,96.7090,1.8320,2025-06-06 13:02:08,235.0
0.4840,17.0090,0.55,96.8270,1.7550,2025-06-06 13:02:08,235.0
0.46,16.8920,0.5770,97.0810,1.8180,2025-06-06 13:02:08,235.0
0.4890,16.8950,0.6330,97.3040,1.8410,2025-06-06 13:02:08,235.0
0.4470,16.7820,0.5630,97.0450,1.6320,2025-06-06 13:02:08,235.0
0.4670,16.9680,0.5740,97.0020,1.7580,2025-06-06 13:02:08,235.0
0.4750,16.9430,0.5350,97.2010,1.8680,2025-06-06 13:02:08,235.0
0.4810,16.9830,0.4690,96.6650,1.7830,2025-06-06 13:02:08,235.0
0.4870,16.9710,0.5530,97.1410,1.8510,2025-06-06 13:02:08,235.0
0.5310,16.9520,0.5770,96.7810,1.8020,2025-06-06 13:17:09,236.0
0.5310,16.9170,0.7420,96.88,1.9170,2025-06-06 13:17:09,236.0
0.5080,16.8860,0.3780,97.2120,1.8270,2025-06-06 13:17:09,236.0
0.5320,16.9270,0.5810,96.7340,1.7330,2025-06-06 13:17:09,236.0
0.5260,17.0050,0.56,96.9020,1.8340,2025-06-06 13:17:09,236.0
0.5520,16.9140,0.4760,97.24,1.7190,2025-06-06 13:17:09,236.0
0.5370,16.8990,0.4310,97.0790,1.9260,2025-06-06 13:17:09,236.0
0.51,16.8830,0.6230,97.2210,1.7180,2025-06-06 13:17:09,236.0
0.5440,16.9710,0.4690,96.8090,1.8830,2025-06-06 13:17:09,236.0
0.5540,16.9990,0.5180,97.0180,1.9620,2025-06-06 13:17:09,236.0
0.5520,16.9580,0.4270,96.8950,1.8030,2025-06-06 13:17:09,236.0
0.52,16.8890,0.3990,97.1190,1.7750,2025-06-06 13:17:09,236.0
0.5240,16.9650,0.4230,96.8920,1.8240,2025-06-06 13:17:09,236.0
0.52,16.9520,0.5950,97.1080,1.99,2025-06-06 13:17:09,236.0
0.5480,17.0180,0.7660,97.0250,1.9680,2025-06-06 13:17:09,236.0
0.5190,16.9020,0.5880,96.8080,1.8490,2025-06-06 13:17:09,236.0
0.5630,16.9710,0.3810,96.7280,1.94,2025-06-06 13:17:09,236.0
0.5080,16.88,0.5460,97.2140,1.7470,2025-06-06 13:17:09,236.0
0.5370,16.9770,0.4440,96.7370,1.8910,2025-06-06 13:17:09,236.0
0.5250,16.9710,0.6370,97.0060,1.9220,2025-06-06 13:17:09,236.0
0.4550,16.8890,0.5350,97.0760,1.8640,2025-06-06 21:32:18,237.0
0.4770,17.0970,0.6020,96.85,1.84,2025-06-06 21:32:18,237.0
0.5060,16.9270,0.6720,96.8740,1.9170,2025-06-06 21:32:18,237.0
0.4930,17.0870,0.6230,96.8210,1.98,2025-06-06 21:32:18,237.0
0.4770,17.0430,0.63,96.6670,1.8450,2025-06-06 21:32:18,237.0
0.4770,16.9830,0.4690,97.2070,1.8180,2025-06-06 21:32:18,237.0
0.4870,16.88,0.5040,97.0060,1.8110,2025-06-06 21:32:18,237.0
0.5060,16.9930,0.4760,96.8640,1.7260,2025-06-06 21:32:18,237.0
0.4910,17.0120,0.4940,97.0420,1.8720,2025-06-06 21:32:18,237.0
0.4840,17.0050,0.55,96.5730,1.8120,2025-06-06 21:32:18,237.0
0.4910,16.8550,0.6480,97.2180,1.8740,2025-06-06 21:32:18,237.0
0.49,16.9710,0.5110,96.5940,1.8940,2025-06-06 21:32:18,237.0
0.4650,16.8890,0.5390,97.1580,1.7580,2025-06-06 21:32:18,237.0
0.4780,17.09,0.4380,96.69,1.7810,2025-06-06 21:32:18,237.0
0.4860,17.0120,0.50,97.1920,1.8270,2025-06-06 21:32:18,237.0
0.5080,17.0090,0.56,97.15,1.94,2025-06-06 21:32:18,237.0
0.4940,16.8830,0.5110,97.1760,1.6970,2025-06-06 21:32:18,237.0
0.4850,16.9550,0.4690,96.8290,1.8620,2025-06-06 21:32:18,237.0
0.4570,17.0210,0.4790,96.7010,1.7950,2025-06-06 21:32:18,237.0
0.4720,16.9550,0.7950,96.8790,1.83,2025-06-06 21:32:18,237.0
0.5620,17.0150,0.5070,96.7930,1.8050,2025-06-06 21:57:21,238.0
0.5710,17.0370,0.7070,96.9610,1.8670,2025-06-06 21:57:21,238.0
0.5160,17.0460,0.6090,96.8050,1.7090,2025-06-06 21:57:21,238.0
0.5410,17.0430,0.6720,96.82,1.7490,2025-06-06 21:57:21,238.0
0.5610,16.9580,0.6120,97.0870,1.8930,2025-06-06 21:57:21,238.0
0.5540,16.87,0.55,97.15,1.8430,2025-06-06 21:57:21,238.0
0.5340,17.0240,0.6370,97.0460,1.7390,2025-06-06 21:57:21,238.0
0.5610,16.9390,0.6120,96.7850,1.7930,2025-06-06 21:57:21,238.0
0.55,16.99,0.4690,97.1660,1.8420,2025-06-06 21:57:21,238.0
0.5560,17.0370,0.6090,96.87,1.8620,2025-06-06 21:57:21,238.0
0.5550,16.8550,0.5250,97.3140,1.9420,2025-06-06 21:57:21,238.0
0.5460,17.0370,0.6790,96.8210,1.81,2025-06-06 21:57:21,238.0
0.5430,17.0150,0.4340,97.2250,1.9430,2025-06-06 21:57:21,238.0
0.5330,16.9490,0.5880,96.6270,1.9950,2025-06-06 21:57:21,238.0
0.52,16.9360,0.6260,96.9580,1.7860,2025-06-06 21:57:21,238.0
0.5380,16.9770,0.5110,97.3610,1.8240,2025-06-06 21:57:21,238.0
0.5140,16.9430,0.4410,97.20,1.7320,2025-06-06 21:57:21,238.0
0.5210,16.9870,0.7070,96.74,1.7680,2025-06-06 21:57:21,238.0
0.52,17.1410,0.7110,97.1240,1.7440,2025-06-06 21:57:21,238.0
0.5340,16.9830,0.5810,97.0560,1.8160,2025-06-06 21:57:21,238.0
0.53,16.8730,0.5040,97.2010,1.74,2025-06-09 12:58:14,239.0
0.5340,16.8890,0.4760,96.8570,1.9210,2025-06-09 12:58:14,239.0
0.5070,16.9360,0.4940,96.8580,1.6680,2025-06-09 12:58:14,239.0
0.5410,16.9140,0.4940,97.2090,1.7750,2025-06-09 12:58:14,239.0
0.5220,16.9610,0.6480,96.8060,1.8890,2025-06-09 12:58:14,239.0
0.5170,16.9020,0.4830,97.1790,1.7720,2025-06-09 12:58:14,239.0
0.5290,16.8890,0.4970,97.0970,1.8420,2025-06-09 12:58:14,239.0
0.5180,16.9020,0.6160,96.70,1.8540,2025-06-09 12:58:14,239.0
0.52,16.8360,0.5220,97.2210,1.9230,2025-06-09 12:58:14,239.0
0.5320,16.8580,0.4440,97.10,1.81,2025-06-09 12:58:14,239.0
0.5110,16.8890,0.6160,97.0870,1.7150,2025-06-09 12:58:14,239.0
0.5310,16.99,0.5390,96.7750,1.8530,2025-06-09 12:58:14,239.0
0.5450,16.99,0.6370,96.72,1.7850,2025-06-09 12:58:14,239.0
0.5170,16.83,0.6190,97.0640,1.7570,2025-06-09 12:58:14,239.0
0.5120,16.9110,0.7240,96.67,1.7960,2025-06-09 12:58:14,239.0
0.54,16.8080,0.6620,97.2010,1.8660,2025-06-09 12:58:14,239.0
0.5440,16.98,0.4620,96.9770,1.9470,2025-06-09 12:58:14,239.0
0.5260,16.9110,0.5850,96.90,1.8930,2025-06-09 12:58:14,239.0
0.5360,16.82,0.6410,96.6790,1.8060,2025-06-09 12:58:14,239.0
0.5170,16.8990,0.6860,97.2050,1.7070,2025-06-09 12:58:14,239.0
0.5590,16.98,0.6330,97.0870,1.7570,2025-06-09 20:08:24,240.0
0.54,17.0020,0.7420,96.8530,1.8970,2025-06-09 20:08:24,240.0
0.5570,17.0150,0.4940,97.1160,1.7520,2025-06-09 20:08:24,240.0
0.5750,16.88,0.7420,97.1570,1.8980,2025-06-09 20:08:24,240.0
0.5130,16.9170,0.5740,97.0570,1.9290,2025-06-09 20:08:24,240.0
0.5440,16.9330,0.7910,97.3680,1.8220,2025-06-09 20:08:24,240.0
0.5160,16.9360,0.6230,97.1070,1.7340,2025-06-09 20:08:24,240.0
0.5020,16.9210,0.7910,96.6840,1.8860,2025-06-09 20:08:24,240.0
1.1010,16.9080,0.56,96.9750,1.9080,2025-06-09 20:08:24,240.0
0.54,17.0340,0.6060,96.8710,1.8260,2025-06-09 20:08:24,240.0
0.53,16.8950,0.7420,97.0130,1.8510,2025-06-09 20:08:24,240.0
0.5090,16.9080,0.5770,96.9320,1.7920,2025-06-09 20:08:24,240.0
0.5140,16.8890,0.7560,97.0210,1.8090,2025-06-09 20:08:24,240.0
0.5150,17.0180,0.4940,97.1210,1.83,2025-06-09 20:08:24,240.0
0.5350,17.0270,0.5710,96.8440,1.9480,2025-06-09 20:08:24,240.0
0.5530,17.0050,0.6690,97.0710,1.7460,2025-06-09 20:08:24,240.0
0.5610,17.0210,0.63,97.3460,1.8690,2025-06-09 20:08:24,240.0
0.5630,16.87,0.7040,96.9060,1.8750,2025-06-09 20:08:24,240.0
0.50,16.9650,0.6370,97.1360,1.7730,2025-06-09 20:08:24,240.0
0.5050,16.9610,0.6270,97.0540,1.8920,2025-06-09 20:08:24,240.0
0.5490,16.9360,0.5740,97.0160,1.7260,2025-06-09 20:23:26,241.0
0.5650,17.0270,0.5980,96.8590,1.9220,2025-06-09 20:23:26,241.0
0.5570,16.9770,0.5990,96.9010,1.8450,2025-06-09 20:23:26,241.0
0.51,16.9680,0.6680,97.07,1.7830,2025-06-09 20:23:26,241.0
0.5560,16.9460,0.5040,97.1460,1.8970,2025-06-09 20:23:26,241.0
0.5150,16.9960,0.6090,96.7740,1.8080,2025-06-09 20:23:26,241.0
0.5610,16.8510,0.6650,96.9810,1.7730,2025-06-09 20:23:26,241.0
0.50,17.0970,0.7530,96.8490,1.7870,2025-06-09 20:23:26,241.0
0.5120,16.9650,0.5810,97.1130,2.0280,2025-06-09 20:23:26,241.0
0.5460,16.93,0.6160,97.7250,1.8550,2025-06-09 20:23:26,241.0
0.5190,16.9080,0.7040,97.1140,1.8810,2025-06-09 20:23:26,241.0
0.5360,16.9360,0.6610,96.7890,1.8710,2025-06-09 20:23:26,241.0
0.5040,16.98,0.5670,97.0180,1.8130,2025-06-09 20:23:26,241.0
0.5230,16.9390,0.5350,97.1760,1.7750,2025-06-09 20:23:26,241.0
0.5140,16.9360,0.5280,97.1480,1.8980,2025-06-09 20:23:26,241.0
0.5140,16.9270,0.41,97.1170,1.8770,2025-06-09 20:23:26,241.0
0.54,17.0120,0.6930,96.7210,1.8390,2025-06-09 20:23:26,241.0
0.5760,16.9360,0.5460,97.3370,1.8340,2025-06-09 20:23:26,241.0
0.5440,16.9960,0.5250,96.87,1.91,2025-06-09 20:23:26,241.0
0.5070,16.8640,0.5880,97.03,1.7720,2025-06-09 20:23:26,241.0
0.4790,16.9650,0.6410,96.9930,1.7570,2025-06-09 21:18:27,242.0
0.4890,17.0370,0.6270,96.7710,1.8470,2025-06-09 21:18:27,242.0
0.4930,16.8860,0.6510,97.1040,1.8030,2025-06-09 21:18:27,242.0
0.5290,16.9050,0.6510,97.15,1.8210,2025-06-09 21:18:27,242.0
0.4720,16.9770,0.6680,96.8240,1.8210,2025-06-09 21:18:27,242.0
0.4660,16.9430,0.6060,97.0760,1.8270,2025-06-09 21:18:27,242.0
0.46,16.8860,0.7420,97.0220,1.7670,2025-06-09 21:18:27,242.0
0.4380,16.9110,0.6540,97.0480,1.6870,2025-06-09 21:18:27,242.0
0.4980,16.9740,0.4940,97.2130,1.7190,2025-06-09 21:18:27,242.0
0.4690,16.9550,0.6480,97.07,1.85,2025-06-09 21:18:27,242.0
0.4490,16.8580,0.6120,97.0730,1.73,2025-06-09 21:18:27,242.0
0.50,16.8890,0.4580,96.9410,1.9130,2025-06-09 21:18:27,242.0
0.4780,16.9170,0.5710,96.7220,1.8880,2025-06-09 21:18:27,242.0
0.4580,16.9770,0.50,96.9020,1.8040,2025-06-09 21:18:27,242.0
0.4950,16.93,0.8050,97.1430,1.8590,2025-06-09 21:18:27,242.0
0.4950,16.9140,0.7110,96.9040,1.9680,2025-06-09 21:18:27,242.0
0.4610,16.9050,0.5740,97.2930,1.86,2025-06-09 21:18:27,242.0
0.46,16.9430,0.5460,96.8090,1.7890,2025-06-09 21:18:27,242.0
0.4970,16.9830,0.6620,97.1260,1.7310,2025-06-09 21:18:27,242.0
0.5450,16.9990,0.6230,96.83,1.8940,2025-06-09 21:28:28,243.0
0.5260,16.9240,0.6790,97.2760,1.7880,2025-06-09 21:28:28,243.0
0.5390,16.9990,0.7950,96.9920,1.8110,2025-06-09 21:28:28,243.0
0.5340,16.9550,0.7350,96.7810,1.8880,2025-06-09 21:28:28,243.0
0.5820,16.9020,0.4550,96.7280,1.8940,2025-06-09 21:28:28,243.0
0.5570,16.9710,0.5350,96.9260,1.7950,2025-06-09 21:28:28,243.0
0.5440,16.9430,0.4440,97.4540,1.8110,2025-06-09 21:28:28,243.0
0.5340,17.0240,0.5560,96.9970,1.88,2025-06-09 21:28:28,243.0
0.5370,16.93,0.4580,97.0490,1.8150,2025-06-09 21:28:28,243.0
0.5330,16.9390,0.6060,97.1130,1.8370,2025-06-09 21:28:28,243.0
0.5180,16.9490,0.5420,96.7810,1.86,2025-06-09 21:28:28,243.0
0.5790,16.9650,0.5710,96.6870,1.8020,2025-06-09 21:28:28,243.0
0.5260,16.9330,0.6330,97.0590,1.8820,2025-06-09 21:28:28,243.0
0.5150,16.9210,0.7490,97.1580,1.9380,2025-06-09 21:28:28,243.0
0.5460,16.99,0.6680,97.0820,1.79,2025-06-09 21:28:28,243.0
0.5210,16.9930,0.4170,96.7390,1.9530,2025-06-09 21:28:28,243.0
0.52,16.9270,0.6650,96.7470,1.85,2025-06-09 21:28:28,243.0
0.5670,16.9390,0.4860,97.0690,1.8870,2025-06-09 21:28:28,243.0
0.4960,16.8950,0.7040,97.3170,1.8130,2025-06-09 21:28:28,243.0
0.5570,17.0340,0.7180,96.7460,1.9120,2025-06-10 09:25:03,244.0
0.54,16.9390,0.5670,96.8730,1.8650,2025-06-10 09:25:03,244.0
0.5480,17.0240,0.5490,97.0230,1.9010,2025-06-10 09:25:03,244.0
0.5270,16.8360,0.5290,97.0840,1.7590,2025-06-10 09:25:03,244.0
0.5250,16.9210,0.6410,97.1040,1.6330,2025-06-10 09:25:03,244.0
0.5290,16.8990,0.5810,97.2320,1.6370,2025-06-10 09:25:03,244.0
0.5360,16.9610,0.6860,96.7850,1.7530,2025-06-10 09:25:03,244.0
0.5280,17.0050,0.6270,96.8130,1.7670,2025-06-10 09:25:03,244.0
0.5320,16.9680,0.6120,96.8220,1.8650,2025-06-10 09:25:03,244.0
0.5560,17.0180,0.7140,96.7010,1.8040,2025-06-10 09:25:03,244.0
0.5340,16.9990,0.50,96.9960,1.74,2025-06-10 09:25:03,244.0
0.5080,16.9740,0.5150,96.7660,1.6580,2025-06-10 09:25:03,244.0
0.5260,17.0180,0.6680,96.7040,1.7890,2025-06-10 09:25:03,244.0
0.5270,16.8770,0.71,97.3090,1.6920,2025-06-10 09:25:03,244.0
0.5230,16.9740,0.8050,97.1040,1.6470,2025-06-10 09:25:03,244.0
0.5660,17.0270,0.6270,96.92,1.91,2025-06-10 09:25:03,244.0
0.5330,16.8550,0.56,97.1030,1.7050,2025-06-10 09:25:03,244.0
0.5410,16.9020,0.6750,97.1880,1.9040,2025-06-10 09:25:03,244.0
0.5260,17.0210,0.5250,96.8530,1.6860,2025-06-10 09:25:03,244.0
0.5310,16.9740,0.5670,96.7710,1.8230,2025-06-10 09:25:03,244.0
0.5280,16.9080,0.6680,96.7970,1.8820,2025-06-10 10:55:06,245.0
0.5340,16.9050,0.5880,97.1710,1.85,2025-06-10 10:55:06,245.0
0.5450,16.9680,0.6370,96.8170,1.8280,2025-06-10 10:55:06,245.0
0.5380,16.8510,0.6790,97.2150,1.8850,2025-06-10 10:55:06,245.0
0.5320,16.8950,0.5350,97.1060,1.7870,2025-06-10 10:55:06,245.0
0.5420,16.7920,0.5910,97.0930,1.7820,2025-06-10 10:55:06,245.0
0.5310,16.8730,0.63,96.9310,1.8830,2025-06-10 10:55:06,245.0
0.5210,16.9650,0.5250,96.5390,1.7920,2025-06-10 10:55:06,245.0
0.5530,16.9270,0.6930,96.7110,1.7670,2025-06-10 10:55:06,245.0
0.5390,16.9680,0.63,96.9350,1.9840,2025-06-10 10:55:06,245.0
0.5270,16.8770,0.6440,97.05,1.8010,2025-06-10 10:55:06,245.0
0.5320,16.8890,0.6760,96.9020,1.9020,2025-06-10 10:55:06,245.0
0.5390,16.8670,0.5390,97.0940,1.7850,2025-06-10 10:55:06,245.0
0.5370,16.9390,0.5150,96.7950,1.8350,2025-06-10 10:55:06,245.0
0.54,16.9050,0.6580,97.0410,1.8630,2025-06-10 10:55:06,245.0
0.50,16.8110,0.5180,97.1680,1.6550,2025-06-10 10:55:06,245.0
0.5330,16.9110,0.6190,97.0010,1.8060,2025-06-10 10:55:06,245.0
0.5330,16.8920,0.5950,97.02,1.7870,2025-06-10 10:55:06,245.0
0.5330,16.8610,0.7180,96.7870,1.9270,2025-06-10 10:55:06,245.0
0.5520,16.9740,0.5040,96.8720,1.86,2025-06-10 10:55:06,245.0
0.5540,16.9960,0.56,97.0220,1.9480,2025-06-10 13:25:13,246.0
0.5480,16.9520,0.6370,97.2230,1.8240,2025-06-10 13:25:13,246.0
0.5270,16.9460,0.6440,97.1830,1.8540,2025-06-10 13:25:13,246.0
0.5110,16.9110,0.5910,97.2180,1.7120,2025-06-10 13:25:13,246.0
0.5420,17.0050,0.5250,97.1790,1.8440,2025-06-10 13:25:13,246.0
0.5580,17.0050,0.6970,97.0530,1.8180,2025-06-10 13:25:13,246.0
0.5230,16.9460,0.5950,97.2670,1.8130,2025-06-10 13:25:13,246.0
0.5480,17.0180,0.4970,96.8420,1.8670,2025-06-10 13:25:13,246.0
0.5150,16.9710,0.50,97.0480,1.7190,2025-06-10 13:25:13,246.0
0.5470,16.9520,0.5850,96.8280,1.9030,2025-06-10 13:25:13,246.0
0.53,16.9680,0.6860,97.1250,1.7930,2025-06-10 13:25:13,246.0
0.53,16.9550,0.6580,97.31,1.7720,2025-06-10 13:25:13,246.0
0.5510,16.9650,0.5740,96.9740,1.9310,2025-06-10 13:25:13,246.0
0.53,16.9080,0.76,96.9750,1.81,2025-06-10 13:25:13,246.0
0.5430,16.9870,0.5710,96.9660,1.7970,2025-06-10 13:25:13,246.0
0.5290,16.9830,0.6370,97.0430,1.8780,2025-06-10 13:25:13,246.0
0.5240,16.9140,0.6750,97.1010,1.8580,2025-06-10 13:25:13,246.0
0.5640,16.8670,0.5290,97.1510,1.9610,2025-06-10 13:25:13,246.0
0.5420,17.0340,0.6960,96.66,1.9040,2025-06-10 13:25:13,246.0
0.5310,16.9990,0.5810,97.1530,1.6980,2025-06-10 13:25:13,246.0
0.5130,16.9740,0.7390,96.8020,1.6960,2025-06-10 18:58:26,247.0
0.5410,16.9830,0.5210,96.8170,1.8520,2025-06-10 18:58:26,247.0
0.5360,17.0210,0.6970,96.7560,1.83,2025-06-10 18:58:26,247.0
0.55,16.9170,0.6060,97.1930,1.8030,2025-06-10 18:58:26,247.0
0.5380,16.9360,0.64,97.0080,1.7960,2025-06-10 18:58:26,247.0
0.5240,16.9140,0.5110,97.2330,1.6820,2025-06-10 18:58:26,247.0
0.5470,17.0560,0.5530,96.9510,1.8610,2025-06-10 18:58:26,247.0
0.5340,17.1090,0.7950,96.8020,1.79,2025-06-10 18:58:26,247.0
0.5270,17.04,0.5810,96.8830,1.7580,2025-06-10 18:58:26,247.0
0.54,16.98,0.7280,97.27,1.8470,2025-06-10 18:58:26,247.0
0.5150,16.9080,0.7280,97.20,1.6990,2025-06-10 18:58:26,247.0
0.5350,16.9110,0.7070,96.8530,1.8050,2025-06-10 18:58:26,247.0
0.5330,17.0650,0.6650,96.8540,1.7220,2025-06-10 18:58:26,247.0
0.5150,16.9360,0.6650,96.8110,0.0210,2025-06-10 18:58:26,247.0
0.5160,17.0810,0.5880,97.0270,1.72,2025-06-10 18:58:26,247.0
0.5380,17.0180,0.5460,96.9360,1.8010,2025-06-10 18:58:26,247.0
0.5070,16.9740,0.83,97.01,1.6130,2025-06-10 18:58:26,247.0
0.5380,17.0370,0.6760,96.8820,1.7740,2025-06-10 18:58:26,247.0
0.5460,17.0180,0.4940,96.7230,1.8820,2025-06-10 18:58:26,247.0
0.5330,16.9360,0.7520,96.9950,1.7530,2025-06-10 18:58:26,247.0
0.5420,16.98,0.4620,97.0490,1.7950,2025-06-10 21:28:30,248.0
0.5520,16.9830,0.7240,97.6590,1.8290,2025-06-10 21:28:30,248.0
0.5290,16.9930,0.5010,97.19,1.7690,2025-06-10 21:28:30,248.0
0.5370,17.0750,0.5850,96.8480,1.8730,2025-06-10 21:28:30,248.0
0.5330,16.9390,0.6330,97.1370,1.7710,2025-06-10 21:28:30,248.0
0.5310,17.0050,0.5910,97.0320,1.8670,2025-06-10 21:28:30,248.0
0.53,16.88,0.6620,96.9720,1.7720,2025-06-10 21:28:30,248.0
0.5160,16.9740,0.7450,96.9780,1.7290,2025-06-10 21:28:30,248.0
0.5240,17.1030,0.63,96.7920,1.6780,2025-06-10 21:43:32,249.0
0.5280,16.8730,0.5350,97.2110,1.8490,2025-06-10 21:43:32,249.0
0.5220,16.87,0.6410,97.0490,1.7450,2025-06-10 21:43:32,249.0
0.5280,17.0490,0.5740,96.8310,1.7310,2025-06-10 21:43:32,249.0
0.5410,17.0780,0.7070,96.8470,1.8490,2025-06-10 21:43:32,249.0
0.5520,17.0340,0.5770,96.88,1.80,2025-06-10 21:43:32,249.0
0.5050,16.9360,0.7210,97.10,1.6690,2025-06-10 21:43:32,249.0
0.5340,17.0270,0.6090,97.03,1.7640,2025-06-10 21:43:32,249.0
0.5510,17.0270,0.6890,96.9880,1.7870,2025-06-10 21:43:32,249.0
0.5370,16.9960,0.5850,97.0530,1.8810,2025-06-10 21:43:32,249.0
0.53,16.9870,0.5640,96.8530,1.7340,2025-06-10 21:43:32,249.0
0.5320,16.9390,0.6650,97.0790,1.7790,2025-06-10 21:43:32,249.0
0.50,16.8260,0.8260,96.74,1.8960,2025-06-10 21:43:32,249.0
0.5330,16.9360,0.7040,96.99,1.7440,2025-06-10 21:43:32,249.0
0.5280,16.9140,0.6930,97.0820,1.8020,2025-06-10 21:43:32,249.0
0.53,17.0270,0.7450,96.9910,1.7370,2025-06-10 21:43:32,249.0
0.5170,17.0020,0.6060,96.9770,1.8560,2025-06-10 21:43:32,249.0
0.5390,16.9170,0.4970,97.1210,1.7080,2025-06-10 21:43:32,249.0
0.54,17.0620,0.5880,97.0170,1.79,2025-06-10 21:43:32,249.0
0.5110,16.8890,0.5460,96.8490,1.56,2025-06-10 21:43:32,249.0
0.5230,16.9430,0.5390,96.5330,1.7140,2025-06-11 10:41:30,250.0
0.5480,16.8920,0.5150,97.0120,1.8670,2025-06-11 10:41:30,250.0
0.5280,17.0310,0.5880,96.6470,1.7990,2025-06-11 10:41:30,250.0
0.5460,16.9390,0.6860,97.0950,1.7650,2025-06-11 10:41:30,250.0
0.5420,16.9210,0.4940,97.2270,1.8110,2025-06-11 10:41:30,250.0
0.5360,16.9170,0.6090,97.0780,1.91,2025-06-11 10:41:30,250.0
0.5360,16.9830,0.7390,96.8050,1.7720,2025-06-11 10:41:30,250.0
0.5250,16.9770,0.5810,96.6960,1.7840,2025-06-11 10:41:30,250.0
0.5490,16.9140,0.4620,97.1020,1.7820,2025-06-11 10:41:30,250.0
0.5490,16.9960,0.6340,96.8040,1.8490,2025-06-11 10:41:30,250.0
0.5390,16.9710,0.6480,96.8280,1.8270,2025-06-11 10:41:30,250.0
0.5220,16.9990,0.6440,96.7120,1.7260,2025-06-11 10:41:30,250.0
0.53,16.9110,0.6270,96.7840,1.7850,2025-06-11 10:41:30,250.0
0.5140,16.8480,0.6860,96.8510,1.7530,2025-06-11 10:41:30,250.0
0.5360,16.8920,0.6440,96.8380,1.8790,2025-06-11 10:41:30,250.0
0.5410,16.8990,0.5250,97.0580,1.7960,2025-06-11 10:41:30,250.0
0.5330,17.0180,0.7950,97.0830,1.8060,2025-06-11 10:41:30,250.0
0.5320,16.93,0.6510,96.9190,1.7870,2025-06-11 10:41:30,250.0
0.5140,16.9110,0.5010,96.6380,1.7570,2025-06-11 10:41:30,250.0
0.5330,16.9270,0.4310,96.9030,1.7850,2025-06-11 10:41:30,250.0
0.5440,17.0310,0.5850,97.3570,1.7920,2025-06-11 13:01:39,251.0
0.5530,17.0340,0.6650,97.0650,1.8380,2025-06-11 13:01:39,251.0
0.5050,16.9430,0.7350,96.9630,1.7650,2025-06-11 13:01:39,251.0
0.5390,16.9520,0.70,96.7440,1.8450,2025-06-11 13:01:39,251.0
0.5390,16.8890,0.7350,96.9870,1.7880,2025-06-11 13:01:39,251.0
0.5320,16.9870,0.6580,96.7860,1.8270,2025-06-11 13:01:39,251.0
0.5430,17.0120,0.5910,96.83,1.77,2025-06-11 13:01:39,251.0
0.5180,17.0180,0.6230,96.8360,1.6660,2025-06-11 13:01:39,251.0
0.5140,17.0750,0.5780,96.7350,1.5950,2025-06-11 13:01:39,251.0
0.5240,16.9740,0.6650,96.8450,1.69,2025-06-11 13:01:39,251.0
0.5280,16.9520,0.6160,97.0150,1.7650,2025-06-11 13:01:39,251.0
0.5550,16.9430,0.6720,96.7170,1.8280,2025-06-11 13:01:39,251.0
0.5270,16.8640,0.5840,97.1160,1.81,2025-06-11 13:01:39,251.0
0.5290,16.8990,0.7070,97.1030,1.6520,2025-06-11 13:01:39,251.0
0.5310,17.0340,0.4970,97.03,1.7330,2025-06-11 13:01:39,251.0
0.5250,16.8990,0.5360,97.0940,1.6420,2025-06-11 13:01:39,251.0
0.5420,16.9650,0.6160,97.2570,1.7930,2025-06-11 13:01:39,251.0
0.5540,16.9240,0.4870,97.0480,1.8690,2025-06-11 13:01:39,251.0
0.52,16.9990,0.6510,96.9540,1.8970,2025-06-11 13:01:39,251.0
0.5390,17.0050,0.5210,97.2490,1.7810,2025-06-11 13:01:39,251.0
0.5330,16.9330,0.5460,97.1080,1.7970,2025-06-11 19:46:44,252.0
0.5250,16.9390,0.5640,96.7880,1.7870,2025-06-11 19:46:44,252.0
0.5360,16.9270,0.6370,96.7510,1.8880,2025-06-11 19:46:44,252.0
0.5440,16.9170,0.6930,97.0210,1.7880,2025-06-11 19:46:44,252.0
0.5570,17.0180,0.5290,96.9790,1.9330,2025-06-11 19:46:44,252.0
0.5490,16.8950,0.5530,96.8160,1.9030,2025-06-11 19:46:44,252.0
0.5230,16.8830,0.6860,96.9450,1.8150,2025-06-11 19:46:44,252.0
0.5540,16.9550,0.4270,96.8740,1.9010,2025-06-11 19:46:44,252.0
0.5450,16.9680,0.6650,96.8870,1.8560,2025-06-11 19:46:44,252.0
0.5280,16.9520,0.7180,96.8160,1.7580,2025-06-11 19:46:44,252.0
0.5620,16.9110,0.6230,97.1190,1.9320,2025-06-11 19:46:44,252.0
0.5260,17.0810,0.5320,96.7380,1.7820,2025-06-11 19:46:44,252.0
0.5260,16.9110,0.56,96.8550,1.8130,2025-06-11 19:46:44,252.0
0.5460,16.9330,0.4970,96.97,1.9430,2025-06-11 19:46:44,252.0
0.5450,16.8890,0.5850,97.23,1.8440,2025-06-11 19:46:44,252.0
0.5330,16.93,0.6330,97.0440,1.7340,2025-06-11 19:46:44,252.0
0.5320,16.9330,0.5670,97.2260,1.8140,2025-06-11 19:46:44,252.0
0.5390,16.9270,0.5950,96.9060,1.8940,2025-06-11 19:46:44,252.0
0.5270,16.9210,0.4870,97.0730,1.6690,2025-06-11 19:46:44,252.0
0.5150,16.8670,0.6680,97.1570,1.76,2025-06-11 19:46:44,252.0
0.5490,17.0780,0.5530,96.8810,1.9150,2025-06-11 21:26:48,253.0
0.5320,16.9710,0.56,97.2150,1.79,2025-06-11 21:26:48,253.0
0.5240,16.9680,0.4940,96.9740,1.7380,2025-06-11 21:26:48,253.0
0.5330,17.0340,0.6370,97.0350,1.7020,2025-06-11 21:26:48,253.0
0.5180,16.9770,0.5880,97.1860,1.7440,2025-06-11 21:26:48,253.0
0.5390,17.0270,0.5290,97.0050,1.8420,2025-06-11 21:26:48,253.0
0.5190,16.9930,0.6050,96.8640,1.7410,2025-06-11 21:26:48,253.0
0.5320,16.98,0.6410,97.13,1.76,2025-06-11 21:26:48,253.0
0.5290,17.0710,0.5250,96.8130,1.72,2025-06-11 21:26:48,253.0
0.5380,16.8450,0.5630,97.0780,1.7690,2025-06-11 21:26:48,253.0
0.54,16.9050,0.50,97.0640,1.92,2025-06-11 21:26:48,253.0
0.5260,16.9550,0.6230,97.0120,1.7070,2025-06-11 21:26:48,253.0
0.5250,17.0020,0.6890,96.9260,1.6970,2025-06-11 21:26:48,253.0
0.5370,16.8920,0.55,97.0510,1.7310,2025-06-11 21:26:48,253.0
0.5470,17.0430,0.6680,96.8720,1.8860,2025-06-11 21:26:48,253.0
0.5360,17.0180,0.6340,96.9140,1.75,2025-06-11 21:26:48,253.0
0.55,16.99,0.5320,96.9480,1.9180,2025-06-11 21:26:48,253.0
0.5480,16.93,0.6370,96.9510,1.8240,2025-06-11 21:26:48,253.0
0.5450,17.0460,0.5880,97.0710,0.0120,2025-06-11 21:26:48,253.0
0.5390,17.0310,0.7310,96.9550,1.7530,2025-06-11 21:26:48,253.0
0.5440,16.9110,0.5810,97.0130,1.8260,2025-06-12 10:34:07,254.0
0.5140,16.93,0.6090,97.1240,1.6970,2025-06-12 10:34:07,254.0
0.5420,17.0270,0.5430,97.4690,1.7760,2025-06-12 10:34:07,254.0
0.5580,17.0090,0.5980,97.1190,1.91,2025-06-12 10:34:07,254.0
0.5390,16.9080,0.6750,97.1080,1.9190,2025-06-12 10:34:07,254.0
0.5280,16.8580,0.4870,97.2870,1.7830,2025-06-12 10:34:07,254.0
0.5560,16.9550,0.7420,97.0520,1.8640,2025-06-12 10:34:07,254.0
0.5370,16.9610,0.5560,96.8670,1.7110,2025-06-12 10:34:07,254.0
0.5370,16.9740,0.5810,97.1610,1.8810,2025-06-12 10:34:07,254.0
0.5230,16.9460,0.5530,96.9740,1.8560,2025-06-12 10:34:07,254.0
0.54,16.8730,0.5630,97.1910,1.7980,2025-06-12 10:34:07,254.0
0.5370,17.0120,0.5670,97.0480,1.7250,2025-06-12 10:34:07,254.0
0.5210,16.9520,0.49,97.2240,1.7870,2025-06-12 10:34:07,254.0
0.5250,16.9650,0.6190,97.0850,1.7070,2025-06-12 10:34:07,254.0
0.5190,16.9360,0.5810,96.8980,1.7220,2025-06-12 10:34:07,254.0
0.5310,16.9680,0.4090,96.9740,1.7260,2025-06-12 10:34:07,254.0
0.52,16.9520,0.50,96.9050,1.6390,2025-06-12 10:34:07,254.0
0.5310,17.0340,0.4510,96.7970,1.7950,2025-06-12 10:34:07,254.0
0.5290,16.8890,0.5810,97.0820,1.8240,2025-06-12 10:34:07,254.0
0.5430,16.8990,0.7140,96.9060,1.7650,2025-06-12 10:34:07,254.0
0.5320,16.9610,0.6160,97.0940,1.7230,2025-06-12 13:09:11,255.0
0.5270,17.0180,0.5950,97.2270,1.7360,2025-06-12 13:09:11,255.0
0.5220,17.0560,0.6680,96.8840,1.6450,2025-06-12 13:09:11,255.0
0.5470,17.0240,0.6270,97.1710,1.9180,2025-06-12 13:09:11,255.0
0.5340,16.9870,0.56,96.8580,1.7990,2025-06-12 13:09:11,255.0
0.5210,17.0210,0.6860,97.2130,1.7320,2025-06-12 13:09:11,255.0
0.5610,17.0210,0.77,97.2170,1.8480,2025-06-12 13:09:11,255.0
0.5220,16.9990,0.4860,97.1150,1.7270,2025-06-12 13:09:11,255.0
0.5270,17.0050,0.69,97.0560,1.7180,2025-06-12 13:09:11,255.0
0.5360,17.0490,0.5810,97.2370,1.7270,2025-06-12 13:09:11,255.0
0.5310,16.9520,0.6060,97.1330,1.7250,2025-06-12 13:09:11,255.0
0.5260,16.9330,0.5460,96.8610,1.7330,2025-06-12 13:09:11,255.0
0.5310,16.8860,0.77,96.8450,1.8190,2025-06-12 13:09:11,255.0
0.5040,16.9740,0.6650,97.1340,1.6990,2025-06-12 13:09:11,255.0
0.5360,17.0930,0.5210,97.4470,1.6690,2025-06-12 13:09:11,255.0
0.4980,16.9770,0.5250,97.0720,1.5280,2025-06-12 13:09:11,255.0
0.5360,16.9140,0.4380,96.8820,1.7840,2025-06-12 13:09:11,255.0
0.5540,17.0430,0.5990,97.1210,1.75,2025-06-12 13:09:11,255.0
0.5450,17.0180,0.5630,96.8570,1.7630,2025-06-12 13:09:11,255.0
0.5280,17.0270,0.6060,96.7530,1.7860,2025-06-12 13:09:11,255.0
0.5490,17.0340,0.5040,97.1090,1.8610,2025-06-12 18:59:16,256.0
0.5450,17.0090,0.4760,97.1320,1.7830,2025-06-12 18:59:16,256.0
0.5120,17.0050,0.5880,96.9180,1.74,2025-06-12 18:59:16,256.0
0.5360,16.9770,0.5290,97.0630,1.8180,2025-06-12 18:59:16,256.0
0.5380,16.9830,0.5950,96.7430,1.7820,2025-06-12 18:59:16,256.0
0.5450,16.8890,0.5490,97.10,1.7330,2025-06-12 18:59:16,256.0
0.5320,16.9460,0.5670,96.9170,1.6990,2025-06-12 18:59:16,256.0
0.5620,16.9520,0.5770,96.8060,1.9160,2025-06-12 18:59:16,256.0
0.5250,16.9330,0.5350,97.2190,1.6780,2025-06-12 18:59:16,256.0
0.5090,16.9210,0.6060,97.3480,1.68,2025-06-12 18:59:16,256.0
0.5430,16.8830,0.5530,97.1460,1.8910,2025-06-12 18:59:16,256.0
0.5330,16.9610,0.5910,97.1710,1.8110,2025-06-12 18:59:16,256.0
0.53,16.8510,0.6930,97.1960,1.8270,2025-06-12 18:59:16,256.0
0.5140,16.9240,0.5850,96.8820,1.75,2025-06-12 18:59:16,256.0
0.5210,16.8950,0.63,96.9770,1.7150,2025-06-12 18:59:16,256.0
0.5370,16.9240,0.6230,96.8850,1.9040,2025-06-12 18:59:16,256.0
0.5330,16.9360,0.4830,97.1640,1.8950,2025-06-12 18:59:16,256.0
0.52,16.98,0.5770,96.8250,1.7210,2025-06-12 18:59:16,256.0
0.5370,16.9770,0.55,97.0050,1.6970,2025-06-12 18:59:16,256.0
0.5350,17.0150,0.5710,96.8380,1.7870,2025-06-12 18:59:16,256.0
0.5280,16.9360,0.4270,97.1410,1.7450,2025-06-12 21:24:19,257.0
0.5560,16.99,0.7420,97.0260,1.8230,2025-06-12 21:24:19,257.0
0.5150,16.9080,0.5740,97.1960,1.73,2025-06-12 21:24:19,257.0
0.5070,16.9710,0.6510,97.1190,1.6480,2025-06-12 21:24:19,257.0
0.5220,16.9210,0.7940,96.8860,1.7410,2025-06-12 21:24:19,257.0
0.5270,16.9870,0.7070,96.8850,1.8160,2025-06-12 21:24:19,257.0
0.5340,16.9430,0.6190,97.0910,1.7060,2025-06-12 21:24:19,257.0
0.5470,16.9680,0.5110,96.84,1.9070,2025-06-12 21:24:19,257.0
0.5180,17.0490,0.5810,97.1280,1.8280,2025-06-12 21:24:19,257.0
0.5150,16.9610,0.7560,96.8640,1.8420,2025-06-12 21:24:19,257.0
0.5470,16.9680,0.6270,96.9740,1.8630,2025-06-12 21:24:19,257.0
0.5390,16.9740,0.5780,97.0590,1.8440,2025-06-12 21:24:19,257.0
0.5380,17.0710,0.5460,96.9190,1.77,2025-06-12 21:24:19,257.0
0.5290,16.9870,0.6060,97.1310,1.8840,2025-06-12 21:24:19,257.0
0.5550,16.9240,0.5640,97.1740,1.9120,2025-06-12 21:24:19,257.0
0.5220,16.9710,0.5850,96.9990,1.7360,2025-06-12 21:24:19,257.0
0.5360,16.9490,0.5770,96.8230,1.7630,2025-06-12 21:24:19,257.0
0.5310,16.9650,0.5710,96.8610,1.7530,2025-06-12 21:24:19,257.0
0.5350,16.93,0.5110,97.0780,1.7780,2025-06-12 21:24:19,257.0
0.5130,16.8990,0.6370,96.88,1.8440,2025-06-12 21:24:19,257.0
0.5150,16.9170,0.6860,96.9710,1.7670,2025-06-13 13:21:43,258.0
0.5330,17.0090,0.5420,96.8910,1.8150,2025-06-13 13:21:43,258.0
0.5470,17.0050,0.5850,97.0780,1.8860,2025-06-13 13:21:43,258.0
0.5220,16.8990,0.4760,96.85,1.7940,2025-06-13 13:21:43,258.0
0.52,17.0340,0.55,96.8950,1.7650,2025-06-13 13:21:43,258.0
0.5450,16.9520,0.5910,97.0970,1.9210,2025-06-13 13:21:43,258.0
0.53,16.9550,0.4580,96.9410,1.8210,2025-06-13 13:21:43,258.0
0.5250,17.0180,0.4480,96.8260,1.7990,2025-06-13 13:21:43,258.0
0.5460,16.9390,0.7280,96.7910,1.9040,2025-06-13 13:21:43,258.0
0.5550,17.04,0.5530,96.9190,1.9430,2025-06-13 13:21:43,258.0
0.5270,16.9870,0.6480,96.7690,1.7550,2025-06-13 13:21:43,258.0
0.5320,16.9990,0.5560,96.9440,1.6770,2025-06-13 13:21:43,258.0
0.5630,16.9960,0.6190,96.9280,1.9530,2025-06-13 13:21:43,258.0
0.5210,16.9270,0.5840,97.0630,1.7840,2025-06-13 13:21:43,258.0
0.5280,16.9990,0.56,96.7550,1.7650,2025-06-13 13:21:43,258.0
0.5330,16.9080,0.5390,97.1880,1.7630,2025-06-13 13:21:43,258.0
0.5270,16.8890,0.5460,96.8280,1.7740,2025-06-13 13:21:43,258.0
0.5150,16.9170,0.5710,97.2540,1.7430,2025-06-13 13:21:43,258.0
0.5540,16.8920,0.7490,97.17,1.8870,2025-06-13 13:21:43,258.0
0.54,17.04,0.5280,97.1220,1.75,2025-06-13 13:21:43,258.0
0.5360,17.0530,0.6540,96.9620,1.7770,2025-06-13 19:06:52,259.0
0.5510,17.0270,0.4940,97.1170,1.9310,2025-06-13 19:06:52,259.0
0.5410,17.1060,0.50,96.9360,1.9130,2025-06-13 19:06:52,259.0
0.5510,16.9770,0.5950,96.8070,1.8620,2025-06-13 19:06:52,259.0
0.5180,16.9930,0.6860,96.8110,1.65,2025-06-13 19:06:52,259.0
0.55,16.9710,0.5360,97.0670,1.8480,2025-06-13 19:06:52,259.0
0.5690,16.9360,0.6650,96.8870,2.0060,2025-06-13 19:06:52,259.0
0.5470,17.0650,0.6830,96.7310,2.0040,2025-06-13 19:06:52,259.0
0.5180,16.9610,0.6190,97.1280,1.8120,2025-06-13 19:06:52,259.0
0.5270,16.9460,0.5290,97.1530,1.6760,2025-06-13 19:06:52,259.0
0.5380,16.9870,0.8090,97.0060,1.9370,2025-06-13 19:06:52,259.0
0.5330,16.9140,0.5250,97.2990,1.7920,2025-06-13 19:06:52,259.0
0.5450,17.0560,0.5180,96.9350,1.9120,2025-06-13 19:06:52,259.0
0.5680,17.0240,0.6090,97.1560,2.0750,2025-06-13 19:06:52,259.0
0.5550,16.99,0.5460,97.0860,1.86,2025-06-13 19:06:52,259.0
0.5330,17.04,0.5460,96.9730,1.8390,2025-06-13 19:06:52,259.0
0.5450,16.9460,0.5810,97.2670,1.8150,2025-06-13 19:06:52,259.0
0.5310,17.0120,0.6440,97.10,1.8410,2025-06-13 19:06:52,259.0
0.5730,17.0270,0.63,97.2040,1.9980,2025-06-13 19:06:52,259.0
0.54,16.9740,0.4830,97.1170,1.8690,2025-06-13 19:06:52,259.0
0.5220,16.9520,0.7660,97.0120,1.6680,2025-06-13 21:06:56,260.0
0.5540,16.9930,0.5210,96.8920,1.77,2025-06-13 21:06:56,260.0
0.5340,16.9770,0.7840,97.2280,1.7760,2025-06-13 21:06:56,260.0
0.5410,17.0120,0.5710,97.19,1.7470,2025-06-13 21:06:56,260.0
0.5290,17.0120,0.3880,96.96,1.6990,2025-06-13 21:06:56,260.0
0.5340,17.0650,0.4440,96.8910,1.8210,2025-06-13 21:06:56,260.0
0.5340,16.99,0.5670,96.9360,1.88,2025-06-13 21:06:56,260.0
0.5470,16.99,0.7170,97.0320,1.8910,2025-06-13 21:06:56,260.0
0.5130,16.99,0.6860,96.8480,1.6790,2025-06-13 21:06:56,260.0
0.5070,16.9170,0.7070,97.0350,1.6980,2025-06-13 21:06:56,260.0
0.5420,16.9520,0.63,97.1560,1.7730,2025-06-13 21:06:56,260.0
0.5520,17.0180,0.6020,96.9950,1.8830,2025-06-13 21:06:56,260.0
0.5290,16.9490,0.5560,96.9640,1.7980,2025-06-13 21:06:56,260.0
0.5350,16.9680,0.5710,97.1810,1.8220,2025-06-13 21:06:56,260.0
0.5390,16.9490,0.5570,97.1920,1.7520,2025-06-13 21:06:56,260.0
0.5080,16.9580,0.6930,97.1330,1.6170,2025-06-13 21:06:56,260.0
0.5170,16.9240,0.6510,96.7450,1.8140,2025-06-13 21:06:56,260.0
0.5410,17.1470,0.5640,96.8420,1.7830,2025-06-13 21:06:56,260.0
0.5440,16.93,0.6890,96.8540,1.8360,2025-06-13 21:06:56,260.0
0.5380,17.0310,0.7630,97.0990,1.76,2025-06-13 21:06:56,260.0
0.5080,16.9610,0.5880,96.83,1.6990,2025-06-16 13:04:56,261.0
0.5280,17.0020,0.4230,97.09,1.7410,2025-06-16 13:04:56,261.0
0.5110,16.9330,0.5950,97.0940,1.8110,2025-06-16 13:04:56,261.0
0.5260,17.0180,0.49,97.1290,1.8030,2025-06-16 13:04:56,261.0
0.5090,16.8580,0.5950,97.1370,1.8050,2025-06-16 13:04:56,261.0
0.5450,17.0590,0.5840,97.02,1.9680,2025-06-16 13:04:56,261.0
0.5080,16.9990,0.76,96.7860,1.7850,2025-06-16 13:04:56,261.0
0.5410,16.9830,0.4790,96.9110,1.8750,2025-06-16 13:04:56,261.0
0.5420,17.0020,0.5740,97.1680,1.8860,2025-06-16 13:04:56,261.0
0.5190,16.9610,0.6060,96.9870,1.8860,2025-06-16 13:04:56,261.0
0.5090,16.9740,0.4830,97.0690,1.78,2025-06-16 13:04:56,261.0
0.5090,16.98,0.4860,97.1840,1.7460,2025-06-16 13:04:56,261.0
0.5150,17.1030,0.5810,96.83,1.7070,2025-06-16 13:04:56,261.0
0.5080,16.9770,0.5630,97.0170,1.6780,2025-06-16 13:04:56,261.0
0.5010,16.9830,0.5640,96.8740,1.66,2025-06-16 13:04:56,261.0
0.5150,16.9170,0.4970,97.1830,1.8480,2025-06-16 13:04:56,261.0
0.4780,16.9740,0.6480,97.0080,1.6040,2025-06-16 13:04:56,261.0
0.5020,16.9830,0.5560,96.9520,1.7250,2025-06-16 13:04:56,261.0
0.51,17.0490,0.55,96.8630,1.7150,2025-06-16 13:04:56,261.0
0.5310,16.98,0.5880,96.9050,1.8810,2025-06-16 13:04:56,261.0
0.5250,16.9270,0.5460,96.9050,1.7170,2025-06-16 19:10:05,262.0
0.5290,16.9610,0.5150,96.8680,1.7690,2025-06-16 19:10:05,262.0
0.5340,16.8510,0.6090,96.8350,1.73,2025-06-16 19:10:05,262.0
0.5330,16.8610,0.5670,97.0360,1.9580,2025-06-16 19:10:05,262.0
0.5250,16.9490,0.5910,96.6770,1.9590,2025-06-16 19:10:05,262.0
0.5060,16.8360,0.6410,97.1230,1.7270,2025-06-16 19:10:05,262.0
0.5550,16.8580,0.6160,97.0880,2.0420,2025-06-16 19:10:05,262.0
0.5380,16.8360,0.4440,97.1640,1.8040,2025-06-16 19:10:05,262.0
0.5390,16.8110,0.5910,97.1340,1.9040,2025-06-16 19:10:05,262.0
0.5030,16.8770,0.5850,96.8250,1.7830,2025-06-16 19:10:05,262.0
0.5280,16.8170,0.7280,97.2380,1.8180,2025-06-16 19:10:05,262.0
0.5190,16.87,0.6580,97.03,1.7940,2025-06-16 19:10:05,262.0
0.5190,16.8010,0.5560,97.0920,1.7130,2025-06-16 19:10:05,262.0
0.54,16.9210,0.4940,97.01,1.8730,2025-06-16 19:10:05,262.0
0.53,16.9210,0.5630,96.9460,1.8320,2025-06-16 19:10:05,262.0
0.5080,16.77,0.6090,96.90,1.87,2025-06-16 19:10:05,262.0
0.5380,16.8640,0.5290,97.1310,2.03,2025-06-16 19:10:05,262.0
0.5140,16.9050,0.7490,97.0790,1.85,2025-06-16 19:10:05,262.0
0.5340,16.8770,0.5560,97.0820,1.7860,2025-06-16 19:10:05,262.0
0.5140,16.87,0.4130,96.9910,1.8190,2025-06-16 19:10:05,262.0
0.4940,16.93,0.6060,97.0250,1.8440,2025-06-16 21:25:10,263.0
0.4860,16.9240,0.5080,97.1330,1.7910,2025-06-16 21:25:10,263.0
0.5090,16.98,0.42,96.8720,1.7760,2025-06-16 21:25:10,263.0
0.4750,16.9490,0.7280,97.1390,1.8050,2025-06-16 21:25:10,263.0
0.4980,16.9110,0.4970,96.9290,1.8510,2025-06-16 21:25:10,263.0
0.4760,16.9710,0.4870,96.8480,1.77,2025-06-16 21:25:10,263.0
0.5130,16.9680,0.5670,96.8140,1.9980,2025-06-16 21:25:10,263.0
0.5190,16.9270,0.5570,97.3390,1.8720,2025-06-16 21:25:10,263.0
0.4880,16.9210,0.56,97.4510,1.78,2025-06-16 21:25:10,263.0
0.5020,16.8770,0.7140,96.8360,1.6390,2025-06-16 21:25:10,263.0
0.4740,16.8670,0.49,97.07,1.6020,2025-06-16 21:25:10,263.0
0.4790,16.9550,0.4870,96.6810,1.7840,2025-06-16 21:25:10,263.0
0.4960,16.8990,0.5180,97.1430,1.7550,2025-06-16 21:25:10,263.0
0.4730,16.9330,0.5850,97.1120,1.7550,2025-06-16 21:25:10,263.0
0.4890,16.8950,0.5910,96.7230,1.8510,2025-06-16 21:25:10,263.0
0.4780,16.9210,0.5710,96.9580,1.7040,2025-06-16 21:25:10,263.0
0.5020,16.8610,0.5670,96.7920,1.8590,2025-06-16 21:25:10,263.0
0.4750,16.8450,0.4450,97.4170,1.8040,2025-06-16 21:25:10,263.0
0.4750,16.9080,0.5850,96.9510,1.7090,2025-06-16 21:25:10,263.0
0.5080,16.9020,0.5350,96.8150,1.8910,2025-06-16 21:25:10,263.0
0.5270,16.9360,0.43,96.9560,1.8140,2025-06-16 21:35:11,264.0
0.51,16.8510,0.5710,96.7620,1.7090,2025-06-16 21:35:11,264.0
0.5210,16.8830,0.6680,97.0730,1.8080,2025-06-16 21:35:11,264.0
0.4860,16.9140,0.5530,96.9570,1.7760,2025-06-16 21:35:11,264.0
0.5160,16.9140,0.4860,97.1250,1.9270,2025-06-16 21:35:11,264.0
0.5010,16.9080,0.5780,96.7980,1.7260,2025-06-16 21:35:11,264.0
0.5010,16.9550,0.6410,96.94,1.7740,2025-06-16 21:35:11,264.0
0.5040,16.87,0.6480,96.8560,1.8840,2025-06-16 21:35:11,264.0
0.5010,16.8920,0.5220,96.9410,1.6980,2025-06-16 21:35:11,264.0
0.49,16.8990,0.6230,96.7890,1.7050,2025-06-16 21:35:11,264.0
0.4650,16.8480,0.6650,97.0560,1.8360,2025-06-16 21:35:11,264.0
0.4650,16.8330,0.7490,96.9570,1.7390,2025-06-16 21:35:11,264.0
0.49,16.9240,0.56,96.8860,1.7620,2025-06-16 21:35:11,264.0
0.5260,16.9830,0.7210,96.9170,1.9130,2025-06-16 21:35:11,264.0
0.4760,16.9270,0.6270,97.0750,1.7470,2025-06-16 21:35:11,264.0
0.5020,16.8860,0.5640,97.1640,1.8670,2025-06-16 21:35:11,264.0
0.4990,16.8920,0.6960,97.0730,1.8150,2025-06-16 21:35:11,264.0
0.54,16.9610,0.6060,96.8650,1.9730,2025-06-16 21:35:11,264.0
0.4790,16.8830,0.56,97.2430,1.6340,2025-06-16 21:35:11,264.0
0.5250,16.9870,0.7110,97.0710,1.77,2025-06-16 21:35:11,264.0
0.5240,16.7540,0.6440,96.9630,1.9540,2025-06-17 19:10:09,265.0
0.5370,16.8610,0.5630,96.8320,1.9180,2025-06-17 19:10:09,265.0
0.5160,16.82,0.5950,96.76,1.8110,2025-06-17 19:10:09,265.0
0.5450,16.9390,0.49,96.8520,1.9110,2025-06-17 19:10:09,265.0
0.5350,16.8110,0.4510,97.1890,1.90,2025-06-17 19:10:09,265.0
0.5330,16.83,0.5770,97.45,1.8710,2025-06-17 19:10:09,265.0
0.5590,16.9140,0.5850,96.9670,1.9480,2025-06-17 19:10:09,265.0
0.5340,16.88,0.5710,96.8570,1.8860,2025-06-17 19:10:09,265.0
0.5350,16.8480,0.4620,97.1230,1.7950,2025-06-17 19:10:09,265.0
0.5360,16.8670,0.5210,96.7280,1.7830,2025-06-17 19:10:09,265.0
0.53,16.8110,0.7140,97.0830,1.8230,2025-06-17 19:10:09,265.0
0.5390,16.8170,0.6270,96.9320,1.8730,2025-06-17 19:10:09,265.0
0.5220,16.8670,0.6410,96.9370,1.8360,2025-06-17 19:10:09,265.0
0.5290,16.8450,0.6160,96.6910,1.8070,2025-06-17 19:10:09,265.0
0.5350,16.7230,0.4620,97.0460,1.8820,2025-06-17 19:10:09,265.0
0.5440,16.8420,0.6020,96.8460,1.93,2025-06-17 19:10:09,265.0
0.5170,16.6720,0.7350,96.9230,1.8080,2025-06-17 19:10:09,265.0
0.5530,16.8360,0.5080,97.3510,1.8660,2025-06-17 19:10:09,265.0
0.5290,16.8330,0.71,96.8240,1.8060,2025-06-17 19:10:09,265.0
0.5290,16.7130,0.6760,96.6490,1.9580,2025-06-17 19:10:09,265.0
0.5240,16.9770,0.4020,97.0040,1.6620,2025-06-17 21:30:12,266.0
0.5270,16.7920,0.4690,97.0910,1.78,2025-06-17 21:30:12,266.0
0.5290,16.9430,0.76,96.7810,1.7480,2025-06-17 21:30:12,266.0
0.5380,16.8830,0.4860,96.9530,1.8910,2025-06-17 21:30:12,266.0
0.5430,16.9520,0.3110,96.7890,1.8380,2025-06-17 21:30:12,266.0
0.56,16.9710,0.4650,97.2060,1.9420,2025-06-17 21:30:12,266.0
0.5070,16.8830,0.5640,97.16,1.6140,2025-06-17 21:30:12,266.0
0.54,16.9210,0.4550,97.1020,1.7540,2025-06-17 21:30:12,266.0
0.55,16.9240,0.5710,97.1280,1.8320,2025-06-17 21:30:12,266.0
0.54,16.9240,0.4550,97.0810,1.7810,2025-06-17 21:30:12,266.0
0.5320,16.9270,0.5840,96.7770,1.7930,2025-06-17 21:30:12,266.0
0.5510,16.9270,0.49,96.9370,1.8790,2025-06-17 21:30:12,266.0
0.5660,16.9020,0.3990,97.0570,1.9140,2025-06-17 21:30:12,266.0
0.5260,16.8550,0.7320,97.1260,1.8880,2025-06-17 21:30:12,266.0
0.5340,16.8450,0.5950,97.05,1.83,2025-06-17 21:30:12,266.0
0.5460,16.8510,0.5080,97.18,1.8940,2025-06-17 21:30:12,266.0
0.53,16.8330,0.5080,97.0460,1.8410,2025-06-17 21:30:12,266.0
0.54,16.8860,0.63,97.0210,1.89,2025-06-17 21:30:12,266.0
0.5490,16.9050,0.5950,97.0120,1.8120,2025-06-17 21:30:12,266.0
0.5120,16.8040,0.4940,96.6970,1.6340,2025-06-17 21:30:12,266.0
0.5470,16.8640,0.4410,97.1070,1.81,2025-06-18 10:50:52,267.0
0.5410,16.8420,0.4130,97.2350,1.7550,2025-06-18 10:50:52,267.0
0.5330,16.8990,0.5040,96.7670,1.8880,2025-06-18 10:50:52,267.0
0.5260,16.9360,0.48,96.7880,1.8380,2025-06-18 10:50:52,267.0
0.5260,16.8330,0.3540,97.0750,1.8510,2025-06-18 10:50:52,267.0
0.5050,16.82,0.4970,96.8630,1.6990,2025-06-18 10:50:52,267.0
0.5340,16.8860,0.7490,96.8410,1.8280,2025-06-18 10:50:52,267.0
0.5170,16.9170,0.4790,96.8640,1.7020,2025-06-18 10:50:52,267.0
0.5350,16.7790,0.4760,97.1340,1.8680,2025-06-18 10:50:52,267.0
0.5640,16.8860,0.5910,97.2370,1.8610,2025-06-18 10:50:52,267.0
0.5440,16.9610,0.5290,96.7860,1.8390,2025-06-18 10:50:52,267.0
0.5480,16.8990,0.5390,96.8190,1.8080,2025-06-18 10:50:52,267.0
0.5530,16.8390,0.5080,97.0960,1.9310,2025-06-18 10:50:52,267.0
0.5420,16.8990,0.5850,96.7950,1.8790,2025-06-18 10:50:52,267.0
0.5280,16.8390,0.5250,97.1850,1.6470,2025-06-18 10:50:52,267.0
0.5290,16.9110,0.42,96.7660,1.7680,2025-06-18 10:50:52,267.0
0.5520,16.9140,0.5850,97.1210,1.8440,2025-06-18 10:50:52,267.0
0.5560,16.9110,0.5080,96.8650,2.0160,2025-06-18 10:50:52,267.0
0.5240,16.9050,0.4480,96.7910,1.7780,2025-06-18 10:50:52,267.0
0.5360,16.9020,0.5770,97.0380,1.9110,2025-06-18 10:50:52,267.0
0.5490,16.88,0.5110,96.9830,2.1530,2025-06-18 11:00:53,268.0
0.5510,16.9050,0.5150,96.9820,2.2660,2025-06-18 11:00:53,268.0
0.5320,16.9460,0.4970,96.9120,2.1390,2025-06-18 11:00:53,268.0
0.5340,16.9870,0.43,96.96,2.1630,2025-06-18 11:00:53,268.0
0.5380,16.87,0.4970,97.0640,2.0930,2025-06-18 11:00:53,268.0
0.5180,16.88,0.4590,97.1040,2.0230,2025-06-18 11:00:53,268.0
0.5260,16.88,0.4090,97.2690,2.01,2025-06-18 11:00:53,268.0
0.5420,16.8550,0.4650,96.9910,2.0960,2025-06-18 11:00:53,268.0
0.5150,16.8670,0.5530,97.1380,2.0130,2025-06-18 11:00:53,268.0
0.53,16.9330,0.5460,96.9210,2.0440,2025-06-18 11:00:53,268.0
0.5230,16.8770,0.4760,96.9390,2.1650,2025-06-18 11:00:53,268.0
0.5330,16.9170,0.6090,96.9150,1.9970,2025-06-18 11:00:53,268.0
0.56,16.9110,0.4480,97.16,2.0570,2025-06-18 11:00:53,268.0
0.5570,17.0090,0.4970,96.8910,2.0320,2025-06-18 11:00:53,268.0
0.5090,16.88,0.6120,96.9620,2.0070,2025-06-18 11:00:53,268.0
0.5420,16.8360,0.4410,97.4530,2.09,2025-06-18 11:00:53,268.0
0.5350,16.9270,0.4520,97.0880,2.0560,2025-06-18 11:00:53,268.0
0.5310,16.87,0.4860,96.8530,2.0290,2025-06-18 11:00:53,268.0
0.5340,16.8480,0.4410,97.08,2.1090,2025-06-18 11:00:53,268.0
0.5270,16.7540,0.5290,96.8840,2.0050,2025-06-18 11:00:53,268.0
0.5170,16.9140,0.5110,96.9310,1.7130,2025-06-18 13:15:56,269.0
0.5380,16.93,0.5210,96.9940,1.8030,2025-06-18 13:15:56,269.0
0.54,16.8510,0.5040,97.33,1.9230,2025-06-18 13:15:56,269.0
0.5020,16.9080,0.5530,97.0980,1.6680,2025-06-18 13:15:56,269.0
0.55,17.0240,0.4480,97.1060,1.75,2025-06-18 13:15:56,269.0
0.5240,17.0020,0.6020,96.9460,1.6650,2025-06-18 13:15:56,269.0
0.5260,16.8860,0.3920,97.2580,1.7330,2025-06-18 13:15:56,269.0
0.5390,16.9080,0.4970,97.0190,1.7550,2025-06-18 13:15:56,269.0
0.5220,17.0270,0.6860,97.0840,1.72,2025-06-18 13:15:56,269.0
0.5240,16.9170,0.5390,97.2910,1.6320,2025-06-18 13:15:56,269.0
0.5190,16.9740,0.5150,96.8960,1.7250,2025-06-18 13:15:56,269.0
0.5360,16.9490,0.4620,96.9070,1.7230,2025-06-18 13:15:56,269.0
0.5250,16.8260,0.3670,96.9750,1.7660,2025-06-18 13:15:56,269.0
0.5470,16.8830,0.4130,97.1250,1.9420,2025-06-18 13:15:56,269.0
0.5380,16.9740,0.4310,97.2730,1.8120,2025-06-18 13:15:56,269.0
0.5090,16.9460,0.4090,96.9780,1.7140,2025-06-18 13:15:56,269.0
0.5380,16.9990,0.5110,97.1150,1.7490,2025-06-18 13:15:56,269.0
0.5320,16.8860,0.4830,97.1070,1.6940,2025-06-18 13:15:56,269.0
0.5240,16.9610,0.5880,96.9180,1.7830,2025-06-18 13:15:56,269.0
0.5290,16.9210,0.5770,97.0390,1.7010,2025-06-18 13:15:56,269.0
0.5440,16.9080,0.6020,96.98,0.0220,2025-06-18 19:26:03,270.0
0.5270,16.82,0.6440,97.1130,1.7550,2025-06-18 19:26:03,270.0
0.5230,16.9960,0.5150,96.7890,1.8020,2025-06-18 19:26:03,270.0
0.5330,16.9050,0.3780,97.0990,1.92,2025-06-18 19:26:03,270.0
0.5250,16.8330,0.4970,97.1820,1.85,2025-06-18 19:26:03,270.0
0.5450,16.9050,0.6160,96.8250,1.8580,2025-06-18 19:26:03,270.0
0.5190,16.9330,0.6160,96.7240,1.7320,2025-06-18 19:26:03,270.0
0.5350,16.8950,0.4060,97.0580,1.6380,2025-06-18 19:26:03,270.0
0.5470,16.8610,0.5460,96.7740,2.0040,2025-06-18 19:26:03,270.0
0.5490,16.8920,0.4940,97.0210,1.7330,2025-06-18 19:26:03,270.0
0.5360,16.8610,0.5210,96.9570,1.8440,2025-06-18 19:26:03,270.0
0.5280,16.8580,0.4230,97.35,1.7020,2025-06-18 19:26:03,270.0
0.5290,16.8920,0.5110,96.9940,1.73,2025-06-18 19:26:03,270.0
0.5380,16.9360,0.49,97.0950,1.7970,2025-06-18 19:26:03,270.0
0.5180,16.8670,0.5150,97.1570,1.7350,2025-06-18 19:26:03,270.0
0.5370,16.9170,0.5290,97.3070,1.7170,2025-06-18 19:26:03,270.0
0.5260,16.88,0.6190,96.8610,1.8050,2025-06-18 19:26:03,270.0
0.5180,16.8360,0.5980,97.10,1.7340,2025-06-18 19:26:03,270.0
0.5360,16.8990,0.5460,96.9690,1.8620,2025-06-18 19:26:03,270.0
0.5350,16.9680,0.55,97.2030,1.76,2025-06-18 19:26:03,270.0
0.5530,16.8830,0.4450,97.0330,1.8560,2025-06-19 10:52:27,271.0
0.5350,16.8420,0.6540,96.9620,1.7580,2025-06-19 10:52:27,271.0
0.5290,16.8830,0.5070,96.8810,1.7870,2025-06-19 10:52:27,271.0
0.54,16.9240,0.50,97.1040,1.7880,2025-06-19 10:52:27,271.0
0.5270,16.8610,0.3960,97.0920,1.7130,2025-06-19 10:52:27,271.0
0.5550,16.8860,0.4790,97.0440,2.0110,2025-06-19 10:52:27,271.0
0.5160,16.8830,0.4130,96.8350,1.62,2025-06-19 10:52:27,271.0
0.5140,16.8670,0.4170,97.2630,1.6130,2025-06-19 10:52:27,271.0
0.5140,16.8890,0.42,97.2360,1.7510,2025-06-19 10:52:27,271.0
0.5350,16.9080,0.5110,97.0640,1.7310,2025-06-19 10:52:27,271.0
0.5410,16.9390,0.43,96.7790,1.8820,2025-06-19 10:52:27,271.0
0.5370,16.87,0.4270,96.9040,1.7790,2025-06-19 10:52:27,271.0
0.5440,16.9020,0.5110,96.9010,1.9230,2025-06-19 10:52:27,271.0
0.5280,16.8640,0.3920,96.7910,1.7280,2025-06-19 10:52:27,271.0
0.5070,16.88,0.56,97.1260,1.6960,2025-06-19 10:52:27,271.0
0.5360,16.9170,0.4380,97.3220,1.7950,2025-06-19 10:52:27,271.0
0.5520,16.8330,0.4240,97.3970,1.8760,2025-06-19 10:52:27,271.0
0.5220,16.87,0.5990,96.90,1.75,2025-06-19 10:52:27,271.0
0.53,16.8610,0.5710,96.8340,1.6950,2025-06-19 10:52:27,271.0
0.5310,16.8920,0.5180,96.8330,1.9020,2025-06-19 10:52:27,271.0
0.5440,16.9270,0.4480,96.9240,1.9610,2025-06-19 13:32:31,272.0
0.5510,16.9390,0.4230,97.1140,1.8880,2025-06-19 13:32:31,272.0
0.5140,16.8580,0.5320,97.2870,1.65,2025-06-19 13:32:31,272.0
0.5530,16.8990,0.5850,97.0130,1.8120,2025-06-19 13:32:31,272.0
0.5340,16.9020,0.3850,96.8060,1.7330,2025-06-19 13:32:31,272.0
0.5360,16.9020,0.56,97.0620,1.6820,2025-06-19 13:32:31,272.0
0.5260,16.8830,0.5350,97.2080,1.7650,2025-06-19 13:32:31,272.0
0.5330,16.8010,0.5640,97.0170,1.8350,2025-06-19 13:32:31,272.0
0.52,16.8010,0.3920,96.9240,1.8340,2025-06-19 13:32:31,272.0
0.5530,16.9610,0.5560,97.04,1.7650,2025-06-19 13:32:31,272.0
0.5240,16.9020,0.3850,97.1910,1.6870,2025-06-19 13:32:31,272.0
0.5360,16.8950,0.49,96.71,1.7750,2025-06-19 13:32:31,272.0
0.5330,16.8770,0.42,97.3150,1.7980,2025-06-19 13:32:31,272.0
0.5480,16.8830,0.6370,96.9130,1.7970,2025-06-19 13:32:31,272.0
0.5330,16.8920,0.55,97.1590,1.8430,2025-06-19 13:32:31,272.0
0.5440,16.9050,0.5640,96.8470,1.7720,2025-06-19 13:32:31,272.0
0.5280,16.9170,0.4720,97.2770,1.7640,2025-06-19 13:32:31,272.0
0.5320,16.9930,0.5350,96.9920,1.7340,2025-06-19 13:32:31,272.0
0.5480,16.9330,0.4410,97.2410,1.77,2025-06-19 13:32:31,272.0
0.5250,16.8950,0.6410,97.1760,1.6060,2025-06-19 13:32:31,272.0
0.5310,16.9710,0.5180,96.9410,1.9060,2025-06-19 19:07:37,273.0
0.5070,16.9360,0.5290,97.5110,1.6510,2025-06-19 19:07:37,273.0
0.54,16.9080,0.4830,97.1110,1.7660,2025-06-19 19:07:37,273.0
0.5230,16.8420,0.5980,97.0060,1.7180,2025-06-19 19:07:37,273.0
0.5240,16.9110,0.4550,97.1350,1.8070,2025-06-19 19:07:37,273.0
0.5590,17.0310,0.4970,96.8930,1.8440,2025-06-19 19:07:37,273.0
0.5650,16.9680,0.3530,97.0410,1.8620,2025-06-19 19:07:37,273.0
0.5220,16.9460,0.6270,96.9820,1.6440,2025-06-19 19:07:37,273.0
0.5370,16.9770,0.5560,96.9140,1.8970,2025-06-19 19:07:37,273.0
0.5420,16.9550,0.4660,97.14,1.8140,2025-06-19 19:07:37,273.0
0.5460,16.93,0.8540,96.8320,1.8610,2025-06-19 19:07:37,273.0
0.5210,16.8450,0.5250,97.26,1.7110,2025-06-19 19:07:37,273.0
0.5420,16.9930,0.5880,96.9020,1.9080,2025-06-19 19:07:37,273.0
0.5240,16.9430,0.4020,97.1060,1.74,2025-06-19 19:07:37,273.0
0.5430,16.9430,0.3920,97.14,1.8690,2025-06-19 19:07:37,273.0
0.5270,16.9870,0.4410,96.8160,1.8210,2025-06-19 19:07:37,273.0
0.5360,16.9650,0.4480,97.2150,1.8290,2025-06-19 19:07:37,273.0
0.5490,16.93,0.4970,96.9760,1.8680,2025-06-19 19:07:37,273.0
0.5110,16.9580,0.5430,97.1310,1.7350,2025-06-19 19:07:37,273.0
0.5270,16.9740,0.3250,97.2210,1.7870,2025-06-19 19:07:37,273.0
0.51,16.9270,0.6680,96.7540,1.6750,2025-06-19 21:22:40,274.0
0.5340,16.9240,0.5390,97.0970,1.8040,2025-06-19 21:22:40,274.0
0.5520,17.0310,0.5250,96.9760,1.84,2025-06-19 21:22:40,274.0
0.5460,16.8040,0.4310,97.5930,1.79,2025-06-19 21:22:40,274.0
0.5280,16.8730,0.5070,97.1720,1.7870,2025-06-19 21:22:40,274.0
0.5320,16.9140,0.4270,97.1420,1.7870,2025-06-19 21:22:40,274.0
0.5460,16.8990,0.6340,97.2220,1.72,2025-06-19 21:22:40,274.0
0.5530,16.8950,0.5250,96.8060,1.7560,2025-06-19 21:22:40,274.0
0.5390,16.8480,0.4480,97.1730,1.6840,2025-06-19 21:22:40,274.0
0.5490,16.9740,0.4550,97.0870,1.8330,2025-06-19 21:22:40,274.0
0.5370,17.0240,0.5210,97.2060,1.6910,2025-06-19 21:22:40,274.0
0.5220,16.9520,0.8120,97.1590,1.7450,2025-06-19 21:22:40,274.0
0.5130,16.9140,0.62,97.2250,1.6580,2025-06-19 21:22:40,274.0
0.5320,16.8580,0.4230,97.2270,1.7480,2025-06-19 21:22:40,274.0
0.5370,16.9430,0.4620,96.8260,1.7930,2025-06-19 21:22:40,274.0
0.5310,16.9240,0.4480,97.1440,1.7070,2025-06-19 21:22:40,274.0
0.5340,16.93,0.5070,96.7790,0.0210,2025-06-19 21:22:40,274.0
0.5510,16.9740,0.5910,96.8020,1.8330,2025-06-19 21:22:40,274.0
0.5170,16.8450,0.6620,97.0740,1.6740,2025-06-19 21:22:40,274.0
0.53,17.0050,0.5670,97.0030,1.7530,2025-06-19 21:22:40,274.0
0.5360,16.88,0.5560,97.1690,1.7950,2025-06-20 10:48:09,275.0
0.5330,16.9110,0.63,96.9550,1.8030,2025-06-20 10:48:09,275.0
0.54,16.9430,0.3810,96.92,1.7540,2025-06-20 10:48:09,275.0
0.5560,17.0430,0.5360,96.9120,1.9420,2025-06-20 10:48:09,275.0
0.5080,16.7480,0.4060,97.2740,1.6710,2025-06-20 10:48:09,275.0
0.53,16.8990,0.5210,96.7270,1.8330,2025-06-20 10:48:09,275.0
0.5270,16.8170,0.4510,97.0380,1.7290,2025-06-20 10:48:09,275.0
0.5320,16.8480,0.4830,96.9960,1.78,2025-06-20 10:48:09,275.0
0.5460,16.9270,0.5250,96.9250,1.8370,2025-06-20 10:48:09,275.0
0.5310,16.9550,0.6270,96.9290,1.7470,2025-06-20 10:48:09,275.0
0.5090,16.8770,0.4760,97.26,1.7040,2025-06-20 10:48:09,275.0
0.5230,16.9740,0.7660,97.0660,1.6320,2025-06-20 10:48:09,275.0
0.5350,16.9020,0.5320,96.6940,1.8980,2025-06-20 10:48:09,275.0
0.5210,16.8390,0.62,96.7610,1.8310,2025-06-20 10:48:09,275.0
0.5540,16.88,0.4620,97.3110,1.7660,2025-06-20 10:48:09,275.0
0.5250,16.8860,0.6440,97.1830,1.7670,2025-06-20 10:48:09,275.0
0.5240,16.8330,0.4270,97.2540,1.8380,2025-06-20 10:48:09,275.0
0.5440,16.93,0.5250,96.9620,1.8910,2025-06-20 10:48:09,275.0
0.5350,16.9580,0.5880,97.2850,1.7740,2025-06-20 10:48:09,275.0
0.5270,16.8230,0.5280,97.1020,1.6620,2025-06-20 10:48:09,275.0
0.5480,17.0020,0.5670,96.7990,1.8860,2025-06-20 13:03:11,276.0
0.5290,16.8770,0.5850,96.8110,1.8020,2025-06-20 13:03:11,276.0
0.5460,16.9770,0.5080,96.7860,1.9010,2025-06-20 13:03:11,276.0
0.5490,16.9430,0.4090,97.10,1.83,2025-06-20 13:03:11,276.0
0.5470,16.9830,0.5250,97.3130,1.72,2025-06-20 13:03:11,276.0
0.5250,16.8670,0.5770,97.1410,1.6610,2025-06-20 13:03:11,276.0
0.5140,16.9240,0.4580,96.8320,1.7010,2025-06-20 13:03:11,276.0
0.5410,17.0340,0.6270,96.7690,1.84,2025-06-20 13:03:11,276.0
0.5430,16.9520,0.6060,97.0090,1.7840,2025-06-20 13:03:11,276.0
0.5340,16.9960,0.5110,97.0530,1.7920,2025-06-20 13:03:11,276.0
0.5050,16.8670,0.5180,97.2050,1.7240,2025-06-20 13:03:11,276.0
0.5270,16.8890,0.5220,96.9590,1.7870,2025-06-20 13:03:11,276.0
0.5460,16.9140,0.5150,97.0740,1.9590,2025-06-20 13:03:11,276.0
0.5380,17.0340,0.7040,97.0380,1.6160,2025-06-20 13:03:11,276.0
0.5360,16.8770,0.4790,96.7870,1.8030,2025-06-20 13:03:11,276.0
0.5350,16.8920,0.4410,97.20,1.83,2025-06-20 13:03:11,276.0
0.5230,16.8950,0.50,96.7940,1.7860,2025-06-20 13:03:11,276.0
0.5510,16.9680,0.6370,96.7780,2.07,2025-06-20 13:03:11,276.0
0.5180,16.9460,0.5350,97.1540,1.7490,2025-06-20 13:03:11,276.0
0.5140,16.9020,0.5630,96.9630,1.6970,2025-06-20 13:03:11,276.0
0.5570,16.9550,0.4860,96.84,1.9340,2025-06-20 19:23:20,277.0
0.5440,17.0270,0.5040,97.1430,1.77,2025-06-20 19:23:20,277.0
0.55,16.8860,0.3360,96.7920,1.8840,2025-06-20 19:23:20,277.0
0.5420,16.8610,0.3820,96.9990,1.8140,2025-06-20 19:23:20,277.0
0.5110,16.8390,0.5460,97.0740,1.7170,2025-06-20 19:23:20,277.0
0.5320,16.87,0.6090,97.1020,1.7410,2025-06-20 19:23:20,277.0
0.5410,16.9110,0.6830,96.7890,1.8010,2025-06-20 19:23:20,277.0
0.5430,16.8480,0.5430,97.1750,1.8820,2025-06-20 19:23:20,277.0
0.5210,16.8550,0.5390,97.1780,1.7540,2025-06-20 19:23:20,277.0
0.5220,16.9020,0.6370,96.8520,1.7280,2025-06-20 19:23:20,277.0
0.5410,16.8420,0.6750,97.1490,1.8130,2025-06-20 19:23:20,277.0
0.5470,16.9610,0.3710,97.1160,1.78,2025-06-20 19:23:20,277.0
0.5370,16.9240,0.49,96.8410,1.8220,2025-06-20 19:23:20,277.0
0.5220,16.8890,0.4760,96.8150,1.8010,2025-06-20 19:23:20,277.0
0.5340,16.8450,0.5630,96.7150,1.8540,2025-06-20 19:23:20,277.0
0.5360,16.9520,0.4940,96.5910,1.8090,2025-06-20 19:23:20,277.0
0.56,16.8110,0.7280,96.7290,1.9310,2025-06-20 19:23:20,277.0
0.5370,16.8990,0.6330,96.76,1.8120,2025-06-20 19:23:20,277.0
0.5330,16.9330,0.3780,97.0060,1.7940,2025-06-20 19:23:20,277.0
0.5230,16.9170,0.3990,96.8680,1.8090,2025-06-20 19:23:20,277.0
0.5340,16.88,0.5320,96.9720,1.8210,2025-06-20 21:53:26,278.0
0.5360,16.8860,0.6650,97.1170,1.7270,2025-06-20 21:53:26,278.0
0.5240,16.8510,0.6860,97.4830,1.7290,2025-06-20 21:53:26,278.0
0.5410,16.9020,0.6020,96.8820,1.7460,2025-06-20 21:53:26,278.0
0.5340,16.8770,0.5670,97.0780,1.6990,2025-06-20 21:53:26,278.0
0.5410,16.9210,0.5280,96.9870,1.8560,2025-06-20 21:53:26,278.0
0.5240,16.8830,0.4760,96.8620,1.8310,2025-06-20 21:53:26,278.0
0.5290,16.9460,0.4690,96.8530,1.7610,2025-06-20 21:53:26,278.0
0.5370,17.0210,0.5420,96.8330,1.8120,2025-06-20 21:53:26,278.0
0.5160,16.9110,0.5430,96.8630,1.7440,2025-06-20 21:53:26,278.0
0.5220,16.8920,0.6060,96.8420,1.90,2025-06-20 21:53:26,278.0
0.5280,16.8480,0.6270,97.1540,1.6490,2025-06-20 21:53:26,278.0
0.5040,16.87,0.4590,97.0430,1.7380,2025-06-20 21:53:26,278.0
0.5410,16.8860,0.4830,97.1840,1.7770,2025-06-20 21:53:26,278.0
0.53,16.8670,0.5320,96.93,1.7120,2025-06-20 21:53:26,278.0
0.5290,16.8860,0.6160,96.9770,1.84,2025-06-20 21:53:26,278.0
0.5330,16.9110,0.9550,96.8020,1.7920,2025-06-20 21:53:26,278.0
0.5230,16.9140,0.7140,96.8730,1.7770,2025-06-20 21:53:26,278.0
0.5150,16.9830,0.4520,97.0080,1.6580,2025-06-20 21:53:26,278.0
0.5110,16.8610,0.6160,96.8610,1.8030,2025-06-20 21:53:26,278.0
0.5190,16.9210,0.6650,97.1470,1.6030,2025-06-21 13:14:46,279.0
0.5430,16.7160,0.7280,97.0940,1.8650,2025-06-21 13:14:46,279.0
0.5470,17.04,0.4870,97.3520,1.8080,2025-06-21 13:14:46,279.0
0.5250,16.9020,0.5010,97.1080,1.7220,2025-06-21 13:14:46,279.0
0.5190,16.9460,0.69,97.0070,1.6950,2025-06-21 13:14:46,279.0
0.5280,16.9050,0.6160,96.9470,1.7630,2025-06-21 13:14:46,279.0
0.5260,16.9360,0.7210,96.9550,1.6870,2025-06-21 13:14:46,279.0
0.5190,16.9650,0.6510,97.1520,1.6020,2025-06-21 13:14:46,279.0
0.5140,16.9390,0.6190,97.3580,1.6860,2025-06-21 13:14:46,279.0
0.56,17.0930,0.4090,97.0120,1.9610,2025-06-21 13:14:46,279.0
0.5220,16.9020,0.5250,96.8310,1.7250,2025-06-21 13:14:46,279.0
0.5560,16.8580,0.5670,96.7670,1.8930,2025-06-21 13:14:46,279.0
0.5330,16.6850,0.7110,96.8210,1.8780,2025-06-21 13:14:46,279.0
0.5420,16.9490,0.5430,97.0130,1.7490,2025-06-21 13:14:46,279.0
0.5320,16.99,0.5280,96.8470,1.8240,2025-06-21 13:14:46,279.0
0.5320,16.9110,0.5460,97.3620,1.7340,2025-06-21 13:14:46,279.0
0.5380,16.9210,0.5670,96.8910,1.8880,2025-06-21 13:14:46,279.0
0.5440,16.9830,0.50,96.8750,1.7770,2025-06-21 13:14:46,279.0
0.5290,16.9870,0.6050,96.8970,1.7520,2025-06-21 13:14:46,279.0
0.5350,16.6760,0.5980,97.1350,1.8070,2025-06-21 13:14:46,279.0
0.5290,16.8420,0.5420,96.9340,1.6870,2025-06-21 21:29:55,280.0
0.5410,16.9430,0.7140,97.0860,1.8810,2025-06-21 21:29:55,280.0
0.5270,16.83,0.56,96.8830,1.8010,2025-06-21 21:29:55,280.0
0.5460,16.9170,0.48,96.8750,1.9380,2025-06-21 21:29:55,280.0
0.5140,16.7160,0.6510,97.1710,1.7780,2025-06-21 21:29:55,280.0
0.5390,16.9520,0.5670,97.4580,1.8080,2025-06-21 21:29:55,280.0
0.5340,16.8770,0.5420,97.0960,1.9020,2025-06-21 21:29:55,280.0
0.5250,16.9430,0.5180,97.0440,1.6960,2025-06-21 21:29:55,280.0
0.5460,16.7980,0.5710,96.8720,1.8410,2025-06-21 21:29:55,280.0
0.5440,16.9610,0.3920,96.9890,1.7770,2025-06-21 21:29:55,280.0
0.5380,16.8950,0.5290,97.2920,1.8290,2025-06-21 21:29:55,280.0
0.5460,16.88,0.5880,97.2220,1.9180,2025-06-21 21:29:55,280.0
0.55,17.0120,0.6720,96.7640,1.7490,2025-06-21 21:29:55,280.0
0.5320,16.8610,0.4730,96.9490,1.7760,2025-06-21 21:29:55,280.0
0.5390,16.7730,0.7140,97.0550,1.8980,2025-06-21 21:29:55,280.0
0.5410,16.9520,0.4380,97.20,1.81,2025-06-21 21:29:55,280.0
0.5290,16.8860,0.63,96.8230,1.7870,2025-06-21 21:29:55,280.0
0.53,16.9020,0.5840,96.8650,1.8940,2025-06-21 21:29:55,280.0
0.55,16.8640,0.3850,97.2180,1.8570,2025-06-21 21:29:55,280.0
0.5410,16.8330,0.6060,97.0560,1.7850,2025-06-21 21:29:55,280.0
0.5560,16.9710,0.43,96.8170,1.8720,2025-07-01 13:23:11,281.0
0.5250,16.8670,0.5210,96.6890,1.78,2025-07-01 13:23:11,281.0
0.5350,16.9270,0.5710,97.3280,1.8760,2025-07-01 13:23:11,281.0
0.50,16.93,0.5710,97.15,1.6570,2025-07-01 13:23:11,281.0
0.54,16.9610,0.5950,96.8650,1.7940,2025-07-01 13:23:11,281.0
0.5190,16.9240,0.5320,96.9960,1.7350,2025-07-01 13:23:11,281.0
0.5480,17.0120,0.4760,97.1780,1.88,2025-07-01 13:23:11,281.0
0.5210,16.9710,0.6050,96.8560,1.7790,2025-07-01 13:23:11,281.0
0.5450,16.9390,0.4730,97.1980,1.8860,2025-07-01 13:23:11,281.0
0.5230,16.9270,0.7040,96.8630,1.7370,2025-07-01 13:23:11,281.0
0.5390,16.9110,0.5350,97.3430,1.8470,2025-07-01 13:23:11,281.0
0.5320,16.8860,0.7520,96.71,1.8640,2025-07-01 13:23:11,281.0
0.5320,16.83,0.55,97.1590,1.8440,2025-07-01 13:23:11,281.0
0.5420,16.9430,0.6270,96.7770,1.8650,2025-07-01 13:23:11,281.0
0.5190,16.8450,0.5530,97.2360,1.8310,2025-07-01 13:23:11,281.0
0.55,16.9020,0.5320,97.0520,1.9980,2025-07-01 13:23:11,281.0
0.5580,17.0090,0.5570,97.1190,1.9330,2025-07-01 13:23:11,281.0
0.5320,16.9360,0.49,97.3490,1.7980,2025-07-01 13:23:11,281.0
0.5550,16.9610,0.3890,97.3160,2.0160,2025-07-01 13:23:11,281.0
0.5540,16.9240,0.4790,96.7280,1.8280,2025-07-01 13:23:11,281.0
0.5360,16.9110,0.42,97.1650,1.83,2025-07-01 19:13:19,282.0
0.52,16.9770,0.3850,97.1350,1.6870,2025-07-01 19:13:19,282.0
0.5380,16.99,0.5390,96.8990,1.7940,2025-07-01 19:13:19,282.0
0.5350,17.0150,0.55,97.0810,1.6940,2025-07-01 19:13:19,282.0
0.5230,16.9770,0.6960,97.2020,1.7010,2025-07-01 19:13:19,282.0
0.5470,16.9170,0.6650,96.8660,1.7890,2025-07-01 19:13:19,282.0
0.5330,16.98,0.41,96.7930,1.8460,2025-07-01 19:13:19,282.0
0.5540,16.9110,0.5710,97.1790,1.8920,2025-07-01 19:13:19,282.0
0.5480,17.0180,0.4760,96.7920,1.8320,2025-07-01 19:13:19,282.0
0.5150,16.8390,0.4830,97.01,1.7290,2025-07-01 19:13:19,282.0
0.5230,16.9930,0.4270,97.3210,1.6970,2025-07-01 19:13:19,282.0
0.5350,17.0120,0.4930,96.8620,1.70,2025-07-01 19:13:19,282.0
0.5190,16.9080,0.4480,97.1890,1.6760,2025-07-01 19:13:19,282.0
0.5360,16.9680,0.6050,96.7510,1.8690,2025-07-01 19:13:19,282.0
0.5160,16.9490,0.6650,96.9980,1.7140,2025-07-01 19:13:19,282.0
0.5390,16.99,0.5250,96.7260,1.81,2025-07-01 19:13:19,282.0
0.5130,16.9050,0.5320,96.7580,1.7050,2025-07-01 19:13:19,282.0
0.5250,16.9740,0.5880,96.7570,1.7360,2025-07-01 19:13:19,282.0
0.5420,17.0650,0.6620,96.70,1.7590,2025-07-01 19:13:19,282.0
0.5230,16.9330,0.4410,97.0770,1.6490,2025-07-01 19:13:19,282.0
0.5330,16.9830,0.4970,96.6850,1.8260,2025-07-01 21:23:22,283.0
0.5460,17.0780,0.6020,96.6620,1.7940,2025-07-01 21:23:22,283.0
0.5260,16.9520,0.4090,97.2910,1.6910,2025-07-01 21:23:22,283.0
0.5420,16.9830,0.4970,96.7170,1.8010,2025-07-01 21:23:22,283.0
0.5260,16.8990,0.4440,97.1650,1.6520,2025-07-01 21:23:22,283.0
0.5290,16.8990,0.55,97.1570,1.7410,2025-07-01 21:23:22,283.0
0.5130,16.8610,0.4790,97.1430,1.6740,2025-07-01 21:23:22,283.0
0.5370,16.9430,0.5150,96.8280,1.7510,2025-07-01 21:23:22,283.0
0.5430,16.9710,0.4550,97.1230,1.7140,2025-07-01 21:23:22,283.0
0.5120,16.8580,0.4970,97.1540,1.7310,2025-07-01 21:23:22,283.0
0.5370,16.9550,0.55,97.3220,1.8520,2025-07-01 21:23:22,283.0
0.5320,16.9460,0.4730,96.7870,1.8830,2025-07-01 21:23:22,283.0
0.51,16.8230,0.4340,97.3190,1.6050,2025-07-01 21:23:22,283.0
0.5430,16.9210,0.5420,97.20,1.8650,2025-07-01 21:23:22,283.0
0.5220,16.8450,0.9030,97.1550,1.6710,2025-07-01 21:23:22,283.0
0.5430,16.9550,0.6060,97.2240,1.7670,2025-07-01 21:23:22,283.0
0.5240,16.9170,0.4620,96.8110,1.7370,2025-07-01 21:23:22,283.0
0.5410,16.9930,0.5110,96.7620,1.7770,2025-07-01 21:23:22,283.0
0.5550,16.9580,0.4970,96.6180,1.8850,2025-07-01 21:23:22,283.0
0.5330,16.9390,0.4690,97.1940,1.7790,2025-07-01 21:23:22,283.0
0.5410,16.9610,0.4830,97.1140,1.77,2025-07-02 12:25:42,284.0
0.5630,16.9740,0.4480,97.0660,1.7970,2025-07-02 12:25:42,284.0
0.5630,16.9580,0.4690,97.1640,1.8180,2025-07-02 12:25:42,284.0
0.5340,16.8950,0.5390,96.9360,1.7320,2025-07-02 12:25:42,284.0
0.5510,17.0150,0.4830,96.7790,1.83,2025-07-02 12:25:42,284.0
0.5250,17.0090,0.4860,96.9420,1.7280,2025-07-02 12:25:42,284.0
0.5340,16.93,0.48,96.8010,1.8430,2025-07-02 12:25:42,284.0
0.53,16.9930,0.4580,96.7670,1.7930,2025-07-02 12:25:42,284.0
0.5160,16.8580,0.4690,97.1470,1.6810,2025-07-02 12:25:42,284.0
0.5290,16.9330,0.3680,97.1280,1.7080,2025-07-02 12:25:42,284.0
0.5510,16.9430,0.3460,97.2430,1.8230,2025-07-02 12:25:42,284.0
0.5440,16.9770,0.4380,96.9220,1.84,2025-07-02 12:25:42,284.0
0.52,16.9360,0.5640,96.8230,1.7050,2025-07-02 12:25:42,284.0
0.5350,16.9740,0.5740,97.1280,1.8070,2025-07-02 12:25:42,284.0
0.5210,16.9490,0.63,96.83,1.8560,2025-07-02 12:25:42,284.0
0.5410,16.9770,0.49,96.7120,1.8050,2025-07-02 12:25:42,284.0
0.5270,16.9580,0.4620,97.1330,1.6650,2025-07-02 12:25:42,284.0
0.52,16.93,0.5710,97.0930,1.59,2025-07-02 12:25:42,284.0
0.5520,17.0090,0.4970,97.0410,1.7930,2025-07-02 12:25:42,284.0
0.5470,16.99,0.6060,96.6460,1.9310,2025-07-02 12:25:42,284.0
0.5360,17.0560,0.4170,97.1880,1.7310,2025-07-02 13:20:46,285.0
0.5290,16.9580,0.4410,97.12,1.6630,2025-07-02 13:20:46,285.0
0.5550,17.0310,0.4650,96.6810,1.8480,2025-07-02 13:20:46,285.0
0.55,16.9270,0.55,97.2440,1.8650,2025-07-02 13:20:46,285.0
0.5550,17.0050,0.6120,96.8020,1.85,2025-07-02 13:20:46,285.0
0.5310,16.9550,0.5570,96.8920,1.7780,2025-07-02 13:20:46,285.0
0.5510,16.9020,0.63,97.1070,1.8970,2025-07-02 13:20:46,285.0
0.5270,16.9610,0.50,97.2660,1.6830,2025-07-02 13:20:46,285.0
0.55,16.9140,0.4830,96.7780,1.8460,2025-07-02 13:20:46,285.0
0.5490,16.8860,0.4760,96.8720,1.9820,2025-07-02 13:20:46,285.0
0.55,17.0180,0.6120,96.9610,1.87,2025-07-02 13:20:46,285.0
0.5410,16.93,0.5180,97.2220,1.82,2025-07-02 13:20:46,285.0
0.5280,16.8830,0.4730,96.66,1.7220,2025-07-02 13:20:46,285.0
0.5240,16.9520,0.5530,96.7460,1.7610,2025-07-02 13:20:46,285.0
0.5450,16.9680,0.5350,96.8310,1.8580,2025-07-02 13:20:46,285.0
0.5290,16.8990,0.3960,97.0840,1.7120,2025-07-02 13:20:46,285.0
0.5240,16.9210,0.6440,96.7410,1.7430,2025-07-02 13:20:46,285.0
0.5360,17.0090,0.5460,96.77,1.7540,2025-07-02 13:20:46,285.0
0.5540,16.9740,0.4940,96.8750,1.8730,2025-07-02 13:20:46,285.0
0.53,16.9580,0.6230,97.0580,1.7340,2025-07-02 13:20:46,285.0
0.5490,16.93,0.3640,97.0480,1.8760,2025-07-02 19:45:55,286.0
0.54,16.8230,0.4730,97.0750,1.6450,2025-07-02 19:45:55,286.0
0.5270,17.04,0.4020,96.9020,1.7190,2025-07-02 19:45:55,286.0
0.5250,16.88,0.4580,97.0250,1.7840,2025-07-02 19:45:55,286.0
0.5480,16.9990,0.5040,96.94,1.8340,2025-07-02 19:45:55,286.0
0.5430,16.9490,0.4690,97.0630,1.8520,2025-07-02 19:45:55,286.0
0.5460,16.8950,0.3920,96.9460,1.8880,2025-07-02 19:45:55,286.0
0.5360,16.9710,0.4830,96.7290,1.8480,2025-07-02 19:45:55,286.0
0.5390,16.9580,0.7670,96.8490,1.9420,2025-07-02 19:45:55,286.0
0.5570,16.9210,0.3960,96.8530,1.9650,2025-07-02 19:45:55,286.0
0.5450,16.9650,0.49,96.9460,1.7530,2025-07-02 19:45:55,286.0
0.5030,16.8390,0.5180,97.0650,1.7450,2025-07-02 19:45:55,286.0
0.5690,16.9930,0.5420,96.8410,1.9510,2025-07-02 19:45:55,286.0
0.5310,16.9170,0.4550,97.1390,1.7330,2025-07-02 19:45:55,286.0
0.5270,16.8730,0.5850,96.7930,1.7720,2025-07-02 19:45:55,286.0
0.53,16.9430,0.5850,96.8280,1.6880,2025-07-02 19:45:55,286.0
0.5440,16.8510,0.50,96.8220,1.8220,2025-07-02 19:45:55,286.0
0.5310,16.9020,0.5910,96.6730,1.7770,2025-07-02 19:45:55,286.0
0.5450,16.9520,0.4380,97.18,1.8590,2025-07-02 19:45:55,286.0
0.5290,16.9240,0.49,96.7580,1.8260,2025-07-02 19:45:55,286.0
0.5440,16.9490,0.4620,97.2030,1.8370,2025-07-02 21:25:59,287.0
0.5480,16.9430,0.4930,97.0210,1.8580,2025-07-02 21:25:59,287.0
0.5290,16.9080,0.42,97.0050,1.7670,2025-07-02 21:25:59,287.0
0.5620,16.9870,0.56,96.8370,1.8380,2025-07-02 21:25:59,287.0
0.5410,16.9390,0.6370,96.9560,1.8010,2025-07-02 21:25:59,287.0
0.5260,16.8730,0.5350,96.6850,1.8460,2025-07-02 21:25:59,287.0
0.5220,16.87,0.55,96.8660,1.7350,2025-07-02 21:25:59,287.0
0.5460,16.8830,0.5530,97.0940,1.8810,2025-07-02 21:25:59,287.0
0.5380,16.9390,0.4730,97.0210,1.8550,2025-07-02 21:25:59,287.0
0.5220,16.9870,0.4240,96.9850,1.6440,2025-07-02 21:25:59,287.0
0.5420,16.9110,0.4760,97.0650,1.8450,2025-07-02 21:25:59,287.0
0.5230,16.9270,0.5220,96.8740,1.7040,2025-07-02 21:25:59,287.0
0.5480,16.93,0.4380,96.7210,1.9080,2025-07-02 21:25:59,287.0
0.5410,16.9460,0.5460,97.0910,1.8590,2025-07-02 21:25:59,287.0
0.5380,16.9520,0.4480,97.0620,1.6440,2025-07-02 21:25:59,287.0
0.5240,16.9680,0.4060,96.9480,1.67,2025-07-02 21:25:59,287.0
0.5260,16.8830,0.4410,96.7880,1.7170,2025-07-02 21:25:59,287.0
0.5340,16.9050,0.5460,96.7570,1.8280,2025-07-02 21:25:59,287.0
0.5360,16.9140,0.5210,97.15,1.7180,2025-07-02 21:25:59,287.0
0.5380,16.9870,0.3850,96.9580,1.9090,2025-07-02 21:25:59,287.0
0.5480,16.9390,0.4620,96.9380,1.8330,2025-07-03 12:47:04,288.0
0.5590,16.9390,0.5110,96.9140,1.9330,2025-07-03 12:47:04,288.0
0.5370,16.8420,0.5070,96.9760,1.7740,2025-07-03 12:47:04,288.0
0.5260,16.88,0.4870,96.8640,1.7710,2025-07-03 12:47:04,288.0
0.5410,16.8580,0.41,96.7440,1.8720,2025-07-03 12:47:04,288.0
0.5150,16.9580,0.3750,96.7270,1.72,2025-07-03 12:47:04,288.0
0.5080,16.9580,0.5150,96.90,1.7510,2025-07-03 12:47:04,288.0
0.5040,16.8110,0.5770,97.1670,1.6630,2025-07-03 12:47:04,288.0
0.5560,16.9210,0.4310,97.30,1.9320,2025-07-03 12:47:04,288.0
0.5180,16.9240,0.49,96.9840,1.6920,2025-07-03 12:47:04,288.0
0.5430,16.9650,0.6060,97.1240,1.8050,2025-07-03 12:47:04,288.0
0.5220,16.9140,0.5770,97.0260,1.6930,2025-07-03 12:47:04,288.0
0.5190,16.8580,0.5740,97.1250,1.6730,2025-07-03 12:47:04,288.0
0.53,16.8550,0.42,97.1280,1.6540,2025-07-03 12:47:04,288.0
0.5270,16.9740,0.56,97.1660,1.6790,2025-07-03 12:47:04,288.0
0.5310,16.9110,0.6440,97.0010,1.8560,2025-07-03 12:47:04,288.0
0.53,16.8390,0.5350,96.9010,1.6480,2025-07-03 12:47:04,288.0
0.5170,16.8730,0.5250,96.9830,1.6110,2025-07-03 12:47:04,288.0
0.5130,16.8950,0.4340,96.8060,1.6830,2025-07-03 12:47:04,288.0
0.5530,16.9110,0.5780,96.7180,1.8040,2025-07-03 12:47:04,288.0
0.5410,16.9990,0.5640,96.66,1.9610,2025-07-03 12:57:05,289.0
0.5320,16.9210,0.3010,96.9850,1.78,2025-07-03 12:57:05,289.0
0.5360,16.9580,0.55,96.7110,1.9130,2025-07-03 12:57:05,289.0
0.5320,16.9270,0.4270,96.8860,1.7930,2025-07-03 12:57:05,289.0
0.5420,16.9110,0.4060,97.1870,1.8190,2025-07-03 12:57:05,289.0
0.53,16.9170,0.7170,97.0350,1.8090,2025-07-03 12:57:05,289.0
0.5030,16.9050,0.4480,96.8630,1.7620,2025-07-03 12:57:05,289.0
0.5530,16.9490,0.42,96.8790,1.89,2025-07-03 12:57:05,289.0
0.5340,16.9020,0.3850,97.17,1.7420,2025-07-03 12:57:05,289.0
0.5140,16.9360,0.4620,97.1170,1.6720,2025-07-03 12:57:05,289.0
0.5320,16.98,0.5290,96.7140,1.7320,2025-07-03 12:57:05,289.0
0.5520,17.0090,0.5290,96.8940,1.9150,2025-07-03 12:57:05,289.0
0.5360,16.9430,0.3890,97.1580,2,2025-07-03 12:57:05,289.0
0.5550,16.9360,0.5740,96.7540,1.8350,2025-07-03 12:57:05,289.0
0.5230,16.99,0.6650,96.7080,1.6610,2025-07-03 12:57:05,289.0
0.5450,16.9870,0.4870,96.8420,1.8270,2025-07-03 12:57:05,289.0
0.5260,16.8920,0.3640,97.2640,1.74,2025-07-03 12:57:05,289.0
0.5190,16.9360,0.2770,97.0210,1.6120,2025-07-03 12:57:05,289.0
0.5290,16.8580,0.4940,96.7080,1.7290,2025-07-03 12:57:05,289.0
0.5360,16.9680,0.5770,96.8120,1.8640,2025-07-03 12:57:05,289.0
0.55,16.9170,0.6620,96.7030,1.9690,2025-07-03 19:27:18,290.0
0.5160,17.0120,0.56,96.7610,1.5820,2025-07-03 19:27:18,290.0
0.5510,16.8890,0.55,97.0810,1.8210,2025-07-03 19:27:18,290.0
0.5370,16.9430,0.5880,97.0940,1.7220,2025-07-03 19:27:18,290.0
0.5520,17.1060,0.4940,96.8890,1.8510,2025-07-03 19:27:18,290.0
0.5420,17.0120,0.4730,96.7330,1.7350,2025-07-03 19:27:18,290.0
0.5370,17.0210,0.4760,96.8590,1.7210,2025-07-03 19:27:18,290.0
0.52,16.9710,0.4790,96.66,1.7590,2025-07-03 19:27:18,290.0
0.5230,16.9550,0.6270,96.7450,1.7990,2025-07-03 19:27:18,290.0
0.53,16.9610,0.3890,97.2440,1.7650,2025-07-03 19:27:18,290.0
0.5320,16.99,0.5180,96.6110,1.7020,2025-07-03 19:27:18,290.0
0.5150,16.9390,0.6090,96.7650,1.7030,2025-07-03 19:27:18,290.0
0.5440,16.8860,0.3330,97.2010,1.7680,2025-07-03 19:27:18,290.0
0.5390,17.0150,0.4690,96.7520,1.8660,2025-07-03 19:27:18,290.0
0.5380,16.9770,0.5840,97.0510,1.8080,2025-07-03 19:27:18,290.0
0.5410,16.9490,0.5280,97.0250,1.8870,2025-07-03 19:27:18,290.0
0.53,16.99,0.5740,96.98,1.6540,2025-07-03 19:27:18,290.0
0.5270,16.9390,0.4270,96.8080,1.6880,2025-07-03 19:27:18,290.0
0.5090,16.8950,0.4030,97.0310,1.7480,2025-07-03 19:27:18,290.0
0.5270,17.0370,0.4650,96.6380,1.7750,2025-07-03 19:27:18,290.0
0.5440,17.0810,0.4830,97.0960,1.7840,2025-07-03 21:32:22,291.0
0.5480,16.9110,0.4970,97.2190,1.9950,2025-07-03 21:32:22,291.0
0.5480,17.0590,0.4870,96.8660,1.8880,2025-07-03 21:32:22,291.0
0.5530,16.9830,0.5040,96.8470,1.8120,2025-07-03 21:32:22,291.0
0.5460,17.0090,0.3920,96.8250,1.85,2025-07-03 21:32:22,291.0
0.5140,17.0090,0.5320,96.9610,1.7410,2025-07-03 21:32:22,291.0
0.5350,17.0180,0.5780,96.8620,1.8040,2025-07-03 21:32:22,291.0
0.5560,16.9240,0.4870,96.9370,1.8080,2025-07-03 21:32:22,291.0
0.5620,17.1030,0.5560,96.7730,1.8220,2025-07-03 21:32:22,291.0
0.5330,16.9710,0.4790,96.8550,1.7510,2025-07-03 21:32:22,291.0
0.5240,16.9870,0.4620,96.7450,1.7710,2025-07-03 21:32:22,291.0
0.5160,16.9990,0.5850,96.7220,1.6920,2025-07-03 21:32:22,291.0
0.5410,16.8860,0.4970,96.8570,1.84,2025-07-03 21:32:22,291.0
0.5660,16.9990,0.6090,97.1510,1.8960,2025-07-03 21:32:22,291.0
0.5510,16.9050,0.4230,96.8170,1.8680,2025-07-03 21:32:22,291.0
0.5570,16.9990,0.5430,96.8630,1.8310,2025-07-03 21:32:22,291.0
0.5360,16.9990,0.3960,96.9450,1.7230,2025-07-03 21:32:22,291.0
0.5350,16.9080,0.4860,96.8080,1.8390,2025-07-03 21:32:22,291.0
0.5250,17.0180,0.5570,96.8130,1.7220,2025-07-03 21:32:22,291.0
0.5310,16.93,0.5110,96.8370,1.6950,2025-07-03 21:32:22,291.0
0.5330,16.9490,0.3780,96.7840,1.73,2025-07-04 11:34:11,292.0
0.53,16.9240,0.4240,96.8660,1.7730,2025-07-04 11:34:11,292.0
0.5310,16.9770,0.4440,96.9340,1.8030,2025-07-04 11:34:11,292.0
0.54,16.9460,0.4860,97.0990,1.7850,2025-07-04 11:34:11,292.0
0.5130,16.8860,0.6230,96.8390,1.7080,2025-07-04 11:34:11,292.0
0.5290,16.9330,0.3750,96.8870,1.7810,2025-07-04 11:34:11,292.0
0.5220,16.9240,0.4130,97.1560,1.7560,2025-07-04 11:34:11,292.0
0.5560,16.9140,0.4970,96.8880,1.8680,2025-07-04 11:34:11,292.0
0.53,16.9930,0.5880,96.8620,1.7550,2025-07-04 11:34:11,292.0
0.5170,16.9580,0.3810,96.8440,1.6640,2025-07-04 11:34:11,292.0
0.5460,16.99,0.50,96.8510,1.7990,2025-07-04 11:34:11,292.0
0.5240,16.8390,0.4940,97.1430,1.7270,2025-07-04 11:34:11,292.0
0.5290,16.9990,0.3360,96.9270,1.6980,2025-07-04 11:34:11,292.0
0.5360,16.93,0.5980,97.0070,1.7810,2025-07-04 11:34:11,292.0
0.5310,16.9240,0.5630,97.7050,1.76,2025-07-04 11:34:11,292.0
0.5420,17.0180,0.5220,96.9440,1.9080,2025-07-04 11:34:11,292.0
0.5340,16.98,0.5430,96.9920,1.7380,2025-07-04 11:34:11,292.0
0.5090,16.8920,0.5210,96.8410,1.7150,2025-07-04 11:34:11,292.0
0.5350,16.9430,0.4520,96.8310,1.8260,2025-07-04 11:34:11,292.0
0.5370,16.8950,0.4340,96.8050,1.72,2025-07-04 11:34:11,292.0
0.5260,16.88,0.4340,97.2020,1.7150,2025-07-04 13:14:17,293.0
0.55,16.9080,0.4270,96.8750,1.8310,2025-07-04 13:14:17,293.0
0.5370,16.8920,0.6330,97.0820,1.8190,2025-07-04 13:14:17,293.0
0.5390,16.8950,0.4230,97.1720,1.81,2025-07-04 13:14:17,293.0
0.5210,16.8890,0.4970,96.78,1.8830,2025-07-04 13:14:17,293.0
0.5220,16.8920,0.6370,96.79,1.68,2025-07-04 13:14:17,293.0
0.5390,16.7950,0.4550,97.0780,1.8010,2025-07-04 13:14:17,293.0
0.5130,16.8260,0.5070,97.1140,1.6670,2025-07-04 13:14:17,293.0
0.5260,16.83,0.3470,97.2260,1.7660,2025-07-04 13:14:17,293.0
0.5120,16.7920,0.55,97.1510,1.7030,2025-07-04 13:14:17,293.0
0.5450,16.8920,0.4270,97.1210,1.8650,2025-07-04 13:14:17,293.0
0.5130,16.7820,0.4790,96.8110,1.5990,2025-07-04 13:14:17,293.0
0.5350,16.8990,0.4790,97.1130,1.7960,2025-07-04 13:14:17,293.0
0.5310,16.9170,0.5770,96.8590,1.8460,2025-07-04 13:14:17,293.0
0.5250,16.8610,0.5080,96.9690,1.7110,2025-07-04 13:14:17,293.0
0.5220,16.82,0.5810,96.8440,1.7530,2025-07-04 13:14:17,293.0
0.5180,16.8360,0.4270,96.9070,1.6870,2025-07-04 13:14:17,293.0
0.5380,16.7980,0.6650,97.2820,1.8980,2025-07-04 13:14:17,293.0
0.5490,16.8860,0.5460,97.0760,1.8950,2025-07-04 13:14:17,293.0
0.5340,16.9140,0.55,96.8340,1.7630,2025-07-04 13:14:17,293.0
0.5590,17.0930,0.6370,96.8190,1.8560,2025-07-04 19:39:34,294.0
0.5310,16.98,0.5740,97.0250,1.7890,2025-07-04 19:39:34,294.0
0.5260,16.9680,0.5460,97.1330,1.77,2025-07-04 19:39:34,294.0
0.5220,16.9650,0.4580,97.1610,1.7490,2025-07-04 19:39:34,294.0
0.5380,16.9490,0.56,97.1920,1.7430,2025-07-04 19:39:34,294.0
0.5150,16.8990,0.6680,96.7870,1.6670,2025-07-04 19:39:34,294.0
0.5380,16.9140,0.8930,97.1270,1.8160,2025-07-04 19:39:34,294.0
0.5340,16.9270,0.6120,97.0040,1.7720,2025-07-04 19:39:34,294.0
0.5150,16.8860,0.4510,96.9950,1.8120,2025-07-04 19:39:34,294.0
0.5480,17.0020,0.5740,96.8980,1.8510,2025-07-04 19:39:34,294.0
0.5540,16.9830,0.5040,97.2310,1.8520,2025-07-04 19:39:34,294.0
0.5370,16.9270,0.3990,97.0050,1.91,2025-07-04 19:39:34,294.0
0.5350,16.9170,0.4730,96.7290,1.8470,2025-07-04 19:39:34,294.0
0.5370,16.9050,0.4060,96.8590,1.9450,2025-07-04 19:39:34,294.0
0.5310,17.0120,0.62,97.0530,1.9360,2025-07-04 19:39:34,294.0
0.5310,16.9770,0.7070,96.8330,1.85,2025-07-04 19:39:34,294.0
0.5340,16.9830,0.5150,96.8220,1.9060,2025-07-04 19:39:34,294.0
0.5280,16.9110,0.5390,96.7110,1.7380,2025-07-04 19:39:34,294.0
0.5290,16.9740,0.5630,96.7920,1.7890,2025-07-04 19:39:34,294.0
0.5140,16.9210,0.6370,96.7150,1.6630,2025-07-04 19:39:34,294.0
0.5220,17.0020,0.6270,97.0350,1.7570,2025-07-04 21:24:37,295.0
0.5020,17.0020,0.4480,96.8320,1.6070,2025-07-04 21:24:37,295.0
0.5380,16.88,0.3610,97.04,1.91,2025-07-04 21:24:37,295.0
0.5310,16.9650,0.5110,96.7780,1.7630,2025-07-04 21:24:37,295.0
0.5390,17.04,0.5770,96.9510,1.7510,2025-07-04 21:24:37,295.0
0.5180,17.0120,0.4160,97.0210,1.7870,2025-07-04 21:24:37,295.0
0.5260,16.9870,0.5880,96.94,1.7190,2025-07-04 21:24:37,295.0
0.51,16.8890,0.4830,96.9610,1.7450,2025-07-04 21:24:37,295.0
0.53,16.93,0.6790,96.9480,1.7880,2025-07-04 21:24:37,295.0
0.5370,16.9490,0.5910,97.0960,1.7720,2025-07-04 21:24:37,295.0
0.5350,16.9580,0.4650,97.0740,1.7490,2025-07-04 21:24:37,295.0
0.5390,16.9680,0.5040,96.89,1.8320,2025-07-04 21:24:37,295.0
0.5330,17.0310,0.4550,96.8330,1.81,2025-07-04 21:24:37,295.0
0.5490,16.9740,0.3680,97.0760,1.8130,2025-07-04 21:24:37,295.0
0.5380,17.0090,0.4480,96.82,1.7940,2025-07-04 21:24:37,295.0
0.5250,17.0310,0.5810,97.2610,1.7610,2025-07-04 21:24:37,295.0
0.5180,16.9870,0.5770,96.9920,1.6940,2025-07-04 21:24:37,295.0
0.5390,17.0050,0.5280,96.9140,1.8330,2025-07-04 21:24:37,295.0
0.5410,17.0180,0.6090,96.8390,1.85,2025-07-04 21:24:37,295.0
0.5140,16.9610,0.4410,96.6980,1.79,2025-07-04 21:24:37,295.0
0.5230,16.9020,0.5180,96.8690,1.7670,2025-07-05 12:36:27,296.0
0.5130,16.7230,0.4060,97.0460,1.7670,2025-07-05 12:36:27,296.0
0.5270,16.9520,0.5010,97.0860,1.7890,2025-07-05 12:36:27,296.0
0.5280,16.9390,0.5150,96.7540,1.7450,2025-07-05 12:36:27,296.0
0.5370,16.9610,0.4270,97.0970,1.9010,2025-07-05 12:36:27,296.0
0.5310,16.9270,0.4130,97.3060,1.8060,2025-07-05 12:36:27,296.0
0.5370,16.9210,0.3990,97.1410,1.7450,2025-07-05 12:36:27,296.0
0.5170,16.9430,0.5880,96.7960,1.7140,2025-07-05 12:36:27,296.0
0.5220,16.9330,0.6120,96.9380,1.6920,2025-07-05 12:36:27,296.0
0.5340,16.8610,0.50,97.0620,1.81,2025-07-05 12:36:27,296.0
0.5220,16.8770,0.4790,96.7430,1.7610,2025-07-05 12:36:27,296.0
0.55,16.88,0.5080,96.7030,1.9210,2025-07-05 12:36:27,296.0
0.5260,16.9050,0.4660,96.8160,1.6880,2025-07-05 12:36:27,296.0
0.5340,16.8860,0.5250,96.9810,1.9470,2025-07-05 12:36:27,296.0
0.5340,16.9020,0.4510,97.1670,1.7620,2025-07-05 12:36:27,296.0
0.54,16.9080,0.5110,97.0430,1.8370,2025-07-05 12:36:27,296.0
0.5070,16.8390,0.5880,97.18,1.6350,2025-07-05 12:36:27,296.0
0.5270,16.7540,0.5110,97.0370,1.7910,2025-07-05 12:36:27,296.0
0.5280,16.8110,0.5320,97.0770,1.68,2025-07-05 12:36:27,296.0
0.5120,16.7790,0.56,96.7460,1.8040,2025-07-05 12:36:27,296.0
0.5580,17.0090,0.5640,96.8840,1.8880,2025-07-05 13:06:30,297.0
0.5250,16.8230,0.4410,97.1450,1.7660,2025-07-05 13:06:30,297.0
0.5280,16.8640,0.5810,96.8460,1.6780,2025-07-05 13:06:30,297.0
0.5210,16.9080,0.5670,97.0430,1.6830,2025-07-05 13:06:30,297.0
0.5380,16.8360,0.5460,96.9920,1.8180,2025-07-05 13:06:30,297.0
0.5310,16.8920,0.5710,96.6890,1.7030,2025-07-05 13:06:30,297.0
0.5340,16.8580,0.5640,97.2030,1.7720,2025-07-05 13:06:30,297.0
0.5140,16.8830,0.5950,97.0740,1.67,2025-07-05 13:06:30,297.0
0.52,16.8950,0.6650,96.82,1.6980,2025-07-05 13:06:30,297.0
0.5410,16.9680,0.5710,97.4070,1.76,2025-07-05 13:06:30,297.0
0.5360,16.9110,0.4970,96.7260,1.9160,2025-07-05 13:06:30,297.0
0.5530,16.8610,0.4860,96.7830,1.8480,2025-07-05 13:06:30,297.0
0.5380,16.8860,0.5710,97.2890,1.8630,2025-07-05 13:06:30,297.0
0.53,16.8390,0.48,96.7410,1.7580,2025-07-05 13:06:30,297.0
0.5310,16.9080,0.6620,97.08,1.7880,2025-07-05 13:06:30,297.0
0.52,17.0340,0.5390,96.7720,1.76,2025-07-05 13:06:30,297.0
0.5480,16.93,0.6480,97.1970,1.8220,2025-07-05 13:06:30,297.0
0.54,16.9710,0.5250,96.8180,1.7270,2025-07-05 13:06:30,297.0
0.5020,16.8040,0.6330,97.0690,1.6410,2025-07-05 13:06:30,297.0
0.5280,16.82,0.5250,97.1290,1.7570,2025-07-05 13:06:30,297.0
0.5310,16.9110,0.5430,96.8790,1.7570,2025-07-05 19:21:39,298.0
0.5410,16.9490,0.5390,96.8230,1.9760,2025-07-05 19:21:39,298.0
0.5470,16.9460,0.6020,96.9410,1.9610,2025-07-05 19:21:39,298.0
0.5370,16.98,0.4730,97.0740,1.80,2025-07-05 19:21:39,298.0
0.5140,16.9110,0.3460,97.1560,1.6330,2025-07-05 19:21:39,298.0
0.5220,16.9020,0.4520,97.1040,1.77,2025-07-05 19:21:39,298.0
0.5270,16.8550,0.5040,97.0890,1.7820,2025-07-05 19:21:39,298.0
0.5320,16.9490,0.6060,96.9670,1.6790,2025-07-05 19:21:39,298.0
0.5540,17.0370,0.5070,96.87,1.91,2025-07-05 19:21:39,298.0
0.5260,17.0020,0.3850,96.9830,1.7010,2025-07-05 19:21:39,298.0
0.5250,16.9390,0.5110,96.7740,1.8170,2025-07-05 19:21:39,298.0
0.5230,16.93,0.5290,97.02,1.7810,2025-07-05 19:21:39,298.0
0.5210,16.9170,0.3960,96.9160,1.7670,2025-07-05 19:21:39,298.0
0.57,16.9770,0.4230,97.0810,2.01,2025-07-05 19:21:39,298.0
0.5420,16.8890,0.5110,97.0680,1.8920,2025-07-05 19:21:39,298.0
0.55,16.9870,0.5080,96.7240,1.8510,2025-07-05 19:21:39,298.0
0.51,16.8860,0.3640,97.1480,1.6840,2025-07-05 19:21:39,298.0
0.5410,17.0020,0.4310,97.1070,1.78,2025-07-05 19:21:39,298.0
0.5430,16.8990,0.4550,97.0270,1.8020,2025-07-05 19:21:39,298.0
0.5260,16.9110,0.3990,96.9660,1.6920,2025-07-05 19:21:39,298.0
0.5280,17.0340,0.63,97.3590,1.65,2025-07-05 21:16:44,299.0
0.52,16.93,0.5460,96.9830,1.6460,2025-07-05 21:16:44,299.0
0.5390,17.0340,0.8010,96.7880,1.7590,2025-07-05 21:16:44,299.0
0.5080,16.9390,0.3290,97.2920,1.6740,2025-07-05 21:16:44,299.0
0.5370,17.0560,0.49,96.6840,1.8160,2025-07-05 21:16:44,299.0
0.5020,16.9330,0.4580,96.8910,1.66,2025-07-05 21:16:44,299.0
0.5270,16.9430,0.3460,97.1460,1.7550,2025-07-05 21:16:44,299.0
0.5080,16.9520,0.6020,97.1390,1.7370,2025-07-05 21:16:44,299.0
0.5130,16.8730,0.5810,96.7170,1.7060,2025-07-05 21:16:44,299.0
0.5250,16.9710,0.6790,96.8480,1.6850,2025-07-05 21:16:44,299.0
0.51,16.9490,0.56,96.9950,1.6260,2025-07-05 21:16:44,299.0
0.5230,16.9330,0.4580,96.8440,1.6890,2025-07-05 21:16:44,299.0
0.5230,17.0560,0.3610,96.8770,1.70,2025-07-05 21:16:44,299.0
0.5370,17.0530,0.5180,96.8050,1.8580,2025-07-05 21:16:44,299.0
0.5530,16.99,0.4340,97.2910,1.9660,2025-07-05 21:16:44,299.0
0.5190,16.9460,0.35,97.2160,1.7570,2025-07-05 21:16:44,299.0
0.53,16.9870,0.3050,96.9820,1.7490,2025-07-05 21:16:44,299.0
0.5210,17.0810,0.6090,96.8450,1.6280,2025-07-05 21:16:44,299.0
0.5130,16.8830,0.6610,96.8660,1.5610,2025-07-05 21:16:44,299.0
0.5510,17.0560,0.5320,97.18,1.7720,2025-07-05 21:16:44,299.0
0.5310,16.9930,0.5740,96.8910,1.8040,2025-07-07 13:26:20,300.0
0.5230,16.9330,0.6580,96.74,1.6660,2025-07-07 13:26:20,300.0
0.5160,16.9270,0.5110,96.87,1.6740,2025-07-07 13:26:20,300.0
0.5470,16.9430,0.5150,97.2430,1.7040,2025-07-07 13:26:20,300.0
0.5240,16.8770,0.62,97.1570,1.6510,2025-07-07 13:26:20,300.0
0.5280,16.9170,0.6410,96.94,1.70,2025-07-07 13:26:20,300.0
0.5320,16.9870,0.5710,97.0580,1.6560,2025-07-07 13:26:20,300.0
0.5110,16.9770,0.62,97.0780,1.5910,2025-07-07 13:26:20,300.0
0.5320,16.9830,0.6060,96.6550,1.6350,2025-07-07 13:26:20,300.0
0.5320,17.0210,0.8050,96.7460,1.6980,2025-07-07 13:26:20,300.0
0.5250,16.99,0.5850,96.9320,1.7080,2025-07-07 13:26:20,300.0
0.5430,16.98,0.5840,97.1610,1.6730,2025-07-07 13:26:20,300.0
0.5260,17.0050,0.5880,97.1630,1.6150,2025-07-07 13:26:20,300.0
0.5520,16.9610,0.6540,96.8110,1.9060,2025-07-07 13:26:20,300.0
0.5490,16.9550,0.6580,97.2540,1.75,2025-07-07 13:26:20,300.0
0.54,17.0590,0.5250,97.15,1.75,2025-07-07 13:26:20,300.0
0.5370,16.98,0.5220,97.0840,1.7270,2025-07-07 13:26:20,300.0
0.5490,17.1440,0.4410,96.8450,1.7980,2025-07-07 13:26:20,300.0
0.5140,17.0560,0.4660,97.2070,1.59,2025-07-07 13:26:20,300.0
0.5360,17.0210,0.3960,97.2240,1.7320,2025-07-07 13:26:20,300.0
0.53,16.99,0.5570,97,1.6880,2025-07-07 13:51:23,301.0
0.5260,16.9740,0.4410,96.7930,1.6180,2025-07-07 13:51:23,301.0
0.5480,16.9460,0.3850,96.9570,1.8980,2025-07-07 13:51:23,301.0
0.5220,16.9430,0.5840,96.9870,1.6340,2025-07-07 13:51:23,301.0
0.54,16.9140,0.5630,97.2610,1.76,2025-07-07 13:51:23,301.0
0.5550,17.04,0.7140,96.8940,1.8490,2025-07-07 13:51:23,301.0
0.5230,16.9680,0.6160,96.7370,1.7360,2025-07-07 13:51:23,301.0
0.5470,16.9870,0.6720,96.9560,1.8740,2025-07-07 13:51:23,301.0
0.54,16.9520,0.3780,97.1130,1.7950,2025-07-07 13:51:23,301.0
0.5610,17.0530,0.7870,96.9910,1.8340,2025-07-07 13:51:23,301.0
0.5360,16.9770,0.5220,96.8410,1.83,2025-07-07 13:51:23,301.0
0.5290,16.9650,0.6410,97.0730,1.7710,2025-07-07 13:51:23,301.0
0.54,16.9020,0.6540,96.9030,1.8230,2025-07-07 13:51:23,301.0
0.54,16.8890,0.55,97.0120,1.8790,2025-07-07 13:51:23,301.0
0.5370,16.9610,0.5530,96.8840,1.8310,2025-07-07 13:51:23,301.0
0.5350,16.9140,0.35,96.7670,1.7930,2025-07-07 13:51:23,301.0
0.5360,16.9460,0.7420,96.8840,1.9440,2025-07-07 13:51:23,301.0
0.5270,16.9360,0.5180,97.2720,1.7010,2025-07-07 13:51:23,301.0
0.5290,16.9580,0.5420,96.8160,1.7890,2025-07-07 13:51:23,301.0
0.5410,16.87,0.6130,97.1440,1.9170,2025-07-07 13:51:23,301.0
0.5150,16.7920,0.9060,97.1360,1.7240,2025-07-07 19:36:33,302.0
0.5150,17.20,0.7070,96.7920,1.6550,2025-07-07 19:36:33,302.0
0.5460,16.9610,0.5570,97.2310,1.7790,2025-07-07 19:36:33,302.0
0.53,16.98,0.5640,96.82,1.7010,2025-07-07 19:36:33,302.0
0.53,16.8830,0.6050,97.1480,1.6550,2025-07-07 19:36:33,302.0
0.54,16.9490,0.6970,96.8470,1.9220,2025-07-07 19:36:33,302.0
0.5130,16.9210,0.4730,96.8170,1.7070,2025-07-07 19:36:33,302.0
0.5460,16.9580,0.6060,96.70,1.9020,2025-07-07 19:36:33,302.0
0.5180,17.0310,0.5210,97.12,1.6250,2025-07-07 19:36:33,302.0
0.5530,16.9830,0.4170,97.1680,1.89,2025-07-07 19:36:33,302.0
0.5310,16.8990,0.6440,96.6860,1.75,2025-07-07 19:36:33,302.0
0.5330,16.9460,0.7670,97.0790,1.8250,2025-07-07 19:36:33,302.0
0.5330,16.88,0.7350,96.8990,1.8240,2025-07-07 19:36:33,302.0
0.5570,16.9990,0.70,96.9130,1.8760,2025-07-07 19:36:33,302.0
0.5180,16.8670,0.4970,97.0450,1.7040,2025-07-07 19:36:33,302.0
0.5510,16.7980,0.49,97.1390,1.9310,2025-07-07 19:36:33,302.0
0.5380,16.93,0.6340,97.0580,1.86,2025-07-07 19:36:33,302.0
0.5320,17.0090,0.5740,96.8230,1.6890,2025-07-07 19:36:33,302.0
0.5520,16.9930,0.5180,96.8040,1.8220,2025-07-07 19:36:33,302.0
0.5220,16.98,0.5040,97.1950,1.7630,2025-07-07 19:36:33,302.0
0.5490,16.9990,0.4860,96.7290,1.7620,2025-07-07 21:26:36,303.0
0.54,16.8730,0.5150,97.2480,1.7370,2025-07-07 21:26:36,303.0
0.5330,16.9390,0.6890,97.1040,1.7090,2025-07-07 21:26:36,303.0
0.5460,17.0340,0.3990,96.83,1.7380,2025-07-07 21:26:36,303.0
0.5410,16.9610,0.4380,96.9840,1.6320,2025-07-07 21:26:36,303.0
0.5470,17.0050,0.6720,96.9860,1.7430,2025-07-07 21:26:36,303.0
0.5350,16.9870,0.49,96.8070,1.8150,2025-07-07 21:26:36,303.0
0.52,17.0020,0.5460,96.8670,1.7660,2025-07-07 21:26:36,303.0
0.5270,16.9680,0.3850,97.0540,1.6820,2025-07-07 21:26:36,303.0
0.5170,16.8730,0.4760,97.1260,1.5610,2025-07-07 21:26:36,303.0
0.5450,17.0020,0.4620,96.7320,1.8750,2025-07-07 21:26:36,303.0
0.54,16.9830,0.4060,97.1070,1.7530,2025-07-07 21:26:36,303.0
0.5290,16.9430,0.4480,97.12,1.7090,2025-07-07 21:26:36,303.0
0.5350,17.0020,0.5210,96.8380,1.7110,2025-07-07 21:26:36,303.0
0.54,16.9020,0.4340,96.9090,1.8850,2025-07-07 21:26:36,303.0
0.5320,17.0120,0.4170,97.1380,1.7180,2025-07-07 21:26:36,303.0
0.5160,17.0050,0.5460,96.6510,1.6790,2025-07-07 21:26:36,303.0
0.5460,17.0150,0.5880,97.2350,1.7660,2025-07-07 21:26:36,303.0
0.5270,17.0020,0.55,96.9490,1.7370,2025-07-07 21:26:36,303.0
0.5230,17.0930,0.5250,96.8850,1.6520,2025-07-07 21:26:36,303.0
0.5160,17.0490,0.49,97.15,1.9820,2025-07-07 21:36:36,304.0
0.5320,16.9430,0.3920,97.1830,2.0710,2025-07-07 21:36:36,304.0
0.54,16.9930,0.3990,97.1630,2.0180,2025-07-07 21:36:36,304.0
0.5220,16.9170,0.5850,97.13,1.9930,2025-07-07 21:36:36,304.0
0.5360,17.0240,0.5220,96.7810,2.0790,2025-07-07 21:36:36,304.0
0.53,16.9550,0.4620,97.2840,1.9970,2025-07-07 21:36:36,304.0
0.5320,16.9680,0.4450,97.0230,2.2060,2025-07-07 21:36:36,304.0
0.5370,16.9520,0.49,97.1520,1.9490,2025-07-07 21:36:36,304.0
0.5230,16.9580,0.4940,97.1720,1.9080,2025-07-07 21:36:36,304.0
0.5370,17.0340,0.3960,96.7070,1.9560,2025-07-07 21:36:36,304.0
0.5210,16.9330,0.3680,96.8970,1.8820,2025-07-07 21:36:36,304.0
0.5030,17.0120,0.5110,97.2650,1.8710,2025-07-07 21:36:36,304.0
0.5270,17.0430,0.4870,97.0740,2.0090,2025-07-07 21:36:36,304.0
0.5160,16.9930,0.5110,96.8770,1.9640,2025-07-07 21:36:36,304.0
0.5560,17.0340,0.5040,96.7320,2.0930,2025-07-07 21:36:36,304.0
0.5260,17.0240,0.63,96.9030,1.9220,2025-07-07 21:36:36,304.0
0.5580,16.98,0.6860,96.9150,2.0520,2025-07-07 21:36:36,304.0
0.5270,17.0620,0.5110,96.9250,1.9430,2025-07-07 21:36:36,304.0
0.5210,16.9210,0.4550,97.3110,1.9560,2025-07-07 21:36:36,304.0
0.51,16.9210,0.4480,96.9360,1.8780,2025-07-07 21:36:36,304.0
0.5430,16.8730,0.6120,96.6960,1.9220,2025-07-08 13:07:42,305.0
0.5020,16.8510,0.5880,96.9280,1.6840,2025-07-08 13:07:42,305.0
0.5220,16.9170,0.49,97.0260,1.6570,2025-07-08 13:07:42,305.0
0.5390,16.9140,0.4410,97.0940,1.8370,2025-07-08 13:07:42,305.0
0.5090,16.7890,0.4870,96.9190,1.6830,2025-07-08 13:07:42,305.0
0.5170,16.8830,0.5990,97.1940,1.8110,2025-07-08 13:07:42,305.0
0.5460,16.9210,0.4790,96.8380,1.8490,2025-07-08 13:07:42,305.0
0.5330,16.8770,0.5560,97.1310,1.6930,2025-07-08 13:07:42,305.0
0.5340,16.8830,0.5040,97.0730,1.7750,2025-07-08 13:07:42,305.0
0.5380,16.93,0.5810,96.9720,1.7530,2025-07-08 13:07:42,305.0
0.5110,16.8550,0.3990,96.7240,1.6430,2025-07-08 13:07:42,305.0
0.5250,16.87,0.6680,96.9570,1.7150,2025-07-08 13:07:42,305.0
0.55,16.9930,0.3810,97.1340,1.81,2025-07-08 13:07:42,305.0
0.5620,16.8640,0.4170,97.0180,1.8890,2025-07-08 13:07:42,305.0
0.5120,16.9330,0.62,96.95,1.6110,2025-07-08 13:07:42,305.0
0.5330,16.8420,0.4830,97.0360,1.77,2025-07-08 13:07:42,305.0
0.5190,16.9140,0.6480,96.7510,1.71,2025-07-08 13:07:42,305.0
0.5290,16.9080,0.5530,96.83,1.7680,2025-07-08 13:07:42,305.0
0.5140,16.9270,0.4580,96.7180,1.7110,2025-07-08 13:07:42,305.0
0.52,16.8480,0.6650,96.9290,1.5620,2025-07-08 13:07:42,305.0
0.5270,16.9490,0.4450,97.1060,1.6490,2025-07-08 19:37:57,306.0
0.5290,16.9870,0.4650,96.9070,1.7120,2025-07-08 19:37:57,306.0
0.5280,16.9330,0.5420,96.8530,1.73,2025-07-08 19:37:57,306.0
0.5140,16.9430,0.5880,96.9680,1.7250,2025-07-08 19:37:57,306.0
0.5140,16.9080,0.6410,97.0440,1.6860,2025-07-08 19:37:57,306.0
0.5370,16.9490,0.6060,96.9640,1.7340,2025-07-08 19:37:57,306.0
0.5270,16.9740,0.5980,97.0440,1.7360,2025-07-08 19:37:57,306.0
0.5130,16.8450,0.4860,97.0660,1.5540,2025-07-08 19:37:57,306.0
0.5320,16.9210,0.5290,97.0830,1.7280,2025-07-08 19:37:57,306.0
0.5360,16.9330,0.6790,97.2310,1.6830,2025-07-08 19:37:57,306.0
0.5270,16.9550,0.63,96.9670,1.73,2025-07-08 19:37:57,306.0
0.5340,16.87,0.3960,97.1860,1.8430,2025-07-08 19:37:57,306.0
0.5440,16.9680,0.4550,97.15,1.7720,2025-07-08 19:37:57,306.0
0.5250,17.0490,0.70,96.7470,1.7470,2025-07-08 19:37:57,306.0
0.5380,16.9080,0.5810,96.7940,1.8430,2025-07-08 19:37:57,306.0
0.5510,16.9210,0.5670,97.0620,1.8540,2025-07-08 19:37:57,306.0
0.5160,16.9990,0.5080,96.8330,1.76,2025-07-08 19:37:57,306.0
0.5390,16.9210,0.4760,96.88,1.91,2025-07-08 19:37:57,306.0
0.5270,16.8550,0.4060,96.9520,1.7920,2025-07-08 19:37:57,306.0
0.5210,16.9210,0.5530,96.8690,1.7630,2025-07-08 19:37:57,306.0
0.5230,16.9740,0.4480,97.0930,1.7320,2025-07-08 21:23:00,307.0
0.54,16.88,0.5180,97.1830,1.7480,2025-07-08 21:23:00,307.0
0.55,16.9520,0.3810,97.0660,1.9470,2025-07-08 21:23:00,307.0
0.5570,16.9490,0.3670,97.0560,1.8830,2025-07-08 21:23:00,307.0
0.5460,16.9080,0.4760,97.1150,1.74,2025-07-08 21:23:00,307.0
0.5430,17.0180,0.50,96.8780,1.8310,2025-07-08 21:23:00,307.0
0.5330,16.93,0.5810,97.1040,1.7570,2025-07-08 21:23:00,307.0
0.5310,16.9550,0.5560,97.1940,1.7550,2025-07-08 21:23:00,307.0
0.5420,16.9390,0.5630,97.2610,1.8770,2025-07-08 21:23:00,307.0
0.54,16.9650,0.5080,96.9620,1.8440,2025-07-08 21:23:00,307.0
0.5490,16.8670,0.4230,96.9890,1.78,2025-07-08 21:23:00,307.0
0.5530,16.9020,0.5670,96.8890,1.8690,2025-07-08 21:23:00,307.0
0.5320,16.9520,0.63,96.85,1.7670,2025-07-08 21:23:00,307.0
0.5410,16.9210,0.3290,97.1740,1.7870,2025-07-08 21:23:00,307.0
0.5290,17.0050,0.5290,96.8150,1.7260,2025-07-08 21:23:00,307.0
0.5150,16.9770,0.6650,96.7850,1.7160,2025-07-08 21:23:00,307.0
0.54,16.9360,0.3780,97.2050,1.8930,2025-07-08 21:23:00,307.0
0.5270,16.98,0.5530,97.2130,1.8050,2025-07-08 21:23:00,307.0
0.5270,16.9170,0.5220,97.0130,1.7550,2025-07-08 21:23:00,307.0
0.5490,16.8770,0.5420,96.87,1.9010,2025-07-08 21:23:00,307.0
0.5270,16.9080,0.6550,97.1080,1.6770,2025-07-14 13:05:02,308.0
0.5210,16.8890,0.5280,97.1110,1.6610,2025-07-14 13:05:02,308.0
0.5160,16.8860,0.5180,96.7560,1.6530,2025-07-14 13:05:02,308.0
0.5140,17.0050,0.4690,96.6970,1.66,2025-07-14 13:05:02,308.0
0.5170,16.93,0.5810,96.7390,1.6680,2025-07-14 13:05:02,308.0
0.5380,16.9110,0.4230,97.1490,1.9360,2025-07-14 13:05:02,308.0
0.5420,16.9270,0.5040,97.0360,1.7380,2025-07-14 13:05:02,308.0
0.5390,16.88,0.5150,96.7840,1.86,2025-07-14 13:05:02,308.0
0.5060,16.98,0.4660,96.8930,1.6680,2025-07-14 13:05:02,308.0
0.5210,16.8230,0.5910,96.8750,1.70,2025-07-14 13:05:02,308.0
0.5170,16.8830,0.5220,96.8960,1.6720,2025-07-14 13:05:02,308.0
0.5220,16.9270,0.4790,96.5880,1.77,2025-07-14 13:05:02,308.0
0.5410,17.0050,0.4580,96.78,1.7660,2025-07-14 13:05:02,308.0
0.52,16.8450,0.5250,96.9190,1.6620,2025-07-14 13:05:02,308.0
0.5460,16.9270,0.56,97.2210,1.77,2025-07-14 13:05:02,308.0
0.5310,16.8920,0.56,96.8440,1.8320,2025-07-14 13:05:02,308.0
0.5270,16.8510,0.5460,96.73,1.7430,2025-07-14 13:05:02,308.0
0.5340,16.9080,0.6620,97.1170,1.8580,2025-07-14 13:05:02,308.0
0.5410,16.8990,0.6060,96.7970,1.7870,2025-07-14 13:05:02,308.0
0.5210,16.9240,0.4020,97.2030,1.7510,2025-07-14 13:05:02,308.0
0.5250,16.9170,0.3780,97.0410,1.7310,2025-07-14 13:40:04,309.0
0.5490,16.9110,0.4440,97.1560,1.8280,2025-07-14 13:40:04,309.0
0.5150,16.8640,0.71,96.8960,0.0230,2025-07-14 13:40:04,309.0
0.5170,16.9270,1.0290,96.95,1.63,2025-07-14 13:40:04,309.0
0.4860,16.8860,0.5950,96.92,1.70,2025-07-14 13:40:04,309.0
0.5110,16.9210,0.5390,96.8950,1.6310,2025-07-14 13:40:04,309.0
0.5260,16.9610,0.5320,97.1350,1.8290,2025-07-14 13:40:04,309.0
0.52,16.9140,0.4690,96.88,1.7780,2025-07-14 13:40:04,309.0
0.5250,16.9490,0.5740,96.7660,1.6950,2025-07-14 13:40:04,309.0
0.5320,16.9550,0.6650,97.0210,1.6610,2025-07-14 13:40:04,309.0
0.5360,16.9710,0.4310,96.7990,1.7010,2025-07-14 13:40:04,309.0
0.5410,16.9960,0.4130,97.1710,1.6460,2025-07-14 13:40:04,309.0
0.5490,17.0340,0.4940,97.06,1.7690,2025-07-14 13:40:04,309.0
0.5550,16.9650,0.6160,97.0530,1.7810,2025-07-14 13:40:04,309.0
0.5260,16.9240,0.5350,96.9540,1.7870,2025-07-14 13:40:04,309.0
0.5210,16.9360,0.5670,97.1410,1.8240,2025-07-14 13:40:04,309.0
0.51,16.8450,0.5390,96.6390,1.7670,2025-07-14 13:40:04,309.0
0.5340,16.8920,0.4650,96.8130,1.6590,2025-07-14 13:40:04,309.0
0.5490,16.9170,0.5390,97.0450,1.8190,2025-07-14 13:40:04,309.0
0.5040,16.8670,0.4940,96.7980,1.6350,2025-07-14 13:40:04,309.0
0.5620,16.8390,0.6370,96.7850,1.9450,2025-07-14 19:00:10,310.0
0.5170,16.8450,0.7240,97.5030,1.7250,2025-07-14 19:00:10,310.0
0.5450,16.9240,0.5810,96.8840,1.7970,2025-07-14 19:00:10,310.0
0.5260,16.8830,0.6120,97.2420,1.8060,2025-07-14 19:00:10,310.0
0.5280,16.9930,0.5180,97.1390,1.6710,2025-07-14 19:00:10,310.0
0.5460,16.9460,0.6440,96.8270,1.6650,2025-07-14 19:00:10,310.0
0.5370,16.87,0.5670,97.2190,1.8730,2025-07-14 19:00:10,310.0
0.5420,16.9490,0.6160,97.1150,1.8440,2025-07-14 19:00:10,310.0
0.5460,17.0090,0.7420,96.9430,1.7640,2025-07-14 19:00:10,310.0
0.5410,16.93,0.6650,97.0070,1.69,2025-07-14 19:00:10,310.0
0.5480,16.9550,0.6580,96.7170,1.91,2025-07-14 19:00:10,310.0
0.5260,16.7820,0.6230,97.0090,1.8640,2025-07-14 19:00:10,310.0
0.5550,16.93,0.6270,96.9830,1.8530,2025-07-14 19:00:10,310.0
0.5360,17.04,0.5770,96.7730,1.6740,2025-07-14 19:00:10,310.0
0.54,16.8920,0.6620,97.0190,1.8910,2025-07-14 19:00:10,310.0
0.5430,16.9270,0.6160,96.7920,1.8270,2025-07-14 19:00:10,310.0
0.5190,16.8860,0.41,97.1020,1.6750,2025-07-14 19:00:10,310.0
0.5040,16.8580,0.7040,97.1870,1.6550,2025-07-14 19:00:10,310.0
0.5360,16.9080,0.5980,96.7750,1.8640,2025-07-14 19:00:10,310.0
0.5120,16.8510,0.76,97.2620,1.6480,2025-07-14 19:00:10,310.0
0.53,16.9710,0.6410,97.0760,1.7210,2025-07-14 21:35:16,311.0
0.5350,16.9080,0.5350,96.9340,1.7440,2025-07-14 21:35:16,311.0
0.51,16.8610,0.5710,97.0840,1.5640,2025-07-14 21:35:16,311.0
0.52,16.9210,0.6120,97.0280,1.8250,2025-07-14 21:35:16,311.0
0.5290,16.9210,0.4870,97.0380,1.7730,2025-07-14 21:35:16,311.0
0.5460,16.9490,0.5880,96.7440,1.8020,2025-07-14 21:35:16,311.0
0.5340,16.9740,0.5350,97.2750,1.7290,2025-07-14 21:35:16,311.0
0.5380,16.8990,0.5420,97.12,1.8230,2025-07-14 21:35:16,311.0
0.5520,17.0120,0.5950,96.8380,1.8190,2025-07-14 21:35:16,311.0
0.5440,16.9740,0.5460,97.0790,1.7250,2025-07-14 21:35:16,311.0
0.53,16.9710,0.6440,97.2240,1.74,2025-07-14 21:35:16,311.0
0.5390,16.9830,0.5630,97.1150,1.8140,2025-07-14 21:35:16,311.0
0.5340,16.98,0.3990,97.1530,1.6440,2025-07-14 21:35:16,311.0
0.5430,16.9460,0.7240,96.9850,1.9070,2025-07-14 21:35:16,311.0
0.5250,16.9050,0.5880,97.1580,1.77,2025-07-14 21:35:16,311.0
0.5110,16.8450,0.6120,97.1910,1.6690,2025-07-14 21:35:16,311.0
0.5240,16.8420,0.4940,97,1.63,2025-07-14 21:35:16,311.0
0.5440,16.9460,0.55,96.9720,1.8610,2025-07-14 21:35:16,311.0
0.55,17.0240,0.55,96.8670,1.83,2025-07-14 21:35:16,311.0
0.5320,16.8450,0.5150,96.7870,1.7990,2025-07-14 21:35:16,311.0
0.5180,16.9490,0.5150,97.05,1.7420,2025-07-15 10:57:15,312.0
0.5280,16.9870,0.5640,97.1080,1.81,2025-07-15 10:57:15,312.0
0.5260,16.8950,0.6410,97.0990,1.7440,2025-07-15 10:57:15,312.0
0.5380,16.9960,0.5250,96.7660,1.7620,2025-07-15 10:57:15,312.0
0.5190,16.9930,0.4410,97.1660,1.69,2025-07-15 10:57:15,312.0
0.5380,17.0310,0.5630,96.8230,1.8320,2025-07-15 10:57:15,312.0
0.5440,16.9490,0.5250,97.1940,1.7780,2025-07-15 10:57:15,312.0
0.5060,16.9520,0.5630,97.1920,1.6960,2025-07-15 10:57:15,312.0
0.5290,16.9210,0.5640,97.0590,1.71,2025-07-15 10:57:15,312.0
0.5450,17.0560,0.4270,96.8430,1.7780,2025-07-15 10:57:15,312.0
0.5440,16.9830,0.4940,96.7310,1.7960,2025-07-15 10:57:15,312.0
0.5490,16.9830,0.6680,96.7420,1.9230,2025-07-15 10:57:15,312.0
0.53,16.8990,0.4440,96.8730,1.8110,2025-07-15 10:57:15,312.0
0.5240,16.8990,0.6370,97.1480,1.7150,2025-07-15 10:57:15,312.0
0.5430,16.9550,0.4730,97.1960,1.8180,2025-07-15 10:57:15,312.0
0.5420,16.9740,0.5390,96.9780,1.7850,2025-07-15 10:57:15,312.0
0.5240,16.9520,0.7040,97.1110,1.6650,2025-07-15 10:57:15,312.0
0.5720,16.87,0.5210,96.7990,2.0250,2025-07-15 10:57:15,312.0
0.5240,16.9710,0.5990,96.8080,1.7010,2025-07-15 10:57:15,312.0
0.5110,16.8830,0.5080,97.1470,1.7380,2025-07-15 10:57:15,312.0
0.5060,16.76,0.6230,97.3740,1.6920,2025-07-15 13:07:19,313.0
0.5310,16.8010,0.4310,97.18,1.7660,2025-07-15 13:07:19,313.0
0.5430,16.8330,0.4480,97.2760,1.9270,2025-07-15 13:07:19,313.0
0.54,16.8950,0.6540,97.1210,1.7820,2025-07-15 13:07:19,313.0
0.55,16.9490,0.5390,96.91,1.8750,2025-07-15 13:07:19,313.0
0.5360,16.9240,0.5840,96.9720,1.8110,2025-07-15 13:07:19,313.0
0.5450,16.9210,0.6270,97.2650,1.7170,2025-07-15 13:07:19,313.0
0.5240,16.8360,0.5990,97.2390,1.7360,2025-07-15 13:07:19,313.0
0.5190,16.8550,0.6270,96.8810,1.8220,2025-07-15 13:07:19,313.0
0.54,16.82,0.5420,96.9250,1.7670,2025-07-15 13:07:19,313.0
0.5320,16.8950,0.3960,97.1070,1.73,2025-07-15 13:07:19,313.0
0.5170,16.9740,0.6090,96.78,1.6560,2025-07-15 13:07:19,313.0
0.5430,16.8670,0.6160,97.1910,1.7450,2025-07-15 13:07:19,313.0
0.5270,16.8450,0.4030,97.1260,1.82,2025-07-15 13:07:19,313.0
0.5670,16.9080,0.6120,96.7940,1.9670,2025-07-15 13:07:19,313.0
0.5140,16.9080,0.76,97.07,1.7250,2025-07-15 13:07:19,313.0
0.5180,16.87,0.6050,97.2030,1.6660,2025-07-15 13:07:19,313.0
0.5660,16.9930,0.5810,96.7840,1.9230,2025-07-15 13:07:19,313.0
0.5320,16.9080,0.6190,96.8010,1.7870,2025-07-15 13:07:19,313.0
0.5270,16.8890,0.5910,96.8590,1.7170,2025-07-15 13:07:19,313.0
0.5410,16.9680,0.4520,97.1840,1.7670,2025-07-15 21:37:31,314.0
0.54,17.0270,0.7240,97.3290,1.78,2025-07-15 21:37:31,314.0
0.5350,17.0370,0.4690,97.0710,1.8310,2025-07-15 21:37:31,314.0
0.5330,17.0210,0.5670,97.1650,1.6770,2025-07-15 21:37:31,314.0
0.52,16.9140,0.4020,96.8720,1.7730,2025-07-15 21:37:31,314.0
0.5320,17.0270,0.2980,96.7470,1.6770,2025-07-15 21:37:31,314.0
0.5260,17.0620,0.6540,97.0420,1.6140,2025-07-15 21:37:31,314.0
0.5540,17.0050,0.5390,97.0110,1.7670,2025-07-15 21:37:31,314.0
0.5410,16.9960,0.4940,96.9830,1.7370,2025-07-15 21:37:31,314.0
0.5350,17.0780,0.5950,97.1910,1.7310,2025-07-15 21:37:31,314.0
0.5640,16.93,0.6090,96.8440,1.8520,2025-07-15 21:37:31,314.0
0.5520,16.9520,0.6760,96.8540,1.7590,2025-07-15 21:37:31,314.0
0.5480,17.0120,0.62,97.0290,1.7860,2025-07-15 21:37:31,314.0
0.5260,17.0240,0.7770,97.1980,1.6330,2025-07-15 21:37:31,314.0
0.5280,16.9580,0.6650,96.8860,1.6450,2025-07-15 21:37:31,314.0
0.5330,17.0180,0.5780,97.2180,1.8410,2025-07-15 21:37:31,314.0
0.5540,17.0210,0.5460,96.77,1.8770,2025-07-15 21:37:31,314.0
0.5470,16.9360,0.4620,96.6960,1.7170,2025-07-15 21:37:31,314.0
0.5280,16.9170,0.4550,97.2040,1.7360,2025-07-15 21:37:31,314.0
0.5680,17.0020,0.5850,96.7880,1.8940,2025-07-15 21:37:31,314.0
0.5510,16.9430,0.7490,97.1060,1.8080,2025-07-16 14:50:04,315.0
0.5460,17.1120,0.6930,96.6910,1.7080,2025-07-16 14:50:04,315.0
0.5330,16.8730,0.7450,97.2630,1.6140,2025-07-16 14:50:04,315.0
0.5380,17.0270,0.6230,96.8240,1.7790,2025-07-16 14:50:04,315.0
0.5570,16.9110,0.6020,97.2010,1.8320,2025-07-16 14:50:04,315.0
0.5190,16.93,0.6060,97.0450,1.6530,2025-07-16 14:50:04,315.0
0.5380,16.9430,0.6620,97.0560,1.7570,2025-07-16 14:50:04,315.0
0.5540,17.0240,0.62,97.1720,1.8610,2025-07-16 14:50:04,315.0
0.5440,17.04,0.5770,97.1660,1.81,2025-07-16 14:50:04,315.0
0.5350,16.9930,0.6270,97.1450,1.7150,2025-07-16 14:50:04,315.0
0.5130,16.7540,0.4580,97.1280,1.7670,2025-07-16 14:50:04,315.0
0.5270,17.0120,0.4410,96.7630,1.7740,2025-07-16 14:50:04,315.0
0.5370,16.8670,0.5670,97.0690,1.6840,2025-07-16 14:50:04,315.0
0.5250,16.9680,0.7390,97.0230,1.7130,2025-07-16 14:50:04,315.0
0.5450,17.0430,0.55,96.8660,1.8760,2025-07-16 14:50:04,315.0
0.5430,17.0930,0.5220,96.99,1.71,2025-07-16 14:50:04,315.0
0.5310,16.9680,0.4730,96.7990,1.6780,2025-07-16 14:50:04,315.0
0.5180,16.8080,0.5770,96.9220,1.6870,2025-07-16 14:50:04,315.0
0.5250,17.0840,0.56,96.8690,1.7290,2025-07-16 14:50:04,315.0
0.5160,16.8010,0.7810,97.0020,1.5160,2025-07-16 14:50:04,315.0
0.5310,16.9580,0.6510,96.7440,1.7530,2025-07-16 19:15:13,316.0
0.5080,16.9330,0.6410,96.9120,1.6760,2025-07-16 19:15:13,316.0
0.5370,17.0530,0.5150,96.8130,1.6690,2025-07-16 19:15:13,316.0
0.5380,16.8640,0.8330,96.84,1.9520,2025-07-16 19:15:13,316.0
0.5370,16.9830,0.6370,96.8990,1.8050,2025-07-16 19:15:13,316.0
0.5320,16.98,0.4940,97.0210,1.7110,2025-07-16 19:15:13,316.0
0.5320,16.8950,0.5630,96.8750,1.8280,2025-07-16 19:15:13,316.0
0.5430,16.9680,0.6090,97.1010,1.7910,2025-07-16 19:15:13,316.0
0.5260,16.9960,0.3610,97.1210,1.70,2025-07-16 19:15:13,316.0
0.5240,16.9240,0.5040,96.74,1.6930,2025-07-16 19:15:13,316.0
0.5320,16.9080,0.4790,97.0320,1.7120,2025-07-16 19:15:13,316.0
0.5120,16.9770,0.5460,97.0260,1.6480,2025-07-16 19:15:13,316.0
0.5320,17.0840,0.6060,96.7880,1.6410,2025-07-16 19:15:13,316.0
0.5160,16.9710,0.6230,96.8880,1.7530,2025-07-16 19:15:13,316.0
0.5370,16.9870,0.4550,97.0210,1.7620,2025-07-16 19:15:13,316.0
0.5530,16.9330,0.63,96.8070,1.7640,2025-07-16 19:15:13,316.0
0.5450,16.8990,0.6090,97.0570,1.8230,2025-07-16 19:15:13,316.0
0.5290,16.9210,0.5560,96.9230,1.7330,2025-07-16 19:15:13,316.0
0.54,17.0240,0.6650,96.8380,1.7750,2025-07-16 19:15:13,316.0
0.5460,16.9830,0.3960,96.9620,1.7990,2025-07-16 19:15:13,316.0
0.5730,16.9710,0.5180,97.1090,1.8730,2025-07-16 21:35:17,317.0
0.5540,16.9360,0.5180,96.9390,1.8080,2025-07-16 21:35:17,317.0
0.5430,16.9140,0.4760,97.3060,1.77,2025-07-16 21:35:17,317.0
0.5520,16.9740,0.5670,96.7950,1.8070,2025-07-16 21:35:17,317.0
0.5280,16.9770,0.6060,96.9630,1.6170,2025-07-16 21:35:17,317.0
0.5240,16.9550,0.55,97.0570,1.6890,2025-07-16 21:35:17,317.0
0.5360,16.9050,0.5350,96.8590,1.7190,2025-07-16 21:35:17,317.0
0.5420,16.93,0.55,97.1280,1.7520,2025-07-16 21:35:17,317.0
0.5370,16.9390,0.6720,96.68,1.8030,2025-07-16 21:35:17,317.0
0.5460,16.9050,0.5320,96.8460,1.7780,2025-07-16 21:35:17,317.0
0.5270,16.9580,0.5880,96.8490,1.7240,2025-07-16 21:35:17,317.0
0.5450,16.9650,0.56,96.7590,1.7480,2025-07-16 21:35:17,317.0
0.52,16.9710,0.6540,96.74,1.6570,2025-07-16 21:35:17,317.0
0.5270,16.9960,0.41,97.0160,1.7140,2025-07-16 21:35:17,317.0
0.5310,16.9330,0.4620,97.2740,1.7080,2025-07-16 21:35:17,317.0
0.5250,16.9490,0.5770,96.5570,1.7390,2025-07-16 21:35:17,317.0
0.5480,16.93,0.5530,96.7470,1.7880,2025-07-16 21:35:17,317.0
0.5190,16.9110,0.4690,97.1290,1.7490,2025-07-16 21:35:17,317.0
0.5220,16.9580,0.6230,96.7410,1.8280,2025-07-16 21:35:17,317.0
0.5240,16.87,0.4060,97.0820,1.7410,2025-07-16 21:35:17,317.0
0.5370,16.98,0.4310,97.0750,1.7380,2025-07-17 10:50:03,318.0
0.5280,16.9680,0.4870,96.9590,1.62,2025-07-17 10:50:03,318.0
0.5380,16.9770,0.4760,97.1950,1.7230,2025-07-17 10:50:03,318.0
0.5330,16.9520,0.5710,96.6990,1.8490,2025-07-17 10:50:03,318.0
0.53,16.9830,0.4730,96.8390,1.8060,2025-07-17 10:50:03,318.0
0.5510,16.9490,0.5150,97.0180,1.8720,2025-07-17 10:50:03,318.0
0.5290,16.8990,0.43,96.9810,1.6880,2025-07-17 10:50:03,318.0
0.5440,16.9140,0.4410,97.1920,1.72,2025-07-17 10:50:03,318.0
0.5310,16.9580,0.4720,97.03,1.7490,2025-07-17 10:50:03,318.0
0.5360,16.9830,0.4660,97.1630,1.8020,2025-07-17 10:50:03,318.0
0.5090,16.9050,0.4660,97.1010,1.67,2025-07-17 10:50:03,318.0
0.5490,17.0180,0.5250,96.7240,1.7780,2025-07-17 10:50:03,318.0
0.5370,16.9990,0.4480,97.2020,1.7120,2025-07-17 10:50:03,318.0
0.5160,16.9930,0.3960,97.0650,1.6490,2025-07-17 10:50:03,318.0
0.5190,16.9580,0.4940,96.81,1.7340,2025-07-17 10:50:03,318.0
0.5540,16.9550,0.6370,96.9980,1.7790,2025-07-17 10:50:03,318.0
0.56,16.9110,0.6410,96.79,1.7840,2025-07-17 10:50:03,318.0
0.5260,16.9490,0.5640,97.0970,1.6750,2025-07-17 10:50:03,318.0
0.5330,16.9330,0.3960,97.0930,1.6990,2025-07-17 10:50:03,318.0
0.5440,16.9990,0.50,96.7830,1.7790,2025-07-17 10:50:03,318.0
0.5090,16.9330,0.7210,97.0850,1.7470,2025-07-17 12:55:09,319.0
0.5250,16.9990,0.5980,97.2740,1.7350,2025-07-17 12:55:09,319.0
0.54,17.0460,0.6330,96.8890,1.8540,2025-07-17 12:55:09,319.0
0.5490,16.9490,0.6020,96.7250,1.8750,2025-07-17 12:55:09,319.0
0.5520,16.9360,0.4380,97.3180,1.8010,2025-07-17 12:55:09,319.0
0.5380,16.8860,0.7450,96.7810,1.7820,2025-07-17 12:55:09,319.0
0.5230,16.9650,0.5320,96.99,1.7060,2025-07-17 12:55:09,319.0
0.5340,17.0210,0.4830,96.8410,1.7410,2025-07-17 12:55:09,319.0
0.5380,17.0020,0.63,96.8150,1.7590,2025-07-17 12:55:09,319.0
0.5210,16.88,0.6610,97.20,1.6510,2025-07-17 12:55:09,319.0
0.5320,16.9050,0.5080,97.0510,1.7020,2025-07-17 12:55:09,319.0
0.5360,16.9360,0.62,96.7410,1.7610,2025-07-17 12:55:09,319.0
0.5250,16.9170,0.5390,97.0150,1.7370,2025-07-17 12:55:09,319.0
0.5230,16.9490,0.5980,97.0240,1.7290,2025-07-17 12:55:09,319.0
0.5340,16.9210,0.4130,97.1040,1.7970,2025-07-17 12:55:09,319.0
0.5360,16.9270,0.5560,96.7870,1.8520,2025-07-17 12:55:09,319.0
0.5460,16.9680,0.6020,96.8810,1.8410,2025-07-17 12:55:09,319.0
0.5480,16.9990,0.5110,96.7870,1.8830,2025-07-17 12:55:09,319.0
0.5360,16.9990,0.5490,96.7620,1.70,2025-07-17 12:55:09,319.0
0.5310,16.9240,0.4170,97.1520,1.8240,2025-07-17 12:55:09,319.0
0.5440,17.0780,0.6720,96.8970,1.8360,2025-07-17 19:35:20,320.0
0.54,17.0180,0.3530,97.2010,1.7670,2025-07-17 19:35:20,320.0
0.5390,17.0840,0.5150,96.8280,1.7160,2025-07-17 19:35:20,320.0
0.5440,17.0180,0.5350,96.8640,1.7590,2025-07-17 19:35:20,320.0
0.5120,16.8830,0.42,96.97,1.6960,2025-07-17 19:35:20,320.0
0.53,17.0560,0.6060,97.2290,1.75,2025-07-17 19:35:20,320.0
0.54,17.0530,0.5430,96.8530,1.7860,2025-07-17 19:35:20,320.0
0.5240,16.9110,0.5430,97.0660,1.7550,2025-07-17 19:35:20,320.0
0.5320,17.0120,0.5630,96.7720,1.8020,2025-07-17 19:35:20,320.0
0.5570,16.9550,0.4130,97.14,1.9860,2025-07-17 19:35:20,320.0
0.5560,16.9520,0.5810,97.2250,1.7830,2025-07-17 19:35:20,320.0
0.5390,16.9870,0.6160,96.7540,1.7550,2025-07-17 19:35:20,320.0
0.5320,17.0810,0.6020,96.7770,1.6340,2025-07-17 19:35:20,320.0
0.5580,16.9710,0.5950,97.0930,1.7790,2025-07-17 19:35:20,320.0
0.5340,17.0460,0.6020,96.7610,1.6830,2025-07-17 19:35:20,320.0
0.5440,16.9740,0.4940,97.1370,1.80,2025-07-17 19:35:20,320.0
0.5420,16.9210,0.4130,97.2250,1.7460,2025-07-17 19:35:20,320.0
0.5320,16.9430,0.4550,97.2490,1.7610,2025-07-17 19:35:20,320.0
0.5680,17.0460,0.4830,96.7380,1.8430,2025-07-17 19:35:20,320.0
0.5460,17.1030,0.5420,96.55,1.86,2025-07-17 19:35:20,320.0
0.5320,17.0090,0.7070,96.8190,1.7550,2025-07-17 21:30:23,321.0
0.5420,16.9680,0.5110,96.8430,1.8340,2025-07-17 21:30:23,321.0
0.54,16.9960,0.6050,97.1750,1.7980,2025-07-17 21:30:23,321.0
0.5280,16.9430,0.4830,97.0250,1.6890,2025-07-17 21:30:23,321.0
0.5430,17.0020,0.41,96.9580,1.8570,2025-07-17 21:30:23,321.0
0.5230,16.9680,0.4970,97.2370,1.7410,2025-07-17 21:30:23,321.0
0.5120,16.9460,0.4650,96.9730,1.6430,2025-07-17 21:30:23,321.0
0.5140,16.9650,0.4410,97.1460,1.5910,2025-07-17 21:30:23,321.0
0.5270,16.9830,0.7560,96.9470,1.7650,2025-07-17 21:30:23,321.0
0.55,16.9870,0.5850,96.6840,1.8630,2025-07-17 21:30:23,321.0
0.5390,16.9550,0.6060,96.7950,1.7340,2025-07-17 21:30:23,321.0
0.5180,16.9080,0.56,96.7280,1.7360,2025-07-17 21:30:23,321.0
0.5560,16.9520,0.4940,96.8470,1.8850,2025-07-17 21:30:23,321.0
0.5470,16.9360,0.5910,96.8130,1.7670,2025-07-17 21:30:23,321.0
0.5490,16.99,0.35,96.8550,1.6820,2025-07-17 21:30:23,321.0
0.5060,16.9270,0.5350,97.1810,1.7370,2025-07-17 21:30:23,321.0
0.5120,16.9990,0.5290,96.9250,1.6240,2025-07-17 21:30:23,321.0
0.5320,16.9740,0.6720,97.0460,1.7870,2025-07-17 21:30:23,321.0
0.5270,16.9270,0.4650,97.0350,1.7920,2025-07-17 21:30:23,321.0
0.55,17.0020,0.4410,96.7370,1.8580,2025-07-17 21:30:23,321.0
0.5380,16.9680,0.5110,97.0910,1.7580,2025-07-18 11:17:24,322.0
0.5590,16.9140,0.5350,97.2570,1.8110,2025-07-18 11:17:24,322.0
0.5450,17.0530,0.5150,96.8710,1.7480,2025-07-18 11:17:24,322.0
0.5660,16.9960,0.6270,97.2040,1.88,2025-07-18 11:17:24,322.0
0.5590,16.9870,0.5220,96.9250,1.7750,2025-07-18 11:17:24,322.0
0.5240,16.98,0.6370,97.0170,1.7510,2025-07-18 11:17:24,322.0
0.55,16.9770,0.6580,96.8760,1.74,2025-07-18 11:17:24,322.0
0.5440,16.9240,0.6270,96.6980,1.7680,2025-07-18 11:17:24,322.0
0.5390,16.9830,0.5670,97.0860,1.5950,2025-07-18 11:17:24,322.0
0.5440,16.9460,0.5850,96.8180,1.8280,2025-07-18 11:17:24,322.0
0.5290,16.9680,0.62,97.15,1.7980,2025-07-18 11:17:24,322.0
0.55,17.0460,0.5710,96.8710,1.8950,2025-07-18 11:17:24,322.0
0.5410,17.0150,0.5670,97.0340,1.7340,2025-07-18 11:17:24,322.0
0.5420,17.0240,0.5460,96.81,1.7470,2025-07-18 11:17:24,322.0
0.54,16.9650,0.4340,97.0650,1.7940,2025-07-18 11:17:24,322.0
0.5310,16.88,0.5670,97.0870,1.6290,2025-07-18 11:17:24,322.0
0.5320,16.9580,0.5290,97.1120,1.7210,2025-07-18 11:17:24,322.0
0.5550,16.9360,0.5740,97.0560,1.85,2025-07-18 11:17:24,322.0
0.5340,16.9680,0.5110,97.0310,1.7380,2025-07-18 11:17:24,322.0
0.5340,16.9580,0.5740,97.0760,1.7390,2025-07-18 11:17:24,322.0
0.5350,16.9330,0.5180,97.0810,1.7850,2025-07-18 13:07:28,323.0
0.5180,17.0310,0.55,96.9110,1.6220,2025-07-18 13:07:28,323.0
0.55,16.9430,0.4650,96.69,1.8180,2025-07-18 13:07:28,323.0
0.54,16.9770,0.5040,96.7780,1.8090,2025-07-18 13:07:28,323.0
0.5470,16.98,0.5780,96.7920,1.8360,2025-07-18 13:07:28,323.0
0.5380,17.0620,0.4790,97.1730,1.70,2025-07-18 13:07:28,323.0
0.5250,16.9390,0.6160,96.79,1.7080,2025-07-18 13:07:28,323.0
0.5170,16.9460,0.5350,97.0270,1.6280,2025-07-18 13:07:28,323.0
0.5230,17.0120,0.55,96.9810,1.7070,2025-07-18 13:07:28,323.0
0.5570,16.9930,0.6440,96.8280,1.7930,2025-07-18 13:07:28,323.0
0.5140,16.9170,0.5150,96.78,1.7470,2025-07-18 13:07:28,323.0
0.5160,17.0620,0.6790,96.80,1.79,2025-07-18 13:07:28,323.0
0.5380,16.9490,0.4310,97.0680,1.8020,2025-07-18 13:07:28,323.0
0.5280,17.0210,0.4410,97.0790,1.7050,2025-07-18 13:07:28,323.0
0.5470,16.9460,0.41,97.22,1.8440,2025-07-18 13:07:28,323.0
0.5240,16.9770,0.4580,97.0230,1.6340,2025-07-18 13:07:28,323.0
0.5450,16.9680,0.6540,97.02,1.7370,2025-07-18 13:07:28,323.0
0.5230,16.8860,0.6090,96.9120,1.7360,2025-07-18 13:07:28,323.0
0.5280,16.9830,0.5040,96.9680,1.7060,2025-07-18 13:07:28,323.0
0.5260,16.9330,0.5250,97.0450,1.7490,2025-07-18 13:07:28,323.0
0.5380,17.04,0.7530,96.9520,1.74,2025-07-18 19:22:38,324.0
0.5340,17.0150,0.6650,96.6090,1.7760,2025-07-18 19:22:38,324.0
0.5150,16.9430,0.63,97.1160,1.6650,2025-07-18 19:22:38,324.0
0.5450,17.04,0.4870,97.0720,1.7970,2025-07-18 19:22:38,324.0
0.5250,17.0020,0.5080,96.8680,1.6460,2025-07-18 19:22:38,324.0
0.5170,16.9770,0.5350,96.7810,1.6810,2025-07-18 19:22:38,324.0
0.5150,16.9390,0.6090,96.9940,1.6360,2025-07-18 19:22:38,324.0
0.5050,17.0180,0.7870,96.8320,1.6820,2025-07-18 19:22:38,324.0
0.5340,16.9930,0.6930,97.1690,1.7320,2025-07-18 19:22:38,324.0
0.5360,16.9680,0.6580,96.9440,1.7550,2025-07-18 19:22:38,324.0
0.5510,16.99,0.70,96.9260,1.7050,2025-07-18 19:22:38,324.0
0.5290,16.9930,0.5850,97.10,1.6830,2025-07-18 19:22:38,324.0
0.52,16.8860,0.6680,97.0670,1.6780,2025-07-18 19:22:38,324.0
0.5280,16.9460,0.6050,97.1360,1.6340,2025-07-18 19:22:38,324.0
0.5360,16.9930,0.5390,96.9990,1.7570,2025-07-18 19:22:38,324.0
0.5310,16.9430,0.6160,96.8810,1.7560,2025-07-18 19:22:38,324.0
0.5270,17.0370,0.4690,97.2180,1.5860,2025-07-18 19:22:38,324.0
0.5330,16.9990,0.4940,97.1750,1.6970,2025-07-18 19:22:38,324.0
0.5370,17.0560,0.4410,97.0410,1.7080,2025-07-18 19:22:38,324.0
0.5320,16.9650,0.4130,96.9960,1.6930,2025-07-18 19:22:38,324.0
0.5430,17.04,0.63,96.9550,1.8270,2025-07-18 21:12:41,325.0
0.5420,17.0560,0.6270,96.8530,1.7880,2025-07-18 21:12:41,325.0
0.5310,17.0620,0.7070,96.8390,1.6990,2025-07-18 21:12:41,325.0
0.53,16.9580,0.5850,96.8470,1.6910,2025-07-18 21:12:41,325.0
0.5260,16.98,0.70,97.1570,1.6210,2025-07-18 21:12:41,325.0
0.53,17.0210,0.6440,97.2440,1.7160,2025-07-18 21:12:41,325.0
0.54,17.1370,0.56,96.9930,1.8280,2025-07-18 21:12:41,325.0
0.5260,17.0120,0.7070,97.1440,1.6690,2025-07-18 21:12:41,325.0
0.5420,16.9960,0.5770,97.2120,1.6820,2025-07-18 21:12:41,325.0
0.5290,17.0490,0.4660,96.7450,1.6210,2025-07-18 21:12:41,325.0
0.5340,17.0560,0.6510,96.7960,1.8660,2025-07-18 21:12:41,325.0
0.5160,17.0370,0.5740,97.0750,1.7740,2025-07-18 21:12:41,325.0
0.5210,17.0120,0.6750,96.8680,1.6530,2025-07-18 21:12:41,325.0
0.5440,17.0650,0.5250,96.8340,1.7920,2025-07-18 21:12:41,325.0
0.5440,17.0150,0.6620,97.20,1.78,2025-07-18 21:12:41,325.0
0.5310,16.99,0.5710,96.8170,1.8070,2025-07-18 21:12:41,325.0
0.5420,17.0240,0.7070,97.0420,1.8930,2025-07-18 21:12:41,325.0
0.5520,17.0270,0.5780,97.1140,1.8930,2025-07-18 21:12:41,325.0
0.5470,16.9680,0.5180,97.3870,1.7230,2025-07-18 21:12:41,325.0
0.5240,16.9870,0.6860,96.7230,1.6740,2025-07-18 21:12:41,325.0
0.5170,16.9740,0.55,97.0510,1.6570,2025-07-21 12:28:58,326.0
0.5380,16.9710,0.4380,97.0860,1.7830,2025-07-21 12:28:58,326.0
0.5270,17.0590,0.5850,96.8770,1.7640,2025-07-21 12:28:58,326.0
0.5320,16.9960,0.6680,97.1640,1.7760,2025-07-21 12:28:58,326.0
0.5480,16.9960,0.4830,96.8440,1.8580,2025-07-21 12:28:58,326.0
0.5150,17.0090,0.5180,97.0490,1.7460,2025-07-21 12:28:58,326.0
0.5220,16.9770,0.5980,96.7830,1.74,2025-07-21 12:28:58,326.0
0.5220,17.0180,0.5290,96.8450,1.6810,2025-07-21 12:28:58,326.0
0.5480,16.9770,0.49,97.0880,1.7340,2025-07-21 12:28:58,326.0
0.5160,16.99,0.55,97.2860,1.6980,2025-07-21 12:28:58,326.0
0.5450,16.9240,0.6480,97.2020,1.6740,2025-07-21 12:28:58,326.0
0.5250,17.0430,0.71,97.2810,1.73,2025-07-21 12:28:58,326.0
0.5140,16.9360,0.6510,96.8260,1.6890,2025-07-21 12:28:58,326.0
0.5070,16.99,0.43,97.1840,1.6110,2025-07-21 12:28:58,326.0
0.5230,16.9330,0.5180,96.8960,1.7130,2025-07-21 12:28:58,326.0
0.5180,16.9210,0.3960,97.25,1.7260,2025-07-21 12:28:58,326.0
0.5410,16.9870,0.6890,96.9370,1.8130,2025-07-21 12:28:58,326.0
0.5220,16.9580,0.4730,96.9350,1.6730,2025-07-21 12:28:58,326.0
0.5470,17.04,0.2340,96.8250,1.6770,2025-07-21 12:28:58,326.0
0.5410,17.0930,0.6620,96.8440,1.88,2025-07-21 12:28:58,326.0
0.5370,17.0210,0.4870,97.0390,1.7250,2025-07-21 13:04:00,327.0
0.5270,17.0270,0.6020,96.9160,1.7080,2025-07-21 13:04:00,327.0
0.5160,16.98,0.42,96.9350,1.5250,2025-07-21 13:04:00,327.0
0.5510,17.0240,0.5950,96.8370,1.93,2025-07-21 13:04:00,327.0
0.5190,16.9930,0.6440,97.0590,1.63,2025-07-21 13:04:00,327.0
0.5050,16.9870,0.6160,96.9690,1.5490,2025-07-21 13:04:00,327.0
0.5130,16.9770,0.6790,96.8190,1.5820,2025-07-21 13:04:00,327.0
0.5210,16.9460,0.71,97.0850,1.7250,2025-07-21 13:04:00,327.0
0.5430,16.98,0.6650,97.2350,1.6620,2025-07-21 13:04:00,327.0
0.5450,16.99,0.6160,97.1860,1.7970,2025-07-21 13:04:00,327.0
0.54,16.9870,0.6370,97.15,1.66,2025-07-21 13:04:00,327.0
0.5290,17.0340,0.5950,97.0580,1.8440,2025-07-21 13:04:00,327.0
0.5190,16.9770,0.5810,97.0380,1.6650,2025-07-21 13:04:00,327.0
0.5380,17.1220,0.70,96.8390,1.7930,2025-07-21 13:04:00,327.0
0.5080,16.8480,0.7040,97.1240,1.6370,2025-07-21 13:04:00,327.0
0.5210,17.0090,0.5250,97.01,1.6450,2025-07-21 13:04:00,327.0
0.5410,17.0210,0.6330,97.0830,1.7020,2025-07-21 13:04:00,327.0
0.5280,17.0560,0.4440,97.0230,1.7560,2025-07-21 13:04:00,327.0
0.5280,16.9460,0.5850,97.1340,1.7270,2025-07-21 13:04:00,327.0
0.5420,16.9990,0.5850,96.8850,1.7890,2025-07-21 13:04:00,327.0
0.5360,16.9580,0.5070,96.8620,1.6620,2025-07-21 19:39:08,328.0
0.5430,17.0020,0.50,97.0490,1.9340,2025-07-21 19:39:08,328.0
0.5640,17.0750,0.50,96.85,1.9410,2025-07-21 19:39:08,328.0
0.54,17.0090,0.4550,96.9310,1.71,2025-07-21 19:39:08,328.0
0.5420,16.8480,0.7450,96.8390,1.82,2025-07-21 19:39:08,328.0
0.5190,17.0370,0.5810,96.7290,1.6710,2025-07-21 19:39:08,328.0
0.5480,16.9680,0.4270,97.1640,1.8970,2025-07-21 19:39:08,328.0
0.5350,16.8950,0.3750,96.9690,1.6660,2025-07-21 19:39:08,328.0
0.5410,16.98,0.6340,97.0620,1.7440,2025-07-21 19:39:08,328.0
0.5390,17.0090,0.6090,96.7980,1.7840,2025-07-21 19:39:08,328.0
0.5360,16.8670,0.6050,97.1210,1.8470,2025-07-21 19:39:08,328.0
0.5490,17.0150,0.5490,96.9180,1.8450,2025-07-21 19:39:08,328.0
0.5380,16.9520,0.8960,97.2010,1.8170,2025-07-21 19:39:08,328.0
0.5350,16.9390,0.6190,97.0120,1.7910,2025-07-21 19:39:08,328.0
0.5330,16.9240,0.6650,96.7620,1.8130,2025-07-21 19:39:08,328.0
0.5460,16.99,0.4970,97.0220,1.8960,2025-07-21 19:39:08,328.0
0.5440,16.8140,0.4940,97.0070,1.8590,2025-07-21 19:39:08,328.0
0.5280,16.9710,0.6270,96.9070,1.8090,2025-07-21 19:39:08,328.0
0.5440,16.9610,0.5950,96.8020,1.8390,2025-07-21 19:39:08,328.0
0.5440,16.8580,0.5920,97.1010,1.7890,2025-07-21 19:39:08,328.0
0.5530,16.8830,0.7770,96.8480,1.82,2025-07-21 21:29:11,329.0
0.5240,16.9270,0.77,97.1940,1.6760,2025-07-21 21:29:11,329.0
0.5330,16.93,0.5290,97.0730,1.7320,2025-07-21 21:29:11,329.0
0.5360,16.9680,0.4020,96.8730,1.7680,2025-07-21 21:29:11,329.0
0.5440,16.9050,0.7040,96.8360,1.9110,2025-07-21 21:29:11,329.0
0.5320,17.0150,0.5290,96.8460,1.7420,2025-07-21 21:29:11,329.0
0.5190,16.8860,0.4660,97.15,1.7160,2025-07-21 21:29:11,329.0
0.5270,16.9170,0.6020,97.05,1.74,2025-07-21 21:29:11,329.0
0.5470,16.9740,0.6440,97.3760,1.8440,2025-07-21 21:29:11,329.0
0.55,16.8950,0.49,96.8820,1.8340,2025-07-21 21:29:11,329.0
0.5260,16.9460,0.5670,96.9740,1.7090,2025-07-21 21:29:11,329.0
0.5370,16.9770,0.5950,96.7530,1.8710,2025-07-21 21:29:11,329.0
0.5650,16.9960,0.4060,96.8430,1.8540,2025-07-21 21:29:11,329.0
0.5270,16.9580,0.5290,97.0930,1.7290,2025-07-21 21:29:11,329.0
0.5320,16.9490,0.41,96.9160,1.7320,2025-07-21 21:29:11,329.0
0.5580,16.9870,0.5950,97.0050,1.8410,2025-07-21 21:29:11,329.0
0.5560,16.9610,0.5640,96.9940,1.8050,2025-07-21 21:29:11,329.0
0.56,16.98,0.5850,97.0160,1.7680,2025-07-21 21:29:11,329.0
0.5220,16.9360,0.7110,97.0390,1.7890,2025-07-21 21:29:11,329.0
0.5310,16.9990,0.56,96.8060,1.8220,2025-07-21 21:29:11,329.0
0.5530,17.0430,0.5850,96.8990,1.9130,2025-07-22 10:47:52,330.0
0.5350,17.0430,0.6050,96.6780,1.6630,2025-07-22 10:47:52,330.0
0.5420,17.0460,0.3570,97.0050,1.8250,2025-07-22 10:47:52,330.0
0.5280,16.9360,0.6060,97.1260,1.7610,2025-07-22 10:47:52,330.0
0.5430,17.0560,0.5630,97.2060,1.7570,2025-07-22 10:47:52,330.0
0.5110,17.0150,0.63,96.9940,1.6390,2025-07-22 10:47:52,330.0
0.5350,17.0710,0.5560,96.9550,1.6960,2025-07-22 10:47:52,330.0
0.5220,17.0090,0.6510,96.7890,1.8030,2025-07-22 10:47:52,330.0
0.5150,16.9020,0.62,97.0220,1.67,2025-07-22 10:47:52,330.0
0.5210,16.9080,0.5390,97.1270,1.6560,2025-07-22 10:47:52,330.0
0.5150,16.9110,0.5110,96.8540,1.5180,2025-07-22 10:47:52,330.0
0.5480,17.0620,0.3780,96.9580,1.86,2025-07-22 10:47:52,330.0
0.5530,16.9610,0.6930,96.8650,1.8620,2025-07-22 10:47:52,330.0
0.5190,16.9550,0.6550,96.9370,1.5750,2025-07-22 10:47:52,330.0
0.5420,16.9960,0.4520,96.88,1.8590,2025-07-22 10:47:52,330.0
0.5340,17.0050,0.6680,96.9530,1.7580,2025-07-22 10:47:52,330.0
0.5350,17.0050,0.5810,96.7530,1.7850,2025-07-22 10:47:52,330.0
0.5440,17.0560,0.4340,96.6890,1.7590,2025-07-22 10:47:52,330.0
0.5460,17.0120,0.4230,96.7080,1.9570,2025-07-22 10:47:52,330.0
0.5370,16.9680,0.7070,96.8630,1.8420,2025-07-22 10:47:52,330.0
0.5330,16.9460,0.5710,96.9480,1.7750,2025-07-22 13:02:57,331.0
0.5340,16.9930,0.5670,97.1220,1.6550,2025-07-22 13:02:57,331.0
0.5370,16.9080,0.6270,97.0210,1.82,2025-07-22 13:02:57,331.0
0.5510,17.0490,0.70,97.0970,1.9350,2025-07-22 13:02:57,331.0
0.5390,16.9520,0.5670,97.0790,1.7850,2025-07-22 13:02:57,331.0
0.5460,17.0120,0.5840,97.01,1.9670,2025-07-22 13:02:57,331.0
0.5240,16.9710,0.4790,96.9420,1.7250,2025-07-22 13:02:57,331.0
0.5450,16.9170,0.6020,96.8170,1.8290,2025-07-22 13:02:57,331.0
0.5430,16.9330,0.5990,97.1030,1.7060,2025-07-22 13:02:57,331.0
0.5170,16.9710,0.5560,96.9920,1.7180,2025-07-22 13:02:57,331.0
0.5340,16.9580,0.55,97.0670,1.7230,2025-07-22 13:02:57,331.0
0.54,17.0310,0.5810,96.81,1.7910,2025-07-22 13:02:57,331.0
0.5620,17.0590,0.5910,96.8750,1.8340,2025-07-22 13:02:57,331.0
0.5470,17.1720,0.6060,96.9190,1.7640,2025-07-22 13:02:57,331.0
0.53,17.0210,0.8090,97.0160,1.6790,2025-07-22 13:02:57,331.0
0.5280,16.9610,0.5180,96.9970,1.7880,2025-07-22 13:02:57,331.0
0.5320,16.9960,0.5040,96.9850,1.6730,2025-07-22 13:02:57,331.0
0.5290,17.0150,0.7040,96.8270,1.6590,2025-07-22 13:02:57,331.0
0.5430,17.0150,0.63,96.9440,1.8290,2025-07-22 13:02:57,331.0
0.5360,16.93,0.6090,96.8940,1.7520,2025-07-22 13:02:57,331.0
0.5320,17.0530,0.6270,96.9610,1.7650,2025-07-22 19:28:05,332.0
0.52,16.9740,0.6270,96.9680,1.7790,2025-07-22 19:28:05,332.0
0.5580,17.0710,0.4580,97.1020,1.8170,2025-07-22 19:28:05,332.0
0.5480,17.0650,0.56,96.8020,1.8090,2025-07-22 19:28:05,332.0
0.5360,16.9610,0.5740,97.3070,1.7510,2025-07-22 19:28:05,332.0
0.5270,16.9990,0.6790,97.0960,1.7780,2025-07-22 19:28:05,332.0
0.5520,16.9930,0.6020,97.1560,1.8460,2025-07-22 19:28:05,332.0
0.5520,17.0120,0.4940,96.9760,1.9320,2025-07-22 19:28:05,332.0
0.5580,17.0180,0.6020,96.8470,1.8290,2025-07-22 19:28:05,332.0
0.5340,16.9870,0.5430,97.10,1.7640,2025-07-22 19:28:05,332.0
0.5450,16.9710,0.6930,97.2230,1.7570,2025-07-22 19:28:05,332.0
0.53,16.9170,0.7660,97.5520,1.7890,2025-07-22 19:28:05,332.0
0.5460,17.0050,0.5420,96.9040,1.8090,2025-07-22 19:28:05,332.0
0.5280,16.9680,0.6510,97.1610,1.7080,2025-07-22 19:28:05,332.0
0.5420,16.9580,0.7630,96.7950,1.8170,2025-07-22 19:28:05,332.0
0.5510,17.0090,0.6130,97.1040,1.8120,2025-07-22 19:28:05,332.0
0.5370,16.9740,0.4870,96.6960,1.7440,2025-07-22 19:28:05,332.0
0.5350,16.9650,0.5630,97.0910,1.7910,2025-07-22 19:28:05,332.0
0.5480,16.9390,0.5460,97.1830,1.8170,2025-07-22 19:28:05,332.0
0.5360,17.0560,0.5710,96.9470,1.8310,2025-07-22 19:28:05,332.0
0.54,16.9240,0.5420,97.0050,1.7350,2025-07-22 21:28:08,333.0
0.5470,16.9460,0.5460,96.9040,1.8960,2025-07-22 21:28:08,333.0
0.5380,16.9110,0.6680,97.0860,1.68,2025-07-22 21:28:08,333.0
0.5450,16.9930,0.3990,97.2770,1.8150,2025-07-22 21:28:08,333.0
0.5340,17.04,0.7180,96.9680,1.7480,2025-07-22 21:28:08,333.0
0.5380,16.9740,0.5280,97.38,1.8410,2025-07-22 21:28:08,333.0
0.52,16.9710,0.4870,97.1650,1.75,2025-07-22 21:28:08,333.0
0.5270,16.93,0.4620,97.1540,1.8510,2025-07-22 21:28:08,333.0
0.5390,16.98,0.6720,96.8040,1.8050,2025-07-22 21:28:08,333.0
0.5430,16.9770,0.56,97.0830,1.8570,2025-07-22 21:28:08,333.0
0.5350,16.9140,0.5150,97.2140,1.8340,2025-07-22 21:28:08,333.0
0.5560,17.0370,0.5810,96.8740,1.9260,2025-07-22 21:28:08,333.0
0.5360,16.9390,0.6580,96.97,1.8430,2025-07-22 21:28:08,333.0
0.5460,16.9680,0.6440,97.0440,1.9230,2025-07-22 21:28:08,333.0
0.5420,16.9990,0.5990,96.7340,1.7250,2025-07-22 21:28:08,333.0
0.5260,17.0150,0.5320,96.9690,1.6940,2025-07-22 21:28:08,333.0
0.5820,17.0840,0.5290,96.7640,1.8850,2025-07-22 21:28:08,333.0
0.5430,16.9580,0.6790,97.0780,1.8810,2025-07-22 21:28:08,333.0
0.5280,16.9550,0.4870,97.01,1.8370,2025-07-22 21:28:08,333.0
0.5380,16.9210,0.5010,96.9560,1.8140,2025-07-22 21:28:08,333.0
0.5340,16.9870,0.48,97.0080,1.68,2025-07-23 10:43:41,334.0
0.5640,17.0090,0.6370,96.81,1.8370,2025-07-23 10:43:41,334.0
0.5390,16.9330,0.50,97.1370,1.7610,2025-07-23 10:43:41,334.0
0.5360,17.0930,0.5210,96.95,1.7840,2025-07-23 10:43:41,334.0
0.5280,17.0430,0.5040,96.9910,1.6590,2025-07-23 10:43:41,334.0
0.5590,17.04,0.5010,96.8350,1.83,2025-07-23 10:43:41,334.0
0.5370,16.9930,0.6510,96.9510,1.8630,2025-07-23 10:43:41,334.0
0.5230,17.0530,0.6930,97.1590,1.7230,2025-07-23 10:43:41,334.0
0.5340,16.9430,0.5640,97.0370,1.8490,2025-07-23 10:43:41,334.0
0.53,16.9360,0.56,97.1330,1.73,2025-07-23 10:43:41,334.0
0.5360,17.0780,0.5180,97.1080,1.6610,2025-07-23 10:43:41,334.0
0.5250,17.0460,0.4790,96.8230,1.6680,2025-07-23 10:43:41,334.0
0.53,17.0180,0.4030,97.1350,1.8670,2025-07-23 10:43:41,334.0
0.5410,16.9490,0.4270,96.9420,1.6820,2025-07-23 10:43:41,334.0
0.5380,16.9680,0.6060,97.0120,1.8050,2025-07-23 10:43:41,334.0
0.5490,16.9770,0.5570,96.9990,1.7520,2025-07-23 10:43:41,334.0
0.5570,16.9460,0.7460,96.9580,1.7540,2025-07-23 10:43:41,334.0
0.5310,17.0150,0.6060,97.1140,1.6710,2025-07-23 10:43:41,334.0
0.53,16.99,0.4310,96.7850,1.7750,2025-07-23 10:43:41,334.0
0.5560,17.0750,0.7660,96.8050,1.7770,2025-07-23 10:43:41,334.0
0.5260,17.0430,0.4730,96.7690,1.7330,2025-07-23 13:08:44,335.0
0.5350,17.0490,0.6580,96.9360,1.7940,2025-07-23 13:08:44,335.0
0.5210,16.9680,0.5350,97.0170,1.8040,2025-07-23 13:08:44,335.0
0.5250,16.9490,0.5810,96.8350,1.6770,2025-07-23 13:08:44,335.0
0.54,16.9870,0.4380,96.7120,1.9130,2025-07-23 13:08:44,335.0
0.5560,17.0180,0.5740,97.0790,1.9850,2025-07-23 13:08:44,335.0
0.5610,17.0780,0.4310,97.1020,1.8990,2025-07-23 13:08:44,335.0
0.5450,17.0460,0.5740,96.9060,1.8710,2025-07-23 13:08:44,335.0
0.5310,17.0590,0.5990,96.8490,1.8610,2025-07-23 13:08:44,335.0
0.5270,17.04,0.6090,97.1010,1.6460,2025-07-23 13:08:44,335.0
0.5390,17.0370,0.5110,96.9520,1.8760,2025-07-23 13:08:44,335.0
0.5380,17.0840,0.4940,97.3190,1.6480,2025-07-23 13:08:44,335.0
0.5340,16.9650,0.4790,97.17,1.9010,2025-07-23 13:08:44,335.0
0.5560,16.9710,0.50,97.1580,1.8830,2025-07-23 13:08:44,335.0
0.5520,17.0560,0.63,96.9210,1.8620,2025-07-23 13:08:44,335.0
0.5520,17.0780,0.5210,96.7930,1.8710,2025-07-23 13:08:44,335.0
0.5540,17.0310,0.5530,96.8240,1.8760,2025-07-23 13:08:44,335.0
0.5330,16.98,0.5530,97.1420,1.63,2025-07-23 13:08:44,335.0
0.5160,16.99,0.6820,96.8050,1.7140,2025-07-23 13:08:44,335.0
0.5350,17.0680,0.49,96.9030,1.73,2025-07-23 13:08:44,335.0
0.5390,16.9710,0.4720,97.0940,1.8880,2025-07-23 19:13:56,336.0
0.57,17.1250,0.5080,97.0290,2.0420,2025-07-23 19:13:56,336.0
0.5750,17.0970,0.4660,96.8780,1.9620,2025-07-23 19:13:56,336.0
0.5310,16.9210,0.7180,97.0020,1.9330,2025-07-23 19:13:56,336.0
0.5260,17.0120,0.4480,97.17,1.7250,2025-07-23 19:13:56,336.0
0.5460,17.0120,0.4550,97.0350,1.8980,2025-07-23 19:13:56,336.0
0.5430,17.0050,0.5530,97.2630,1.8760,2025-07-23 19:13:56,336.0
0.5530,16.9610,0.5220,97.01,1.94,2025-07-23 19:13:56,336.0
0.5240,16.9870,0.4310,97.0810,1.70,2025-07-23 19:13:56,336.0
0.5570,17.0490,0.5250,97.0270,1.81,2025-07-23 19:13:56,336.0
0.5330,17.0150,0.5430,96.9390,1.8930,2025-07-23 19:13:56,336.0
0.5410,16.9930,0.4410,97.0490,1.8520,2025-07-23 19:13:56,336.0
0.5610,17.1250,0.70,96.9620,1.8370,2025-07-23 19:13:56,336.0
0.5140,17.0020,0.4650,96.9590,1.6720,2025-07-23 19:13:56,336.0
0.5260,16.99,0.4170,97.1740,1.7980,2025-07-23 19:13:56,336.0
0.5340,16.9390,0.4020,96.9930,1.6950,2025-07-23 19:13:56,336.0
0.5290,16.9680,0.5910,97.0630,1.8410,2025-07-23 19:13:56,336.0
0.5410,16.9960,0.5850,97.1380,1.7780,2025-07-23 19:13:56,336.0
0.5140,16.9770,0.55,96.8250,1.7950,2025-07-23 19:13:56,336.0
0.5680,16.9870,0.5250,96.9230,1.9680,2025-07-23 19:13:56,336.0
0.5370,16.9580,0.6930,97.2070,1.78,2025-07-23 21:29:00,337.0
0.5260,17.0270,0.7490,97.1520,1.6390,2025-07-23 21:29:00,337.0
0.5450,17.0970,0.6480,96.90,1.7290,2025-07-23 21:29:00,337.0
0.5390,16.9110,0.4940,96.84,1.7340,2025-07-23 21:29:00,337.0
0.5160,16.9460,0.5430,97.0860,1.8190,2025-07-23 21:29:00,337.0
0.5470,17.0020,0.5250,97.2930,1.7920,2025-07-23 21:29:00,337.0
0.5390,17.0780,0.4860,96.9220,1.8320,2025-07-23 21:29:00,337.0
0.5430,17.0490,0.5530,96.9490,1.8360,2025-07-23 21:29:00,337.0
0.5390,16.9430,0.5980,96.9180,1.8210,2025-07-23 21:29:00,337.0
0.5630,16.9330,0.5390,96.9890,1.8710,2025-07-23 21:29:00,337.0
0.5450,16.9270,0.5460,97.1220,1.7240,2025-07-23 21:29:00,337.0
0.5170,16.9610,0.3740,97.1590,1.6470,2025-07-23 21:29:00,337.0
0.5320,16.9140,0.43,97.1720,1.6880,2025-07-23 21:29:00,337.0
0.5230,16.9360,0.5110,96.90,1.7580,2025-07-23 21:29:00,337.0
0.5420,16.9990,0.4380,97.0090,1.8370,2025-07-23 21:29:00,337.0
0.5570,16.9050,0.4660,96.8090,1.8890,2025-07-23 21:29:00,337.0
0.5150,16.9710,0.5630,96.9440,1.8120,2025-07-23 21:29:00,337.0
0.5480,16.93,0.7040,97.1520,1.8570,2025-07-23 21:29:00,337.0
0.5470,17.0210,0.5630,96.8730,1.9070,2025-07-23 21:29:00,337.0
0.52,16.8990,0.63,96.9720,1.8270,2025-07-23 21:29:00,337.0
0.5310,17.0840,0.6440,97.1530,1.6180,2025-07-24 11:19:54,338.0
0.5480,17.0210,0.6060,97.0590,1.6690,2025-07-24 11:19:54,338.0
0.5480,16.9550,0.5150,96.8320,1.7240,2025-07-24 11:19:54,338.0
0.5160,16.9930,0.5560,97.0050,1.6360,2025-07-24 11:19:54,338.0
0.5180,16.8730,0.6610,96.8690,1.6890,2025-07-24 11:19:54,338.0
0.5350,16.9580,0.5080,97.1310,1.7280,2025-07-24 11:19:54,338.0
0.5460,16.9270,0.6720,96.9730,1.7520,2025-07-24 11:19:54,338.0
0.5370,16.9550,0.5360,97.0130,1.77,2025-07-24 11:19:54,338.0
0.5370,17.1120,0.6340,97.0930,1.7980,2025-07-24 11:19:54,338.0
0.5290,16.9650,0.49,97.0010,1.8390,2025-07-24 11:19:54,338.0
0.5340,16.9610,0.6830,96.7370,1.7890,2025-07-24 11:19:54,338.0
0.5350,16.9520,0.5320,97.0120,1.7920,2025-07-24 11:19:54,338.0
0.5230,16.9490,0.62,97.0510,1.6370,2025-07-24 11:19:54,338.0
0.5320,16.9870,0.5770,96.81,1.7610,2025-07-24 11:19:54,338.0
0.5130,16.9930,0.6580,97.1190,1.6740,2025-07-24 11:19:54,338.0
0.5350,16.9390,0.8010,97.1020,1.7220,2025-07-24 11:19:54,338.0
0.5140,16.9020,0.5780,96.9140,1.7270,2025-07-24 11:19:54,338.0
0.5280,17.0370,0.6540,97.0060,1.7470,2025-07-24 11:19:54,338.0
0.5330,16.8420,0.5980,96.9730,1.68,2025-07-24 11:19:54,338.0
0.5260,17.0430,0.5040,96.8580,1.81,2025-07-24 11:19:54,338.0
0.5060,16.8950,0.4480,97.0760,1.6520,2025-07-24 13:04:58,339.0
0.5440,17.0620,0.5670,96.9970,1.7780,2025-07-24 13:04:58,339.0
0.5570,17.0810,0.3810,96.8160,1.8620,2025-07-24 13:04:58,339.0
0.5240,16.9460,0.6020,96.9290,1.5850,2025-07-24 13:04:58,339.0
0.5030,16.9650,0.4730,97.0960,1.6190,2025-07-24 13:04:58,339.0
0.5520,17.0310,0.4940,96.7620,1.8720,2025-07-24 13:04:58,339.0
0.5280,17.0150,0.5040,97.1550,1.66,2025-07-24 13:04:58,339.0
0.5610,16.9960,0.4380,96.9720,1.8610,2025-07-24 13:04:58,339.0
0.5320,16.9680,0.4650,97.0290,1.5630,2025-07-24 13:04:58,339.0
0.5590,17.0560,0.63,96.9220,1.8790,2025-07-24 13:04:58,339.0
0.5470,17.04,0.4970,96.9630,1.8380,2025-07-24 13:04:58,339.0
0.5360,17.0650,0.4410,97.1570,1.7030,2025-07-24 13:04:58,339.0
0.5530,16.9110,0.4550,97.1180,1.7240,2025-07-24 13:04:58,339.0
0.5450,17.0370,0.5740,96.78,1.8560,2025-07-24 13:04:58,339.0
0.5280,17.0120,0.6160,96.9590,1.6930,2025-07-24 13:04:58,339.0
0.5130,16.9330,0.6270,96.8210,1.6720,2025-07-24 13:04:58,339.0
0.52,16.9490,0.3250,97.0140,1.7240,2025-07-24 13:04:58,339.0
0.55,17.0310,0.4440,97.0330,1.77,2025-07-24 13:04:58,339.0
0.5570,17.0530,0.3880,97.3780,1.7520,2025-07-24 13:04:58,339.0
0.5310,16.9870,0.5430,96.9830,1.6860,2025-07-24 13:04:58,339.0
0.5390,16.99,0.5210,97.1570,1.77,2025-07-24 19:15:08,340.0
0.5480,17.04,0.5630,97.3630,1.8010,2025-07-24 19:15:08,340.0
0.5480,16.9650,0.5640,97.1890,1.9280,2025-07-24 19:15:08,340.0
0.5130,16.9740,0.5780,96.9350,1.6750,2025-07-24 19:15:08,340.0
0.5330,16.9580,0.5220,97.2170,1.7680,2025-07-24 19:15:08,340.0
0.5310,17.0050,0.5220,97.1880,1.8430,2025-07-24 19:15:08,340.0
0.5420,17.0090,0.7180,96.8410,1.7650,2025-07-24 19:15:08,340.0
0.5380,16.9460,0.5460,97.1310,1.86,2025-07-24 19:15:08,340.0
0.5230,16.9170,0.5630,97.2680,1.6660,2025-07-24 19:15:08,340.0
0.5480,17.0180,0.6440,96.9210,1.9160,2025-07-24 19:15:08,340.0
0.5430,16.9650,0.5040,97.1820,1.7610,2025-07-24 19:15:08,340.0
0.5210,16.98,0.5420,97.07,1.7680,2025-07-24 19:15:08,340.0
0.5510,17.0680,0.5490,96.9530,1.88,2025-07-24 19:15:08,340.0
0.5190,17.0340,0.5710,96.9390,1.8330,2025-07-24 19:15:08,340.0
0.5580,17.10,0.5880,96.8530,1.8440,2025-07-24 19:15:08,340.0
0.5370,16.9430,0.5630,96.8930,1.8090,2025-07-24 19:15:08,340.0
0.5540,16.9680,0.4130,96.87,1.8890,2025-07-24 19:15:08,340.0
0.5090,16.8950,0.50,96.8330,1.7420,2025-07-24 19:15:08,340.0
0.5270,17.0340,0.50,97.1820,1.5730,2025-07-24 19:15:08,340.0
0.5310,16.88,0.5880,97.0770,1.7520,2025-07-24 19:15:08,340.0
0.52,16.9110,0.6860,97.1320,1.6640,2025-07-24 21:20:11,341.0
0.5040,16.8770,0.5350,97.2270,1.6730,2025-07-24 21:20:11,341.0
0.5370,16.9170,0.5530,96.84,1.7980,2025-07-24 21:20:11,341.0
0.5150,16.9210,0.4690,97.0970,1.8070,2025-07-24 21:20:11,341.0
0.53,16.9650,0.4760,97.0620,1.5350,2025-07-24 21:20:11,341.0
0.5430,16.9170,0.6720,96.90,1.8410,2025-07-24 21:20:11,341.0
0.5380,17.1060,0.5770,96.9120,1.7520,2025-07-24 21:20:11,341.0
0.5480,16.98,0.7810,96.8660,1.7580,2025-07-24 21:20:11,341.0
0.5370,16.8950,0.7170,96.7610,1.7260,2025-07-24 21:20:11,341.0
0.5340,16.9990,0.6790,97.0850,1.6410,2025-07-24 21:20:11,341.0
0.5370,16.9520,0.5710,96.7580,1.7280,2025-07-24 21:20:11,341.0
0.5440,16.8830,0.4940,97.0420,1.8870,2025-07-24 21:20:11,341.0
0.5280,16.99,0.5810,96.7040,1.7730,2025-07-24 21:20:11,341.0
0.5430,16.9550,0.5990,97.0620,1.8240,2025-07-24 21:20:11,341.0
0.5730,17.0370,0.7070,96.8170,1.9410,2025-07-24 21:20:11,341.0
0.5620,16.9490,0.5670,97.0330,1.8950,2025-07-24 21:20:11,341.0
0.5530,17.0340,0.5290,96.9670,1.9930,2025-07-24 21:20:11,341.0
0.53,16.9430,0.5980,96.8220,1.7840,2025-07-24 21:20:11,341.0
0.5380,16.93,0.64,97.0120,1.8660,2025-07-24 21:20:11,341.0
0.5230,16.9990,0.6230,96.9930,1.6050,2025-07-24 21:20:11,341.0
0.5410,16.9110,0.5630,97.0620,1.8160,2025-07-25 10:41:05,342.0
0.5470,16.9170,0.6020,96.8370,1.8530,2025-07-25 10:41:05,342.0
0.54,16.8830,0.4580,96.9520,1.9080,2025-07-25 10:41:05,342.0
0.5290,16.9770,0.5530,97.04,1.73,2025-07-25 10:41:05,342.0
0.5180,16.9610,0.63,97.0960,1.6790,2025-07-25 10:41:05,342.0
0.5280,16.9580,0.6510,96.8720,1.7910,2025-07-25 10:41:05,342.0
0.5240,16.9390,0.6540,97.1750,1.7450,2025-07-25 10:41:05,342.0
0.5320,16.8510,0.42,97.0630,1.9020,2025-07-25 10:41:05,342.0
0.5210,16.9240,0.63,96.9510,1.72,2025-07-25 10:41:05,342.0
0.5510,17.0370,0.5950,96.9580,1.8590,2025-07-25 10:41:05,342.0
0.5230,16.9210,0.56,97.1030,1.7070,2025-07-25 10:41:05,342.0
0.5280,16.9990,0.5530,96.83,1.7790,2025-07-25 10:41:05,342.0
0.5320,16.8480,0.4520,96.9560,1.7470,2025-07-25 10:41:05,342.0
0.5440,16.9550,0.5460,97.0170,1.8550,2025-07-25 10:41:05,342.0
0.5210,16.9390,0.5910,97.01,1.6220,2025-07-25 10:41:05,342.0
0.5550,16.9580,0.4340,97.0330,1.9440,2025-07-25 10:41:05,342.0
0.5540,16.9270,0.49,97.1920,1.9540,2025-07-25 10:41:05,342.0
0.5150,16.8670,0.4760,96.96,1.6480,2025-07-25 10:41:05,342.0
0.5580,17.0240,0.4340,96.9490,1.8040,2025-07-25 10:41:05,342.0
0.5220,16.9490,0.6510,96.8240,1.7010,2025-07-25 10:41:05,342.0
0.51,16.9490,0.7040,97.1070,1.6520,2025-07-25 13:16:10,343.0
0.5280,17.0120,0.5530,96.8260,1.7790,2025-07-25 13:16:10,343.0
0.52,17.0870,0.4870,97.0010,1.6470,2025-07-25 13:16:10,343.0
0.5320,17.0590,0.70,97.1660,1.6840,2025-07-25 13:16:10,343.0
0.5470,17.1560,0.7310,96.84,1.6920,2025-07-25 13:16:10,343.0
0.5260,17.0180,0.6650,96.8340,1.7250,2025-07-25 13:16:10,343.0
0.4940,16.9870,0.5110,97.0590,1.54,2025-07-25 13:16:10,343.0
0.5250,17.2030,0.7110,96.9650,1.6830,2025-07-25 13:16:10,343.0
0.5140,17.0840,0.6550,96.9630,1.6960,2025-07-25 13:16:10,343.0
0.5420,16.9580,0.6370,96.6810,1.97,2025-07-25 13:16:10,343.0
0.5270,17.0180,0.4310,97.0150,1.7490,2025-07-25 13:16:10,343.0
0.5360,17.0750,1.1130,97.1230,1.8040,2025-07-25 13:16:10,343.0
0.5090,17.0150,0.5630,96.8120,1.6180,2025-07-25 13:16:10,343.0
0.5170,16.8950,0.4830,97.1170,1.6430,2025-07-25 13:16:10,343.0
0.5270,17.09,0.6650,96.98,1.7570,2025-07-25 13:16:10,343.0
0.5160,16.9650,0.4730,97.0710,1.5450,2025-07-25 13:16:10,343.0
0.50,17.0530,0.6020,97.0430,1.5470,2025-07-25 13:16:10,343.0
0.52,16.9960,0.4970,96.8480,1.7250,2025-07-25 13:16:10,343.0
0.55,16.9580,0.6370,97.0820,1.8290,2025-07-25 13:16:10,343.0
0.54,17.0050,0.5880,96.9960,1.7590,2025-07-25 13:16:10,343.0
0.5240,16.8920,0.7140,96.9870,1.6950,2025-08-14 13:38:04,344.0
0.53,16.9710,0.4270,97.0750,1.6850,2025-08-14 13:38:04,344.0
0.5490,17.0620,0.5290,96.7890,1.8780,2025-08-14 13:38:04,344.0
0.5620,16.9430,0.5670,97.16,1.8390,2025-08-14 13:38:04,344.0
0.5520,16.9020,0.6270,97.1940,1.80,2025-08-14 13:38:04,344.0
0.5440,16.9140,0.5630,97.0490,1.7380,2025-08-14 13:38:04,344.0
0.5420,16.9710,0.4340,97.1510,1.8180,2025-08-14 13:38:04,344.0
0.5180,16.9580,0.4940,96.8540,1.7110,2025-08-14 13:38:04,344.0
0.5350,16.9680,0.7180,97.1110,1.7340,2025-08-14 13:38:04,344.0
0.5750,17.0240,0.4130,96.8440,2.01,2025-08-14 13:38:04,344.0
0.54,16.9990,0.56,97.1610,1.6580,2025-08-14 13:38:04,344.0
0.5480,16.8640,0.4480,97.0650,1.8870,2025-08-14 13:38:04,344.0
0.5440,16.88,0.5080,96.9710,1.7950,2025-08-14 13:38:04,344.0
0.5370,16.9490,0.5430,96.7610,1.7950,2025-08-14 13:38:04,344.0
0.5280,16.9550,0.6270,97.1270,1.6780,2025-08-14 13:38:04,344.0
0.5150,16.9680,0.4380,96.9710,1.8080,2025-08-14 13:38:04,344.0
0.5330,16.9360,0.5880,97,1.7750,2025-08-14 13:38:04,344.0
0.5420,16.8580,0.49,97.1410,1.73,2025-08-14 13:38:04,344.0
0.5440,16.9870,0.6120,97.0990,1.8540,2025-08-14 13:38:04,344.0
0.5230,16.8890,0.6830,97.12,1.6950,2025-08-14 13:38:04,344.0
0.5020,17.0050,0.6120,97.1670,1.5750,2025-08-14 21:36:34,345.0
0.5340,17.0560,0.4510,96.8680,1.6560,2025-08-14 21:36:34,345.0
0.5230,16.9990,0.6440,96.9010,1.6330,2025-08-14 21:36:34,345.0
0.5290,17.0090,0.5640,97.4880,1.7210,2025-08-14 21:36:34,345.0
0.5380,16.9770,0.6120,96.8560,1.7510,2025-08-14 21:36:34,345.0
0.5180,16.8580,0.5390,96.9080,1.6410,2025-08-14 21:36:34,345.0
0.5230,16.8830,0.6680,97.2990,1.5970,2025-08-14 21:36:34,345.0
0.5590,17.0750,0.6230,96.8520,1.8670,2025-08-14 21:36:34,345.0
0.5240,16.9490,0.5630,96.9930,1.6830,2025-08-14 21:36:34,345.0
0.5390,16.9360,0.7140,97.02,1.73,2025-08-14 21:36:34,345.0
0.5350,16.9240,0.4730,97.0060,1.64,2025-08-14 21:36:34,345.0
0.5150,16.98,0.5560,96.9820,1.6340,2025-08-14 21:36:34,345.0
0.5070,16.9990,0.5980,96.8530,1.6140,2025-08-14 21:36:34,345.0
0.5530,17.0680,0.4940,97.07,1.8850,2025-08-14 21:36:34,345.0
0.51,17.0050,0.4620,96.84,1.5840,2025-08-14 21:36:34,345.0
0.5290,16.9610,0.4830,97.0530,1.6930,2025-08-14 21:36:34,345.0
0.55,17.0530,0.5290,97.0140,1.8350,2025-08-14 21:36:34,345.0
0.5280,17.0270,0.6090,96.8910,1.7850,2025-08-14 21:36:34,345.0
0.5380,17.0870,0.4580,96.9740,1.8550,2025-08-14 21:36:34,345.0
0.5250,16.9460,0.6680,96.8270,1.8230,2025-08-14 21:36:34,345.0
0.5350,16.93,0.4580,97.1560,1.7120,2025-08-15 11:12:14,346.0
0.5450,17.0270,0.4340,97.1620,1.6250,2025-08-15 11:12:14,346.0
0.5280,16.9460,0.5110,97.0080,1.7040,2025-08-15 11:12:14,346.0
0.5340,16.8510,0.5570,97.0390,1.6840,2025-08-15 11:12:14,346.0
0.5240,16.9390,0.3960,97.2920,1.6420,2025-08-15 11:12:14,346.0
0.5320,16.99,0.5320,96.9440,1.7670,2025-08-15 11:12:14,346.0
0.5230,16.9020,0.49,97.1110,1.7280,2025-08-15 11:12:14,346.0
0.54,16.8920,0.5150,96.98,1.7340,2025-08-15 11:12:14,346.0
0.5370,16.9870,0.4090,97.1470,1.7550,2025-08-15 11:12:14,346.0
0.5080,17.0370,0.6410,96.8420,1.6340,2025-08-15 11:12:14,346.0
0.5280,17.0020,0.56,96.9760,1.6940,2025-08-15 11:12:14,346.0
0.5290,17.0780,0.5920,96.9940,1.7730,2025-08-15 11:12:14,346.0
0.5190,16.9710,0.4860,96.7690,1.6410,2025-08-15 11:12:14,346.0
0.5360,17.0090,0.6160,97.0880,1.7580,2025-08-15 11:12:14,346.0
0.5340,16.9610,0.5740,96.84,1.8120,2025-08-15 11:12:14,346.0
0.5410,16.9930,0.6580,96.8730,1.7090,2025-08-15 11:12:14,346.0
0.5380,16.9270,0.5670,96.8060,1.7820,2025-08-15 11:12:14,346.0
0.54,16.93,0.4730,97.1150,1.6880,2025-08-15 11:12:14,346.0
0.5260,16.9140,0.5290,96.8290,1.6880,2025-08-15 11:12:14,346.0
0.5210,16.93,0.5320,96.8840,1.6330,2025-08-15 11:12:14,346.0
0.5320,16.9740,0.6650,96.9610,1.6560,2025-08-15 13:07:17,347.0
0.5380,17.0020,0.4970,97.0260,1.7160,2025-08-15 13:07:17,347.0
0.5390,17.0090,0.56,97.2760,1.7930,2025-08-15 13:07:17,347.0
0.5420,16.9650,0.4650,97.0750,1.7620,2025-08-15 13:07:17,347.0
0.5490,16.8830,0.5640,97.0430,1.8220,2025-08-15 13:07:17,347.0
0.5370,16.98,0.4270,97.2660,1.8190,2025-08-15 13:07:17,347.0
0.5380,17.0090,0.5640,96.9660,1.8630,2025-08-15 13:07:17,347.0
0.5190,16.9140,0.5210,97.1480,1.6140,2025-08-15 13:07:17,347.0
0.5530,17.0310,0.5320,97.1510,1.7460,2025-08-15 13:07:17,347.0
0.5540,16.9460,0.42,97,1.9080,2025-08-15 13:07:17,347.0
0.5720,16.9460,0.6620,96.8520,1.9850,2025-08-15 13:07:17,347.0
0.5270,16.9050,0.9280,96.6940,1.7290,2025-08-15 13:07:17,347.0
0.5520,16.9430,0.6720,97.1670,1.74,2025-08-15 13:07:17,347.0
0.5390,16.9710,0.4170,97.0110,1.7360,2025-08-15 13:07:17,347.0
0.5160,17.0020,0.3430,97.3880,1.6850,2025-08-15 13:07:17,347.0
0.5360,17.0090,0.5810,96.9620,1.7860,2025-08-15 13:07:17,347.0
0.5390,16.9770,0.4650,96.9850,1.7460,2025-08-15 13:07:17,347.0
0.5040,16.8950,0.6970,97.2260,1.6570,2025-08-15 13:07:17,347.0
0.5230,16.9610,0.4450,96.7550,1.8280,2025-08-15 13:07:17,347.0
0.5360,16.9740,0.48,97.0160,1.7850,2025-08-15 13:07:17,347.0
0.5420,17.0270,0.4860,97.1550,1.6870,2025-08-15 19:37:28,348.0
0.5390,16.9580,0.5880,97.07,1.7120,2025-08-15 19:37:28,348.0
0.5340,17.0180,0.4690,97.29,1.7770,2025-08-15 19:37:28,348.0
0.5420,17.0120,0.5150,96.8860,1.7110,2025-08-15 19:37:28,348.0
0.5380,16.9210,0.6340,96.8920,1.8110,2025-08-15 19:37:28,348.0
0.5370,17.0560,0.4860,96.8420,1.6220,2025-08-15 19:37:28,348.0
0.54,17.0430,0.4170,97.0810,1.8040,2025-08-15 19:37:28,348.0
0.5280,17.0310,0.5250,97.0850,1.7440,2025-08-15 19:37:28,348.0
0.54,16.9580,0.6230,96.8110,1.7750,2025-08-15 19:37:28,348.0
0.5230,16.9330,0.4940,97.1080,1.7660,2025-08-15 19:37:28,348.0
0.5440,17.0020,0.5910,96.9250,1.6240,2025-08-15 19:37:28,348.0
0.5360,16.9990,0.5250,97.0350,1.7090,2025-08-15 19:37:28,348.0
0.53,16.8480,0.3610,97.0960,1.6560,2025-08-15 19:37:28,348.0
0.5030,16.9390,0.4790,96.9950,1.62,2025-08-15 19:37:28,348.0
0.5150,16.99,0.4520,96.8870,1.67,2025-08-15 19:37:28,348.0
0.5460,17.0430,0.3640,97.02,1.7660,2025-08-15 19:37:28,348.0
0.5420,16.9610,0.4510,96.7590,1.7240,2025-08-15 19:37:28,348.0
0.52,16.9360,0.5390,96.9390,1.7750,2025-08-15 19:37:28,348.0
0.5330,16.9770,0.62,96.8390,1.7660,2025-08-15 19:37:28,348.0
0.5170,16.9240,0.4340,97.0220,1.6750,2025-08-15 19:37:28,348.0
0.5380,17.0430,0.4170,97.0840,1.7780,2025-08-15 21:27:32,349.0
0.54,16.9490,0.4970,96.9950,1.80,2025-08-15 21:27:32,349.0
0.5440,17.0370,0.3610,97.0990,1.6870,2025-08-15 21:27:32,349.0
0.5530,17.0460,0.5080,96.9170,1.8130,2025-08-15 21:27:32,349.0
0.5610,16.9740,0.3460,96.9910,1.8780,2025-08-15 21:27:32,349.0
0.5270,16.9650,0.4970,97.2570,1.7070,2025-08-15 21:27:32,349.0
0.5150,16.9490,0.4230,96.9740,1.7070,2025-08-15 21:27:32,349.0
0.5170,16.9710,0.4830,97.0110,1.7090,2025-08-15 21:27:32,349.0
0.5550,16.9330,0.4590,97.1210,1.8030,2025-08-15 21:27:32,349.0
0.54,17.0340,0.6090,96.8910,1.7820,2025-08-15 21:27:32,349.0
0.51,16.82,0.4550,97.1150,1.7840,2025-08-15 21:27:32,349.0
0.5310,17.04,0.5560,97.0050,1.7280,2025-08-15 21:27:32,349.0
0.5250,17.0090,0.5710,97.0280,1.7530,2025-08-15 21:27:32,349.0
0.5460,16.9170,0.4620,97.2690,1.9260,2025-08-15 21:27:32,349.0
0.54,16.9870,0.6830,96.9080,1.7840,2025-08-15 21:27:32,349.0
0.5620,17.0090,0.5990,97.0010,1.7640,2025-08-15 21:27:32,349.0
0.5430,16.9740,0.5070,96.9990,1.9070,2025-08-15 21:27:32,349.0
0.5270,16.9210,0.4730,97.0570,1.84,2025-08-15 21:27:32,349.0
0.5320,16.9080,0.5710,96.99,1.8450,2025-08-15 21:27:32,349.0
0.5570,16.9240,0.5710,96.91,1.9070,2025-08-15 21:27:32,349.0
0.5430,16.9240,0.6510,96.8760,1.8730,2025-08-18 12:45:04,350.0
0.5410,16.9270,0.7280,97.02,1.8490,2025-08-18 12:45:04,350.0
0.5280,16.9650,0.5180,96.8460,1.8010,2025-08-18 12:45:04,350.0
0.5260,16.9110,0.4030,97.17,1.7030,2025-08-18 12:45:04,350.0
0.55,16.99,0.5040,96.9680,1.8380,2025-08-18 12:45:04,350.0
0.5450,16.9020,0.3920,97.1260,1.8390,2025-08-18 12:45:04,350.0
0.5130,16.9270,0.4650,96.9160,1.7350,2025-08-18 12:45:04,350.0
0.5390,16.9490,0.5840,97.0670,1.7170,2025-08-18 12:45:04,350.0
0.5460,16.98,0.5040,96.9220,1.8790,2025-08-18 12:45:04,350.0
0.53,16.9390,0.4090,97.0880,1.77,2025-08-18 12:45:04,350.0
0.5410,17.0680,0.4660,97.0460,1.7650,2025-08-18 12:45:04,350.0
0.5420,16.9430,0.5040,97.0530,1.8370,2025-08-18 12:45:04,350.0
0.5320,16.9170,0.3640,96.9290,1.6460,2025-08-18 12:45:04,350.0
0.5210,16.8390,0.6190,96.9310,1.6590,2025-08-18 12:45:04,350.0
0.54,17.0050,0.4940,96.7830,1.7080,2025-08-18 12:45:04,350.0
0.5260,16.9140,0.4060,96.8880,1.7290,2025-08-18 12:45:04,350.0
0.5420,16.8830,0.5250,97.0260,1.8850,2025-08-18 12:45:04,350.0
0.5220,16.9960,0.3950,96.9970,1.6970,2025-08-18 12:45:04,350.0
0.5310,16.9710,0.5390,96.7230,1.6990,2025-08-18 12:45:04,350.0
0.5180,16.9050,0.5180,97.0040,1.7850,2025-08-18 12:45:04,350.0
0.54,17.0340,0.5110,97.0760,1.7070,2025-08-18 13:10:07,351.0
0.5180,16.9580,0.5740,97.1810,1.7370,2025-08-18 13:10:07,351.0
0.5410,16.9330,0.4020,97,1.7780,2025-08-18 13:10:07,351.0
0.5410,17.0270,0.5950,97.0410,1.6190,2025-08-18 13:10:07,351.0
0.5330,16.9140,0.55,97.0570,1.7540,2025-08-18 13:10:07,351.0
0.5360,17.0490,0.5390,96.9940,1.7510,2025-08-18 13:10:07,351.0
0.5310,17.0120,0.4690,96.96,1.7420,2025-08-18 13:10:07,351.0
0.5340,17.0270,0.62,96.7960,1.7640,2025-08-18 13:10:07,351.0
0.5390,17.0050,0.4830,96.7890,1.7790,2025-08-18 13:10:07,351.0
0.53,17.0370,0.4020,96.7690,1.8010,2025-08-18 13:10:07,351.0
0.5230,17.0180,0.5250,96.8460,1.6670,2025-08-18 13:10:07,351.0
0.5240,16.9710,0.5350,97.0280,1.6330,2025-08-18 13:10:07,351.0
0.5280,17.0590,0.4340,97.1390,1.6630,2025-08-18 13:10:07,351.0
0.5230,17.0150,0.5180,96.9650,1.7110,2025-08-18 13:10:07,351.0
0.5420,17.0530,0.63,97.2780,1.6850,2025-08-18 13:10:07,351.0
0.5420,16.9830,0.6480,96.7390,1.7450,2025-08-18 13:10:07,351.0
0.5190,16.98,0.5420,97.2580,1.7190,2025-08-18 13:10:07,351.0
0.5260,17.0650,0.5180,96.7450,1.7460,2025-08-18 13:10:07,351.0
0.54,17.0490,0.4790,97.1020,1.7230,2025-08-18 13:10:07,351.0
0.5520,17.0530,0.4970,96.8550,1.8650,2025-08-18 13:10:07,351.0
0.5350,17.0180,0.5460,96.8340,1.7580,2025-08-18 18:40:15,352.0
0.5390,16.9240,0.3680,97.0690,1.7240,2025-08-18 18:40:15,352.0
0.5340,16.9360,0.4690,96.9690,1.7250,2025-08-18 18:40:15,352.0
0.5390,16.9140,0.4650,97.0850,1.7420,2025-08-18 18:40:15,352.0
0.54,16.9770,0.4410,97.2030,1.65,2025-08-18 18:40:15,352.0
0.5340,16.9080,0.5780,96.8260,1.7430,2025-08-18 18:40:15,352.0
0.5110,17.0210,0.6370,96.7680,1.6560,2025-08-18 18:40:15,352.0
0.5410,16.9210,0.6680,96.7390,1.7650,2025-08-18 18:40:15,352.0
0.5430,16.9650,0.5040,96.8380,1.8650,2025-08-18 18:40:15,352.0
0.5570,17.0180,0.5220,96.8770,1.7160,2025-08-18 18:40:15,352.0
0.53,16.88,0.4690,96.75,1.7890,2025-08-18 18:40:15,352.0
0.5260,16.8770,0.4940,96.8360,1.78,2025-08-18 18:40:15,352.0
0.5480,17.0460,0.4830,96.8790,1.8040,2025-08-18 18:40:15,352.0
0.5630,16.9460,0.4340,97.0930,1.8390,2025-08-18 18:40:15,352.0
0.5360,16.8770,0.5040,97.0870,1.7430,2025-08-18 18:40:15,352.0
0.5220,16.9360,0.55,97.1170,1.6410,2025-08-18 18:40:15,352.0
0.5330,16.8730,0.4730,97.0280,1.7130,2025-08-18 18:40:15,352.0
0.5430,17.0150,0.5040,97.0450,1.7630,2025-08-18 18:40:15,352.0
0.5390,16.9580,0.5070,97.0770,1.7920,2025-08-18 18:40:15,352.0
0.5330,16.9020,0.4730,96.8720,1.8150,2025-08-18 18:40:15,352.0
0.5460,16.99,0.4620,97.2590,1.8310,2025-08-18 21:30:23,353.0
0.5520,17.04,0.3080,97.0970,1.9040,2025-08-18 21:30:23,353.0
0.5210,16.9680,0.4580,96.85,1.6870,2025-08-18 21:30:23,353.0
0.5540,16.9870,0.5530,96.7130,1.8240,2025-08-18 21:30:23,353.0
0.5390,16.9080,0.5210,96.7930,1.7690,2025-08-18 21:30:23,353.0
0.5310,16.9550,0.34,97.1350,1.7870,2025-08-18 21:30:23,353.0
0.5330,17.0120,0.4940,97.0650,1.77,2025-08-18 21:30:23,353.0
0.54,16.9520,0.4730,96.9030,1.7710,2025-08-18 21:30:23,353.0
0.5420,17.0490,0.3960,96.8950,1.8080,2025-08-18 21:30:23,353.0
0.5210,17.0090,0.49,96.7320,1.7140,2025-08-18 21:30:23,353.0
0.5370,17.0560,0.3220,97.0120,1.6430,2025-08-18 21:30:23,353.0
0.5520,17.0370,0.4830,96.8650,1.8910,2025-08-18 21:30:23,353.0
0.5370,16.9830,0.5290,96.8920,2.0150,2025-08-18 21:30:23,353.0
0.5180,16.9960,0.6230,96.8160,1.8160,2025-08-18 21:30:23,353.0
0.54,16.9550,0.5430,96.8710,1.7520,2025-08-18 21:30:23,353.0
0.5310,17.0240,0.5810,97.2470,1.67,2025-08-18 21:30:23,353.0
0.5380,17.0150,0.4270,96.7880,1.79,2025-08-18 21:30:23,353.0
0.56,17.0150,0.3990,96.7750,1.9350,2025-08-18 21:30:23,353.0
0.5350,17.0780,0.4020,97.13,1.8410,2025-08-18 21:30:23,353.0
0.5160,16.8990,0.3120,97.0070,1.7640,2025-08-18 21:30:23,353.0
0.5610,16.9960,0.6120,96.8740,1.8520,2025-08-19 11:04:37,354.0
0.5390,17.0180,0.56,96.9470,1.78,2025-08-19 11:04:37,354.0
0.5480,17.0020,0.4480,97.0650,1.8440,2025-08-19 11:04:37,354.0
0.5380,17.04,0.4440,96.7320,1.7050,2025-08-19 11:04:37,354.0
0.5810,17.0490,0.5840,97.1150,2.0360,2025-08-19 11:04:37,354.0
0.5370,17.0310,0.6090,96.9690,1.8550,2025-08-19 11:04:37,354.0
0.5290,16.9870,0.50,96.7350,1.71,2025-08-19 11:04:37,354.0
0.5440,16.9390,0.6480,96.78,1.7250,2025-08-19 11:04:37,354.0
0.55,16.99,0.49,97.0280,1.6920,2025-08-19 11:04:37,354.0
0.5490,17.0370,0.5460,96.8020,1.8890,2025-08-19 11:04:37,354.0
0.5250,16.99,0.7070,96.7850,1.6750,2025-08-19 11:04:37,354.0
0.5350,17.0680,0.5420,97.0870,1.8380,2025-08-19 11:04:37,354.0
0.5210,16.9390,0.6130,96.8210,1.6760,2025-08-19 11:04:37,354.0
0.5440,17.0340,0.6370,96.9060,1.7330,2025-08-19 11:04:37,354.0
0.5580,16.9210,0.5460,96.9560,1.82,2025-08-19 11:04:37,354.0
0.5250,16.9020,0.6510,96.9120,1.6910,2025-08-19 11:04:37,354.0
0.5480,16.8860,0.5740,97.0960,1.9560,2025-08-19 11:04:37,354.0
0.5330,16.9740,0.5910,97.0080,1.7780,2025-08-19 11:04:37,354.0
0.5250,16.9170,0.5110,97.0230,1.7790,2025-08-19 11:04:37,354.0
0.5250,16.9680,0.5950,96.8230,1.6560,2025-08-19 11:04:37,354.0
0.5170,17.0050,0.4860,96.8830,1.6420,2025-08-19 13:09:41,355.0
0.5180,17.0530,0.5850,96.7270,1.6820,2025-08-19 13:09:41,355.0
0.5270,16.98,0.4090,97.0180,1.7870,2025-08-19 13:09:41,355.0
0.5340,16.9080,0.4620,96.9880,1.8580,2025-08-19 13:09:41,355.0
0.53,16.9680,0.5150,96.7850,1.76,2025-08-19 13:09:41,355.0
0.5220,16.99,0.4870,97.0190,1.6560,2025-08-19 13:09:41,355.0
0.5110,17.0180,0.4660,96.8550,1.6360,2025-08-19 13:09:41,355.0
0.5230,16.9930,0.3460,97.0370,1.6890,2025-08-19 13:09:41,355.0
0.5330,17.0210,0.49,96.9070,1.7650,2025-08-19 13:09:41,355.0
0.5210,16.9770,0.3850,96.7520,1.6840,2025-08-19 13:09:41,355.0
0.52,16.9870,0.5950,97.2530,1.6320,2025-08-19 13:09:41,355.0
0.5380,16.9390,0.4970,96.99,1.7380,2025-08-19 13:09:41,355.0
0.5350,16.9390,0.3810,97.1350,1.7480,2025-08-19 13:09:41,355.0
0.5360,16.9930,0.56,97.0880,1.78,2025-08-19 13:09:41,355.0
0.5510,17.1340,0.4230,96.8550,1.8670,2025-08-19 13:09:41,355.0
0.5240,17.0050,0.5640,96.8760,1.7340,2025-08-19 13:09:41,355.0
0.5140,16.9960,0.3680,97.1830,1.6520,2025-08-19 13:09:41,355.0
0.5480,17.0620,0.3640,97.1210,1.7520,2025-08-19 13:09:41,355.0
0.5220,16.9240,0.4730,97.0250,1.7270,2025-08-19 13:09:41,355.0
0.52,17.0020,0.3990,96.9160,1.6470,2025-08-19 13:09:41,355.0
0.5260,16.9430,0.4410,96.9520,1.7240,2025-08-19 19:04:51,356.0
0.5550,16.9520,0.6620,96.8330,1.9110,2025-08-19 19:04:51,356.0
0.5180,16.9430,0.6090,96.7980,1.6690,2025-08-19 19:04:51,356.0
0.5340,16.9610,0.4690,97.1890,1.8190,2025-08-19 19:04:51,356.0
0.52,16.9360,0.6020,97.3060,1.7910,2025-08-19 19:04:51,356.0
0.5420,16.9360,0.4520,96.8380,1.7940,2025-08-19 19:04:51,356.0
0.5340,16.9460,0.5320,96.8260,1.8110,2025-08-19 19:04:51,356.0
0.54,16.9930,0.4720,96.8590,1.7640,2025-08-19 19:04:51,356.0
0.5480,16.9770,0.6830,96.9470,1.6970,2025-08-19 19:04:51,356.0
0.5190,16.9930,0.5460,96.8550,1.7660,2025-08-19 19:04:51,356.0
0.5250,16.9610,0.4580,96.9430,1.73,2025-08-19 19:04:51,356.0
0.5170,16.9210,0.5740,96.7970,1.6720,2025-08-19 19:04:51,356.0
0.5230,16.9710,0.4760,97.1330,1.6490,2025-08-19 19:04:51,356.0
0.5470,17.0090,0.5040,97.1340,1.9160,2025-08-19 19:04:51,356.0
0.5650,16.9390,0.5220,97.1660,1.9920,2025-08-19 19:04:51,356.0
0.5410,16.9170,0.50,97.4040,1.6870,2025-08-19 19:04:51,356.0
0.5470,16.9050,0.5780,97.1410,1.8260,2025-08-19 19:04:51,356.0
0.5460,16.9390,0.5150,97.0280,1.8230,2025-08-19 19:04:51,356.0
0.5260,16.9460,0.4440,97.1190,1.7430,2025-08-19 19:04:51,356.0
0.5340,16.9960,0.5390,96.8530,1.7840,2025-08-19 19:04:51,356.0
0.5130,16.8890,0.6230,97.0850,1.76,2025-08-19 21:34:58,357.0
0.5440,16.93,0.5110,97.3130,1.7310,2025-08-19 21:34:58,357.0
0.5540,16.9390,0.5560,96.7820,1.8410,2025-08-19 21:34:58,357.0
0.5240,16.9390,0.4580,97.0520,1.79,2025-08-19 21:34:58,357.0
0.5340,16.9870,0.4480,96.8830,1.7960,2025-08-19 21:34:58,357.0
0.5340,16.9050,0.4870,97.1750,1.7030,2025-08-19 21:34:58,357.0
0.5390,16.9140,0.5530,96.8240,1.8490,2025-08-19 21:34:58,357.0
0.5430,16.9050,0.4730,96.9640,1.7550,2025-08-19 21:34:58,357.0
0.5430,17.0090,0.3570,97.0450,1.8850,2025-08-19 21:34:58,357.0
0.5250,16.9460,0.3460,97.0670,1.76,2025-08-19 21:34:58,357.0
0.5590,16.8670,0.4730,97.1040,1.8720,2025-08-19 21:34:58,357.0
0.5310,16.9710,0.3850,97.1190,1.8170,2025-08-19 21:34:58,357.0
0.5660,16.9390,0.7040,97.0370,1.92,2025-08-19 21:34:58,357.0
0.5340,16.9520,0.4590,96.9240,1.7090,2025-08-19 21:34:58,357.0
0.54,16.9390,0.4410,96.8950,1.8910,2025-08-19 21:34:58,357.0
0.5320,16.9240,0.5350,97.0060,1.8790,2025-08-19 21:34:58,357.0
0.53,16.9960,0.3430,97.0440,1.9240,2025-08-19 21:34:58,357.0
0.53,16.8510,0.49,96.93,1.8690,2025-08-19 21:34:58,357.0
0.5450,16.9580,0.5040,97.1450,1.8690,2025-08-19 21:34:58,357.0
0.5330,17.0090,0.4730,97.0540,1.7130,2025-08-19 21:34:58,357.0
0.5510,16.9990,0.3290,97.1640,1.74,2025-08-20 10:49:54,358.0
0.5310,16.9610,0.6580,96.8310,1.7460,2025-08-20 10:49:54,358.0
0.5550,17.0240,0.5990,97.2880,1.7870,2025-08-20 10:49:54,358.0
0.5290,16.9460,0.5810,97.05,1.6830,2025-08-20 10:49:54,358.0
0.5090,16.9050,0.4580,96.8720,1.5440,2025-08-20 10:49:54,358.0
0.54,16.9390,0.4090,96.8080,1.8510,2025-08-20 10:49:54,358.0
0.53,16.9490,0.5770,97.0410,1.77,2025-08-20 10:49:54,358.0
0.5440,16.9710,0.4440,96.8630,1.7650,2025-08-20 10:49:54,358.0
0.5350,16.8950,0.6610,96.9960,1.8480,2025-08-20 10:49:54,358.0
0.5440,16.9430,0.4870,97.0620,1.7470,2025-08-20 10:49:54,358.0
0.5130,16.9770,0.5630,96.9260,1.6570,2025-08-20 10:49:54,358.0
0.5450,16.9170,0.4620,97.1080,1.9090,2025-08-20 10:49:54,358.0
0.5460,17.0530,0.3460,96.8440,1.7610,2025-08-20 10:49:54,358.0
0.5170,16.9550,0.4650,97.1950,1.6770,2025-08-20 10:49:54,358.0
0.5430,16.8770,0.5850,97.2610,1.6640,2025-08-20 10:49:54,358.0
0.5640,17.0150,0.4660,97.1370,1.8440,2025-08-20 10:49:54,358.0
0.5480,16.8580,0.5150,97.17,1.80,2025-08-20 10:49:54,358.0
0.5250,16.9740,0.3430,97.1150,1.6570,2025-08-20 10:49:54,358.0
0.5310,16.9080,0.3990,97.17,1.7490,2025-08-20 10:49:54,358.0
0.5250,16.9580,0.4580,97.0560,1.6980,2025-08-20 10:49:54,358.0
0.5440,17.0460,0.6230,96.9490,1.7620,2025-08-20 13:04:58,359.0
0.5310,16.98,0.5460,97.1620,1.8130,2025-08-20 13:04:58,359.0
0.5290,17.0590,0.5040,96.7560,1.7170,2025-08-20 13:04:58,359.0
0.5340,16.9610,0.6230,96.8040,1.7590,2025-08-20 13:04:58,359.0
0.5390,17.0710,0.5670,96.9240,1.6940,2025-08-20 13:04:58,359.0
0.54,16.9080,0.6050,97.1010,1.6510,2025-08-20 13:04:58,359.0
0.5380,16.9460,0.4580,97.1260,1.6980,2025-08-20 13:04:58,359.0
0.5440,16.9430,0.4690,97.1330,1.7310,2025-08-20 13:04:58,359.0
0.5520,17.0270,0.4340,96.8950,1.7450,2025-08-20 13:04:58,359.0
0.5580,17.0490,0.4690,96.9390,1.8020,2025-08-20 13:04:58,359.0
0.5380,16.9930,0.5880,97.2090,1.7420,2025-08-20 13:04:58,359.0
0.5520,16.9990,0.3990,96.9450,1.7860,2025-08-20 13:04:58,359.0
0.5250,16.8830,0.3640,96.7730,1.7720,2025-08-20 13:04:58,359.0
0.5350,16.9770,0.5810,96.8290,1.7760,2025-08-20 13:04:58,359.0
0.5380,17.0090,0.49,96.7980,1.7680,2025-08-20 13:04:58,359.0
0.5420,17.0460,0.3950,97.0740,1.80,2025-08-20 13:04:58,359.0
0.5350,16.9650,0.5560,97.0510,1.7710,2025-08-20 13:04:58,359.0
0.5210,16.9610,0.3430,97.1360,1.6580,2025-08-20 13:04:58,359.0
0.5420,17.0050,0.5350,97.0170,1.7990,2025-08-20 13:04:58,359.0
0.53,16.9520,0.6270,96.8270,1.73,2025-08-20 13:04:58,359.0
0.5530,16.9240,0.49,96.9150,1.7340,2025-08-20 19:20:07,360.0
0.5330,16.9240,0.5850,97.1130,1.7570,2025-08-20 19:20:07,360.0
0.5370,16.99,0.4130,97.0810,1.70,2025-08-20 19:20:07,360.0
0.5340,16.9990,0.6160,97.0090,1.7350,2025-08-20 19:20:07,360.0
0.5360,16.8920,0.5040,96.9470,1.9060,2025-08-20 19:20:07,360.0
0.5330,16.9610,0.4580,96.9850,1.6390,2025-08-20 19:20:07,360.0
0.5650,16.9460,0.4720,96.9430,1.9970,2025-08-20 19:20:07,360.0
0.5550,16.9330,0.4970,97.0950,1.8610,2025-08-20 19:20:07,360.0
0.5170,16.9390,0.5840,96.8360,1.7060,2025-08-20 19:20:07,360.0
0.5390,16.8170,0.7770,96.9610,1.9050,2025-08-20 19:20:07,360.0
0.5250,16.8770,0.7740,96.9150,1.7860,2025-08-20 19:20:07,360.0
0.5230,16.8580,0.5220,97.0670,1.7710,2025-08-20 19:20:07,360.0
0.52,16.9460,0.6060,96.8250,1.7790,2025-08-20 19:20:07,360.0
0.5260,16.9390,0.5530,97.22,1.7240,2025-08-20 19:20:07,360.0
0.5220,16.8770,0.4970,96.9260,1.6670,2025-08-20 19:20:07,360.0
0.5310,17.0180,0.3890,97.0160,1.7360,2025-08-20 19:20:07,360.0
0.5350,16.9490,0.4340,96.8260,1.8060,2025-08-20 19:20:07,360.0
0.53,16.9520,0.4170,96.8250,1.7310,2025-08-20 19:20:07,360.0
0.5410,16.9080,0.3850,97.1080,1.7810,2025-08-20 19:20:07,360.0
0.5110,16.9110,0.6130,96.8180,1.7630,2025-08-20 19:20:07,360.0
0.5420,16.93,0.4380,97.1190,1.7740,2025-08-20 21:40:11,361.0
0.5270,17.0020,0.5250,96.9510,1.9520,2025-08-20 21:40:11,361.0
0.5550,16.9240,0.4480,97.1090,1.84,2025-08-20 21:40:11,361.0
0.5370,17.0150,0.5420,96.9670,1.6660,2025-08-20 21:40:11,361.0
0.5470,16.8610,0.7770,97.3020,1.7980,2025-08-20 21:40:11,361.0
0.5680,16.9870,0.5910,97.1340,1.9310,2025-08-20 21:40:11,361.0
0.5320,16.9580,0.5460,96.8210,1.81,2025-08-20 21:40:11,361.0
0.5590,16.9460,0.6370,96.8160,1.9070,2025-08-20 21:40:11,361.0
0.54,16.9830,0.4690,97.0850,1.7740,2025-08-20 21:40:11,361.0
0.5410,16.9650,0.7040,97.1760,1.7710,2025-08-20 21:40:11,361.0
0.5050,16.9460,0.6540,97.0330,1.6680,2025-08-20 21:40:11,361.0
0.5410,16.9830,0.4830,97.1150,1.7750,2025-08-20 21:40:11,361.0
0.5490,16.98,0.4520,97.0760,1.8190,2025-08-20 21:40:11,361.0
0.5550,17.0430,0.5250,96.77,1.6930,2025-08-20 21:40:11,361.0
0.5260,16.98,0.41,96.9160,1.6860,2025-08-20 21:40:11,361.0
0.5350,17.0180,0.6190,96.8380,1.8470,2025-08-20 21:40:11,361.0
0.5360,16.9330,0.4020,97.0910,1.8230,2025-08-20 21:40:11,361.0
0.5580,17.0310,0.4580,96.8060,1.8440,2025-08-20 21:40:11,361.0
0.5540,16.9550,0.3890,97.2830,1.8670,2025-08-20 21:40:11,361.0
0.5510,16.88,0.4940,96.8190,1.8560,2025-08-20 21:40:11,361.0
0.55,16.9870,0.4060,96.7890,1.8240,2025-08-21 11:09:25,362.0
0.5540,16.9360,0.4510,97.29,1.7240,2025-08-21 11:09:25,362.0
0.5320,16.9460,0.3460,97.2870,1.6680,2025-08-21 11:09:25,362.0
0.5320,16.9490,0.4060,96.9420,1.8150,2025-08-21 11:09:25,362.0
0.5390,16.93,0.63,96.8030,1.8520,2025-08-21 11:09:25,362.0
0.5360,16.9520,0.6160,97.1940,1.6920,2025-08-21 11:09:25,362.0
0.5120,16.9710,0.5320,96.9630,1.6780,2025-08-21 11:09:25,362.0
0.5450,16.9550,0.5640,97.1570,1.70,2025-08-21 11:09:25,362.0
0.5320,16.8990,0.5420,97.2010,1.7540,2025-08-21 11:09:25,362.0
0.5430,16.9210,0.5530,96.7690,1.9010,2025-08-21 11:09:25,362.0
0.5460,16.98,0.4730,96.8330,1.7660,2025-08-21 11:09:25,362.0
0.5510,17.0050,0.5350,97.1720,1.7410,2025-08-21 11:09:25,362.0
0.52,16.8890,0.56,97.0150,1.5880,2025-08-21 11:09:25,362.0
0.5270,16.9770,0.4380,96.9390,1.7280,2025-08-21 11:09:25,362.0
0.54,16.9650,0.5560,96.7910,1.74,2025-08-21 11:09:25,362.0
0.51,16.9210,0.6650,96.7080,1.6390,2025-08-21 11:09:25,362.0
0.5510,16.9020,0.4930,97.1690,1.8010,2025-08-21 11:09:25,362.0
0.5560,17.0340,0.5980,97.1450,1.8520,2025-08-21 11:09:25,362.0
0.5280,16.9650,0.6270,96.7180,1.8430,2025-08-21 11:09:25,362.0
0.5030,16.9360,0.4660,97.2660,1.5790,2025-08-21 11:09:25,362.0
0.5430,16.9870,0.43,97.1450,1.86,2025-08-21 13:24:30,363.0
0.5520,16.9990,0.56,97.0440,1.7240,2025-08-21 13:24:30,363.0
0.5330,17.0020,0.5250,96.9010,1.7690,2025-08-21 13:24:30,363.0
0.54,16.9360,0.3710,96.9990,1.81,2025-08-21 13:24:30,363.0
0.5260,16.9580,0.5710,97.0330,1.5840,2025-08-21 13:24:30,363.0
0.5450,16.9830,0.4790,97.12,1.7470,2025-08-21 13:24:30,363.0
0.5380,16.99,0.4650,96.93,1.8190,2025-08-21 13:24:30,363.0
0.5360,17.0150,0.4730,97.15,1.7460,2025-08-21 13:24:30,363.0
0.5340,16.99,0.5430,97.1590,1.8460,2025-08-21 13:24:30,363.0
0.5450,16.9110,0.5850,96.8220,1.8810,2025-08-21 13:24:30,363.0
0.5290,17.0460,0.50,96.6460,1.6680,2025-08-21 13:24:30,363.0
0.5360,17.0370,0.49,97.0680,1.87,2025-08-21 13:24:30,363.0
0.5240,17.0810,0.6060,96.9570,1.7170,2025-08-21 13:24:30,363.0
0.5260,16.9770,0.5850,96.8670,1.6530,2025-08-21 13:24:30,363.0
0.5510,16.9460,0.5320,97.2110,1.8230,2025-08-21 13:24:30,363.0
0.5280,16.8950,0.4550,97.0040,1.7940,2025-08-21 13:24:30,363.0
0.56,16.9170,0.6340,97.3020,1.8610,2025-08-21 13:24:30,363.0
0.5340,17.0120,0.5770,96.9920,1.6420,2025-08-21 13:24:30,363.0
0.5360,17.0840,0.4520,96.9370,1.83,2025-08-21 13:24:30,363.0
0.5490,17.0370,0.4230,96.9310,1.8150,2025-08-21 13:24:30,363.0
0.5290,16.9550,0.6020,97.0620,1.7060,2025-08-21 21:29:42,364.0
0.5480,17.0240,0.5080,96.9120,1.8040,2025-08-21 21:29:42,364.0
0.5420,16.9930,0.6160,97.0410,1.8880,2025-08-21 21:29:42,364.0
0.5450,16.9990,0.3960,97.3110,1.8580,2025-08-21 21:29:42,364.0
0.5250,16.9580,0.5710,96.81,1.70,2025-08-21 21:29:42,364.0
0.5270,16.9830,0.4690,96.8640,1.8550,2025-08-21 21:29:42,364.0
0.5190,16.9580,0.6190,96.8210,1.6970,2025-08-21 21:29:42,364.0
0.5320,16.9740,0.4340,97.1240,1.8040,2025-08-21 21:29:42,364.0
0.5130,16.8580,0.6020,97.0270,1.6730,2025-08-21 21:29:42,364.0
0.5010,16.9460,0.4860,96.86,1.7230,2025-08-21 21:29:42,364.0
0.5140,16.9170,0.3880,97.1250,1.6170,2025-08-21 21:29:42,364.0
0.5060,16.8390,0.5460,97.04,1.6990,2025-08-21 21:29:42,364.0
0.5420,16.9210,0.4730,97.0420,1.7760,2025-08-21 21:29:42,364.0
0.5280,16.9960,0.3640,97.0370,1.7550,2025-08-21 21:29:42,364.0
0.5270,16.8640,0.5980,96.8260,1.86,2025-08-21 21:29:42,364.0
0.54,16.9140,0.6160,97.0310,1.7680,2025-08-21 21:29:42,364.0
0.5240,16.99,0.4620,96.8950,1.7690,2025-08-21 21:29:42,364.0
0.5340,16.9960,0.5320,96.7110,1.9010,2025-08-21 21:29:42,364.0
0.53,16.9360,0.6160,96.9180,1.7520,2025-08-21 21:29:42,364.0
0.5020,16.9270,0.5150,96.7490,1.6770,2025-08-21 21:29:42,364.0
0.5430,16.93,0.5250,96.7710,1.8340,2025-08-22 11:14:40,365.0
0.5390,17.0680,0.4830,97.0360,1.6580,2025-08-22 11:14:40,365.0
0.5230,17.3510,0.76,96.8250,1.6920,2025-08-22 11:14:40,365.0
0.5360,17.0650,0.5710,96.9860,1.7850,2025-08-22 11:14:40,365.0
0.5170,16.8140,0.5840,97.0710,1.6630,2025-08-22 11:14:40,365.0
0.5460,16.9680,0.4830,96.8330,1.8410,2025-08-22 11:14:40,365.0
0.5580,17.0370,0.5420,96.6950,1.75,2025-08-22 11:14:40,365.0
0.5350,16.9240,0.4760,97.1060,1.7490,2025-08-22 11:14:40,365.0
0.5060,16.99,0.6230,97.0630,1.6090,2025-08-22 11:14:40,365.0
0.5480,17.0490,0.7490,97.1270,1.7280,2025-08-22 11:14:40,365.0
0.5260,17.1220,0.6060,96.6440,1.71,2025-08-22 11:14:40,365.0
0.5350,16.8950,0.4340,96.8190,1.7390,2025-08-22 11:14:40,365.0
0.5170,17.0050,0.5770,96.9360,1.5920,2025-08-22 11:14:40,365.0
0.53,16.9110,0.5040,97.1130,1.7980,2025-08-22 11:14:40,365.0
0.52,16.9050,0.4480,97.7020,1.7040,2025-08-22 11:14:40,365.0
0.5520,16.9870,0.5780,97.2220,1.7280,2025-08-22 11:14:40,365.0
0.5320,17.0120,0.5220,97.2140,1.6570,2025-08-22 11:14:40,365.0
0.5420,16.9330,0.6020,97.0240,1.8010,2025-08-22 11:14:40,365.0
0.5180,16.9990,0.6370,96.6790,1.5580,2025-08-22 11:14:40,365.0
0.5610,17.0050,0.5180,96.7520,1.9050,2025-08-22 11:14:40,365.0
0.5580,16.9330,0.4760,96.8150,1.8850,2025-08-22 13:09:45,366.0
0.5290,16.87,0.4440,97.2050,1.6740,2025-08-22 13:09:45,366.0
0.5320,16.93,0.4870,97.0950,1.6680,2025-08-22 13:09:45,366.0
0.55,16.93,0.3750,96.9550,1.8030,2025-08-22 13:09:45,366.0
0.5520,17.0650,0.5150,96.8510,1.8090,2025-08-22 13:09:45,366.0
0.5410,16.9550,0.4650,97.1470,1.6110,2025-08-22 13:09:45,366.0
0.5230,16.9080,0.4550,96.6540,1.65,2025-08-22 13:09:45,366.0
0.5390,16.8260,0.5320,96.8260,1.8450,2025-08-22 13:09:45,366.0
0.53,16.88,0.4940,97,1.8270,2025-08-22 13:09:45,366.0
0.5370,16.8990,0.63,97.09,1.7040,2025-08-22 13:09:45,366.0
0.5280,16.9710,0.4410,96.9550,1.8380,2025-08-22 13:09:45,366.0
0.5350,16.8830,0.4550,97.0190,1.6760,2025-08-22 13:09:45,366.0
0.5630,16.93,0.56,97.0830,1.8260,2025-08-22 13:09:45,366.0
0.5310,16.9360,0.4690,97.1680,1.68,2025-08-22 13:09:45,366.0
0.5560,16.9080,0.4650,97.0850,1.8450,2025-08-22 13:09:45,366.0
0.5330,16.9170,0.4620,96.9690,1.7950,2025-08-22 13:09:45,366.0
0.5230,16.9550,0.6050,96.9380,1.5960,2025-08-22 13:09:45,366.0
0.5320,16.8640,0.5530,97.1580,1.6870,2025-08-22 13:09:45,366.0
0.4920,16.8770,0.5710,97.1810,1.4920,2025-08-22 13:09:45,366.0
0.5410,16.8330,0.56,96.9180,1.7740,2025-08-22 13:09:45,366.0
0.5190,16.8480,0.5180,97.0670,1.7760,2025-08-22 18:49:53,367.0
0.5350,16.9680,0.49,97.1820,1.6940,2025-08-22 18:49:53,367.0
0.5250,16.9080,0.5350,97.0630,1.7670,2025-08-22 18:49:53,367.0
0.5210,16.9680,0.6060,97.0560,1.7530,2025-08-22 18:49:53,367.0
0.5210,16.8550,0.5040,97.1330,1.7550,2025-08-22 18:49:53,367.0
0.54,16.8670,0.5880,97.0080,1.8250,2025-08-22 18:49:53,367.0
0.5530,16.9960,0.3390,97.0610,1.75,2025-08-22 18:49:53,367.0
0.53,16.8950,0.3880,97.17,1.6930,2025-08-22 18:49:53,367.0
0.5180,16.8670,0.4730,96.8410,1.7410,2025-08-22 18:49:53,367.0
0.5440,16.8450,0.6440,96.9640,1.8190,2025-08-22 18:49:53,367.0
0.5290,16.8580,0.4340,96.9990,1.7780,2025-08-22 18:49:53,367.0
0.5330,16.8420,0.4830,96.9920,1.7220,2025-08-22 18:49:53,367.0
0.54,16.9110,0.4660,97.0730,1.8120,2025-08-22 18:49:53,367.0
0.5070,16.8610,0.3990,96.8990,1.6390,2025-08-22 18:49:53,367.0
0.5370,16.87,0.50,96.9180,1.8430,2025-08-22 18:49:53,367.0
0.5090,16.8390,0.6020,96.97,1.6570,2025-08-22 18:49:53,367.0
0.5210,16.8390,0.4580,96.8670,1.7640,2025-08-22 18:49:53,367.0
0.5240,16.9550,0.5360,96.9150,1.6690,2025-08-22 18:49:53,367.0
0.5110,16.9050,0.5740,97.1010,1.67,2025-08-22 18:49:53,367.0
0.5180,16.7450,0.6440,96.8280,1.6940,2025-08-22 18:49:53,367.0
0.5390,16.9520,0.4450,97.16,1.7970,2025-08-22 21:25:01,368.0
0.5420,17.0020,0.5040,97.1970,1.6790,2025-08-22 21:25:01,368.0
0.5060,16.9460,0.5110,97.0780,1.5950,2025-08-22 21:25:01,368.0
0.54,17.0120,0.4230,96.8310,1.7750,2025-08-22 21:25:01,368.0
0.5470,17.0210,0.4970,96.9760,1.8350,2025-08-22 21:25:01,368.0
0.5220,16.8920,0.4830,96.8640,1.7190,2025-08-22 21:25:01,368.0
0.53,17.0590,0.5180,97.1420,1.7970,2025-08-22 21:25:01,368.0
0.5380,17.10,0.5290,96.8570,1.72,2025-08-22 21:25:01,368.0
0.5460,16.9110,0.4940,96.9180,1.8420,2025-08-22 21:25:01,368.0
0.5430,16.9680,0.3880,96.9930,1.8750,2025-08-22 21:25:01,368.0
0.5030,16.9490,0.5530,97.1460,1.6990,2025-08-22 21:25:01,368.0
0.5390,16.9870,0.4440,97.0930,1.7610,2025-08-22 21:25:01,368.0
0.53,17.0340,0.4690,96.8740,1.8770,2025-08-22 21:25:01,368.0
0.5180,16.9460,0.6270,96.8070,1.6920,2025-08-22 21:25:01,368.0
0.5420,16.8990,0.5250,96.8390,1.7690,2025-08-22 21:25:01,368.0
0.5370,17.0710,0.3740,96.9710,1.7540,2025-08-22 21:25:01,368.0
0.5140,17.0090,0.4940,97.1040,1.6470,2025-08-22 21:25:01,368.0
0.5280,17.0370,0.4020,96.8120,1.7980,2025-08-22 21:25:01,368.0
0.5220,16.9960,0.50,97.0530,1.6950,2025-08-22 21:25:01,368.0
0.5310,16.8860,0.4060,97.0040,1.81,2025-08-22 21:25:01,368.0
0.5020,16.9080,0.4170,96.9410,1.6130,2025-08-25 12:14:28,369.0
0.52,16.9550,0.4380,97.1970,1.6190,2025-08-25 12:14:28,369.0
0.5320,16.8360,0.4480,97.3040,1.7840,2025-08-25 12:14:28,369.0
0.5050,16.8140,0.4970,97.13,1.6050,2025-08-25 12:14:28,369.0
0.5460,16.9360,0.4970,96.8330,1.8130,2025-08-25 12:14:28,369.0
0.5410,16.9210,0.4760,97.1970,1.7190,2025-08-25 12:14:28,369.0
0.5320,16.87,0.4550,97.3840,1.7680,2025-08-25 12:14:28,369.0
0.54,16.8990,0.4940,97.24,1.7390,2025-08-25 12:14:28,369.0
0.5470,16.9080,0.3710,96.6480,1.8870,2025-08-25 12:14:28,369.0
0.5270,16.8890,0.4310,96.9840,1.7830,2025-08-25 12:14:28,369.0
0.54,16.9430,0.4130,97.1590,1.8380,2025-08-25 12:14:28,369.0
0.5340,16.9770,0.5810,97.09,1.7110,2025-08-25 12:14:28,369.0
0.5180,16.9550,0.4660,96.8490,1.7180,2025-08-25 12:14:28,369.0
0.5230,16.8990,0.5250,97.0580,1.7010,2025-08-25 12:14:28,369.0
0.5450,16.8890,0.5530,96.8620,1.8520,2025-08-25 12:14:28,369.0
0.52,16.9240,0.6720,97.0760,1.7590,2025-08-25 12:14:28,369.0
0.5310,16.8510,0.3780,97.1260,1.7520,2025-08-25 12:14:28,369.0
0.55,16.9430,0.5080,96.8290,1.8310,2025-08-25 12:14:28,369.0
0.5490,16.9360,0.4410,96.6930,1.8090,2025-08-25 12:14:28,369.0
0.5190,16.8390,0.5290,97.2760,1.73,2025-08-25 12:14:28,369.0
0.5310,16.8640,0.5390,97.1220,1.6260,2025-08-25 13:09:32,370.0
0.5210,16.8860,0.56,96.9270,1.6950,2025-08-25 13:09:32,370.0
0.5160,16.8990,0.5530,97.1740,1.6880,2025-08-25 13:09:32,370.0
0.5290,16.8860,0.4550,96.9980,1.6740,2025-08-25 13:09:32,370.0
0.5260,16.9210,0.3710,97,1.7670,2025-08-25 13:09:32,370.0
0.5350,16.9550,0.4620,96.9450,1.71,2025-08-25 13:09:32,370.0
0.5180,16.9330,0.4760,96.9440,1.64,2025-08-25 13:09:32,370.0
0.5290,16.9710,0.3080,97.0040,1.7980,2025-08-25 13:09:32,370.0
0.5370,16.9650,0.3460,97.2390,1.7630,2025-08-25 13:09:32,370.0
0.5360,16.9430,0.56,97.0280,1.7440,2025-08-25 13:09:32,370.0
0.53,16.9580,0.4270,96.8390,1.8080,2025-08-25 13:09:32,370.0
0.4990,16.9140,0.4310,96.7860,1.6070,2025-08-25 13:09:32,370.0
0.5320,16.9520,0.5320,97.0620,1.6170,2025-08-25 13:09:32,370.0
0.5390,16.9270,0.4060,96.9980,1.7060,2025-08-25 13:09:32,370.0
0.51,16.8990,0.6050,97.0170,1.6020,2025-08-25 13:09:32,370.0
0.5060,16.8670,0.6020,96.81,1.6740,2025-08-25 13:09:32,370.0
0.5240,17.0090,0.5040,96.8550,1.7560,2025-08-25 13:09:32,370.0
0.5270,16.9460,0.5460,97.2260,1.6580,2025-08-25 13:09:32,370.0
0.5390,16.8990,0.5040,96.8910,1.7210,2025-08-25 13:09:32,370.0
0.5140,16.9650,0.5560,96.8750,1.6920,2025-08-25 13:09:32,370.0
0.5370,17.0810,0.6330,96.6940,1.6590,2025-08-25 21:19:41,371.0
0.5320,17.04,0.6270,97.25,1.68,2025-08-25 21:19:41,371.0
0.52,17.0120,0.5460,96.8480,1.6540,2025-08-25 21:19:41,371.0
0.5380,16.9610,0.4970,97.38,1.7660,2025-08-25 21:19:41,371.0
0.5320,17.0680,0.5080,97.0970,1.6710,2025-08-25 21:19:41,371.0
0.5310,16.9170,0.4230,97.1270,1.6280,2025-08-25 21:19:41,371.0
0.5230,17.0870,0.4440,96.8080,1.7220,2025-08-25 21:19:41,371.0
0.5470,17.0650,0.5180,97.0930,1.8140,2025-08-25 21:19:41,371.0
0.5490,17.0810,0.4550,97.20,1.6710,2025-08-25 21:19:41,371.0
0.5410,17.0490,0.5080,96.8560,1.7410,2025-08-25 21:19:41,371.0
0.5350,17.0560,0.4550,96.8890,1.7570,2025-08-25 21:19:41,371.0
0.5330,17.0240,0.4620,97.0450,1.80,2025-08-25 21:19:41,371.0
0.5440,17.0560,0.4860,97.0160,1.76,2025-08-25 21:19:41,371.0
0.5320,17.1060,0.55,96.7970,1.7210,2025-08-25 21:19:41,371.0
0.5290,16.98,0.35,96.9150,1.7750,2025-08-25 21:19:41,371.0
0.5340,17.0530,0.3810,96.8190,1.6660,2025-08-25 21:19:41,371.0
0.5440,17.0460,0.5110,96.9220,1.7980,2025-08-25 21:19:41,371.0
0.5160,16.8990,0.5430,97.11,1.5950,2025-08-25 21:19:41,371.0
0.5260,16.9710,0.42,97.1810,1.6170,2025-08-25 21:19:41,371.0
0.5670,17.1030,0.5980,96.7650,2.0160,2025-08-25 21:19:41,371.0
0.54,16.8920,0.5180,97.1740,1.7030,2025-08-26 10:56:19,372.0
0.5450,16.8580,0.5810,96.8260,1.7460,2025-08-26 10:56:19,372.0
0.54,16.8950,0.5290,97.06,1.7870,2025-08-26 10:56:19,372.0
0.5410,16.8950,0.5250,97.1270,1.7240,2025-08-26 10:56:19,372.0
0.5120,16.9210,0.5070,96.6840,1.6970,2025-08-26 10:56:19,372.0
0.5270,16.9210,0.55,96.9850,1.7840,2025-08-26 10:56:19,372.0
0.5220,16.9170,0.71,96.81,1.5550,2025-08-26 10:56:19,372.0
0.5260,16.88,0.5250,96.7650,1.7820,2025-08-26 10:56:19,372.0
0.5390,16.9830,0.56,97.1260,1.7480,2025-08-26 10:56:19,372.0
0.54,16.9140,0.3710,96.9370,1.7860,2025-08-26 10:56:19,372.0
0.5130,16.9710,0.6970,96.9920,1.6580,2025-08-26 10:56:19,372.0
0.5180,16.8580,0.5630,97.0880,1.6770,2025-08-26 10:56:19,372.0
0.5340,16.8610,0.5390,96.8330,1.7820,2025-08-26 10:56:19,372.0
0.5190,16.8550,0.4760,97.0120,1.7310,2025-08-26 10:56:19,372.0
0.5390,16.8950,0.4410,96.9580,1.7240,2025-08-26 10:56:19,372.0
0.5150,16.8260,0.5220,97.12,1.7270,2025-08-26 10:56:19,372.0
0.5380,16.9020,0.4440,96.9910,1.6230,2025-08-26 10:56:19,372.0
0.53,16.9330,0.5290,96.8370,1.7520,2025-08-26 10:56:19,372.0
0.5530,16.88,0.4830,97.2080,1.9160,2025-08-26 10:56:19,372.0
0.5490,16.8640,0.5430,97.19,1.7750,2025-08-26 10:56:19,372.0
0.5540,17.0240,0.4790,96.9390,1.8430,2025-08-26 13:11:24,373.0
0.5440,16.9770,0.6060,96.7080,1.8810,2025-08-26 13:11:24,373.0
0.5140,17.0050,0.5250,96.8230,1.6530,2025-08-26 13:11:24,373.0
0.5250,16.9960,0.55,97.0550,1.7350,2025-08-26 13:11:24,373.0
0.5470,16.9990,0.3810,97.2910,1.7720,2025-08-26 13:11:24,373.0
0.5250,16.98,0.4860,97.0680,1.7880,2025-08-26 13:11:24,373.0
0.5320,17.0620,0.5080,96.9440,1.8250,2025-08-26 13:11:24,373.0
0.5330,16.9580,0.5390,96.9290,1.7270,2025-08-26 13:11:24,373.0
0.5130,17.0270,0.6160,96.8270,0.0210,2025-08-26 13:11:24,373.0
0.5150,17.0270,0.5950,96.8870,1.7290,2025-08-26 13:11:24,373.0
0.53,16.9580,0.5740,97.0530,1.9030,2025-08-26 13:11:24,373.0
0.5440,16.9580,0.5740,97.0750,1.7680,2025-08-26 13:11:24,373.0
0.5240,17.0050,0.6060,96.7850,1.7080,2025-08-26 13:11:24,373.0
0.53,16.9770,0.4730,96.8310,1.7960,2025-08-26 13:11:24,373.0
0.5480,16.98,0.5850,96.9960,1.7590,2025-08-26 13:11:24,373.0
0.5480,16.9610,0.5990,96.9110,1.8880,2025-08-26 13:11:24,373.0
0.5190,17.0120,0.5360,97.06,1.5580,2025-08-26 13:11:24,373.0
0.5410,16.9360,0.5740,97.3860,1.7250,2025-08-26 13:11:24,373.0
0.5420,16.9710,0.6620,96.8110,1.8380,2025-08-26 13:11:24,373.0
0.5240,16.9710,0.5350,96.8480,1.74,2025-08-26 13:11:24,373.0
0.5240,16.9960,0.7420,96.9080,1.7320,2025-08-26 19:11:31,374.0
0.5260,16.9520,0.5180,96.9870,1.7160,2025-08-26 19:11:31,374.0
0.5030,16.9460,0.6620,96.8940,1.6240,2025-08-26 19:11:31,374.0
0.5430,17.0370,0.48,97.2030,1.9020,2025-08-26 19:11:31,374.0
0.53,17.0050,0.6890,97.0540,1.6230,2025-08-26 19:11:31,374.0
0.5170,16.9990,0.5990,96.9690,1.6570,2025-08-26 19:11:31,374.0
0.5320,17.0710,0.6480,96.8050,1.7440,2025-08-26 19:11:31,374.0
0.5160,17.0270,0.5560,96.8030,1.6750,2025-08-26 19:11:31,374.0
0.5320,17.0150,0.5710,97.05,1.78,2025-08-26 19:11:31,374.0
0.5610,17.0270,0.4940,97.2490,1.8750,2025-08-26 19:11:31,374.0
0.5050,16.9870,0.5640,97.0970,1.6280,2025-08-26 19:11:31,374.0
0.5160,16.9330,0.6790,97.0190,1.6290,2025-08-26 19:11:31,374.0
0.5260,16.9710,0.4270,97.1130,1.70,2025-08-26 19:11:31,374.0
0.5290,16.9550,0.5990,97.0550,1.6460,2025-08-26 19:11:31,374.0
0.5170,16.9960,0.5110,97.1730,1.6230,2025-08-26 19:11:31,374.0
0.5320,16.9550,0.4790,97.0020,1.6480,2025-08-26 19:11:31,374.0
0.5460,17.0020,0.5180,96.8120,1.9310,2025-08-26 19:11:31,374.0
0.5580,17.0050,0.6860,96.9010,1.8920,2025-08-26 19:11:31,374.0
0.5150,16.9610,0.6230,97.1360,1.6680,2025-08-26 19:11:31,374.0
0.5040,17.0530,0.5770,96.91,1.6260,2025-08-26 19:11:31,374.0
0.5430,17.0310,0.56,96.8690,1.8480,2025-08-26 21:21:34,375.0
0.5340,16.9770,0.6830,96.9190,1.7450,2025-08-26 21:21:34,375.0
0.5290,17.0150,0.3780,96.8250,1.80,2025-08-26 21:21:34,375.0
0.5260,17.0210,0.6340,96.9730,1.7290,2025-08-26 21:21:34,375.0
0.5310,17.0210,0.6060,97.0520,1.77,2025-08-26 21:21:34,375.0
0.5620,17.1060,0.6440,97.0540,1.8370,2025-08-26 21:21:34,375.0
0.5170,16.9610,0.6650,96.84,1.7350,2025-08-26 21:21:34,375.0
0.5520,16.9460,0.4790,97.0880,1.8790,2025-08-26 21:21:34,375.0
0.5530,16.9710,0.4690,97.1640,1.7660,2025-08-26 21:21:34,375.0
0.5320,16.9050,0.5040,96.9440,1.7220,2025-08-26 21:21:34,375.0
0.5360,17.0310,0.6510,97.0780,1.6860,2025-08-26 21:21:34,375.0
0.5320,17.0530,0.4860,96.8660,1.7690,2025-08-26 21:21:34,375.0
0.5560,17.0560,0.6830,96.9420,1.8280,2025-08-26 21:21:34,375.0
0.5350,17.0240,0.4730,97.0610,1.8460,2025-08-26 21:21:34,375.0
0.5180,16.8550,0.7210,96.8260,1.7250,2025-08-26 21:21:34,375.0
0.5530,17.04,0.6270,97.1380,1.8430,2025-08-26 21:21:34,375.0
0.5350,17.0680,0.5630,96.9620,1.7230,2025-08-26 21:21:34,375.0
0.5310,17.0310,0.5710,97.1130,1.6790,2025-08-26 21:21:34,375.0
0.5360,17.0490,0.6160,96.9280,1.83,2025-08-26 21:21:34,375.0
0.5160,16.9050,0.6020,96.8030,1.7980,2025-08-26 21:21:34,375.0
0.5190,16.9170,0.5180,96.9850,1.6110,2025-08-27 10:43:31,376.0
0.5270,16.9550,0.3990,96.9770,1.7030,2025-08-27 10:43:31,376.0
0.53,16.9460,0.5320,96.9880,1.7520,2025-08-27 10:43:31,376.0
0.5280,16.9520,0.3640,97.1060,1.7880,2025-08-27 10:43:31,376.0
0.5370,16.9610,0.5250,96.9460,1.7250,2025-08-27 10:43:31,376.0
0.5390,16.98,0.4550,97.0310,1.8110,2025-08-27 10:43:31,376.0
0.5570,16.9830,0.6540,96.9840,1.7810,2025-08-27 10:43:31,376.0
0.5330,16.9650,0.5080,96.7870,1.7690,2025-08-27 10:43:31,376.0
0.5370,16.8950,0.6060,97.07,1.7850,2025-08-27 10:43:31,376.0
0.5450,16.9020,0.3810,97.0650,1.8450,2025-08-27 10:43:31,376.0
0.5340,16.9650,0.7770,96.8180,1.80,2025-08-27 10:43:31,376.0
0.5280,16.98,0.6440,96.8360,1.6660,2025-08-27 10:43:31,376.0
0.5260,16.9960,0.5850,97.0190,1.6580,2025-08-27 10:43:31,376.0
0.5470,16.9930,0.5150,96.8140,1.8710,2025-08-27 10:43:31,376.0
0.5640,16.9650,0.6650,96.9310,2.0170,2025-08-27 10:43:31,376.0
0.5120,16.8950,0.4970,96.9260,1.6770,2025-08-27 10:43:31,376.0
0.5470,16.9650,0.5290,97.1310,1.8070,2025-08-27 10:43:31,376.0
0.5380,16.9080,0.5080,97.0630,1.7220,2025-08-27 10:43:31,376.0
0.5180,16.9170,0.5250,96.7870,1.7830,2025-08-27 10:43:31,376.0
0.55,16.9680,0.5530,96.9230,1.6840,2025-08-27 10:43:31,376.0
0.5280,16.9360,0.4230,96.96,1.7190,2025-08-27 13:18:35,377.0
0.54,16.9330,0.7460,97.0810,1.7390,2025-08-27 13:18:35,377.0
0.54,16.9990,0.5740,96.9960,1.7330,2025-08-27 13:18:35,377.0
0.5410,16.9770,0.5810,96.8810,1.7210,2025-08-27 13:18:35,377.0
0.5260,16.9240,0.5180,97.0420,1.6220,2025-08-27 13:18:35,377.0
0.53,17.0340,0.4650,96.8430,1.7840,2025-08-27 13:18:35,377.0
0.5270,16.9140,0.69,97.0310,1.7380,2025-08-27 13:18:35,377.0
0.5450,16.9430,0.7240,97.1720,1.7760,2025-08-27 13:18:35,377.0
0.54,16.8860,0.5460,97.0330,1.7930,2025-08-27 13:18:35,377.0
0.5230,16.9550,0.5320,96.9630,1.5660,2025-08-27 13:18:35,377.0
0.53,16.9430,0.5110,96.7760,1.8460,2025-08-27 13:18:35,377.0
0.5330,17.0090,0.4380,97.0060,1.7140,2025-08-27 13:18:35,377.0
0.5350,17.0050,0.5350,97.4260,1.6790,2025-08-27 13:18:35,377.0
0.5480,16.9930,0.4440,96.9360,1.7280,2025-08-27 13:18:35,377.0
0.5440,17.0370,0.4510,97.0060,1.7550,2025-08-27 13:18:35,377.0
0.5220,16.9460,0.6440,97.1390,1.6760,2025-08-27 13:18:35,377.0
0.5250,16.8230,0.7350,96.8370,1.8510,2025-08-27 13:18:35,377.0
0.5320,16.9270,0.5290,96.7810,1.7340,2025-08-27 13:18:35,377.0
0.5360,17.0090,0.6440,96.87,1.8970,2025-08-27 13:18:35,377.0
0.5190,16.9430,0.4130,96.9410,1.74,2025-08-27 13:18:35,377.0
0.5440,17.1090,0.3920,96.9270,1.7330,2025-08-27 19:28:47,378.0
0.5290,16.9430,0.6090,96.9550,1.76,2025-08-27 19:28:47,378.0
0.5350,17.0370,0.55,97.0710,1.79,2025-08-27 19:28:47,378.0
0.5490,17.0870,0.4760,97.0810,1.7390,2025-08-27 19:28:47,378.0
0.5430,17.1060,0.48,97.1950,1.8420,2025-08-27 19:28:47,378.0
0.5250,17.0840,0.6120,96.9020,1.6930,2025-08-27 19:28:47,378.0
0.5240,17.0180,0.5420,97.0850,1.6420,2025-08-27 19:28:47,378.0
0.5180,16.9680,0.5210,96.8460,1.6740,2025-08-27 19:28:47,378.0
0.5350,17.0310,0.5910,96.7490,1.7770,2025-08-27 19:28:47,378.0
0.5440,17.0490,0.5640,97.1360,1.7690,2025-08-27 19:28:47,378.0
0.5470,17.0780,0.6060,96.8420,1.9720,2025-08-27 19:28:47,378.0
0.5470,16.9330,0.42,97.24,1.8560,2025-08-27 19:28:47,378.0
0.52,16.9580,0.2690,97.1680,1.6880,2025-08-27 19:28:47,378.0
0.5390,17.0090,0.7420,97.1210,1.7990,2025-08-27 19:28:47,378.0
0.5220,17.0430,0.4270,96.8210,1.6270,2025-08-27 19:28:47,378.0
0.5390,16.9650,0.8890,96.8140,1.8470,2025-08-27 19:28:47,378.0
0.54,17.0150,0.6680,97.0640,1.8810,2025-08-27 19:28:47,378.0
0.5150,16.9830,0.3880,97.0750,1.6050,2025-08-27 19:28:47,378.0
0.5390,17.0780,0.5180,97.0380,1.6830,2025-08-27 19:28:47,378.0
0.5290,17.0310,0.4760,97.2250,1.7710,2025-08-27 19:28:47,378.0
0.5350,16.9870,0.4450,96.8170,1.8020,2025-08-27 21:28:51,379.0
0.54,17.0090,0.6160,97.0150,1.7570,2025-08-27 21:28:51,379.0
0.5330,17.0240,0.4130,96.75,1.75,2025-08-27 21:28:51,379.0
0.5190,16.9830,0.4860,97.0320,1.6870,2025-08-27 21:28:51,379.0
0.53,17.04,0.4550,97.0420,1.7640,2025-08-27 21:28:51,379.0
0.5690,17.0210,0.6790,97.0220,1.9260,2025-08-27 21:28:51,379.0
0.5290,16.9710,0.4940,97.1280,1.7560,2025-08-27 21:28:51,379.0
0.5350,16.9360,0.4760,97.0080,1.77,2025-08-27 21:28:51,379.0
0.5210,17.0680,0.4830,96.7430,1.6630,2025-08-27 21:28:51,379.0
0.5530,16.8730,0.6510,96.9670,1.8540,2025-08-27 21:28:51,379.0
0.5230,16.9650,0.41,97.1420,1.8110,2025-08-27 21:28:51,379.0
0.5310,17.0020,0.5080,97.0180,1.7780,2025-08-27 21:28:51,379.0
0.5490,17.0620,0.3890,96.9990,1.76,2025-08-27 21:28:51,379.0
0.5270,17.0020,0.5290,97.0680,1.6680,2025-08-27 21:28:51,379.0
0.5430,16.9680,0.3920,96.9790,1.8040,2025-08-27 21:28:51,379.0
0.5220,16.9050,0.6090,97.06,1.7220,2025-08-27 21:28:51,379.0
0.52,16.9360,0.7210,97.03,1.7820,2025-08-27 21:28:51,379.0
0.52,17.0620,0.6270,96.8480,1.6150,2025-08-27 21:28:51,379.0
0.5180,16.9610,0.4550,96.9450,1.8250,2025-08-27 21:28:51,379.0
0.51,16.9110,0.6270,97.0410,1.6290,2025-08-27 21:28:51,379.0
0.5240,17.0150,0.5490,96.8490,1.6780,2025-08-28 10:55:51,380.0
0.5170,16.9550,0.7180,97.5170,1.6850,2025-08-28 10:55:51,380.0
0.5430,16.9170,0.4380,97.0540,1.8040,2025-08-28 10:55:51,380.0
0.5220,16.88,0.6760,97.2890,1.8430,2025-08-28 10:55:51,380.0
0.5260,16.8510,0.5560,96.8740,1.7390,2025-08-28 10:55:51,380.0
0.5450,17.0310,0.5180,97.0790,1.7940,2025-08-28 10:55:51,380.0
0.5190,16.9490,0.5810,97.2450,1.7250,2025-08-28 10:55:51,380.0
0.52,16.9650,0.4230,96.7250,1.7610,2025-08-28 10:55:51,380.0
0.5410,16.9520,0.56,96.9260,1.7950,2025-08-28 10:55:51,380.0
0.5280,16.9650,0.5990,96.8420,1.81,2025-08-28 10:55:51,380.0
0.56,16.9740,0.4310,97.0570,1.89,2025-08-28 10:55:51,380.0
0.5170,16.9650,0.4410,97.0410,1.6330,2025-08-28 10:55:51,380.0
0.5210,16.9020,0.4790,96.8090,1.8130,2025-08-28 10:55:51,380.0
0.5440,16.8450,0.4270,97.2690,1.9470,2025-08-28 10:55:51,380.0
0.5420,16.8990,0.5880,96.9980,1.8490,2025-08-28 10:55:51,380.0
0.5180,16.9430,0.4690,97.0040,1.7140,2025-08-28 10:55:51,380.0
0.5440,16.9080,0.5560,96.7190,1.8210,2025-08-28 10:55:51,380.0
0.5370,16.9020,0.6190,97.3130,1.8770,2025-08-28 10:55:51,380.0
0.55,17.0310,0.4730,96.8530,1.8930,2025-08-28 10:55:51,380.0
0.5230,16.98,0.4230,97.0390,1.6720,2025-08-28 10:55:51,380.0
0.5520,17.0840,0.6410,96.9980,1.7770,2025-08-28 13:10:55,381.0
0.5220,17.0810,0.50,96.95,1.6730,2025-08-28 13:10:55,381.0
0.5230,17.1060,0.4870,96.7930,1.6430,2025-08-28 13:10:55,381.0
0.5360,17.0180,0.43,96.7240,1.7630,2025-08-28 13:10:55,381.0
0.5480,17.0780,0.6650,96.9420,1.87,2025-08-28 13:10:55,381.0
0.5430,17.0650,0.5850,97.1290,1.7590,2025-08-28 13:10:55,381.0
0.5270,16.9390,0.6760,97.2030,1.71,2025-08-28 13:10:55,381.0
0.5260,17.0120,0.4690,96.8280,1.6170,2025-08-28 13:10:55,381.0
0.5570,17.0090,0.4620,97.2250,1.7840,2025-08-28 13:10:55,381.0
0.5470,17.0150,0.4970,97.0560,1.84,2025-08-28 13:10:55,381.0
0.5310,17.04,0.43,97.1770,1.7270,2025-08-28 13:10:55,381.0
0.5410,17.1030,0.4380,96.7550,1.6710,2025-08-28 13:10:55,381.0
0.53,17.1090,0.5640,96.9750,1.6620,2025-08-28 13:10:55,381.0
0.5090,17.0120,0.5320,96.65,1.57,2025-08-28 13:10:55,381.0
0.5180,17.0780,0.5640,96.8180,1.6430,2025-08-28 13:10:55,381.0
0.5560,17.1150,0.6020,96.8230,1.8780,2025-08-28 13:10:55,381.0
0.5280,17.0310,0.49,96.7460,1.6510,2025-08-28 13:10:55,381.0
0.5280,17.1370,0.5320,97.10,1.6430,2025-08-28 13:10:55,381.0
0.5310,16.9460,0.5210,97.0520,1.7270,2025-08-28 13:10:55,381.0
0.5050,16.9870,0.4790,96.7080,1.65,2025-08-28 13:10:55,381.0
0.54,16.9430,0.6860,97.0540,1.7210,2025-08-28 19:26:04,382.0
0.5180,17.0090,0.5070,97.0210,1.64,2025-08-28 19:26:04,382.0
0.5360,17.0020,0.5350,97.1130,1.8040,2025-08-28 19:26:04,382.0
0.5280,17.04,0.8050,96.7760,1.7220,2025-08-28 19:26:04,382.0
0.5450,17.0810,0.64,97.1510,1.7420,2025-08-28 19:26:04,382.0
0.5310,17.0120,0.5430,97.0380,1.8370,2025-08-28 19:26:04,382.0
0.52,17.0680,0.4580,96.9120,1.6850,2025-08-28 19:26:04,382.0
0.53,17.04,0.4480,96.8120,1.6640,2025-08-28 19:26:04,382.0
0.5360,17.0310,0.4730,96.9570,1.7420,2025-08-28 19:26:04,382.0
0.5680,17.0370,0.6160,97.1890,1.8320,2025-08-28 19:26:04,382.0
0.55,17.0590,0.5570,97.0190,1.9030,2025-08-28 19:26:04,382.0
0.55,17.0150,0.4830,97.0590,1.8890,2025-08-28 19:26:04,382.0
0.5290,17.0050,0.56,96.73,1.7740,2025-08-28 19:26:04,382.0
0.55,16.9360,0.6890,97.1910,2.0110,2025-08-28 19:26:04,382.0
0.5270,16.9580,0.5040,97.02,1.78,2025-08-28 19:26:04,382.0
0.5580,17.04,0.5180,96.7460,1.8590,2025-08-28 19:26:04,382.0
0.5380,17.0020,0.3640,97.1540,1.7290,2025-08-28 19:26:04,382.0
0.5060,16.9710,0.5290,96.9810,1.6510,2025-08-28 19:26:04,382.0
0.5420,16.9680,0.63,96.9780,1.8060,2025-08-28 19:26:04,382.0
0.5380,16.9870,0.3850,97.0490,1.8150,2025-08-28 19:26:04,382.0
0.5370,16.9360,0.5110,96.9070,1.7810,2025-08-28 21:26:07,383.0
0.5280,16.9460,0.5180,97.0960,1.6820,2025-08-28 21:26:07,383.0
0.5490,17.0590,0.4410,96.7640,1.8160,2025-08-28 21:26:07,383.0
0.5320,16.9610,0.5850,96.9380,1.6890,2025-08-28 21:26:07,383.0
0.5210,16.9390,0.4620,97.0670,1.7650,2025-08-28 21:26:07,383.0
0.5380,16.93,0.4790,97.0110,1.8150,2025-08-28 21:26:07,383.0
0.5370,16.9210,0.5040,96.9790,1.8670,2025-08-28 21:26:07,383.0
0.5320,16.8610,0.49,97.0050,1.6660,2025-08-28 21:26:07,383.0
0.5260,16.9830,0.48,97.2070,1.74,2025-08-28 21:26:07,383.0
0.5390,17.0180,0.7140,96.8440,1.6640,2025-08-28 21:26:07,383.0
0.5290,17.0680,0.5670,96.9980,1.5930,2025-08-28 21:26:07,383.0
0.5320,16.9490,0.4830,96.8750,1.77,2025-08-28 21:26:07,383.0
0.5330,17.0680,0.5320,96.8090,1.6960,2025-08-28 21:26:07,383.0
0.5610,17.0930,0.5220,96.8710,1.7720,2025-08-28 21:26:07,383.0
0.5180,16.9460,0.5220,96.8560,1.5850,2025-08-28 21:26:07,383.0
0.5510,16.9270,0.4760,97.1870,1.8230,2025-08-28 21:26:07,383.0
0.5410,16.8950,0.4720,97.0130,1.7430,2025-08-28 21:26:07,383.0
0.5280,17.0650,0.5530,97.0070,1.6540,2025-08-28 21:26:07,383.0
0.5260,17.0020,0.5460,97.2070,1.75,2025-08-28 21:26:07,383.0
0.5180,17.0930,0.6580,96.6340,1.7070,2025-08-28 21:26:07,383.0
0.5370,17.0270,0.50,96.8220,1.7050,2025-08-29 11:42:47,384.0
0.5360,16.9330,0.5040,97.3760,1.80,2025-08-29 11:42:47,384.0
0.5350,16.9110,0.5110,97.1570,1.7410,2025-08-29 11:42:47,384.0
0.5430,16.9240,0.5910,96.88,1.7610,2025-08-29 11:42:47,384.0
0.5210,16.9680,0.4830,96.8590,1.6620,2025-08-29 11:42:47,384.0
0.53,17.0090,0.5280,96.9640,1.7880,2025-08-29 11:42:47,384.0
0.5560,17.0180,0.4520,96.7940,1.83,2025-08-29 11:42:47,384.0
0.5220,16.9960,0.5320,96.8220,1.7480,2025-08-29 11:42:47,384.0
0.5370,16.93,0.5040,97.02,1.8630,2025-08-29 11:42:47,384.0
0.5460,16.9650,0.4340,96.9680,1.8330,2025-08-29 11:42:47,384.0
0.5390,16.9360,0.6270,96.7930,1.7360,2025-08-29 11:42:47,384.0
0.5390,16.9270,0.5110,96.7570,1.7840,2025-08-29 11:42:47,384.0
0.5320,16.9710,0.5070,97.0860,1.7090,2025-08-29 11:42:47,384.0
0.5490,16.9710,0.4170,96.9480,1.9290,2025-08-29 11:42:47,384.0
0.5380,16.9330,0.4440,97.1290,1.7660,2025-08-29 11:42:47,384.0
0.5150,16.9550,0.56,97.06,1.70,2025-08-29 11:42:47,384.0
0.5280,16.8890,0.3570,97.0440,1.7430,2025-08-29 11:42:47,384.0
0.5160,16.9830,0.6750,96.7530,1.6780,2025-08-29 11:42:47,384.0
0.5370,16.9170,0.5740,97.1880,1.7660,2025-08-29 11:42:47,384.0
0.5490,17.0340,0.4270,96.9530,1.8230,2025-08-29 11:42:47,384.0
0.55,16.99,0.5530,96.7920,1.7980,2025-08-29 13:02:50,385.0
0.5270,16.9830,0.6020,96.88,1.8040,2025-08-29 13:02:50,385.0
0.5570,16.9770,0.5320,97.0750,1.7170,2025-08-29 13:02:50,385.0
0.5740,17.0120,0.4410,96.8670,1.9530,2025-08-29 13:02:50,385.0
0.5370,16.9930,0.62,96.7520,1.7570,2025-08-29 13:02:50,385.0
0.5440,16.8860,0.4590,97.1630,1.8040,2025-08-29 13:02:50,385.0
0.5540,16.8330,0.5460,96.7430,1.9250,2025-08-29 13:02:50,385.0
0.5530,16.88,0.4830,97.0430,1.8510,2025-08-29 13:02:50,385.0
0.55,16.99,0.5040,96.9860,1.8510,2025-08-29 13:02:50,385.0
0.5270,16.8550,0.6160,97.0630,1.8230,2025-08-29 13:02:50,385.0
0.5490,16.9650,0.5740,97.4320,1.8350,2025-08-29 13:02:50,385.0
0.53,17.0680,0.5290,96.7540,1.7820,2025-08-29 13:02:50,385.0
0.5510,16.9680,0.6830,97.2440,1.8180,2025-08-29 13:02:50,385.0
0.5490,16.9830,0.5990,96.9160,1.9780,2025-08-29 13:02:50,385.0
0.5690,16.9650,0.49,96.79,1.9570,2025-08-29 13:02:50,385.0
0.55,17.0020,0.5530,97.0580,1.8780,2025-08-29 13:02:50,385.0
0.5270,16.8950,0.5390,96.9110,1.7910,2025-08-29 13:02:50,385.0
0.5350,16.9490,0.6160,96.63,1.7590,2025-08-29 13:02:50,385.0
0.5460,16.9830,0.6230,96.78,1.9120,2025-08-29 13:02:50,385.0
0.5450,16.93,0.4970,97.0580,1.9160,2025-08-29 13:02:50,385.0
0.5510,17.0370,0.4620,97.1020,1.7570,2025-08-29 19:37:57,386.0
0.5460,17.0460,0.5740,96.9060,1.8450,2025-08-29 19:37:57,386.0
0.5240,17.0090,0.6270,97.0020,1.72,2025-08-29 19:37:57,386.0
0.5360,16.9580,0.4860,97.0460,1.8180,2025-08-29 19:37:57,386.0
0.5580,17.0240,0.4550,97.18,1.8610,2025-08-29 19:37:57,386.0
0.5490,16.9770,0.4580,97.0740,1.7830,2025-08-29 19:37:57,386.0
0.51,16.8730,0.6160,96.9170,1.7340,2025-08-29 19:37:57,386.0
0.5170,16.9770,0.5490,96.9410,1.7320,2025-08-29 19:37:57,386.0
0.5120,17.0530,0.4790,96.7630,1.6890,2025-08-29 19:37:57,386.0
0.5260,16.9960,0.3990,97.07,1.7050,2025-08-29 19:37:57,386.0
0.5270,16.9460,0.4230,96.99,1.7120,2025-08-29 19:37:57,386.0
0.5380,16.9680,0.63,96.8990,1.88,2025-08-29 19:37:57,386.0
0.5080,16.9430,0.4620,96.7040,1.6640,2025-08-29 19:37:57,386.0
0.5560,17.0090,0.5420,96.9830,1.9440,2025-08-29 19:37:57,386.0
0.5280,16.9360,0.5840,96.9270,1.7510,2025-08-29 19:37:57,386.0
0.5490,17.0240,0.4340,96.9090,1.8720,2025-08-29 19:37:57,386.0
0.5350,17.0120,0.6160,96.9450,1.7860,2025-08-29 19:37:57,386.0
0.5290,16.9960,0.5290,96.8710,1.6450,2025-08-29 19:37:57,386.0
0.5240,16.9240,0.4060,97.1870,1.7470,2025-08-29 19:37:57,386.0
0.5150,16.9580,0.5220,96.9370,1.7310,2025-08-29 19:37:57,386.0
0.5320,16.9490,0.4970,97.15,1.7210,2025-09-01 14:52:34,387.0
0.5590,16.9490,0.4520,97.0830,2.0020,2025-09-01 14:52:34,387.0
0.5510,16.9740,0.49,96.9170,1.8710,2025-09-01 14:52:34,387.0
0.5210,16.9460,0.6510,96.9830,1.7220,2025-09-01 14:52:34,387.0
0.5330,16.9240,0.5560,97.1410,1.8010,2025-09-01 14:52:34,387.0
0.5420,17.0090,0.7450,96.7860,1.7320,2025-09-01 14:52:34,387.0
0.5340,16.9460,0.4480,96.7810,1.6830,2025-09-01 14:52:34,387.0
0.5620,16.9930,0.4270,97.0990,1.9640,2025-09-01 14:52:34,387.0
0.5250,17.0090,0.3990,96.9050,1.7910,2025-09-01 14:52:34,387.0
0.5410,16.9710,0.4730,97.1430,1.8940,2025-09-01 14:52:34,387.0
0.5220,16.9990,0.3010,97.0770,1.6740,2025-09-01 14:52:34,387.0
0.5250,16.9490,0.5630,97.1110,1.7360,2025-09-01 14:52:34,387.0
0.54,16.9210,0.5430,97.1310,1.7370,2025-09-01 14:52:34,387.0
0.5260,17.0150,0.5910,96.8410,1.7020,2025-09-01 14:52:34,387.0
0.5420,16.9650,0.4550,97.01,1.7340,2025-09-01 14:52:34,387.0
0.5370,16.9650,0.5040,97.2520,1.7020,2025-09-01 14:52:34,387.0
0.5470,17.0090,0.5390,96.8780,1.8320,2025-09-01 14:52:34,387.0
0.5440,16.9650,0.6020,97.16,1.88,2025-09-01 14:52:34,387.0
0.5470,17.0270,0.3960,97.1650,1.8530,2025-09-01 14:52:34,387.0
0.5160,16.9460,0.4410,97.1190,1.6660,2025-09-01 14:52:34,387.0
0.5360,16.9110,0.5980,97.1430,1.7680,2025-09-01 19:42:43,388.0
0.53,16.8950,0.6230,97.0610,1.6280,2025-09-01 19:42:43,388.0
0.5170,16.8330,0.4730,96.9560,1.8090,2025-09-01 19:42:43,388.0
0.5440,16.8480,0.5040,97.1120,1.7720,2025-09-01 19:42:43,388.0
0.5330,16.7760,0.5560,97.0230,1.7220,2025-09-01 19:42:43,388.0
0.5610,16.8610,0.4130,97.0310,1.8750,2025-09-01 19:42:43,388.0
0.5330,16.7640,0.6790,97.0110,1.7870,2025-09-01 19:42:43,388.0
0.5320,16.8990,0.6370,97.1910,1.7390,2025-09-01 19:42:43,388.0
0.53,16.88,0.5770,97.1310,1.7370,2025-09-01 19:42:43,388.0
0.5390,16.82,0.50,97.1920,1.7820,2025-09-01 19:42:43,388.0
0.5360,17.04,0.5250,96.8660,1.8420,2025-09-01 19:42:43,388.0
0.5170,16.93,0.8650,96.88,1.7430,2025-09-01 19:42:43,388.0
0.5220,16.9330,0.6130,96.88,1.6380,2025-09-01 19:42:43,388.0
0.5320,16.7890,0.5980,97.1320,1.7050,2025-09-01 19:42:43,388.0
0.5630,16.8950,0.5250,97.0620,1.8950,2025-09-01 19:42:43,388.0
0.5230,16.88,0.63,96.8130,1.8740,2025-09-01 19:42:43,388.0
0.5560,16.8510,0.5710,97.1050,1.8040,2025-09-01 19:42:43,388.0
0.5320,16.7040,0.8370,96.9350,1.8090,2025-09-01 19:42:43,388.0
0.5360,16.8450,0.8890,97.0350,1.8770,2025-09-01 19:42:43,388.0
0.5350,16.8330,0.4870,97.0780,1.8080,2025-09-01 19:42:43,388.0
0.5460,16.93,0.6440,97.1540,1.6810,2025-09-01 21:22:47,389.0
0.5170,16.9080,0.5040,97.6070,1.7080,2025-09-01 21:22:47,389.0
0.5240,16.9140,0.3640,97.0840,1.6480,2025-09-01 21:22:47,389.0
0.5230,16.9210,0.5390,96.8580,1.7640,2025-09-01 21:22:47,389.0
0.5250,16.8640,0.4830,97.1640,1.7960,2025-09-01 21:22:47,389.0
0.5290,16.8830,0.6790,96.8180,1.7420,2025-09-01 21:22:47,389.0
0.5370,16.8670,0.4410,96.9630,1.8050,2025-09-01 21:22:47,389.0
0.5390,16.8330,0.6830,97.0230,1.7670,2025-09-01 21:22:47,389.0
0.5350,16.8950,0.4830,96.8380,1.7580,2025-09-01 21:22:47,389.0
0.53,16.8920,0.4760,97.0720,1.76,2025-09-01 21:22:47,389.0
0.5510,16.8990,0.5150,96.9170,1.9810,2025-09-01 21:22:47,389.0
0.5320,16.8990,0.4440,97.0320,1.8220,2025-09-01 21:22:47,389.0
0.5330,16.87,0.5710,96.79,1.67,2025-09-01 21:22:47,389.0
0.5240,16.8990,0.6410,96.9850,1.6810,2025-09-01 21:22:47,389.0
0.5090,16.8860,0.5250,96.8840,1.7720,2025-09-01 21:22:47,389.0
0.5530,16.9240,0.6750,97.0840,1.7730,2025-09-01 21:22:47,389.0
0.5360,16.9210,0.5640,96.8910,1.6820,2025-09-01 21:22:47,389.0
0.5520,16.8420,0.4870,96.95,1.8670,2025-09-01 21:22:47,389.0
0.53,16.8640,0.62,96.86,1.7820,2025-09-01 21:22:47,389.0
0.5090,16.9240,0.5740,96.8890,1.7090,2025-09-01 21:22:47,389.0
0.5410,16.9460,0.5150,97.1490,1.8330,2025-09-02 10:59:03,390.0
0.5310,16.9170,0.4730,97.1450,1.8210,2025-09-02 10:59:03,390.0
0.5250,16.98,0.5910,96.9930,1.7590,2025-09-02 10:59:03,390.0
0.5450,16.9490,0.5850,96.8910,1.8360,2025-09-02 10:59:03,390.0
0.5310,16.9140,0.6720,97.3560,1.6490,2025-09-02 10:59:03,390.0
0.5260,16.9740,0.4270,97.1540,1.7120,2025-09-02 10:59:03,390.0
0.5240,16.9650,0.6830,96.9280,1.6460,2025-09-02 10:59:03,390.0
0.5190,16.8830,0.4550,97.0930,1.62,2025-09-02 10:59:03,390.0
0.5380,16.9170,0.5460,97.0820,1.7210,2025-09-02 10:59:03,390.0
0.5270,16.9360,0.4060,97.1020,1.7710,2025-09-02 10:59:03,390.0
0.5210,16.9740,0.5780,96.9570,1.5830,2025-09-02 10:59:03,390.0
0.5160,16.8450,0.5530,97.0610,1.70,2025-09-02 10:59:03,390.0
0.5220,16.8950,0.4940,97.0160,1.6990,2025-09-02 10:59:03,390.0
0.5260,16.9020,0.5390,96.9170,1.7420,2025-09-02 10:59:03,390.0
0.5310,16.9650,0.5320,97.1740,1.72,2025-09-02 10:59:03,390.0
0.5450,16.9550,0.4060,96.72,1.8450,2025-09-02 10:59:03,390.0
0.5140,16.9770,0.5640,97.1610,1.6390,2025-09-02 10:59:03,390.0
0.5320,17.0340,0.35,97.0060,1.6510,2025-09-02 10:59:03,390.0
0.53,16.9270,0.35,96.8930,1.8030,2025-09-02 10:59:03,390.0
0.5150,16.8450,0.7660,96.8650,1.7010,2025-09-02 10:59:03,390.0
0.5370,16.9390,0.5110,97.0470,1.82,2025-09-02 13:24:11,391.0
0.5410,16.9020,0.4970,96.90,1.83,2025-09-02 13:24:11,391.0
0.5140,16.8830,0.56,96.88,1.7090,2025-09-02 13:24:11,391.0
0.5450,16.9520,0.4790,96.9070,1.9260,2025-09-02 13:24:11,391.0
0.5360,16.9240,0.5180,96.9360,1.7180,2025-09-02 13:24:11,391.0
0.5090,16.9140,0.5390,96.8090,1.6330,2025-09-02 13:24:11,391.0
0.5250,16.88,0.4520,96.9050,1.7320,2025-09-02 13:24:11,391.0
0.5340,16.88,0.6860,97.2280,1.8340,2025-09-02 13:24:11,391.0
0.5280,16.88,0.5670,96.8830,1.8380,2025-09-02 13:24:11,391.0
0.5310,16.9550,0.4580,97.0820,1.7240,2025-09-02 13:24:11,391.0
0.5440,16.99,0.4510,97.2620,1.8540,2025-09-02 13:24:11,391.0
0.5260,16.9020,0.5210,97.0590,1.6950,2025-09-02 13:24:11,391.0
0.5480,16.9330,0.5290,96.8090,1.8760,2025-09-02 13:24:11,391.0
0.5270,16.8480,0.4760,97.0340,1.7970,2025-09-02 13:24:11,391.0
0.52,16.9170,0.5670,96.80,1.6270,2025-09-02 13:24:11,391.0
0.55,16.8890,0.4550,97.3260,0.0260,2025-09-02 13:24:11,391.0
0.5480,16.9550,0.49,96.8540,1.8430,2025-09-02 13:24:11,391.0
0.5360,16.9080,0.6890,97.0210,1.79,2025-09-02 13:24:11,391.0
0.5370,16.9460,0.6230,97.0780,1.8260,2025-09-02 13:24:11,391.0
0.5180,17.0620,0.6020,96.9240,1.6740,2025-09-02 13:24:11,391.0
0.5360,16.9330,0.6540,96.8380,1.8110,2025-09-02 19:39:20,392.0
0.5420,16.9580,0.62,96.7790,1.8820,2025-09-02 19:39:20,392.0
0.53,16.9330,0.5320,96.9080,1.7290,2025-09-02 19:39:20,392.0
0.52,16.8610,0.69,97.1590,1.7990,2025-09-02 19:39:20,392.0
0.4990,16.8730,0.5180,97.03,1.6130,2025-09-02 19:39:20,392.0
0.5380,16.8260,0.4240,97.14,1.7760,2025-09-02 19:39:20,392.0
0.52,16.9210,0.4060,96.7720,1.8580,2025-09-02 19:39:20,392.0
0.5310,16.8170,0.5210,97.0110,1.77,2025-09-02 19:39:20,392.0
0.5380,16.9960,0.4520,97.03,1.77,2025-09-02 19:39:20,392.0
0.5260,16.9610,0.6120,96.9320,1.8360,2025-09-02 19:39:20,392.0
0.5490,16.9740,0.5390,97.1030,1.7880,2025-09-02 19:39:20,392.0
0.5290,16.8450,0.5670,97.2240,1.8870,2025-09-02 19:39:20,392.0
0.52,16.8770,0.5910,97.18,1.6650,2025-09-02 19:39:20,392.0
0.5270,16.9550,0.6090,96.9970,1.7210,2025-09-02 19:39:20,392.0
0.5040,16.8830,0.5910,96.9120,1.6830,2025-09-02 19:39:20,392.0
0.5120,16.9360,0.7420,96.7330,1.7940,2025-09-02 19:39:20,392.0
0.5360,16.9330,0.56,96.8450,1.8310,2025-09-02 19:39:20,392.0
0.5390,16.8670,0.3850,97.3940,1.9550,2025-09-02 19:39:20,392.0
0.5380,16.9430,0.4860,97.1040,1.8770,2025-09-02 19:39:20,392.0
0.54,16.9210,0.5880,96.9890,1.7840,2025-09-02 19:39:20,392.0
0.5260,16.8920,0.6580,96.9080,1.7640,2025-09-02 21:24:23,393.0
0.5250,16.8450,0.5990,96.7070,1.8540,2025-09-02 21:24:23,393.0
0.5380,17.0180,0.5390,96.78,1.8530,2025-09-02 21:24:23,393.0
0.5370,16.8670,0.4940,96.8280,1.9720,2025-09-02 21:24:23,393.0
0.5510,16.8920,0.6790,96.7290,1.9430,2025-09-02 21:24:23,393.0
0.5290,16.9430,0.5880,96.8160,1.8670,2025-09-02 21:24:23,393.0
0.53,16.9020,0.4270,96.91,1.69,2025-09-02 21:24:23,393.0
0.5230,16.9650,0.4480,96.8160,1.8490,2025-09-02 21:24:23,393.0
0.53,16.8670,0.5670,96.8760,1.7470,2025-09-02 21:24:23,393.0
0.5060,16.8080,0.6830,96.85,1.7340,2025-09-02 21:24:23,393.0
0.50,16.8990,0.5740,96.9070,1.6830,2025-09-02 21:24:23,393.0
0.5510,17.0180,0.4970,97.0060,1.85,2025-09-02 21:24:23,393.0
0.5450,16.9580,0.5850,96.8050,1.7760,2025-09-02 21:24:23,393.0
0.53,16.8860,0.3920,96.9950,1.7380,2025-09-02 21:24:23,393.0
0.51,16.8450,0.4480,96.8820,1.67,2025-09-02 21:24:23,393.0
0.5290,16.7570,0.5910,97.0680,1.70,2025-09-02 21:24:23,393.0
0.5320,16.9550,0.5010,96.8630,1.7970,2025-09-02 21:24:23,393.0
0.5270,16.93,0.5220,97.0590,1.7080,2025-09-02 21:24:23,393.0
0.55,16.9210,0.5180,97.2720,1.7940,2025-09-02 21:24:23,393.0
0.5470,16.8040,0.5990,96.74,1.8680,2025-09-02 21:24:23,393.0
0.5440,16.9650,0.7180,96.97,1.7040,2025-09-03 11:20:42,394.0
0.53,17.0680,0.49,96.9290,1.7760,2025-09-03 11:20:42,394.0
0.5250,16.9740,0.5810,96.7640,1.6510,2025-09-03 11:20:42,394.0
0.54,17.0490,0.4860,96.9610,1.8320,2025-09-03 11:20:42,394.0
0.5320,17.04,0.3290,96.97,1.7180,2025-09-03 11:20:42,394.0
0.5310,17.0750,0.2870,96.8340,1.7250,2025-09-03 11:20:42,394.0
0.5380,17.0620,0.4340,96.9530,1.8870,2025-09-03 11:20:42,394.0
0.5490,17.0680,0.4520,97.0640,1.7650,2025-09-03 11:20:42,394.0
0.5490,16.9770,0.4440,97.1770,1.7890,2025-09-03 11:20:42,394.0
0.5220,17.0120,0.7450,96.8670,1.8080,2025-09-03 11:20:42,394.0
0.5530,16.9990,0.4510,96.9610,1.9230,2025-09-03 11:20:42,394.0
0.5220,16.9240,0.5040,97.0060,1.6640,2025-09-03 11:20:42,394.0
0.5290,16.93,0.5460,96.9170,1.8150,2025-09-03 11:20:42,394.0
0.5220,16.99,0.5710,97.3850,1.6670,2025-09-03 11:20:42,394.0
0.5440,17.0530,0.5290,96.6750,1.7920,2025-09-03 11:20:42,394.0
0.5210,16.98,0.4940,96.8150,1.6680,2025-09-03 11:20:42,394.0
0.5420,17.0050,0.4170,97.0440,1.7240,2025-09-03 11:20:42,394.0
0.52,16.9210,0.49,97.0050,1.7420,2025-09-03 11:20:42,394.0
0.5350,16.9710,0.4830,97.0810,1.8980,2025-09-03 11:20:42,394.0
0.5350,17.0840,0.4550,96.8350,1.7620,2025-09-03 11:20:42,394.0
0.5450,17.0530,0.6090,96.9850,1.7780,2025-09-03 13:05:47,395.0
0.5480,17.0490,0.6330,96.7660,1.8530,2025-09-03 13:05:47,395.0
0.5330,17.0370,0.5360,96.9630,1.7450,2025-09-03 13:05:47,395.0
0.5540,17.0270,0.4940,97.1580,1.8940,2025-09-03 13:05:47,395.0
0.5270,16.9770,0.4620,97.1820,1.6760,2025-09-03 13:05:47,395.0
0.5450,16.9830,0.4720,96.6240,1.7110,2025-09-03 13:05:47,395.0
0.5220,16.99,0.4720,97.1210,1.6360,2025-09-03 13:05:47,395.0
0.5490,16.99,0.5780,96.93,1.7490,2025-09-03 13:05:47,395.0
0.5380,16.9360,0.6120,96.6690,1.7290,2025-09-03 13:05:47,395.0
0.5560,16.99,0.5320,96.8960,1.7810,2025-09-03 13:05:47,395.0
0.5510,17.0590,0.55,97.1020,1.7940,2025-09-03 13:05:47,395.0
0.5310,17.0930,0.5430,96.8880,1.6790,2025-09-03 13:05:47,395.0
0.56,16.9990,0.5740,97.1290,1.9060,2025-09-03 13:05:47,395.0
0.5150,16.98,0.4650,97.0140,1.6680,2025-09-03 13:05:47,395.0
0.5050,16.7640,0.5460,96.9270,1.6380,2025-09-03 13:05:47,395.0
0.5360,17.0120,0.4480,97.0470,1.7070,2025-09-03 13:05:47,395.0
0.5320,17.0780,0.5710,96.7840,1.8270,2025-09-03 13:05:47,395.0
0.5110,16.9870,0.35,96.7980,1.7150,2025-09-03 13:05:47,395.0
0.5190,16.8860,0.5350,97.1830,1.6740,2025-09-03 13:05:47,395.0
0.5180,16.9330,0.6970,96.9040,1.7590,2025-09-03 13:05:47,395.0
0.5560,17.0180,0.5320,96.8070,1.9730,2025-09-03 20:20:56,396.0
0.5450,16.9330,0.42,97.12,1.76,2025-09-03 20:20:56,396.0
0.5390,16.9650,0.6090,96.8150,1.8870,2025-09-03 20:20:56,396.0
0.5420,16.87,0.6020,97.1440,1.8850,2025-09-03 20:20:56,396.0
0.5310,16.9580,0.4830,96.8480,1.7220,2025-09-03 20:20:56,396.0
0.53,16.9210,0.5180,96.9340,1.7750,2025-09-03 20:20:56,396.0
0.5370,16.9770,0.4790,96.7560,1.7520,2025-09-03 20:20:56,396.0
0.5450,16.9960,0.4090,97.0490,1.8490,2025-09-03 20:20:56,396.0
0.5330,16.9710,0.5530,96.8520,1.7970,2025-09-03 20:20:56,396.0
0.5380,17.0460,0.5950,96.7750,1.82,2025-09-03 20:20:56,396.0
0.5250,16.9050,0.5320,97.02,1.7570,2025-09-03 20:20:56,396.0
0.5370,16.9830,0.5420,96.7740,1.8680,2025-09-03 20:20:56,396.0
0.54,16.9360,0.5210,97.0870,1.8140,2025-09-03 20:20:56,396.0
0.5370,16.9020,0.7320,96.7250,1.8630,2025-09-03 20:20:56,396.0
0.5260,16.9140,0.5110,97.1630,1.6570,2025-09-03 20:20:56,396.0
0.5320,16.9990,0.5920,96.7210,1.7470,2025-09-03 20:20:56,396.0
0.5240,17.0020,0.4690,96.7280,1.7530,2025-09-03 20:20:56,396.0
0.5210,16.9580,0.5040,96.9790,1.7090,2025-09-03 20:20:56,396.0
0.5330,16.8330,0.5740,96.8020,1.7950,2025-09-03 20:20:56,396.0
0.5330,16.9550,0.63,96.8620,1.7240,2025-09-03 20:20:56,396.0
0.5280,16.88,0.5210,97.0040,1.6910,2025-09-03 21:31:01,397.0
0.5280,16.9140,0.4660,97.0940,1.6910,2025-09-03 21:31:01,397.0
0.5650,16.9520,0.4380,97.04,1.9180,2025-09-03 21:31:01,397.0
0.5440,16.9080,0.5350,97.0020,1.9830,2025-09-03 21:31:01,397.0
0.53,16.88,0.6510,97.0930,1.8250,2025-09-03 21:31:01,397.0
0.5390,16.9080,0.4440,97.0160,1.7490,2025-09-03 21:31:01,397.0
0.5330,17.0120,0.5910,97.0840,1.7290,2025-09-03 21:31:01,397.0
0.5250,16.99,0.6270,96.8970,1.6220,2025-09-03 21:31:01,397.0
0.53,16.93,0.4790,96.8540,1.8630,2025-09-03 21:31:01,397.0
0.5130,16.8330,0.4970,96.7610,1.7450,2025-09-03 21:31:01,397.0
0.5310,16.9110,0.5040,96.9350,1.6640,2025-09-03 21:31:01,397.0
0.5050,16.7760,0.5420,97.0470,1.6840,2025-09-03 21:31:01,397.0
0.5390,16.8670,0.4940,97.1520,1.7920,2025-09-03 21:31:01,397.0
0.5320,16.8550,0.4790,96.8830,1.7310,2025-09-03 21:31:01,397.0
0.5260,16.9580,0.70,96.8230,1.6910,2025-09-03 21:31:01,397.0
0.5480,16.9610,0.6370,96.9640,1.8720,2025-09-03 21:31:01,397.0
0.5530,17.0370,0.4170,96.8060,1.8220,2025-09-03 21:31:01,397.0
0.5270,16.9240,0.4690,97.2970,1.7720,2025-09-03 21:31:01,397.0
0.5370,16.9240,0.6370,96.6680,1.8330,2025-09-03 21:31:01,397.0
0.5010,16.8730,0.63,96.9370,1.5870,2025-09-03 21:31:01,397.0
0.5340,17.1060,0.6090,96.7450,1.8150,2025-09-04 11:06:10,398.0
0.5290,16.9210,0.4060,96.9880,1.6770,2025-09-04 11:06:10,398.0
0.5580,16.9170,0.5430,96.9070,1.9740,2025-09-04 11:06:10,398.0
0.5120,16.9050,0.4870,96.9670,1.6160,2025-09-04 11:06:10,398.0
0.5380,16.98,0.5780,97.0940,1.8220,2025-09-04 11:06:10,398.0
0.5480,16.8580,0.4340,97.0590,1.7660,2025-09-04 11:06:10,398.0
0.5270,16.9170,0.6620,96.8570,1.7360,2025-09-04 11:06:10,398.0
0.5560,16.9430,0.6330,97.0150,1.7670,2025-09-04 11:06:10,398.0
0.5430,16.8640,0.56,97.1360,1.7780,2025-09-04 11:06:10,398.0
0.5110,16.8640,0.4340,97.0110,1.6290,2025-09-04 11:06:10,398.0
0.5510,16.99,0.49,96.9120,2.2280,2025-09-04 11:06:10,398.0
0.5480,17.04,0.5910,97.1280,1.82,2025-09-04 11:06:10,398.0
0.5560,17.0490,0.3780,96.8080,1.8380,2025-09-04 11:06:10,398.0
0.5360,17.0150,0.5910,96.7710,1.7570,2025-09-04 11:06:10,398.0
0.53,16.8990,0.5320,96.9670,1.7640,2025-09-04 11:06:10,398.0
0.5270,16.9930,0.4940,97.0250,1.9160,2025-09-04 11:06:10,398.0
0.5330,16.8670,0.6370,96.8890,1.7750,2025-09-04 11:06:10,398.0
0.5180,16.9080,0.5950,96.8930,1.7760,2025-09-04 11:06:10,398.0
0.5470,16.9050,0.4270,96.9770,1.8950,2025-09-04 11:06:10,398.0
0.5350,16.9990,0.4690,97.1020,1.8130,2025-09-04 11:06:10,398.0
0.5320,16.8860,0.4520,97.0940,1.68,2025-09-04 19:46:24,399.0
0.5530,16.9360,0.5390,97.0440,1.8950,2025-09-04 19:46:24,399.0
0.5620,16.9050,0.5710,97.02,2.0930,2025-09-04 19:46:24,399.0
0.5310,16.9140,0.5280,96.9750,1.8130,2025-09-04 19:46:24,399.0
0.53,16.9770,0.3780,96.97,1.7740,2025-09-04 19:46:24,399.0
0.5220,16.8990,0.55,97.0420,1.7110,2025-09-04 19:46:24,399.0
0.5130,16.93,0.3570,96.9620,1.6640,2025-09-04 19:46:24,399.0
0.5360,16.8920,0.4520,97.0610,1.7860,2025-09-04 19:46:24,399.0
0.5180,16.8260,0.5290,96.9060,1.7320,2025-09-04 19:46:24,399.0
0.5050,16.9430,0.5810,96.88,1.6560,2025-09-04 19:46:24,399.0
0.5270,16.8450,0.5950,96.8340,1.8480,2025-09-04 19:46:24,399.0
0.5380,16.9770,0.5280,97.0050,1.8160,2025-09-04 19:46:24,399.0
0.55,16.88,0.5290,97.1190,1.7750,2025-09-04 19:46:24,399.0
0.5460,16.8770,0.63,96.9890,1.9370,2025-09-04 19:46:24,399.0
0.5440,16.8860,0.4830,97.0990,1.9410,2025-09-04 19:46:24,399.0
0.5360,16.98,0.5210,96.78,1.8660,2025-09-04 19:46:24,399.0
0.53,16.9360,0.5910,97.0720,1.7490,2025-09-04 19:46:24,399.0
0.5420,16.9870,0.5250,97.0740,1.8130,2025-09-04 19:46:24,399.0
0.5090,16.82,0.5390,97.0080,1.6690,2025-09-04 19:46:24,399.0
0.5180,16.8990,0.5110,97.0070,1.68,2025-09-04 19:46:24,399.0
0.5410,16.8610,0.6540,97.1080,1.6870,2025-09-05 11:36:39,400.0
0.5180,16.88,0.7390,96.9620,1.7760,2025-09-05 11:36:39,400.0
0.5270,16.99,0.5780,97.1160,1.5670,2025-09-05 11:36:39,400.0
0.5330,16.98,0.70,97.0380,1.6480,2025-09-05 11:36:39,400.0
0.5410,17.0650,0.5570,97.1010,1.7940,2025-09-05 11:36:39,400.0
0.5460,16.9930,0.62,97.0810,1.7570,2025-09-05 11:36:39,400.0
0.55,16.9870,0.5710,97.1710,1.7730,2025-09-05 11:36:39,400.0
0.5370,17.0270,0.5040,96.8760,1.8030,2025-09-05 11:36:39,400.0
0.5360,17.0050,0.6370,96.9240,1.7020,2025-09-05 11:36:39,400.0
0.5310,16.9170,0.5530,96.9970,1.8360,2025-09-05 11:36:39,400.0
0.5340,16.9870,0.4580,97.1010,1.7480,2025-09-05 11:36:39,400.0
0.5330,16.9460,0.5810,97.2780,1.6970,2025-09-05 11:36:39,400.0
0.5280,16.9990,0.5780,96.9550,1.7240,2025-09-05 11:36:39,400.0
0.5590,17.0270,0.70,96.7580,1.9090,2025-09-05 11:36:39,400.0
0.5170,17.09,0.4580,97.1160,1.6560,2025-09-05 11:36:39,400.0
0.54,16.9360,0.5740,96.8970,1.78,2025-09-05 11:36:39,400.0
0.5090,16.8510,0.5180,96.9960,1.6780,2025-09-05 11:36:39,400.0
0.5010,16.9650,0.5040,96.9280,1.7070,2025-09-05 11:36:39,400.0
0.5310,16.99,0.5320,97.0690,1.6790,2025-09-05 11:36:39,400.0
0.5360,17.0180,0.5150,96.8630,1.8620,2025-09-05 11:36:39,400.0
0.5330,16.9710,0.5210,96.8030,1.82,2025-09-05 13:21:43,401.0
0.5320,16.9870,0.6020,96.8220,1.8570,2025-09-05 13:21:43,401.0
0.5320,16.8670,0.6440,97.0980,1.76,2025-09-05 13:21:43,401.0
0.5330,16.88,0.5740,96.9570,1.8150,2025-09-05 13:21:43,401.0
0.5290,16.9870,0.5810,97.3020,1.7930,2025-09-05 13:21:43,401.0
0.53,16.8670,0.4450,97.1190,1.8330,2025-09-05 13:21:43,401.0
0.5240,16.9580,0.6790,96.8380,1.7640,2025-09-05 13:21:43,401.0
0.5220,16.99,0.7040,96.8740,1.8040,2025-09-05 13:21:43,401.0
0.5430,17.1310,0.5250,96.7650,1.8560,2025-09-05 13:21:43,401.0
0.5230,16.9830,0.5560,96.8030,1.8120,2025-09-05 13:21:43,401.0
0.5290,16.9650,0.63,96.8860,1.7390,2025-09-05 13:21:43,401.0
0.5240,16.9550,0.5710,97.1190,1.84,2025-09-05 13:21:43,401.0
0.5310,17.0240,0.5070,96.9310,1.7810,2025-09-05 13:21:43,401.0
0.5340,17.0090,0.55,96.79,1.7610,2025-09-05 13:21:43,401.0
0.5290,16.87,0.7770,97.2670,1.79,2025-09-05 13:21:43,401.0
0.5230,17.0150,0.7140,97.0830,1.7890,2025-09-05 13:21:43,401.0
0.5380,16.8730,0.5740,97.0470,1.7790,2025-09-05 13:21:43,401.0
0.5380,16.9580,0.5980,97.1320,1.7380,2025-09-05 13:21:43,401.0
0.5420,16.88,0.7210,97.03,1.8920,2025-09-05 13:21:43,401.0
0.5380,16.9610,0.6440,97.0850,1.9190,2025-09-05 13:21:43,401.0
0.5290,16.9170,0.5220,96.8720,1.7460,2025-09-05 21:26:52,402.0
0.5440,16.8770,0.6440,96.7730,1.9950,2025-09-05 21:26:52,402.0
0.5230,16.8770,0.5670,97.1180,1.6640,2025-09-05 21:26:52,402.0
0.5360,16.8450,0.6020,96.92,1.8440,2025-09-05 21:26:52,402.0
0.52,16.9210,0.5530,96.8540,1.7580,2025-09-05 21:26:52,402.0
0.5410,16.9610,0.6680,96.7730,1.7920,2025-09-05 21:26:52,402.0
0.5210,16.8640,0.4650,97.1450,1.7760,2025-09-05 21:26:52,402.0
0.5330,16.9550,0.4620,96.9490,1.8170,2025-09-05 21:26:52,402.0
0.5390,16.8580,0.6330,96.9730,1.7620,2025-09-05 21:26:52,402.0
0.5030,16.87,0.5320,96.9230,1.61,2025-09-05 21:26:52,402.0
0.5540,16.9140,0.5250,108.1360,1.9970,2025-09-05 21:26:52,402.0
0.5340,16.83,0.7490,96.9430,1.7750,2025-09-05 21:26:52,402.0
0.5270,16.8730,0.6120,96.89,1.74,2025-09-05 21:26:52,402.0
0.5410,16.8990,0.6060,96.7730,1.8650,2025-09-05 21:26:52,402.0
0.5240,16.8420,0.4940,97.0840,1.7840,2025-09-05 21:26:52,402.0
0.5280,16.88,0.6720,96.8610,1.7980,2025-09-05 21:26:52,402.0
0.5260,16.8990,0.5210,96.9850,1.7980,2025-09-05 21:26:52,402.0
0.5490,16.87,0.4790,97.0460,2.0270,2025-09-05 21:26:52,402.0
0.5170,16.8390,0.4830,97.0440,1.6610,2025-09-05 21:26:52,402.0
0.5260,16.8550,0.71,96.8940,1.7670,2025-09-05 21:26:52,402.0
0.5410,16.9430,0.4170,96.8770,1.8380,2025-09-08 13:01:03,403.0
0.5220,16.8950,0.4230,97.1040,1.69,2025-09-08 13:01:03,403.0
0.5370,16.98,0.5110,97.0970,1.7010,2025-09-08 13:01:03,403.0
0.5350,16.9680,0.5710,97.2460,1.7720,2025-09-08 13:01:03,403.0
0.5420,16.9770,0.4620,97.0540,1.8650,2025-09-08 13:01:03,403.0
0.5310,16.9020,0.4060,96.88,1.7590,2025-09-08 13:01:03,403.0
0.5310,17.0490,0.5990,96.9690,1.8260,2025-09-08 13:01:03,403.0
0.5280,16.88,0.49,97.1210,1.6820,2025-09-08 13:01:03,403.0
0.5240,16.87,0.56,96.9410,1.7360,2025-09-08 13:01:03,403.0
0.5410,16.9390,0.6230,97.0250,1.7850,2025-09-08 13:01:03,403.0
0.53,16.9110,0.4090,96.9560,1.7840,2025-09-08 13:01:03,403.0
0.53,16.7920,0.4830,96.89,1.7470,2025-09-08 13:01:03,403.0
0.5230,16.8480,0.3960,97.1420,0.0190,2025-09-08 13:01:03,403.0
0.5280,16.8990,0.6190,97.2720,1.7570,2025-09-08 13:01:03,403.0
0.5430,16.9520,0.3080,96.9290,1.8310,2025-09-08 13:01:03,403.0
0.5270,16.87,0.4760,96.7280,1.7960,2025-09-08 13:01:03,403.0
0.53,17.0090,0.43,97.0580,1.6780,2025-09-08 13:01:03,403.0
0.5210,16.93,0.6550,96.9730,1.8250,2025-09-08 13:01:03,403.0
0.5520,16.9360,0.4870,96.9460,1.66,2025-09-08 13:01:03,403.0
0.5210,16.9490,0.4270,97.2250,1.7550,2025-09-08 13:01:03,403.0
0.5520,16.9430,0.5180,97.3510,1.8330,2025-09-08 13:31:06,404.0
0.5350,16.9330,0.5070,96.9230,1.8040,2025-09-08 13:31:06,404.0
0.5550,16.9830,0.49,97.0350,1.7830,2025-09-08 13:31:06,404.0
0.5250,16.9580,0.4550,96.9140,1.8050,2025-09-08 13:31:06,404.0
0.5330,16.9430,0.6230,97.1780,1.8140,2025-09-08 13:31:06,404.0
0.5240,16.8990,0.4410,97.0660,1.67,2025-09-08 13:31:06,404.0
0.5260,16.9270,0.55,96.8750,1.8160,2025-09-08 13:31:06,404.0
0.5250,16.9610,0.5810,96.9890,1.65,2025-09-08 13:31:06,404.0
0.5060,16.9490,0.4480,97.0610,1.7180,2025-09-08 13:31:06,404.0
0.5290,16.87,0.41,96.9420,1.7560,2025-09-08 13:31:06,404.0
0.5280,16.8950,0.4550,96.9550,1.7890,2025-09-08 13:31:06,404.0
0.5510,16.9080,0.5420,97.1330,1.8150,2025-09-08 13:31:06,404.0
0.5170,16.9610,0.6020,96.8350,1.6990,2025-09-08 13:31:06,404.0
0.5370,17.0270,0.4270,97.1230,1.6950,2025-09-08 13:31:06,404.0
0.5220,16.7860,0.4230,97.0930,1.7980,2025-09-08 13:31:06,404.0
0.5290,16.8950,0.4790,97.1050,1.6840,2025-09-08 13:31:06,404.0
0.5120,16.8890,0.5530,97.0340,1.6490,2025-09-08 13:31:06,404.0
0.52,17.0530,0.4380,97.0470,1.7040,2025-09-08 13:31:06,404.0
0.5410,16.9990,0.5560,96.7590,1.8020,2025-09-08 13:31:06,404.0
0.5180,16.9430,0.6790,96.9670,1.8050,2025-09-08 13:31:06,404.0
0.5280,16.9740,0.6890,96.8480,1.7690,2025-09-08 19:31:20,405.0
0.5390,17.0430,0.7210,96.8360,1.8090,2025-09-08 19:31:20,405.0
0.5420,16.9110,0.5630,97.05,1.7460,2025-09-08 19:31:20,405.0
0.52,16.8990,0.5210,97.2570,1.7630,2025-09-08 19:31:20,405.0
0.5490,17.1150,0.5010,96.9510,1.8120,2025-09-08 19:31:20,405.0
0.5370,16.9680,0.6440,97.0370,1.7360,2025-09-08 19:31:20,405.0
0.5420,16.9330,0.6620,97.0870,1.8870,2025-09-08 19:31:20,405.0
0.5220,16.8640,0.6580,96.89,1.7170,2025-09-08 19:31:20,405.0
0.5510,16.9550,0.43,97.2040,1.9330,2025-09-08 19:31:20,405.0
0.54,17.0210,0.3960,97.1030,1.8550,2025-09-08 19:31:20,405.0
0.5360,16.9270,0.5180,97.0620,1.7120,2025-09-08 19:31:20,405.0
0.5510,16.9390,0.5640,96.8440,1.9480,2025-09-08 19:31:20,405.0
0.5380,17.1120,0.5150,97.0640,1.7130,2025-09-08 19:31:20,405.0
0.5060,16.9740,0.5670,96.96,1.60,2025-09-08 19:31:20,405.0
0.5360,16.9680,0.5390,96.9060,1.8630,2025-09-08 19:31:20,405.0
0.5180,16.9140,0.50,96.9590,1.73,2025-09-08 19:31:20,405.0
0.5380,16.93,0.4520,97.0410,1.8320,2025-09-08 19:31:20,405.0
0.5210,16.8580,0.69,96.8920,1.68,2025-09-08 19:31:20,405.0
0.5430,16.9520,0.5250,97.0390,1.7220,2025-09-08 19:31:20,405.0
0.54,16.9080,0.6580,97.0890,1.8180,2025-09-08 19:31:20,405.0
0.5360,16.9390,0.5110,96.9350,1.7420,2025-09-08 21:16:23,406.0
0.5250,16.9080,0.7460,96.8540,1.8760,2025-09-08 21:16:23,406.0
0.5380,16.9830,0.41,96.9760,1.7950,2025-09-08 21:16:23,406.0
0.5450,16.9770,0.6440,96.9060,1.8630,2025-09-08 21:16:23,406.0
0.5480,16.9930,0.50,97.0610,1.8050,2025-09-08 21:16:23,406.0
0.5430,16.9610,0.6330,96.7940,1.8330,2025-09-08 21:16:23,406.0
0.5290,16.93,0.50,97.1560,1.7040,2025-09-08 21:16:23,406.0
0.5510,17.0090,0.5460,96.92,1.8060,2025-09-08 21:16:23,406.0
0.5340,16.9210,0.41,96.8850,1.8010,2025-09-08 21:16:23,406.0
0.5310,16.9270,0.4940,96.7980,1.8030,2025-09-08 21:16:23,406.0
0.5250,16.8830,0.5040,96.9340,1.7420,2025-09-08 21:16:23,406.0
0.5220,16.8990,0.4310,96.9840,1.7310,2025-09-08 21:16:23,406.0
0.5230,16.9080,0.56,97.0720,1.7430,2025-09-08 21:16:23,406.0
0.5210,16.93,0.3330,97.0110,1.65,2025-09-08 21:16:23,406.0
0.5380,17.0240,0.3920,97.1380,1.7110,2025-09-08 21:16:23,406.0
0.5260,16.9270,0.4090,97.1030,1.6370,2025-09-08 21:16:23,406.0
0.5450,16.8480,0.6650,96.8960,1.81,2025-09-08 21:16:23,406.0
0.5380,17.0120,0.4060,97.08,1.7820,2025-09-08 21:16:23,406.0
0.5230,16.9580,0.3050,97.21,1.7790,2025-09-08 21:16:23,406.0
0.5470,17.0240,0.5670,96.9330,1.6910,2025-09-08 21:16:23,406.0
0.5420,16.9050,0.55,97.1720,1.8860,2025-09-09 11:17:52,407.0
0.5380,16.8890,0.49,97.3680,1.8190,2025-09-09 11:17:52,407.0
0.5410,16.8860,0.5250,96.7680,1.7490,2025-09-09 11:17:52,407.0
0.5170,16.9580,0.6270,96.6890,1.7260,2025-09-09 11:17:52,407.0
0.52,16.8640,0.4730,97.2740,1.7820,2025-09-09 11:17:52,407.0
0.5270,16.9520,0.4690,96.7690,1.6380,2025-09-09 11:17:52,407.0
0.5250,16.9520,0.4790,96.9220,1.6170,2025-09-09 11:17:52,407.0
0.5410,16.9080,0.42,97.2050,1.7520,2025-09-09 11:17:52,407.0
0.5090,16.7980,0.4230,97.0630,1.6590,2025-09-09 11:17:52,407.0
0.5230,16.83,0.4230,97.1480,1.8130,2025-09-09 11:17:52,407.0
0.5360,16.98,0.5910,96.8450,1.7620,2025-09-09 11:17:52,407.0
0.5240,16.8390,0.3920,96.8940,1.6550,2025-09-09 11:17:52,407.0
0.5390,16.9330,0.3850,97.0420,1.8690,2025-09-09 11:17:52,407.0
0.5190,16.8610,0.6720,97.0630,1.7280,2025-09-09 11:17:52,407.0
0.5350,16.8420,0.6130,96.8510,1.7090,2025-09-09 11:17:52,407.0
0.5310,16.8580,0.3890,97.1230,1.7320,2025-09-09 11:17:52,407.0
0.5480,16.9080,0.5210,97.2110,1.7990,2025-09-09 11:17:52,407.0
0.5290,16.8890,0.5390,96.8380,1.7750,2025-09-09 11:17:52,407.0
0.5350,16.9020,0.4760,96.8970,1.7610,2025-09-09 11:17:52,407.0
0.53,16.8990,0.5950,97.03,1.6670,2025-09-09 11:17:52,407.0
0.5450,16.9240,0.49,97.08,1.7710,2025-09-09 13:13:00,408.0
0.5160,16.83,0.4230,97.1350,1.7050,2025-09-09 13:13:00,408.0
0.5380,16.9580,0.6230,96.7070,1.7180,2025-09-09 13:13:00,408.0
0.5550,16.8550,0.4550,97.1090,1.8160,2025-09-09 13:13:00,408.0
0.5380,16.9990,0.3360,97.1720,1.6770,2025-09-09 13:13:00,408.0
0.5120,16.9020,0.5390,97.0340,1.6130,2025-09-09 13:13:00,408.0
0.5180,16.9210,0.6050,97.2470,1.7350,2025-09-09 13:13:00,408.0
0.5340,16.8890,0.7140,96.8340,1.7550,2025-09-09 13:13:00,408.0
0.5070,16.9170,0.5390,96.8620,1.60,2025-09-09 13:13:00,408.0
0.5250,16.9610,0.41,97.2360,1.7270,2025-09-09 13:13:00,408.0
0.5250,16.9210,0.4340,97.0530,1.7120,2025-09-09 13:13:00,408.0
0.54,16.98,0.42,97.04,1.86,2025-09-09 13:13:00,408.0
0.5480,16.9430,0.50,96.8810,1.93,2025-09-09 13:13:00,408.0
0.5370,16.9490,0.6480,97.2240,1.8310,2025-09-09 13:13:00,408.0
0.5470,16.8920,0.4480,97.1090,1.8220,2025-09-09 13:13:00,408.0
0.54,16.98,0.5390,96.7990,1.7840,2025-09-09 13:13:00,408.0
0.52,16.98,0.4970,96.7770,1.6820,2025-09-09 13:13:00,408.0
0.5450,16.8390,0.7740,96.9590,1.84,2025-09-09 13:13:00,408.0
0.5380,16.9520,0.5990,97.0190,1.7370,2025-09-09 13:13:00,408.0
0.5290,17.0150,0.5250,96.7720,1.80,2025-09-09 13:13:00,408.0
0.5380,16.9330,0.5040,97.0020,1.7620,2025-09-09 19:28:12,409.0
0.5320,17.0750,0.5390,97.0080,1.7550,2025-09-09 19:28:12,409.0
0.5210,16.9770,0.3320,97.0680,1.6620,2025-09-09 19:28:12,409.0
0.5290,17.0680,0.4620,96.9650,1.7490,2025-09-09 19:28:12,409.0
0.5310,16.9460,0.3430,97.0260,1.8090,2025-09-09 19:28:12,409.0
0.5330,17.0530,0.4620,97.1220,1.6710,2025-09-09 19:28:12,409.0
0.5210,16.8580,0.5810,97.1830,1.6820,2025-09-09 19:28:12,409.0
0.5390,16.87,0.3220,97.0170,1.7220,2025-09-09 19:28:12,409.0
0.5520,16.9930,0.50,96.9580,1.7510,2025-09-09 19:28:12,409.0
0.5450,16.9520,0.3570,97.2010,1.6760,2025-09-09 19:28:12,409.0
0.5510,16.9270,0.55,97.0380,1.8020,2025-09-09 19:28:12,409.0
0.5350,16.9050,0.3710,97.0950,1.8220,2025-09-09 19:28:12,409.0
0.55,17.0120,0.5560,97.0230,1.7630,2025-09-09 19:28:12,409.0
0.5210,17.04,0.5320,97.0280,1.7140,2025-09-09 19:28:12,409.0
0.55,16.98,0.5670,96.8860,1.7590,2025-09-09 19:28:12,409.0
0.5290,16.9770,0.4130,96.9970,1.6440,2025-09-09 19:28:12,409.0
0.53,16.9650,0.4480,97.1580,1.7340,2025-09-09 19:28:12,409.0
0.5040,16.9650,0.3990,97.1010,1.4920,2025-09-09 19:28:12,409.0
0.53,16.9080,0.6130,96.9510,1.7650,2025-09-09 19:28:12,409.0
0.5270,16.9460,0.6270,96.8520,1.7560,2025-09-09 19:28:12,409.0
0.5150,16.9520,0.3990,97.2550,1.6640,2025-09-09 21:23:16,410.0
0.5550,16.9490,0.4830,96.9590,1.7710,2025-09-09 21:23:16,410.0
0.5220,16.9650,0.4090,97.0940,1.7880,2025-09-09 21:23:16,410.0
0.5320,17.0020,0.55,97.0590,1.6240,2025-09-09 21:23:16,410.0
0.5190,16.9240,0.5180,97.0550,1.67,2025-09-09 21:23:16,410.0
0.5130,16.82,0.6760,97.3110,1.6310,2025-09-09 21:23:16,410.0
0.5280,16.9770,0.41,96.8910,1.7520,2025-09-09 21:23:16,410.0
0.5230,17.0650,0.5180,96.9170,1.6940,2025-09-09 21:23:16,410.0
0.5130,16.8390,0.4940,97.2470,1.7360,2025-09-09 21:23:16,410.0
0.5170,17.0020,0.4940,96.98,1.6280,2025-09-09 21:23:16,410.0
0.5170,16.8170,0.5640,96.9450,1.7210,2025-09-09 21:23:16,410.0
0.5250,16.9490,0.6440,96.9730,1.6590,2025-09-09 21:23:16,410.0
0.5540,17.0090,0.4090,96.9770,1.7460,2025-09-09 21:23:16,410.0
0.5320,16.9520,0.3990,97.2170,1.68,2025-09-09 21:23:16,410.0
0.5080,17.0150,0.5110,96.9390,1.57,2025-09-09 21:23:16,410.0
0.5440,16.9610,0.5150,97.0640,1.6910,2025-09-09 21:23:16,410.0
0.5380,16.9990,0.4730,97.0360,1.7010,2025-09-09 21:23:16,410.0
0.5090,16.9240,0.4340,97.0570,1.7230,2025-09-09 21:23:16,410.0
0.5470,17.0340,0.6120,96.8190,1.8380,2025-09-09 21:23:16,410.0
0.5370,16.8730,0.5880,96.9470,1.7340,2025-09-09 21:23:16,410.0
0.54,16.9770,0.5780,96.8250,1.5790,2025-09-15 12:53:26,411.0
0.5240,16.9140,0.5740,97.26,1.78,2025-09-15 12:53:26,411.0
0.5230,16.8950,0.4690,97.0480,1.7450,2025-09-15 12:53:26,411.0
0.5120,16.8450,0.63,96.8510,1.6860,2025-09-15 12:53:26,411.0
0.5260,16.9020,0.6370,96.98,1.6970,2025-09-15 12:53:26,411.0
0.5220,16.8230,0.5040,96.9280,1.7850,2025-09-15 12:53:26,411.0
0.5170,16.9430,0.5070,96.9640,1.6090,2025-09-15 12:53:26,411.0
0.5310,17.0020,0.6270,96.7640,1.7220,2025-09-15 12:53:26,411.0
0.5270,16.9430,0.5810,96.8730,1.6960,2025-09-15 12:53:26,411.0
0.5080,16.9680,0.6020,96.9910,1.6870,2025-09-15 12:53:26,411.0
0.5320,16.9610,0.4860,97.2240,1.7210,2025-09-15 12:53:26,411.0
0.5310,16.9460,0.5110,96.8720,1.6660,2025-09-15 12:53:26,411.0
0.5410,17.0150,0.4060,97.0380,1.7380,2025-09-15 12:53:26,411.0
0.5420,16.8550,0.7170,96.8450,1.76,2025-09-15 12:53:26,411.0
0.5450,16.9990,0.5460,96.9090,1.7660,2025-09-15 12:53:26,411.0
0.5450,16.9520,0.4660,97.1610,1.6990,2025-09-15 12:53:26,411.0
0.5290,16.9490,0.4340,96.8640,1.7810,2025-09-15 12:53:26,411.0
0.5440,16.9520,0.5250,96.98,1.6390,2025-09-15 12:53:26,411.0
0.5320,17.0020,0.5740,96.73,0.0210,2025-09-15 12:53:26,411.0
0.5190,16.9140,0.5670,96.9610,1.7390,2025-09-15 12:53:26,411.0
0.5080,16.9330,0.6890,96.9720,1.7420,2025-09-15 19:03:37,412.0
0.5450,16.9390,0.4450,97.3310,1.7530,2025-09-15 19:03:37,412.0
0.5640,16.9650,0.4550,97.3820,1.8950,2025-09-15 19:03:37,412.0
0.5020,16.9680,0.7450,96.9250,1.6320,2025-09-15 19:03:37,412.0
0.5290,16.93,0.5570,96.85,1.7080,2025-09-15 19:03:37,412.0
0.5390,16.8950,0.4380,97.1980,1.8360,2025-09-15 19:03:37,412.0
0.5080,16.9550,0.4440,96.9880,1.6980,2025-09-15 19:03:37,412.0
0.5250,16.9460,0.5070,97.0570,1.6250,2025-09-15 19:03:37,412.0
0.52,16.8480,0.5670,97.1360,1.6450,2025-09-15 19:03:37,412.0
0.5020,16.9330,0.5150,97.13,1.6060,2025-09-15 19:03:37,412.0
0.5380,17.0210,0.5950,97.1310,1.7040,2025-09-15 19:03:37,412.0
0.5440,17.0120,0.3640,97.0810,1.8310,2025-09-15 19:03:37,412.0
0.5270,16.9580,0.5010,96.8920,1.7440,2025-09-15 19:03:37,412.0
0.5680,17.0150,0.4310,97.1190,1.9210,2025-09-15 19:03:37,412.0
0.5150,16.9520,0.3330,96.9310,1.7360,2025-09-15 19:03:37,412.0
0.5280,16.9330,0.4580,96.7980,1.6870,2025-09-15 19:03:37,412.0
0.5420,16.8950,0.5710,97,1.8210,2025-09-15 19:03:37,412.0
0.51,16.8640,0.6370,96.9020,1.6170,2025-09-15 19:03:37,412.0
0.5230,16.9580,0.6440,96.8030,1.7220,2025-09-15 19:03:37,412.0
0.5130,16.99,0.5210,97.0850,1.6730,2025-09-15 19:03:37,412.0
0.5220,16.9080,0.5430,96.8820,1.6660,2025-09-15 21:23:40,413.0
0.5110,16.9460,0.4970,97.28,1.5990,2025-09-15 21:23:40,413.0
0.5390,16.98,0.55,96.9520,1.8470,2025-09-15 21:23:40,413.0
0.5530,16.9930,0.6020,97.0190,1.7790,2025-09-15 21:23:40,413.0
0.5350,16.9770,0.4510,97.47,1.7380,2025-09-15 21:23:40,413.0
0.5220,16.8480,0.5250,96.8550,1.7560,2025-09-15 21:23:40,413.0
0.52,16.9460,0.4860,97.0640,1.6310,2025-09-15 21:23:40,413.0
0.5620,16.9550,0.5810,96.9460,1.8810,2025-09-15 21:23:40,413.0
0.5330,16.9650,0.5880,96.7210,1.6860,2025-09-15 21:23:40,413.0
0.5590,17.0120,0.5880,97.2240,1.9010,2025-09-15 21:23:40,413.0
0.5250,16.9020,0.5770,97.14,1.75,2025-09-15 21:23:40,413.0
0.5410,16.93,0.6120,96.95,1.7660,2025-09-15 21:23:40,413.0
0.5430,16.9650,0.3880,97.4560,1.6460,2025-09-15 21:23:40,413.0
0.5230,16.8990,0.5910,96.8160,1.7930,2025-09-15 21:23:40,413.0
0.53,16.9460,0.6050,96.9070,1.7510,2025-09-15 21:23:40,413.0
0.5310,17.0210,0.3960,97.2620,1.6170,2025-09-15 21:23:40,413.0
0.5340,16.8330,0.5780,97.06,1.7650,2025-09-15 21:23:40,413.0
0.5350,16.9550,0.5460,97.1320,1.7850,2025-09-15 21:23:40,413.0
0.5270,16.9330,0.5640,96.9820,1.7020,2025-09-15 21:23:40,413.0
0.5470,17.0310,0.43,97.2480,1.7720,2025-09-15 21:23:40,413.0
0.5220,17.0970,0.55,96.8680,1.6120,2025-09-16 11:14:56,414.0
0.5180,16.9550,0.4650,97.1720,1.6970,2025-09-16 11:14:56,414.0
0.5460,17.09,0.4940,96.9810,1.7940,2025-09-16 11:14:56,414.0
0.5290,16.9960,0.6860,97.0360,1.5920,2025-09-16 11:14:56,414.0
0.5430,17.1060,0.6440,97.1430,1.7070,2025-09-16 11:14:56,414.0
0.5290,16.9990,0.4730,97.1420,1.6970,2025-09-16 11:14:56,414.0
0.5180,17.0120,0.8330,96.8520,1.7180,2025-09-16 11:14:56,414.0
0.5330,17.0270,0.6550,97.05,1.6330,2025-09-16 11:14:56,414.0
0.5450,17.0150,0.5670,96.94,1.8740,2025-09-16 11:14:56,414.0
0.5330,16.98,0.5150,96.9420,1.6090,2025-09-16 11:14:56,414.0
0.5380,17.04,0.5210,97.0830,1.78,2025-09-16 11:14:56,414.0
0.5450,17.1250,0.4130,97.1020,1.6760,2025-09-16 11:14:56,414.0
0.5280,16.9580,0.3880,97.0430,1.6720,2025-09-16 11:14:56,414.0
0.5320,17.0590,0.4380,97.22,1.6390,2025-09-16 11:14:56,414.0
0.5270,16.9770,0.5950,97.1160,1.6170,2025-09-16 11:14:56,414.0
0.5330,17.0210,0.5460,96.7680,1.6590,2025-09-16 11:14:56,414.0
0.5350,17.0240,0.6790,96.96,1.7250,2025-09-16 11:14:56,414.0
0.5220,17.0650,0.7140,96.8720,1.6210,2025-09-16 11:14:56,414.0
0.5380,17.0710,0.6550,96.8430,1.6580,2025-09-16 11:14:56,414.0
0.52,17.0090,0.5780,97.10,1.60,2025-09-16 11:14:56,414.0
0.53,17.0020,0.5210,97.0750,1.6910,2025-09-16 12:59:59,415.0
0.5490,17.0270,0.4550,97.0050,1.7590,2025-09-16 12:59:59,415.0
0.5340,17.0340,0.5780,97.2340,1.8050,2025-09-16 12:59:59,415.0
0.5330,17.0150,0.4970,97.1220,1.7090,2025-09-16 12:59:59,415.0
0.5410,16.99,0.5350,96.9350,1.6990,2025-09-16 12:59:59,415.0
0.5540,17.0340,0.4620,97.12,1.8130,2025-09-16 12:59:59,415.0
0.5410,17.0870,0.5850,96.9890,1.7710,2025-09-16 12:59:59,415.0
0.5460,17.0020,0.5420,96.9450,1.7350,2025-09-16 12:59:59,415.0
0.53,17.0150,0.4690,97.0510,1.6360,2025-09-16 12:59:59,415.0
0.54,17.0490,0.4970,96.8110,1.8270,2025-09-16 12:59:59,415.0
0.5440,16.9490,0.5460,97.0270,1.6480,2025-09-16 12:59:59,415.0
0.5220,17.0180,0.4760,96.7740,1.7170,2025-09-16 12:59:59,415.0
0.53,17.0810,0.5740,96.8750,1.8340,2025-09-16 12:59:59,415.0
0.5480,17.0490,0.70,97.1360,1.8010,2025-09-16 12:59:59,415.0
0.5170,17.0050,0.6480,96.9350,1.6220,2025-09-16 12:59:59,415.0
0.5170,16.9680,0.5320,97.2330,1.6280,2025-09-16 12:59:59,415.0
0.5160,16.9460,0.5530,97.2030,1.6650,2025-09-16 12:59:59,415.0
0.5120,16.9650,0.5150,96.9660,1.6220,2025-09-16 12:59:59,415.0
0.5460,17.0930,0.4970,97.0410,1.7360,2025-09-16 12:59:59,415.0
0.5340,16.9740,0.5570,97.2390,1.80,2025-09-16 12:59:59,415.0
0.5130,16.9770,0.49,97.0840,1.7150,2025-09-16 19:40:12,416.0
0.5610,17.0120,0.4480,96.7260,1.8750,2025-09-16 19:40:12,416.0
0.5360,16.9050,0.4340,97.0460,1.71,2025-09-16 19:40:12,416.0
0.5440,16.9610,0.5150,96.9130,1.7680,2025-09-16 19:40:12,416.0
0.5420,16.9740,0.5770,96.6920,1.8040,2025-09-16 19:40:12,416.0
0.5290,16.9430,0.5780,97.1540,1.6340,2025-09-16 19:40:12,416.0
0.5240,16.9550,0.6790,96.9540,1.6880,2025-09-16 19:40:12,416.0
0.5010,16.8550,0.41,97.2080,1.60,2025-09-16 19:40:12,416.0
0.5470,17.0120,0.70,96.8730,1.9040,2025-09-16 19:40:12,416.0
0.5280,16.9550,0.8370,96.7790,1.7750,2025-09-16 19:40:12,416.0
0.5260,17.0050,0.5640,96.8160,1.7340,2025-09-16 19:40:12,416.0
0.5320,16.9050,0.5530,96.92,1.8210,2025-09-16 19:40:12,416.0
0.5290,16.9390,0.3990,97.0780,1.9240,2025-09-16 19:40:12,416.0
0.5310,16.8610,0.5250,97.1880,1.8080,2025-09-16 19:40:12,416.0
0.5420,16.9110,0.5220,96.9870,1.7570,2025-09-16 19:40:12,416.0
0.5460,16.9390,0.5150,97.0750,1.9540,2025-09-16 19:40:12,416.0
0.5230,16.8950,0.4970,97.1560,1.7180,2025-09-16 19:40:12,416.0
0.5320,17.0120,0.4550,97.0780,1.7990,2025-09-16 19:40:12,416.0
0.5290,17.0680,0.6090,96.8290,1.8340,2025-09-16 19:40:12,416.0
0.5470,16.9110,0.5810,97.0770,1.8280,2025-09-16 19:40:12,416.0
0.5270,16.9460,0.50,97.0340,1.7750,2025-09-16 21:20:14,417.0
0.5380,16.9610,0.5490,97.0370,1.6780,2025-09-16 21:20:14,417.0
0.5390,16.9520,0.6120,97.07,1.7550,2025-09-16 21:20:14,417.0
0.5390,16.9360,0.4860,96.7910,1.8250,2025-09-16 21:20:14,417.0
0.5190,16.9460,0.4480,96.8860,1.7240,2025-09-16 21:20:14,417.0
0.50,16.8360,0.6060,96.6990,1.6450,2025-09-16 21:20:14,417.0
0.5150,16.9270,0.4170,96.9910,1.5330,2025-09-16 21:20:14,417.0
0.5270,16.88,0.5290,96.7430,1.7320,2025-09-16 21:20:14,417.0
0.5420,16.9680,0.4830,97.0780,1.7440,2025-09-16 21:20:14,417.0
0.5310,17.0120,0.4270,97.1860,1.6610,2025-09-16 21:20:14,417.0
0.55,17.04,0.6230,96.8830,1.7650,2025-09-16 21:20:14,417.0
0.56,16.8950,0.3920,96.8340,1.8040,2025-09-16 21:20:14,417.0
0.5670,16.9610,0.6020,96.8880,1.85,2025-09-16 21:20:14,417.0
0.5340,17.0340,0.4830,97.0290,1.7540,2025-09-16 21:20:14,417.0
0.5330,16.8860,0.4480,97.4030,1.7140,2025-09-16 21:20:14,417.0
0.5480,16.8450,0.50,97.0340,1.9020,2025-09-16 21:20:14,417.0
0.5340,16.9330,0.5220,97.2290,1.8050,2025-09-16 21:20:14,417.0
0.5120,16.8830,0.3850,97.1580,1.7390,2025-09-16 21:20:14,417.0
0.5330,16.9080,0.4830,97.1940,1.7430,2025-09-16 21:20:14,417.0
0.5260,16.8580,0.4760,96.8620,1.8780,2025-09-16 21:20:14,417.0
0.5190,17.0150,0.55,96.9310,1.6250,2025-09-17 11:25:47,418.0
0.5370,16.9710,0.4020,97.0970,1.7740,2025-09-17 11:25:47,418.0
0.5430,16.93,0.4520,96.9740,1.7750,2025-09-17 11:25:47,418.0
0.5320,17.0650,0.5210,97.32,1.5850,2025-09-17 11:25:47,418.0
0.50,16.99,0.5040,97.0630,1.5550,2025-09-17 11:25:47,418.0
0.5380,16.9930,0.4870,97.0370,1.8160,2025-09-17 11:25:47,418.0
0.5190,16.9960,0.3430,96.9430,1.6740,2025-09-17 11:25:47,418.0
0.5550,16.9870,0.5290,97.3560,1.8890,2025-09-17 11:25:47,418.0
0.5420,16.8950,0.5460,97.1150,1.8170,2025-09-17 11:25:47,418.0
0.5260,16.9610,0.6120,97.0490,1.7220,2025-09-17 11:25:47,418.0
0.5750,17.0210,0.4520,96.7350,1.9070,2025-09-17 11:25:47,418.0
0.5330,16.98,0.7240,96.7970,1.7580,2025-09-17 11:25:47,418.0
0.5560,17.0680,0.6510,97.2210,1.7830,2025-09-17 11:25:47,418.0
0.5550,17.0240,0.6020,96.9940,1.7930,2025-09-17 11:25:47,418.0
0.5290,16.9610,0.5430,96.9870,1.7830,2025-09-17 11:25:47,418.0
0.5290,17.1280,0.5460,96.7920,1.7630,2025-09-17 11:25:47,418.0
0.5210,17.0150,0.7660,96.7270,1.6590,2025-09-17 11:25:47,418.0
0.53,16.93,0.5070,97.1810,1.6870,2025-09-17 11:25:47,418.0
0.5390,16.9460,0.50,97.1490,1.8020,2025-09-17 11:25:47,418.0
0.5260,17.0460,0.55,96.8670,1.77,2025-09-17 11:25:47,418.0
0.5280,17.0090,0.62,97.1560,1.7830,2025-09-17 13:05:50,419.0
0.5340,16.9990,0.3640,97.1340,1.7430,2025-09-17 13:05:50,419.0
0.54,16.9650,0.5950,96.9070,1.6560,2025-09-17 13:05:50,419.0
0.5290,16.9490,0.4480,97.0740,1.6920,2025-09-17 13:05:50,419.0
0.5090,16.9050,0.6020,96.8290,1.7710,2025-09-17 13:05:50,419.0
0.5510,17.0870,0.4340,97.2520,1.6590,2025-09-17 13:05:50,419.0
0.5420,17.0210,0.5670,96.7470,1.8220,2025-09-17 13:05:50,419.0
0.5480,16.9870,0.3990,97.1790,1.7690,2025-09-17 13:05:50,419.0
0.5240,17.0210,0.6930,97.0270,1.6950,2025-09-17 13:05:50,419.0
0.5330,17.0020,0.55,96.9440,1.7230,2025-09-17 13:05:50,419.0
0.5430,16.9490,0.6550,96.8990,1.8090,2025-09-17 13:05:50,419.0
0.5030,17.0620,0.7450,96.9220,1.5530,2025-09-17 13:05:50,419.0
0.5270,17.0150,0.3920,97.0190,1.7110,2025-09-17 13:05:50,419.0
0.5440,17.0150,0.5570,96.8260,1.7950,2025-09-17 13:05:50,419.0
0.5520,17.0270,0.3670,96.8770,1.9680,2025-09-17 13:05:50,419.0
0.5280,17.0050,0.5850,96.8380,1.8220,2025-09-17 13:05:50,419.0
0.5380,16.9140,0.5560,97.1680,1.6480,2025-09-17 13:05:50,419.0
0.5270,16.9680,0.4940,97.0650,1.8750,2025-09-17 13:05:50,419.0
0.5390,17.0310,0.5250,97.1880,1.7620,2025-09-17 13:05:50,419.0
0.5370,16.9170,0.4930,97.0660,1.82,2025-09-17 13:05:50,419.0
0.5530,16.9170,0.4580,97.10,1.7790,2025-09-17 19:13:37,420.0
0.5350,16.9210,0.5710,96.8730,1.7630,2025-09-17 19:13:37,420.0
0.5490,16.8990,0.5290,97.0680,1.8330,2025-09-17 19:13:37,420.0
0.5450,16.9580,0.5990,96.7820,1.7980,2025-09-17 19:13:37,420.0
0.5520,16.93,0.5990,97.1150,1.9050,2025-09-17 19:13:37,420.0
0.5570,16.9110,0.70,97.2160,1.7810,2025-09-17 19:13:37,420.0
0.5670,16.9140,0.5880,96.8890,1.8970,2025-09-17 19:13:37,420.0
0.5570,16.8860,0.7140,97.0460,1.8850,2025-09-17 19:13:37,420.0
0.5480,16.8550,0.5980,97.2070,1.8890,2025-09-17 19:13:37,420.0
0.5240,16.9110,0.5150,97.1970,1.7690,2025-09-17 19:13:37,420.0
0.5010,16.8770,0.49,96.9850,1.6820,2025-09-17 19:13:37,420.0
0.5290,16.87,0.5880,96.9130,1.7520,2025-09-17 19:13:37,420.0
0.5320,16.8640,0.6060,97.0060,1.8250,2025-09-17 19:13:37,420.0
0.5420,16.8640,0.6370,96.8510,1.7130,2025-09-17 19:13:37,420.0
0.5220,16.9020,0.5110,97.0950,1.7930,2025-09-17 19:13:37,420.0
0.53,16.9210,0.5110,96.8620,1.6890,2025-09-17 19:13:37,420.0
0.5430,16.9550,0.4340,96.8550,1.7630,2025-09-17 19:13:37,420.0
0.5420,16.9710,0.2910,97.20,1.7460,2025-09-17 19:13:37,420.0
0.5390,16.88,0.6610,97.0960,1.7450,2025-09-17 19:13:37,420.0
0.5170,16.8950,0.5850,96.7550,1.6940,2025-09-17 19:13:37,420.0
0.4980,16.9110,0.6440,96.9950,1.6350,2025-09-17 21:28:40,421.0
0.5290,16.9270,0.5740,97.0970,1.7190,2025-09-17 21:28:40,421.0
0.5420,16.9960,0.5210,96.9380,1.7450,2025-09-17 21:28:40,421.0
0.5360,17.0120,0.5010,97.07,1.7860,2025-09-17 21:28:40,421.0
0.5230,16.8770,0.5320,96.6440,1.7310,2025-09-17 21:28:40,421.0
0.5290,16.8950,0.4170,96.9940,1.7530,2025-09-17 21:28:40,421.0
0.5630,16.9050,0.4310,96.9650,1.8770,2025-09-17 21:28:40,421.0
0.5330,16.8480,0.6130,96.9840,1.7420,2025-09-17 21:28:40,421.0
0.5520,16.8260,0.4580,97.25,1.8410,2025-09-17 21:28:40,421.0
0.5290,16.9050,0.5460,96.7750,1.7040,2025-09-17 21:28:40,421.0
0.5260,16.8830,0.4380,96.7410,1.6590,2025-09-17 21:28:40,421.0
0.5130,16.8330,0.4380,97.1210,1.7560,2025-09-17 21:28:40,421.0
0.5190,16.9110,0.41,97.15,1.6930,2025-09-17 21:28:40,421.0
0.5490,16.9240,0.3920,97.0890,1.7980,2025-09-17 21:28:40,421.0
0.5310,16.9430,0.62,96.9720,1.8210,2025-09-17 21:28:40,421.0
0.5280,16.8610,0.4580,96.8230,1.6590,2025-09-17 21:28:40,421.0
0.5460,16.9110,0.4380,97.4690,1.7510,2025-09-17 21:28:40,421.0
0.5230,16.87,0.6410,97.0280,1.7760,2025-09-17 21:28:40,421.0
0.5290,16.9770,0.49,97.0770,1.7380,2025-09-17 21:28:40,421.0
0.5310,16.9330,0.4720,96.71,1.7840,2025-09-17 21:28:40,421.0
0.4610,16.9360,0.4340,96.9960,1.6050,2025-09-18 13:09:47,422.0
0.4740,17.0050,0.7070,96.9770,1.6610,2025-09-18 13:09:47,422.0
0.4620,16.8890,0.5040,96.8910,1.6930,2025-09-18 13:09:47,422.0
0.4760,16.93,0.6970,96.7140,1.7490,2025-09-18 13:09:47,422.0
0.5030,16.9710,0.5810,96.98,1.7990,2025-09-18 13:09:47,422.0
0.5010,16.9330,0.5980,96.8720,1.7470,2025-09-18 13:09:47,422.0
0.5090,16.8890,0.6790,96.8730,1.8130,2025-09-18 13:09:47,422.0
0.4720,16.9240,0.5080,97.1130,1.70,2025-09-18 13:09:47,422.0
0.4860,16.99,0.5420,96.8990,1.7980,2025-09-18 13:09:47,422.0
0.4780,16.9240,0.5290,96.8290,1.8820,2025-09-18 13:09:47,422.0
0.4740,16.8990,0.6540,97.1120,1.7070,2025-09-18 13:09:47,422.0
0.5030,16.8990,0.6510,96.9570,1.7890,2025-09-18 13:09:47,422.0
0.4740,16.9110,0.7040,96.9240,1.7310,2025-09-18 13:09:47,422.0
0.5240,16.9870,0.4550,97.0760,1.84,2025-09-18 13:09:47,422.0
0.5320,16.9430,0.6890,97.3370,1.7750,2025-09-18 13:09:47,422.0
0.5350,16.9170,0.6440,96.6420,1.7490,2025-09-18 13:09:47,422.0
0.5040,16.9170,0.6020,96.9630,1.8930,2025-09-18 13:09:47,422.0
0.5130,17.0090,0.5320,96.9080,1.83,2025-09-18 13:09:47,422.0
0.5230,16.9110,0.4270,96.9220,1.6890,2025-09-18 13:09:47,422.0
0.5040,16.8950,0.6510,96.7470,1.7730,2025-09-18 13:09:47,422.0
0.4980,16.9270,0.5810,97.1750,1.81,2025-09-18 13:14:48,423.0
0.46,16.9020,0.69,96.7080,1.7260,2025-09-18 13:14:48,423.0
0.48,16.9870,0.4340,97.1850,1.7460,2025-09-18 13:14:48,423.0
0.4850,16.9430,0.5150,97.1040,1.7280,2025-09-18 13:14:48,423.0
0.4960,16.9650,0.6930,97.0550,1.7730,2025-09-18 13:14:48,423.0
0.4550,16.9240,0.4730,97.1250,1.5660,2025-09-18 13:14:48,423.0
0.5340,17.0090,0.5420,96.8540,1.8170,2025-09-18 13:14:48,423.0
0.4620,16.9360,0.4340,97.1280,1.6350,2025-09-18 13:14:48,423.0
0.4920,16.9740,0.5040,97.3890,1.76,2025-09-18 13:14:48,423.0
0.4810,16.9170,0.5390,96.8030,1.7610,2025-09-18 13:14:48,423.0
0.5350,16.98,0.4440,97.1410,1.6930,2025-09-18 13:14:48,423.0
0.4950,16.9490,0.5740,97.0190,1.9820,2025-09-18 13:14:48,423.0
0.4730,16.9390,0.55,96.6350,1.7920,2025-09-18 13:14:48,423.0
0.4760,16.9680,0.5880,97.18,1.6690,2025-09-18 13:14:48,423.0
0.50,16.8890,0.6720,97.0680,1.6960,2025-09-18 13:14:48,423.0
0.5240,16.9270,0.71,96.8970,1.7220,2025-09-18 13:14:48,423.0
0.4730,16.9930,0.5210,96.7330,1.7370,2025-09-18 13:14:48,423.0
0.5180,16.9960,0.6060,96.8490,1.72,2025-09-18 13:14:48,423.0
0.4930,16.9580,0.5980,97.0460,1.78,2025-09-18 13:14:48,423.0
0.5060,16.99,0.7070,96.6940,1.6910,2025-09-18 13:14:48,423.0
0.5240,16.9610,0.7630,96.9420,1.7970,2025-09-18 13:34:50,424.0
0.5370,17.0430,0.3920,96.9910,1.8140,2025-09-18 13:34:50,424.0
0.5380,16.9270,0.5810,97.0020,1.7390,2025-09-18 13:34:50,424.0
0.5340,16.9930,0.5010,96.8630,1.7960,2025-09-18 13:34:50,424.0
0.5390,16.98,0.5530,96.9740,1.7870,2025-09-18 13:34:50,424.0
0.5440,16.88,0.5990,97.0020,1.8660,2025-09-18 13:34:50,424.0
0.5390,16.9140,0.6020,96.7920,1.8960,2025-09-18 13:34:50,424.0
0.53,17.0090,0.5250,96.7530,1.8760,2025-09-18 13:34:50,424.0
0.5560,16.9990,0.4870,96.9210,1.7930,2025-09-18 13:34:50,424.0
0.5130,16.9460,0.4790,96.79,1.7440,2025-09-18 13:34:50,424.0
0.5330,16.9550,0.5490,96.7610,1.7940,2025-09-18 13:34:50,424.0
0.5540,16.9490,0.4240,97.01,1.7710,2025-09-18 13:34:50,424.0
0.5360,16.9140,0.6690,97.1040,1.75,2025-09-18 13:34:50,424.0
0.5090,16.87,0.6720,96.7840,1.6470,2025-09-18 13:34:50,424.0
0.5510,16.9390,0.4690,97.1710,1.7320,2025-09-18 13:34:50,424.0
0.52,16.9460,0.77,96.9980,1.6370,2025-09-18 13:34:50,424.0
0.5080,16.8890,0.6370,96.9640,1.6640,2025-09-18 13:34:50,424.0
0.5380,16.9080,0.5810,97.0640,1.7250,2025-09-18 13:34:50,424.0
0.55,16.9140,0.6230,96.8740,1.8930,2025-09-18 13:34:50,424.0
0.5240,16.9680,0.5950,97.1650,1.7520,2025-09-18 13:34:50,424.0
0.5190,16.9390,0.5350,96.7620,1.7140,2025-09-18 13:44:51,425.0
0.5510,16.9020,0.5430,97.0570,1.83,2025-09-18 13:44:51,425.0
0.5670,16.9740,0.7210,96.8480,2.0110,2025-09-18 13:44:51,425.0
0.5120,16.93,0.5460,96.8150,1.70,2025-09-18 13:44:51,425.0
0.53,16.8920,0.4860,97.01,1.6970,2025-09-18 13:44:51,425.0
0.5450,16.9650,0.6930,97.1360,1.7920,2025-09-18 13:44:51,425.0
0.5140,16.93,0.5810,97.0470,1.5840,2025-09-18 13:44:51,425.0
0.5420,16.9770,0.6060,97.1190,1.8020,2025-09-18 13:44:51,425.0
0.5550,17.0050,0.6160,96.7560,2.0470,2025-09-18 13:44:51,425.0
0.53,16.9430,0.5110,96.79,1.6640,2025-09-18 13:44:51,425.0
0.5340,17.0340,0.6160,96.7770,1.74,2025-09-18 13:44:51,425.0
0.5440,16.9430,0.5950,96.8890,1.9460,2025-09-18 13:44:51,425.0
0.5460,16.9610,0.3640,97.1910,1.7760,2025-09-18 13:44:51,425.0
0.53,16.9650,0.6120,96.7650,1.7630,2025-09-18 13:44:51,425.0
0.5360,16.9650,0.5910,96.7730,1.7970,2025-09-18 13:44:51,425.0
0.5360,16.9020,0.5710,96.7620,1.6770,2025-09-18 13:44:51,425.0
0.5230,17.0240,0.6370,96.87,1.6510,2025-09-18 13:44:51,425.0
0.5170,16.9680,0.6230,96.7610,1.7050,2025-09-18 13:44:51,425.0
0.5030,16.93,0.5460,96.8320,1.6930,2025-09-18 13:44:51,425.0
0.5390,16.98,0.6750,96.8560,1.71,2025-09-18 13:44:51,425.0
0.5380,16.9770,0.4830,97.1310,1.8220,2025-09-18 19:20:04,426.0
0.5330,16.9140,0.6270,96.80,1.6510,2025-09-18 19:20:04,426.0
0.5530,16.9490,0.6330,97.17,1.7870,2025-09-18 19:20:04,426.0
0.5340,16.9830,0.5980,96.9390,1.8480,2025-09-18 19:20:04,426.0
0.5280,16.9650,0.49,96.9360,1.7190,2025-09-18 19:20:04,426.0
0.5350,17.0240,0.7320,96.87,1.6970,2025-09-18 19:20:04,426.0
0.5380,16.9740,0.42,96.8570,1.81,2025-09-18 19:20:04,426.0
0.5240,16.9650,0.5250,97.0950,1.7170,2025-09-18 19:20:04,426.0
0.5140,16.88,0.5150,97.0750,1.6340,2025-09-18 19:20:04,426.0
0.5430,17.0020,0.6720,96.85,1.7860,2025-09-18 19:20:04,426.0
0.5410,16.9770,0.63,96.8470,1.7560,2025-09-18 19:20:04,426.0
0.5310,17.04,0.56,96.79,1.6840,2025-09-18 19:20:04,426.0
0.5190,16.9650,0.5850,96.8450,1.6690,2025-09-18 19:20:04,426.0
0.5310,16.9830,0.5880,97.0160,1.6270,2025-09-18 19:20:04,426.0
0.5380,16.99,0.5950,96.8960,1.7050,2025-09-18 19:20:04,426.0
0.5370,16.9710,0.5250,96.9020,1.7230,2025-09-18 19:20:04,426.0
0.5450,17.0370,0.63,96.6560,1.7830,2025-09-18 19:20:04,426.0
0.54,16.9460,0.6370,97.2970,1.8760,2025-09-18 19:20:04,426.0
0.5180,16.9770,0.5350,96.9940,1.70,2025-09-18 19:20:04,426.0
0.5230,16.9020,0.5250,96.8360,1.7790,2025-09-18 19:20:04,426.0
0.5360,17.0180,0.6270,97.3720,1.6540,2025-09-18 21:20:07,427.0
0.5490,17.0020,0.4380,97.1630,1.7550,2025-09-18 21:20:07,427.0
0.5480,16.9020,0.49,97.1690,1.7590,2025-09-18 21:20:07,427.0
0.5110,16.9390,0.4580,96.9690,1.6840,2025-09-18 21:20:07,427.0
0.5330,16.8920,0.49,97.0330,1.7960,2025-09-18 21:20:07,427.0
0.5590,16.9990,0.5560,97.2120,1.8960,2025-09-18 21:20:07,427.0
0.5420,17.0020,0.5880,97.2820,1.7580,2025-09-18 21:20:07,427.0
0.5570,16.9610,0.4310,97.2020,1.7990,2025-09-18 21:20:07,427.0
0.5040,16.9870,0.5180,96.7670,1.6010,2025-09-18 21:20:07,427.0
0.5030,16.9870,0.5430,97.1390,1.6090,2025-09-18 21:20:07,427.0
0.53,17.0150,0.4440,97.1640,1.8030,2025-09-18 21:20:07,427.0
0.5760,17.0020,0.6890,96.77,1.93,2025-09-18 21:20:07,427.0
0.5450,16.9360,0.5740,96.74,1.8160,2025-09-18 21:20:07,427.0
0.5660,17.0590,0.6890,97.1340,1.91,2025-09-18 21:20:07,427.0
0.5340,17.0650,0.5910,97.0670,1.7330,2025-09-18 21:20:07,427.0
0.5330,16.9210,0.5150,96.9370,1.7390,2025-09-18 21:20:07,427.0
0.52,16.9460,0.5910,96.8590,1.8030,2025-09-18 21:20:07,427.0
0.5440,16.9360,0.7240,97.1840,1.8060,2025-09-18 21:20:07,427.0
0.5180,16.9770,0.5150,96.9470,1.61,2025-09-18 21:20:07,427.0
0.5620,17.0120,0.5320,96.9350,1.9130,2025-09-18 21:20:07,427.0
0.5330,17.0490,0.4620,97.1150,1.7380,2025-09-19 12:01:58,428.0
0.5310,17.0840,0.5250,96.87,1.7290,2025-09-19 12:01:58,428.0
0.5510,16.9830,0.5430,97.1780,1.8470,2025-09-19 12:01:58,428.0
0.5270,17.0710,0.5110,96.9170,1.7570,2025-09-19 12:01:58,428.0
0.55,17.0490,0.6970,97.1810,1.8720,2025-09-19 12:01:58,428.0
0.5090,17.0090,0.5250,96.8890,1.68,2025-09-19 12:01:58,428.0
0.5350,16.99,0.6160,96.7680,1.7650,2025-09-19 12:01:58,428.0
0.5310,17.0150,0.4730,97.2650,1.8020,2025-09-19 12:01:58,428.0
0.5350,17.0120,0.5390,96.8580,1.7840,2025-09-19 12:01:58,428.0
0.5250,16.9770,0.4340,97,1.7790,2025-09-19 12:01:58,428.0
0.5160,17.0090,0.5350,96.8480,1.6190,2025-09-19 12:01:58,428.0
0.5390,17.0340,0.5670,96.7390,1.9190,2025-09-19 12:01:58,428.0
0.5430,17.1090,0.5080,97.2460,1.8390,2025-09-19 12:01:58,428.0
0.5140,16.9460,0.8090,97.0560,1.6830,2025-09-19 12:01:58,428.0
0.5470,17.0020,0.6090,96.9230,1.82,2025-09-19 12:01:58,428.0
0.5230,16.98,0.5110,97.1190,1.71,2025-09-19 12:01:58,428.0
0.5240,17.0460,0.34,97.1490,1.7240,2025-09-19 12:01:58,428.0
0.5310,16.9830,0.5530,97.0110,1.8490,2025-09-19 12:01:58,428.0
0.5310,16.99,0.5770,96.8630,1.7760,2025-09-19 12:01:58,428.0
0.52,16.88,0.7950,97.1430,1.7540,2025-09-19 12:01:58,428.0
0.5180,17.1060,0.5040,96.7540,1.6910,2025-09-19 13:12:04,429.0
0.5250,17.0870,0.6330,97.0860,1.7940,2025-09-19 13:12:04,429.0
0.5490,16.9990,0.49,97.0220,1.7920,2025-09-19 13:12:04,429.0
0.5570,16.9870,0.5560,97.1730,1.7970,2025-09-19 13:12:04,429.0
0.5250,16.8950,0.4730,97.1930,1.6610,2025-09-19 13:12:04,429.0
0.55,16.9930,0.4130,97.0890,1.7820,2025-09-19 13:12:04,429.0
0.5340,17.0840,0.55,96.9570,1.6910,2025-09-19 13:12:04,429.0
0.5360,17.0120,0.6090,96.7790,1.6940,2025-09-19 13:12:04,429.0
0.5070,17.0430,0.5080,97.1430,1.5270,2025-09-19 13:12:04,429.0
0.5260,17.0270,0.5320,97.0530,1.7310,2025-09-19 13:12:04,429.0
0.5360,17.0270,0.6650,97.0480,1.7590,2025-09-19 13:12:04,429.0
0.52,17.0120,0.5850,96.9390,1.6770,2025-09-19 13:12:04,429.0
0.5090,17.0590,0.7660,96.8020,1.5640,2025-09-19 13:12:04,429.0
0.5080,17.0090,0.4730,97.1690,1.5620,2025-09-19 13:12:04,429.0
0.5430,17.0750,0.5040,96.9460,1.7710,2025-09-19 13:12:04,429.0
0.5240,17.0310,0.6160,97.0340,1.7220,2025-09-19 13:12:04,429.0
0.52,17.0310,0.56,96.8450,1.6710,2025-09-19 13:12:04,429.0
0.5360,17.0930,0.5110,97.0880,1.81,2025-09-19 13:12:04,429.0
0.5250,16.9740,0.5280,96.8510,1.7510,2025-09-19 13:12:04,429.0
0.5420,17.1660,0.63,96.9530,1.8160,2025-09-19 13:12:04,429.0
0.5250,17.0090,0.62,97.0340,1.6530,2025-09-19 19:07:16,430.0
0.5310,16.9710,0.3050,96.8950,1.7720,2025-09-19 19:07:16,430.0
0.5180,17.0020,0.7070,97.0440,1.6430,2025-09-19 19:07:16,430.0
0.51,16.8990,0.6090,96.7860,1.6440,2025-09-19 19:07:16,430.0
0.5550,17.04,0.5710,97.1090,1.7330,2025-09-19 19:07:16,430.0
0.5290,17.0210,0.6650,96.6660,1.7340,2025-09-19 19:07:16,430.0
0.52,16.9110,0.5040,96.8780,1.6890,2025-09-19 19:07:16,430.0
0.5640,17.0530,0.4270,96.8660,1.8810,2025-09-19 19:07:16,430.0
0.5320,16.9680,0.62,97.06,1.6820,2025-09-19 19:07:16,430.0
0.5180,16.9460,0.55,97.0540,1.6410,2025-09-19 19:07:16,430.0
0.5520,17.0530,0.6510,97.1840,1.9040,2025-09-19 19:07:16,430.0
0.53,16.9050,0.5150,97.0640,1.6580,2025-09-19 19:07:16,430.0
0.5430,16.9390,0.3290,97.1770,1.8190,2025-09-19 19:07:16,430.0
0.5530,16.9080,0.4970,96.9610,1.8520,2025-09-19 19:07:16,430.0
0.5060,16.98,0.4690,97.0150,1.51,2025-09-19 19:07:16,430.0
0.54,17.0180,0.5180,96.9050,1.8810,2025-09-19 19:07:16,430.0
0.5470,16.9960,0.4650,96.8880,1.7450,2025-09-19 19:07:16,430.0
0.5170,16.9360,0.6510,96.7860,1.7220,2025-09-19 19:07:16,430.0
0.5570,16.9140,0.62,96.9250,1.9410,2025-09-19 19:07:16,430.0
0.5060,16.9270,0.5530,96.7770,1.5790,2025-09-19 19:07:16,430.0
0.5160,16.9650,0.5180,97.1260,1.7280,2025-09-19 21:17:18,431.0
0.5240,16.9360,0.4380,96.8030,1.7720,2025-09-19 21:17:18,431.0
0.5510,16.9390,0.5010,97.3370,1.7310,2025-09-19 21:17:18,431.0
0.53,16.9990,0.70,97.1360,1.6710,2025-09-19 21:17:18,431.0
0.5230,16.9210,0.6090,97.1440,1.6590,2025-09-19 21:17:18,431.0
0.5260,16.9550,0.5390,96.8430,1.8390,2025-09-19 21:17:18,431.0
0.5390,17.0620,0.5740,97.1060,1.7130,2025-09-19 21:17:18,431.0
0.54,16.93,0.5880,97.1320,1.8080,2025-09-19 21:17:18,431.0
0.5280,16.9710,0.42,97.0410,1.7930,2025-09-19 21:17:18,431.0
0.5280,16.9050,0.6620,97.0280,1.7540,2025-09-19 21:17:18,431.0
0.51,17.0430,0.5250,96.9860,1.6510,2025-09-19 21:17:18,431.0
0.5430,16.99,0.6410,97.1420,1.9160,2025-09-19 21:17:18,431.0
0.55,17.0020,0.3290,96.98,1.9230,2025-09-19 21:17:18,431.0
0.5170,16.9240,0.5980,96.93,1.7040,2025-09-19 21:17:18,431.0
0.5540,17.0240,0.5780,96.9930,1.8190,2025-09-19 21:17:18,431.0
0.5360,16.9650,0.7240,97.1310,1.7640,2025-09-19 21:17:18,431.0
0.5550,16.9680,0.7810,97.1750,1.8070,2025-09-19 21:17:18,431.0
0.5320,17.0210,0.5390,97.1630,1.7080,2025-09-19 21:17:18,431.0
0.5470,17.0310,0.5810,97.0320,1.8550,2025-09-19 21:17:18,431.0
0.5370,17.0490,0.4730,97.0280,1.7540,2025-09-19 21:17:18,431.0
0.5230,16.9930,0.4440,97.0050,1.7460,2025-09-20 10:53:00,432.0
0.5370,16.9460,0.4760,96.9310,1.8990,2025-09-20 10:53:00,432.0
0.53,16.9520,0.4170,97.0760,1.8050,2025-09-20 10:53:00,432.0
0.5410,16.8770,0.6540,96.8070,1.7730,2025-09-20 10:53:00,432.0
0.5420,16.8950,0.7210,97.1970,1.7420,2025-09-20 10:53:00,432.0
0.5510,16.9710,0.4830,97.3980,1.8240,2025-09-20 10:53:00,432.0
0.5370,16.9240,0.6270,97.0490,1.8680,2025-09-20 10:53:00,432.0
0.5290,16.87,0.6580,97.3390,1.7840,2025-09-20 10:53:00,432.0
0.5170,16.9020,0.4690,97.0440,1.6480,2025-09-20 10:53:00,432.0
0.5310,16.9490,0.5990,97.1010,1.7490,2025-09-20 10:53:00,432.0
0.5380,16.9680,0.5290,97.0890,1.8070,2025-09-20 10:53:00,432.0
0.5330,16.9430,0.5280,97.0470,1.8030,2025-09-20 10:53:00,432.0
0.5270,16.9240,0.4730,97.0880,1.8060,2025-09-20 10:53:00,432.0
0.55,16.8040,0.5210,97.0910,1.8920,2025-09-20 10:53:00,432.0
0.5270,16.8140,0.76,97.0670,1.67,2025-09-20 10:53:00,432.0
0.5420,16.9650,0.6580,96.8910,1.6930,2025-09-20 10:53:00,432.0
0.5470,16.9210,0.5950,96.5870,1.8480,2025-09-20 10:53:00,432.0
0.5290,16.99,0.5530,96.9570,1.7280,2025-09-20 10:53:00,432.0
0.5230,16.9270,0.5990,97.0860,1.6670,2025-09-20 10:53:00,432.0
0.5320,16.9770,0.4580,97.0360,1.6340,2025-09-20 10:53:00,432.0
0.5140,16.9270,0.5220,97.0740,1.6950,2025-09-20 12:53:04,433.0
0.5230,17.0020,0.49,96.9710,1.7080,2025-09-20 12:53:04,433.0
0.5340,17.0020,0.5980,96.7340,1.77,2025-09-20 12:53:04,433.0
0.5410,16.9550,0.5010,97.0150,1.6060,2025-09-20 12:53:04,433.0
0.5220,17.0120,0.5150,96.8650,1.65,2025-09-20 12:53:04,433.0
0.5370,16.99,0.4450,97.1120,1.8370,2025-09-20 12:53:04,433.0
0.5350,16.9740,0.6820,97.0430,1.7950,2025-09-20 12:53:04,433.0
0.51,17.0150,0.6890,96.8970,1.5790,2025-09-20 12:53:04,433.0
0.5350,16.9430,0.5640,97.0650,1.81,2025-09-20 12:53:04,433.0
0.5370,17.0460,0.3220,96.7730,1.7630,2025-09-20 12:53:04,433.0
0.5340,16.9430,0.4310,97.1460,1.8460,2025-09-20 12:53:04,433.0
0.5040,16.9870,0.5560,97.1440,1.6990,2025-09-20 12:53:04,433.0
0.5220,17.0240,0.4790,96.9870,1.6520,2025-09-20 12:53:04,433.0
0.5410,16.9490,0.5850,97.0510,1.7750,2025-09-20 12:53:04,433.0
0.5530,16.99,0.4060,97.1750,1.8130,2025-09-20 12:53:04,433.0
0.5420,16.98,0.42,97.0910,1.7910,2025-09-20 12:53:04,433.0
0.5490,16.9770,0.7210,96.8020,1.9640,2025-09-20 12:53:04,433.0
0.5370,17.0370,0.56,97.2320,1.8370,2025-09-20 12:53:04,433.0
0.5250,17.0270,0.4520,96.9570,1.7710,2025-09-20 12:53:04,433.0
0.5040,16.9710,0.70,97.1380,1.6570,2025-09-20 12:53:04,433.0
0.5520,16.9680,0.3990,96.8710,1.8110,2025-09-22 12:56:43,434.0
0.5290,16.9990,0.5390,96.8880,1.7840,2025-09-22 12:56:43,434.0
0.5520,16.8550,0.4650,96.8810,1.8960,2025-09-22 12:56:43,434.0
0.53,16.9520,0.6130,96.6140,1.7330,2025-09-22 12:56:43,434.0
0.5450,16.9930,0.4520,96.8610,1.7640,2025-09-22 12:56:43,434.0
0.5410,16.9650,0.3570,96.8570,1.7550,2025-09-22 12:56:43,434.0
0.5660,17.0370,0.4550,96.9870,1.8750,2025-09-22 12:56:43,434.0
0.5390,16.9770,0.6090,96.85,1.7340,2025-09-22 12:56:43,434.0
0.5460,16.9270,0.4060,96.9680,1.7220,2025-09-22 12:56:43,434.0
0.5260,16.8230,0.3640,97.2290,1.71,2025-09-22 12:56:43,434.0
0.5320,16.9990,0.5150,96.73,1.64,2025-09-22 12:56:43,434.0
0.5530,16.9960,0.5110,97.0610,1.7960,2025-09-22 12:56:43,434.0
0.5420,16.9240,0.4230,97.1360,1.7650,2025-09-22 12:56:43,434.0
0.5620,16.9830,0.5810,96.8060,1.9580,2025-09-22 12:56:43,434.0
0.5530,16.8640,0.4860,96.8570,1.8030,2025-09-22 12:56:43,434.0
0.5290,16.8920,0.5180,97.0740,1.7750,2025-09-22 12:56:43,434.0
0.5350,16.9110,0.4870,97.0130,1.7450,2025-09-22 12:56:43,434.0
0.5380,16.9490,0.4410,96.9660,1.8020,2025-09-22 12:56:43,434.0
0.5470,16.9580,0.5110,96.9360,1.8050,2025-09-22 12:56:43,434.0
0.55,16.9650,0.6650,96.8550,1.9650,2025-09-22 12:56:43,434.0
0.5150,16.9430,0.6370,96.7030,1.6440,2025-09-22 19:59:43,435.0
0.5510,16.9650,0.5320,97.1530,1.8680,2025-09-22 19:59:43,435.0
0.5240,16.99,0.5710,96.8130,1.8390,2025-09-22 19:59:43,435.0
0.5130,16.9210,0.5210,97.2470,1.7660,2025-09-22 19:59:43,435.0
0.5120,16.8640,0.5110,97.2260,1.7440,2025-09-22 19:59:43,435.0
0.5490,16.9240,0.4940,97.1330,1.8170,2025-09-22 19:59:43,435.0
0.54,16.9770,0.6510,96.7390,1.8080,2025-09-22 19:59:43,435.0
0.5170,16.8010,0.6160,97.14,1.7130,2025-09-22 19:59:43,435.0
0.55,17.0180,0.6930,96.8410,1.8990,2025-09-22 19:59:43,435.0
0.56,16.8360,0.7110,97.0640,1.9220,2025-09-22 19:59:43,435.0
0.5420,16.9460,0.6230,97.1430,1.85,2025-09-22 19:59:43,435.0
0.54,16.98,0.4340,97.0990,1.6740,2025-09-22 19:59:43,435.0
0.56,16.93,0.5990,96.9780,1.7520,2025-09-22 19:59:43,435.0
0.5340,16.9270,0.5250,97.01,1.7040,2025-09-22 19:59:43,435.0
0.5420,17.0530,0.5670,96.9030,1.7660,2025-09-22 19:59:43,435.0
0.5390,16.9110,0.6060,97.1290,1.7390,2025-09-22 19:59:43,435.0
0.5460,17.04,0.5390,96.6440,1.7030,2025-09-22 19:59:43,435.0
0.5440,16.9270,0.5350,97.1170,1.8650,2025-09-22 19:59:43,435.0
0.5240,16.8670,0.7380,97.07,1.8750,2025-09-22 19:59:43,435.0
0.5470,17.0240,0.4510,96.8240,1.7150,2025-09-22 19:59:43,435.0
0.5390,16.9390,0.5950,97.13,1.6910,2025-09-22 21:24:45,436.0
0.5510,17.0430,0.5320,96.7350,1.8840,2025-09-22 21:24:45,436.0
0.5420,16.8990,0.56,97.3180,1.7960,2025-09-22 21:24:45,436.0
0.5580,16.9460,0.5810,97.0650,1.9270,2025-09-22 21:24:45,436.0
0.5350,16.9050,0.6090,97.0580,1.7490,2025-09-22 21:24:45,436.0
0.5290,16.9080,0.5950,97.0030,1.8110,2025-09-22 21:24:45,436.0
0.5410,16.9710,0.55,97.0410,1.8210,2025-09-22 21:24:45,436.0
0.5410,16.9430,0.6370,97.0990,1.83,2025-09-22 21:24:45,436.0
0.5240,16.8730,0.55,96.9880,1.8590,2025-09-22 21:24:45,436.0
0.5390,16.9680,0.5390,96.9610,1.81,2025-09-22 21:24:45,436.0
0.5290,16.9430,0.4830,97.08,1.67,2025-09-22 21:24:45,436.0
0.5460,16.9930,0.5910,96.8190,1.7770,2025-09-22 21:24:45,436.0
0.5470,16.9990,0.5810,96.7430,1.9050,2025-09-22 21:24:45,436.0
0.5160,16.9050,0.5840,96.7820,1.6350,2025-09-22 21:24:45,436.0
0.5420,16.9680,0.4620,97.1470,1.7880,2025-09-22 21:24:45,436.0
0.5330,16.9960,0.5910,97.0320,1.7350,2025-09-22 21:24:45,436.0
0.5320,16.9240,0.5570,96.8820,1.7450,2025-09-22 21:24:45,436.0
0.5360,16.9460,0.3570,96.8320,1.8060,2025-09-22 21:24:45,436.0
0.5350,17.0430,0.5640,96.9810,1.7950,2025-09-22 21:24:45,436.0
0.5290,16.9490,0.5460,96.8980,1.7570,2025-09-22 21:24:45,436.0
0.5420,16.9680,0.4170,96.8530,1.78,2025-09-23 11:09:22,437.0
0.5150,16.9270,0.5530,96.9080,1.6880,2025-09-23 11:09:22,437.0
0.5310,16.9110,0.6020,96.9730,1.7350,2025-09-23 11:09:22,437.0
0.5450,16.9050,0.4380,97.0370,1.7590,2025-09-23 11:09:22,437.0
0.5410,16.8510,0.7770,97.0270,1.79,2025-09-23 11:09:22,437.0
0.5430,16.9580,0.5220,96.9040,1.7940,2025-09-23 11:09:22,437.0
0.5270,16.8770,0.42,97.14,1.7380,2025-09-23 11:09:22,437.0
0.5610,16.9050,0.5710,96.92,1.8790,2025-09-23 11:09:22,437.0
0.5170,16.9080,0.6160,97.0490,1.7830,2025-09-23 11:09:22,437.0
0.5330,16.9610,0.4060,96.9930,1.7560,2025-09-23 11:09:22,437.0
0.5340,16.8950,0.4060,97.02,1.7550,2025-09-23 11:09:22,437.0
0.5190,16.8670,0.5770,96.9320,1.7190,2025-09-23 11:09:22,437.0
0.5250,16.9580,0.5530,96.9520,1.6840,2025-09-23 11:09:22,437.0
0.53,16.98,0.5350,96.86,1.7990,2025-09-23 11:09:22,437.0
0.5130,16.8450,0.5810,96.7160,1.6930,2025-09-23 11:09:22,437.0
0.5350,16.8950,0.3890,97.1120,1.6790,2025-09-23 11:09:22,437.0
0.5350,16.8610,0.3570,97.0180,1.8070,2025-09-23 11:09:22,437.0
0.5540,16.9170,0.4690,97.2570,1.8150,2025-09-23 11:09:22,437.0
0.5430,16.9270,0.49,97.0490,1.8080,2025-09-23 11:09:22,437.0
0.5240,17.04,0.5950,97.0390,1.6440,2025-09-23 11:09:22,437.0
0.5120,16.9360,0.8010,96.8260,1.6070,2025-09-25 10:55:56,438.0
0.52,16.9360,0.5850,96.9010,1.7360,2025-09-25 10:55:56,438.0
0.5160,16.9020,0.5530,97.0190,1.7640,2025-09-25 10:55:56,438.0
0.5250,16.93,0.5560,97.0060,1.71,2025-09-25 10:55:56,438.0
0.5290,16.9270,0.5990,96.8730,1.7410,2025-09-25 10:55:56,438.0
0.5390,16.9490,0.6120,96.9730,1.8640,2025-09-25 10:55:56,438.0
0.5460,16.9520,0.5770,97.1230,1.8370,2025-09-25 10:55:56,438.0
0.5460,16.9740,0.7880,96.9950,1.8380,2025-09-25 10:55:56,438.0
0.5040,16.88,0.4720,96.7940,1.65,2025-09-25 10:55:56,438.0
0.5270,16.8550,0.5670,97.0020,1.8220,2025-09-25 10:55:56,438.0
0.5390,16.8330,0.6060,97.2210,1.8790,2025-09-25 10:55:56,438.0
0.5660,16.8260,0.4580,97.0690,1.8950,2025-09-25 10:55:56,438.0
0.5410,16.88,0.5080,97.0460,1.8510,2025-09-25 10:55:56,438.0
0.5640,16.9740,0.5560,97.1070,1.9680,2025-09-25 10:55:56,438.0
0.5310,16.8420,0.5740,96.9590,1.7270,2025-09-25 10:55:56,438.0
0.5440,16.9170,0.4690,97.0370,1.7570,2025-09-25 10:55:56,438.0
0.5450,16.8040,0.5980,96.9510,1.8550,2025-09-25 10:55:56,438.0
0.5230,16.9550,0.6270,96.8780,1.7630,2025-09-25 10:55:56,438.0
0.5450,16.9050,0.4790,96.83,1.9490,2025-09-25 10:55:56,438.0
0.5070,16.93,0.5320,96.8060,1.6850,2025-09-25 10:55:56,438.0
0.5390,16.9680,0.6370,96.99,1.8250,2025-09-25 13:16:02,439.0
0.5070,16.9050,0.6890,96.8520,1.6390,2025-09-25 13:16:02,439.0
0.5450,16.9210,0.6830,96.9860,1.9070,2025-09-25 13:16:02,439.0
0.5390,16.9710,0.5430,96.8320,1.7750,2025-09-25 13:16:02,439.0
0.5280,16.9930,0.6270,96.8540,1.7320,2025-09-25 13:16:02,439.0
0.5320,17.0050,0.6230,96.8090,1.8080,2025-09-25 13:16:02,439.0
0.5370,16.8580,0.7280,96.7780,1.8250,2025-09-25 13:16:02,439.0
0.5430,16.9550,0.5670,97.2380,1.8550,2025-09-25 13:16:02,439.0
0.5420,16.9740,0.7110,96.6510,1.9460,2025-09-25 13:16:02,439.0
0.53,16.93,0.5560,97.1340,1.7510,2025-09-25 13:16:02,439.0
0.5330,16.9580,0.6190,97.0860,1.6660,2025-09-25 13:16:02,439.0
0.5320,17.0150,0.4620,96.8710,1.7690,2025-09-25 13:16:02,439.0
0.5090,16.9460,0.5850,97.0690,1.6410,2025-09-25 13:16:02,439.0
0.5470,16.93,0.5180,96.9720,1.7970,2025-09-25 13:16:02,439.0
0.5240,16.9270,0.5770,97,1.7570,2025-09-25 13:16:02,439.0
0.5320,16.99,0.5350,96.98,1.7510,2025-09-25 13:16:02,439.0
0.5160,17.0150,0.6230,96.8440,1.6570,2025-09-25 13:16:02,439.0
0.5280,16.9490,0.6480,96.9710,1.7720,2025-09-25 13:16:02,439.0
0.5330,16.9020,0.4970,96.7910,1.77,2025-09-25 13:16:02,439.0
0.5060,16.9240,0.6270,97.2280,1.7610,2025-09-25 13:16:02,439.0
0.5360,16.9830,0.5640,97.1240,1.7540,2025-09-25 19:46:51,440.0
0.5450,16.9430,0.6160,96.8850,1.8330,2025-09-25 19:46:51,440.0
0.5250,16.9460,0.4030,97.1990,1.8750,2025-09-25 19:46:51,440.0
0.5260,16.99,0.4830,96.9010,1.76,2025-09-25 19:46:51,440.0
0.5090,17.0020,0.8370,97.0090,1.6990,2025-09-25 19:46:51,440.0
0.5590,17.0310,0.6120,96.8850,1.9420,2025-09-25 19:46:51,440.0
0.5340,16.9170,0.6020,97.0140,1.7930,2025-09-25 19:46:51,440.0
0.5240,17.0680,0.5110,96.9310,1.8050,2025-09-25 19:46:51,440.0
0.5390,16.9210,0.4970,97.0220,1.8470,2025-09-25 19:46:51,440.0
0.5080,16.8730,0.3320,96.9730,1.7540,2025-09-25 19:46:51,440.0
0.54,16.9710,0.6190,96.7170,1.8650,2025-09-25 19:46:51,440.0
0.5130,16.9050,0.5910,96.7430,1.6760,2025-09-25 19:46:51,440.0
0.5030,16.9210,0.5070,96.8830,1.7630,2025-09-25 19:46:51,440.0
0.5360,16.9080,0.6680,97.1570,1.8120,2025-09-25 19:46:51,440.0
0.5250,16.9930,0.7560,97.1960,1.8250,2025-09-25 19:46:51,440.0
0.5290,16.9430,0.4970,96.82,1.7710,2025-09-25 19:46:51,440.0
0.5270,16.88,0.7770,96.8290,1.7410,2025-09-25 19:46:51,440.0
0.5180,16.9740,0.6230,97.1050,1.7520,2025-09-25 19:46:51,440.0
0.5430,17.0310,0.6130,96.7570,1.8620,2025-09-25 19:46:51,440.0
0.5130,16.9020,0.6020,96.8460,1.7110,2025-09-25 19:46:51,440.0
0.5240,17.0050,0.5980,96.9510,1.8230,2025-09-25 21:26:55,441.0
0.5310,16.9430,0.4230,97.1340,1.7140,2025-09-25 21:26:55,441.0
0.5220,16.9050,0.4130,97.15,1.7150,2025-09-25 21:26:55,441.0
0.5540,17.0240,0.76,97.3130,1.7520,2025-09-25 21:26:55,441.0
0.53,16.9960,0.7530,97.0090,1.7770,2025-09-25 21:26:55,441.0
0.5360,17.0050,0.5570,96.6360,1.8980,2025-09-25 21:26:55,441.0
0.5180,16.9390,0.6860,96.84,1.82,2025-09-25 21:26:55,441.0
0.5210,16.99,0.6270,96.8640,1.7150,2025-09-25 21:26:55,441.0
0.5250,16.9990,0.6480,96.7330,1.74,2025-09-25 21:26:55,441.0
0.5270,16.9490,0.4790,96.9340,1.7470,2025-09-25 21:26:55,441.0
0.5450,16.9020,0.5070,96.9540,1.8510,2025-09-25 21:26:55,441.0
0.5410,16.99,0.4970,96.7760,1.7730,2025-09-25 21:26:55,441.0
0.5580,17.0310,0.6090,96.9650,1.9370,2025-09-25 21:26:55,441.0
0.5360,17.0020,0.4340,97.0360,1.8160,2025-09-25 21:26:55,441.0
0.53,16.9650,0.5460,96.95,1.8380,2025-09-25 21:26:55,441.0
0.5430,16.9740,0.5530,96.8110,1.8330,2025-09-25 21:26:55,441.0
0.5430,17.0050,0.6860,96.7990,1.7880,2025-09-25 21:26:55,441.0
0.5150,17.0310,0.5640,96.77,1.7170,2025-09-25 21:26:55,441.0
0.5270,16.9680,0.5290,97.1530,1.6850,2025-09-25 21:26:55,441.0
0.5320,16.9580,0.6510,97.38,1.8430,2025-09-25 21:26:55,441.0
0.5290,16.9360,0.4340,96.9720,1.8090,2025-09-26 15:24:32,442.0
0.5440,16.8950,0.5250,97.1630,1.8120,2025-09-26 15:24:32,442.0
0.53,16.8670,0.6890,96.9370,1.8150,2025-09-26 15:24:32,442.0
0.5290,16.9650,0.5710,97.1530,1.6970,2025-09-26 15:24:32,442.0
0.5320,16.8640,0.6580,97.1750,1.8560,2025-09-26 15:24:32,442.0
0.5340,16.98,0.4620,96.9530,1.8650,2025-09-26 15:24:32,442.0
0.5370,16.8510,0.5630,96.9220,1.8270,2025-09-26 15:24:32,442.0
0.5510,16.9930,0.5810,96.8810,1.9690,2025-09-26 15:24:32,442.0
0.5640,16.9990,0.5670,97.2150,2.0630,2025-09-26 15:24:32,442.0
0.5320,16.8950,0.5710,97.1460,1.7080,2025-09-26 15:24:32,442.0
0.5190,16.8330,0.6410,96.80,1.8310,2025-09-26 15:24:32,442.0
0.54,16.9210,0.5250,96.9580,1.9870,2025-09-26 15:24:32,442.0
0.53,16.8830,0.5850,97.2730,1.73,2025-09-26 15:24:32,442.0
0.5220,16.88,0.7180,96.7740,1.9210,2025-09-26 15:24:32,442.0
0.5180,16.8830,0.5080,97.1460,1.6660,2025-09-26 15:24:32,442.0
0.5350,16.8610,0.7350,97.0480,1.8130,2025-09-26 15:24:32,442.0
0.5360,16.8950,0.4580,96.8080,1.9440,2025-09-26 15:24:32,442.0
0.5240,16.7980,0.5810,97.1120,1.8150,2025-09-26 15:24:32,442.0
0.5240,16.8480,0.6510,96.9080,1.8120,2025-09-26 15:24:32,442.0
0.5260,16.7950,0.6330,96.91,1.7910,2025-09-26 15:24:32,442.0
0.5270,16.9430,0.7390,96.7460,1.7180,2025-09-26 19:24:41,443.0
0.5520,17.0430,0.5710,97.0510,1.8570,2025-09-26 19:24:41,443.0
0.53,16.9330,0.7520,96.8190,1.7480,2025-09-26 19:24:41,443.0
0.5480,17.0120,0.6120,96.9920,1.87,2025-09-26 19:24:41,443.0
0.5320,16.9550,0.6620,96.7910,1.8060,2025-09-26 19:24:41,443.0
0.5250,17.0020,0.5670,96.7230,1.7230,2025-09-26 19:24:41,443.0
0.5330,16.9990,0.49,96.7120,1.7840,2025-09-26 19:24:41,443.0
0.5310,16.9460,0.6480,96.8440,1.7970,2025-09-26 19:24:41,443.0
0.5340,16.9140,0.8540,96.7440,1.7740,2025-09-26 19:24:41,443.0
0.5370,16.8990,0.5350,97.1770,1.7310,2025-09-26 19:24:41,443.0
0.5330,16.99,0.6480,96.8530,1.75,2025-09-26 19:24:41,443.0
0.5330,17.04,0.7490,96.8470,1.8060,2025-09-26 19:24:41,443.0
0.5480,16.98,0.8220,97.07,1.9050,2025-09-26 19:24:41,443.0
0.5230,16.9740,0.6060,96.9330,1.7540,2025-09-26 19:24:41,443.0
0.5550,16.9710,0.5220,97.0150,1.8310,2025-09-26 19:24:41,443.0
0.5370,16.9330,0.6580,97.2940,1.8740,2025-09-26 19:24:41,443.0
0.5640,16.9960,0.8890,96.7270,1.9190,2025-09-26 19:24:41,443.0
0.5490,16.9680,0.5740,97.16,1.8870,2025-09-26 19:24:41,443.0
0.5410,16.9520,0.7310,96.7070,1.8460,2025-09-26 19:24:41,443.0
0.5490,17.0310,0.6510,96.7830,1.9270,2025-09-26 19:24:41,443.0
0.5350,16.9330,0.5560,97.1060,1.7610,2025-09-26 21:29:45,444.0
0.5450,16.9430,0.5570,97.1120,1.8310,2025-09-26 21:29:45,444.0
0.5220,16.93,0.5390,97.1450,1.9240,2025-09-26 21:29:45,444.0
0.5360,17.0490,0.5560,96.7650,1.75,2025-09-26 21:29:45,444.0
0.5240,16.9580,0.4760,96.8080,1.8920,2025-09-26 21:29:45,444.0
0.5210,16.9680,0.7070,96.7470,1.8670,2025-09-26 21:29:45,444.0
0.5480,16.8770,0.5560,97.0940,1.8490,2025-09-26 21:29:45,444.0
0.53,16.8550,0.7320,97.0450,1.9220,2025-09-26 21:29:45,444.0
0.5290,16.9550,0.7840,96.8450,1.7090,2025-09-26 21:29:45,444.0
0.5450,16.98,0.4760,96.7220,1.8310,2025-09-26 21:29:45,444.0
0.54,16.9870,0.5420,96.6180,1.7740,2025-09-26 21:29:45,444.0
0.5260,17.0090,0.4380,97.0830,1.7110,2025-09-26 21:29:45,444.0
0.5330,16.8860,0.6650,97.0040,1.7390,2025-09-26 21:29:45,444.0
0.5490,16.8950,0.7240,96.8710,1.9670,2025-09-26 21:29:45,444.0
0.5340,16.8640,0.6090,97.09,1.8750,2025-09-26 21:29:45,444.0
0.5310,16.9430,0.70,96.7580,1.7110,2025-09-26 21:29:45,444.0
0.5280,16.9610,0.6440,96.9120,1.7880,2025-09-26 21:29:45,444.0
0.5350,16.9740,0.5220,96.7530,1.7530,2025-09-26 21:29:45,444.0
0.5430,16.9740,0.4970,96.8270,1.9240,2025-09-26 21:29:45,444.0
0.5340,16.9110,0.6510,96.9620,1.7810,2025-09-26 21:29:45,444.0
0.5210,16.9270,0.71,96.8060,1.76,2025-09-27 11:36:48,445.0
0.5410,16.8670,0.34,97.2550,1.8370,2025-09-27 11:36:48,445.0
0.5390,16.9930,0.5390,97.1950,1.8560,2025-09-27 11:36:48,445.0
0.5370,16.9050,0.7980,96.9970,1.8180,2025-09-27 11:36:48,445.0
0.5320,16.8480,0.7870,96.7830,1.92,2025-09-27 11:36:48,445.0
0.5260,16.9270,0.56,96.8960,1.8510,2025-09-27 11:36:48,445.0
0.5240,17.0120,0.6580,96.7320,1.7920,2025-09-27 11:36:48,445.0
0.5420,16.9650,0.6760,97.2180,1.8750,2025-09-27 11:36:48,445.0
0.5410,16.9080,0.5980,96.8090,1.8490,2025-09-27 11:36:48,445.0
0.5530,16.99,0.4870,97.0910,1.8810,2025-09-27 11:36:48,445.0
0.5090,16.8550,0.4940,96.8390,1.8160,2025-09-27 11:36:48,445.0
0.5540,16.9610,0.5570,97.2520,1.9870,2025-09-27 11:36:48,445.0
0.5410,16.9460,0.5710,97.0960,1.83,2025-09-27 11:36:48,445.0
0.5260,16.87,0.7740,97.0490,1.8040,2025-09-27 11:36:48,445.0
0.5550,16.9770,0.5910,96.9050,1.8970,2025-09-27 11:36:48,445.0
0.52,16.9680,0.5770,97.27,1.7340,2025-09-27 11:36:48,445.0
0.5510,16.9680,0.7390,97.0410,1.8980,2025-09-27 11:36:48,445.0
0.5270,16.9170,0.6480,96.9840,1.8270,2025-09-27 11:36:48,445.0
0.5420,16.9210,0.3920,97.0180,1.8570,2025-09-27 11:36:48,445.0
0.5410,16.8990,0.5810,97.0880,1.7690,2025-09-27 11:36:48,445.0
0.5320,17.0310,0.4830,96.8550,1.8150,2025-09-27 13:01:51,446.0
0.5110,16.9990,0.4790,96.9720,1.80,2025-09-27 13:01:51,446.0
0.5460,16.8990,0.4440,96.7680,1.8770,2025-09-27 13:01:51,446.0
0.5350,17.0050,0.6580,96.9320,1.8790,2025-09-27 13:01:51,446.0
0.5570,17.0270,0.5670,96.8290,2.0080,2025-09-27 13:01:51,446.0
0.5270,16.9710,0.50,97.2360,1.8140,2025-09-27 13:01:51,446.0
0.5270,16.9360,0.6020,96.9010,1.7340,2025-09-27 13:01:51,446.0
0.5510,17.0090,0.5980,96.8120,1.8130,2025-09-27 13:01:51,446.0
0.5390,16.9610,0.6830,96.9890,1.7920,2025-09-27 13:01:51,446.0
0.5230,16.9240,0.5810,97.2540,1.7070,2025-09-27 13:01:51,446.0
0.5260,16.9870,0.55,96.7430,1.8110,2025-09-27 13:01:51,446.0
0.5240,16.9680,0.5460,97.0030,1.7310,2025-09-27 13:01:51,446.0
0.5540,17.0680,0.7950,97.0290,1.8370,2025-09-27 13:01:51,446.0
0.4990,16.88,0.5320,96.9080,1.6880,2025-09-27 13:01:51,446.0
0.5580,17.0310,0.4510,96.8850,1.81,2025-09-27 13:01:51,446.0
0.51,16.8890,0.6970,97.1860,1.6450,2025-09-27 13:01:51,446.0
0.5390,17.0240,0.6750,97.2680,1.7410,2025-09-27 13:01:51,446.0
0.5320,17.0210,0.5530,97.0140,1.82,2025-09-27 13:01:51,446.0
0.5370,17.0050,0.7070,96.9630,1.8120,2025-09-27 13:01:51,446.0
0.5480,17.0680,0.77,97.0490,1.7150,2025-09-27 13:01:51,446.0
0.5410,16.8860,0.62,97.3150,1.8320,2025-09-27 19:16:58,447.0
0.5350,16.8610,0.5950,96.7720,1.7760,2025-09-27 19:16:58,447.0
0.5550,16.9270,0.4970,97.1780,1.8960,2025-09-27 19:16:58,447.0
0.52,16.8860,0.7350,97.03,1.6950,2025-09-27 19:16:58,447.0
0.5430,16.8510,0.4130,97.0590,1.7160,2025-09-27 19:16:58,447.0
0.5350,16.9330,0.4620,96.8880,1.7580,2025-09-27 19:16:58,447.0
0.5390,16.9080,0.4410,96.9920,1.8240,2025-09-27 19:16:58,447.0
0.5340,16.9210,0.6020,97.1150,1.6650,2025-09-27 19:16:58,447.0
0.5360,16.8170,0.5710,96.7560,1.7530,2025-09-27 19:16:58,447.0
0.5440,16.9990,0.4620,97.1060,1.8570,2025-09-27 19:16:58,447.0
0.5610,16.8110,0.5040,97.02,1.8080,2025-09-27 19:16:58,447.0
0.5750,16.9460,0.56,97.0730,1.9710,2025-09-27 19:16:58,447.0
0.5560,16.8730,0.4380,97.0970,1.9380,2025-09-27 19:16:58,447.0
0.5290,16.8670,0.6550,97.0220,1.7280,2025-09-27 19:16:58,447.0
0.5140,16.7790,0.56,97.0460,1.6490,2025-09-27 19:16:58,447.0
0.5450,16.9330,0.4830,96.8060,1.8260,2025-09-27 19:16:58,447.0
0.5550,16.8260,0.4520,97.0750,1.9710,2025-09-27 19:16:58,447.0
0.54,16.8990,0.56,96.96,1.8280,2025-09-27 19:16:58,447.0
0.5550,16.8950,0.3610,97.0450,1.8910,2025-09-27 19:16:58,447.0
0.5230,16.8640,0.6370,96.7570,1.8390,2025-09-27 19:16:58,447.0
0.5610,17.1590,0.4020,97.0420,1.9120,2025-09-27 21:22:01,448.0
0.5410,16.9990,0.5460,96.9080,1.7450,2025-09-27 21:22:01,448.0
0.5240,16.9580,0.7390,97.20,1.8060,2025-09-27 21:22:01,448.0
0.5550,17.0340,0.6580,96.7610,1.8860,2025-09-27 21:22:01,448.0
0.5480,17.0780,0.4940,96.8670,1.94,2025-09-27 21:22:01,448.0
0.5460,16.8990,0.6720,96.8340,1.8230,2025-09-27 21:22:01,448.0
0.5380,17.0650,0.4830,96.8680,1.8070,2025-09-27 21:22:01,448.0
0.5220,16.9770,0.5710,97.1460,1.7210,2025-09-27 21:22:01,448.0
0.5430,17.0090,0.6190,96.9450,1.8850,2025-09-27 21:22:01,448.0
0.5420,16.9740,0.56,96.9570,1.8050,2025-09-27 21:22:01,448.0
0.5510,16.98,0.5740,96.8640,1.8740,2025-09-27 21:22:01,448.0
0.5460,17.0120,0.5460,96.88,1.8440,2025-09-27 21:22:01,448.0
0.52,17.0210,0.5180,96.8690,1.71,2025-09-27 21:22:01,448.0
0.5530,16.9710,0.5430,96.9130,1.8710,2025-09-27 21:22:01,448.0
0.5120,16.9360,0.6120,96.9930,1.6150,2025-09-27 21:22:01,448.0
0.5440,17.0680,0.4790,96.9720,1.9260,2025-09-27 21:22:01,448.0
0.52,16.9240,0.5530,97.0530,1.7130,2025-09-27 21:22:01,448.0
0.5430,16.9580,0.5150,97.0410,1.88,2025-09-27 21:22:01,448.0
0.5390,16.99,0.4270,96.7280,1.8310,2025-09-27 21:22:01,448.0
0.5190,16.9170,0.6230,97.0480,1.7580,2025-09-27 21:22:01,448.0
0.5420,16.9520,0.4270,96.8460,1.8010,2025-09-28 10:59:49,449.0
0.5530,17.0050,0.4060,97.0660,1.9510,2025-09-28 10:59:49,449.0
0.5490,16.9960,0.6230,97.0620,1.7710,2025-09-28 10:59:49,449.0
0.5580,16.9520,0.5280,97.0550,1.8490,2025-09-28 10:59:49,449.0
0.5380,16.9740,0.7070,96.7110,1.76,2025-09-28 10:59:49,449.0
0.5460,17.0150,0.4830,96.9520,1.8170,2025-09-28 10:59:49,449.0
0.5510,17.04,0.6760,96.9290,1.8010,2025-09-28 10:59:49,449.0
0.5380,16.9930,0.6230,96.83,1.7880,2025-09-28 10:59:49,449.0
0.5550,16.9990,0.63,97.0220,1.8590,2025-09-28 10:59:49,449.0
0.5490,16.8450,0.5710,96.79,1.72,2025-09-28 10:59:49,449.0
0.51,16.93,0.4130,96.8350,1.7120,2025-09-28 10:59:49,449.0
0.5350,16.9430,0.5180,97.1850,1.80,2025-09-28 10:59:49,449.0
0.5370,16.9610,0.7770,97.0090,1.6910,2025-09-28 10:59:49,449.0
0.5550,16.9610,0.5670,97.1010,1.7880,2025-09-28 10:59:49,449.0
0.5290,16.9080,0.6060,97.0810,1.7760,2025-09-28 10:59:49,449.0
0.5350,17.0050,0.6440,96.8880,1.8490,2025-09-28 10:59:49,449.0
0.5380,16.9110,0.5810,96.91,1.8110,2025-09-28 10:59:49,449.0
0.5390,16.9520,0.7530,96.6880,1.8030,2025-09-28 10:59:49,449.0
0.5460,16.99,0.5710,97.18,1.81,2025-09-28 10:59:49,449.0
0.5350,16.9580,0.4580,96.8670,1.8140,2025-09-28 10:59:49,449.0
0.5310,16.9710,0.6510,97.02,1.9210,2025-09-28 13:04:54,450.0
0.5520,17.0560,0.6270,96.9560,1.9410,2025-09-28 13:04:54,450.0
0.5380,16.9680,0.6890,97.1680,1.78,2025-09-28 13:04:54,450.0
0.5420,16.93,0.50,97.3140,1.7110,2025-09-28 13:04:54,450.0
0.5240,16.9360,0.4520,96.9570,1.8060,2025-09-28 13:04:54,450.0
0.5240,16.9080,0.6510,97.2480,1.7510,2025-09-28 13:04:54,450.0
0.52,16.9490,0.6090,96.8860,1.7460,2025-09-28 13:04:54,450.0
0.5080,16.98,0.7240,96.8960,1.7680,2025-09-28 13:04:54,450.0
0.53,16.9330,0.4690,96.8340,1.7870,2025-09-28 13:04:54,450.0
0.54,16.9770,0.5560,97.0460,1.8380,2025-09-28 13:04:54,450.0
0.5560,16.9990,0.56,96.9870,1.8420,2025-09-28 13:04:54,450.0
0.5570,16.8920,0.55,97.0450,1.9150,2025-09-28 13:04:54,450.0
0.5510,16.9710,0.6440,97.0680,1.8880,2025-09-28 13:04:54,450.0
0.5090,16.7890,0.6790,97.33,1.5930,2025-09-28 13:04:54,450.0
0.5490,16.9330,0.4940,97.0250,1.8620,2025-09-28 13:04:54,450.0
0.5220,16.9170,0.6340,96.8940,1.6960,2025-09-28 13:04:54,450.0
0.5310,16.9580,0.6620,96.78,1.8150,2025-09-28 13:04:54,450.0
0.5330,16.9240,0.55,97.12,1.7830,2025-09-28 13:04:54,450.0
0.5280,16.99,0.5320,96.9010,1.8380,2025-09-28 13:04:54,450.0
0.5440,16.9430,0.5040,96.8370,1.8360,2025-09-28 13:04:54,450.0
0.5460,16.9680,0.5740,97.1040,1.8230,2025-09-28 19:20:11,451.0
0.5410,16.98,0.4550,97.2820,1.7270,2025-09-28 19:20:11,451.0
0.5370,16.9710,0.4550,97.0510,1.7310,2025-09-28 19:20:11,451.0
0.5250,17.0180,0.4160,97.1590,1.7680,2025-09-28 19:20:11,451.0
0.5710,17.0430,0.5460,97.0940,1.8820,2025-09-28 19:20:11,451.0
0.5190,16.9580,0.6130,97.0860,1.79,2025-09-28 19:20:11,451.0
0.5380,16.99,0.3750,96.9860,1.8280,2025-09-28 19:20:11,451.0
0.5430,17.0490,0.56,97.1510,1.6910,2025-09-28 19:20:11,451.0
0.56,16.99,0.3920,97.1560,1.7410,2025-09-28 19:20:11,451.0
0.5330,16.99,0.6270,96.9610,1.7450,2025-09-28 19:20:11,451.0
0.5450,16.9990,0.6480,96.9950,1.9320,2025-09-28 19:20:11,451.0
0.5030,17.0090,0.6580,97.1220,1.6510,2025-09-28 19:20:11,451.0
0.5220,17.0490,0.4760,96.8840,1.7170,2025-09-28 19:20:11,451.0
0.5350,16.9990,0.7490,97.0510,1.7690,2025-09-28 19:20:11,451.0
0.5460,17.0490,0.3990,97.0620,1.8230,2025-09-28 19:20:11,451.0
0.52,16.9740,0.6330,97.1370,1.7660,2025-09-28 19:20:11,451.0
0.51,16.9050,0.4620,97.11,1.6640,2025-09-28 19:20:11,451.0
0.5130,16.9460,0.6190,97.0030,1.7840,2025-09-28 19:20:11,451.0
0.5420,16.9870,0.5670,96.8630,1.9020,2025-09-28 19:20:11,451.0
0.5160,17.0120,0.3920,96.9760,1.7010,2025-09-28 19:20:11,451.0
0.5190,17.0090,0.63,96.8490,1.6490,2025-09-28 21:35:17,452.0
0.5370,17.0340,0.7070,97.0190,1.7910,2025-09-28 21:35:17,452.0
0.5630,17.0240,0.5810,97.1830,1.9760,2025-09-28 21:35:17,452.0
0.5490,17.0530,0.5740,97.1150,1.8770,2025-09-28 21:35:17,452.0
0.52,17.0090,0.5850,97.11,1.7060,2025-09-28 21:35:17,452.0
0.5440,17.0460,0.5910,96.9150,1.7850,2025-09-28 21:35:17,452.0
0.5070,17.0150,0.62,96.9290,1.6370,2025-09-28 21:35:17,452.0
0.5190,16.9710,0.7280,96.9790,1.7580,2025-09-28 21:35:17,452.0
0.5410,16.9740,0.5910,97.0590,1.8840,2025-09-28 21:35:17,452.0
0.5220,16.9550,0.7840,97.0230,1.7760,2025-09-28 21:35:17,452.0
0.5230,17.0050,0.5980,96.92,1.6570,2025-09-28 21:35:17,452.0
0.5210,16.9020,0.5420,97.0280,1.8050,2025-09-28 21:35:17,452.0
0.5680,17.0710,0.5710,97.1220,1.9090,2025-09-28 21:35:17,452.0
0.5530,16.9960,0.5430,97.2780,1.8480,2025-09-28 21:35:17,452.0
0.5240,16.9710,0.5460,96.9650,1.6960,2025-09-28 21:35:17,452.0
0.5060,17.0240,0.3850,97.0450,1.6540,2025-09-28 21:35:17,452.0
0.5270,17.0460,0.4170,97.1020,1.6870,2025-09-28 21:35:17,452.0
0.5360,16.9610,0.6750,97.0810,1.8350,2025-09-28 21:35:17,452.0
0.52,17.0210,0.5110,96.90,1.6240,2025-09-28 21:35:17,452.0
0.5270,17.0050,0.5810,97.1550,1.6330,2025-09-28 21:35:17,452.0
0.5180,16.9830,0.5880,97.19,1.7750,2025-10-13 15:16:19,453.0
0.5230,17.0210,0.5770,97.38,1.73,2025-10-13 15:16:19,453.0
0.5250,17.0650,0.4690,96.8970,1.7350,2025-10-13 15:16:19,453.0
0.5240,16.9610,0.5350,97.1220,1.7820,2025-10-13 15:16:19,453.0
0.5270,16.9710,0.5040,97.0510,1.9130,2025-10-13 15:16:19,453.0
0.5110,16.9460,0.4690,97.0050,1.70,2025-10-13 15:16:19,453.0
0.5260,17.0590,0.6050,96.99,1.6980,2025-10-13 15:16:19,453.0
0.5350,16.9520,0.5740,97.0310,1.8130,2025-10-13 15:16:19,453.0
0.4980,16.9930,0.7240,97.0130,1.5760,2025-10-13 15:16:19,453.0
0.5220,16.9140,0.3890,97.1110,1.66,2025-10-13 15:16:19,453.0
0.5090,16.9710,0.5710,96.8980,1.7340,2025-10-13 15:16:19,453.0
0.5470,17.0120,0.4940,97.1380,1.8630,2025-10-13 15:16:19,453.0
0.5180,17.0240,0.5250,97.0060,1.8040,2025-10-13 15:16:19,453.0
0.5510,17.0560,0.5560,97.2270,1.7880,2025-10-13 15:16:19,453.0
0.5350,17.0240,0.3920,96.9310,1.8120,2025-10-13 15:16:19,453.0
0.5310,17.0210,0.5460,96.9490,1.7580,2025-10-13 15:16:19,453.0
0.5040,16.9710,0.6370,97.1360,1.6810,2025-10-13 15:16:19,453.0
0.5390,17.0590,0.4790,97.0920,1.7790,2025-10-13 15:16:19,453.0
0.5240,16.9390,0.4760,96.9670,1.8050,2025-10-13 15:16:19,453.0
0.5230,16.9330,0.6230,97.0920,1.7940,2025-10-13 15:16:19,453.0
0.5440,16.9990,0.6370,97.1140,1.9240,2025-10-13 19:21:26,454.0
0.5320,17.0210,0.4760,97.0130,1.7850,2025-10-13 19:21:26,454.0
0.5440,17.0150,0.4230,97.1280,1.7310,2025-10-13 19:21:26,454.0
0.5290,17.0560,0.6680,96.9010,1.6920,2025-10-13 19:21:26,454.0
0.52,17.0310,0.5530,97.0970,1.70,2025-10-13 19:21:26,454.0
0.5380,17.0050,0.6750,97.0930,1.8930,2025-10-13 19:21:26,454.0
0.5080,16.9960,0.6760,97.0360,1.70,2025-10-13 19:21:26,454.0
0.5360,16.9990,0.7310,97.1640,1.80,2025-10-13 19:21:26,454.0
0.5110,16.9770,0.8080,96.9920,1.6780,2025-10-13 19:21:26,454.0
0.5240,17.1030,0.5950,96.9990,1.8020,2025-10-13 19:21:26,454.0
0.5290,17.0050,0.7390,97.0540,1.7850,2025-10-13 19:21:26,454.0
0.53,17.0680,0.5880,96.8880,1.7950,2025-10-13 19:21:26,454.0
0.5420,17.0560,0.7180,97.0540,1.8140,2025-10-13 19:21:26,454.0
0.5130,16.9460,0.6120,97,1.6970,2025-10-13 19:21:26,454.0
0.5250,17.0090,0.7630,96.8910,1.7420,2025-10-13 19:21:26,454.0
0.5360,17.0310,0.6370,96.8760,1.8540,2025-10-13 19:21:26,454.0
0.5490,16.9830,0.6890,97.1460,1.8460,2025-10-13 19:21:26,454.0
0.5180,16.98,0.6090,97.1330,1.6870,2025-10-13 19:21:26,454.0
0.5310,17.0090,0.7210,97.2440,1.6550,2025-10-13 19:21:26,454.0
0.5420,17.0180,0.6270,97.2170,1.8550,2025-10-13 19:21:26,454.0
0.54,17.0490,0.5180,97.0930,1.7860,2025-10-13 21:46:30,455.0
0.5270,16.9830,0.5080,97.05,1.7660,2025-10-13 21:46:30,455.0
0.5560,16.9270,0.5990,97.1330,1.9770,2025-10-13 21:46:30,455.0
0.5350,16.9650,0.7490,97.1430,1.79,2025-10-13 21:46:30,455.0
0.53,16.9210,0.6020,97.0540,1.7540,2025-10-13 21:46:30,455.0
0.5620,16.9930,0.6650,97.0030,1.8480,2025-10-13 21:46:30,455.0
0.5320,16.9710,0.7170,96.8410,1.8220,2025-10-13 21:46:30,455.0
0.5590,16.9050,0.6090,97.2230,1.9110,2025-10-13 21:46:30,455.0
0.5420,16.8670,0.4720,96.8490,1.7890,2025-10-13 21:46:30,455.0
0.53,17.0090,0.6540,97.1160,1.8190,2025-10-13 21:46:30,455.0
0.52,16.99,0.4860,97.0650,1.7930,2025-10-13 21:46:30,455.0
0.5310,16.9270,0.6830,96.9850,1.7860,2025-10-13 21:46:30,455.0
0.5260,16.9740,0.5990,97.1750,1.7420,2025-10-13 21:46:30,455.0
0.5310,16.8580,0.5810,97.0290,1.7510,2025-10-13 21:46:30,455.0
0.5620,16.9610,0.6410,97.0050,1.8910,2025-10-13 21:46:30,455.0
0.5520,16.8860,0.7630,97.0190,1.74,2025-10-13 21:46:30,455.0
0.5460,16.9770,0.5560,97.0080,1.8650,2025-10-13 21:46:30,455.0
0.53,16.9490,0.4730,96.8870,1.7680,2025-10-13 21:46:30,455.0
0.5280,17.0460,0.6760,97.0830,1.7950,2025-10-13 21:46:30,455.0
0.5180,16.8730,0.5460,97.2110,1.6390,2025-10-13 21:46:30,455.0
0.55,16.9240,0.4760,96.9650,1.8870,2025-10-14 11:10:12,456.0
0.5160,16.8550,0.6050,97.0850,1.80,2025-10-14 11:10:12,456.0
0.5380,16.9390,0.5850,97.1190,1.8450,2025-10-14 11:10:12,456.0
0.5380,16.9580,0.6060,97.0570,1.7710,2025-10-14 11:10:12,456.0
0.5360,16.9460,0.6270,97.1510,1.7770,2025-10-14 11:10:12,456.0
0.5440,17.0050,0.6370,97.1860,1.8630,2025-10-14 11:10:12,456.0
0.5290,16.9610,0.6060,97.1380,1.84,2025-10-14 11:10:12,456.0
0.5280,16.9990,0.5110,96.8880,1.7840,2025-10-14 11:10:12,456.0
0.5230,16.9210,0.4760,97.1390,1.78,2025-10-14 11:10:12,456.0
0.5450,16.9830,0.6680,97.14,1.9690,2025-10-14 11:10:12,456.0
0.5350,16.9870,0.5780,96.8060,1.88,2025-10-14 11:10:12,456.0
0.52,16.9390,0.4380,96.9380,1.7080,2025-10-14 11:10:12,456.0
0.55,16.9770,0.5810,97.0990,1.7560,2025-10-14 11:10:12,456.0
0.5410,16.9830,0.4790,97.1820,1.8410,2025-10-14 11:10:12,456.0
0.5250,17.0310,0.7310,96.7460,1.7340,2025-10-14 11:10:12,456.0
0.5230,16.9110,0.5530,96.8780,1.7240,2025-10-14 11:10:12,456.0
0.56,16.9830,0.5460,97.1030,1.8940,2025-10-14 11:10:12,456.0
0.5230,17.0240,0.5420,96.9260,1.7090,2025-10-14 11:10:12,456.0
0.5420,16.9110,0.7490,96.8870,1.8660,2025-10-14 11:10:12,456.0
0.5480,17.1150,0.76,97.0740,1.8160,2025-10-14 11:10:12,456.0
0.5140,16.9360,0.5840,96.9670,1.5680,2025-10-14 13:05:16,457.0
0.5250,17.0050,0.5180,97.1060,1.7440,2025-10-14 13:05:16,457.0
0.5290,16.9580,0.7560,97.1460,1.8060,2025-10-14 13:05:16,457.0
0.5340,16.9520,0.5350,96.8280,1.8290,2025-10-14 13:05:16,457.0
0.5530,16.9960,0.5710,97.1840,1.9070,2025-10-14 13:05:16,457.0
0.5410,16.9050,0.6860,97.0630,1.8950,2025-10-14 13:05:16,457.0
0.5290,16.9990,0.6160,97.0710,1.7550,2025-10-14 13:05:16,457.0
0.5310,17.0090,0.5640,97.0230,1.8560,2025-10-14 13:05:16,457.0
0.5310,16.9020,0.6510,96.8230,1.7980,2025-10-14 13:05:16,457.0
0.5320,17.04,0.4760,97.0250,1.7630,2025-10-14 13:05:16,457.0
0.56,17.0180,0.5040,96.9960,1.9430,2025-10-14 13:05:16,457.0
0.5420,17.0710,0.5630,97.1420,1.8280,2025-10-14 13:05:16,457.0
0.5290,16.9360,0.50,97.1640,1.7910,2025-10-14 13:05:16,457.0
0.5560,17.0430,0.4060,97.12,1.8380,2025-10-14 13:05:16,457.0
0.5080,16.9430,0.7210,96.8950,1.68,2025-10-14 13:05:16,457.0
0.5460,16.9330,0.6970,97.0970,1.8880,2025-10-14 13:05:16,457.0
0.5330,16.9110,0.4380,97.1680,1.7830,2025-10-14 13:05:16,457.0
0.5660,16.9680,0.71,96.9650,1.9510,2025-10-14 13:05:16,457.0
0.5350,16.9770,0.4310,97.1520,1.8330,2025-10-14 13:05:16,457.0
0.5510,16.9740,0.4650,97.1390,1.8750,2025-10-14 13:05:16,457.0
0.5510,16.9960,0.5880,96.9370,1.8560,2025-10-14 19:00:24,458.0
0.5340,17.0090,0.6120,97.1770,1.7710,2025-10-14 19:00:24,458.0
0.5440,16.9710,0.4580,97.0860,1.8080,2025-10-14 19:00:24,458.0
0.5360,16.93,0.6690,96.8760,1.9360,2025-10-14 19:00:24,458.0
0.5280,17.0780,0.6090,97.2110,1.7210,2025-10-14 19:00:24,458.0
0.5420,17.0490,0.62,97.0680,2,2025-10-14 19:00:24,458.0
0.5280,16.9360,0.4620,97.0160,1.7780,2025-10-14 19:00:24,458.0
0.5430,17.0150,0.6540,97.2360,1.8880,2025-10-14 19:00:24,458.0
0.5330,16.9210,0.5810,96.8720,1.8820,2025-10-14 19:00:24,458.0
0.5310,16.8990,0.6480,96.8280,1.9220,2025-10-14 19:00:24,458.0
0.5540,16.99,0.6340,96.8880,1.8480,2025-10-14 19:00:24,458.0
0.5140,17.0710,0.5210,97.0320,1.7780,2025-10-14 19:00:24,458.0
0.5440,16.9960,0.4440,96.8850,1.7640,2025-10-14 19:00:24,458.0
0.5450,16.9390,0.6510,96.9030,1.8990,2025-10-14 19:00:24,458.0
0.5590,16.9830,0.6550,97.0260,1.8060,2025-10-14 19:00:24,458.0
0.5130,16.8920,0.8510,97.0560,1.6680,2025-10-14 19:00:24,458.0
0.5310,17.0430,0.6930,96.8390,1.6890,2025-10-14 19:00:24,458.0
0.5290,17.0270,0.6440,96.8670,1.7020,2025-10-14 19:00:24,458.0
0.56,17.0090,0.49,97.1810,1.8890,2025-10-14 19:00:24,458.0
0.54,16.9430,0.5110,96.9370,1.87,2025-10-14 19:00:24,458.0
0.5380,17.0120,0.4550,97.1190,1.8340,2025-10-14 21:25:27,459.0
0.5260,16.9170,0.62,97.0410,1.8130,2025-10-14 21:25:27,459.0
0.5470,16.9270,0.5110,96.9070,1.8740,2025-10-14 21:25:27,459.0
0.5360,16.9460,0.7870,96.8760,1.8620,2025-10-14 21:25:27,459.0
0.5170,16.9330,0.4450,96.84,1.7310,2025-10-14 21:25:27,459.0
0.5260,16.93,0.64,97.0550,1.7490,2025-10-14 21:25:27,459.0
0.5360,16.9460,0.5320,97.0480,1.7550,2025-10-14 21:25:27,459.0
0.5240,16.8990,0.6230,97.1170,1.7240,2025-10-14 21:25:27,459.0
0.5170,16.9270,0.6090,97.0620,1.7680,2025-10-14 21:25:27,459.0
0.54,16.9140,0.5290,97.1870,1.6710,2025-10-14 21:25:27,459.0
0.5060,16.9960,0.7660,97.0980,1.7450,2025-10-14 21:25:27,459.0
0.5330,16.9710,0.4230,96.8610,1.7680,2025-10-14 21:25:27,459.0
0.5460,16.9610,0.5080,97.1220,1.8630,2025-10-14 21:25:27,459.0
0.5380,16.9960,0.6020,96.9340,1.7110,2025-10-14 21:25:27,459.0
0.5230,16.9490,0.7240,96.8560,1.7550,2025-10-14 21:25:27,459.0
0.5250,16.9580,0.5070,96.8550,1.7140,2025-10-14 21:25:27,459.0
0.5220,16.9050,0.4310,96.8290,1.7360,2025-10-14 21:25:27,459.0
0.5120,16.8580,0.4580,97.1390,1.7390,2025-10-14 21:25:27,459.0
0.5130,16.9520,0.49,96.90,1.7150,2025-10-14 21:25:27,459.0
0.5340,17.0150,0.5810,96.9720,1.6890,2025-10-14 21:25:27,459.0
0.5090,16.9580,0.6120,96.9910,1.7820,2025-10-15 12:50:05,460.0
0.5290,16.9830,0.4830,97.2090,1.8220,2025-10-15 12:50:05,460.0
0.51,16.9330,0.4550,96.8790,1.7660,2025-10-15 12:50:05,460.0
0.5320,17.0650,0.5850,96.7990,1.7540,2025-10-15 12:50:05,460.0
0.5380,17.0370,0.4310,96.9870,1.8670,2025-10-15 12:50:05,460.0
0.5530,17.0620,0.5070,97.1080,1.8830,2025-10-15 12:50:05,460.0
0.5190,17.0590,0.3640,96.8380,1.7460,2025-10-15 12:50:05,460.0
0.5190,16.93,0.3750,97.1750,1.7730,2025-10-15 12:50:05,460.0
0.5290,17.0490,0.4310,97.1260,1.7920,2025-10-15 12:50:05,460.0
0.5360,17.0490,0.6680,96.8860,1.7190,2025-10-15 12:50:05,460.0
0.5260,16.93,0.7280,96.8820,1.7540,2025-10-15 12:50:05,460.0
0.5460,17.0050,0.6120,96.9690,1.94,2025-10-15 12:50:05,460.0
0.5450,17.0430,0.4830,97.0870,1.8490,2025-10-15 12:50:05,460.0
0.5160,16.93,0.6580,96.9210,1.7490,2025-10-15 12:50:05,460.0
0.5220,16.9580,0.4860,97.0410,1.8340,2025-10-15 12:50:05,460.0
0.5090,16.9170,0.55,97.0050,1.77,2025-10-15 12:50:05,460.0
0.5450,16.99,0.6060,96.8330,1.9040,2025-10-15 12:50:05,460.0
0.5170,16.99,0.4480,97.1850,1.8210,2025-10-15 12:50:05,460.0
0.5360,17.04,0.4940,97.1460,1.8040,2025-10-15 12:50:05,460.0
0.5240,16.98,0.6120,97.2090,1.6560,2025-10-15 12:50:05,460.0
0.5420,16.9240,0.5950,97.3750,1.8070,2025-10-15 13:05:06,461.0
0.50,17.0750,0.6370,97.1180,1.5120,2025-10-15 13:05:06,461.0
0.5240,17.0750,0.5710,97.0150,1.7190,2025-10-15 13:05:06,461.0
0.5210,17.0240,0.6020,97.1280,1.7810,2025-10-15 13:05:06,461.0
0.5260,17.0840,0.6440,97.0470,1.8130,2025-10-15 13:05:06,461.0
0.5280,16.9770,0.3220,96.8660,1.7250,2025-10-15 13:05:06,461.0
0.54,16.9490,0.6760,97.1580,1.8050,2025-10-15 13:05:06,461.0
0.5290,17.0680,0.5560,96.9920,1.8340,2025-10-15 13:05:06,461.0
0.5340,17.0340,0.5390,96.7570,1.85,2025-10-15 13:05:06,461.0
0.5250,17.0020,0.5980,97.2220,1.6970,2025-10-15 13:05:06,461.0
0.5180,16.9330,0.6580,97.1150,1.5880,2025-10-15 13:05:06,461.0
0.5440,17.0930,0.6330,97.1840,1.8840,2025-10-15 13:05:06,461.0
0.5330,17.0120,0.5250,97.0720,1.7450,2025-10-15 13:05:06,461.0
0.5050,16.9990,0.5530,97.0040,1.5950,2025-10-15 13:05:06,461.0
0.5260,17.0180,0.5070,96.9440,1.7950,2025-10-15 13:05:06,461.0
0.5220,16.9930,0.4870,96.8480,1.7790,2025-10-15 13:05:06,461.0
0.5240,16.9650,0.5530,96.8730,1.7520,2025-10-15 13:05:06,461.0
0.5410,17.0560,0.4940,97.1750,1.8220,2025-10-15 13:05:06,461.0
0.54,17.0270,0.7910,97.1040,1.8680,2025-10-15 13:05:06,461.0
0.5250,17.0310,0.5840,97.0780,1.8470,2025-10-15 13:05:06,461.0
0.5260,16.93,0.5150,97.1530,1.8390,2025-10-15 21:25:24,462.0
0.5190,16.9360,0.7910,96.8910,1.7430,2025-10-15 21:25:24,462.0
0.54,16.93,0.49,97.3620,1.7980,2025-10-15 21:25:24,462.0
0.5370,16.9050,0.4870,97.1310,1.9160,2025-10-15 21:25:24,462.0
0.5390,17.0620,0.6060,97.2320,1.8620,2025-10-15 21:25:24,462.0
0.5310,16.9110,0.49,97.1040,1.7520,2025-10-15 21:25:24,462.0
0.5280,16.8890,0.5180,97.0830,1.7860,2025-10-15 21:25:24,462.0
0.5260,16.9080,0.4620,96.9860,1.7690,2025-10-15 21:25:24,462.0
0.5730,16.9960,0.6130,96.9370,1.9290,2025-10-15 21:25:24,462.0
0.5360,16.9460,0.5910,97.0710,1.8170,2025-10-15 21:25:24,462.0
0.54,16.9020,0.4870,97.1410,1.7160,2025-10-15 21:25:24,462.0
0.5730,16.9550,0.7140,97.1650,1.9970,2025-10-15 21:25:24,462.0
0.53,16.8640,0.6370,97.0350,1.66,2025-10-15 21:25:24,462.0
0.5310,16.8920,0.4790,97.2360,1.7410,2025-10-15 21:25:24,462.0
0.5640,16.9430,0.6410,97.1480,1.9060,2025-10-15 21:25:24,462.0
0.5340,16.9460,0.6680,97.1630,1.8460,2025-10-15 21:25:24,462.0
0.5250,16.8920,0.4450,97.1060,1.7680,2025-10-15 21:25:24,462.0
0.5290,16.9050,0.6270,97.5110,1.8180,2025-10-15 21:25:24,462.0
0.5220,16.9580,0.5390,97.2540,1.7460,2025-10-15 21:25:24,462.0
0.5490,16.9650,0.5710,97.1730,1.8540,2025-10-15 21:25:24,462.0
0.4740,16.8330,0.4620,97.1030,1.4840,2025-10-16 11:10:17,463.0
0.4970,16.9430,0.5430,97.3420,1.7040,2025-10-16 11:10:17,463.0
0.4970,16.87,0.6130,97.1040,1.5340,2025-10-16 11:10:17,463.0
0.5130,16.9520,0.7910,96.9840,1.6020,2025-10-16 11:10:17,463.0
0.5280,16.9330,0.6090,97.0830,1.7580,2025-10-16 11:10:17,463.0
0.5120,16.9740,0.4830,96.99,1.7410,2025-10-16 11:10:17,463.0
0.4950,16.9490,0.4410,97.0860,1.5550,2025-10-16 11:10:17,463.0
0.4960,16.83,0.4550,97.0590,1.6430,2025-10-16 11:10:17,463.0
0.5440,16.9930,0.5110,97.1270,1.7910,2025-10-16 11:10:17,463.0
0.55,17.0120,0.4450,97.0890,1.9420,2025-10-16 11:10:17,463.0
0.5040,16.9740,0.7520,97.02,1.6160,2025-10-16 11:10:17,463.0
0.51,16.9430,0.34,97.2570,1.5740,2025-10-16 11:10:17,463.0
0.53,16.9990,0.4230,96.8890,1.7880,2025-10-16 11:10:17,463.0
0.5190,17.0650,0.50,97.0120,1.5860,2025-10-16 11:10:17,463.0
0.5070,16.8830,0.5430,97.0050,1.60,2025-10-16 11:10:17,463.0
0.5430,16.9830,0.4790,96.9760,1.8930,2025-10-16 11:10:17,463.0
0.5330,16.9490,0.5430,96.8310,1.75,2025-10-16 11:10:17,463.0
0.5240,16.8450,0.3010,97.1180,1.6740,2025-10-16 11:10:17,463.0
0.5120,16.9990,0.5350,97.0110,1.6520,2025-10-16 11:10:17,463.0
0.5070,16.9650,0.4130,97.1530,1.6150,2025-10-16 11:10:17,463.0
0.5510,16.9330,0.48,96.9660,1.8860,2025-10-16 13:10:20,464.0
0.5310,16.9460,0.4580,96.8880,1.6860,2025-10-16 13:10:20,464.0
0.5290,16.9550,0.5150,97.05,1.8550,2025-10-16 13:10:20,464.0
0.5250,16.9460,0.8190,96.8890,1.7850,2025-10-16 13:10:20,464.0
0.5390,16.8990,0.6930,96.8260,1.8920,2025-10-16 13:10:20,464.0
0.5260,16.9140,0.5350,97.02,1.7130,2025-10-16 13:10:20,464.0
0.5340,16.9680,0.4060,97.07,1.7370,2025-10-16 13:10:20,464.0
0.5310,16.8730,0.6370,97.2320,1.8530,2025-10-16 13:10:20,464.0
0.5280,16.9390,0.4510,97.0210,1.7790,2025-10-16 13:10:20,464.0
0.5310,16.8480,0.5110,97.0020,1.8050,2025-10-16 13:10:20,464.0
0.5220,16.9080,0.6790,97.0610,1.7320,2025-10-16 13:10:20,464.0
0.5550,16.9520,0.6480,97.2140,1.9250,2025-10-16 13:10:20,464.0
0.5320,16.9550,0.55,97.1340,1.7890,2025-10-16 13:10:20,464.0
0.5360,16.9430,0.5350,96.87,1.8320,2025-10-16 13:10:20,464.0
0.5540,16.9490,0.50,97.1270,1.8210,2025-10-16 13:10:20,464.0
0.5280,16.9080,0.55,96.9890,1.8040,2025-10-16 13:10:20,464.0
0.5030,16.8360,0.5910,97.0750,1.6320,2025-10-16 13:10:20,464.0
0.5240,16.7980,0.5360,96.9780,1.6230,2025-10-16 13:10:20,464.0
0.5370,16.93,0.4580,96.8670,1.9140,2025-10-16 13:10:20,464.0
0.5060,16.83,0.6060,96.9930,1.8770,2025-10-16 13:10:20,464.0
0.5510,16.9770,0.4020,97.1480,1.7520,2025-10-16 21:25:35,465.0
0.5170,16.9050,0.7740,97.0090,1.7190,2025-10-16 21:25:35,465.0
0.5270,16.9170,0.5980,97.0060,1.7430,2025-10-16 21:25:35,465.0
0.5230,16.8420,0.4380,97.0020,1.65,2025-10-16 21:25:35,465.0
0.52,16.9650,0.4790,97.0290,1.7420,2025-10-16 21:25:35,465.0
0.5140,16.8670,0.5040,97.03,1.7110,2025-10-16 21:25:35,465.0
0.52,16.8450,0.5980,96.8580,1.7230,2025-10-16 21:25:35,465.0
0.5230,16.9490,0.5460,97.06,1.7620,2025-10-16 21:25:35,465.0
0.5390,16.9270,0.5040,97.2470,1.8330,2025-10-16 21:25:35,465.0
0.5360,16.9330,0.4480,96.9110,1.7920,2025-10-16 21:25:35,465.0
0.53,16.9550,0.5530,97.1840,1.8120,2025-10-16 21:25:35,465.0
0.5450,16.9080,0.4760,97.0530,1.8270,2025-10-16 21:25:35,465.0
0.5270,16.9740,0.5670,96.8710,1.6950,2025-10-16 21:25:35,465.0
0.5310,16.8640,0.5560,97.1020,1.7320,2025-10-16 21:25:35,465.0
0.5310,16.9430,0.6440,96.9130,1.8090,2025-10-16 21:25:35,465.0
0.5470,16.9330,0.4970,97.0890,1.82,2025-10-16 21:25:35,465.0
0.5390,16.9490,0.5630,97.31,1.9080,2025-10-16 21:25:35,465.0
0.5230,16.9140,0.5350,97.1320,1.8120,2025-10-16 21:25:35,465.0
0.5260,16.9330,0.4240,96.9810,1.81,2025-10-16 21:25:35,465.0
0.5310,16.9140,0.5740,96.8540,1.85,2025-10-16 21:25:35,465.0
0.5250,16.9930,0.6620,96.9640,1.7450,2025-10-17 13:10:30,466.0
0.5460,17.0120,0.64,97.1220,1.7630,2025-10-17 13:10:30,466.0
0.5360,17.0870,0.4650,97.0020,1.7750,2025-10-17 13:10:30,466.0
0.5420,16.99,0.6190,97.0250,1.7290,2025-10-17 13:10:30,466.0
0.5340,17.0020,0.5210,97.0050,1.7750,2025-10-17 13:10:30,466.0
0.5330,16.9430,0.6580,97.2260,1.7710,2025-10-17 13:10:30,466.0
0.5480,16.9740,0.5850,97.0920,1.9270,2025-10-17 13:10:30,466.0
0.52,17.0050,0.63,97.0010,1.7290,2025-10-17 13:10:30,466.0
0.54,16.93,0.5850,97.1010,1.8880,2025-10-17 13:10:30,466.0
0.5230,17.0370,0.5360,96.9050,1.7660,2025-10-17 13:10:30,466.0
0.5370,16.9240,0.5290,97.1320,1.8770,2025-10-17 13:10:30,466.0
0.5210,16.9580,0.6650,97.1320,1.7850,2025-10-17 13:10:30,466.0
0.5450,17.0270,0.4940,97.1590,1.6790,2025-10-17 13:10:30,466.0
0.5210,16.9550,0.7140,96.88,1.6730,2025-10-17 13:10:30,466.0
0.5320,16.9170,0.7040,97.0580,1.7750,2025-10-17 13:10:30,466.0
0.5030,16.98,0.3990,96.8470,1.7180,2025-10-17 13:10:30,466.0
0.5350,16.8920,0.6860,96.8450,1.8050,2025-10-17 13:10:30,466.0
0.5280,16.9650,0.5880,96.9450,1.6010,2025-10-17 13:10:30,466.0
0.54,16.98,0.3920,96.7880,1.9050,2025-10-17 13:10:30,466.0
0.53,16.9990,0.6090,97.0460,1.7190,2025-10-17 13:10:30,466.0
0.54,16.9830,0.5920,97.0360,1.76,2025-10-17 19:15:44,467.0
0.5440,16.9610,0.3780,97.1540,1.7780,2025-10-17 19:15:44,467.0
0.5070,16.9740,0.6340,96.8870,1.6590,2025-10-17 19:15:44,467.0
0.5180,16.9550,0.3670,96.9120,1.79,2025-10-17 19:15:44,467.0
0.5280,16.9430,0.5460,97.0790,1.7310,2025-10-17 19:15:44,467.0
0.5290,16.9990,0.42,97.0270,1.7460,2025-10-17 19:15:44,467.0
0.5220,16.9020,0.5210,96.8620,1.7510,2025-10-17 19:15:44,467.0
0.5310,16.9680,0.5390,96.9360,1.8230,2025-10-17 19:15:44,467.0
0.5410,16.9680,0.5250,97.3110,1.7360,2025-10-17 19:15:44,467.0
0.5390,16.99,0.6510,97.1090,1.8060,2025-10-17 19:15:44,467.0
0.5220,16.99,0.5560,96.74,1.8080,2025-10-17 19:15:44,467.0
0.5450,16.9830,0.4860,96.8560,1.77,2025-10-17 19:15:44,467.0
0.5230,16.9430,0.6720,96.8760,1.8090,2025-10-17 19:15:44,467.0
0.5230,16.9610,0.5080,97.1720,1.7890,2025-10-17 19:15:44,467.0
0.53,17.0840,0.6550,96.9080,1.8060,2025-10-17 19:15:44,467.0
0.5480,16.93,0.4620,97.1860,1.7930,2025-10-17 19:15:44,467.0
0.5340,17.0210,0.5250,96.9280,1.7920,2025-10-17 19:15:44,467.0
0.51,16.9360,0.5990,97.18,1.7390,2025-10-17 19:15:44,467.0
0.5410,16.9650,0.6480,96.8990,1.9280,2025-10-17 19:15:44,467.0
0.5330,17.0120,0.7350,97.0220,1.9230,2025-10-17 19:15:44,467.0
0.5360,16.9930,0.5770,97.1990,1.71,2025-10-17 21:25:50,468.0
0.5210,16.9710,0.6930,96.80,1.8390,2025-10-17 21:25:50,468.0
0.5430,16.9390,0.4340,97.0420,1.9720,2025-10-17 21:25:50,468.0
0.5310,16.9020,0.6060,97.0060,1.8270,2025-10-17 21:25:50,468.0
0.57,16.9740,0.5290,97.0650,1.9160,2025-10-17 21:25:50,468.0
0.5480,16.9960,0.7980,97.4390,1.8180,2025-10-17 21:25:50,468.0
0.5290,16.9930,0.7210,97.0150,1.7140,2025-10-17 21:25:50,468.0
0.5550,16.98,0.50,97.1670,1.8910,2025-10-17 21:25:50,468.0
0.5360,16.9460,0.7040,97.2020,1.91,2025-10-17 21:25:50,468.0
0.5390,17.0120,0.6510,96.9770,1.8090,2025-10-17 21:25:50,468.0
0.5380,16.9680,0.4650,97.3370,1.8380,2025-10-17 21:25:50,468.0
0.54,16.8610,0.5950,97.2140,1.8290,2025-10-17 21:25:50,468.0
0.5560,16.9930,0.55,96.7260,1.9760,2025-10-17 21:25:50,468.0
0.5380,16.9110,0.5950,96.8850,1.8380,2025-10-17 21:25:50,468.0
0.5490,16.93,0.63,97.0170,1.9540,2025-10-17 21:25:50,468.0
0.5360,16.9520,0.6720,96.9940,1.8770,2025-10-17 21:25:50,468.0
0.52,16.9930,0.4550,96.9080,1.7130,2025-10-17 21:25:50,468.0
0.5630,16.9930,0.5530,97.0960,1.9990,2025-10-17 21:25:50,468.0
0.5420,17.0680,0.4790,97.0380,1.90,2025-10-17 21:25:50,468.0
0.5330,16.9960,0.4940,97.2650,1.7930,2025-10-17 21:25:50,468.0
0.5410,16.9990,0.5950,96.8920,1.8170,2025-10-20 11:31:39,469.0
0.5260,16.99,0.6760,97.1550,1.66,2025-10-20 11:31:39,469.0
0.5360,16.9550,0.6060,97.1370,1.8240,2025-10-20 11:31:39,469.0
0.50,16.9240,0.5560,96.7470,1.6320,2025-10-20 11:31:39,469.0
0.5460,17.0680,0.5350,96.9470,1.8820,2025-10-20 11:31:39,469.0
0.5280,16.9830,0.5040,97.3530,1.7910,2025-10-20 11:31:39,469.0
0.5310,17.1220,0.5490,96.9090,1.8250,2025-10-20 11:31:39,469.0
0.5310,16.9140,0.4230,97.1660,1.6540,2025-10-20 11:31:39,469.0
0.5370,16.9520,0.5850,97.1620,1.7220,2025-10-20 11:31:39,469.0
0.5520,17.0020,0.5710,96.9280,1.9280,2025-10-20 11:31:39,469.0
0.5220,16.9550,0.6160,96.9820,1.7820,2025-10-20 11:31:39,469.0
0.5050,16.9770,0.5950,97.0030,1.6780,2025-10-20 11:31:39,469.0
0.5460,16.9650,0.5530,96.9030,1.8590,2025-10-20 11:31:39,469.0
0.5150,16.9960,0.42,96.8750,1.7110,2025-10-20 11:31:39,469.0
0.5340,16.8990,0.6440,96.8630,1.8170,2025-10-20 11:31:39,469.0
0.5150,16.9610,0.5780,97.0520,1.6630,2025-10-20 11:31:39,469.0
0.5150,16.8420,0.6410,96.9160,1.6060,2025-10-20 11:31:39,469.0
0.5270,16.9580,0.6270,97.0810,1.7740,2025-10-20 11:31:39,469.0
0.5460,16.9610,0.8010,96.7230,1.8280,2025-10-20 11:31:39,469.0
0.5320,16.9110,0.5390,96.9080,1.7070,2025-10-20 11:31:39,469.0
0.5350,16.8610,0.5670,97.1080,1.8240,2025-10-20 13:11:42,470.0
0.5650,16.99,0.7450,96.95,1.9120,2025-10-20 13:11:42,470.0
0.5290,16.9210,0.5070,97.1890,1.6430,2025-10-20 13:11:42,470.0
0.56,16.9020,0.7280,96.9710,1.97,2025-10-20 13:11:42,470.0
0.55,17.0050,0.6970,96.92,1.8620,2025-10-20 13:11:42,470.0
0.5170,17.0150,0.6750,96.9850,1.7020,2025-10-20 13:11:42,470.0
0.5230,16.9580,0.50,96.8650,1.7390,2025-10-20 13:11:42,470.0
0.5690,17.0090,0.5880,97.4210,1.96,2025-10-20 13:11:42,470.0
0.5090,16.8580,0.4790,97.1420,1.6310,2025-10-20 13:11:42,470.0
0.5430,16.8860,0.6480,96.83,1.7980,2025-10-20 13:11:42,470.0
0.56,16.9210,0.5290,97.1210,1.9240,2025-10-20 13:11:42,470.0
0.5260,16.9080,0.6120,96.8790,1.7280,2025-10-20 13:11:42,470.0
0.4980,16.8640,0.55,96.9140,1.73,2025-10-20 13:11:42,470.0
0.5330,16.8550,0.56,97.0880,1.7210,2025-10-20 13:11:42,470.0
0.5390,16.8580,0.5110,96.8550,1.8510,2025-10-20 13:11:42,470.0
0.5340,16.9140,0.6610,96.9220,1.7790,2025-10-20 13:11:42,470.0
0.5310,16.8950,0.7910,96.8820,1.7990,2025-10-20 13:11:42,470.0
0.5070,17.0120,0.6160,97.0230,1.7890,2025-10-20 13:11:42,470.0
0.5350,16.9990,0.50,97.0070,1.7070,2025-10-20 13:11:42,470.0
0.5150,16.9050,0.6160,97.0020,1.6890,2025-10-20 13:11:42,470.0
0.4960,16.9960,0.5910,97.1670,1.7360,2025-10-20 19:21:51,471.0
0.5350,17.0490,0.5850,96.9820,1.9970,2025-10-20 19:21:51,471.0
0.53,16.9460,0.6060,97.0660,1.7920,2025-10-20 19:21:51,471.0
0.5110,16.9680,0.5640,97.1050,1.6720,2025-10-20 19:21:51,471.0
0.5120,16.9240,0.6160,97.2470,1.76,2025-10-20 19:21:51,471.0
0.5340,16.9710,0.6750,96.81,1.9680,2025-10-20 19:21:51,471.0
0.5740,16.9740,0.6060,97.1360,2.0020,2025-10-20 19:21:51,471.0
0.5450,16.9550,0.5460,96.8770,1.7830,2025-10-20 19:21:51,471.0
0.5280,16.8920,0.4870,96.8090,1.86,2025-10-20 19:21:51,471.0
0.5360,16.9110,0.6860,96.9850,1.92,2025-10-20 19:21:51,471.0
0.5150,16.9770,0.5150,96.8140,1.8060,2025-10-20 19:21:51,471.0
0.5440,16.9210,0.4760,97.0390,1.8170,2025-10-20 19:21:51,471.0
0.5380,16.9080,0.62,97.0940,1.8730,2025-10-20 19:21:51,471.0
0.52,17.0210,0.5250,96.8770,1.76,2025-10-20 19:21:51,471.0
0.5260,16.8990,0.6510,96.9640,1.7640,2025-10-20 19:21:51,471.0
0.5180,16.88,0.4130,96.9680,1.7530,2025-10-20 19:21:51,471.0
0.4990,16.8770,0.4970,96.8860,1.7830,2025-10-20 19:21:51,471.0
0.5410,16.9740,0.5560,97.0940,1.8030,2025-10-20 19:21:51,471.0
0.5070,16.9830,0.5280,97.0960,1.7110,2025-10-20 19:21:51,471.0
0.55,17.0620,0.5640,97.3250,1.8530,2025-10-20 19:21:51,471.0
0.4870,16.9080,0.5950,96.9050,1.79,2025-10-20 21:46:56,472.0
0.5060,17.0180,0.5150,96.9220,1.8560,2025-10-20 21:46:56,472.0
0.5020,16.9870,0.5740,96.9450,1.7120,2025-10-20 21:46:56,472.0
0.5080,16.9430,0.5070,97.1590,1.8330,2025-10-20 21:46:56,472.0
0.4730,16.99,0.7350,96.8450,1.6480,2025-10-20 21:46:56,472.0
0.4980,17.0490,0.4760,96.9040,1.7590,2025-10-20 21:46:56,472.0
0.5550,17.0120,0.6090,97.0490,1.8440,2025-10-20 21:46:56,472.0
0.5080,17.0430,0.6550,96.8630,1.66,2025-10-20 21:46:56,472.0
0.5350,16.9710,0.5770,97.0740,1.8150,2025-10-20 21:46:56,472.0
0.5030,17.0050,0.8650,96.7530,1.7710,2025-10-20 21:46:56,472.0
0.5260,16.9520,0.5290,97.0190,1.6880,2025-10-20 21:46:56,472.0
0.5410,17.0340,0.4760,96.9780,1.8380,2025-10-20 21:46:56,472.0
0.5260,16.9830,0.43,96.8360,1.8610,2025-10-20 21:46:56,472.0
0.5260,17.09,0.6680,96.7510,1.8780,2025-10-20 21:46:56,472.0
0.5270,16.8990,0.5950,96.9230,1.7660,2025-10-20 21:46:56,472.0
0.5270,16.9490,0.5150,96.7780,1.7340,2025-10-20 21:46:56,472.0
0.5050,16.9770,0.4760,96.94,1.7190,2025-10-20 21:46:56,472.0
0.5210,16.8260,0.5670,96.7370,1.77,2025-10-20 21:46:56,472.0
0.5270,16.9270,0.6620,96.7540,1.8790,2025-10-20 21:46:56,472.0
0.5420,16.9930,0.4090,96.9730,1.7910,2025-10-20 21:46:56,472.0
0.5290,16.9270,0.5150,97.1530,1.7750,2025-10-21 10:37:37,473.0
0.53,16.9650,0.4970,97.13,1.6940,2025-10-21 10:37:37,473.0
0.55,16.9740,0.5910,97.1370,1.9780,2025-10-21 10:37:37,473.0
0.5370,16.8830,0.35,97.1370,1.7350,2025-10-21 10:37:37,473.0
0.5260,16.93,0.8290,96.79,1.8430,2025-10-21 10:37:37,473.0
0.5470,16.9330,0.5110,96.9970,1.7930,2025-10-21 10:37:37,473.0
0.5380,16.9650,0.4940,96.9760,1.8560,2025-10-21 10:37:37,473.0
0.5660,16.9580,0.7210,97.2120,1.8270,2025-10-21 10:37:37,473.0
0.5260,16.9770,0.6160,96.9430,1.6690,2025-10-21 10:37:37,473.0
0.5280,16.9680,0.5530,97.0030,1.7190,2025-10-21 10:37:37,473.0
0.5460,17.0120,0.49,97.1680,1.8370,2025-10-21 10:37:37,473.0
0.5160,16.9020,0.5180,96.9190,1.6860,2025-10-21 10:37:37,473.0
0.5370,16.93,0.5290,96.9870,1.7540,2025-10-21 10:37:37,473.0
0.5260,16.9390,0.6160,97.0490,1.6770,2025-10-21 10:37:37,473.0
0.5210,17.0120,0.4060,97.0430,1.8040,2025-10-21 10:37:37,473.0
0.5510,16.9550,0.5150,97.1580,1.8050,2025-10-21 10:37:37,473.0
0.5330,16.9550,0.5880,97.0820,1.6290,2025-10-21 10:37:37,473.0
0.5470,16.9430,0.5250,97.1550,1.8130,2025-10-21 10:37:37,473.0
0.5340,16.99,0.4940,97.23,1.7790,2025-10-21 10:37:37,473.0
0.5540,16.9650,0.4940,97.0570,1.7620,2025-10-21 10:37:37,473.0
0.5470,16.9550,0.5040,97.0680,1.8870,2025-10-21 13:07:40,474.0
0.5310,16.9830,0.4550,96.90,1.7480,2025-10-21 13:07:40,474.0
0.5340,16.9770,0.5250,96.9730,1.8630,2025-10-21 13:07:40,474.0
0.5220,16.8860,0.6550,96.9710,1.7040,2025-10-21 13:07:40,474.0
0.52,16.9680,0.6090,96.9930,1.7430,2025-10-21 13:07:40,474.0
0.5440,16.9740,0.4830,97.2220,1.8130,2025-10-21 13:07:40,474.0
0.5210,16.9210,0.6120,96.8840,1.7430,2025-10-21 13:07:40,474.0
0.54,16.9610,0.5850,97.0640,1.7110,2025-10-21 13:07:40,474.0
0.5290,16.99,0.4240,96.9770,1.7230,2025-10-21 13:07:40,474.0
0.5480,17.0020,0.6090,97.1380,1.8780,2025-10-21 13:07:40,474.0
0.54,16.99,0.5530,96.7780,1.7920,2025-10-21 13:07:40,474.0
0.5360,16.9210,0.5920,97.0340,1.7680,2025-10-21 13:07:40,474.0
0.5340,16.9430,0.6930,96.9130,1.7890,2025-10-21 13:07:40,474.0
0.51,16.88,0.76,96.9590,1.7050,2025-10-21 13:07:40,474.0
0.5410,16.9770,0.5910,96.8930,1.7780,2025-10-21 13:07:40,474.0
0.5380,16.9390,0.6090,97.0180,1.7830,2025-10-21 13:07:40,474.0
0.5230,16.8890,0.5910,97.0240,1.7510,2025-10-21 13:07:40,474.0
0.5070,16.9520,0.5070,97.0470,1.7130,2025-10-21 13:07:40,474.0
0.5170,16.9050,0.5040,97.1190,1.6250,2025-10-21 13:07:40,474.0
0.5160,16.9490,0.5740,96.8260,1.6630,2025-10-21 13:07:40,474.0
0.5230,16.9990,0.4340,96.8870,1.8330,2025-10-21 19:07:48,475.0
0.5360,17.0150,0.4940,97.08,1.7620,2025-10-21 19:07:48,475.0
0.5290,17.0620,0.5670,97.0690,1.6370,2025-10-21 19:07:48,475.0
0.5570,17.0430,0.5080,97.3440,1.8620,2025-10-21 19:07:48,475.0
0.5520,17.1120,0.5770,96.9060,1.8710,2025-10-21 19:07:48,475.0
0.5380,17.0340,0.3750,96.9550,1.9140,2025-10-21 19:07:48,475.0
0.5030,17.0180,0.6130,96.8760,1.6810,2025-10-21 19:07:48,475.0
0.5310,16.9680,0.3740,97.0260,1.8270,2025-10-21 19:07:48,475.0
0.53,16.9710,0.56,97.0140,1.71,2025-10-21 19:07:48,475.0
0.5060,16.8990,0.5850,97.1370,1.6410,2025-10-21 19:07:48,475.0
0.5480,17.1030,0.6230,96.9030,1.85,2025-10-21 19:07:48,475.0
0.5540,16.9460,0.6650,97.1540,1.81,2025-10-21 19:07:48,475.0
0.5350,16.9240,0.6270,97.1920,1.8360,2025-10-21 19:07:48,475.0
0.5160,16.8920,0.5180,97.1890,1.7010,2025-10-21 19:07:48,475.0
0.5210,17.0240,0.4060,96.9790,1.7670,2025-10-21 19:07:48,475.0
0.5250,17.0020,0.5460,97.0160,1.6990,2025-10-21 19:07:48,475.0
0.5470,16.9930,0.50,97.1390,1.7520,2025-10-21 19:07:48,475.0
0.5280,17.0340,0.4870,97.1050,1.7240,2025-10-21 19:07:48,475.0
0.5240,16.9360,0.49,96.9460,1.8250,2025-10-21 19:07:48,475.0
0.5290,17.0430,0.5390,96.9660,1.7130,2025-10-21 19:07:48,475.0
0.5230,16.9580,0.3570,97.1570,1.6810,2025-10-21 21:42:53,476.0
0.5370,17.1120,0.6160,97.0310,1.7130,2025-10-21 21:42:53,476.0
0.5170,16.9680,0.5280,96.8510,1.6120,2025-10-21 21:42:53,476.0
0.5310,16.9270,0.5560,97.1590,1.6950,2025-10-21 21:42:53,476.0
0.5240,16.9870,0.5910,96.9220,1.6940,2025-10-21 21:42:53,476.0
0.5320,17.0020,0.69,97.1310,1.7080,2025-10-21 21:42:53,476.0
0.5080,16.8360,0.4380,97.1360,1.6650,2025-10-21 21:42:53,476.0
0.5320,16.9770,0.4870,97.0020,1.6930,2025-10-21 21:42:53,476.0
0.5440,16.9770,0.5670,97.1990,1.7560,2025-10-21 21:42:53,476.0
0.55,16.9830,0.7140,96.9980,1.9080,2025-10-21 21:42:53,476.0
0.53,16.9610,0.5950,97.0160,1.74,2025-10-21 21:42:53,476.0
0.5250,17.0240,0.6510,97.0870,1.7290,2025-10-21 21:42:53,476.0
0.5510,16.9650,0.63,96.8780,1.9190,2025-10-21 21:42:53,476.0
0.5450,16.9740,0.5460,97.1520,1.6960,2025-10-21 21:42:53,476.0
0.5470,16.9610,0.8640,96.9290,1.7480,2025-10-21 21:42:53,476.0
0.5390,17.0530,0.6020,96.8680,1.8010,2025-10-21 21:42:53,476.0
0.5360,16.9740,0.5320,97.4790,1.6740,2025-10-21 21:42:53,476.0
0.54,17.0310,0.4550,97.1160,1.8210,2025-10-21 21:42:53,476.0
0.5410,16.9270,0.6130,96.9450,1.8890,2025-10-21 21:42:53,476.0
0.5150,17.0530,0.3460,97.0310,1.73,2025-10-21 21:42:53,476.0
0.5440,16.9710,0.6160,96.9570,1.8090,2025-10-22 10:49:26,477.0
0.54,16.9270,0.6510,96.9730,1.7650,2025-10-22 10:49:26,477.0
0.5560,16.9740,0.4130,97.0570,1.7690,2025-10-22 10:49:26,477.0
0.5410,16.9830,0.5070,97.02,1.8590,2025-10-22 10:49:26,477.0
0.5210,16.9360,0.4580,97.18,1.72,2025-10-22 10:49:26,477.0
0.5340,16.9610,0.4970,97.1520,1.7910,2025-10-22 10:49:26,477.0
0.5520,17.0240,0.4870,97.2150,1.7780,2025-10-22 10:49:26,477.0
0.5410,16.9360,0.5010,97.1170,1.8070,2025-10-22 10:49:26,477.0
0.5490,16.8730,0.4650,96.9990,1.9240,2025-10-22 10:49:26,477.0
0.5470,16.9990,0.4550,96.9780,1.8730,2025-10-22 10:49:26,477.0
0.5390,17.0460,0.6540,96.90,1.7820,2025-10-22 10:49:26,477.0
0.5230,16.9610,0.34,97.0420,1.7550,2025-10-22 10:49:26,477.0
0.5330,16.9990,0.49,96.9440,1.7980,2025-10-22 10:49:26,477.0
0.5560,17.0310,0.5360,97.0620,1.8090,2025-10-22 10:49:26,477.0
0.53,16.9960,0.3740,97.1530,1.7340,2025-10-22 10:49:26,477.0
0.5420,17.0340,0.6230,96.9870,1.8310,2025-10-22 10:49:26,477.0
0.5440,17.0050,0.5670,96.9180,1.7520,2025-10-22 10:49:26,477.0
0.5260,16.9330,0.6270,97.2420,1.67,2025-10-22 10:49:26,477.0
0.5160,16.8990,0.5210,97.0780,1.6720,2025-10-22 10:49:26,477.0
0.5460,16.9360,0.4870,97.0030,1.7090,2025-10-22 10:49:26,477.0
0.5490,17.0210,0.63,97.0340,1.8080,2025-10-22 13:14:30,478.0
0.5190,16.9460,0.5420,97.3060,1.6930,2025-10-22 13:14:30,478.0
0.5510,17.0270,0.5180,97.1710,1.9780,2025-10-22 13:14:30,478.0
0.5530,17.0210,0.5980,97.3740,1.7180,2025-10-22 13:14:30,478.0
0.5320,16.9770,0.4170,96.9250,1.8240,2025-10-22 13:14:30,478.0
0.5530,16.9610,0.5070,97.0010,1.9940,2025-10-22 13:14:30,478.0
0.5260,17.0370,0.6090,97.1050,1.74,2025-10-22 13:14:30,478.0
0.5350,17.0310,0.6160,97.0390,1.6740,2025-10-22 13:14:30,478.0
0.5370,16.9960,0.5640,97.1680,1.7610,2025-10-22 13:14:30,478.0
0.5380,17.0210,0.4130,97.0140,1.7170,2025-10-22 13:14:30,478.0
0.5150,16.9770,0.7390,96.9350,0.0250,2025-10-22 13:14:30,478.0
0.5550,17.0090,0.6970,97.0710,1.8020,2025-10-22 13:14:30,478.0
0.5360,17.0270,0.5080,96.9040,1.8130,2025-10-22 13:14:30,478.0
0.5390,17.0120,0.6410,96.87,1.7090,2025-10-22 13:14:30,478.0
0.5460,17.0460,0.5850,97.1610,1.8410,2025-10-22 13:14:30,478.0
0.5260,17.0270,0.6510,97.1110,1.7080,2025-10-22 13:14:30,478.0
0.5530,16.9770,0.6020,97.1040,1.8480,2025-10-22 13:14:30,478.0
0.5350,16.9650,0.4790,97.0980,1.7560,2025-10-22 13:14:30,478.0
0.54,17.04,0.4940,96.9680,1.7380,2025-10-22 13:14:30,478.0
0.52,17.0050,0.5180,97.1760,1.67,2025-10-22 13:14:30,478.0
0.5120,17.0020,0.5910,97.3480,1.5540,2025-10-22 19:34:41,479.0
0.5240,17.0590,0.42,96.8680,1.8180,2025-10-22 19:34:41,479.0
0.5120,16.9830,0.6580,97.1790,1.6440,2025-10-22 19:34:41,479.0
0.5290,17.0180,0.4690,97.1360,1.7930,2025-10-22 19:34:41,479.0
0.5540,17.0120,0.4550,97.0770,1.8310,2025-10-22 19:34:41,479.0
0.53,17.0050,0.4240,97.1730,1.7310,2025-10-22 19:34:41,479.0
0.5260,17.0020,0.5390,97.2280,1.7520,2025-10-22 19:34:41,479.0
0.5110,17.0340,0.6060,96.9480,1.6890,2025-10-22 19:34:41,479.0
0.5190,16.9960,0.5320,96.9130,1.7570,2025-10-22 19:34:41,479.0
0.5030,16.9490,0.4410,96.8610,1.7390,2025-10-22 19:34:41,479.0
0.5270,17.0240,0.6020,96.9350,1.7080,2025-10-22 19:34:41,479.0
0.5410,16.9960,0.5670,96.8980,1.7880,2025-10-22 19:34:41,479.0
0.5210,16.9930,0.5390,96.8330,1.8110,2025-10-22 19:34:41,479.0
0.5170,16.9990,0.6020,96.9330,1.6690,2025-10-22 19:34:41,479.0
0.5060,16.9870,0.5350,97.2380,1.7190,2025-10-22 19:34:41,479.0
0.5330,16.9740,0.5920,96.9570,1.8140,2025-10-22 19:34:41,479.0
0.5280,17.0240,0.4830,96.9190,1.82,2025-10-22 19:34:41,479.0
0.5430,17.0560,0.5530,96.9810,1.8030,2025-10-22 19:34:41,479.0
0.5360,16.9770,0.5880,97.0570,1.8360,2025-10-22 19:34:41,479.0
0.5050,16.9960,0.5290,97.0750,1.7560,2025-10-22 19:34:41,479.0
0.52,17.0530,0.5810,97.1190,1.8110,2025-10-22 21:39:46,480.0
0.5420,17.0120,0.5320,97.08,1.7660,2025-10-22 21:39:46,480.0
0.5380,17.0050,0.6580,97.06,1.6750,2025-10-22 21:39:46,480.0
0.5340,17.0210,0.5780,96.9770,1.7690,2025-10-22 21:39:46,480.0
0.5170,17.0840,0.8650,97.2910,1.6470,2025-10-22 21:39:46,480.0
0.5320,16.9710,0.49,96.8940,1.8220,2025-10-22 21:39:46,480.0
0.5160,16.9550,0.5560,97.1650,1.7410,2025-10-22 21:39:46,480.0
0.5680,16.9430,0.5250,97.0760,1.8370,2025-10-22 21:39:46,480.0
0.5470,17.0810,0.63,97.0550,1.8560,2025-10-22 21:39:46,480.0
0.5210,16.9580,0.5810,97.0360,1.7280,2025-10-22 21:39:46,480.0
0.5370,17.0150,0.6120,96.9870,1.8630,2025-10-22 21:39:46,480.0
0.52,16.9770,0.56,97.1150,1.64,2025-10-22 21:39:46,480.0
0.5320,17.0150,0.6120,97.0590,1.77,2025-10-22 21:39:46,480.0
0.5390,17.0560,0.4170,96.9720,1.8270,2025-10-22 21:39:46,480.0
0.5130,16.9460,0.5290,96.9760,1.7120,2025-10-22 21:39:46,480.0
0.5380,16.9930,0.6410,97.1620,1.8080,2025-10-22 21:39:46,480.0
0.5260,16.9390,0.6410,96.9360,1.6260,2025-10-22 21:39:46,480.0
0.5360,16.99,0.5630,96.9420,1.7480,2025-10-22 21:39:46,480.0
0.5230,16.9870,0.5810,96.9460,1.7740,2025-10-22 21:39:46,480.0
0.51,17.0370,0.6540,96.8350,1.7580,2025-10-22 21:39:46,480.0
0.5210,16.98,0.6130,96.7390,1.6360,2025-10-23 10:51:12,481.0
0.5280,17.0970,0.5350,97.1220,1.6530,2025-10-23 10:51:12,481.0
0.5540,17.0120,0.4690,97.2350,1.7070,2025-10-23 10:51:12,481.0
0.5290,16.9140,0.4930,97.0610,1.7120,2025-10-23 10:51:12,481.0
0.55,17.0530,0.4830,96.9070,1.8170,2025-10-23 10:51:12,481.0
0.5490,16.9830,0.6020,97.0290,1.8350,2025-10-23 10:51:12,481.0
0.5260,16.9580,0.56,96.9030,1.7740,2025-10-23 10:51:12,481.0
0.5420,16.9430,0.5180,97.0610,1.6590,2025-10-23 10:51:12,481.0
0.5420,16.9770,0.62,96.9120,1.77,2025-10-23 10:51:12,481.0
0.54,17.0840,0.48,96.8350,1.8230,2025-10-23 10:51:12,481.0
0.5490,16.9710,0.6720,96.78,1.7830,2025-10-23 10:51:12,481.0
0.5430,17.0430,0.5530,97.0640,1.8380,2025-10-23 10:51:12,481.0
0.5420,16.9520,0.5910,96.9450,1.8090,2025-10-23 10:51:12,481.0
0.5030,16.9960,0.4340,96.9050,1.5830,2025-10-23 10:51:12,481.0
0.5580,17.0270,0.4760,96.8880,1.7170,2025-10-23 10:51:12,481.0
0.5260,16.9170,0.6680,97.1010,1.76,2025-10-23 10:51:12,481.0
0.5320,17.0150,0.4970,96.8810,1.6570,2025-10-23 10:51:12,481.0
0.5230,16.9550,0.4690,97.0160,1.76,2025-10-23 10:51:12,481.0
0.5390,16.9870,0.6090,96.8770,1.7390,2025-10-23 10:51:12,481.0
0.54,16.98,0.4620,96.7790,1.8140,2025-10-23 10:51:12,481.0
0.5510,16.9050,0.4660,97.1380,1.8720,2025-10-23 13:11:15,482.0
0.5270,16.9490,0.5460,97.0920,1.6860,2025-10-23 13:11:15,482.0
0.5390,17.0530,0.6370,97.0770,1.8180,2025-10-23 13:11:15,482.0
0.5420,17.0620,0.4510,97.0650,1.7230,2025-10-23 13:11:15,482.0
0.5060,16.93,0.4580,96.9830,1.5830,2025-10-23 13:11:15,482.0
0.5450,16.9390,0.6230,97.0780,1.8610,2025-10-23 13:11:15,482.0
0.5370,16.9430,0.3990,96.9980,1.90,2025-10-23 13:11:15,482.0
0.5190,16.9080,0.6510,97.0660,1.6920,2025-10-23 13:11:15,482.0
0.5320,16.9330,0.3810,96.9290,1.7130,2025-10-23 13:11:15,482.0
0.5180,16.93,0.6510,97.0650,1.7450,2025-10-23 13:11:15,482.0
0.5060,16.9360,0.5910,97.0410,1.5490,2025-10-23 13:11:15,482.0
0.5250,16.8640,0.6860,96.8550,1.6450,2025-10-23 13:11:15,482.0
0.5550,16.9680,0.6480,96.9090,1.8920,2025-10-23 13:11:15,482.0
0.5550,16.9680,0.4550,96.9880,1.82,2025-10-23 13:11:15,482.0
0.5110,16.9580,0.5210,96.8960,1.75,2025-10-23 13:11:15,482.0
0.5340,17.0150,0.5430,96.9210,1.7930,2025-10-23 13:11:15,482.0
0.5480,16.8550,0.6270,96.8580,1.8620,2025-10-23 13:11:15,482.0
0.5310,16.9830,0.5110,96.8920,1.8120,2025-10-23 13:11:15,482.0
0.53,16.9360,0.6680,96.9140,1.7030,2025-10-23 13:11:15,482.0
0.5520,16.8920,0.6580,96.9760,1.8070,2025-10-23 13:11:15,482.0
0.5290,16.9740,0.4970,96.8820,1.7410,2025-10-23 21:31:25,483.0
0.52,16.9430,0.5320,97.0320,1.7560,2025-10-23 21:31:25,483.0
0.53,16.98,0.5950,97.0940,1.8020,2025-10-23 21:31:25,483.0
0.5350,16.9990,0.55,96.9740,1.8350,2025-10-23 21:31:25,483.0
0.5550,16.9680,0.5110,97.0020,1.7130,2025-10-23 21:31:25,483.0
0.5280,16.9050,0.3250,97.2320,1.7340,2025-10-23 21:31:25,483.0
0.53,17.0650,0.5320,97.0840,1.7820,2025-10-23 21:31:25,483.0
0.5090,16.9580,0.4580,97.1880,1.7160,2025-10-23 21:31:25,483.0
0.5440,17.0150,0.4380,97.1390,1.7730,2025-10-23 21:31:25,483.0
0.5430,16.98,0.6160,97.3030,1.8260,2025-10-23 21:31:25,483.0
0.5360,16.8950,0.5430,96.8930,1.9050,2025-10-23 21:31:25,483.0
0.5340,16.9140,0.7040,97.0330,1.7110,2025-10-23 21:31:25,483.0
0.5440,16.9740,0.4340,96.7890,1.7730,2025-10-23 21:31:25,483.0
0.5460,16.9740,0.6270,96.9540,1.8570,2025-10-23 21:31:25,483.0
0.5080,16.9680,0.4650,97.06,1.7540,2025-10-23 21:31:25,483.0
0.5250,16.9710,0.56,96.9250,1.6940,2025-10-23 21:31:25,483.0
0.5450,16.98,0.5740,96.8870,1.8780,2025-10-23 21:31:25,483.0
0.5520,17.0120,0.5460,96.9790,1.8690,2025-10-23 21:31:25,483.0
0.5390,16.9360,0.5810,96.9890,1.8710,2025-10-23 21:31:25,483.0
0.5310,17.0020,0.6190,97.0780,1.6440,2025-10-23 21:31:25,483.0
0.5280,16.9430,0.6230,97.0350,1.7320,2025-10-24 10:47:50,484.0
0.5510,17.0560,0.5980,97.2560,1.7780,2025-10-24 10:47:50,484.0
0.5030,16.87,0.6510,96.9260,1.5810,2025-10-24 10:47:50,484.0
0.5310,17.0370,0.49,96.9530,1.6690,2025-10-24 10:47:50,484.0
0.5180,16.9490,0.76,97.1890,1.7890,2025-10-24 10:47:50,484.0
0.5460,17.0270,0.6020,97.22,1.8880,2025-10-24 10:47:50,484.0
0.5370,16.9460,0.4970,97.1870,1.8080,2025-10-24 10:47:50,484.0
0.5170,16.9960,0.6090,97.0320,1.7670,2025-10-24 10:47:50,484.0
0.5450,16.9580,0.8220,97.3770,1.9070,2025-10-24 10:47:50,484.0
0.5170,16.9430,0.6890,96.8040,1.7740,2025-10-24 10:47:50,484.0
0.5340,16.9550,0.4310,97.0580,1.7180,2025-10-24 10:47:50,484.0
0.5410,16.9210,0.4270,96.9320,1.8720,2025-10-24 10:47:50,484.0
0.5570,16.88,0.5220,97.0810,1.8470,2025-10-24 10:47:50,484.0
0.5530,16.9710,0.4940,96.9950,1.8150,2025-10-24 10:47:50,484.0
0.5430,16.9930,0.7170,97.0190,1.7610,2025-10-24 10:47:50,484.0
0.53,16.9930,0.5810,97.0690,1.6740,2025-10-24 10:47:50,484.0
0.5260,16.9430,0.5110,97.1030,1.66,2025-10-24 10:47:50,484.0
0.5160,16.7760,0.8330,97.04,1.7510,2025-10-24 10:47:50,484.0
0.5470,16.93,0.6680,96.8840,1.9380,2025-10-24 10:47:50,484.0
0.5210,16.9430,0.5220,96.8120,1.6640,2025-10-24 10:47:50,484.0
0.5130,16.9430,0.6160,97.0170,1.8150,2025-10-24 13:17:53,485.0
0.5380,16.8990,0.6090,97.2710,1.7490,2025-10-24 13:17:53,485.0
0.5570,17.0270,0.4340,97.0280,1.8960,2025-10-24 13:17:53,485.0
0.5510,16.9580,0.6330,97.2340,1.9240,2025-10-24 13:17:53,485.0
0.5550,16.9740,0.4020,97.0580,1.7630,2025-10-24 13:17:53,485.0
0.5090,16.8830,0.3680,96.8820,1.7140,2025-10-24 13:17:53,485.0
0.5650,17.0020,0.6120,97.2150,1.8240,2025-10-24 13:17:53,485.0
0.5360,16.8830,0.5150,97.1330,1.69,2025-10-24 13:17:53,485.0
0.5380,16.9140,0.5210,96.9180,1.90,2025-10-24 13:17:53,485.0
0.5340,16.8890,0.4580,97.1290,1.7220,2025-10-24 13:17:53,485.0
0.5190,16.8640,0.7460,97.0070,1.8480,2025-10-24 13:17:53,485.0
0.5290,16.9520,0.4690,97.0620,1.7470,2025-10-24 13:17:53,485.0
0.5360,16.9240,0.7910,96.9580,1.6970,2025-10-24 13:17:53,485.0
0.5190,16.9240,0.6580,96.9070,1.6120,2025-10-24 13:17:53,485.0
0.5170,16.8640,0.4790,96.93,1.7360,2025-10-24 13:17:53,485.0
0.5360,16.9360,0.6830,96.8190,1.7820,2025-10-24 13:17:53,485.0
0.5330,16.9650,0.6440,96.9770,1.8280,2025-10-24 13:17:53,485.0
0.5110,16.7860,0.5150,97.1440,1.7560,2025-10-24 13:17:53,485.0
0.5450,16.8670,0.5110,96.9840,1.8640,2025-10-24 13:17:53,485.0
0.5580,16.9430,0.7420,97.0630,1.8980,2025-10-24 13:17:53,485.0
0.5390,17.0240,0.5420,96.8840,1.8830,2025-10-24 19:23:02,486.0
0.5240,16.9770,0.3220,96.80,1.7720,2025-10-24 19:23:02,486.0
0.5210,17.0270,0.3990,96.8730,1.7010,2025-10-24 19:23:02,486.0
0.5210,16.9360,0.3680,97.06,1.7530,2025-10-24 19:23:02,486.0
0.5450,17.0930,0.5770,96.9350,1.7980,2025-10-24 19:23:02,486.0
0.5120,17.0460,0.4970,96.6850,1.6380,2025-10-24 19:23:02,486.0
0.52,16.9680,0.5840,96.8310,1.8150,2025-10-24 19:23:02,486.0
0.5220,16.9830,0.4620,97.0940,1.7160,2025-10-24 19:23:02,486.0
0.5150,16.9550,0.3470,96.9150,1.67,2025-10-24 19:23:02,486.0
0.5150,17.0270,0.4480,96.9740,1.7060,2025-10-24 19:23:02,486.0
0.5270,17.0270,0.6120,97.2860,1.7190,2025-10-24 19:23:02,486.0
0.5350,17.0210,0.5040,97.0040,1.7740,2025-10-24 19:23:02,486.0
0.5380,17.0150,0.4660,96.8060,1.7320,2025-10-24 19:23:02,486.0
0.5280,17.0020,0.56,96.8890,1.73,2025-10-24 19:23:02,486.0
0.5380,17.0780,0.5110,97.0750,1.7710,2025-10-24 19:23:02,486.0
0.52,16.9430,0.6550,96.9220,1.7010,2025-10-24 19:23:02,486.0
0.5140,16.98,0.62,97.0030,1.7640,2025-10-24 19:23:02,486.0
0.5540,16.9170,0.5980,97.0120,1.9520,2025-10-24 19:23:02,486.0
0.5470,17.0370,0.6160,97.2120,1.75,2025-10-24 19:23:02,486.0
0.5410,17.0210,0.6340,96.8250,1.8920,2025-10-24 19:23:02,486.0
0.5150,16.9080,0.5250,96.9870,1.7230,2025-10-24 21:23:06,487.0
0.5230,17.0560,0.4480,97.1640,1.7230,2025-10-24 21:23:06,487.0
0.52,16.9520,0.5010,97.1750,1.6440,2025-10-24 21:23:06,487.0
0.5510,17.0310,0.3540,97.0330,1.8270,2025-10-24 21:23:06,487.0
0.5530,17.0490,0.4690,96.8390,1.83,2025-10-24 21:23:06,487.0
0.5190,17.0050,0.5560,97.0410,1.7340,2025-10-24 21:23:06,487.0
0.5310,16.9270,0.6270,97.0410,1.8050,2025-10-24 21:23:06,487.0
0.5260,16.9550,0.4760,97.1130,1.7320,2025-10-24 21:23:06,487.0
0.5240,17.0270,0.5920,96.9860,1.6950,2025-10-24 21:23:06,487.0
0.53,17.1150,0.6440,97.0780,1.7820,2025-10-24 21:23:06,487.0
0.5250,16.99,0.4270,97.1440,1.7790,2025-10-24 21:23:06,487.0
0.53,16.9390,0.4380,96.8760,1.7580,2025-10-24 21:23:06,487.0
0.5020,16.9240,0.6370,97.1620,1.5260,2025-10-24 21:23:06,487.0
0.5350,17.0750,0.5180,97.0270,1.69,2025-10-24 21:23:06,487.0
0.5350,17.0150,0.4410,97.1230,1.6720,2025-10-24 21:23:06,487.0
0.5220,17.0020,0.5350,96.8080,1.7120,2025-10-24 21:23:06,487.0
0.5120,16.99,0.5710,96.8640,1.7440,2025-10-24 21:23:06,487.0
0.5180,17.0370,0.5210,96.9230,1.6360,2025-10-24 21:23:06,487.0
0.5110,16.9610,0.5850,96.9180,1.6850,2025-10-24 21:23:06,487.0
0.52,16.9580,0.5670,96.93,1.68,2025-10-24 21:23:06,487.0
0.5090,16.93,0.5910,96.9060,1.7270,2025-11-02 11:37:46,488.0
0.4740,16.9020,0.6970,97.0950,1.7120,2025-11-02 11:37:46,488.0
0.4660,16.9210,0.4580,96.7980,1.8250,2025-11-02 11:37:46,488.0
0.4650,16.9430,0.42,97.0060,1.7880,2025-11-02 11:37:46,488.0
0.5010,16.9360,0.6440,97.0420,1.7610,2025-11-02 11:37:46,488.0
0.4490,16.9430,0.5080,97.3050,1.6680,2025-11-02 11:37:46,488.0
0.4740,16.9360,0.4170,97.0190,1.6860,2025-11-02 11:37:46,488.0
0.4650,16.9650,0.4440,97.17,1.7430,2025-11-02 11:37:46,488.0
0.5090,16.9460,0.5670,96.9750,1.7870,2025-11-02 11:37:46,488.0
0.4730,16.9430,0.5740,97.0170,1.7350,2025-11-02 11:37:46,488.0
0.4920,16.9460,0.4830,96.9280,1.7640,2025-11-02 11:37:46,488.0
0.4490,16.9390,0.6440,97.2820,1.6930,2025-11-02 11:37:46,488.0
0.4850,16.9140,0.6340,96.8850,1.8450,2025-11-02 11:37:46,488.0
0.5030,16.8770,0.4760,96.9690,1.7990,2025-11-02 11:37:46,488.0
0.4780,16.99,0.4550,97.0050,1.7440,2025-11-02 11:37:46,488.0
0.4620,16.9490,0.5710,97.1450,1.6970,2025-11-02 11:37:46,488.0
0.4510,16.9550,0.3290,97.1430,1.6070,2025-11-02 11:37:46,488.0
0.4980,16.9710,0.4310,97.0550,1.7120,2025-11-02 11:37:46,488.0
0.4890,17.0120,0.6680,97.0630,1.6760,2025-11-02 11:37:46,488.0
0.5060,16.9710,0.6370,96.8950,1.8220,2025-11-02 11:37:46,488.0
0.5170,16.9770,0.5670,96.8720,1.6570,2025-11-02 11:42:47,489.0
0.5110,16.9490,0.6090,97.1950,1.6680,2025-11-02 12:37:49,490.0
0.5190,16.9490,0.6270,97.1510,1.7550,2025-11-02 12:37:49,490.0
0.5360,16.9870,0.6370,96.7450,1.8430,2025-11-02 12:37:49,490.0
0.5370,17.0020,0.70,96.9950,1.7490,2025-11-02 12:37:49,490.0
0.5190,16.9870,0.4860,97.0240,1.7250,2025-11-02 12:37:49,490.0
0.5350,17.0240,0.5850,96.8720,1.78,2025-11-02 12:37:49,490.0
0.5320,16.9770,0.5850,96.8610,1.7540,2025-11-02 12:37:49,490.0
0.5190,16.9020,0.6550,97.1890,1.77,2025-11-02 12:37:49,490.0
0.5490,16.9680,0.6130,97.0590,1.7860,2025-11-02 12:37:49,490.0
0.5330,17.0340,0.4270,96.7660,1.7670,2025-11-02 12:37:49,490.0
0.5180,16.9960,0.5150,97.0140,1.6910,2025-11-02 12:37:49,490.0
0.5220,17.0050,0.6120,96.9330,1.7450,2025-11-02 12:37:49,490.0
0.5350,16.8920,0.49,96.7820,1.8180,2025-11-02 12:37:49,490.0
0.5190,16.9390,0.7460,96.8930,1.6910,2025-11-02 12:37:49,490.0
0.5290,16.9430,0.4440,96.9560,1.6930,2025-11-02 12:37:49,490.0
0.5170,16.9430,0.5880,96.7260,1.6430,2025-11-02 12:37:49,490.0
0.5270,16.9580,0.6090,96.9360,1.7740,2025-11-02 12:37:49,490.0
0.5180,16.9270,0.7450,97.0370,1.6480,2025-11-02 12:37:49,490.0
0.5140,16.93,0.70,96.8390,1.7520,2025-11-02 12:37:49,490.0
0.5320,17.0620,0.6440,96.6110,1.7530,2025-11-02 12:37:49,490.0
0.5270,16.9170,0.5350,96.7270,1.8560,2025-11-02 13:22:52,491.0
0.5460,16.9330,0.5080,96.9880,1.86,2025-11-02 13:22:52,491.0
0.5290,17.0120,0.5950,97.4510,1.7260,2025-11-02 13:22:52,491.0
0.5190,16.9360,0.6790,97.1620,1.7580,2025-11-02 13:22:52,491.0
0.5370,16.9460,0.5990,97.17,1.8350,2025-11-02 13:22:52,491.0
0.5230,16.9580,0.5040,97.3290,1.8120,2025-11-02 13:22:52,491.0
0.53,16.8990,0.6510,97.1170,1.6960,2025-11-02 13:22:52,491.0
0.5340,17.0020,0.4690,97.05,1.82,2025-11-02 13:22:52,491.0
0.5520,16.9990,0.6540,97.1030,1.9920,2025-11-02 13:22:52,491.0
0.5360,16.9050,0.6410,97.1420,1.7260,2025-11-02 13:22:52,491.0
0.5350,16.8890,0.5290,96.8410,1.8690,2025-11-02 13:22:52,491.0
0.5150,16.9870,0.4440,97.1220,1.6340,2025-11-02 13:22:52,491.0
0.5390,16.93,0.6060,96.88,1.7480,2025-11-02 13:22:52,491.0
0.5240,16.9680,0.5980,97.15,1.6620,2025-11-02 13:22:52,491.0
0.5130,16.9990,0.5910,96.8480,1.6970,2025-11-02 13:22:52,491.0
0.5140,16.8990,0.4450,97.2220,1.6230,2025-11-02 13:22:52,491.0
0.5250,16.9550,0.6230,97.15,1.7640,2025-11-02 13:22:52,491.0
0.5280,17.0020,0.5530,96.9630,1.6390,2025-11-02 13:22:52,491.0
0.5260,16.8860,0.5290,97.1620,1.7120,2025-11-02 13:22:52,491.0
0.52,16.9210,0.4380,97.1550,1.7090,2025-11-02 13:22:52,491.0
0.5480,17.0430,0.4830,96.9480,1.7780,2025-11-02 19:28:03,492.0
0.5320,16.9770,0.5950,97.2880,1.7150,2025-11-02 19:28:03,492.0
0.5210,16.99,0.76,97.1620,1.6080,2025-11-02 19:28:03,492.0
0.5220,16.9460,0.5880,96.9070,1.7050,2025-11-02 19:28:03,492.0
0.5280,16.9650,0.4650,97.2110,1.6750,2025-11-02 19:28:03,492.0
0.5290,16.9650,0.5670,97.3880,1.6890,2025-11-02 19:28:03,492.0
0.5520,16.9330,0.6720,97.1550,1.86,2025-11-02 19:28:03,492.0
0.5270,16.9650,0.3990,97.1660,1.7560,2025-11-02 19:28:03,492.0
0.5390,17.04,0.5320,96.9680,1.7210,2025-11-02 19:28:03,492.0
0.5220,16.98,0.4970,96.9040,1.6710,2025-11-02 19:28:03,492.0
0.5350,16.9140,0.5560,97.4250,1.6960,2025-11-02 19:28:03,492.0
0.5290,16.9050,0.5430,97.0990,1.7730,2025-11-02 19:28:03,492.0
0.5310,16.93,0.4580,97.1480,1.72,2025-11-02 19:28:03,492.0
0.5340,16.9610,0.6020,97.0330,1.8390,2025-11-02 19:28:03,492.0
0.5320,16.8610,0.7070,97.2580,1.7050,2025-11-02 19:28:03,492.0
0.5180,16.9210,0.70,96.8270,1.7060,2025-11-02 19:28:03,492.0
0.5280,17.0150,0.63,97.0710,1.6950,2025-11-02 19:28:03,492.0
0.53,16.9710,0.8610,97.0650,1.7690,2025-11-02 19:28:03,492.0
0.5250,16.9360,0.5220,97.14,1.6790,2025-11-02 19:28:03,492.0
0.5360,16.9580,0.6160,97.0820,1.77,2025-11-02 19:28:03,492.0
0.5130,16.9390,0.4170,97.1930,1.6940,2025-11-02 21:23:08,493.0
0.5350,16.9580,0.3430,97.0160,1.8090,2025-11-02 21:23:08,493.0
0.5370,16.98,0.4480,96.8850,1.8860,2025-11-02 21:23:08,493.0
0.5040,16.8080,0.5350,97.0350,1.5640,2025-11-02 21:23:08,493.0
0.5390,17.0120,0.4380,96.91,1.7950,2025-11-02 21:23:08,493.0
0.5520,17.0370,0.6130,96.98,1.7810,2025-11-02 21:23:08,493.0
0.5210,16.9050,0.4790,97.0830,1.6630,2025-11-02 21:23:08,493.0
0.5330,17.0020,0.5640,96.9870,1.6870,2025-11-02 21:23:08,493.0
0.4990,16.9210,0.4060,97.2770,1.6340,2025-11-02 21:23:08,493.0
0.5250,17.0020,0.5740,96.9240,1.7380,2025-11-02 21:23:08,493.0
0.5470,16.99,0.4170,97.0140,1.7860,2025-11-02 21:23:08,493.0
0.5330,16.9610,0.4930,96.9690,1.7340,2025-11-02 21:23:08,493.0
0.5470,16.8510,0.5530,97.11,1.7980,2025-11-02 21:23:08,493.0
0.5120,16.9330,0.4130,97.1630,1.6390,2025-11-02 21:23:08,493.0
0.5460,16.9990,0.4790,97.1080,1.9020,2025-11-02 21:23:08,493.0
0.5270,16.8950,0.6650,97.2230,1.6920,2025-11-02 21:23:08,493.0
0.5030,16.9270,0.50,97.0820,1.7110,2025-11-02 21:23:08,493.0
0.5530,16.9870,0.4270,97.0060,1.81,2025-11-02 21:23:08,493.0
0.5340,16.9520,0.4580,97.1660,1.7520,2025-11-02 21:23:08,493.0
0.5340,16.9680,0.62,97.0540,1.7980,2025-11-02 21:23:08,493.0
0.52,16.9550,0.56,96.8170,1.6870,2025-11-03 13:27:25,494.0
0.5130,16.9650,0.4590,97.1770,1.6350,2025-11-03 13:27:25,494.0
0.5240,16.9550,0.4650,97.1750,1.6750,2025-11-03 13:27:25,494.0
0.5190,16.9240,0.5950,97.0030,1.71,2025-11-03 13:27:25,494.0
0.5220,16.9330,0.5180,97.1470,1.6430,2025-11-03 13:27:25,494.0
0.52,16.9550,0.4870,96.8770,1.6280,2025-11-03 13:27:25,494.0
0.5410,16.9770,0.5460,96.9110,1.8210,2025-11-03 13:27:25,494.0
0.5370,16.9170,0.6190,96.8760,1.7920,2025-11-03 13:27:25,494.0
0.5440,16.8860,0.5040,97.0680,1.8650,2025-11-03 13:27:25,494.0
0.5040,16.9240,0.4860,97.1060,1.6690,2025-11-03 13:27:25,494.0
0.5340,17.0020,0.56,97.0160,1.7760,2025-11-03 13:27:25,494.0
0.5160,16.9610,0.42,97.0510,1.6240,2025-11-03 13:27:25,494.0
0.5720,17.0120,0.7530,97.1030,1.8620,2025-11-03 13:27:25,494.0
0.5260,16.8860,0.4270,97.0050,1.7110,2025-11-03 13:27:25,494.0
0.5460,16.9210,0.4130,97.0280,1.8220,2025-11-03 13:27:25,494.0
0.5330,16.9830,0.4860,96.9380,1.8540,2025-11-03 13:27:25,494.0
0.5060,16.9580,0.4970,96.83,1.6290,2025-11-03 13:27:25,494.0
0.52,16.9770,0.5320,96.9790,1.7160,2025-11-03 13:27:25,494.0
0.5150,16.8510,0.4790,97.0950,1.7280,2025-11-03 13:27:25,494.0
0.5190,16.9080,0.6930,96.9270,1.6550,2025-11-03 13:27:25,494.0
0.5350,16.8950,0.4270,96.9460,1.7910,2025-11-03 19:22:35,495.0
0.5480,16.9270,0.4830,96.9730,1.89,2025-11-03 19:22:35,495.0
0.5430,16.8950,0.5710,96.8890,1.9020,2025-11-03 19:22:35,495.0
0.5370,16.8670,0.3780,97.2940,1.95,2025-11-03 19:22:35,495.0
0.5420,16.9490,0.4860,96.8540,1.8260,2025-11-03 19:22:35,495.0
0.5330,16.8890,0.4440,97.1280,1.9120,2025-11-03 19:22:35,495.0
0.5210,16.9870,0.4970,97.1370,1.7070,2025-11-03 19:22:35,495.0
0.5330,16.9110,0.5850,97.1350,1.6710,2025-11-03 19:22:35,495.0
0.5210,16.9080,0.5110,97.1810,1.7410,2025-11-03 19:22:35,495.0
0.5450,16.8860,0.5360,97.1390,1.7930,2025-11-03 19:22:35,495.0
0.5370,16.9520,0.7140,97.0660,1.7420,2025-11-03 19:22:35,495.0
0.53,17.0050,0.5740,96.7990,1.7770,2025-11-03 19:22:35,495.0
0.5410,16.9960,0.5560,97.1410,1.7950,2025-11-03 19:22:35,495.0
0.5470,16.9270,0.4310,97.0090,2.0110,2025-11-03 19:22:35,495.0
0.54,16.9650,0.5390,97.1240,1.7860,2025-11-03 19:22:35,495.0
0.5420,16.9740,0.5950,96.9820,1.8880,2025-11-03 19:22:35,495.0
0.5240,16.8830,0.5390,97.0090,1.6520,2025-11-03 19:22:35,495.0
0.53,17.0780,0.5250,97.0370,1.6370,2025-11-03 19:22:35,495.0
0.5370,16.9020,0.4550,96.9480,1.93,2025-11-03 19:22:35,495.0
0.5350,17.0120,0.5150,97.2310,1.7520,2025-11-03 19:22:35,495.0
0.5430,16.9580,0.55,97.1960,1.8660,2025-11-03 21:27:40,496.0
0.5430,17.0050,0.4660,96.8210,1.7820,2025-11-03 21:27:40,496.0
0.5440,17.0530,0.7180,96.8990,1.6970,2025-11-03 21:27:40,496.0
0.5380,16.9580,0.5950,97.0990,1.8030,2025-11-03 21:27:40,496.0
0.5250,17.0340,0.5670,97.0810,1.7080,2025-11-03 21:27:40,496.0
0.5330,17.0020,0.56,97.0890,1.7550,2025-11-03 21:27:40,496.0
0.5560,17.0150,0.5150,97.1620,1.8730,2025-11-03 21:27:40,496.0
0.5460,17.0310,0.4340,97.0490,1.7650,2025-11-03 21:27:40,496.0
0.5420,17.0340,0.7740,96.7530,1.9490,2025-11-03 21:27:40,496.0
0.5210,16.9960,0.7310,97,1.8050,2025-11-03 21:27:40,496.0
0.5440,16.9870,0.6090,97.0520,1.8450,2025-11-03 21:27:40,496.0
0.5340,17.0620,0.3390,97.0140,1.8260,2025-11-03 21:27:40,496.0
0.5550,16.9960,0.4410,96.9270,1.95,2025-11-03 21:27:40,496.0
0.5270,16.9710,0.5630,96.9790,1.7290,2025-11-03 21:27:40,496.0
0.5270,16.9520,0.4310,97.23,1.8080,2025-11-03 21:27:40,496.0
0.5390,17.0240,0.4380,96.8420,2.0040,2025-11-03 21:27:40,496.0
0.5640,17.0240,0.4160,97.0640,2.0990,2025-11-03 21:27:40,496.0
0.5160,16.9680,0.62,96.9180,1.69,2025-11-03 21:27:40,496.0
0.5390,16.9330,0.50,96.9130,1.8590,2025-11-03 21:27:40,496.0
0.5170,17.0210,0.5150,97.1510,1.7040,2025-11-03 21:27:40,496.0
0.5310,16.9330,0.5420,97.3110,1.7290,2025-11-04 11:13:24,497.0
0.5360,16.9650,0.6020,96.85,1.69,2025-11-04 11:13:24,497.0
0.53,17.0050,0.5670,96.93,1.7230,2025-11-04 11:13:24,497.0
0.5410,17.0120,0.6720,97.2450,1.7220,2025-11-04 11:13:24,497.0
0.5380,17.0430,0.5010,97.0160,1.8450,2025-11-04 11:13:24,497.0
0.5180,16.9330,0.3810,97.3380,1.6560,2025-11-04 11:13:24,497.0
0.5050,17.0150,0.6060,96.99,1.6820,2025-11-04 11:13:24,497.0
0.5320,16.9740,0.3990,96.91,1.6780,2025-11-04 11:13:24,497.0
0.5640,17.0650,0.6160,96.8830,2.0020,2025-11-04 11:13:24,497.0
0.5540,16.9770,0.5350,97.0880,1.8270,2025-11-04 11:13:24,497.0
0.5360,17.0150,0.6510,96.8250,1.6990,2025-11-04 11:13:24,497.0
0.5540,17.0270,0.5290,96.8310,1.8910,2025-11-04 11:13:24,497.0
0.5090,16.9770,0.5080,97.1620,1.7210,2025-11-04 11:13:24,497.0
0.5340,17.0270,0.5010,96.9090,1.7010,2025-11-04 11:13:24,497.0
0.5560,16.9930,0.5950,96.95,1.8020,2025-11-04 11:13:24,497.0
0.5340,16.9240,0.55,96.9410,1.87,2025-11-04 11:13:24,497.0
0.5330,16.9770,0.6650,97.0470,1.6980,2025-11-04 11:13:24,497.0
0.5510,17.0490,0.6160,96.9240,1.8080,2025-11-04 11:13:24,497.0
0.5490,16.8890,0.6020,96.9120,1.8340,2025-11-04 11:13:24,497.0
0.5180,16.9210,0.6720,97.1290,1.73,2025-11-04 11:13:24,497.0
0.5180,16.8550,0.7450,97.1460,1.6380,2025-11-04 13:13:27,498.0
0.5310,16.9430,0.5530,97.1330,1.7720,2025-11-04 13:13:27,498.0
0.5290,17.0460,0.6090,96.8240,1.7370,2025-11-04 13:13:27,498.0
0.5170,16.93,0.6440,97.3470,1.6660,2025-11-04 13:13:27,498.0
0.5380,16.9080,0.6830,96.8010,1.74,2025-11-04 13:13:27,498.0
0.5180,16.9240,0.4690,97.08,1.69,2025-11-04 13:13:27,498.0
0.53,16.93,0.7210,96.9310,1.7110,2025-11-04 13:13:27,498.0
0.53,16.8610,0.4830,97.1270,1.6690,2025-11-04 13:13:27,498.0
0.5450,16.9140,0.5770,97.0070,1.6730,2025-11-04 13:13:27,498.0
0.53,16.9680,0.5880,97.0990,1.6470,2025-11-04 13:13:27,498.0
0.5270,16.9080,0.3810,97.1920,1.6970,2025-11-04 13:13:27,498.0
0.5520,16.9520,0.4510,97.2220,1.8280,2025-11-04 13:13:27,498.0
0.5230,16.9550,0.5840,97.0770,1.65,2025-11-04 13:13:27,498.0
0.5420,16.9610,0.4440,96.7750,1.7290,2025-11-04 13:13:27,498.0
0.5250,16.87,0.5710,96.91,1.7470,2025-11-04 13:13:27,498.0
0.5210,16.9960,0.5280,96.8640,1.6960,2025-11-04 13:13:27,498.0
0.5430,16.9710,0.6260,96.9520,1.81,2025-11-04 13:13:27,498.0
0.5290,16.9490,0.4940,96.8210,1.7310,2025-11-04 13:13:27,498.0
0.5320,16.9020,0.70,97.1410,1.8290,2025-11-04 13:13:27,498.0
0.5360,17.0310,0.4970,96.9520,1.8070,2025-11-04 13:13:27,498.0
0.5520,17.0180,0.5670,96.9560,1.8350,2025-11-04 19:33:39,499.0
0.5290,16.9490,0.5290,97.0990,1.80,2025-11-04 19:33:39,499.0
0.5410,16.9360,0.3810,97.0450,1.8380,2025-11-04 19:33:39,499.0
0.5320,16.9110,0.4450,96.9350,1.7250,2025-11-04 19:33:39,499.0
0.5270,16.8610,0.7180,96.99,1.6860,2025-11-04 19:33:39,499.0
0.5240,16.8550,0.4730,97.2920,1.7490,2025-11-04 19:33:39,499.0
0.5510,16.9110,0.50,96.9980,1.9080,2025-11-04 19:33:39,499.0
0.5510,16.9430,0.4130,96.9880,1.7970,2025-11-04 19:33:39,499.0
0.5240,16.9360,0.6020,97.0950,1.7330,2025-11-04 19:33:39,499.0
0.5250,16.9550,0.6020,96.8870,1.7650,2025-11-04 19:33:39,499.0
0.5460,16.9580,0.4970,97.2080,1.8080,2025-11-04 19:33:39,499.0
0.5470,16.9650,0.42,97.2440,1.7520,2025-11-04 19:33:39,499.0
0.5320,16.9080,0.5460,96.9950,1.7470,2025-11-04 19:33:39,499.0
0.52,16.9330,0.5490,97.23,1.7730,2025-11-04 19:33:39,499.0
0.5620,16.93,0.5180,96.9280,1.9950,2025-11-04 19:33:39,499.0
0.5270,16.9490,0.6120,97.15,1.7210,2025-11-04 19:33:39,499.0
0.5380,17.0270,0.5530,96.9250,1.7060,2025-11-04 19:33:39,499.0
0.5590,17.04,0.4480,96.8250,1.9010,2025-11-04 19:33:39,499.0
0.52,16.9580,0.5110,96.8940,1.77,2025-11-04 19:33:39,499.0
0.55,16.93,0.4730,97.1680,1.8520,2025-11-04 19:33:39,499.0
0.5380,17.0090,0.5530,97.1690,1.7620,2025-11-04 21:18:43,500.0
0.5150,17.0310,0.42,97.1650,1.68,2025-11-04 21:18:43,500.0
0.5370,17.0150,0.7140,96.8880,1.8220,2025-11-04 21:18:43,500.0
0.5470,17.0810,0.6090,96.9430,1.7790,2025-11-04 21:18:43,500.0
0.56,17.1560,0.7310,97.1390,1.8210,2025-11-04 21:18:43,500.0
0.5460,17.0560,0.6370,96.7650,1.7990,2025-11-04 21:18:43,500.0
0.5460,17.0340,0.4440,96.9990,1.6720,2025-11-04 21:18:43,500.0
0.5150,16.9360,0.6550,97.0650,1.7040,2025-11-04 21:18:43,500.0
0.5290,17.0460,0.3890,97.0930,1.6510,2025-11-04 21:18:43,500.0
0.5370,17.1530,0.4760,96.8940,1.8180,2025-11-04 21:18:43,500.0
0.5080,16.9770,0.3810,96.9640,1.6060,2025-11-04 21:18:43,500.0
0.5310,16.9770,0.6510,96.7460,1.74,2025-11-04 21:18:43,500.0
0.5470,17.0310,0.5560,96.8510,1.8730,2025-11-04 21:18:43,500.0
0.5260,16.9990,0.5180,96.9520,1.7250,2025-11-04 21:18:43,500.0
0.5320,16.9740,0.5220,97.1560,1.8040,2025-11-04 21:18:43,500.0
0.55,16.9770,0.6650,96.7690,1.8830,2025-11-04 21:18:43,500.0
0.5450,16.9680,0.5710,96.8760,1.8540,2025-11-04 21:18:43,500.0
0.5330,16.9830,0.4580,96.8970,1.8650,2025-11-04 21:18:43,500.0
0.5220,17.0370,0.4480,97.1080,1.6180,2025-11-04 21:18:43,500.0
0.52,17.0120,0.4970,97.1610,1.6680,2025-11-04 21:18:43,500.0
0.5510,16.9360,0.4940,97.0170,1.7550,2025-11-05 11:11:16,501.0
0.5320,17.0370,0.3990,97.1410,1.71,2025-11-05 11:11:16,501.0
0.5380,17.0150,0.4410,96.9220,1.7730,2025-11-05 11:11:16,501.0
0.5170,16.9740,0.3710,96.9120,1.7020,2025-11-05 11:11:16,501.0
0.5310,16.8830,0.4660,97.0330,1.6960,2025-11-05 11:11:16,501.0
0.5260,16.9610,0.5710,96.8490,1.8280,2025-11-05 11:11:16,501.0
0.51,17.0120,0.4510,97.1230,1.6250,2025-11-05 11:11:16,501.0
0.52,17.0090,0.4550,96.8870,1.7070,2025-11-05 11:11:16,501.0
0.5580,17.0340,0.5350,97.0220,1.9330,2025-11-05 11:11:16,501.0
0.53,16.9550,0.2940,97.2190,1.7010,2025-11-05 11:11:16,501.0
0.5130,16.8860,0.5080,97.1030,1.6470,2025-11-05 11:11:16,501.0
0.52,16.9050,0.4020,97.1310,1.7150,2025-11-05 11:11:16,501.0
0.5420,16.93,0.49,97.2030,1.7630,2025-11-05 11:11:16,501.0
0.5140,17.0150,0.4580,97.0610,1.8010,2025-11-05 11:11:16,501.0
0.52,16.9550,0.4440,96.8880,1.6890,2025-11-05 11:11:16,501.0
0.5310,16.9460,0.4830,97.0560,1.7620,2025-11-05 11:11:16,501.0
0.5310,16.9080,0.6120,96.8750,1.7050,2025-11-05 11:11:16,501.0
0.4990,16.76,0.3780,97.2050,1.6320,2025-11-05 11:11:16,501.0
0.5410,16.9680,0.6060,96.8420,1.8310,2025-11-05 11:11:16,501.0
0.5310,16.9680,0.5110,97.0510,1.7490,2025-11-05 11:11:16,501.0
0.5350,16.9990,0.6510,97.1490,1.7760,2025-11-05 13:06:18,502.0
0.54,16.98,0.4970,97.1670,1.7330,2025-11-05 13:06:18,502.0
0.5320,16.9710,0.5460,97.0280,1.7690,2025-11-05 13:06:18,502.0
0.5270,16.9110,0.5430,96.9640,1.7030,2025-11-05 13:06:18,502.0
0.53,16.9550,0.55,96.8970,1.7480,2025-11-05 13:06:18,502.0
0.5310,16.9460,0.6090,97.1480,1.8310,2025-11-05 13:06:18,502.0
0.52,16.9520,0.4550,97.2140,1.6490,2025-11-05 13:06:18,502.0
0.5590,17.0340,0.4690,97.0980,1.8870,2025-11-05 13:06:18,502.0
0.5450,16.9550,0.6860,96.7660,1.7740,2025-11-05 13:06:18,502.0
0.5440,16.98,0.5250,96.8710,1.8650,2025-11-05 13:06:18,502.0
0.5450,17.0310,0.3960,97.1510,1.9520,2025-11-05 13:06:18,502.0
0.52,16.9770,0.70,96.9530,1.7540,2025-11-05 13:06:18,502.0
0.5470,16.9740,0.5840,97.0820,1.8060,2025-11-05 13:06:18,502.0
0.5260,16.9680,0.4410,97.10,1.7340,2025-11-05 13:06:18,502.0
0.5230,16.9460,0.62,96.8710,1.7990,2025-11-05 13:06:18,502.0
0.5380,16.8510,0.56,97.1520,1.8220,2025-11-05 13:06:18,502.0
0.5360,16.9490,0.5570,97.1570,1.7250,2025-11-05 13:06:18,502.0
0.54,17.0120,0.6510,96.98,1.7140,2025-11-05 13:06:18,502.0
0.5620,17.04,0.5740,96.8690,1.88,2025-11-05 13:06:18,502.0
0.54,16.9710,0.5350,96.9830,1.72,2025-11-05 13:06:18,502.0
0.52,16.9460,0.4620,97.1520,1.6490,2025-11-05 19:31:30,503.0
0.5410,17.0530,0.5320,96.8450,1.8610,2025-11-05 19:31:30,503.0
0.5640,17.0650,0.5280,96.8920,1.6570,2025-11-05 19:31:30,503.0
0.5370,16.9990,0.4340,96.7670,1.7980,2025-11-05 19:31:30,503.0
0.5260,16.9550,0.56,97.0130,1.6940,2025-11-05 19:31:30,503.0
0.5130,16.9680,0.5990,96.9710,1.6770,2025-11-05 19:31:30,503.0
0.5320,17.0050,0.4940,96.8550,1.7010,2025-11-05 19:31:30,503.0
0.51,16.9550,0.34,96.9940,1.6250,2025-11-05 19:31:30,503.0
0.5440,16.9580,0.4830,96.8640,1.8510,2025-11-05 19:31:30,503.0
0.5430,16.9580,0.4650,96.9140,1.8610,2025-11-05 19:31:30,503.0
0.54,17.10,0.49,96.8630,1.7190,2025-11-05 19:31:30,503.0
0.5080,17.0530,0.4690,96.9890,1.62,2025-11-05 19:31:30,503.0
0.5430,17.0370,0.4870,97.0790,1.7260,2025-11-05 19:31:30,503.0
0.5220,16.99,0.3810,96.88,1.7020,2025-11-05 19:31:30,503.0
0.54,16.9930,0.4730,97.2270,1.6760,2025-11-05 19:31:30,503.0
0.5490,17.0020,0.5280,96.7490,1.7780,2025-11-05 19:31:30,503.0
0.52,16.9960,0.4790,97.11,1.6590,2025-11-05 19:31:30,503.0
0.5460,16.9330,0.4620,97.0140,1.7240,2025-11-05 19:31:30,503.0
0.5350,16.9710,0.4030,96.9680,1.6460,2025-11-05 19:31:30,503.0
0.5210,16.8990,0.5530,96.9280,1.7120,2025-11-05 19:31:30,503.0
0.5390,17.0090,0.5740,97.0670,1.7290,2025-11-05 21:21:34,504.0
0.54,16.9460,0.6720,97.0140,1.7880,2025-11-05 21:21:34,504.0
0.5540,17.0560,0.6970,96.9330,1.8090,2025-11-05 21:21:34,504.0
0.5240,17.0120,0.55,96.9140,1.65,2025-11-05 21:21:34,504.0
0.5590,17.1060,0.5990,96.9970,1.7290,2025-11-05 21:21:34,504.0
0.5450,17.0240,0.6440,96.9770,1.8460,2025-11-05 21:21:34,504.0
0.5470,17.0490,0.4760,96.7470,1.7390,2025-11-05 21:21:34,504.0
0.5390,17.0750,0.7380,96.7920,1.72,2025-11-05 21:21:34,504.0
0.5260,16.9240,0.5280,96.9370,1.7140,2025-11-05 21:21:34,504.0
0.5290,17.0560,0.5740,96.8430,1.7070,2025-11-05 21:21:34,504.0
0.5420,17.0680,0.6160,96.9050,1.7710,2025-11-05 21:21:34,504.0
0.54,17.0750,0.3990,97.1140,1.8030,2025-11-05 21:21:34,504.0
0.5180,16.9520,0.5710,96.9240,1.6520,2025-11-05 21:21:34,504.0
0.5460,16.9990,0.7350,97.0150,1.8750,2025-11-05 21:21:34,504.0
0.5020,16.9830,0.3360,96.9530,1.5390,2025-11-05 21:21:34,504.0
0.5540,16.9330,0.6020,96.9290,1.7490,2025-11-05 21:21:34,504.0
0.5220,16.9830,0.50,96.9270,1.6420,2025-11-05 21:21:34,504.0
0.5580,17.0530,0.4620,96.9580,1.74,2025-11-05 21:21:34,504.0
0.5430,17.0210,0.6230,97.0580,1.8170,2025-11-05 21:21:34,504.0
0.5290,17.0530,0.5290,97.1340,1.6610,2025-11-05 21:21:34,504.0
0.5440,16.9710,0.4720,97.1790,1.8990,2025-11-06 11:19:19,505.0
0.5470,16.9020,0.4870,97.1670,1.9130,2025-11-06 11:19:19,505.0
0.5620,16.9960,0.5250,97.1910,1.9070,2025-11-06 11:19:19,505.0
0.5180,16.7890,0.4410,97.2310,1.6620,2025-11-06 11:19:19,505.0
0.5120,16.9930,0.5740,96.9130,1.74,2025-11-06 11:19:19,505.0
0.5390,16.9460,0.6680,96.8230,1.8380,2025-11-06 11:19:19,505.0
0.54,16.9710,0.5710,96.7550,1.7750,2025-11-06 11:19:19,505.0
0.5290,16.8890,0.5710,97.1660,1.7960,2025-11-06 11:19:19,505.0
0.55,17.0780,0.5250,96.7290,1.8160,2025-11-06 11:19:19,505.0
0.5260,16.9140,0.41,97.1810,1.6610,2025-11-06 11:19:19,505.0
0.5440,16.9390,0.5670,97.0130,1.9570,2025-11-06 11:19:19,505.0
0.5230,16.8830,1.0150,96.8520,1.8130,2025-11-06 11:19:19,505.0
0.5080,16.8670,0.5110,97.0590,1.6650,2025-11-06 11:19:19,505.0
0.5360,16.93,0.6720,97.1110,1.7360,2025-11-06 11:19:19,505.0
0.5260,16.8950,0.7730,96.7870,1.7840,2025-11-06 11:19:19,505.0
0.5660,17.0120,0.5560,96.9150,1.9120,2025-11-06 11:19:19,505.0
0.5110,16.6790,0.5850,97.0360,1.7230,2025-11-06 11:19:19,505.0
0.5260,16.9870,0.5430,97.0230,1.77,2025-11-06 11:19:19,505.0
0.5140,16.9080,0.5110,96.9230,1.6370,2025-11-06 11:19:19,505.0
0.54,16.9650,0.5810,96.92,1.8620,2025-11-06 11:19:19,505.0
0.5310,16.9520,0.6020,97.0260,1.9050,2025-11-06 13:04:20,506.0
0.5330,16.9650,0.6230,97.1070,1.7860,2025-11-06 13:04:20,506.0
0.54,16.99,0.5740,96.9530,1.8140,2025-11-06 13:04:20,506.0
0.5330,16.8480,0.7420,97.0570,1.7730,2025-11-06 13:04:20,506.0
0.5360,16.9430,0.4450,96.9360,1.6940,2025-11-06 13:04:20,506.0
0.5190,16.9460,0.5430,97.1990,1.7780,2025-11-06 13:04:20,506.0
0.5730,17.0370,0.4730,97.1250,1.8540,2025-11-06 13:04:20,506.0
0.5270,16.93,0.3880,96.8160,1.8060,2025-11-06 13:04:20,506.0
0.5470,16.9550,0.5840,96.9210,1.8170,2025-11-06 13:04:20,506.0
0.5220,16.9490,0.6060,97.2610,1.6830,2025-11-06 13:04:20,506.0
0.5350,16.9580,0.5670,96.9250,1.73,2025-11-06 13:04:20,506.0
0.5330,16.9960,0.6510,96.8760,1.8340,2025-11-06 13:04:20,506.0
0.5330,16.93,0.5880,97.2410,1.8560,2025-11-06 13:04:20,506.0
0.5480,16.9050,0.5040,96.9480,1.95,2025-11-06 13:04:20,506.0
0.5220,16.88,0.4480,96.9240,1.6610,2025-11-06 13:04:20,506.0
0.53,16.8950,0.5290,97.0660,1.7980,2025-11-06 13:04:20,506.0
0.5380,16.9740,0.4690,96.9880,1.6290,2025-11-06 13:04:20,506.0
0.5440,17.0020,0.6480,96.8110,1.8080,2025-11-06 13:04:20,506.0
0.5310,16.9520,0.6120,97.1010,1.70,2025-11-06 13:04:20,506.0
0.5130,16.8360,0.6060,97.1890,1.61,2025-11-06 13:04:20,506.0
0.5160,16.9710,0.50,97.0740,1.5660,2025-11-06 19:09:28,507.0
0.5330,17.0120,0.5490,97.0710,1.8120,2025-11-06 19:09:28,507.0
0.5270,16.9770,0.5150,97.1880,1.7890,2025-11-06 19:09:28,507.0
0.5380,16.8920,0.4380,97.1660,1.7270,2025-11-06 19:09:28,507.0
0.5290,17.0020,0.5910,97.3650,1.7230,2025-11-06 19:09:28,507.0
0.5310,16.9680,0.5350,96.9280,1.6470,2025-11-06 19:09:28,507.0
0.5230,16.9550,0.49,96.8270,1.7330,2025-11-06 19:09:28,507.0
0.5280,16.9740,0.56,97.1050,1.6120,2025-11-06 19:09:28,507.0
0.5370,16.9770,0.4620,96.9430,1.6880,2025-11-06 19:09:28,507.0
0.5630,16.9550,0.77,96.8650,1.6710,2025-11-06 19:09:28,507.0
0.5370,17.0620,0.6790,96.8830,1.7120,2025-11-06 19:09:28,507.0
0.5370,16.9050,0.5110,97.0660,1.7920,2025-11-06 19:09:28,507.0
0.5320,17.0150,0.3920,96.8160,1.6390,2025-11-06 19:09:28,507.0
0.5360,16.9580,0.6340,97.1270,1.7450,2025-11-06 19:09:28,507.0
0.5590,16.9050,0.6680,97.0560,1.9210,2025-11-06 19:09:28,507.0
0.5390,17.0310,0.6120,96.7880,1.7720,2025-11-06 19:09:28,507.0
0.5270,16.99,0.6190,96.7970,1.6880,2025-11-06 19:09:28,507.0
0.5270,17.0560,0.4730,96.8430,1.6870,2025-11-06 19:09:28,507.0
0.56,16.9770,0.5910,97.0130,2.0030,2025-11-06 19:09:28,507.0
0.5550,16.98,0.5320,96.8510,1.8930,2025-11-06 19:09:28,507.0
0.5390,16.9050,0.6790,96.9140,1.7590,2025-11-07 11:09:08,508.0
0.53,16.9390,0.5110,96.8840,1.7360,2025-11-07 11:09:08,508.0
0.5450,16.9360,0.4620,96.8660,1.7940,2025-11-07 11:09:08,508.0
0.5440,16.9610,0.3820,97.11,1.6910,2025-11-07 11:09:08,508.0
0.5260,16.9050,0.5290,96.9480,1.7710,2025-11-07 11:09:08,508.0
0.5410,16.9460,0.55,97.0190,1.7540,2025-11-07 11:09:08,508.0
0.5340,17.0370,0.4380,96.9370,1.7320,2025-11-07 11:09:08,508.0
0.5230,16.8640,0.55,97.0930,1.6190,2025-11-07 11:09:08,508.0
0.5040,16.9930,0.6090,96.9960,1.6670,2025-11-07 11:09:08,508.0
0.5310,16.9430,0.5990,97.1260,1.8030,2025-11-07 11:09:08,508.0
0.5450,16.9430,0.4510,96.8750,1.7460,2025-11-07 11:09:08,508.0
0.5250,16.9240,0.63,96.9830,1.7010,2025-11-07 11:09:08,508.0
0.54,16.9770,0.4580,96.9120,1.73,2025-11-07 11:09:08,508.0
0.5170,16.8990,0.5250,97.0550,1.6280,2025-11-07 11:09:08,508.0
0.5420,16.9930,0.6060,96.8770,1.8080,2025-11-07 11:09:08,508.0
0.5280,16.9360,0.4020,96.8980,1.6590,2025-11-07 11:09:08,508.0
0.5320,16.9990,0.5880,97.0860,1.8810,2025-11-07 11:09:08,508.0
0.5280,16.9170,0.5530,96.9410,1.6510,2025-11-07 11:09:08,508.0
0.5230,16.9430,0.6330,96.9310,1.7180,2025-11-07 11:09:08,508.0
0.5340,16.9830,0.5430,96.8940,1.7830,2025-11-07 11:09:08,508.0
0.5230,16.8890,0.3880,97.2320,1.6730,2025-11-07 13:14:12,509.0
0.54,16.8860,0.3570,97.2330,1.81,2025-11-07 13:14:12,509.0
0.5520,17.0090,0.56,97.0540,1.8180,2025-11-07 13:14:12,509.0
0.5210,16.8920,0.4410,97.2350,1.6460,2025-11-07 13:14:12,509.0
0.5220,16.8230,0.7070,97.09,1.6570,2025-11-07 13:14:12,509.0
0.52,16.8640,0.4270,97.1570,1.7220,2025-11-07 13:14:12,509.0
0.5280,16.9050,0.5460,97.13,1.7410,2025-11-07 13:14:12,509.0
0.5480,16.9740,0.5530,97.1550,1.8490,2025-11-07 13:14:12,509.0
0.5380,16.8890,0.43,97.1310,1.7840,2025-11-07 13:14:12,509.0
0.5180,16.9050,0.5640,97.1510,1.6220,2025-11-07 13:14:12,509.0
0.5280,16.9710,0.6090,97.2090,1.7770,2025-11-07 13:14:12,509.0
0.5580,17.0680,0.6830,96.9790,1.8280,2025-11-07 13:14:12,509.0
0.5250,16.9020,0.4380,96.9420,1.6390,2025-11-07 13:14:12,509.0
0.5250,16.8890,0.4480,97.2770,1.7550,2025-11-07 13:14:12,509.0
0.5240,16.9210,0.5070,97.0630,1.7620,2025-11-07 13:14:12,509.0
0.5360,16.9680,0.63,96.9280,1.7250,2025-11-07 13:14:12,509.0
0.5380,16.9680,0.6440,97.05,1.7530,2025-11-07 13:14:12,509.0
0.5370,16.99,0.6620,97.1990,1.7510,2025-11-07 13:14:12,509.0
0.5350,16.9020,0.7390,96.8230,1.7420,2025-11-07 13:14:12,509.0
0.5450,16.9490,0.5040,96.9280,1.7570,2025-11-07 13:14:12,509.0
0.5340,16.9990,0.5990,97.0180,1.6880,2025-11-07 19:09:19,510.0
0.5470,16.9650,0.4550,96.9910,1.72,2025-11-07 19:09:19,510.0
0.5190,17.0240,0.5530,97.2220,1.5980,2025-11-07 19:09:19,510.0
0.5350,17.0680,0.5250,97.0040,1.7090,2025-11-07 19:09:19,510.0
0.5470,17.0240,0.6830,97.14,1.7490,2025-11-07 19:09:19,510.0
0.5270,17.0460,0.6370,96.9080,1.6890,2025-11-07 19:09:19,510.0
0.5310,17.0210,0.6580,97.1490,1.68,2025-11-07 19:09:19,510.0
0.5010,16.9580,0.6230,96.8250,1.5790,2025-11-07 19:09:19,510.0
0.5330,16.9650,0.4690,97.2260,1.5760,2025-11-07 19:09:19,510.0
0.5370,16.9930,0.4690,97.22,1.6670,2025-11-07 19:09:19,510.0
0.5380,16.9520,0.5040,96.9270,1.7210,2025-11-07 19:09:19,510.0
0.5330,16.9360,0.7040,97.2930,1.7960,2025-11-07 19:09:19,510.0
0.5410,16.9680,0.5460,96.91,1.6770,2025-11-07 19:09:19,510.0
0.5310,16.9520,0.4970,96.8840,1.7720,2025-11-07 19:09:19,510.0
0.5480,17.0340,0.4970,97.0660,1.7490,2025-11-07 19:09:19,510.0
0.5560,17.0590,0.56,96.8390,1.7930,2025-11-07 19:09:19,510.0
0.5320,17.0090,0.6160,97.1880,0.0170,2025-11-07 19:09:19,510.0
0.5350,16.9580,0.6060,97.1750,1.6630,2025-11-07 19:09:19,510.0
0.5420,16.98,0.5880,96.9120,1.74,2025-11-07 19:09:19,510.0
0.5270,16.98,0.5390,97.0570,1.5950,2025-11-07 19:09:19,510.0
0.5190,17.0180,0.6620,97.03,1.6980,2025-11-07 21:04:23,511.0
0.5280,16.9830,0.6160,97.2730,1.6080,2025-11-07 21:04:23,511.0
0.5130,16.9490,0.7520,97.12,1.6960,2025-11-07 21:04:23,511.0
0.5280,16.9520,0.6760,97.1650,1.76,2025-11-07 21:04:23,511.0
0.5480,17.0490,0.6330,96.8710,1.8340,2025-11-07 21:04:23,511.0
0.5380,17.0240,0.55,96.8710,1.75,2025-11-07 21:04:23,511.0
0.5390,16.9360,0.6620,96.8630,1.73,2025-11-07 21:04:23,511.0
0.5370,17.10,0.5770,96.8920,1.6010,2025-11-07 21:04:23,511.0
0.5320,16.9770,0.6960,96.9940,1.7180,2025-11-07 21:04:23,511.0
0.5280,16.9430,0.4830,96.8990,1.73,2025-11-07 21:04:23,511.0
0.5460,16.9830,0.7560,97.1420,1.75,2025-11-07 21:04:23,511.0
0.5260,16.9360,0.6440,97.2230,1.6640,2025-11-07 21:04:23,511.0
0.5270,16.98,0.55,97.1660,1.7570,2025-11-07 21:04:23,511.0
0.5360,16.9240,0.7350,97.1610,1.9110,2025-11-07 21:04:23,511.0
0.5090,16.99,0.6340,96.9170,1.6490,2025-11-07 21:04:23,511.0
0.5150,16.9680,0.4790,97.0460,1.6520,2025-11-07 21:04:23,511.0
0.5320,16.9610,0.6540,97.1630,1.6470,2025-11-07 21:04:23,511.0
0.5440,17.0710,0.6750,96.8840,1.7410,2025-11-07 21:04:23,511.0
0.5330,17.0050,0.5290,97.1230,1.6420,2025-11-07 21:04:23,511.0
0.5380,17.0460,0.5640,96.8340,1.7390,2025-11-07 21:04:23,511.0
0.5160,16.9210,0.6270,97.2230,1.6610,2025-11-09 12:55:57,512.0
0.5110,16.9830,0.5390,97.1990,1.60,2025-11-09 12:55:57,512.0
0.52,16.8830,0.5250,97.1110,1.8360,2025-11-09 12:55:57,512.0
0.5380,16.9080,0.6540,96.8960,1.7120,2025-11-09 12:55:57,512.0
0.5250,16.9460,0.4940,97.1570,1.7540,2025-11-09 12:55:57,512.0
0.5520,17.0810,0.5950,96.8670,1.8110,2025-11-09 12:55:57,512.0
0.5320,16.9020,0.5840,97.0760,1.7220,2025-11-09 12:55:57,512.0
0.5270,16.8230,0.6230,97.0160,1.7760,2025-11-09 12:55:57,512.0
0.5330,16.9870,0.6830,97.2370,1.71,2025-11-09 12:55:57,512.0
0.5090,16.8950,0.6270,96.9420,1.6070,2025-11-09 12:55:57,512.0
0.5260,16.8990,0.6020,97.1410,1.8050,2025-11-09 12:55:57,512.0
0.5160,16.9960,0.6510,97.2630,1.7450,2025-11-09 12:55:57,512.0
0.5580,17.09,0.5950,96.9170,1.7620,2025-11-09 12:55:57,512.0
0.53,16.98,0.7490,96.9960,1.7210,2025-11-09 12:55:57,512.0
0.5380,16.9020,0.7530,97.10,1.7260,2025-11-09 12:55:57,512.0
0.5110,16.9110,0.5530,97.0510,1.6910,2025-11-09 12:55:57,512.0
0.5310,16.9490,0.56,97.01,1.7880,2025-11-09 12:55:57,512.0
0.5330,17.0530,0.6440,96.9110,1.7230,2025-11-09 12:55:57,512.0
0.5250,17.0240,0.6060,97.1670,1.7180,2025-11-09 12:55:57,512.0
0.4970,16.8140,0.7390,96.9680,1.6970,2025-11-09 12:55:57,512.0
0.5290,16.9520,0.6020,96.8290,1.7730,2025-11-09 19:11:05,513.0
0.5510,17.0810,0.6720,96.8730,1.7780,2025-11-09 19:11:05,513.0
0.5260,16.9870,0.6160,96.9830,1.7420,2025-11-09 19:11:05,513.0
0.54,16.9580,0.5950,96.9570,1.7440,2025-11-09 19:11:05,513.0
0.53,16.8610,0.7390,96.8690,1.8060,2025-11-09 19:11:05,513.0
0.5470,16.9080,0.6230,97.0830,1.8130,2025-11-09 19:11:05,513.0
0.5390,16.9430,0.5810,97.0660,1.7220,2025-11-09 19:11:05,513.0
0.5330,16.9770,0.6970,96.9130,1.6430,2025-11-09 19:11:05,513.0
0.5340,16.9360,0.6230,96.8990,1.7350,2025-11-09 19:11:05,513.0
0.5390,16.9080,0.56,97.2970,1.7040,2025-11-09 19:11:05,513.0
0.5320,16.93,0.64,97.2890,1.6560,2025-11-09 19:11:05,513.0
0.5290,16.88,0.6230,97.0660,1.6710,2025-11-09 19:11:05,513.0
0.5440,16.9550,0.5910,96.9750,1.8720,2025-11-09 19:11:05,513.0
0.5390,16.9770,0.6270,96.6950,1.77,2025-11-09 19:11:05,513.0
0.52,16.93,0.4760,97.2770,1.6060,2025-11-09 19:11:05,513.0
0.51,16.8770,0.6060,97.1440,1.5760,2025-11-09 19:11:05,513.0
0.5410,16.9430,0.5880,97.0160,1.7030,2025-11-09 19:11:05,513.0
0.5250,16.8950,0.8090,96.9990,1.7110,2025-11-09 19:11:05,513.0
0.5440,16.9710,0.5980,96.8760,1.8560,2025-11-09 19:11:05,513.0
0.5430,17.0090,0.7520,96.7530,1.8870,2025-11-09 19:11:05,513.0
0.5470,17.0340,0.6480,97.1580,1.8190,2025-11-09 21:31:09,514.0
0.5210,16.9020,0.5670,97.1890,1.6870,2025-11-09 21:31:09,514.0
0.5590,17.0240,0.8160,96.9460,1.75,2025-11-09 21:31:09,514.0
0.5180,16.8640,0.6060,96.99,1.7470,2025-11-09 21:31:09,514.0
0.5350,16.99,0.5740,96.8570,1.6460,2025-11-09 21:31:09,514.0
0.5480,16.9330,0.5630,96.8110,1.7030,2025-11-09 21:31:09,514.0
0.5270,16.9170,0.7420,97.0230,1.7210,2025-11-09 21:31:09,514.0
0.5570,16.9020,0.6020,97.4450,1.8470,2025-11-09 21:31:09,514.0
0.5310,16.93,0.5640,97.1210,1.75,2025-11-09 21:31:09,514.0
0.5720,16.93,0.5460,97.2530,1.88,2025-11-09 21:31:09,514.0
0.5420,16.9270,0.5990,96.9190,1.8150,2025-11-09 21:31:09,514.0
0.5310,16.9550,0.4790,97.0780,1.6780,2025-11-09 21:31:09,514.0
0.5360,16.93,0.5840,97.1870,1.7530,2025-11-09 21:31:09,514.0
0.5470,16.98,0.7560,96.8250,1.7570,2025-11-09 21:31:09,514.0
0.5340,16.9390,0.55,97.0540,1.7850,2025-11-09 21:31:09,514.0
0.5450,16.9550,0.4760,96.9760,1.7640,2025-11-09 21:31:09,514.0
0.5420,16.8730,0.4760,97.1850,1.6960,2025-11-09 21:31:09,514.0
0.5390,16.9770,0.5560,96.7180,1.8510,2025-11-09 21:31:09,514.0
0.5350,16.9430,0.6510,97.06,1.7650,2025-11-09 21:31:09,514.0
0.5530,16.9710,0.4690,96.9570,1.8970,2025-11-09 21:31:09,514.0
0.5450,16.9170,0.5740,96.90,1.8530,2025-11-10 10:52:05,515.0
0.5320,16.9390,0.5390,96.9590,1.7530,2025-11-10 10:52:05,515.0
0.5260,16.9990,0.6230,97.0330,1.7160,2025-11-10 10:52:05,515.0
0.5070,16.9170,0.4130,97.0440,1.6780,2025-11-10 10:52:05,515.0
0.5270,17.0020,0.49,96.8710,1.7410,2025-11-10 10:52:05,515.0
0.5370,17.0180,0.4690,96.8240,1.76,2025-11-10 10:52:05,515.0
0.5370,16.9170,0.6410,96.9650,1.8120,2025-11-10 10:52:05,515.0
0.5610,17.0780,0.5350,96.9660,1.8280,2025-11-10 10:52:05,515.0
0.5040,17.0020,0.6160,97.1290,1.6320,2025-11-10 10:52:05,515.0
0.5640,17.0710,0.5250,96.7670,1.8080,2025-11-10 10:52:05,515.0
0.5340,16.9770,0.7910,97.0450,1.6070,2025-11-10 10:52:05,515.0
0.5570,16.9870,0.70,96.9110,1.9190,2025-11-10 10:52:05,515.0
0.5480,16.9830,0.5290,96.95,1.8370,2025-11-10 10:52:05,515.0
0.5420,16.9710,0.6230,96.9650,1.8940,2025-11-10 10:52:05,515.0
0.5350,16.9490,0.4660,96.7710,1.9160,2025-11-10 10:52:05,515.0
0.5310,17.0780,0.5740,96.9930,1.5960,2025-11-10 10:52:05,515.0
0.53,16.9740,0.6650,97.0390,1.7640,2025-11-10 10:52:05,515.0
0.52,17.0150,0.6090,96.6880,1.7050,2025-11-10 10:52:05,515.0
0.53,16.9020,0.4760,97.0940,1.7210,2025-11-10 10:52:05,515.0
0.5280,16.9550,0.77,96.7680,1.7060,2025-11-10 10:52:05,515.0
0.5450,17.0150,0.4870,97.1790,1.67,2025-11-10 12:52:07,516.0
0.5150,17.0460,0.5710,97.0270,1.6080,2025-11-10 12:52:07,516.0
0.5320,16.9830,0.5670,96.9440,1.8510,2025-11-10 12:52:07,516.0
0.5410,17.0150,0.6160,97.2030,1.6870,2025-11-10 12:52:07,516.0
0.53,17.0560,0.6060,96.9190,1.7440,2025-11-10 12:52:07,516.0
0.5190,17.0150,0.5460,97.1430,1.6490,2025-11-10 12:52:07,516.0
0.5330,16.9210,0.5810,97.2260,1.7230,2025-11-10 12:52:07,516.0
0.5340,17.0050,0.6270,96.9810,1.6530,2025-11-10 12:52:07,516.0
0.5320,16.98,0.5910,96.9170,1.72,2025-11-10 12:52:07,516.0
0.5270,17.0340,0.6440,96.8450,1.6560,2025-11-10 12:52:07,516.0
0.5270,16.9960,0.5950,96.9310,1.7960,2025-11-10 12:52:07,516.0
0.5270,16.9490,0.6120,96.8150,1.61,2025-11-10 12:52:07,516.0
0.5130,16.9680,0.6720,96.9010,1.7560,2025-11-10 12:52:07,516.0
0.5380,17.04,0.4760,97.1130,1.6620,2025-11-10 12:52:07,516.0
0.5130,17.0680,0.7350,97.2860,1.6680,2025-11-10 12:52:07,516.0
0.53,16.9080,0.6270,97.1640,1.7720,2025-11-10 12:52:07,516.0
0.5280,16.99,0.4580,96.9870,1.6770,2025-11-10 12:52:07,516.0
0.5320,17.0050,0.4580,96.92,1.7060,2025-11-10 12:52:07,516.0
0.5370,16.9870,0.63,97.1480,1.7180,2025-11-10 12:52:07,516.0
0.5340,16.9960,0.5320,96.9420,1.6410,2025-11-10 12:52:07,516.0
0.5320,17.0870,0.6090,97.1820,1.8130,2025-11-10 21:27:14,517.0
0.5310,16.9770,0.4550,97.1290,1.68,2025-11-10 21:27:14,517.0
0.5180,16.9330,0.6160,97.0110,1.7350,2025-11-10 21:27:14,517.0
0.5280,16.9210,0.4520,97.0840,1.7510,2025-11-10 21:27:14,517.0
0.5350,17.0370,0.5530,97.0230,1.81,2025-11-10 21:27:14,517.0
0.54,16.9960,0.4830,97.1680,1.6820,2025-11-10 21:27:14,517.0
0.54,17.0150,0.6550,97.1040,1.7340,2025-11-10 21:27:14,517.0
0.5420,17.04,0.6330,97.2220,1.8970,2025-11-10 21:27:14,517.0
0.5470,17.0750,0.3010,97.1220,1.7740,2025-11-10 21:27:14,517.0
0.5350,16.9960,0.3680,96.94,1.74,2025-11-10 21:27:14,517.0
0.5320,17.0240,0.4270,97.2430,1.7780,2025-11-10 21:27:14,517.0
0.5370,16.9210,0.55,97.1580,1.7260,2025-11-10 21:27:14,517.0
0.5290,16.9430,0.5320,97.1020,1.7540,2025-11-10 21:27:14,517.0
0.5310,17.0120,0.50,97.1380,1.7110,2025-11-10 21:27:14,517.0
0.54,16.9740,0.4590,97.2970,1.7530,2025-11-10 21:27:14,517.0
0.5370,16.9710,0.5460,97.3630,1.90,2025-11-10 21:27:14,517.0
0.53,17.0120,0.49,96.97,1.72,2025-11-10 21:27:14,517.0
0.5270,16.9520,0.6580,96.9390,1.6790,2025-11-10 21:27:14,517.0
0.5480,16.9710,0.5180,97.1290,1.7410,2025-11-10 21:27:14,517.0
0.5430,17.0180,0.4130,97.1520,1.7470,2025-11-10 21:27:14,517.0
0.5370,16.9610,0.5530,97.1190,1.6180,2025-11-10 21:42:16,518.0
0.54,17.04,0.5740,96.8210,1.92,2025-11-10 21:42:16,518.0
0.5380,17.04,0.4130,97.1220,1.7810,2025-11-10 21:42:16,518.0
0.5350,16.9990,0.6330,97.1990,1.8080,2025-11-10 21:42:16,518.0
0.5290,16.9830,0.56,96.99,1.7120,2025-11-10 21:42:16,518.0
0.5420,16.9610,0.3850,97.0350,1.72,2025-11-10 21:42:16,518.0
0.54,16.9550,0.5990,96.9710,1.8270,2025-11-10 21:42:16,518.0
0.5210,16.9610,0.6860,96.9540,1.8330,2025-11-10 21:42:16,518.0
0.5310,16.9460,0.4620,97.0670,1.8440,2025-11-10 21:42:16,518.0
0.5340,16.9020,0.5420,96.92,1.9050,2025-11-10 21:42:16,518.0
0.5340,17.0020,0.5530,97.1260,1.8850,2025-11-10 21:42:16,518.0
0.5430,16.9390,0.5670,97.2590,1.70,2025-11-10 21:42:16,518.0
0.5190,16.9020,0.4730,96.8570,1.56,2025-11-10 21:42:16,518.0
0.5260,16.9050,0.5210,97.0070,1.7340,2025-11-10 21:42:16,518.0
0.5270,16.9520,0.4170,97.0580,1.7870,2025-11-10 21:42:16,518.0
0.5230,16.9960,0.4730,97.1660,1.5450,2025-11-10 21:42:16,518.0
0.5510,17.0240,0.5070,97.1460,1.6910,2025-11-10 21:42:16,518.0
0.5180,17.0340,0.4450,97.1360,1.63,2025-11-10 21:42:16,518.0
0.5460,17.0210,0.4760,97.0440,1.8660,2025-11-10 21:42:16,518.0
0.5340,16.9680,0.56,97.0530,1.9230,2025-11-10 21:42:16,518.0
0.5630,16.9870,0.41,97.0320,2.0840,2025-11-10 21:47:16,519.0
0.5420,17.0840,0.2760,96.7710,2.0620,2025-11-10 21:47:16,519.0
0.52,16.9710,0.28,96.9450,1.9970,2025-11-10 21:47:16,519.0
0.5140,17.0090,0.5150,96.8780,2.0150,2025-11-10 21:47:16,519.0
0.5040,16.9990,0.3190,97.0130,1.7880,2025-11-10 21:47:16,519.0
0.5380,16.9460,0.4650,96.8640,2.1750,2025-11-10 21:47:16,519.0
0.5280,16.9270,0.2730,97.0830,1.9510,2025-11-10 21:47:16,519.0
0.5230,16.9990,0.3050,96.9180,2.0360,2025-11-10 21:47:16,519.0
0.5440,17.0090,0.4410,97.0950,2.1340,2025-11-10 21:47:16,519.0
0.5270,16.8830,0.5150,96.9210,2.1310,2025-11-10 21:47:16,519.0
0.5160,17.0210,0.55,96.8620,1.9320,2025-11-10 21:47:16,519.0
0.5220,17.0210,0.4340,96.8430,2.02,2025-11-10 21:47:16,519.0
0.5210,16.9740,0.3180,97.0730,1.9280,2025-11-10 21:47:16,519.0
0.5270,16.9270,0.5630,96.9360,2.0310,2025-11-10 21:47:16,519.0
0.5130,16.9460,0.4940,97.0810,2.0310,2025-11-10 21:47:16,519.0
0.5470,16.9870,0.8820,96.8350,2.0270,2025-11-10 21:47:16,519.0
0.5260,17.0050,0.5710,96.9530,1.9860,2025-11-10 21:47:16,519.0
0.5440,17.0430,0.4270,96.9470,2.0520,2025-11-10 21:47:16,519.0
0.5240,17.0090,0.4090,96.7610,2.1320,2025-11-10 21:47:16,519.0
0.5380,17.0560,0.3640,96.9530,2.0020,2025-11-10 21:47:16,519.0
0.5310,17.0460,0.5740,97.0790,1.7190,2025-11-11 11:12:50,520.0
0.5430,16.9960,0.5390,96.9970,1.6740,2025-11-11 11:12:50,520.0
0.52,17.1250,0.50,97.1050,1.7590,2025-11-11 11:12:50,520.0
0.5340,16.9680,0.3740,97.10,1.6220,2025-11-11 11:12:50,520.0
0.5150,16.9680,0.4720,97.0260,1.6620,2025-11-11 11:12:50,520.0
0.5350,17.0780,0.4860,97.0690,1.7790,2025-11-11 11:12:50,520.0
0.5230,17.0460,0.5390,97.0590,1.6690,2025-11-11 11:12:50,520.0
0.5310,16.98,0.7420,96.8970,1.7220,2025-11-11 11:12:50,520.0
0.5470,17.0780,0.5950,96.8040,1.8380,2025-11-11 11:12:50,520.0
0.5290,17.0620,0.5320,97.0830,1.6810,2025-11-11 11:12:50,520.0
0.5270,17.09,0.50,96.9880,1.7430,2025-11-11 11:12:50,520.0
0.5540,17.0780,0.5150,97.0790,1.8240,2025-11-11 11:12:50,520.0
0.54,17.10,0.6720,97.01,1.7010,2025-11-11 11:12:50,520.0
0.53,17.0530,0.5560,97.04,1.7170,2025-11-11 11:12:50,520.0
0.5190,17.1060,0.3710,97.0580,1.6770,2025-11-11 11:12:50,520.0
0.5240,16.9870,0.3360,97.0310,1.7240,2025-11-11 11:12:50,520.0
0.5210,17.0120,0.5670,96.9520,1.7410,2025-11-11 11:12:50,520.0
0.5430,16.9960,0.3750,96.9140,1.8190,2025-11-11 11:12:50,520.0
0.54,17.0050,0.35,97.1050,1.7260,2025-11-11 11:12:50,520.0
0.5350,17.0750,0.3920,96.8360,1.7050,2025-11-11 11:12:50,520.0
0.5370,17.1090,0.4830,97.1280,1.7290,2025-11-11 13:02:53,521.0
0.5350,17.1190,0.5390,96.9240,1.8040,2025-11-11 13:02:53,521.0
0.5490,17.1120,0.4130,97.1410,1.7090,2025-11-11 13:02:53,521.0
0.5420,16.9990,0.4130,97.1230,1.7510,2025-11-11 13:02:53,521.0
0.5320,17.1280,0.5950,97.0450,1.6480,2025-11-11 13:02:53,521.0
0.53,17.1030,0.5530,96.8550,1.6230,2025-11-11 13:02:53,521.0
0.5410,17.1220,0.4520,97.1670,1.7160,2025-11-11 13:02:53,521.0
0.5260,17.0750,0.5910,96.9040,1.6950,2025-11-11 13:02:53,521.0
0.5380,17.1590,0.5950,96.8710,1.7350,2025-11-11 13:02:53,521.0
0.5340,17.10,0.6230,96.9280,1.7490,2025-11-11 13:02:53,521.0
0.5280,17.0460,0.5530,97.2150,1.65,2025-11-11 13:02:53,521.0
0.53,16.9740,0.4230,97.1240,1.8240,2025-11-11 13:02:53,521.0
0.5350,17.0460,0.49,96.9010,1.7980,2025-11-11 13:02:53,521.0
0.5390,17.1750,0.4730,97.0940,1.7510,2025-11-11 13:02:53,521.0
0.5190,16.9740,0.4550,97.1910,1.6340,2025-11-11 13:02:53,521.0
0.5420,17.1690,0.5530,97.0810,1.6970,2025-11-11 13:02:53,521.0
0.5330,17.0560,0.4790,96.8450,1.8180,2025-11-11 13:02:53,521.0
0.5480,17.1470,0.4550,97.2470,1.7250,2025-11-11 13:02:53,521.0
0.5350,17.1720,0.4940,96.8570,1.7650,2025-11-11 13:02:53,521.0
0.5160,17.0370,0.4970,97.0170,1.5760,2025-11-11 13:02:53,521.0
0.53,16.7380,0.4230,97.0150,1.8150,2025-11-11 16:48:00,522.0
0.5430,16.9830,0.4170,97.2720,1.8140,2025-11-11 16:48:00,522.0
0.5320,16.8990,0.4340,97.0510,1.8170,2025-11-11 16:48:00,522.0
0.5220,16.9490,0.42,96.9060,1.8730,2025-11-11 16:48:00,522.0
0.5370,16.7320,0.4020,97.3470,1.8870,2025-11-11 16:48:00,522.0
0.5230,16.9740,0.5080,96.9660,1.6530,2025-11-11 16:48:00,522.0
0.5420,16.9270,0.5390,97.0680,1.9060,2025-11-11 16:48:00,522.0
0.5310,16.88,0.48,97.1980,1.7820,2025-11-11 16:48:00,522.0
0.5090,16.8610,0.5880,97.0230,1.6440,2025-11-11 16:48:00,522.0
0.5310,17.0240,0.4970,97.0410,1.9450,2025-11-11 16:48:00,522.0
0.5370,16.6940,0.4130,97.1740,1.7880,2025-11-11 16:48:00,522.0
0.5410,16.8330,0.4090,97.1960,1.8890,2025-11-11 16:48:00,522.0
0.5180,16.7570,0.4520,96.9440,1.8440,2025-11-11 16:48:00,522.0
0.5290,16.8040,0.3610,97.1940,1.8810,2025-11-11 16:48:00,522.0
0.54,16.8550,0.4480,97.2340,1.95,2025-11-11 16:48:00,522.0
0.55,16.8770,0.4940,96.9610,1.9140,2025-11-11 16:48:00,522.0
0.5390,16.8080,0.4170,97.2350,1.8030,2025-11-11 16:48:00,522.0
0.5360,16.7130,0.4380,97.1680,1.8290,2025-11-11 16:48:00,522.0
0.54,16.9830,0.4520,96.9150,1.7410,2025-11-11 16:48:00,522.0
0.5310,16.87,0.4380,97.1440,1.7110,2025-11-11 16:48:00,522.0
0.55,16.7980,0.3810,97.1260,1.9260,2025-11-11 17:03:01,523.0
0.53,16.77,0.4580,97.0320,1.7040,2025-11-11 17:03:01,523.0
0.5470,16.7980,0.4060,97.3190,1.8170,2025-11-11 17:03:01,523.0
0.5330,16.65,0.4620,97.06,1.9190,2025-11-11 17:03:01,523.0
0.5310,16.83,0.4580,97.2060,1.8410,2025-11-11 17:03:01,523.0
0.5260,16.9170,0.34,97.0940,1.8260,2025-11-11 17:03:01,523.0
0.5310,16.7790,0.4690,97.2170,1.8250,2025-11-11 17:03:01,523.0
0.5290,16.6720,0.5040,97.1340,1.83,2025-11-11 17:03:01,523.0
0.5480,16.9520,0.4380,97.1940,1.8790,2025-11-11 17:03:01,523.0
0.5430,16.9610,0.5560,97.0770,1.7920,2025-11-11 17:03:01,523.0
0.5260,16.6540,0.2870,97.0760,1.7590,2025-11-11 17:03:01,523.0
0.5260,16.72,0.4060,97.2650,1.8750,2025-11-11 17:03:01,523.0
0.5320,17.4360,0.3670,97.0190,1.7590,2025-11-11 17:03:01,523.0
0.5390,16.9930,0.4410,97.0070,1.7370,2025-11-11 17:03:01,523.0
0.5330,16.8670,0.3920,97.0290,1.7810,2025-11-11 17:03:01,523.0
0.5250,16.8480,0.4620,97.0540,1.7880,2025-11-11 17:03:01,523.0
0.5190,16.8890,0.6090,96.9380,1.77,2025-11-11 17:03:01,523.0
0.5210,16.9990,0.5040,96.9140,1.71,2025-11-11 17:03:01,523.0
0.5260,16.8360,0.5390,96.9580,1.8140,2025-11-11 17:03:01,523.0
0.5230,16.6160,0.3640,96.9820,1.7980,2025-11-11 17:03:01,523.0
0.5350,16.9460,0.4580,97.0490,1.9030,2025-11-11 18:53:06,524.0
0.5430,16.9430,0.5850,97.0940,1.8250,2025-11-11 18:53:06,524.0
0.5330,16.9210,0.6020,97.0920,1.7770,2025-11-11 18:53:06,524.0
0.54,16.98,0.5110,97.0340,1.8340,2025-11-11 18:53:06,524.0
0.5260,16.9550,0.5560,96.9330,1.7510,2025-11-11 18:53:06,524.0
0.5410,16.98,0.6620,96.9850,1.8750,2025-11-11 18:53:06,524.0
0.5260,16.9680,0.4340,97.19,1.7420,2025-11-11 18:53:06,524.0
0.5470,16.9020,0.3990,97.19,1.8070,2025-11-11 18:53:06,524.0
0.5250,16.99,0.5180,96.9240,1.7920,2025-11-11 18:53:06,524.0
0.5220,16.9210,0.5080,96.9760,1.6720,2025-11-11 18:53:06,524.0
0.5550,16.9580,0.56,96.8450,1.8460,2025-11-11 18:53:06,524.0
0.5430,16.9550,0.4830,96.9310,1.68,2025-11-11 18:53:06,524.0
0.5540,17.0530,0.5640,96.8820,1.7630,2025-11-11 18:53:06,524.0
0.5090,16.9460,0.5150,96.8670,1.62,2025-11-11 18:53:06,524.0
0.5150,17.0090,0.2940,96.9650,1.7040,2025-11-11 18:53:06,524.0
0.5370,16.9360,0.8920,96.9490,1.8580,2025-11-11 18:53:06,524.0
0.5410,16.9990,0.4030,97.1340,1.7730,2025-11-11 18:53:06,524.0
0.5480,16.9650,0.6680,97.16,1.8190,2025-11-11 18:53:06,524.0
0.5540,17.0020,0.5880,96.9890,1.9430,2025-11-11 18:53:06,524.0
0.5390,16.9490,0.6580,96.7940,1.9260,2025-11-11 18:53:06,524.0
0.5320,16.9430,0.5710,97.2270,1.7460,2025-11-11 21:18:10,525.0
0.5530,17.0370,0.4760,96.8240,1.84,2025-11-11 21:18:10,525.0
0.5360,17.0020,0.4340,97.0450,1.6810,2025-11-11 21:18:10,525.0
0.5260,17.0120,0.4760,96.9880,1.7130,2025-11-11 21:18:10,525.0
0.5740,17.0930,0.5770,96.9010,1.9680,2025-11-11 21:18:10,525.0
0.5220,16.8730,0.6480,97.0710,1.6850,2025-11-11 21:18:10,525.0
0.5370,16.9580,0.5880,97.1130,1.6240,2025-11-11 21:18:10,525.0
0.5380,16.9240,0.5850,96.8450,1.7130,2025-11-11 21:18:10,525.0
0.5390,16.9830,0.6190,96.9420,1.8510,2025-11-11 21:18:10,525.0
0.5490,16.9680,0.6970,97.1380,1.6970,2025-11-11 21:18:10,525.0
0.5520,17.0120,0.6440,96.8570,1.88,2025-11-11 21:18:10,525.0
0.5260,16.88,0.5420,96.7970,1.8030,2025-11-11 21:18:10,525.0
0.5690,17.0870,0.56,96.9740,1.8320,2025-11-11 21:18:10,525.0
0.5090,16.8610,0.5080,97.2270,1.5940,2025-11-11 21:18:10,525.0
0.53,16.9490,0.5990,97.0140,1.6510,2025-11-11 21:18:10,525.0
0.5380,16.9520,0.5640,97.0330,1.7560,2025-11-11 21:18:10,525.0
0.5480,16.8990,0.4620,97.0370,1.87,2025-11-11 21:18:10,525.0
0.5560,17.0180,0.62,97.0720,1.8570,2025-11-11 21:18:10,525.0
0.5330,16.9080,0.5460,97.0410,1.8720,2025-11-11 21:18:10,525.0
0.5340,16.8670,0.6330,96.9380,1.7670,2025-11-11 21:18:10,525.0
0.5140,16.9740,0.7040,96.8770,1.6980,2025-11-11 21:48:12,526.0
0.5240,17.0750,0.6330,97.0270,1.73,2025-11-11 21:48:12,526.0
0.5310,17.0310,0.34,96.9820,1.8540,2025-11-11 21:48:12,526.0
0.5420,17.1120,0.3460,97.2410,1.7310,2025-11-11 21:48:12,526.0
0.5410,16.9990,0.41,97.1730,1.7050,2025-11-11 21:48:12,526.0
0.5290,17.1410,0.34,96.9860,1.7570,2025-11-11 21:48:12,526.0
0.5210,17.1630,0.3050,97.1870,1.7320,2025-11-11 21:48:12,526.0
0.5370,16.9360,0.3880,97.07,1.8530,2025-11-11 21:48:12,526.0
0.5330,17.0620,0.4730,97.0050,1.7240,2025-11-11 21:48:12,526.0
0.5330,16.9680,0.5110,97.0570,1.8090,2025-11-11 21:48:12,526.0
0.5250,16.8110,0.3950,97.1730,1.89,2025-11-11 21:48:12,526.0
0.5380,17.1280,0.42,97.0970,1.6380,2025-11-11 21:48:12,526.0
0.5450,17.1150,0.4310,97.0340,1.8710,2025-11-11 21:48:12,526.0
0.5280,17.1250,0.3540,97.5130,1.6360,2025-11-11 21:48:12,526.0
0.5320,16.9240,0.35,97.0790,1.7140,2025-11-11 21:48:12,526.0
0.5440,17.1030,0.5110,97.0720,1.72,2025-11-11 21:48:12,526.0
0.5270,17.1440,0.4310,97.1830,1.7820,2025-11-11 21:48:12,526.0
0.5310,16.8830,0.3080,97.1490,1.77,2025-11-11 21:48:12,526.0
0.5190,16.9680,0.5810,97.01,1.6780,2025-11-11 21:48:12,526.0
0.5070,16.9390,0.4090,97.0990,1.7470,2025-11-11 21:48:12,526.0
0.53,16.9330,0.5210,96.8330,1.8140,2025-11-12 13:55:46,527.0
0.5410,16.9390,0.4970,97.1110,1.7950,2025-11-12 13:55:46,527.0
0.5240,17.0370,0.4450,97.1350,1.6510,2025-11-12 13:55:46,527.0
0.5170,17.0310,0.6860,97.0490,1.6890,2025-11-12 13:55:46,527.0
0.5360,17.0020,0.5910,96.95,1.7290,2025-11-12 13:55:46,527.0
0.5330,16.9270,0.4550,97.2430,1.66,2025-11-12 13:55:46,527.0
0.5210,16.9930,0.6550,97.3170,1.5950,2025-11-12 13:55:46,527.0
0.5430,16.9710,0.6720,97.1410,1.8470,2025-11-12 13:55:46,527.0
0.5270,17.0210,0.4130,96.7110,1.6930,2025-11-12 13:55:46,527.0
0.52,16.98,0.5530,97.0920,1.6660,2025-11-12 13:55:46,527.0
0.5440,17.0180,0.5950,97.0650,1.81,2025-11-12 13:55:46,527.0
0.5050,16.9330,0.4410,97.2130,1.7330,2025-11-12 13:55:46,527.0
0.5130,16.9740,0.69,107.2750,1.6890,2025-11-12 13:55:46,527.0
0.5050,17.1250,0.4940,96.8350,1.59,2025-11-12 13:55:46,527.0
0.52,16.9330,0.5850,97.0930,1.8680,2025-11-12 13:55:46,527.0
0.5320,17.0120,0.6680,96.7810,1.7330,2025-11-12 13:55:46,527.0
0.5210,17.0460,0.5110,97.2170,1.6630,2025-11-12 13:55:46,527.0
0.5220,16.9930,0.4270,96.9230,1.6810,2025-11-12 13:55:46,527.0
0.5070,16.9490,0.3990,96.9920,1.6550,2025-11-12 13:55:46,527.0
0.5380,16.9580,0.4760,97.0490,1.7470,2025-11-12 13:55:46,527.0
