M,C,d,L,R,T,N
0.5990,16.9960,0.5950,96.9310,1.5010,2025-01-02 11:20:33,0.0
0.5880,16.9210,0.3810,97.1440,1.3920,2025-01-02 11:20:33,0.0
0.5910,16.9080,0.6160,96.9970,1.3550,2025-01-02 11:20:33,0.0
0.5960,16.9740,0.2870,96.88,1.5040,2025-01-02 11:20:33,0.0
0.5950,17.0120,0.3610,97.1970,1.42,2025-01-02 11:20:33,0.0
0.5760,16.8730,0.6370,97.1040,1.3460,2025-01-02 11:20:33,0.0
0.58,16.8480,0.5360,97.0210,1.4230,2025-01-02 11:20:33,0.0
0.6090,16.9550,0.4480,97.0920,1.47,2025-01-02 11:20:33,0.0
0.5820,16.8950,0.5070,96.93,1.4390,2025-01-02 11:20:33,0.0
0.5920,16.9080,0.49,97.1510,1.45,2025-01-02 11:20:33,0.0
0.5910,16.8360,0.49,96.8690,1.49,2025-01-02 11:20:33,0.0
0.5760,16.8640,0.5110,97.1080,1.4560,2025-01-02 11:20:33,0.0
0.5780,16.9650,0.6890,97.1220,1.3180,2025-01-02 11:20:33,0.0
0.5910,16.8920,0.6370,97.1590,1.4470,2025-01-02 11:20:33,0.0
0.60,16.93,0.3110,96.9730,1.4710,2025-01-02 11:20:33,0.0
0.5890,16.9240,0.5810,96.9590,1.3920,2025-01-02 11:20:33,0.0
0.5940,17.1190,0.5110,97.0290,1.4330,2025-01-02 11:20:33,0.0
0.5660,16.8950,0.3570,97.0170,1.3570,2025-01-02 11:20:33,0.0
0.5630,16.8770,0.5080,97.04,1.3680,2025-01-02 11:20:33,0.0
0.5930,16.9710,0.5040,96.9830,1.3820,2025-01-02 11:20:33,0.0
0.5720,16.9240,0.4620,96.9150,1.4150,2025-01-02 12:45:38,1.0
0.5820,17.1560,0.5250,97.0940,1.33,2025-01-02 12:45:38,1.0
0.5540,17.0370,0.4060,97.3010,1.3620,2025-01-02 12:45:38,1.0
0.5790,16.9830,0.6650,97.0160,1.3690,2025-01-02 12:45:38,1.0
0.5710,16.8990,0.4970,96.8760,1.4280,2025-01-02 12:45:38,1.0
0.5870,16.9870,0.5710,97.0960,1.4050,2025-01-02 12:45:38,1.0
0.5630,16.8860,0.5320,97.0110,1.3950,2025-01-02 12:45:38,1.0
0.61,16.9360,0.4790,97.0190,1.3470,2025-01-02 12:45:38,1.0
0.5870,16.9650,0.5530,97.1290,1.3990,2025-01-02 12:45:38,1.0
0.5880,16.9520,0.5010,97.1930,1.3670,2025-01-02 12:45:38,1.0
0.5760,16.9240,0.5530,96.9840,1.4190,2025-01-02 12:45:38,1.0
0.5830,17.0090,0.49,97.1540,1.3460,2025-01-02 12:45:38,1.0
0.5880,16.8890,0.3740,97.0680,1.3970,2025-01-02 12:45:38,1.0
0.5710,16.9020,0.49,97.2450,1.3320,2025-01-02 12:45:38,1.0
0.5980,17.0490,0.5290,97.0530,1.4570,2025-01-02 12:45:38,1.0
0.5780,16.9170,0.4480,97.1350,1.3690,2025-01-02 12:45:38,1.0
0.5920,16.9960,0.4760,97.1160,1.4630,2025-01-02 12:45:38,1.0
0.5960,16.98,0.2170,97.1380,1.3980,2025-01-02 12:45:38,1.0
0.5860,16.9770,0.5460,96.9840,1.3330,2025-01-02 12:45:38,1.0
0.5560,16.9550,0.5460,97.03,1.36,2025-01-02 12:45:38,1.0
0.60,17.2760,0.7040,97.0290,1.3990,2025-01-02 19:00:48,2.0
0.5990,17.1750,0.3430,97.0390,1.38,2025-01-02 19:00:48,2.0
0.58,17.1310,0.4520,97.0660,1.3150,2025-01-02 19:00:48,2.0
0.5990,17.1660,0.4270,96.8990,1.4270,2025-01-02 19:00:48,2.0
0.57,17.1250,0.50,96.9750,1.4330,2025-01-02 19:00:48,2.0
0.5830,17.2660,0.5390,96.9090,1.3130,2025-01-02 19:00:48,2.0
0.5670,17.0650,0.2210,97.1090,1.3570,2025-01-02 19:00:48,2.0
0.5670,17.1690,0.3150,97.0820,1.3940,2025-01-02 19:00:48,2.0
0.5880,17.1410,0.5710,97.0930,1.2410,2025-01-02 19:00:48,2.0
0.5890,17.1850,0.5320,96.9380,1.3560,2025-01-02 19:00:48,2.0
0.5730,17.1720,0.3220,96.9650,1.3510,2025-01-02 19:00:48,2.0
0.5890,17.0620,0.2450,97.1140,1.4880,2025-01-02 19:00:48,2.0
0.58,17.21,0.3010,97.03,1.35,2025-01-02 19:00:48,2.0
0.59,17.1120,0.4380,97.0250,1.4030,2025-01-02 19:00:48,2.0
0.5970,17.1530,0.2660,96.9920,1.4160,2025-01-02 19:00:48,2.0
0.5830,17.1590,0.6820,97.1130,1.3790,2025-01-02 19:00:48,2.0
0.5660,17.1280,0.4620,97.0140,1.4040,2025-01-02 19:00:48,2.0
0.5760,17.1060,0.70,97,1.3690,2025-01-02 19:00:48,2.0
0.5990,17.0430,0.4550,97.0150,1.4850,2025-01-02 19:00:48,2.0
0.5670,17.0460,0.3810,97.0710,1.3630,2025-01-02 19:00:48,2.0
0.5550,17.0560,0.8570,97.1770,1.2880,2025-01-02 21:05:53,3.0
0.5750,17.0460,0.3990,96.9970,1.3470,2025-01-02 21:05:53,3.0
0.5880,17.1220,0.6230,96.8490,1.3490,2025-01-02 21:05:53,3.0
0.5840,16.9830,0.7910,96.9830,1.3870,2025-01-02 21:05:53,3.0
0.5690,17.1250,0.8120,97.0530,1.3620,2025-01-02 21:05:53,3.0
0.5890,17.1440,0.6410,97.0930,1.3820,2025-01-02 21:05:53,3.0
0.5930,17.0530,0.6130,96.9770,1.4180,2025-01-02 21:05:53,3.0
0.5760,17.1630,0.5910,97.0050,1.39,2025-01-02 21:05:53,3.0
0.59,17.1750,0.6650,96.9230,1.5060,2025-01-02 21:05:53,3.0
0.5820,17.0620,0.6620,96.9370,1.4080,2025-01-02 21:05:53,3.0
0.5770,16.99,0.4690,97.0770,1.4160,2025-01-02 21:05:53,3.0
0.5910,17.1690,0.8120,97.0140,1.3340,2025-01-02 21:05:53,3.0
0.5770,17.0970,0.5910,97.1360,1.3990,2025-01-02 21:05:53,3.0
0.5980,17.0810,0.4580,97.0060,1.4580,2025-01-02 21:05:53,3.0
0.5910,17.0620,0.6090,97.1130,1.36,2025-01-02 21:05:53,3.0
0.6030,17.1660,0.4690,96.9690,1.3580,2025-01-02 21:05:53,3.0
0.5930,17.1220,0.6060,96.9760,1.4520,2025-01-02 21:05:53,3.0
0.60,17.0930,0.4660,96.9940,1.4130,2025-01-02 21:05:53,3.0
0.5780,17.09,0.6510,97.0190,1.31,2025-01-02 21:05:53,3.0
0.5780,16.9830,0.7240,97.0180,1.3820,2025-01-02 21:05:53,3.0
0.56,16.7950,0.7870,97.0010,1.4160,2025-01-03 11:15:29,4.0
0.5970,17.0870,0.5840,96.9520,1.4230,2025-01-03 11:15:29,4.0
0.6110,16.9710,0.3330,97.02,1.3380,2025-01-03 11:15:29,4.0
0.5940,16.9050,0.6680,97.0460,1.30,2025-01-03 11:15:29,4.0
0.5980,16.9390,0.6120,96.9550,1.4130,2025-01-03 11:15:29,4.0
0.6030,16.9870,0.6410,96.9780,1.3780,2025-01-03 11:15:29,4.0
0.5650,16.9240,0.6720,97.0120,1.4280,2025-01-03 11:15:29,4.0
0.5870,16.9020,0.6760,96.9120,1.4250,2025-01-03 11:15:29,4.0
0.5880,16.7860,0.6480,97.0860,1.46,2025-01-03 11:15:29,4.0
0.6010,17.1630,0.5040,97.0580,1.4340,2025-01-03 11:15:29,4.0
0.5960,17.0590,0.6540,96.9850,1.41,2025-01-03 11:15:29,4.0
0.5930,17.0430,0.4580,96.9330,1.3670,2025-01-03 11:15:29,4.0
0.5930,17.0370,0.5670,96.9580,1.3260,2025-01-03 11:15:29,4.0
0.6060,16.9710,0.6410,96.8910,1.4140,2025-01-03 11:15:29,4.0
0.5920,17.0310,0.5320,96.7810,1.3870,2025-01-03 11:15:29,4.0
0.5950,17.0810,0.69,96.9420,1.41,2025-01-03 11:15:29,4.0
0.5670,16.9990,0.6580,96.8740,1.3350,2025-01-03 11:15:29,4.0
0.5650,16.7950,0.6480,96.93,1.4350,2025-01-03 11:15:29,4.0
0.6060,16.9490,0.5320,96.8520,1.5170,2025-01-03 11:15:29,4.0
0.5860,17.0710,0.6330,97.0240,1.3990,2025-01-03 11:15:29,4.0
0.6090,17.0090,0.5070,96.9150,1.4730,2025-01-03 12:55:37,5.0
0.5770,16.9360,0.6790,96.9480,1.2970,2025-01-03 12:55:37,5.0
0.59,17.0530,0.6370,96.9040,1.3990,2025-01-03 12:55:37,5.0
0.5860,16.9550,0.6540,97.0120,1.4210,2025-01-03 12:55:37,5.0
0.5770,16.9110,0.5780,96.9210,1.3810,2025-01-03 12:55:37,5.0
0.5750,17.1030,0.4580,96.9750,1.3030,2025-01-03 12:55:37,5.0
0.5850,16.9330,0.7810,97.0190,1.2760,2025-01-03 12:55:37,5.0
0.6060,16.9550,0.6510,96.9370,1.4430,2025-01-03 12:55:37,5.0
0.5950,17.1810,0.7390,96.9340,1.3910,2025-01-03 12:55:37,5.0
0.6130,17.1370,0.6610,97.02,1.4450,2025-01-03 12:55:37,5.0
0.5750,16.9990,0.6720,97.0560,1.3120,2025-01-03 12:55:37,5.0
0.60,16.9770,0.7460,97.1010,1.4190,2025-01-03 12:55:37,5.0
0.5670,17.0240,0.6270,97.1220,1.3230,2025-01-03 12:55:37,5.0
0.5630,16.8390,0.5080,97.0720,1.3060,2025-01-03 12:55:37,5.0
0.6030,17.0490,0.5670,97.1430,1.4470,2025-01-03 12:55:37,5.0
0.5950,16.8920,0.6160,96.92,1.3890,2025-01-03 12:55:37,5.0
0.5740,16.8510,0.7740,97.0990,1.3630,2025-01-03 12:55:37,5.0
0.5980,17.0090,0.5390,97.0070,1.3410,2025-01-03 12:55:37,5.0
0.5830,16.9930,0.5810,97.0360,1.3830,2025-01-03 12:55:37,5.0
0.5710,17.0530,0.6120,97.0170,1.31,2025-01-03 12:55:37,5.0
0.5980,16.9020,0.6610,96.9590,1.46,2025-01-03 21:15:58,6.0
0.5860,16.9210,0.6060,97.10,1.4630,2025-01-03 21:15:58,6.0
0.5690,16.8920,0.62,97.0620,1.3570,2025-01-03 21:15:58,6.0
0.5730,16.8510,0.4830,105.9480,1.4020,2025-01-03 21:15:58,6.0
0.57,17.0310,0.7810,97.0810,1.4050,2025-01-03 21:15:58,6.0
0.5750,16.8670,0.63,97.1040,1.4190,2025-01-03 21:15:58,6.0
0.5610,16.9580,0.6650,97.2310,1.4320,2025-01-03 21:15:58,6.0
0.5840,16.9490,0.5150,96.90,1.3870,2025-01-03 21:15:58,6.0
0.5860,17.0180,0.4020,97.2560,1.41,2025-01-03 21:15:58,6.0
0.5850,16.9110,0.7450,96.9310,1.3360,2025-01-03 21:15:58,6.0
0.5720,16.9020,0.63,97.0380,1.3720,2025-01-03 21:15:58,6.0
0.5680,16.87,0.7630,97.0770,1.3890,2025-01-03 21:15:58,6.0
0.5720,16.7860,0.6650,97.0430,1.3760,2025-01-03 21:15:58,6.0
0.5920,17.0490,0.7420,96.9920,1.3440,2025-01-03 21:15:58,6.0
0.58,16.8640,0.70,97.1430,1.3780,2025-01-03 21:15:58,6.0
0.5860,16.9360,0.5150,96.9130,1.3970,2025-01-03 21:15:58,6.0
0.5810,16.8770,0.5040,97.0440,1.3790,2025-01-03 21:15:58,6.0
0.5520,16.9550,0.5320,97.1730,1.3960,2025-01-03 21:15:58,6.0
0.5830,17.0090,0.6120,96.9890,1.3820,2025-01-03 21:15:58,6.0
0.5970,17.0370,0.6090,96.9090,1.4150,2025-01-03 21:15:58,6.0
0.5890,17.0310,0.5880,96.98,1.4520,2025-01-04 11:08:58,7.0
0.5710,16.8640,0.6540,97.1190,1.3090,2025-01-04 11:08:58,7.0
0.60,17.0270,0.3050,97.0650,1.3670,2025-01-04 11:08:58,7.0
0.5850,17.0050,0.55,96.9880,1.2310,2025-01-04 11:08:58,7.0
0.6280,16.98,0.5560,97.1290,1.5810,2025-01-04 11:08:58,7.0
0.5980,16.9140,0.4440,97.1240,1.3160,2025-01-04 11:08:58,7.0
0.5790,16.9930,0.3920,97.0910,1.4010,2025-01-04 11:08:58,7.0
0.6170,17.1410,0.5420,96.8320,1.4350,2025-01-04 11:08:58,7.0
0.5880,16.9650,0.6130,97.1780,1.3910,2025-01-04 11:08:58,7.0
0.5920,16.9870,0.5780,97.0020,1.3670,2025-01-04 11:08:58,7.0
0.6050,17.0530,0.3890,97.1170,1.4120,2025-01-04 11:08:58,7.0
0.5920,16.9460,0.42,96.9360,1.3980,2025-01-04 11:08:58,7.0
0.5740,17.0780,0.2940,97.0860,1.3260,2025-01-04 11:08:58,7.0
0.5710,16.9050,0.6160,97.0240,1.3880,2025-01-04 11:08:58,7.0
0.5990,16.9990,0.5880,96.9450,1.4210,2025-01-04 11:08:58,7.0
0.5840,16.9240,0.6230,97.0740,1.3130,2025-01-04 11:08:58,7.0
0.5790,16.9710,0.4270,97.0890,1.3470,2025-01-04 11:08:58,7.0
0.5870,16.9330,0.5670,96.9780,1.3840,2025-01-04 11:08:58,7.0
0.5770,16.9990,0.7070,97.0810,1.1940,2025-01-04 11:08:58,7.0
0.5880,16.9930,0.63,96.9280,1.34,2025-01-04 11:08:58,7.0
0.5720,17.0090,0.4790,96.9150,1.3720,2025-01-04 12:39:01,8.0
0.6060,17.0310,0.6190,97.0540,1.4110,2025-01-04 12:39:01,8.0
0.5690,16.8510,0.4440,97.0760,1.4330,2025-01-04 12:39:01,8.0
0.5820,17.0710,0.4970,97.0480,1.3940,2025-01-04 12:39:01,8.0
0.6020,16.9240,0.5320,97.0610,1.4750,2025-01-04 12:39:01,8.0
0.5780,16.9460,0.5670,96.9290,1.3370,2025-01-04 12:39:01,8.0
0.5910,16.9870,0.4690,96.9570,1.4950,2025-01-04 12:39:01,8.0
0.5740,16.9830,0.5630,97.0030,1.38,2025-01-04 12:39:01,8.0
0.5670,16.99,0.4940,97.1120,1.32,2025-01-04 12:39:01,8.0
0.5820,17.0210,0.5810,97.0730,1.4660,2025-01-04 12:39:01,8.0
0.5750,16.9390,0.6120,97.1070,1.3450,2025-01-04 12:39:01,8.0
0.5750,16.98,0.7350,97.1490,1.3270,2025-01-04 12:39:01,8.0
0.5690,16.9580,0.5980,96.9680,1.3370,2025-01-04 12:39:01,8.0
0.5920,16.9960,0.6750,97.0710,1.43,2025-01-04 12:39:01,8.0
0.5940,17.1340,0.5180,96.9620,1.4440,2025-01-04 12:39:01,8.0
0.5830,16.9740,0.6610,97.1750,1.3410,2025-01-04 12:39:01,8.0
0.5850,17.1120,0.4380,97.0550,1.5030,2025-01-04 12:39:01,8.0
0.5840,16.9520,0.6120,97.0310,1.4260,2025-01-04 12:39:01,8.0
0.5640,16.9680,0.7140,97.0730,1.3370,2025-01-04 12:39:01,8.0
0.5760,17.04,0.5530,97.0590,1.2750,2025-01-04 12:39:01,8.0
0.6010,16.9390,0.6440,96.9160,1.4050,2025-01-04 19:19:08,9.0
0.5970,17.0750,0.6190,97.0120,1.4060,2025-01-04 19:19:08,9.0
0.5820,17.1190,0.7310,97.0890,1.3680,2025-01-04 19:19:08,9.0
0.5990,17.04,0.6620,97.11,0.0150,2025-01-04 19:19:08,9.0
0.5790,16.9330,0.6130,97.0480,1.3350,2025-01-04 19:19:08,9.0
0.5610,16.8670,0.6960,97.1750,1.3970,2025-01-04 19:19:08,9.0
0.60,17.0050,0.5560,96.9480,1.5020,2025-01-04 19:19:08,9.0
0.5830,17.1030,0.5950,97.0980,1.3440,2025-01-04 19:19:08,9.0
0.5730,16.8920,0.6440,97.0190,1.3750,2025-01-04 19:19:08,9.0
0.5820,17.0780,0.4060,96.9460,1.4520,2025-01-04 19:19:08,9.0
0.5860,16.8990,0.7210,97.0140,1.34,2025-01-04 19:19:08,9.0
0.58,17.0590,0.7320,97.0640,1.3130,2025-01-04 19:19:08,9.0
0.5750,17.0370,0.6230,96.87,1.3940,2025-01-04 19:19:08,9.0
0.5950,17.1660,0.5710,96.9780,1.4410,2025-01-04 19:19:08,9.0
0.5970,17.0150,0.63,97.0540,1.5420,2025-01-04 19:19:08,9.0
0.5730,16.8550,0.6230,97.1450,1.3820,2025-01-04 19:19:08,9.0
0.5950,17.09,0.6650,97.1150,1.42,2025-01-04 19:19:08,9.0
0.5690,17.04,0.4620,97.0640,1.4070,2025-01-04 19:19:08,9.0
0.6120,16.9960,0.8290,96.9680,1.5620,2025-01-04 19:19:08,9.0
0.5960,17.1190,0.7630,97.0220,1.4210,2025-01-04 19:19:08,9.0
0.5980,16.9580,0.4730,97.2160,1.3640,2025-01-04 20:59:12,10.0
0.5960,17.0620,0.5670,97.0650,1.4740,2025-01-04 20:59:12,10.0
0.6150,17.0020,0.3540,97.0250,1.5440,2025-01-04 20:59:12,10.0
0.5750,16.9330,0.7070,97.0310,1.4750,2025-01-04 20:59:12,10.0
0.5750,17.0460,0.6930,97.1950,1.4060,2025-01-04 20:59:12,10.0
0.5570,16.9830,0.6330,97.2150,1.3860,2025-01-04 20:59:12,10.0
0.5940,17.2250,0.7210,97.1040,1.4210,2025-01-04 20:59:12,10.0
0.5810,17.0150,0.6410,96.99,1.48,2025-01-04 20:59:12,10.0
0.58,17.0560,0.6610,97.1280,1.4390,2025-01-04 20:59:12,10.0
0.5750,16.9430,0.5390,97.03,1.3530,2025-01-04 20:59:12,10.0
0.5790,17.1470,0.6440,96.9970,1.4090,2025-01-04 20:59:12,10.0
0.5850,17.0810,0.5530,96.9330,1.4210,2025-01-04 20:59:12,10.0
0.60,16.9430,0.4690,96.9930,1.4190,2025-01-04 20:59:12,10.0
0.6050,17.10,0.5880,96.8770,1.4320,2025-01-04 20:59:12,10.0
0.58,16.9550,0.56,96.9490,1.4210,2025-01-04 20:59:12,10.0
0.6020,16.93,0.6480,96.9160,1.4740,2025-01-04 20:59:12,10.0
0.5870,16.9930,0.7770,96.9850,1.45,2025-01-04 20:59:12,10.0
0.5740,16.8990,0.5390,97.1850,1.4180,2025-01-04 20:59:12,10.0
0.6020,16.9550,0.5110,97.1050,1.5480,2025-01-04 20:59:12,10.0
0.5820,17.0180,0.69,97.1560,0.0140,2025-01-04 20:59:12,10.0
0.5640,16.88,0.3880,97.1780,1.3550,2025-01-05 11:12:23,11.0
0.5840,16.9430,0.5530,97.0340,1.4060,2025-01-05 11:12:23,11.0
0.5850,17.1310,0.3920,97.11,1.4090,2025-01-05 11:12:23,11.0
0.5910,16.9140,0.5460,97.0290,1.4890,2025-01-05 11:12:23,11.0
0.6050,16.8730,0.6230,96.9820,1.4320,2025-01-05 11:12:23,11.0
0.6080,17.0180,0.4410,96.9120,1.4760,2025-01-05 11:12:23,11.0
0.5660,16.8920,0.5670,97.1120,1.3140,2025-01-05 11:12:23,11.0
0.6010,17.0530,0.4310,97.0260,1.3480,2025-01-05 11:12:23,11.0
0.5720,16.9430,0.6790,97.1080,1.3560,2025-01-05 11:12:23,11.0
0.6050,17.0650,0.4480,97.1040,1.4780,2025-01-05 11:12:23,11.0
0.5970,17.0870,0.6330,97.0210,1.4190,2025-01-05 11:12:23,11.0
0.5930,16.99,0.4090,96.8970,1.4270,2025-01-05 11:12:23,11.0
0.5690,16.8080,0.5670,97.0590,1.3780,2025-01-05 11:12:23,11.0
0.5980,16.8230,0.4520,97.1680,1.4360,2025-01-05 11:12:23,11.0
0.5790,16.88,0.4130,97.22,1.2430,2025-01-05 11:12:23,11.0
0.5760,16.8890,0.7350,97.0370,1.4110,2025-01-05 11:12:23,11.0
0.5730,16.9360,0.56,96.93,1.3540,2025-01-05 11:12:23,11.0
0.61,16.9240,0.4380,97.0780,1.4460,2025-01-05 11:12:23,11.0
0.5960,16.8920,0.6790,96.9680,1.3940,2025-01-05 11:12:23,11.0
0.5860,17.0240,0.5530,97.0830,1.4110,2025-01-05 11:12:23,11.0
0.6130,16.9770,0.2730,97.1670,1.3510,2025-01-05 12:57:28,12.0
0.5890,16.9830,0.6090,97.0380,1.4750,2025-01-05 12:57:28,12.0
0.5710,17.0150,0.5740,97.1390,1.3380,2025-01-05 12:57:28,12.0
0.60,17.0310,0.5780,97.2190,1.3740,2025-01-05 12:57:28,12.0
0.5790,17.0240,0.4660,97.0530,1.3980,2025-01-05 12:57:28,12.0
0.5760,17.0150,0.5250,96.8470,1.3820,2025-01-05 12:57:28,12.0
0.6040,17.0050,0.4380,96.9450,1.4970,2025-01-05 12:57:28,12.0
0.5860,17.0180,0.2380,97.0570,1.3960,2025-01-05 12:57:28,12.0
0.6330,17.0680,0.62,97.2170,1.4810,2025-01-05 12:57:28,12.0
0.5960,16.9330,0.7560,97.1140,1.3550,2025-01-05 12:57:28,12.0
0.5790,16.9710,0.4790,97.0770,1.3530,2025-01-05 12:57:28,12.0
0.60,17.0650,0.6330,97.0350,1.4480,2025-01-05 12:57:28,12.0
0.5710,16.9770,0.6370,97.15,1.3360,2025-01-05 12:57:28,12.0
0.5910,16.9390,0.6510,96.9270,1.3840,2025-01-05 12:57:28,12.0
0.5910,16.8480,0.5420,97.0710,1.3660,2025-01-05 12:57:28,12.0
0.5870,16.9080,0.6090,97.0920,1.3670,2025-01-05 12:57:28,12.0
0.59,17.0180,0.6610,97.1440,1.3820,2025-01-05 12:57:28,12.0
0.5810,17.0460,0.4440,97.04,1.3420,2025-01-05 12:57:28,12.0
0.5980,16.9580,0.6930,97.1160,1.4330,2025-01-05 12:57:28,12.0
0.6020,16.9870,0.5280,97.0360,1.3880,2025-01-05 12:57:28,12.0
0.5760,17.04,0.3390,96.9780,1.3920,2025-01-05 19:22:00,13.0
0.5920,17.0180,0.5880,97.1290,1.4380,2025-01-05 19:22:00,13.0
0.5890,17.0560,0.42,97.0770,1.3840,2025-01-05 19:22:00,13.0
0.5880,17.0210,0.4760,97.14,1.4130,2025-01-05 19:22:00,13.0
0.5710,17.04,0.3890,97.1030,1.4340,2025-01-05 19:22:00,13.0
0.5910,17.0870,0.3920,96.9480,1.4380,2025-01-05 19:22:00,13.0
0.5810,17.0370,0.6960,97.0490,1.4390,2025-01-05 19:22:00,13.0
0.5950,17.0370,0.69,97.0030,1.4320,2025-01-05 19:22:00,13.0
0.6120,16.9390,0.56,96.9650,1.5740,2025-01-05 19:22:00,13.0
0.5760,17.1030,0.5390,97.1070,1.4310,2025-01-05 19:22:00,13.0
0.6250,17.0590,0.3570,97.0790,1.55,2025-01-05 19:22:00,13.0
0.59,16.9330,0.4860,97.1680,1.4290,2025-01-05 19:22:00,13.0
0.5910,17.0530,0.5360,97.0290,1.5020,2025-01-05 19:22:00,13.0
0.5850,16.9210,0.4870,97.1230,1.4490,2025-01-05 19:22:00,13.0
0.5810,17.0150,0.4690,97.0310,1.36,2025-01-05 19:22:00,13.0
0.5640,16.9360,0.6930,97.0640,1.2830,2025-01-05 19:22:00,13.0
0.5960,16.9650,0.5110,97.11,1.4660,2025-01-05 19:22:00,13.0
0.5970,17.0150,0.5810,96.9760,1.4320,2025-01-05 19:22:00,13.0
0.5870,16.9610,0.4760,97.17,1.3720,2025-01-05 19:22:00,13.0
0.5740,16.8860,0.4170,96.9980,1.3320,2025-01-05 19:22:00,13.0
0.5850,16.9770,0.3640,97.0150,1.4760,2025-01-05 20:57:02,14.0
0.5680,16.8920,0.5040,97.1130,1.3740,2025-01-05 20:57:02,14.0
0.5620,16.87,0.4550,97.1120,1.3690,2025-01-05 20:57:02,14.0
0.58,16.88,0.41,97.0750,1.4470,2025-01-05 20:57:02,14.0
0.5930,16.9870,0.4790,96.9590,1.4170,2025-01-05 20:57:02,14.0
0.5830,16.99,0.5150,97.0010,1.3960,2025-01-05 20:57:02,14.0
0.5790,16.9930,0.5010,97.2210,0.0170,2025-01-05 20:57:02,14.0
0.5970,16.9490,0.6550,97.0460,1.4820,2025-01-05 20:57:02,14.0
0.5750,16.8890,0.4480,97.0390,1.4660,2025-01-05 20:57:02,14.0
0.6010,17.0310,0.4410,96.9710,1.4680,2025-01-05 20:57:02,14.0
0.6020,17.0560,0.6480,96.8920,1.4720,2025-01-05 20:57:02,14.0
0.6050,17.0150,0.3250,96.9730,1.5030,2025-01-05 20:57:02,14.0
0.6050,17.0180,0.50,97.1740,1.5170,2025-01-05 20:57:02,14.0
0.6070,17.21,0.6020,97.0090,1.4110,2025-01-05 20:57:02,14.0
0.5730,16.8920,0.50,97.0910,1.3210,2025-01-05 20:57:02,14.0
0.5780,16.9080,0.5530,97.1340,1.4320,2025-01-05 20:57:02,14.0
0.58,16.9140,0.5710,97.1940,1.4490,2025-01-05 20:57:02,14.0
0.5950,16.9830,0.6790,96.9590,1.4740,2025-01-05 20:57:02,14.0
0.58,16.9740,0.6230,97.0430,1.4010,2025-01-05 20:57:02,14.0
0.5890,17.0490,0.56,96.9670,1.4650,2025-01-05 20:57:02,14.0
0.5770,16.9580,0.3010,97.0410,1.3820,2025-01-06 10:59:59,15.0
0.5670,17.1880,0.4230,96.9490,1.38,2025-01-06 10:59:59,15.0
0.5830,17.15,0.4940,97.5730,1.3820,2025-01-06 10:59:59,15.0
0.6070,16.9110,0.6230,97.0270,1.4410,2025-01-06 10:59:59,15.0
0.5660,17.0240,0.5180,97.1340,1.3440,2025-01-06 10:59:59,15.0
0.5870,17.0210,0.3150,96.9710,1.3090,2025-01-06 10:59:59,15.0
0.6050,17.0430,0.3320,97.2150,1.3680,2025-01-06 10:59:59,15.0
0.5890,17.0590,0.6370,97.1240,1.2850,2025-01-06 10:59:59,15.0
0.5680,17.0050,0.5910,97.1610,1.3660,2025-01-06 10:59:59,15.0
0.5940,17.0750,0.4380,97.0520,1.3230,2025-01-06 10:59:59,15.0
0.5970,17.0750,0.3570,97.0220,1.3440,2025-01-06 10:59:59,15.0
0.5920,16.98,0.62,96.87,1.3560,2025-01-06 10:59:59,15.0
0.5560,16.9770,0.4170,97.0050,1.38,2025-01-06 10:59:59,15.0
0.5730,17.0270,0.4870,97.1250,1.4510,2025-01-06 10:59:59,15.0
0.5870,17.1120,0.5880,97.0740,1.4490,2025-01-06 10:59:59,15.0
0.5820,16.9330,0.4450,97.0510,1.2620,2025-01-06 10:59:59,15.0
0.5930,16.9360,0.5080,97.0390,1.42,2025-01-06 10:59:59,15.0
0.58,16.9330,0.3920,97.1990,1.3220,2025-01-06 10:59:59,15.0
0.59,16.9140,0.5570,97.4060,1.43,2025-01-06 10:59:59,15.0
0.5710,16.8990,0.7140,96.9390,1.3620,2025-01-06 10:59:59,15.0
0.6250,16.9870,0.5180,96.9980,1.58,2025-01-06 12:50:11,16.0
0.5770,16.9360,0.5710,97.1890,1.3380,2025-01-06 12:50:11,16.0
0.5950,16.9990,0.2240,96.9330,1.3740,2025-01-06 12:50:11,16.0
0.5870,16.9170,0.4760,97.0410,1.3310,2025-01-06 12:50:11,16.0
0.5860,16.8260,0.34,97.0810,1.4460,2025-01-06 12:50:11,16.0
0.6230,16.9550,0.3880,96.99,1.5130,2025-01-06 12:50:11,16.0
0.5990,16.9960,0.3920,96.91,1.4820,2025-01-06 12:50:11,16.0
0.5810,16.8230,0.4660,97.0210,1.4450,2025-01-06 12:50:11,16.0
0.5780,16.9050,0.5910,97.0840,1.3510,2025-01-06 12:50:11,16.0
0.5680,16.9330,0.4130,97.0210,1.3930,2025-01-06 12:50:11,16.0
0.5870,16.9360,0.5420,97.2030,1.4130,2025-01-06 12:50:11,16.0
0.6080,17.0090,0.7450,97.0070,1.4980,2025-01-06 12:50:11,16.0
0.5910,16.8670,0.4760,96.9360,1.44,2025-01-06 12:50:11,16.0
0.6080,17.0020,0.4520,97.0140,1.45,2025-01-06 12:50:11,16.0
0.5790,16.88,0.4730,97.12,1.4250,2025-01-06 12:50:11,16.0
0.6030,16.8950,0.5390,97.1110,1.54,2025-01-06 12:50:11,16.0
0.5870,16.8390,0.3010,97.02,1.4340,2025-01-06 12:50:11,16.0
0.60,16.99,0.6230,97.0550,1.4770,2025-01-06 12:50:11,16.0
0.6120,17.1120,0.5560,97.0520,1.5350,2025-01-06 12:50:11,16.0
0.57,16.8330,0.6890,97.0340,1.4790,2025-01-06 12:50:11,16.0
0.5820,16.9580,0.4860,96.9660,1.3930,2025-01-06 19:20:25,17.0
0.59,17.0210,0.3920,97.0720,1.3870,2025-01-06 19:20:25,17.0
0.5750,16.9080,0.42,96.9740,1.3580,2025-01-06 19:20:25,17.0
0.5940,17.0270,0.5320,96.9140,1.4680,2025-01-06 19:20:25,17.0
0.5870,16.9740,0.3920,96.8980,1.4440,2025-01-06 19:20:25,17.0
0.5890,17.1310,0.8470,96.9770,1.4230,2025-01-06 19:20:25,17.0
0.6010,17.1560,0.5460,97.16,1.5240,2025-01-06 19:20:25,17.0
0.5990,17.0840,0.5250,96.8480,1.4750,2025-01-06 19:20:25,17.0
0.5830,17.0590,0.2240,96.9520,1.4010,2025-01-06 19:20:25,17.0
0.5750,16.8860,0.5220,96.9220,1.3740,2025-01-06 19:20:25,17.0
0.6060,16.99,0.5810,96.9640,1.5540,2025-01-06 19:20:25,17.0
0.5810,16.9460,0.5740,97.0620,1.48,2025-01-06 19:20:25,17.0
0.5850,16.9960,0.4170,97.0170,1.4030,2025-01-06 19:20:25,17.0
0.6060,17.0120,0.4830,96.9660,1.5030,2025-01-06 19:20:25,17.0
0.5820,17.0020,0.5320,96.9840,1.4560,2025-01-06 19:20:25,17.0
0.6070,17.0050,0.2560,97.1090,1.5830,2025-01-06 19:20:25,17.0
0.5780,16.9460,0.6680,97.1470,1.39,2025-01-06 19:20:25,17.0
0.5480,17.0120,0.3250,96.9840,1.3070,2025-01-06 19:20:25,17.0
0.5870,17.0120,0.3850,96.9410,1.4220,2025-01-06 19:20:25,17.0
0.5840,16.9460,0.3530,97.0830,1.4310,2025-01-06 19:20:25,17.0
0.5940,17.0210,0.2630,97.1340,1.4630,2025-01-06 20:55:28,18.0
0.6080,17.1090,0.5640,97.18,1.4620,2025-01-06 20:55:28,18.0
0.5890,17.26,0.5460,96.9660,1.3740,2025-01-06 20:55:28,18.0
0.5920,17.0310,0.6750,96.9280,1.4240,2025-01-06 20:55:28,18.0
0.58,16.9270,0.6160,97.1030,1.4120,2025-01-06 20:55:28,18.0
0.5930,16.9650,0.3960,96.9850,1.4540,2025-01-06 20:55:28,18.0
0.5860,17.0310,0.4310,97.1280,1.4030,2025-01-06 20:55:28,18.0
0.60,17.0780,0.4940,97.0330,1.51,2025-01-06 20:55:28,18.0
0.5830,17.0870,0.2450,96.9540,1.3840,2025-01-06 20:55:28,18.0
0.57,17.0120,0.3290,96.9670,1.4010,2025-01-06 20:55:28,18.0
0.5960,17.10,0.6090,97.0630,1.4070,2025-01-06 20:55:28,18.0
0.5760,17.0370,0.3080,96.9670,1.3820,2025-01-06 20:55:28,18.0
0.5870,17.0340,0.6970,97.1120,1.4980,2025-01-06 20:55:28,18.0
0.5740,16.9930,0.4580,97.0430,1.3860,2025-01-06 20:55:28,18.0
0.59,17.0430,0.5110,96.9380,1.4130,2025-01-06 20:55:28,18.0
0.5870,16.9490,0.6610,97.0870,1.4460,2025-01-06 20:55:28,18.0
0.5820,17.1220,0.4650,96.88,1.4130,2025-01-06 20:55:28,18.0
0.5540,16.9390,0.5740,96.9390,1.4020,2025-01-06 20:55:28,18.0
0.5820,17.2220,0.4970,96.9440,1.3630,2025-01-06 20:55:28,18.0
0.5580,17.0150,0.4690,97.1340,1.3550,2025-01-06 20:55:28,18.0
0.5930,17.0490,0.28,96.9480,1.3920,2025-01-07 10:58:25,19.0
0.5950,16.9680,0.5290,96.9740,1.4910,2025-01-07 10:58:25,19.0
0.59,17.0620,0.4090,96.9540,1.4410,2025-01-07 10:58:25,19.0
0.5940,17.0210,0.5740,96.9670,1.5090,2025-01-07 10:58:25,19.0
0.5910,17.0150,0.6760,96.9170,1.3420,2025-01-07 10:58:25,19.0
0.5980,17.0750,0.5080,97.0170,1.3580,2025-01-07 10:58:25,19.0
0.5750,16.9650,0.5950,97.1120,1.46,2025-01-07 10:58:25,19.0
0.6020,16.99,0.5070,97.0680,1.4940,2025-01-07 10:58:25,19.0
0.6090,17.1440,0.5910,96.9470,1.4770,2025-01-07 10:58:25,19.0
0.5990,17.0490,0.6020,97.0440,1.4390,2025-01-07 10:58:25,19.0
0.5660,16.9550,0.4970,97.1750,1.5250,2025-01-07 10:58:25,19.0
0.5940,17.0590,0.4660,97.0130,1.4450,2025-01-07 10:58:25,19.0
0.5810,16.93,0.5570,97.0850,1.4160,2025-01-07 10:58:25,19.0
0.5720,16.9020,0.5560,97.0390,1.3680,2025-01-07 10:58:25,19.0
0.5730,16.8920,0.3780,97.1670,1.48,2025-01-07 10:58:25,19.0
0.60,17.0020,0.3050,96.9990,1.4410,2025-01-07 10:58:25,19.0
0.5980,17.0710,0.5770,97.0570,1.4140,2025-01-07 10:58:25,19.0
0.5750,16.8920,0.5850,97.1190,1.3370,2025-01-07 10:58:25,19.0
0.5870,17.0780,0.3110,96.9480,1.4660,2025-01-07 10:58:25,19.0
0.6020,17.0530,0.6440,96.8990,1.4650,2025-01-07 10:58:25,19.0
0.5680,17.0050,0.42,97.0250,1.5140,2025-01-07 12:53:33,20.0
0.5720,16.8260,0.4620,97.1020,1.4030,2025-01-07 12:53:33,20.0
0.5850,16.8860,0.5390,97.1930,1.3990,2025-01-07 12:53:33,20.0
0.5750,16.9490,0.2840,96.9990,1.4460,2025-01-07 12:53:33,20.0
0.5960,16.9140,0.6830,96.9970,1.4130,2025-01-07 12:53:33,20.0
0.6120,17.0050,0.4930,97.0980,1.5220,2025-01-07 12:53:33,20.0
0.5570,16.8920,0.6120,96.9040,1.3550,2025-01-07 12:53:33,20.0
0.5790,16.83,0.5420,97.0560,1.4780,2025-01-07 12:53:33,20.0
0.5910,16.9240,0.6160,96.9850,1.4880,2025-01-07 12:53:33,20.0
0.5970,17.0020,0.6090,96.9510,1.53,2025-01-07 12:53:33,20.0
0.5910,16.8890,0.5320,97.1350,1.4840,2025-01-07 12:53:33,20.0
0.5610,16.8610,0.3920,96.8060,1.3970,2025-01-07 12:53:33,20.0
0.6060,16.9650,0.3990,96.9580,1.5370,2025-01-07 12:53:33,20.0
0.6110,16.9020,0.4860,97.1320,1.5890,2025-01-07 12:53:33,20.0
0.5750,16.9610,0.3010,96.9520,1.3780,2025-01-07 12:53:33,20.0
0.5860,17.04,0.4020,96.94,1.3520,2025-01-07 12:53:33,20.0
0.6050,16.9460,0.5770,97.03,1.4920,2025-01-07 12:53:33,20.0
0.5910,16.8860,0.4870,96.9420,1.5130,2025-01-07 12:53:33,20.0
0.5970,16.9390,0.8430,96.8490,1.49,2025-01-07 12:53:33,20.0
0.5910,16.8670,0.5080,96.9720,1.4430,2025-01-07 12:53:33,20.0
0.5850,17.0150,0.6060,96.8710,1.34,2025-01-07 19:33:55,21.0
0.6010,16.9430,0.6410,97.0330,1.41,2025-01-07 19:33:55,21.0
0.5910,17.1370,0.56,97.1260,1.3240,2025-01-07 19:33:55,21.0
0.5970,17.0240,0.5460,97.0770,1.4090,2025-01-07 19:33:55,21.0
0.5650,16.8890,0.5350,97.0770,1.4380,2025-01-07 19:33:55,21.0
0.5770,16.93,0.3430,96.9310,1.3910,2025-01-07 19:33:55,21.0
0.5770,16.8830,0.5570,96.9460,1.3940,2025-01-07 19:33:55,21.0
0.5710,17.10,0.5630,96.9470,1.4220,2025-01-07 19:33:55,21.0
0.6010,16.9990,0.4830,97.0410,1.4450,2025-01-07 19:33:55,21.0
0.5860,16.9430,0.5570,96.9830,1.39,2025-01-07 19:33:55,21.0
0.59,17.0930,0.6960,96.9880,1.41,2025-01-07 19:33:55,21.0
0.60,17.0680,0.4410,97.2130,1.3950,2025-01-07 19:33:55,21.0
0.5670,16.9080,0.5320,97.0030,1.3510,2025-01-07 19:33:55,21.0
0.5780,16.9460,0.4970,97.2320,1.3570,2025-01-07 19:33:55,21.0
0.5710,16.98,0.6580,97.1480,1.3490,2025-01-07 19:33:55,21.0
0.5770,16.98,0.5670,96.9850,1.4210,2025-01-07 19:33:55,21.0
0.5970,17.0090,0.5350,97.0480,1.3940,2025-01-07 19:33:55,21.0
0.5880,17.0310,0.4620,97.1060,1.4210,2025-01-07 19:33:55,21.0
0.5710,16.9170,0.4550,97.1230,1.4230,2025-01-07 19:33:55,21.0
0.6080,16.9990,0.5320,97.0650,1.46,2025-01-07 19:33:55,21.0
0.5930,17.0460,0.4620,96.9810,1.4710,2025-01-07 20:53:57,22.0
0.5830,17.1220,0.6370,96.9870,1.4160,2025-01-07 20:53:57,22.0
0.5760,16.9770,0.6230,97.07,1.3890,2025-01-07 20:53:57,22.0
0.5990,17.0650,0.4760,97.0780,1.49,2025-01-07 20:53:57,22.0
0.5850,16.9390,0.49,96.9620,1.4330,2025-01-07 20:53:57,22.0
0.57,17.0090,0.3570,97.0050,1.49,2025-01-07 20:53:57,22.0
0.5560,17.0180,0.5530,97.0750,1.3420,2025-01-07 20:53:57,22.0
0.61,17.0310,0.7320,97.1080,1.3740,2025-01-07 20:53:57,22.0
0.5910,17.0240,0.3330,97.0150,1.46,2025-01-07 20:53:57,22.0
0.5660,17.0560,0.3570,96.8740,1.3130,2025-01-07 20:53:57,22.0
0.5780,17.0340,0.5250,97.0680,1.4690,2025-01-07 20:53:57,22.0
0.5770,17.0750,0.4270,97.0220,1.2790,2025-01-07 20:53:57,22.0
0.5850,17.0270,0.6890,97.1810,1.4480,2025-01-07 20:53:57,22.0
0.5810,17.1780,0.6230,97.1030,1.4460,2025-01-07 20:53:57,22.0
0.5650,16.8950,0.5910,97.0770,1.5010,2025-01-07 20:53:57,22.0
0.5730,17.0680,0.4730,96.9360,1.3070,2025-01-07 20:53:57,22.0
0.5860,17.0020,0.3960,96.9530,1.4210,2025-01-07 20:53:57,22.0
0.5990,17.0750,0.50,97.0450,1.3590,2025-01-07 20:53:57,22.0
0.5980,17.1060,0.5810,97.0130,1.4310,2025-01-07 20:53:57,22.0
0.5830,16.9990,0.5710,96.9530,1.5040,2025-01-07 20:53:57,22.0
0.5670,16.8580,0.5180,97.0550,1.3680,2025-01-08 11:12:03,23.0
0.6120,17.0340,0.6020,97.0290,1.5490,2025-01-08 11:12:03,23.0
0.5750,17.0180,0.2660,97.0030,1.3910,2025-01-08 11:12:03,23.0
0.5960,16.9520,0.5880,97.0820,1.5410,2025-01-08 11:12:03,23.0
0.5820,16.9020,0.4730,97.01,1.3970,2025-01-08 11:12:03,23.0
0.5990,16.9330,0.5150,97.05,1.4520,2025-01-08 11:12:03,23.0
0.6130,16.9680,0.6160,96.9230,1.6010,2025-01-08 11:12:03,23.0
0.57,16.87,0.5430,97.0070,1.4060,2025-01-08 11:12:03,23.0
0.5990,16.9710,0.6120,97.0210,1.3660,2025-01-08 11:12:03,23.0
0.5940,16.9830,0.5560,97.0640,1.5170,2025-01-08 11:12:03,23.0
0.58,16.83,0.4130,97.1240,1.3870,2025-01-08 11:12:03,23.0
0.5830,16.9990,0.5910,96.9430,1.4760,2025-01-08 11:12:03,23.0
0.5950,16.9080,0.3670,97.14,1.4170,2025-01-08 11:12:03,23.0
0.5930,16.93,0.6330,97.1070,1.4420,2025-01-08 11:12:03,23.0
0.5710,16.8950,0.3570,96.9450,1.4820,2025-01-08 11:12:03,23.0
0.5740,16.9140,0.6330,97.1210,1.3390,2025-01-08 11:12:03,23.0
0.59,16.9740,0.5910,96.9730,1.3990,2025-01-08 11:12:03,23.0
0.5740,16.9710,0.6650,97.0880,1.4060,2025-01-08 11:12:03,23.0
0.5740,16.9110,0.5910,97.2250,1.2860,2025-01-08 11:12:03,23.0
0.5950,17.04,0.5320,96.8720,1.4350,2025-01-08 11:12:03,23.0
0.6010,17.0270,0.4830,97.1230,1.4180,2025-01-08 12:57:09,24.0
0.5810,16.8510,0.5390,97.1020,1.3590,2025-01-08 12:57:09,24.0
0.5690,16.8890,0.4650,97.0590,1.4490,2025-01-08 12:57:09,24.0
0.5790,16.7920,0.4480,97.0530,1.4030,2025-01-08 12:57:09,24.0
0.5820,16.9360,0.5250,97.0810,1.4130,2025-01-08 12:57:09,24.0
0.5540,16.9360,0.5810,97.37,1.3780,2025-01-08 12:57:09,24.0
0.6060,16.8860,0.5640,96.9610,1.5230,2025-01-08 12:57:09,24.0
0.6050,16.9050,0.4970,97.0010,1.4480,2025-01-08 12:57:09,24.0
0.5830,16.8420,0.4730,97.2290,1.3690,2025-01-08 12:57:09,24.0
0.60,16.9390,0.4130,97.0040,1.4120,2025-01-08 12:57:09,24.0
0.5830,16.9770,0.34,97.02,1.4570,2025-01-08 12:57:09,24.0
0.5840,16.9140,0.5460,96.9830,1.4350,2025-01-08 12:57:09,24.0
0.5890,16.9580,0.4580,97.2250,1.3710,2025-01-08 12:57:09,24.0
0.5670,16.8450,0.6160,96.9450,1.4580,2025-01-08 12:57:09,24.0
0.5850,16.7790,0.6440,96.9930,1.4050,2025-01-08 12:57:09,24.0
0.6010,17.0650,0.6270,96.9790,1.4630,2025-01-08 12:57:09,24.0
0.5750,16.8770,0.5110,97.75,1.3680,2025-01-08 12:57:09,24.0
0.58,16.9650,0.5390,97.0130,1.4740,2025-01-08 12:57:09,24.0
0.5980,16.9520,0.5810,97.0670,1.4090,2025-01-08 12:57:09,24.0
0.58,16.9020,0.4060,96.99,1.3910,2025-01-08 12:57:09,24.0
0.5720,16.9430,0.4730,97,1.3350,2025-01-08 18:57:29,25.0
0.5770,16.9830,0.56,96.9390,1.4350,2025-01-08 18:57:29,25.0
0.5860,17.0310,0.5320,97.0610,1.3910,2025-01-08 18:57:29,25.0
0.5570,16.9430,0.35,96.9550,1.3530,2025-01-08 18:57:29,25.0
0.5920,16.9960,0.3850,97.20,1.5330,2025-01-08 18:57:29,25.0
0.5840,16.9210,0.5710,97.2230,1.4450,2025-01-08 18:57:29,25.0
0.5730,16.9330,0.4760,97.0170,1.3960,2025-01-08 18:57:29,25.0
0.5870,16.8990,0.35,96.9810,1.4960,2025-01-08 18:57:29,25.0
0.5870,16.9020,0.3050,97.0350,1.4070,2025-01-08 18:57:29,25.0
0.5990,17.0710,0.4620,97.0330,1.4080,2025-01-08 18:57:29,25.0
0.5980,17.0180,0.2770,97.1760,1.4720,2025-01-08 18:57:29,25.0
0.5750,16.9330,0.5810,97.0440,1.4060,2025-01-08 18:57:29,25.0
0.5890,17.0680,0.4480,97.0180,1.4470,2025-01-08 18:57:29,25.0
0.57,17.15,0.5980,96.9790,1.3040,2025-01-08 18:57:29,25.0
0.5820,16.8450,0.4860,97.1130,1.4760,2025-01-08 18:57:29,25.0
0.5870,16.9490,0.4230,97.0670,1.3870,2025-01-08 18:57:29,25.0
0.5830,17.1150,0.4480,96.8280,1.4210,2025-01-08 18:57:29,25.0
0.6080,17.0050,0.5530,97.1330,1.4680,2025-01-08 18:57:29,25.0
0.5770,16.9360,0.4830,97.0320,1.4280,2025-01-08 18:57:29,25.0
0.57,16.9580,0.6480,96.8810,1.3470,2025-01-08 18:57:29,25.0
0.5810,16.9650,0.4380,96.9780,1.4040,2025-01-08 20:57:32,26.0
0.5990,16.9650,0.3540,97.0480,1.4160,2025-01-08 20:57:32,26.0
0.58,17.0530,0.5490,97.0010,1.3910,2025-01-08 20:57:32,26.0
0.57,16.9610,0.7140,97.0870,1.4340,2025-01-08 20:57:32,26.0
0.6070,17.0870,0.5910,97.2990,1.4580,2025-01-08 20:57:32,26.0
0.5660,17.1150,0.6620,97.0330,1.40,2025-01-08 20:57:32,26.0
0.5780,17.0340,0.6930,97.0420,1.4430,2025-01-08 20:57:32,26.0
0.5960,17.0490,0.5910,97.0580,1.4180,2025-01-08 20:57:32,26.0
0.5840,17.0310,0.6650,97.0870,1.4210,2025-01-08 20:57:32,26.0
0.5710,16.9240,0.5670,97.2160,1.3330,2025-01-08 20:57:32,26.0
0.5850,17.0240,0.49,97.0540,1.3850,2025-01-08 20:57:32,26.0
0.5820,17.0020,0.3180,96.9230,1.4090,2025-01-08 20:57:32,26.0
0.5870,17.0240,0.5840,97.1410,1.4070,2025-01-08 20:57:32,26.0
0.5740,16.9870,0.4970,97.0950,1.4010,2025-01-08 20:57:32,26.0
0.5770,17.0370,0.5080,97.0350,1.4430,2025-01-08 20:57:32,26.0
0.58,16.9710,0.4170,97.1040,1.4750,2025-01-08 20:57:32,26.0
0.57,16.9830,0.8470,97.1250,1.4380,2025-01-08 20:57:32,26.0
0.5830,16.9930,0.5710,96.9680,1.4080,2025-01-08 20:57:32,26.0
0.5860,17.09,0.6720,97.12,1.3730,2025-01-08 20:57:32,26.0
0.6160,17.1220,0.2690,97.0770,1.2880,2025-01-08 20:57:32,26.0
0.5780,16.9140,0.5530,96.9530,1.4370,2025-01-09 11:30:09,27.0
0.5750,16.7670,0.6890,97.0160,1.3990,2025-01-09 11:30:09,27.0
0.5730,16.87,0.4440,97.0850,1.4160,2025-01-09 11:30:09,27.0
0.5990,16.8260,0.3990,97.04,1.5040,2025-01-09 11:30:09,27.0
0.6010,16.9020,0.5080,97.12,1.5290,2025-01-09 11:30:09,27.0
0.5730,16.9270,0.4030,97.1780,1.4030,2025-01-09 11:30:09,27.0
0.5680,16.8830,0.5420,97.0520,1.3720,2025-01-09 11:30:09,27.0
0.5770,16.8230,0.5420,97.1720,1.4540,2025-01-09 11:30:09,27.0
0.5770,16.8770,0.4410,96.9070,1.5430,2025-01-09 11:30:09,27.0
0.5830,16.7670,0.5250,97.0710,1.45,2025-01-09 11:30:09,27.0
0.59,16.8080,0.5110,97.0340,1.4590,2025-01-09 11:30:09,27.0
0.5970,16.9960,0.6580,96.9540,1.4230,2025-01-09 11:30:09,27.0
0.5750,16.7980,0.41,97.2910,1.4560,2025-01-09 11:30:09,27.0
0.5920,16.8610,0.3570,97.0470,1.4960,2025-01-09 11:30:09,27.0
0.5810,16.8330,0.49,96.8580,1.5340,2025-01-09 11:30:09,27.0
0.5550,16.9240,0.5290,97.0150,1.3410,2025-01-09 11:30:09,27.0
0.5950,16.9830,0.5290,96.8980,1.4450,2025-01-09 11:30:09,27.0
0.5780,16.7380,0.5320,96.9440,1.4470,2025-01-09 11:30:09,27.0
0.5860,16.8640,0.5290,97.0480,1.3540,2025-01-09 11:30:09,27.0
0.5870,16.9080,0.4410,96.8750,1.4780,2025-01-09 11:30:09,27.0
0.57,16.9210,0.3470,96.9450,1.3630,2025-01-09 12:50:13,28.0
0.58,16.9580,0.5570,97.0050,1.4280,2025-01-09 12:50:13,28.0
0.5930,17.1060,0.4970,96.9510,1.4070,2025-01-09 12:50:13,28.0
0.5830,16.88,0.5290,97.0620,1.4090,2025-01-09 12:50:13,28.0
0.59,16.8730,0.5740,97.2230,1.42,2025-01-09 12:50:13,28.0
0.5850,17.0710,0.4730,96.9380,1.4310,2025-01-09 12:50:13,28.0
0.6030,16.9080,0.4340,97.0190,1.4830,2025-01-09 12:50:13,28.0
0.6010,16.8830,0.4340,97.0340,1.4660,2025-01-09 12:50:13,28.0
0.5930,16.9490,0.3750,97.0550,1.3540,2025-01-09 12:50:13,28.0
0.5970,16.9430,0.5850,96.9650,1.4610,2025-01-09 12:50:13,28.0
0.6060,16.9960,0.5250,97.1580,1.4490,2025-01-09 12:50:13,28.0
0.5710,16.7730,0.5420,97.0930,1.3980,2025-01-09 12:50:13,28.0
0.6020,16.9490,0.4130,97.23,1.4880,2025-01-09 12:50:13,28.0
0.5850,16.9550,0.4970,97.0280,1.3750,2025-01-09 12:50:13,28.0
0.5720,16.8360,0.3360,97.0510,1.4450,2025-01-09 12:50:13,28.0
0.5560,16.88,0.5250,97.0420,1.3350,2025-01-09 12:50:13,28.0
0.5840,17.0930,0.3640,96.9240,1.4090,2025-01-09 12:50:13,28.0
0.5830,16.88,0.63,97.0310,1.45,2025-01-09 12:50:13,28.0
0.60,16.9610,0.5080,97.0650,1.4120,2025-01-09 12:50:13,28.0
0.5690,16.8890,0.3960,97.0320,1.4140,2025-01-09 12:50:13,28.0
0.5930,16.9870,0.5880,97.1770,1.38,2025-01-09 19:10:28,29.0
0.6050,17.0840,0.6550,96.9070,1.4650,2025-01-09 19:10:28,29.0
0.5750,17.0840,0.6650,97.0290,1.37,2025-01-09 19:10:28,29.0
0.5790,16.9110,0.4940,96.8580,1.4210,2025-01-09 19:10:28,29.0
0.5850,17.0840,0.4650,97.06,1.3830,2025-01-09 19:10:28,29.0
0.5570,16.8670,0.5850,97.1280,1.3290,2025-01-09 19:10:28,29.0
0.5750,17.04,0.5180,97.1020,1.3150,2025-01-09 19:10:28,29.0
0.5740,16.9930,0.5640,97.06,1.3860,2025-01-09 19:10:28,29.0
0.5820,16.9650,0.6190,96.9710,1.3770,2025-01-09 19:10:28,29.0
0.6050,16.9870,0.6650,96.9770,1.4020,2025-01-09 19:10:28,29.0
0.5980,17.09,0.6160,97.16,1.4420,2025-01-09 19:10:28,29.0
0.5930,17.0930,0.5640,96.9680,1.4260,2025-01-09 19:10:28,29.0
0.5590,17.0240,0.6370,97.08,1.32,2025-01-09 19:10:28,29.0
0.5790,17.1220,0.35,97.1990,1.3530,2025-01-09 19:10:28,29.0
0.5710,17.0270,0.5210,97.1040,1.3650,2025-01-09 19:10:28,29.0
0.5840,16.9080,0.5110,96.9240,1.4370,2025-01-09 19:10:28,29.0
0.5960,17.0560,0.5320,96.8960,1.4080,2025-01-09 19:10:28,29.0
0.5850,17.0620,0.4550,97.0790,1.4430,2025-01-09 19:10:28,29.0
0.5680,16.9050,0.5280,97.0760,1.4260,2025-01-09 19:10:28,29.0
0.5880,16.9710,0.4620,96.9580,1.5270,2025-01-09 19:10:28,29.0
0.5840,16.9240,0.5670,96.9670,1.3660,2025-01-09 21:00:31,30.0
0.6020,17.0650,0.6680,96.9380,1.3950,2025-01-09 21:00:31,30.0
0.5620,16.9520,0.5290,97.0410,1.3650,2025-01-09 21:00:31,30.0
0.5690,16.9080,0.4060,97.0260,1.3810,2025-01-09 21:00:31,30.0
0.5760,16.9680,0.55,96.90,1.4070,2025-01-09 21:00:31,30.0
0.5990,16.9270,0.5080,96.9820,1.4080,2025-01-09 21:00:31,30.0
0.5720,16.9870,0.4440,97.4020,1.3580,2025-01-09 21:00:31,30.0
0.5830,16.9330,0.5430,96.9550,1.4220,2025-01-09 21:00:31,30.0
0.6190,16.9930,0.4550,97.0960,1.5630,2025-01-09 21:00:31,30.0
0.5950,16.9390,0.4650,97.1570,1.4380,2025-01-09 21:00:31,30.0
0.5730,16.8510,0.6960,96.9390,1.41,2025-01-09 21:00:31,30.0
0.5940,16.8140,0.5810,96.9570,1.3960,2025-01-09 21:00:31,30.0
0.5760,17.0020,0.4860,97.2140,1.3930,2025-01-09 21:00:31,30.0
0.5960,16.82,0.5080,96.8520,1.4680,2025-01-09 21:00:31,30.0
0.6010,16.9140,0.3610,97.0880,1.5290,2025-01-09 21:00:31,30.0
0.5910,16.9650,0.2870,96.8990,1.4730,2025-01-09 21:00:31,30.0
0.5940,17.0680,0.5530,97.0950,1.4710,2025-01-09 21:00:31,30.0
0.5690,16.8860,0.5010,96.9630,1.3780,2025-01-09 21:00:31,30.0
0.6040,17.1220,0.43,96.9280,1.4380,2025-01-09 21:00:31,30.0
0.5690,16.8730,0.1720,97.0020,1.3740,2025-01-09 21:00:31,30.0
0.5760,16.9520,0.5850,96.9420,1.4690,2025-01-10 10:57:42,31.0
0.5930,16.8140,0.3460,97.0430,1.4270,2025-01-10 10:57:42,31.0
0.5950,16.9080,0.4030,96.9360,1.4710,2025-01-10 10:57:42,31.0
0.59,16.8230,0.2840,97.06,1.5070,2025-01-10 10:57:42,31.0
0.6060,16.9210,0.3080,97.0530,1.5070,2025-01-10 10:57:42,31.0
0.5720,16.8920,0.5150,97.0010,1.3280,2025-01-10 10:57:42,31.0
0.6070,17.0650,0.5880,97.02,1.4610,2025-01-10 10:57:42,31.0
0.6070,17.0490,0.5560,96.8650,1.4440,2025-01-10 10:57:42,31.0
0.5690,16.8830,0.6230,96.9850,1.3860,2025-01-10 10:57:42,31.0
0.5840,16.8890,0.4440,96.9160,1.4910,2025-01-10 10:57:42,31.0
0.5890,16.8580,0.5010,97.0380,0.0190,2025-01-10 10:57:42,31.0
0.5680,16.87,0.3850,96.9250,1.4050,2025-01-10 10:57:42,31.0
0.5940,16.88,0.4970,96.89,1.4390,2025-01-10 10:57:42,31.0
0.5810,16.8890,0.50,96.9430,1.4640,2025-01-10 10:57:42,31.0
0.5740,16.9460,0.4970,96.9470,1.4210,2025-01-10 10:57:42,31.0
0.5830,16.9650,0.5770,96.8990,1.4230,2025-01-10 10:57:42,31.0
0.5860,16.8990,0.3960,97.0860,1.4850,2025-01-10 10:57:42,31.0
0.5850,16.9770,0.5420,96.8460,1.4350,2025-01-10 10:57:42,31.0
0.5810,16.9870,0.4730,97.0380,1.4520,2025-01-10 10:57:42,31.0
0.5770,16.9360,0.4410,96.9860,1.33,2025-01-10 10:57:42,31.0
0.5880,16.9240,0.50,97.02,1.4510,2025-01-10 12:52:45,32.0
0.5870,16.9930,0.3920,97.0530,1.3820,2025-01-10 12:52:45,32.0
0.5910,17.1150,0.5070,96.9160,1.4450,2025-01-10 12:52:45,32.0
0.6170,17.1850,0.3010,97.1950,1.5030,2025-01-10 12:52:45,32.0
0.5990,16.9270,0.3670,96.9330,1.4690,2025-01-10 12:52:45,32.0
0.5610,16.9550,0.5150,97.1050,1.3290,2025-01-10 12:52:45,32.0
0.5630,16.8770,0.3810,96.8980,1.3620,2025-01-10 12:52:45,32.0
0.58,16.93,0.4340,97.0320,1.3960,2025-01-10 12:52:45,32.0
0.5720,16.8580,0.2980,97.09,1.3270,2025-01-10 12:52:45,32.0
0.5510,16.9080,0.4620,97.0420,1.2270,2025-01-10 12:52:45,32.0
0.5880,16.93,0.29,96.9790,1.4070,2025-01-10 12:52:45,32.0
0.5890,16.9110,0.50,97.0540,1.4830,2025-01-10 12:52:45,32.0
0.5720,17.0340,0.6060,97.03,1.4680,2025-01-10 12:52:45,32.0
0.5950,16.9490,0.4340,97.21,1.5040,2025-01-10 12:52:45,32.0
0.6020,17.2760,0.3990,97.0680,1.4580,2025-01-10 12:52:45,32.0
0.5670,16.9270,0.4130,97.0620,1.3610,2025-01-10 12:52:45,32.0
0.5780,16.8580,0.4310,97.0070,1.3560,2025-01-10 12:52:45,32.0
0.59,16.9080,0.3710,97.1120,1.3550,2025-01-10 12:52:45,32.0
0.59,16.9930,0.6190,97.0210,1.3460,2025-01-10 12:52:45,32.0
0.5960,16.8330,0.5320,96.9890,1.4380,2025-01-10 12:52:45,32.0
0.61,16.99,0.5430,97.0470,1.5220,2025-01-10 18:47:52,33.0
0.5860,17.2220,0.2420,97.0720,1.3720,2025-01-10 18:47:52,33.0
0.5760,16.9330,0.6120,97.1630,1.3080,2025-01-10 18:47:52,33.0
0.6020,17.0180,0.5530,97.0210,1.5090,2025-01-10 18:47:52,33.0
0.5990,17.0840,0.5980,96.9530,1.3990,2025-01-10 18:47:52,33.0
0.5790,17.1190,0.5220,97.1110,1.42,2025-01-10 18:47:52,33.0
0.5870,16.9680,0.5110,97.2220,1.4840,2025-01-10 18:47:52,33.0
0.5710,17.0210,0.4480,97.0770,1.3280,2025-01-10 18:47:52,33.0
0.5830,17.1030,0.4090,97.0560,1.3590,2025-01-10 18:47:52,33.0
0.5870,16.9240,0.4270,97.1020,1.4630,2025-01-10 18:47:52,33.0
0.5770,16.9580,0.4970,96.9670,1.46,2025-01-10 18:47:52,33.0
0.5720,17.1880,0.6090,97.1190,1.3040,2025-01-10 18:47:52,33.0
0.5870,17.1090,0.4860,97.0120,1.4790,2025-01-10 18:47:52,33.0
0.5970,16.9990,0.7420,96.9540,1.5230,2025-01-10 18:47:52,33.0
0.6090,17.1560,0.3990,96.9480,1.4440,2025-01-10 18:47:52,33.0
0.59,17.0780,0.5430,97.2130,1.3950,2025-01-10 18:47:52,33.0
0.5630,16.98,0.6860,97.1150,1.3770,2025-01-10 18:47:52,33.0
0.5790,17.0680,0.4090,96.9070,1.4020,2025-01-10 18:47:52,33.0
0.5990,17.0650,0.5840,97.0340,1.47,2025-01-10 18:47:52,33.0
0.5840,17.09,0.3540,97.1060,1.3450,2025-01-10 18:47:52,33.0
0.5920,17.0090,0.4930,96.9740,1.4340,2025-01-10 21:02:57,34.0
0.5920,17.0590,0.5810,97.1680,1.4320,2025-01-10 21:02:57,34.0
0.5860,17.0270,0.49,96.9570,1.3640,2025-01-10 21:02:57,34.0
0.5740,16.9930,0.4730,97.0580,1.3720,2025-01-10 21:02:57,34.0
0.5970,16.9990,0.5560,96.9340,1.5160,2025-01-10 21:02:57,34.0
0.5820,17.20,0.5070,97.1560,1.4160,2025-01-10 21:02:57,34.0
0.5740,17.0620,0.5040,97.1080,1.3410,2025-01-10 21:02:57,34.0
0.5730,17.0310,0.2660,96.9820,1.3610,2025-01-10 21:02:57,34.0
0.5730,16.9460,0.3050,97.0980,1.4610,2025-01-10 21:02:57,34.0
0.6090,17.1150,0.4730,96.9910,1.4390,2025-01-10 21:02:57,34.0
0.5650,17.2130,0.7450,97.0220,1.2540,2025-01-10 21:02:57,34.0
0.5840,17.1220,0.6440,96.9010,1.4120,2025-01-10 21:02:57,34.0
0.5770,17.0090,0.7180,97.0740,1.3310,2025-01-10 21:02:57,34.0
0.57,17.0780,0.4170,97.0580,1.4790,2025-01-10 21:02:57,34.0
0.5790,17.0020,0.4690,96.9810,1.3940,2025-01-10 21:02:57,34.0
0.5760,16.9390,0.5530,96.9210,1.4210,2025-01-10 21:02:57,34.0
0.5890,16.9080,0.5320,97.0810,1.3450,2025-01-10 21:02:57,34.0
0.5670,16.9650,0.5250,96.9140,1.4080,2025-01-10 21:02:57,34.0
0.6010,17.0150,0.6680,96.99,1.4350,2025-01-10 21:02:57,34.0
0.6010,17.1150,0.4550,96.98,1.4350,2025-01-10 21:02:57,34.0
0.5990,17.0210,0.3430,96.9030,1.4150,2025-01-11 11:42:03,35.0
0.5930,16.99,0.50,97.4980,1.1350,2025-01-11 11:42:03,35.0
0.5970,17.04,0.5460,96.8720,1.4650,2025-01-11 11:42:03,35.0
0.5820,16.9080,0.5040,96.95,1.3840,2025-01-11 11:42:03,35.0
0.5720,16.8950,0.3430,96.9530,1.4610,2025-01-11 11:42:03,35.0
0.60,16.9740,0.4790,97.0270,1.4170,2025-01-11 11:42:03,35.0
0.58,16.9580,0.6610,97.1710,1.3830,2025-01-11 11:42:03,35.0
0.57,16.9140,0.4870,97.0630,1.4330,2025-01-11 11:42:03,35.0
0.5940,17.0310,0.5770,96.8990,1.4250,2025-01-11 11:42:03,35.0
0.59,16.9990,0.2350,97.1990,1.3740,2025-01-11 11:42:03,35.0
0.5740,17.04,0.5390,96.81,1.4340,2025-01-11 11:42:03,35.0
0.5950,17.1470,0.5710,96.8950,1.4430,2025-01-11 11:42:03,35.0
0.5830,16.8830,0.5080,96.9490,1.3880,2025-01-11 11:42:03,35.0
0.6130,16.99,0.3640,96.9420,1.5290,2025-01-11 11:42:03,35.0
0.5880,16.9390,0.4620,97.0080,1.4060,2025-01-11 11:42:03,35.0
0.5990,16.9520,0.5420,97.1150,1.4750,2025-01-11 11:42:03,35.0
0.6040,16.98,0.2940,97.0150,1.5940,2025-01-11 11:42:03,35.0
0.5870,16.9360,0.42,97.0960,1.4990,2025-01-11 11:42:03,35.0
0.5820,17.04,0.4940,97.13,1.3560,2025-01-11 11:42:03,35.0
0.5760,16.9830,0.3780,96.9370,1.4040,2025-01-11 11:42:03,35.0
0.5930,17.0560,0.4970,97.0790,1.4920,2025-01-11 11:52:04,36.0
0.5890,17.0150,0.4520,97.0330,1.4960,2025-01-11 11:52:04,36.0
0.57,16.98,0.4060,97.1040,1.3320,2025-01-11 11:52:04,36.0
0.5870,17.0090,0.4690,97.1020,1.4590,2025-01-11 11:52:04,36.0
0.5690,16.9240,0.5950,97.0250,1.4110,2025-01-11 11:52:04,36.0
0.5810,16.9460,0.5430,97.1350,1.45,2025-01-11 11:52:04,36.0
0.5750,16.9650,0.5210,96.9960,1.4140,2025-01-11 11:52:04,36.0
0.5920,16.9870,0.5670,97.0320,1.3910,2025-01-11 11:52:04,36.0
0.5770,16.9770,0.5640,96.9370,1.4150,2025-01-11 11:52:04,36.0
0.5750,16.9770,0.3780,97.1230,1.4270,2025-01-11 11:52:04,36.0
0.5620,16.87,0.5710,97.09,1.4080,2025-01-11 11:52:04,36.0
0.5910,16.9360,0.4860,96.9750,1.4790,2025-01-11 11:52:04,36.0
0.5850,16.9170,0.3850,97.1630,1.4860,2025-01-11 11:52:04,36.0
0.5780,16.88,0.3110,96.9180,1.4740,2025-01-11 11:52:04,36.0
0.5650,16.9490,0.3920,96.8840,1.3720,2025-01-11 11:52:04,36.0
0.5620,16.9360,0.6650,96.8570,1.4120,2025-01-11 11:52:04,36.0
0.5790,16.8890,0.49,97.0480,1.3580,2025-01-11 11:52:04,36.0
0.5950,16.9610,0.7450,97.1710,1.4990,2025-01-11 11:52:04,36.0
0.5950,17.0620,0.5180,96.9550,1.45,2025-01-11 11:52:04,36.0
0.5890,16.8890,0.4480,96.9830,1.5010,2025-01-11 11:52:04,36.0
0.5920,16.9990,0.4650,96.9170,1.4650,2025-01-11 18:37:08,37.0
0.5830,16.8730,0.3250,97.0860,1.4610,2025-01-11 18:37:08,37.0
0.5780,16.7950,0.3810,97.0230,1.4610,2025-01-11 18:37:08,37.0
0.5750,16.8550,0.4230,97.0430,1.3480,2025-01-11 18:37:08,37.0
0.5880,17.0620,0.4580,97.1550,1.4950,2025-01-11 18:37:08,37.0
0.5760,16.9710,0.4940,97.1460,1.4040,2025-01-11 18:37:08,37.0
0.6010,16.9870,0.4270,97.2860,1.4280,2025-01-11 18:37:08,37.0
0.5610,16.8010,0.4440,97.0480,1.5090,2025-01-11 18:37:08,37.0
0.5850,16.8830,0.5460,97.06,1.5010,2025-01-11 18:37:08,37.0
0.60,17.0270,0.6230,96.7920,1.5150,2025-01-11 18:37:08,37.0
0.59,16.8390,0.5490,96.8970,1.4480,2025-01-11 18:37:08,37.0
0.59,17.04,0.6680,96.9620,1.44,2025-01-11 18:37:08,37.0
0.5750,17.0340,0.5850,97.0480,1.3980,2025-01-11 18:37:08,37.0
0.5960,16.87,0.6060,96.8390,1.5570,2025-01-11 18:37:08,37.0
0.6050,16.8080,0.4760,97.1130,1.5540,2025-01-11 18:37:08,37.0
0.57,16.82,0.4550,96.9640,1.4510,2025-01-11 18:37:08,37.0
0.5720,16.9080,0.5080,96.9840,1.4280,2025-01-11 18:37:08,37.0
0.6070,16.9740,0.4940,97.1070,1.5270,2025-01-11 18:37:08,37.0
0.5570,16.8420,0.3190,97.0510,1.37,2025-01-11 18:37:08,37.0
0.5940,16.8770,0.5670,97.2080,1.4140,2025-01-11 18:37:08,37.0
0.6010,16.8510,0.5150,97.1520,1.5690,2025-01-11 18:42:09,38.0
0.5850,16.93,0.4620,96.9610,0.0160,2025-01-11 18:42:09,38.0
0.5830,16.8420,0.5980,96.9550,1.3960,2025-01-11 18:42:09,38.0
0.5890,16.8510,0.6580,97.0270,1.52,2025-01-11 18:42:09,38.0
0.5820,16.9020,0.6890,96.9840,1.4590,2025-01-11 18:42:09,38.0
0.5770,16.8260,0.4650,97.0710,1.4140,2025-01-11 18:42:09,38.0
0.5720,16.7950,0.5530,96.9110,1.4790,2025-01-11 18:42:09,38.0
0.6030,16.8610,0.4620,96.92,1.4720,2025-01-11 18:42:09,38.0
0.6070,16.8080,0.4730,97.02,1.5510,2025-01-11 18:42:09,38.0
0.5640,16.9550,0.5530,97.0120,1.4150,2025-01-11 18:42:09,38.0
0.5830,16.8390,0.2420,96.9580,1.49,2025-01-11 18:42:09,38.0
0.6080,16.98,0.5780,97.0390,1.5070,2025-01-11 18:42:09,38.0
0.5620,16.7860,0.2840,97.0610,1.4490,2025-01-11 18:42:09,38.0
0.5820,16.7540,0.56,96.9040,1.5050,2025-01-11 18:42:09,38.0
0.5930,16.8110,0.56,97.1450,1.4210,2025-01-11 18:42:09,38.0
0.5960,16.9050,0.4970,97.0680,1.4440,2025-01-11 18:42:09,38.0
0.58,16.8110,0.4660,97.1050,1.51,2025-01-11 18:42:09,38.0
0.5850,16.8920,0.34,96.9680,1.4070,2025-01-11 18:42:09,38.0
0.5920,17.0050,0.5530,97.1190,1.4380,2025-01-11 18:42:09,38.0
0.5980,16.8990,0.4690,97.0690,1.5830,2025-01-11 18:42:09,38.0
0.5970,16.8890,0.4790,96.9660,1.4860,2025-01-12 11:29:16,39.0
0.60,16.9960,0.41,97.1720,1.3970,2025-01-12 11:29:16,39.0
0.5910,16.8860,0.3810,96.8940,1.4220,2025-01-12 11:29:16,39.0
0.5760,17.1060,0.2030,97.2170,1.3820,2025-01-12 11:29:16,39.0
0.6020,16.9210,0.5810,96.9460,1.4710,2025-01-12 11:29:16,39.0
0.6060,17.0180,0.3890,97.2110,1.5150,2025-01-12 11:29:16,39.0
0.59,16.99,0.4550,97.0430,1.4990,2025-01-12 11:29:16,39.0
0.5960,16.9360,0.4170,97.1540,1.5240,2025-01-12 11:29:16,39.0
0.6060,17.0870,0.50,96.9850,1.5660,2025-01-12 11:29:16,39.0
0.5750,16.9140,0.5250,96.9860,1.4430,2025-01-12 11:29:16,39.0
0.5960,16.8830,0.5180,96.9840,1.4660,2025-01-12 11:29:16,39.0
0.61,17.1190,0.4620,96.9470,1.5880,2025-01-12 11:29:16,39.0
0.5780,17.0240,0.5290,96.9540,1.44,2025-01-12 11:29:16,39.0
0.5890,17.0430,0.21,96.9760,1.5230,2025-01-12 11:29:16,39.0
0.5990,16.9050,0.5390,97.1190,1.5520,2025-01-12 11:29:16,39.0
0.5960,17.1310,0.5390,97.0210,1.4630,2025-01-12 11:29:16,39.0
0.5990,16.9580,0.6510,97.0770,1.5480,2025-01-12 11:29:16,39.0
0.5980,17.0530,0.4230,97.0740,1.4450,2025-01-12 11:29:16,39.0
0.5910,17.0780,0.5780,96.8870,1.4860,2025-01-12 11:29:16,39.0
0.59,16.9650,0.4620,97.0790,1.4360,2025-01-12 11:29:16,39.0
0.57,17.0180,0.3150,96.9890,1.4170,2025-01-12 13:29:26,40.0
0.5570,16.8730,0.49,96.9960,1.3340,2025-01-12 13:29:26,40.0
0.5780,16.88,0.4690,97.1010,1.41,2025-01-12 13:29:26,40.0
0.5830,16.8990,0.3810,97.1390,1.3640,2025-01-12 13:29:26,40.0
0.6010,16.9080,0.3360,96.9010,1.4530,2025-01-12 13:29:26,40.0
0.5980,16.8770,0.5290,97.0490,1.4970,2025-01-12 13:29:26,40.0
0.5890,16.9170,0.3920,97.1530,1.2650,2025-01-12 13:29:26,40.0
0.62,17.0560,0.5080,97.0560,1.3910,2025-01-12 13:29:26,40.0
0.6090,16.9580,0.4690,96.9340,1.5540,2025-01-12 13:29:26,40.0
0.5690,16.9210,0.4060,97.0270,1.3810,2025-01-12 13:29:26,40.0
0.6080,17.0370,0.4970,96.9250,1.41,2025-01-12 13:29:26,40.0
0.6020,17.0840,0.6060,96.9130,1.5260,2025-01-12 13:29:26,40.0
0.5880,16.8110,0.3990,97.1210,1.4290,2025-01-12 13:29:26,40.0
0.5990,17.0530,0.4380,96.9210,1.4660,2025-01-12 13:29:26,40.0
0.5870,17.0150,0.5780,96.9750,1.4190,2025-01-12 13:29:26,40.0
0.6030,16.9140,0.5350,97.0460,1.5340,2025-01-12 13:29:26,40.0
0.6010,17.0270,0.5250,97.1020,1.4520,2025-01-12 13:29:26,40.0
0.5930,17.0710,0.4450,97.0170,1.2650,2025-01-12 13:29:26,40.0
0.6020,17.0490,0.5430,97.0920,1.4960,2025-01-12 13:29:26,40.0
0.5890,16.9770,0.5320,97.0060,1.5340,2025-01-12 13:29:26,40.0
0.58,17.0340,0.4380,96.9110,1.3370,2025-01-12 19:24:39,41.0
0.5840,17.0430,0.4970,97.2760,1.40,2025-01-12 19:24:39,41.0
0.6010,16.9610,0.4620,97.0720,1.5050,2025-01-12 19:24:39,41.0
0.5880,17.0150,0.4790,96.9880,1.4450,2025-01-12 19:24:39,41.0
0.59,17.0210,0.6620,96.8430,1.4250,2025-01-12 19:24:39,41.0
0.5850,17.0020,0.5350,97.1370,1.4380,2025-01-12 19:24:39,41.0
0.5760,16.9870,0.3250,97.0840,1.4030,2025-01-12 19:24:39,41.0
0.5740,16.8730,0.42,97.0810,1.4360,2025-01-12 19:24:39,41.0
0.5910,16.9360,0.4970,96.9660,1.4130,2025-01-12 19:24:39,41.0
0.57,16.8670,0.4410,97.0390,1.3570,2025-01-12 19:24:39,41.0
0.5760,16.9360,0.3670,97.0370,1.38,2025-01-12 19:24:39,41.0
0.5760,16.9650,0.5850,97.1150,1.3830,2025-01-12 19:24:39,41.0
0.5880,16.9740,0.4450,96.9610,1.43,2025-01-12 19:24:39,41.0
0.6060,17.0270,0.5290,97.02,1.5410,2025-01-12 19:24:39,41.0
0.6170,16.9610,0.5320,97.1210,1.4810,2025-01-12 19:24:39,41.0
0.5660,16.8890,0.2870,97.09,1.2480,2025-01-12 19:24:39,41.0
0.5820,16.9610,0.49,96.9270,1.4120,2025-01-12 19:24:39,41.0
0.5840,16.9360,0.5220,97.1670,1.5050,2025-01-12 19:24:39,41.0
0.6040,17.0240,0.4480,97.0580,1.5150,2025-01-12 19:24:39,41.0
0.60,16.9930,0.5950,96.9960,1.4210,2025-01-12 19:24:39,41.0
0.5990,17.0270,0.5080,96.9810,1.5010,2025-01-12 20:49:44,42.0
0.5950,16.9990,0.3330,97.0210,1.45,2025-01-12 20:49:44,42.0
0.6020,16.99,0.4790,96.9690,1.5360,2025-01-12 20:49:44,42.0
0.6230,17.04,0.4790,97.0720,1.53,2025-01-12 20:49:44,42.0
0.5810,16.9460,0.4860,97.1830,1.4870,2025-01-12 20:49:44,42.0
0.5780,16.9610,0.7210,96.9750,1.4470,2025-01-12 20:49:44,42.0
0.5910,17.0180,0.3920,97.0450,1.5010,2025-01-12 20:49:44,42.0
0.5860,16.9430,0.4510,97.1460,1.5260,2025-01-12 20:49:44,42.0
0.5960,16.9080,0.4230,96.9940,1.4980,2025-01-12 20:49:44,42.0
0.5940,16.93,0.4550,97.0320,1.4350,2025-01-12 20:49:44,42.0
0.5780,17.0270,0.3960,97.1480,1.4860,2025-01-12 20:49:44,42.0
0.5780,16.8860,0.4690,97.0470,1.5570,2025-01-12 20:49:44,42.0
0.5820,16.9650,0.4090,97.0160,1.3920,2025-01-12 20:49:44,42.0
0.5780,16.9050,0.5150,97.0590,1.4310,2025-01-12 20:49:44,42.0
0.5880,16.9740,0.6230,96.9480,1.4730,2025-01-12 20:49:44,42.0
0.6010,16.9360,0.5010,97.05,1.5250,2025-01-12 20:49:44,42.0
0.5940,16.9330,0.3850,96.9340,1.2210,2025-01-12 20:49:44,42.0
0.5930,16.87,0.49,97.0710,1.5280,2025-01-12 20:49:44,42.0
0.5920,16.9020,0.5290,96.9740,1.5130,2025-01-12 20:49:44,42.0
0.5710,16.8730,0.3010,96.9890,1.4490,2025-01-12 20:49:44,42.0
0.5980,17.1060,0.5250,97.0440,1.40,2025-01-13 11:11:40,43.0
0.5910,16.9490,0.5570,96.8780,1.6090,2025-01-13 11:11:40,43.0
0.5930,16.8830,0.6090,97.1750,1.5210,2025-01-13 11:11:40,43.0
0.5790,16.8640,0.4520,97.1310,1.4030,2025-01-13 11:11:40,43.0
0.5890,17.0310,0.5250,97.0030,1.46,2025-01-13 11:11:40,43.0
0.5490,16.9020,0.3750,97.2180,1.3820,2025-01-13 11:11:40,43.0
0.5880,16.9460,0.56,96.7370,1.4920,2025-01-13 11:11:40,43.0
0.5880,16.9580,0.2690,97.0690,1.4380,2025-01-13 11:11:40,43.0
0.6190,17.0020,0.4480,96.9970,1.5060,2025-01-13 11:11:40,43.0
0.5550,16.8830,0.4410,97.07,1.4140,2025-01-13 11:11:40,43.0
0.5760,16.9240,0.4870,97.0760,1.4260,2025-01-13 11:11:40,43.0
0.57,16.9170,0.76,96.9970,1.4890,2025-01-13 11:11:40,43.0
0.56,16.8830,0.5110,97,1.4420,2025-01-13 11:11:40,43.0
0.5660,16.9550,0.4580,97.13,1.3830,2025-01-13 11:11:40,43.0
0.5670,16.83,0.36,97.0630,1.3440,2025-01-13 11:11:40,43.0
0.5980,16.9360,0.5850,96.9820,1.4640,2025-01-13 11:11:40,43.0
0.5850,17.0370,0.4270,96.9010,1.4940,2025-01-13 11:11:40,43.0
0.5870,16.9390,0.4310,97.0980,1.4560,2025-01-13 11:11:40,43.0
0.5710,16.98,0.2450,97.2360,1.5260,2025-01-13 11:11:40,43.0
0.5890,17.0180,0.5150,97.0410,1.4840,2025-01-13 11:11:40,43.0
0.5870,16.8390,0.4790,97.0620,1.5220,2025-01-13 12:56:46,44.0
0.5750,16.83,0.3750,97.0310,1.3230,2025-01-13 12:56:46,44.0
0.5870,16.9580,0.49,97.1750,1.26,2025-01-13 12:56:46,44.0
0.5760,16.9550,0.4790,97.0980,1.3870,2025-01-13 12:56:46,44.0
0.5780,16.9430,0.5530,96.9430,1.4080,2025-01-13 12:56:46,44.0
0.5870,16.98,0.5530,97.0610,1.4270,2025-01-13 12:56:46,44.0
0.5650,16.8890,0.5320,97.1140,1.3710,2025-01-13 12:56:46,44.0
0.5960,16.9610,0.4410,96.9760,1.5250,2025-01-13 12:56:46,44.0
0.5890,16.9210,0.5220,97.0170,1.45,2025-01-13 12:56:46,44.0
0.5970,17.0050,0.5150,97.0170,1.4740,2025-01-13 12:56:46,44.0
0.5820,16.9960,0.4310,96.8740,1.4590,2025-01-13 12:56:46,44.0
0.5710,16.8860,0.4550,97.0350,1.4860,2025-01-13 12:56:46,44.0
0.5770,16.8770,0.5040,97.0090,1.5330,2025-01-13 12:56:46,44.0
0.5780,16.9390,0.6760,97.0350,1.37,2025-01-13 12:56:46,44.0
0.5670,16.9830,0.5290,97.2640,1.2940,2025-01-13 12:56:46,44.0
0.5650,16.8770,0.4660,97.1480,1.5210,2025-01-13 12:56:46,44.0
0.5670,16.9930,0.4410,97.0420,1.4120,2025-01-13 12:56:46,44.0
0.5610,16.9650,0.3990,96.9450,1.4920,2025-01-13 12:56:46,44.0
0.5730,16.8890,0.6120,97.0340,1.4480,2025-01-13 12:56:46,44.0
0.58,17.0150,0.3890,97.0530,1.4590,2025-01-13 12:56:46,44.0
0.5770,17.0490,0.5210,96.9710,1.3610,2025-01-13 18:56:58,45.0
0.5840,17.0090,0.5850,96.9490,1.4080,2025-01-13 18:56:58,45.0
0.5710,16.9650,0.2870,97.1810,1.4310,2025-01-13 18:56:58,45.0
0.5910,16.93,0.4970,97.02,1.4810,2025-01-13 18:56:58,45.0
0.6120,16.9960,0.6790,97.0780,1.5440,2025-01-13 18:56:58,45.0
0.5850,16.98,0.6960,97.0530,1.5360,2025-01-13 18:56:58,45.0
0.5860,16.8950,0.5710,97.1130,1.5380,2025-01-13 18:56:58,45.0
0.5840,17.0150,0.3610,96.8990,1.3540,2025-01-13 18:56:58,45.0
0.5940,16.9140,0.5210,96.9970,1.4090,2025-01-13 18:56:58,45.0
0.5780,16.9650,0.6330,96.9630,1.4530,2025-01-13 18:56:58,45.0
0.5610,16.9240,0.5880,97.1730,1.3520,2025-01-13 18:56:58,45.0
0.5830,16.9140,0.3320,97.0290,1.4170,2025-01-13 18:56:58,45.0
0.5540,16.8330,0.3330,97.1460,1.3650,2025-01-13 18:56:58,45.0
0.5750,16.9770,0.4170,96.9380,1.4960,2025-01-13 18:56:58,45.0
0.6030,17.0680,0.5880,96.9740,1.4690,2025-01-13 18:56:58,45.0
0.5920,17.0310,0.3670,97.0970,1.4750,2025-01-13 18:56:58,45.0
0.5750,16.9580,0.4410,97.0730,1.3690,2025-01-13 18:56:58,45.0
0.5950,16.9770,0.5350,96.8830,1.5010,2025-01-13 18:56:58,45.0
0.5960,16.9270,0.4520,97.0360,1.5120,2025-01-13 18:56:58,45.0
0.5830,16.8920,0.5530,96.9380,1.4670,2025-01-13 18:56:58,45.0
0.5850,16.9610,0.6020,97.0040,1.52,2025-01-13 21:02:03,46.0
0.5690,17.0120,0.6970,97.02,1.4550,2025-01-13 21:02:03,46.0
0.5970,17.0120,0.4870,96.9570,1.5080,2025-01-13 21:02:03,46.0
0.5810,16.9330,0.3150,97.1230,1.5010,2025-01-13 21:02:03,46.0
0.5840,16.9770,0.6090,97.1130,1.4060,2025-01-13 21:02:03,46.0
0.60,17.2660,0.4090,97.0730,1.4890,2025-01-13 21:02:03,46.0
0.5680,17.0180,0.3960,97.0630,1.3930,2025-01-13 21:02:03,46.0
0.5960,17.0050,0.5430,97.0640,1.4930,2025-01-13 21:02:03,46.0
0.5920,16.9990,0.5070,97.1410,1.5690,2025-01-13 21:02:03,46.0
0.5670,16.93,0.56,97.18,1.4010,2025-01-13 21:02:03,46.0
0.5760,17.0490,0.5880,97.1130,1.5020,2025-01-13 21:02:03,46.0
0.6040,16.99,0.49,96.7810,1.5970,2025-01-13 21:02:03,46.0
0.56,16.9270,0.5210,97.1770,1.4990,2025-01-13 21:02:03,46.0
0.5840,16.9240,0.35,97.1350,1.5350,2025-01-13 21:02:03,46.0
0.5970,16.9990,0.4860,96.9370,1.5950,2025-01-13 21:02:03,46.0
0.5780,16.8640,0.6270,96.9730,1.5840,2025-01-13 21:02:03,46.0
0.5830,17.1090,0.41,96.9250,1.4350,2025-01-13 21:02:03,46.0
0.59,17.0150,0.5950,97.1140,1.50,2025-01-13 21:02:03,46.0
0.5890,16.8890,0.4340,97.1580,1.5440,2025-01-13 21:02:03,46.0
0.59,16.87,0.5290,97.0340,1.50,2025-01-13 21:02:03,46.0
0.5870,17.0530,0.5210,96.9820,1.3910,2025-01-14 11:19:20,47.0
0.5930,17.10,0.5290,97.0810,1.4150,2025-01-14 11:19:20,47.0
0.5830,16.9960,0.4760,96.8940,1.6010,2025-01-14 11:19:20,47.0
0.6110,17.04,0.3740,97.1490,1.4560,2025-01-14 11:19:20,47.0
0.5570,16.9520,0.4160,96.9780,1.2260,2025-01-14 11:19:20,47.0
0.5840,16.9930,0.6050,97.2710,1.3890,2025-01-14 11:19:20,47.0
0.5960,16.9870,0.5070,97.0630,1.4640,2025-01-14 11:19:20,47.0
0.5640,17.0050,0.3180,96.9370,1.4540,2025-01-14 11:19:20,47.0
0.5710,16.8730,0.42,97.02,1.4250,2025-01-14 11:19:20,47.0
0.5580,16.9430,0.4410,97.1430,1.3970,2025-01-14 11:19:20,47.0
0.5770,17.1150,0.2130,96.8660,1.4190,2025-01-14 11:19:20,47.0
0.5760,17.0090,0.3110,97.1290,1.4320,2025-01-14 11:19:20,47.0
0.58,17.0340,0.4730,96.9710,1.4460,2025-01-14 11:19:20,47.0
0.5890,16.99,0.4480,97.0940,1.4310,2025-01-14 11:19:20,47.0
0.59,16.93,0.35,97.1320,1.4350,2025-01-14 11:19:20,47.0
0.5810,17.0180,0.4690,97.1390,1.5030,2025-01-14 11:19:20,47.0
0.5830,17.0490,0.2730,97.0630,1.4270,2025-01-14 11:19:20,47.0
0.5730,16.8580,0.6130,96.9290,1.4140,2025-01-14 11:19:20,47.0
0.5970,17.0340,0.8640,96.9870,1.4130,2025-01-14 11:19:20,47.0
0.5760,16.9770,0.5670,97.0720,1.4080,2025-01-14 11:19:20,47.0
0.5860,17.0180,0.6790,97.1840,1.4810,2025-01-14 12:49:25,48.0
0.5780,16.9520,0.4060,97.25,1.4850,2025-01-14 12:49:25,48.0
0.5880,17.0530,0.4340,96.9070,1.4350,2025-01-14 12:49:25,48.0
0.5950,16.8830,0.4690,97.0530,1.4810,2025-01-14 12:49:25,48.0
0.5740,16.9650,0.6060,97.0390,1.35,2025-01-14 12:49:25,48.0
0.5840,16.9080,0.6190,97.0440,1.4820,2025-01-14 12:49:25,48.0
0.5850,17.0050,0.4940,96.9350,1.4170,2025-01-14 12:49:25,48.0
0.5630,16.9240,0.4580,97.2770,1.3950,2025-01-14 12:49:25,48.0
0.5520,17.0840,0.5390,96.97,1.4350,2025-01-14 12:49:25,48.0
0.5830,17.1470,0.2730,97.11,1.3370,2025-01-14 12:49:25,48.0
0.5670,16.9080,0.2660,97.0220,1.47,2025-01-14 12:49:25,48.0
0.5810,17.0310,0.5640,97.2010,1.40,2025-01-14 12:49:25,48.0
0.5930,17.1060,0.4450,97.0140,1.48,2025-01-14 12:49:25,48.0
0.5790,17.0120,0.5560,96.9560,1.4090,2025-01-14 12:49:25,48.0
0.5970,17.0430,0.6540,97.05,1.3870,2025-01-14 12:49:25,48.0
0.5680,17.0780,0.3710,97.2030,1.3860,2025-01-14 12:49:25,48.0
0.5830,16.9930,0.4510,96.9670,1.4290,2025-01-14 12:49:25,48.0
0.5860,16.9610,0.5530,97.03,1.4750,2025-01-14 12:49:25,48.0
0.5670,16.9870,0.3430,96.99,1.4930,2025-01-14 12:49:25,48.0
0.5750,17.0240,0.3080,97.1160,1.4450,2025-01-14 12:49:25,48.0
0.5860,17.0210,0.5290,97.1440,1.5090,2025-01-14 19:04:34,49.0
0.5940,16.9830,0.42,97.3490,1.4570,2025-01-14 19:04:34,49.0
0.5610,16.8670,0.5180,97.0980,1.50,2025-01-14 19:04:34,49.0
0.5580,16.8420,0.5290,96.9950,1.41,2025-01-14 19:04:34,49.0
0.5730,17.0340,0.50,97.1060,1.3910,2025-01-14 19:04:34,49.0
0.5810,16.8950,0.4690,97.1010,1.42,2025-01-14 19:04:34,49.0
0.5780,16.9240,0.5980,96.9130,1.4640,2025-01-14 19:04:34,49.0
0.5740,16.9990,0.4130,97.0980,1.5020,2025-01-14 19:04:34,49.0
0.5890,17.0460,0.4270,97.0140,1.5110,2025-01-14 19:04:34,49.0
0.5770,17.0970,0.4380,97.3230,1.4210,2025-01-14 19:04:34,49.0
0.5830,17.0210,0.4310,97.0420,1.5270,2025-01-14 19:04:34,49.0
0.5940,16.9580,0.5980,97.0850,1.4910,2025-01-14 19:04:34,49.0
0.5650,17.1030,0.7530,96.9380,1.3550,2025-01-14 19:04:34,49.0
0.5810,17.1690,0.4340,97.1930,1.40,2025-01-14 19:04:34,49.0
0.5680,16.8950,0.5460,97.15,1.4490,2025-01-14 19:04:34,49.0
0.5780,16.9330,0.5150,97.3290,1.5120,2025-01-14 19:04:34,49.0
0.5890,17.0710,0.55,96.9440,1.4590,2025-01-14 19:04:34,49.0
0.5740,16.8610,0.42,97.0340,1.4990,2025-01-14 19:04:34,49.0
0.5970,17.0370,0.5530,97.0120,1.5570,2025-01-14 19:04:34,49.0
0.5820,16.9170,0.5430,97.03,1.4820,2025-01-14 19:04:34,49.0
0.5920,16.8920,0.2550,97.1520,1.4950,2025-01-14 20:54:41,50.0
0.5790,17.0020,0.5910,97.0210,1.4160,2025-01-14 20:54:41,50.0
0.5920,16.9210,0.5210,97.03,0.0210,2025-01-14 20:54:41,50.0
0.58,16.8450,0.43,97.16,1.4680,2025-01-14 20:54:41,50.0
0.5890,17.0430,0.5290,97.0320,1.48,2025-01-14 20:54:41,50.0
0.5750,16.9360,0.3190,97.0240,1.4670,2025-01-14 20:54:41,50.0
0.58,17.0930,0.5250,97.04,1.4650,2025-01-14 20:54:41,50.0
0.5940,17.0270,0.5880,96.9980,1.4980,2025-01-14 20:54:41,50.0
0.5920,17.0270,0.1820,96.9720,1.51,2025-01-14 20:54:41,50.0
0.5840,17.0680,0.6510,96.9590,1.4870,2025-01-14 20:54:41,50.0
0.5940,16.9990,0.4170,97.0240,1.4220,2025-01-14 20:54:41,50.0
0.5660,16.9930,0.49,97.1510,1.4290,2025-01-14 20:54:41,50.0
0.5660,17.0120,0.6020,97.0460,1.4260,2025-01-14 20:54:41,50.0
0.5860,16.9460,0.4270,96.9960,1.4130,2025-01-14 20:54:41,50.0
0.6030,16.9140,0.5990,97.2010,1.4990,2025-01-14 20:54:41,50.0
0.56,16.9360,0.4690,97.12,1.48,2025-01-14 20:54:41,50.0
0.5860,17.1560,0.3640,96.9010,1.5230,2025-01-14 20:54:41,50.0
0.5930,16.9990,0.5320,97.0030,1.45,2025-01-14 20:54:41,50.0
0.5930,17.0430,0.4970,97.0750,1.5590,2025-01-14 20:54:41,50.0
0.5910,16.9580,0.6620,97.1130,1.4610,2025-01-14 20:54:41,50.0
0.5640,16.8420,0.6720,96.84,1.4070,2025-01-15 11:32:02,51.0
0.5870,17.04,0.3190,97.1170,1.39,2025-01-15 11:32:02,51.0
0.6010,16.9650,0.5040,97.0010,1.5310,2025-01-15 11:32:02,51.0
0.5740,16.9610,0.4550,97.0240,1.4480,2025-01-15 11:32:02,51.0
0.6010,17.10,0.4690,97.0620,1.5270,2025-01-15 11:32:02,51.0
0.5910,16.9270,0.4060,96.9940,1.4880,2025-01-15 11:32:02,51.0
0.5940,17.0490,0.5110,97.0430,1.4610,2025-01-15 11:32:02,51.0
0.5560,17.0180,0.2690,96.9390,1.3760,2025-01-15 11:32:02,51.0
0.5930,16.9870,0.3850,97.0940,1.5080,2025-01-15 11:32:02,51.0
0.5930,16.9550,0.4480,97.1040,1.3930,2025-01-15 11:32:02,51.0
0.6250,17.0240,0.3540,96.9710,1.5150,2025-01-15 11:32:02,51.0
0.5930,16.9580,0.5420,97.16,1.4910,2025-01-15 11:32:02,51.0
0.5870,16.9830,0.3710,97.2230,1.3420,2025-01-15 11:32:02,51.0
0.5560,16.9170,0.4620,96.9050,1.2760,2025-01-15 11:32:02,51.0
0.5880,17.0620,0.4270,96.8890,1.4940,2025-01-15 11:32:02,51.0
0.6030,17.0590,0.4660,97.0030,1.4890,2025-01-15 11:32:02,51.0
0.5930,16.9580,0.3960,97.0750,1.4670,2025-01-15 11:32:02,51.0
0.5580,16.9580,0.5710,96.9920,1.3920,2025-01-15 11:32:02,51.0
0.5990,16.9390,0.4760,97.1180,1.51,2025-01-15 11:32:02,51.0
0.5690,17.1280,0.63,96.9010,1.3220,2025-01-15 11:32:02,51.0
0.5720,17.0560,0.5880,97.0850,1.3890,2025-01-15 12:52:06,52.0
0.5980,16.9520,0.6650,96.9070,1.4610,2025-01-15 12:52:06,52.0
0.59,17.0680,0.4230,97.2560,1.4360,2025-01-15 12:52:06,52.0
0.5720,16.9960,0.1720,97.0290,1.3650,2025-01-15 12:52:06,52.0
0.6080,16.9550,0.5290,97.13,1.4130,2025-01-15 12:52:06,52.0
0.5680,16.9140,0.3430,97.1210,1.3530,2025-01-15 12:52:06,52.0
0.5780,16.8770,0.5630,96.9310,1.4440,2025-01-15 12:52:06,52.0
0.5750,16.9210,0.4970,97.0430,1.3830,2025-01-15 12:52:06,52.0
0.5910,17.0120,0.4130,96.8450,1.3190,2025-01-15 12:52:06,52.0
0.5860,16.9240,0.4410,97.2220,1.3510,2025-01-15 12:52:06,52.0
0.5940,16.9430,0.5110,97.0560,1.4550,2025-01-15 12:52:06,52.0
0.5940,16.9210,0.2870,97.0330,1.4980,2025-01-15 12:52:06,52.0
0.5920,16.8890,0.5640,97.1070,1.4240,2025-01-15 12:52:06,52.0
0.5750,16.8640,0.4130,96.9650,1.3410,2025-01-15 12:52:06,52.0
0.5590,17.0620,0.6370,96.9230,1.3220,2025-01-15 12:52:06,52.0
0.5790,16.9610,0.4550,96.9750,1.3950,2025-01-15 12:52:06,52.0
0.5940,16.9830,0.5910,97.1220,1.4050,2025-01-15 12:52:06,52.0
0.5750,16.8550,0.4730,96.9930,1.3690,2025-01-15 12:52:06,52.0
0.5760,16.8170,0.5630,97.0580,1.3850,2025-01-15 12:52:06,52.0
0.5920,16.9490,0.5350,97.0520,1.4430,2025-01-15 12:52:06,52.0
0.5870,16.9830,0.5360,96.9370,1.4420,2025-01-16 09:19:12,53.0
0.5840,17.0120,0.50,96.9680,1.4020,2025-01-16 09:19:12,53.0
0.58,16.9330,0.4170,97.05,1.4020,2025-01-16 09:19:12,53.0
0.5660,16.8990,0.4060,97.05,1.4440,2025-01-16 09:19:12,53.0
0.5770,17.0370,0.5070,97.0960,1.48,2025-01-16 09:19:12,53.0
0.5820,16.9550,0.2550,97.0330,1.4080,2025-01-16 09:19:12,53.0
0.5850,16.9990,0.5850,97.2490,1.4150,2025-01-16 09:19:12,53.0
0.5820,16.9870,0.5150,97.25,1.4820,2025-01-16 09:19:12,53.0
0.5790,16.9550,0.4410,96.99,1.3930,2025-01-16 09:19:12,53.0
0.5740,16.9430,0.3890,97.1210,1.4280,2025-01-16 09:19:12,53.0
0.5670,16.9080,0.2690,96.9170,1.5070,2025-01-16 09:19:12,53.0
0.5980,17.0150,0.49,97.0130,1.52,2025-01-16 09:19:12,53.0
0.5730,17.0530,0.5950,97.0740,1.3730,2025-01-16 09:19:12,53.0
0.5810,16.8990,0.5630,97.0990,1.3720,2025-01-16 09:19:12,53.0
0.5640,16.9710,0.3150,97.1230,1.5130,2025-01-16 09:19:12,53.0
0.5850,17.0710,0.5150,96.9740,1.3860,2025-01-16 09:19:12,53.0
0.5910,17.0680,0.5390,97.1210,1.52,2025-01-16 09:19:12,53.0
0.5720,16.9990,0.5150,97,1.4920,2025-01-16 09:19:12,53.0
0.5790,16.8610,0.4550,97.1030,1.5410,2025-01-16 09:19:12,53.0
0.5720,16.9270,0.4090,97.2110,1.4180,2025-01-16 09:19:12,53.0
0.5770,17.1810,0.6680,97.0380,1.4310,2025-01-16 09:34:16,54.0
0.5850,17.1220,0.2280,97.1220,1.4490,2025-01-16 09:34:16,54.0
0.5820,17.0680,0.5460,97.1880,1.4590,2025-01-16 09:34:16,54.0
0.5510,16.9580,0.4060,96.9560,1.4660,2025-01-16 09:34:16,54.0
0.5750,17.04,0.3920,96.9910,1.4610,2025-01-16 09:34:16,54.0
0.5760,17.0870,0.2140,97.06,1.4270,2025-01-16 09:34:16,54.0
0.6040,17.2220,0.42,97.0580,1.4350,2025-01-16 09:34:16,54.0
0.5780,17.1560,0.5290,97.0230,1.35,2025-01-16 09:34:16,54.0
0.5690,17.0680,0.3710,96.97,1.46,2025-01-16 09:34:16,54.0
0.5530,16.9110,0.5670,96.9640,1.3380,2025-01-16 09:34:16,54.0
0.5710,16.9870,0.7350,97.1080,1.4160,2025-01-16 09:34:16,54.0
0.58,17.0020,0.6060,97.2570,1.4310,2025-01-16 09:34:16,54.0
0.5730,16.9580,0.55,97.1330,1.41,2025-01-16 09:34:16,54.0
0.58,17.1660,0.5640,97.09,1.4730,2025-01-16 09:34:16,54.0
0.5910,17.0840,0.56,96.9660,1.4870,2025-01-16 09:34:16,54.0
0.5820,17.1370,0.5770,97.0190,1.5070,2025-01-16 09:34:16,54.0
0.5920,17.0490,0.3880,96.9930,1.56,2025-01-16 09:34:16,54.0
0.5750,17.1810,0.4230,97.2320,1.3970,2025-01-16 09:34:16,54.0
0.5760,17.2250,0.5250,96.9940,1.4850,2025-01-16 09:34:16,54.0
0.5680,16.9870,0.5530,96.9860,1.3790,2025-01-16 09:34:16,54.0
0.5910,17.1030,0.4020,97.0060,1.4770,2025-01-16 11:29:28,55.0
0.5720,17.0180,0.6230,97.2360,1.4380,2025-01-16 11:29:28,55.0
0.5710,16.9550,0.5040,97.0180,1.4490,2025-01-16 11:29:28,55.0
0.60,17.0180,0.6020,97.12,1.4170,2025-01-16 11:29:28,55.0
0.6030,17.1150,0.3640,97.0550,1.5170,2025-01-16 11:29:28,55.0
0.5660,16.99,0.5350,96.99,1.4510,2025-01-16 11:29:28,55.0
0.5770,17.0180,0.36,96.9730,1.47,2025-01-16 11:29:28,55.0
0.5790,16.9990,0.4790,97.0360,1.3260,2025-01-16 11:29:28,55.0
0.5690,16.9990,0.4830,97.0930,1.3410,2025-01-16 11:29:28,55.0
0.60,17.0240,0.5290,97.0580,1.4380,2025-01-16 11:29:28,55.0
0.5870,16.9990,0.50,97.1070,1.4280,2025-01-16 11:29:28,55.0
0.5540,16.9870,0.5560,96.9640,1.37,2025-01-16 11:29:28,55.0
0.5850,17.1280,0.4550,97.0950,1.4290,2025-01-16 11:29:28,55.0
0.5980,17.1190,0.3360,97.1730,1.4680,2025-01-16 11:29:28,55.0
0.60,17.1560,0.5780,97.0190,1.4510,2025-01-16 11:29:28,55.0
0.5760,16.9430,0.5320,97.0560,1.3390,2025-01-16 11:29:28,55.0
0.5690,16.98,0.4550,97.0980,1.3510,2025-01-16 11:29:28,55.0
0.5660,17.0930,0.50,97.1030,1.3520,2025-01-16 11:29:28,55.0
0.5780,16.9870,0.5040,97.0270,1.3770,2025-01-16 11:29:28,55.0
0.5640,17.09,0.4240,97.2350,1.4080,2025-01-16 11:29:28,55.0
0.5870,16.8360,0.3640,97.2830,1.4920,2025-01-16 12:54:35,56.0
0.61,17.0370,0.4130,97.3410,1.4730,2025-01-16 12:54:35,56.0
0.6010,16.93,0.6510,97.0370,1.4770,2025-01-16 12:54:35,56.0
0.5850,16.9140,0.5080,97.0570,1.49,2025-01-16 12:54:35,56.0
0.6010,16.8730,0.4730,97.1030,1.4680,2025-01-16 12:54:35,56.0
0.5790,16.8360,0.34,97.0650,1.5120,2025-01-16 12:54:35,56.0
0.5710,16.8950,0.5110,96.9780,1.4130,2025-01-16 12:54:35,56.0
0.5730,16.9020,0.5780,97.0160,1.44,2025-01-16 12:54:35,56.0
0.56,16.8260,0.4270,96.9680,1.3740,2025-01-16 12:54:35,56.0
0.5730,16.8580,0.5180,97.0660,1.4910,2025-01-16 12:54:35,56.0
0.5960,17.0270,0.1780,97.0730,1.5730,2025-01-16 12:54:35,56.0
0.5950,16.93,0.3960,97.1590,1.4750,2025-01-16 12:54:35,56.0
0.5870,16.9650,0.4520,97.0080,1.4360,2025-01-16 12:54:35,56.0
0.5720,16.8260,0.55,97.15,1.4770,2025-01-16 12:54:35,56.0
0.5920,16.93,0.3810,97.1640,1.5290,2025-01-16 12:54:35,56.0
0.5870,16.93,0.2420,97.0110,1.5050,2025-01-16 12:54:35,56.0
0.5980,16.9140,0.5530,96.9430,1.5020,2025-01-16 12:54:35,56.0
0.5920,16.9770,0.6230,96.9960,1.4560,2025-01-16 12:54:35,56.0
0.5730,16.9170,0.4760,97.0720,1.48,2025-01-16 12:54:35,56.0
0.6170,16.9650,0.4270,97.0920,1.4430,2025-01-16 12:54:35,56.0
0.5780,17.0750,0.6510,97.0330,1.3950,2025-01-16 19:29:52,57.0
0.5960,17.1340,0.42,97.1030,1.4070,2025-01-16 19:29:52,57.0
0.5740,17.1120,0.4440,97.0950,1.3670,2025-01-16 19:29:52,57.0
0.5690,17.0590,0.4130,97.2120,1.3350,2025-01-16 19:29:52,57.0
0.5860,17.0710,0.4130,97.0590,1.4260,2025-01-16 19:29:52,57.0
0.5750,16.9610,0.4620,97.1160,1.3860,2025-01-16 19:29:52,57.0
0.5940,17.10,0.3220,97.0370,1.3970,2025-01-16 19:29:52,57.0
0.5770,17.0870,0.5390,97.1540,1.3870,2025-01-16 19:29:52,57.0
0.5740,17.1150,0.5460,97.18,1.3690,2025-01-16 19:29:52,57.0
0.5880,17.0620,0.5390,97.1760,1.4230,2025-01-16 19:29:52,57.0
0.5390,16.9240,0.6020,97.1820,1.2630,2025-01-16 19:29:52,57.0
0.5740,17.0430,0.5220,97.2440,1.3960,2025-01-16 19:29:52,57.0
0.5860,17.0490,0.5180,96.9910,1.4230,2025-01-16 19:29:52,57.0
0.57,16.9680,0.3920,97.06,1.3660,2025-01-16 19:29:52,57.0
0.5730,17.1250,0.3360,97.0550,1.3010,2025-01-16 19:29:52,57.0
0.5970,17.2250,0.5850,97.0290,1.4870,2025-01-16 19:29:52,57.0
0.58,16.9740,0.6650,97.02,1.40,2025-01-16 19:29:52,57.0
0.5660,17.0430,0.4340,97.0690,1.4070,2025-01-16 19:29:52,57.0
0.5860,17.1030,0.4970,97.0420,1.4520,2025-01-16 19:29:52,57.0
0.5790,17.0530,0.50,97.1850,1.2810,2025-01-16 19:29:52,57.0
0.5920,16.9210,0.4480,97.0690,1.5180,2025-01-16 20:54:57,58.0
0.5960,17.09,0.4440,97.3940,1.41,2025-01-16 20:54:57,58.0
0.5890,17.0120,0.7530,97.0590,1.4410,2025-01-16 20:54:57,58.0
0.5850,17.0620,0.5810,97.0640,1.4530,2025-01-16 20:54:57,58.0
0.6110,17.0460,0.4550,97.03,1.5620,2025-01-16 20:54:57,58.0
0.5670,16.9770,0.5880,97.0650,1.4520,2025-01-16 20:54:57,58.0
0.5620,16.9240,0.5530,97.03,1.4010,2025-01-16 20:54:57,58.0
0.6150,17.1340,0.5350,97.0670,1.4090,2025-01-16 20:54:57,58.0
0.5850,16.9930,0.4450,97.1380,1.49,2025-01-16 20:54:57,58.0
0.5630,17.0050,0.5670,96.9580,1.3930,2025-01-16 20:54:57,58.0
0.6170,17.1530,0.6650,97.0330,1.5070,2025-01-16 20:54:57,58.0
0.60,17.1280,0.42,97.0370,1.5060,2025-01-16 20:54:57,58.0
0.5960,17.0180,0.5910,96.9480,1.4840,2025-01-16 20:54:57,58.0
0.5860,17.0310,0.5810,97.0380,1.4860,2025-01-16 20:54:57,58.0
0.57,16.8990,0.49,97.1060,1.4950,2025-01-16 20:54:57,58.0
0.5820,16.9210,0.5080,97.2550,1.40,2025-01-16 20:54:57,58.0
0.5850,16.9770,0.4440,97.1340,1.4690,2025-01-16 20:54:57,58.0
0.60,17.0590,0.5040,96.9950,1.5080,2025-01-16 20:54:57,58.0
0.5950,16.9990,0.4060,96.9950,1.4330,2025-01-16 20:54:57,58.0
0.5550,16.9830,0.6370,97.0320,1.3850,2025-01-16 20:54:57,58.0
0.5790,16.9770,0.3960,97.1790,1.4120,2025-01-17 11:27:14,59.0
0.5970,17.1280,0.6020,96.8530,1.52,2025-01-17 11:27:14,59.0
0.5930,17.0490,0.5250,97.0880,1.44,2025-01-17 11:27:14,59.0
0.6040,17.0150,0.5040,97.0570,1.4870,2025-01-17 11:27:14,59.0
0.5990,16.9460,0.4030,97.1620,1.3930,2025-01-17 11:27:14,59.0
0.6090,17.0840,0.5070,96.89,1.5610,2025-01-17 11:27:14,59.0
0.5630,16.9110,0.4090,97.0130,1.3950,2025-01-17 11:27:14,59.0
0.57,16.8730,0.3610,97.20,1.4290,2025-01-17 11:27:14,59.0
0.5860,16.9430,0.6370,97.2650,1.4950,2025-01-17 11:27:14,59.0
0.5650,16.9830,0.4380,97.2110,1.4260,2025-01-17 11:27:14,59.0
0.6040,17.1280,0.4860,96.93,1.4310,2025-01-17 11:27:14,59.0
0.5680,16.9580,0.3960,97.2820,1.3350,2025-01-17 11:27:14,59.0
0.6010,16.9170,0.4620,97.0880,1.4490,2025-01-17 11:27:14,59.0
0.5880,17.1150,0.4550,97.2150,1.4430,2025-01-17 11:27:14,59.0
0.59,17.0270,0.5630,96.9610,1.4630,2025-01-17 11:27:14,59.0
0.5890,17.1280,0.56,96.9870,1.31,2025-01-17 11:27:14,59.0
0.5840,17.0970,0.3010,96.9610,1.4350,2025-01-17 11:27:14,59.0
0.6030,17.0460,0.3110,96.9920,1.4370,2025-01-17 11:27:14,59.0
0.5850,16.9050,0.5180,97.1370,1.4420,2025-01-17 11:27:14,59.0
0.5840,16.9360,0.4450,97.1130,1.38,2025-01-17 11:27:14,59.0
0.5850,16.9870,0.4830,97.1730,1.4420,2025-01-17 13:07:22,60.0
0.5840,16.9520,0.6370,97.1560,1.4650,2025-01-17 13:07:22,60.0
0.5880,17.0530,0.4310,97.0640,1.3530,2025-01-17 13:07:22,60.0
0.5680,17.0310,0.3460,97.0370,1.4260,2025-01-17 13:07:22,60.0
0.5810,16.9050,0.6580,97.1970,1.4650,2025-01-17 13:07:22,60.0
0.5950,17.0210,0.3710,97.0390,1.4540,2025-01-17 13:07:22,60.0
0.5830,16.9580,0.6370,97.1410,1.4490,2025-01-17 13:07:22,60.0
0.5650,16.9390,0.4380,97.0840,1.3410,2025-01-17 13:07:22,60.0
0.5960,16.9390,0.5280,97.0550,1.5160,2025-01-17 13:07:22,60.0
0.5490,16.8950,0.2480,96.9420,1.4060,2025-01-17 13:07:22,60.0
0.5690,16.9110,0.63,97.2160,1.4240,2025-01-17 13:07:22,60.0
0.6070,17.0530,0.4380,96.9790,1.5090,2025-01-17 13:07:22,60.0
0.5910,16.9210,0.5430,96.9510,1.4460,2025-01-17 13:07:22,60.0
0.5820,17.0310,0.5040,96.9520,1.4640,2025-01-17 13:07:22,60.0
0.5690,16.9490,0.4170,97.0090,1.5180,2025-01-17 13:07:22,60.0
0.5350,16.9210,0.4830,97.1240,1.3990,2025-01-17 13:07:22,60.0
0.5780,17.0270,0.4620,97.0660,1.4520,2025-01-17 13:07:22,60.0
0.5870,17.0370,0.4650,97.1180,1.4820,2025-01-17 13:07:22,60.0
0.5750,16.98,0.5350,97.0780,1.4240,2025-01-17 13:07:22,60.0
0.5790,17.0590,0.4760,96.98,1.3370,2025-01-17 13:07:22,60.0
0.5820,16.9460,0.3990,96.95,1.4330,2025-01-17 19:57:35,61.0
0.58,17.1720,0.3920,97.0290,1.4330,2025-01-17 19:57:35,61.0
0.5820,16.9170,0.4690,97.1280,1.42,2025-01-17 19:57:35,61.0
0.6010,16.9430,0.42,96.9820,1.5440,2025-01-17 19:57:35,61.0
0.59,17.0310,0.4660,97.02,1.4640,2025-01-17 19:57:35,61.0
0.58,16.9170,0.5220,96.8620,1.4420,2025-01-17 19:57:35,61.0
0.5780,16.9110,0.5950,97.08,1.3940,2025-01-17 19:57:35,61.0
0.5830,17.0650,0.3530,97.0050,1.4240,2025-01-17 19:57:35,61.0
0.5840,17.0180,0.3460,96.9750,1.4840,2025-01-17 19:57:35,61.0
0.5950,17.0150,0.5560,96.9980,1.4410,2025-01-17 19:57:35,61.0
0.5740,16.9140,0.29,96.9920,1.3780,2025-01-17 19:57:35,61.0
0.5890,16.9020,0.5640,97.0510,1.4940,2025-01-17 19:57:35,61.0
0.6010,16.9770,0.4520,97.10,1.4770,2025-01-17 19:57:35,61.0
0.5930,16.88,0.4170,96.9110,1.48,2025-01-17 19:57:35,61.0
0.5780,16.9140,0.4170,97.0130,1.4970,2025-01-17 19:57:35,61.0
0.5740,17.0430,0.3640,97.0590,1.38,2025-01-17 19:57:35,61.0
0.5810,16.8920,0.5320,96.9790,1.4310,2025-01-17 19:57:35,61.0
0.5820,17.0560,0.4730,97.1720,1.48,2025-01-17 19:57:35,61.0
0.62,16.9520,0.3640,97.0070,1.5040,2025-01-17 19:57:35,61.0
0.6240,17.0590,0.4650,96.9970,1.5340,2025-01-17 19:57:35,61.0
0.5950,16.9930,0.3320,97.2010,1.5290,2025-01-17 20:57:36,62.0
0.5670,16.9580,0.5180,96.9660,1.3890,2025-01-17 20:57:36,62.0
0.6040,17.0780,0.5570,97.0170,1.5330,2025-01-17 20:57:36,62.0
0.5780,16.9390,0.2030,97.0040,1.4660,2025-01-17 20:57:36,62.0
0.5810,16.9680,0.4760,97.0660,1.4620,2025-01-17 20:57:36,62.0
0.5780,17.0710,0.5290,97.0930,1.3780,2025-01-17 20:57:36,62.0
0.5970,17.1440,0.5180,97.0610,1.4990,2025-01-17 20:57:36,62.0
0.5790,16.93,0.4520,96.9810,1.3930,2025-01-17 20:57:36,62.0
0.5720,17.0930,0.5220,96.9570,1.4730,2025-01-17 20:57:36,62.0
0.5950,17.0460,0.42,97.0360,1.4950,2025-01-17 20:57:36,62.0
0.5950,16.99,0.3290,96.9920,1.5830,2025-01-17 20:57:36,62.0
0.5860,16.9710,0.4340,96.9880,1.5250,2025-01-17 20:57:36,62.0
0.5870,17.0020,0.4760,97.0240,1.5380,2025-01-17 20:57:36,62.0
0.5810,16.8950,0.3670,96.9920,1.5230,2025-01-17 20:57:36,62.0
0.5930,17.0340,0.4790,97.1220,1.5470,2025-01-17 20:57:36,62.0
0.57,16.9990,0.4440,97.0450,1.4070,2025-01-17 20:57:36,62.0
0.5750,17.0180,0.5950,97.0940,0.0220,2025-01-17 20:57:36,62.0
0.5970,17.0870,0.5980,97.0250,1.5110,2025-01-17 20:57:36,62.0
0.5730,16.9990,0.3810,97.4480,1.4390,2025-01-17 20:57:36,62.0
0.60,17.09,0.3220,97.08,1.4810,2025-01-17 20:57:36,62.0
0.5910,17.0430,0.4440,96.9590,1.4670,2025-01-18 11:03:22,63.0
0.5890,17.0530,0.4940,97.2890,1.4980,2025-01-18 11:03:22,63.0
0.6060,17.0210,0.5810,96.9460,1.4720,2025-01-18 11:03:22,63.0
0.5930,17.0680,0.3290,97.1580,1.3730,2025-01-18 11:03:22,63.0
0.5920,16.8670,0.3850,96.9380,1.4410,2025-01-18 11:03:22,63.0
0.5750,16.9360,0.5250,97.0680,1.4110,2025-01-18 11:03:22,63.0
0.5780,16.9490,0.5210,97.0290,1.4630,2025-01-18 11:03:22,63.0
0.59,16.8950,0.3640,97.0390,1.46,2025-01-18 11:03:22,63.0
0.5940,17.1630,0.49,97.0580,1.4470,2025-01-18 11:03:22,63.0
0.6150,17.1030,0.3010,96.9610,1.4880,2025-01-18 11:03:22,63.0
0.5680,16.9330,0.2980,97.1380,1.4030,2025-01-18 11:03:22,63.0
0.5850,16.9330,0.5460,97.1350,1.5010,2025-01-18 11:03:22,63.0
0.5820,17.1310,0.3990,96.9930,1.4320,2025-01-18 11:03:22,63.0
0.61,17.0590,0.4520,97.0160,1.4870,2025-01-18 11:03:22,63.0
0.5950,16.9550,0.4510,97.0540,1.5020,2025-01-18 11:03:22,63.0
0.58,16.93,0.3850,97.13,1.4230,2025-01-18 11:03:22,63.0
0.5760,16.8640,0.5560,97.1240,1.4450,2025-01-18 11:03:22,63.0
0.5920,16.9550,0.4060,97.2840,1.5030,2025-01-18 11:03:22,63.0
0.57,16.9170,0.4310,97.1120,1.4220,2025-01-18 11:03:22,63.0
0.5710,16.9390,0.49,97.1080,1.3830,2025-01-18 11:03:22,63.0
0.5890,17.0840,0.6230,96.9730,1.4150,2025-01-18 12:48:25,64.0
0.5950,17.1120,0.4760,97.0390,1.3890,2025-01-18 12:48:25,64.0
0.5810,17.0590,0.5880,97.1130,1.4070,2025-01-18 12:48:25,64.0
0.5860,16.8480,0.6510,97.1580,1.4520,2025-01-18 12:48:25,64.0
0.5720,17.0430,0.4510,97.1010,1.3760,2025-01-18 12:48:25,64.0
0.6050,16.9830,0.55,97.1670,1.4480,2025-01-18 12:48:25,64.0
0.58,16.9430,0.6190,97.1060,1.42,2025-01-18 12:48:25,64.0
0.61,17.0210,0.5850,97.0770,1.4370,2025-01-18 12:48:25,64.0
0.5960,16.9080,0.4550,96.9740,1.4530,2025-01-18 12:48:25,64.0
0.5880,16.9490,0.56,97.0840,1.4350,2025-01-18 12:48:25,64.0
0.5990,16.9870,0.6160,97.0180,1.4570,2025-01-18 12:48:25,64.0
0.5960,16.9430,0.5080,96.9910,1.5880,2025-01-18 12:48:25,64.0
0.5890,16.9390,0.50,97.0460,1.4410,2025-01-18 12:48:25,64.0
0.5950,17.0370,0.5320,96.9830,1.4330,2025-01-18 12:48:25,64.0
0.5920,17.0210,0.4730,97.01,1.4570,2025-01-18 12:48:25,64.0
0.5840,16.9710,0.6750,97.1210,1.4040,2025-01-18 12:48:25,64.0
0.5660,16.9430,0.4160,96.9830,1.4220,2025-01-18 12:48:25,64.0
0.5990,17.1340,0.6160,97.0310,1.4390,2025-01-18 12:48:25,64.0
0.5710,16.9490,0.49,97.1740,1.3640,2025-01-18 12:48:25,64.0
0.5690,16.9650,0.6120,97.1650,1.4050,2025-01-18 12:48:25,64.0
0.5990,17.0590,0.4970,96.97,1.4920,2025-01-18 18:43:33,65.0
0.5670,17.0020,0.3640,97.0330,1.4310,2025-01-18 18:43:33,65.0
0.6070,17.0930,0.5350,97.1380,1.5010,2025-01-18 18:43:33,65.0
0.5880,16.9550,0.55,96.9750,1.3810,2025-01-18 18:43:33,65.0
0.6020,17.0340,0.3080,97.1230,1.4630,2025-01-18 18:43:33,65.0
0.6210,17.0090,0.3780,97.1480,1.4510,2025-01-18 18:43:33,65.0
0.5710,16.9650,0.4170,97.0470,1.4320,2025-01-18 18:43:33,65.0
0.5880,16.9710,0.48,96.9820,1.5290,2025-01-18 18:43:33,65.0
0.5770,17.0150,0.4520,97.0940,1.4480,2025-01-18 18:43:33,65.0
0.6010,17.0680,0.3780,97.1510,1.4630,2025-01-18 18:43:33,65.0
0.6090,17.04,0.3150,97.1390,1.5150,2025-01-18 18:43:33,65.0
0.5750,16.9360,0.5210,97.0010,1.4080,2025-01-18 18:43:33,65.0
0.6040,17.0590,0.5180,96.9540,1.5160,2025-01-18 18:43:33,65.0
0.5970,17.0370,0.5070,96.9620,1.4930,2025-01-18 18:43:33,65.0
0.5960,17.1030,0.3960,97.1570,1.4320,2025-01-18 18:43:33,65.0
0.57,16.9210,0.5430,96.8520,1.3740,2025-01-18 18:43:33,65.0
0.5850,17.09,0.5290,96.9770,1.4180,2025-01-18 18:43:33,65.0
0.6040,16.9930,0.49,97.1350,1.48,2025-01-18 18:43:33,65.0
0.5880,17.1090,0.35,97.2140,1.4230,2025-01-18 18:43:33,65.0
0.6130,17.1060,0.55,96.9390,1.5240,2025-01-18 18:43:33,65.0
0.5830,16.9770,0.5560,97.0180,1.5480,2025-01-18 20:58:37,66.0
0.5920,17.1090,0.4170,96.98,1.4970,2025-01-18 20:58:37,66.0
0.5920,17.0810,0.5040,97.0740,1.5710,2025-01-18 20:58:37,66.0
0.6140,16.9680,0.5530,97.0990,1.6180,2025-01-18 20:58:37,66.0
0.5860,16.9830,0.6370,97.1510,1.4460,2025-01-18 20:58:37,66.0
0.6030,16.9110,0.4940,97.0030,1.4430,2025-01-18 20:58:37,66.0
0.6120,17.1310,0.4270,97.0020,1.5390,2025-01-18 20:58:37,66.0
0.5860,16.9930,0.49,96.88,1.4550,2025-01-18 20:58:37,66.0
0.5840,16.87,0.4340,97.0010,1.4760,2025-01-18 20:58:37,66.0
0.6020,17.0560,0.5950,96.9490,1.4240,2025-01-18 20:58:37,66.0
0.5960,16.9520,0.2450,97.0650,1.4320,2025-01-18 20:58:37,66.0
0.5830,16.9870,0.6020,97.1080,1.4760,2025-01-18 20:58:37,66.0
0.5940,17.1530,0.4380,97.2740,1.4420,2025-01-18 20:58:37,66.0
0.5930,17.1530,0.5070,97.0790,1.4110,2025-01-18 20:58:37,66.0
0.5760,16.9360,0.4970,96.98,1.5180,2025-01-18 20:58:37,66.0
0.6120,16.9710,0.3430,96.9480,1.6060,2025-01-18 20:58:37,66.0
0.5640,16.8860,0.1890,97.0040,1.4210,2025-01-18 20:58:37,66.0
0.5890,16.9960,0.4270,96.9780,1.4450,2025-01-18 20:58:37,66.0
0.5920,16.9680,0.4760,96.9690,1.4530,2025-01-18 20:58:37,66.0
0.5920,17.0870,0.6160,96.9620,1.3930,2025-01-18 20:58:37,66.0
0.5650,16.9650,0.5350,97.1140,1.3530,2025-01-19 12:53:20,67.0
0.5770,17.0150,0.4940,97.0840,1.45,2025-01-19 12:53:20,67.0
0.5810,16.9240,0.4760,97.0150,1.4110,2025-01-19 12:53:20,67.0
0.5920,16.9740,0.5390,96.9970,1.5240,2025-01-19 12:53:20,67.0
0.5660,16.8390,0.5290,97.0020,1.3940,2025-01-19 12:53:20,67.0
0.5760,17.0560,0.5180,97.2920,1.4810,2025-01-19 12:53:20,67.0
0.57,16.8580,0.4830,97.3020,1.4180,2025-01-19 12:53:20,67.0
0.5730,16.9710,0.2450,97.1640,1.3340,2025-01-19 12:53:20,67.0
0.5570,16.9710,0.56,97.0010,1.4020,2025-01-19 12:53:20,67.0
0.5840,17.0310,0.6410,97.0060,1.5430,2025-01-19 12:53:20,67.0
0.5740,16.8990,0.5290,97.07,1.4540,2025-01-19 12:53:20,67.0
0.5980,17.0180,0.4480,97.1410,1.4760,2025-01-19 12:53:20,67.0
0.6060,17.1310,0.4310,97.0320,1.4750,2025-01-19 12:53:20,67.0
0.5910,16.9650,0.4520,96.9480,1.4770,2025-01-19 12:53:20,67.0
0.5880,16.9140,0.4970,97.3370,1.4630,2025-01-19 12:53:20,67.0
0.5870,16.9110,0.64,96.9890,1.4860,2025-01-19 12:53:20,67.0
0.5960,17.0310,0.35,97.21,1.4120,2025-01-19 12:53:20,67.0
0.5870,16.9550,0.4860,97.1750,1.43,2025-01-19 12:53:20,67.0
0.5720,16.8950,0.5530,96.9950,1.4090,2025-01-19 12:53:20,67.0
0.5530,16.8990,0.3750,97.1290,1.3890,2025-01-19 12:53:20,67.0
0.5780,17.0810,0.4130,97.0320,1.4310,2025-01-19 18:08:23,68.0
0.5730,16.9110,0.3050,97.2290,1.3440,2025-01-19 18:08:23,68.0
0.5780,16.9490,0.49,97.3530,1.4050,2025-01-19 18:08:23,68.0
0.5990,17.0090,0.3570,97.1120,1.4030,2025-01-19 18:08:23,68.0
0.6130,17.1880,0.3190,96.9140,1.2780,2025-01-19 18:08:23,68.0
0.5660,16.98,0.3540,97.07,1.3510,2025-01-19 18:08:23,68.0
0.5860,16.9830,0.5670,97.1750,1.4330,2025-01-19 18:08:23,68.0
0.5790,17.0050,0.3990,97.2560,1.3640,2025-01-19 18:08:23,68.0
0.5830,16.9990,0.5110,97.1640,1.4090,2025-01-19 18:08:23,68.0
0.5970,17.2060,0.50,97.1460,1.3950,2025-01-19 18:08:23,68.0
0.5880,16.9960,0.5280,97.07,1.5390,2025-01-19 18:08:23,68.0
0.58,17.0620,0.3610,97.2170,1.4230,2025-01-19 18:08:23,68.0
0.5860,16.9960,0.2630,97.1670,1.4390,2025-01-19 18:08:23,68.0
0.5610,16.9460,0.6270,97.0220,1.3740,2025-01-19 18:08:23,68.0
0.5560,16.8510,0.4550,97.1160,1.2910,2025-01-19 18:08:23,68.0
0.5650,16.9870,0.4650,97.0370,1.4050,2025-01-19 18:08:23,68.0
0.5980,17.0780,0.4520,97.1130,1.4660,2025-01-19 18:08:23,68.0
0.5890,16.9740,0.5420,97.2080,1.3640,2025-01-19 18:08:23,68.0
0.60,17.0240,0.55,97.2740,1.3680,2025-01-19 18:08:23,68.0
0.5620,16.9830,0.5180,97.2140,1.3410,2025-01-19 18:08:23,68.0
0.56,16.9170,0.29,97.0750,1.3990,2025-01-20 07:49:28,69.0
0.5690,17.0240,0.4790,97.1980,1.2840,2025-01-20 07:49:28,69.0
0.5810,16.8950,0.5040,97.1180,1.3710,2025-01-20 07:49:28,69.0
0.6080,17.0750,0.4520,97.0970,1.4160,2025-01-20 07:49:28,69.0
0.5490,16.9650,0.5950,97.1610,1.3270,2025-01-20 07:49:28,69.0
0.5870,16.9930,0.5530,97.1110,1.4320,2025-01-20 07:49:28,69.0
0.6090,17.0050,0.5180,97.1250,1.5140,2025-01-20 07:49:28,69.0
0.5880,17.0590,0.5250,97.0460,1.3820,2025-01-20 07:49:28,69.0
0.5710,16.8950,0.6830,97.0870,1.3590,2025-01-20 07:49:28,69.0
0.6110,17.1470,0.2590,96.9830,1.4370,2025-01-20 07:49:28,69.0
0.6050,17.2030,0.5670,97.02,1.4610,2025-01-20 07:49:28,69.0
0.5840,16.9050,0.4160,97.15,1.3830,2025-01-20 07:49:28,69.0
0.5780,16.9610,0.4480,96.9880,1.3520,2025-01-20 07:49:28,69.0
0.5750,17.0650,0.5180,97.2130,1.3640,2025-01-20 07:49:28,69.0
0.5680,16.8990,0.5010,97.1680,1.3330,2025-01-20 07:49:28,69.0
0.5920,17.0210,0.6820,97.0950,1.4540,2025-01-20 07:49:28,69.0
0.5990,17.0090,0.4410,97.1030,1.5070,2025-01-20 07:49:28,69.0
0.6020,16.9830,0.2550,97.1630,1.4870,2025-01-20 07:49:28,69.0
0.5890,17.0270,0.5530,97.1890,1.45,2025-01-20 07:49:28,69.0
0.5910,16.9770,0.5490,97.2760,1.3990,2025-01-20 07:49:28,69.0
0.5780,16.9830,0.4130,97.0180,1.41,2025-01-20 10:49:35,70.0
0.59,17.1340,0.1960,97.5560,1.4550,2025-01-20 10:49:35,70.0
0.5890,16.8920,0.5530,97.1550,1.4790,2025-01-20 10:49:35,70.0
0.6050,17.0310,0.4020,97.0890,1.4770,2025-01-20 10:49:35,70.0
0.5830,16.8860,0.5180,97.2960,1.3950,2025-01-20 10:49:35,70.0
0.5830,16.93,0.4550,97.0140,1.3990,2025-01-20 10:49:35,70.0
0.5950,16.9650,0.5420,97.0290,1.5470,2025-01-20 10:49:35,70.0
0.6150,17.0340,0.4020,97,1.5490,2025-01-20 10:49:35,70.0
0.6030,17.04,0.4380,97.1470,1.4920,2025-01-20 10:49:35,70.0
0.5830,17.0240,0.3920,97.0850,1.3950,2025-01-20 10:49:35,70.0
0.5780,16.8140,0.2380,96.99,1.4950,2025-01-20 10:49:35,70.0
0.5920,17.0020,0.4730,97.0680,1.4690,2025-01-20 10:49:35,70.0
0.5960,16.9610,0.3670,97.1360,1.4380,2025-01-20 10:49:35,70.0
0.5580,16.8670,0.5990,96.9020,0.0090,2025-01-20 10:49:35,70.0
0.5740,16.9140,0.3640,97.0920,1.3960,2025-01-20 10:49:35,70.0
0.6060,16.9680,0.4690,97.1340,1.4370,2025-01-20 10:49:35,70.0
0.5720,16.8990,0.4690,97.1760,1.4030,2025-01-20 10:49:35,70.0
0.5930,16.9580,0.3750,97.0290,1.4780,2025-01-20 10:49:35,70.0
0.5560,17.0090,0.4450,97.1070,1.3430,2025-01-20 10:49:35,70.0
0.6110,17.0370,0.3570,97.0490,1.4890,2025-01-20 10:49:35,70.0
0.5890,16.98,0.3570,97.0170,1.4580,2025-01-20 12:54:41,71.0
0.5570,17.10,0.4620,96.9450,1.3660,2025-01-20 12:54:41,71.0
0.5880,16.9650,0.5080,97.1030,1.4340,2025-01-20 12:54:41,71.0
0.5950,16.9770,0.5180,96.9330,1.4390,2025-01-20 12:54:41,71.0
0.5660,17.0370,0.4760,96.9690,1.4120,2025-01-20 12:54:41,71.0
0.6040,16.9550,0.5460,97.0570,1.3910,2025-01-20 12:54:41,71.0
0.5760,16.8480,0.6330,97.0450,1.4120,2025-01-20 12:54:41,71.0
0.5770,16.7980,0.4620,97.0330,1.52,2025-01-20 12:54:41,71.0
0.5940,16.9330,0.7390,96.9430,1.4260,2025-01-20 12:54:41,71.0
0.5650,16.9360,0.4870,96.9930,1.3230,2025-01-20 12:54:41,71.0
0.5720,16.9170,0.3080,96.9850,1.4060,2025-01-20 12:54:41,71.0
0.5960,16.8450,0.4130,97.1090,1.4450,2025-01-20 12:54:41,71.0
0.5960,17.0620,0.4270,97.14,1.4350,2025-01-20 12:54:41,71.0
0.56,16.9210,0.41,97.0270,1.37,2025-01-20 12:54:41,71.0
0.5910,16.9390,0.4440,96.9650,0.0110,2025-01-20 12:54:41,71.0
0.5770,17.0370,0.4340,96.9310,1.3690,2025-01-20 12:54:41,71.0
0.5970,17.0810,0.4090,97.0670,1.4890,2025-01-20 12:54:41,71.0
0.6220,17.0840,0.5220,97.0220,1.5590,2025-01-20 12:54:41,71.0
0.5810,17.1560,0.4660,97.0430,1.3720,2025-01-20 12:54:41,71.0
0.5740,16.8330,0.5150,97.0840,1.4210,2025-01-20 12:54:41,71.0
0.5540,16.9140,0.4480,96.9880,1.3980,2025-01-20 19:04:53,72.0
0.5650,16.9610,0.3010,96.9360,1.3160,2025-01-20 19:04:53,72.0
0.5890,17.1530,0.1720,97.0870,1.5210,2025-01-20 19:04:53,72.0
0.5710,16.9580,0.3780,97.1510,1.3870,2025-01-20 19:04:53,72.0
0.5970,17.0490,0.5490,96.9870,1.4550,2025-01-20 19:04:53,72.0
0.5870,16.9020,0.5670,96.9580,1.49,2025-01-20 19:04:53,72.0
0.5760,16.8950,0.2520,97.0590,1.3460,2025-01-20 19:04:53,72.0
0.5560,16.9080,0.5040,96.9950,1.3080,2025-01-20 19:04:53,72.0
0.6010,17.1190,0.4450,97.1010,1.4260,2025-01-20 19:04:53,72.0
0.5810,16.9740,0.3960,97.0690,1.4790,2025-01-20 19:04:53,72.0
0.5780,17.0490,0.5390,97.0180,1.3730,2025-01-20 19:04:53,72.0
0.5880,16.9210,0.5110,97.0940,1.4920,2025-01-20 19:04:53,72.0
0.57,16.9580,0.4230,96.9880,1.4130,2025-01-20 19:04:53,72.0
0.5910,17.09,0.3610,97.05,1.4980,2025-01-20 19:04:53,72.0
0.5760,17.0710,0.5070,97.1610,1.3920,2025-01-20 19:04:53,72.0
0.5690,16.9870,0.3150,96.9890,1.4290,2025-01-20 19:04:53,72.0
0.5630,17.0780,0.4760,97.14,1.3020,2025-01-20 19:04:53,72.0
0.5830,17.0020,0.5220,97.0510,1.3880,2025-01-20 19:04:53,72.0
0.6280,17.1590,0.50,96.8520,1.5430,2025-01-20 19:04:53,72.0
0.5840,16.8890,0.3850,97.0710,1.4760,2025-01-20 19:04:53,72.0
0.5920,17.0870,0.3290,96.9650,1.4460,2025-01-20 20:49:58,73.0
0.5780,16.9520,0.2310,96.9330,1.3650,2025-01-20 20:49:58,73.0
0.5810,17.1530,0.5390,97.22,1.3820,2025-01-20 20:49:58,73.0
0.5850,17.0530,0.4270,97.1330,1.4440,2025-01-20 20:49:58,73.0
0.5710,16.8860,0.5220,97.1660,1.3760,2025-01-20 20:49:58,73.0
0.6020,17.0270,0.55,97.0250,1.49,2025-01-20 20:49:58,73.0
0.6090,17.0840,0.4620,97.1350,1.4670,2025-01-20 20:49:58,73.0
0.5750,16.9770,0.48,96.9970,1.3860,2025-01-20 20:49:58,73.0
0.5770,16.9710,0.3220,97.0530,1.4160,2025-01-20 20:49:58,73.0
0.5870,17.0120,0.4650,97.2630,1.4320,2025-01-20 20:49:58,73.0
0.5750,16.9210,0.2560,97.28,1.4020,2025-01-20 20:49:58,73.0
0.58,17.0460,0.4790,97.1220,1.3760,2025-01-20 20:49:58,73.0
0.5690,16.9140,0.1720,97.0190,1.38,2025-01-20 20:49:58,73.0
0.5950,17.0050,0.4130,97.1070,1.4070,2025-01-20 20:49:58,73.0
0.5910,16.9960,0.3530,96.9750,1.4150,2025-01-20 20:49:58,73.0
0.5860,16.9050,0.4380,97.1270,1.4080,2025-01-20 20:49:58,73.0
0.6030,17.0870,0.4380,97.0730,1.4940,2025-01-20 20:49:58,73.0
0.5780,16.9390,0.4940,96.9730,1.3670,2025-01-20 20:49:58,73.0
0.5790,16.9520,0.3470,96.9290,1.3720,2025-01-20 20:49:58,73.0
0.5770,17.0270,0.4170,97.0650,1.42,2025-01-20 20:49:58,73.0
0.5940,16.98,0.6160,96.9190,1.4460,2025-01-21 11:16:18,74.0
0.58,17.0240,0.35,97.0760,1.42,2025-01-21 11:16:18,74.0
0.5880,17.0460,0.4130,96.8650,1.4130,2025-01-21 11:16:18,74.0
0.5930,17.0090,0.4940,97.4780,1.4260,2025-01-21 11:16:18,74.0
0.5610,16.9140,0.6890,96.9870,1.3960,2025-01-21 11:16:18,74.0
0.5790,16.9650,0.3710,96.9780,1.4340,2025-01-21 11:16:18,74.0
0.5970,17.0310,0.4270,97.0890,1.4450,2025-01-21 11:16:18,74.0
0.5530,16.9110,0.5880,97.0750,1.3870,2025-01-21 11:16:18,74.0
0.6190,17.0210,0.3540,97.1130,1.5070,2025-01-21 11:16:18,74.0
0.5910,16.9170,0.2980,97.0730,1.4310,2025-01-21 11:16:18,74.0
0.5640,16.8950,0.5080,97.1710,1.3820,2025-01-21 11:16:18,74.0
0.58,16.9610,0.5390,97.1820,1.4010,2025-01-21 11:16:18,74.0
0.5890,17.0430,0.4480,97.0460,1.4490,2025-01-21 11:16:18,74.0
0.5740,17.0120,0.5710,96.99,1.4070,2025-01-21 11:16:18,74.0
0.5720,16.9390,0.3680,97.1140,1.4720,2025-01-21 11:16:18,74.0
0.5980,16.9770,0.6650,97.14,1.4920,2025-01-21 11:16:18,74.0
0.5850,16.9390,0.4060,97.0510,1.4290,2025-01-21 11:16:18,74.0
0.5710,16.9330,0.5560,96.9510,1.4810,2025-01-21 11:16:18,74.0
0.5690,16.9360,0.5740,97.0790,1.3970,2025-01-21 11:16:18,74.0
0.57,16.9430,0.5040,97.1820,1.3820,2025-01-21 11:16:18,74.0
0.58,17.04,0.4480,96.9630,1.4620,2025-01-21 12:51:23,75.0
0.5680,16.9550,0.3080,96.9610,1.4670,2025-01-21 12:51:23,75.0
0.6120,17.1340,0.2940,97.1130,1.5650,2025-01-21 12:51:23,75.0
0.6110,17.0150,0.4020,97.1430,1.5670,2025-01-21 12:51:23,75.0
0.5950,16.9550,0.3640,97.1580,1.5210,2025-01-21 12:51:23,75.0
0.5880,17.0620,0.2940,97.19,1.3920,2025-01-21 12:51:23,75.0
0.5980,17.0210,0.5040,97.1050,1.5390,2025-01-21 12:51:23,75.0
0.5630,17.0240,0.6410,97.0280,1.4070,2025-01-21 12:51:23,75.0
0.5980,16.9680,0.4830,97.1960,1.5850,2025-01-21 12:51:23,75.0
0.5740,16.9830,0.5920,97.02,1.4370,2025-01-21 12:51:23,75.0
0.5950,16.9170,0.4060,97.2880,1.4370,2025-01-21 12:51:23,75.0
0.58,16.8950,0.4870,96.9720,1.4690,2025-01-21 12:51:23,75.0
0.5840,16.9960,0.70,97.0570,1.4760,2025-01-21 12:51:23,75.0
0.5850,17.0090,0.6620,97.0250,1.4370,2025-01-21 12:51:23,75.0
0.5830,16.9520,0.4970,97.1450,1.4410,2025-01-21 12:51:23,75.0
0.5910,16.9140,0.5670,96.9630,1.4890,2025-01-21 12:51:23,75.0
0.5770,16.9430,0.4830,96.9180,1.4810,2025-01-21 12:51:23,75.0
0.5840,17.0210,0.4870,97.0330,1.4830,2025-01-21 12:51:23,75.0
0.5920,16.9960,0.5810,97.0660,1.4590,2025-01-21 12:51:23,75.0
0.59,17.04,0.34,96.9290,1.4660,2025-01-21 12:51:23,75.0
0.5990,17.1690,0.2660,96.92,1.4660,2025-01-21 19:16:42,76.0
0.5870,17.15,0.4940,96.9090,1.4670,2025-01-21 19:16:42,76.0
0.5720,17.1970,0.55,96.9690,1.3290,2025-01-21 19:16:42,76.0
0.5920,17.0870,0.5420,96.9340,1.4150,2025-01-21 19:16:42,76.0
0.5750,17.09,0.3710,97.0380,1.3850,2025-01-21 19:16:42,76.0
0.5850,16.9770,0.3710,97.0080,1.4690,2025-01-21 19:16:42,76.0
0.5940,16.9830,0.5710,97.0130,1.4140,2025-01-21 19:16:42,76.0
0.5780,16.9430,0.4340,97.02,1.3690,2025-01-21 19:16:42,76.0
0.5860,17.1370,0.3670,97.1520,1.4570,2025-01-21 19:16:42,76.0
0.5950,16.9360,0.5640,97.1660,1.3770,2025-01-21 19:16:42,76.0
0.6040,17.1190,0.5740,97.0540,1.4430,2025-01-21 19:16:42,76.0
0.5910,17.0020,0.7210,97.0240,1.3850,2025-01-21 19:16:42,76.0
0.6040,16.98,0.6830,96.9010,1.53,2025-01-21 19:16:42,76.0
0.5680,17.1220,0.6720,97.1620,1.3320,2025-01-21 19:16:42,76.0
0.5720,16.9460,0.5710,97.0830,1.3430,2025-01-21 19:16:42,76.0
0.60,17.0560,0.6510,97.0730,1.4180,2025-01-21 19:16:42,76.0
0.57,17.0210,0.4550,96.9680,1.4770,2025-01-21 19:16:42,76.0
0.5950,17.09,0.7810,97.1090,1.4410,2025-01-21 19:16:42,76.0
0.5870,17.0240,0.5710,96.9320,1.3550,2025-01-21 19:16:42,76.0
0.59,16.9770,0.5770,96.9590,1.42,2025-01-21 19:16:42,76.0
0.5910,17.1880,0.3890,96.9830,1.3440,2025-01-21 20:51:46,77.0
0.6140,17.0240,0.42,96.9190,1.5190,2025-01-21 20:51:46,77.0
0.5950,16.93,0.35,96.9680,1.4990,2025-01-21 20:51:46,77.0
0.6130,17.1440,0.3850,96.9890,1.3940,2025-01-21 20:51:46,77.0
0.5780,17.1340,0.4830,96.9530,1.3520,2025-01-21 20:51:46,77.0
0.5990,17.0270,0.5070,97.0830,1.5980,2025-01-21 20:51:46,77.0
0.6250,17.1030,0.3670,97.1360,1.4420,2025-01-21 20:51:46,77.0
0.5930,17.04,0.3850,97.1530,1.3460,2025-01-21 20:51:46,77.0
0.5780,17.0430,0.2450,96.9950,1.31,2025-01-21 20:51:46,77.0
0.5930,17.0090,0.3960,97.0170,1.4250,2025-01-21 20:51:46,77.0
0.5840,17.0430,0.3430,97.0070,1.4470,2025-01-21 20:51:46,77.0
0.5970,17.0270,0.5770,96.9820,1.45,2025-01-21 20:51:46,77.0
0.5730,16.98,0.4520,97.2460,1.4340,2025-01-21 20:51:46,77.0
0.5780,17.1940,0.3050,97.0490,1.3360,2025-01-21 20:51:46,77.0
0.5890,16.9580,0.4340,97.1420,1.3920,2025-01-21 20:51:46,77.0
0.5880,16.99,0.2870,96.9940,1.4250,2025-01-21 20:51:46,77.0
0.62,17.1910,0.3890,97.1480,1.4160,2025-01-21 20:51:46,77.0
0.5990,17.0210,0.3120,97.0290,1.46,2025-01-21 20:51:46,77.0
0.5690,17.0310,0.41,97.0740,1.3750,2025-01-21 20:51:46,77.0
0.5920,16.9580,0.4940,97.0510,1.3490,2025-01-21 20:51:46,77.0
0.5840,16.9680,0.5350,96.9050,1.4760,2025-01-22 11:11:32,78.0
0.5960,17.1060,0.5420,97.1240,1.4850,2025-01-22 11:11:32,78.0
0.5720,16.9520,0.7040,96.9540,1.4120,2025-01-22 11:11:32,78.0
0.5870,16.7570,0.5670,96.9520,1.4330,2025-01-22 11:11:32,78.0
0.5880,17.09,0.4940,96.9840,1.4350,2025-01-22 11:11:32,78.0
0.5560,16.9330,0.6090,96.9810,1.3450,2025-01-22 11:11:32,78.0
0.5740,16.9520,0.2770,97.07,1.4230,2025-01-22 11:11:32,78.0
0.5710,17.0050,0.2690,97.1740,1.3340,2025-01-22 11:11:32,78.0
0.5690,16.87,0.5530,97.0070,1.4350,2025-01-22 11:11:32,78.0
0.5980,16.9430,0.6160,97.0640,1.4740,2025-01-22 11:11:32,78.0
0.5690,16.9020,0.5740,96.9740,1.41,2025-01-22 11:11:32,78.0
0.6030,17.1030,0.56,96.9640,1.45,2025-01-22 11:11:32,78.0
0.57,16.9960,0.5880,96.9340,1.3820,2025-01-22 11:11:32,78.0
0.5870,16.9430,0.5350,96.9550,1.3930,2025-01-22 11:11:32,78.0
0.5850,16.9520,0.5430,97.0350,1.4530,2025-01-22 11:11:32,78.0
0.5920,16.9650,0.3460,97.1190,1.4090,2025-01-22 11:11:32,78.0
0.5910,16.9580,0.3360,96.9680,1.4530,2025-01-22 11:11:32,78.0
0.5980,16.9710,0.4230,97.1420,1.4660,2025-01-22 11:11:32,78.0
0.5710,17.0840,0.4480,97.1280,1.4390,2025-01-22 11:11:32,78.0
0.5980,16.9240,0.4580,97.0130,1.3330,2025-01-22 11:11:32,78.0
0.5590,16.8890,0.3710,96.9470,1.3620,2025-01-22 12:51:36,79.0
0.60,16.9520,0.4760,97.0570,1.4850,2025-01-22 12:51:36,79.0
0.5730,16.9050,0.50,96.9390,1.4140,2025-01-22 12:51:36,79.0
0.5740,17.0210,0.5490,96.9030,1.3480,2025-01-22 12:51:36,79.0
0.5770,17.0210,0.5250,97.1270,1.3660,2025-01-22 12:51:36,79.0
0.5780,17.0870,0.4860,96.9060,1.4180,2025-01-22 12:51:36,79.0
0.5860,16.8860,0.5670,97.0780,1.4790,2025-01-22 12:51:36,79.0
0.5970,17.0650,0.5640,97.1850,1.4550,2025-01-22 12:51:36,79.0
0.61,16.98,0.35,97.0550,1.4840,2025-01-22 12:51:36,79.0
0.5790,17.0120,0.3750,97.05,1.3810,2025-01-22 12:51:36,79.0
0.6040,17.0120,0.4550,97.1130,1.4260,2025-01-22 12:51:36,79.0
0.6010,17.0430,0.5110,97.0870,1.5160,2025-01-22 12:51:36,79.0
0.5660,16.8950,0.6510,97.1680,1.3890,2025-01-22 12:51:36,79.0
0.5910,16.9870,0.4270,97.0110,1.3790,2025-01-22 12:51:36,79.0
0.5940,16.9390,0.1790,96.9850,1.3950,2025-01-22 12:51:36,79.0
0.5740,17.0270,0.3710,96.9330,1.3470,2025-01-22 12:51:36,79.0
0.6190,17.0710,0.3850,97.0350,1.5120,2025-01-22 12:51:36,79.0
0.57,16.8890,0.3960,97.1620,1.3590,2025-01-22 12:51:36,79.0
0.5950,17.0310,0.4580,97.1650,1.4730,2025-01-22 12:51:36,79.0
0.5780,17.0020,0.3540,97.0050,1.3780,2025-01-22 12:51:36,79.0
0.5920,17.1150,0.43,96.95,1.4810,2025-01-22 19:06:48,80.0
0.5720,16.9360,0.5390,97.1760,1.3230,2025-01-22 19:06:48,80.0
0.5980,17.1090,0.4160,97.0320,1.46,2025-01-22 19:06:48,80.0
0.5770,17.0710,0.2760,96.9860,1.3730,2025-01-22 19:06:48,80.0
0.5980,17.1120,0.56,96.9810,1.4790,2025-01-22 19:06:48,80.0
0.5820,17.0270,0.49,96.8510,1.4550,2025-01-22 19:06:48,80.0
0.5770,16.9990,0.42,97.0320,1.3950,2025-01-22 19:06:48,80.0
0.5550,16.99,0.6650,96.9850,1.3420,2025-01-22 19:06:48,80.0
0.5890,16.9740,0.2940,96.9360,1.4410,2025-01-22 19:06:48,80.0
0.5580,16.9270,0.5290,97.09,1.3930,2025-01-22 19:06:48,80.0
0.5710,16.9650,0.4340,96.9990,1.2770,2025-01-22 19:06:48,80.0
0.5860,17.04,0.8120,97.0120,1.4340,2025-01-22 19:06:48,80.0
0.5760,17.0750,0.4270,97.0450,1.3970,2025-01-22 19:06:48,80.0
0.5760,16.9960,0.6480,96.9590,1.40,2025-01-22 19:06:48,80.0
0.5920,17.0270,0.41,97.0480,1.4740,2025-01-22 19:06:48,80.0
0.5540,16.9390,0.4970,97.1590,1.3360,2025-01-22 19:06:48,80.0
0.6160,17.0370,0.35,97.0510,1.4910,2025-01-22 19:06:48,80.0
0.6020,17.0240,0.5350,96.9640,1.4590,2025-01-22 19:06:48,80.0
0.59,17.0150,0.3890,97.0270,1.4930,2025-01-22 19:06:48,80.0
0.5920,16.9210,0.49,96.97,1.4930,2025-01-22 19:06:48,80.0
0.5790,17.0590,0.3710,97.0210,1.4170,2025-01-22 21:01:55,81.0
0.5830,17.1090,0.4510,97.1180,1.4190,2025-01-22 21:01:55,81.0
0.5690,17.09,0.4030,97.0530,1.2730,2025-01-22 21:01:55,81.0
0.58,17.0710,0.3780,97.2750,1.3510,2025-01-22 21:01:55,81.0
0.6010,17.1030,0.4510,97.3820,1.3990,2025-01-22 21:01:55,81.0
0.5820,17.0270,0.3810,97.0930,1.3740,2025-01-22 21:01:55,81.0
0.5920,17.0210,0.4690,97.0550,1.3330,2025-01-22 21:01:55,81.0
0.60,17.0870,0.3430,97.0790,1.3570,2025-01-22 21:01:55,81.0
0.5930,17.0240,0.63,97.0930,1.4460,2025-01-22 21:01:55,81.0
0.5710,17.0490,0.41,97.0540,1.3460,2025-01-22 21:01:55,81.0
0.5690,17.0560,0.34,97.0960,1.3730,2025-01-22 21:01:55,81.0
0.5770,16.9930,0.6020,96.8650,1.3640,2025-01-22 21:01:55,81.0
0.5650,16.9390,0.4550,97.0080,1.33,2025-01-22 21:01:55,81.0
0.5890,17.2850,0.7660,96.9380,1.44,2025-01-22 21:01:55,81.0
0.5880,17.1560,0.4380,96.9530,1.3910,2025-01-22 21:01:55,81.0
0.5780,16.9610,0.3920,96.9260,1.3110,2025-01-22 21:01:55,81.0
0.5860,16.9870,0.4970,97.0310,1.4370,2025-01-22 21:01:55,81.0
0.5880,17.0120,0.3250,97.1460,1.3860,2025-01-22 21:01:55,81.0
0.5690,16.9960,0.3330,97.0810,1.3150,2025-01-22 21:01:55,81.0
0.5790,16.93,0.6020,97.1070,1.3990,2025-01-22 21:01:55,81.0
0.5890,16.8770,0.3360,97.0030,1.43,2025-01-23 11:03:45,82.0
0.6090,16.9110,0.4450,97.22,1.5210,2025-01-23 11:03:45,82.0
0.56,16.8260,0.4860,97.0480,1.3580,2025-01-23 11:03:45,82.0
0.5980,17.0150,0.4970,97.37,1.4640,2025-01-23 11:03:45,82.0
0.6080,17.1060,0.4830,97.0230,1.4780,2025-01-23 11:03:45,82.0
0.5880,16.9430,0.3920,97.0310,1.4380,2025-01-23 11:03:45,82.0
0.5810,16.8990,0.4580,96.9540,1.3750,2025-01-23 11:03:45,82.0
0.5860,17.0620,0.3780,97.07,1.4130,2025-01-23 11:03:45,82.0
0.61,17.0810,0.3460,97.0140,1.4190,2025-01-23 11:03:45,82.0
0.5690,16.9550,0.5390,97.0340,1.3920,2025-01-23 11:03:45,82.0
0.6140,16.9270,0.3920,97.1220,1.4680,2025-01-23 11:03:45,82.0
0.6260,16.9770,0.5460,97.1170,1.4550,2025-01-23 11:03:45,82.0
0.5840,16.9870,0.42,96.9570,1.4820,2025-01-23 11:03:45,82.0
0.5950,17.0180,0.5530,97.0530,1.3720,2025-01-23 11:03:45,82.0
0.5920,16.9830,0.4270,97.12,1.4040,2025-01-23 11:03:45,82.0
0.5770,16.9520,0.5290,97.0630,1.4160,2025-01-23 11:03:45,82.0
0.5860,16.9650,0.4660,97.3040,1.4140,2025-01-23 11:03:45,82.0
0.5820,16.9460,0.5390,97.0860,1.4380,2025-01-23 11:03:45,82.0
0.5930,16.93,0.4870,97.1640,1.4170,2025-01-23 11:03:45,82.0
0.5670,16.7920,0.6440,97.6090,1.4130,2025-01-23 11:03:45,82.0
0.5890,16.9390,0.4760,97.0530,1.44,2025-01-23 12:48:50,83.0
0.5810,17.1030,0.5810,97.0060,1.4770,2025-01-23 12:48:50,83.0
0.5770,16.9770,0.3150,97.0060,1.3990,2025-01-23 12:48:50,83.0
0.6070,17.0310,0.4650,97.2160,1.5020,2025-01-23 12:48:50,83.0
0.5840,16.9490,0.3850,97.2310,1.4490,2025-01-23 12:48:50,83.0
0.5980,17.0270,0.4650,96.9070,1.4110,2025-01-23 12:48:50,83.0
0.6080,16.9680,0.5070,97.0750,1.5050,2025-01-23 12:48:50,83.0
0.5990,17.0120,0.5390,97.0420,1.4690,2025-01-23 12:48:50,83.0
0.5760,17.0210,0.3110,97.0380,1.44,2025-01-23 12:48:50,83.0
0.5810,16.9680,0.50,97.1090,1.4450,2025-01-23 12:48:50,83.0
0.5970,17.0710,0.6050,97.0370,1.4220,2025-01-23 12:48:50,83.0
0.6170,17.0270,0.3610,96.9930,1.47,2025-01-23 12:48:50,83.0
0.5880,16.9240,0.3850,97.1410,1.4420,2025-01-23 12:48:50,83.0
0.5830,17.0460,0.4130,97.1010,1.4930,2025-01-23 12:48:50,83.0
0.5940,16.9650,0.5040,96.9360,1.4370,2025-01-23 12:48:50,83.0
0.5890,16.9170,0.4410,97.25,1.46,2025-01-23 12:48:50,83.0
0.60,17.0490,0.41,97.0220,1.4880,2025-01-23 12:48:50,83.0
0.5620,16.98,0.2420,96.96,1.3690,2025-01-23 12:48:50,83.0
0.5660,17.0240,0.5110,96.9710,1.37,2025-01-23 12:48:50,83.0
0.5640,16.9990,0.6120,96.9780,1.4080,2025-01-23 12:48:50,83.0
0.5810,17.0430,0.2070,96.9920,1.4580,2025-01-23 19:04:02,84.0
0.6060,17.0490,0.3890,96.9990,1.4830,2025-01-23 19:04:02,84.0
0.5890,17.0560,0.4940,97.0620,1.3870,2025-01-23 19:04:02,84.0
0.5920,16.9430,0.5640,97.0060,1.3640,2025-01-23 19:04:02,84.0
0.5780,16.9390,0.6650,97.0330,1.3950,2025-01-23 19:04:02,84.0
0.5760,17.0150,0.49,96.9940,1.3680,2025-01-23 19:04:02,84.0
0.5870,17.0810,0.3750,97.06,1.4050,2025-01-23 19:04:02,84.0
0.5880,16.9210,0.5150,96.9410,1.4050,2025-01-23 19:04:02,84.0
0.5790,17.0090,0.2660,97.0490,1.3920,2025-01-23 19:04:02,84.0
0.5790,17.0270,0.4270,96.98,1.3650,2025-01-23 19:04:02,84.0
0.5780,17.0150,0.34,96.9050,1.4130,2025-01-23 19:04:02,84.0
0.6160,17.1560,0.6270,97.0440,1.4260,2025-01-23 19:04:02,84.0
0.5810,16.99,0.4270,96.9930,1.4080,2025-01-23 19:04:02,84.0
0.5860,16.9110,0.4270,97.0510,1.4490,2025-01-23 19:04:02,84.0
0.5960,16.98,0.4380,97.0310,1.38,2025-01-23 19:04:02,84.0
0.5840,17.0240,0.42,97.1060,1.3690,2025-01-23 19:04:02,84.0
0.5930,17.0530,0.5150,97.08,1.3810,2025-01-23 19:04:02,84.0
0.6010,17.10,0.4970,97.0640,1.4040,2025-01-23 19:04:02,84.0
0.5780,17.04,0.2480,97.0720,1.45,2025-01-23 19:04:02,84.0
0.5930,17.0590,0.4440,96.9710,1.3970,2025-01-23 19:04:02,84.0
0.6040,17.0490,0.6860,97.1370,1.4580,2025-01-23 20:59:10,85.0
0.5920,16.9580,0.6480,97.0230,1.4230,2025-01-23 20:59:10,85.0
0.6220,16.9710,0.5210,97.2240,1.5340,2025-01-23 20:59:10,85.0
0.59,16.9650,0.6090,96.9790,1.4630,2025-01-23 20:59:10,85.0
0.6080,17.1150,0.5180,97.1640,1.4110,2025-01-23 20:59:10,85.0
0.5840,17.0560,0.7840,96.9730,1.3930,2025-01-23 20:59:10,85.0
0.6060,17.1410,0.5210,97.0490,1.4960,2025-01-23 20:59:10,85.0
0.6150,17.0840,0.5070,97.0690,1.5160,2025-01-23 20:59:10,85.0
0.6090,17.2030,0.4970,97.0720,1.4480,2025-01-23 20:59:10,85.0
0.5870,17.0680,0.5980,97.0240,1.3720,2025-01-23 20:59:10,85.0
0.5780,16.9710,0.6090,97.0480,1.4520,2025-01-23 20:59:10,85.0
0.5790,17.1720,0.56,97.0190,1.4350,2025-01-23 20:59:10,85.0
0.5990,17.0090,0.49,97.0110,1.4810,2025-01-23 20:59:10,85.0
0.5890,17.1370,0.5710,97.0040,1.4050,2025-01-23 20:59:10,85.0
0.60,16.9710,0.5910,97.3570,1.4330,2025-01-23 20:59:10,85.0
0.59,17.1310,0.3920,96.9970,1.3910,2025-01-23 20:59:10,85.0
0.5960,17.1630,0.5150,97.05,1.3860,2025-01-23 20:59:10,85.0
0.5790,16.9770,0.5640,97.02,1.4130,2025-01-23 20:59:10,85.0
0.5840,17.0490,0.3850,97.1610,1.4250,2025-01-23 20:59:10,85.0
0.5940,17.0150,0.5910,97.0840,1.4170,2025-01-23 20:59:10,85.0
0.5920,17.0490,0.5670,96.9090,1.4110,2025-01-24 11:11:02,86.0
0.5870,16.9330,0.5350,97.0390,1.4030,2025-01-24 11:11:02,86.0
0.5910,16.8950,0.6650,97.18,1.4120,2025-01-24 11:11:02,86.0
0.58,17.0090,0.6160,97.1830,1.4350,2025-01-24 11:11:02,86.0
0.5870,16.9430,0.5080,97.1140,1.4230,2025-01-24 11:11:02,86.0
0.5750,16.9650,0.4380,96.9610,1.40,2025-01-24 11:11:02,86.0
0.5760,16.9240,0.6230,97.0430,1.42,2025-01-24 11:11:02,86.0
0.6010,16.9930,0.3920,97.14,1.4320,2025-01-24 11:11:02,86.0
0.5910,16.9710,0.5780,97.08,1.3910,2025-01-24 11:11:02,86.0
0.5750,16.9710,0.5390,97.1550,1.3050,2025-01-24 11:11:02,86.0
0.5870,16.9580,0.5430,97.0810,1.4260,2025-01-24 11:11:02,86.0
0.5740,17.0460,0.5740,97.0180,1.3850,2025-01-24 11:11:02,86.0
0.5960,17.1780,0.7530,97.0660,1.4140,2025-01-24 11:11:02,86.0
0.5750,16.9550,0.49,97.2430,1.3550,2025-01-24 11:11:02,86.0
0.5750,16.9270,0.5290,97.0850,1.3910,2025-01-24 11:11:02,86.0
0.5970,16.9080,0.3990,96.9830,1.3960,2025-01-24 11:11:02,86.0
0.5830,16.9240,0.5530,96.9910,1.4160,2025-01-24 11:11:02,86.0
0.5950,17.0430,0.5210,97.0070,1.4340,2025-01-24 11:11:02,86.0
0.58,16.9210,0.5040,97.07,1.3920,2025-01-24 11:11:02,86.0
0.5960,17.0240,0.5290,97.0290,1.4110,2025-01-24 11:11:02,86.0
0.5960,16.9490,0.5290,96.8960,1.4120,2025-01-24 12:51:04,87.0
0.5950,17.1060,0.6060,97.0660,1.4080,2025-01-24 12:51:04,87.0
0.5840,17.0050,0.5350,97.0270,1.3690,2025-01-24 12:51:04,87.0
0.5980,16.9520,0.4270,97.09,1.4830,2025-01-24 12:51:04,87.0
0.5880,16.9430,0.4030,97.1830,1.4440,2025-01-24 12:51:04,87.0
0.5860,17.0340,0.42,97.1430,1.3820,2025-01-24 12:51:04,87.0
0.5880,17.0750,0.5250,96.9130,1.3270,2025-01-24 12:51:04,87.0
0.59,17.0490,0.3750,96.9720,1.4140,2025-01-24 12:51:04,87.0
0.5890,17.0650,0.5910,97.2310,1.3880,2025-01-24 12:51:04,87.0
0.5620,16.9080,0.3880,97.1070,1.3890,2025-01-24 12:51:04,87.0
0.5770,17.0590,0.85,97.0670,1.3950,2025-01-24 12:51:04,87.0
0.5620,16.9330,0.6620,96.9990,1.2860,2025-01-24 12:51:04,87.0
0.5980,17.0460,0.4550,97.2920,1.4640,2025-01-24 12:51:04,87.0
0.5820,16.9680,0.5110,96.9350,1.46,2025-01-24 12:51:04,87.0
0.5810,16.8360,0.8750,97.0390,1.41,2025-01-24 12:51:04,87.0
0.6010,17.0050,0.5950,97.1810,1.4440,2025-01-24 12:51:04,87.0
0.5630,16.9210,0.5390,97.0350,1.3280,2025-01-24 12:51:04,87.0
0.5890,16.98,0.5350,96.9860,1.3790,2025-01-24 12:51:04,87.0
0.6040,16.9740,0.5920,97.1530,1.4140,2025-01-24 12:51:04,87.0
0.5960,17.0710,0.5990,97.11,1.4640,2025-01-24 12:51:04,87.0
0.5990,17.0680,0.4240,97.0910,1.3560,2025-01-24 19:06:19,88.0
0.6090,16.9830,0.5210,96.94,1.4560,2025-01-24 19:06:19,88.0
0.5910,17.1150,0.3050,96.8790,1.2510,2025-01-24 19:06:19,88.0
0.5940,17.1410,0.4270,96.8740,1.3660,2025-01-24 19:06:19,88.0
0.5960,17.0460,0.5950,97.1320,1.4270,2025-01-24 19:06:19,88.0
0.57,16.9710,0.6060,97.0430,1.3280,2025-01-24 19:06:19,88.0
0.57,17.0970,0.5360,97.08,1.3730,2025-01-24 19:06:19,88.0
0.5870,17.0370,0.5530,97.1610,1.4430,2025-01-24 19:06:19,88.0
0.5950,17.1090,0.5530,96.9820,1.3730,2025-01-24 19:06:19,88.0
0.5940,17.0460,0.3920,97.1440,1.3940,2025-01-24 19:06:19,88.0
0.5960,17.0810,0.4620,97.1450,1.3410,2025-01-24 19:06:19,88.0
0.5880,17.1090,0.56,97.0280,1.3770,2025-01-24 19:06:19,88.0
0.61,17.1440,0.4270,97.1150,1.4520,2025-01-24 19:06:19,88.0
0.6010,17.2160,0.4520,97.1010,1.4190,2025-01-24 19:06:19,88.0
0.6120,17.1690,0.2350,96.9850,1.49,2025-01-24 19:06:19,88.0
0.5970,17.0710,0.3430,96.9620,1.3570,2025-01-24 19:06:19,88.0
0.5990,17.1660,0.4270,97.1130,1.3790,2025-01-24 19:06:19,88.0
0.6030,17.1590,0.4410,97.0610,1.4390,2025-01-24 19:06:19,88.0
0.5820,16.93,0.4550,96.9060,1.3710,2025-01-24 19:06:19,88.0
0.5730,16.9870,0.5530,96.8770,1.3460,2025-01-24 19:06:19,88.0
0.6030,17.0590,0.6930,97.0210,1.45,2025-01-24 20:56:25,89.0
0.60,17.09,0.4380,96.98,1.4210,2025-01-24 20:56:25,89.0
0.5670,16.98,0.42,96.9430,1.3780,2025-01-24 20:56:25,89.0
0.5750,17.1630,0.49,97.1710,1.32,2025-01-24 20:56:25,89.0
0.59,16.99,0.6020,97.1050,1.4030,2025-01-24 20:56:25,89.0
0.5840,17.0490,0.5670,97.1120,1.3840,2025-01-24 20:56:25,89.0
0.5890,17.1220,0.4380,97.1130,1.4340,2025-01-24 20:56:25,89.0
0.5980,17.0020,0.4170,97.06,1.3870,2025-01-24 20:56:25,89.0
0.5850,17.1030,0.3780,96.9080,1.37,2025-01-24 20:56:25,89.0
0.5770,16.9770,0.4130,97.0550,1.3490,2025-01-24 20:56:25,89.0
0.5930,17.0870,0.3610,96.9420,1.42,2025-01-24 20:56:25,89.0
0.5880,17.0430,0.69,97.0060,1.4080,2025-01-24 20:56:25,89.0
0.5970,17.0020,0.5180,97.1980,1.4140,2025-01-24 20:56:25,89.0
0.60,16.9990,0.5250,97.0990,1.4530,2025-01-24 20:56:25,89.0
0.6050,17.0530,0.5530,97.0270,1.43,2025-01-24 20:56:25,89.0
0.5810,17.0120,0.5210,96.9790,1.3980,2025-01-24 20:56:25,89.0
0.6040,17.0530,0.50,97.1350,1.4850,2025-01-24 20:56:25,89.0
0.58,16.9460,0.6090,97.2160,1.2970,2025-01-24 20:56:25,89.0
0.5840,17.0930,0.35,97.0530,1.3640,2025-01-24 20:56:25,89.0
0.5810,16.9830,0.4650,96.9370,1.45,2025-01-24 20:56:25,89.0
0.5740,16.9550,0.3570,96.8740,1.4810,2025-02-10 20:09:01,90.0
0.5960,16.9240,0.28,96.9820,1.4640,2025-02-10 20:09:01,90.0
0.5960,16.9710,0.5110,96.8780,1.49,2025-02-10 20:09:01,90.0
0.5710,16.9170,0.3750,97.3350,1.4090,2025-02-10 20:09:01,90.0
0.5750,16.9960,0.3780,96.9840,1.2970,2025-02-10 20:09:01,90.0
0.6090,16.9770,0.4550,97.5520,1.5480,2025-02-10 20:09:01,90.0
0.5840,17.0210,0.4520,96.7550,1.5020,2025-02-10 20:09:01,90.0
0.5940,17.0460,0.5180,97.5740,1.4720,2025-02-10 20:09:01,90.0
0.5840,16.9930,0.4270,96.8340,1.44,2025-02-10 20:09:01,90.0
0.6170,17.0050,0.4550,97.57,1.4680,2025-02-10 20:09:01,90.0
0.60,16.9770,0.5950,97.54,1.47,2025-02-10 20:09:01,90.0
0.5640,16.8510,0.6370,96.9760,1.4540,2025-02-10 20:09:01,90.0
0.5780,16.8990,0.4130,96.9740,1.5020,2025-02-10 20:09:01,90.0
0.6080,16.9610,0.4730,97.4730,1.4720,2025-02-10 20:09:01,90.0
0.5730,16.8140,0.5320,97.5880,1.5710,2025-02-10 20:09:01,90.0
0.6060,17.0120,0.6340,97.6260,1.5670,2025-02-10 20:09:01,90.0
0.5890,16.8730,0.6620,96.92,1.4790,2025-02-10 20:09:01,90.0
0.5840,16.8170,0.4520,97.6060,1.4930,2025-02-10 20:09:01,90.0
0.5770,16.9080,0.4730,96.9320,1.41,2025-02-10 20:09:01,90.0
0.5550,16.8040,0.5350,97.0130,1.4120,2025-02-10 20:09:01,90.0
0.5630,16.8580,0.8160,97.4330,1.3950,2025-02-10 20:19:02,91.0
0.6060,16.9390,0.5810,97.0730,1.4380,2025-02-10 20:19:02,91.0
0.56,16.8920,0.5110,97.2990,1.45,2025-02-10 20:19:02,91.0
0.5780,16.9610,0.5180,97.1680,1.4360,2025-02-10 20:19:02,91.0
0.5720,16.8920,0.6720,97.2880,1.4560,2025-02-10 20:19:02,91.0
0.5650,16.9110,0.6330,97.0010,1.35,2025-02-10 20:19:02,91.0
0.5690,16.8260,0.6790,97.6010,1.4280,2025-02-10 20:19:02,91.0
0.5940,16.8950,0.4550,96.9450,1.4320,2025-02-10 20:19:02,91.0
0.58,17.0090,0.5430,97.0270,1.44,2025-02-10 20:19:02,91.0
0.5750,16.8920,0.5390,97.4540,1.4130,2025-02-10 20:19:02,91.0
0.5930,16.9360,0.4310,97.1010,1.4670,2025-02-10 20:19:02,91.0
0.6040,16.9550,0.5770,97.5190,1.5410,2025-02-10 20:19:02,91.0
0.5740,16.8670,0.3740,97.3810,1.4510,2025-02-10 20:19:02,91.0
0.5940,17.1630,0.6410,97.5040,1.4970,2025-02-10 20:19:02,91.0
0.5630,16.8480,0.64,97.4730,1.46,2025-02-10 20:19:02,91.0
0.5810,17.0460,0.5910,97.4530,1.4910,2025-02-10 20:19:02,91.0
0.58,17.0310,0.4550,97.6290,1.4460,2025-02-10 20:19:02,91.0
0.5740,16.9360,0.5350,96.8860,1.50,2025-02-10 20:19:02,91.0
0.5870,16.98,0.5180,97.3530,1.4370,2025-02-10 20:19:02,91.0
0.5870,16.9830,0.5040,97.5260,1.4870,2025-02-10 20:19:02,91.0
0.5630,16.8990,0.5180,96.9970,1.3890,2025-02-10 20:34:05,92.0
0.5520,16.8510,0.4170,97.4440,1.3770,2025-02-10 20:34:05,92.0
0.5640,16.8360,0.6020,96.9120,1.4390,2025-02-10 20:34:05,92.0
0.5830,16.9240,0.2840,96.9140,1.3920,2025-02-10 20:34:05,92.0
0.5780,16.9830,0.6120,96.9570,1.4760,2025-02-10 20:34:05,92.0
0.5680,16.93,0.3750,97.6530,1.43,2025-02-10 20:34:05,92.0
0.5940,16.9360,0.5460,96.9760,1.4820,2025-02-10 20:34:05,92.0
0.5940,17.0180,0.2730,96.8330,1.3820,2025-02-10 20:34:05,92.0
0.5780,16.9990,0.3710,97.6440,1.4760,2025-02-10 20:34:05,92.0
0.5580,16.8640,0.4790,96.8950,1.3480,2025-02-10 20:34:05,92.0
0.5860,17.0370,0.4650,97.4810,1.4370,2025-02-10 20:34:05,92.0
0.5830,16.9210,0.55,97.5610,1.4590,2025-02-10 20:34:05,92.0
0.5690,16.8450,0.7040,97.4730,1.4380,2025-02-10 20:34:05,92.0
0.6090,17.0180,0.50,97.5640,1.5490,2025-02-10 20:34:05,92.0
0.6020,17.0020,0.3570,97.5250,1.4340,2025-02-10 20:34:05,92.0
0.55,16.8510,0.6580,96.9250,1.3790,2025-02-10 20:34:05,92.0
0.5860,16.8770,0.4340,97.4840,1.4260,2025-02-10 20:34:05,92.0
0.6010,17.10,0.2730,97.2730,1.4970,2025-02-10 20:34:05,92.0
0.5660,16.9140,0.3710,96.7630,1.4650,2025-02-10 20:34:05,92.0
0.6150,17.1440,0.5390,97.4040,1.5720,2025-02-10 20:54:07,93.0
0.5840,17.0210,0.5070,97.4530,1.4670,2025-02-10 20:54:07,93.0
0.5840,17.0970,0.5110,97.0690,1.4480,2025-02-10 20:54:07,93.0
0.5910,16.8830,0.3680,97.0970,1.4640,2025-02-10 20:54:07,93.0
0.5750,16.9520,0.5740,97.0580,1.4540,2025-02-10 20:54:07,93.0
0.59,17.04,0.4410,97.4930,1.4710,2025-02-10 20:54:07,93.0
0.5920,16.9390,0.3250,97.7540,1.4790,2025-02-10 20:54:07,93.0
0.5930,17.0020,0.4580,96.9830,1.4650,2025-02-10 20:54:07,93.0
0.5730,16.9680,0.49,97.1670,1.3880,2025-02-10 20:54:07,93.0
0.58,16.9240,0.3110,97.68,1.4680,2025-02-10 20:54:07,93.0
0.5770,16.8420,0.6060,97.5760,1.3830,2025-02-10 20:54:07,93.0
0.59,17.0270,0.3290,97.4660,1.4550,2025-02-10 20:54:07,93.0
0.5630,16.9990,0.49,96.9890,1.4110,2025-02-10 20:54:07,93.0
0.5830,16.9430,0.3710,97.5050,1.4360,2025-02-10 20:54:07,93.0
0.6020,16.9930,0.6120,97.3090,1.5280,2025-02-10 20:54:07,93.0
0.60,17.0090,0.4940,97.4440,1.5230,2025-02-10 20:54:07,93.0
0.5650,16.9430,0.5770,96.99,1.3710,2025-02-10 20:54:07,93.0
0.5730,16.9110,0.3850,97.0050,1.4550,2025-02-10 20:54:07,93.0
0.5970,16.9390,0.5150,97.5230,1.4210,2025-02-10 20:54:07,93.0
0.5980,16.9580,0.5430,97.5880,1.5180,2025-02-10 20:54:07,93.0
0.5710,16.9170,0.4730,96.9710,1.3660,2025-02-10 21:14:11,94.0
0.5820,16.9550,0.4170,97.1220,1.4160,2025-02-10 21:14:11,94.0
0.5650,16.83,0.5110,97.2760,1.4570,2025-02-10 21:14:11,94.0
0.56,17.0270,0.42,97.0210,1.45,2025-02-10 21:14:11,94.0
0.57,16.8510,0.5150,96.9790,1.3670,2025-02-10 21:14:11,94.0
0.5670,17.0050,0.3710,97.1060,1.4640,2025-02-10 21:14:11,94.0
0.6040,16.9770,0.4520,96.9590,1.4760,2025-02-10 21:14:11,94.0
0.5660,16.9080,0.5710,97.0580,1.35,2025-02-10 21:14:11,94.0
0.5780,16.9710,0.62,96.8850,1.5030,2025-02-10 21:14:11,94.0
0.5910,17.0490,0.6330,97.4730,1.4270,2025-02-10 21:14:11,94.0
0.5950,16.9270,0.56,96.9040,1.4730,2025-02-10 21:14:11,94.0
0.56,16.8450,0.5640,97.0360,1.3310,2025-02-10 21:14:11,94.0
0.6510,16.9770,0.4380,97.5540,1.5430,2025-02-10 21:14:11,94.0
0.5850,17.0870,0.4020,97.4950,1.5060,2025-02-10 21:14:11,94.0
0.5830,16.8230,0.5640,96.9930,1.4530,2025-02-10 21:14:11,94.0
0.5810,17.0270,0.6160,96.8750,1.5180,2025-02-10 21:14:11,94.0
0.5950,17.04,0.5710,97.5570,1.4880,2025-02-10 21:14:11,94.0
0.6020,17.0180,0.3010,97.4260,1.4910,2025-02-10 21:14:11,94.0
0.5920,16.9710,0.4380,97.5650,1.4540,2025-02-10 21:14:11,94.0
0.5850,16.8770,0.48,97.5310,1.4070,2025-02-10 21:14:11,94.0
0.5970,17.0930,0.50,97.07,1.4180,2025-02-11 14:38:28,95.0
0.5840,17.1120,0.4170,97.0730,1.4640,2025-02-11 14:38:28,95.0
0.6180,17.0430,0.3740,97.1640,1.5260,2025-02-11 14:38:28,95.0
0.6060,16.9710,0.8750,97.1840,1.4980,2025-02-11 14:38:28,95.0
0.5730,16.9330,0.4580,97.0730,1.3670,2025-02-11 14:38:28,95.0
0.5980,17.0310,0.3960,97.1370,1.4580,2025-02-11 14:38:28,95.0
0.5850,17.0650,0.3460,97.1810,1.48,2025-02-11 14:38:28,95.0
0.59,16.9520,0.4340,97.0570,1.3820,2025-02-11 14:38:28,95.0
0.55,16.8830,0.28,97.0750,1.3130,2025-02-11 14:38:28,95.0
0.6090,17.0370,0.3220,97.2020,1.4770,2025-02-11 14:38:28,95.0
0.5970,17.0590,0.4130,97.10,1.3890,2025-02-11 14:38:28,95.0
0.6060,17.0840,0.5350,97.4070,1.5380,2025-02-11 14:38:28,95.0
0.5860,17.0120,0.50,96.9470,1.4510,2025-02-11 14:38:28,95.0
0.5870,17.0840,0.4060,97.0830,1.5090,2025-02-11 14:38:28,95.0
0.6040,17.0240,0.4410,97.0350,1.4940,2025-02-11 14:38:28,95.0
0.5940,16.9460,0.5640,97.1520,1.4720,2025-02-11 14:38:28,95.0
0.5760,17.0050,0.55,97.2140,1.4440,2025-02-11 14:38:28,95.0
0.5740,17.0240,0.3670,97.3430,1.4250,2025-02-11 14:38:28,95.0
0.6020,17.0340,0.3470,97.1680,1.5160,2025-02-11 14:38:28,95.0
0.5870,16.87,0.2770,97.5220,1.5070,2025-02-11 14:38:28,95.0
0.6030,17.0810,0.4650,96.9370,1.5270,2025-02-11 19:28:39,96.0
0.59,17.0180,0.4730,97.1340,1.4570,2025-02-11 19:28:39,96.0
0.5860,17.0460,0.3320,97.1240,1.4990,2025-02-11 19:28:39,96.0
0.5750,16.9990,0.3960,97.0550,1.4070,2025-02-11 19:28:39,96.0
0.5890,16.9870,0.5040,97.0740,1.4720,2025-02-11 19:28:39,96.0
0.6070,17.1150,0.4590,97.0610,1.4970,2025-02-11 19:28:39,96.0
0.5950,17.0090,0.5210,97.0530,1.4940,2025-02-11 19:28:39,96.0
0.5850,16.9210,0.4230,97.1360,1.4860,2025-02-11 19:28:39,96.0
0.5810,17.0750,0.49,97.04,1.4050,2025-02-11 19:28:39,96.0
0.5870,17.04,0.3150,97.1890,1.4510,2025-02-11 19:28:39,96.0
0.5750,17.1250,0.5290,97.11,1.3280,2025-02-11 19:28:39,96.0
0.5810,16.9990,0.4130,97.2570,1.4610,2025-02-11 19:28:39,96.0
0.57,16.9990,0.3640,97.0950,1.4220,2025-02-11 19:28:39,96.0
0.5920,17.0620,0.55,97.0620,1.5090,2025-02-11 19:28:39,96.0
0.5690,16.9550,0.2660,97.0910,1.3230,2025-02-11 19:28:39,96.0
0.5670,16.9360,0.4520,97.0630,1.4480,2025-02-11 19:28:39,96.0
0.5660,16.9020,0.4520,97.1410,1.36,2025-02-11 19:28:39,96.0
0.5640,16.9210,0.4550,97.0790,1.4380,2025-02-11 19:28:39,96.0
0.5610,16.9210,0.5350,97.1440,1.3560,2025-02-11 19:28:39,96.0
0.5560,16.9460,0.5220,97.1230,1.45,2025-02-11 19:28:39,96.0
0.5620,17.0490,0.34,97.04,1.4240,2025-02-11 20:53:46,97.0
0.6050,17.1530,0.7560,97.04,1.50,2025-02-11 20:53:46,97.0
0.5920,17.0780,0.3610,97.1240,1.4440,2025-02-11 20:53:46,97.0
0.5890,17.0050,0.6480,97.1360,1.4460,2025-02-11 20:53:46,97.0
0.6030,17.1880,0.3460,97.02,1.5460,2025-02-11 20:53:46,97.0
0.5830,16.9580,0.3470,97.0610,1.3410,2025-02-11 20:53:46,97.0
0.5960,17.1120,0.3950,97.0040,1.4340,2025-02-11 20:53:46,97.0
0.5740,16.93,0.4790,97.1460,1.3770,2025-02-11 20:53:46,97.0
0.5810,16.9550,0.3710,97.2130,1.4330,2025-02-11 20:53:46,97.0
0.5770,17.0340,0.3710,97.2840,1.4440,2025-02-11 20:53:46,97.0
0.5870,16.9080,0.4760,96.91,1.4320,2025-02-11 20:53:46,97.0
0.5840,16.9520,0.4310,97.1440,1.4410,2025-02-11 20:53:46,97.0
0.6170,17.1280,0.4340,97.1570,1.4480,2025-02-11 20:53:46,97.0
0.56,16.8420,0.6690,97.2630,1.4030,2025-02-11 20:53:46,97.0
0.5790,16.9580,0.3360,97.0810,1.3750,2025-02-11 20:53:46,97.0
0.5710,16.9460,0.4440,96.9970,1.37,2025-02-11 20:53:46,97.0
0.5960,17.0310,0.5910,97.0920,1.4540,2025-02-11 20:53:46,97.0
0.5690,16.93,0.4660,97.0880,1.3870,2025-02-11 20:53:46,97.0
0.5920,17.0530,0.4020,97.4150,1.42,2025-02-11 20:53:46,97.0
0.5830,16.9140,0.50,96.97,1.4120,2025-02-11 20:53:46,97.0
0.5980,17.0020,0.3880,97.1410,1.5410,2025-02-12 19:54:26,98.0
0.5730,16.99,0.4020,97.0870,1.47,2025-02-12 19:54:26,98.0
0.5830,16.88,0.3850,97.0170,1.4190,2025-02-12 19:54:26,98.0
0.5930,16.9990,0.6230,97.0280,1.4630,2025-02-12 19:54:26,98.0
0.5980,17.0310,0.50,96.9890,1.4920,2025-02-12 19:54:26,98.0
0.6010,16.9870,0.5250,97.0630,1.5160,2025-02-12 19:54:26,98.0
0.6180,17.0930,0.4270,96.9610,1.5030,2025-02-12 19:54:26,98.0
0.5790,16.9710,0.2480,97.0770,1.5080,2025-02-12 19:54:26,98.0
0.5880,16.8550,0.4730,97.1660,1.5190,2025-02-12 19:54:26,98.0
0.5910,16.9770,0.7240,97.0180,1.4910,2025-02-12 19:54:26,98.0
0.5890,16.9930,0.4340,97.0550,1.4670,2025-02-12 19:54:26,98.0
0.5940,17.0650,0.4660,97.0850,1.4650,2025-02-12 19:54:26,98.0
0.5970,17.0490,0.3570,97.2560,1.4560,2025-02-12 19:54:26,98.0
0.5940,17.0340,0.41,96.9840,1.4650,2025-02-12 19:54:26,98.0
0.5920,17.1120,0.4170,97.1050,1.5050,2025-02-12 19:54:26,98.0
0.5930,16.9830,0.5290,97.1920,1.4950,2025-02-12 19:54:26,98.0
0.5770,16.8510,0.43,97.18,1.5030,2025-02-12 19:54:26,98.0
0.5850,16.9960,0.4830,97.25,1.4630,2025-02-12 19:54:26,98.0
0.60,16.9710,0.5070,96.9260,1.5160,2025-02-12 19:54:26,98.0
0.6080,17.0270,0.4720,97.0160,1.5380,2025-02-12 19:54:26,98.0
0.6010,16.9830,0.4060,97.4740,1.5360,2025-02-13 13:06:00,99.0
0.6070,17.1630,0.5040,97.2320,1.3920,2025-02-13 13:06:00,99.0
0.6040,17.0020,0.5560,97.0430,1.4240,2025-02-13 13:06:00,99.0
0.5610,16.8580,0.5570,96.9920,1.3820,2025-02-13 13:06:00,99.0
0.5930,16.9270,0.5150,97.1110,1.5390,2025-02-13 13:06:00,99.0
0.5840,16.9240,0.5560,97.2960,1.4840,2025-02-13 13:06:00,99.0
0.5860,17.0240,0.4380,97.1140,1.4780,2025-02-13 13:06:00,99.0
0.5960,17.0310,0.2690,97.1280,1.4810,2025-02-13 13:06:00,99.0
0.5860,16.99,0.6160,97.15,1.4850,2025-02-13 13:06:00,99.0
0.5880,16.9390,0.5010,97.1930,1.4540,2025-02-13 13:06:00,99.0
0.5710,16.9990,0.4940,97.1890,1.3930,2025-02-13 13:06:00,99.0
0.56,16.8040,0.5080,97.1890,1.3860,2025-02-13 13:06:00,99.0
0.56,17.0560,0.3780,97.1760,1.3970,2025-02-13 13:06:00,99.0
0.5670,16.9050,0.2690,97.1920,1.4450,2025-02-13 13:06:00,99.0
0.56,16.9960,0.5810,97.1450,1.4630,2025-02-13 13:06:00,99.0
0.5640,16.8770,0.4580,96.9390,1.3710,2025-02-13 13:06:00,99.0
0.56,17.0370,0.5460,97.0240,1.2650,2025-02-13 13:06:00,99.0
0.5630,16.9330,0.6120,97.2710,1.4190,2025-02-13 13:06:00,99.0
0.6010,17.0120,0.5360,97.0980,1.4340,2025-02-13 13:06:00,99.0
0.56,16.9870,0.63,97.1110,1.3480,2025-02-13 13:06:00,99.0
0.5870,17.09,0.4970,96.9420,1.4890,2025-02-13 19:46:19,100.0
0.5820,17.1370,0.3750,97.1050,1.5560,2025-02-13 19:46:19,100.0
0.5780,17.0930,0.56,97,1.5250,2025-02-13 19:46:19,100.0
0.59,17.0210,0.4410,97.2680,1.5340,2025-02-13 19:46:19,100.0
0.5540,16.8610,0.4620,97.17,1.4610,2025-02-13 19:46:19,100.0
0.5710,17.0050,0.3670,96.9530,1.4790,2025-02-13 19:46:19,100.0
0.5790,17.0240,0.4970,97.2170,1.5480,2025-02-13 19:46:19,100.0
0.5790,16.9990,0.4760,96.9790,1.4850,2025-02-13 19:46:19,100.0
0.5810,16.9140,0.4790,97.3090,1.5450,2025-02-13 19:46:19,100.0
0.60,16.9520,0.3880,97.2370,1.5450,2025-02-13 19:46:19,100.0
0.5820,16.9550,0.3960,97.2290,1.6190,2025-02-13 19:46:19,100.0
0.5890,17.0590,0.4380,97.1340,1.5430,2025-02-13 19:46:19,100.0
0.5880,16.9360,0.3710,97.1540,1.6310,2025-02-13 19:46:19,100.0
0.59,17.0870,0.5290,97.19,1.5210,2025-02-13 19:46:19,100.0
0.5880,16.8890,0.4870,97.1170,1.6450,2025-02-13 19:46:19,100.0
0.5890,17.0020,0.5460,97.09,1.5350,2025-02-13 19:46:19,100.0
0.57,16.9550,0.5210,97.1360,1.48,2025-02-13 19:46:19,100.0
0.5940,17.10,0.4730,97.2310,1.65,2025-02-13 19:46:19,100.0
0.5560,16.9140,0.6860,97.0740,1.4570,2025-02-13 19:46:19,100.0
0.57,16.9490,0.5220,97.1210,1.5380,2025-02-13 19:46:19,100.0
0.5980,16.9770,0.4620,97.1630,1.5170,2025-02-13 20:46:23,101.0
0.60,17.0020,0.5770,97.1230,1.5350,2025-02-13 20:46:23,101.0
0.5780,16.98,0.6440,97.3160,1.4430,2025-02-13 20:46:23,101.0
0.6050,17.0870,0.4760,97.0290,1.5560,2025-02-13 20:46:23,101.0
0.57,17.0620,0.5110,97.0740,1.4430,2025-02-13 20:46:23,101.0
0.5840,16.8480,0.4410,97.0450,1.5060,2025-02-13 20:46:23,101.0
0.5750,16.9330,0.5780,97.1680,1.46,2025-02-13 20:46:23,101.0
0.5850,17.0210,0.5810,97.17,1.4670,2025-02-13 20:46:23,101.0
0.57,16.9360,0.4580,97.2540,1.4770,2025-02-13 20:46:23,101.0
0.6050,17.0560,0.3880,96.97,1.5330,2025-02-13 20:46:23,101.0
0.5830,16.9330,0.4550,97.0960,1.5210,2025-02-13 20:46:23,101.0
0.6280,17.0050,0.4340,97.2650,1.5870,2025-02-13 20:46:23,101.0
0.5790,16.9580,0.4620,96.8880,1.4870,2025-02-13 20:46:23,101.0
0.5860,16.9580,0.4510,97.2860,1.5590,2025-02-13 20:46:23,101.0
0.5990,17.0050,0.4130,97.0590,1.5580,2025-02-13 20:46:23,101.0
0.6030,17.0460,0.6410,97.1270,1.4590,2025-02-13 20:46:23,101.0
0.5870,17.0120,0.4170,97.0770,1.4750,2025-02-13 20:46:23,101.0
0.5960,16.9140,0.4650,97.24,1.5520,2025-02-13 20:46:23,101.0
0.59,17.0460,0.49,97.1780,1.4530,2025-02-13 20:46:23,101.0
0.5760,16.9170,0.5910,97.1450,1.4870,2025-02-13 20:46:23,101.0
0.6060,17.0050,0.4230,96.9230,1.4370,2025-02-14 11:13:33,102.0
0.5850,16.9580,0.6090,97.1120,1.46,2025-02-14 11:13:33,102.0
0.5530,16.9360,0.5570,97.0740,1.4110,2025-02-14 11:13:33,102.0
0.5890,16.9650,0.3010,97.3420,1.4660,2025-02-14 11:13:33,102.0
0.5870,16.9990,0.4940,96.9980,1.2050,2025-02-14 11:13:33,102.0
0.6070,17.1030,0.6270,97.33,1.4630,2025-02-14 11:13:33,102.0
0.5880,16.9770,0.50,97.23,1.5390,2025-02-14 11:13:33,102.0
0.5750,16.9110,0.6130,97.0150,1.4160,2025-02-14 11:13:33,102.0
0.6010,16.9830,0.5420,96.9720,1.5380,2025-02-14 11:13:33,102.0
0.5880,16.88,0.6370,97.2890,1.4290,2025-02-14 11:13:33,102.0
0.5970,16.9240,0.5070,97.2130,1.5340,2025-02-14 11:13:33,102.0
0.5840,16.8830,0.4650,97.1330,1.4990,2025-02-14 11:13:33,102.0
0.6060,17.0970,0.35,97.3040,1.4710,2025-02-14 11:13:33,102.0
0.5960,16.9550,0.4310,97.16,1.4770,2025-02-14 11:13:33,102.0
0.5860,16.8730,0.4380,97.3970,1.4840,2025-02-14 11:13:33,102.0
0.5830,16.9270,0.4230,96.9910,1.4710,2025-02-14 11:13:33,102.0
0.6070,17.0150,0.5810,97.1070,1.5080,2025-02-14 11:13:33,102.0
0.6010,17.0120,0.4410,97.2360,1.5230,2025-02-14 11:13:33,102.0
0.5660,16.8990,0.5080,97.1650,1.4770,2025-02-14 11:13:33,102.0
0.5930,17.0240,0.43,97.1970,1.4990,2025-02-14 11:13:33,102.0
0.5690,17.1060,0.3670,97.1020,1.3940,2025-02-14 12:58:37,103.0
0.5810,17.1120,0.4660,97.30,1.4920,2025-02-14 12:58:37,103.0
0.6020,17.2220,0.5740,97.0380,1.3140,2025-02-14 12:58:37,103.0
0.5690,17.0460,0.4760,97.0770,1.3740,2025-02-14 12:58:37,103.0
0.5980,17.1970,0.5210,97.10,1.4050,2025-02-14 12:58:37,103.0
0.6080,17.1220,0.5810,97.1760,1.5340,2025-02-14 12:58:37,103.0
0.5970,17.0340,0.50,96.9810,1.4520,2025-02-14 12:58:37,103.0
0.5810,17.1310,0.4270,97.3430,1.4990,2025-02-14 12:58:37,103.0
0.5990,16.9650,0.4940,97.2860,1.49,2025-02-14 12:58:37,103.0
0.5850,17.1190,0.4580,97.1030,1.4770,2025-02-14 12:58:37,103.0
0.5730,17.0120,0.6090,97.0210,1.4450,2025-02-14 12:58:37,103.0
0.5710,16.9930,0.63,97.2420,1.4960,2025-02-14 12:58:37,103.0
0.6040,17.04,0.6620,97.3920,1.5480,2025-02-14 12:58:37,103.0
0.5870,17.1780,0.5250,97.0440,1.5290,2025-02-14 12:58:37,103.0
0.5980,17.1720,0.3290,97.3270,1.4880,2025-02-14 12:58:37,103.0
0.5950,16.8950,0.63,97.3140,1.5750,2025-02-14 12:58:37,103.0
0.6030,17.10,0.5010,97.1570,1.4820,2025-02-14 12:58:37,103.0
0.5610,17.0240,0.7180,96.9210,1.42,2025-02-14 12:58:37,103.0
0.5620,17.0310,0.5460,97.2050,1.4130,2025-02-14 12:58:37,103.0
0.5790,16.9520,0.4410,97.01,1.3950,2025-02-14 12:58:37,103.0
0.5210,16.9170,0.5150,97.09,2.0060,2025-02-14 13:03:39,104.0
0.5020,17.0370,0.5250,97.1080,1.8510,2025-02-14 13:03:39,104.0
0.5340,16.9610,0.55,97.2190,2.23,2025-02-14 13:03:39,104.0
0.5310,17.0090,0.4730,96.8980,2.2170,2025-02-14 13:03:39,104.0
0.5110,16.9210,0.4270,97.1890,2.0640,2025-02-14 13:03:39,104.0
0.52,17.0270,0.3710,96.8280,2.1010,2025-02-14 13:03:39,104.0
0.5190,17.0180,0.4340,96.87,2.0420,2025-02-14 13:03:39,104.0
0.53,16.9210,0.3150,97.2610,2.0770,2025-02-14 13:03:39,104.0
0.5220,16.9990,0.3890,97.1450,1.8750,2025-02-14 13:03:39,104.0
0.5170,16.9020,0.4440,96.9360,2.03,2025-02-14 13:03:39,104.0
0.50,17.0090,0.5250,96.9460,1.8780,2025-02-14 13:03:39,104.0
0.5170,16.9610,0.6060,96.7850,2.1050,2025-02-14 13:03:39,104.0
0.5250,17.0240,0.5560,96.7020,2.1140,2025-02-14 13:03:39,104.0
0.5190,17.0210,0.5250,96.7960,1.9390,2025-02-14 13:03:39,104.0
0.4990,16.9240,0.3920,96.97,1.9680,2025-02-14 13:03:39,104.0
0.5260,17.0370,0.4650,97.0960,2.1860,2025-02-14 13:03:39,104.0
0.5260,16.9580,0.4410,96.82,1.9690,2025-02-14 13:03:39,104.0
0.5580,16.9740,0.4690,97.0890,2.2380,2025-02-14 13:03:39,104.0
0.5460,17.0710,0.49,97.1580,2.1230,2025-02-14 13:03:39,104.0
0.5240,17.0590,0.4480,97.0660,1.9460,2025-02-14 13:03:39,104.0
0.5880,16.9870,0.5880,96.9440,1.4810,2025-02-14 19:28:47,105.0
0.6160,17.2130,0.5710,96.9340,1.5030,2025-02-14 19:28:47,105.0
0.6210,17.0970,0.5880,97.0630,1.5430,2025-02-14 19:28:47,105.0
0.5780,16.9990,0.3850,97.1670,1.4510,2025-02-14 19:28:47,105.0
0.5840,17.0240,0.4230,97.0880,1.54,2025-02-14 19:28:47,105.0
0.5960,16.9930,0.5710,97.1290,1.4960,2025-02-14 19:28:47,105.0
0.5780,16.9140,0.5990,97.0660,1.5320,2025-02-14 19:28:47,105.0
0.5620,16.9960,0.4060,97.1680,1.4180,2025-02-14 19:28:47,105.0
0.6010,17.0120,0.50,97.3260,1.5290,2025-02-14 19:28:47,105.0
0.5820,17.0780,0.5290,97.0420,1.4380,2025-02-14 19:28:47,105.0
0.5780,16.8550,0.5250,97.2620,1.4560,2025-02-14 19:28:47,105.0
0.57,17.1090,0.5880,97.1960,1.4660,2025-02-14 19:28:47,105.0
0.5980,17.0180,0.5110,97.1750,1.4870,2025-02-14 19:28:47,105.0
0.5710,16.9710,0.3750,97.1460,1.3550,2025-02-14 19:28:47,105.0
0.5710,16.9680,0.5530,97.0830,1.4520,2025-02-14 19:28:47,105.0
0.5970,16.9390,0.5770,97.2230,1.4990,2025-02-14 19:28:47,105.0
0.5740,16.93,0.6410,97.1390,1.5210,2025-02-14 19:28:47,105.0
0.5880,17.0810,0.6020,96.9630,1.5170,2025-02-14 19:28:47,105.0
0.59,17.09,0.5320,97.1770,1.5090,2025-02-14 19:28:47,105.0
0.5850,16.98,0.6930,97.1730,1.4320,2025-02-14 19:28:47,105.0
0.5780,16.9830,0.4730,97.0040,1.5130,2025-02-14 20:53:54,106.0
0.5720,16.9740,0.5320,97.1630,1.4490,2025-02-14 20:53:54,106.0
0.5360,16.9580,0.6480,97.1370,1.4070,2025-02-14 20:53:54,106.0
0.5740,17.0090,0.6120,97.2090,1.5740,2025-02-14 20:53:54,106.0
0.5470,16.9210,0.4060,97.1620,1.4380,2025-02-14 20:53:54,106.0
0.5740,17.0810,0.3430,97.25,1.5310,2025-02-14 20:53:54,106.0
0.5440,17.0340,0.5250,97.1870,1.5090,2025-02-14 20:53:54,106.0
0.5490,16.9650,0.3810,96.9470,1.4780,2025-02-14 20:53:54,106.0
0.5610,17.0370,0.5670,97.0590,1.5430,2025-02-14 20:53:54,106.0
0.57,16.9330,0.4450,97.2130,1.5220,2025-02-14 20:53:54,106.0
0.5790,17.0180,0.5080,97.1120,1.5860,2025-02-14 20:53:54,106.0
0.5610,17.0210,0.4830,96.9880,1.4950,2025-02-14 20:53:54,106.0
0.5540,17.04,0.5390,97.0470,1.5280,2025-02-14 20:53:54,106.0
0.5460,17.0370,0.4130,97.2960,1.4860,2025-02-14 20:53:54,106.0
0.5610,16.9740,0.28,97.2640,1.4780,2025-02-14 20:53:54,106.0
0.5650,17.0460,0.6020,97.1650,1.4710,2025-02-14 20:53:54,106.0
0.5450,17.0370,0.7630,97.0210,1.4610,2025-02-14 20:53:54,106.0
0.5440,17.0020,0.4830,97.13,1.4370,2025-02-14 20:53:54,106.0
0.5540,16.9740,0.4580,97.0270,1.5660,2025-02-14 20:53:54,106.0
0.5640,16.9580,0.5320,97.1350,1.5070,2025-02-14 20:53:54,106.0
0.58,17.0680,0.5880,97.1210,1.4440,2025-02-15 10:58:04,107.0
0.5590,16.8580,0.5280,97.0950,1.4380,2025-02-15 10:58:04,107.0
0.5680,16.88,0.3290,97.1190,1.4740,2025-02-15 10:58:04,107.0
0.5690,16.8920,0.4590,97.0690,1.45,2025-02-15 10:58:04,107.0
0.6190,16.8580,0.4380,97.0810,1.5180,2025-02-15 10:58:04,107.0
0.5960,16.9610,0.4790,97.3350,1.5780,2025-02-15 10:58:04,107.0
0.5550,16.8170,0.6720,97.0350,1.37,2025-02-15 10:58:04,107.0
0.5810,16.9520,0.4790,96.9430,1.4820,2025-02-15 10:58:04,107.0
0.5940,17.0340,0.42,97.14,1.4720,2025-02-15 10:58:04,107.0
0.5830,16.8920,0.7070,97.0760,1.4980,2025-02-15 10:58:04,107.0
0.6030,17.0150,0.4870,97.3510,1.6050,2025-02-15 10:58:04,107.0
0.6030,17.0210,0.4860,96.9540,1.4650,2025-02-15 10:58:04,107.0
0.5560,17.0270,0.5880,97.2980,1.4140,2025-02-15 10:58:04,107.0
0.5760,16.9680,0.7040,96.9670,1.5310,2025-02-15 10:58:04,107.0
0.5760,17.0180,0.4790,97.3460,1.4220,2025-02-15 10:58:04,107.0
0.5690,16.8260,0.6720,97.1440,1.5020,2025-02-15 10:58:04,107.0
0.5810,16.9580,0.4940,97.0910,1.4870,2025-02-15 10:58:04,107.0
0.5680,16.9170,0.5280,97.25,1.4550,2025-02-15 10:58:04,107.0
0.5840,16.9270,0.4860,97.1480,1.4980,2025-02-15 10:58:04,107.0
0.5650,16.9610,0.42,97.0970,1.5150,2025-02-15 10:58:04,107.0
0.5870,17.0650,0.4450,97.0390,1.4860,2025-02-15 13:03:07,108.0
0.6040,17.0810,0.4970,97.1330,1.4930,2025-02-15 13:03:07,108.0
0.5980,16.9170,0.4760,97.1360,1.4760,2025-02-15 13:03:07,108.0
0.5890,16.9710,0.3540,97.1820,1.4830,2025-02-15 13:03:07,108.0
0.5840,16.9710,0.3670,97.0880,1.4280,2025-02-15 13:03:07,108.0
0.5980,16.88,0.5710,97.2640,1.5670,2025-02-15 13:03:07,108.0
0.5720,16.9360,0.4440,97.0970,1.3820,2025-02-15 13:03:07,108.0
0.5970,17.0050,0.4440,97.28,1.4640,2025-02-15 13:03:07,108.0
0.6040,17.0090,0.5180,97.1530,1.4690,2025-02-15 13:03:07,108.0
0.5880,17.0710,0.6760,97.0910,1.5230,2025-02-15 13:03:07,108.0
0.5750,17.0020,0.4380,97.1820,1.4390,2025-02-15 13:03:07,108.0
0.5820,16.8950,0.4130,97.1770,1.17,2025-02-15 13:03:07,108.0
0.5740,16.9960,0.4830,97.2730,1.4040,2025-02-15 13:03:07,108.0
0.5740,16.8890,0.62,97.0770,1.4320,2025-02-15 13:03:07,108.0
0.5860,16.9650,0.43,97.1080,1.50,2025-02-15 13:03:07,108.0
0.5830,16.9360,0.4940,97.1550,1.4760,2025-02-15 13:03:07,108.0
0.5940,16.9580,0.3710,97.3150,1.4450,2025-02-15 13:03:07,108.0
0.59,17.0090,0.5390,97.1110,1.4450,2025-02-15 13:03:07,108.0
0.5930,17.0750,0.3810,97.1090,1.4540,2025-02-15 13:03:07,108.0
0.5810,17.0150,0.55,97.14,1.4980,2025-02-15 13:03:07,108.0
0.5960,17.0530,0.5320,97.0150,1.4140,2025-02-15 18:23:10,109.0
0.58,17.0710,0.4620,97.0590,1.4020,2025-02-15 18:23:10,109.0
0.5920,17.0530,0.5280,97.0530,1.4070,2025-02-15 18:23:10,109.0
0.5790,16.8990,0.4830,97.0670,1.3440,2025-02-15 18:23:10,109.0
0.5960,17.0240,0.5640,97.1060,1.3010,2025-02-15 18:23:10,109.0
0.5870,16.9740,0.7280,97.3830,1.3950,2025-02-15 18:23:10,109.0
0.6020,17.0870,0.5180,97.0720,1.2230,2025-02-15 18:23:10,109.0
0.5810,16.9170,0.4790,97.1370,1.4290,2025-02-15 18:23:10,109.0
0.5770,16.9870,0.5150,97.0150,1.1980,2025-02-15 18:23:10,109.0
0.5780,16.9710,0.4940,97.0870,1.2990,2025-02-15 18:23:10,109.0
0.5790,17.0150,0.3810,97.14,1.4330,2025-02-15 18:23:10,109.0
0.5770,16.8860,0.5320,97.1230,1.3840,2025-02-15 18:23:10,109.0
0.5620,16.9240,0.4940,97.1990,1.3820,2025-02-15 18:23:10,109.0
0.5630,16.9490,0.5150,97.2890,1.3920,2025-02-15 18:23:10,109.0
0.5910,17.0590,0.6020,97.2150,1.4960,2025-02-15 18:23:10,109.0
0.5680,16.9680,0.49,97.1550,1.3870,2025-02-15 18:23:10,109.0
0.5750,16.93,0.5420,97.20,1.4180,2025-02-15 18:23:10,109.0
0.5750,16.88,0.6020,97.2670,1.3830,2025-02-15 18:23:10,109.0
0.5620,16.9390,0.6190,97.22,1.2840,2025-02-15 18:23:10,109.0
0.6040,17.0270,0.5110,97.2030,1.44,2025-02-15 18:23:10,109.0
0.5710,17.0210,0.6370,97.1810,1.3630,2025-02-15 20:23:12,110.0
0.5930,17.04,0.4450,97.0430,1.4360,2025-02-15 20:23:12,110.0
0.5870,17.0620,0.6370,96.9930,1.3760,2025-02-15 20:23:12,110.0
0.5720,17.0490,0.5390,97.2880,1.4870,2025-02-15 20:23:12,110.0
0.5950,17.0460,0.6050,97.0790,1.4520,2025-02-15 20:23:12,110.0
0.6240,17.0870,0.4790,97.1730,1.4730,2025-02-15 20:23:12,110.0
0.6030,17.2130,0.55,97.1510,1.4480,2025-02-15 20:23:12,110.0
0.5570,17.0710,0.5530,97.2590,1.4120,2025-02-15 20:23:12,110.0
0.5770,17.0020,0.4410,97.2470,1.3870,2025-02-15 20:23:12,110.0
0.5930,17.0840,0.4090,97.0670,1.4260,2025-02-15 20:23:12,110.0
0.5710,17.0090,0.5630,96.9560,1.3910,2025-02-15 20:23:12,110.0
0.5740,16.9960,0.50,97.2210,1.4320,2025-02-15 20:23:12,110.0
0.5710,16.9710,0.42,97.1620,1.4570,2025-02-15 20:23:12,110.0
0.5980,17.1280,0.5390,97.0920,1.4360,2025-02-15 20:23:12,110.0
0.5870,16.9210,0.4760,97.1370,1.4260,2025-02-15 20:23:12,110.0
0.5650,16.9830,0.5880,97.1040,1.4040,2025-02-15 20:23:12,110.0
0.5710,17.0090,0.4340,97.1460,1.3770,2025-02-15 20:23:12,110.0
0.5960,16.9740,0.56,97.1470,1.4540,2025-02-15 20:23:12,110.0
0.5740,16.93,0.50,96.9870,1.4060,2025-02-15 20:23:12,110.0
0.5840,17.0590,0.5740,97.0680,1.3920,2025-02-15 20:23:12,110.0
0.5750,16.8480,0.5950,97.0120,1.4640,2025-02-16 11:24:03,111.0
0.58,17.1560,0.7070,96.9180,1.4980,2025-02-16 11:24:03,111.0
0.58,17.2130,0.6060,97.0660,1.4070,2025-02-16 11:24:03,111.0
0.56,16.9330,0.5430,97.2440,1.3830,2025-02-16 11:24:03,111.0
0.5830,16.8830,0.4730,97.2810,1.3660,2025-02-16 11:24:03,111.0
0.5940,17.0090,0.6480,97.0260,1.4850,2025-02-16 11:24:03,111.0
0.5830,16.9870,0.5460,97.0520,1.4040,2025-02-16 11:24:03,111.0
0.5830,17.0490,0.5560,97.2110,1.4540,2025-02-16 11:24:03,111.0
0.5850,17.0710,0.6650,97.1630,1.5720,2025-02-16 11:24:03,111.0
0.5830,16.8580,0.5850,97.1760,1.4370,2025-02-16 11:24:03,111.0
0.5740,16.9390,0.5990,97.1620,1.4550,2025-02-16 11:24:03,111.0
0.5740,16.9960,0.5250,96.9440,1.4920,2025-02-16 11:24:03,111.0
0.5780,16.9360,0.5250,97.2210,1.4360,2025-02-16 11:24:03,111.0
0.5850,17.0680,0.5080,97.1230,1.4460,2025-02-16 11:24:03,111.0
0.58,17.0750,0.4620,97.1170,1.4020,2025-02-16 11:24:03,111.0
0.5830,16.93,0.5630,96.9840,1.53,2025-02-16 11:24:03,111.0
0.5740,16.9870,0.4970,97.15,1.3230,2025-02-16 11:24:03,111.0
0.5920,17.0310,0.5950,97.11,1.5380,2025-02-16 11:24:03,111.0
0.5740,17.0270,0.5670,97.15,1.3880,2025-02-16 11:24:03,111.0
0.5770,16.9580,0.5390,97.0610,1.4340,2025-02-16 11:24:03,111.0
0.5780,16.9740,0.4970,97.07,1.4280,2025-02-16 13:29:05,112.0
0.5820,17.0530,0.3850,97.07,1.4190,2025-02-16 13:29:05,112.0
0.5670,16.9360,0.48,97.3280,1.4180,2025-02-16 13:29:05,112.0
0.5730,16.9550,0.6020,97.1460,1.4030,2025-02-16 13:29:05,112.0
0.5950,16.8950,0.5110,97.0020,1.46,2025-02-16 13:29:05,112.0
0.6010,17.0020,0.6370,97.0180,1.5480,2025-02-16 13:29:05,112.0
0.5780,17.0120,0.6720,96.9880,1.37,2025-02-16 13:29:05,112.0
0.5750,16.9740,0.50,97.06,1.4110,2025-02-16 13:29:05,112.0
0.5770,16.9930,0.7240,97.5470,1.48,2025-02-16 13:29:05,112.0
0.5630,16.9830,0.4690,97.3240,1.4210,2025-02-16 13:29:05,112.0
0.5920,17.0180,0.5780,97.2090,1.5080,2025-02-16 13:29:05,112.0
0.5810,16.9430,0.4870,97.1040,1.4640,2025-02-16 13:29:05,112.0
0.5890,17.0270,0.6160,97.1370,1.4220,2025-02-16 13:29:05,112.0
0.5630,17.0270,0.5290,97.13,1.4070,2025-02-16 13:29:05,112.0
0.5750,16.8670,0.8780,97.0890,1.5090,2025-02-16 13:29:05,112.0
0.5910,16.83,0.4580,97.0160,1.4490,2025-02-16 13:29:05,112.0
0.5690,16.9740,0.5150,97.1690,1.4290,2025-02-16 13:29:05,112.0
0.5820,17.0090,0.6120,97.0260,1.52,2025-02-16 13:29:05,112.0
0.5780,16.9580,0.6190,97.2010,1.4960,2025-02-16 13:29:05,112.0
0.5680,17.0460,0.5740,97.1220,1.4540,2025-02-16 13:29:05,112.0
0.5910,16.9770,0.3780,97.2040,1.4390,2025-02-16 18:29:08,113.0
0.5990,16.9210,0.4480,97.1710,1.43,2025-02-16 18:29:08,113.0
0.5910,17.0020,0.62,97.1070,1.48,2025-02-16 18:29:08,113.0
0.5750,16.9870,0.3750,97.15,1.3720,2025-02-16 18:29:08,113.0
0.5750,17.0460,0.4870,97.0090,1.3440,2025-02-16 18:29:08,113.0
0.5550,17.0090,0.4270,97.1920,1.3640,2025-02-16 18:29:08,113.0
0.5520,16.9360,0.49,97.1610,1.3660,2025-02-16 18:29:08,113.0
0.5780,16.9680,0.5670,97.04,1.3720,2025-02-16 18:29:08,113.0
0.5460,16.8480,0.3810,97.5080,1.3250,2025-02-16 18:29:08,113.0
0.5790,16.8510,0.6760,97.0390,1.4390,2025-02-16 18:29:08,113.0
0.6020,16.98,0.5980,97.1690,1.5330,2025-02-16 18:29:08,113.0
0.6220,17.0710,0.5280,96.9950,1.4130,2025-02-16 18:29:08,113.0
0.5870,16.9550,0.55,97.1620,1.1920,2025-02-16 18:29:08,113.0
0.5820,17.0490,0.4620,97.0650,1.4150,2025-02-16 18:29:08,113.0
0.6040,17.2030,0.6120,97.0580,1.4680,2025-02-16 18:29:08,113.0
0.5450,16.8170,0.5320,97.3380,1.3530,2025-02-16 18:29:08,113.0
0.5680,17.0270,0.4510,97.2490,1.4350,2025-02-16 18:29:08,113.0
0.5980,17.0270,0.7560,97.14,1.4140,2025-02-16 18:29:08,113.0
0.5780,16.9930,0.5110,97.0960,1.3930,2025-02-16 18:29:08,113.0
0.5840,17.0650,0.5010,97.0230,1.3460,2025-02-16 18:29:08,113.0
0.58,16.9650,0.5460,97.3120,1.4350,2025-02-17 08:12:29,114.0
0.5740,16.8330,0.5530,97.0630,1.39,2025-02-17 08:12:29,114.0
0.5990,17.0240,0.6270,97.1680,1.4840,2025-02-17 08:12:29,114.0
0.60,16.9930,0.6230,97.2810,1.5080,2025-02-17 08:12:29,114.0
0.5620,16.9050,0.5710,97.2580,1.36,2025-02-17 08:12:29,114.0
0.6040,17.0870,0.4690,97.0960,1.4990,2025-02-17 08:12:29,114.0
0.5750,17.0020,0.5040,97.2660,1.4380,2025-02-17 08:12:29,114.0
0.5790,16.9360,0.6020,97.0940,1.3260,2025-02-17 08:12:29,114.0
0.6070,17.0270,0.5250,97.1460,1.4490,2025-02-17 08:12:29,114.0
0.5530,16.8770,0.5040,97.1480,1.3730,2025-02-17 08:12:29,114.0
0.5830,16.98,0.4170,97.1570,1.3470,2025-02-17 08:12:29,114.0
0.5850,16.9460,0.6050,97.6270,1.5190,2025-02-17 08:12:29,114.0
0.6020,17.1750,0.4870,97.2990,1.34,2025-02-17 08:12:29,114.0
0.5960,16.9110,0.4940,97.1780,1.4090,2025-02-17 08:12:29,114.0
0.58,16.9610,0.4690,97.1710,1.4160,2025-02-17 08:12:29,114.0
0.5970,16.99,0.5880,97.1860,1.4990,2025-02-17 08:12:29,114.0
0.5760,16.9830,0.6860,97.0240,1.4060,2025-02-17 08:12:29,114.0
0.5630,16.9360,0.5780,97.1150,1.2390,2025-02-17 08:12:29,114.0
0.5950,16.9650,0.42,97.1350,1.4340,2025-02-17 08:12:29,114.0
0.5750,16.8670,0.5780,97.1890,1.4050,2025-02-17 08:12:29,114.0
0.5770,17.0490,0.5220,97.1670,1.3910,2025-02-17 12:22:40,115.0
0.5830,17.0560,0.5770,97.1740,1.4620,2025-02-17 12:22:40,115.0
0.5760,17.0370,0.5670,97.1730,1.4440,2025-02-17 12:22:40,115.0
0.5620,16.9460,0.3990,96.9670,1.3520,2025-02-17 12:22:40,115.0
0.5950,17.2660,0.5460,96.9810,1.4770,2025-02-17 12:22:40,115.0
0.5960,17.1810,0.43,96.9240,1.4470,2025-02-17 12:22:40,115.0
0.6080,17.0970,0.3810,97.2180,1.5420,2025-02-17 12:22:40,115.0
0.5840,17.0120,0.5560,97.0590,1.3720,2025-02-17 12:22:40,115.0
0.5910,17.0780,0.6620,97.20,1.4590,2025-02-17 12:22:40,115.0
0.5680,16.9460,0.5880,97.28,1.4290,2025-02-17 12:22:40,115.0
0.5910,16.9680,0.5560,97.3030,1.3880,2025-02-17 12:22:40,115.0
0.5820,17.1030,0.56,97.2670,1.3580,2025-02-17 12:22:40,115.0
0.58,16.9990,0.5910,97.2250,1.4410,2025-02-17 12:22:40,115.0
0.59,17.0650,0.3710,97.2460,1.42,2025-02-17 12:22:40,115.0
0.6010,16.9740,0.5110,97.2080,1.4050,2025-02-17 12:22:40,115.0
0.5740,16.9520,0.5430,97.3420,1.2860,2025-02-17 12:22:40,115.0
0.5850,16.9680,0.4270,97.1320,1.4480,2025-02-17 12:22:40,115.0
0.5750,16.9930,0.3290,97.1610,1.4480,2025-02-17 12:22:40,115.0
0.5850,17.0750,0.4380,97.1970,1.3620,2025-02-17 12:22:40,115.0
0.5780,16.9830,0.3610,97.1840,1.4350,2025-02-17 12:22:40,115.0
0.5890,17.1250,0.5210,97.0220,1.4610,2025-02-17 19:12:54,116.0
0.5780,16.9680,0.3330,97.1560,1.4440,2025-02-17 19:12:54,116.0
0.5880,17.1530,0.5150,97.0390,1.3610,2025-02-17 19:12:54,116.0
0.60,17.0090,0.6580,97.2960,1.3940,2025-02-17 19:12:54,116.0
0.59,17.0620,0.5040,97.0540,1.4920,2025-02-17 19:12:54,116.0
0.6070,17.1090,0.5070,97.0030,1.4170,2025-02-17 19:12:54,116.0
0.6190,17.1410,0.49,96.9750,1.3920,2025-02-17 19:12:54,116.0
0.5910,16.9520,0.4410,97.2040,1.4780,2025-02-17 19:12:54,116.0
0.5970,17.0870,0.4270,97.0130,1.4270,2025-02-17 19:12:54,116.0
0.60,17.0750,0.5290,97.0250,1.4240,2025-02-17 19:12:54,116.0
0.6040,17.0530,0.5950,96.9510,1.5050,2025-02-17 19:12:54,116.0
0.5730,17.0270,0.4340,97.1660,1.4070,2025-02-17 19:12:54,116.0
0.5920,17.0870,0.5910,97.0060,1.4490,2025-02-17 19:12:54,116.0
0.5770,17.1030,0.4410,97.0420,1.3590,2025-02-17 19:12:54,116.0
0.5850,17.0020,0.4270,97.1760,1.42,2025-02-17 19:12:54,116.0
0.6020,16.9930,0.6440,97.2110,1.4090,2025-02-17 19:12:54,116.0
0.5770,16.9550,0.6050,97.1150,1.47,2025-02-17 19:12:54,116.0
0.5580,17.0810,0.5880,97.1270,1.3170,2025-02-17 19:12:54,116.0
0.5920,17.0270,0.4970,97.35,1.4120,2025-02-17 19:12:54,116.0
0.5810,17.0530,0.5910,97.0180,1.4020,2025-02-17 19:12:54,116.0
0.5770,16.9430,0.5320,97.30,1.4170,2025-02-17 21:27:59,117.0
0.59,17.0430,0.6860,96.9990,1.3630,2025-02-17 21:27:59,117.0
0.5880,17.0930,0.5460,97.1020,1.4220,2025-02-17 21:27:59,117.0
0.5930,16.9080,0.5180,97.0650,1.4410,2025-02-17 21:27:59,117.0
0.5780,16.9390,0.4520,97.0250,1.4290,2025-02-17 21:27:59,117.0
0.5860,17.0750,0.4720,96.9410,1.3470,2025-02-17 21:27:59,117.0
0.5750,16.9680,0.4940,97.07,1.2890,2025-02-17 21:27:59,117.0
0.5920,16.9740,0.49,97.0030,1.2830,2025-02-17 21:27:59,117.0
0.5740,17.0560,0.5220,96.9940,1.3630,2025-02-17 21:27:59,117.0
0.5720,16.88,0.6650,97.3150,1.3450,2025-02-17 21:27:59,117.0
0.5590,16.9390,0.5350,96.8620,1.3740,2025-02-17 21:27:59,117.0
0.6140,16.9870,0.5250,97.02,1.5140,2025-02-17 21:27:59,117.0
0.5730,16.9990,0.3990,97.3110,1.3990,2025-02-17 21:27:59,117.0
0.6150,17.09,0.63,97.1740,1.3570,2025-02-17 21:27:59,117.0
0.5790,16.9390,0.6090,97.09,1.4030,2025-02-17 21:27:59,117.0
0.5730,16.8920,0.42,97.2910,1.4160,2025-02-17 21:27:59,117.0
0.5850,17.0650,0.6440,97.1170,1.3450,2025-02-17 21:27:59,117.0
0.5630,17.0240,0.4790,97.0510,1.3930,2025-02-17 21:27:59,117.0
0.59,17.0050,0.4310,97.0150,1.3950,2025-02-17 21:27:59,117.0
0.5870,17.0370,0.4970,97.0280,1.5210,2025-02-17 21:27:59,117.0
0.5930,16.9170,0.4830,97.11,1.4390,2025-02-18 11:20:05,118.0
0.5940,16.98,0.4020,97.0160,1.5110,2025-02-18 11:20:05,118.0
0.5880,17.0240,0.5560,97.1320,1.4570,2025-02-18 11:20:05,118.0
0.5860,17.0710,0.2840,97.1750,1.4790,2025-02-18 11:20:05,118.0
0.5750,16.9680,0.5840,97.1070,1.4650,2025-02-18 11:20:05,118.0
0.5660,17.0490,0.4830,97.1590,1.4610,2025-02-18 11:20:05,118.0
0.5890,16.9610,0.5080,97.1660,1.5550,2025-02-18 11:20:05,118.0
0.5760,16.9830,0.62,97.1420,1.5040,2025-02-18 11:20:05,118.0
0.58,17.0240,0.5910,97.0860,1.4570,2025-02-18 11:20:05,118.0
0.6330,17.1750,0.5110,96.9830,1.5290,2025-02-18 11:20:05,118.0
0.5810,17.1340,0.4130,96.9960,1.4750,2025-02-18 11:20:05,118.0
0.5640,17.0120,0.6090,97.14,1.4830,2025-02-18 11:20:05,118.0
0.5780,17.0210,0.3740,97.1730,1.5060,2025-02-18 11:20:05,118.0
0.5870,17.0180,0.5810,97.15,1.5610,2025-02-18 11:20:05,118.0
0.5710,17.0020,0.41,97.11,1.4590,2025-02-18 11:20:05,118.0
0.5940,17.0180,0.4970,97.3330,1.4790,2025-02-18 11:20:05,118.0
0.5970,17.0590,0.4450,97.1110,1.5090,2025-02-18 11:20:05,118.0
0.5620,16.9080,0.49,97.1430,1.47,2025-02-18 11:20:05,118.0
0.5850,17.0970,0.4760,97.0720,1.5260,2025-02-18 11:20:05,118.0
0.61,17.1560,0.4870,97.1820,1.5950,2025-02-18 11:20:05,118.0
0.5820,17.0620,0.4410,97.1880,1.4220,2025-02-18 13:00:13,119.0
0.5750,17.0620,0.5910,97.1770,1.4050,2025-02-18 13:00:13,119.0
0.5540,16.9960,0.5530,97.0620,1.4550,2025-02-18 13:00:13,119.0
0.5810,17.0650,0.5460,97.1290,1.4730,2025-02-18 13:00:13,119.0
0.5630,16.9390,0.4870,97.2080,1.4250,2025-02-18 13:00:13,119.0
0.6110,17.1440,0.5010,96.9860,1.5220,2025-02-18 13:00:13,119.0
0.5790,16.9930,0.5530,97.2670,1.4270,2025-02-18 13:00:13,119.0
0.5740,16.8670,0.3570,97.1670,1.4630,2025-02-18 13:00:13,119.0
0.5770,16.9050,0.5460,97.0140,1.5520,2025-02-18 13:00:13,119.0
0.58,16.98,0.6230,97.0740,1.4370,2025-02-18 13:00:13,119.0
0.5610,17.0120,0.4860,97.4450,1.4580,2025-02-18 13:00:13,119.0
0.5840,16.9990,0.4230,96.9990,1.5220,2025-02-18 13:00:13,119.0
0.5850,16.9330,0.62,97.0630,1.5450,2025-02-18 13:00:13,119.0
0.6150,17.0530,0.4760,97.1540,1.4980,2025-02-18 13:00:13,119.0
0.5640,17.0560,0.4480,97.1370,1.4170,2025-02-18 13:00:13,119.0
0.5780,16.9330,0.48,97.2230,1.49,2025-02-18 13:00:13,119.0
0.6060,17.0840,0.50,97.1670,1.5410,2025-02-18 13:00:13,119.0
0.5610,16.8080,0.4450,97.2340,1.46,2025-02-18 13:00:13,119.0
0.5860,16.98,0.5670,97.0730,1.4770,2025-02-18 13:00:13,119.0
0.5760,17.0210,0.5710,97.0270,1.4390,2025-02-18 13:00:13,119.0
0.5890,17.1370,0.5950,97.0780,1.4280,2025-02-18 19:55:33,120.0
0.5850,17.2030,0.5040,97.2670,1.4370,2025-02-18 19:55:33,120.0
0.5960,17.1190,0.6720,97.1560,1.44,2025-02-18 19:55:33,120.0
0.5470,16.9740,0.5990,97.2340,1.33,2025-02-18 19:55:33,120.0
0.54,16.8920,0.4620,97.19,1.3970,2025-02-18 19:55:33,120.0
0.5690,16.9140,0.55,97.0920,1.4530,2025-02-18 19:55:33,120.0
0.5750,17.1120,0.6650,97.04,1.4560,2025-02-18 19:55:33,120.0
0.5810,17.0240,0.6230,96.9870,1.4260,2025-02-18 19:55:33,120.0
0.5840,16.98,0.6120,97.17,1.4340,2025-02-18 19:55:33,120.0
0.5850,17.0210,0.5290,97.1730,1.49,2025-02-18 19:55:33,120.0
0.5580,17.0870,0.3850,97.2650,1.3580,2025-02-18 19:55:33,120.0
0.5760,17.1340,0.3460,97.0480,1.4320,2025-02-18 19:55:33,120.0
0.5530,17.1720,0.5990,97.1430,1.3450,2025-02-18 19:55:33,120.0
0.5670,17.0870,0.48,97.2640,1.44,2025-02-18 19:55:33,120.0
0.5770,17.09,0.4790,96.99,1.4470,2025-02-18 19:55:33,120.0
0.5570,17.0340,0.5910,97.1610,1.39,2025-02-18 19:55:33,120.0
0.5630,16.9740,0.6060,97.2180,1.4670,2025-02-18 19:55:33,120.0
0.5830,17.0020,0.4620,97.1250,1.5110,2025-02-18 19:55:33,120.0
0.5590,16.9330,0.55,97.3650,1.3770,2025-02-18 19:55:33,120.0
0.5760,17.1530,0.5430,97.4750,1.4130,2025-02-18 19:55:33,120.0
0.5670,17.0310,0.6750,97.2170,1.3010,2025-02-18 21:20:37,121.0
0.5760,16.9460,0.4790,97.2970,1.3430,2025-02-18 21:20:37,121.0
0.5770,16.9110,0.5910,97.1990,1.4110,2025-02-18 21:20:37,121.0
0.5810,17.0210,0.6160,97.0770,1.4210,2025-02-18 21:20:37,121.0
0.5570,16.9170,0.4940,97.1680,1.3710,2025-02-18 21:20:37,121.0
0.6030,16.9770,0.5150,97.0820,1.4060,2025-02-18 21:20:37,121.0
0.5770,17.0340,0.5070,97.2050,1.4130,2025-02-18 21:20:37,121.0
0.5980,17.1060,0.6090,97.0060,1.41,2025-02-18 21:20:37,121.0
0.5820,16.9740,0.6650,97.0430,1.4240,2025-02-18 21:20:37,121.0
0.5680,16.9240,0.4940,97.2590,1.3580,2025-02-18 21:20:37,121.0
0.5720,16.8730,0.6930,97.1190,1.4080,2025-02-18 21:20:37,121.0
0.5940,17.0490,0.7810,97.1940,1.4590,2025-02-18 21:20:37,121.0
0.58,16.9080,0.6090,97.2210,1.3650,2025-02-18 21:20:37,121.0
0.5550,16.9610,0.5880,97.0980,1.3830,2025-02-18 21:20:37,121.0
0.5470,16.8890,0.5530,97.1240,1.2960,2025-02-18 21:20:37,121.0
0.5910,17.1590,0.6120,97.2040,1.3910,2025-02-18 21:20:37,121.0
0.5740,16.9930,0.5150,97.2430,1.3570,2025-02-18 21:20:37,121.0
0.5880,17.0620,0.5530,97.1140,1.4440,2025-02-18 21:20:37,121.0
0.6110,17.1190,0.6620,97.1640,1.3730,2025-02-18 21:20:37,121.0
0.5790,16.9080,0.5880,97.3130,1.4330,2025-02-18 21:20:37,121.0
0.58,16.9170,0.3850,97.0940,1.5190,2025-02-19 11:16:37,122.0
0.58,16.9870,0.5040,97.3280,1.3850,2025-02-19 11:16:37,122.0
0.58,17.0530,0.4660,97.0930,1.4760,2025-02-19 11:16:37,122.0
0.57,16.9490,0.6020,97.2770,1.4120,2025-02-19 11:16:37,122.0
0.5720,17.1030,0.6330,97.1350,1.3830,2025-02-19 11:16:37,122.0
0.5630,17.1060,0.5670,97.22,1.4660,2025-02-19 11:16:37,122.0
0.5650,16.9080,0.5420,96.9980,1.5270,2025-02-19 11:16:37,122.0
0.5550,16.9490,0.5070,97.2020,1.4050,2025-02-19 11:16:37,122.0
0.5520,16.9710,0.4970,97.2410,1.3430,2025-02-19 11:16:37,122.0
0.5730,17.1190,0.3780,97.0540,1.4320,2025-02-19 11:16:37,122.0
0.5780,17.1310,0.3890,96.97,1.4640,2025-02-19 11:16:37,122.0
0.6170,17.09,0.4790,97.0580,1.4930,2025-02-19 11:16:37,122.0
0.5860,17.1150,0.3750,97.1150,1.4420,2025-02-19 11:16:37,122.0
0.5550,16.8480,0.4790,97.1390,1.3830,2025-02-19 11:16:37,122.0
0.5550,16.9610,0.4580,97.0740,1.4230,2025-02-19 11:16:37,122.0
0.5660,17.1030,0.5670,97.11,1.4760,2025-02-19 11:16:37,122.0
0.5350,16.8860,0.5460,97.16,1.3710,2025-02-19 11:16:37,122.0
0.5430,16.7860,0.5040,97.22,1.4220,2025-02-19 11:16:37,122.0
0.5950,17.0750,0.4270,97.1780,1.4790,2025-02-19 11:16:37,122.0
0.58,17.2250,0.6410,97.1170,1.4050,2025-02-19 11:16:37,122.0
0.5840,17.1590,0.5910,97.0360,1.4670,2025-02-19 13:11:45,123.0
0.5680,16.9270,0.6720,97.2020,1.3960,2025-02-19 13:11:45,123.0
0.5550,16.9140,0.5880,97.1120,1.49,2025-02-19 13:11:45,123.0
0.5740,17.0460,0.5810,97.2760,1.3740,2025-02-19 13:11:45,123.0
0.5880,17.0930,0.6060,97.0410,1.4180,2025-02-19 13:11:45,123.0
0.5690,17.0460,0.4450,97.17,1.4790,2025-02-19 13:11:45,123.0
0.6190,17.04,0.63,97.3060,1.5090,2025-02-19 13:11:45,123.0
0.5650,16.99,0.5180,97.1410,1.4620,2025-02-19 13:11:45,123.0
0.5590,16.9870,0.4440,97.1840,1.4080,2025-02-19 13:11:45,123.0
0.5710,16.82,0.5250,97.3020,1.4970,2025-02-19 13:11:45,123.0
0.5860,17.0370,0.55,97.2730,1.5070,2025-02-19 13:11:45,123.0
0.5690,16.9770,0.5150,97.3410,1.4630,2025-02-19 13:11:45,123.0
0.5720,16.9110,0.6410,97.3440,1.5270,2025-02-19 13:11:45,123.0
0.5810,16.9830,0.4480,97.2510,1.4920,2025-02-19 13:11:45,123.0
0.5870,16.9330,0.3920,97.2590,1.4650,2025-02-19 13:11:45,123.0
0.58,17.0810,0.5040,97.03,1.3650,2025-02-19 13:11:45,123.0
0.5720,17.0150,0.4410,97.0310,1.4790,2025-02-19 13:11:45,123.0
0.5490,16.87,0.7520,97.4530,1.3360,2025-02-19 13:11:45,123.0
0.6240,17.2320,0.5180,96.9950,1.4690,2025-02-19 13:11:45,123.0
0.5790,16.8580,0.5640,97.1450,1.4110,2025-02-19 13:11:45,123.0
0.5560,17.0680,0.4520,97.0340,1.4960,2025-02-19 21:21:58,124.0
0.56,17.0710,0.5150,96.9990,1.3450,2025-02-19 21:21:58,124.0
0.5610,16.9930,0.4940,97.1520,1.3880,2025-02-19 21:21:58,124.0
0.5880,17.1310,0.5290,97.0680,1.4140,2025-02-19 21:21:58,124.0
0.5520,16.9610,0.3640,97.2380,1.3930,2025-02-19 21:21:58,124.0
0.5560,16.9740,0.5150,96.9950,1.4220,2025-02-19 21:21:58,124.0
0.5550,17.0560,0.4480,97.0420,1.4270,2025-02-19 21:21:58,124.0
0.54,16.99,0.6680,97.2680,1.4870,2025-02-19 21:21:58,124.0
0.5640,17.1370,0.5070,97.1750,1.46,2025-02-19 21:21:58,124.0
0.5530,16.93,0.3640,97.2040,1.4320,2025-02-19 21:21:58,124.0
0.5320,16.9550,0.2980,97.0370,1.4370,2025-02-19 21:21:58,124.0
0.5640,16.98,0.4730,97.2020,1.3970,2025-02-19 21:21:58,124.0
0.5320,16.9360,0.5770,97.2040,1.3890,2025-02-19 21:21:58,124.0
0.5360,17.0020,0.3610,97.1990,1.3780,2025-02-19 21:21:58,124.0
0.5630,17.1030,0.5110,97.3430,1.46,2025-02-19 21:21:58,124.0
0.5510,16.9080,0.4760,97.1590,1.3640,2025-02-19 21:21:58,124.0
0.53,16.8890,0.7110,97.1420,1.3630,2025-02-19 21:21:58,124.0
0.5730,17.1560,0.5530,97.3410,1.4470,2025-02-19 21:21:58,124.0
0.56,17.1560,0.4520,97.2030,1.40,2025-02-19 21:21:58,124.0
0.5410,16.9360,0.5420,97.2030,1.3490,2025-02-19 21:21:58,124.0
0.5740,17.0050,0.50,97.0370,1.3820,2025-02-20 11:46:51,125.0
0.6140,17.0050,0.5670,97.1390,1.5520,2025-02-20 11:46:51,125.0
0.5760,17.0710,0.3460,97.08,1.4480,2025-02-20 11:46:51,125.0
0.5750,16.9550,0.6230,97.0840,1.4540,2025-02-20 11:46:51,125.0
0.5880,17.09,0.5840,97.0920,1.4760,2025-02-20 11:46:51,125.0
0.6060,17.0710,0.6160,97.1250,1.47,2025-02-20 11:46:51,125.0
0.5630,16.9430,0.4020,97.1440,1.3680,2025-02-20 11:46:51,125.0
0.6050,17.0180,0.4440,97.1570,1.5070,2025-02-20 11:46:51,125.0
0.6050,17.04,0.4380,97.2830,1.5560,2025-02-20 11:46:51,125.0
0.5760,16.77,0.4970,97.1260,1.3790,2025-02-20 11:46:51,125.0
0.5670,17.0430,0.4970,97.1310,1.4410,2025-02-20 11:46:51,125.0
0.6260,17.0840,0.5710,97.0040,1.4320,2025-02-20 11:46:51,125.0
0.5540,16.9580,0.4440,97.0950,1.4190,2025-02-20 11:46:51,125.0
0.6140,16.9870,0.49,97.1570,1.5270,2025-02-20 11:46:51,125.0
0.5730,16.9110,0.4480,96.9790,1.4060,2025-02-20 11:46:51,125.0
0.5930,17.10,0.4060,96.8950,1.5050,2025-02-20 11:46:51,125.0
0.6130,17.0430,0.6020,97.0560,1.5050,2025-02-20 11:46:51,125.0
0.6040,17.0930,0.5150,96.9720,1.5560,2025-02-20 11:46:51,125.0
0.5920,17.1470,0.5670,97.0490,1.4880,2025-02-20 11:46:51,125.0
0.5790,16.9080,0.4830,97.0970,1.3970,2025-02-20 11:46:51,125.0
0.5850,17.1120,0.4520,96.9860,1.47,2025-02-20 13:01:56,126.0
0.5750,17.0270,0.4090,97.2040,1.3910,2025-02-20 13:01:56,126.0
0.5910,17.0590,0.4690,97.2790,1.3550,2025-02-20 13:01:56,126.0
0.5820,17.0750,0.5390,97.0760,1.4250,2025-02-20 13:01:56,126.0
0.6120,16.9930,0.4760,97.0180,1.5330,2025-02-20 13:01:56,126.0
0.5630,16.93,0.3950,97.2420,1.3210,2025-02-20 13:01:56,126.0
0.5910,17.1220,0.4440,96.9720,1.4640,2025-02-20 13:01:56,126.0
0.5860,17.0180,0.3640,97.2730,1.4250,2025-02-20 13:01:56,126.0
0.5820,16.9740,0.2980,97.2980,1.4240,2025-02-20 13:01:56,126.0
0.58,16.9210,0.4620,97.3080,1.4160,2025-02-20 13:01:56,126.0
0.5810,17.0120,0.4510,97.03,1.3480,2025-02-20 13:01:56,126.0
0.5710,16.8920,0.5040,97.15,1.3930,2025-02-20 13:01:56,126.0
0.5720,16.9930,0.3570,97.2170,1.4170,2025-02-20 13:01:56,126.0
0.5470,16.8730,0.55,97.2810,1.3680,2025-02-20 13:01:56,126.0
0.5650,16.9240,0.3960,97.1550,1.3720,2025-02-20 13:01:56,126.0
0.5720,16.9930,0.3670,97.1810,1.4450,2025-02-20 13:01:56,126.0
0.5890,16.9870,0.62,97.1940,1.4180,2025-02-20 13:01:56,126.0
0.5970,16.9710,0.5810,97.0270,1.4810,2025-02-20 13:01:56,126.0
0.61,17.20,0.5710,97.0980,1.5160,2025-02-20 13:01:56,126.0
0.5750,17.0930,0.4270,97.0470,1.4640,2025-02-20 13:01:56,126.0
0.5850,17.0680,0.2760,97.0020,1.4830,2025-02-20 21:22:12,127.0
0.5980,17.1030,0.4650,97.1510,1.4670,2025-02-20 21:22:12,127.0
0.5990,17.04,0.3960,97.1010,1.3330,2025-02-20 21:22:12,127.0
0.5820,17.0240,0.5040,97.2110,1.5340,2025-02-20 21:22:12,127.0
0.5820,17.1530,0.5390,96.9920,1.44,2025-02-20 21:22:12,127.0
0.5560,17.0150,0.5110,97.0850,1.3220,2025-02-20 21:22:12,127.0
0.6030,17.1850,0.3610,97.1530,1.4490,2025-02-20 21:22:12,127.0
0.58,17.04,0.4130,97.1510,1.4690,2025-02-20 21:22:12,127.0
0.55,16.9770,0.5040,97.2380,1.2940,2025-02-20 21:22:12,127.0
0.5790,16.93,0.49,97.1580,1.4280,2025-02-20 21:22:12,127.0
0.5890,17.09,0.4340,97.1450,1.4070,2025-02-20 21:22:12,127.0
0.6060,17.09,0.49,97.1460,1.5070,2025-02-20 21:22:12,127.0
0.5840,17.0930,0.5150,97.0740,1.4480,2025-02-20 21:22:12,127.0
0.5930,17.0620,0.5350,97.0350,1.4780,2025-02-20 21:22:12,127.0
0.5990,17.1280,0.4650,97.1820,1.4660,2025-02-20 21:22:12,127.0
0.6060,16.9680,0.5710,97.2030,1.4990,2025-02-20 21:22:12,127.0
0.5740,17.0560,0.5320,97.1360,1.3790,2025-02-20 21:22:12,127.0
0.5810,17.0750,0.5670,97.1160,1.41,2025-02-20 21:22:12,127.0
0.5830,17.0180,0.4170,97.1820,1.4160,2025-02-20 21:22:12,127.0
0.57,16.9770,0.5430,97.2960,1.3490,2025-02-20 21:22:12,127.0
0.5730,17.0020,0.6650,97.1710,1.4170,2025-02-21 13:08:51,128.0
0.59,17.0530,0.5710,97.20,1.4430,2025-02-21 13:08:51,128.0
0.6250,17.1090,0.4510,97.2610,1.5030,2025-02-21 13:08:51,128.0
0.6020,16.99,0.6060,97.41,1.4690,2025-02-21 13:08:51,128.0
0.5820,16.8830,0.5110,97.1060,1.3690,2025-02-21 13:08:51,128.0
0.6020,17.0090,0.4760,97.1730,1.4920,2025-02-21 13:08:51,128.0
0.6210,17.1190,0.5320,97.1330,1.60,2025-02-21 13:08:51,128.0
0.5740,17.0090,0.5110,97.1640,1.4120,2025-02-21 13:08:51,128.0
0.5830,16.9870,0.5110,97.1170,1.3620,2025-02-21 13:08:51,128.0
0.6110,17.1720,0.5180,97.1520,1.5250,2025-02-21 13:08:51,128.0
0.6030,17.0530,0.5850,97.0970,1.5280,2025-02-21 13:08:51,128.0
0.6030,17.1660,0.5670,97.3410,1.4880,2025-02-21 13:08:51,128.0
0.5930,16.9650,0.56,97.1220,1.4370,2025-02-21 13:08:51,128.0
0.5860,16.9740,0.49,97.1940,1.3560,2025-02-21 13:08:51,128.0
0.5940,17.0270,0.50,97.1310,1.4770,2025-02-21 13:08:51,128.0
0.5880,16.9460,0.5320,96.9810,1.4960,2025-02-21 13:08:51,128.0
0.5870,17.0240,0.5840,97.0910,1.43,2025-02-21 13:08:51,128.0
0.5890,17.0620,0.5220,96.9870,1.5220,2025-02-21 13:08:51,128.0
0.6060,17.0150,0.5460,96.9770,1.5810,2025-02-21 13:08:51,128.0
0.5750,17.0780,0.4580,97.0470,1.4490,2025-02-21 13:08:51,128.0
0.59,17.15,0.49,97.1930,1.3650,2025-02-24 14:46:36,129.0
0.5670,17.0680,0.5290,97.19,1.34,2025-02-24 14:46:36,129.0
0.59,17.3980,0.5040,96.9860,1.2230,2025-02-24 14:46:36,129.0
0.5860,17.1090,0.5420,97.2160,1.3910,2025-02-24 14:46:36,129.0
0.5840,17.2190,0.3670,97.10,1.3640,2025-02-24 14:46:36,129.0
0.5880,17.1690,0.3950,97.2330,1.4470,2025-02-24 14:46:36,129.0
0.5710,17.2250,0.3850,97.0580,1.2590,2025-02-24 14:46:36,129.0
0.6040,17.2540,0.4550,97.0930,1.41,2025-02-24 14:46:36,129.0
0.5950,17.2190,0.4970,97.2920,1.3750,2025-02-24 14:46:36,129.0
0.5980,17.25,0.4870,97.0710,1.3190,2025-02-24 14:46:36,129.0
0.5910,17.1850,0.4270,97.1850,1.3520,2025-02-24 14:46:36,129.0
0.5790,17.0210,0.4340,97.2630,1.38,2025-02-24 14:46:36,129.0
0.5750,17.0530,0.5110,97.2250,1.3890,2025-02-24 14:46:36,129.0
0.5740,17.1370,0.5670,97.1940,1.3250,2025-02-24 14:46:36,129.0
0.5660,17.1590,0.4270,97.2040,1.3330,2025-02-24 14:46:36,129.0
0.5890,17.09,0.4240,97.4380,1.3650,2025-02-24 14:46:36,129.0
0.5790,17.1090,0.5080,97.0230,0.0140,2025-02-24 14:46:36,129.0
0.5820,17.1810,0.3990,96.9740,1.3380,2025-02-24 14:46:36,129.0
0.5750,16.9960,0.4410,97.0860,1.3850,2025-02-24 14:46:36,129.0
0.59,17.21,0.4650,97.0060,1.3720,2025-02-24 14:46:36,129.0
0.5540,17.0240,0.4620,97.0850,1.3310,2025-02-24 14:51:38,130.0
0.5850,17.20,0.3920,97.02,1.3060,2025-02-24 14:51:38,130.0
0.5920,17.0930,0.2240,97.0860,1.3260,2025-02-24 14:51:38,130.0
0.5720,17.1590,0.4790,96.9820,1.2520,2025-02-24 14:51:38,130.0
0.5940,17.1250,0.4730,96.9920,1.3260,2025-02-24 14:51:38,130.0
0.5780,17.1940,0.2480,97.19,1.32,2025-02-24 14:51:38,130.0
0.59,17.1590,0.4480,97.0350,1.3130,2025-02-24 14:51:38,130.0
0.5930,17.2760,0.3640,97.05,1.3420,2025-02-24 14:51:38,130.0
0.59,17.1150,0.5320,97.2190,1.4170,2025-02-24 14:51:38,130.0
0.58,17.25,0.41,97.4230,1.2820,2025-02-24 14:51:38,130.0
0.5720,17.0710,0.4270,97.2650,1.3030,2025-02-24 14:51:38,130.0
0.5940,17.1630,0.6930,97,1.42,2025-02-24 14:51:38,130.0
0.5940,17.1530,0.4970,97.0610,1.39,2025-02-24 14:51:38,130.0
0.5930,17.3010,0.5770,97.1860,0.9930,2025-02-24 14:51:38,130.0
0.5950,17.2160,0.56,97.0260,1.4090,2025-02-24 14:51:38,130.0
0.5710,17.0340,0.5420,97.1750,1.3530,2025-02-24 14:51:38,130.0
0.5710,17.0750,0.5350,97.28,1.3510,2025-02-24 14:51:38,130.0
0.59,17.0020,0.5350,96.9930,1.4280,2025-02-24 14:51:38,130.0
0.5730,17.1280,0.4020,97.0770,1.3710,2025-02-24 14:51:38,130.0
0.5720,17.1190,0.3780,96.94,1.4360,2025-02-24 14:51:38,130.0
0.5910,17.0240,0.4410,96.9760,1.46,2025-02-24 19:06:49,131.0
0.58,17.0620,0.4790,97.1030,1.4040,2025-02-24 19:06:49,131.0
0.5880,17.0530,0.4620,97.2010,1.4560,2025-02-24 19:06:49,131.0
0.5420,16.9390,0.5560,97.1860,1.2820,2025-02-24 19:06:49,131.0
0.6070,17.0750,0.4580,97.1910,1.4210,2025-02-24 19:06:49,131.0
0.5880,16.98,0.4410,97.1340,1.3230,2025-02-24 19:06:49,131.0
0.5840,16.9110,0.4160,97.1970,1.3020,2025-02-24 19:06:49,131.0
0.6090,16.9430,0.4730,97.0720,1.3890,2025-02-24 19:06:49,131.0
0.6030,17.0620,0.4690,97.1480,1.30,2025-02-24 19:06:49,131.0
0.5860,17.1780,0.4690,97.06,1.4260,2025-02-24 19:06:49,131.0
0.6060,16.8730,0.4550,97.0540,1.4270,2025-02-24 19:06:49,131.0
0.5530,16.9020,0.71,97.2160,1.2690,2025-02-24 19:06:49,131.0
0.5750,16.9270,0.3990,97.0640,1.3910,2025-02-24 19:06:49,131.0
0.57,16.93,0.41,97.1250,1.4690,2025-02-24 19:06:49,131.0
0.5860,16.9710,0.49,96.9970,1.4950,2025-02-24 19:06:49,131.0
0.6060,17.0050,0.5280,97.14,1.45,2025-02-24 19:06:49,131.0
0.5930,17.0150,0.4730,97.3140,1.4780,2025-02-24 19:06:49,131.0
0.5890,16.9550,0.50,97.13,1.4140,2025-02-24 19:06:49,131.0
0.6060,17.1220,0.5280,97.1550,1.5350,2025-02-24 19:06:49,131.0
0.5780,16.99,0.3960,97.1130,1.3580,2025-02-24 19:06:49,131.0
0.5610,16.9020,0.34,97.1110,1.3180,2025-02-24 21:31:57,132.0
0.6060,17.0340,0.3960,97.0550,1.5780,2025-02-24 21:31:57,132.0
0.6170,17.0240,0.3920,97.0750,1.5080,2025-02-24 21:31:57,132.0
0.5710,16.9330,0.4550,97.1070,1.4340,2025-02-24 21:31:57,132.0
0.5860,17.0180,0.5350,97.1470,1.4590,2025-02-24 21:31:57,132.0
0.5840,16.9960,0.4940,97.2980,1.3930,2025-02-24 21:31:57,132.0
0.5860,16.9960,0.4230,97.0770,1.5150,2025-02-24 21:31:57,132.0
0.5980,17.0340,0.5390,97.1290,1.4020,2025-02-24 21:31:57,132.0
0.5860,17.0020,0.3610,97.0670,1.4960,2025-02-24 21:31:57,132.0
0.5770,17.2190,0.4440,97.1130,1.3130,2025-02-24 21:31:57,132.0
0.59,16.9360,0.3780,97.0490,1.4150,2025-02-24 21:31:57,132.0
0.5830,17.10,0.42,97.0860,1.3470,2025-02-24 21:31:57,132.0
0.5940,17.0930,0.4940,97.1130,1.5040,2025-02-24 21:31:57,132.0
0.5680,16.99,0.3810,97.1880,1.4030,2025-02-24 21:31:57,132.0
0.59,17.0370,0.5910,97.0480,1.4370,2025-02-24 21:31:57,132.0
0.6020,17.0530,0.4410,97.1780,1.4820,2025-02-24 21:31:57,132.0
0.5730,16.9870,0.35,97.1270,1.3660,2025-02-24 21:31:57,132.0
0.5760,16.9430,0.5770,97.2120,1.4220,2025-02-24 21:31:57,132.0
0.5730,17.0240,0.34,97.1310,1.4640,2025-02-24 21:31:57,132.0
0.5860,17.0530,0.6060,97.1490,1.4050,2025-02-24 21:31:57,132.0
0.6140,17.1440,0.5810,97.10,1.5260,2025-02-25 11:19:26,133.0
0.6250,17.0680,0.49,97.2650,1.5540,2025-02-25 11:19:26,133.0
0.5870,16.8950,0.5710,97.20,1.4740,2025-02-25 11:19:26,133.0
0.58,16.9990,0.7140,96.9440,1.4370,2025-02-25 11:19:26,133.0
0.6220,17.1250,0.5530,97.3630,1.6110,2025-02-25 11:19:26,133.0
0.5910,16.9580,0.5320,97.1350,1.4130,2025-02-25 11:19:26,133.0
0.6010,17.0120,0.4170,97.0560,1.4510,2025-02-25 11:19:26,133.0
0.5840,16.9930,0.6760,97.0750,1.4430,2025-02-25 11:19:26,133.0
0.6070,17.0680,0.6330,97.1110,1.5220,2025-02-25 11:19:26,133.0
0.5530,16.9770,0.5850,97.3130,1.3220,2025-02-25 11:19:26,133.0
0.6090,17.15,0.4690,97.0450,1.5240,2025-02-25 11:19:26,133.0
0.6040,17.0530,0.6890,97.2220,1.5060,2025-02-25 11:19:26,133.0
0.5890,16.9550,0.6020,96.9870,1.4450,2025-02-25 11:19:26,133.0
0.5940,16.9680,0.4520,97.1820,1.4680,2025-02-25 11:19:26,133.0
0.6010,16.8990,0.5250,97.14,1.4680,2025-02-25 11:19:26,133.0
0.59,17.0240,0.4520,97.2350,1.4730,2025-02-25 11:19:26,133.0
0.59,17.10,0.5560,97.0810,1.40,2025-02-25 11:19:26,133.0
0.5820,16.9990,0.5350,97.0730,1.4990,2025-02-25 11:19:26,133.0
0.5950,17.0460,0.56,97.0120,1.43,2025-02-25 11:19:26,133.0
0.5780,16.9210,0.5710,97.1750,1.4730,2025-02-25 11:19:26,133.0
0.6120,17.2280,0.6620,97.0320,1.4340,2025-02-25 13:09:33,134.0
0.5990,17.0210,0.3680,97.0360,1.5010,2025-02-25 13:09:33,134.0
0.57,17.0310,0.2770,97.1710,1.4560,2025-02-25 13:09:33,134.0
0.5890,17.0120,0.5810,97.1040,1.4980,2025-02-25 13:09:33,134.0
0.5680,16.9710,0.83,97.2030,1.3980,2025-02-25 13:09:33,134.0
0.6110,17.1970,0.48,97.0030,1.5010,2025-02-25 13:09:33,134.0
0.59,17.1090,0.5350,97.0730,1.4680,2025-02-25 13:09:33,134.0
0.5970,17.1340,0.5880,97.0270,1.4320,2025-02-25 13:09:33,134.0
0.5990,17.0460,0.71,97.0010,1.3960,2025-02-25 13:09:33,134.0
0.6230,17.1750,0.5040,96.9580,1.5160,2025-02-25 13:09:33,134.0
0.5780,17.1590,0.6370,97.3160,1.35,2025-02-25 13:09:33,134.0
0.5880,17.0710,0.63,97.2310,1.5360,2025-02-25 13:09:33,134.0
0.61,17.0210,0.6270,97.3540,1.4760,2025-02-25 13:09:33,134.0
0.5970,17.1060,0.6060,97.0030,1.4650,2025-02-25 13:09:33,134.0
0.59,17.0650,0.6120,97.1110,1.4130,2025-02-25 13:09:33,134.0
0.6180,17.2630,0.6190,97.2310,1.4330,2025-02-25 13:09:33,134.0
0.5770,17.0090,0.5290,97.1020,1.3540,2025-02-25 13:09:33,134.0
0.5830,17.0970,0.6340,97.2780,1.4350,2025-02-25 13:09:33,134.0
0.5960,16.9870,0.5710,96.95,1.4980,2025-02-25 13:09:33,134.0
0.5660,17.1120,0.6090,97.0790,1.33,2025-02-25 13:09:33,134.0
0.59,17.1340,0.5460,96.8630,1.5280,2025-02-25 18:44:53,135.0
0.5820,16.9270,0.7490,97.1690,1.4740,2025-02-25 18:44:53,135.0
0.6060,17.0430,0.6060,97.0820,1.5230,2025-02-25 18:44:53,135.0
0.5880,17.0490,0.4870,97.2240,1.4280,2025-02-25 18:44:53,135.0
0.5990,16.9330,0.5320,96.9780,1.4730,2025-02-25 18:44:53,135.0
0.6060,17.1410,0.5420,97.0770,1.4620,2025-02-25 18:44:53,135.0
0.61,17.0210,0.5640,97.2040,1.4520,2025-02-25 18:44:53,135.0
0.6050,17.1530,0.4760,97.0730,1.4930,2025-02-25 18:44:53,135.0
0.5760,17.0870,0.5980,97.0080,1.4750,2025-02-25 18:44:53,135.0
0.5640,16.9140,0.70,97.1970,1.3920,2025-02-25 18:44:53,135.0
0.5950,17.1280,0.5810,97.1510,1.4580,2025-02-25 18:44:53,135.0
0.5570,16.9520,0.4970,97.2090,1.4460,2025-02-25 18:44:53,135.0
0.5780,17.0780,0.4130,97.1530,1.4550,2025-02-25 18:44:53,135.0
0.5840,17.0780,0.5640,97.0120,1.5420,2025-02-25 18:44:53,135.0
0.5660,16.9110,0.5770,97.4250,1.4130,2025-02-25 18:44:53,135.0
0.5740,16.9580,0.6650,97.0350,1.4430,2025-02-25 18:44:53,135.0
0.5890,17.1120,0.5320,97.3040,1.4570,2025-02-25 18:44:53,135.0
0.5980,17.0460,0.5390,97.1030,1.5490,2025-02-25 18:44:53,135.0
0.5780,17.0460,0.5460,97.0720,1.5280,2025-02-25 18:44:53,135.0
0.5830,17.0560,0.5630,97.0460,1.4650,2025-02-25 18:44:53,135.0
0.5770,16.9550,0.6160,97.0360,1.4670,2025-02-25 21:25:00,136.0
0.5750,16.8920,0.6540,97.1830,1.5970,2025-02-25 21:25:00,136.0
0.5980,16.9680,0.5640,97.0290,1.59,2025-02-25 21:25:00,136.0
0.5610,16.9170,0.43,97.1320,1.4710,2025-02-25 21:25:00,136.0
0.5670,16.8140,0.5530,97.1680,1.4260,2025-02-25 21:25:00,136.0
0.56,16.8390,0.5840,97.19,1.4870,2025-02-25 21:25:00,136.0
0.5990,16.9360,0.5570,96.9690,1.6050,2025-02-25 21:25:00,136.0
0.5830,16.8670,0.6160,97.0160,1.5950,2025-02-25 21:25:00,136.0
0.5790,16.8730,0.63,97.14,1.5280,2025-02-25 21:25:00,136.0
0.57,17.0090,0.6680,96.9530,1.4870,2025-02-25 21:25:00,136.0
0.5660,16.93,0.6510,97.2120,1.5740,2025-02-25 21:25:00,136.0
0.5940,17.0210,0.5810,97.0440,1.5760,2025-02-25 21:25:00,136.0
0.5710,16.9360,0.6330,96.9910,1.4840,2025-02-25 21:25:00,136.0
0.5690,16.9740,0.6790,97.3840,1.5280,2025-02-25 21:25:00,136.0
0.5740,16.9830,0.5150,97.1750,1.5190,2025-02-25 21:25:00,136.0
0.5730,17.0050,0.6230,97.0180,1.5120,2025-02-25 21:25:00,136.0
0.5890,16.9960,0.5710,97.0790,1.65,2025-02-25 21:25:00,136.0
0.5880,17.0050,0.5360,97.0610,1.59,2025-02-25 21:25:00,136.0
0.5580,16.9430,0.5950,97.2750,1.5060,2025-02-25 21:25:00,136.0
0.5880,17.0560,0.3990,96.9410,1.57,2025-02-25 21:25:00,136.0
0.5870,17.1630,0.4940,96.9450,1.4420,2025-02-26 10:50:34,137.0
0.5980,16.9390,0.4060,97.26,1.4220,2025-02-26 10:50:34,137.0
0.5510,16.9930,0.4510,97.1880,1.3210,2025-02-26 10:50:34,137.0
0.5890,17.1780,0.5810,96.9120,1.4570,2025-02-26 10:50:34,137.0
0.5780,16.99,0.5780,97.1560,1.4350,2025-02-26 10:50:34,137.0
0.5750,17.1220,0.63,97.0160,1.3720,2025-02-26 10:50:34,137.0
0.5680,17.1060,0.7390,97.2930,1.4410,2025-02-26 10:50:34,137.0
0.5770,16.9270,0.5320,97.1850,1.4170,2025-02-26 10:50:34,137.0
0.6360,17.1150,0.5040,97.0650,1.5450,2025-02-26 10:50:34,137.0
0.5830,17.0680,0.4790,97.20,1.3980,2025-02-26 10:50:34,137.0
0.6180,16.9990,0.5880,97.0980,1.5440,2025-02-26 10:50:34,137.0
0.6010,17.09,0.55,97.1590,1.5020,2025-02-26 10:50:34,137.0
0.5690,16.9770,0.5350,97.1620,1.4290,2025-02-26 10:50:34,137.0
0.5830,17.0870,0.4270,97.0460,1.4090,2025-02-26 10:50:34,137.0
0.5820,17.1410,0.2910,97.1080,1.47,2025-02-26 10:50:34,137.0
0.5890,17.2690,0.5980,96.9940,1.4490,2025-02-26 10:50:34,137.0
0.5910,17.1280,0.6230,97.0150,1.4610,2025-02-26 10:50:34,137.0
0.5980,17.1720,0.3470,96.9630,1.4420,2025-02-26 10:50:34,137.0
0.5830,17.1340,0.4270,97.10,1.4270,2025-02-26 10:50:34,137.0
0.5840,16.9870,0.4520,97.15,1.4190,2025-02-26 10:50:34,137.0
0.6040,17.04,0.3330,97.4050,1.4270,2025-02-26 12:55:38,138.0
0.60,17.0710,0.7110,96.9780,1.5110,2025-02-26 12:55:38,138.0
0.5880,16.9460,0.2630,97.1440,1.4570,2025-02-26 12:55:38,138.0
0.5840,17.04,0.6440,97.1710,1.3110,2025-02-26 12:55:38,138.0
0.5810,16.98,0.4410,97.0060,1.4820,2025-02-26 12:55:38,138.0
0.59,16.9770,0.4480,96.96,1.4410,2025-02-26 12:55:38,138.0
0.5990,16.9930,0.2240,97.29,1.5330,2025-02-26 12:55:38,138.0
0.5860,16.9270,0.6060,97.2810,1.4290,2025-02-26 12:55:38,138.0
0.6010,16.9990,0.3750,97.1460,1.5320,2025-02-26 12:55:38,138.0
0.5830,17.1340,0.6720,96.9220,1.3690,2025-02-26 12:55:38,138.0
0.5540,16.83,0.5040,97.2130,1.3890,2025-02-26 12:55:38,138.0
0.6030,17.0430,0.5350,96.9530,1.4530,2025-02-26 12:55:38,138.0
0.5790,17.0050,0.5320,97.2250,1.46,2025-02-26 12:55:38,138.0
0.5670,16.9580,0.4090,97.1010,1.4490,2025-02-26 12:55:38,138.0
0.5840,17.09,0.42,97.0480,1.4210,2025-02-26 12:55:38,138.0
0.6080,17.1120,0.4550,97.0040,1.3910,2025-02-26 12:55:38,138.0
0.6160,17.0340,0.5670,97.1810,1.47,2025-02-26 12:55:38,138.0
0.5860,16.8730,0.3430,97.3630,1.4450,2025-02-26 12:55:38,138.0
0.6060,16.9460,0.6370,97.09,1.4730,2025-02-26 12:55:38,138.0
0.5710,16.9080,0.5950,96.9650,1.4430,2025-02-26 12:55:38,138.0
0.5830,16.9140,0.43,97.0980,1.4580,2025-02-26 20:26:13,139.0
0.61,17.1190,0.5210,97.1020,1.4440,2025-02-26 20:26:13,139.0
0.6040,17.1120,0.4170,97.0860,1.5160,2025-02-26 20:26:13,139.0
0.5760,16.9680,0.4340,97.0790,1.5230,2025-02-26 20:26:13,139.0
0.5590,16.9460,0.5150,97.3310,1.3910,2025-02-26 20:26:13,139.0
0.59,17.0050,0.3530,97.2420,1.5250,2025-02-26 20:26:13,139.0
0.6140,17.0750,0.3320,97.2410,1.49,2025-02-26 20:26:13,139.0
0.5790,17.0180,0.4060,97.3310,1.4590,2025-02-26 20:26:13,139.0
0.5830,17.0650,0.5910,97.0950,1.5240,2025-02-26 20:26:13,139.0
0.6150,17.1090,0.4310,97.1950,1.5260,2025-02-26 20:26:13,139.0
0.5930,17.10,0.3570,97.0130,1.4720,2025-02-26 20:26:13,139.0
0.5680,17.1940,0.5290,97.2640,1.4620,2025-02-26 20:26:13,139.0
0.5730,17.0680,0.42,97.3160,1.4010,2025-02-26 20:26:13,139.0
0.59,17.10,0.5740,97.0820,1.54,2025-02-26 20:26:13,139.0
0.5830,17.1590,0.5040,97.2840,1.4750,2025-02-26 20:26:13,139.0
0.5760,17.0120,0.3150,97.1890,1.4760,2025-02-26 20:26:13,139.0
0.5840,16.9680,0.4620,97.1840,1.5450,2025-02-26 20:26:13,139.0
0.5950,17.0430,0.5710,97.2930,1.4620,2025-02-26 20:26:13,139.0
0.60,17.09,0.3920,97.0810,1.5550,2025-02-26 20:26:13,139.0
0.5680,17.0180,0.5150,97.21,1.4260,2025-02-26 20:26:13,139.0
0.5660,17.0370,0.3570,97.0190,1.3550,2025-02-26 21:21:18,140.0
0.6010,17.0840,0.5430,96.9960,1.4440,2025-02-26 21:21:18,140.0
0.6370,17.1250,0.3570,97.2590,1.6060,2025-02-26 21:21:18,140.0
0.5920,17.0020,0.5250,96.87,1.47,2025-02-26 21:21:18,140.0
0.5760,16.8990,0.4450,97.1560,1.4740,2025-02-26 21:21:18,140.0
0.5890,16.9770,0.5080,108.3780,1.47,2025-02-26 21:21:18,140.0
0.5890,16.9960,0.5460,97.1220,1.4620,2025-02-26 21:21:18,140.0
0.5730,16.8670,0.7040,97.3410,1.48,2025-02-26 21:21:18,140.0
0.5970,17.0680,0.4580,97.0140,1.5040,2025-02-26 21:21:18,140.0
0.5990,17.0340,0.5770,97.2890,1.3950,2025-02-26 21:21:18,140.0
0.5890,17.1030,0.4270,97.1030,1.4960,2025-02-26 21:21:18,140.0
0.5910,17.10,0.5670,97.1310,1.5050,2025-02-26 21:21:18,140.0
0.6140,17.1340,0.4410,97.0470,1.4960,2025-02-26 21:21:18,140.0
0.5980,16.9080,0.4410,97.1910,1.6130,2025-02-26 21:21:18,140.0
0.5850,17.0090,0.4230,97.0620,1.4130,2025-02-26 21:21:18,140.0
0.5660,16.9740,0.5040,97.2510,1.4250,2025-02-26 21:21:18,140.0
0.6060,17.0340,0.5040,97.0790,1.4640,2025-02-26 21:21:18,140.0
0.5810,16.8770,0.6190,97.0960,1.5390,2025-02-26 21:21:18,140.0
0.5540,16.9650,0.8680,97.0260,1.3320,2025-02-26 21:21:18,140.0
0.6020,17.0870,0.4410,97.10,1.4310,2025-02-26 21:21:18,140.0
0.5960,17.0710,0.5910,97.2030,1.4010,2025-02-27 11:08:48,141.0
0.5750,16.8010,0.6830,97.2580,1.4370,2025-02-27 11:08:48,141.0
0.5860,16.9710,0.6370,97.3670,1.4050,2025-02-27 11:08:48,141.0
0.5950,17.0240,0.7980,97.2350,1.4250,2025-02-27 11:08:48,141.0
0.6020,17.1120,0.5710,96.8670,1.4360,2025-02-27 11:08:48,141.0
0.5990,17.1220,0.42,97.0040,1.4540,2025-02-27 11:08:48,141.0
0.6020,17.1910,0.5910,96.9440,1.4280,2025-02-27 11:08:48,141.0
0.5780,16.9390,0.5710,96.9380,1.3010,2025-02-27 11:08:48,141.0
0.6050,17.1190,0.5850,97.1680,1.4940,2025-02-27 11:08:48,141.0
0.5750,17.04,0.55,97.1860,1.4140,2025-02-27 11:08:48,141.0
0.6050,17.0270,0.4730,97.1450,1.4040,2025-02-27 11:08:48,141.0
0.5510,16.8390,0.5040,97.1380,1.3690,2025-02-27 11:08:48,141.0
0.5880,16.9580,0.7310,96.9860,1.4160,2025-02-27 11:08:48,141.0
0.5930,17.0490,0.4620,97.1730,1.49,2025-02-27 11:08:48,141.0
0.6070,17.1280,0.6370,97.02,1.5160,2025-02-27 11:08:48,141.0
0.5740,16.8950,0.6050,97.2020,1.3760,2025-02-27 11:08:48,141.0
0.5930,17.09,0.6720,97.0190,1.5120,2025-02-27 11:08:48,141.0
0.5940,17.0020,0.5080,97.2870,1.5030,2025-02-27 11:08:48,141.0
0.5880,16.9830,0.6720,97.1610,1.4680,2025-02-27 11:08:48,141.0
0.5960,17.04,0.7070,96.9110,1.4770,2025-02-27 11:08:48,141.0
0.5750,16.8920,0.7530,97.1360,1.4080,2025-02-27 12:58:55,142.0
0.5750,16.8420,0.5850,97.2590,1.4210,2025-02-27 12:58:55,142.0
0.5810,16.8890,0.49,97.2430,1.4040,2025-02-27 12:58:55,142.0
0.5630,16.9680,0.4020,97.1350,1.3960,2025-02-27 12:58:55,142.0
0.5910,16.9550,0.5040,97.1410,1.4260,2025-02-27 12:58:55,142.0
0.6030,16.9020,0.5950,97.15,1.4880,2025-02-27 12:58:55,142.0
0.5830,17.0310,0.6680,97.0820,1.3490,2025-02-27 12:58:55,142.0
0.6060,17.0430,0.49,97.1750,1.4510,2025-02-27 12:58:55,142.0
0.6080,17.0680,0.5250,96.9630,1.4620,2025-02-27 12:58:55,142.0
0.5840,16.9170,0.49,97.0320,1.4540,2025-02-27 12:58:55,142.0
0.5760,17.0340,0.4480,97.1370,1.3910,2025-02-27 12:58:55,142.0
0.60,17.0560,0.4940,97.3160,1.4380,2025-02-27 12:58:55,142.0
0.5790,16.9490,0.5990,97.1460,1.40,2025-02-27 12:58:55,142.0
0.5820,16.9830,0.5530,97.0440,1.5820,2025-02-27 12:58:55,142.0
0.5470,16.9520,0.5420,97.1550,1.3540,2025-02-27 12:58:55,142.0
0.5850,17.0560,0.4550,97.3010,1.35,2025-02-27 12:58:55,142.0
0.5980,16.9680,0.3670,97.2350,1.4810,2025-02-27 12:58:55,142.0
0.6040,16.9140,0.4410,97.5560,1.47,2025-02-27 12:58:55,142.0
0.5820,16.9770,0.5350,97.0670,1.5760,2025-02-27 12:58:55,142.0
0.5730,16.8450,0.4620,97.2860,1.4120,2025-02-27 12:58:55,142.0
0.5870,16.9990,0.5250,97.0420,1.4470,2025-02-27 18:49:07,143.0
0.5690,16.9110,0.7560,97.2420,1.3860,2025-02-27 18:49:07,143.0
0.5990,17.1060,0.5420,97.1610,1.4810,2025-02-27 18:49:07,143.0
0.5890,17.1030,0.4860,97.0030,1.4860,2025-02-27 18:49:07,143.0
0.5870,16.9460,0.50,97.7450,1.5540,2025-02-27 18:49:07,143.0
0.5730,16.99,0.4620,97.1240,1.4020,2025-02-27 18:49:07,143.0
0.5810,16.9740,0.4940,97.2580,1.3970,2025-02-27 18:49:07,143.0
0.6030,16.9710,0.4270,97.2660,1.5860,2025-02-27 18:49:07,143.0
0.5820,17.0270,0.4020,97.3260,1.4490,2025-02-27 18:49:07,143.0
0.6050,17.0680,0.6020,97.35,1.4190,2025-02-27 18:49:07,143.0
0.5780,17.0340,0.6860,96.9440,1.4780,2025-02-27 18:49:07,143.0
0.5890,17.0370,0.5320,96.9320,1.5050,2025-02-27 18:49:07,143.0
0.5950,16.9520,0.4830,97.3020,1.4890,2025-02-27 18:49:07,143.0
0.5930,17.0870,0.5080,96.9830,1.4690,2025-02-27 18:49:07,143.0
0.5870,17.1190,0.4690,97.1430,1.4660,2025-02-27 18:49:07,143.0
0.5750,16.9390,0.5080,97.27,1.4420,2025-02-27 18:49:07,143.0
0.5720,17.0090,0.8470,97.3510,1.47,2025-02-27 18:49:07,143.0
0.5940,17.0370,0.4730,96.96,1.5360,2025-02-27 18:49:07,143.0
0.5820,16.8890,0.5880,97.0190,1.3920,2025-02-27 18:49:07,143.0
0.5890,17.0680,0.5460,97.3120,1.5210,2025-02-27 18:49:07,143.0
0.5910,17.1090,0.6790,97.3040,1.4960,2025-02-27 21:24:13,144.0
0.5720,16.88,0.3960,97.2070,1.4420,2025-02-27 21:24:13,144.0
0.5770,17.0970,0.6580,97.2960,1.4650,2025-02-27 21:24:13,144.0
0.5950,17.0750,0.5640,97.0040,1.43,2025-02-27 21:24:13,144.0
0.5710,16.93,0.3290,97.1630,1.4340,2025-02-27 21:24:13,144.0
0.5980,16.9710,0.5770,97.1890,1.4070,2025-02-27 21:24:13,144.0
0.5790,17.1340,0.6680,97.2970,1.4240,2025-02-27 21:24:13,144.0
0.6060,17.1030,0.3610,97.0170,1.4910,2025-02-27 21:24:13,144.0
0.5890,16.98,0.5640,97.4230,1.5220,2025-02-27 21:24:13,144.0
0.5770,17.0810,0.4830,97.1480,0.0170,2025-02-27 21:24:13,144.0
0.5770,17.04,0.7490,97.2940,1.4450,2025-02-27 21:24:13,144.0
0.6020,17.1440,0.4310,97.1060,1.4340,2025-02-27 21:24:13,144.0
0.5990,16.9770,0.62,97.1780,1.5060,2025-02-27 21:24:13,144.0
0.5720,17.0430,0.71,97.3050,1.47,2025-02-27 21:24:13,144.0
0.5940,17.1030,0.3990,97.1660,1.3920,2025-02-27 21:24:13,144.0
0.5940,17.04,0.4060,97.14,1.4840,2025-02-27 21:24:13,144.0
0.5820,17.0710,0.5850,97.25,1.3710,2025-02-27 21:24:13,144.0
0.5920,17.04,0.5180,96.9060,1.4950,2025-02-27 21:24:13,144.0
0.6070,17.10,0.4170,97.1020,1.4160,2025-02-27 21:24:13,144.0
0.5730,16.9610,0.49,97.3350,1.5140,2025-02-27 21:24:13,144.0
0.6240,17.1120,0.5490,97.0020,1.5030,2025-02-28 13:02:28,145.0
0.5840,17.0750,0.3250,97.3620,1.3920,2025-02-28 13:02:28,145.0
0.5830,17.0270,0.4730,97.0630,1.4480,2025-02-28 13:02:28,145.0
0.5790,16.9490,0.4620,97.2190,1.4010,2025-02-28 13:02:28,145.0
0.5610,16.9140,0.5080,97.3550,1.3790,2025-02-28 13:02:28,145.0
0.5990,17.0750,0.5880,97.20,1.5510,2025-02-28 13:02:28,145.0
0.5910,16.9050,0.2730,97.2360,1.4570,2025-02-28 13:02:28,145.0
0.5910,17.0090,0.4340,96.9240,1.4670,2025-02-28 13:02:28,145.0
0.6070,16.98,0.5250,97.1630,1.59,2025-02-28 13:02:28,145.0
0.5780,16.9390,0.6440,97.2070,1.3890,2025-02-28 13:02:28,145.0
0.5930,17.0490,0.4760,97.1230,1.4610,2025-02-28 13:02:28,145.0
0.5780,16.9870,0.5080,97.0280,1.4450,2025-02-28 13:02:28,145.0
0.5910,17.0930,0.3250,97.1070,1.4730,2025-02-28 13:02:28,145.0
0.6040,17.0620,0.5040,97.1210,1.4660,2025-02-28 13:02:28,145.0
0.5770,16.9240,0.4410,97.2910,1.3880,2025-02-28 13:02:28,145.0
0.5840,17.0650,0.5180,97.16,1.4210,2025-02-28 13:02:28,145.0
0.5970,17.0050,0.4520,97.3010,1.4480,2025-02-28 13:02:28,145.0
0.6160,17.1660,0.4170,97.1260,1.5360,2025-02-28 13:02:28,145.0
0.5780,16.9360,0.4310,97.2740,1.4310,2025-02-28 13:02:28,145.0
0.6080,17.1470,0.49,97.2690,1.5050,2025-02-28 13:02:28,145.0
0.5970,16.9830,0.6160,97.0050,1.5770,2025-03-03 15:07:09,146.0
0.5670,17.1220,0.5950,97.0320,1.4190,2025-03-03 15:07:09,146.0
0.5940,17.0020,0.5810,96.9320,1.3720,2025-03-03 15:07:09,146.0
0.5950,16.99,0.6580,97.1830,1.4340,2025-03-03 15:07:09,146.0
0.5760,16.9330,0.6480,97.2930,1.4250,2025-03-03 15:07:09,146.0
0.5760,17.0430,0.6330,97.1130,1.5160,2025-03-03 15:07:09,146.0
0.5930,17.1280,0.4940,97.1530,1.5590,2025-03-03 15:07:09,146.0
0.58,17.0590,0.3710,97.0570,1.4230,2025-03-03 15:07:09,146.0
0.5820,17.0180,0.4480,96.8990,1.40,2025-03-03 15:07:09,146.0
0.5630,17.10,0.4790,97.0630,1.4380,2025-03-03 15:07:09,146.0
0.6220,17.1410,0.50,97.2470,1.5960,2025-03-03 15:07:09,146.0
0.5790,17.0310,0.3150,97.0310,1.4560,2025-03-03 15:07:09,146.0
0.5720,17.0710,0.4660,97.1390,0.0090,2025-03-03 15:07:09,146.0
0.5840,17.0210,0.2660,97.3460,1.55,2025-03-03 15:07:09,146.0
0.5690,16.9390,0.3610,97.2510,1.4650,2025-03-03 15:07:09,146.0
0.5710,17.0680,0.3810,97.13,1.4710,2025-03-03 15:07:09,146.0
0.5930,16.9770,0.5460,96.9680,1.5020,2025-03-03 15:07:09,146.0
0.5780,17.1340,0.5530,97.07,1.4820,2025-03-03 15:07:09,146.0
0.6050,17.1090,0.5070,97.0490,1.60,2025-03-03 15:07:09,146.0
0.5730,17.0530,0.4550,97.0850,1.4610,2025-03-03 15:07:09,146.0
0.5880,17.1190,0.5980,97.0380,1.4170,2025-03-03 19:42:20,147.0
0.5650,17.0090,0.5390,97.1810,1.3940,2025-03-03 19:42:20,147.0
0.5720,16.8890,0.4830,97.20,1.4510,2025-03-03 19:42:20,147.0
0.6120,17.0680,0.5350,97.1680,1.5360,2025-03-03 19:42:20,147.0
0.5940,17.0620,0.5710,96.9560,1.4530,2025-03-03 19:42:20,147.0
0.5730,17.0430,0.4730,96.9790,1.3680,2025-03-03 19:42:20,147.0
0.5780,17.0930,0.62,97.0920,1.4270,2025-03-03 19:42:20,147.0
0.5970,16.9390,0.4380,97.0970,1.4770,2025-03-03 19:42:20,147.0
0.6120,17.1220,0.3570,96.9870,1.4770,2025-03-03 19:42:20,147.0
0.5910,17.04,0.4730,96.9930,1.3780,2025-03-03 19:42:20,147.0
0.6050,17.1370,0.5420,96.9860,1.4630,2025-03-03 19:42:20,147.0
0.6020,17.0430,0.64,97.1730,1.4740,2025-03-03 19:42:20,147.0
0.5690,17.0930,0.5670,97.1760,1.4080,2025-03-03 19:42:20,147.0
0.5820,17.1030,0.5560,97.1170,1.4310,2025-03-03 19:42:20,147.0
0.6010,17.1190,0.6270,97.0140,1.4870,2025-03-03 19:42:20,147.0
0.5920,16.87,0.3390,97.0490,1.4140,2025-03-03 19:42:20,147.0
0.5760,16.9830,0.5880,97.1860,1.3820,2025-03-03 19:42:20,147.0
0.5870,17.0340,0.4020,97.0770,1.4570,2025-03-03 19:42:20,147.0
0.5920,16.9710,0.5080,97.05,1.4390,2025-03-03 19:42:20,147.0
0.5760,16.9870,0.5220,96.9260,1.4440,2025-03-03 19:42:20,147.0
0.5960,17.0650,0.4270,97.13,1.4110,2025-03-03 21:22:27,148.0
0.62,17.1150,0.4620,97.0650,1.5230,2025-03-03 21:22:27,148.0
0.6050,16.9990,0.5390,97.4020,1.4580,2025-03-03 21:22:27,148.0
0.6020,17.0710,0.49,97.2190,1.4310,2025-03-03 21:22:27,148.0
0.5930,17.0490,0.4520,96.9460,1.4190,2025-03-03 21:22:27,148.0
0.59,16.9330,0.41,97.6220,1.4480,2025-03-03 21:22:27,148.0
0.5630,16.9770,0.4550,97.2410,1.3170,2025-03-03 21:22:27,148.0
0.5710,16.8230,0.4830,97.19,1.4590,2025-03-03 21:22:27,148.0
0.6180,17.1280,0.5530,97.0670,1.4810,2025-03-03 21:22:27,148.0
0.5620,16.8770,0.4410,97.1310,1.3890,2025-03-03 21:22:27,148.0
0.5790,17.0210,0.6090,97.0880,1.4650,2025-03-03 21:22:27,148.0
0.62,17.1090,0.5040,96.9350,1.5250,2025-03-03 21:22:27,148.0
0.5880,16.9520,0.4410,97.1430,1.4170,2025-03-03 21:22:27,148.0
0.5760,16.9650,0.4760,97.1780,1.4760,2025-03-03 21:22:27,148.0
0.5960,16.9580,0.4760,97.45,1.4180,2025-03-03 21:22:27,148.0
0.5810,16.9680,0.4690,97.1730,1.3950,2025-03-03 21:22:27,148.0
0.59,16.9650,0.4060,97.1770,1.4210,2025-03-03 21:22:27,148.0
0.5790,16.9460,0.4230,97.4680,1.3810,2025-03-03 21:22:27,148.0
0.5790,17.0120,0.3850,97.14,1.42,2025-03-03 21:22:27,148.0
0.5790,17.0020,0.5530,97.4860,1.4040,2025-03-03 21:22:27,148.0
0.6090,17.09,0.4230,96.95,1.4960,2025-03-04 11:54:57,149.0
0.5940,17.0340,0.4380,97.0370,1.4430,2025-03-04 11:54:57,149.0
0.5960,17.0490,0.6060,97.0320,1.5660,2025-03-04 11:54:57,149.0
0.5880,16.9740,0.5670,97.1050,1.53,2025-03-04 11:54:57,149.0
0.5920,17.0370,0.5430,96.9820,1.4540,2025-03-04 11:54:57,149.0
0.5690,16.9680,0.6480,97.1850,1.38,2025-03-04 11:54:57,149.0
0.5880,17.0620,0.6790,96.9710,1.4490,2025-03-04 11:54:57,149.0
0.5570,16.8830,0.4760,97.4030,1.34,2025-03-04 11:54:57,149.0
0.5690,16.9550,0.6440,97.2050,1.40,2025-03-04 11:54:57,149.0
0.5870,16.8890,0.3540,97.1590,1.4220,2025-03-04 11:54:57,149.0
0.6220,17.0120,0.50,96.9680,1.5520,2025-03-04 11:54:57,149.0
0.5820,16.9710,0.5010,97.25,1.4440,2025-03-04 11:54:57,149.0
0.5910,17.0180,0.4520,96.9530,1.5210,2025-03-04 11:54:57,149.0
0.5830,16.9990,0.5460,97.2530,1.5080,2025-03-04 11:54:57,149.0
0.5740,16.8140,0.5180,96.9950,1.4710,2025-03-04 11:54:57,149.0
0.5590,16.8510,0.55,97.2750,1.5080,2025-03-04 11:54:57,149.0
0.5590,16.8730,0.4020,97.1260,1.4530,2025-03-04 11:54:57,149.0
0.5730,16.8550,0.3960,97.18,1.4080,2025-03-04 11:54:57,149.0
0.6050,16.9580,0.55,96.90,1.5280,2025-03-04 11:54:57,149.0
0.5770,16.9430,0.4580,97.1260,1.4350,2025-03-04 11:54:57,149.0
0.60,17.0370,0.4450,97.2360,1.43,2025-03-04 13:10:02,150.0
0.5630,16.9490,0.4340,97.2540,1.4020,2025-03-04 13:10:02,150.0
0.5710,16.9520,0.5530,97.2050,1.39,2025-03-04 13:10:02,150.0
0.5610,17.0710,0.4870,97.1770,1.34,2025-03-04 13:10:02,150.0
0.5880,16.9550,0.4340,97.1620,1.4840,2025-03-04 13:10:02,150.0
0.6020,17.1340,0.6060,97.0230,1.5250,2025-03-04 13:10:02,150.0
0.5760,16.9330,0.5740,96.9860,1.3860,2025-03-04 13:10:02,150.0
0.60,16.8990,0.4270,96.9570,1.5030,2025-03-04 13:10:02,150.0
0.5820,17.0780,0.3290,97.1440,1.4540,2025-03-04 13:10:02,150.0
0.5850,17.0180,0.4020,96.8940,1.4620,2025-03-04 13:10:02,150.0
0.5770,16.9870,0.5640,97.2670,1.3280,2025-03-04 13:10:02,150.0
0.5590,17.0150,0.4730,97.1530,1.3380,2025-03-04 13:10:02,150.0
0.5920,17.1120,0.4480,96.9890,1.4680,2025-03-04 13:10:02,150.0
0.59,16.9520,0.63,96.9290,1.4680,2025-03-04 13:10:02,150.0
0.5790,16.9240,0.3950,97.2060,1.4370,2025-03-04 13:10:02,150.0
0.5710,17.0370,0.56,97.14,1.4640,2025-03-04 13:10:02,150.0
0.6190,17.0090,0.4020,97.0060,1.5430,2025-03-04 13:10:02,150.0
0.5810,17.0050,0.5360,97.1860,1.3310,2025-03-04 13:10:02,150.0
0.5810,17.09,0.5740,97.0750,1.3870,2025-03-04 13:10:02,150.0
0.5870,16.9050,0.41,97.1770,1.46,2025-03-04 13:10:02,150.0
0.5850,16.9870,0.5350,96.9910,1.4590,2025-03-04 19:35:18,151.0
0.6290,17.2220,0.6550,97.0260,1.5670,2025-03-04 19:35:18,151.0
0.5930,17.0210,0.4760,97.2270,1.4880,2025-03-04 19:35:18,151.0
0.5840,17.0210,0.55,96.9970,1.3860,2025-03-04 19:35:18,151.0
0.5970,17.0150,0.5320,97.2270,1.5220,2025-03-04 19:35:18,151.0
0.5980,17.0430,0.4830,97.0340,1.51,2025-03-04 19:35:18,151.0
0.5590,16.9710,0.4970,97.1780,1.4490,2025-03-04 19:35:18,151.0
0.5840,16.9650,0.3890,97.1480,1.4190,2025-03-04 19:35:18,151.0
0.6040,16.9580,0.4480,97.1410,1.5260,2025-03-04 19:35:18,151.0
0.5670,16.9960,0.63,96.9970,1.4470,2025-03-04 19:35:18,151.0
0.6010,17.1220,0.4410,96.9670,1.4540,2025-03-04 19:35:18,151.0
0.5720,17.1060,0.5420,97.1640,1.4070,2025-03-04 19:35:18,151.0
0.6070,17.04,0.5460,96.9530,1.4230,2025-03-04 19:35:18,151.0
0.5710,17.0150,0.5250,97.1910,1.4440,2025-03-04 19:35:18,151.0
0.60,17.0680,0.5070,97.1770,1.52,2025-03-04 19:35:18,151.0
0.5880,17.0240,0.6020,97.2460,1.4550,2025-03-04 19:35:18,151.0
0.5870,17.0020,0.5840,97.0180,1.46,2025-03-04 19:35:18,151.0
0.5850,17.0650,0.5040,97.1320,1.43,2025-03-04 19:35:18,151.0
0.5840,16.9870,0.5360,97.2120,1.5050,2025-03-04 19:35:18,151.0
0.5660,16.9740,0.6130,97.1380,1.4090,2025-03-04 19:35:18,151.0
0.58,16.99,0.5420,97.2250,1.45,2025-03-04 21:35:26,152.0
0.6030,17.1250,0.2910,96.8820,1.3280,2025-03-04 21:35:26,152.0
0.6040,17.0590,0.5320,97.0620,1.46,2025-03-04 21:35:26,152.0
0.5710,16.9080,0.3610,97.1470,1.4820,2025-03-04 21:35:26,152.0
0.5720,16.9960,0.3810,97.6570,1.3850,2025-03-04 21:35:26,152.0
0.60,16.9460,0.7110,97.1970,1.47,2025-03-04 21:35:26,152.0
0.5740,16.8990,0.6090,97.2840,1.4470,2025-03-04 21:35:26,152.0
0.5880,17.0460,0.4620,97.1410,1.4340,2025-03-04 21:35:26,152.0
0.60,16.9770,0.4940,97.1080,1.4790,2025-03-04 21:35:26,152.0
0.57,16.9520,0.56,97.2090,1.4270,2025-03-04 21:35:26,152.0
0.59,17.0150,0.4690,97.1470,1.4150,2025-03-04 21:35:26,152.0
0.6010,16.9770,0.5810,96.9480,1.5120,2025-03-04 21:35:26,152.0
0.6070,16.9770,0.4970,97.1420,1.4970,2025-03-04 21:35:26,152.0
0.5870,16.9740,0.3360,97.2310,1.4490,2025-03-04 21:35:26,152.0
0.58,16.93,0.7240,97.0470,1.4290,2025-03-04 21:35:26,152.0
0.5840,16.9550,0.4790,97.2010,1.4240,2025-03-04 21:35:26,152.0
0.5870,17.0240,0.4970,97.0150,1.3810,2025-03-04 21:35:26,152.0
0.5870,16.9740,0.6160,97.1710,1.5110,2025-03-04 21:35:26,152.0
0.5820,16.9990,0.4870,97.2790,1.4690,2025-03-04 21:35:26,152.0
0.5980,17.0090,0.4650,97.0430,1.5130,2025-03-04 21:35:26,152.0
0.5980,17.0340,0.3810,97.1410,1.4240,2025-03-05 11:26:02,153.0
0.6070,17.2160,0.4650,96.8660,1.4070,2025-03-05 11:26:02,153.0
0.5830,17.0490,0.4520,97.0350,1.3780,2025-03-05 11:26:02,153.0
0.5810,16.9930,0.5670,97.1820,1.4050,2025-03-05 11:26:02,153.0
0.5780,16.9830,0.4240,97.0530,1.4280,2025-03-05 11:26:02,153.0
0.5840,17.0530,0.2340,97.2640,1.4860,2025-03-05 11:26:02,153.0
0.5790,17.0180,0.63,97.3250,1.3730,2025-03-05 11:26:02,153.0
0.5740,17.0590,0.4860,97.0470,1.3560,2025-03-05 11:26:02,153.0
0.5710,16.9610,0.3010,97.0430,1.4720,2025-03-05 11:26:02,153.0
0.5920,16.9330,0.3080,97.1570,1.4960,2025-03-05 11:26:02,153.0
0.5930,17.0210,0.4060,97.2810,1.4290,2025-03-05 11:26:02,153.0
0.5990,17.09,0.3850,96.8450,1.4880,2025-03-05 11:26:02,153.0
0.5750,16.9740,0.3680,97.2320,1.3850,2025-03-05 11:26:02,153.0
0.5850,17.0150,0.3670,97.2070,1.4720,2025-03-05 11:26:02,153.0
0.5920,17.04,0.6860,97.0970,1.43,2025-03-05 11:26:02,153.0
0.5750,17.0460,0.63,96.8940,1.3870,2025-03-05 11:26:02,153.0
0.5910,16.9140,0.5910,97.3880,1.4290,2025-03-05 11:26:02,153.0
0.6070,17.21,0.43,97.0720,1.4590,2025-03-05 11:26:02,153.0
0.5640,16.9610,0.4310,97.2930,1.3380,2025-03-05 11:26:02,153.0
0.6040,17.1340,0.4720,97.0640,1.5120,2025-03-05 11:26:02,153.0
0.5930,16.9240,0.7210,97.0950,1.5990,2025-03-05 19:26:21,154.0
0.6080,16.9050,0.7040,96.9310,1.5810,2025-03-05 19:26:21,154.0
0.5810,17.0460,0.7740,97.1190,1.4810,2025-03-05 19:26:21,154.0
0.5990,16.9240,0.7070,97.0620,1.62,2025-03-05 19:26:21,154.0
0.5770,16.8510,0.5460,97.1780,1.5320,2025-03-05 19:26:21,154.0
0.5920,16.9520,0.8370,97.0270,1.5140,2025-03-05 19:26:21,154.0
0.5720,17.0490,0.7350,97.2440,1.4820,2025-03-05 19:26:21,154.0
0.6130,16.9490,0.7660,96.90,1.5840,2025-03-05 19:26:21,154.0
0.5770,16.9050,0.6720,97.1390,1.4880,2025-03-05 19:26:21,154.0
0.6180,16.99,0.6820,97.1110,1.5120,2025-03-05 19:26:21,154.0
0.5950,16.98,0.5220,96.9770,1.4610,2025-03-05 19:26:21,154.0
0.5780,16.7890,0.6160,97.0410,1.5750,2025-03-05 19:26:21,154.0
0.5590,16.9240,0.6440,97.3060,1.47,2025-03-05 19:26:21,154.0
0.5590,17.0020,0.5710,97.0080,1.4710,2025-03-05 19:26:21,154.0
0.5740,17.0430,0.7140,97.1510,1.4740,2025-03-05 19:26:21,154.0
0.5890,16.9360,0.5880,97.0660,1.4860,2025-03-05 19:26:21,154.0
0.5780,16.9580,0.6680,97.1720,1.5180,2025-03-05 19:26:21,154.0
0.5950,17.0090,0.6890,97.1750,1.6150,2025-03-05 19:26:21,154.0
0.5950,16.9330,0.7240,97.0030,1.5010,2025-03-05 19:26:21,154.0
0.5550,16.93,0.6540,96.9990,1.4210,2025-03-05 19:26:21,154.0
0.5780,16.9870,0.6540,97.1210,1.4940,2025-03-06 11:10:21,155.0
0.6170,17.0680,0.5320,96.9860,1.5550,2025-03-06 11:10:21,155.0
0.5740,16.9770,0.7030,97.1660,1.3630,2025-03-06 11:10:21,155.0
0.5610,17.0180,0.70,97.2730,1.4440,2025-03-06 11:10:21,155.0
0.5660,17.0150,0.5460,97.0920,1.4540,2025-03-06 11:10:21,155.0
0.6020,17.0840,0.7310,97.1160,1.5090,2025-03-06 11:10:21,155.0
0.5790,17.0050,0.7040,97.3370,1.4310,2025-03-06 11:10:21,155.0
0.5960,17.0240,0.6790,97.0390,1.4930,2025-03-06 11:10:21,155.0
0.5740,17.0970,0.5770,97.0970,1.5020,2025-03-06 11:10:21,155.0
0.5990,17.0840,0.8010,97.0330,1.5320,2025-03-06 11:10:21,155.0
0.5740,16.99,0.6720,97.1550,1.57,2025-03-06 11:10:21,155.0
0.5740,16.9110,0.6830,97.1140,1.4750,2025-03-06 11:10:21,155.0
0.5830,16.9460,0.7070,97.0790,1.4120,2025-03-06 11:10:21,155.0
0.5750,17.0710,0.6620,97.1860,1.5180,2025-03-06 11:10:21,155.0
0.6120,17.0710,0.7770,97.0960,1.5610,2025-03-06 11:10:21,155.0
0.6130,17.04,0.6440,97.1140,1.5290,2025-03-06 11:10:21,155.0
0.5850,17.1250,0.63,97.0010,1.4540,2025-03-06 11:10:21,155.0
0.58,17.0150,0.6480,97.0920,1.5220,2025-03-06 11:10:21,155.0
0.5860,16.9580,0.7590,97.2990,1.5210,2025-03-06 11:10:21,155.0
0.5780,17.1190,0.8570,97.0670,1.4330,2025-03-06 11:10:21,155.0
0.5940,17.1220,0.6510,97.2820,1.5180,2025-03-06 13:00:26,156.0
0.5870,17.0210,0.6410,97.0720,1.5290,2025-03-06 13:00:26,156.0
0.5660,17.0530,0.7660,97.2560,1.4890,2025-03-06 13:00:26,156.0
0.55,17.1060,0.8960,97.3650,1.2860,2025-03-06 13:00:26,156.0
0.6250,17.0870,0.5710,96.99,1.5440,2025-03-06 13:00:26,156.0
0.6120,17.0530,0.63,97.0120,1.4980,2025-03-06 13:00:26,156.0
0.5690,17.1150,0.7840,97.2630,1.3930,2025-03-06 13:00:26,156.0
0.5890,17.0810,0.6890,97.3320,1.5680,2025-03-06 13:00:26,156.0
0.5870,17.0780,0.6580,97.0240,1.4930,2025-03-06 13:00:26,156.0
0.57,16.9930,0.5810,96.9990,1.5060,2025-03-06 13:00:26,156.0
0.58,17.0120,0.8640,96.9110,1.4490,2025-03-06 13:00:26,156.0
0.5810,16.98,0.6960,97.2040,1.5060,2025-03-06 13:00:26,156.0
0.5730,16.8390,0.55,97.2350,1.4980,2025-03-06 13:00:26,156.0
0.60,17.1310,0.7390,96.8590,1.4340,2025-03-06 13:00:26,156.0
0.5930,17.0530,0.63,97.2140,1.5990,2025-03-06 13:00:26,156.0
0.6040,17.1090,0.6340,96.9520,1.5090,2025-03-06 13:00:26,156.0
0.61,16.98,0.6720,97.1160,1.5240,2025-03-06 13:00:26,156.0
0.5730,16.9870,0.63,97.0210,1.4630,2025-03-06 13:00:26,156.0
0.5880,17.0460,0.7070,96.97,1.5130,2025-03-06 13:00:26,156.0
0.5620,16.9170,0.70,97.1620,1.4350,2025-03-06 13:00:26,156.0
0.5890,17.2130,0.6680,96.9550,1.54,2025-03-06 19:50:43,157.0
0.5960,17.0180,0.6230,97.07,1.5130,2025-03-06 19:50:43,157.0
0.57,16.9610,0.7740,97.0340,1.4740,2025-03-06 19:50:43,157.0
0.5750,17.0090,0.5950,97.0290,1.3870,2025-03-06 19:50:43,157.0
0.6120,17.1150,0.8020,97.3510,1.4580,2025-03-06 19:50:43,157.0
0.5820,17.0590,0.4870,97.0660,1.4880,2025-03-06 19:50:43,157.0
0.5910,17.0020,0.7380,97.0470,1.5360,2025-03-06 19:50:43,157.0
0.5680,17.0490,0.8290,97.2330,1.4520,2025-03-06 19:50:43,157.0
0.57,17.0150,0.4830,97.1810,1.4260,2025-03-06 19:50:43,157.0
0.60,16.93,0.6540,97.2510,1.5510,2025-03-06 19:50:43,157.0
0.5990,17.0560,0.6620,97.1170,1.5230,2025-03-06 19:50:43,157.0
0.5760,16.9770,0.3890,97.1670,1.4220,2025-03-06 19:50:43,157.0
0.5810,16.8830,0.7140,97.1630,1.4180,2025-03-06 19:50:43,157.0
0.5570,16.9610,0.7740,97.3580,1.4110,2025-03-06 19:50:43,157.0
0.5830,17.0590,0.7630,97.1140,1.5260,2025-03-06 19:50:43,157.0
0.58,17.0370,0.6060,97.2460,1.4140,2025-03-06 19:50:43,157.0
0.5990,17.0210,0.7940,97.2160,1.4460,2025-03-06 19:50:43,157.0
0.5820,17.0650,0.7810,97.0940,1.4490,2025-03-06 19:50:43,157.0
0.5730,16.9550,0.5710,97.1110,1.46,2025-03-06 19:50:43,157.0
0.58,17.0780,0.5670,97.1540,1.4380,2025-03-06 19:50:43,157.0
0.5830,16.9140,0.7390,97.1920,1.4550,2025-03-06 21:35:52,158.0
0.5960,16.9610,0.6370,97.0540,1.5090,2025-03-06 21:35:52,158.0
0.5690,16.8670,0.6510,97.1430,1.4970,2025-03-06 21:35:52,158.0
0.5990,16.8480,0.7210,97.08,1.4610,2025-03-06 21:35:52,158.0
0.5880,16.9830,0.6650,97.1140,1.3820,2025-03-06 21:35:52,158.0
0.5730,16.8860,0.6230,97.2140,1.5240,2025-03-06 21:35:52,158.0
0.5760,16.9110,0.4310,97.0090,1.4610,2025-03-06 21:35:52,158.0
0.5970,16.7980,0.7350,97.1790,1.3950,2025-03-06 21:35:52,158.0
0.5910,17.09,0.63,97.1110,1.4610,2025-03-06 21:35:52,158.0
0.5550,16.9520,0.4790,97.1630,1.3650,2025-03-06 21:35:52,158.0
0.58,16.9520,0.6860,96.9240,1.3450,2025-03-06 21:35:52,158.0
0.5950,16.8890,0.6510,97.0750,1.5530,2025-03-06 21:35:52,158.0
0.5960,16.9610,0.6370,97.2630,1.5030,2025-03-06 21:35:52,158.0
0.6060,17.09,0.8570,96.8790,1.4630,2025-03-06 21:35:52,158.0
0.5830,16.9550,0.7980,96.8980,1.5440,2025-03-06 21:35:52,158.0
0.6040,17.15,0.3990,96.86,1.5850,2025-03-06 21:35:52,158.0
0.5730,16.9490,0.8860,97.25,1.4220,2025-03-06 21:35:52,158.0
0.5990,17.1630,0.7490,96.9830,1.4320,2025-03-06 21:35:52,158.0
0.5560,16.9210,0.6540,97.1580,1.4670,2025-03-06 21:35:52,158.0
0.5820,17.1590,0.70,96.9110,1.3530,2025-03-06 21:35:52,158.0
0.5960,17.1690,0.6650,97.1270,1.4520,2025-03-07 11:15:54,159.0
0.5770,17.0620,0.7210,97.0910,1.4180,2025-03-07 11:15:54,159.0
0.5960,17.0650,0.7980,97.3590,1.4450,2025-03-07 11:15:54,159.0
0.6050,17.21,0.6680,97.0380,1.4560,2025-03-07 11:15:54,159.0
0.5950,17.1120,0.7180,97.14,1.4170,2025-03-07 11:15:54,159.0
0.5810,16.9490,0.6050,97.1410,1.4090,2025-03-07 11:15:54,159.0
0.5660,17.1850,0.5210,96.9410,1.2880,2025-03-07 11:15:54,159.0
0.6010,16.8480,0.7040,97.10,1.4080,2025-03-07 11:15:54,159.0
0.5830,17.0780,0.6790,97.0250,1.3890,2025-03-07 11:15:54,159.0
0.5570,16.8950,0.5080,97.1080,1.37,2025-03-07 11:15:54,159.0
0.5830,16.7790,0.6580,97.1320,1.4960,2025-03-07 11:15:54,159.0
0.5740,16.9960,0.5150,97.2310,1.3670,2025-03-07 11:15:54,159.0
0.5860,17.1250,0.6160,96.9480,1.3470,2025-03-07 11:15:54,159.0
0.5780,16.9870,0.6580,97.1350,1.3820,2025-03-07 11:15:54,159.0
0.5850,17.0340,0.6790,97.2240,1.4560,2025-03-07 11:15:54,159.0
0.5780,16.7230,0.8370,97.1850,1.3730,2025-03-07 11:15:54,159.0
0.5850,16.8920,0.8090,97.2640,1.4660,2025-03-07 11:15:54,159.0
0.5910,17.1780,0.7070,97.0110,1.4120,2025-03-07 11:15:54,159.0
0.5920,17.04,0.6330,97.0360,1.40,2025-03-07 11:15:54,159.0
0.5810,17.0150,0.6440,97.0170,1.2990,2025-03-07 11:15:54,159.0
0.6060,17.1030,0.4690,96.9470,1.3730,2025-03-07 21:26:14,160.0
0.6160,17.1120,0.5460,97.0760,1.4990,2025-03-07 21:26:14,160.0
0.5790,17.0020,0.6960,97.3040,1.3560,2025-03-07 21:26:14,160.0
0.6010,17.0750,0.5350,97.2520,1.4650,2025-03-07 21:26:14,160.0
0.5940,17.0370,0.6830,97.1120,1.4770,2025-03-07 21:26:14,160.0
0.5930,17.0750,0.5530,97.1160,1.4650,2025-03-07 21:26:14,160.0
0.5850,16.9170,0.6060,97.1960,1.4540,2025-03-07 21:26:14,160.0
0.5810,17.0650,0.5630,96.9750,1.3840,2025-03-07 21:26:14,160.0
0.5830,17.0750,0.4520,97.1840,1.4610,2025-03-07 21:26:14,160.0
0.5630,17.0240,0.3430,97.1040,1.3610,2025-03-07 21:26:14,160.0
0.5770,17.10,0.6120,96.9480,1.3970,2025-03-07 21:26:14,160.0
0.5870,17.0750,0.6860,96.9780,1.3290,2025-03-07 21:26:14,160.0
0.5660,17.0120,0.6720,97.1460,1.4270,2025-03-07 21:26:14,160.0
0.5840,17.1220,0.7040,96.9610,1.4220,2025-03-07 21:26:14,160.0
0.58,17.0240,0.5290,97.2280,1.4370,2025-03-07 21:26:14,160.0
0.60,17.1090,0.5640,97.2580,1.3270,2025-03-07 21:26:14,160.0
0.5760,17.0020,0.6160,97.0810,1.4130,2025-03-07 21:26:14,160.0
0.5810,17.0050,0.3810,97.1760,1.3760,2025-03-07 21:26:14,160.0
0.5740,17.0620,0.7040,97.0130,1.3470,2025-03-07 21:26:14,160.0
0.5870,17.0210,0.7070,96.9560,1.3880,2025-03-07 21:26:14,160.0
0.5760,17.0270,0.6410,97.1650,1.4540,2025-03-10 14:20:07,161.0
0.60,17.0270,0.5740,97.1030,1.4090,2025-03-10 14:20:07,161.0
0.5790,17.0430,0.4830,97.2740,1.4020,2025-03-10 14:20:07,161.0
0.5970,17.0750,0.6020,97.03,1.3740,2025-03-10 14:20:07,161.0
0.5610,16.9020,0.8540,97.0110,1.3720,2025-03-10 14:20:07,161.0
0.5740,16.9390,0.5150,97.2220,1.3880,2025-03-10 14:20:07,161.0
0.5850,17.0050,0.62,97.2120,1.39,2025-03-10 14:20:07,161.0
0.5920,17.1690,0.4380,96.9520,1.4590,2025-03-10 14:20:07,161.0
0.5980,17.0490,0.7980,97.0120,1.4720,2025-03-10 14:20:07,161.0
0.5530,16.9550,0.5670,97.15,1.44,2025-03-10 14:20:07,161.0
0.5760,17.0150,0.5640,97.1530,1.3770,2025-03-10 14:20:07,161.0
0.5680,16.9830,0.5530,97.14,1.38,2025-03-10 14:20:07,161.0
0.5980,17.0490,0.4580,96.9160,1.3870,2025-03-10 14:20:07,161.0
0.5830,16.99,0.6760,97.3420,1.4690,2025-03-10 14:20:07,161.0
0.5950,17.0930,0.6930,97.0430,1.4620,2025-03-10 14:20:07,161.0
0.5530,17.1030,0.5570,97.0930,1.3940,2025-03-10 14:20:07,161.0
0.5710,17.0340,0.7240,97.0580,1.4380,2025-03-10 14:20:07,161.0
0.5710,16.9520,0.6330,97.1930,1.3940,2025-03-10 14:20:07,161.0
0.5820,16.98,0.6270,97.2290,1.47,2025-03-10 14:20:07,161.0
0.5840,17.15,0.70,96.90,1.3670,2025-03-10 14:20:07,161.0
0.5830,16.7670,0.7520,97.1040,1.5790,2025-03-10 19:15:13,162.0
0.6050,17.1220,0.7350,97.1080,1.4420,2025-03-10 19:15:13,162.0
0.5790,16.9140,0.5780,97.2490,1.5130,2025-03-10 19:15:13,162.0
0.61,17.0560,0.6650,97.1520,1.5570,2025-03-10 19:15:13,162.0
0.5810,16.8170,0.6330,97.2460,1.3750,2025-03-10 19:15:13,162.0
0.6130,16.9650,0.7880,97.0310,1.5440,2025-03-10 19:15:13,162.0
0.6050,17.0810,0.6330,96.9530,1.4240,2025-03-10 19:15:13,162.0
0.5420,16.8480,0.8050,97.2450,1.3360,2025-03-10 19:15:13,162.0
0.5910,17.0340,0.6620,96.9730,1.4520,2025-03-10 19:15:13,162.0
0.5820,17.0460,0.6960,96.9880,1.3890,2025-03-10 19:15:13,162.0
0.5770,16.8080,0.8290,97.0410,1.4590,2025-03-10 19:15:13,162.0
0.6270,17.0340,0.8540,96.9730,1.5040,2025-03-10 19:15:13,162.0
0.5890,16.8510,0.6890,97.0120,1.5810,2025-03-10 19:15:13,162.0
0.5770,17.0590,0.5390,97.1750,1.4920,2025-03-10 19:15:13,162.0
0.5770,16.7640,0.7240,97.1220,1.4940,2025-03-10 19:15:13,162.0
0.5790,17.0750,0.6160,97.10,1.4330,2025-03-10 19:15:13,162.0
0.59,16.9110,0.5740,97.2660,1.54,2025-03-10 19:15:13,162.0
0.5930,17.1410,0.63,96.97,1.4280,2025-03-10 19:15:13,162.0
0.5750,17.0270,0.76,97.0360,1.4450,2025-03-10 19:15:13,162.0
0.6140,16.8330,0.8850,96.9460,1.68,2025-03-10 19:15:13,162.0
0.58,17.0340,0.5180,97.2640,1.4020,2025-03-10 21:10:17,163.0
0.5940,17.1530,0.5710,97.1190,1.4470,2025-03-10 21:10:17,163.0
0.5650,17.0120,0.5530,97.1530,1.3840,2025-03-10 21:10:17,163.0
0.5830,16.9610,0.5530,97.3550,1.42,2025-03-10 21:10:17,163.0
0.5860,16.9870,0.4520,97.2240,1.4050,2025-03-10 21:10:17,163.0
0.5780,17.0270,0.4860,97.1550,1.4760,2025-03-10 21:10:17,163.0
0.5760,16.9020,0.4270,97.2750,1.3990,2025-03-10 21:10:17,163.0
0.58,16.9740,0.7490,97.2710,1.4930,2025-03-10 21:10:17,163.0
0.5670,17.0210,0.5350,97.1860,1.3210,2025-03-10 21:10:17,163.0
0.5850,16.9830,0.4580,97.1140,1.4580,2025-03-10 21:10:17,163.0
0.5880,17.0090,0.56,96.9320,1.4510,2025-03-10 21:10:17,163.0
0.6090,17.1530,0.7490,97.0190,1.4060,2025-03-10 21:10:17,163.0
0.5820,17.0310,0.3190,97.1530,1.4060,2025-03-10 21:10:17,163.0
0.5850,16.7920,0.5080,97.34,1.4760,2025-03-10 21:10:17,163.0
0.5640,17.0460,0.7630,97.0930,1.3740,2025-03-10 21:10:17,163.0
0.5980,17.1470,0.5250,97.1470,1.4660,2025-03-10 21:10:17,163.0
0.5850,16.9490,0.4130,97.1770,1.4270,2025-03-10 21:10:17,163.0
0.5680,17.20,0.6510,96.9940,1.3160,2025-03-10 21:10:17,163.0
0.5810,17.0780,0.4790,97.1050,1.3910,2025-03-10 21:10:17,163.0
0.5650,16.9490,0.7660,97.3130,1.3720,2025-03-10 21:10:17,163.0
0.5680,16.6880,0.6060,97.1980,1.3360,2025-03-11 11:22:19,164.0
0.5790,16.7890,0.6830,97.2720,1.45,2025-03-11 11:22:19,164.0
0.5870,16.7450,0.62,97.3080,1.4460,2025-03-11 11:22:19,164.0
0.5690,16.7820,0.7350,97.0760,1.3780,2025-03-11 11:22:19,164.0
0.5640,16.7450,0.7240,97.2110,1.3590,2025-03-11 11:22:19,164.0
0.5690,16.6540,0.7350,97.0820,1.4830,2025-03-11 11:22:19,164.0
0.5770,16.5530,0.7560,97.2420,1.3440,2025-03-11 11:22:19,164.0
0.61,16.98,0.7110,97.0020,1.47,2025-03-11 11:22:19,164.0
0.5680,16.7760,0.63,97.2310,1.36,2025-03-11 11:22:19,164.0
0.5890,16.8830,0.5670,97.2350,1.4760,2025-03-11 11:22:19,164.0
0.5670,16.7380,0.7490,97.2990,1.4450,2025-03-11 11:22:19,164.0
0.57,16.7980,0.7170,97.2860,1.3930,2025-03-11 11:22:19,164.0
0.5770,16.8950,0.7040,97.0090,1.3420,2025-03-11 11:22:19,164.0
0.5820,16.8860,0.63,97.14,1.44,2025-03-11 11:22:19,164.0
0.5660,16.6690,0.5710,97.1140,1.4690,2025-03-11 11:22:19,164.0
0.5740,16.8770,0.6970,96.9740,1.3990,2025-03-11 11:22:19,164.0
0.58,16.8950,0.8120,97.1370,1.4170,2025-03-11 11:22:19,164.0
0.5960,16.7820,0.7240,97.1740,1.5530,2025-03-11 11:22:19,164.0
0.58,16.7730,0.70,97.2230,1.4120,2025-03-11 11:22:19,164.0
0.6050,16.8610,0.8750,97.0680,1.5350,2025-03-11 11:22:19,164.0
0.5490,16.6790,0.6960,97.2070,1.3090,2025-03-11 12:17:21,165.0
0.5960,16.8770,0.6650,97.0460,1.47,2025-03-11 12:17:21,165.0
0.5790,16.8110,0.7280,97.1070,1.4360,2025-03-11 12:17:21,165.0
0.5680,16.6570,0.6970,97.1570,1.4030,2025-03-11 12:17:21,165.0
0.5810,16.8670,0.5080,97.2050,1.4060,2025-03-11 12:17:21,165.0
0.5820,17.0930,0.7980,97.0060,1.3880,2025-03-11 12:17:21,165.0
0.5960,16.7480,0.64,97.3050,1.4850,2025-03-11 12:17:21,165.0
0.6030,16.9430,0.7670,97.0080,1.47,2025-03-11 12:17:21,165.0
0.5850,16.7980,0.5770,97.2480,1.2690,2025-03-11 12:17:21,165.0
0.5820,16.8830,0.6620,97.1830,1.4350,2025-03-11 12:17:21,165.0
0.5820,16.6660,0.8440,96.9520,1.4890,2025-03-11 12:17:21,165.0
0.5790,16.7920,0.8370,97.30,1.4590,2025-03-11 12:17:21,165.0
0.5960,16.7730,0.5850,97.0560,1.4830,2025-03-11 12:17:21,165.0
0.59,16.8670,0.6790,96.9990,1.4020,2025-03-11 12:17:21,165.0
0.5980,16.9080,0.7210,97.0390,1.4490,2025-03-11 12:17:21,165.0
0.5680,16.7510,0.7040,97.1020,1.3970,2025-03-11 12:17:21,165.0
0.57,16.7040,0.6610,97.21,1.4080,2025-03-11 12:17:21,165.0
0.5760,16.82,0.6930,97.1310,1.4040,2025-03-11 12:17:21,165.0
0.5610,16.7570,0.7040,96.9930,1.4230,2025-03-11 12:17:21,165.0
0.5980,16.8080,0.6790,97.0320,1.4760,2025-03-11 12:17:21,165.0
0.5820,17.0780,0.5780,97.1510,1.3690,2025-03-11 12:52:22,166.0
0.5740,16.8950,0.5670,97.0970,1.5420,2025-03-11 12:52:22,166.0
0.5820,16.9430,0.5420,97.1030,1.5140,2025-03-11 12:52:22,166.0
0.5670,16.8950,0.5040,97.1280,1.4250,2025-03-11 12:52:22,166.0
0.5640,16.8670,0.70,97.1110,1.4550,2025-03-11 12:52:22,166.0
0.5990,17.0650,0.4940,96.9630,1.4070,2025-03-11 12:52:22,166.0
0.5920,17.0930,0.6680,97.1520,1.5120,2025-03-11 12:52:22,166.0
0.57,16.9170,0.27,97.0360,1.3790,2025-03-11 12:52:22,166.0
0.5560,17.1190,0.6060,97.2450,1.45,2025-03-11 12:52:22,166.0
0.59,17.10,0.5910,97.13,1.4860,2025-03-11 12:52:22,166.0
0.5740,16.9210,0.6090,97.04,1.4560,2025-03-11 12:52:22,166.0
0.5890,16.8670,0.5530,97.1320,1.5260,2025-03-11 12:52:22,166.0
0.5750,17.0870,0.5150,96.9820,1.38,2025-03-11 12:52:22,166.0
0.5720,16.8170,0.5360,97.0650,1.4940,2025-03-11 12:52:22,166.0
0.6060,17.0750,0.6610,97.01,1.54,2025-03-11 12:52:22,166.0
0.56,16.9770,0.4170,97.0260,1.3170,2025-03-11 12:52:22,166.0
0.5910,17.0090,0.7180,97.1780,1.38,2025-03-11 12:52:22,166.0
0.5780,16.9930,0.4690,97.1180,1.4380,2025-03-11 12:52:22,166.0
0.6120,17.2030,0.8010,97.01,1.4740,2025-03-11 12:52:22,166.0
0.5750,17.0840,0.7280,97.0860,1.3740,2025-03-11 12:52:22,166.0
0.5760,16.9770,0.7730,97.1040,1.4590,2025-03-11 19:22:31,167.0
0.5860,16.98,0.4830,97.1880,1.5350,2025-03-11 19:22:31,167.0
0.5910,17.2570,0.6790,97.0450,1.47,2025-03-11 19:22:31,167.0
0.5660,16.7860,0.6680,97.1840,1.4780,2025-03-11 19:22:31,167.0
0.5950,16.9930,0.7560,96.9580,1.59,2025-03-11 19:22:31,167.0
0.5840,17.0270,0.6610,97.0290,1.5390,2025-03-11 19:22:31,167.0
0.58,16.8890,0.4580,97.0660,1.5310,2025-03-11 19:22:31,167.0
0.5910,17.1220,0.62,97.0110,1.42,2025-03-11 19:22:31,167.0
0.6110,17.0430,0.6540,96.9860,1.5690,2025-03-11 19:22:31,167.0
0.6240,17.1190,0.6440,97.0370,1.5490,2025-03-11 19:22:31,167.0
0.5940,17.1060,0.56,96.9420,1.4770,2025-03-11 19:22:31,167.0
0.59,16.9990,0.6510,97.3810,1.5720,2025-03-11 19:22:31,167.0
0.6030,16.8670,0.6480,97.0080,1.5280,2025-03-11 19:22:31,167.0
0.5580,16.9360,0.5110,97.1810,1.4270,2025-03-11 19:22:31,167.0
0.5610,16.9210,0.8120,97.3070,1.3560,2025-03-11 19:22:31,167.0
0.5830,16.8080,0.5910,97.3560,1.5990,2025-03-11 19:22:31,167.0
0.5810,16.8990,0.6270,97.2350,1.5110,2025-03-11 19:22:31,167.0
0.5850,16.9240,0.5420,97.1080,1.4030,2025-03-11 19:22:31,167.0
0.6220,17.1660,0.6340,107.0880,1.5580,2025-03-11 19:22:31,167.0
0.59,17.1250,0.7280,96.9790,1.4410,2025-03-11 19:22:31,167.0
0.5780,16.9870,0.6230,97.1550,1.3860,2025-03-12 12:51:16,168.0
0.5820,17.0050,0.5460,97.2010,1.38,2025-03-12 12:51:16,168.0
0.5740,16.9170,0.6830,97.0950,1.3810,2025-03-12 12:51:16,168.0
0.5730,16.93,0.6930,97.1130,1.3310,2025-03-12 12:51:16,168.0
0.5860,16.8990,0.6190,97.1270,1.4930,2025-03-12 12:51:16,168.0
0.5770,17.1060,0.6930,97.1090,1.3240,2025-03-12 12:51:16,168.0
0.5830,16.9360,0.7240,97.0570,1.4570,2025-03-12 12:51:16,168.0
0.5630,16.9650,0.5770,97.1290,1.3510,2025-03-12 12:51:16,168.0
0.5780,17.0460,0.7280,97.1180,1.4010,2025-03-12 12:51:16,168.0
0.5480,16.8640,0.4860,97.1890,1.2910,2025-03-12 12:51:16,168.0
0.5730,16.8580,0.8120,97.14,1.4070,2025-03-12 12:51:16,168.0
0.5780,16.9140,0.7280,97.2110,1.3480,2025-03-12 12:51:16,168.0
0.5790,17.0590,0.7450,97.0050,1.3390,2025-03-12 12:51:16,168.0
0.5850,17.0370,0.6750,96.8750,1.4820,2025-03-12 12:51:16,168.0
0.5750,16.9050,0.7240,97.2430,1.4160,2025-03-12 12:51:16,168.0
0.59,16.9770,0.5220,97.0260,1.46,2025-03-12 12:51:16,168.0
0.5870,16.9830,0.6230,96.8940,1.4190,2025-03-12 12:51:16,168.0
0.5680,16.9430,0.9730,96.9250,1.42,2025-03-12 12:51:16,168.0
0.57,16.9270,0.7660,97.2160,1.2170,2025-03-12 12:51:16,168.0
0.58,16.8890,0.7560,97.0240,1.4280,2025-03-12 12:51:16,168.0
0.6020,16.9080,0.6790,97.2860,1.5260,2025-03-12 13:46:20,169.0
0.5420,16.9460,0.6860,97.4580,1.3240,2025-03-12 13:46:20,169.0
0.5830,16.8420,0.5810,97.2070,1.4420,2025-03-12 13:46:20,169.0
0.5890,16.9520,0.7940,97.1190,1.5050,2025-03-12 13:46:20,169.0
0.6190,17.09,0.7180,97.0050,1.5270,2025-03-12 13:46:20,169.0
0.6080,17.0970,0.6480,96.9550,1.5230,2025-03-12 13:46:20,169.0
0.5860,16.9770,0.7560,96.9670,1.4540,2025-03-12 13:46:20,169.0
0.60,17.1090,0.9420,96.9770,1.5230,2025-03-12 13:46:20,169.0
0.6370,17.1880,0.6970,96.9670,1.66,2025-03-12 13:46:20,169.0
0.5860,16.9050,0.7490,96.9010,1.4720,2025-03-12 13:46:20,169.0
0.6030,17.0180,0.8010,96.9440,1.4670,2025-03-12 13:46:20,169.0
0.6040,16.9830,0.6410,97.0020,1.5710,2025-03-12 13:46:20,169.0
0.5620,16.8580,0.6620,97.2460,1.4010,2025-03-12 13:46:20,169.0
0.5750,16.8610,0.7170,97.1650,1.4270,2025-03-12 13:46:20,169.0
0.5880,17.1060,0.7280,96.9410,1.4840,2025-03-12 13:46:20,169.0
0.5810,16.8830,0.6120,97.25,1.4420,2025-03-12 13:46:20,169.0
0.5980,17.0710,0.64,97.0260,1.4680,2025-03-12 13:46:20,169.0
0.6050,17.1470,0.7210,97.0930,1.5440,2025-03-12 13:46:20,169.0
0.5790,17.0870,0.7040,97.0620,1.42,2025-03-12 13:46:20,169.0
0.5630,17.0840,0.6410,97.1020,1.4720,2025-03-12 13:46:20,169.0
0.57,16.9770,0.9170,97.0460,1.4170,2025-03-12 19:16:30,170.0
0.5780,16.8950,0.8370,97.1460,1.4620,2025-03-12 19:16:30,170.0
0.5820,17.04,0.6540,97.3470,1.4090,2025-03-12 19:16:30,170.0
0.5710,16.9460,0.6090,97.3140,1.4490,2025-03-12 19:16:30,170.0
0.5850,17.04,1.0080,97.0370,1.3610,2025-03-12 19:16:30,170.0
0.57,16.9610,0.6020,97.4160,1.4030,2025-03-12 19:16:30,170.0
0.5640,16.9960,0.5460,97.0880,1.3860,2025-03-12 19:16:30,170.0
0.5630,16.9680,0.6650,97.0840,1.3230,2025-03-12 19:16:30,170.0
0.5840,17.0840,0.7490,97.0810,1.4140,2025-03-12 19:16:30,170.0
0.59,16.9550,0.7940,97.0550,1.4010,2025-03-12 19:16:30,170.0
0.5720,16.8480,0.6650,97.3090,1.4460,2025-03-12 19:16:30,170.0
0.5710,16.8860,0.7210,97.0730,1.4070,2025-03-12 19:16:30,170.0
0.6170,17.1630,0.7280,97.0560,1.4620,2025-03-12 19:16:30,170.0
0.5960,17.0620,0.7210,96.9950,1.4190,2025-03-12 19:16:30,170.0
0.5760,17.0240,0.8260,97.2580,1.3520,2025-03-12 19:16:30,170.0
0.5630,16.9680,0.6060,97.2660,1.3610,2025-03-12 19:16:30,170.0
0.5890,17.0560,0.6960,97.1230,1.3270,2025-03-12 19:16:30,170.0
0.5820,17.0560,0.70,96.9160,1.3840,2025-03-12 19:16:30,170.0
0.5870,17.1630,0.6720,97.0790,1.4230,2025-03-12 19:16:30,170.0
0.60,17.0270,0.8440,97.0210,1.4450,2025-03-12 19:16:30,170.0
0.5840,16.9990,0.6580,97.2990,1.43,2025-03-12 21:26:34,171.0
0.5730,17.0840,0.6090,97.1610,1.4110,2025-03-12 21:26:34,171.0
0.5790,17.0210,0.5180,97.1270,1.49,2025-03-12 21:26:34,171.0
0.5960,17.1060,0.6860,96.9730,1.43,2025-03-12 21:26:34,171.0
0.5860,17.0370,0.5180,97.19,1.5230,2025-03-12 21:26:34,171.0
0.5990,17.1340,0.4870,97.0220,1.5160,2025-03-12 21:26:34,171.0
0.61,17.20,0.7040,96.8850,1.4780,2025-03-12 21:26:34,171.0
0.5820,17.0780,0.7840,96.9150,1.49,2025-03-12 21:26:34,171.0
0.5750,17.0970,0.6130,97.0560,1.4170,2025-03-12 21:26:34,171.0
0.5710,16.8860,0.8930,97.1730,1.3760,2025-03-12 21:26:34,171.0
0.5750,17.1590,0.6830,96.9520,1.3910,2025-03-12 21:26:34,171.0
0.5750,16.9990,0.6050,97.2410,1.4590,2025-03-12 21:26:34,171.0
0.5980,16.9710,0.8960,97.1860,1.47,2025-03-12 21:26:34,171.0
0.5740,16.9930,0.64,97.0130,1.3160,2025-03-12 21:26:34,171.0
0.5870,17.0020,0.63,97.0170,1.4760,2025-03-12 21:26:34,171.0
0.5870,17.0310,0.6750,97.2070,1.5120,2025-03-12 21:26:34,171.0
0.5760,16.9650,0.7140,96.9870,1.4930,2025-03-12 21:26:34,171.0
0.5920,17.0120,0.77,97.3650,1.5020,2025-03-12 21:26:34,171.0
0.5810,17.0680,0.6020,97.2420,1.4540,2025-03-12 21:26:34,171.0
0.5880,17.0370,0.63,97.22,1.5010,2025-03-12 21:26:34,171.0
0.5850,17.0020,0.7350,97.2060,1.3920,2025-03-13 12:19:23,172.0
0.5550,16.8260,0.4870,97.1290,1.3620,2025-03-13 12:19:23,172.0
0.5950,17.0650,0.7560,97.0720,1.5030,2025-03-13 12:19:23,172.0
0.5840,16.9080,0.6830,97.0180,1.4610,2025-03-13 12:19:23,172.0
0.58,16.83,0.6160,97.1560,1.5130,2025-03-13 12:19:23,172.0
0.5880,16.9960,0.7040,97.0270,1.5360,2025-03-13 12:19:23,172.0
0.5830,16.8390,0.6410,97.1060,1.5310,2025-03-13 12:19:23,172.0
0.5820,16.99,0.8050,97.0020,1.4310,2025-03-13 12:19:23,172.0
0.6030,17.0590,0.6050,97.0640,1.2490,2025-03-13 12:19:23,172.0
0.5910,17.0050,0.7240,97.0450,1.4870,2025-03-13 12:19:23,172.0
0.5530,16.9360,0.64,97.1850,1.2980,2025-03-13 12:19:23,172.0
0.6030,16.8670,0.6650,96.9230,1.51,2025-03-13 12:19:23,172.0
0.5650,16.7950,0.8610,97.1970,1.4380,2025-03-13 12:19:23,172.0
0.5820,17.0340,0.6760,96.9730,1.4860,2025-03-13 12:19:23,172.0
0.5870,16.9360,0.5210,97.0860,1.5370,2025-03-13 12:19:23,172.0
0.5930,17.0530,0.6830,96.9710,1.5240,2025-03-13 12:19:23,172.0
0.5510,16.9490,0.4510,97.1620,1.2180,2025-03-13 12:19:23,172.0
0.5780,16.8580,0.8260,97.2270,1.3870,2025-03-13 12:19:23,172.0
0.5790,17.0560,0.6860,97.0380,1.4730,2025-03-13 12:19:23,172.0
0.58,16.9140,0.7210,97.2330,1.3820,2025-03-13 12:19:23,172.0
0.5720,16.9870,0.5430,97.1510,1.3530,2025-03-13 12:54:26,173.0
0.5690,16.8990,0.5460,97.3380,1.2930,2025-03-13 12:54:26,173.0
0.5820,16.9520,0.5910,97.0440,1.4050,2025-03-13 12:54:26,173.0
0.5940,17.0340,0.5640,97.0150,1.5080,2025-03-13 12:54:26,173.0
0.6040,16.9710,0.8750,96.9920,1.5260,2025-03-13 12:54:26,173.0
0.5650,16.9050,0.5460,96.9510,1.4090,2025-03-13 12:54:26,173.0
0.6030,17.09,0.7310,96.9770,1.5490,2025-03-13 12:54:26,173.0
0.5790,16.9710,0.5180,97.2840,1.3570,2025-03-13 12:54:26,173.0
0.5840,17.1150,0.6690,97.0430,1.4390,2025-03-13 12:54:26,173.0
0.5970,16.9740,0.5810,96.9670,1.44,2025-03-13 12:54:26,173.0
0.59,16.8260,0.5110,97.1470,1.53,2025-03-13 12:54:26,173.0
0.6030,16.9610,0.7210,96.9570,1.4370,2025-03-13 12:54:26,173.0
0.6150,17.0970,0.6830,96.9570,1.4840,2025-03-13 12:54:26,173.0
0.5890,16.8550,0.7810,96.9410,1.4610,2025-03-13 12:54:26,173.0
0.6060,16.9550,0.7350,97.0480,1.4090,2025-03-13 12:54:26,173.0
0.5790,16.7890,0.7460,97.05,1.4110,2025-03-13 12:54:26,173.0
0.5940,16.8450,0.4830,97.28,1.4730,2025-03-13 12:54:26,173.0
0.5790,16.9360,0.6860,97.0180,1.3480,2025-03-13 12:54:26,173.0
0.6180,17.0270,0.6270,96.9270,1.4620,2025-03-13 12:54:26,173.0
0.59,16.99,0.7380,97.1850,1.4960,2025-03-13 12:54:26,173.0
0.5660,17.1220,0.5740,97.0940,1.4310,2025-03-13 21:34:41,174.0
0.5670,17.0620,0.6230,97.0330,1.3720,2025-03-13 21:34:41,174.0
0.5680,17.0020,0.7210,97.2060,1.5150,2025-03-13 21:34:41,174.0
0.5740,17.0490,0.6750,96.9530,1.5090,2025-03-13 21:34:41,174.0
0.5790,16.9050,0.4170,97.1850,1.4340,2025-03-13 21:34:41,174.0
0.5720,17.0430,0.7240,97.1990,1.4150,2025-03-13 21:34:41,174.0
0.6010,17.2350,0.8430,96.9870,1.5410,2025-03-13 21:34:41,174.0
0.5890,17.1630,0.7660,96.9380,1.4980,2025-03-13 21:34:41,174.0
0.6010,17.1940,0.7350,96.8780,1.51,2025-03-13 21:34:41,174.0
0.5680,16.9650,0.7870,97.0950,1.4870,2025-03-13 21:34:41,174.0
0.5880,17.0430,0.62,97.0430,1.5010,2025-03-13 21:34:41,174.0
0.5740,17.0620,0.7390,97.1590,1.5390,2025-03-13 21:34:41,174.0
0.5650,17.0490,0.64,97.0750,1.4410,2025-03-13 21:34:41,174.0
0.5670,17.0050,0.6020,97.3030,1.3420,2025-03-13 21:34:41,174.0
0.5740,17.0310,0.7420,97.2920,1.44,2025-03-13 21:34:41,174.0
0.59,17.0810,0.6440,97.0650,1.5080,2025-03-13 21:34:41,174.0
0.5820,17.09,0.7740,97.2350,1.4720,2025-03-13 21:34:41,174.0
0.6020,17.0370,0.6580,96.9380,1.4670,2025-03-13 21:34:41,174.0
0.5830,17.2130,0.6860,96.9480,1.3580,2025-03-13 21:34:41,174.0
0.5740,17.0050,0.6860,97.1610,1.45,2025-03-13 21:34:41,174.0
0.5780,16.9430,0.5910,97.0740,1.4940,2025-03-14 12:21:45,175.0
0.5910,17.0620,0.8120,97.1110,1.5460,2025-03-14 12:21:45,175.0
0.5930,16.8510,0.6020,97.0730,1.5620,2025-03-14 12:21:45,175.0
0.5660,16.8110,0.56,97.0640,1.5160,2025-03-14 12:21:45,175.0
0.5950,16.9930,0.8050,96.9860,1.46,2025-03-14 12:21:45,175.0
0.57,17.0020,0.5350,97.2930,1.4450,2025-03-14 12:21:45,175.0
0.5860,16.8510,0.7280,97.1860,1.5970,2025-03-14 12:21:45,175.0
0.5840,16.9240,0.6930,97.1850,1.5430,2025-03-14 12:21:45,175.0
0.59,16.9330,0.7840,97.1070,1.6580,2025-03-14 12:21:45,175.0
0.58,16.9430,0.7240,97.2170,1.4470,2025-03-14 12:21:45,175.0
0.5780,16.8860,0.6230,97.1460,1.4880,2025-03-14 12:21:45,175.0
0.60,16.9080,0.7630,97.1470,1.5880,2025-03-14 12:21:45,175.0
0.5730,16.9080,0.5910,97.2250,1.5160,2025-03-14 12:21:45,175.0
0.5740,16.76,0.5530,97.0820,1.2870,2025-03-14 12:21:45,175.0
0.5670,16.93,0.8190,97.2820,1.5270,2025-03-14 12:21:45,175.0
0.5750,16.83,0.6340,97.0980,1.5620,2025-03-14 12:21:45,175.0
0.5710,16.9110,0.6890,97.2060,1.4410,2025-03-14 12:21:45,175.0
0.5570,16.87,0.4550,97.1070,1.4910,2025-03-14 12:21:45,175.0
0.6010,16.8480,0.6650,96.9170,1.5540,2025-03-14 12:21:45,175.0
0.5640,16.8550,0.5420,96.9950,1.5370,2025-03-14 12:21:45,175.0
0.6040,17.0270,0.7490,97.1730,1.4320,2025-03-14 13:06:47,176.0
0.5840,17.1220,0.7420,97.1890,1.4540,2025-03-14 13:06:47,176.0
0.58,16.93,0.6440,97.1740,1.4230,2025-03-14 13:06:47,176.0
0.5840,17.0240,0.6160,97.1790,1.4770,2025-03-14 13:06:47,176.0
0.5780,16.9330,0.7560,97.1690,1.5430,2025-03-14 13:06:47,176.0
0.5870,17.0310,0.5810,96.9660,1.4310,2025-03-14 13:06:47,176.0
0.5630,17.0680,0.6120,97.1750,1.3310,2025-03-14 13:06:47,176.0
0.5830,17.0810,0.6480,97.0890,1.4680,2025-03-14 13:06:47,176.0
0.5960,17.0370,0.7910,96.9590,1.3950,2025-03-14 13:06:47,176.0
0.5890,16.9770,0.7320,96.9650,1.5120,2025-03-14 13:06:47,176.0
0.5890,17.0090,0.91,96.9160,1.5080,2025-03-14 13:06:47,176.0
0.5910,16.9580,0.7950,97.0750,1.5260,2025-03-14 13:06:47,176.0
0.5770,16.9710,0.6830,96.8320,1.4530,2025-03-14 13:06:47,176.0
0.5570,16.9210,0.7040,97.0580,1.3790,2025-03-14 13:06:47,176.0
0.56,16.8890,0.7110,97.1020,1.3880,2025-03-14 13:06:47,176.0
0.5830,17.1190,0.5950,97.01,1.2980,2025-03-14 13:06:47,176.0
0.5730,16.9210,0.5150,97.0610,1.4460,2025-03-14 13:06:47,176.0
0.5810,17.1780,0.6160,96.9090,1.4490,2025-03-14 13:06:47,176.0
0.59,16.9490,0.6120,97.3160,1.3040,2025-03-14 13:06:47,176.0
0.5850,16.9550,0.7530,97.1410,1.3340,2025-03-14 13:06:47,176.0
0.5750,16.9270,0.7140,96.9590,1.3830,2025-03-14 19:26:53,177.0
0.5990,17.0650,0.7810,97.1030,1.43,2025-03-14 19:26:53,177.0
0.5790,17.0310,0.8290,97.02,1.4370,2025-03-14 19:26:53,177.0
0.5720,16.9740,0.8780,97.1870,1.4830,2025-03-14 19:26:53,177.0
0.5720,17.1090,0.8470,97.0270,1.4320,2025-03-14 19:26:53,177.0
0.5720,16.9460,0.7670,97.0850,1.4530,2025-03-14 19:26:53,177.0
0.59,16.9360,0.7560,97.2130,1.4480,2025-03-14 19:26:53,177.0
0.60,16.9930,0.7350,96.8880,1.43,2025-03-14 19:26:53,177.0
0.5550,16.98,0.7280,97.0970,1.4150,2025-03-14 19:26:53,177.0
0.5740,16.9460,0.8570,97.2040,1.4160,2025-03-14 19:26:53,177.0
0.6140,17.2220,0.7560,97.0040,1.3930,2025-03-14 19:26:53,177.0
0.61,17.1060,0.7630,96.9070,1.3770,2025-03-14 19:26:53,177.0
0.5930,17.3010,0.77,97.0540,1.4180,2025-03-14 19:26:53,177.0
0.5710,17.0490,0.7180,97.2890,1.4690,2025-03-14 19:26:53,177.0
0.5660,17.10,0.7740,97.1830,1.4260,2025-03-14 19:26:53,177.0
0.5690,17.0530,0.8470,97.0080,1.4810,2025-03-14 19:26:53,177.0
0.5530,16.9110,0.6440,97.1630,1.5060,2025-03-14 19:26:53,177.0
0.6050,17.0870,0.77,96.96,1.5060,2025-03-14 19:26:53,177.0
0.5730,16.9460,0.7810,97.1770,1.3830,2025-03-14 19:26:53,177.0
0.5870,16.9770,0.8510,97.0510,1.4330,2025-03-14 19:26:53,177.0
0.5810,17.0590,0.83,97.0280,1.4310,2025-03-17 13:09:14,178.0
0.5790,16.93,0.8120,97.2250,1.5340,2025-03-17 13:09:14,178.0
0.59,16.9360,0.8160,97.1710,1.65,2025-03-17 13:09:14,178.0
0.6010,17.1590,0.8750,97.1080,1.48,2025-03-17 13:09:14,178.0
0.5750,16.9680,0.83,97.0960,1.4590,2025-03-17 13:09:14,178.0
0.5940,17.1250,0.6410,97.1210,1.5370,2025-03-17 13:09:14,178.0
0.6160,17.0090,0.6860,96.9630,1.6190,2025-03-17 13:09:14,178.0
0.5960,17.15,0.8330,97.1710,1.5510,2025-03-17 13:09:14,178.0
0.5760,16.8830,0.7560,97.1740,1.4650,2025-03-17 13:09:14,178.0
0.5740,16.87,0.7950,97.1050,1.5030,2025-03-17 13:09:14,178.0
0.5960,17.1280,0.90,97.1940,1.4750,2025-03-17 13:09:14,178.0
0.5930,17.0490,0.62,96.9850,1.5730,2025-03-17 13:09:14,178.0
0.5740,16.9710,0.5990,97.2240,1.4750,2025-03-17 13:09:14,178.0
0.5620,16.9580,0.8720,97.4040,1.4090,2025-03-17 13:09:14,178.0
0.5790,16.8920,0.7810,97.21,1.5390,2025-03-17 13:09:14,178.0
0.5630,17.1030,0.9410,97.2240,1.3930,2025-03-17 13:09:14,178.0
0.5650,17.0370,0.5770,97.1720,1.4420,2025-03-17 13:09:14,178.0
0.5680,17.0490,0.8470,97.2010,1.4670,2025-03-17 13:09:14,178.0
0.5910,16.9140,0.7560,97.52,1.4460,2025-03-17 13:09:14,178.0
0.5740,17.2440,0.6370,96.9980,1.4310,2025-03-17 13:09:14,178.0
0.58,16.7760,0.7310,97.0460,1.47,2025-03-17 20:14:25,179.0
0.5840,17.0560,0.8260,96.9580,1.5670,2025-03-17 20:14:25,179.0
0.5660,16.8230,0.6970,97.2490,1.5250,2025-03-17 20:14:25,179.0
0.59,17.0270,0.7490,97.1030,1.5420,2025-03-17 20:14:25,179.0
0.56,16.98,0.7450,96.9790,1.5010,2025-03-17 20:14:25,179.0
0.5770,17.04,0.7240,97.0070,1.3870,2025-03-17 20:14:25,179.0
0.5750,16.9170,0.6440,97.1930,1.39,2025-03-17 20:14:25,179.0
0.5810,16.8610,0.6620,97.2290,1.5230,2025-03-17 20:14:25,179.0
0.5890,16.8450,0.6230,97.2330,1.5950,2025-03-17 20:14:25,179.0
0.5770,16.9330,0.8160,97.3830,1.4780,2025-03-17 20:14:25,179.0
0.6010,16.98,0.8260,96.9080,1.5520,2025-03-17 20:14:25,179.0
0.5650,16.9390,0.63,96.9260,1.4580,2025-03-17 20:14:25,179.0
0.5770,16.9930,0.7320,97.0190,1.5090,2025-03-17 20:14:25,179.0
0.5680,16.9170,0.7660,97.21,1.5120,2025-03-17 20:14:25,179.0
0.58,17.0560,0.76,97.2660,1.5480,2025-03-17 20:14:25,179.0
0.5720,16.9550,0.9550,97.0960,1.5380,2025-03-17 20:14:25,179.0
0.5730,16.83,0.6720,97.1980,1.3970,2025-03-17 20:14:25,179.0
0.59,17.0490,0.8650,96.9110,1.4930,2025-03-17 20:14:25,179.0
0.5630,16.9710,0.7180,97.1560,1.4880,2025-03-17 20:14:25,179.0
0.5670,16.8420,0.8470,97.1230,1.4380,2025-03-17 20:14:25,179.0
0.5790,17.0020,0.5740,97.1970,1.4420,2025-03-17 21:14:28,180.0
0.5890,17.0710,0.8120,97.1820,1.4780,2025-03-17 21:14:28,180.0
0.5830,16.9870,0.8230,97.3450,1.53,2025-03-17 21:14:28,180.0
0.5550,16.7320,0.8330,97.0090,1.4060,2025-03-17 21:14:28,180.0
0.5920,16.9680,0.63,97.23,1.5390,2025-03-17 21:14:28,180.0
0.6090,17.0650,0.6760,97.2410,1.5930,2025-03-17 21:14:28,180.0
0.5840,17.1060,0.8010,97.1130,1.49,2025-03-17 21:14:28,180.0
0.5760,16.9360,0.6270,97.0980,1.4640,2025-03-17 21:14:28,180.0
0.6020,17.0120,0.70,97.0690,1.5120,2025-03-17 21:14:28,180.0
0.5740,17.1560,0.6890,97.0280,1.4340,2025-03-17 21:14:28,180.0
0.5680,16.8640,0.5460,97.2350,1.4260,2025-03-17 21:14:28,180.0
0.5770,16.8580,0.5840,97.1760,1.4090,2025-03-17 21:14:28,180.0
0.5940,16.9930,0.5980,96.9440,1.5910,2025-03-17 21:14:28,180.0
0.59,16.8610,0.7210,97.1460,1.4340,2025-03-17 21:14:28,180.0
0.5830,17.04,0.6680,97.1540,1.46,2025-03-17 21:14:28,180.0
0.56,16.8140,0.62,97.0580,1.4630,2025-03-17 21:14:28,180.0
0.59,17.0530,0.8370,97.0990,1.50,2025-03-17 21:14:28,180.0
0.56,16.9140,0.5740,97.3030,1.3670,2025-03-17 21:14:28,180.0
0.5720,16.9770,0.7040,97.0750,1.4240,2025-03-17 21:14:28,180.0
0.5620,16.9020,0.5670,97.2720,1.3990,2025-03-17 21:14:28,180.0
0.5920,16.9170,0.6440,97.1250,1.5010,2025-03-18 10:44:27,181.0
0.5960,17.0750,0.7280,97.2370,1.4810,2025-03-18 10:44:27,181.0
0.5790,16.9490,0.8090,97.0740,1.5080,2025-03-18 10:44:27,181.0
0.6020,17.04,0.7870,96.9520,1.4720,2025-03-18 10:44:27,181.0
0.5820,16.8770,0.6680,97.3250,1.4990,2025-03-18 10:44:27,181.0
0.5680,16.9520,0.6930,97.10,1.4670,2025-03-18 10:44:27,181.0
0.5730,16.9330,0.7520,97.1730,1.5140,2025-03-18 10:44:27,181.0
0.6040,17.0840,0.6650,96.8910,1.4490,2025-03-18 10:44:27,181.0
0.5780,17.0430,0.6970,97.0620,1.4720,2025-03-18 10:44:27,181.0
0.6110,17.1750,0.6970,97.05,1.52,2025-03-18 10:44:27,181.0
0.5730,17.0340,0.6620,97.1810,1.3240,2025-03-18 10:44:27,181.0
0.5730,16.9520,0.7740,97.0950,1.4890,2025-03-18 10:44:27,181.0
0.5950,17.1880,0.6480,97.1420,1.5040,2025-03-18 10:44:27,181.0
0.5860,16.9330,0.6330,97.1830,1.5430,2025-03-18 10:44:27,181.0
0.57,16.9110,0.7670,97.0760,1.4650,2025-03-18 10:44:27,181.0
0.56,16.9830,0.7320,97.0850,1.4560,2025-03-18 10:44:27,181.0
0.5820,16.8510,0.8160,97.2010,1.5040,2025-03-18 10:44:27,181.0
0.5960,16.9240,0.8510,97.0310,1.5760,2025-03-18 10:44:27,181.0
0.5760,16.9430,0.70,97.0290,1.4860,2025-03-18 10:44:27,181.0
0.5640,16.9740,0.7770,96.9190,1.3680,2025-03-18 10:44:27,181.0
0.5780,16.9360,0.8010,96.9580,1.5790,2025-03-18 13:04:32,182.0
0.5840,17.0680,0.6790,97.2340,1.4790,2025-03-18 13:04:32,182.0
0.6030,17.0780,0.6230,96.9180,1.5630,2025-03-18 13:04:32,182.0
0.5720,16.9680,0.8230,97.01,1.4260,2025-03-18 13:04:32,182.0
0.5940,16.9650,0.7310,97.2970,1.5740,2025-03-18 13:04:32,182.0
0.5740,16.8950,0.6890,97.0690,1.4650,2025-03-18 13:04:32,182.0
0.60,16.8990,0.5880,97.1830,1.40,2025-03-18 13:04:32,182.0
0.5860,16.9210,0.63,97.2440,1.5260,2025-03-18 13:04:32,182.0
0.5880,17.0560,0.7810,96.9650,1.4980,2025-03-18 13:04:32,182.0
0.5690,17.0340,0.6930,96.9980,1.3620,2025-03-18 13:04:32,182.0
0.5960,16.99,0.77,96.9760,1.5880,2025-03-18 13:04:32,182.0
0.5740,16.9330,0.8570,97.1050,1.4710,2025-03-18 13:04:32,182.0
0.5990,16.9140,0.7840,96.9840,1.6030,2025-03-18 13:04:32,182.0
0.6060,17.0150,0.6230,97.2090,1.5970,2025-03-18 13:04:32,182.0
0.5960,17.0560,0.5460,96.8650,1.5670,2025-03-18 13:04:32,182.0
0.5790,16.8730,0.5560,97.2540,1.4820,2025-03-18 13:04:32,182.0
0.5890,17.0090,0.7040,97.1570,1.4740,2025-03-18 13:04:32,182.0
0.5990,17.1060,0.6680,96.9790,1.6340,2025-03-18 13:04:32,182.0
0.5830,16.8730,0.8190,97.1570,1.4150,2025-03-18 13:04:32,182.0
0.5890,16.9140,0.7280,97.0740,1.5740,2025-03-18 13:04:32,182.0
0.5930,16.9490,0.5740,97.2690,1.5280,2025-03-18 19:44:42,183.0
0.5950,17.0340,0.7810,97.2350,1.4890,2025-03-18 19:44:42,183.0
0.5870,16.93,0.5670,97.27,1.4360,2025-03-18 19:44:42,183.0
0.5940,17.0210,0.6680,97.25,1.4660,2025-03-18 19:44:42,183.0
0.5830,17.0270,0.63,97.0230,1.4480,2025-03-18 19:44:42,183.0
0.5750,17.0150,0.7490,97.0720,1.4910,2025-03-18 19:44:42,183.0
0.5810,17.0210,0.7240,97.2550,1.5010,2025-03-18 19:44:42,183.0
0.5710,16.9870,0.7560,97.2520,1.4040,2025-03-18 19:44:42,183.0
0.5880,17.0970,0.7660,97.1480,1.4630,2025-03-18 19:44:42,183.0
0.5650,16.8950,0.7940,97.0340,1.4660,2025-03-18 19:44:42,183.0
0.5780,17.0050,0.5460,97.1740,1.4180,2025-03-18 19:44:42,183.0
0.5970,17.1560,0.7040,97.0290,1.5190,2025-03-18 19:44:42,183.0
0.57,16.9270,0.70,97.0910,1.5140,2025-03-18 19:44:42,183.0
0.60,17.0210,0.7530,97.0420,1.4060,2025-03-18 19:44:42,183.0
0.5580,16.9930,0.4580,97.0890,1.3750,2025-03-18 19:44:42,183.0
0.6080,17.1410,0.7070,97.0090,1.5120,2025-03-18 19:44:42,183.0
0.5440,16.8610,0.8370,97.2730,1.3330,2025-03-18 19:44:42,183.0
0.5910,17.0050,0.7110,97.0860,1.5330,2025-03-18 19:44:42,183.0
0.5680,17.0150,0.7140,97.1780,1.3560,2025-03-18 19:44:42,183.0
0.5880,17.0370,0.6720,96.8850,1.32,2025-03-18 19:44:42,183.0
0.6050,17.1880,0.7140,96.8970,1.57,2025-03-18 21:14:45,184.0
0.5740,17.0530,0.55,97.1320,1.3910,2025-03-18 21:14:45,184.0
0.5860,17.0240,0.8640,96.9530,1.5280,2025-03-18 21:14:45,184.0
0.57,16.8550,0.5530,97.2110,1.3990,2025-03-18 21:14:45,184.0
0.5670,17.0150,0.69,97.2410,1.4440,2025-03-18 21:14:45,184.0
0.5830,17.10,0.6790,96.9530,1.4170,2025-03-18 21:14:45,184.0
0.5890,16.9390,0.7770,97.2810,1.4290,2025-03-18 21:14:45,184.0
0.5760,16.9930,0.56,97.1350,1.44,2025-03-18 21:14:45,184.0
0.59,17.1660,0.83,96.9830,1.4440,2025-03-18 21:14:45,184.0
0.5860,17.0120,0.6620,97.2220,1.4880,2025-03-18 21:14:45,184.0
0.5790,17.0150,0.7490,97.1480,1.5790,2025-03-18 21:14:45,184.0
0.58,16.98,0.8370,97.0320,1.4730,2025-03-18 21:14:45,184.0
0.57,16.9770,0.6190,97.2330,1.43,2025-03-18 21:14:45,184.0
0.6120,17.2220,0.6440,97.1320,1.4570,2025-03-18 21:14:45,184.0
0.5850,16.9110,0.7980,97.0420,1.4680,2025-03-18 21:14:45,184.0
0.5970,17.0210,0.6510,97.0140,1.4910,2025-03-18 21:14:45,184.0
0.5770,16.9770,1.0010,97.2180,1.4760,2025-03-18 21:14:45,184.0
0.5890,17.0090,0.5360,97.0970,1.3840,2025-03-18 21:14:45,184.0
0.5760,17.0490,0.6440,97.0690,1.3590,2025-03-18 21:14:45,184.0
0.57,17.0270,0.5770,97.2180,1.3820,2025-03-18 21:14:45,184.0
0.5860,16.8510,0.63,97.1420,1.5360,2025-03-19 13:41:45,185.0
0.5950,16.87,0.9490,97.1880,1.4270,2025-03-19 13:41:45,185.0
0.5910,17.0430,0.8890,97.0230,1.4350,2025-03-19 13:41:45,185.0
0.5740,16.9050,0.5770,97.2570,1.4030,2025-03-19 13:41:45,185.0
0.5840,16.9650,0.6440,97.1980,1.5580,2025-03-19 13:41:45,185.0
0.5720,16.7950,0.6270,97.39,1.4230,2025-03-19 13:41:45,185.0
0.5790,16.9610,0.70,97.1920,1.4910,2025-03-19 13:41:45,185.0
0.5890,16.8640,0.6480,97.1160,1.4720,2025-03-19 13:41:45,185.0
0.5630,16.8830,0.8850,97.3060,1.4980,2025-03-19 13:41:45,185.0
0.5530,17.0240,0.4450,97.3850,1.3110,2025-03-19 13:41:45,185.0
0.5720,17.0050,0.4170,97.0920,1.4640,2025-03-19 13:41:45,185.0
0.5850,16.9050,0.7490,97.0580,1.44,2025-03-19 13:41:45,185.0
0.5830,16.9580,0.4480,97.0780,1.5440,2025-03-19 13:41:45,185.0
0.5610,16.9140,0.7490,97.3830,1.3670,2025-03-19 13:41:45,185.0
0.5990,16.8890,0.4790,97.2050,1.5740,2025-03-19 13:41:45,185.0
0.5910,17.0150,0.5910,97.1420,1.5120,2025-03-19 13:41:45,185.0
0.58,17.0970,0.5810,97.0510,1.40,2025-03-19 13:41:45,185.0
0.5570,16.8230,0.4440,97.3130,1.44,2025-03-19 13:41:45,185.0
0.5640,16.8860,0.5880,97.0820,1.4710,2025-03-19 13:41:45,185.0
0.5790,16.8830,0.6270,97.0870,1.5260,2025-03-19 13:41:45,185.0
0.5690,16.9740,0.7740,97.0330,1.42,2025-03-19 19:31:54,186.0
0.57,16.8950,0.6090,97.1030,1.5630,2025-03-19 19:31:54,186.0
0.5740,16.9360,0.63,97.2840,1.4860,2025-03-19 19:31:54,186.0
0.5780,17.0090,0.5950,97.09,1.5510,2025-03-19 19:31:54,186.0
0.5910,17.0870,0.6160,96.7710,1.5140,2025-03-19 19:31:54,186.0
0.5910,17.1410,0.6190,97.0790,1.4870,2025-03-19 19:31:54,186.0
0.5920,16.9990,0.6890,96.8740,1.5970,2025-03-19 19:31:54,186.0
0.5760,16.9390,0.6650,97.1840,1.5190,2025-03-19 19:31:54,186.0
0.5650,17.0210,0.6330,97.2330,1.4870,2025-03-19 19:31:54,186.0
0.5910,17.0490,0.64,96.95,1.5150,2025-03-19 19:31:54,186.0
0.5760,16.9210,0.5980,97.0520,1.4120,2025-03-19 19:31:54,186.0
0.6080,17.0090,0.5150,96.9760,1.5750,2025-03-19 19:31:54,186.0
0.5740,16.9740,0.6270,97.2460,1.4320,2025-03-19 19:31:54,186.0
0.5870,17.0340,0.7180,96.9430,1.4640,2025-03-19 19:31:54,186.0
0.5840,16.9210,0.6540,97.0870,1.4860,2025-03-19 19:31:54,186.0
0.5770,16.8860,0.49,97.0780,1.4860,2025-03-19 19:31:54,186.0
0.5950,17.1810,0.6890,96.8860,1.4790,2025-03-19 19:31:54,186.0
0.5990,17.0870,0.7980,97.03,1.5370,2025-03-19 19:31:54,186.0
0.5810,16.9770,0.63,97.08,1.5460,2025-03-19 19:31:54,186.0
0.6210,17.09,0.6370,96.9810,1.5660,2025-03-19 19:31:54,186.0
0.5910,17.0460,0.6970,96.8630,1.46,2025-03-19 21:11:57,187.0
0.6020,17.0710,0.7840,96.8880,1.52,2025-03-19 21:11:57,187.0
0.5830,16.9390,0.4830,97.0390,1.5570,2025-03-19 21:11:57,187.0
0.5720,16.8390,0.7040,97.1690,1.5110,2025-03-19 21:11:57,187.0
0.5510,16.7890,0.69,97.1510,1.3990,2025-03-19 21:11:57,187.0
0.5840,16.9360,0.6550,97.1650,1.4470,2025-03-19 21:11:57,187.0
0.5570,16.8170,0.6440,97.2050,1.4350,2025-03-19 21:11:57,187.0
0.58,17.0020,0.5710,96.8750,1.4130,2025-03-19 21:11:57,187.0
0.5850,16.99,0.6860,97.0010,1.5650,2025-03-19 21:11:57,187.0
0.58,16.87,0.6580,97.3510,1.5150,2025-03-19 21:11:57,187.0
0.5880,16.8950,0.5430,97.0770,1.5410,2025-03-19 21:11:57,187.0
0.5720,17.0530,0.5880,96.9350,1.4340,2025-03-19 21:11:57,187.0
0.6020,17.0020,0.7880,96.81,1.5050,2025-03-19 21:11:57,187.0
0.6050,17.0370,0.7280,97.0660,1.5520,2025-03-19 21:11:57,187.0
0.5770,16.98,0.7840,96.8090,1.4860,2025-03-19 21:11:57,187.0
0.5580,16.8730,0.6230,97.1540,1.3750,2025-03-19 21:11:57,187.0
0.56,16.8360,0.69,97.0710,1.4850,2025-03-19 21:11:57,187.0
0.59,17.0090,0.6410,97.0360,1.5650,2025-03-19 21:11:57,187.0
0.5730,17.0150,0.7880,96.9940,1.5220,2025-03-19 21:11:57,187.0
0.5660,16.8990,0.7530,97.2530,1.47,2025-03-19 21:11:57,187.0
0.6050,16.98,0.8510,96.9370,1.4760,2025-03-20 11:19:53,188.0
0.5860,16.9610,0.70,97.1240,1.48,2025-03-20 11:19:53,188.0
0.5910,16.9170,0.7980,96.8930,1.4290,2025-03-20 11:19:53,188.0
0.5880,17.0750,0.9140,96.9170,1.48,2025-03-20 11:19:53,188.0
0.5680,16.8140,0.6680,97.1030,1.52,2025-03-20 11:19:53,188.0
0.5630,16.9240,0.6790,97.1990,1.3770,2025-03-20 11:19:53,188.0
0.5910,16.8890,0.7770,96.8920,1.5440,2025-03-20 11:19:53,188.0
0.5780,16.9430,0.6790,97.1130,1.4680,2025-03-20 11:19:53,188.0
0.5840,17.0370,0.5740,97.0740,1.46,2025-03-20 11:19:53,188.0
0.5720,16.9930,0.7070,97.1760,1.4870,2025-03-20 11:19:53,188.0
0.6290,17.0210,0.7070,96.8910,1.5690,2025-03-20 11:19:53,188.0
0.5670,16.8670,0.8780,97.0950,1.4780,2025-03-20 11:19:53,188.0
0.5810,16.8990,0.7880,97.29,1.5210,2025-03-20 11:19:53,188.0
0.58,16.9740,0.7070,97.1370,1.5080,2025-03-20 11:19:53,188.0
0.5930,16.9080,0.6760,97.2560,1.50,2025-03-20 11:19:53,188.0
0.5870,17.0620,0.6410,96.9750,1.5160,2025-03-20 11:19:53,188.0
0.5720,16.9740,0.6480,97.0480,1.4270,2025-03-20 11:19:53,188.0
0.59,16.9430,0.7880,97.0260,1.5090,2025-03-20 11:19:53,188.0
0.5880,16.8580,0.5290,97.2530,1.5210,2025-03-20 11:19:53,188.0
0.5840,17.0750,0.6610,96.9240,1.5230,2025-03-20 11:19:53,188.0
0.58,16.9170,0.6020,97.0840,1.4020,2025-03-20 13:09:58,189.0
0.5770,16.8550,0.5950,97.1750,1.5010,2025-03-20 13:09:58,189.0
0.5830,17.0530,0.7180,96.9580,1.4250,2025-03-20 13:09:58,189.0
0.5980,17.0460,0.6720,97.03,1.4510,2025-03-20 13:09:58,189.0
0.5970,17.0490,0.6750,96.9180,1.5050,2025-03-20 13:09:58,189.0
0.5930,16.9170,0.6370,97.2610,1.4390,2025-03-20 13:09:58,189.0
0.5860,16.9580,0.7560,97.2190,1.5070,2025-03-20 13:09:58,189.0
0.5710,16.9650,0.5630,97.0540,1.5290,2025-03-20 13:09:58,189.0
0.5690,16.8990,0.5560,97.4030,1.5130,2025-03-20 13:09:58,189.0
0.5710,16.83,0.7840,97.1720,1.5260,2025-03-20 13:09:58,189.0
0.58,16.9020,0.69,97.2320,1.4570,2025-03-20 13:09:58,189.0
0.5910,17.04,0.6230,96.9710,1.5130,2025-03-20 13:09:58,189.0
0.5760,16.9930,0.7040,97.2030,1.4070,2025-03-20 13:09:58,189.0
0.59,16.8450,0.6580,97.1190,1.4240,2025-03-20 13:09:58,189.0
0.61,17.0650,0.7490,97.0050,1.5710,2025-03-20 13:09:58,189.0
0.5870,17.0210,0.6090,96.9210,1.4840,2025-03-20 13:09:58,189.0
0.57,17.0180,0.5980,97.0140,0.0170,2025-03-20 13:09:58,189.0
0.5830,16.9960,0.7450,97.2990,1.5350,2025-03-20 13:09:58,189.0
0.5880,16.8990,0.7320,97.1210,1.4310,2025-03-20 13:09:58,189.0
0.5740,16.9650,0.5250,97.0750,1.4950,2025-03-20 13:09:58,189.0
0.6230,17.0810,0.8510,96.8730,1.4770,2025-03-20 19:30:10,190.0
0.5810,17.0240,0.7740,97.2280,1.5530,2025-03-20 19:30:10,190.0
0.5770,17.0530,0.7870,97.2030,1.4260,2025-03-20 19:30:10,190.0
0.5990,17.1940,0.84,96.8990,1.5760,2025-03-20 19:30:10,190.0
0.59,16.9080,0.6690,97.1280,1.5380,2025-03-20 19:30:10,190.0
0.6060,17.1090,0.7180,96.85,1.5880,2025-03-20 19:30:10,190.0
0.5920,16.9610,0.7070,96.9510,1.5010,2025-03-20 19:30:10,190.0
0.6050,17.1060,0.77,96.9090,1.5380,2025-03-20 19:30:10,190.0
0.5830,17.0650,0.7070,97.03,1.4360,2025-03-20 19:30:10,190.0
0.58,17.0020,0.6550,97.1880,1.52,2025-03-20 19:30:10,190.0
0.5930,17.0930,0.7240,97.2050,1.4840,2025-03-20 19:30:10,190.0
0.5610,16.9330,0.6790,96.8150,1.3930,2025-03-20 19:30:10,190.0
0.6160,17.1120,0.7280,97.0040,1.5480,2025-03-20 19:30:10,190.0
0.5860,17.0150,0.8190,96.9650,1.5030,2025-03-20 19:30:10,190.0
0.6060,17.0210,0.7660,97.1190,1.5560,2025-03-20 19:30:10,190.0
0.5990,17.0780,0.7670,97.0670,1.4490,2025-03-20 19:30:10,190.0
0.5710,17.0340,0.7740,96.9380,1.4960,2025-03-20 19:30:10,190.0
0.5730,16.8640,0.7520,97.2420,1.4080,2025-03-20 19:30:10,190.0
0.5750,16.9870,0.92,97.1810,1.4160,2025-03-20 19:30:10,190.0
0.60,17.0020,0.7070,96.99,1.5280,2025-03-20 19:30:10,190.0
0.5860,16.9390,0.6120,97.1170,1.5150,2025-03-20 21:15:13,191.0
0.5710,16.8950,0.6620,97.1850,1.4880,2025-03-20 21:15:13,191.0
0.6030,17.0490,0.7840,96.9470,1.6590,2025-03-20 21:15:13,191.0
0.5950,17.0970,0.7070,96.8190,1.5540,2025-03-20 21:15:13,191.0
0.5740,16.9650,0.5280,97.1830,1.4860,2025-03-20 21:15:13,191.0
0.6050,17.0490,0.6830,96.7570,1.5740,2025-03-20 21:15:13,191.0
0.57,16.9770,0.7310,96.9490,1.4730,2025-03-20 21:15:13,191.0
0.5680,17.0020,0.8220,97.0350,1.3990,2025-03-20 21:15:13,191.0
0.5820,16.88,0.5910,97.2530,1.4590,2025-03-20 21:15:13,191.0
0.5710,16.9390,0.9140,97.0180,1.4120,2025-03-20 21:15:13,191.0
0.6110,17.0590,0.5810,97.09,1.4940,2025-03-20 21:15:13,191.0
0.5840,16.9870,0.6860,96.8720,1.4930,2025-03-20 21:15:13,191.0
0.5840,17.0530,0.84,97.1420,1.5430,2025-03-20 21:15:13,191.0
0.5770,16.9490,0.84,96.9170,1.4970,2025-03-20 21:15:13,191.0
0.5830,17.1280,0.8290,96.8590,1.5010,2025-03-20 21:15:13,191.0
0.5890,17.09,0.6550,96.8460,1.4750,2025-03-20 21:15:13,191.0
0.5890,17.0210,0.7520,96.9490,1.4070,2025-03-20 21:15:13,191.0
0.5680,16.9550,0.8190,97.1390,1.4350,2025-03-20 21:15:13,191.0
0.5520,16.93,0.8370,97.1520,1.4510,2025-03-20 21:15:13,191.0
0.5770,16.8830,0.8080,97.0060,1.5150,2025-03-20 21:15:13,191.0
0.5840,16.9930,0.8050,96.9550,1.4340,2025-03-21 13:01:23,192.0
0.5880,17.0270,0.6190,96.9660,1.5120,2025-03-21 13:01:23,192.0
0.5880,16.98,0.70,97.0230,1.5250,2025-03-21 13:01:23,192.0
0.5980,16.9740,0.7910,97.0280,1.57,2025-03-21 13:01:23,192.0
0.5990,16.9520,0.7980,96.9810,1.5390,2025-03-21 13:01:23,192.0
0.6050,17.0430,0.6720,96.8790,1.5680,2025-03-21 13:01:23,192.0
0.5920,16.87,0.7560,97.16,1.6080,2025-03-21 13:01:23,192.0
0.5940,16.9210,0.7560,96.9760,1.4470,2025-03-21 13:01:23,192.0
0.5980,17.0490,0.7040,97.2730,1.4550,2025-03-21 13:01:23,192.0
0.6190,17.0430,0.6680,96.9520,1.6350,2025-03-21 13:01:23,192.0
0.6120,17.0650,0.7870,96.9120,1.5730,2025-03-21 13:01:23,192.0
0.59,17.0530,0.8960,97.11,1.4480,2025-03-21 13:01:23,192.0
0.5930,16.93,0.6540,97.0590,1.4830,2025-03-21 13:01:23,192.0
0.5880,16.9550,0.5630,96.9930,1.3640,2025-03-21 13:01:23,192.0
0.6280,17.1120,0.7420,97.2190,1.6210,2025-03-21 13:01:23,192.0
0.5680,16.8770,0.5640,97.09,1.4670,2025-03-21 13:01:23,192.0
0.5930,16.98,0.8090,96.8760,1.5120,2025-03-21 13:01:23,192.0
0.5970,17.0340,0.6510,97.0930,1.5640,2025-03-21 13:01:23,192.0
0.6060,17.0490,0.8050,96.7750,1.5460,2025-03-21 13:01:23,192.0
0.6020,17.0710,0.7210,96.9580,1.4850,2025-03-21 13:01:23,192.0
0.5930,17.1220,0.6330,96.9450,1.4210,2025-03-21 18:36:26,193.0
0.5660,16.9680,0.77,97.2180,1.3260,2025-03-21 18:36:26,193.0
0.6130,17.0370,0.6620,96.9410,1.6190,2025-03-21 18:36:26,193.0
0.5980,16.9580,0.7110,97.1190,1.4590,2025-03-21 18:36:26,193.0
0.5810,17.0180,0.8720,97.0540,1.4010,2025-03-21 18:36:26,193.0
0.5920,17.1310,0.7180,96.8910,1.4130,2025-03-21 18:36:26,193.0
0.5930,17.0340,0.5950,96.8220,1.4440,2025-03-21 18:36:26,193.0
0.5930,17.1150,0.7490,97.13,1.5410,2025-03-21 18:36:26,193.0
0.6060,17.0120,0.6330,97.0970,1.5410,2025-03-21 18:36:26,193.0
0.5750,16.9770,0.70,97.0580,0.0140,2025-03-21 18:36:26,193.0
0.5890,16.9650,0.6680,97.08,1.4850,2025-03-21 18:36:26,193.0
0.5870,17.0560,0.5640,97.0780,1.42,2025-03-21 18:36:26,193.0
0.5950,17.1310,0.7490,96.9220,1.38,2025-03-21 18:36:26,193.0
0.5880,16.9930,0.7180,97.1850,1.4150,2025-03-21 18:36:26,193.0
0.5870,17.1690,0.6190,96.9460,1.4070,2025-03-21 18:36:26,193.0
0.5960,16.98,0.7840,97.1250,1.5650,2025-03-21 18:36:26,193.0
0.5810,17.04,0.8230,96.9370,1.3090,2025-03-21 18:36:26,193.0
0.5730,17.0430,0.6090,97.0680,1.4190,2025-03-21 18:36:26,193.0
0.5840,16.9140,0.5630,97.1620,1.4260,2025-03-21 18:36:26,193.0
0.5750,17.0620,0.7870,96.7790,1.4280,2025-03-21 18:36:26,193.0
0.5790,16.8950,0.6540,97.0840,1.4380,2025-03-21 20:56:30,194.0
0.5610,16.9460,0.4940,97.0740,1.3720,2025-03-21 20:56:30,194.0
0.6050,17.0050,0.6190,96.7770,1.5420,2025-03-21 20:56:30,194.0
0.5810,17.0150,0.7350,96.8970,1.4790,2025-03-21 20:56:30,194.0
0.5680,16.8860,0.7140,97.1010,1.4690,2025-03-21 20:56:30,194.0
0.5770,16.9770,0.6930,97.2430,1.4490,2025-03-21 20:56:30,194.0
0.6060,17.2320,0.5910,97.0470,1.5330,2025-03-21 20:56:30,194.0
0.5790,17.0310,0.5290,96.9430,1.4250,2025-03-21 20:56:30,194.0
0.5590,16.9650,0.7450,96.9890,1.4150,2025-03-21 20:56:30,194.0
0.5930,16.9650,0.5670,97.1160,1.5040,2025-03-21 20:56:30,194.0
0.5720,16.8990,0.6440,96.9170,1.3550,2025-03-21 20:56:30,194.0
0.5830,17.0340,0.6960,96.9870,1.4380,2025-03-21 20:56:30,194.0
0.6070,17.1060,0.7630,96.98,1.52,2025-03-21 20:56:30,194.0
0.6030,16.9460,0.8010,97.1060,1.5350,2025-03-21 20:56:30,194.0
0.6020,17.09,0.7350,97.0580,1.4920,2025-03-21 20:56:30,194.0
0.6120,17.0780,0.8720,97.0050,1.4850,2025-03-21 20:56:30,194.0
0.5910,16.9580,0.6830,96.9980,1.51,2025-03-21 20:56:30,194.0
0.6110,17.0150,0.8010,97.1390,1.62,2025-03-21 20:56:30,194.0
0.5690,16.9680,0.6720,97.25,1.50,2025-03-21 20:56:30,194.0
0.5670,16.9610,0.5910,96.8490,1.3960,2025-03-21 20:56:30,194.0
0.5930,16.9870,0.6650,97.0660,1.5050,2025-03-24 12:53:39,195.0
0.58,16.8480,0.6860,97.19,1.51,2025-03-24 12:53:39,195.0
0.5930,16.82,0.7420,97.2150,1.6470,2025-03-24 12:53:39,195.0
0.5840,16.8730,0.8220,97.0980,1.4870,2025-03-24 12:53:39,195.0
0.5740,16.9710,0.5910,97.1780,1.4060,2025-03-24 12:53:39,195.0
0.5680,16.8360,0.6060,97.0990,1.4230,2025-03-24 12:53:39,195.0
0.5880,16.9770,0.9280,96.9390,1.4650,2025-03-24 12:53:39,195.0
0.6030,17.0240,0.7880,96.9170,1.5490,2025-03-24 12:53:39,195.0
0.5680,16.8890,0.8430,97.1280,1.4550,2025-03-24 12:53:39,195.0
0.5750,16.9490,0.6440,97.0480,1.3990,2025-03-24 12:53:39,195.0
0.5710,16.7950,0.5420,97.3050,1.4290,2025-03-24 12:53:39,195.0
0.5880,16.8510,0.70,97.1560,1.5020,2025-03-24 12:53:39,195.0
0.5760,16.9460,0.7110,96.9030,1.4930,2025-03-24 12:53:39,195.0
0.5680,16.87,0.62,97.4030,1.37,2025-03-24 12:53:39,195.0
0.6010,16.8670,0.6410,97.1770,1.5190,2025-03-24 12:53:39,195.0
0.5790,16.8450,0.6860,96.8780,1.4530,2025-03-24 12:53:39,195.0
0.5950,16.8390,0.7040,97.0450,1.4810,2025-03-24 12:53:39,195.0
0.5830,16.8670,0.7910,96.8840,1.4360,2025-03-24 12:53:39,195.0
0.6010,17.0370,0.8680,96.9460,1.4870,2025-03-24 12:53:39,195.0
0.6040,16.88,0.7210,97.0810,1.47,2025-03-24 12:53:39,195.0
0.5940,17.0560,0.3920,97.0870,1.4840,2025-03-24 19:18:49,196.0
0.6040,17.0460,0.8160,97.0850,1.4720,2025-03-24 19:18:49,196.0
0.5840,16.9430,0.7210,97.1510,1.4760,2025-03-24 19:18:49,196.0
0.5770,17.0870,0.7810,96.98,1.5410,2025-03-24 19:18:49,196.0
0.5880,17.0310,0.7560,97.33,1.5070,2025-03-24 19:18:49,196.0
0.57,16.9680,0.7210,97.0920,1.3720,2025-03-24 19:18:49,196.0
0.5740,16.98,0.5150,96.9930,1.3650,2025-03-24 19:18:49,196.0
0.5830,17.0050,0.9770,96.8910,1.53,2025-03-24 19:18:49,196.0
0.5770,17.0270,0.6760,97.0690,1.43,2025-03-24 19:18:49,196.0
0.5750,16.9360,0.8650,97.2320,1.4570,2025-03-24 19:18:49,196.0
0.5690,16.9330,0.6060,96.9860,1.3640,2025-03-24 19:18:49,196.0
0.5870,16.9550,0.55,97.1420,1.5190,2025-03-24 19:18:49,196.0
0.6060,17.0090,0.7140,97.3680,1.4680,2025-03-24 19:18:49,196.0
0.5550,16.9020,0.7240,97.2420,1.3420,2025-03-24 19:18:49,196.0
0.5670,16.8480,0.5250,97.1930,1.4620,2025-03-24 19:18:49,196.0
0.5840,16.8830,0.6230,97.1680,1.4840,2025-03-24 19:18:49,196.0
0.5840,17.0560,0.70,96.9590,1.4640,2025-03-24 19:18:49,196.0
0.5890,16.8610,0.6830,97.2060,1.4810,2025-03-24 19:18:49,196.0
0.58,16.8670,0.7280,97.4090,1.4350,2025-03-24 19:18:49,196.0
0.56,16.9140,0.6580,97.2110,1.4360,2025-03-24 19:18:49,196.0
0.5830,16.9240,0.7240,97.0570,1.4980,2025-03-25 11:09:26,197.0
0.5910,17.0530,0.8780,97.0380,1.5830,2025-03-25 11:09:26,197.0
0.5880,16.9430,0.5880,97.1420,1.5120,2025-03-25 11:09:26,197.0
0.59,16.9960,0.6550,97.0750,1.4310,2025-03-25 11:09:26,197.0
0.6230,17.0750,0.7420,97.0060,1.5830,2025-03-25 11:09:26,197.0
0.5980,16.9580,0.8330,97.0940,1.5450,2025-03-25 11:09:26,197.0
0.60,16.9520,0.6440,96.8570,1.5120,2025-03-25 11:09:26,197.0
0.5850,16.9990,0.71,97.1020,1.5120,2025-03-25 11:09:26,197.0
0.5870,16.9170,0.6330,96.8970,1.4340,2025-03-25 11:09:26,197.0
0.5710,16.8730,0.62,97.0570,1.4030,2025-03-25 11:09:26,197.0
0.5730,16.9490,0.6440,97.1810,1.4890,2025-03-25 11:09:26,197.0
0.6120,16.9610,0.7740,97.0340,1.59,2025-03-25 11:09:26,197.0
0.6030,16.9770,0.7140,97.1140,1.5440,2025-03-25 11:09:26,197.0
0.6040,17.0870,0.7210,96.9950,1.4550,2025-03-25 11:09:26,197.0
0.5740,16.9710,0.7420,97.1520,1.4190,2025-03-25 11:09:26,197.0
0.5960,16.9140,0.7810,97.0880,1.4620,2025-03-25 11:09:26,197.0
0.5750,16.8260,0.7950,97.1090,1.4060,2025-03-25 11:09:26,197.0
0.5650,16.9140,0.6120,97.2380,1.38,2025-03-25 11:09:26,197.0
0.5810,17.0270,0.7320,97.1270,1.4680,2025-03-25 11:09:26,197.0
0.5760,16.9650,0.6750,96.9390,1.38,2025-03-25 11:09:26,197.0
0.5710,16.9390,0.7670,97.2890,1.4860,2025-03-25 13:09:31,198.0
0.5730,16.9550,0.6930,97.12,1.4770,2025-03-25 13:09:31,198.0
0.5870,17.0560,0.7170,97.1290,1.4380,2025-03-25 13:09:31,198.0
0.6050,17.1030,0.7240,96.9480,1.5170,2025-03-25 13:09:31,198.0
0.5930,17.0560,0.7840,96.9230,1.4260,2025-03-25 13:09:31,198.0
0.5750,16.9770,0.6930,97.0050,1.3740,2025-03-25 13:09:31,198.0
0.6180,17.1530,0.6510,96.9930,1.5460,2025-03-25 13:09:31,198.0
0.59,16.9930,0.8260,97.1130,1.4770,2025-03-25 13:09:31,198.0
0.5820,17.1690,0.8750,96.9840,1.4820,2025-03-25 13:09:31,198.0
0.5850,16.9990,0.7460,96.9580,1.4820,2025-03-25 13:09:31,198.0
0.5740,16.9140,0.5530,96.9950,1.4630,2025-03-25 13:09:31,198.0
0.6010,17.04,0.8080,96.9010,1.4860,2025-03-25 13:09:31,198.0
0.5680,17.0180,0.4760,97.1920,1.43,2025-03-25 13:09:31,198.0
0.5860,16.9170,0.5770,97.1530,1.4540,2025-03-25 13:09:31,198.0
0.6040,17.1060,0.4870,97.0220,1.45,2025-03-25 13:09:31,198.0
0.57,16.9610,0.6190,97.1790,1.4710,2025-03-25 13:09:31,198.0
0.5980,17.09,0.6720,97.0660,1.4710,2025-03-25 13:09:31,198.0
0.6020,17.0460,0.6410,96.9970,1.6240,2025-03-25 13:09:31,198.0
0.5930,16.9930,0.7420,97.09,1.4820,2025-03-25 13:09:31,198.0
0.5960,16.9330,0.9730,97.0360,1.4790,2025-03-25 13:09:31,198.0
0.59,16.8640,0.7770,96.9730,1.5250,2025-03-25 19:29:37,199.0
0.6060,17.0090,0.6970,96.8390,1.4480,2025-03-25 19:29:37,199.0
0.6010,16.9710,0.7040,97.1960,1.4990,2025-03-25 19:29:37,199.0
0.5910,16.9140,0.6090,97.2440,1.3790,2025-03-25 19:29:37,199.0
0.5960,16.99,0.8260,96.9220,1.5520,2025-03-25 19:29:37,199.0
0.5780,17.0430,0.6020,97.03,1.3640,2025-03-25 19:29:37,199.0
0.5950,16.9580,0.5460,96.9640,1.49,2025-03-25 19:29:37,199.0
0.5920,16.8950,0.5640,97.1810,1.4430,2025-03-25 19:29:37,199.0
0.5760,17.0020,0.6930,96.9030,1.5010,2025-03-25 19:29:37,199.0
0.5940,17.1120,0.6230,96.9840,1.5010,2025-03-25 19:29:37,199.0
0.5950,16.9360,0.6230,97.1870,1.4880,2025-03-25 19:29:37,199.0
0.5770,16.9610,0.5950,97.1950,1.47,2025-03-25 19:29:37,199.0
0.5780,16.9330,0.6650,96.92,1.3940,2025-03-25 19:29:37,199.0
0.6020,17.0340,0.7350,96.9260,1.5030,2025-03-25 19:29:37,199.0
0.5970,16.9740,0.56,96.8870,1.4860,2025-03-25 19:29:37,199.0
0.5730,16.93,0.55,97.4460,1.3910,2025-03-25 19:29:37,199.0
0.6020,16.9990,0.6720,97.2030,1.4780,2025-03-25 19:29:37,199.0
0.5870,16.8860,0.6890,97.1580,1.46,2025-03-25 19:29:37,199.0
0.5680,16.8550,0.7950,96.92,1.4490,2025-03-25 19:29:37,199.0
0.5840,16.8610,0.7350,97.3280,1.4230,2025-03-25 19:29:37,199.0
0.5940,17.0710,0.5850,96.9720,1.5070,2025-03-26 12:59:26,200.0
0.5950,16.9580,0.5980,96.8730,1.4580,2025-03-26 12:59:26,200.0
0.5760,16.8950,0.6090,97.0770,1.4450,2025-03-26 12:59:26,200.0
0.55,16.77,0.6790,97.1140,1.3690,2025-03-26 12:59:26,200.0
0.5760,16.8330,0.5490,97.2520,1.3770,2025-03-26 12:59:26,200.0
0.5710,16.9460,0.6090,97.1390,1.4460,2025-03-26 12:59:26,200.0
0.5920,16.9490,0.6090,96.8870,1.4710,2025-03-26 12:59:26,200.0
0.5860,16.8860,0.6160,97.0520,1.3660,2025-03-26 12:59:26,200.0
0.5940,16.9080,0.70,96.9260,1.53,2025-03-26 12:59:26,200.0
0.5990,16.88,0.5250,97.1230,1.5330,2025-03-26 12:59:26,200.0
0.5610,16.9110,0.6270,97.23,1.3830,2025-03-26 12:59:26,200.0
0.5960,17.0210,0.5350,97.0010,1.4130,2025-03-26 12:59:26,200.0
0.5740,16.8510,0.5420,97.1150,1.4150,2025-03-26 12:59:26,200.0
0.5890,17.0310,0.6330,96.9170,1.47,2025-03-26 12:59:26,200.0
0.5980,17.0430,0.6090,96.9430,1.45,2025-03-26 12:59:26,200.0
0.5690,16.8670,0.6650,97.1430,1.3690,2025-03-26 12:59:26,200.0
0.5690,16.93,0.56,97.0640,1.4210,2025-03-26 12:59:26,200.0
0.5610,16.8110,0.4940,97.1520,1.3880,2025-03-26 12:59:26,200.0
0.5930,16.9930,0.6160,97.0120,1.4930,2025-03-26 12:59:26,200.0
0.5620,17.0090,0.6230,97.0630,1.4190,2025-03-26 12:59:26,200.0
0.5890,16.8110,0.71,97.0480,1.5480,2025-03-26 18:24:38,201.0
0.5850,16.8550,0.5110,96.8170,1.6340,2025-03-26 18:24:38,201.0
0.5650,16.8170,0.5770,97.3630,1.3910,2025-03-26 18:24:38,201.0
0.5730,16.9050,0.49,97.0770,1.5630,2025-03-26 18:24:38,201.0
0.6010,16.9580,0.5390,97.1380,1.5860,2025-03-26 18:24:38,201.0
0.5940,16.8830,0.6690,96.9590,1.5250,2025-03-26 18:24:38,201.0
0.5850,16.8170,0.5350,97.0720,1.4790,2025-03-26 18:24:38,201.0
0.56,16.9990,0.6120,97.3060,1.3760,2025-03-26 18:24:38,201.0
0.5760,16.88,0.6090,97.3150,1.4120,2025-03-26 18:24:38,201.0
0.5790,16.8390,0.5320,96.91,1.4740,2025-03-26 18:24:38,201.0
0.58,16.8890,0.6680,96.8890,1.44,2025-03-26 18:24:38,201.0
0.60,17.0680,0.49,97.0190,1.4760,2025-03-26 18:24:38,201.0
0.5790,16.8640,0.5110,97.15,1.5480,2025-03-26 18:24:38,201.0
0.6050,16.9430,0.6830,97.1430,1.5090,2025-03-26 18:24:38,201.0
0.5980,16.9740,0.3850,96.99,1.5880,2025-03-26 18:24:38,201.0
0.5620,16.8230,0.5740,97.2390,1.4740,2025-03-26 18:24:38,201.0
0.5950,16.87,0.6120,96.8980,1.6660,2025-03-26 18:24:38,201.0
0.5830,16.9390,0.4940,97.2160,1.5660,2025-03-26 18:24:38,201.0
0.5850,16.8390,0.7660,97.09,1.5330,2025-03-26 18:24:38,201.0
0.5930,16.8770,0.5430,96.8870,1.4810,2025-03-26 18:24:38,201.0
0.5740,16.9020,0.6440,97.3540,1.49,2025-03-26 21:14:45,202.0
0.5690,16.9390,0.6650,97.0820,1.5020,2025-03-26 21:14:45,202.0
0.6060,16.9930,0.5640,97.2530,1.5620,2025-03-26 21:14:45,202.0
0.6030,16.9520,0.6620,96.8870,1.5340,2025-03-26 21:14:45,202.0
0.5680,16.8730,0.5390,97.2940,1.5340,2025-03-26 21:14:45,202.0
0.5740,16.9680,0.4730,97.1350,1.4670,2025-03-26 21:14:45,202.0
0.5870,16.9210,0.6510,96.87,1.5410,2025-03-26 21:14:45,202.0
0.58,16.9390,0.4380,97.1620,1.44,2025-03-26 21:14:45,202.0
0.5760,16.88,0.7840,97.1760,1.4490,2025-03-26 21:14:45,202.0
0.5710,16.8610,0.5980,97.0760,1.4670,2025-03-26 21:14:45,202.0
0.5820,16.9650,0.5530,97.1560,1.5340,2025-03-26 21:14:45,202.0
0.5670,16.9210,0.5560,97.1040,1.4590,2025-03-26 21:14:45,202.0
0.5760,16.93,0.5840,97.2170,1.4420,2025-03-26 21:14:45,202.0
0.5590,16.8860,0.7180,97.0220,1.4340,2025-03-26 21:14:45,202.0
0.5970,16.9170,0.5710,97.2170,1.5460,2025-03-26 21:14:45,202.0
0.5690,16.9140,0.6650,96.9060,1.4220,2025-03-26 21:14:45,202.0
0.5850,16.8920,0.6340,96.9160,1.4320,2025-03-26 21:14:45,202.0
0.5630,16.8610,0.4690,97.01,1.4130,2025-03-26 21:14:45,202.0
0.5930,16.9210,0.6680,96.8650,1.5370,2025-03-26 21:14:45,202.0
0.5960,16.9170,0.63,97.1070,1.47,2025-03-26 21:14:45,202.0
0.6040,17.0370,0.6410,96.9290,1.5470,2025-03-27 11:01:34,203.0
0.5550,16.9140,0.5180,97.1570,1.4070,2025-03-27 11:01:34,203.0
0.5780,16.8950,0.5220,97.0630,1.4540,2025-03-27 11:01:34,203.0
0.5870,16.9710,0.5670,96.9850,1.5130,2025-03-27 11:01:34,203.0
0.5840,16.88,0.5250,97.1760,1.5250,2025-03-27 11:01:34,203.0
0.5620,16.9740,0.6680,96.8420,1.4470,2025-03-27 11:01:34,203.0
0.5780,17.0310,0.5460,97.1330,1.51,2025-03-27 11:01:34,203.0
0.6070,17.0340,0.7210,97.0070,1.5370,2025-03-27 11:01:34,203.0
0.58,16.98,0.5640,96.9880,1.5540,2025-03-27 11:01:34,203.0
0.5980,16.9770,0.6680,96.9140,1.5270,2025-03-27 11:01:34,203.0
0.5870,16.8990,0.6370,97.0630,1.4560,2025-03-27 11:01:34,203.0
0.59,17.0370,0.5710,97.1190,1.5730,2025-03-27 11:01:34,203.0
0.5770,16.8830,0.6680,97.1040,1.4380,2025-03-27 11:01:34,203.0
0.6060,16.9870,0.5640,97.2440,1.6090,2025-03-27 11:01:34,203.0
0.5750,16.9610,0.4790,97.0180,1.4850,2025-03-27 11:01:34,203.0
0.5860,16.9270,0.5530,97.1070,1.5180,2025-03-27 11:01:34,203.0
0.5770,16.9490,0.6410,97.2090,1.5080,2025-03-27 11:01:34,203.0
0.6080,17.0050,0.6580,97.0230,1.5380,2025-03-27 11:01:34,203.0
0.5820,16.9110,0.6160,97.1390,1.4720,2025-03-27 11:01:34,203.0
0.5840,17.0750,0.6230,96.93,1.5120,2025-03-27 11:01:34,203.0
0.5720,16.9580,0.5710,97.2420,1.3720,2025-03-27 12:56:38,204.0
0.5860,16.9330,0.4940,97.1470,1.5080,2025-03-27 12:56:38,204.0
0.5840,16.9270,0.3810,97.2460,1.4370,2025-03-27 12:56:38,204.0
0.5840,16.9870,0.3740,96.9550,1.4310,2025-03-27 12:56:38,204.0
0.5830,17.0210,0.5220,97.2240,1.5310,2025-03-27 12:56:38,204.0
0.5690,16.9110,0.4760,97.0890,1.46,2025-03-27 12:56:38,204.0
0.5860,16.9550,0.5350,97.04,1.5090,2025-03-27 12:56:38,204.0
0.5690,16.8860,0.6930,97.0810,1.4750,2025-03-27 12:56:38,204.0
0.6290,17.0120,0.5710,97.2130,1.6540,2025-03-27 12:56:38,204.0
0.5980,16.9930,0.63,97.07,1.4550,2025-03-27 12:56:38,204.0
0.57,16.8890,0.6270,97.1130,1.44,2025-03-27 12:56:38,204.0
0.5740,16.9430,0.4760,97.0960,1.4990,2025-03-27 12:56:38,204.0
0.5770,16.8990,0.4730,97.22,1.4860,2025-03-27 12:56:38,204.0
0.5770,17.0530,0.5710,97.0810,1.4110,2025-03-27 12:56:38,204.0
0.6010,16.9080,0.5740,96.9880,1.5350,2025-03-27 12:56:38,204.0
0.5760,16.8950,0.4340,97.3080,1.5130,2025-03-27 12:56:38,204.0
0.5730,16.8920,0.8370,97.2540,1.4420,2025-03-27 12:56:38,204.0
0.5780,16.9430,0.63,96.9250,1.4430,2025-03-27 12:56:38,204.0
0.5870,16.99,0.6090,97.2630,1.4630,2025-03-27 12:56:38,204.0
0.5730,16.8580,0.3960,97.1250,1.4470,2025-03-27 12:56:38,204.0
0.6010,17.0210,0.6270,96.8520,1.44,2025-03-27 18:36:45,205.0
0.5780,16.8830,0.6830,97.0990,1.4640,2025-03-27 18:36:45,205.0
0.5660,16.8990,0.5810,97.3570,1.4110,2025-03-27 18:36:45,205.0
0.5840,17.0210,0.5740,96.8580,1.4370,2025-03-27 18:36:45,205.0
0.5920,16.9360,0.6370,97,1.4660,2025-03-27 18:36:45,205.0
0.5670,16.9080,0.4830,97.12,1.3980,2025-03-27 18:36:45,205.0
0.5820,16.93,0.7520,96.87,1.4240,2025-03-27 18:36:45,205.0
0.6050,16.98,0.8330,96.8620,1.5480,2025-03-27 18:36:45,205.0
0.5840,16.9330,0.5110,97.3120,1.5060,2025-03-27 18:36:45,205.0
0.5750,16.9930,0.5180,96.8860,1.42,2025-03-27 18:36:45,205.0
0.5650,16.9610,0.8080,97.2360,1.4910,2025-03-27 18:36:45,205.0
0.6050,17.0240,0.7180,96.9470,0.0130,2025-03-27 18:36:45,205.0
0.5740,16.9110,0.5850,97.1060,1.4050,2025-03-27 18:36:45,205.0
0.5670,16.8990,0.50,97.1730,1.3650,2025-03-27 18:36:45,205.0
0.5830,16.9650,0.7070,97.1760,1.4490,2025-03-27 18:36:45,205.0
0.5830,16.9830,0.7460,96.8070,1.4530,2025-03-27 18:36:45,205.0
0.5620,16.9240,0.77,97.1350,1.4130,2025-03-27 18:36:45,205.0
0.5840,16.8830,0.6650,96.8810,1.5320,2025-03-27 18:36:45,205.0
0.5710,16.88,0.5740,97.0690,1.4110,2025-03-27 18:36:45,205.0
0.57,16.9650,0.4730,96.8470,1.4920,2025-03-27 18:36:45,205.0
0.5810,17.0050,0.56,96.8360,1.4760,2025-04-08 12:37:45,206.0
0.5760,16.8890,0.76,96.9440,1.4270,2025-04-08 12:37:45,206.0
0.5870,16.8580,0.6060,97.2260,1.4290,2025-04-08 12:37:45,206.0
0.5680,17.0240,0.4130,96.9690,1.4130,2025-04-08 12:37:45,206.0
0.6070,17.0680,0.6750,96.8550,1.5050,2025-04-08 12:37:45,206.0
0.5980,17.0020,0.6090,96.9320,1.6030,2025-04-08 12:37:45,206.0
0.5580,16.8580,0.4730,97.1830,1.4370,2025-04-08 12:37:45,206.0
0.5970,16.9650,0.6330,96.9420,1.4810,2025-04-08 12:37:45,206.0
0.5920,16.9360,0.5110,97.1570,1.4660,2025-04-08 12:37:45,206.0
0.5870,17.0050,0.5430,96.8790,1.4760,2025-04-08 12:37:45,206.0
0.60,17.0180,0.7240,96.99,1.4950,2025-04-08 12:37:45,206.0
0.5870,16.9960,0.4520,97.0470,1.4510,2025-04-08 12:37:45,206.0
0.5860,16.99,0.6440,96.9170,1.4310,2025-04-08 12:37:45,206.0
0.5650,16.9870,0.5250,97.2460,1.4630,2025-04-08 12:37:45,206.0
0.6020,17.0370,0.6160,96.8860,1.6160,2025-04-08 12:37:45,206.0
0.5970,16.9990,0.5770,97.0510,1.4220,2025-04-08 12:37:45,206.0
0.5960,16.9490,0.5640,97.17,1.4880,2025-04-08 12:37:45,206.0
0.57,16.8420,0.5350,97.1080,1.4850,2025-04-08 12:37:45,206.0
0.5780,16.9710,0.6190,97.1070,1.45,2025-04-08 12:37:45,206.0
0.5680,16.9650,0.69,97.0620,1.4920,2025-04-08 12:37:45,206.0
0.5910,16.9990,0.4550,96.8630,1.4880,2025-04-08 13:12:47,207.0
0.5660,16.9240,0.5180,97.0930,1.4120,2025-04-08 13:12:47,207.0
0.58,16.9830,0.5710,97.1390,1.3850,2025-04-08 13:12:47,207.0
0.6010,17.0240,0.4940,96.9420,1.4540,2025-04-08 13:12:47,207.0
0.59,16.9430,0.5360,97.0560,1.4890,2025-04-08 13:12:47,207.0
0.5820,16.9490,0.8570,97.0870,1.4670,2025-04-08 13:12:47,207.0
0.5740,16.9460,0.4410,97.2310,1.4470,2025-04-08 13:12:47,207.0
0.5740,16.9270,0.5210,97.2030,1.3710,2025-04-08 13:12:47,207.0
0.5760,16.9430,0.6650,96.9750,1.4210,2025-04-08 13:12:47,207.0
0.60,17.0340,0.6330,97.2560,1.4240,2025-04-08 13:12:47,207.0
0.5810,17.0680,0.4830,96.8870,1.4940,2025-04-08 13:12:47,207.0
0.5690,17.0430,0.5250,97.0140,1.3350,2025-04-08 13:12:47,207.0
0.5770,16.9020,0.63,97.24,1.4530,2025-04-08 13:12:47,207.0
0.5670,16.8450,0.49,97.1230,1.42,2025-04-08 13:12:47,207.0
0.5620,16.9770,0.5880,97.1750,1.4090,2025-04-08 13:12:47,207.0
0.5850,17.0270,0.55,96.9670,1.4380,2025-04-08 13:12:47,207.0
0.5750,16.9870,0.5670,97.0410,1.3690,2025-04-08 13:12:47,207.0
0.5880,17.0490,0.5210,97.0060,1.3470,2025-04-08 13:12:47,207.0
0.6050,17.1030,0.5080,97.2220,1.4620,2025-04-08 13:12:47,207.0
0.5870,16.9580,0.5350,97.1030,1.5760,2025-04-08 13:12:47,207.0
0.5810,16.88,0.70,97.1220,1.4840,2025-04-08 19:12:53,208.0
0.5830,16.9580,0.5560,97.1010,1.5220,2025-04-08 19:12:53,208.0
0.5830,16.8110,0.6370,97.0190,1.4850,2025-04-08 19:12:53,208.0
0.5790,16.8670,0.7560,97.0510,1.4460,2025-04-08 19:12:53,208.0
0.5990,16.9610,0.6860,96.8810,1.5410,2025-04-08 19:12:53,208.0
0.5980,16.9650,0.77,96.93,1.4640,2025-04-08 19:12:53,208.0
0.61,16.98,0.6370,97.1380,1.5570,2025-04-08 19:12:53,208.0
0.58,16.8920,0.5880,97.1640,1.4260,2025-04-08 19:12:53,208.0
0.5980,17.0240,0.6230,96.9150,1.5010,2025-04-08 19:12:53,208.0
0.5590,16.8730,0.5350,97.14,1.39,2025-04-08 19:12:53,208.0
0.5770,16.82,0.6720,97.3190,1.4010,2025-04-08 19:12:53,208.0
0.6020,17.0370,0.6510,96.8460,1.4680,2025-04-08 19:12:53,208.0
0.5820,16.9360,0.6890,97.1880,1.4750,2025-04-08 19:12:53,208.0
0.59,16.9490,0.6370,96.9410,1.5370,2025-04-08 19:12:53,208.0
0.5950,16.8670,0.5850,97.13,1.5080,2025-04-08 19:12:53,208.0
0.5890,16.8330,0.7140,96.8990,1.3880,2025-04-08 19:12:53,208.0
0.5680,16.8950,0.5910,97.0680,1.4580,2025-04-08 19:12:53,208.0
0.58,17.0270,0.7170,96.9030,1.3270,2025-04-08 19:12:53,208.0
0.5870,17.0050,0.6860,96.9890,1.5270,2025-04-08 19:12:53,208.0
0.5810,16.8860,0.5810,97.1460,1.3770,2025-04-08 19:12:53,208.0
0.5640,16.8080,0.7040,97.0010,1.43,2025-04-08 21:27:57,209.0
0.6090,16.9650,0.4690,97.0630,1.3850,2025-04-08 21:27:57,209.0
0.6130,17.1280,0.7110,96.8540,1.4970,2025-04-08 21:27:57,209.0
0.5970,16.9170,0.5640,97.1230,1.3940,2025-04-08 21:27:57,209.0
0.6030,16.9960,0.56,97.1910,1.4490,2025-04-08 21:27:57,209.0
0.5860,16.8330,0.6340,97.1320,1.4240,2025-04-08 21:27:57,209.0
0.5740,17.0090,0.49,97.1940,1.3550,2025-04-08 21:27:57,209.0
0.5570,16.8580,0.6120,97.0930,1.3220,2025-04-08 21:27:57,209.0
0.59,16.9330,0.63,97.0150,1.4530,2025-04-08 21:27:57,209.0
0.5850,17.0530,0.5640,96.82,1.4550,2025-04-08 21:27:57,209.0
0.6030,16.98,0.6020,97.0970,1.4940,2025-04-08 21:27:57,209.0
0.5860,16.8830,0.6480,96.9560,1.3580,2025-04-08 21:27:57,209.0
0.5780,16.9550,0.5460,97.1580,1.4030,2025-04-08 21:27:57,209.0
0.6240,16.9960,0.5990,96.8980,1.52,2025-04-08 21:27:57,209.0
0.6130,16.9520,0.5490,96.9730,1.4840,2025-04-08 21:27:57,209.0
0.5920,16.9170,0.5740,96.9650,1.5010,2025-04-08 21:27:57,209.0
0.5590,16.8260,0.5390,97.0480,1.3380,2025-04-08 21:27:57,209.0
0.5980,16.9650,0.5850,96.9630,1.1460,2025-04-08 21:27:57,209.0
0.5920,16.9580,0.5630,96.9650,1.4550,2025-04-08 21:27:57,209.0
0.5790,17.0180,0.4940,96.8330,1.4180,2025-04-08 21:27:57,209.0
0.56,16.9080,0.5710,97.0910,1.5120,2025-04-09 11:22:53,210.0
0.5850,17.0090,0.5350,97.1130,1.4630,2025-04-09 11:22:53,210.0
0.5860,16.8990,0.5390,96.8880,1.4930,2025-04-09 11:22:53,210.0
0.6080,16.9210,0.5320,96.9210,1.5190,2025-04-09 11:22:53,210.0
0.5810,16.8010,0.5810,97.1840,1.48,2025-04-09 11:22:53,210.0
0.5820,16.8450,0.4940,97.1790,1.4220,2025-04-09 11:22:53,210.0
0.6090,16.98,0.5640,97.3820,1.5770,2025-04-09 11:22:53,210.0
0.5590,16.8450,0.56,96.9390,1.4140,2025-04-09 11:22:53,210.0
0.5780,16.8510,0.6750,97.0710,1.3850,2025-04-09 11:22:53,210.0
0.5760,16.8010,0.6480,97.1690,1.4820,2025-04-09 11:22:53,210.0
0.5960,17.0050,0.9380,97.1680,1.4970,2025-04-09 11:22:53,210.0
0.5840,16.82,0.3710,97.1760,1.4870,2025-04-09 11:22:53,210.0
0.5830,16.8480,0.5850,97.4060,1.4430,2025-04-09 11:22:53,210.0
0.5830,16.8360,0.4720,97.0830,1.42,2025-04-09 11:22:53,210.0
0.5790,16.8510,0.5630,96.9790,1.4350,2025-04-09 11:22:53,210.0
0.5810,16.9580,0.6160,97.0610,1.3970,2025-04-09 11:22:53,210.0
0.5840,16.9610,0.5570,96.9380,1.49,2025-04-09 11:22:53,210.0
0.5790,16.8890,0.70,96.99,1.4340,2025-04-09 11:22:53,210.0
0.5790,16.77,0.6090,97.1680,1.4460,2025-04-09 11:22:53,210.0
0.5850,16.8830,0.6650,96.9950,1.4360,2025-04-09 11:22:53,210.0
0.5680,16.8670,0.4860,97.1510,1.4670,2025-04-09 12:52:57,211.0
0.5680,16.9330,0.5780,96.7790,1.3520,2025-04-09 12:52:57,211.0
0.5940,16.9650,0.7310,97.0850,1.5680,2025-04-09 12:52:57,211.0
0.5770,16.9080,0.3150,97.2210,1.4650,2025-04-09 12:52:57,211.0
0.5910,16.8140,0.6060,97.01,1.5030,2025-04-09 12:52:57,211.0
0.6080,17.1120,0.7450,97.0210,1.4940,2025-04-09 12:52:57,211.0
0.5810,16.9270,0.5640,96.9950,1.4470,2025-04-09 12:52:57,211.0
0.5820,17.0090,0.6510,97.09,1.4620,2025-04-09 12:52:57,211.0
0.58,16.9240,0.5710,97.3320,1.4590,2025-04-09 12:52:57,211.0
0.5760,17.0310,0.4940,97.2220,1.4180,2025-04-09 12:52:57,211.0
0.5840,17.0090,0.5290,97.1820,1.4860,2025-04-09 12:52:57,211.0
0.5780,16.8450,0.8090,97.0760,1.4810,2025-04-09 12:52:57,211.0
0.5830,17.0050,0.71,96.8430,1.4850,2025-04-09 12:52:57,211.0
0.6220,17.0050,0.71,96.97,1.5640,2025-04-09 12:52:57,211.0
0.5630,16.98,0.63,97.0080,1.4250,2025-04-09 12:52:57,211.0
0.5680,16.87,0.5010,97.1880,1.4520,2025-04-09 12:52:57,211.0
0.5690,17.0210,0.6970,96.9920,1.3950,2025-04-09 12:52:57,211.0
0.6190,17.0620,0.5880,96.8740,1.5360,2025-04-09 12:52:57,211.0
0.6090,16.9140,0.5360,96.9490,1.4760,2025-04-09 12:52:57,211.0
0.5730,16.8990,0.4550,97.2440,1.4320,2025-04-09 12:52:57,211.0
0.5810,16.99,0.70,96.8790,1.4470,2025-04-09 19:13:03,212.0
0.5860,16.8480,0.6020,96.8550,1.5130,2025-04-09 19:13:03,212.0
0.5660,16.99,0.5460,96.8950,1.3420,2025-04-09 19:13:03,212.0
0.6010,16.9170,0.5280,97.01,1.4870,2025-04-09 19:13:03,212.0
0.5810,16.8080,0.6120,97.1030,1.3980,2025-04-09 19:13:03,212.0
0.6220,17.1120,0.7660,96.8260,1.4650,2025-04-09 19:13:03,212.0
0.6110,16.9430,0.6860,96.7640,1.6320,2025-04-09 19:13:03,212.0
0.6060,16.9650,0.6370,96.9370,1.5640,2025-04-09 19:13:03,212.0
0.5670,16.8920,0.6760,97.0350,1.4770,2025-04-09 19:13:03,212.0
0.5680,16.8830,0.5010,97.0840,1.4350,2025-04-09 19:13:03,212.0
0.5880,17.0240,0.5630,96.8860,1.3310,2025-04-09 19:13:03,212.0
0.5960,17.04,0.5670,96.8750,1.5310,2025-04-09 19:13:03,212.0
0.6040,17.0120,0.6120,96.9120,1.5230,2025-04-09 19:13:03,212.0
0.5840,16.9110,0.5430,97.2550,1.5640,2025-04-09 19:13:03,212.0
0.5720,16.8450,0.6790,97.1480,1.4590,2025-04-09 19:13:03,212.0
0.5830,17.0090,0.5770,96.86,1.4420,2025-04-09 19:13:03,212.0
0.58,16.8860,0.5810,97.1270,1.4660,2025-04-09 19:13:03,212.0
0.5410,16.9170,0.5810,97.2520,1.4460,2025-04-09 19:13:03,212.0
0.5810,16.9930,0.5560,96.8450,1.4790,2025-04-09 19:13:03,212.0
0.5710,17.0050,0.6230,96.8840,1.4640,2025-04-09 19:13:03,212.0
0.5930,17.1120,0.70,97.0120,1.5790,2025-04-09 21:28:08,213.0
0.5620,17.0310,0.7660,96.9270,1.4010,2025-04-09 21:28:08,213.0
0.5870,16.9870,0.5810,96.9530,1.5290,2025-04-09 21:28:08,213.0
0.57,16.9360,0.7170,96.8580,1.4720,2025-04-09 21:28:08,213.0
0.5690,16.98,0.5740,97.2990,1.5470,2025-04-09 21:28:08,213.0
0.5570,16.9460,0.70,97.2080,1.4460,2025-04-09 21:28:08,213.0
0.57,16.93,0.5460,97.1620,1.4620,2025-04-09 21:28:08,213.0
0.5640,16.88,0.7950,97.0070,1.5340,2025-04-09 21:28:08,213.0
0.5910,17.1220,0.8160,96.8970,1.4950,2025-04-09 21:28:08,213.0
0.5560,16.9990,0.56,97.0540,1.5320,2025-04-09 21:28:08,213.0
0.5710,16.9460,0.5390,97.1270,1.4310,2025-04-09 21:28:08,213.0
0.5850,16.8670,0.7870,96.9890,1.5020,2025-04-09 21:28:08,213.0
0.5470,16.9680,0.5530,97.0640,1.4470,2025-04-09 21:28:08,213.0
0.5640,16.9490,0.6830,97.1570,1.5050,2025-04-09 21:28:08,213.0
0.5730,16.9170,0.5980,96.9520,1.5120,2025-04-09 21:28:08,213.0
0.5970,16.9520,0.5910,96.9690,1.48,2025-04-09 21:28:08,213.0
0.5640,16.8040,0.7450,97.2220,1.4810,2025-04-09 21:28:08,213.0
0.5770,17.0090,0.6650,96.8910,1.4210,2025-04-09 21:28:08,213.0
0.5860,16.9520,0.6510,96.6750,1.5030,2025-04-09 21:28:08,213.0
0.5780,16.8770,0.5460,97.0670,1.4690,2025-04-09 21:28:08,213.0
0.5650,16.8730,0.63,96.8590,1.5810,2025-04-10 11:14:06,214.0
0.5950,16.9650,0.5950,96.9170,1.4190,2025-04-10 11:14:06,214.0
0.5730,16.8860,0.63,97.0190,1.44,2025-04-10 11:14:06,214.0
0.6040,16.9830,0.7140,96.9620,1.5490,2025-04-10 11:14:06,214.0
0.55,16.8550,0.6550,97.1130,1.3910,2025-04-10 11:14:06,214.0
0.5870,16.9460,0.6130,96.9220,1.58,2025-04-10 11:14:06,214.0
0.5780,16.9550,0.56,97.1760,1.5370,2025-04-10 11:14:06,214.0
0.59,16.9360,0.7350,97.0750,1.5910,2025-04-10 11:14:06,214.0
0.5750,16.9020,0.4230,97.1880,1.4360,2025-04-10 11:14:06,214.0
0.5790,16.9550,0.5810,97.1680,1.4680,2025-04-10 11:14:06,214.0
0.53,16.8510,0.6120,97.2620,1.3780,2025-04-10 11:14:06,214.0
0.5270,16.8640,0.7950,97.1570,1.3560,2025-04-10 11:14:06,214.0
0.5580,16.9520,0.56,96.9060,1.3940,2025-04-10 11:14:06,214.0
0.5570,16.9240,0.70,97.0860,1.3610,2025-04-10 11:14:06,214.0
0.5950,16.9080,0.7280,97.11,1.5070,2025-04-10 11:14:06,214.0
0.54,16.7790,0.5640,97.2430,1.3930,2025-04-10 11:14:06,214.0
0.5850,17.0020,0.56,97.0910,1.5350,2025-04-10 11:14:06,214.0
0.5720,16.9140,0.7040,97.3020,1.3620,2025-04-10 11:14:06,214.0
0.5540,16.9080,0.8650,97.1230,1.4240,2025-04-10 11:14:06,214.0
0.5570,16.9210,0.4690,97.1220,1.3780,2025-04-10 11:14:06,214.0
0.5790,16.9580,0.8290,96.8590,1.5040,2025-04-10 12:54:08,215.0
0.60,16.9740,0.6370,97.1430,1.6460,2025-04-10 12:54:08,215.0
0.5770,16.8080,0.4620,97.1770,1.5380,2025-04-10 12:54:08,215.0
0.5650,16.9050,0.6610,97.23,1.5020,2025-04-10 12:54:08,215.0
0.6040,16.9390,0.9450,97.10,1.5490,2025-04-10 12:54:08,215.0
0.5730,16.9110,0.6410,97.0050,1.4710,2025-04-10 12:54:08,215.0
0.5850,16.9080,0.6540,97.2090,1.5740,2025-04-10 12:54:08,215.0
0.5710,16.8140,0.9280,97.1140,1.4670,2025-04-10 12:54:08,215.0
0.5870,17.0020,0.8160,96.92,1.5170,2025-04-10 12:54:08,215.0
0.5860,16.9680,0.7740,97.0390,1.4630,2025-04-10 12:54:08,215.0
0.5840,16.9710,0.6760,97.0330,1.5360,2025-04-10 12:54:08,215.0
0.6060,17.0210,0.5980,96.9490,1.6150,2025-04-10 12:54:08,215.0
0.6020,16.98,0.5910,97.0710,1.67,2025-04-10 12:54:08,215.0
0.57,16.9520,0.5220,97.1520,1.4950,2025-04-10 12:54:08,215.0
0.5410,16.9080,0.6830,97.4440,1.3850,2025-04-10 12:54:08,215.0
0.6010,16.99,0.77,97.1190,1.6060,2025-04-10 12:54:08,215.0
0.5970,16.8360,0.6090,97.27,1.6540,2025-04-10 12:54:08,215.0
0.5970,16.9430,0.6230,96.9450,1.6230,2025-04-10 12:54:08,215.0
0.5750,16.9270,0.7310,96.9030,1.5120,2025-04-10 12:54:08,215.0
0.5650,16.8360,0.6970,97.3550,1.4990,2025-04-10 12:54:08,215.0
0.5980,17.0560,0.76,96.8390,1.5330,2025-04-10 19:09:16,216.0
0.59,17.1190,0.7140,96.7870,1.5290,2025-04-10 19:09:16,216.0
0.5780,16.9360,0.6330,97.2630,1.4960,2025-04-10 19:09:16,216.0
0.5760,16.9170,0.8190,96.9570,0.0160,2025-04-10 19:09:16,216.0
0.5690,16.8420,0.8150,97.0270,1.4340,2025-04-10 19:09:16,216.0
0.5720,17.04,0.9490,96.8780,1.4640,2025-04-10 19:09:16,216.0
0.5780,17.0270,0.5320,96.9160,1.4870,2025-04-10 19:09:16,216.0
0.5940,17.0840,0.7320,96.9970,1.50,2025-04-10 19:09:16,216.0
0.5660,16.9550,0.5290,96.91,1.4390,2025-04-10 19:09:16,216.0
0.5590,17.0340,0.7450,97.2590,1.4180,2025-04-10 19:09:16,216.0
0.58,17.0590,0.6860,97.2430,1.4640,2025-04-10 19:09:16,216.0
0.5840,16.98,0.5220,96.9020,1.4870,2025-04-10 19:09:16,216.0
0.5850,16.9430,0.6270,97.2640,1.5010,2025-04-10 19:09:16,216.0
0.6120,17.0590,0.6620,96.9050,1.5430,2025-04-10 19:09:16,216.0
0.5670,16.9520,0.6330,96.9810,1.4510,2025-04-10 19:09:16,216.0
0.5510,17.0370,0.5850,97.2220,1.3670,2025-04-10 19:09:16,216.0
0.5870,17.0970,0.6720,96.8640,1.4560,2025-04-10 19:09:16,216.0
0.5760,16.8990,0.4650,97.0930,1.4590,2025-04-10 19:09:16,216.0
0.5590,16.8990,0.6370,97.2010,1.4570,2025-04-10 19:09:16,216.0
0.5650,16.9930,0.5880,96.9630,1.4670,2025-04-10 19:09:16,216.0
0.5420,16.8730,0.6970,96.9310,1.50,2025-04-10 21:24:23,217.0
0.5450,17.0120,0.6230,97.0160,1.42,2025-04-10 21:24:23,217.0
0.5470,17.0810,0.7490,97.02,1.57,2025-04-10 21:24:23,217.0
0.5580,16.9360,0.5910,96.9180,1.5210,2025-04-10 21:24:23,217.0
0.5610,16.9710,0.6440,96.9660,1.5670,2025-04-10 21:24:23,217.0
0.5910,16.9770,0.6580,96.9720,1.6340,2025-04-10 21:24:23,217.0
0.5570,16.9710,0.6230,97.2950,1.49,2025-04-10 21:24:23,217.0
0.5570,16.8580,0.7070,97.0340,1.5790,2025-04-10 21:24:23,217.0
0.58,17.04,0.6090,97.2010,1.6120,2025-04-10 21:24:23,217.0
0.5350,16.8450,0.5880,97.18,1.4950,2025-04-10 21:24:23,217.0
0.5480,16.8170,0.7490,97.0650,1.42,2025-04-10 21:24:23,217.0
0.5530,16.9110,0.6370,97.14,1.5850,2025-04-10 21:24:23,217.0
0.5440,16.9240,0.6750,97.2460,1.5050,2025-04-10 21:24:23,217.0
0.5540,16.8830,0.6160,97.16,1.5480,2025-04-10 21:24:23,217.0
0.5580,16.93,0.7320,97.1910,1.6080,2025-04-10 21:24:23,217.0
0.5340,16.7420,0.5850,97.1230,1.4130,2025-04-10 21:24:23,217.0
0.5490,16.9360,0.5950,97.0220,1.5080,2025-04-10 21:24:23,217.0
0.5450,16.8040,0.5430,96.9440,1.5240,2025-04-10 21:24:23,217.0
0.5660,16.9050,0.56,96.8420,1.56,2025-04-10 21:24:23,217.0
0.5750,16.9650,0.6790,96.8670,1.6260,2025-04-10 21:24:23,217.0
0.5810,16.9390,0.6160,96.8470,1.3920,2025-04-11 10:55:40,218.0
0.5680,16.8890,0.6160,97.1180,1.4740,2025-04-11 10:55:40,218.0
0.5820,16.9520,0.6650,96.9520,1.4740,2025-04-11 10:55:40,218.0
0.5610,16.9430,0.5390,96.9970,1.4070,2025-04-11 10:55:40,218.0
0.5630,16.9210,0.4380,97.18,1.4620,2025-04-11 10:55:40,218.0
0.5810,16.8610,0.6370,97.2450,1.4940,2025-04-11 10:55:40,218.0
0.5580,16.8390,0.70,97.3220,1.4220,2025-04-11 10:55:40,218.0
0.5840,17.0710,0.7950,96.9530,1.4560,2025-04-11 10:55:40,218.0
0.5860,17.0310,0.6970,97.2280,1.5220,2025-04-11 10:55:40,218.0
0.56,16.9520,0.4940,97.19,1.3960,2025-04-11 10:55:40,218.0
0.5790,17.0310,0.5950,97.0510,1.4520,2025-04-11 10:55:40,218.0
0.5350,16.8450,0.50,97.0420,1.3450,2025-04-11 10:55:40,218.0
0.5460,16.9740,0.6020,97.1460,1.4220,2025-04-11 10:55:40,218.0
0.5740,16.9960,0.6860,97.3640,1.52,2025-04-11 10:55:40,218.0
0.5580,16.9020,0.7070,97.2620,1.4360,2025-04-11 10:55:40,218.0
0.5810,17.0020,0.5880,96.9780,1.5070,2025-04-11 10:55:40,218.0
0.5670,16.9490,0.6090,97.3430,1.46,2025-04-11 10:55:40,218.0
0.5580,17.04,0.6510,97.1090,1.4340,2025-04-11 10:55:40,218.0
0.5690,16.9050,0.7070,97.0540,1.4990,2025-04-11 10:55:40,218.0
0.5440,16.9170,0.6830,97.2960,1.4220,2025-04-11 10:55:40,218.0
0.5780,17.0430,0.5980,96.8840,1.41,2025-04-11 13:05:45,219.0
0.5740,16.8950,0.6580,97.1660,1.3820,2025-04-11 13:05:45,219.0
0.5650,16.7670,0.5910,97.0880,1.4820,2025-04-11 13:05:45,219.0
0.5850,16.8420,0.5420,97.2470,1.4280,2025-04-11 13:05:45,219.0
0.6090,16.9680,0.7210,96.9690,1.4930,2025-04-11 13:05:45,219.0
0.5560,16.7890,0.6480,97.0730,1.4340,2025-04-11 13:05:45,219.0
0.5890,16.9520,0.7350,97.0670,1.4650,2025-04-11 13:05:45,219.0
0.5820,16.8950,0.7180,97,1.4790,2025-04-11 13:05:45,219.0
0.5710,16.9330,0.7490,96.8830,1.4070,2025-04-11 13:05:45,219.0
0.5680,16.9490,0.4830,97.1110,1.4760,2025-04-11 13:05:45,219.0
0.6070,16.93,0.7210,96.9890,1.5490,2025-04-11 13:05:45,219.0
0.6010,16.9990,0.5560,96.9220,1.5010,2025-04-11 13:05:45,219.0
0.5990,16.9930,0.6650,96.9180,1.4910,2025-04-11 13:05:45,219.0
0.5850,16.9930,0.6510,97.1590,1.4930,2025-04-11 13:05:45,219.0
0.5950,16.93,0.6860,96.9310,1.5420,2025-04-11 13:05:45,219.0
0.6030,16.9710,0.4940,96.8520,1.5280,2025-04-11 13:05:45,219.0
0.5670,16.9080,0.5150,97.2040,1.4850,2025-04-11 13:05:45,219.0
0.5960,16.9330,0.7350,97.1110,1.5350,2025-04-11 13:05:45,219.0
0.5760,16.8950,0.6230,97.1790,1.5240,2025-04-11 13:05:45,219.0
0.5890,16.8730,0.5740,97.0170,1.4130,2025-04-11 13:05:45,219.0
0.5970,17.0560,0.4580,97.0510,1.4630,2025-04-11 21:20:59,220.0
0.5920,17.0050,0.6270,97.10,1.4580,2025-04-11 21:20:59,220.0
0.5910,16.9930,0.5980,96.9790,1.4370,2025-04-11 21:20:59,220.0
0.5920,17.04,0.5430,97.2530,1.48,2025-04-11 21:20:59,220.0
0.5930,16.9050,0.6330,96.9580,1.5530,2025-04-11 21:20:59,220.0
0.5890,17.0710,0.5950,96.8160,1.4710,2025-04-11 21:20:59,220.0
0.5690,16.9140,0.5880,97.0650,1.4410,2025-04-11 21:20:59,220.0
0.5990,17.0270,0.6650,96.8950,1.4790,2025-04-11 21:20:59,220.0
0.5960,17.0090,0.8050,96.8910,1.5050,2025-04-11 21:20:59,220.0
0.6010,17.0270,0.5350,96.9320,1.4830,2025-04-11 21:20:59,220.0
0.5930,17.0020,0.5850,96.9660,1.3530,2025-04-11 21:20:59,220.0
0.5920,16.9550,0.5560,97.1810,1.5060,2025-04-11 21:20:59,220.0
0.5910,17.0210,0.6120,97.0650,1.4280,2025-04-11 21:20:59,220.0
0.59,17.0020,0.7810,96.8950,1.5250,2025-04-11 21:20:59,220.0
0.6110,17.0620,0.6890,96.9150,1.5790,2025-04-11 21:20:59,220.0
0.5640,16.9580,0.5150,97.12,1.4180,2025-04-11 21:20:59,220.0
0.5820,16.9080,0.8330,97.0940,1.5090,2025-04-11 21:20:59,220.0
0.60,16.9770,0.5950,97.2960,1.45,2025-04-11 21:20:59,220.0
0.5910,16.93,0.7530,96.9980,1.5180,2025-04-11 21:20:59,220.0
0.5660,16.8510,0.6750,97.2290,1.4640,2025-04-11 21:20:59,220.0
0.5710,16.93,0.6790,97.0150,1.3380,2025-04-14 13:02:33,221.0
0.5770,16.8830,0.5460,96.8840,1.5040,2025-04-14 13:02:33,221.0
0.57,17.0970,0.6230,97.0290,1.4170,2025-04-14 13:02:33,221.0
0.61,16.9930,0.7320,97.2270,1.48,2025-04-14 13:02:33,221.0
0.5960,16.9680,0.64,97.1610,1.3670,2025-04-14 13:02:33,221.0
0.5920,17.0460,0.7170,96.9050,1.4140,2025-04-14 13:02:33,221.0
0.5740,16.8830,0.6090,97.1510,1.4720,2025-04-14 13:02:33,221.0
0.5670,16.9550,0.6510,97.0140,1.3810,2025-04-14 13:02:33,221.0
0.5760,17.0180,0.5950,97.20,1.3510,2025-04-14 13:02:33,221.0
0.5780,16.9680,0.6160,97.2730,1.4360,2025-04-14 13:02:33,221.0
0.5570,16.8920,0.5040,96.9160,1.3350,2025-04-14 13:02:33,221.0
0.5810,16.9170,0.4760,97.0420,1.5040,2025-04-14 13:02:33,221.0
0.5870,16.9650,0.6860,97.2730,1.4440,2025-04-14 13:02:33,221.0
0.5850,16.9960,0.7740,96.8290,1.3940,2025-04-14 13:02:33,221.0
0.5770,16.9210,0.5950,97.3350,1.3640,2025-04-14 13:02:33,221.0
0.5820,16.9330,0.6120,97.1920,1.4220,2025-04-14 13:02:33,221.0
0.57,16.9050,0.63,97.2190,1.4310,2025-04-14 13:02:33,221.0
0.5730,16.8990,0.5460,97.0730,1.4530,2025-04-14 13:02:33,221.0
0.5790,16.9080,0.7280,97.2120,1.4150,2025-04-14 13:02:33,221.0
0.5820,16.8770,0.5810,97.3320,1.46,2025-04-14 13:02:33,221.0
0.5770,17.0050,0.7840,96.9750,1.5420,2025-04-14 19:02:41,222.0
0.5870,17.0120,0.64,97.1020,1.4670,2025-04-14 19:02:41,222.0
0.5940,16.9870,0.5560,96.9920,1.4940,2025-04-14 19:02:41,222.0
0.5760,17.0150,0.6160,97.0410,1.4950,2025-04-14 19:02:41,222.0
0.5870,17.0120,0.6860,97.0510,1.4360,2025-04-14 19:02:41,222.0
0.6030,17.0870,0.7590,97.1620,1.5420,2025-04-14 19:02:41,222.0
0.6050,17.0310,0.5530,96.9020,1.4010,2025-04-14 19:02:41,222.0
0.5770,17.0180,0.7450,97.2270,1.4750,2025-04-14 19:02:41,222.0
0.59,16.9990,0.5290,97.2440,1.4620,2025-04-14 19:02:41,222.0
0.5830,17.0680,0.6370,97.0570,1.4980,2025-04-14 19:02:41,222.0
0.5840,17.0590,0.5740,96.8230,1.4360,2025-04-14 19:02:41,222.0
0.6080,16.9990,0.4970,96.9250,1.5160,2025-04-14 19:02:41,222.0
0.5820,17.0340,0.4410,97.2120,1.4910,2025-04-14 19:02:41,222.0
0.58,17.1250,0.6510,96.8460,1.3830,2025-04-14 19:02:41,222.0
0.5860,16.8860,0.6230,97.2680,1.5030,2025-04-14 19:02:41,222.0
0.5910,16.9520,0.5420,97.0120,1.5390,2025-04-14 19:02:41,222.0
0.58,16.9770,0.5740,97.1740,1.52,2025-04-14 19:02:41,222.0
0.5810,16.9080,0.6440,97.1640,1.5250,2025-04-14 19:02:41,222.0
0.5930,17.0210,0.4270,97.1270,1.4780,2025-04-14 19:02:41,222.0
0.5940,16.9650,0.6440,96.96,1.5370,2025-04-14 19:02:41,222.0
0.5970,17.0490,0.5710,96.9030,1.5390,2025-04-14 21:12:44,223.0
0.5790,17.0530,0.6230,97.0080,1.5470,2025-04-14 21:12:44,223.0
0.5790,16.9650,0.6120,97.35,1.4940,2025-04-14 21:12:44,223.0
0.6040,16.9870,0.4690,97.2720,1.4840,2025-04-14 21:12:44,223.0
0.58,16.9960,0.4790,97.0620,1.4840,2025-04-14 21:12:44,223.0
0.59,17.0090,0.5390,96.9240,1.4520,2025-04-14 21:12:44,223.0
0.5730,16.9580,0.5390,97.2270,1.4480,2025-04-14 21:12:44,223.0
0.5960,17.0020,0.4480,97.1790,1.5020,2025-04-14 21:12:44,223.0
0.5780,16.9740,0.5710,96.9270,1.4480,2025-04-14 21:12:44,223.0
0.5950,17.0560,0.6580,96.9740,1.4430,2025-04-14 21:12:44,223.0
0.5870,16.9110,0.4830,96.9020,1.4930,2025-04-14 21:12:44,223.0
0.6130,17.0590,0.6270,96.9450,1.5390,2025-04-14 21:12:44,223.0
0.5680,16.9080,0.6440,97.27,1.5090,2025-04-14 21:12:44,223.0
0.6170,17.0210,0.5080,96.9610,1.6380,2025-04-14 21:12:44,223.0
0.6050,17.04,0.6050,97.1940,1.5520,2025-04-14 21:12:44,223.0
0.5940,16.9770,0.5740,96.9720,1.4950,2025-04-14 21:12:44,223.0
0.5950,16.9960,0.5530,97.14,1.5210,2025-04-14 21:12:44,223.0
0.5870,16.9520,0.4620,97.2870,1.4430,2025-04-14 21:12:44,223.0
0.5860,16.9740,0.5990,97.0910,1.48,2025-04-14 21:12:44,223.0
0.6030,16.99,0.5640,97.20,1.6080,2025-04-14 21:12:44,223.0
0.5950,16.8920,0.4130,97.0090,1.5320,2025-04-15 11:05:08,224.0
0.59,16.9170,0.5250,97.1320,1.5470,2025-04-15 11:05:08,224.0
0.5890,16.9580,0.6480,96.8890,1.4150,2025-04-15 11:05:08,224.0
0.5850,17.0120,0.4690,97.0820,1.4250,2025-04-15 11:05:08,224.0
0.5980,16.9080,0.55,97.2090,1.6040,2025-04-15 11:05:08,224.0
0.5980,16.9680,0.6120,96.9760,1.5420,2025-04-15 11:05:08,224.0
0.58,16.9330,0.4340,97.3730,1.4240,2025-04-15 11:05:08,224.0
0.5760,16.8580,0.50,97.0910,1.3970,2025-04-15 11:05:08,224.0
0.6130,16.9870,0.5040,96.9520,1.5380,2025-04-15 11:05:08,224.0
0.5940,16.9170,0.4760,97.1540,1.5080,2025-04-15 11:05:08,224.0
0.5790,16.8920,0.5070,97.1370,1.43,2025-04-15 11:05:08,224.0
0.5910,16.8890,0.6230,97.2470,1.49,2025-04-15 11:05:08,224.0
0.5750,16.8480,0.5460,97.2170,1.4490,2025-04-15 11:05:08,224.0
0.6060,17.0210,0.5110,97.1790,1.5880,2025-04-15 11:05:08,224.0
0.5870,16.9020,0.5850,97.1270,1.4140,2025-04-15 11:05:08,224.0
0.5770,16.9520,0.6370,97.0990,1.5060,2025-04-15 11:05:08,224.0
0.5840,16.9360,0.4730,97.2110,1.4610,2025-04-15 11:05:08,224.0
0.6010,16.9960,0.63,96.8890,1.4910,2025-04-15 11:05:08,224.0
0.6010,16.9460,0.5320,96.8940,1.4630,2025-04-15 11:05:08,224.0
0.5710,16.9430,0.5740,96.91,1.3870,2025-04-15 11:05:08,224.0
0.6080,17.1090,0.4450,96.9220,1.5180,2025-04-15 12:50:09,225.0
0.5980,17.0460,0.4310,96.9650,1.4780,2025-04-15 12:50:09,225.0
0.5990,17.0810,0.4930,97.2240,1.4910,2025-04-15 12:50:09,225.0
0.5870,17.0840,0.6160,97.0020,1.4610,2025-04-15 12:50:09,225.0
0.5810,17.0530,0.5390,97.0960,1.5010,2025-04-15 12:50:09,225.0
0.5930,16.9710,0.6540,96.9450,1.4410,2025-04-15 12:50:09,225.0
0.60,17.0050,0.5360,96.9120,1.4690,2025-04-15 12:50:09,225.0
0.5920,16.9740,0.4830,96.9020,1.4730,2025-04-15 12:50:09,225.0
0.57,16.9170,0.5320,97.1710,1.4290,2025-04-15 12:50:09,225.0
0.5730,16.8950,0.3610,97.2120,1.5010,2025-04-15 12:50:09,225.0
0.6040,16.9830,0.4130,96.8870,1.4570,2025-04-15 12:50:09,225.0
0.5650,16.9990,0.5560,97.2410,1.4030,2025-04-15 12:50:09,225.0
0.5790,16.9550,0.4310,97.23,1.4320,2025-04-15 12:50:09,225.0
0.5870,16.9240,0.5110,97.2080,1.55,2025-04-15 12:50:09,225.0
0.5780,16.9270,0.4940,97.2380,1.50,2025-04-15 12:50:09,225.0
0.5630,16.9430,0.4870,97.0740,1.3980,2025-04-15 12:50:09,225.0
0.6020,16.9520,0.4620,97.0820,1.5060,2025-04-15 12:50:09,225.0
0.5790,16.8920,0.5460,97.1640,1.4980,2025-04-15 12:50:09,225.0
0.6130,17.0710,0.6720,96.9160,1.4830,2025-04-15 12:50:09,225.0
0.5650,16.9020,0.4650,97.1890,1.4510,2025-04-15 12:50:09,225.0
0.5740,16.8230,0.5980,96.7980,1.4430,2025-04-22 13:00:11,226.0
0.5960,16.9740,0.5880,97.0330,1.47,2025-04-22 13:00:11,226.0
0.5810,16.9050,0.4240,96.8560,1.4650,2025-04-22 13:00:11,226.0
0.5910,16.7640,0.4340,97.1450,1.5160,2025-04-22 13:00:11,226.0
0.5760,16.8260,0.5430,97.1570,1.5340,2025-04-22 13:00:11,226.0
0.6120,17.0020,0.4860,96.9920,1.5190,2025-04-22 13:00:11,226.0
0.6060,16.9610,0.4760,96.8920,1.5330,2025-04-22 13:00:11,226.0
0.5750,16.8360,0.5910,97.1560,1.4180,2025-04-22 13:00:11,226.0
0.5610,16.7860,0.6550,97.1670,1.5060,2025-04-22 13:00:11,226.0
0.5950,16.9140,0.3610,97.2210,1.4680,2025-04-22 13:00:11,226.0
0.5920,16.8950,0.5290,96.9630,1.4840,2025-04-22 13:00:11,226.0
0.5770,16.9240,0.62,97.1410,1.4680,2025-04-22 13:00:11,226.0
0.5940,16.8920,0.5420,96.87,1.54,2025-04-22 13:00:11,226.0
0.6080,16.9490,0.6720,96.8630,1.5730,2025-04-22 13:00:11,226.0
0.5880,16.9680,0.6060,97.1320,1.4570,2025-04-22 13:00:11,226.0
0.5770,16.9270,0.4310,97.1080,1.4980,2025-04-22 13:00:11,226.0
0.5870,16.8830,0.4340,97.23,1.52,2025-04-22 13:00:11,226.0
0.5660,16.8580,0.50,97.28,1.3980,2025-04-22 13:00:11,226.0
0.5830,16.8610,0.5210,96.9720,1.4840,2025-04-22 13:00:11,226.0
0.5770,16.8890,0.56,96.8520,1.4370,2025-04-22 13:00:11,226.0
0.5870,16.9650,0.4380,97.0720,1.4520,2025-04-22 18:55:17,227.0
0.5580,16.8550,0.4970,97.0970,1.4490,2025-04-22 18:55:17,227.0
0.5830,16.9270,0.8090,96.8760,1.4850,2025-04-22 18:55:17,227.0
0.5990,17.0210,0.5180,96.9760,1.5150,2025-04-22 18:55:17,227.0
0.5720,16.9080,0.6720,97.1910,1.3550,2025-04-22 18:55:17,227.0
0.5840,16.9390,0.4410,97.21,1.4990,2025-04-22 18:55:17,227.0
0.5710,16.9740,0.5460,96.9940,1.4270,2025-04-22 18:55:17,227.0
0.5970,16.9360,0.8260,97.2830,1.4870,2025-04-22 18:55:17,227.0
0.5840,16.9610,0.5740,96.80,1.5190,2025-04-22 18:55:17,227.0
0.5960,16.8950,0.5250,96.9420,1.5160,2025-04-22 18:55:17,227.0
0.5990,16.9330,0.5780,97.15,1.4140,2025-04-22 18:55:17,227.0
0.6070,16.9960,0.5040,97.0050,1.4680,2025-04-22 18:55:17,227.0
0.5880,17.0090,0.4830,96.9960,1.4560,2025-04-22 18:55:17,227.0
0.59,16.9520,0.4550,96.8970,1.4240,2025-04-22 18:55:17,227.0
0.5960,17.0210,0.56,96.8770,1.4840,2025-04-22 18:55:17,227.0
0.5720,16.8640,0.5320,97.1450,1.2770,2025-04-22 18:55:17,227.0
0.5890,16.8580,0.5080,96.9160,1.3270,2025-04-22 18:55:17,227.0
0.5780,16.9210,0.4760,97.11,1.36,2025-04-22 18:55:17,227.0
0.5680,16.9210,0.4940,97.1620,1.38,2025-04-22 18:55:17,227.0
0.5670,16.8860,0.4340,97.1630,1.4530,2025-04-22 18:55:17,227.0
0.5870,16.9330,0.4060,97.0610,1.4850,2025-04-22 21:15:19,228.0
0.5640,16.8640,0.5360,97.0240,1.5140,2025-04-22 21:15:19,228.0
0.5980,16.9520,0.6120,97.1990,1.5030,2025-04-22 21:15:19,228.0
0.5770,17.0210,0.4440,97.1940,1.4240,2025-04-22 21:15:19,228.0
0.5940,17.0090,0.5280,97.0370,1.4710,2025-04-22 21:15:19,228.0
0.5910,16.9210,0.4760,96.9770,1.4910,2025-04-22 21:15:19,228.0
0.5990,16.98,0.4580,97.0980,1.4770,2025-04-22 21:15:19,228.0
0.5910,16.9680,0.7240,96.9350,1.5170,2025-04-22 21:15:19,228.0
0.6010,16.9580,0.3990,96.80,1.5050,2025-04-22 21:15:19,228.0
0.5850,17.0370,0.4550,97.16,1.4260,2025-04-22 21:15:19,228.0
0.5950,16.9680,0.50,97.1310,1.50,2025-04-22 21:15:19,228.0
0.6030,17.0460,0.5290,97.2350,1.6460,2025-04-22 21:15:19,228.0
0.5970,16.9330,0.6190,96.8870,1.4270,2025-04-22 21:15:19,228.0
0.57,16.8480,0.4720,97.3970,1.5170,2025-04-22 21:15:19,228.0
0.5910,16.9740,0.5850,96.9080,1.4580,2025-04-22 21:15:19,228.0
0.6110,16.98,0.4230,97.0250,1.5650,2025-04-22 21:15:19,228.0
0.5890,16.9610,0.4520,96.9290,1.5060,2025-04-22 21:15:19,228.0
0.5710,16.9770,0.6680,96.8340,1.4310,2025-04-22 21:15:19,228.0
0.5720,16.9830,0.5850,97.1160,1.4360,2025-04-22 21:15:19,228.0
0.5880,16.8670,0.49,97.2180,1.5740,2025-04-22 21:15:19,228.0
0.6110,17.0490,0.5250,97.0150,1.4920,2025-04-23 10:53:34,229.0
0.61,16.88,0.4650,97.1710,1.6150,2025-04-23 10:53:34,229.0
0.5980,17.0620,0.5850,96.9460,1.4950,2025-04-23 10:53:34,229.0
0.5780,16.9990,0.5430,97.1730,1.45,2025-04-23 10:53:34,229.0
0.6110,17.0340,0.4620,96.9030,1.5080,2025-04-23 10:53:34,229.0
0.5710,16.9430,0.5320,96.9060,1.4830,2025-04-23 10:53:34,229.0
0.5860,16.8860,0.5640,97.0710,1.5280,2025-04-23 10:53:34,229.0
0.6170,16.9710,0.4520,96.8840,1.6370,2025-04-23 10:53:34,229.0
0.6110,17.0680,0.5150,96.9390,1.6330,2025-04-23 10:53:34,229.0
0.60,17.0430,0.49,97.0460,1.5190,2025-04-23 10:53:34,229.0
0.5740,17.0050,0.6230,96.8470,1.5180,2025-04-23 10:53:34,229.0
0.59,17.0180,0.5360,96.7840,1.5760,2025-04-23 10:53:34,229.0
0.5860,16.9270,0.4340,96.9180,1.49,2025-04-23 10:53:34,229.0
0.5880,16.87,0.5810,96.9210,1.5830,2025-04-23 10:53:34,229.0
0.6260,17.10,0.5950,96.9850,1.5630,2025-04-23 10:53:34,229.0
0.6030,16.9870,0.4240,96.9080,1.5570,2025-04-23 10:53:34,229.0
0.5930,16.9390,0.42,96.8930,1.49,2025-04-23 10:53:34,229.0
0.5740,16.9740,0.55,97.1640,1.4270,2025-04-23 10:53:34,229.0
0.5720,16.9770,0.5980,97.0170,1.4880,2025-04-23 10:53:34,229.0
0.5750,16.9360,0.4690,97.0810,1.4380,2025-04-23 10:53:34,229.0
0.5910,16.9580,0.5640,97.1270,0.0140,2025-04-23 12:53:36,230.0
0.6350,17.0370,0.3850,97.0470,1.5960,2025-04-23 12:53:36,230.0
0.6120,16.9460,0.7210,97.2440,1.5150,2025-04-23 12:53:36,230.0
0.6020,16.9170,0.5180,96.9230,1.5960,2025-04-23 12:53:36,230.0
0.5860,17.0180,0.5290,96.9820,1.5590,2025-04-23 12:53:36,230.0
0.5870,16.9610,0.5420,96.7920,1.4070,2025-04-23 12:53:36,230.0
0.6210,16.93,0.4340,96.9630,1.6010,2025-04-23 12:53:36,230.0
0.6020,16.9140,0.4970,97.2580,1.5230,2025-04-23 12:53:36,230.0
0.5910,16.8080,0.6330,97.1080,1.4180,2025-04-23 12:53:36,230.0
0.59,16.9170,0.5840,96.9660,1.5110,2025-04-23 12:53:36,230.0
0.6010,16.9960,0.49,97.1470,1.5060,2025-04-23 12:53:36,230.0
0.58,16.9050,0.5850,97.1660,1.5310,2025-04-23 12:53:36,230.0
0.5710,16.8420,0.6090,97.1130,1.4510,2025-04-23 12:53:36,230.0
0.5960,16.9610,0.5010,96.8570,1.56,2025-04-23 12:53:36,230.0
0.5870,16.93,0.5670,97.2460,1.4390,2025-04-23 12:53:36,230.0
0.5740,16.8890,0.5710,97.0560,1.5330,2025-04-23 12:53:36,230.0
0.5860,16.9210,0.5490,97.0370,1.5890,2025-04-23 12:53:36,230.0
0.6070,17.0210,0.3780,97.1330,1.5410,2025-04-23 12:53:36,230.0
0.5530,16.8830,0.4410,97.1140,1.3320,2025-04-23 12:53:36,230.0
0.6190,16.9740,0.4340,96.97,1.5380,2025-04-23 12:53:36,230.0
0.6110,16.9430,0.6020,96.8670,1.5490,2025-04-23 18:58:49,231.0
0.5990,17.0560,0.6160,96.8350,1.49,2025-04-23 18:58:49,231.0
0.6030,16.8920,0.5670,97.0250,1.6550,2025-04-23 18:58:49,231.0
0.5850,17.04,0.6970,96.8810,1.4930,2025-04-23 18:58:49,231.0
0.58,16.87,0.6160,97.12,1.4790,2025-04-23 18:58:49,231.0
0.6050,16.8860,0.4160,96.9390,1.4920,2025-04-23 18:58:49,231.0
0.5880,16.9170,0.5320,96.8730,1.5160,2025-04-23 18:58:49,231.0
0.5880,16.9520,0.5250,97.1130,1.5170,2025-04-23 18:58:49,231.0
0.5960,16.8950,0.63,96.7860,1.5410,2025-04-23 18:58:49,231.0
0.5920,17.09,0.6270,96.9910,1.4050,2025-04-23 18:58:49,231.0
0.5740,16.8260,0.6760,97.2370,1.55,2025-04-23 18:58:49,231.0
0.5810,16.8640,0.7140,97.1330,1.4410,2025-04-23 18:58:49,231.0
0.6150,16.9870,0.6270,97.0370,1.5870,2025-04-23 18:58:49,231.0
0.5970,17.04,0.6230,96.5810,1.5010,2025-04-23 18:58:49,231.0
0.5830,16.8550,0.3610,97.2330,1.4470,2025-04-23 18:58:49,231.0
0.60,16.9110,0.5150,97.2880,1.5090,2025-04-23 18:58:49,231.0
0.5520,16.8330,0.5150,97.1490,1.3730,2025-04-23 18:58:49,231.0
0.6040,16.9830,0.56,96.8320,1.5260,2025-04-23 18:58:49,231.0
0.6120,16.9110,0.5710,96.92,1.59,2025-04-23 18:58:49,231.0
0.6080,16.7950,0.4380,96.8910,1.5430,2025-04-23 18:58:49,231.0
0.5660,16.8920,0.6680,97.1350,1.3910,2025-04-23 21:23:52,232.0
0.5830,16.9430,0.64,96.9360,1.4680,2025-04-23 21:23:52,232.0
0.59,16.9830,0.5350,97.2540,1.4090,2025-04-23 21:23:52,232.0
0.6030,16.9580,0.4970,97.0220,1.4440,2025-04-23 21:23:52,232.0
0.5980,16.8010,0.3640,97.02,1.5270,2025-04-23 21:23:52,232.0
0.5710,16.9170,0.4410,97.3930,1.4230,2025-04-23 21:23:52,232.0
0.5730,16.9110,0.43,97.1310,1.3980,2025-04-23 21:23:52,232.0
0.5960,16.9430,0.5110,97.0220,1.46,2025-04-23 21:23:52,232.0
0.5580,16.8920,0.3460,97.1760,1.2810,2025-04-23 21:23:52,232.0
0.5670,16.9080,0.5710,97.1480,1.2880,2025-04-23 21:23:52,232.0
0.5850,16.8450,0.4760,97.2950,1.43,2025-04-23 21:23:52,232.0
0.59,16.9550,0.5280,96.9460,1.4930,2025-04-23 21:23:52,232.0
0.6020,17.0780,0.5460,96.9810,1.5790,2025-04-23 21:23:52,232.0
0.5890,16.9360,0.4940,97.1040,1.4780,2025-04-23 21:23:52,232.0
0.5860,17.04,0.4660,97.3120,1.3310,2025-04-23 21:23:52,232.0
0.5910,16.98,0.49,96.8660,1.5370,2025-04-23 21:23:52,232.0
0.5670,16.8860,0.4340,97.0380,1.4830,2025-04-23 21:23:52,232.0
0.5750,16.9360,0.6830,96.9290,1.5040,2025-04-23 21:23:52,232.0
0.5590,16.8730,0.5810,97.1440,1.4570,2025-04-23 21:23:52,232.0
0.6110,16.9390,0.5390,97.21,1.5390,2025-04-23 21:23:52,232.0
0.57,16.8140,0.4090,96.99,1.4410,2025-04-24 11:11:01,233.0
0.5970,16.8420,0.5530,96.9330,1.5230,2025-04-24 11:11:01,233.0
0.5870,16.8770,0.5670,97.1370,1.4640,2025-04-24 11:11:01,233.0
0.6130,16.9990,0.4620,96.9630,1.5810,2025-04-24 11:11:01,233.0
0.58,16.8610,0.29,97.1350,1.4680,2025-04-24 11:11:01,233.0
0.5860,16.8510,0.5250,96.85,1.5010,2025-04-24 11:11:01,233.0
0.5590,16.9610,0.7040,97.09,1.4660,2025-04-24 11:11:01,233.0
0.59,16.9360,0.5320,97.0110,1.4190,2025-04-24 11:11:01,233.0
0.5740,16.8260,0.49,96.8570,1.4720,2025-04-24 11:11:01,233.0
0.5880,16.9110,0.5770,97.1340,1.5450,2025-04-24 11:11:01,233.0
0.5910,16.8480,0.5320,97.1310,1.4570,2025-04-24 11:11:01,233.0
0.5930,16.8140,0.49,97.2330,1.61,2025-04-24 11:11:01,233.0
0.5780,16.9240,0.5880,97.0640,1.4360,2025-04-24 11:11:01,233.0
0.5820,16.8510,0.4020,97.3040,1.4150,2025-04-24 11:11:01,233.0
0.5970,16.9740,0.3740,96.8670,1.4790,2025-04-24 11:11:01,233.0
0.5870,16.9050,0.3880,97.1280,1.4540,2025-04-24 11:11:01,233.0
0.5870,17.0210,0.4480,96.9940,1.4770,2025-04-24 11:11:01,233.0
0.6060,16.9140,0.6750,96.8470,1.47,2025-04-24 11:11:01,233.0
0.6040,16.9610,0.55,96.9030,1.5310,2025-04-24 11:11:01,233.0
0.5840,16.8830,0.5390,97.2780,1.5580,2025-04-24 11:11:01,233.0
0.5830,17.0460,0.49,96.9660,1.5450,2025-04-24 12:51:03,234.0
0.5910,16.9550,0.5250,97.0170,1.4170,2025-04-24 12:51:03,234.0
0.5760,17.0020,0.4550,97.0750,1.39,2025-04-24 12:51:03,234.0
0.5740,16.8450,0.5460,97.2660,1.3440,2025-04-24 12:51:03,234.0
0.5860,17.0430,0.43,97.0070,1.4530,2025-04-24 12:51:03,234.0
0.5860,16.9460,0.5390,96.9480,1.4240,2025-04-24 12:51:03,234.0
0.5730,16.9140,0.3670,97.2850,1.5020,2025-04-24 12:51:03,234.0
0.5730,16.8450,0.5560,97.22,1.4150,2025-04-24 12:51:03,234.0
0.5950,16.8990,0.49,97.27,1.5150,2025-04-24 12:51:03,234.0
0.5840,16.9210,0.4440,97.2450,1.4390,2025-04-24 12:51:03,234.0
0.5690,16.8890,0.55,97.19,1.4780,2025-04-24 12:51:03,234.0
0.5810,16.8770,0.4620,97.2230,1.5030,2025-04-24 12:51:03,234.0
0.5670,16.9170,0.5420,97.1430,1.3640,2025-04-24 12:51:03,234.0
0.5770,16.9710,0.3610,97.14,1.4640,2025-04-24 12:51:03,234.0
0.5830,16.9140,0.5570,97.0080,1.49,2025-04-24 12:51:03,234.0
0.5620,16.9330,0.3530,97.22,1.3390,2025-04-24 12:51:03,234.0
0.57,16.9520,0.4550,96.8840,1.4040,2025-04-24 12:51:03,234.0
0.5940,16.9610,0.3990,96.98,1.5120,2025-04-24 12:51:03,234.0
0.5890,16.9270,0.49,97.1840,1.5160,2025-04-24 12:51:03,234.0
0.5740,16.8730,0.5810,97.1110,0.0150,2025-04-24 12:51:03,234.0
0.6020,16.9580,0.4620,96.9450,1.5330,2025-04-24 18:46:11,235.0
0.6030,16.9390,0.49,97.1210,1.5220,2025-04-24 18:46:11,235.0
0.5990,17.0150,0.4340,97.0820,1.5470,2025-04-24 18:46:11,235.0
0.5760,16.7730,0.4580,97.3220,1.4550,2025-04-24 18:46:11,235.0
0.5780,16.9610,0.6970,96.9280,1.42,2025-04-24 18:46:11,235.0
0.5690,16.83,0.5840,97.1720,1.4190,2025-04-24 18:46:11,235.0
0.5870,16.8670,0.5640,96.9870,1.4850,2025-04-24 18:46:11,235.0
0.5790,16.9740,0.5080,97.2890,1.4410,2025-04-24 18:46:11,235.0
0.6160,16.9710,0.5390,97.0170,1.5430,2025-04-24 18:46:11,235.0
0.5810,16.8580,0.48,97.0820,1.45,2025-04-24 18:46:11,235.0
0.5820,16.8140,0.4060,97.1050,1.5320,2025-04-24 18:46:11,235.0
0.5890,16.93,0.3250,96.9690,1.5090,2025-04-24 18:46:11,235.0
0.5820,16.88,0.6330,97.2440,1.4460,2025-04-24 18:46:11,235.0
0.5990,16.9430,0.5360,97.01,1.5550,2025-04-24 18:46:11,235.0
0.6130,16.8950,0.5460,96.8980,1.5580,2025-04-24 18:46:11,235.0
0.5890,16.8670,0.4730,96.91,1.4450,2025-04-24 18:46:11,235.0
0.5810,16.9270,0.5290,96.98,1.4860,2025-04-24 18:46:11,235.0
0.57,16.8510,0.5220,97.2310,1.4820,2025-04-24 18:46:11,235.0
0.5780,16.8950,0.4380,97.2570,1.4330,2025-04-24 18:46:11,235.0
0.5780,16.8420,0.6160,97.2370,1.4970,2025-04-24 18:46:11,235.0
0.5650,16.8330,0.2840,97.2250,1.4470,2025-04-24 21:21:14,236.0
0.60,16.99,0.5250,96.9870,1.5490,2025-04-24 21:21:14,236.0
0.5880,16.8950,0.49,97.1650,1.5370,2025-04-24 21:21:14,236.0
0.5950,16.9240,0.5280,97.0090,1.63,2025-04-24 21:21:14,236.0
0.5960,16.8390,0.5430,97.1460,1.5620,2025-04-24 21:21:14,236.0
0.5910,16.9270,0.5710,97.2120,1.4990,2025-04-24 21:21:14,236.0
0.5820,16.9210,0.3990,97.1810,1.49,2025-04-24 21:21:14,236.0
0.5840,16.7730,0.4970,97.0920,1.4610,2025-04-24 21:21:14,236.0
0.5780,16.9710,0.5910,96.9010,1.5870,2025-04-24 21:21:14,236.0
0.5790,16.9990,0.3290,96.8690,1.53,2025-04-24 21:21:14,236.0
0.5780,16.8860,0.3990,97.12,1.4360,2025-04-24 21:21:14,236.0
0.5890,16.8610,0.3460,97.0570,1.5010,2025-04-24 21:21:14,236.0
0.56,16.8670,0.3750,97.2050,1.5140,2025-04-24 21:21:14,236.0
0.6060,16.9710,0.69,96.9080,1.5690,2025-04-24 21:21:14,236.0
0.5560,16.8510,0.4380,97.0790,1.4770,2025-04-24 21:21:14,236.0
0.5870,16.8670,0.5980,97.1060,1.5670,2025-04-24 21:21:14,236.0
0.61,16.9550,0.5210,96.9630,1.6340,2025-04-24 21:21:14,236.0
0.6020,16.9050,0.3150,97.1230,1.5920,2025-04-24 21:21:14,236.0
0.5670,16.8920,0.5040,97.1590,1.4920,2025-04-24 21:21:14,236.0
0.6060,16.9430,0.4620,97.2320,1.4850,2025-04-24 21:21:14,236.0
0.5660,16.8670,0.4870,97.0060,1.4590,2025-05-07 13:41:26,237.0
0.5780,16.93,0.5530,97.1040,1.4020,2025-05-07 13:41:26,237.0
0.5680,16.9360,0.4870,97.0910,1.4060,2025-05-07 13:41:26,237.0
0.6050,16.9390,0.2840,97.1360,1.5210,2025-05-07 13:41:26,237.0
0.5580,16.8260,0.4940,97.0990,1.4810,2025-05-07 13:41:26,237.0
0.6060,16.9390,0.4660,96.9230,1.4410,2025-05-07 13:41:26,237.0
0.5980,16.9520,0.4580,97.0560,1.4940,2025-05-07 13:41:26,237.0
0.6010,16.99,0.4410,97.02,1.5250,2025-05-07 13:41:26,237.0
0.5910,16.8550,0.6090,96.72,1.4780,2025-05-07 13:41:26,237.0
0.5810,16.8420,0.6190,97.1470,1.42,2025-05-07 13:41:26,237.0
0.5890,16.9330,0.3850,97.0340,1.4850,2025-05-07 13:41:26,237.0
0.5970,16.9240,0.5350,96.8470,1.5510,2025-05-07 13:41:26,237.0
0.5930,16.9330,0.4580,97.0220,1.5220,2025-05-07 13:41:26,237.0
0.6070,17.0530,0.4730,96.8780,1.5150,2025-05-07 13:41:26,237.0
0.5940,16.8990,0.5180,97.0410,1.5130,2025-05-07 13:41:26,237.0
0.5840,16.8890,0.4020,97.1180,1.4910,2025-05-07 13:41:26,237.0
0.5790,16.8580,0.5210,97.09,1.5070,2025-05-07 13:41:26,237.0
0.5690,16.8550,0.5070,97.0920,1.4310,2025-05-07 13:41:26,237.0
0.5930,16.9870,0.5040,96.8260,1.5590,2025-05-07 13:41:26,237.0
0.5870,16.9110,0.5150,96.8160,1.4770,2025-05-07 13:41:26,237.0
0.5820,16.9240,0.4940,96.9990,1.5430,2025-05-07 19:41:28,238.0
0.5760,16.9990,0.4730,96.8750,1.5120,2025-05-07 19:41:28,238.0
0.5770,16.8730,0.6270,97.0560,1.4130,2025-05-07 19:41:28,238.0
0.5830,16.9360,0.4760,96.9290,1.48,2025-05-07 19:41:28,238.0
0.5870,16.9270,0.49,96.9880,1.4370,2025-05-07 19:41:28,238.0
0.5620,16.8670,0.4870,97.03,1.3920,2025-05-07 19:41:28,238.0
0.5650,16.8920,0.3990,96.9570,1.4470,2025-05-07 19:41:28,238.0
0.5730,16.8860,0.4160,97.1030,1.53,2025-05-07 19:41:28,238.0
0.5860,16.9830,0.5910,97.0690,1.4440,2025-05-07 19:41:28,238.0
0.5770,16.9170,0.4620,96.9490,1.4630,2025-05-07 19:41:28,238.0
0.5810,16.88,0.3990,97.2040,1.5460,2025-05-07 19:41:28,238.0
0.5940,17.0530,0.4340,96.8120,1.4850,2025-05-07 19:41:28,238.0
0.5960,16.9770,0.4660,97.12,1.5250,2025-05-07 19:41:28,238.0
0.5760,16.7420,0.4970,97.0780,1.45,2025-05-07 19:41:28,238.0
0.6080,17.0240,0.5670,96.9590,1.4670,2025-05-07 19:41:28,238.0
0.6060,16.9610,0.5770,97.1840,1.6370,2025-05-07 19:41:28,238.0
0.56,16.87,0.5040,97.17,1.4350,2025-05-07 19:41:28,238.0
0.5820,16.8950,0.5040,97.4030,1.52,2025-05-07 19:41:28,238.0
0.5660,16.8230,0.5640,96.8490,1.4520,2025-05-07 19:41:28,238.0
0.59,16.9140,0.4230,97.0630,1.5030,2025-05-07 19:41:28,238.0
0.5870,16.9580,0.4760,96.8120,1.4310,2025-05-08 11:49:16,239.0
0.5880,16.8550,0.6750,97.0770,1.4930,2025-05-08 11:49:16,239.0
0.5850,16.9710,0.7910,96.83,1.4870,2025-05-08 11:49:16,239.0
0.5990,16.8890,0.6510,96.99,1.5030,2025-05-08 11:49:16,239.0
0.5770,16.87,0.5010,97.1010,1.4620,2025-05-08 11:49:16,239.0
0.5630,16.7890,0.56,96.9620,1.3670,2025-05-08 11:49:16,239.0
0.5470,16.7860,0.6510,97.1850,1.2970,2025-05-08 11:49:16,239.0
0.58,16.88,0.6160,96.8030,1.4230,2025-05-08 11:49:16,239.0
0.5670,16.8480,0.5670,97.1560,1.3870,2025-05-08 11:49:16,239.0
0.5810,16.8450,0.4230,97.1760,1.3440,2025-05-08 11:49:16,239.0
0.5670,16.7760,0.6090,97.1030,1.3680,2025-05-08 11:49:16,239.0
0.5770,16.8550,0.5320,97.0370,1.4380,2025-05-08 11:49:16,239.0
0.5810,16.9520,0.5250,96.7780,1.4650,2025-05-08 11:49:16,239.0
0.5810,16.8990,0.5840,96.9180,1.4730,2025-05-08 11:49:16,239.0
0.5590,16.8450,0.4270,97.2940,1.34,2025-05-08 11:49:16,239.0
0.5580,16.7950,0.3190,97.1420,1.4010,2025-05-08 11:49:16,239.0
0.5850,16.87,0.5290,97.0880,1.4810,2025-05-08 11:49:16,239.0
0.5790,16.9430,0.4830,96.8430,1.39,2025-05-08 11:49:16,239.0
0.5820,16.9240,0.56,96.9040,1.4790,2025-05-08 11:49:16,239.0
0.5850,16.8920,0.5180,97.0290,1.4780,2025-05-08 11:49:16,239.0
0.5840,16.8420,0.5290,96.8110,1.5340,2025-05-08 12:59:17,240.0
0.6040,16.9770,0.5740,96.9530,1.5080,2025-05-08 12:59:17,240.0
0.5620,16.8480,0.41,97.1690,1.3860,2025-05-08 12:59:17,240.0
0.5850,16.9170,0.6230,97.0910,1.5430,2025-05-08 12:59:17,240.0
0.5660,16.9270,0.6090,97.1890,1.4650,2025-05-08 12:59:17,240.0
0.5750,16.8770,0.5560,97.0450,1.4730,2025-05-08 12:59:17,240.0
0.5890,16.9490,0.6020,96.8080,1.45,2025-05-08 12:59:17,240.0
0.5940,16.9580,0.5250,96.8680,1.4650,2025-05-08 12:59:17,240.0
0.5790,16.8890,0.4590,96.8550,1.4340,2025-05-08 12:59:17,240.0
0.6040,17.0020,0.6760,96.7510,1.54,2025-05-08 12:59:17,240.0
0.5770,16.9210,0.56,97.1450,1.4320,2025-05-08 12:59:17,240.0
0.5810,16.8510,0.6970,97.1180,1.4510,2025-05-08 12:59:17,240.0
0.5960,16.9210,0.4060,96.8920,1.4630,2025-05-08 12:59:17,240.0
0.5530,16.77,0.5850,97.0240,1.4010,2025-05-08 12:59:17,240.0
0.5840,16.8010,0.5010,97.1590,1.5180,2025-05-08 12:59:17,240.0
0.5760,17.0050,0.6480,96.8670,1.4110,2025-05-08 12:59:17,240.0
0.5930,16.8770,0.4340,97.0170,1.4020,2025-05-08 12:59:17,240.0
0.5680,16.8920,0.63,97.1480,1.4930,2025-05-08 12:59:17,240.0
0.5680,16.8730,0.4340,97.1290,1.3510,2025-05-08 12:59:17,240.0
0.5760,16.9770,0.5950,97.1050,1.4690,2025-05-08 12:59:17,240.0
0.5930,16.8860,0.3290,96.9480,1.4780,2025-05-08 21:24:27,241.0
0.6070,17.0120,0.4270,96.98,1.4990,2025-05-08 21:24:27,241.0
0.5980,16.8890,0.5080,96.9160,1.4720,2025-05-08 21:24:27,241.0
0.59,16.9170,0.4860,97.0340,1.4550,2025-05-08 21:24:27,241.0
0.62,16.9270,0.6230,96.9160,1.5580,2025-05-08 21:24:27,241.0
0.61,16.9830,0.50,96.9620,1.4680,2025-05-08 21:24:27,241.0
0.5980,17.0120,0.4790,97.0450,1.4360,2025-05-08 21:24:27,241.0
0.5930,17.0020,0.4410,97.0110,1.4070,2025-05-08 21:24:27,241.0
0.5960,16.9140,0.5910,96.9590,1.5380,2025-05-08 21:24:27,241.0
0.57,16.8170,0.6020,97.1590,1.4620,2025-05-08 21:24:27,241.0
0.5950,16.9080,0.5080,97.0820,1.4970,2025-05-08 21:24:27,241.0
0.5830,16.9330,0.5710,97.0090,1.4690,2025-05-08 21:24:27,241.0
0.6080,16.9580,0.7310,97.2360,1.4980,2025-05-08 21:24:27,241.0
0.6220,17.0530,0.6440,96.8360,1.5580,2025-05-08 21:24:27,241.0
0.6050,16.9330,0.6580,97.0230,1.5080,2025-05-08 21:24:27,241.0
0.5780,16.8890,0.6620,96.9250,1.3840,2025-05-08 21:24:27,241.0
0.5950,16.9360,0.4580,97.06,1.4350,2025-05-08 21:24:27,241.0
0.5620,16.88,0.63,97.2530,1.4740,2025-05-08 21:24:27,241.0
0.5860,16.8670,0.4550,97.0980,1.41,2025-05-08 21:24:27,241.0
0.5690,16.9360,0.4130,97.0630,1.3750,2025-05-08 21:24:27,241.0
0.5790,16.9740,0.4660,96.8860,1.4580,2025-05-09 11:28:44,242.0
0.5650,16.8640,0.4970,97.2240,1.3510,2025-05-09 11:28:44,242.0
0.6070,16.9830,0.6440,97.0820,1.4790,2025-05-09 11:28:44,242.0
0.5560,16.9020,0.5630,97.0040,1.3460,2025-05-09 11:28:44,242.0
0.5960,16.8640,0.4270,97.2040,1.4840,2025-05-09 11:28:44,242.0
0.5420,16.9050,0.71,97.0860,1.3670,2025-05-09 11:28:44,242.0
0.5510,16.9430,0.4620,97.0180,1.4370,2025-05-09 11:28:44,242.0
0.5640,16.9740,0.50,96.8520,1.3940,2025-05-09 11:28:44,242.0
0.5750,16.9080,0.5350,96.9240,1.4230,2025-05-09 11:28:44,242.0
0.5860,16.9330,0.5530,96.9640,1.4080,2025-05-09 11:28:44,242.0
0.5830,16.93,0.5150,97.0960,1.3360,2025-05-09 11:28:44,242.0
0.5550,16.9140,0.7240,97.5060,1.3810,2025-05-09 11:28:44,242.0
0.5750,16.8480,0.49,96.89,1.4140,2025-05-09 11:28:44,242.0
0.6080,16.9550,0.4660,97.1560,1.4260,2025-05-09 11:28:44,242.0
0.6120,17.0210,0.5040,96.9050,1.4450,2025-05-09 11:28:44,242.0
0.5620,16.9110,0.5530,97.1090,1.3430,2025-05-09 11:28:44,242.0
0.5820,16.8360,0.7450,96.8480,1.4730,2025-05-09 11:28:44,242.0
0.5690,16.87,0.5950,97.3540,1.4520,2025-05-09 11:28:44,242.0
0.59,16.9520,0.4760,96.9960,1.5360,2025-05-09 11:28:44,242.0
0.5690,16.9610,0.4340,97.22,1.4470,2025-05-09 11:28:44,242.0
0.5890,16.8990,0.5430,96.9690,1.4470,2025-05-09 12:58:46,243.0
0.5850,16.98,0.5850,97.1190,1.4260,2025-05-09 12:58:46,243.0
0.60,16.9460,0.5390,97.21,1.5040,2025-05-09 12:58:46,243.0
0.5640,16.8390,0.7560,97.1470,1.4210,2025-05-09 12:58:46,243.0
0.5740,16.9430,0.3810,97.0880,1.4350,2025-05-09 12:58:46,243.0
0.5660,16.8770,0.5390,97.1520,1.4490,2025-05-09 12:58:46,243.0
0.5730,17.0120,0.5250,96.9230,1.4040,2025-05-09 12:58:46,243.0
0.5920,16.88,0.3610,97.1730,1.5140,2025-05-09 12:58:46,243.0
0.6010,16.9390,0.4730,96.9790,1.5730,2025-05-09 12:58:46,243.0
0.5790,16.82,0.5180,97.2760,1.46,2025-05-09 12:58:46,243.0
0.5750,16.9270,0.3430,97.2440,1.4260,2025-05-09 12:58:46,243.0
0.5920,16.9830,0.50,96.9230,1.4440,2025-05-09 12:58:46,243.0
0.5710,16.8770,0.5710,97.0920,1.4560,2025-05-09 12:58:46,243.0
0.5930,16.9830,0.5810,96.9610,1.4930,2025-05-09 12:58:46,243.0
0.6010,16.9520,0.5530,97.0530,1.4990,2025-05-09 12:58:46,243.0
0.5920,16.8990,0.6160,97.1050,1.6070,2025-05-09 12:58:46,243.0
0.5950,16.9210,0.5910,96.9570,1.5490,2025-05-09 12:58:46,243.0
0.5670,16.83,0.5350,97.1260,1.4040,2025-05-09 12:58:46,243.0
0.5930,16.9210,0.5390,97.1690,1.5320,2025-05-09 12:58:46,243.0
0.5690,16.9490,0.4480,97.1720,1.4550,2025-05-09 12:58:46,243.0
0.5690,16.9270,0.5710,97.10,1.4550,2025-05-09 20:58:54,244.0
0.5990,17.0590,0.50,96.98,1.4550,2025-05-09 20:58:54,244.0
0.5720,16.9330,0.5110,97.2150,1.4130,2025-05-09 20:58:54,244.0
0.5990,16.9870,0.50,97.0410,1.3730,2025-05-09 20:58:54,244.0
0.5740,16.9020,0.3880,96.9790,1.4090,2025-05-09 20:58:54,244.0
0.6050,17.0120,0.5460,96.8340,1.4640,2025-05-09 20:58:54,244.0
0.56,16.99,0.6160,96.9390,1.3780,2025-05-09 20:58:54,244.0
0.56,16.8730,0.3740,97.1470,1.3760,2025-05-09 20:58:54,244.0
0.6010,16.9770,0.4730,97.0640,1.3960,2025-05-09 20:58:54,244.0
0.5740,16.9740,0.4340,97.1190,1.4390,2025-05-09 20:58:54,244.0
0.5980,17.0560,0.5640,97.0340,1.4660,2025-05-09 20:58:54,244.0
0.5780,16.8580,0.41,97.0680,1.3660,2025-05-09 20:58:54,244.0
0.6030,16.9990,0.4760,97.07,1.4840,2025-05-09 20:58:54,244.0
0.5840,16.9930,0.6610,97.1050,1.4460,2025-05-09 20:58:54,244.0
0.6270,17.1220,0.5840,97.0140,1.5410,2025-05-09 20:58:54,244.0
0.5830,16.93,0.5390,97.1230,1.4140,2025-05-09 20:58:54,244.0
0.5930,17.0210,0.6060,97.0520,1.4830,2025-05-09 20:58:54,244.0
0.6130,16.9330,0.4790,97.0640,1.4440,2025-05-09 20:58:54,244.0
0.57,16.9390,0.5350,97.0940,1.3550,2025-05-09 20:58:54,244.0
0.5670,17.0150,0.5740,97.0220,1.4360,2025-05-09 20:58:54,244.0
0.5810,17.0270,0.6650,96.86,1.4410,2025-05-10 11:37:51,245.0
0.5990,16.9020,0.5460,97.0410,1.5070,2025-05-10 11:37:51,245.0
0.5930,16.9050,0.4730,97.2330,1.4540,2025-05-10 11:37:51,245.0
0.6120,16.9270,0.50,96.9850,1.5030,2025-05-10 11:37:51,245.0
0.5770,16.88,0.3460,97.1830,1.4760,2025-05-10 11:37:51,245.0
0.5580,16.9080,0.41,97.0290,1.3850,2025-05-10 11:37:51,245.0
0.6070,16.9770,0.64,97.0030,1.4620,2025-05-10 11:37:51,245.0
0.5790,16.93,0.3220,96.9640,1.4590,2025-05-10 11:37:51,245.0
0.5660,16.98,0.5710,96.7730,1.4330,2025-05-10 11:37:51,245.0
0.5830,16.8390,0.4480,96.9530,1.47,2025-05-10 11:37:51,245.0
0.5650,16.8390,0.3990,97.1950,1.4470,2025-05-10 11:37:51,245.0
0.6090,16.9490,0.4230,97.1050,1.4840,2025-05-10 11:37:51,245.0
0.5690,16.8890,0.5180,97.0150,1.4170,2025-05-10 11:37:51,245.0
0.5840,16.8990,0.5180,97.0070,1.4850,2025-05-10 11:37:51,245.0
0.5720,16.9240,0.5150,97.1640,1.3790,2025-05-10 11:37:51,245.0
0.5780,16.8420,0.4830,96.9380,1.4720,2025-05-10 11:37:51,245.0
0.5880,17.0120,0.5670,96.8540,1.4530,2025-05-10 11:37:51,245.0
0.5880,16.9210,0.3990,96.9230,1.4280,2025-05-10 11:37:51,245.0
0.6150,17.0710,0.5560,96.8740,1.51,2025-05-10 11:37:51,245.0
0.5750,16.9020,0.5460,96.9490,1.4410,2025-05-10 11:37:51,245.0
0.5790,16.87,0.5150,97.0520,1.4990,2025-05-10 14:07:54,246.0
0.5940,16.8770,0.5180,97.1060,1.4460,2025-05-10 14:07:54,246.0
0.59,16.9270,0.4340,97.0860,1.4520,2025-05-10 14:07:54,246.0
0.61,17.0020,0.3780,96.9630,1.5330,2025-05-10 14:07:54,246.0
0.5860,16.8170,0.6020,97.1740,1.5240,2025-05-10 14:07:54,246.0
0.5550,16.9110,0.5320,97.1250,1.3370,2025-05-10 14:07:54,246.0
0.5780,16.9170,0.4690,96.9810,0.0190,2025-05-10 14:07:54,246.0
0.62,17.0310,0.5740,97.24,1.5540,2025-05-10 14:07:54,246.0
0.58,16.9550,0.5040,96.9730,1.40,2025-05-10 14:07:54,246.0
0.59,16.8950,0.4660,96.9340,1.4660,2025-05-10 14:07:54,246.0
0.5950,17.0020,0.5910,97.19,1.4940,2025-05-10 14:07:54,246.0
0.5980,16.9460,0.5460,97.1790,1.4680,2025-05-10 14:07:54,246.0
0.5840,16.9580,0.6340,96.8830,1.4610,2025-05-10 14:07:54,246.0
0.6040,17.0020,0.4940,97.1070,1.5260,2025-05-10 14:07:54,246.0
0.5770,16.8480,0.5210,97.1060,1.4280,2025-05-10 14:07:54,246.0
0.5940,16.9740,0.5980,96.8270,1.4640,2025-05-10 14:07:54,246.0
0.61,16.9650,0.5250,96.9160,1.5010,2025-05-10 14:07:54,246.0
0.5640,16.8730,0.2980,97.1120,1.4420,2025-05-10 14:07:54,246.0
0.5730,16.9330,0.4830,97.1490,1.3540,2025-05-10 14:07:54,246.0
0.5890,16.88,0.4520,96.99,1.4040,2025-05-10 14:07:54,246.0
0.5710,16.8990,0.5780,96.9790,1.4780,2025-05-10 20:27:57,247.0
0.6080,17.0090,0.7070,96.8940,1.59,2025-05-10 20:27:57,247.0
0.6080,16.99,0.4550,96.8660,1.4920,2025-05-10 20:27:57,247.0
0.6060,17.1280,0.49,96.9350,1.5260,2025-05-10 20:27:57,247.0
0.5910,16.9680,0.3750,96.8170,1.4390,2025-05-10 20:27:57,247.0
0.5940,16.9430,0.5530,97.0680,1.4210,2025-05-10 20:27:57,247.0
0.5660,16.8730,0.49,97.2220,1.4380,2025-05-10 20:27:57,247.0
0.5810,16.9240,0.5630,97.0180,1.5160,2025-05-10 20:27:57,247.0
0.5840,16.9680,0.4760,96.9280,1.5190,2025-05-10 20:27:57,247.0
0.6020,16.9770,0.48,96.8160,1.4980,2025-05-10 20:27:57,247.0
0.5850,16.9930,0.6540,96.9520,1.4870,2025-05-10 20:27:57,247.0
0.6210,17.1030,0.56,96.96,1.6070,2025-05-10 20:27:57,247.0
0.5630,16.8580,0.3290,97.0910,1.5010,2025-05-10 20:27:57,247.0
0.5840,16.98,0.4870,96.9740,1.51,2025-05-10 20:27:57,247.0
0.5740,16.9430,0.4830,97.0830,1.4910,2025-05-10 20:27:57,247.0
0.5860,16.9870,0.5430,96.9020,1.4380,2025-05-10 20:27:57,247.0
0.5680,16.9210,0.4970,97.22,1.4250,2025-05-10 20:27:57,247.0
0.5850,16.9580,0.4410,96.9980,1.5530,2025-05-10 20:27:57,247.0
0.5850,16.9050,0.5640,96.9350,1.4060,2025-05-10 20:27:57,247.0
0.5760,17.0210,0.5220,96.9320,1.3910,2025-05-10 20:27:57,247.0
0.5790,16.8640,0.4410,96.9510,1.5030,2025-05-11 10:20:25,248.0
0.58,16.9390,0.5770,97.1010,1.4260,2025-05-11 10:20:25,248.0
0.5770,16.8580,0.4830,96.9670,1.4210,2025-05-11 10:20:25,248.0
0.5580,16.8330,0.5420,97.1760,1.4330,2025-05-11 10:20:25,248.0
0.5880,16.9650,0.5880,96.9620,1.5340,2025-05-11 10:20:25,248.0
0.6050,16.9170,0.5150,96.9910,1.5240,2025-05-11 10:20:25,248.0
0.5820,16.9580,0.56,96.82,1.4560,2025-05-11 10:20:25,248.0
0.5830,17.0020,0.3810,97.1810,1.5150,2025-05-11 10:20:25,248.0
0.57,16.8480,0.4410,97.0890,1.4850,2025-05-11 10:20:25,248.0
0.5810,16.9240,0.4020,97.18,1.45,2025-05-11 10:20:25,248.0
0.5780,16.83,0.6410,97.0470,1.4270,2025-05-11 10:20:25,248.0
0.5740,16.9170,0.3780,97.2360,1.4440,2025-05-11 10:20:25,248.0
0.6090,16.9050,0.4760,96.9580,1.5730,2025-05-11 10:20:25,248.0
0.5990,17.0020,0.3360,96.9350,1.5220,2025-05-11 10:20:25,248.0
0.5920,16.8990,0.4580,97.0710,1.5790,2025-05-11 10:20:25,248.0
0.5640,16.8770,0.42,97.2120,1.3840,2025-05-11 10:20:25,248.0
0.5530,16.8890,0.42,97.09,1.3640,2025-05-11 10:20:25,248.0
0.5510,16.8110,0.5640,97.0710,1.3480,2025-05-11 10:20:25,248.0
0.5740,16.88,0.4830,96.9720,1.5430,2025-05-11 10:20:25,248.0
0.60,16.9550,0.5840,96.8850,1.5160,2025-05-11 10:20:25,248.0
0.5810,16.9330,0.5250,97.1160,1.4790,2025-05-11 13:50:26,249.0
0.5880,16.9610,0.3290,97.0990,1.4860,2025-05-11 13:50:26,249.0
0.5890,16.8510,0.4020,97.0540,1.4870,2025-05-11 13:50:26,249.0
0.5840,16.98,0.6160,96.81,1.4870,2025-05-11 13:50:26,249.0
0.5740,16.9430,0.5250,97.1410,1.4960,2025-05-11 13:50:26,249.0
0.5820,16.9050,0.4620,96.9210,1.5170,2025-05-11 13:50:26,249.0
0.5880,17.0650,0.5770,96.9660,1.4990,2025-05-11 13:50:26,249.0
0.5970,16.9610,0.4660,96.9480,1.5650,2025-05-11 13:50:26,249.0
0.6060,17.0620,0.5430,96.9340,1.5470,2025-05-11 13:50:26,249.0
0.5730,16.8890,0.4830,97.0950,1.3980,2025-05-11 13:50:26,249.0
0.5880,16.9580,0.4060,97.1480,1.4580,2025-05-11 13:50:26,249.0
0.58,16.9050,0.5180,97.0730,1.46,2025-05-11 13:50:26,249.0
0.5780,16.9990,0.4340,97.0390,1.35,2025-05-11 13:50:26,249.0
0.6030,16.8920,0.4970,97.0890,1.5070,2025-05-11 13:50:26,249.0
0.5810,16.9080,0.4170,97.0620,1.4890,2025-05-11 13:50:26,249.0
0.59,16.93,0.3810,96.9990,1.5130,2025-05-11 13:50:26,249.0
0.6080,17.0430,0.5080,96.8110,1.5820,2025-05-11 13:50:26,249.0
0.57,16.9270,0.4580,96.8510,1.5040,2025-05-11 13:50:26,249.0
0.6080,17.0430,0.5850,96.9910,1.5740,2025-05-11 13:50:26,249.0
0.5770,16.98,0.4170,97.0520,1.3720,2025-05-11 13:50:26,249.0
0.5970,16.9710,0.4550,96.8930,1.4310,2025-05-12 08:14:14,250.0
0.5830,16.8770,0.5290,97.2120,1.5070,2025-05-12 08:14:14,250.0
0.5890,17.0180,0.4130,97.0610,1.5360,2025-05-12 08:14:14,250.0
0.5640,16.8010,0.5250,97.2130,1.5010,2025-05-12 08:14:14,250.0
0.5760,16.8640,0.6270,96.9970,1.4710,2025-05-12 08:14:14,250.0
0.5940,16.9020,0.3810,97.1020,1.57,2025-05-12 08:14:14,250.0
0.5690,16.8860,0.3920,97.1970,1.42,2025-05-12 08:14:14,250.0
0.5790,16.9680,0.4020,96.9740,1.46,2025-05-12 08:14:14,250.0
0.5960,16.9550,0.4580,96.9870,1.5110,2025-05-12 08:14:14,250.0
0.5960,16.99,0.5150,96.9610,1.4270,2025-05-12 08:14:14,250.0
0.5510,16.8950,0.4690,97.1240,1.4890,2025-05-12 08:14:14,250.0
0.5820,16.9110,0.4440,97.2050,1.4220,2025-05-12 08:14:14,250.0
0.5870,16.8420,0.4520,97.10,1.49,2025-05-12 08:14:14,250.0
0.5570,16.8450,0.5350,97.11,1.4550,2025-05-12 08:14:14,250.0
0.5840,16.9490,0.4970,96.8920,1.4990,2025-05-12 08:14:14,250.0
0.6080,17.04,0.4270,97.2080,1.6060,2025-05-12 08:14:14,250.0
0.5730,16.8770,0.4690,96.9810,1.4150,2025-05-12 08:14:14,250.0
0.5950,16.8770,0.4380,96.9140,1.5470,2025-05-12 08:14:14,250.0
0.5730,16.9430,0.3260,97.1110,1.4750,2025-05-12 08:14:14,250.0
0.5650,16.8580,0.6580,97.0950,1.4170,2025-05-12 08:14:14,250.0
0.6010,17.0370,0.5430,96.8720,1.5540,2025-05-12 11:44:18,251.0
0.5880,16.8770,0.4520,97.1230,1.43,2025-05-12 11:44:18,251.0
0.5880,16.9990,0.3610,97.1070,1.4620,2025-05-12 11:44:18,251.0
0.5590,16.77,0.4620,97.0970,1.4050,2025-05-12 11:44:18,251.0
0.57,16.9550,0.6160,96.9110,1.4280,2025-05-12 11:44:18,251.0
0.5840,16.9610,0.4860,97.0780,1.4910,2025-05-12 11:44:18,251.0
0.5790,16.9650,0.4620,96.9610,1.3980,2025-05-12 11:44:18,251.0
0.5810,16.9080,0.6230,97.0780,1.4740,2025-05-12 11:44:18,251.0
0.6070,16.9050,0.55,96.9990,1.5770,2025-05-12 11:44:18,251.0
0.59,16.8480,0.35,97.2350,1.5380,2025-05-12 11:44:18,251.0
0.6030,17.0460,0.4870,96.9220,1.3950,2025-05-12 11:44:18,251.0
0.5860,16.93,0.4650,97.1430,1.4270,2025-05-12 11:44:18,251.0
0.5960,16.8330,0.4310,96.95,1.5360,2025-05-12 11:44:18,251.0
0.6070,16.9490,0.4480,96.9070,1.5190,2025-05-12 11:44:18,251.0
0.5670,16.8550,0.5390,97.14,1.3940,2025-05-12 11:44:18,251.0
0.5670,16.87,0.4940,96.9970,1.4190,2025-05-12 11:44:18,251.0
0.5560,16.9170,0.3460,97.0810,1.3270,2025-05-12 11:44:18,251.0
0.5860,16.93,0.5430,96.9550,1.4360,2025-05-12 11:44:18,251.0
0.5940,16.9770,0.3750,97.0610,1.5460,2025-05-12 11:44:18,251.0
0.5760,16.9740,0.49,97.03,1.4370,2025-05-12 11:44:18,251.0
0.5780,16.8580,0.5080,97.0160,1.4950,2025-05-12 13:09:22,252.0
0.5920,16.8640,0.5560,97.0460,1.4980,2025-05-12 13:09:22,252.0
0.5810,16.8510,0.5570,97.0560,1.4520,2025-05-12 13:09:22,252.0
0.5870,16.9650,0.3150,97.07,1.41,2025-05-12 13:09:22,252.0
0.5870,17.0460,0.3920,96.9430,1.4350,2025-05-12 13:09:22,252.0
0.59,16.8920,0.3110,96.9360,1.47,2025-05-12 13:09:22,252.0
0.5820,16.8670,0.6370,97.0160,1.5170,2025-05-12 13:09:22,252.0
0.5750,16.9490,0.5110,97,1.4630,2025-05-12 13:09:22,252.0
0.5750,16.9710,0.3640,97.24,1.4290,2025-05-12 13:09:22,252.0
0.5840,16.8580,0.5250,96.9360,1.3970,2025-05-12 13:09:22,252.0
0.5610,16.8770,0.3430,97.2530,1.3760,2025-05-12 13:09:22,252.0
0.5660,16.88,0.3670,97.1310,1.4330,2025-05-12 13:09:22,252.0
0.5610,16.87,0.5180,97.0050,1.4030,2025-05-12 13:09:22,252.0
0.5720,16.8640,0.2130,97.0230,1.3560,2025-05-12 13:09:22,252.0
0.5930,16.9830,0.2730,97.35,1.4290,2025-05-12 13:09:22,252.0
0.5980,16.9270,0.3640,96.9650,1.3540,2025-05-12 13:09:22,252.0
0.6160,16.9830,0.34,97.0080,1.4520,2025-05-12 13:09:22,252.0
0.5890,16.9360,0.5360,96.9680,1.4470,2025-05-12 13:09:22,252.0
0.5960,16.9430,0.4340,97.0550,1.5330,2025-05-12 13:09:22,252.0
0.5630,16.8580,0.3670,97.0810,1.3960,2025-05-12 13:09:22,252.0
0.6170,16.98,0.4410,96.9630,1.5790,2025-05-12 21:24:31,253.0
0.5770,16.8860,0.5560,97.0880,1.4540,2025-05-12 21:24:31,253.0
0.5840,16.9960,0.4790,97.2370,1.5290,2025-05-12 21:24:31,253.0
0.57,16.9710,0.4410,97.1130,1.3960,2025-05-12 21:24:31,253.0
0.5950,16.9830,0.3290,96.9320,1.4950,2025-05-12 21:24:31,253.0
0.6070,16.8770,0.5320,97.0080,1.5510,2025-05-12 21:24:31,253.0
0.59,16.99,0.5250,96.95,1.39,2025-05-12 21:24:31,253.0
0.5930,16.8950,0.4730,96.9750,1.5140,2025-05-12 21:24:31,253.0
0.5660,16.8670,0.50,97.1180,1.4360,2025-05-12 21:24:31,253.0
0.5790,16.8330,0.5810,97.0040,1.5480,2025-05-12 21:24:31,253.0
0.6020,16.9550,0.5320,96.9320,1.5880,2025-05-12 21:24:31,253.0
0.5880,16.9360,0.49,97.0010,1.5490,2025-05-12 21:24:31,253.0
0.5840,16.9270,0.29,97.0140,1.4210,2025-05-12 21:24:31,253.0
0.5760,16.9240,0.4230,97.1770,1.4680,2025-05-12 21:24:31,253.0
0.5680,16.9770,0.42,96.8880,1.3850,2025-05-12 21:24:31,253.0
0.5690,16.7950,0.3850,97.1130,1.4670,2025-05-12 21:24:31,253.0
0.5970,16.9430,0.5150,96.9220,1.4180,2025-05-12 21:24:31,253.0
0.5860,16.8860,0.55,97.03,1.4660,2025-05-12 21:24:31,253.0
0.5920,16.8580,0.5630,96.9030,1.5480,2025-05-12 21:24:31,253.0
0.5960,16.9170,0.4940,97.1140,1.5020,2025-05-12 21:24:31,253.0
0.6220,17.1120,0.4760,97.1260,1.5120,2025-05-13 11:21:12,254.0
0.5870,16.9710,0.4270,97.1470,1.4340,2025-05-13 11:21:12,254.0
0.5980,16.8890,0.6440,97.0160,1.4150,2025-05-13 11:21:12,254.0
0.6090,16.8830,0.5040,97.1070,1.48,2025-05-13 11:21:12,254.0
0.60,16.82,0.4550,97.2940,1.4380,2025-05-13 11:21:12,254.0
0.6190,17.0370,0.6820,96.9970,1.5220,2025-05-13 11:21:12,254.0
0.5880,16.9080,0.4340,96.9930,1.4230,2025-05-13 11:21:12,254.0
0.5920,16.9330,0.6190,97.0110,1.4210,2025-05-13 11:21:12,254.0
0.5860,16.7670,0.6610,97.0520,1.4250,2025-05-13 11:21:12,254.0
0.6190,16.9550,0.6090,97.0660,1.4480,2025-05-13 11:21:12,254.0
0.5890,16.9170,0.5460,96.9880,1.46,2025-05-13 11:21:12,254.0
0.5850,16.88,0.4380,96.9220,1.4480,2025-05-13 11:21:12,254.0
0.5810,16.7070,0.4520,97.0610,1.3770,2025-05-13 11:21:12,254.0
0.5890,16.8510,0.5390,97.0290,1.4770,2025-05-13 11:21:12,254.0
0.5940,16.9360,0.7520,97.0920,1.5390,2025-05-13 11:21:12,254.0
0.6060,16.9270,0.7490,96.83,1.5060,2025-05-13 11:21:12,254.0
0.5850,16.9390,0.4870,97.0060,1.4090,2025-05-13 11:21:12,254.0
0.6210,16.9580,0.5150,97.0810,1.5570,2025-05-13 11:21:12,254.0
0.61,16.8990,0.7380,97.1180,1.5160,2025-05-13 11:21:12,254.0
0.5980,17.0120,0.5780,96.8090,1.4410,2025-05-13 11:21:12,254.0
0.5830,16.8640,0.49,97.1130,1.4230,2025-05-13 12:56:16,255.0
0.5790,16.7980,0.5910,97.4180,1.3810,2025-05-13 12:56:16,255.0
0.5930,17.0240,0.5460,97.1180,1.4420,2025-05-13 12:56:16,255.0
0.5580,16.87,0.5980,97.1070,1.3210,2025-05-13 12:56:16,255.0
0.5820,16.9050,0.4580,96.9160,1.4490,2025-05-13 12:56:16,255.0
0.5790,16.9270,0.6270,96.9890,1.3450,2025-05-13 12:56:16,255.0
0.5740,16.8450,0.6060,97.0210,1.4860,2025-05-13 12:56:16,255.0
0.59,16.83,0.6930,96.9560,1.4190,2025-05-13 12:56:16,255.0
0.6070,16.8480,0.5770,97.3510,1.5540,2025-05-13 12:56:16,255.0
0.5980,16.88,0.5770,97.2270,1.5190,2025-05-13 12:56:16,255.0
0.5730,16.8730,0.4580,97.0090,1.3930,2025-05-13 12:56:16,255.0
0.6130,16.9170,0.6370,97.0190,1.4980,2025-05-13 12:56:16,255.0
0.5740,16.8640,0.3890,97.1060,1.4190,2025-05-13 12:56:16,255.0
0.5930,16.9550,0.5180,97.1570,1.4010,2025-05-13 12:56:16,255.0
0.5830,16.9520,0.5810,97.0650,1.37,2025-05-13 12:56:16,255.0
0.5960,16.9430,0.4230,96.8920,1.4020,2025-05-13 12:56:16,255.0
0.5660,16.7570,0.5850,96.9470,1.4490,2025-05-13 12:56:16,255.0
0.5960,16.9830,0.4410,97.0290,1.4990,2025-05-13 12:56:16,255.0
0.5820,16.8920,0.6230,97.30,1.34,2025-05-13 12:56:16,255.0
0.5830,16.8450,0.6550,97.0180,1.4080,2025-05-13 12:56:16,255.0
0.5910,16.9930,0.6020,96.9390,1.4440,2025-05-13 21:26:26,256.0
0.5880,17.0310,0.5040,97.2360,1.5420,2025-05-13 21:26:26,256.0
0.6080,17.0020,0.5670,96.9270,1.5420,2025-05-13 21:26:26,256.0
0.5920,17.0270,0.4130,96.9390,1.5040,2025-05-13 21:26:26,256.0
0.5730,16.9330,0.4520,97.1670,1.4450,2025-05-13 21:26:26,256.0
0.5840,16.9650,0.5770,97.0090,1.5340,2025-05-13 21:26:26,256.0
0.5990,17.0020,0.6270,96.8920,1.5070,2025-05-13 21:26:26,256.0
0.5850,17.0270,0.55,97.0790,1.4910,2025-05-13 21:26:26,256.0
0.5830,17.0020,0.5080,96.9160,1.4760,2025-05-13 21:26:26,256.0
0.6050,17.0020,0.5740,96.9730,1.5280,2025-05-13 21:26:26,256.0
0.5680,16.9240,0.6620,97.0340,1.53,2025-05-13 21:26:26,256.0
0.6090,17.0270,0.5430,96.9360,1.5240,2025-05-13 21:26:26,256.0
0.5780,16.9210,0.5670,97.1090,1.4860,2025-05-13 21:26:26,256.0
0.5770,16.93,0.5110,97.1680,1.4550,2025-05-13 21:26:26,256.0
0.57,16.9960,0.7280,97.0530,1.4440,2025-05-13 21:26:26,256.0
0.6010,16.98,0.4940,97.0190,1.4950,2025-05-13 21:26:26,256.0
0.5780,17.0210,0.4440,97.0930,1.4840,2025-05-13 21:26:26,256.0
0.6180,17.0310,0.6480,96.8690,1.6340,2025-05-13 21:26:26,256.0
0.61,16.9710,0.5950,97.0270,1.6150,2025-05-13 21:26:26,256.0
0.5780,16.9140,0.5390,97.0940,1.5110,2025-05-13 21:26:26,256.0
0.5740,16.9020,0.6330,97.05,1.4440,2025-05-14 12:48:42,257.0
0.6150,17.0310,0.6440,96.9620,1.6340,2025-05-14 12:48:42,257.0
0.5620,16.82,0.50,97.2070,1.3410,2025-05-14 12:48:42,257.0
0.5690,16.9490,0.3150,97.2390,1.4420,2025-05-14 12:48:42,257.0
0.5970,16.9710,0.5840,96.9810,1.5460,2025-05-14 12:48:42,257.0
0.6060,17.0370,0.5910,97.0150,1.5330,2025-05-14 12:48:42,257.0
0.5630,16.8360,0.3920,97.13,1.3880,2025-05-14 12:48:42,257.0
0.6010,16.9110,0.5570,97.1330,1.4920,2025-05-14 12:48:42,257.0
0.57,16.9610,0.5420,97.20,1.4090,2025-05-14 12:48:42,257.0
0.5950,16.9210,0.4860,97.1670,1.5170,2025-05-14 12:48:42,257.0
0.59,16.9020,0.5880,97.2170,1.5030,2025-05-14 12:48:42,257.0
0.6050,16.99,0.5530,96.9340,1.5290,2025-05-14 12:48:42,257.0
0.5630,16.8950,0.3810,97.2660,1.4360,2025-05-14 12:48:42,257.0
0.60,16.9710,0.5150,97.0650,1.4850,2025-05-14 12:48:42,257.0
0.5870,16.9330,0.5850,97.2230,1.4990,2025-05-14 12:48:42,257.0
0.6050,16.9170,0.5010,96.98,1.51,2025-05-14 12:48:42,257.0
0.5740,16.9020,0.6720,97.0010,1.3360,2025-05-14 12:48:42,257.0
0.6090,17.0180,0.6160,96.9280,1.4620,2025-05-14 12:48:42,257.0
0.5810,17.0370,0.5460,97.03,1.4450,2025-05-14 12:48:42,257.0
0.5530,16.9430,0.49,97.02,1.3330,2025-05-14 12:48:42,257.0
0.5890,17.0840,0.5430,97.1030,1.4380,2025-05-14 19:19:14,258.0
0.5650,16.9710,0.6270,97.2390,1.3820,2025-05-14 19:19:14,258.0
0.60,16.9170,0.5530,97.0430,1.5670,2025-05-14 19:19:14,258.0
0.5750,17.0120,0.5150,97.1230,1.4870,2025-05-14 19:19:14,258.0
0.6150,16.9990,0.4760,96.9620,1.5930,2025-05-14 19:19:14,258.0
0.5940,16.9870,0.5710,97.2130,1.5120,2025-05-14 19:19:14,258.0
0.6140,17.0680,0.6370,96.9470,1.5410,2025-05-14 19:19:14,258.0
0.6220,17.09,0.5420,97.0660,1.4520,2025-05-14 19:19:14,258.0
0.5890,16.9390,0.4870,96.8050,1.4830,2025-05-14 19:19:14,258.0
0.5930,16.8140,0.7350,97.1010,1.4340,2025-05-14 19:19:14,258.0
0.58,16.9490,0.4550,97.1010,1.4590,2025-05-14 19:19:14,258.0
0.5690,16.7950,0.5910,97.0980,1.44,2025-05-14 19:19:14,258.0
0.6150,17.0020,0.4650,96.9820,1.5530,2025-05-14 19:19:14,258.0
0.5920,16.88,0.4440,96.93,1.36,2025-05-14 19:19:14,258.0
0.6040,16.9770,0.50,96.8590,1.4730,2025-05-14 19:19:14,258.0
0.5910,17.0150,0.6120,97.0290,1.4920,2025-05-14 19:19:14,258.0
0.5910,16.9610,0.6760,96.8530,1.5120,2025-05-14 19:19:14,258.0
0.5790,17.0090,0.6620,97.1140,1.5020,2025-05-14 19:19:14,258.0
0.5920,16.9770,0.55,96.8910,1.4820,2025-05-14 19:19:14,258.0
0.58,16.9020,0.5640,96.8870,1.5150,2025-05-14 19:19:14,258.0
0.5740,16.9930,0.5210,97.1740,1.4780,2025-05-14 21:19:16,259.0
0.5970,17.0020,0.6580,96.9110,1.4260,2025-05-14 21:19:16,259.0
0.5680,16.9270,0.5280,97.0940,1.4420,2025-05-14 21:19:16,259.0
0.5640,16.9020,0.5080,97.0020,1.4020,2025-05-14 21:19:16,259.0
0.5750,17.0620,0.7070,96.8880,1.43,2025-05-14 21:19:16,259.0
0.5960,16.9210,0.4690,97.1940,1.4550,2025-05-14 21:19:16,259.0
0.5540,16.8920,0.4410,97.1920,1.4180,2025-05-14 21:19:16,259.0
0.6230,16.9740,0.4660,97.0360,1.4870,2025-05-14 21:19:16,259.0
0.5720,16.9740,0.49,97.3130,1.4240,2025-05-14 21:19:16,259.0
0.6060,16.9270,0.5460,97.06,0.0170,2025-05-14 21:19:16,259.0
0.5850,16.9680,0.5980,96.9450,1.46,2025-05-14 21:19:16,259.0
0.5910,16.8860,0.7180,96.8340,1.4490,2025-05-14 21:19:16,259.0
0.6010,17.0050,0.5640,96.98,1.46,2025-05-14 21:19:16,259.0
0.6130,16.98,0.5150,96.8170,1.5710,2025-05-14 21:19:16,259.0
0.5830,16.9680,0.5250,96.88,1.4960,2025-05-14 21:19:16,259.0
0.6130,16.9960,0.5530,97.12,1.5290,2025-05-14 21:19:16,259.0
0.6010,17.0090,0.5810,96.8910,1.5180,2025-05-14 21:19:16,259.0
0.57,16.8640,0.5530,97.1870,1.4310,2025-05-14 21:19:16,259.0
0.5950,17.0490,0.5640,96.9350,1.4230,2025-05-14 21:19:16,259.0
0.6090,16.9770,0.4830,97.0820,1.4440,2025-05-14 21:19:16,259.0
0.57,16.8580,0.6190,97.0420,1.4760,2025-05-15 10:41:15,260.0
0.5930,16.8390,0.5810,97.1880,1.5270,2025-05-15 10:41:15,260.0
0.5810,16.9270,0.4690,96.7510,1.3590,2025-05-15 10:41:15,260.0
0.5770,16.88,0.5920,97.2710,1.6050,2025-05-15 10:41:15,260.0
0.5810,16.7950,0.4170,96.8430,1.4260,2025-05-15 10:41:15,260.0
0.5810,16.8950,0.5640,97.0530,1.4460,2025-05-15 10:41:15,260.0
0.5840,16.77,0.5430,97.2060,1.5590,2025-05-15 10:41:15,260.0
0.5860,16.8260,0.4270,96.8670,1.5110,2025-05-15 10:41:15,260.0
0.5960,16.9580,0.8720,97.0060,1.4820,2025-05-15 10:41:15,260.0
0.61,16.9140,0.7280,97.0660,1.5630,2025-05-15 10:41:15,260.0
0.5860,16.7820,0.5710,97.1540,1.5720,2025-05-15 10:41:15,260.0
0.5750,16.8830,0.5850,96.8260,1.4840,2025-05-15 10:41:15,260.0
0.5950,16.8360,0.5710,97.0650,1.5430,2025-05-15 10:41:15,260.0
0.6090,16.8230,0.5810,97.1680,1.6220,2025-05-15 10:41:15,260.0
0.60,16.9170,0.5320,97.1120,1.4750,2025-05-15 10:41:15,260.0
0.5710,16.9140,0.4580,97.1680,1.4130,2025-05-15 10:41:15,260.0
0.5760,16.7920,0.5740,97.1270,1.6270,2025-05-15 10:41:15,260.0
0.5810,16.88,0.5560,97.31,1.5290,2025-05-15 10:41:15,260.0
0.5770,16.9020,0.6480,96.9310,1.4450,2025-05-15 10:41:15,260.0
0.58,16.8770,0.64,96.8040,1.4610,2025-05-15 10:41:15,260.0
0.5740,16.8770,0.4580,97.1460,1.4610,2025-05-15 12:56:17,261.0
0.5880,17.0710,0.4830,96.9380,1.5350,2025-05-15 12:56:17,261.0
0.5760,16.8580,0.4130,97.1840,1.4780,2025-05-15 12:56:17,261.0
0.5780,16.9770,0.3360,97.1260,1.4570,2025-05-15 12:56:17,261.0
0.5910,16.98,0.5670,96.9330,1.4320,2025-05-15 12:56:17,261.0
0.5690,16.9050,0.6020,97.2350,1.4680,2025-05-15 12:56:17,261.0
0.5850,16.77,0.6790,97.1750,1.4960,2025-05-15 12:56:17,261.0
0.58,16.9830,0.5740,97.12,1.4860,2025-05-15 12:56:17,261.0
0.5710,17.0120,0.6410,97.1970,1.4810,2025-05-15 12:56:17,261.0
0.5710,16.93,0.3990,97.3130,1.4790,2025-05-15 12:56:17,261.0
0.6010,17.0270,0.5040,96.8820,1.5010,2025-05-15 12:56:17,261.0
0.5420,16.8550,0.6020,97.3010,1.4260,2025-05-15 12:56:17,261.0
0.5870,17.0150,0.6540,97.0550,1.4660,2025-05-15 12:56:17,261.0
0.5550,16.8610,0.4480,97.1580,1.3540,2025-05-15 12:56:17,261.0
0.6130,17.0530,0.5710,97.0020,1.5260,2025-05-15 12:56:17,261.0
0.58,16.9580,0.5770,97.2190,1.4780,2025-05-15 12:56:17,261.0
0.5560,16.9430,0.5740,97.1260,1.4310,2025-05-15 12:56:17,261.0
0.5890,17.0970,0.5560,96.6860,1.4040,2025-05-15 12:56:17,261.0
0.5860,17.0150,0.55,96.9010,1.4880,2025-05-15 12:56:17,261.0
0.5830,16.9390,0.6370,97.28,1.4640,2025-05-15 12:56:17,261.0
0.5990,17.0430,0.6720,96.9550,1.52,2025-05-15 19:16:28,262.0
0.5720,16.87,0.4830,97.3310,1.4220,2025-05-15 19:16:28,262.0
0.5640,16.9870,0.4130,97.1470,1.4330,2025-05-15 19:16:28,262.0
0.6020,17.0180,0.5040,96.9570,1.4760,2025-05-15 19:16:28,262.0
0.5950,17.0090,0.71,96.9750,1.4470,2025-05-15 19:16:28,262.0
0.5610,16.8730,0.5290,97.30,1.4870,2025-05-15 19:16:28,262.0
0.5940,16.9520,0.4830,96.7820,1.4710,2025-05-15 19:16:28,262.0
0.5880,17.0090,0.49,97.2670,1.5040,2025-05-15 19:16:28,262.0
0.5830,16.8890,0.4730,97.0340,1.4690,2025-05-15 19:16:28,262.0
0.5960,17.0530,0.5770,97.0440,1.4350,2025-05-15 19:16:28,262.0
0.5890,16.7730,0.4760,97.1220,1.6350,2025-05-15 19:16:28,262.0
0.5960,17.0460,0.6090,96.9770,1.4550,2025-05-15 19:16:28,262.0
0.5580,16.8770,0.5290,97.0190,1.4070,2025-05-15 19:16:28,262.0
0.5820,17.04,0.4270,96.8710,1.4750,2025-05-15 19:16:28,262.0
0.5530,16.7950,0.5250,97.2160,1.37,2025-05-15 19:16:28,262.0
0.5930,17.1690,0.5150,96.7290,1.49,2025-05-15 19:16:28,262.0
0.5890,16.9490,0.5710,96.9820,1.38,2025-05-15 19:16:28,262.0
0.5790,16.8670,0.4130,97.1440,1.5080,2025-05-15 19:16:28,262.0
0.5850,16.9390,0.5570,97.0190,1.5360,2025-05-15 19:16:28,262.0
0.6160,17.0150,0.5980,96.9290,1.5450,2025-05-15 19:16:28,262.0
0.5890,17.0050,0.6060,96.8690,1.4220,2025-05-15 22:21:35,263.0
0.6130,17.0780,0.63,97.1370,1.4850,2025-05-15 22:21:35,263.0
0.5980,17.0120,0.6650,96.8950,1.5070,2025-05-15 22:21:35,263.0
0.5930,16.9490,0.6650,96.9820,1.4460,2025-05-15 22:21:35,263.0
0.6110,17.0340,0.5420,97.1370,1.54,2025-05-15 22:21:35,263.0
0.57,16.8890,0.4550,97.0970,1.4020,2025-05-15 22:21:35,263.0
0.5870,16.9650,0.4520,97.1740,1.41,2025-05-15 22:21:35,263.0
0.5680,16.8360,0.4690,97.1510,1.4070,2025-05-15 22:21:35,263.0
0.5740,17.0020,0.4830,97.0790,1.3620,2025-05-15 22:21:35,263.0
0.5980,17.0560,0.4310,97.1920,1.4460,2025-05-15 22:21:35,263.0
0.5840,17.0120,0.7320,97.1020,1.4240,2025-05-15 22:21:35,263.0
0.5770,16.9140,0.5770,97.0140,1.4880,2025-05-15 22:21:35,263.0
0.5940,17.0310,0.6090,97.16,1.4250,2025-05-15 22:21:35,263.0
0.6040,16.9610,0.4650,96.9980,1.5120,2025-05-15 22:21:35,263.0
0.6080,16.9430,0.6610,97.0250,1.4530,2025-05-15 22:21:35,263.0
0.5680,16.9330,0.35,97.1090,1.4180,2025-05-15 22:21:35,263.0
0.59,16.9050,0.4970,97.1280,1.4630,2025-05-15 22:21:35,263.0
0.5910,16.9830,0.4940,97.1250,1.4810,2025-05-15 22:21:35,263.0
0.6010,16.9610,0.5670,96.9080,1.4840,2025-05-15 22:21:35,263.0
0.5820,17.04,0.55,97.0150,1.3890,2025-05-15 22:21:35,263.0
0.5970,16.8860,0.5150,97.1120,1.4840,2025-05-16 11:08:58,264.0
0.5760,16.98,0.6440,96.9750,1.5130,2025-05-16 11:08:58,264.0
0.5690,16.9390,0.5810,97.0960,1.39,2025-05-16 11:08:58,264.0
0.5540,16.9140,0.5040,97.1260,1.2710,2025-05-16 11:08:58,264.0
0.5750,16.8830,0.5150,97.0240,1.4430,2025-05-16 11:08:58,264.0
0.5790,16.9460,0.4550,97.1990,1.41,2025-05-16 11:08:58,264.0
0.5720,16.9490,0.4970,97.0050,1.3910,2025-05-16 11:08:58,264.0
0.6120,16.9960,0.4870,97.0060,1.5190,2025-05-16 11:08:58,264.0
0.6130,17.0210,0.5710,96.8790,1.5120,2025-05-16 11:08:58,264.0
0.5950,17.0810,0.5740,96.9480,1.4210,2025-05-16 11:08:58,264.0
0.5840,16.8830,0.6020,97.0980,1.4650,2025-05-16 11:08:58,264.0
0.5830,16.9870,0.7210,96.96,1.4080,2025-05-16 11:08:58,264.0
0.5630,16.8110,0.6020,97.3260,1.4930,2025-05-16 11:08:58,264.0
0.6070,17.1280,0.3890,96.9520,1.5670,2025-05-16 11:08:58,264.0
0.6150,16.9990,0.5110,96.9320,1.4730,2025-05-16 11:08:58,264.0
0.5830,16.9770,0.5010,96.8120,1.4430,2025-05-16 11:08:58,264.0
0.5980,16.9080,0.5560,97.0060,1.4490,2025-05-16 11:08:58,264.0
0.61,16.9930,0.4970,97.0330,1.5420,2025-05-16 11:08:58,264.0
0.5940,16.8950,0.5460,96.7570,1.4350,2025-05-16 11:08:58,264.0
0.5660,16.8480,0.5670,97.3740,1.3330,2025-05-16 11:08:58,264.0
0.5980,16.8950,0.4270,96.8930,1.48,2025-05-16 12:54:03,265.0
0.5720,16.8450,0.6510,97.2920,1.3940,2025-05-16 12:54:03,265.0
0.6030,16.9210,0.5180,97.2830,1.4980,2025-05-16 12:54:03,265.0
0.5910,16.9490,0.6650,97.17,1.50,2025-05-16 12:54:03,265.0
0.6040,16.9460,0.4450,96.9160,1.4780,2025-05-16 12:54:03,265.0
0.6040,16.9240,0.6510,97.0990,1.4910,2025-05-16 12:54:03,265.0
0.5790,16.9050,0.6060,97.1640,1.4820,2025-05-16 12:54:03,265.0
0.5910,16.88,0.5910,97.0410,1.4610,2025-05-16 12:54:03,265.0
0.6080,16.9050,0.4170,96.9840,1.5620,2025-05-16 12:54:03,265.0
0.5870,16.9050,0.4690,96.88,1.5130,2025-05-16 12:54:03,265.0
0.5920,16.8730,0.5430,97.01,1.4850,2025-05-16 12:54:03,265.0
0.5710,16.8510,0.4940,97.2070,1.4130,2025-05-16 12:54:03,265.0
0.6190,16.9360,0.56,96.8820,1.57,2025-05-16 12:54:03,265.0
0.5660,16.8510,0.2840,97.2910,1.3890,2025-05-16 12:54:03,265.0
0.5680,16.8450,0.5980,97.1780,1.5360,2025-05-16 12:54:03,265.0
0.5830,16.8360,0.4380,97.0970,1.4490,2025-05-16 12:54:03,265.0
0.58,16.9430,0.7980,96.95,1.5250,2025-05-16 12:54:03,265.0
0.5680,16.7670,0.5150,97.1160,1.4580,2025-05-16 12:54:03,265.0
0.5990,16.8420,0.3990,97.3640,1.5120,2025-05-16 12:54:03,265.0
0.6110,17.0240,0.5250,96.8780,1.4570,2025-05-16 12:54:03,265.0
0.5880,16.8550,0.5670,97.2350,1.44,2025-05-16 21:19:09,266.0
0.5810,17.0020,0.5040,97.30,1.41,2025-05-16 21:19:09,266.0
0.5740,16.9110,0.5460,96.9750,1.3960,2025-05-16 21:19:09,266.0
0.5920,16.9110,0.5040,97.1440,1.4080,2025-05-16 21:19:09,266.0
0.6070,17.0150,0.5770,96.8510,1.4580,2025-05-16 21:19:09,266.0
0.6260,17.0870,0.3610,96.8810,1.4990,2025-05-16 21:19:09,266.0
0.5890,16.9770,0.5950,97.1750,1.5520,2025-05-16 21:19:09,266.0
0.5680,16.9550,0.5810,97.1040,1.4060,2025-05-16 21:19:09,266.0
0.5730,17.0020,0.5110,97.20,1.3870,2025-05-16 21:19:09,266.0
0.5970,16.9270,0.5010,96.8560,1.48,2025-05-16 21:19:09,266.0
0.58,16.9990,0.4620,97,1.4760,2025-05-16 21:19:09,266.0
0.5710,16.9580,0.6270,97.1480,1.4870,2025-05-16 21:19:09,266.0
0.6140,16.9740,0.5710,96.9490,1.4950,2025-05-16 21:19:09,266.0
0.5830,17.0020,0.55,96.9250,1.4890,2025-05-16 21:19:09,266.0
0.5810,17.0150,0.4690,96.9080,1.4840,2025-05-16 21:19:09,266.0
0.5820,16.9460,0.6540,96.9260,1.4580,2025-05-16 21:19:09,266.0
0.5740,16.9490,0.4410,97.2130,1.4530,2025-05-16 21:19:09,266.0
0.58,16.8830,0.6410,96.9020,1.49,2025-05-16 21:19:09,266.0
0.5910,16.9170,0.6190,96.9730,1.5480,2025-05-16 21:19:09,266.0
0.57,16.7860,0.5250,97.1440,1.4230,2025-05-16 21:19:09,266.0
0.5720,16.99,0.4580,96.9680,1.5140,2025-05-21 13:20:25,267.0
0.5780,16.9520,0.5350,96.8950,1.4370,2025-05-21 13:20:25,267.0
0.5660,16.9610,0.5670,97.1510,1.3980,2025-05-21 13:20:25,267.0
0.5840,16.8890,0.5320,97.1760,1.4760,2025-05-21 13:20:25,267.0
0.5720,16.8890,0.4660,97.2470,1.3990,2025-05-21 13:20:25,267.0
0.5770,16.9110,0.5250,96.9040,1.3620,2025-05-21 13:20:25,267.0
0.6120,17.09,0.4620,96.8380,1.5160,2025-05-21 13:20:25,267.0
0.5490,16.8860,0.6830,97.1190,1.2830,2025-05-21 13:20:25,267.0
0.5580,16.8390,0.4440,97.0890,1.3610,2025-05-21 13:20:25,267.0
0.6040,16.98,0.6410,97.0530,1.5420,2025-05-21 13:20:25,267.0
0.5820,16.7920,0.6270,96.9760,1.3720,2025-05-21 13:20:25,267.0
0.5520,16.8920,0.6510,97.1940,1.4010,2025-05-21 13:20:25,267.0
0.5760,17.0150,0.5640,97.15,1.4170,2025-05-21 13:20:25,267.0
0.5990,16.9930,0.49,96.9190,1.5450,2025-05-21 13:20:25,267.0
0.5990,17.0310,0.5040,96.9080,1.40,2025-05-21 13:20:25,267.0
0.5920,17.0650,0.6090,96.9580,1.4310,2025-05-21 13:20:25,267.0
0.5870,17.0050,0.49,97.1070,1.4640,2025-05-21 13:20:25,267.0
0.5720,16.83,0.49,97.0750,1.4890,2025-05-21 13:20:25,267.0
0.5860,16.9990,0.6440,96.9980,1.4080,2025-05-21 13:20:25,267.0
0.5860,17.0240,0.5810,97.0280,1.48,2025-05-21 13:20:25,267.0
0.5990,16.8890,0.4580,96.9460,1.3610,2025-05-22 12:49:14,268.0
0.5940,17.04,0.5180,97.0580,1.4620,2025-05-22 12:49:14,268.0
0.59,16.9140,0.5080,97.1880,1.3810,2025-05-22 12:49:14,268.0
0.5680,16.8920,0.5640,97.2280,1.3010,2025-05-22 12:49:14,268.0
0.5820,16.9710,0.5810,97.1190,1.4170,2025-05-22 12:49:14,268.0
0.5550,16.9240,0.6060,97.1740,1.3210,2025-05-22 12:49:14,268.0
0.5750,16.9710,0.5040,97.2750,1.3450,2025-05-22 12:49:14,268.0
0.6060,17.0460,0.6230,96.9560,1.4480,2025-05-22 12:49:14,268.0
0.5820,16.9930,0.5110,97.2840,1.3820,2025-05-22 12:49:14,268.0
0.5660,16.9080,0.4690,97.2330,1.3830,2025-05-22 12:49:14,268.0
0.58,16.9610,0.5740,97.1650,1.43,2025-05-22 12:49:14,268.0
0.6030,17.0560,0.3990,97.0960,1.4370,2025-05-22 12:49:14,268.0
0.5630,16.87,0.5850,97.0670,1.3220,2025-05-22 12:49:14,268.0
0.5770,17.0150,0.5910,97.1290,1.4070,2025-05-22 12:49:14,268.0
0.58,16.9550,0.4940,96.9980,1.3330,2025-05-22 12:49:14,268.0
0.5790,17.0050,0.7140,97.1170,1.3270,2025-05-22 12:49:14,268.0
0.5790,17.0680,0.3780,97.1740,1.3580,2025-05-22 12:49:14,268.0
0.5830,17.0180,0.5850,96.9830,1.3680,2025-05-22 12:49:14,268.0
0.5750,16.8450,0.55,97.1790,1.2960,2025-05-22 12:49:14,268.0
0.5750,16.9740,0.63,97.1750,1.3870,2025-05-22 12:49:14,268.0
0.6020,16.98,0.5950,96.9880,1.6020,2025-05-22 21:24:23,269.0
0.5810,16.9520,0.5460,97.2940,1.4260,2025-05-22 21:24:23,269.0
0.5890,16.9390,0.5530,97.2350,1.45,2025-05-22 21:24:23,269.0
0.5910,17.0050,0.49,96.9080,1.4260,2025-05-22 21:24:23,269.0
0.5650,16.8730,0.55,97.1180,1.3870,2025-05-22 21:24:23,269.0
0.5640,16.9020,0.5350,97.2210,1.42,2025-05-22 21:24:23,269.0
0.5920,16.9080,0.4790,97.2180,1.5330,2025-05-22 21:24:23,269.0
0.5890,17.0430,0.4270,97.03,1.4370,2025-05-22 21:24:23,269.0
0.5990,16.9050,0.6480,97.3720,1.5270,2025-05-22 21:24:23,269.0
0.5780,16.9770,0.5710,97.0760,1.4110,2025-05-22 21:24:23,269.0
0.5690,16.8010,0.5080,97.1550,1.4570,2025-05-22 21:24:23,269.0
0.5810,16.77,0.5670,97.09,1.4070,2025-05-22 21:24:23,269.0
0.5960,16.8330,0.5420,97.1490,1.4820,2025-05-22 21:24:23,269.0
0.5650,16.8950,0.6020,96.9560,1.3160,2025-05-22 21:24:23,269.0
0.5660,16.9270,0.5210,97.1460,1.3630,2025-05-22 21:24:23,269.0
0.60,16.9550,0.6090,96.9880,1.5050,2025-05-22 21:24:23,269.0
0.5680,16.7670,0.56,97.0890,1.4170,2025-05-22 21:24:23,269.0
0.6060,16.9740,0.5150,97.0150,1.5580,2025-05-22 21:24:23,269.0
0.5910,17.0680,0.4340,97.0570,1.4910,2025-05-22 21:24:23,269.0
0.5740,16.8890,0.5710,97.2060,1.3620,2025-05-22 21:24:23,269.0
0.5560,16.9710,0.5320,96.7580,1.3280,2025-05-23 11:14:57,270.0
0.5820,16.9650,0.5290,96.8040,1.4220,2025-05-23 11:14:57,270.0
0.60,16.9270,0.8050,97.0120,1.3080,2025-05-23 11:14:57,270.0
0.6030,17.0490,0.6060,97.1190,1.4520,2025-05-23 11:14:57,270.0
0.5860,17.0120,0.6050,97.0060,1.4260,2025-05-23 11:14:57,270.0
0.5610,16.7070,0.6090,97.35,1.4130,2025-05-23 11:14:57,270.0
0.5850,16.9270,0.5460,97.2860,1.4290,2025-05-23 11:14:57,270.0
0.5810,16.9270,0.50,97.1210,1.4280,2025-05-23 11:14:57,270.0
0.5940,17.04,0.5360,97.2660,1.4240,2025-05-23 11:14:57,270.0
0.5940,17.0050,0.6230,97.20,1.3250,2025-05-23 11:14:57,270.0
0.5540,16.9390,0.6190,96.6520,1.3170,2025-05-23 11:14:57,270.0
0.58,16.9050,0.6790,97.2990,1.4050,2025-05-23 11:14:57,270.0
0.5830,16.9990,0.5770,97.37,1.3550,2025-05-23 11:14:57,270.0
0.5740,16.9020,0.5210,97.2820,1.3520,2025-05-23 11:14:57,270.0
0.5950,17.0650,0.6540,96.8990,1.3620,2025-05-23 11:14:57,270.0
0.5640,16.93,0.4760,97.35,1.4860,2025-05-23 11:14:57,270.0
0.5670,16.9740,0.5840,96.8920,1.3460,2025-05-23 11:14:57,270.0
0.60,16.8390,0.6190,97.0590,1.4630,2025-05-23 11:14:57,270.0
0.5820,16.9080,0.5950,97.1870,1.5010,2025-05-23 11:14:57,270.0
0.5710,16.9330,0.7420,97.3370,1.4010,2025-05-23 11:14:57,270.0
0.5780,16.9050,0.5640,97.0240,1.4630,2025-05-23 13:05:01,271.0
0.5830,17.0620,0.6720,97.2150,1.4710,2025-05-23 13:05:01,271.0
0.5790,16.7860,0.4270,97.1590,1.43,2025-05-23 13:05:01,271.0
0.5590,16.9080,0.6720,97.5270,1.4070,2025-05-23 13:05:01,271.0
0.5790,16.8990,0.6480,97.0290,1.3950,2025-05-23 13:05:01,271.0
0.58,16.88,0.4310,97.2570,1.4340,2025-05-23 13:05:01,271.0
0.5740,16.8830,0.5850,97.2110,1.5040,2025-05-23 13:05:01,271.0
0.5780,16.9990,0.5640,97.1680,1.3980,2025-05-23 13:05:01,271.0
0.5930,16.9490,0.6330,97.0430,1.5060,2025-05-23 13:05:01,271.0
0.5860,16.9390,0.6550,97.5630,1.5260,2025-05-23 13:05:01,271.0
0.59,16.9270,0.4970,97.0390,1.4770,2025-05-23 13:05:01,271.0
0.5740,16.8110,0.56,97.3880,1.4950,2025-05-23 13:05:01,271.0
0.5930,16.8770,0.5770,96.9610,1.54,2025-05-23 13:05:01,271.0
0.5710,16.9080,0.42,97.0410,1.5410,2025-05-23 13:05:01,271.0
0.5930,16.9390,0.5390,97.1830,1.4540,2025-05-23 13:05:01,271.0
0.5860,16.9390,0.6680,96.8050,1.4880,2025-05-23 13:05:01,271.0
0.60,17.0270,0.4730,97.0160,1.52,2025-05-23 13:05:01,271.0
0.5760,16.9650,0.5180,97.1710,1.51,2025-05-23 13:05:01,271.0
0.5830,16.8010,0.5320,97.0910,1.45,2025-05-23 13:05:01,271.0
0.5840,16.9580,0.5390,97.05,1.5070,2025-05-23 13:05:01,271.0
0.57,16.9390,0.4340,96.98,1.4340,2025-05-23 20:05:11,272.0
0.5770,16.9740,0.55,97.0570,1.4520,2025-05-23 20:05:11,272.0
0.5870,16.8990,0.6370,97.1450,1.4550,2025-05-23 20:05:11,272.0
0.57,16.9990,0.4690,97.1410,1.4740,2025-05-23 20:05:11,272.0
0.5660,16.93,0.4520,97.0820,1.3470,2025-05-23 20:05:11,272.0
0.5870,17.04,0.4440,97.05,1.4380,2025-05-23 20:05:11,272.0
0.5910,16.9610,0.6020,96.9110,1.4980,2025-05-23 20:05:11,272.0
0.5670,16.9550,0.6160,97.0280,1.4140,2025-05-23 20:05:11,272.0
0.5820,16.9680,0.5530,96.8820,1.4310,2025-05-23 20:05:11,272.0
0.5730,16.9610,0.5770,97.0310,1.4550,2025-05-23 20:05:11,272.0
0.5830,16.9610,0.4590,96.8820,1.4750,2025-05-23 20:05:11,272.0
0.5820,16.8640,0.6230,97.1960,1.4830,2025-05-23 20:05:11,272.0
0.5940,16.9080,0.7070,96.9590,1.5440,2025-05-23 20:05:11,272.0
0.5930,17.0050,0.7180,96.9220,1.4880,2025-05-23 20:05:11,272.0
0.5880,16.88,0.5530,97.0970,1.4860,2025-05-23 20:05:11,272.0
0.5880,16.87,0.6860,97.1290,1.4870,2025-05-23 20:05:11,272.0
0.5690,17.0340,0.6440,96.9510,1.4950,2025-05-23 20:05:11,272.0
0.5760,16.9650,0.6580,97.0120,1.4690,2025-05-23 20:05:11,272.0
0.5690,16.9520,0.50,97.0280,1.4610,2025-05-23 20:05:11,272.0
0.60,16.9360,0.5180,96.9190,1.4780,2025-05-23 20:05:11,272.0
0.5710,16.9080,0.4830,97.0980,1.4370,2025-05-23 21:25:17,273.0
0.59,17.0930,0.63,96.9970,1.4720,2025-05-23 21:25:17,273.0
0.5530,16.9490,0.5710,97.0890,1.3960,2025-05-23 21:25:17,273.0
0.5860,16.8040,0.5080,97.0350,1.53,2025-05-23 21:25:17,273.0
0.5530,16.8260,0.5350,97.3590,1.3880,2025-05-23 21:25:17,273.0
0.5610,16.93,0.5350,96.9950,1.3730,2025-05-23 21:25:17,273.0
0.6010,17.1030,0.50,97.0860,1.5290,2025-05-23 21:25:17,273.0
0.5850,16.9390,0.6970,96.8210,1.5390,2025-05-23 21:25:17,273.0
0.5850,16.8920,0.6860,97.1050,1.4510,2025-05-23 21:25:17,273.0
0.5950,17.0020,0.6190,97.0460,1.5130,2025-05-23 21:25:17,273.0
0.58,16.9270,0.6020,97.0720,1.4710,2025-05-23 21:25:17,273.0
0.5570,16.8080,0.6930,97.1630,1.4160,2025-05-23 21:25:17,273.0
0.5580,16.8580,0.5180,97.1750,1.4020,2025-05-23 21:25:17,273.0
0.5850,16.9520,0.5390,97.1020,1.4530,2025-05-23 21:25:17,273.0
0.5880,16.9710,0.5390,97.0040,1.3950,2025-05-23 21:25:17,273.0
0.5920,16.9710,0.6370,96.94,1.5160,2025-05-23 21:25:17,273.0
0.5920,16.98,0.5210,96.9360,1.5510,2025-05-23 21:25:17,273.0
0.5910,17.1060,0.63,97.0880,1.5110,2025-05-23 21:25:17,273.0
0.5780,16.8330,0.5180,97.1320,1.4560,2025-05-23 21:25:17,273.0
0.5910,16.93,0.6440,97.0940,1.52,2025-05-23 21:25:17,273.0
0.6060,17.1970,0.5150,96.8730,1.4590,2025-05-26 10:51:35,274.0
0.5810,16.93,0.48,97.0480,1.4470,2025-05-26 10:51:35,274.0
0.5750,17.1060,0.5430,96.9470,1.4390,2025-05-26 10:51:35,274.0
0.5810,16.9140,0.4720,97.0180,1.35,2025-05-26 10:51:35,274.0
0.5790,17.0120,0.5040,97.0030,1.36,2025-05-26 10:51:35,274.0
0.5980,17.1220,0.5040,96.9950,1.4340,2025-05-26 10:51:35,274.0
0.59,16.9550,0.6410,97.1660,1.3880,2025-05-26 10:51:35,274.0
0.5880,17.0180,0.5780,97.0970,1.4040,2025-05-26 10:51:35,274.0
0.5770,16.9460,0.4650,97.0890,1.4430,2025-05-26 10:51:35,274.0
0.57,16.9270,0.4580,97.1410,1.3710,2025-05-26 10:51:35,274.0
0.6010,17.1340,0.5290,97.0530,1.35,2025-05-26 10:51:35,274.0
0.5980,17.0750,0.6190,96.9150,1.3430,2025-05-26 10:51:35,274.0
0.5440,16.9330,0.5780,97.01,1.2840,2025-05-26 10:51:35,274.0
0.5910,16.9710,0.5250,96.9640,1.4620,2025-05-26 10:51:35,274.0
0.58,17.0090,0.4940,97.0450,1.4060,2025-05-26 10:51:35,274.0
0.5870,17.0680,0.4760,96.9580,1.4020,2025-05-26 10:51:35,274.0
0.5930,17.04,0.5570,96.8460,1.45,2025-05-26 10:51:35,274.0
0.5740,16.9270,0.4830,97.1580,1.3560,2025-05-26 10:51:35,274.0
0.5750,16.9740,0.6410,97.0990,1.31,2025-05-26 10:51:35,274.0
0.5850,17.1120,0.5250,96.8950,1.3980,2025-05-26 10:51:35,274.0
0.5540,17.0590,0.4230,97.0840,1.3760,2025-05-26 13:06:38,275.0
0.5860,16.8770,0.6120,97.0150,1.4610,2025-05-26 13:06:38,275.0
0.5770,16.8640,0.5080,96.98,1.4120,2025-05-26 13:06:38,275.0
0.6060,17.1940,0.5670,96.9040,1.48,2025-05-26 13:06:38,275.0
0.5580,16.8830,0.5040,97.14,1.43,2025-05-26 13:06:38,275.0
0.5990,16.98,0.4620,96.9670,1.4850,2025-05-26 13:06:38,275.0
0.5910,17.1410,0.5710,96.9440,1.4740,2025-05-26 13:06:38,275.0
0.6190,17.0490,0.5430,96.9840,1.4920,2025-05-26 13:06:38,275.0
0.5940,16.8610,0.6480,97.1440,1.4460,2025-05-26 13:06:38,275.0
0.58,16.93,0.5320,97.1310,1.3850,2025-05-26 13:06:38,275.0
0.5980,16.99,0.4410,97.0270,1.4420,2025-05-26 13:06:38,275.0
0.5850,17.0530,0.6790,96.99,1.4070,2025-05-26 13:06:38,275.0
0.56,16.7760,0.63,97.0910,1.3970,2025-05-26 13:06:38,275.0
0.6180,17.0430,0.5150,97.2480,1.4120,2025-05-26 13:06:38,275.0
0.6080,16.9610,0.5770,97.0590,1.44,2025-05-26 13:06:38,275.0
0.5690,16.8550,0.5360,97.1780,1.3970,2025-05-26 13:06:38,275.0
0.5690,16.9930,0.6620,97.0980,1.3510,2025-05-26 13:06:38,275.0
0.5750,16.8950,0.6440,97.0670,1.53,2025-05-26 13:06:38,275.0
0.5940,17.0090,0.5530,96.9290,1.4780,2025-05-26 13:06:38,275.0
0.5820,17.0270,0.5640,97.0560,1.3610,2025-05-26 13:06:38,275.0
0.5860,16.9650,0.5430,97.2170,1.43,2025-05-27 13:03:11,276.0
0.5920,16.9140,0.4940,97.1230,1.5040,2025-05-27 13:03:11,276.0
0.5720,16.8920,0.56,97.0630,1.4160,2025-05-27 13:03:11,276.0
0.6160,17.0780,0.4090,97.0930,1.4790,2025-05-27 13:03:11,276.0
0.56,16.9770,0.4340,97.0980,1.3910,2025-05-27 13:03:11,276.0
0.6030,17.0120,0.4410,96.8660,1.4520,2025-05-27 13:03:11,276.0
0.5890,16.9110,0.6680,96.9670,1.5160,2025-05-27 13:03:11,276.0
0.5590,16.8640,0.5350,97.19,1.4410,2025-05-27 13:03:11,276.0
0.5650,17.0310,0.4380,97.2430,1.4660,2025-05-27 13:03:11,276.0
0.6120,17.0590,0.5740,97.0940,1.4750,2025-05-27 13:03:11,276.0
0.6010,17.0810,0.4060,97.0330,1.52,2025-05-27 13:03:11,276.0
0.6190,17.1150,0.5740,96.9850,1.5390,2025-05-27 13:03:11,276.0
0.6140,17.0020,0.5950,96.8650,1.4480,2025-05-27 13:03:11,276.0
0.5920,17.09,0.6090,97.2840,1.4160,2025-05-27 13:03:11,276.0
0.5980,16.9360,0.42,97.2240,1.4590,2025-05-27 13:03:11,276.0
0.5990,16.9270,0.49,97.0640,1.4470,2025-05-27 13:03:11,276.0
0.6190,17.0490,0.5530,97.0690,1.4050,2025-05-27 13:03:11,276.0
0.5970,16.9960,0.4870,97.1460,1.4140,2025-05-27 13:03:11,276.0
0.5820,16.8550,0.6060,97.0550,1.3130,2025-05-27 13:03:11,276.0
0.5870,16.9770,0.56,97.0920,1.4040,2025-05-27 13:03:11,276.0
0.5880,17.0370,0.5430,97.0220,1.4260,2025-05-27 18:53:20,277.0
0.5610,16.9460,0.4380,97.1340,1.3450,2025-05-27 18:53:20,277.0
0.5890,17.0460,0.5430,97.0210,1.4430,2025-05-27 18:53:20,277.0
0.5950,16.8950,0.6580,97.1330,1.4050,2025-05-27 18:53:20,277.0
0.5650,17.0020,0.5880,96.9850,1.4330,2025-05-27 18:53:20,277.0
0.5670,16.9830,0.4790,96.9980,1.3320,2025-05-27 18:53:20,277.0
0.5880,17.0460,0.4870,97.0390,1.47,2025-05-27 18:53:20,277.0
0.5660,17.0530,0.3990,97.0550,1.3590,2025-05-27 18:53:20,277.0
0.5730,16.98,0.5110,97.05,1.3420,2025-05-27 18:53:20,277.0
0.5730,17.0370,0.4620,96.9820,1.4180,2025-05-27 18:53:20,277.0
0.5770,17.0020,0.5220,97.0490,1.3680,2025-05-27 18:53:20,277.0
0.5840,16.9650,0.6330,97.1230,1.3570,2025-05-27 18:53:20,277.0
0.5660,16.9360,0.4620,96.9540,1.3550,2025-05-27 18:53:20,277.0
0.5830,17.0150,0.5070,97.1260,1.3760,2025-05-27 18:53:20,277.0
0.5870,16.9330,0.5740,97.02,1.4570,2025-05-27 18:53:20,277.0
0.5450,16.8010,0.4410,97.0450,1.3580,2025-05-27 18:53:20,277.0
0.5820,16.9390,0.5640,97.0720,1.3650,2025-05-27 18:53:20,277.0
0.5640,16.9960,0.6330,96.9750,1.3390,2025-05-27 18:53:20,277.0
0.5970,16.8640,0.5740,97.0890,1.4020,2025-05-27 18:53:20,277.0
0.5850,17.0090,0.5350,97.01,1.3050,2025-05-27 18:53:20,277.0
0.6030,17.1470,0.6680,97.1090,1.4420,2025-05-27 21:23:25,278.0
0.5710,17.04,0.6440,97.0950,1.46,2025-05-27 21:23:25,278.0
0.60,17.0430,0.5110,97.0820,1.4410,2025-05-27 21:23:25,278.0
0.6180,17.1720,0.3810,97.0510,1.5960,2025-05-27 21:23:25,278.0
0.5770,16.9110,0.4760,97.0640,1.4050,2025-05-27 21:23:25,278.0
0.5610,16.8450,0.6510,96.95,1.3720,2025-05-27 21:23:25,278.0
0.5860,16.9210,0.4020,96.9950,1.49,2025-05-27 21:23:25,278.0
0.5710,16.9170,0.4550,97.1040,1.3410,2025-05-27 21:23:25,278.0
0.57,16.9610,0.6440,97.1020,1.4060,2025-05-27 21:23:25,278.0
0.5910,16.9650,0.6020,96.9490,1.4080,2025-05-27 21:23:25,278.0
0.5970,16.9770,0.56,97.1830,1.4460,2025-05-27 21:23:25,278.0
0.5950,16.9490,0.4230,97.0850,1.3680,2025-05-27 21:23:25,278.0
0.60,16.9650,0.6720,96.93,1.4740,2025-05-27 21:23:25,278.0
0.59,16.9870,0.5320,97.2440,1.4170,2025-05-27 21:23:25,278.0
0.5720,16.9710,0.5850,96.9230,1.3750,2025-05-27 21:23:25,278.0
0.5940,17.0210,0.4380,97.0160,1.4410,2025-05-27 21:23:25,278.0
0.5660,16.9390,0.5990,96.8980,1.3690,2025-05-27 21:23:25,278.0
0.5890,16.9990,0.4940,96.9420,1.4890,2025-05-27 21:23:25,278.0
0.5920,17.0490,0.50,96.9490,1.4670,2025-05-27 21:23:25,278.0
0.5710,16.9580,0.5710,96.8040,1.37,2025-05-27 21:23:25,278.0
0.5690,16.9740,0.6790,96.9540,1.4020,2025-05-28 13:33:35,279.0
0.61,17.0870,0.4480,97.0140,1.4690,2025-05-28 13:33:35,279.0
0.5840,17.1090,0.5320,97.2610,1.4450,2025-05-28 13:33:35,279.0
0.6130,17.0270,0.6620,96.8910,1.5170,2025-05-28 13:33:35,279.0
0.5720,16.8890,0.6720,97.5060,1.4160,2025-05-28 13:33:35,279.0
0.6010,17.0460,0.6120,96.9750,1.3910,2025-05-28 13:33:35,279.0
0.6060,17.0270,0.6510,96.87,1.5220,2025-05-28 13:33:35,279.0
0.6230,16.9550,0.7240,97.2160,1.5910,2025-05-28 13:33:35,279.0
0.5520,16.7860,0.4860,97.0770,0.0160,2025-05-28 13:33:35,279.0
0.5650,17.1720,0.6370,96.9930,1.3150,2025-05-28 13:33:35,279.0
0.5810,16.9650,0.6190,97.1230,1.5260,2025-05-28 13:33:35,279.0
0.5670,16.9390,0.6270,96.9350,1.3710,2025-05-28 13:33:35,279.0
0.5940,17.04,0.4720,96.9430,1.47,2025-05-28 13:33:35,279.0
0.5910,16.9830,0.63,96.9520,1.4640,2025-05-28 13:33:35,279.0
0.5730,16.9050,0.7670,97.1190,1.4020,2025-05-28 13:33:35,279.0
0.5970,16.9830,0.5250,96.8920,1.3440,2025-05-28 13:33:35,279.0
0.5860,16.9550,0.5460,97.2350,1.3820,2025-05-28 13:33:35,279.0
0.5630,17.0090,0.8930,97.2140,1.3450,2025-05-28 13:33:35,279.0
0.5890,16.9210,0.6760,97.1280,1.3830,2025-05-28 13:33:35,279.0
0.5720,16.9710,0.5320,97.25,1.3920,2025-05-28 13:33:35,279.0
0.5980,17.0270,0.4520,96.9960,1.3990,2025-05-28 18:43:44,280.0
0.5960,17.0620,0.5710,97.1270,1.4520,2025-05-28 18:43:44,280.0
0.6040,17.0240,0.8050,96.9890,1.5110,2025-05-28 18:43:44,280.0
0.5990,16.9430,0.5180,97.1330,1.4090,2025-05-28 18:43:44,280.0
0.5760,16.8080,0.5910,97.07,1.4680,2025-05-28 18:43:44,280.0
0.5950,16.9680,0.5250,96.8410,1.3930,2025-05-28 18:43:44,280.0
0.5690,16.9110,0.7910,96.9930,1.4080,2025-05-28 18:43:44,280.0
0.5860,17.0780,0.4310,96.9780,1.4770,2025-05-28 18:43:44,280.0
0.5990,17.0680,0.6550,96.9910,1.4730,2025-05-28 18:43:44,280.0
0.5990,17.0090,0.5880,97.0180,1.5060,2025-05-28 18:43:44,280.0
0.5940,17.0530,0.56,97.0880,1.4180,2025-05-28 18:43:44,280.0
0.5790,17.0210,0.6830,97.0170,1.3950,2025-05-28 18:43:44,280.0
0.5930,16.9960,0.6370,96.9740,1.4420,2025-05-28 18:43:44,280.0
0.6020,17.0210,0.55,97.3540,1.4270,2025-05-28 18:43:44,280.0
0.5760,16.9680,0.6020,97.1190,1.4120,2025-05-28 18:43:44,280.0
0.6140,17.0340,0.5740,97.1120,1.5140,2025-05-28 18:43:44,280.0
0.6010,17.0460,0.6340,96.9590,1.3780,2025-05-28 18:43:44,280.0
0.5910,16.8860,0.5430,97.2720,1.4370,2025-05-28 18:43:44,280.0
0.5820,16.9710,0.5220,96.8830,1.4830,2025-05-28 18:43:44,280.0
0.5650,17.0710,0.4790,96.7410,1.4330,2025-05-28 18:43:44,280.0
0.5270,17.0020,0.4480,96.6790,1.6990,2025-05-28 18:48:45,281.0
0.5180,17.0180,0.5810,96.8610,1.7340,2025-05-28 18:48:45,281.0
0.5370,16.9550,0.4410,97.0270,1.7160,2025-05-28 18:48:45,281.0
0.5070,17.0210,0.5710,97.1190,1.6450,2025-05-28 18:48:45,281.0
0.5420,17.1030,0.5910,96.9790,1.8620,2025-05-28 18:48:45,281.0
0.5250,16.9390,0.4480,97.2710,1.7140,2025-05-28 18:48:45,281.0
0.5410,17.0560,0.4790,97.2320,1.8630,2025-05-28 18:48:45,281.0
0.5480,17.0590,0.4450,97.2350,1.7940,2025-05-28 18:48:45,281.0
0.5270,16.88,0.3330,97.0490,1.7090,2025-05-28 18:48:45,281.0
0.5570,17.0120,0.8220,96.9530,1.8850,2025-05-28 18:48:45,281.0
0.5480,17.09,0.50,96.8310,2.0220,2025-05-28 18:48:45,281.0
0.5130,17.0150,0.4580,96.82,1.6290,2025-05-28 18:48:45,281.0
0.53,17.0430,0.7140,96.8580,1.7270,2025-05-28 18:48:45,281.0
0.5330,16.9080,0.4760,97.1680,1.6870,2025-05-28 18:48:45,281.0
0.5450,16.9360,0.6270,96.9980,1.7780,2025-05-28 18:48:45,281.0
0.5460,17.0120,0.6970,96.9590,1.85,2025-05-28 18:48:45,281.0
0.5340,16.9140,0.4620,97.06,1.7130,2025-05-28 18:48:45,281.0
0.5210,17.04,0.5710,96.7980,1.6060,2025-05-28 18:48:45,281.0
0.5130,16.9210,0.4760,97.1320,1.6540,2025-05-28 18:48:45,281.0
0.5360,16.9080,0.6160,96.97,1.7010,2025-05-28 18:48:45,281.0
0.5710,16.9650,0.4480,97.1230,1.4350,2025-05-28 21:13:48,282.0
0.5980,16.9080,0.4130,97.4080,1.4690,2025-05-28 21:13:48,282.0
0.58,16.8860,0.5250,97.5160,1.4760,2025-05-28 21:13:48,282.0
0.6010,17.15,0.5460,96.8430,1.4260,2025-05-28 21:13:48,282.0
0.6010,16.9580,0.5250,96.9730,1.4780,2025-05-28 21:13:48,282.0
0.6130,17.0590,0.5950,96.9110,1.4880,2025-05-28 21:13:48,282.0
0.58,16.9870,0.5980,96.9510,1.46,2025-05-28 21:13:48,282.0
0.5770,16.93,0.5880,96.8520,1.3680,2025-05-28 21:13:48,282.0
0.5770,16.8640,0.4380,96.9360,1.4770,2025-05-28 21:13:48,282.0
0.5650,16.93,0.4480,97.18,1.4730,2025-05-28 21:13:48,282.0
0.5840,16.9710,0.3290,96.8990,1.46,2025-05-28 21:13:48,282.0
0.5840,17.2440,0.5880,96.8360,1.4040,2025-05-28 21:13:48,282.0
0.5780,16.9870,0.3640,96.8070,1.5070,2025-05-28 21:13:48,282.0
0.5740,16.8480,0.5320,97.1050,1.4790,2025-05-28 21:13:48,282.0
0.5610,17.0270,0.5360,97.04,1.41,2025-05-28 21:13:48,282.0
0.5770,16.9240,0.3920,96.9250,1.36,2025-05-28 21:13:48,282.0
0.5660,16.88,0.4970,97.27,1.4010,2025-05-28 21:13:48,282.0
0.5780,16.8360,0.6480,97.1330,1.4790,2025-05-28 21:13:48,282.0
0.6040,17.0270,0.4830,97.0920,0.0190,2025-05-28 21:13:48,282.0
0.5750,16.9430,0.5710,97.1490,1.5640,2025-05-28 21:13:48,282.0
0.5690,16.8830,0.6410,97.1330,1.4080,2025-05-29 11:14:52,283.0
0.5830,16.9210,0.6090,97.2350,1.4460,2025-05-29 11:14:52,283.0
0.5970,16.8920,0.5640,97.0430,1.4730,2025-05-29 11:14:52,283.0
0.5720,16.9050,0.5740,97.1020,1.3620,2025-05-29 11:14:52,283.0
0.61,16.9360,0.5560,97.0020,1.4770,2025-05-29 11:14:52,283.0
0.5860,17.0150,0.3570,97.4490,1.3360,2025-05-29 11:14:52,283.0
0.5750,16.9740,0.3460,96.9840,1.3860,2025-05-29 11:14:52,283.0
0.5570,16.8580,0.6790,97.1670,1.3910,2025-05-29 11:14:52,283.0
0.6060,17.0620,0.6230,96.9560,1.4190,2025-05-29 11:14:52,283.0
0.5810,16.9020,0.5560,97.0970,1.3210,2025-05-29 11:14:52,283.0
0.6150,17.0340,0.49,96.8530,1.5140,2025-05-29 11:14:52,283.0
0.5840,16.8730,0.5710,97.1310,1.4560,2025-05-29 11:14:52,283.0
0.5760,16.8480,0.5530,97.2770,1.4540,2025-05-29 11:14:52,283.0
0.6060,16.93,0.5460,97.1580,1.4430,2025-05-29 11:14:52,283.0
0.5840,16.8360,0.4580,97.1470,1.4560,2025-05-29 11:14:52,283.0
0.5710,16.9050,0.6160,97.0150,1.4190,2025-05-29 11:14:52,283.0
0.5880,16.9650,0.4440,97.2420,1.5390,2025-05-29 11:14:52,283.0
0.5790,16.9650,0.4590,97.3620,1.4060,2025-05-29 11:14:52,283.0
0.5430,16.9110,0.4690,97.0320,1.3020,2025-05-29 11:14:52,283.0
0.58,16.98,0.5430,97.0690,1.4130,2025-05-29 11:14:52,283.0
0.5760,16.9390,0.4580,96.9730,1.3620,2025-05-29 13:19:57,284.0
0.6020,16.9050,0.42,96.9710,1.4680,2025-05-29 13:19:57,284.0
0.5840,16.9110,0.5150,96.9110,1.5020,2025-05-29 13:19:57,284.0
0.6070,16.93,0.3740,96.9770,1.5150,2025-05-29 13:19:57,284.0
0.5910,16.9140,0.4340,97.10,1.4840,2025-05-29 13:19:57,284.0
0.5850,16.9930,0.3850,96.9710,1.3810,2025-05-29 13:19:57,284.0
0.5670,16.9650,0.2870,96.9280,1.4230,2025-05-29 13:19:57,284.0
0.5880,17.0490,0.5250,97.0370,1.4290,2025-05-29 13:19:57,284.0
0.5320,16.8390,0.4940,96.9280,1.4170,2025-05-29 13:19:57,284.0
0.5730,16.9710,0.4860,97.1660,1.4490,2025-05-29 13:19:57,284.0
0.5890,16.9330,0.5670,97.1860,1.4770,2025-05-29 13:19:57,284.0
0.5960,17.0150,0.4650,96.9260,1.4690,2025-05-29 13:19:57,284.0
0.5880,16.88,0.4520,97.0950,1.5190,2025-05-29 13:19:57,284.0
0.5860,16.8830,0.4060,97.0950,1.5290,2025-05-29 13:19:57,284.0
0.5890,16.9140,0.4790,96.9870,1.4490,2025-05-29 13:19:57,284.0
0.5880,16.9360,0.4270,96.8660,1.3860,2025-05-29 13:19:57,284.0
0.5990,16.9870,0.5850,96.9760,1.4650,2025-05-29 13:19:57,284.0
0.58,16.9990,0.7040,97.0710,1.3620,2025-05-29 13:19:57,284.0
0.5950,16.8890,0.5670,97.2820,1.5870,2025-05-29 13:19:57,284.0
0.5710,16.9080,0.3570,97.0080,1.4320,2025-05-29 13:19:57,284.0
0.6060,16.9740,0.6020,96.8890,1.3980,2025-05-29 19:40:08,285.0
0.5980,16.9140,0.5560,96.9090,1.3880,2025-05-29 19:40:08,285.0
0.5580,16.83,0.5710,97.1360,1.3420,2025-05-29 19:40:08,285.0
0.5950,16.9020,0.48,97.3620,1.3420,2025-05-29 19:40:08,285.0
0.5820,16.9140,0.5110,97.1410,1.3310,2025-05-29 19:40:08,285.0
0.5870,16.9270,0.6230,96.8230,1.4130,2025-05-29 19:40:08,285.0
0.5680,16.9170,0.4970,97.1230,1.4040,2025-05-29 19:40:08,285.0
0.6070,16.8860,0.7140,96.9720,1.4540,2025-05-29 19:40:08,285.0
0.5780,16.9610,0.70,96.9420,1.3760,2025-05-29 19:40:08,285.0
0.5750,16.8770,0.5880,97.1310,1.3260,2025-05-29 19:40:08,285.0
0.5660,16.9360,0.3610,97.2380,1.3630,2025-05-29 19:40:08,285.0
0.6090,16.9550,0.50,97.1490,1.4710,2025-05-29 19:40:08,285.0
0.58,16.8390,0.6970,97.1240,0.0170,2025-05-29 19:40:08,285.0
0.5660,17.0370,0.6230,96.9710,1.2770,2025-05-29 19:40:08,285.0
0.5840,16.8730,0.4790,97.0630,1.3850,2025-05-29 19:40:08,285.0
0.5990,16.87,0.5250,96.9640,1.4870,2025-05-29 19:40:08,285.0
0.5930,16.8890,0.4410,96.94,1.39,2025-05-29 19:40:08,285.0
0.5520,16.9430,0.5740,97.1620,1.3680,2025-05-29 19:40:08,285.0
0.57,16.8420,0.7070,96.9570,1.37,2025-05-29 19:40:08,285.0
0.5940,16.9210,0.4870,97.3430,1.42,2025-05-29 19:40:08,285.0
0.5760,17.0050,0.6120,97.0510,1.3820,2025-05-29 21:20:09,286.0
0.5820,16.9580,0.4940,96.9740,1.4510,2025-05-29 21:20:09,286.0
0.5770,17.0340,0.3670,97.0750,1.3930,2025-05-29 21:20:09,286.0
0.58,16.9390,0.4030,97.2510,1.4350,2025-05-29 21:20:09,286.0
0.5990,16.9050,0.6580,97.0980,1.4970,2025-05-29 21:20:09,286.0
0.5990,16.93,0.8050,96.9930,1.3290,2025-05-29 21:20:09,286.0
0.5640,16.9960,0.5810,97.0840,1.4050,2025-05-29 21:20:09,286.0
0.5920,17.1120,0.6930,97.0710,1.4720,2025-05-29 21:20:09,286.0
0.6330,17.0810,0.4620,97.0010,1.5760,2025-05-29 21:20:09,286.0
0.5810,16.8990,0.63,97.2360,1.36,2025-05-29 21:20:09,286.0
0.5620,16.8550,0.4580,97.0760,1.3150,2025-05-29 21:20:09,286.0
0.5940,16.9490,0.5910,97.1490,1.4180,2025-05-29 21:20:09,286.0
0.57,16.9140,0.5880,97.1090,1.3350,2025-05-29 21:20:09,286.0
0.5810,16.9870,0.5670,96.9290,1.4320,2025-05-29 21:20:09,286.0
0.5990,16.9830,0.6860,96.9210,1.4760,2025-05-29 21:20:09,286.0
0.5980,16.88,0.6830,97.0680,1.4170,2025-05-29 21:20:09,286.0
0.5860,16.9610,0.5290,97.0230,1.3430,2025-05-29 21:20:09,286.0
0.5980,17.0620,0.5080,97.0940,1.4290,2025-05-29 21:20:09,286.0
0.5750,16.9490,0.5290,97.1730,1.4130,2025-05-29 21:20:09,286.0
0.5620,16.8890,0.6580,97.18,1.3080,2025-05-29 21:20:09,286.0
0.5770,16.9650,0.5320,97.0480,1.4190,2025-05-30 12:57:21,287.0
0.6230,16.9740,0.5740,97.0630,1.4610,2025-05-30 12:57:21,287.0
0.6120,16.9460,0.6790,97.1130,1.4820,2025-05-30 12:57:21,287.0
0.5880,16.83,0.42,97.2890,1.46,2025-05-30 12:57:21,287.0
0.5940,16.9240,0.49,97.0840,1.4140,2025-05-30 12:57:21,287.0
0.58,16.8580,0.5110,97.1370,1.5540,2025-05-30 12:57:21,287.0
0.5880,16.8730,0.5850,97.2160,1.3810,2025-05-30 12:57:21,287.0
0.59,16.9390,0.6440,96.9690,1.3920,2025-05-30 12:57:21,287.0
0.5940,16.8950,0.56,97.3850,1.45,2025-05-30 12:57:21,287.0
0.5910,16.9490,0.5080,96.9910,1.4190,2025-05-30 12:57:21,287.0
0.5920,16.9080,0.3810,97.2620,1.4090,2025-05-30 12:57:21,287.0
0.5690,16.76,0.3920,97.1210,1.4060,2025-05-30 12:57:21,287.0
0.5780,16.8390,0.3810,96.9550,1.39,2025-05-30 12:57:21,287.0
0.5730,16.93,0.5150,96.9070,1.3970,2025-05-30 12:57:21,287.0
0.5920,16.8950,0.5560,97.1990,1.45,2025-05-30 12:57:21,287.0
0.5790,16.8450,0.5810,97.1170,1.4540,2025-05-30 12:57:21,287.0
0.5870,16.9550,0.5040,97.2810,1.4210,2025-05-30 12:57:21,287.0
0.58,16.8360,0.64,97.1190,1.43,2025-05-30 12:57:21,287.0
0.5790,16.9550,0.48,97.3380,1.4270,2025-05-30 12:57:21,287.0
0.5640,17.0020,0.4690,97.0560,1.3910,2025-05-30 12:57:21,287.0
0.5860,16.9710,0.7040,96.8840,1.4260,2025-06-03 18:36:37,288.0
0.5660,16.9930,0.35,97.3890,1.4860,2025-06-03 18:36:37,288.0
0.5450,16.8920,0.6130,97.3210,1.4080,2025-06-03 18:36:37,288.0
0.5480,17.0870,0.4170,96.8610,1.4430,2025-06-03 18:36:37,288.0
0.5670,16.9020,0.5840,97.0980,1.5050,2025-06-03 18:36:37,288.0
0.5170,16.8640,0.55,96.9380,1.3720,2025-06-03 18:36:37,288.0
0.5630,16.9520,0.4940,97.0670,1.4690,2025-06-03 18:36:37,288.0
0.5430,17.0460,0.4380,96.9340,1.3350,2025-06-03 18:36:37,288.0
0.5870,16.9740,0.4760,97.2410,1.4970,2025-06-03 18:36:37,288.0
0.5580,17.0370,0.6760,96.8650,1.4170,2025-06-03 18:36:37,288.0
0.5670,17.0430,0.4760,97.0120,1.5010,2025-06-03 18:36:37,288.0
0.5330,16.8770,0.7870,96.93,1.4730,2025-06-03 18:36:37,288.0
0.5620,16.9680,0.6610,97.14,1.4210,2025-06-03 18:36:37,288.0
0.5710,16.9360,0.5710,96.9130,1.5450,2025-06-03 18:36:37,288.0
0.5520,16.9080,0.6960,97.0360,1.4560,2025-06-03 18:36:37,288.0
0.5650,16.93,0.6230,97.1630,1.4490,2025-06-03 18:36:37,288.0
0.5610,16.9330,0.5460,97.1630,1.4450,2025-06-03 18:36:37,288.0
0.58,16.9430,0.6090,97.0410,1.4750,2025-06-03 18:36:37,288.0
0.5840,16.9830,0.5280,97.3140,1.6230,2025-06-03 18:36:37,288.0
0.5590,17.0930,0.55,96.8060,1.5040,2025-06-03 18:36:37,288.0
0.5660,16.8670,0.4970,97.2180,1.4080,2025-06-03 21:16:40,289.0
0.5610,16.9110,0.5210,97.0710,1.4390,2025-06-03 21:16:40,289.0
0.5980,16.9170,0.6370,97.0110,1.4690,2025-06-03 21:16:40,289.0
0.5750,16.9140,0.6480,97.3070,1.4140,2025-06-03 21:16:40,289.0
0.5690,16.9710,0.5290,97.16,1.4010,2025-06-03 21:16:40,289.0
0.5590,16.9460,0.6270,97.2140,1.4260,2025-06-03 21:16:40,289.0
0.5630,17.0930,0.56,97.14,1.35,2025-06-03 21:16:40,289.0
0.58,16.9650,0.5850,97.1820,1.3920,2025-06-03 21:16:40,289.0
0.57,16.8360,0.6050,97.1450,1.4990,2025-06-03 21:16:40,289.0
0.5880,17.0210,0.6970,97.1250,1.43,2025-06-03 21:16:40,289.0
0.5940,16.9770,0.5250,97.0250,1.4050,2025-06-03 21:16:40,289.0
0.5680,16.9270,0.6330,96.9770,1.4520,2025-06-03 21:16:40,289.0
0.5710,16.9110,0.6270,97.1610,1.3450,2025-06-03 21:16:40,289.0
0.5730,16.9330,0.5910,97.4190,1.3180,2025-06-03 21:16:40,289.0
0.58,16.9080,0.6440,96.9960,1.4280,2025-06-03 21:16:40,289.0
0.5740,16.9580,0.5740,97.0610,1.5580,2025-06-03 21:16:40,289.0
0.5720,16.9430,0.5350,96.9320,1.4890,2025-06-03 21:16:40,289.0
0.5840,17.0460,0.6790,96.9970,1.4180,2025-06-03 21:16:40,289.0
0.5670,16.9740,0.4790,97.25,1.4830,2025-06-03 21:16:40,289.0
0.56,16.8330,0.55,97.1070,1.3840,2025-06-03 21:16:40,289.0
0.5780,16.9550,0.7350,97.1350,1.5850,2025-06-04 10:56:23,290.0
0.5930,17.0020,0.3990,97.2680,1.4290,2025-06-04 10:56:23,290.0
0.5770,16.9770,0.5040,97.2840,1.4990,2025-06-04 10:56:23,290.0
0.58,16.9680,0.6370,96.7820,1.4430,2025-06-04 10:56:23,290.0
0.6060,16.9520,0.6090,97.1120,1.53,2025-06-04 10:56:23,290.0
0.6090,17.0840,0.5390,97.0110,0.0170,2025-06-04 10:56:23,290.0
0.6090,17.0650,0.4480,97.1130,1.49,2025-06-04 10:56:23,290.0
0.5860,16.9650,0.3360,97.1370,1.5230,2025-06-04 10:56:23,290.0
0.5670,16.9830,0.5810,97,1.4180,2025-06-04 10:56:23,290.0
0.5670,17.0240,0.4170,97.2330,1.3970,2025-06-04 10:56:23,290.0
0.5820,17.0120,0.4830,97.0010,1.4850,2025-06-04 10:56:23,290.0
0.6020,16.93,0.4060,96.8910,1.4730,2025-06-04 10:56:23,290.0
0.59,16.9960,0.6890,96.8580,1.5650,2025-06-04 10:56:23,290.0
0.5810,17.0530,0.5780,97.2710,1.4150,2025-06-04 10:56:23,290.0
0.5410,16.9650,0.6090,97.0470,1.3520,2025-06-04 10:56:23,290.0
0.5960,16.9490,0.5740,97.3510,1.5860,2025-06-04 10:56:23,290.0
0.5770,16.8990,0.3850,96.9880,1.4550,2025-06-04 10:56:23,290.0
0.5680,17.0710,0.4790,96.9060,1.5090,2025-06-04 10:56:23,290.0
0.5770,16.9170,0.5210,97.1810,1.4650,2025-06-04 10:56:23,290.0
0.5660,17.0020,0.6160,97.27,1.5210,2025-06-04 10:56:23,290.0
0.5880,17.0340,0.3890,97.0030,1.4760,2025-06-04 12:56:25,291.0
0.5730,16.9580,0.5770,97.0810,1.4730,2025-06-04 12:56:25,291.0
0.5750,16.9270,0.6440,97.0410,1.4640,2025-06-04 12:56:25,291.0
0.5840,17.0020,0.6090,97.1310,1.4790,2025-06-04 12:56:25,291.0
0.58,16.8890,0.6860,96.9780,1.4550,2025-06-04 12:56:25,291.0
0.5960,17.0560,0.4790,96.9390,1.5570,2025-06-04 12:56:25,291.0
0.5760,17.0240,0.5980,97.0120,1.4490,2025-06-04 12:56:25,291.0
0.5880,16.9930,0.63,97.08,1.4340,2025-06-04 12:56:25,291.0
0.6060,17.0750,0.6760,96.9670,1.4050,2025-06-04 12:56:25,291.0
0.6120,17.0090,0.5910,97.1160,1.6030,2025-06-04 12:56:25,291.0
0.5870,17.0150,0.5670,96.9810,1.3670,2025-06-04 12:56:25,291.0
0.5840,17.0180,0.5980,96.90,1.4380,2025-06-04 12:56:25,291.0
0.5770,16.9740,0.5670,96.9780,1.3990,2025-06-04 12:56:25,291.0
0.5780,17.0430,0.3750,97.1410,1.4590,2025-06-04 12:56:25,291.0
0.5620,16.9650,0.4450,97.0980,1.4320,2025-06-04 12:56:25,291.0
0.5740,16.9610,0.4620,97.1050,1.4190,2025-06-04 12:56:25,291.0
0.5520,16.7950,0.6760,97.0610,1.3760,2025-06-04 12:56:25,291.0
0.5960,16.9770,0.4380,97.0890,1.4620,2025-06-04 12:56:25,291.0
0.5820,17.0050,0.7320,97.0810,1.46,2025-06-04 12:56:25,291.0
0.5950,16.9610,0.4160,97.2390,1.4380,2025-06-04 12:56:25,291.0
0.5840,16.9020,0.6790,97.0670,1.50,2025-06-04 18:46:31,292.0
0.5760,16.9110,0.4520,97.0090,1.3650,2025-06-04 18:46:31,292.0
0.5760,16.9740,0.4730,97.2170,1.5140,2025-06-04 18:46:31,292.0
0.5920,16.99,0.5010,97.1730,1.4830,2025-06-04 18:46:31,292.0
0.5850,16.9270,0.56,97.4310,1.4930,2025-06-04 18:46:31,292.0
0.5960,16.9490,0.6620,96.9790,1.4780,2025-06-04 18:46:31,292.0
0.5820,16.9580,0.8750,96.9650,1.3950,2025-06-04 18:46:31,292.0
0.5590,16.9110,0.42,97.2090,1.4040,2025-06-04 18:46:31,292.0
0.5740,16.93,0.5010,96.8140,1.4290,2025-06-04 18:46:31,292.0
0.5610,16.8510,0.64,97.0650,1.4540,2025-06-04 18:46:31,292.0
0.57,16.8730,0.4730,97.0680,1.4120,2025-06-04 18:46:31,292.0
0.5760,16.9210,0.7140,97.4930,1.4850,2025-06-04 18:46:31,292.0
0.5910,16.9610,0.5740,97.1030,1.4270,2025-06-04 18:46:31,292.0
0.5970,16.9740,0.5560,97.2380,1.4590,2025-06-04 18:46:31,292.0
0.5750,16.8990,0.4730,97.09,1.4430,2025-06-04 18:46:31,292.0
0.5590,16.8580,0.5250,96.9040,1.4460,2025-06-04 18:46:31,292.0
0.6050,16.8920,0.5290,97.1480,1.4890,2025-06-04 18:46:31,292.0
0.5580,16.98,0.6480,96.9230,1.4460,2025-06-04 18:46:31,292.0
0.5440,16.8640,0.6410,97.0570,1.5120,2025-06-04 18:46:31,292.0
0.5740,16.8890,0.5640,96.7310,1.4610,2025-06-04 18:46:31,292.0
0.5560,16.9330,0.4090,96.9770,1.4190,2025-07-02 11:30:41,293.0
0.5870,16.9390,0.5740,96.8260,1.5060,2025-07-02 11:30:41,293.0
0.5850,16.8080,0.4550,97.0540,1.4660,2025-07-02 11:30:41,293.0
0.5810,16.8860,0.6510,96.90,1.4730,2025-07-02 11:30:41,293.0
0.5730,16.8950,0.42,97.0160,1.3910,2025-07-02 11:30:41,293.0
0.5650,16.9170,0.3920,96.8580,1.4550,2025-07-02 11:30:41,293.0
0.5710,16.9110,0.55,97.1740,1.4310,2025-07-02 11:30:41,293.0
0.5650,16.8640,0.4760,96.9940,1.4480,2025-07-02 11:30:41,293.0
0.5990,16.9430,0.3740,97.09,1.4650,2025-07-02 11:30:41,293.0
0.5760,17.0620,0.5460,97.0310,1.4450,2025-07-02 11:30:41,293.0
0.58,16.93,0.5420,96.7940,1.4660,2025-07-02 11:30:41,293.0
0.5960,16.88,0.4860,97.0580,1.4730,2025-07-02 11:30:41,293.0
0.5770,16.9870,0.2730,96.9490,1.4030,2025-07-02 11:30:41,293.0
0.5810,16.9170,0.5740,96.8780,1.5250,2025-07-02 11:30:41,293.0
0.5690,16.8640,0.6620,97.13,1.3820,2025-07-02 11:30:41,293.0
0.5670,16.8770,0.5250,97.17,1.3980,2025-07-02 11:30:41,293.0
0.5930,16.9610,0.5110,97.0590,1.4780,2025-07-02 11:30:41,293.0
0.5890,17.0180,0.3710,96.9140,1.5130,2025-07-02 11:30:41,293.0
0.5870,16.8330,0.4340,97.1040,1.4370,2025-07-02 11:30:41,293.0
0.5660,16.8330,0.5320,97.03,1.4080,2025-07-02 11:30:41,293.0
0.5830,16.9240,0.5460,97.1270,1.4830,2025-07-02 13:05:45,294.0
0.5780,16.9520,0.5080,96.7650,1.53,2025-07-02 13:05:45,294.0
0.5840,16.9520,0.3850,97.0480,1.4430,2025-07-02 13:05:45,294.0
0.5630,16.9430,0.2870,96.9710,1.3530,2025-07-02 13:05:45,294.0
0.5940,16.8950,0.4090,97.0670,1.4610,2025-07-02 13:05:45,294.0
0.5790,16.8550,0.3470,97.2260,1.4720,2025-07-02 13:05:45,294.0
0.5640,16.8770,0.4760,97.1540,1.4060,2025-07-02 13:05:45,294.0
0.5960,17.0050,0.5350,97.1290,0.0210,2025-07-02 13:05:45,294.0
0.5840,16.88,0.5360,96.9410,1.5130,2025-07-02 13:05:45,294.0
0.5660,16.8550,0.5460,97.1030,1.46,2025-07-02 13:05:45,294.0
0.6030,16.9680,0.5290,97.0760,1.43,2025-07-02 13:05:45,294.0
0.56,16.9930,0.6060,97.2120,1.4530,2025-07-02 13:05:45,294.0
0.5720,16.9460,0.3080,97.2050,1.4770,2025-07-02 13:05:45,294.0
0.5960,16.9770,0.4130,97.1330,1.4620,2025-07-02 13:05:45,294.0
0.5690,16.7640,0.5770,97.12,1.4920,2025-07-02 13:05:45,294.0
0.60,16.8830,0.5150,96.8820,1.5410,2025-07-02 13:05:45,294.0
0.5670,16.9050,0.4170,96.9060,1.3780,2025-07-02 13:05:45,294.0
0.5730,16.8580,0.3710,96.96,1.4260,2025-07-02 13:05:45,294.0
0.5730,16.8860,0.6960,96.9780,1.4030,2025-07-02 13:05:45,294.0
0.5620,16.9240,0.4270,97.0840,1.3820,2025-07-02 13:05:45,294.0
0.58,16.8730,0.5780,96.8690,1.4230,2025-07-02 20:00:57,295.0
0.5890,16.9770,0.4270,97.0150,1.5610,2025-07-02 20:00:57,295.0
0.5750,16.88,0.35,96.9590,1.4260,2025-07-02 20:00:57,295.0
0.5660,16.9650,0.56,97.15,1.4420,2025-07-02 20:00:57,295.0
0.5670,17.0120,0.4870,96.9690,1.4560,2025-07-02 20:00:57,295.0
0.5860,16.9490,0.4620,97.1340,1.5290,2025-07-02 20:00:57,295.0
0.5770,16.9650,0.5740,97.1030,1.4640,2025-07-02 20:00:57,295.0
0.5830,16.87,0.5850,97.1670,1.46,2025-07-02 20:00:57,295.0
0.5760,16.8550,0.3710,97.0190,1.4870,2025-07-02 20:00:57,295.0
0.5970,16.9460,0.5390,97.1610,1.50,2025-07-02 20:00:57,295.0
0.5620,16.8640,0.3150,97.1620,1.4630,2025-07-02 20:00:57,295.0
0.5790,17.0310,0.49,96.9960,1.5130,2025-07-02 20:00:57,295.0
0.5950,17.0680,0.3710,96.9020,1.4150,2025-07-02 20:00:57,295.0
0.5770,16.8830,0.4790,97.2180,1.48,2025-07-02 20:00:57,295.0
0.5660,16.93,0.2870,96.9950,1.4260,2025-07-02 20:00:57,295.0
0.5920,17.0240,0.3460,97.1250,1.5240,2025-07-02 20:00:57,295.0
0.5750,16.8670,0.4510,97.1660,1.5170,2025-07-02 20:00:57,295.0
0.5810,16.8950,0.4620,96.9240,1.4780,2025-07-02 20:00:57,295.0
0.5730,16.87,0.4020,97.1540,1.4130,2025-07-02 20:00:57,295.0
0.5760,16.9770,0.4970,97.0480,1.4250,2025-07-02 20:00:57,295.0
0.6010,17.0530,0.43,97.0650,1.5570,2025-07-03 12:42:03,296.0
0.5820,16.9580,0.4240,97,1.4720,2025-07-03 12:42:03,296.0
0.5740,16.9930,0.48,97.2960,1.43,2025-07-03 12:42:03,296.0
0.5680,17.0310,0.5220,96.8390,1.4590,2025-07-03 12:42:03,296.0
0.5660,16.9360,0.3780,97.1460,1.3990,2025-07-03 12:42:03,296.0
0.5640,16.9390,0.6410,96.95,1.3840,2025-07-03 12:42:03,296.0
0.59,16.9680,0.42,97.18,1.4780,2025-07-03 12:42:03,296.0
0.5840,16.9240,0.3710,97.0890,1.4540,2025-07-03 12:42:03,296.0
0.5810,17.0430,0.7210,96.9610,1.4570,2025-07-03 12:42:03,296.0
0.5770,16.98,0.3180,96.9770,1.4850,2025-07-03 12:42:03,296.0
0.5620,17.0560,0.2450,97.0650,1.3780,2025-07-03 12:42:03,296.0
0.60,17.0370,0.4060,97.0820,1.4610,2025-07-03 12:42:03,296.0
0.5710,16.98,0.4440,97.0680,1.4780,2025-07-03 12:42:03,296.0
0.5780,17.0460,0.3990,97.0930,1.4260,2025-07-03 12:42:03,296.0
0.5660,16.9020,0.5740,97.1130,1.42,2025-07-03 12:42:03,296.0
0.58,16.9650,0.43,97.1320,1.4490,2025-07-03 12:42:03,296.0
0.5840,17.0460,0.5080,96.9070,1.4550,2025-07-03 12:42:03,296.0
0.58,16.9740,0.6830,97.0580,1.48,2025-07-03 12:42:03,296.0
0.5770,16.9390,0.4940,96.96,1.4920,2025-07-03 12:42:03,296.0
0.56,17.0370,0.2970,96.9910,1.3660,2025-07-03 12:42:03,296.0
0.5930,16.8990,0.4860,97.1650,1.5350,2025-07-03 13:22:07,297.0
0.5710,16.9710,0.4650,96.9530,1.4230,2025-07-03 13:22:07,297.0
0.5920,17.0120,0.6410,96.9730,1.52,2025-07-03 13:22:07,297.0
0.5790,17.0560,0.4650,96.8790,1.3740,2025-07-03 13:22:07,297.0
0.5730,16.93,0.5640,97.1040,1.4430,2025-07-03 13:22:07,297.0
0.5710,17.0090,0.4090,96.9540,1.5290,2025-07-03 13:22:07,297.0
0.5920,16.9430,0.5040,96.9940,1.50,2025-07-03 13:22:07,297.0
0.5840,16.9710,0.4090,97.1770,1.53,2025-07-03 13:22:07,297.0
0.5920,16.9430,0.5150,97.2220,1.5390,2025-07-03 13:22:07,297.0
0.5760,16.9830,0.42,96.91,1.4450,2025-07-03 13:22:07,297.0
0.5740,16.9170,0.4830,97.0660,1.47,2025-07-03 13:22:07,297.0
0.5750,16.9210,0.4410,96.9650,1.4160,2025-07-03 13:22:07,297.0
0.5770,16.9360,0.5110,97.1960,1.53,2025-07-03 13:22:07,297.0
0.5760,17.0210,0.5640,97.0510,1.4330,2025-07-03 13:22:07,297.0
0.6160,17.0120,0.5770,97.2430,1.4840,2025-07-03 13:22:07,297.0
0.56,16.9740,0.4480,96.9670,1.3820,2025-07-03 13:22:07,297.0
0.59,17.0090,0.5210,97.1960,1.4640,2025-07-03 13:22:07,297.0
0.5710,16.8890,0.4340,97.0940,1.3810,2025-07-03 13:22:07,297.0
0.5760,17.0120,0.5530,97.3270,1.3760,2025-07-03 13:22:07,297.0
0.5740,16.9770,0.4940,97.1250,1.4420,2025-07-03 13:22:07,297.0
0.5760,16.9170,0.5210,97.1060,1.4030,2025-07-03 19:22:17,298.0
0.5810,16.9610,0.4870,97.1790,1.3950,2025-07-03 19:22:17,298.0
0.56,16.87,0.3670,97.0230,1.4230,2025-07-03 19:22:17,298.0
0.5660,16.9650,0.4860,96.9350,1.3750,2025-07-03 19:22:17,298.0
0.5720,16.8420,0.3290,97.1220,1.4170,2025-07-03 19:22:17,298.0
0.5860,16.9270,0.5670,96.9720,1.4530,2025-07-03 19:22:17,298.0
0.5910,16.9210,0.3890,97.0650,1.4810,2025-07-03 19:22:17,298.0
0.5780,16.8990,0.55,96.8320,0.0150,2025-07-03 19:22:17,298.0
0.5810,16.8890,0.56,96.9950,1.50,2025-07-03 19:22:17,298.0
0.5760,16.88,0.5420,96.9980,1.4470,2025-07-03 19:22:17,298.0
0.5750,16.9020,0.7210,97.10,1.49,2025-07-03 19:22:17,298.0
0.5760,16.98,0.5350,97.0420,1.4680,2025-07-03 19:22:17,298.0
0.57,16.87,0.2760,97.1870,1.4770,2025-07-03 19:22:17,298.0
0.5770,17.0340,0.4340,96.9130,1.3580,2025-07-03 19:22:17,298.0
0.6040,17.0180,0.5210,97.23,1.4820,2025-07-03 19:22:17,298.0
0.6070,16.8730,0.5110,97.2690,1.5330,2025-07-03 19:22:17,298.0
0.5670,16.9170,0.3990,97.3160,1.4510,2025-07-03 19:22:17,298.0
0.5870,16.93,0.4170,97.2850,1.4790,2025-07-03 19:22:17,298.0
0.6010,16.8730,0.3810,96.8690,1.5340,2025-07-03 19:22:17,298.0
0.5670,16.9650,0.4060,97.1350,1.4070,2025-07-03 19:22:17,298.0
0.5990,16.9930,0.3430,97.1540,1.5370,2025-07-03 21:22:21,299.0
0.5960,16.9770,0.3360,97,1.5920,2025-07-03 21:22:21,299.0
0.5880,16.93,0.4340,97.0890,1.5390,2025-07-03 21:22:21,299.0
0.5810,16.9110,0.3610,97.11,1.4790,2025-07-03 21:22:21,299.0
0.6010,16.99,0.4270,97.3440,1.5610,2025-07-03 21:22:21,299.0
0.5890,16.8990,0.3430,97.1140,1.55,2025-07-03 21:22:21,299.0
0.5750,16.8550,0.5280,96.9270,1.4460,2025-07-03 21:22:21,299.0
0.6120,17.0150,0.3570,97.0410,1.61,2025-07-03 21:22:21,299.0
0.6010,17.0710,0.4520,96.9820,1.57,2025-07-03 21:22:21,299.0
0.59,16.8230,0.3920,97.1440,1.6190,2025-07-03 21:22:21,299.0
0.5860,16.99,0.3430,97.2630,1.5760,2025-07-03 21:22:21,299.0
0.5930,16.9610,0.4380,97.23,1.5130,2025-07-03 21:22:21,299.0
0.5850,16.9650,0.3640,97.1470,1.5190,2025-07-03 21:22:21,299.0
0.58,16.9020,0.5350,96.9570,1.5230,2025-07-03 21:22:21,299.0
0.5730,16.9490,0.3540,97.0710,1.4990,2025-07-03 21:22:21,299.0
0.5840,16.9430,0.6090,97.1120,1.4690,2025-07-03 21:22:21,299.0
0.57,16.8640,0.56,96.9980,1.4950,2025-07-03 21:22:21,299.0
0.5550,16.9610,0.3190,96.9820,1.5010,2025-07-03 21:22:21,299.0
0.5820,17.0090,0.3920,97.0850,1.47,2025-07-03 21:22:21,299.0
0.5830,16.9960,0.4480,97.2210,1.5830,2025-07-03 21:22:21,299.0
0.58,16.9430,0.3290,96.96,1.4340,2025-07-04 11:29:10,300.0
0.60,16.9430,0.3810,96.7970,1.4060,2025-07-04 11:29:10,300.0
0.5860,17.0150,0.4830,97.0480,1.4710,2025-07-04 11:29:10,300.0
0.5680,16.9170,0.4480,97.1440,1.4390,2025-07-04 11:29:10,300.0
0.5870,17.0870,0.5290,96.9410,1.3930,2025-07-04 11:29:10,300.0
0.5780,16.9140,0.5080,97.4030,1.5520,2025-07-04 11:29:10,300.0
0.5790,16.9020,0.4480,96.9270,1.4280,2025-07-04 11:29:10,300.0
0.5820,16.9550,0.3670,97.1180,1.46,2025-07-04 11:29:10,300.0
0.5750,16.9330,0.3610,97.0720,1.4630,2025-07-04 11:29:10,300.0
0.5630,16.9110,0.5430,97.1320,1.40,2025-07-04 11:29:10,300.0
0.5720,16.9080,0.4550,97.19,1.5020,2025-07-04 11:29:10,300.0
0.5790,16.9170,0.5740,97.0750,1.4190,2025-07-04 11:29:10,300.0
0.5820,17.0050,0.3990,96.9410,1.4410,2025-07-04 11:29:10,300.0
0.5470,16.8860,0.3360,97.0680,1.3740,2025-07-04 11:29:10,300.0
0.5550,16.9140,0.3610,96.9690,1.3620,2025-07-04 11:29:10,300.0
0.5750,16.9170,0.5110,97.1920,1.4380,2025-07-04 11:29:10,300.0
0.5770,16.9520,0.4520,96.93,1.5090,2025-07-04 11:29:10,300.0
0.57,16.8950,0.4830,97.1150,1.5080,2025-07-04 11:29:10,300.0
0.5830,16.9710,0.3150,97.1420,1.4440,2025-07-04 11:29:10,300.0
0.5720,16.9490,0.4340,97.0690,1.4080,2025-07-04 11:29:10,300.0
0.59,16.9770,0.5080,96.89,1.45,2025-07-04 13:04:16,301.0
0.58,16.9550,0.63,97.1580,1.4970,2025-07-04 13:04:16,301.0
0.6090,16.8950,0.5220,97.0510,1.6290,2025-07-04 13:04:16,301.0
0.5770,16.9460,0.4230,97.0580,1.4680,2025-07-04 13:04:16,301.0
0.5730,16.9710,0.4940,97.1610,1.36,2025-07-04 13:04:16,301.0
0.5810,16.9580,0.5250,97.1350,1.4460,2025-07-04 13:04:16,301.0
0.6040,16.9210,0.5280,97.0350,0.0230,2025-07-04 13:04:16,301.0
0.5790,16.9110,0.3880,97.21,1.4740,2025-07-04 13:04:16,301.0
0.57,16.8990,0.6120,97.0060,1.4340,2025-07-04 13:04:16,301.0
0.5880,16.9080,0.3920,97.0090,1.5080,2025-07-04 13:04:16,301.0
0.5920,16.8830,0.5250,96.9150,1.4630,2025-07-04 13:04:16,301.0
0.5710,16.8950,0.3780,96.9960,1.4470,2025-07-04 13:04:16,301.0
0.5850,16.87,0.5390,97.0960,1.4480,2025-07-04 13:04:16,301.0
0.6010,16.8860,0.4620,97.2030,1.4440,2025-07-04 13:04:16,301.0
0.5890,16.8920,0.5320,97.1350,1.5120,2025-07-04 13:04:16,301.0
0.5560,16.9050,0.6680,97.2050,1.3310,2025-07-04 13:04:16,301.0
0.5410,16.8990,0.49,97.14,1.37,2025-07-04 13:04:16,301.0
0.5870,16.9080,0.5150,97.03,1.4930,2025-07-04 13:04:16,301.0
0.5390,16.8950,0.5980,96.9750,1.3540,2025-07-04 13:04:16,301.0
0.5670,16.9020,0.6060,96.9320,1.3990,2025-07-04 13:04:16,301.0
0.5970,16.8670,0.4760,97.07,1.5140,2025-07-04 19:49:35,302.0
0.60,16.9020,0.4650,96.9560,1.4960,2025-07-04 19:49:35,302.0
0.5550,16.8480,0.5880,96.9210,1.3820,2025-07-04 19:49:35,302.0
0.5750,16.8110,0.7070,96.9990,1.5110,2025-07-04 19:49:35,302.0
0.5690,16.8670,0.5360,97.3630,1.3880,2025-07-04 19:49:35,302.0
0.5780,16.9080,0.4690,97.0270,1.4080,2025-07-04 19:49:35,302.0
0.5570,17.0090,0.4870,96.9310,1.4790,2025-07-04 19:49:35,302.0
0.5710,16.9330,0.4380,97.0130,1.4960,2025-07-04 19:49:35,302.0
0.5740,16.8450,0.4270,97.1280,1.4460,2025-07-04 19:49:35,302.0
0.5770,16.8920,0.3540,97.0260,1.4410,2025-07-04 19:49:35,302.0
0.5930,16.9740,0.5950,96.9220,1.5560,2025-07-04 19:49:35,302.0
0.5780,16.9140,0.4970,97.1190,1.4810,2025-07-04 19:49:35,302.0
0.5820,16.8670,0.4440,97.0640,1.4920,2025-07-04 19:49:35,302.0
0.5680,16.8860,0.4760,97.0970,1.4330,2025-07-04 19:49:35,302.0
0.60,16.7980,0.56,97.0130,1.5730,2025-07-04 19:49:35,302.0
0.5840,16.9020,0.4620,97.1680,1.4580,2025-07-04 19:49:35,302.0
0.5870,16.9020,0.4550,97.14,1.4260,2025-07-04 19:49:35,302.0
0.5770,16.9360,0.3290,97.1640,1.5130,2025-07-04 19:49:35,302.0
0.5980,16.8990,0.5070,97.0330,1.5640,2025-07-04 19:49:35,302.0
0.5850,16.8860,0.3810,97.1810,1.4390,2025-07-04 19:49:35,302.0
0.5760,16.8260,0.4060,96.9970,1.3510,2025-07-04 21:44:39,303.0
0.5810,16.8670,0.5390,97.0530,1.4930,2025-07-04 21:44:39,303.0
0.5830,16.8110,0.4450,97.0570,1.4490,2025-07-04 21:44:39,303.0
0.5780,16.9170,0.5530,96.9480,1.4380,2025-07-04 21:44:39,303.0
0.5860,16.9960,0.5320,96.9310,1.50,2025-07-04 21:44:39,303.0
0.5850,16.8480,0.5630,97.0240,1.5210,2025-07-04 21:44:39,303.0
0.5750,16.9490,0.5150,96.9890,1.4790,2025-07-04 21:44:39,303.0
0.5790,16.98,0.4620,96.9610,1.4980,2025-07-04 21:44:39,303.0
0.6030,16.9520,0.5080,96.9310,1.4750,2025-07-04 21:44:39,303.0
0.6040,17.0340,0.49,96.9010,1.5360,2025-07-04 21:44:39,303.0
0.59,16.9460,0.5560,97.1130,1.5980,2025-07-04 21:44:39,303.0
0.5760,16.8730,0.55,96.9290,1.4350,2025-07-04 21:44:39,303.0
0.5750,16.8990,0.4440,97.2670,1.4850,2025-07-04 21:44:39,303.0
0.5850,16.8450,0.5320,97.0440,1.4980,2025-07-04 21:44:39,303.0
0.5950,16.9360,0.49,97.0320,1.5240,2025-07-04 21:44:39,303.0
0.5810,16.8550,0.3780,96.9270,1.4630,2025-07-04 21:44:39,303.0
0.5830,16.9520,0.4690,97.1630,1.46,2025-07-04 21:44:39,303.0
0.6150,16.8550,0.5250,97.0420,1.5210,2025-07-04 21:44:39,303.0
0.5650,16.8860,0.4510,97.1990,1.3780,2025-07-04 21:44:39,303.0
0.5710,16.8830,0.6020,97.1250,1.4560,2025-07-04 21:44:39,303.0
0.5670,16.9020,0.5350,96.8620,1.5040,2025-07-05 12:26:26,304.0
0.5980,16.8890,0.5850,97.1820,1.5280,2025-07-05 12:26:26,304.0
0.56,16.8860,0.4940,97.1630,1.4090,2025-07-05 12:26:26,304.0
0.5750,16.83,0.4480,97.2410,1.4490,2025-07-05 12:26:26,304.0
0.5860,16.8550,0.4380,97.0380,1.4980,2025-07-05 12:26:26,304.0
0.5880,16.8480,0.6270,97.1140,1.4650,2025-07-05 12:26:26,304.0
0.57,16.9460,0.2420,96.9880,1.3680,2025-07-05 12:26:26,304.0
0.5760,16.8770,0.6090,97.12,1.4010,2025-07-05 12:26:26,304.0
0.5720,16.8950,0.50,97.2390,1.4130,2025-07-05 12:26:26,304.0
0.6020,16.88,0.5350,96.9910,1.5640,2025-07-05 12:26:26,304.0
0.5830,16.9710,0.5740,96.9360,1.4650,2025-07-05 12:26:26,304.0
0.5650,16.76,0.5110,96.9210,1.4130,2025-07-05 12:26:26,304.0
0.5960,16.9520,0.2550,97.17,1.5210,2025-07-05 12:26:26,304.0
0.5850,16.7950,0.4940,96.8670,1.4850,2025-07-05 12:26:26,304.0
0.5470,16.7890,0.3990,97.1290,1.3650,2025-07-05 12:26:26,304.0
0.5710,16.8730,0.3990,97.0710,1.4250,2025-07-05 12:26:26,304.0
0.58,16.8610,0.5150,97.1930,1.5170,2025-07-05 12:26:26,304.0
0.5940,16.9020,0.5070,96.9810,1.5270,2025-07-05 12:26:26,304.0
0.5930,16.8830,0.3670,96.9750,0.0190,2025-07-05 12:26:26,304.0
0.5820,16.9520,0.5840,97.0850,1.41,2025-07-05 12:26:26,304.0
0.6040,16.9360,0.4730,96.8670,1.5030,2025-07-05 13:16:31,305.0
0.5870,16.9990,0.4970,97.0830,1.4890,2025-07-05 13:16:31,305.0
0.57,16.9270,0.36,97.0650,1.38,2025-07-05 13:16:31,305.0
0.59,16.8830,0.55,97.1280,1.4270,2025-07-05 13:16:31,305.0
0.5770,16.9170,0.6120,96.7860,1.4010,2025-07-05 13:16:31,305.0
0.5910,16.99,0.3460,97.1090,1.4750,2025-07-05 13:16:31,305.0
0.5720,16.8830,0.4790,97.1540,1.4430,2025-07-05 13:16:31,305.0
0.5820,16.8990,0.5250,97.0570,1.4810,2025-07-05 13:16:31,305.0
0.6020,17.0120,0.4310,96.9390,1.43,2025-07-05 13:16:31,305.0
0.5640,16.9080,0.55,97.1650,1.4010,2025-07-05 13:16:31,305.0
0.5780,16.8610,0.5910,97.1320,1.5190,2025-07-05 13:16:31,305.0
0.5960,16.9960,0.3540,96.8830,1.5140,2025-07-05 13:16:31,305.0
0.5910,16.9170,0.4830,97.0820,1.4150,2025-07-05 13:16:31,305.0
0.5790,16.9110,0.3320,96.9770,1.3840,2025-07-05 13:16:31,305.0
0.5980,17.0240,0.5770,96.9870,1.4140,2025-07-05 13:16:31,305.0
0.5980,16.9710,0.5350,96.9540,1.4670,2025-07-05 13:16:31,305.0
0.5990,16.9870,0.3990,97.3460,1.5180,2025-07-05 13:16:31,305.0
0.5860,17.0120,0.3080,97.1360,1.38,2025-07-05 13:16:31,305.0
0.6210,16.98,0.4690,96.9680,1.4880,2025-07-05 13:16:31,305.0
0.5960,16.9870,0.3430,96.8710,1.3590,2025-07-05 13:16:31,305.0
0.5840,16.7980,0.6930,96.9620,1.4950,2025-07-05 19:16:38,306.0
0.5670,16.8360,0.5080,96.91,1.4490,2025-07-05 19:16:38,306.0
0.6070,16.9870,0.3460,97.2880,1.51,2025-07-05 19:16:38,306.0
0.5720,16.7920,0.3750,96.9110,1.4530,2025-07-05 19:16:38,306.0
0.5890,16.8510,0.3890,96.8660,1.4770,2025-07-05 19:16:38,306.0
0.5640,16.7950,0.5910,97.0550,1.3840,2025-07-05 19:16:38,306.0
0.5750,16.9140,0.3990,96.8390,1.4050,2025-07-05 19:16:38,306.0
0.5650,16.8080,0.4450,97.2260,1.3540,2025-07-05 19:16:38,306.0
0.5760,16.8140,0.5040,96.8520,1.4260,2025-07-05 19:16:38,306.0
0.59,16.99,0.49,97.0580,1.5040,2025-07-05 19:16:38,306.0
0.5920,16.8260,0.3920,97.1910,1.5030,2025-07-05 19:16:38,306.0
0.5980,16.9240,0.3010,97.0980,1.5070,2025-07-05 19:16:38,306.0
0.6030,16.8670,0.4440,97.0280,1.5680,2025-07-05 19:16:38,306.0
0.5590,16.8040,0.6090,97.0530,1.4660,2025-07-05 19:16:38,306.0
0.5810,16.8610,0.5880,97.11,1.5680,2025-07-05 19:16:38,306.0
0.5780,16.7890,0.50,97.0940,1.4630,2025-07-05 19:16:38,306.0
0.5820,16.8080,0.41,96.9480,1.4140,2025-07-05 19:16:38,306.0
0.5740,16.8330,0.5220,96.9760,1.4270,2025-07-05 19:16:38,306.0
0.5880,16.7920,0.50,96.9730,1.4240,2025-07-05 19:16:38,306.0
0.5860,16.9110,0.3330,96.9940,1.5310,2025-07-05 19:16:38,306.0
0.5850,16.9740,0.5770,97.1960,1.5590,2025-07-05 21:06:43,307.0
0.5870,16.9390,0.3050,96.9310,1.5180,2025-07-05 21:06:43,307.0
0.5780,16.9490,0.4480,97.1870,1.5540,2025-07-05 21:06:43,307.0
0.5790,16.93,0.5110,96.9450,1.4640,2025-07-05 21:06:43,307.0
0.5810,16.8990,0.5420,96.9150,1.4010,2025-07-05 21:06:43,307.0
0.5770,16.9330,0.5460,97.0830,1.4570,2025-07-05 21:06:43,307.0
0.5920,16.9170,0.2840,97.1260,1.5210,2025-07-05 21:06:43,307.0
0.5890,16.9170,0.3430,97.2460,1.4810,2025-07-05 21:06:43,307.0
0.59,16.8610,0.42,97.03,1.5630,2025-07-05 21:06:43,307.0
0.5970,16.8610,0.5320,97.1780,1.5310,2025-07-05 21:06:43,307.0
0.5680,16.8420,0.6230,97.0590,1.5080,2025-07-05 21:06:43,307.0
0.5710,16.88,0.7250,97.2980,1.5120,2025-07-05 21:06:43,307.0
0.58,16.8830,0.4940,97.2120,1.5340,2025-07-05 21:06:43,307.0
0.5690,16.9050,0.4020,97.0930,1.4790,2025-07-05 21:06:43,307.0
0.5950,16.9520,0.3780,97.0950,1.4920,2025-07-05 21:06:43,307.0
0.5570,16.9240,0.5010,97.1310,1.4150,2025-07-05 21:06:43,307.0
0.5620,16.8770,0.4230,97.2180,1.3430,2025-07-05 21:06:43,307.0
0.6070,16.9240,0.49,97.02,1.6550,2025-07-05 21:06:43,307.0
0.5880,16.9580,0.4520,97.1470,1.5510,2025-07-05 21:06:43,307.0
0.5930,17.0020,0.4970,96.8510,1.5260,2025-07-05 21:06:43,307.0
0.5690,16.9520,0.5810,97.1450,1.3980,2025-07-07 13:11:18,308.0
0.5820,16.9240,0.42,96.9810,1.4920,2025-07-07 13:11:18,308.0
0.5820,16.9490,0.3960,97.2340,1.4440,2025-07-07 13:11:18,308.0
0.5960,16.9550,0.4230,96.9940,1.4380,2025-07-07 13:11:18,308.0
0.56,16.9430,0.3360,97.0210,1.3380,2025-07-07 13:11:18,308.0
0.5850,16.9990,0.4520,97.1790,1.4540,2025-07-07 13:11:18,308.0
0.5740,16.99,0.4550,96.9060,1.4490,2025-07-07 13:11:18,308.0
0.59,16.9580,0.49,96.9070,1.3890,2025-07-07 13:11:18,308.0
0.5750,16.8830,0.3150,96.9380,1.4470,2025-07-07 13:11:18,308.0
0.5640,16.9050,0.5320,96.94,1.3370,2025-07-07 13:11:18,308.0
0.5860,16.9650,0.4480,97.0760,1.5170,2025-07-07 13:11:18,308.0
0.6050,16.9430,0.3670,97.0670,1.4420,2025-07-07 13:11:18,308.0
0.5930,16.9490,0.4970,97.1530,1.4870,2025-07-07 13:11:18,308.0
0.5780,16.9610,0.5560,97.0390,1.3780,2025-07-07 13:11:18,308.0
0.6010,17.1470,0.4690,96.9590,1.52,2025-07-07 13:11:18,308.0
0.58,17.0090,0.4790,97.1820,1.4640,2025-07-07 13:11:18,308.0
0.56,16.9680,0.3570,97.1340,1.3490,2025-07-07 13:11:18,308.0
0.5780,16.7950,0.5150,96.9980,1.4660,2025-07-07 13:11:18,308.0
0.5840,16.9390,0.5210,97.1340,1.4360,2025-07-07 13:11:18,308.0
0.5760,16.9930,0.3890,97.0230,1.3740,2025-07-07 13:11:18,308.0
0.5990,17.0560,0.34,96.8250,1.5850,2025-07-07 13:41:22,309.0
0.5810,16.99,0.4440,96.7140,1.4140,2025-07-07 13:41:22,309.0
0.59,17.0370,0.4310,97.2260,1.5470,2025-07-07 13:41:22,309.0
0.5990,16.9930,0.5530,96.8340,1.5730,2025-07-07 13:41:22,309.0
0.5820,16.9240,0.4170,97.1280,1.46,2025-07-07 13:41:22,309.0
0.5830,17.09,0.3460,97.0240,1.3860,2025-07-07 13:41:22,309.0
0.5840,17.0150,0.4270,97.3310,1.5070,2025-07-07 13:41:22,309.0
0.5960,17.0970,0.4970,96.9080,1.4230,2025-07-07 13:41:22,309.0
0.5640,16.9710,0.3850,97.0830,1.3950,2025-07-07 13:41:22,309.0
0.5580,16.99,0.4060,97.1290,1.3830,2025-07-07 13:41:22,309.0
0.56,16.9460,0.4410,96.8720,1.3540,2025-07-07 13:41:22,309.0
0.5760,16.8730,0.63,97.0020,1.4710,2025-07-07 13:41:22,309.0
0.60,17.0710,0.4970,96.8510,1.4760,2025-07-07 13:41:22,309.0
0.5810,16.8510,0.3960,96.9590,1.46,2025-07-07 13:41:22,309.0
0.5860,17.0180,0.50,97.1930,1.4540,2025-07-07 13:41:22,309.0
0.5620,16.9490,0.4790,96.9550,1.3880,2025-07-07 13:41:22,309.0
0.5730,16.9270,0.4550,96.8820,1.3470,2025-07-07 13:41:22,309.0
0.5660,16.9830,0.4580,97.0660,1.5190,2025-07-07 13:41:22,309.0
0.5890,16.9770,0.35,97.0130,1.3830,2025-07-07 13:41:22,309.0
0.5860,17.0710,0.3180,96.7220,1.4070,2025-07-07 13:41:22,309.0
0.5880,16.9460,0.3570,97.1280,1.4540,2025-07-07 19:26:32,310.0
0.6040,16.8360,0.5570,97.1310,1.4980,2025-07-07 19:26:32,310.0
0.5820,16.9550,0.4480,97.1390,1.4570,2025-07-07 19:26:32,310.0
0.5720,16.9240,0.6020,97.07,1.3960,2025-07-07 19:26:32,310.0
0.5650,17.0020,0.4240,96.8760,1.39,2025-07-07 19:26:32,310.0
0.5650,16.8830,0.4660,96.97,1.4340,2025-07-07 19:26:32,310.0
0.5810,17.0240,0.6230,96.9740,1.4130,2025-07-07 19:26:32,310.0
0.5610,17.0430,0.4340,97.0630,1.3970,2025-07-07 19:26:32,310.0
0.56,16.8420,0.4760,97.1010,1.4010,2025-07-07 19:26:32,310.0
0.5880,16.9490,0.8370,96.9540,1.5250,2025-07-07 19:26:32,310.0
0.6140,16.9930,0.4940,97.0640,1.5830,2025-07-07 19:26:32,310.0
0.5740,16.9140,0.34,97.0620,1.3760,2025-07-07 19:26:32,310.0
0.6060,17.0530,0.3880,97.09,1.4650,2025-07-07 19:26:32,310.0
0.5880,17.0090,0.6230,96.9440,1.4650,2025-07-07 19:26:32,310.0
0.5740,16.8110,0.4060,96.9470,1.4710,2025-07-07 19:26:32,310.0
0.5680,17.0270,0.3990,96.8180,1.3910,2025-07-07 19:26:32,310.0
0.6020,16.99,0.5460,97.0670,1.5290,2025-07-07 19:26:32,310.0
0.5870,16.9580,0.4730,96.7010,1.3740,2025-07-07 19:26:32,310.0
0.5780,16.9330,0.63,96.8740,1.4830,2025-07-07 19:26:32,310.0
0.5940,17.0090,0.29,97.3420,1.4960,2025-07-07 19:26:32,310.0
0.5690,16.9430,0.6720,96.9190,1.4490,2025-07-08 10:57:38,311.0
0.5770,16.9360,0.4790,96.9910,1.4740,2025-07-08 10:57:38,311.0
0.6030,16.9490,0.3880,97.2680,1.4770,2025-07-08 10:57:38,311.0
0.6140,17.09,0.6270,97.1850,1.4880,2025-07-08 10:57:38,311.0
0.5910,16.9460,0.5390,97.1420,1.4730,2025-07-08 10:57:38,311.0
0.6040,17.0560,0.4870,97.2530,1.5280,2025-07-08 10:57:38,311.0
0.5790,16.9170,0.2910,97.2480,1.3830,2025-07-08 10:57:38,311.0
0.5610,17.0490,0.5990,97.1140,1.3880,2025-07-08 10:57:38,311.0
0.6040,17.0780,0.6050,97.0220,1.5060,2025-07-08 10:57:38,311.0
0.5850,16.9490,0.5530,97.1040,1.4740,2025-07-08 10:57:38,311.0
0.6010,16.98,0.4440,97.2070,1.4420,2025-07-08 10:57:38,311.0
0.5890,17.0370,0.5560,96.9930,1.4110,2025-07-08 10:57:38,311.0
0.5750,16.9390,0.4480,96.9910,1.4210,2025-07-08 10:57:38,311.0
0.5840,16.9210,0.4230,97.2130,1.4830,2025-07-08 10:57:38,311.0
0.5740,16.9550,0.5290,97.3220,1.4110,2025-07-08 10:57:38,311.0
0.59,17.0150,0.3010,97.1260,1.4790,2025-07-08 10:57:38,311.0
0.5810,16.98,0.5630,96.7890,1.4330,2025-07-08 10:57:38,311.0
0.5920,16.93,0.5070,97.2740,1.4550,2025-07-08 10:57:38,311.0
0.5740,16.9460,0.4940,96.9150,1.3810,2025-07-08 10:57:38,311.0
0.5780,16.8450,0.5740,96.9250,1.4390,2025-07-08 10:57:38,311.0
0.5860,16.9650,0.4760,96.9730,1.4340,2025-07-08 13:17:43,312.0
0.57,16.9110,0.7210,97.1370,1.4430,2025-07-08 13:17:43,312.0
0.5870,16.88,0.5990,97.18,1.4870,2025-07-08 13:17:43,312.0
0.5940,17.0460,0.5530,96.7870,1.4520,2025-07-08 13:17:43,312.0
0.5740,16.8640,0.4580,96.8360,1.3990,2025-07-08 13:17:43,312.0
0.5440,16.9210,0.3080,97.0580,1.3790,2025-07-08 13:17:43,312.0
0.5790,16.9610,0.2590,97.1890,1.4950,2025-07-08 13:17:43,312.0
0.5770,16.9110,0.4870,97.0470,1.42,2025-07-08 13:17:43,312.0
0.5830,16.9490,0.4380,96.7910,1.45,2025-07-08 13:17:43,312.0
0.5940,16.9960,0.3890,96.8560,1.5160,2025-07-08 13:17:43,312.0
0.5620,17.0180,0.5430,97.0570,1.3610,2025-07-08 13:17:43,312.0
0.6040,16.9740,0.5290,96.9220,1.4950,2025-07-08 13:17:43,312.0
0.5840,16.9550,0.4860,97.1160,1.4730,2025-07-08 13:17:43,312.0
0.5740,16.8990,0.4550,96.9640,1.4560,2025-07-08 13:17:43,312.0
0.5990,16.8990,0.5460,97.0480,1.4710,2025-07-08 13:17:43,312.0
0.57,16.9390,0.5460,97.1440,1.4360,2025-07-08 13:17:43,312.0
0.5650,16.8830,0.3990,97.0830,1.43,2025-07-08 13:17:43,312.0
0.6020,17.0210,0.4620,97.1520,1.5860,2025-07-08 13:17:43,312.0
0.5750,16.8950,0.6160,97.2230,1.43,2025-07-08 13:17:43,312.0
0.5880,16.9330,0.49,96.9110,1.4420,2025-07-08 13:17:43,312.0
0.5690,16.8920,0.3190,97.0120,1.5160,2025-07-08 19:32:56,313.0
0.5950,16.8450,0.3680,97.0120,1.5180,2025-07-08 19:32:56,313.0
0.5850,16.8730,0.3320,96.8040,1.4770,2025-07-08 19:32:56,313.0
0.5940,16.9740,0.4970,97.10,1.5020,2025-07-08 19:32:56,313.0
0.5810,16.9550,0.42,97.0050,1.4940,2025-07-08 19:32:56,313.0
0.5940,16.9460,0.4060,96.8180,1.4340,2025-07-08 19:32:56,313.0
0.5970,16.9210,0.49,97.2720,1.5390,2025-07-08 19:32:56,313.0
0.5830,16.9490,0.6440,97.01,1.4120,2025-07-08 19:32:56,313.0
0.5840,16.9960,0.3990,97.0520,1.4110,2025-07-08 19:32:56,313.0
0.5650,16.88,0.5850,97.1560,1.4280,2025-07-08 19:32:56,313.0
0.5840,16.8390,0.5560,97.1680,1.5090,2025-07-08 19:32:56,313.0
0.5950,16.9110,0.3360,97.02,1.5350,2025-07-08 19:32:56,313.0
0.59,16.9960,0.6410,96.9070,1.4910,2025-07-08 19:32:56,313.0
0.5780,16.9330,0.4730,96.87,1.5410,2025-07-08 19:32:56,313.0
0.5890,16.9330,0.3610,96.8710,1.4740,2025-07-08 19:32:56,313.0
0.5890,16.9270,0.4340,96.9590,1.54,2025-07-08 19:32:56,313.0
0.5980,16.9390,0.4660,96.9170,1.5970,2025-07-08 19:32:56,313.0
0.60,16.9710,0.63,96.7140,1.4510,2025-07-08 19:32:56,313.0
0.5790,16.8670,0.4970,97.0330,1.4890,2025-07-08 19:32:56,313.0
0.5770,16.8450,0.55,96.7840,1.4220,2025-07-08 19:32:56,313.0
0.5720,17.0430,0.3460,97.26,1.5820,2025-07-08 21:33:02,314.0
0.5970,17.0020,0.3640,97.1910,1.4970,2025-07-08 21:33:02,314.0
0.5880,16.9710,0.5220,97.2230,1.4940,2025-07-08 21:33:02,314.0
0.5940,17.0050,0.2830,97.0510,1.5350,2025-07-08 21:33:02,314.0
0.5870,16.9390,0.5950,97.2220,1.4760,2025-07-08 21:33:02,314.0
0.5810,16.9870,0.4090,97.0620,1.4790,2025-07-08 21:33:02,314.0
0.5790,16.9740,0.4060,97.3440,1.4180,2025-07-08 21:33:02,314.0
0.5940,17.0620,0.4940,97.1390,1.5320,2025-07-08 21:33:02,314.0
0.5980,16.9650,0.49,97.0020,1.5290,2025-07-08 21:33:02,314.0
0.5890,17.1470,0.5320,97.0280,1.4750,2025-07-08 21:33:02,314.0
0.5980,16.99,0.3540,97.1830,1.5860,2025-07-08 21:33:02,314.0
0.58,16.9240,0.3710,97.0240,1.51,2025-07-08 21:33:02,314.0
0.5750,16.9210,0.6720,97.0320,1.5420,2025-07-08 21:33:02,314.0
0.5860,16.9990,0.5010,97.04,1.4950,2025-07-08 21:33:02,314.0
0.5760,17.0780,0.4450,97.1740,1.49,2025-07-08 21:33:02,314.0
0.5750,16.9710,0.4970,96.9120,1.45,2025-07-08 21:33:02,314.0
0.5710,16.93,0.4170,97.1740,1.4320,2025-07-08 21:33:02,314.0
0.5680,16.9080,0.3850,97.1290,1.3980,2025-07-08 21:33:02,314.0
0.6070,16.9240,0.3610,97.1790,1.4450,2025-07-08 21:33:02,314.0
0.61,16.9390,0.5780,97.0680,1.5880,2025-07-08 21:33:02,314.0
0.5890,17.0270,0.4690,97.0910,1.4870,2025-07-16 21:20:15,315.0
0.5830,16.8640,0.4620,97.1030,1.4060,2025-07-16 21:20:15,315.0
0.5790,16.9740,0.4520,97.1560,1.4490,2025-07-16 21:20:15,315.0
0.5710,16.87,0.2590,97.0020,1.3950,2025-07-16 21:20:15,315.0
0.5880,17.0560,0.5250,97.0440,1.4280,2025-07-16 21:20:15,315.0
0.5870,16.8830,0.5040,97.0190,1.4780,2025-07-16 21:20:15,315.0
0.5830,16.9140,0.56,97.0510,1.3970,2025-07-16 21:20:15,315.0
0.55,16.8730,0.5810,97.0250,1.3470,2025-07-16 21:20:15,315.0
0.5560,16.9930,0.50,96.9810,1.4230,2025-07-16 21:20:15,315.0
0.5740,16.8390,0.3780,97.1670,1.4840,2025-07-16 21:20:15,315.0
0.6020,16.9740,0.3810,96.9470,1.5030,2025-07-16 21:20:15,315.0
0.56,16.9710,0.4970,97.0740,1.3340,2025-07-16 21:20:15,315.0
0.5770,16.93,0.3640,97.0680,1.4740,2025-07-16 21:20:15,315.0
0.5760,16.88,0.3180,96.9070,1.3180,2025-07-16 21:20:15,315.0
0.5910,16.9550,0.5630,96.8860,1.4020,2025-07-16 21:20:15,315.0
0.5930,16.99,0.4060,97.1810,1.4520,2025-07-16 21:20:15,315.0
0.5910,16.9930,0.5850,96.8310,1.4220,2025-07-16 21:20:15,315.0
0.58,16.9490,0.4520,97.0160,1.4050,2025-07-16 21:20:15,315.0
0.5740,17.0120,0.2520,96.7840,1.4040,2025-07-16 21:20:15,315.0
0.5960,16.9770,0.2940,97.2130,1.4370,2025-07-16 21:20:15,315.0
0.6080,16.7890,0.5740,96.7490,1.4840,2025-07-17 10:40:02,316.0
0.6070,16.9240,0.4380,96.9320,1.4780,2025-07-17 10:40:02,316.0
0.59,16.8360,0.3670,97.0520,1.4590,2025-07-17 10:40:02,316.0
0.6030,16.7820,0.3610,97.3490,1.4750,2025-07-17 10:40:02,316.0
0.59,16.8010,0.3220,96.8980,1.47,2025-07-17 10:40:02,316.0
0.5850,16.8920,0.5490,96.9710,1.4520,2025-07-17 10:40:02,316.0
0.5970,16.7730,0.56,97.0110,1.4490,2025-07-17 10:40:02,316.0
0.5640,16.82,0.3220,97.1810,1.43,2025-07-17 10:40:02,316.0
0.5620,16.8860,0.2940,96.9380,1.4880,2025-07-17 10:40:02,316.0
0.5360,16.8140,0.3080,97.1220,1.3390,2025-07-17 10:40:02,316.0
0.59,16.8010,0.49,97.2730,1.5140,2025-07-17 10:40:02,316.0
0.6040,16.8360,0.6190,96.9560,1.4240,2025-07-17 10:40:02,316.0
0.5740,16.7540,0.3990,97.28,1.4660,2025-07-17 10:40:02,316.0
0.5770,16.77,0.5250,97.2430,1.4730,2025-07-17 10:40:02,316.0
0.5930,16.9080,0.3810,96.9090,1.4150,2025-07-17 10:40:02,316.0
0.6020,16.7540,0.4650,97.1620,1.5690,2025-07-17 10:40:02,316.0
0.6080,16.8420,0.5640,96.87,1.61,2025-07-17 10:40:02,316.0
0.5870,16.76,0.35,97.0640,1.4660,2025-07-17 10:40:02,316.0
0.5790,16.9210,0.4970,96.9170,1.40,2025-07-17 10:40:02,316.0
0.6170,16.7890,0.5220,97.3470,1.5670,2025-07-17 10:40:02,316.0
0.5750,16.7820,0.6270,96.7650,1.3770,2025-07-17 10:55:04,317.0
0.6060,16.9020,0.48,97.20,1.5810,2025-07-17 10:55:04,317.0
0.5920,16.7540,0.5250,97.1680,1.47,2025-07-17 10:55:04,317.0
0.6030,16.8920,0.5810,97.0890,1.5050,2025-07-17 10:55:04,317.0
0.5880,16.8110,0.3750,97.02,1.4590,2025-07-17 10:55:04,317.0
0.6050,16.7790,0.4060,97.2070,1.5640,2025-07-17 10:55:04,317.0
0.60,16.77,0.3750,97.2950,1.5460,2025-07-17 10:55:04,317.0
0.59,16.8830,0.4580,97.3130,1.4430,2025-07-17 10:55:04,317.0
0.60,16.7890,0.6270,96.92,1.5320,2025-07-17 10:55:04,317.0
0.59,16.8550,0.5710,97.2150,1.5420,2025-07-17 10:55:04,317.0
0.5880,16.8670,0.4270,96.8340,1.4920,2025-07-17 10:55:04,317.0
0.5840,16.8640,0.5430,97.5610,1.4280,2025-07-17 10:55:04,317.0
0.58,16.8110,0.3150,96.9530,1.4320,2025-07-17 10:55:04,317.0
0.59,16.9050,0.4240,97.1970,1.4930,2025-07-17 10:55:04,317.0
0.5910,16.8550,0.5080,97.0560,1.5580,2025-07-17 10:55:04,317.0
0.5870,16.8260,0.4270,97.22,1.4620,2025-07-17 10:55:04,317.0
0.5920,16.83,0.4860,97.2230,1.47,2025-07-17 10:55:04,317.0
0.6050,16.8080,0.5320,97.38,1.5170,2025-07-17 10:55:04,317.0
0.5990,16.83,0.3920,97.1220,1.4720,2025-07-17 10:55:04,317.0
0.5640,16.7070,0.50,97.2060,1.4320,2025-07-17 10:55:04,317.0
0.5810,16.9170,0.4060,96.8560,1.4570,2025-07-17 19:15:19,318.0
0.5920,16.9330,0.4860,96.9480,1.55,2025-07-17 19:15:19,318.0
0.5960,16.9330,0.3610,96.9430,1.4780,2025-07-17 19:15:19,318.0
0.5750,16.87,0.3990,97.0750,1.4850,2025-07-17 19:15:19,318.0
0.60,16.8890,0.4060,97.2580,1.5150,2025-07-17 19:15:19,318.0
0.5610,16.8670,0.5250,97.0660,1.49,2025-07-17 19:15:19,318.0
0.5740,16.9680,0.5560,97.1010,1.3980,2025-07-17 19:15:19,318.0
0.58,16.7890,0.5560,96.8830,1.4580,2025-07-17 19:15:19,318.0
0.5650,16.9270,0.4620,97.13,1.5090,2025-07-17 19:15:19,318.0
0.5680,16.8890,0.5350,96.9370,1.4250,2025-07-17 19:15:19,318.0
0.57,16.8420,0.6790,96.8710,1.4640,2025-07-17 19:15:19,318.0
0.5830,16.8920,0.3850,96.8290,1.5190,2025-07-17 19:15:19,318.0
0.6160,16.9110,0.4340,97.2020,1.6140,2025-07-17 19:15:19,318.0
0.5820,16.99,0.5670,97.1240,1.4910,2025-07-17 19:15:19,318.0
0.6070,16.87,0.4020,97.0670,1.6330,2025-07-17 19:15:19,318.0
0.59,16.9330,0.3110,96.8190,1.51,2025-07-17 19:15:19,318.0
0.6070,16.8860,0.4230,96.9930,1.5770,2025-07-17 19:15:19,318.0
0.6140,16.9650,0.4690,97.1620,1.5470,2025-07-17 19:15:19,318.0
0.5870,16.8890,0.3710,97.0910,1.5310,2025-07-17 19:15:19,318.0
0.6010,16.9610,0.5110,96.9750,1.5080,2025-07-17 19:15:19,318.0
0.59,16.93,0.4660,97.07,1.53,2025-07-17 21:40:24,319.0
0.5750,16.8990,0.4970,97.1680,1.4110,2025-07-17 21:40:24,319.0
0.61,16.9580,0.49,97.2390,1.52,2025-07-17 21:40:24,319.0
0.5650,16.8890,0.5110,97.0720,1.2820,2025-07-17 21:40:24,319.0
0.5910,16.9050,0.3360,97.18,1.4860,2025-07-17 21:40:24,319.0
0.5890,16.9870,0.4480,96.97,1.4280,2025-07-17 21:40:24,319.0
0.5930,16.9580,0.3110,96.98,1.4180,2025-07-17 21:40:24,319.0
0.5860,16.9170,0.4480,97.0560,1.4360,2025-07-17 21:40:24,319.0
0.6040,16.9770,0.4730,97.0090,1.4860,2025-07-17 21:40:24,319.0
0.5870,16.8550,0.5350,96.9560,1.4730,2025-07-17 21:40:24,319.0
0.5940,16.8610,0.3960,96.8390,1.56,2025-07-17 21:40:24,319.0
0.5890,16.9210,0.5290,97.1550,1.44,2025-07-17 21:40:24,319.0
0.5850,16.8420,0.4310,96.8810,1.5270,2025-07-17 21:40:24,319.0
0.5850,16.93,0.4690,97.02,1.4870,2025-07-17 21:40:24,319.0
0.5680,16.8730,0.4060,97.22,1.4080,2025-07-17 21:40:24,319.0
0.5930,16.9460,0.4480,97.1390,1.53,2025-07-17 21:40:24,319.0
0.5990,16.8770,0.36,96.7920,1.4890,2025-07-17 21:40:24,319.0
0.5910,16.8110,0.4230,97.0950,1.4710,2025-07-17 21:40:24,319.0
0.5720,16.8330,0.5250,96.9830,1.4510,2025-07-17 21:40:24,319.0
0.5980,16.98,0.3990,97.02,1.5170,2025-07-17 21:40:24,319.0
0.5820,16.8730,0.4380,97.0070,1.4530,2025-07-18 11:07:23,320.0
0.5880,16.9240,0.4620,97.2630,1.51,2025-07-18 11:07:23,320.0
0.5990,16.9580,0.5950,96.9060,1.5130,2025-07-18 11:07:23,320.0
0.5880,16.93,0.5810,97.1160,1.5220,2025-07-18 11:07:23,320.0
0.5980,16.9430,0.5320,97.1020,1.41,2025-07-18 11:07:23,320.0
0.6040,17.0240,0.3120,97.3480,1.4990,2025-07-18 11:07:23,320.0
0.5810,16.8730,0.5810,97.0850,1.4330,2025-07-18 11:07:23,320.0
0.5650,16.9740,0.4520,97.0050,1.4270,2025-07-18 11:07:23,320.0
0.5570,16.8230,0.5880,97.2470,1.4320,2025-07-18 11:07:23,320.0
0.5680,16.9710,0.3120,97.0070,1.3720,2025-07-18 11:07:23,320.0
0.5790,16.9390,0.4690,96.8910,1.5530,2025-07-18 11:07:23,320.0
0.59,17.0460,0.42,96.9550,1.4360,2025-07-18 11:07:23,320.0
0.5910,16.9460,0.4940,96.9590,1.4750,2025-07-18 11:07:23,320.0
0.5780,17.0020,0.5630,96.9710,1.5040,2025-07-18 11:07:23,320.0
0.61,16.99,0.4310,97.1920,1.6250,2025-07-18 11:07:23,320.0
0.5850,17.0370,0.3920,96.8690,1.4460,2025-07-18 11:07:23,320.0
0.6030,16.9960,0.5670,96.9050,1.45,2025-07-18 11:07:23,320.0
0.6090,16.9960,0.4440,97.0070,1.62,2025-07-18 11:07:23,320.0
0.5950,17.0270,0.4970,96.8320,1.5160,2025-07-18 11:22:24,321.0
0.6110,16.9520,0.3920,97.1050,1.4590,2025-07-18 11:22:24,321.0
0.5680,16.8510,0.4060,97.1090,1.4430,2025-07-18 11:22:24,321.0
0.60,17.0310,0.4380,97.4130,1.50,2025-07-18 11:22:24,321.0
0.5730,16.9740,0.49,97.1280,1.4150,2025-07-18 11:22:24,321.0
0.5990,16.9990,0.3850,96.9850,1.4310,2025-07-18 11:22:24,321.0
0.5570,16.82,0.4480,96.9970,1.4410,2025-07-18 11:22:24,321.0
0.57,17.0120,0.4170,96.8610,1.4150,2025-07-18 11:22:24,321.0
0.5740,16.9610,0.3960,97.2120,1.4710,2025-07-18 11:22:24,321.0
0.5850,16.9520,0.4450,97.2460,1.4840,2025-07-18 11:22:24,321.0
0.6010,16.9680,0.4790,97.0850,1.5350,2025-07-18 11:22:24,321.0
0.5930,16.9930,0.4020,97.1410,1.5260,2025-07-18 11:22:24,321.0
0.5560,16.8860,0.5320,96.9140,1.4320,2025-07-18 11:22:24,321.0
0.5520,16.9390,0.3850,97.08,1.43,2025-07-18 11:22:24,321.0
0.59,16.98,0.4090,97.2470,1.4880,2025-07-18 11:22:24,321.0
0.5720,16.98,0.4940,97.01,1.4990,2025-07-18 11:22:24,321.0
0.5830,16.9710,0.4410,96.8940,1.3910,2025-07-18 11:22:24,321.0
0.5940,16.9960,0.4790,97.0930,1.4360,2025-07-18 11:22:24,321.0
0.5680,16.9740,0.5250,97.2810,1.4010,2025-07-18 11:22:24,321.0
0.5820,16.9610,0.64,96.8770,1.4460,2025-07-18 11:22:24,321.0
0.5780,16.9870,0.55,97.0180,1.3890,2025-07-18 12:52:27,322.0
0.5930,17.0460,0.5770,96.8710,1.4770,2025-07-18 12:52:27,322.0
0.6230,17.0370,0.35,97.0510,1.5410,2025-07-18 12:52:27,322.0
0.5830,16.9680,0.4580,97.14,1.4830,2025-07-18 12:52:27,322.0
0.5870,16.9680,0.49,96.9370,1.4010,2025-07-18 12:52:27,322.0
0.5560,16.88,0.5210,96.9360,1.4260,2025-07-18 12:52:27,322.0
0.6030,16.9210,0.5850,97.0430,1.4730,2025-07-18 12:52:27,322.0
0.5940,16.9240,0.5950,96.97,1.5440,2025-07-18 12:52:27,322.0
0.57,16.9770,0.4870,97.0330,1.4140,2025-07-18 12:52:27,322.0
0.5680,16.9210,0.4410,97.0920,1.3680,2025-07-18 12:52:27,322.0
0.5840,16.9240,0.4440,97.1780,1.4450,2025-07-18 12:52:27,322.0
0.5980,17.0340,0.3080,96.9920,1.4320,2025-07-18 12:52:27,322.0
0.5960,16.9520,0.5250,97.1710,1.4290,2025-07-18 12:52:27,322.0
0.5890,16.9610,0.3990,96.9560,1.4730,2025-07-18 12:52:27,322.0
0.59,16.9680,0.4620,97.0880,1.47,2025-07-18 12:52:27,322.0
0.5760,16.9610,0.3780,97.26,1.3270,2025-07-18 12:52:27,322.0
0.5690,16.8550,0.4170,97.2590,1.4410,2025-07-18 12:52:27,322.0
0.56,16.8480,0.4650,97.1440,1.3810,2025-07-18 12:52:27,322.0
0.5770,16.9460,0.4230,96.8810,1.4060,2025-07-18 12:52:27,322.0
0.5810,16.9650,0.3360,96.9420,1.52,2025-07-18 12:52:27,322.0
0.5510,16.9770,0.5740,97.0240,1.4130,2025-07-18 19:12:37,323.0
0.5830,17.0050,0.3220,97.1560,1.4360,2025-07-18 19:12:37,323.0
0.5850,16.8580,0.5810,97.0940,1.4650,2025-07-18 19:12:37,323.0
0.5910,17.0020,0.4870,96.9260,1.4780,2025-07-18 19:12:37,323.0
0.5770,16.9740,0.3570,96.9880,1.4020,2025-07-18 19:12:37,323.0
0.5870,17.0020,0.41,96.8290,1.4670,2025-07-18 19:12:37,323.0
0.6030,16.8580,0.3920,96.9820,1.4720,2025-07-18 19:12:37,323.0
0.5990,17.0150,0.4410,96.7080,1.4660,2025-07-18 19:12:37,323.0
0.5820,16.9580,0.2660,97.08,1.4370,2025-07-18 19:12:37,323.0
0.5870,16.9110,0.5290,97.0150,1.4540,2025-07-18 19:12:37,323.0
0.5750,16.9050,0.5530,96.98,0.0190,2025-07-18 19:12:37,323.0
0.5760,16.9680,0.3220,96.9850,1.4540,2025-07-18 19:12:37,323.0
0.5780,16.9390,0.4940,97.0450,1.4420,2025-07-18 19:12:37,323.0
0.5950,16.9650,0.3990,97.1510,1.41,2025-07-18 19:12:37,323.0
0.5940,17.0460,0.3460,96.9810,1.4870,2025-07-18 19:12:37,323.0
0.5750,17.1250,0.5010,96.9040,1.4080,2025-07-18 19:12:37,323.0
0.5890,16.9520,0.4760,97.0090,1.5280,2025-07-18 19:12:37,323.0
0.5720,17.1090,0.2730,97.1050,1.3840,2025-07-18 19:12:37,323.0
0.5770,16.9930,0.5740,97.1120,1.3550,2025-07-18 19:12:37,323.0
0.57,16.9990,0.4020,96.9470,1.3720,2025-07-18 19:12:37,323.0
0.5660,16.9490,0.4440,96.9110,1.3620,2025-07-18 21:22:43,324.0
0.5880,16.9330,0.3810,96.9140,1.4870,2025-07-18 21:22:43,324.0
0.5680,17.0210,0.3220,97.1630,1.3210,2025-07-18 21:22:43,324.0
0.5750,16.93,0.4380,97.3990,1.4370,2025-07-18 21:22:43,324.0
0.5790,17.0120,0.42,96.9510,1.3550,2025-07-18 21:22:43,324.0
0.5780,16.9960,0.4760,97.0040,1.3820,2025-07-18 21:22:43,324.0
0.5860,17.0050,0.5350,96.8710,1.4090,2025-07-18 21:22:43,324.0
0.5810,16.8950,0.3640,97.08,1.4870,2025-07-18 21:22:43,324.0
0.5760,16.9610,0.4060,96.8930,1.37,2025-07-18 21:22:43,324.0
0.5730,16.9870,0.3850,96.8220,1.4050,2025-07-18 21:22:43,324.0
0.5890,17.0050,0.3850,96.9530,1.4310,2025-07-18 21:22:43,324.0
0.5830,16.8920,0.3780,97.1240,1.41,2025-07-18 21:22:43,324.0
0.5730,16.9680,0.5040,96.9260,1.5070,2025-07-18 21:22:43,324.0
0.5660,16.8640,0.3990,96.9130,1.3140,2025-07-18 21:22:43,324.0
0.5570,16.9610,0.3570,97.1060,0.0170,2025-07-18 21:22:43,324.0
0.5570,16.9390,0.4620,97.1140,1.4530,2025-07-18 21:22:43,324.0
0.5790,16.9770,0.4380,96.9140,1.3870,2025-07-18 21:22:43,324.0
0.5820,17.0490,0.3780,96.8510,1.3780,2025-07-18 21:22:43,324.0
0.5730,17.0090,0.4510,97.0290,1.4150,2025-07-18 21:22:43,324.0
0.5830,16.9990,0.42,96.88,1.4020,2025-07-18 21:22:43,324.0
0.5540,16.9650,0.5080,97,1.3760,2025-07-21 12:13:56,325.0
0.5960,16.8830,0.5080,96.9870,1.4780,2025-07-21 12:13:56,325.0
0.5850,16.9740,0.5180,97.0260,1.5360,2025-07-21 12:13:56,325.0
0.5810,16.9240,0.4970,96.9780,1.4020,2025-07-21 12:13:56,325.0
0.5740,16.9520,0.5080,97.1130,1.4730,2025-07-21 12:13:56,325.0
0.5590,16.8770,0.49,97.1890,1.4760,2025-07-21 12:13:56,325.0
0.5720,16.8730,0.5990,97.0370,1.4420,2025-07-21 12:13:56,325.0
0.5770,16.9520,0.34,96.7990,1.3940,2025-07-21 12:13:56,325.0
0.6040,16.93,0.3010,96.9860,1.5350,2025-07-21 12:13:56,325.0
0.5830,16.9710,0.4620,97.1310,1.4560,2025-07-21 12:13:56,325.0
0.5730,16.9330,0.50,97.0810,1.4380,2025-07-21 12:13:56,325.0
0.5940,17.0150,0.5290,96.9450,1.3910,2025-07-21 12:13:56,325.0
0.6010,16.9110,0.5530,97.0640,1.5280,2025-07-21 12:13:56,325.0
0.5670,16.8730,0.4730,97.3020,1.4710,2025-07-21 12:13:56,325.0
0.57,16.9140,0.4650,97.0130,1.42,2025-07-21 12:13:56,325.0
0.5780,16.9240,0.6790,97.12,1.3880,2025-07-21 12:13:56,325.0
0.5830,16.8420,0.4860,97.2820,1.4720,2025-07-21 12:13:56,325.0
0.5690,16.87,0.4580,97.0170,1.4270,2025-07-21 12:13:56,325.0
0.5770,16.93,0.4170,97.0330,1.4350,2025-07-21 12:13:56,325.0
0.5680,16.88,0.4380,96.9840,1.3920,2025-07-21 12:13:56,325.0
0.5770,16.8860,0.4660,97.17,1.5470,2025-07-21 12:53:59,326.0
0.5780,16.8830,0.5910,97.2680,1.3920,2025-07-21 12:53:59,326.0
0.5840,16.8950,0.3530,97.0640,1.4190,2025-07-21 12:53:59,326.0
0.5770,16.9080,0.5710,97.3020,1.4450,2025-07-21 12:53:59,326.0
0.5850,16.9080,0.4410,96.9260,1.43,2025-07-21 12:53:59,326.0
0.58,16.9240,0.4830,97.08,1.4610,2025-07-21 12:53:59,326.0
0.58,16.8730,0.4340,97.1660,1.4540,2025-07-21 12:53:59,326.0
0.5640,16.9020,0.4970,97.2030,1.3410,2025-07-21 12:53:59,326.0
0.5930,17.04,0.4860,97.2530,1.4230,2025-07-21 12:53:59,326.0
0.5890,16.8830,0.4380,97.2490,1.40,2025-07-21 12:53:59,326.0
0.6010,16.8990,0.4790,97.1490,1.54,2025-07-21 12:53:59,326.0
0.5590,16.8420,0.55,97.1360,1.3750,2025-07-21 12:53:59,326.0
0.5970,16.9680,0.4830,96.9320,1.4530,2025-07-21 12:53:59,326.0
0.5730,16.9460,0.5530,97.0290,1.4320,2025-07-21 12:53:59,326.0
0.5890,16.8770,0.4730,97.1840,1.4550,2025-07-21 12:53:59,326.0
0.5750,16.9080,0.5430,96.9670,1.4860,2025-07-21 12:53:59,326.0
0.5870,16.8890,0.3120,97.0970,1.4710,2025-07-21 12:53:59,326.0
0.5970,16.8390,0.5460,97.1460,1.5110,2025-07-21 12:53:59,326.0
0.5750,16.77,0.4230,96.9280,1.4570,2025-07-21 12:53:59,326.0
0.61,17.0120,0.4860,96.9140,1.54,2025-07-21 12:53:59,326.0
0.58,16.9580,0.3740,96.9030,1.5140,2025-07-21 19:34:07,327.0
0.5860,17.0710,0.5350,96.9780,1.4590,2025-07-21 19:34:07,327.0
0.5920,17.0120,0.70,97.1010,1.4680,2025-07-21 19:34:07,327.0
0.5670,16.9710,0.4310,96.96,1.48,2025-07-21 19:34:07,327.0
0.5980,16.9960,0.4090,97.0190,1.4720,2025-07-21 19:34:07,327.0
0.5880,16.8920,0.4020,97.1050,1.4930,2025-07-21 19:34:07,327.0
0.5690,16.9680,0.5280,97.2160,1.4380,2025-07-21 19:34:07,327.0
0.5680,16.8730,0.3710,96.9580,1.3470,2025-07-21 19:34:07,327.0
0.5980,16.9430,0.6120,97.1460,1.4990,2025-07-21 19:34:07,327.0
0.5860,17.0650,0.7810,97.0340,1.43,2025-07-21 19:34:07,327.0
0.5830,16.8390,0.5910,96.9160,1.5590,2025-07-21 19:34:07,327.0
0.6020,16.9650,0.4940,97.0090,1.4770,2025-07-21 19:34:07,327.0
0.5750,16.8230,0.5150,97.0750,1.5310,2025-07-21 19:34:07,327.0
0.5990,17.0050,0.5220,97.03,1.4520,2025-07-21 19:34:07,327.0
0.6150,16.8830,0.55,97.0220,1.5240,2025-07-21 19:34:07,327.0
0.5910,16.9550,0.4790,97.03,1.5130,2025-07-21 19:34:07,327.0
0.5590,16.9080,0.5110,97.1370,1.4010,2025-07-21 19:34:07,327.0
0.5830,16.9210,0.35,97.2380,1.3940,2025-07-21 19:34:07,327.0
0.5950,16.9080,0.36,97.1480,1.51,2025-07-21 19:34:07,327.0
0.5690,16.98,0.5880,97.1730,1.3810,2025-07-21 19:34:07,327.0
0.5980,17.1250,0.5770,96.98,1.3650,2025-07-21 21:19:10,328.0
0.5880,16.8640,0.4060,97.0030,1.4980,2025-07-21 21:19:10,328.0
0.5910,17.0560,0.5150,97.1450,1.3380,2025-07-21 21:19:10,328.0
0.5940,17.0490,0.3250,97.21,1.46,2025-07-21 21:19:10,328.0
0.5870,16.9520,0.4340,97.2810,1.5590,2025-07-21 21:19:10,328.0
0.5820,16.9930,0.3890,96.9240,1.3730,2025-07-21 21:19:10,328.0
0.5730,16.8480,0.5460,97.0580,1.3820,2025-07-21 21:19:10,328.0
0.6410,17.0180,0.4340,97.26,1.5270,2025-07-21 21:19:10,328.0
0.5660,17.0150,0.6540,97.0150,1.3450,2025-07-21 21:19:10,328.0
0.5960,16.9520,0.41,97.0620,1.3970,2025-07-21 21:19:10,328.0
0.6040,17.0680,0.3990,96.9220,1.4360,2025-07-21 21:19:10,328.0
0.5990,16.8890,0.4870,96.95,1.5160,2025-07-21 21:19:10,328.0
0.5950,16.9050,0.55,96.9870,1.4770,2025-07-21 21:19:10,328.0
0.5850,16.9930,0.3960,97.12,1.3670,2025-07-21 21:19:10,328.0
0.6180,16.9490,0.5180,97.0230,1.56,2025-07-21 21:19:10,328.0
0.6060,17.1340,0.5280,97.13,1.4560,2025-07-21 21:19:10,328.0
0.5820,17.0210,0.6230,97.08,1.4310,2025-07-21 21:19:10,328.0
0.5980,16.9990,0.6580,97.2940,1.46,2025-07-21 21:19:10,328.0
0.5990,17.0150,0.5180,97.0580,1.5560,2025-07-21 21:19:10,328.0
0.6240,17.0590,0.4860,97.0350,1.5880,2025-07-21 21:19:10,328.0
0.6010,16.9680,0.4170,97.0070,1.51,2025-07-22 11:57:54,329.0
0.5680,16.8730,0.6440,96.9460,1.4080,2025-07-22 11:57:54,329.0
0.5820,16.9550,0.4170,97.0630,1.3740,2025-07-22 11:57:54,329.0
0.5950,16.8420,0.55,97.4550,1.5580,2025-07-22 11:57:54,329.0
0.5770,16.8330,0.3640,97.1450,1.4850,2025-07-22 11:57:54,329.0
0.5760,16.9430,0.2690,96.9330,1.4010,2025-07-22 11:57:54,329.0
0.5670,16.9550,0.3890,97.2360,1.4280,2025-07-22 11:57:54,329.0
0.5970,16.9770,0.4440,97.1240,1.5420,2025-07-22 11:57:54,329.0
0.5720,16.9110,0.5110,97.4860,1.3620,2025-07-22 11:57:54,329.0
0.59,17.0090,0.6020,97.0210,1.49,2025-07-22 11:57:54,329.0
0.5790,16.8950,0.5460,96.9960,1.3910,2025-07-22 11:57:54,329.0
0.60,16.9520,0.4690,97.2150,1.4430,2025-07-22 11:57:54,329.0
0.5740,16.9490,0.6550,96.5590,1.4140,2025-07-22 11:57:54,329.0
0.5860,16.9740,0.3470,97.0860,1.5330,2025-07-22 11:57:54,329.0
0.5990,16.9020,0.3290,97.1180,1.5010,2025-07-22 11:57:54,329.0
0.5640,16.8610,0.5430,97.1170,1.4770,2025-07-22 11:57:54,329.0
0.5710,16.83,0.4340,97.1770,1.4890,2025-07-22 11:57:54,329.0
0.5870,16.9520,0.5040,97.2150,0.0210,2025-07-22 11:57:54,329.0
0.5760,16.8730,0.4130,97.25,1.42,2025-07-22 12:12:55,330.0
0.5760,16.9390,0.6680,96.4470,1.4410,2025-07-22 12:12:55,330.0
0.6030,16.8450,0.4340,97.1740,1.45,2025-07-22 12:12:55,330.0
0.6080,16.8580,0.50,97.1330,1.4620,2025-07-22 12:12:55,330.0
0.5950,16.93,0.5040,97.0210,1.4480,2025-07-22 12:12:55,330.0
0.5890,16.9550,0.5460,97.0490,1.3930,2025-07-22 12:12:55,330.0
0.5870,16.9870,0.3920,97.1230,1.4490,2025-07-22 12:12:55,330.0
0.5750,16.8360,0.5460,97.1830,1.4210,2025-07-22 12:12:55,330.0
0.5940,16.9550,0.4730,96.9480,1.53,2025-07-22 12:12:55,330.0
0.59,16.9110,0.4790,97.0570,1.4610,2025-07-22 12:12:55,330.0
0.5950,17.0150,0.4550,96.9070,1.4640,2025-07-22 12:12:55,330.0
0.5710,16.8390,0.4410,97.0190,1.5190,2025-07-22 12:12:55,330.0
0.5850,16.88,0.5320,97.2410,1.4410,2025-07-22 12:12:55,330.0
0.5880,16.9650,0.6410,97.1610,1.4360,2025-07-22 12:12:55,330.0
0.5990,16.8860,0.5040,97.0190,1.5280,2025-07-22 12:12:55,330.0
0.5790,17.0810,0.3610,97.0950,1.4250,2025-07-22 12:12:55,330.0
0.5790,16.8110,0.5390,97.0220,1.45,2025-07-22 12:12:55,330.0
0.5780,16.9020,0.4060,97.1980,1.44,2025-07-22 12:12:55,330.0
0.5970,16.9770,0.4830,96.9980,1.5580,2025-07-22 12:12:55,330.0
0.5910,17.0710,0.3880,96.9730,1.4650,2025-07-22 12:12:55,330.0
0.5780,17.0680,0.4520,97.1610,1.4410,2025-07-22 12:52:56,331.0
0.5920,17.0050,0.4310,96.8620,1.4370,2025-07-22 12:52:56,331.0
0.5980,16.9110,0.4170,97.0070,1.4780,2025-07-22 12:52:56,331.0
0.5750,17.0650,0.4060,96.93,1.3660,2025-07-22 12:52:56,331.0
0.5690,16.9960,0.4170,97.0750,1.4270,2025-07-22 12:52:56,331.0
0.5920,16.9960,0.4970,97.1010,1.5450,2025-07-22 12:52:56,331.0
0.5680,16.9580,0.4440,97.2180,1.4730,2025-07-22 12:52:56,331.0
0.5840,17.0490,0.5180,97.1260,1.3630,2025-07-22 12:52:56,331.0
0.5850,17.0090,0.4970,97.0850,1.4690,2025-07-22 12:52:56,331.0
0.60,17.0180,0.6370,96.8770,1.5120,2025-07-22 12:52:56,331.0
0.5780,16.8990,0.4230,97.03,1.4140,2025-07-22 12:52:56,331.0
0.5790,16.9210,0.4060,97.0980,1.4950,2025-07-22 12:52:56,331.0
0.5760,16.8550,0.4830,97.2220,1.4420,2025-07-22 12:52:56,331.0
0.5980,16.8990,0.4340,96.9280,1.4930,2025-07-22 12:52:56,331.0
0.5830,17.0370,0.5350,96.9280,1.4050,2025-07-22 12:52:56,331.0
0.5840,16.8890,0.5040,97.1820,1.4980,2025-07-22 12:52:56,331.0
0.55,16.8950,0.42,97.04,1.3870,2025-07-22 12:52:56,331.0
0.59,16.8890,0.49,97.0220,1.4580,2025-07-22 12:52:56,331.0
0.5830,16.98,0.5040,96.9960,1.4970,2025-07-22 12:52:56,331.0
0.5830,16.9580,0.4790,97.1420,1.5420,2025-07-22 12:52:56,331.0
0.5930,17.0340,0.5710,97.0660,1.5990,2025-07-22 19:23:04,332.0
0.5810,16.9050,0.3570,97.0690,1.48,2025-07-22 19:23:04,332.0
0.59,17.0150,0.4550,97.2670,1.5250,2025-07-22 19:23:04,332.0
0.60,17.0090,0.5290,97.0820,1.4560,2025-07-22 19:23:04,332.0
0.5930,16.8860,0.41,96.9130,1.4770,2025-07-22 19:23:04,332.0
0.5870,16.93,0.5980,97.1720,1.4430,2025-07-22 19:23:04,332.0
0.5760,16.8670,0.5350,97.0860,1.4160,2025-07-22 19:23:04,332.0
0.60,16.9830,0.49,97.28,1.5820,2025-07-22 19:23:04,332.0
0.5570,16.9210,0.4410,97.2210,1.44,2025-07-22 19:23:04,332.0
0.5750,16.99,0.5460,97.1310,1.3910,2025-07-22 19:23:04,332.0
0.5950,16.9870,0.4270,97.1920,1.4740,2025-07-22 19:23:04,332.0
0.5790,16.9680,0.4690,97.0370,1.3980,2025-07-22 19:23:04,332.0
0.5870,16.8920,0.49,97.0070,1.4820,2025-07-22 19:23:04,332.0
0.5750,17.0120,0.50,97.0430,1.4330,2025-07-22 19:23:04,332.0
0.5910,16.8990,0.5080,97.1090,1.4770,2025-07-22 19:23:04,332.0
0.5950,16.9390,0.5530,96.98,1.48,2025-07-22 19:23:04,332.0
0.5810,16.9210,0.5950,96.9830,1.5610,2025-07-22 19:23:04,332.0
0.5970,16.8670,0.6190,96.9480,1.48,2025-07-22 19:23:04,332.0
0.5860,16.9830,0.3920,97.28,1.4260,2025-07-22 19:23:04,332.0
0.5770,16.8890,0.5390,97.1150,1.4610,2025-07-22 19:23:04,332.0
0.5690,17.10,0.6510,97.0820,1.3960,2025-07-22 21:33:09,333.0
0.5760,16.9520,0.3570,97.1630,1.5260,2025-07-22 21:33:09,333.0
0.59,16.9770,0.4730,97.0640,1.4750,2025-07-22 21:33:09,333.0
0.5740,16.9080,0.4520,97.1690,1.50,2025-07-22 21:33:09,333.0
0.5940,16.9580,0.2140,97.0030,1.5470,2025-07-22 21:33:09,333.0
0.5740,16.9990,0.4520,97.0660,1.4980,2025-07-22 21:33:09,333.0
0.58,16.9020,0.4240,96.9820,1.5320,2025-07-22 21:33:09,333.0
0.5820,16.93,0.63,97.1040,1.4570,2025-07-22 21:33:09,333.0
0.6010,17.0970,0.5080,96.9060,1.5820,2025-07-22 21:33:09,333.0
0.5990,16.9870,0.3290,96.8620,1.4630,2025-07-22 21:33:09,333.0
0.5880,16.99,0.3460,97.0750,1.4370,2025-07-22 21:33:09,333.0
0.5960,16.9460,0.5560,97.0640,1.4210,2025-07-22 21:33:09,333.0
0.5550,17.0650,0.5780,96.9540,1.2870,2025-07-22 21:33:09,333.0
0.5830,16.8920,0.3960,97.2920,1.44,2025-07-22 21:33:09,333.0
0.5760,16.9710,0.4380,97.1380,1.4510,2025-07-22 21:33:09,333.0
0.5940,16.9210,0.49,97.1140,1.5330,2025-07-22 21:33:09,333.0
0.6030,17.0490,0.4520,96.9880,1.3910,2025-07-22 21:33:09,333.0
0.5920,16.8990,0.4580,97.0410,1.5120,2025-07-22 21:33:09,333.0
0.58,16.8140,0.7490,97.1130,1.4840,2025-07-22 21:33:09,333.0
0.5780,17.0310,0.5530,97.19,1.4070,2025-07-22 21:33:09,333.0
0.5830,16.8640,0.63,96.9110,1.4360,2025-07-23 10:48:42,334.0
0.5680,16.9270,0.4550,96.9740,1.39,2025-07-23 10:48:42,334.0
0.6080,16.8640,0.3890,97.1610,1.5620,2025-07-23 10:48:42,334.0
0.5640,16.8040,0.3610,96.8330,1.3380,2025-07-23 10:48:42,334.0
0.5880,16.8860,0.3850,97.1540,1.3590,2025-07-23 10:48:42,334.0
0.5770,16.8860,0.5320,97.2710,1.3350,2025-07-23 10:48:42,334.0
0.5740,16.8670,0.4870,97.1550,1.4390,2025-07-23 10:48:42,334.0
0.5940,16.9080,0.4480,96.9940,1.4910,2025-07-23 10:48:42,334.0
0.5590,16.8010,0.3750,97.0670,1.3630,2025-07-23 10:48:42,334.0
0.5750,16.9050,0.4510,97.2880,1.36,2025-07-23 10:48:42,334.0
0.5840,16.8550,0.4380,97.1670,1.4370,2025-07-23 10:48:42,334.0
0.5930,16.8770,0.4130,96.9150,1.3890,2025-07-23 10:48:42,334.0
0.5870,16.9020,0.3810,97.2230,1.4460,2025-07-23 10:48:42,334.0
0.59,16.9080,0.4310,97.0370,1.5210,2025-07-23 10:48:42,334.0
0.5650,16.7320,0.5770,97.1180,1.4480,2025-07-23 10:48:42,334.0
0.57,16.8580,0.5250,97.1250,1.3930,2025-07-23 10:48:42,334.0
0.5750,16.9710,0.4860,96.9760,1.3930,2025-07-23 10:48:42,334.0
0.6070,16.9550,0.5040,97.1560,1.4670,2025-07-23 10:48:42,334.0
0.5710,16.8640,0.3670,96.98,1.4280,2025-07-23 10:48:42,334.0
0.5850,16.8670,0.4870,97.0550,1.4590,2025-07-23 10:48:42,334.0
0.5880,17.0780,0.6540,97.0070,1.4150,2025-07-23 12:58:43,335.0
0.58,16.9680,0.4270,97.1610,1.4220,2025-07-23 12:58:43,335.0
0.59,17.0150,0.5150,97.1270,1.5280,2025-07-23 12:58:43,335.0
0.5950,16.9770,0.5150,96.8860,1.42,2025-07-23 12:58:43,335.0
0.5770,17.0150,0.3330,97.1530,1.2660,2025-07-23 12:58:43,335.0
0.5840,16.8950,0.35,97.1140,1.5290,2025-07-23 12:58:43,335.0
0.5790,16.93,0.3810,97.1840,1.4830,2025-07-23 12:58:43,335.0
0.5720,16.9680,0.3190,96.9790,1.4720,2025-07-23 12:58:43,335.0
0.5970,17.0840,0.5180,97.0390,1.3960,2025-07-23 12:58:43,335.0
0.5770,16.9960,0.4410,97.1890,1.4040,2025-07-23 12:58:43,335.0
0.5830,16.9740,0.5950,96.78,1.4440,2025-07-23 12:58:43,335.0
0.5670,16.9610,0.4790,97.0160,1.4150,2025-07-23 12:58:43,335.0
0.5580,16.8480,0.4380,97.2820,1.3960,2025-07-23 12:58:43,335.0
0.5880,17.0590,0.3990,97.1020,1.41,2025-07-23 12:58:43,335.0
0.5680,16.8360,0.2630,97.0210,1.3860,2025-07-23 12:58:43,335.0
0.5920,17.1150,0.3120,97.3760,1.3940,2025-07-23 12:58:43,335.0
0.5680,16.8830,0.3670,97.1050,1.3210,2025-07-23 12:58:43,335.0
0.5660,16.9680,0.3360,96.9450,1.4220,2025-07-23 12:58:43,335.0
0.5740,16.9550,0.3360,97.2390,1.3930,2025-07-23 12:58:43,335.0
0.5680,17.0020,0.4440,97.43,1.2870,2025-07-23 12:58:43,335.0
0.5660,16.9240,0.4660,97.0190,1.4890,2025-07-23 19:03:55,336.0
0.6010,17.0560,0.4650,96.9380,1.5260,2025-07-23 19:03:55,336.0
0.5990,16.9170,0.49,97.1080,1.5010,2025-07-23 19:03:55,336.0
0.5740,17.1090,0.4940,96.8640,1.4980,2025-07-23 19:03:55,336.0
0.5880,16.9270,0.5250,97.2190,1.4480,2025-07-23 19:03:55,336.0
0.5870,17.0340,0.4730,97.1560,1.4930,2025-07-23 19:03:55,336.0
0.5590,16.9110,0.5810,97.2080,1.4370,2025-07-23 19:03:55,336.0
0.5770,16.8990,0.4550,96.9550,1.4030,2025-07-23 19:03:55,336.0
0.6040,16.9650,0.4790,97.12,1.4640,2025-07-23 19:03:55,336.0
0.5930,16.98,0.4270,97.1640,1.4890,2025-07-23 19:03:55,336.0
0.6110,17.0210,0.4870,96.9450,1.5260,2025-07-23 19:03:55,336.0
0.5790,16.9650,0.4060,97.0850,1.3920,2025-07-23 19:03:55,336.0
0.5860,16.8450,0.4020,97.37,1.4850,2025-07-23 19:03:55,336.0
0.5930,16.93,0.5150,97.1150,1.5330,2025-07-23 19:03:55,336.0
0.5830,16.8920,0.4340,96.9810,1.3690,2025-07-23 19:03:55,336.0
0.5870,16.9270,0.4760,97.1370,1.4780,2025-07-23 19:03:55,336.0
0.5810,17.0340,0.4790,97.1920,1.5110,2025-07-23 19:03:55,336.0
0.5960,16.7890,0.4480,97.1360,1.5150,2025-07-23 19:03:55,336.0
0.5810,17.0680,0.4480,96.9990,1.4990,2025-07-23 19:03:55,336.0
0.5680,16.9210,0.3950,97.0280,0.0160,2025-07-23 19:03:55,336.0
0.5750,16.9270,0.4480,97.0580,1.4250,2025-07-23 21:39:01,337.0
0.59,16.9990,0.5570,97.0640,1.5340,2025-07-23 21:39:01,337.0
0.5740,16.9680,0.5350,97.20,1.4350,2025-07-23 21:39:01,337.0
0.5890,16.8990,0.3010,97.1050,1.4360,2025-07-23 21:39:01,337.0
0.5910,16.8330,0.6020,96.9340,1.5190,2025-07-23 21:39:01,337.0
0.6130,17.0810,0.4970,96.9090,1.5510,2025-07-23 21:39:01,337.0
0.5770,16.8950,0.5250,97.1650,1.3840,2025-07-23 21:39:01,337.0
0.58,16.9140,0.4760,97.2190,1.4790,2025-07-23 21:39:01,337.0
0.5740,16.8860,0.42,96.9250,1.4210,2025-07-23 21:39:01,337.0
0.5580,16.8550,0.4450,97.2370,1.4060,2025-07-23 21:39:01,337.0
0.5870,16.9930,0.5710,96.97,1.4920,2025-07-23 21:39:01,337.0
0.5940,16.9710,0.5570,96.9410,1.4860,2025-07-23 21:39:01,337.0
0.57,16.9430,0.9340,96.9680,1.3990,2025-07-23 21:39:01,337.0
0.5850,17.0560,0.5150,97.0980,1.3910,2025-07-23 21:39:01,337.0
0.58,16.8950,0.4550,96.9550,1.3820,2025-07-23 21:39:01,337.0
0.57,16.8770,0.3010,97.2890,1.44,2025-07-23 21:39:01,337.0
0.61,17.0270,0.4620,96.8590,1.4840,2025-07-23 21:39:01,337.0
0.5770,16.93,0.5810,97.0670,1.5340,2025-07-23 21:39:01,337.0
0.5960,16.8670,0.4760,97.3260,1.5610,2025-07-23 21:39:01,337.0
0.5790,16.8640,0.3220,97.1830,1.4950,2025-07-23 21:39:01,337.0
0.5910,17.0210,0.6160,96.8680,1.4360,2025-07-24 11:09:53,338.0
0.5960,16.9330,0.4730,97.0830,1.4870,2025-07-24 11:09:53,338.0
0.5840,16.9240,0.5810,96.9510,1.4030,2025-07-24 11:09:53,338.0
0.5950,16.98,0.5110,97.10,1.4150,2025-07-24 11:09:53,338.0
0.6040,16.93,0.4060,97.1920,1.5410,2025-07-24 11:09:53,338.0
0.5980,17.0210,0.6610,97.2370,1.49,2025-07-24 11:09:53,338.0
0.5710,16.9650,0.4650,97.0910,1.4480,2025-07-24 11:09:53,338.0
0.57,16.9270,0.56,97.0960,1.3650,2025-07-24 11:09:53,338.0
0.5780,16.93,0.5880,97.0710,1.4470,2025-07-24 11:09:53,338.0
0.5680,16.8550,0.41,97.0820,1.4260,2025-07-24 11:09:53,338.0
0.5870,16.8950,0.5460,97.2410,1.4330,2025-07-24 11:09:53,338.0
0.5850,16.9210,0.5250,96.9670,1.4150,2025-07-24 11:09:53,338.0
0.5910,17.0020,0.5430,97.0480,1.4250,2025-07-24 11:09:53,338.0
0.5780,16.9330,0.4550,97.1990,1.4950,2025-07-24 11:09:53,338.0
0.5840,16.8860,0.5640,97.1120,1.3630,2025-07-24 11:09:53,338.0
0.6030,16.9710,0.36,97.3840,1.5040,2025-07-24 11:09:53,338.0
0.58,16.9870,0.4620,96.9650,1.4570,2025-07-24 11:09:53,338.0
0.5830,16.9430,0.3670,97.1010,1.4030,2025-07-24 11:09:53,338.0
0.5830,16.98,0.5070,97.0050,1.4570,2025-07-24 11:09:53,338.0
0.5950,17.0090,0.5040,97.2350,1.4650,2025-07-24 11:09:53,338.0
0.5760,16.9050,0.6230,97.1610,1.3310,2025-07-24 12:54:57,339.0
0.5850,16.9550,0.5910,96.97,1.42,2025-07-24 12:54:57,339.0
0.5740,17.0310,0.3850,97.4630,1.3680,2025-07-24 12:54:57,339.0
0.5850,16.9430,0.4130,97.3710,1.48,2025-07-24 12:54:57,339.0
0.5780,16.9580,0.4970,97.3840,1.4510,2025-07-24 12:54:57,339.0
0.58,16.9360,0.4930,97.1720,1.4360,2025-07-24 12:54:57,339.0
0.5870,16.99,0.3960,97.1850,1.4940,2025-07-24 12:54:57,339.0
0.5770,16.9270,0.5250,97.2570,1.3790,2025-07-24 12:54:57,339.0
0.5920,16.9770,0.4060,97.22,1.4030,2025-07-24 12:54:57,339.0
0.6060,17.0050,0.3610,97.0450,1.52,2025-07-24 12:54:57,339.0
0.5920,16.9240,0.5040,97.0780,1.44,2025-07-24 12:54:57,339.0
0.5910,16.9210,0.4650,97.1410,1.4330,2025-07-24 12:54:57,339.0
0.5660,16.8860,0.4970,97.0720,1.4310,2025-07-24 12:54:57,339.0
0.6010,16.9550,0.5150,97.2780,1.4790,2025-07-24 12:54:57,339.0
0.5680,16.8860,0.3810,97.3010,1.4120,2025-07-24 12:54:57,339.0
0.5630,16.9170,0.4060,96.8340,1.4030,2025-07-24 12:54:57,339.0
0.5840,16.9490,0.5210,97.0330,1.40,2025-07-24 12:54:57,339.0
0.5840,16.9550,0.4760,97.1290,1.4930,2025-07-24 12:54:57,339.0
0.5780,16.9870,0.4620,96.9980,1.3790,2025-07-24 12:54:57,339.0
0.5890,16.9460,0.3430,97.0770,1.50,2025-07-24 12:54:57,339.0
0.5860,17.0430,0.3750,97.2060,1.42,2025-07-24 19:10:07,340.0
0.5860,16.8920,0.3360,96.8680,1.4790,2025-07-24 19:10:07,340.0
0.5920,16.9740,0.50,96.8570,1.4250,2025-07-24 19:10:07,340.0
0.5830,16.9490,0.3640,97.0450,1.4790,2025-07-24 19:10:07,340.0
0.5610,16.9430,0.42,97.0680,1.4090,2025-07-24 19:10:07,340.0
0.5930,16.9110,0.4660,96.8950,1.4650,2025-07-24 19:10:07,340.0
0.6050,17.0430,0.4440,96.9270,1.6180,2025-07-24 19:10:07,340.0
0.6120,16.9050,0.4760,96.8990,1.4930,2025-07-24 19:10:07,340.0
0.6120,16.98,0.3990,96.95,1.5620,2025-07-24 19:10:07,340.0
0.5910,16.9610,0.3920,96.9650,1.4350,2025-07-24 19:10:07,340.0
0.5910,16.9020,0.4450,97.2010,1.5160,2025-07-24 19:10:07,340.0
0.5830,16.9110,0.5210,96.9430,1.4260,2025-07-24 19:10:07,340.0
0.5790,16.9170,0.2840,96.9850,1.4150,2025-07-24 19:10:07,340.0
0.5850,16.98,0.4090,97.0820,1.4240,2025-07-24 19:10:07,340.0
0.5690,16.88,0.4480,97.0540,1.41,2025-07-24 19:10:07,340.0
0.5650,16.8170,0.4170,97.09,1.3740,2025-07-24 19:10:07,340.0
0.5860,16.8230,0.5110,97.1730,1.5090,2025-07-24 19:10:07,340.0
0.5820,16.8450,0.4020,97.1150,1.4050,2025-07-24 19:10:07,340.0
0.5870,16.9580,0.4020,96.8860,1.4770,2025-07-24 19:10:07,340.0
0.5820,17.0120,0.3920,97.1990,1.4850,2025-07-24 19:10:07,340.0
0.57,17.2220,0.5350,97.0450,1.3780,2025-07-24 21:30:12,341.0
0.5840,17.0270,0.5210,97.2090,1.4170,2025-07-24 21:30:12,341.0
0.5890,17.0310,0.3460,97.3290,1.4430,2025-07-24 21:30:12,341.0
0.5850,16.9870,0.3850,97.2640,1.4070,2025-07-24 21:30:12,341.0
0.6190,17.0240,0.3780,97.0530,1.4810,2025-07-24 21:30:12,341.0
0.5910,17.0310,0.3950,97.2380,1.4790,2025-07-24 21:30:12,341.0
0.5810,17.1090,0.5430,97.1950,0.0170,2025-07-24 21:30:12,341.0
0.62,17.1090,0.4760,96.9540,1.4720,2025-07-24 21:30:12,341.0
0.5860,16.98,0.41,97.01,1.4220,2025-07-24 21:30:12,341.0
0.5870,16.9990,0.3460,97.1180,1.3690,2025-07-24 21:30:12,341.0
0.5940,17.1280,0.4550,97.0190,1.4280,2025-07-24 21:30:12,341.0
0.5940,16.9610,0.4440,96.9980,1.4750,2025-07-24 21:30:12,341.0
0.6050,17.1630,0.5320,97.1710,1.4430,2025-07-24 21:30:12,341.0
0.5850,17.0930,0.4510,97.1650,1.3870,2025-07-24 21:30:12,341.0
0.5920,17.0430,0.6120,97.0790,1.4540,2025-07-24 21:30:12,341.0
0.6030,16.9830,0.6930,97.0470,1.4320,2025-07-24 21:30:12,341.0
0.58,16.8260,0.6410,97.1930,1.4390,2025-07-24 21:30:12,341.0
0.5560,16.9490,0.28,97.1620,1.3220,2025-07-24 21:30:12,341.0
0.5860,16.9650,0.55,97.0710,1.4610,2025-07-24 21:30:12,341.0
0.5970,16.9460,0.5630,97.0710,1.4180,2025-07-24 21:30:12,341.0
0.6010,16.8830,0.6890,97.2840,1.4520,2025-07-25 10:56:07,342.0
0.57,16.9110,0.42,97.04,1.4040,2025-07-25 10:56:07,342.0
0.5860,16.9050,0.42,97.1720,1.4210,2025-07-25 10:56:07,342.0
0.5960,17.0780,0.49,96.8190,1.4030,2025-07-25 10:56:07,342.0
0.5890,16.9210,0.6270,97.0670,1.4090,2025-07-25 10:56:07,342.0
0.5790,16.8080,0.6090,97.0590,1.4480,2025-07-25 10:56:07,342.0
0.5740,16.8580,0.3250,97.3250,1.3740,2025-07-25 10:56:07,342.0
0.5980,17.0120,0.4620,96.9580,1.3940,2025-07-25 10:56:07,342.0
0.5810,16.9490,0.3780,97.2420,1.2860,2025-07-25 10:56:07,342.0
0.5870,16.9170,0.5390,97.0740,1.3680,2025-07-25 10:56:07,342.0
0.6070,16.9080,0.4550,97.2030,1.4480,2025-07-25 10:56:07,342.0
0.5820,16.9050,0.4440,97.0290,1.4540,2025-07-25 10:56:07,342.0
0.6030,16.9330,0.4940,96.8960,1.4340,2025-07-25 10:56:07,342.0
0.5660,16.9050,0.5180,96.9760,1.3440,2025-07-25 10:56:07,342.0
0.5960,16.9170,0.3290,97.2880,1.47,2025-07-25 10:56:07,342.0
0.5840,16.9710,0.5460,97.1110,1.4440,2025-07-25 10:56:07,342.0
0.5790,16.9210,0.4830,97.3380,1.3830,2025-07-25 10:56:07,342.0
0.5940,17.0050,0.4060,97.02,1.4190,2025-07-25 10:56:07,342.0
0.5920,16.98,0.3850,97.2030,1.4230,2025-07-25 10:56:07,342.0
0.59,17.0210,0.4170,97.0470,1.4220,2025-07-25 10:56:07,342.0
0.6120,16.9490,0.48,97.0560,1.5850,2025-07-25 12:56:08,343.0
0.5890,16.8170,0.3850,96.8730,1.5020,2025-07-25 12:56:08,343.0
0.57,16.9650,0.3640,97.0610,1.3240,2025-07-25 12:56:08,343.0
0.5770,16.8770,0.4970,96.9850,1.4450,2025-07-25 12:56:08,343.0
0.5770,16.8640,0.3360,97.1810,1.3710,2025-07-25 12:56:08,343.0
0.5980,17.0090,0.4020,97.0040,1.4810,2025-07-25 12:56:08,343.0
0.5940,16.8770,0.4230,96.9330,1.4990,2025-07-25 12:56:08,343.0
0.5760,16.9330,0.4550,97.2360,1.4460,2025-07-25 12:56:08,343.0
0.58,16.9240,0.4550,97.2040,1.3680,2025-07-25 12:56:08,343.0
0.57,16.9710,0.3710,97.1380,1.4470,2025-07-25 12:56:08,343.0
0.61,16.9270,0.5320,97.2580,1.5280,2025-07-25 12:56:08,343.0
0.5990,16.9210,0.5290,97.07,1.4830,2025-07-25 12:56:08,343.0
0.5880,16.88,0.5220,96.9440,1.4430,2025-07-25 12:56:08,343.0
0.58,17.0050,0.5110,97.0980,1.3660,2025-07-25 12:56:08,343.0
0.5910,16.9650,0.4130,97.0630,1.5290,2025-07-25 12:56:08,343.0
0.6060,17.0650,0.4760,97.1550,1.5030,2025-07-25 12:56:08,343.0
0.5940,17.0430,0.5560,97.2270,1.4490,2025-07-25 12:56:08,343.0
0.5810,16.9460,0.3430,96.9640,1.3850,2025-07-25 12:56:08,343.0
0.5830,16.9430,0.3640,96.9940,1.4620,2025-07-25 12:56:08,343.0
0.58,16.8770,0.6610,96.9690,1.5310,2025-07-25 12:56:08,343.0
0.6020,16.8890,0.5040,97.1860,1.4710,2025-08-16 18:07:15,344.0
0.5870,17.0240,0.3850,97.1310,1.43,2025-08-16 18:07:15,344.0
0.5980,17.0680,0.4830,96.9780,1.4120,2025-08-16 18:07:15,344.0
0.5750,17.0150,0.6050,97.06,1.3810,2025-08-16 18:07:15,344.0
0.5740,16.9460,0.4790,96.9950,1.4730,2025-08-16 18:07:15,344.0
0.59,16.9740,0.4580,97.0770,1.3880,2025-08-16 18:07:15,344.0
0.5950,16.8360,0.4620,97.1590,1.2090,2025-08-16 18:07:15,344.0
0.5610,16.7820,0.5350,97.0930,1.4210,2025-08-16 18:07:15,344.0
0.5860,16.9170,0.4270,97.14,1.5270,2025-08-16 18:07:15,344.0
0.6010,16.9680,0.5080,97.0750,1.4630,2025-08-16 18:07:15,344.0
0.5890,16.8480,0.3640,97.1020,1.4810,2025-08-16 18:07:15,344.0
0.5860,16.9490,0.3780,97.1310,1.48,2025-08-16 18:07:15,344.0
0.5830,16.9050,0.5770,96.9680,1.4830,2025-08-16 18:07:15,344.0
0.59,16.8330,0.4060,97.1130,1.4650,2025-08-16 18:07:15,344.0
0.6110,16.9240,0.3990,97.4230,1.5760,2025-08-16 18:07:15,344.0
0.5860,17.0020,0.5710,97.07,1.3470,2025-08-16 18:07:15,344.0
0.5990,16.9580,0.4580,97.1570,1.4280,2025-08-16 18:07:15,344.0
0.5850,17.0180,0.49,97.2830,1.4320,2025-08-16 18:07:15,344.0
0.5970,16.99,0.3950,97.4120,1.4310,2025-08-16 18:07:15,344.0
0.5720,16.8860,0.4870,97.0410,1.3640,2025-08-16 18:07:15,344.0
0.5810,16.9390,0.35,97.17,1.4180,2025-08-16 20:22:16,345.0
0.5780,16.9930,0.34,97.0340,1.3880,2025-08-16 20:22:16,345.0
0.5860,16.8480,0.5460,97.0490,1.4230,2025-08-16 20:22:16,345.0
0.5620,16.9490,0.4060,97.0660,1.4120,2025-08-16 20:22:16,345.0
0.6110,17.0240,0.5990,97.0890,1.46,2025-08-16 20:22:16,345.0
0.58,16.8550,0.6090,97.12,1.3970,2025-08-16 20:22:16,345.0
0.5780,16.9460,0.4940,97.1640,1.3190,2025-08-16 20:22:16,345.0
0.5770,16.8830,0.6160,97.2460,1.4330,2025-08-16 20:22:16,345.0
0.6010,16.9580,0.4380,97.2620,1.4370,2025-08-16 20:22:16,345.0
0.5710,17.0680,0.5180,96.9440,1.4170,2025-08-16 20:22:16,345.0
0.5970,16.9330,0.64,97.0690,1.4490,2025-08-16 20:22:16,345.0
0.5950,17.0650,0.4860,97.1180,1.3970,2025-08-16 20:22:16,345.0
0.6010,17.0310,0.42,97.1510,1.5070,2025-08-16 20:22:16,345.0
0.5840,17.1030,0.5530,97.0410,1.39,2025-08-16 20:22:16,345.0
0.5880,16.9330,0.3850,97.1990,1.4410,2025-08-16 20:22:16,345.0
0.5970,16.9210,0.4230,96.9510,1.4220,2025-08-16 20:22:16,345.0
0.57,17.0150,0.4790,97.1730,1.42,2025-08-16 20:22:16,345.0
0.5760,16.9080,0.3010,97.14,1.35,2025-08-16 20:22:16,345.0
0.5890,17.0090,0.5290,97.0470,1.3960,2025-08-16 20:22:16,345.0
0.5930,17.0150,0.5110,97.1430,1.4880,2025-08-16 20:22:16,345.0
0.5810,16.8830,0.4060,96.9340,1.34,2025-08-17 10:23:48,346.0
0.5690,16.8860,0.6480,96.9770,1.44,2025-08-17 10:23:48,346.0
0.57,16.8360,0.3850,96.8860,1.3880,2025-08-17 10:23:48,346.0
0.59,16.8010,0.5360,96.91,1.5150,2025-08-17 10:23:48,346.0
0.5690,16.7350,0.4230,96.9830,1.4090,2025-08-17 10:23:48,346.0
0.5780,16.8550,0.3780,97.3370,1.4090,2025-08-17 10:23:48,346.0
0.5960,16.8480,0.6060,96.8580,1.4020,2025-08-17 10:23:48,346.0
0.6220,17.0150,0.3640,97.1240,1.6170,2025-08-17 10:23:48,346.0
0.5860,16.8420,0.5810,97.1830,1.4480,2025-08-17 10:23:48,346.0
0.5650,16.7790,0.5950,96.8150,1.4190,2025-08-17 10:23:48,346.0
0.5880,16.77,0.5220,97.1740,1.4740,2025-08-17 10:23:48,346.0
0.5960,16.9990,0.5320,96.9210,1.4780,2025-08-17 10:23:48,346.0
0.5580,16.7260,0.3710,97.1050,1.3380,2025-08-17 10:23:48,346.0
0.5980,16.9020,0.4480,97.08,1.4940,2025-08-17 10:23:48,346.0
0.5670,16.7070,0.6020,97.0170,1.3450,2025-08-17 10:23:48,346.0
0.60,16.8770,0.3750,97.0860,1.4440,2025-08-17 10:23:48,346.0
0.5850,16.8730,0.6270,96.9090,1.3910,2025-08-17 10:23:48,346.0
0.5920,16.6790,0.4060,97.0810,1.4450,2025-08-17 10:23:48,346.0
0.5740,16.9550,0.4230,97.2430,1.3810,2025-08-17 10:23:48,346.0
0.5950,16.8110,0.5850,97.1620,1.4380,2025-08-17 10:23:48,346.0
0.5750,16.8730,0.5980,96.8760,1.3360,2025-08-17 10:58:50,347.0
0.5790,16.8640,0.5560,97.2130,1.4010,2025-08-17 10:58:50,347.0
0.57,16.7760,0.4510,97.17,1.4240,2025-08-17 10:58:50,347.0
0.5740,16.93,0.3850,96.8920,1.50,2025-08-17 10:58:50,347.0
0.5860,16.8450,0.3990,96.8910,1.4480,2025-08-17 10:58:50,347.0
0.5860,16.9430,0.3640,96.9330,1.42,2025-08-17 10:58:50,347.0
0.5830,16.9050,0.4440,96.7960,1.4540,2025-08-17 10:58:50,347.0
0.5760,16.8920,0.5670,96.8660,1.3940,2025-08-17 10:58:50,347.0
0.5540,16.8640,0.6020,97.1240,1.4250,2025-08-17 10:58:50,347.0
0.5730,16.93,0.41,96.9480,1.4090,2025-08-17 10:58:50,347.0
0.5790,16.7640,0.5560,96.8890,1.3960,2025-08-17 10:58:50,347.0
0.5860,16.8770,0.5950,97.0490,1.4280,2025-08-17 10:58:50,347.0
0.5810,16.8830,0.6680,97.1140,1.4120,2025-08-17 10:58:50,347.0
0.5660,16.8170,0.3850,96.9140,1.4480,2025-08-17 10:58:50,347.0
0.5860,16.7570,0.2910,97.0380,1.4060,2025-08-17 10:58:50,347.0
0.5920,16.8950,0.3320,97.1430,1.4540,2025-08-17 10:58:50,347.0
0.5590,16.8170,0.4580,96.9140,1.3190,2025-08-17 10:58:50,347.0
0.6040,16.9740,0.4720,96.9420,1.5670,2025-08-17 10:58:50,347.0
0.5770,16.8480,0.3960,96.7390,1.4090,2025-08-17 10:58:50,347.0
0.5830,16.8640,0.3990,97.12,1.4460,2025-08-17 10:58:50,347.0
0.5580,16.9080,0.6440,97.07,1.4040,2025-08-17 13:38:51,348.0
0.5840,17.0180,0.4230,97.0030,1.4980,2025-08-17 13:38:51,348.0
0.5970,16.98,0.4450,96.9680,1.5690,2025-08-17 13:38:51,348.0
0.5690,16.99,0.4340,97.0250,1.3820,2025-08-17 13:38:51,348.0
0.6070,16.9830,0.4760,97.2170,1.5010,2025-08-17 13:38:51,348.0
0.5650,16.9110,0.56,96.9680,1.37,2025-08-17 13:38:51,348.0
0.58,16.9020,0.6020,96.9920,1.4190,2025-08-17 13:38:51,348.0
0.57,17.0270,0.5290,96.9150,1.4180,2025-08-17 13:38:51,348.0
0.5990,17.0490,0.5180,97.0970,1.4410,2025-08-17 13:38:51,348.0
0.57,16.9650,0.43,97.0930,1.4290,2025-08-17 13:38:51,348.0
0.5860,16.8510,0.5850,96.9750,1.5220,2025-08-17 13:38:51,348.0
0.5740,17.0210,0.3880,96.9450,1.49,2025-08-17 13:38:51,348.0
0.5820,16.9460,0.4410,97.0110,1.4360,2025-08-17 13:38:51,348.0
0.5880,17.0050,0.4970,96.9960,1.4230,2025-08-17 13:38:51,348.0
0.5780,16.9170,0.4620,97.1230,1.4990,2025-08-17 13:38:51,348.0
0.5880,16.8990,0.4690,97.0890,1.4660,2025-08-17 13:38:51,348.0
0.5860,16.8950,0.4410,97.1040,1.4650,2025-08-17 13:38:51,348.0
0.5710,16.9930,0.5710,97.0220,1.3980,2025-08-17 13:38:51,348.0
0.5740,16.88,0.50,97.0750,1.4670,2025-08-17 13:38:51,348.0
0.5710,16.9020,0.50,97.0120,1.5280,2025-08-17 13:38:51,348.0
0.5930,16.8890,0.3850,97.0940,1.4950,2025-08-17 18:28:55,349.0
0.5820,16.9050,0.5210,96.90,1.3340,2025-08-17 18:28:55,349.0
0.5740,16.8670,0.48,97.1260,1.3920,2025-08-17 18:28:55,349.0
0.5890,16.76,0.4340,97.2050,1.4590,2025-08-17 18:28:55,349.0
0.6010,16.9390,0.4870,97.1560,1.5050,2025-08-17 18:28:55,349.0
0.6010,16.9550,0.5430,97.1430,1.4320,2025-08-17 18:28:55,349.0
0.5840,16.8670,0.5250,97.0280,1.5070,2025-08-17 18:28:55,349.0
0.5990,16.8610,0.4170,96.9630,1.3990,2025-08-17 18:28:55,349.0
0.5630,16.8890,0.6160,97.0060,1.3660,2025-08-17 18:28:55,349.0
0.5770,16.9020,0.5460,97.0410,1.4630,2025-08-17 18:28:55,349.0
0.5770,16.9110,0.4410,96.8870,1.4140,2025-08-17 18:28:55,349.0
0.5870,16.8640,0.5950,97.07,1.5260,2025-08-17 18:28:55,349.0
0.5930,16.9170,0.4830,96.9710,1.5030,2025-08-17 18:28:55,349.0
0.5820,16.9110,0.6090,96.9550,1.3550,2025-08-17 18:28:55,349.0
0.5840,16.9330,0.7350,96.9790,1.4420,2025-08-17 18:28:55,349.0
0.5820,16.7920,0.4380,97.1190,1.5150,2025-08-17 18:28:55,349.0
0.5730,16.8230,0.4270,97.0340,1.4830,2025-08-17 18:28:55,349.0
0.5910,16.9170,0.4480,96.8740,1.4980,2025-08-17 18:28:55,349.0
0.6010,16.9870,0.4240,97.0940,1.4570,2025-08-17 18:28:55,349.0
0.5810,16.8260,0.5630,96.8780,1.4540,2025-08-17 18:28:55,349.0
0.6090,17.0180,0.2870,97.1810,1.4430,2025-08-17 21:03:58,350.0
0.5920,16.9710,0.3810,96.94,1.4720,2025-08-17 21:03:58,350.0
0.5840,17.0020,0.4380,97.0540,1.4260,2025-08-17 21:03:58,350.0
0.5820,16.98,0.4940,97.0220,1.4450,2025-08-17 21:03:58,350.0
0.6030,16.9650,0.6370,96.9890,1.4550,2025-08-17 21:03:58,350.0
0.6130,16.9430,0.5770,97.0110,1.4820,2025-08-17 21:03:58,350.0
0.5970,17.0560,0.2870,97.0080,1.4570,2025-08-17 21:03:58,350.0
0.6090,16.9710,0.4520,97.1420,1.4080,2025-08-17 21:03:58,350.0
0.5930,17.0590,0.56,97.12,1.5390,2025-08-17 21:03:58,350.0
0.5850,16.9770,0.3990,97.1230,1.5170,2025-08-17 21:03:58,350.0
0.5810,16.9680,0.5390,96.9180,1.4410,2025-08-17 21:03:58,350.0
0.5710,16.9870,0.42,96.7990,1.3830,2025-08-17 21:03:58,350.0
0.56,16.8170,0.5740,97.0910,1.3430,2025-08-17 21:03:58,350.0
0.5970,16.9610,0.4730,97.15,1.5160,2025-08-17 21:03:58,350.0
0.5950,17.0590,0.5670,97.0520,1.5290,2025-08-17 21:03:58,350.0
0.5810,17.0090,0.4690,97.0770,1.4540,2025-08-17 21:03:58,350.0
0.5640,16.9020,0.3960,96.8760,1.3280,2025-08-17 21:03:58,350.0
0.5780,16.9170,0.3920,97.16,1.4180,2025-08-17 21:03:58,350.0
0.5940,16.9050,0.4870,97.0390,1.4160,2025-08-17 21:03:58,350.0
0.59,16.93,0.6120,96.9880,1.5410,2025-08-17 21:03:58,350.0
0.5880,17.04,0.5080,96.8730,1.4880,2025-08-18 12:40:03,351.0
0.5730,16.93,0.6130,96.8640,1.3910,2025-08-18 12:40:03,351.0
0.5820,16.9140,0.6120,96.7570,1.3930,2025-08-18 12:40:03,351.0
0.5790,17.0020,0.4270,96.8780,1.4020,2025-08-18 12:40:03,351.0
0.5760,16.87,0.4620,96.9010,1.4030,2025-08-18 12:40:03,351.0
0.5920,16.9460,0.3780,97.0610,1.4860,2025-08-18 12:40:03,351.0
0.5760,16.9210,0.3430,96.7410,1.3680,2025-08-18 12:40:03,351.0
0.5880,16.9580,0.6230,96.8350,1.3940,2025-08-18 12:40:03,351.0
0.5850,16.9430,0.4170,97.18,1.3840,2025-08-18 12:40:03,351.0
0.5820,16.9610,0.4760,96.8520,1.3030,2025-08-18 12:40:03,351.0
0.5760,16.9740,0.4130,97.0960,1.4390,2025-08-18 12:40:03,351.0
0.5810,16.8580,0.7140,97.0590,1.4710,2025-08-18 12:40:03,351.0
0.5780,16.9580,0.4970,96.8390,1.3670,2025-08-18 12:40:03,351.0
0.5720,16.9080,0.3810,97.0620,1.3880,2025-08-18 12:40:03,351.0
0.5770,16.93,0.3110,97.1150,1.3410,2025-08-18 12:40:03,351.0
0.5810,16.9210,0.42,96.8650,1.4410,2025-08-18 12:40:03,351.0
0.5720,16.9240,0.48,96.99,1.3630,2025-08-18 12:40:03,351.0
0.5780,16.9240,0.70,96.7960,1.3550,2025-08-18 12:40:03,351.0
0.5870,16.9390,0.3920,96.8230,1.3430,2025-08-18 12:40:03,351.0
0.5720,16.8670,0.4760,97.3940,1.4250,2025-08-18 12:40:03,351.0
0.60,16.9520,0.5640,96.8060,1.4940,2025-08-18 13:15:08,352.0
0.5720,16.9170,0.4730,96.9450,1.4980,2025-08-18 13:15:08,352.0
0.5910,16.9430,0.5920,96.8790,1.4210,2025-08-18 13:15:08,352.0
0.5910,16.9330,0.5530,96.9570,1.4620,2025-08-18 13:15:08,352.0
0.5840,16.9020,0.4760,96.9870,1.5330,2025-08-18 13:15:08,352.0
0.6120,16.9210,0.5810,96.9340,1.4920,2025-08-18 13:15:08,352.0
0.6010,17.0460,0.2340,96.9610,1.4940,2025-08-18 13:15:08,352.0
0.5860,16.8730,0.4230,96.8830,1.4190,2025-08-18 13:15:08,352.0
0.5880,16.9430,0.5180,97.14,1.4980,2025-08-18 13:15:08,352.0
0.6060,16.8830,0.5850,97.3930,1.4180,2025-08-18 13:15:08,352.0
0.6050,16.9330,0.3710,96.8520,1.5050,2025-08-18 13:15:08,352.0
0.57,16.93,0.4620,97.1130,1.2850,2025-08-18 13:15:08,352.0
0.5810,16.8830,0.4550,97.0420,1.39,2025-08-18 13:15:08,352.0
0.59,16.9580,0.4730,96.97,1.4930,2025-08-18 13:15:08,352.0
0.5970,16.9170,0.5250,97.5130,1.4520,2025-08-18 13:15:08,352.0
0.6010,16.8950,0.4790,97.1070,1.4840,2025-08-18 13:15:08,352.0
0.59,16.88,0.5560,97,1.4130,2025-08-18 13:15:08,352.0
0.60,16.9170,0.4170,97.2230,1.3870,2025-08-18 13:15:08,352.0
0.57,16.9080,0.5990,96.8680,1.3630,2025-08-18 13:15:08,352.0
0.56,16.8140,0.4830,97.1140,1.3840,2025-08-18 13:15:08,352.0
0.5780,16.8610,0.4480,97.0250,1.4440,2025-08-18 18:30:13,353.0
0.5880,17.0020,0.5080,97.0890,1.4140,2025-08-18 18:30:13,353.0
0.5950,16.88,0.4690,97.0290,1.5370,2025-08-18 18:30:13,353.0
0.6020,17.0150,0.3610,97.0610,1.4530,2025-08-18 18:30:13,353.0
0.5830,16.9330,0.4550,96.6790,1.4480,2025-08-18 18:30:13,353.0
0.5530,16.8950,0.5110,96.7820,1.32,2025-08-18 18:30:13,353.0
0.5960,16.9430,0.6020,97.0720,1.44,2025-08-18 18:30:13,353.0
0.5910,16.9270,0.3710,97.08,1.38,2025-08-18 18:30:13,353.0
0.5690,16.8080,0.4230,97,1.3940,2025-08-18 18:30:13,353.0
0.5920,16.8450,0.6020,96.9110,1.4710,2025-08-18 18:30:13,353.0
0.59,16.8550,0.5430,96.9880,1.4920,2025-08-18 18:30:13,353.0
0.6110,16.93,0.4830,97.0050,1.48,2025-08-18 18:30:13,353.0
0.5780,16.9460,0.6720,96.9750,1.4220,2025-08-18 18:30:13,353.0
0.5880,16.9080,0.4340,96.9280,1.4160,2025-08-18 18:30:13,353.0
0.5710,16.8890,0.5460,96.8960,1.3950,2025-08-18 18:30:13,353.0
0.5680,16.8770,0.4340,96.8860,1.3980,2025-08-18 18:30:13,353.0
0.5770,16.8330,0.3330,97.0680,1.3790,2025-08-18 18:30:13,353.0
0.5860,16.8610,0.4830,97.0990,1.5170,2025-08-18 18:30:13,353.0
0.5980,16.9330,0.4970,96.8540,1.4530,2025-08-18 18:30:13,353.0
0.5850,16.8480,0.4730,96.8840,1.5140,2025-08-18 18:30:13,353.0
0.6070,16.9930,0.4550,97.0920,1.4370,2025-08-18 21:15:21,354.0
0.5860,16.9110,0.3960,96.8020,1.4190,2025-08-18 21:15:21,354.0
0.5580,16.8830,0.3610,97.0850,1.3560,2025-08-18 21:15:21,354.0
0.5840,17.0050,0.4730,96.8760,1.3960,2025-08-18 21:15:21,354.0
0.59,16.9270,0.4410,96.9610,1.4020,2025-08-18 21:15:21,354.0
0.5840,16.9050,0.5460,97.07,1.3520,2025-08-18 21:15:21,354.0
0.5960,16.9830,0.4970,97.05,1.4660,2025-08-18 21:15:21,354.0
0.5730,16.8040,0.4970,97.1740,1.4550,2025-08-18 21:15:21,354.0
0.6030,16.8890,0.4130,97.2210,1.45,2025-08-18 21:15:21,354.0
0.5830,16.9110,0.4440,96.95,1.3730,2025-08-18 21:15:21,354.0
0.61,17.0310,0.4380,96.98,1.4640,2025-08-18 21:15:21,354.0
0.5870,16.9680,0.35,96.95,1.4550,2025-08-18 21:15:21,354.0
0.59,16.9110,0.6580,96.9760,1.4750,2025-08-18 21:15:21,354.0
0.5810,16.8890,0.5350,96.8710,1.3990,2025-08-18 21:15:21,354.0
0.5680,16.9140,0.6090,96.8870,1.3690,2025-08-18 21:15:21,354.0
0.5990,16.9610,0.5350,96.9710,1.49,2025-08-18 21:15:21,354.0
0.5860,16.9390,0.4870,96.9050,1.4160,2025-08-18 21:15:21,354.0
0.5990,16.9110,0.5950,97.0250,1.4320,2025-08-18 21:15:21,354.0
0.58,16.9460,0.4730,97.05,1.3970,2025-08-18 21:15:21,354.0
0.6010,16.9680,0.5280,97.18,1.4510,2025-08-18 21:15:21,354.0
0.5720,16.9390,0.43,96.9140,1.4450,2025-08-19 10:54:36,355.0
0.5730,16.8640,0.2520,96.8590,1.4420,2025-08-19 10:54:36,355.0
0.5880,16.98,0.2870,97.0490,1.4640,2025-08-19 10:54:36,355.0
0.6090,16.9770,0.4380,96.9310,1.5190,2025-08-19 10:54:36,355.0
0.5950,16.9080,0.4580,97.29,1.5130,2025-08-19 10:54:36,355.0
0.5820,16.9110,0.4170,96.8920,1.4110,2025-08-19 10:54:36,355.0
0.6090,16.7980,0.4480,97.0510,1.5280,2025-08-19 10:54:36,355.0
0.5680,16.83,0.42,96.9170,1.3670,2025-08-19 10:54:36,355.0
0.5820,16.8730,0.3750,97.17,1.3750,2025-08-19 10:54:36,355.0
0.5730,16.9520,0.3880,97.2020,1.3330,2025-08-19 10:54:36,355.0
0.5850,16.9550,0.3990,97.0540,1.4410,2025-08-19 10:54:36,355.0
0.5930,16.9580,0.5570,96.8310,1.39,2025-08-19 10:54:36,355.0
0.5970,16.99,0.2450,96.8760,1.4070,2025-08-19 10:54:36,355.0
0.5920,16.8640,0.50,97.3040,1.4490,2025-08-19 10:54:36,355.0
0.59,16.8890,0.4410,97.0950,1.4560,2025-08-19 10:54:36,355.0
0.5920,16.9390,0.4020,96.8890,1.4710,2025-08-19 10:54:36,355.0
0.5870,16.8330,0.3810,97.1660,1.4940,2025-08-19 10:54:36,355.0
0.6070,16.9110,0.3360,96.7470,1.4510,2025-08-19 10:54:36,355.0
0.5860,16.9580,0.5110,97.2610,1.36,2025-08-19 10:54:36,355.0
0.5640,16.8670,0.5430,96.9610,1.4350,2025-08-19 10:54:36,355.0
0.5770,16.98,0.4730,96.9190,1.4110,2025-08-19 18:59:50,356.0
0.58,16.8860,0.49,97.0910,1.4490,2025-08-19 18:59:50,356.0
0.5580,16.8950,0.3570,97.0750,1.3810,2025-08-19 18:59:50,356.0
0.5810,16.9580,0.3990,97.0630,1.4250,2025-08-19 18:59:50,356.0
0.5920,16.9610,0.4580,96.9720,1.4620,2025-08-19 18:59:50,356.0
0.5680,16.9960,0.6330,97,1.44,2025-08-19 18:59:50,356.0
0.5680,16.99,0.4690,97.0170,0.0150,2025-08-19 18:59:50,356.0
0.5730,16.9360,0.41,96.9730,1.4070,2025-08-19 18:59:50,356.0
0.57,16.9360,0.4090,97.1040,1.3570,2025-08-19 18:59:50,356.0
0.5970,17.1090,0.3610,96.9210,1.4690,2025-08-19 18:59:50,356.0
0.6010,16.9930,0.3670,97.0670,1.4620,2025-08-19 18:59:50,356.0
0.5710,16.9770,0.7170,97.0130,1.3970,2025-08-19 18:59:50,356.0
0.5830,16.8920,0.63,97.2830,1.4230,2025-08-19 18:59:50,356.0
0.5860,16.8640,0.4760,97.1710,1.3840,2025-08-19 18:59:50,356.0
0.5640,16.8610,0.4690,97.1920,1.3540,2025-08-19 18:59:50,356.0
0.5680,16.9330,0.3610,96.9920,1.3590,2025-08-19 18:59:50,356.0
0.5440,16.82,0.4620,97.13,1.3640,2025-08-19 18:59:50,356.0
0.55,16.9020,0.2690,96.9530,1.3980,2025-08-19 18:59:50,356.0
0.5810,17.0090,0.3920,97.0060,1.4140,2025-08-19 18:59:50,356.0
0.5840,16.8890,0.50,96.9670,1.40,2025-08-19 18:59:50,356.0
0.5860,17.0620,0.3110,96.9190,1.4550,2025-08-19 21:14:56,357.0
0.5840,17.0460,0.3330,97.1260,1.4330,2025-08-19 21:14:56,357.0
0.5910,17.1220,0.2620,97.0240,1.4160,2025-08-19 21:14:56,357.0
0.5880,16.9490,0.5180,96.8270,1.48,2025-08-19 21:14:56,357.0
0.56,17.0710,0.4620,97.0290,1.3730,2025-08-19 21:14:56,357.0
0.5820,16.9580,0.3320,96.92,1.4430,2025-08-19 21:14:56,357.0
0.5730,17.1150,0.4270,96.9850,1.3970,2025-08-19 21:14:56,357.0
0.5770,16.9490,0.3850,97.3260,1.4080,2025-08-19 21:14:56,357.0
0.5890,17.0560,0.4580,96.9570,1.46,2025-08-19 21:14:56,357.0
0.58,16.9050,0.3880,97.2160,1.4110,2025-08-19 21:14:56,357.0
0.5870,16.98,0.4310,97.1430,1.4470,2025-08-19 21:14:56,357.0
0.5760,16.9140,0.4650,97.0280,1.3850,2025-08-19 21:14:56,357.0
0.5740,17.1720,0.4410,96.9810,1.43,2025-08-19 21:14:56,357.0
0.5750,17.0310,0.2760,97.0310,1.4260,2025-08-19 21:14:56,357.0
0.5790,17.0120,0.5110,96.9430,0.0190,2025-08-19 21:14:56,357.0
0.59,17.0590,0.3220,97.09,1.4210,2025-08-19 21:14:56,357.0
0.5830,17.0530,0.4170,96.8420,1.4440,2025-08-19 21:14:56,357.0
0.57,17.0310,0.3810,97.1010,1.3610,2025-08-19 21:14:56,357.0
0.5780,16.9520,0.5950,96.9150,1.49,2025-08-19 21:14:56,357.0
0.5710,16.9330,0.4160,97.0550,1.4180,2025-08-19 21:14:56,357.0
0.60,16.9080,0.4450,97.1520,1.5580,2025-08-20 19:30:08,358.0
0.59,16.7760,0.4940,97.1290,1.5450,2025-08-20 19:30:08,358.0
0.5710,16.9360,0.3950,97.0390,1.5540,2025-08-20 19:30:08,358.0
0.5720,16.93,0.35,97.1180,1.5030,2025-08-20 19:30:08,358.0
0.5950,16.9930,0.4270,97.1220,1.5230,2025-08-20 19:30:08,358.0
0.5670,16.9930,0.3880,96.8230,1.4390,2025-08-20 19:30:08,358.0
0.5870,16.9020,0.5390,96.8310,1.3710,2025-08-20 19:30:08,358.0
0.5730,16.87,0.4510,96.83,1.4730,2025-08-20 19:30:08,358.0
0.5820,16.8920,0.50,96.9450,1.4380,2025-08-20 19:30:08,358.0
0.5760,17.0090,0.4480,96.8370,1.4550,2025-08-20 19:30:08,358.0
0.5890,16.8110,0.5490,97.1270,1.5070,2025-08-20 19:30:08,358.0
0.5590,16.7890,0.3890,97.0880,1.4610,2025-08-20 19:30:08,358.0
0.5880,17.0020,0.35,97.1990,1.5370,2025-08-20 19:30:08,358.0
0.5560,16.9710,0.3880,96.9210,1.42,2025-08-20 19:30:08,358.0
0.5920,16.9610,0.4790,96.9080,1.5370,2025-08-20 19:30:08,358.0
0.5820,16.9650,0.35,96.9360,1.4640,2025-08-20 19:30:08,358.0
0.5890,16.9550,0.42,96.9010,1.4780,2025-08-20 19:30:08,358.0
0.5680,16.9680,0.5290,96.9530,1.4360,2025-08-20 19:30:08,358.0
0.5850,16.98,0.5710,96.8870,1.4470,2025-08-20 19:30:08,358.0
0.5650,16.8140,0.4790,97.0060,1.5270,2025-08-20 19:30:08,358.0
0.6080,17.0560,0.6230,97.0960,1.4970,2025-08-20 21:25:09,359.0
0.5830,16.9610,0.3360,97.1950,1.3980,2025-08-20 21:25:09,359.0
0.5750,16.9830,0.5280,96.8630,1.4220,2025-08-20 21:25:09,359.0
0.59,17.0310,0.5110,96.8090,1.4720,2025-08-20 21:25:09,359.0
0.5880,17.0270,0.5040,97.0290,1.4820,2025-08-20 21:25:09,359.0
0.5930,17.0620,0.43,96.9240,1.4980,2025-08-20 21:25:09,359.0
0.5640,17.0240,0.4480,96.9480,1.3860,2025-08-20 21:25:09,359.0
0.5840,16.9550,0.3320,97.0060,1.3630,2025-08-20 21:25:09,359.0
0.6040,17.0340,0.4760,97.0840,1.4750,2025-08-20 21:25:09,359.0
0.5760,17.0650,0.5360,96.8220,1.4450,2025-08-20 21:25:09,359.0
0.5830,17.0680,0.6720,96.8380,1.3910,2025-08-20 21:25:09,359.0
0.5860,17.0090,0.4090,96.8510,1.4650,2025-08-20 21:25:09,359.0
0.5930,16.9550,0.3640,97.1180,1.3880,2025-08-20 21:25:09,359.0
0.6030,17.0680,0.4580,97.1610,1.5680,2025-08-20 21:25:09,359.0
0.5690,16.9210,0.4650,96.9440,1.4580,2025-08-20 21:25:09,359.0
0.5670,16.9490,0.6160,97.0870,1.3860,2025-08-20 21:25:09,359.0
0.5770,17.0180,0.2870,97.0790,1.4370,2025-08-20 21:25:09,359.0
0.5650,16.99,0.5250,97.0810,1.3930,2025-08-20 21:25:09,359.0
0.5930,16.9960,0.55,96.9780,1.4790,2025-08-20 21:25:09,359.0
0.6040,17.0240,0.6510,96.8520,1.4610,2025-08-20 21:25:09,359.0
0.5630,16.8640,0.5110,97.0430,1.3860,2025-08-21 10:59:24,360.0
0.5780,16.9550,0.3710,96.8640,1.3660,2025-08-21 10:59:24,360.0
0.6040,16.9460,0.3710,96.94,1.4660,2025-08-21 10:59:24,360.0
0.5920,16.9830,0.4690,96.8350,1.4630,2025-08-21 10:59:24,360.0
0.6110,16.8990,0.5670,97.1790,1.5050,2025-08-21 10:59:24,360.0
0.5840,16.88,0.3960,97.0260,1.4190,2025-08-21 10:59:24,360.0
0.5810,16.9110,0.3430,97.0530,1.3650,2025-08-21 10:59:24,360.0
0.6020,17.0150,0.3920,97.05,1.4190,2025-08-21 10:59:24,360.0
0.5780,16.8730,0.5460,96.9740,1.4330,2025-08-21 10:59:24,360.0
0.5890,16.8170,0.3540,97.0260,1.4630,2025-08-21 10:59:24,360.0
0.5660,16.8390,0.5040,97.1560,1.4110,2025-08-21 10:59:24,360.0
0.5840,16.8920,0.49,97.0560,1.3740,2025-08-21 10:59:24,360.0
0.5680,16.8140,0.29,97.1270,1.3840,2025-08-21 10:59:24,360.0
0.60,16.8770,0.4240,97.1530,1.3990,2025-08-21 10:59:24,360.0
0.5860,16.9240,0.55,96.8560,1.4510,2025-08-21 10:59:24,360.0
0.5990,16.9270,0.3880,97.0420,1.4530,2025-08-21 10:59:24,360.0
0.57,16.9080,0.4310,96.97,1.3720,2025-08-21 10:59:24,360.0
0.5920,16.9270,0.4970,96.9560,1.4260,2025-08-21 10:59:24,360.0
0.5490,16.8330,0.3810,97.1350,1.40,2025-08-21 10:59:24,360.0
0.5760,16.9170,0.5560,97.0910,1.3760,2025-08-21 10:59:24,360.0
0.6150,16.93,0.4510,96.9050,1.5580,2025-08-21 13:14:29,361.0
0.5760,17.0020,0.3810,97.0830,1.4510,2025-08-21 13:14:29,361.0
0.5940,16.9430,0.4270,97.04,1.5090,2025-08-21 13:14:29,361.0
0.6020,16.9740,0.5110,97.3450,1.4860,2025-08-21 13:14:29,361.0
0.5920,16.8990,0.4760,97.1250,1.4390,2025-08-21 13:14:29,361.0
0.5720,16.93,0.6270,96.8340,1.4330,2025-08-21 13:14:29,361.0
0.6080,17.0710,0.3810,97.0030,1.4850,2025-08-21 13:14:29,361.0
0.5960,16.9240,0.4660,96.9130,1.4220,2025-08-21 13:14:29,361.0
0.5660,16.9360,0.4580,96.8780,1.4740,2025-08-21 13:14:29,361.0
0.5970,17.0490,0.50,97.0140,1.4850,2025-08-21 13:14:29,361.0
0.5970,16.9710,0.4310,97.1620,1.4180,2025-08-21 13:14:29,361.0
0.5850,16.9170,0.5350,96.9220,1.4620,2025-08-21 13:14:29,361.0
0.57,16.8950,0.3810,97.0180,1.3940,2025-08-21 13:14:29,361.0
0.5740,16.9610,0.3570,96.8290,1.4060,2025-08-21 13:14:29,361.0
0.59,16.9740,0.35,97.0920,1.4260,2025-08-21 13:14:29,361.0
0.6080,16.9610,0.3640,97.1550,1.5430,2025-08-21 13:14:29,361.0
0.5870,16.8860,0.6160,97.0410,1.4860,2025-08-21 13:14:29,361.0
0.5990,17.0090,0.3850,97.11,1.4860,2025-08-21 13:14:29,361.0
0.5890,16.9960,0.3320,96.8080,1.45,2025-08-21 13:14:29,361.0
0.5860,16.93,0.5150,97,1.4590,2025-08-21 13:14:29,361.0
0.5880,16.8920,0.6120,97.03,1.43,2025-08-21 19:14:38,362.0
0.5860,16.9930,0.4730,96.9310,1.4930,2025-08-21 19:14:38,362.0
0.6260,17.04,0.4130,97.0650,1.56,2025-08-21 19:14:38,362.0
0.6170,16.9520,0.5640,97.2150,1.5960,2025-08-21 19:14:38,362.0
0.59,16.9210,0.4660,97.0540,1.5520,2025-08-21 19:14:38,362.0
0.6310,17.0310,0.5910,96.8450,1.5440,2025-08-21 19:14:38,362.0
0.5950,16.9930,0.50,96.9170,1.5060,2025-08-21 19:14:38,362.0
0.6110,16.9270,0.5430,96.9660,1.5880,2025-08-21 19:14:38,362.0
0.6080,16.93,0.3740,96.8610,1.4860,2025-08-21 19:14:38,362.0
0.6010,16.98,0.34,97.0890,1.4540,2025-08-21 19:14:38,362.0
0.5920,16.8890,0.4760,97.3330,1.5450,2025-08-21 19:14:38,362.0
0.5750,16.9330,0.3810,96.9240,1.4070,2025-08-21 19:14:38,362.0
0.5950,16.98,0.2840,97.1380,1.5430,2025-08-21 19:14:38,362.0
0.6140,16.8770,0.4410,96.9450,1.5750,2025-08-21 19:14:38,362.0
0.5960,16.9580,0.5080,97.1430,1.4810,2025-08-21 19:14:38,362.0
0.5790,16.8480,0.5710,97.1350,1.4970,2025-08-21 19:14:38,362.0
0.5930,16.87,0.4650,96.8820,1.5340,2025-08-21 19:14:38,362.0
0.5990,16.8990,0.4130,97.1330,1.6570,2025-08-21 19:14:38,362.0
0.5770,16.8450,0.5770,97.0130,1.4720,2025-08-21 19:14:38,362.0
0.58,16.8670,0.3780,97.2480,1.5370,2025-08-21 19:14:38,362.0
0.5720,17.0120,0.35,96.8150,1.4780,2025-08-22 11:04:39,363.0
0.5810,16.8580,0.4660,97.0260,1.4540,2025-08-22 11:04:39,363.0
0.60,16.9610,0.4240,96.8150,1.5090,2025-08-22 11:04:39,363.0
0.5770,16.8640,0.6440,96.8450,1.4820,2025-08-22 11:04:39,363.0
0.5980,16.8990,0.49,97.3460,1.4120,2025-08-22 11:04:39,363.0
0.5710,16.9870,0.3320,97.0190,1.4150,2025-08-22 11:04:39,363.0
0.5970,17.0150,0.4340,97.0290,1.4310,2025-08-22 11:04:39,363.0
0.5890,16.9240,0.4020,97.13,1.4780,2025-08-22 11:04:39,363.0
0.5910,17.0020,0.6790,96.9560,1.3720,2025-08-22 11:04:39,363.0
0.5770,16.8670,0.5630,97.2360,1.4280,2025-08-22 11:04:39,363.0
0.5870,16.9460,0.4830,96.9950,1.3910,2025-08-22 11:04:39,363.0
0.6090,17.0120,0.6860,97.0010,1.58,2025-08-22 11:04:39,363.0
0.5810,16.9360,0.3990,97.1610,1.3650,2025-08-22 11:04:39,363.0
0.5790,16.9550,0.3960,97.0620,1.4510,2025-08-22 11:04:39,363.0
0.5920,16.9390,0.3050,96.95,1.4440,2025-08-22 11:04:39,363.0
0.5710,16.9580,0.50,97.0460,1.3990,2025-08-22 11:04:39,363.0
0.6070,16.8950,0.49,97.0730,1.5450,2025-08-22 11:04:39,363.0
0.5790,16.9960,0.4760,96.9410,1.4510,2025-08-22 11:04:39,363.0
0.5940,16.8990,0.3990,97.1630,1.4830,2025-08-22 11:04:39,363.0
0.56,16.8140,0.4480,97.0950,1.4220,2025-08-22 11:04:39,363.0
0.5950,16.8830,0.3150,96.8650,1.4340,2025-08-22 13:04:44,364.0
0.5830,16.8390,0.34,97.1590,1.4180,2025-08-22 13:04:44,364.0
0.5770,16.9330,0.3640,97.1710,1.3970,2025-08-22 13:04:44,364.0
0.5960,16.9710,0.4170,97.0260,1.4160,2025-08-22 13:04:44,364.0
0.5760,16.8730,0.4940,97.0380,1.4340,2025-08-22 13:04:44,364.0
0.5880,17.0020,0.5150,96.9270,1.4590,2025-08-22 13:04:44,364.0
0.58,17.0050,0.4480,97.2710,1.4050,2025-08-22 13:04:44,364.0
0.5640,16.93,0.56,96.9960,1.3350,2025-08-22 13:04:44,364.0
0.57,16.9020,0.5460,97.0640,1.3790,2025-08-22 13:04:44,364.0
0.5750,16.9390,0.4870,96.9160,1.3850,2025-08-22 13:04:44,364.0
0.5830,16.9330,0.5390,97.1360,1.3690,2025-08-22 13:04:44,364.0
0.5890,16.9830,0.3880,96.9470,1.5050,2025-08-22 13:04:44,364.0
0.5770,16.9270,0.4660,96.8250,1.4130,2025-08-22 13:04:44,364.0
0.5860,16.93,0.4380,96.91,1.4730,2025-08-22 13:04:44,364.0
0.5830,16.93,0.3330,96.8820,1.35,2025-08-22 13:04:44,364.0
0.5780,16.9460,0.5780,97.2440,1.4360,2025-08-22 13:04:44,364.0
0.5740,16.7670,0.3990,97.4440,1.4110,2025-08-22 13:04:44,364.0
0.5930,16.9170,0.4760,97.0520,1.4340,2025-08-22 13:04:44,364.0
0.5840,16.9360,0.3850,96.9930,1.45,2025-08-22 13:04:44,364.0
0.5860,16.9870,0.3990,96.8030,1.4720,2025-08-22 13:04:44,364.0
0.60,16.9580,0.5220,96.9660,1.53,2025-08-22 18:39:52,365.0
0.5760,16.9240,0.4590,97.0320,1.4450,2025-08-22 18:39:52,365.0
0.5810,16.88,0.4940,96.9340,1.4960,2025-08-22 18:39:52,365.0
0.6050,16.8920,0.2690,97.08,1.5340,2025-08-22 18:39:52,365.0
0.5820,16.7350,0.43,97.0590,1.5190,2025-08-22 18:39:52,365.0
0.5760,16.8580,0.2660,96.9150,1.5080,2025-08-22 18:39:52,365.0
0.5910,16.8890,0.3460,97.1020,1.5420,2025-08-22 18:39:52,365.0
0.5830,16.8550,0.55,97.0180,1.5410,2025-08-22 18:39:52,365.0
0.59,16.8080,0.50,97.2110,1.5680,2025-08-22 18:39:52,365.0
0.5750,16.7480,0.4130,97.0010,1.4690,2025-08-22 18:39:52,365.0
0.5880,16.9080,0.5670,97.0410,1.4710,2025-08-22 18:39:52,365.0
0.5770,16.8040,0.3610,97.2060,1.5010,2025-08-22 18:39:52,365.0
0.5870,16.7510,0.4940,97.0730,1.4620,2025-08-22 18:39:52,365.0
0.5810,16.8260,0.5530,96.94,1.4550,2025-08-22 18:39:52,365.0
0.6070,16.9870,0.5810,96.9580,1.5630,2025-08-22 18:39:52,365.0
0.5810,16.7790,0.3890,97.1160,1.4550,2025-08-22 18:39:52,365.0
0.6060,16.9520,0.3850,97.1240,1.5170,2025-08-22 18:39:52,365.0
0.5510,16.7760,0.3250,97.0570,1.3820,2025-08-22 18:39:52,365.0
0.5650,16.7540,0.4270,97.0570,1.4810,2025-08-22 18:39:52,365.0
0.5530,16.7540,0.2420,97.0880,1.4420,2025-08-22 18:39:52,365.0
0.59,16.8640,0.3050,96.8180,1.5160,2025-08-22 18:54:53,366.0
0.5880,16.8950,0.3710,96.81,1.5380,2025-08-22 18:54:53,366.0
0.5720,16.83,0.3220,97.1830,1.56,2025-08-22 18:54:53,366.0
0.59,16.8390,0.5990,96.9170,1.6230,2025-08-22 18:54:53,366.0
0.5920,16.8550,0.41,96.9070,1.4680,2025-08-22 18:54:53,366.0
0.5740,16.7540,0.4690,96.9410,1.3740,2025-08-22 18:54:53,366.0
0.5880,16.82,0.50,97.2860,1.4960,2025-08-22 18:54:53,366.0
0.5980,16.8890,0.4130,97.1530,1.4310,2025-08-22 18:54:53,366.0
0.5920,16.8420,0.4620,96.8190,1.5270,2025-08-22 18:54:53,366.0
0.5930,16.8480,0.3890,97.1380,1.46,2025-08-22 18:54:53,366.0
0.5740,16.8260,0.3710,96.8510,1.45,2025-08-22 18:54:53,366.0
0.5730,16.7290,0.5560,96.9980,1.3550,2025-08-22 18:54:53,366.0
0.60,16.8950,0.4480,96.9650,1.5550,2025-08-22 18:54:53,366.0
0.6020,16.9210,0.5810,96.93,1.4930,2025-08-22 18:54:53,366.0
0.5930,16.88,0.4230,97.0820,1.5770,2025-08-22 18:54:53,366.0
0.60,16.9650,0.5010,97.0190,1.5530,2025-08-22 18:54:53,366.0
0.5740,16.8040,0.3750,97.0360,1.4360,2025-08-22 18:54:53,366.0
0.5760,16.8860,0.3780,96.9020,1.5490,2025-08-22 18:54:53,366.0
0.5760,16.8170,0.3080,97.3040,1.5070,2025-08-22 18:54:53,366.0
0.5720,16.8330,0.5390,97.0580,1.4470,2025-08-22 18:54:53,366.0
0.5710,16.9240,0.2310,97.01,1.4170,2025-08-22 21:04:59,367.0
0.5910,16.9490,0.5040,96.8320,1.4150,2025-08-22 21:04:59,367.0
0.5890,16.8480,0.3920,97.2340,1.4690,2025-08-22 21:04:59,367.0
0.5540,16.8110,0.3850,97.0520,1.3730,2025-08-22 21:04:59,367.0
0.5940,16.9610,0.3430,96.9660,1.5060,2025-08-22 21:04:59,367.0
0.5880,16.9650,0.4270,97.0130,1.4250,2025-08-22 21:04:59,367.0
0.5560,16.7510,0.3780,97.1230,1.3210,2025-08-22 21:04:59,367.0
0.5760,16.8140,0.4060,96.9560,1.45,2025-08-22 21:04:59,367.0
0.6090,16.8950,0.4970,97.2580,1.5230,2025-08-22 21:04:59,367.0
0.6070,16.9650,0.50,97.2040,1.4340,2025-08-22 21:04:59,367.0
0.58,16.8830,0.3810,96.9590,1.4340,2025-08-22 21:04:59,367.0
0.6030,16.93,0.4170,97.0280,1.4430,2025-08-22 21:04:59,367.0
0.5740,16.9330,0.4550,97.1170,1.3260,2025-08-22 21:04:59,367.0
0.5920,16.8920,0.4310,97.1040,1.4450,2025-08-22 21:04:59,367.0
0.5840,16.9020,0.6060,97.0820,1.3570,2025-08-22 21:04:59,367.0
0.5810,16.72,0.3540,97.3250,1.4610,2025-08-22 21:04:59,367.0
0.5850,16.8480,0.3710,97.2110,1.4380,2025-08-22 21:04:59,367.0
0.5760,16.8920,0.5390,97.14,1.4420,2025-08-22 21:04:59,367.0
0.5810,16.9460,0.3670,96.9330,1.4480,2025-08-22 21:04:59,367.0
0.5890,16.87,0.5250,96.8940,1.4220,2025-08-22 21:04:59,367.0
0.5870,16.9270,0.3470,97.0440,1.4040,2025-08-25 12:59:31,368.0
0.5850,16.8110,0.6580,96.7110,1.4470,2025-08-25 12:59:31,368.0
0.6410,17.0870,0.6410,97.0290,1.5770,2025-08-25 12:59:31,368.0
0.6160,16.9580,0.4410,96.8890,1.5430,2025-08-25 12:59:31,368.0
0.6250,16.8330,0.4410,96.9090,1.6520,2025-08-25 12:59:31,368.0
0.6190,16.99,0.3190,96.9470,1.5150,2025-08-25 12:59:31,368.0
0.5850,16.9650,0.3880,97.2010,1.44,2025-08-25 12:59:31,368.0
0.5940,16.8360,0.4130,97.0120,1.5080,2025-08-25 12:59:31,368.0
0.5990,16.9770,0.6440,97.0620,1.6690,2025-08-25 12:59:31,368.0
0.59,16.9550,0.42,96.8850,1.5640,2025-08-25 12:59:31,368.0
0.6210,17.0750,0.5220,96.9160,1.6270,2025-08-25 12:59:31,368.0
0.5990,16.9830,0.4520,97.2830,1.5350,2025-08-25 12:59:31,368.0
0.5890,16.98,0.4830,96.8430,1.5290,2025-08-25 12:59:31,368.0
0.6220,16.9960,0.4170,96.9360,1.6270,2025-08-25 12:59:31,368.0
0.6280,16.9710,0.6020,96.9150,1.6210,2025-08-25 12:59:31,368.0
0.5980,16.8670,0.6270,97.1010,1.5240,2025-08-25 12:59:31,368.0
0.5750,16.87,0.5460,96.8070,1.5420,2025-08-25 12:59:31,368.0
0.5930,16.8450,0.4380,96.91,1.5270,2025-08-25 12:59:31,368.0
0.5910,16.9240,0.4620,97.2940,1.5760,2025-08-25 12:59:31,368.0
0.5860,16.9020,0.3920,97.1180,1.4820,2025-08-25 12:59:31,368.0
0.5920,16.9520,0.4660,97.0310,1.5650,2025-08-25 19:04:38,369.0
0.5920,16.9580,0.3050,96.9050,1.4270,2025-08-25 19:04:38,369.0
0.5690,16.9650,0.4170,96.8660,1.4130,2025-08-25 19:04:38,369.0
0.56,16.83,0.3920,96.9380,1.3630,2025-08-25 19:04:38,369.0
0.6020,16.9140,0.5420,97.0650,1.48,2025-08-25 19:04:38,369.0
0.5640,16.9460,0.3750,97.1410,1.3610,2025-08-25 19:04:38,369.0
0.5730,17.0020,0.5390,97.1970,1.4340,2025-08-25 19:04:38,369.0
0.5730,16.9270,0.6020,97.01,1.3490,2025-08-25 19:04:38,369.0
0.5970,17.0310,0.4790,97.0720,1.4870,2025-08-25 19:04:38,369.0
0.5570,16.87,0.3460,97.2080,1.3830,2025-08-25 19:04:38,369.0
0.5920,16.9650,0.3750,97.0930,1.52,2025-08-25 19:04:38,369.0
0.5820,16.93,0.4520,97.16,1.4610,2025-08-25 19:04:38,369.0
0.5850,16.9210,0.3710,97.0890,1.4220,2025-08-25 19:04:38,369.0
0.5710,16.8480,0.4550,97.1430,1.4380,2025-08-25 19:04:38,369.0
0.5740,16.9170,0.4060,97.0510,1.4480,2025-08-25 19:04:38,369.0
0.5750,16.98,0.4480,96.9660,1.4480,2025-08-25 19:04:38,369.0
0.5810,16.9930,0.4310,96.9220,1.4370,2025-08-25 19:04:38,369.0
0.5650,16.9140,0.4340,97.1310,1.4520,2025-08-25 19:04:38,369.0
0.5560,17.0180,0.4020,97.1620,1.3830,2025-08-25 19:04:38,369.0
0.5830,16.9990,0.2380,96.9570,1.4320,2025-08-25 19:04:38,369.0
0.5920,16.9550,0.5390,96.9520,1.4390,2025-08-25 21:14:40,370.0
0.5990,16.9930,0.4730,97.0290,1.4980,2025-08-25 21:14:40,370.0
0.5790,16.9650,0.4520,96.95,1.4120,2025-08-25 21:14:40,370.0
0.5960,17.0180,0.4310,97.1590,1.3940,2025-08-25 21:14:40,370.0
0.5990,17.0310,0.4130,97.1120,1.5460,2025-08-25 21:14:40,370.0
0.5810,16.9520,0.4450,97.1370,1.4630,2025-08-25 21:14:40,370.0
0.5760,16.9930,0.5180,96.8620,1.4180,2025-08-25 21:14:40,370.0
0.5680,16.98,0.4650,97.0130,1.3470,2025-08-25 21:14:40,370.0
0.5920,16.88,0.3570,97.0010,1.48,2025-08-25 21:14:40,370.0
0.6030,17.0870,0.4790,97.02,1.4220,2025-08-25 21:14:40,370.0
0.5680,16.9390,0.3990,97.2210,1.4490,2025-08-25 21:14:40,370.0
0.5880,17.0180,0.4730,96.88,1.4820,2025-08-25 21:14:40,370.0
0.5890,16.9930,0.3610,96.9260,1.4790,2025-08-25 21:14:40,370.0
0.5840,17.0180,0.4410,97.0260,1.4430,2025-08-25 21:14:40,370.0
0.5820,16.9930,0.2940,97.1790,1.4620,2025-08-25 21:14:40,370.0
0.5910,16.9650,0.3330,97.2050,1.41,2025-08-25 21:14:40,370.0
0.5850,16.9330,0.4340,96.9880,1.4270,2025-08-25 21:14:40,370.0
0.5740,16.9550,0.3960,97.0510,1.3990,2025-08-25 21:14:40,370.0
0.6050,16.9740,0.4160,96.96,1.5420,2025-08-25 21:14:40,370.0
0.5990,16.9210,0.2980,97.1880,1.5790,2025-08-25 21:14:40,370.0
0.5920,17.1060,0.5110,96.9940,1.4550,2025-08-26 11:16:21,371.0
0.6110,16.9740,0.5250,97.2230,1.4330,2025-08-26 11:16:21,371.0
0.5950,17.0710,0.4790,97.0830,1.49,2025-08-26 11:16:21,371.0
0.5830,16.99,0.4520,96.9680,1.43,2025-08-26 11:16:21,371.0
0.5950,16.9770,0.2480,97.0710,1.3480,2025-08-26 11:16:21,371.0
0.5910,16.9710,0.3880,96.92,1.3990,2025-08-26 11:16:21,371.0
0.6040,17.1370,0.5950,97.0360,1.4720,2025-08-26 11:16:21,371.0
0.60,17.0680,0.3780,96.9280,1.4480,2025-08-26 11:16:21,371.0
0.5810,16.9210,0.4480,96.9460,1.4240,2025-08-26 11:16:21,371.0
0.6110,16.9830,0.3390,97.1720,1.5320,2025-08-26 11:16:21,371.0
0.5930,17.0240,0.3850,97.0650,1.4720,2025-08-26 11:16:21,371.0
0.5980,17.04,0.3530,96.8980,1.3410,2025-08-26 11:16:21,371.0
0.5880,16.98,0.3710,96.9440,1.4410,2025-08-26 11:16:21,371.0
0.5750,17.1030,0.3220,96.8640,1.3330,2025-08-26 11:16:21,371.0
0.5780,16.9430,0.3990,97.1820,1.4090,2025-08-26 11:16:21,371.0
0.5940,16.9240,0.4310,97.25,1.4620,2025-08-26 11:16:21,371.0
0.6110,17.1220,0.4580,96.9930,1.3910,2025-08-26 11:16:21,371.0
0.5970,17.0270,0.3990,97.1350,1.4920,2025-08-26 11:16:21,371.0
0.60,17.0240,0.4730,97.3040,1.3610,2025-08-26 11:16:21,371.0
0.5810,16.9550,0.48,97.4470,1.5240,2025-08-26 11:16:21,371.0
0.5970,17.0020,0.4790,96.9780,1.4540,2025-08-26 12:51:22,372.0
0.57,16.9710,0.4020,97.1780,1.3870,2025-08-26 12:51:22,372.0
0.57,16.9930,0.4170,97.0180,1.4160,2025-08-26 12:51:22,372.0
0.5930,17.04,0.5490,96.9230,1.4560,2025-08-26 12:51:22,372.0
0.5790,16.9110,0.3250,97.0970,1.4160,2025-08-26 12:51:22,372.0
0.59,16.9740,0.4340,97.0820,1.3740,2025-08-26 12:51:22,372.0
0.5860,16.9080,0.4620,97.1490,1.3960,2025-08-26 12:51:22,372.0
0.6050,16.9710,0.4620,97.10,1.4480,2025-08-26 12:51:22,372.0
0.5850,17.0270,0.35,96.9720,1.4410,2025-08-26 12:51:22,372.0
0.5840,16.8950,0.34,97.2160,1.3360,2025-08-26 12:51:22,372.0
0.5880,17.0680,0.5390,96.9960,1.4460,2025-08-26 12:51:22,372.0
0.5710,17.15,0.4520,97.0830,1.3410,2025-08-26 12:51:22,372.0
0.5770,16.7860,0.5880,97.2950,1.39,2025-08-26 12:51:22,372.0
0.5960,17.0120,0.3850,97.0940,1.4780,2025-08-26 12:51:22,372.0
0.6170,17.1720,0.4130,96.83,1.46,2025-08-26 12:51:22,372.0
0.5740,16.8670,0.5080,97.1080,1.4260,2025-08-26 12:51:22,372.0
0.6190,17.1150,0.3190,96.9670,1.43,2025-08-26 12:51:22,372.0
0.5890,16.9020,0.5950,97.1990,1.4210,2025-08-26 12:51:22,372.0
0.5750,17.0240,0.3290,96.9780,1.3780,2025-08-26 12:51:22,372.0
0.5840,17.0370,0.6620,96.9240,1.4620,2025-08-26 12:51:22,372.0
0.5780,16.9490,0.5150,97.1530,1.4580,2025-08-26 19:06:30,373.0
0.59,16.9080,0.5320,97.4030,1.3880,2025-08-26 19:06:30,373.0
0.5940,16.99,0.2910,97.1480,1.4930,2025-08-26 19:06:30,373.0
0.5810,17.0430,0.3670,96.8540,1.4030,2025-08-26 19:06:30,373.0
0.6070,16.9990,0.5080,96.86,1.4130,2025-08-26 19:06:30,373.0
0.5820,16.9650,0.5850,97.31,1.3720,2025-08-26 19:06:30,373.0
0.5770,16.9050,0.5150,97.2070,1.3730,2025-08-26 19:06:30,373.0
0.5740,16.88,0.5810,97.13,1.3910,2025-08-26 19:06:30,373.0
0.5820,16.8770,0.48,97.2490,1.4060,2025-08-26 19:06:30,373.0
0.5890,16.8890,0.4520,96.9380,1.4450,2025-08-26 19:06:30,373.0
0.5830,16.9520,0.4690,97.3980,1.4070,2025-08-26 19:06:30,373.0
0.5670,16.9680,0.5950,97.1290,1.3730,2025-08-26 19:06:30,373.0
0.5990,16.9830,0.5390,96.9690,1.4090,2025-08-26 19:06:30,373.0
0.5960,17.0530,0.3080,97.2150,1.4430,2025-08-26 19:06:30,373.0
0.5780,17.0020,0.4870,96.9680,1.4190,2025-08-26 19:06:30,373.0
0.59,17.0370,0.4410,96.9390,1.3950,2025-08-26 19:06:30,373.0
0.58,17.0530,0.3570,96.8490,1.4250,2025-08-26 19:06:30,373.0
0.5970,16.9830,0.4380,97.60,1.4310,2025-08-26 19:06:30,373.0
0.5730,17.0560,0.3110,96.93,1.4160,2025-08-26 19:06:30,373.0
0.6090,17.0560,0.42,97.0820,1.4380,2025-08-26 19:06:30,373.0
0.5960,17.0650,0.2940,97.0110,1.3930,2025-08-27 10:53:32,374.0
0.5950,16.9210,0.5250,96.9240,1.3780,2025-08-27 10:53:32,374.0
0.5860,16.8830,0.3610,96.8670,1.4190,2025-08-27 10:53:32,374.0
0.5810,16.8920,0.3330,96.96,1.3670,2025-08-27 10:53:32,374.0
0.5820,16.9550,0.3010,97.0850,1.3150,2025-08-27 10:53:32,374.0
0.5590,16.8830,0.3750,97.2530,1.2840,2025-08-27 10:53:32,374.0
0.5720,17.04,0.2940,97.0280,1.3110,2025-08-27 10:53:32,374.0
0.5810,16.9580,0.3190,97.0920,1.3450,2025-08-27 10:53:32,374.0
0.59,16.9770,0.4690,97.1190,1.3920,2025-08-27 10:53:32,374.0
0.5840,16.8390,0.4970,97.1570,1.4030,2025-08-27 10:53:32,374.0
0.5890,16.9210,0.3540,97.12,1.39,2025-08-27 10:53:32,374.0
0.5710,16.9020,0.3250,97,1.3310,2025-08-27 10:53:32,374.0
0.5720,16.8950,0.5150,97.0240,1.3060,2025-08-27 10:53:32,374.0
0.5990,17.0090,0.4130,96.8710,1.4460,2025-08-27 10:53:32,374.0
0.5780,16.9210,0.4830,97.0170,1.4330,2025-08-27 10:53:32,374.0
0.6040,16.8770,0.5210,97.0720,1.4260,2025-08-27 10:53:32,374.0
0.5780,16.8640,0.3220,97.2310,1.4440,2025-08-27 10:53:32,374.0
0.59,16.9240,0.3180,97.0580,1.4970,2025-08-27 10:53:32,374.0
0.5840,16.9460,0.3080,97.0530,1.37,2025-08-27 10:53:32,374.0
0.5960,17.0680,0.3960,97.2290,1.4250,2025-08-27 10:53:32,374.0
0.5610,16.8990,0.3220,97.3190,1.3660,2025-08-27 12:48:34,375.0
0.5720,16.9740,0.4340,96.8520,1.4630,2025-08-27 12:48:34,375.0
0.5760,16.93,0.6930,97.0690,1.3940,2025-08-27 12:48:34,375.0
0.5990,17.0050,0.4520,97.0880,1.5540,2025-08-27 12:48:34,375.0
0.5940,16.8990,0.4380,97.3530,1.4960,2025-08-27 12:48:34,375.0
0.5480,16.8010,0.28,97.1820,1.2910,2025-08-27 12:48:34,375.0
0.5740,16.9240,0.49,96.9370,1.4480,2025-08-27 12:48:34,375.0
0.5810,16.9740,0.3880,97.0070,1.4010,2025-08-27 12:48:34,375.0
0.57,16.8040,0.3850,96.9220,1.3720,2025-08-27 12:48:34,375.0
0.5790,16.9050,0.3010,97.0340,1.4520,2025-08-27 12:48:34,375.0
0.61,16.9110,0.3250,97.3160,1.4480,2025-08-27 12:48:34,375.0
0.5630,16.8080,0.4230,96.9820,1.4320,2025-08-27 12:48:34,375.0
0.5610,16.9170,0.3610,96.8930,1.34,2025-08-27 12:48:34,375.0
0.5770,17.0120,0.3190,97.07,1.4210,2025-08-27 12:48:34,375.0
0.5830,16.9550,0.3710,97.1470,1.4160,2025-08-27 12:48:34,375.0
0.5630,16.8010,0.3050,96.9030,1.4520,2025-08-27 12:48:34,375.0
0.58,16.9430,0.4970,97.1780,1.47,2025-08-27 12:48:34,375.0
0.5820,16.8390,0.4520,97.0160,1.4090,2025-08-27 12:48:34,375.0
0.5830,17.0210,0.3640,97.1210,1.4460,2025-08-27 12:48:34,375.0
0.5780,16.9360,0.4340,96.9920,1.4760,2025-08-27 12:48:34,375.0
0.60,16.9330,0.5430,97.1180,1.4540,2025-08-27 19:08:46,376.0
0.5880,16.9520,0.3880,96.9210,1.4080,2025-08-27 19:08:46,376.0
0.5780,16.9080,0.3880,97.1420,1.3980,2025-08-27 19:08:46,376.0
0.61,16.8420,0.4340,97.1920,1.56,2025-08-27 19:08:46,376.0
0.5780,16.9110,0.4270,97.0460,1.4230,2025-08-27 19:08:46,376.0
0.5850,16.9240,0.2840,97.3140,1.3970,2025-08-27 19:08:46,376.0
0.5750,16.9770,0.4790,97.2710,1.4290,2025-08-27 19:08:46,376.0
0.5920,16.8950,0.4410,97.1880,1.4740,2025-08-27 19:08:46,376.0
0.5730,16.9390,0.28,97.1130,1.3960,2025-08-27 19:08:46,376.0
0.59,17.0020,0.3570,96.8960,1.4580,2025-08-27 19:08:46,376.0
0.5610,16.9870,0.3850,96.7930,1.3060,2025-08-27 19:08:46,376.0
0.5950,17.0240,0.4130,97.26,1.4840,2025-08-27 19:08:46,376.0
0.5690,16.8230,0.3780,96.9130,1.4050,2025-08-27 19:08:46,376.0
0.5820,16.9680,0.3610,96.9480,1.4030,2025-08-27 19:08:46,376.0
0.5890,16.9650,0.49,96.9170,1.4930,2025-08-27 19:08:46,376.0
0.6110,16.93,0.3250,97.2080,1.4980,2025-08-27 19:08:46,376.0
0.5840,16.8920,0.4060,97.1350,1.4220,2025-08-27 19:08:46,376.0
0.5730,16.9080,0.41,97.1110,1.4880,2025-08-27 19:08:46,376.0
0.59,17.0050,0.3920,96.8540,1.4040,2025-08-27 19:08:46,376.0
0.5890,16.9430,0.3470,97.1650,1.4110,2025-08-27 19:08:46,376.0
0.5660,16.9360,0.3780,97.0820,1.4840,2025-08-27 21:13:50,377.0
0.5740,16.9610,0.3850,96.9240,1.4010,2025-08-27 21:13:50,377.0
0.59,16.99,0.3530,97.1250,1.3740,2025-08-27 21:13:50,377.0
0.5680,16.9830,0.2870,97.0460,1.3960,2025-08-27 21:13:50,377.0
0.58,17.0810,0.3810,97.06,1.3340,2025-08-27 21:13:50,377.0
0.5690,17.0020,0.3290,97.1570,1.2990,2025-08-27 21:13:50,377.0
0.5740,16.9710,0.3780,97.1750,1.3360,2025-08-27 21:13:50,377.0
0.5940,17.0340,0.3610,96.89,1.4030,2025-08-27 21:13:50,377.0
0.5890,16.8950,0.5290,97.2940,1.4090,2025-08-27 21:13:50,377.0
0.6150,16.98,0.3990,97.2380,1.4660,2025-08-27 21:13:50,377.0
0.5940,17.0210,0.4020,97.15,1.3870,2025-08-27 21:13:50,377.0
0.5930,17.0430,0.3960,97.2390,1.3950,2025-08-27 21:13:50,377.0
0.5770,17.0090,0.3880,96.9190,1.3960,2025-08-27 21:13:50,377.0
0.5910,16.9210,0.4650,97.1320,1.4030,2025-08-27 21:13:50,377.0
0.5630,16.9580,0.3950,97.0290,1.3450,2025-08-27 21:13:50,377.0
0.5580,16.8950,0.4580,96.9980,1.3280,2025-08-27 21:13:50,377.0
0.5930,16.9330,0.3990,97.1730,1.3720,2025-08-27 21:13:50,377.0
0.59,16.9140,0.4830,97.05,1.4450,2025-08-27 21:13:50,377.0
0.5930,17.0150,0.3540,96.9580,1.3830,2025-08-27 21:13:50,377.0
0.5880,16.9870,0.4480,96.9250,1.3450,2025-08-27 21:13:50,377.0
0.5940,16.9490,0.4550,97.2440,1.4410,2025-08-28 11:05:52,378.0
0.5840,16.9770,0.2450,96.9540,1.3470,2025-08-28 11:05:52,378.0
0.5830,16.87,0.5150,97.2630,1.4610,2025-08-28 11:05:52,378.0
0.58,17.0650,0.3640,97.16,1.4440,2025-08-28 11:05:52,378.0
0.5960,17.0150,0.3250,97.1060,1.41,2025-08-28 11:05:52,378.0
0.6040,17.0590,0.4790,96.9880,1.3560,2025-08-28 11:05:52,378.0
0.5740,16.9460,0.2940,97.1040,1.3850,2025-08-28 11:05:52,378.0
0.60,17.0460,0.3960,97.0820,1.4580,2025-08-28 11:05:52,378.0
0.5630,16.9680,0.5220,96.9820,1.3990,2025-08-28 11:05:52,378.0
0.58,17.0240,0.3220,97.4560,1.4150,2025-08-28 11:05:52,378.0
0.5940,17.04,0.6190,97.0330,1.4140,2025-08-28 11:05:52,378.0
0.5810,16.9580,0.4450,97.0250,1.4150,2025-08-28 11:05:52,378.0
0.5660,16.9330,0.4520,97.3270,1.3640,2025-08-28 11:05:52,378.0
0.5810,16.9430,0.42,97.0040,1.4090,2025-08-28 11:05:52,378.0
0.58,17.0530,0.4830,96.9510,1.46,2025-08-28 11:05:52,378.0
0.5910,17.0050,0.2770,96.9390,1.4480,2025-08-28 11:05:52,378.0
0.5770,16.9960,0.3120,97.31,1.3910,2025-08-28 11:05:52,378.0
0.5650,17.0050,0.3010,96.7660,1.3270,2025-08-28 11:05:52,378.0
0.5950,16.9550,0.3570,96.9280,1.4750,2025-08-28 11:05:52,378.0
0.5670,16.8920,0.4970,97.0210,1.3860,2025-08-28 11:05:52,378.0
0.5950,17.0560,0.5180,96.9070,1.4310,2025-08-28 12:55:53,379.0
0.5920,16.9580,0.3360,97.1280,1.4360,2025-08-28 12:55:53,379.0
0.5810,17.0180,0.2520,97.12,1.4070,2025-08-28 12:55:53,379.0
0.60,16.9740,0.5080,97.1490,1.4560,2025-08-28 12:55:53,379.0
0.5840,16.9680,0.4830,96.9590,1.4230,2025-08-28 12:55:53,379.0
0.6050,16.9930,0.3960,96.9430,1.4860,2025-08-28 12:55:53,379.0
0.58,16.9460,0.5250,97.0120,1.3750,2025-08-28 12:55:53,379.0
0.5680,16.9360,0.3680,97.2740,1.4970,2025-08-28 12:55:53,379.0
0.5920,16.9240,0.2620,97.2570,1.43,2025-08-28 12:55:53,379.0
0.5730,16.9240,0.34,97.1120,1.4030,2025-08-28 12:55:53,379.0
0.5650,16.99,0.3960,97.1740,1.3380,2025-08-28 12:55:53,379.0
0.5830,16.9550,0.3570,97.3160,1.3640,2025-08-28 12:55:53,379.0
0.5650,16.9460,0.3250,96.9840,1.4230,2025-08-28 12:55:53,379.0
0.6050,16.8990,0.3360,97.0650,1.5510,2025-08-28 12:55:53,379.0
0.5820,16.9330,0.3810,97.1270,1.3750,2025-08-28 12:55:53,379.0
0.5910,16.9490,0.4440,96.96,1.4960,2025-08-28 12:55:53,379.0
0.5590,16.9930,0.4380,97.1010,1.32,2025-08-28 12:55:53,379.0
0.5870,17.0560,0.5070,97.0270,1.3750,2025-08-28 12:55:53,379.0
0.5980,17.0340,0.4060,96.9170,1.4660,2025-08-28 12:55:53,379.0
0.5760,16.9080,0.4410,97.1410,1.3930,2025-08-28 12:55:53,379.0
0.5770,16.98,0.4380,97.1590,1.4430,2025-08-28 19:16:03,380.0
0.5870,16.9930,0.5640,97.0450,1.4550,2025-08-28 19:16:03,380.0
0.5620,16.9020,0.3050,97.24,1.3950,2025-08-28 19:16:03,380.0
0.5840,16.9240,0.5280,96.9050,1.4280,2025-08-28 19:16:03,380.0
0.6030,16.9610,0.3110,96.9450,1.4440,2025-08-28 19:16:03,380.0
0.5790,16.9520,0.4730,97.0520,1.4560,2025-08-28 19:16:03,380.0
0.5770,16.9770,0.4310,96.8820,1.4710,2025-08-28 19:16:03,380.0
0.6030,17.0490,0.4480,97.0510,1.5020,2025-08-28 19:16:03,380.0
0.5870,16.8480,0.3960,97.0540,1.4170,2025-08-28 19:16:03,380.0
0.5870,16.9680,0.42,97.0460,1.4310,2025-08-28 19:16:03,380.0
0.5990,17.0680,0.42,97.1250,1.4740,2025-08-28 19:16:03,380.0
0.5570,16.9110,0.4520,96.9360,1.4750,2025-08-28 19:16:03,380.0
0.5890,17.0460,0.35,96.9770,1.4810,2025-08-28 19:16:03,380.0
0.61,16.9490,0.5040,96.9790,1.5410,2025-08-28 19:16:03,380.0
0.5740,16.9830,0.3810,96.9650,1.4240,2025-08-28 19:16:03,380.0
0.5760,16.87,0.2870,97.0530,1.3550,2025-08-28 19:16:03,380.0
0.6010,16.9610,0.4690,97.1570,1.3660,2025-08-28 19:16:03,380.0
0.58,16.9390,0.4170,97.0910,1.3890,2025-08-28 19:16:03,380.0
0.5890,16.9550,0.5290,97.4330,1.4360,2025-08-28 19:16:03,380.0
0.60,16.9360,0.3960,96.8870,1.4950,2025-08-28 19:16:03,380.0
0.5870,16.9740,0.1960,96.9720,1.4980,2025-08-28 21:11:06,381.0
0.5810,16.93,0.2210,97.0130,1.4180,2025-08-28 21:11:06,381.0
0.5970,16.9650,0.49,97.2260,1.3470,2025-08-28 21:11:06,381.0
0.5790,16.93,0.3430,96.8740,1.4380,2025-08-28 21:11:06,381.0
0.5780,16.9610,0.5080,97.3360,1.4120,2025-08-28 21:11:06,381.0
0.5650,16.9650,0.4130,97.1530,1.3710,2025-08-28 21:11:06,381.0
0.5990,16.9050,0.4230,97.0870,1.4660,2025-08-28 21:11:06,381.0
0.5920,16.9430,0.4870,97.2650,1.4870,2025-08-28 21:11:06,381.0
0.5870,16.8730,0.4170,97.0370,1.52,2025-08-28 21:11:06,381.0
0.5770,16.8990,0.6230,96.9030,1.5160,2025-08-28 21:11:06,381.0
0.5730,16.8480,0.3810,96.8910,1.3960,2025-08-28 21:11:06,381.0
0.5750,16.8830,0.4130,97.0650,1.3630,2025-08-28 21:11:06,381.0
0.6130,16.9550,0.4060,97.0790,1.4930,2025-08-28 21:11:06,381.0
0.5620,17.0120,0.4450,97.12,1.3860,2025-08-28 21:11:06,381.0
0.5860,16.8730,0.3920,97.1160,1.4810,2025-08-28 21:11:06,381.0
0.5910,16.9870,0.4760,97.2280,1.33,2025-08-28 21:11:06,381.0
0.5990,16.9830,0.5640,97.1710,1.5160,2025-08-28 21:11:06,381.0
0.5720,16.8730,0.4730,97.12,1.4660,2025-08-28 21:11:06,381.0
0.5810,16.8920,0.3810,97.1960,1.4470,2025-08-28 21:11:06,381.0
0.5920,16.93,0.3810,97.1620,1.4830,2025-08-28 21:11:06,381.0
0.5810,17.0930,0.6340,96.8630,1.4120,2025-08-29 11:32:46,382.0
0.5970,16.9490,0.5290,97.1960,1.4740,2025-08-29 11:32:46,382.0
0.5910,16.9610,0.5290,96.90,1.5090,2025-08-29 11:32:46,382.0
0.5660,16.9650,0.3890,96.8690,1.45,2025-08-29 11:32:46,382.0
0.58,16.8890,0.56,97.1350,1.3050,2025-08-29 11:32:46,382.0
0.5840,17.0120,0.5290,96.99,1.4590,2025-08-29 11:32:46,382.0
0.5760,16.9210,0.4510,97.0240,1.4260,2025-08-29 11:32:46,382.0
0.5920,17.0840,0.5220,96.96,1.4930,2025-08-29 11:32:46,382.0
0.58,16.8860,0.4060,97.1290,1.4430,2025-08-29 11:32:46,382.0
0.58,16.9610,0.6610,96.9590,1.4440,2025-08-29 11:32:46,382.0
0.5740,16.8610,0.42,97.5380,1.4780,2025-08-29 11:32:46,382.0
0.5770,16.9650,0.6960,97.0450,1.4710,2025-08-29 11:32:46,382.0
0.5980,17.1060,0.3960,97.17,1.4610,2025-08-29 11:32:46,382.0
0.6020,17.1220,0.3920,97.0070,1.4410,2025-08-29 11:32:46,382.0
0.5660,16.9870,0.2980,97.1450,1.38,2025-08-29 11:32:46,382.0
0.5910,17.0460,0.4830,96.9850,1.4580,2025-08-29 11:32:46,382.0
0.5910,17.0460,0.4090,96.8890,1.42,2025-08-29 11:32:46,382.0
0.6040,17.2030,0.4030,96.8090,1.5110,2025-08-29 11:32:46,382.0
0.5880,17.0210,0.42,97.1120,1.5080,2025-08-29 11:32:46,382.0
0.5710,17.0270,0.4970,96.8760,1.4240,2025-08-29 11:32:46,382.0
0.5880,16.9490,0.3670,97.1210,1.4180,2025-08-29 19:27:56,383.0
0.6020,16.8140,0.49,97.1870,1.5140,2025-08-29 19:27:56,383.0
0.5720,16.8550,0.3120,97.2680,1.4090,2025-08-29 19:27:56,383.0
0.5770,16.9080,0.3330,97.1730,1.40,2025-08-29 19:27:56,383.0
0.5840,16.87,0.4660,97.4450,1.4590,2025-08-29 19:27:56,383.0
0.6070,17.0150,0.49,96.8170,1.4630,2025-08-29 19:27:56,383.0
0.5840,16.9140,0.3890,96.91,1.44,2025-08-29 19:27:56,383.0
0.5750,16.8670,0.3290,97.3260,1.3480,2025-08-29 19:27:56,383.0
0.5780,16.93,0.3920,97.1830,1.4040,2025-08-29 19:27:56,383.0
0.5910,16.8510,0.5780,97.2240,1.4360,2025-08-29 19:27:56,383.0
0.6020,16.9520,0.3710,96.8710,1.4680,2025-08-29 19:27:56,383.0
0.5830,16.93,0.4060,96.9180,1.4750,2025-08-29 19:27:56,383.0
0.5860,16.9110,0.4690,97.3290,1.4370,2025-08-29 19:27:56,383.0
0.5930,17.0810,0.4410,96.9840,1.4440,2025-08-29 19:27:56,383.0
0.5850,16.9770,0.5740,97.3790,1.4280,2025-08-29 19:27:56,383.0
0.59,16.9020,0.49,97.2010,1.4970,2025-08-29 19:27:56,383.0
0.58,16.8920,0.5350,97.2240,1.41,2025-08-29 19:27:56,383.0
0.5830,16.8860,0.35,97.0580,1.5060,2025-08-29 19:27:56,383.0
0.5830,16.8450,0.3780,97.1970,1.5280,2025-08-29 19:27:56,383.0
0.5820,16.8260,0.5560,96.8480,1.5160,2025-08-29 19:27:56,383.0
0.5690,17.0020,0.6370,96.9960,1.37,2025-08-29 20:57:59,384.0
0.5880,17.10,0.4550,97.1330,1.3950,2025-08-29 20:57:59,384.0
0.5910,17.0270,0.4130,96.8860,1.3880,2025-08-29 20:57:59,384.0
0.5860,16.9710,0.4410,97.1720,1.45,2025-08-29 20:57:59,384.0
0.5910,16.9650,0.34,97.2730,1.45,2025-08-29 20:57:59,384.0
0.6020,17.04,0.6020,96.9720,1.4440,2025-08-29 20:57:59,384.0
0.5880,17.0180,0.4410,97.0080,1.3490,2025-08-29 20:57:59,384.0
0.5730,17.0120,0.28,96.90,1.3660,2025-08-29 20:57:59,384.0
0.6010,17.0750,0.4380,97.2830,1.4410,2025-08-29 20:57:59,384.0
0.5890,17.1750,0.34,97.14,1.3070,2025-08-29 20:57:59,384.0
0.5610,16.8890,0.2240,97.2730,1.2880,2025-08-29 20:57:59,384.0
0.61,17.0020,0.3430,97.0620,1.4680,2025-08-29 20:57:59,384.0
0.5760,17.0180,0.5320,97.0740,1.3280,2025-08-29 20:57:59,384.0
0.5830,17.0210,0.4760,96.9940,1.3360,2025-08-29 20:57:59,384.0
0.5690,16.88,0.4580,97.1460,1.3670,2025-08-29 20:57:59,384.0
0.5790,17.0460,0.3360,96.9350,1.3470,2025-08-29 20:57:59,384.0
0.5690,16.9210,0.5210,97.1910,1.3140,2025-08-29 20:57:59,384.0
0.5660,17.0430,0.42,96.9260,1.3380,2025-08-29 20:57:59,384.0
0.5810,16.9960,0.3080,97.4140,1.4580,2025-08-29 20:57:59,384.0
0.5980,17.0090,0.4690,97.1720,1.4390,2025-08-29 20:57:59,384.0
0.5780,16.9170,0.6580,96.9920,1.4520,2025-09-01 10:52:30,385.0
0.5950,16.9930,0.49,97.13,1.5050,2025-09-01 10:52:30,385.0
0.5950,16.9170,0.3750,96.9730,1.4460,2025-09-01 10:52:30,385.0
0.6020,16.9430,0.5670,97.0920,1.4830,2025-09-01 10:52:30,385.0
0.5740,16.8830,0.3780,96.8810,1.4280,2025-09-01 10:52:30,385.0
0.5680,16.8670,0.4690,97.1890,1.4290,2025-09-01 10:52:30,385.0
0.5680,17.1410,0.4410,96.8140,1.4070,2025-09-01 10:52:30,385.0
0.5640,16.8110,0.42,97.05,1.3190,2025-09-01 10:52:30,385.0
0.6130,16.9360,0.5110,97.1470,1.5560,2025-09-01 10:52:30,385.0
0.5870,16.8860,0.4760,97.1220,1.4910,2025-09-01 10:52:30,385.0
0.5770,16.9580,0.5910,97.0220,1.4080,2025-09-01 10:52:30,385.0
0.5560,16.8550,0.28,97.2780,1.3350,2025-09-01 10:52:30,385.0
0.59,16.9650,0.3570,96.8760,1.44,2025-09-01 10:52:30,385.0
0.5860,17.0650,0.42,97.08,1.4590,2025-09-01 10:52:30,385.0
0.5850,17.0370,0.5460,97.0210,1.4650,2025-09-01 10:52:30,385.0
0.5710,16.9020,0.4230,96.9840,1.4010,2025-09-01 10:52:30,385.0
0.61,16.8860,0.56,97.0310,1.5360,2025-09-01 10:52:30,385.0
0.6080,16.9550,0.4440,96.9820,1.4450,2025-09-01 10:52:30,385.0
0.5840,16.8670,0.3960,97.3130,1.3930,2025-09-01 10:52:30,385.0
0.6020,16.8010,0.3150,97.2320,1.4080,2025-09-01 10:52:30,385.0
0.6040,17.0020,0.4270,97.0330,1.5170,2025-09-01 13:02:32,386.0
0.5950,16.9390,0.3810,97.2270,1.5630,2025-09-01 13:02:32,386.0
0.6220,16.9610,0.3990,97.1440,1.5730,2025-09-01 13:02:32,386.0
0.5910,17.0590,0.4580,96.9130,1.5190,2025-09-01 13:02:32,386.0
0.5860,16.9770,0.3610,97.2640,1.4880,2025-09-01 13:02:32,386.0
0.5670,16.93,0.2970,97.2790,1.4060,2025-09-01 13:02:32,386.0
0.5710,16.8920,0.4620,96.9250,1.4360,2025-09-01 13:02:32,386.0
0.5760,16.87,0.4520,97.2810,1.4430,2025-09-01 13:02:32,386.0
0.5680,16.9430,0.5290,97.2870,1.52,2025-09-01 13:02:32,386.0
0.5990,16.9240,0.4450,97.0220,1.49,2025-09-01 13:02:32,386.0
0.5730,16.9140,0.4060,97.1540,1.4780,2025-09-01 13:02:32,386.0
0.5640,16.7920,0.3430,97.2780,1.3360,2025-09-01 13:02:32,386.0
0.5920,16.9770,0.3750,96.9080,1.5310,2025-09-01 13:02:32,386.0
0.5870,16.8990,0.3750,97.1740,1.4160,2025-09-01 13:02:32,386.0
0.6020,16.9550,0.3750,96.8920,1.5550,2025-09-01 13:02:32,386.0
0.5950,17.0270,0.3780,97.1030,1.4740,2025-09-01 13:02:32,386.0
0.57,16.9240,0.5150,97.22,1.52,2025-09-01 13:02:32,386.0
0.5850,16.8390,0.5180,96.9050,1.5440,2025-09-01 13:02:32,386.0
0.5880,17.0620,0.3430,97.0960,1.46,2025-09-01 13:02:32,386.0
0.5980,16.9520,0.5180,97.2860,1.4970,2025-09-01 13:02:32,386.0
0.5640,16.8730,0.3710,96.8520,1.3960,2025-09-01 19:27:42,387.0
0.5640,16.7890,0.4620,97.1440,1.4640,2025-09-01 19:27:42,387.0
0.5830,16.8730,0.3390,97.4350,1.4510,2025-09-01 19:27:42,387.0
0.5920,16.9360,0.3880,97.0830,1.4320,2025-09-01 19:27:42,387.0
0.5760,17.1280,0.3780,97.1160,1.4270,2025-09-01 19:27:42,387.0
0.5660,16.8390,0.4020,97.2240,1.3660,2025-09-01 19:27:42,387.0
0.5790,16.87,0.4620,96.8760,1.5350,2025-09-01 19:27:42,387.0
0.5730,16.9360,0.4380,96.9190,1.5030,2025-09-01 19:27:42,387.0
0.5750,17.0370,0.4310,96.92,1.4820,2025-09-01 19:27:42,387.0
0.5840,16.9140,0.35,97.26,1.5040,2025-09-01 19:27:42,387.0
0.5970,16.7920,0.4720,97.2080,1.4890,2025-09-01 19:27:42,387.0
0.59,16.9770,0.5320,96.7320,1.4950,2025-09-01 19:27:42,387.0
0.5930,16.9520,0.4410,96.9920,1.5380,2025-09-01 19:27:42,387.0
0.6020,17.0210,0.2940,97.1980,1.4790,2025-09-01 19:27:42,387.0
0.5830,16.9330,0.4450,96.8630,1.4620,2025-09-01 19:27:42,387.0
0.5860,16.8610,0.3080,96.8740,1.5510,2025-09-01 19:27:42,387.0
0.5820,17.2790,0.5390,97.0410,1.4280,2025-09-01 19:27:42,387.0
0.5840,17.0210,0.3990,97.1590,1.4970,2025-09-01 19:27:42,387.0
0.5720,16.8770,0.4270,97.0630,1.4340,2025-09-01 19:27:42,387.0
0.5890,16.8950,0.4480,96.8990,1.1940,2025-09-01 19:27:42,387.0
0.59,16.8860,0.4970,97.2170,1.5590,2025-09-02 11:29:06,388.0
0.60,17.0090,0.3250,96.93,1.4430,2025-09-02 11:29:06,388.0
0.6160,17.0840,0.2760,96.9230,1.4660,2025-09-02 11:29:06,388.0
0.5670,17.0270,0.4060,97.1230,1.37,2025-09-02 11:29:06,388.0
0.5760,16.8390,0.5740,96.95,1.3560,2025-09-02 11:29:06,388.0
0.5740,16.9610,0.5530,96.9390,1.3630,2025-09-02 11:29:06,388.0
0.5760,16.9960,0.5740,97.1370,1.3930,2025-09-02 11:29:06,388.0
0.5970,17.1660,0.91,97.4250,1.40,2025-09-02 11:29:06,388.0
0.5870,16.9870,0.3710,97.3720,1.4570,2025-09-02 11:29:06,388.0
0.5870,16.9430,0.3360,97.1940,1.4930,2025-09-02 11:29:06,388.0
0.5940,17.0310,0.4830,96.9650,1.4210,2025-09-02 11:29:06,388.0
0.6090,17.0310,0.4230,96.9590,1.4850,2025-09-02 11:29:06,388.0
0.5920,16.9050,0.4450,97.1410,1.5450,2025-09-02 11:29:06,388.0
0.5710,16.9990,0.3330,97.1580,1.43,2025-09-02 11:29:06,388.0
0.58,16.9110,0.3990,97.2390,1.4410,2025-09-02 11:29:06,388.0
0.5860,16.9740,0.4380,96.8710,1.4950,2025-09-02 11:29:06,388.0
0.5970,17.0560,0.3960,97.0970,1.4230,2025-09-02 11:29:06,388.0
0.5850,17.1750,0.5150,97.0080,1.4160,2025-09-02 11:29:06,388.0
0.6050,17.04,0.5350,96.8970,1.4780,2025-09-02 11:29:06,388.0
0.5810,16.9330,0.4730,97.0740,1.4030,2025-09-02 11:29:06,388.0
0.5950,16.9580,0.6060,97.2590,1.4350,2025-09-02 13:14:10,389.0
0.6140,17.0750,0.4340,97.04,1.5430,2025-09-02 13:14:10,389.0
0.6010,16.9050,0.3880,97.1430,1.4310,2025-09-02 13:14:10,389.0
0.5870,16.9490,0.4660,97.08,1.43,2025-09-02 13:14:10,389.0
0.5810,16.93,0.3010,97.1730,1.4730,2025-09-02 13:14:10,389.0
0.58,16.9430,0.4230,97.0210,1.4350,2025-09-02 13:14:10,389.0
0.5570,16.82,0.5040,97.1720,1.43,2025-09-02 13:14:10,389.0
0.5890,16.9460,0.50,97.1250,1.4110,2025-09-02 13:14:10,389.0
0.5840,16.8390,0.3360,97.0010,1.5130,2025-09-02 13:14:10,389.0
0.5670,16.8480,0.2730,97.1540,1.3420,2025-09-02 13:14:10,389.0
0.5650,17.0430,0.4020,96.9180,1.4470,2025-09-02 13:14:10,389.0
0.59,16.93,0.3430,97.1310,1.4840,2025-09-02 13:14:10,389.0
0.6060,17.0090,0.6130,97.0420,1.4830,2025-09-02 13:14:10,389.0
0.5850,16.9140,0.5980,97.0040,1.4160,2025-09-02 13:14:10,389.0
0.5780,17.0530,0.5560,96.9390,1.4430,2025-09-02 13:14:10,389.0
0.5780,16.9490,0.56,97.2820,1.4470,2025-09-02 13:14:10,389.0
0.5880,16.9680,0.4270,96.9320,1.4920,2025-09-02 13:14:10,389.0
0.5880,17.0150,0.3180,96.9980,1.4450,2025-09-02 13:14:10,389.0
0.5860,16.9210,0.2280,96.8850,1.4750,2025-09-02 13:14:10,389.0
0.5870,16.9490,0.35,97.1410,1.5090,2025-09-02 13:14:10,389.0
0.5610,16.9360,0.3670,96.9980,1.3860,2025-09-02 19:34:19,390.0
0.5760,16.8450,0.50,96.9680,1.4350,2025-09-02 19:34:19,390.0
0.5830,16.8360,0.3640,97.2710,1.4110,2025-09-02 19:34:19,390.0
0.6130,16.9680,0.4340,97.1480,1.5110,2025-09-02 19:34:19,390.0
0.5910,16.9680,0.4270,97.1480,1.41,2025-09-02 19:34:19,390.0
0.5970,16.9520,0.5880,97.0440,1.4660,2025-09-02 19:34:19,390.0
0.5720,16.8330,0.4440,97.0860,1.3940,2025-09-02 19:34:19,390.0
0.6060,16.8450,0.4870,97.1480,1.4580,2025-09-02 19:34:19,390.0
0.58,16.9490,0.3710,97.1490,1.4230,2025-09-02 19:34:19,390.0
0.5970,17.0180,0.3850,97.0190,1.4610,2025-09-02 19:34:19,390.0
0.6090,16.9140,0.4410,97.1080,1.5780,2025-09-02 19:34:19,390.0
0.5970,16.8950,0.5040,96.9880,1.4990,2025-09-02 19:34:19,390.0
0.5870,16.8080,0.3430,97.1890,1.40,2025-09-02 19:34:19,390.0
0.5970,16.9080,0.4580,97.2660,1.4560,2025-09-02 19:34:19,390.0
0.5980,16.9550,0.4690,97.07,1.5180,2025-09-02 19:34:19,390.0
0.5710,16.82,0.4310,97.1060,1.3540,2025-09-02 19:34:19,390.0
0.5820,16.9430,0.4030,96.9640,1.4390,2025-09-02 19:34:19,390.0
0.5720,16.8550,0.3780,97.2810,1.38,2025-09-02 19:34:19,390.0
0.5660,16.8920,0.5180,96.9730,1.4360,2025-09-02 19:34:19,390.0
0.5680,16.8330,0.3570,96.9840,1.4720,2025-09-02 19:34:19,390.0
0.6050,17.0930,0.42,97.1080,1.4310,2025-09-02 21:34:24,391.0
0.5680,16.93,0.5350,96.9340,1.3570,2025-09-02 21:34:24,391.0
0.5830,16.9990,0.5040,97.1460,1.3360,2025-09-02 21:34:24,391.0
0.5970,16.9580,0.4450,96.9550,1.4680,2025-09-02 21:34:24,391.0
0.5720,16.8170,0.2450,97.3010,1.4440,2025-09-02 21:34:24,391.0
0.5690,16.9330,0.5420,97.05,1.3990,2025-09-02 21:34:24,391.0
0.5890,16.8890,0.42,97.1640,1.3710,2025-09-02 21:34:24,391.0
0.5740,16.9360,0.3990,96.95,1.3240,2025-09-02 21:34:24,391.0
0.5960,17.0530,0.3250,96.9120,1.51,2025-09-02 21:34:24,391.0
0.5880,16.8890,0.4020,97.2110,1.4740,2025-09-02 21:34:24,391.0
0.5820,16.9330,0.4790,97.2290,1.3340,2025-09-02 21:34:24,391.0
0.5720,16.9870,0.4760,97.1180,1.3620,2025-09-02 21:34:24,391.0
0.5480,16.9710,0.7390,97.0440,1.3080,2025-09-02 21:34:24,391.0
0.60,16.9460,0.5040,97.0940,1.54,2025-09-02 21:34:24,391.0
0.5920,17.04,0.6610,97.0410,1.3940,2025-09-02 21:34:24,391.0
0.5690,16.8110,0.5770,97.1560,1.4070,2025-09-02 21:34:24,391.0
0.59,17.0240,0.5250,97.0910,1.4430,2025-09-02 21:34:24,391.0
0.5810,16.9550,0.4450,97.0470,1.4190,2025-09-02 21:34:24,391.0
0.5630,16.8770,0.3960,96.9830,1.3680,2025-09-02 21:34:24,391.0
0.5680,17.0020,0.5390,97.0390,1.2660,2025-09-02 21:34:24,391.0
0.5690,16.93,0.3570,97.0070,1.4160,2025-09-03 11:05:41,392.0
0.5650,16.9140,0.5430,96.9280,1.3720,2025-09-03 11:05:41,392.0
0.5930,17.0150,0.41,97.2270,1.4990,2025-09-03 11:05:41,392.0
0.5820,17.0020,0.4410,97.0970,1.49,2025-09-03 11:05:41,392.0
0.5740,16.9330,0.4340,96.9350,1.3240,2025-09-03 11:05:41,392.0
0.5740,16.99,0.3320,97.2850,1.3920,2025-09-03 11:05:41,392.0
0.5730,16.9520,0.62,96.9590,1.4350,2025-09-03 11:05:41,392.0
0.5910,16.9680,0.5360,97.3140,1.5070,2025-09-03 11:05:41,392.0
0.5860,16.98,0.4760,97.2770,1.4120,2025-09-03 11:05:41,392.0
0.56,16.8730,0.49,97.1060,1.2930,2025-09-03 11:05:41,392.0
0.5620,16.9390,0.4060,96.9780,1.4110,2025-09-03 11:05:41,392.0
0.5810,17.0150,0.35,97.0830,1.4330,2025-09-03 11:05:41,392.0
0.5590,16.9140,0.3320,97.35,1.3440,2025-09-03 11:05:41,392.0
0.5960,16.9520,0.3540,97.0860,1.4890,2025-09-03 11:05:41,392.0
0.5830,16.9520,0.5180,97.1980,1.4340,2025-09-03 11:05:41,392.0
0.5630,16.88,0.43,97.1720,1.4350,2025-09-03 11:05:41,392.0
0.60,17.0870,0.5910,97.0320,1.4380,2025-09-03 11:05:41,392.0
0.5740,16.99,0.4410,97.0120,1.4290,2025-09-03 11:05:41,392.0
0.5840,17.0430,0.6270,97.0360,1.39,2025-09-03 11:05:41,392.0
0.5870,16.9680,0.4380,96.9730,1.4760,2025-09-03 11:05:41,392.0
0.5670,16.9050,0.5320,97.27,1.4320,2025-09-03 12:50:45,393.0
0.6120,17.0590,0.4620,97.0470,1.4880,2025-09-03 12:50:45,393.0
0.5940,16.8950,0.4130,96.9620,1.5040,2025-09-03 12:50:45,393.0
0.5690,16.8010,0.4170,97.2130,1.4670,2025-09-03 12:50:45,393.0
0.5890,16.8580,0.4240,97.0770,1.4540,2025-09-03 12:50:45,393.0
0.5770,16.9650,0.4580,97.0440,1.4130,2025-09-03 12:50:45,393.0
0.5880,16.8450,0.5350,97.1510,1.4970,2025-09-03 12:50:45,393.0
0.5550,16.8390,0.34,97.1340,1.3820,2025-09-03 12:50:45,393.0
0.5750,16.8170,0.4060,97.0850,1.47,2025-09-03 12:50:45,393.0
0.5770,16.8770,0.4550,97.2060,1.4930,2025-09-03 12:50:45,393.0
0.5880,16.9680,0.42,97.1090,1.3620,2025-09-03 12:50:45,393.0
0.5850,17.0680,0.3850,96.8630,1.4120,2025-09-03 12:50:45,393.0
0.5840,16.88,0.5290,97.1120,1.4030,2025-09-03 12:50:45,393.0
0.5840,16.9460,0.3750,97.2430,1.4730,2025-09-03 12:50:45,393.0
0.5960,16.8640,0.6440,97.0050,1.4880,2025-09-03 12:50:45,393.0
0.5580,16.8730,0.3880,97.1930,1.3890,2025-09-03 12:50:45,393.0
0.5680,16.9680,0.4660,96.9560,1.4250,2025-09-03 12:50:45,393.0
0.5770,16.8890,0.3780,97.0350,1.4610,2025-09-03 12:50:45,393.0
0.5720,16.8990,0.3050,97.1130,1.3880,2025-09-03 12:50:45,393.0
0.57,16.88,0.4130,97.20,1.4090,2025-09-03 12:50:45,393.0
0.5940,16.9110,0.6860,96.9010,1.4180,2025-09-03 20:10:55,394.0
0.5920,17.0240,0.7210,97.0330,1.4640,2025-09-03 20:10:55,394.0
0.59,16.8990,0.5110,97.0390,1.4060,2025-09-03 20:10:55,394.0
0.5730,16.9460,0.35,97.1010,1.3750,2025-09-03 20:10:55,394.0
0.60,16.9990,0.4730,96.9590,1.4750,2025-09-03 20:10:55,394.0
0.5620,16.7950,0.5740,97.1380,1.38,2025-09-03 20:10:55,394.0
0.6080,16.8950,0.4480,97.3010,1.3820,2025-09-03 20:10:55,394.0
0.5710,16.9110,0.50,97.4030,1.4420,2025-09-03 20:10:55,394.0
0.5850,16.9170,0.4270,97.1420,1.3990,2025-09-03 20:10:55,394.0
0.5940,16.9610,0.4730,97.0060,1.4490,2025-09-03 20:10:55,394.0
0.58,16.9170,0.34,97.0570,1.4660,2025-09-03 20:10:55,394.0
0.5710,16.9610,0.42,97.0050,1.4180,2025-09-03 20:10:55,394.0
0.58,16.9390,0.3920,97.38,1.3660,2025-09-03 20:10:55,394.0
0.5760,16.8990,0.4240,97.0210,1.3540,2025-09-03 20:10:55,394.0
0.5630,16.8770,0.49,97.0180,1.3870,2025-09-03 20:10:55,394.0
0.5890,17.0180,0.49,97.0030,1.4080,2025-09-03 20:10:55,394.0
0.5910,17.10,0.50,96.90,1.38,2025-09-03 20:10:55,394.0
0.5660,16.8140,0.5010,97.1570,1.3660,2025-09-03 20:10:55,394.0
0.5740,16.9430,0.5080,97.1490,1.40,2025-09-03 20:10:55,394.0
0.6070,16.87,0.55,97.1470,1.5860,2025-09-03 20:10:55,394.0
0.5920,16.8450,0.56,97.01,1.4410,2025-09-03 21:26:00,395.0
0.5920,16.8080,0.4940,97.0130,1.45,2025-09-03 21:26:00,395.0
0.6040,16.9520,0.5710,97.1460,1.5290,2025-09-03 21:26:00,395.0
0.6260,17.0240,0.48,97.0350,1.5270,2025-09-03 21:26:00,395.0
0.5870,16.9170,0.6540,97.1320,1.5160,2025-09-03 21:26:00,395.0
0.5660,16.8860,0.55,97,1.4260,2025-09-03 21:26:00,395.0
0.5920,17.0370,0.4860,96.9420,1.4690,2025-09-03 21:26:00,395.0
0.5820,16.9460,0.4830,97.0750,1.4450,2025-09-03 21:26:00,395.0
0.5830,16.9930,0.4730,97.1560,1.4550,2025-09-03 21:26:00,395.0
0.5820,16.8950,0.35,97.2580,1.3620,2025-09-03 21:26:00,395.0
0.5870,16.9830,0.49,97.0270,1.4470,2025-09-03 21:26:00,395.0
0.5890,16.9960,0.4580,96.9450,1.4050,2025-09-03 21:26:00,395.0
0.6060,16.98,0.4970,97.07,1.4980,2025-09-03 21:26:00,395.0
0.5830,16.9740,0.49,97.0430,1.4230,2025-09-03 21:26:00,395.0
0.5720,16.8950,0.5040,97.18,1.4370,2025-09-03 21:26:00,395.0
0.5710,16.8770,0.4520,97.0040,1.4110,2025-09-03 21:26:00,395.0
0.5910,16.8730,0.5080,97.3010,1.4770,2025-09-03 21:26:00,395.0
0.5920,16.9710,0.5840,96.9050,1.4920,2025-09-03 21:26:00,395.0
0.5860,16.88,0.4340,96.9840,1.5850,2025-09-03 21:26:00,395.0
0.5990,17.0020,0.4380,97.0540,1.4530,2025-09-03 21:26:00,395.0
0.58,16.8990,0.5350,97.0290,1.4080,2025-09-04 11:21:11,396.0
0.5970,17.1030,0.2420,96.8530,1.3990,2025-09-04 11:21:11,396.0
0.5870,16.9580,0.4410,96.8720,1.40,2025-09-04 11:21:11,396.0
0.6080,17.0210,0.5950,96.9290,1.5090,2025-09-04 11:21:11,396.0
0.59,17.0270,0.7810,97.0230,1.4170,2025-09-04 11:21:11,396.0
0.5720,17.0240,0.4790,97.1450,1.3120,2025-09-04 11:21:11,396.0
0.5750,16.9210,0.5420,97.0960,1.3620,2025-09-04 11:21:11,396.0
0.5890,16.98,0.4130,96.9430,1.5420,2025-09-04 11:21:11,396.0
0.6010,17.0090,0.3150,96.9040,1.45,2025-09-04 11:21:11,396.0
0.5840,17.1120,0.4380,96.9610,1.4230,2025-09-04 11:21:11,396.0
0.5750,16.9050,0.50,97.0170,1.4220,2025-09-04 11:21:11,396.0
0.5710,16.9430,0.6190,97.1570,1.41,2025-09-04 11:21:11,396.0
0.5760,16.8950,0.4450,97.09,1.4360,2025-09-04 11:21:11,396.0
0.5840,16.8990,0.5290,97.1170,1.4080,2025-09-04 11:21:11,396.0
0.6370,17.0650,0.5110,97.0190,1.57,2025-09-04 11:21:11,396.0
0.6040,17.04,0.4340,97.0220,1.5340,2025-09-04 11:21:11,396.0
0.5690,16.9610,0.4970,97.07,1.4420,2025-09-04 11:21:11,396.0
0.5740,17.0340,0.3640,96.9670,1.4510,2025-09-04 11:21:11,396.0
0.58,16.8830,0.3670,96.96,1.4120,2025-09-04 11:21:11,396.0
0.5930,16.9330,0.4620,97.0810,1.4490,2025-09-04 11:21:11,396.0
0.5840,16.9330,0.5320,96.9530,1.4510,2025-09-04 12:46:13,397.0
0.5980,16.8860,0.5320,96.7560,1.4850,2025-09-04 12:46:13,397.0
0.59,16.9740,0.4340,96.9820,1.5120,2025-09-04 12:46:13,397.0
0.6010,16.8510,0.4860,96.9750,1.5230,2025-09-04 12:46:13,397.0
0.5670,17.0310,0.4620,97.0030,1.4330,2025-09-04 12:46:13,397.0
0.5720,17.0020,0.5180,96.9580,1.3810,2025-09-04 12:46:13,397.0
0.5660,16.87,0.4090,97.07,1.4390,2025-09-04 12:46:13,397.0
0.5690,16.87,0.4130,96.9350,1.4120,2025-09-04 12:46:13,397.0
0.5830,16.9680,0.4550,96.9920,1.5240,2025-09-04 12:46:13,397.0
0.5850,17.0090,0.5080,96.9360,1.5390,2025-09-04 12:46:13,397.0
0.5880,16.82,0.5220,97.1540,1.4290,2025-09-04 12:46:13,397.0
0.5630,16.8510,0.5530,97.1020,1.3530,2025-09-04 12:46:13,397.0
0.5970,16.8420,0.3920,96.9390,1.5210,2025-09-04 12:46:13,397.0
0.5730,16.9020,0.71,96.9070,1.4740,2025-09-04 12:46:13,397.0
0.5720,16.8550,0.4060,96.9910,1.5090,2025-09-04 12:46:13,397.0
0.5960,16.9520,0.6060,97.2770,1.5350,2025-09-04 12:46:13,397.0
0.5690,16.9710,0.5180,96.83,1.4530,2025-09-04 12:46:13,397.0
0.5550,16.9710,0.4340,96.9420,1.3570,2025-09-04 12:46:13,397.0
0.59,16.9240,0.4480,96.9250,1.4690,2025-09-04 12:46:13,397.0
0.5860,16.8890,0.50,96.9730,1.4180,2025-09-04 12:46:13,397.0
0.5920,16.8990,0.4410,97.2810,1.5310,2025-09-04 19:36:23,398.0
0.60,17.04,0.4580,97.06,1.4480,2025-09-04 19:36:23,398.0
0.6040,17.0050,0.4870,97.0930,1.3870,2025-09-04 19:36:23,398.0
0.5940,16.8860,0.43,97.0590,1.4650,2025-09-04 19:36:23,398.0
0.5870,17.0310,0.4380,97.0060,1.3590,2025-09-04 19:36:23,398.0
0.5750,16.9240,0.4940,97.2430,1.4170,2025-09-04 19:36:23,398.0
0.5730,16.8990,0.5350,96.99,1.4730,2025-09-04 19:36:23,398.0
0.5890,16.9870,0.6720,97.12,1.5050,2025-09-04 19:36:23,398.0
0.6020,16.9930,0.5840,97.1310,1.5230,2025-09-04 19:36:23,398.0
0.5790,16.8890,0.41,97.0840,1.4680,2025-09-04 19:36:23,398.0
0.5730,16.9240,0.4940,97.4550,1.37,2025-09-04 19:36:23,398.0
0.5980,16.98,0.3680,97.0770,1.3590,2025-09-04 19:36:23,398.0
0.58,17.0120,0.4760,97.0880,1.4170,2025-09-04 19:36:23,398.0
0.5890,16.8730,0.4580,97.3340,1.4230,2025-09-04 19:36:23,398.0
0.5930,16.9050,0.4020,97.1240,1.4970,2025-09-04 19:36:23,398.0
0.5750,16.8330,0.5850,97.2710,1.3580,2025-09-04 19:36:23,398.0
0.5730,16.7790,0.5880,97.3710,1.51,2025-09-04 19:36:23,398.0
0.5640,16.8510,0.3640,97.16,1.4250,2025-09-04 19:36:23,398.0
0.5870,16.9050,0.6090,96.9590,1.3610,2025-09-04 19:36:23,398.0
0.5920,16.9930,0.4940,97.1920,1.4770,2025-09-04 19:36:23,398.0
0.5560,16.9360,0.6960,97.3260,1.2670,2025-09-04 21:26:28,399.0
0.5820,16.9240,0.3050,97.3580,1.3720,2025-09-04 21:26:28,399.0
0.5650,17.0120,0.5710,97.1460,1.4010,2025-09-04 21:26:28,399.0
0.5850,16.8610,0.6270,97.0070,1.4630,2025-09-04 21:26:28,399.0
0.5850,16.8140,0.41,97.1390,1.3720,2025-09-04 21:26:28,399.0
0.5920,16.9490,0.5110,97.2080,1.4790,2025-09-04 21:26:28,399.0
0.5870,16.9210,0.5290,97.2280,1.42,2025-09-04 21:26:28,399.0
0.5860,16.93,0.3990,97.0770,1.4240,2025-09-04 21:26:28,399.0
0.5890,17.0150,0.56,97.0110,1.4340,2025-09-04 21:26:28,399.0
0.5880,16.9770,0.4520,97.1420,1.3750,2025-09-04 21:26:28,399.0
0.5970,16.9830,0.4410,97.1570,1.4820,2025-09-04 21:26:28,399.0
0.5810,16.9770,0.5180,97.0260,1.4320,2025-09-04 21:26:28,399.0
0.6040,17.0340,0.4340,97.0350,1.4070,2025-09-04 21:26:28,399.0
0.5830,16.9360,0.5040,97.0560,1.3880,2025-09-04 21:26:28,399.0
0.5780,16.8920,0.5210,97.1970,1.3690,2025-09-04 21:26:28,399.0
0.5940,16.8770,0.5420,97.1540,1.4660,2025-09-04 21:26:28,399.0
0.5840,16.9770,0.4730,97.1790,1.3790,2025-09-04 21:26:28,399.0
0.5870,16.9990,0.3290,97.16,1.47,2025-09-04 21:26:28,399.0
0.5910,16.9930,0.3640,97.0450,1.4120,2025-09-04 21:26:28,399.0
0.6090,16.9680,0.5210,97.0530,1.4720,2025-09-04 21:26:28,399.0
0.6020,16.98,0.5770,97.0380,1.4470,2025-09-05 12:16:40,400.0
0.5970,16.9990,0.4730,97.0230,1.3920,2025-09-05 12:16:40,400.0
0.6050,17.0050,0.5210,97.1380,1.4820,2025-09-05 12:16:40,400.0
0.5760,16.9490,0.5010,97.0840,1.3260,2025-09-05 12:16:40,400.0
0.5950,17.0120,0.4060,96.9790,1.4320,2025-09-05 12:16:40,400.0
0.5780,16.8770,0.4940,97.2630,1.4340,2025-09-05 12:16:40,400.0
0.5860,16.9770,0.3920,96.9760,1.3660,2025-09-05 12:16:40,400.0
0.5940,16.9830,0.6750,97.0620,1.4850,2025-09-05 12:16:40,400.0
0.5750,16.9050,0.5070,96.9060,1.4370,2025-09-05 12:16:40,400.0
0.5730,16.9110,0.3920,96.9930,1.3730,2025-09-05 12:16:40,400.0
0.5930,16.9930,0.4410,96.9270,1.4390,2025-09-05 12:16:40,400.0
0.5740,17.0460,0.4060,97.0150,1.3420,2025-09-05 12:16:40,400.0
0.5810,16.9170,0.4580,97.1050,1.3330,2025-09-05 12:16:40,400.0
0.5810,17.0750,0.6020,97.0070,1.3510,2025-09-05 12:16:40,400.0
0.6040,16.9460,0.5210,97.0090,1.4380,2025-09-05 12:16:40,400.0
0.5960,17.0210,0.5390,96.99,1.4370,2025-09-05 12:16:40,400.0
0.6020,17.0270,0.5110,97.0750,1.4320,2025-09-05 12:16:40,400.0
0.6030,16.9580,0.5670,96.9150,0.0190,2025-09-05 12:16:40,400.0
0.58,16.8730,0.5290,97.0830,1.3880,2025-09-05 12:16:40,400.0
0.5840,17.0090,0.4230,96.8990,1.3640,2025-09-05 12:16:40,400.0
0.6080,17.0120,0.5990,96.9110,1.4070,2025-09-05 13:06:42,401.0
0.5680,16.8950,0.49,97.1750,1.3060,2025-09-05 13:06:42,401.0
0.5930,17.0180,0.4090,97.12,1.3980,2025-09-05 13:06:42,401.0
0.5910,16.9240,0.4520,97.0640,1.3820,2025-09-05 13:06:42,401.0
0.5650,17.0020,0.55,97.1660,1.36,2025-09-05 13:06:42,401.0
0.5560,16.8770,0.7280,97.1240,1.3190,2025-09-05 13:06:42,401.0
0.5790,16.9210,0.5010,97.0770,1.4420,2025-09-05 13:06:42,401.0
0.5940,16.9490,0.4410,97.0240,1.4450,2025-09-05 13:06:42,401.0
0.5980,16.9990,0.5640,97.0250,1.4340,2025-09-05 13:06:42,401.0
0.5770,17.0120,0.34,97.0190,1.36,2025-09-05 13:06:42,401.0
0.6020,16.9020,0.56,96.8560,1.44,2025-09-05 13:06:42,401.0
0.5690,16.9650,0.4440,97.1570,1.3410,2025-09-05 13:06:42,401.0
0.5770,16.9140,0.49,97.1850,1.2770,2025-09-05 13:06:42,401.0
0.5680,16.8670,0.3750,97.0920,1.2670,2025-09-05 13:06:42,401.0
0.5860,16.9360,0.3640,96.9770,1.4520,2025-09-05 13:06:42,401.0
0.5720,17.04,0.4650,96.9360,1.3690,2025-09-05 13:06:42,401.0
0.57,16.9050,0.4450,97.2650,1.3570,2025-09-05 13:06:42,401.0
0.5850,16.9680,0.5430,97.0850,1.3760,2025-09-05 13:06:42,401.0
0.5860,16.9610,0.3640,97.0320,1.4170,2025-09-05 13:06:42,401.0
0.5830,17.0340,0.5770,97.1020,1.3730,2025-09-05 13:06:42,401.0
0.58,17.0710,0.5570,97.0430,1.3580,2025-09-05 21:06:51,402.0
0.5770,16.7950,0.4270,97.3210,1.3930,2025-09-05 21:06:51,402.0
0.5830,17.0020,0.3150,97.0150,1.4280,2025-09-05 21:06:51,402.0
0.5880,17.0810,0.4340,97.0730,1.3670,2025-09-05 21:06:51,402.0
0.5640,16.9680,0.5180,97.0950,1.3580,2025-09-05 21:06:51,402.0
0.5580,16.9830,0.5430,97.6180,1.37,2025-09-05 21:06:51,402.0
0.59,17.0460,0.5910,97.1280,1.3970,2025-09-05 21:06:51,402.0
0.5960,17.0590,0.5220,97.08,1.49,2025-09-05 21:06:51,402.0
0.5860,16.9580,0.5430,96.8880,1.4210,2025-09-05 21:06:51,402.0
0.5730,16.9080,0.4510,97.1290,1.45,2025-09-05 21:06:51,402.0
0.5960,16.9680,0.4520,97,1.3620,2025-09-05 21:06:51,402.0
0.5860,16.9360,0.6370,97.2030,1.4450,2025-09-05 21:06:51,402.0
0.5880,17.0150,0.5810,97.0590,1.4480,2025-09-05 21:06:51,402.0
0.5660,16.9960,0.41,97.0550,1.4360,2025-09-05 21:06:51,402.0
0.5950,16.9610,0.5320,97.08,1.4660,2025-09-05 21:06:51,402.0
0.59,16.9740,0.3850,97.1180,1.4220,2025-09-05 21:06:51,402.0
0.5850,16.9430,0.6580,97.2570,1.4170,2025-09-05 21:06:51,402.0
0.5940,16.8990,0.3670,97.12,1.4840,2025-09-05 21:06:51,402.0
0.5630,16.8170,0.42,97.2780,1.4640,2025-09-05 21:06:51,402.0
0.5850,16.9680,0.50,97.04,1.3990,2025-09-05 21:06:51,402.0
0.5880,16.9770,0.3710,97.1030,1.5270,2025-09-08 12:56:02,403.0
0.5850,16.9360,0.4340,97.1780,1.38,2025-09-08 12:56:02,403.0
0.5930,16.9870,0.5560,96.8860,1.4220,2025-09-08 12:56:02,403.0
0.5980,16.9930,0.4650,97.0050,1.4090,2025-09-08 12:56:02,403.0
0.5880,17.0590,0.3050,97.1090,1.43,2025-09-08 12:56:02,403.0
0.5960,17.0150,0.4240,97.04,1.43,2025-09-08 12:56:02,403.0
0.5940,16.8990,0.5220,97.0740,1.4880,2025-09-08 12:56:02,403.0
0.5820,16.9460,0.5770,97.0510,1.4180,2025-09-08 12:56:02,403.0
0.6070,17.1150,0.2590,96.9850,1.4290,2025-09-08 12:56:02,403.0
0.5920,16.9210,0.3120,97.0010,1.4490,2025-09-08 12:56:02,403.0
0.56,16.9580,0.3740,97.2210,1.3110,2025-09-08 12:56:02,403.0
0.5850,16.98,0.3430,97.1110,1.3460,2025-09-08 12:56:02,403.0
0.58,16.9990,0.4620,97.0170,1.3450,2025-09-08 12:56:02,403.0
0.5630,16.8360,0.4690,97.2270,1.3210,2025-09-08 12:56:02,403.0
0.5850,16.9930,0.2590,97.0530,1.4160,2025-09-08 12:56:02,403.0
0.5890,17.0020,0.4270,97.0050,1.5310,2025-09-08 12:56:02,403.0
0.6160,16.99,0.5290,96.9890,1.5010,2025-09-08 12:56:02,403.0
0.5690,16.9270,0.5110,97.2580,1.3750,2025-09-08 12:56:02,403.0
0.56,17.0270,0.4020,97.2060,1.3320,2025-09-08 12:56:02,403.0
0.5840,17.0210,0.4580,97.0110,1.3520,2025-09-08 12:56:02,403.0
0.5850,17.0970,0.7560,96.8950,1.4560,2025-09-08 13:21:05,404.0
0.6080,17.0120,0.4230,97.5940,1.4870,2025-09-08 13:21:05,404.0
0.5910,17.0180,0.4940,96.9110,1.3660,2025-09-08 13:21:05,404.0
0.6130,17.0780,0.42,96.9270,1.4890,2025-09-08 13:21:05,404.0
0.58,16.9930,0.4060,97.0150,1.4050,2025-09-08 13:21:05,404.0
0.5820,17.0310,0.2690,97.0770,1.3940,2025-09-08 13:21:05,404.0
0.5980,17.1970,0.4760,97.12,1.4260,2025-09-08 13:21:05,404.0
0.6170,17.0270,0.5810,97.0750,1.5570,2025-09-08 13:21:05,404.0
0.5890,17.0930,0.4380,96.9620,1.5280,2025-09-08 13:21:05,404.0
0.5660,17.2410,0.5220,97.0240,1.3870,2025-09-08 13:21:05,404.0
0.5840,17.0180,0.4340,97.1130,1.4940,2025-09-08 13:21:05,404.0
0.6090,17.0150,0.3950,96.9960,1.5120,2025-09-08 13:21:05,404.0
0.6170,17.1030,0.5560,97.0220,1.4720,2025-09-08 13:21:05,404.0
0.5980,17.1590,0.3810,97.1070,1.4320,2025-09-08 13:21:05,404.0
0.5710,17.0750,0.4970,96.9950,1.3820,2025-09-08 13:21:05,404.0
0.5780,16.9360,0.5950,96.9870,1.4290,2025-09-08 13:21:05,404.0
0.57,16.9680,0.4830,97.0470,1.4910,2025-09-08 13:21:05,404.0
0.5540,16.9240,0.3920,97.2380,1.36,2025-09-08 13:21:05,404.0
0.6060,16.98,0.4790,97.0910,1.5170,2025-09-08 13:21:05,404.0
0.6090,17.0020,0.4730,96.9860,1.4690,2025-09-08 13:21:05,404.0
0.5860,17.0050,0.3920,97.0210,1.3420,2025-09-08 19:26:19,405.0
0.5910,16.9460,0.4690,97.2270,1.3490,2025-09-08 19:26:19,405.0
0.5590,16.9330,0.4830,97.2370,1.3580,2025-09-08 19:26:19,405.0
0.5790,16.9050,0.3530,97.07,1.3360,2025-09-08 19:26:19,405.0
0.6050,16.9650,0.3460,97.1370,1.4170,2025-09-08 19:26:19,405.0
0.59,16.98,0.42,97.1660,1.4190,2025-09-08 19:26:19,405.0
0.6030,16.9360,0.4940,97.0890,1.3960,2025-09-08 19:26:19,405.0
0.5990,16.8480,0.5430,96.9320,1.3260,2025-09-08 19:26:19,405.0
0.5830,16.9330,0.4130,96.9180,1.3110,2025-09-08 19:26:19,405.0
0.5780,16.8890,0.3360,97.1210,1.4240,2025-09-08 19:26:19,405.0
0.5760,16.7980,0.4380,97.1680,1.3960,2025-09-08 19:26:19,405.0
0.57,16.9580,0.5560,96.91,1.3840,2025-09-08 19:26:19,405.0
0.5780,16.8040,0.4020,97.0360,1.3410,2025-09-08 19:26:19,405.0
0.5770,16.9210,0.4440,97.2560,1.3440,2025-09-08 19:26:19,405.0
0.5940,16.8640,0.3330,96.8490,1.4070,2025-09-08 19:26:19,405.0
0.5880,17.0370,0.4340,97.0520,1.3760,2025-09-08 19:26:19,405.0
0.60,16.8420,0.4790,96.9910,1.3910,2025-09-08 19:26:19,405.0
0.59,16.9140,0.4940,97.1060,1.3440,2025-09-08 19:26:19,405.0
0.57,16.8580,0.42,96.9020,1.3060,2025-09-08 19:26:19,405.0
0.5950,16.9360,0.4760,96.9240,1.3510,2025-09-08 19:26:19,405.0
0.57,16.9520,0.4590,97.0930,1.3450,2025-09-08 21:06:22,406.0
0.5780,16.9080,0.3330,97.1120,1.4030,2025-09-08 21:06:22,406.0
0.6160,17.1190,0.4230,97.0070,1.4750,2025-09-08 21:06:22,406.0
0.5640,16.9240,0.3290,97.0950,1.4080,2025-09-08 21:06:22,406.0
0.5970,16.9710,0.4620,97.0650,1.43,2025-09-08 21:06:22,406.0
0.58,16.9330,0.4020,97.2010,1.4560,2025-09-08 21:06:22,406.0
0.5860,17.0270,0.5180,96.9880,1.4120,2025-09-08 21:06:22,406.0
0.5860,16.9360,0.3710,96.9830,1.4430,2025-09-08 21:06:22,406.0
0.5850,16.9020,0.4970,97.1110,1.3690,2025-09-08 21:06:22,406.0
0.5980,16.8730,0.3780,97.0890,1.4630,2025-09-08 21:06:22,406.0
0.5910,16.8920,0.4310,97.0690,1.3910,2025-09-08 21:06:22,406.0
0.5940,16.9140,0.4940,97.2060,1.4550,2025-09-08 21:06:22,406.0
0.5920,16.9610,0.5850,97.2050,1.3990,2025-09-08 21:06:22,406.0
0.59,16.9770,0.3360,97.0570,1.4440,2025-09-08 21:06:22,406.0
0.5770,16.9680,0.4340,97.2380,1.3560,2025-09-08 21:06:22,406.0
0.5890,16.9080,0.2630,96.9370,1.39,2025-09-08 21:06:22,406.0
0.5880,17.0430,0.3080,97.0510,1.3910,2025-09-08 21:06:22,406.0
0.5810,16.9270,0.3250,97.1510,1.3850,2025-09-08 21:06:22,406.0
0.5940,17.0650,0.4380,97.0320,1.3710,2025-09-08 21:06:22,406.0
0.5790,16.9020,0.5040,96.9830,1.3670,2025-09-08 21:06:22,406.0
0.56,16.87,0.5350,97.1510,1.3770,2025-09-09 11:07:51,407.0
0.5670,17.0120,0.4760,97.1460,1.4070,2025-09-09 11:07:51,407.0
0.6010,16.8950,0.4730,97.0040,1.4330,2025-09-09 11:07:51,407.0
0.5920,17.0210,0.5710,97.0470,1.3630,2025-09-09 11:07:51,407.0
0.5720,16.9580,0.9240,97.1840,1.3760,2025-09-09 11:07:51,407.0
0.5840,17.0840,0.3920,97.0530,1.3250,2025-09-09 11:07:51,407.0
0.5480,16.8550,0.4170,97.2020,1.2820,2025-09-09 11:07:51,407.0
0.5820,16.9580,0.5640,97.2490,1.3530,2025-09-09 11:07:51,407.0
0.5960,16.9210,0.4340,97.0170,1.4220,2025-09-09 11:07:51,407.0
0.5980,16.9870,0.3990,97.1330,1.4050,2025-09-09 11:07:51,407.0
0.5930,17.0210,0.5350,96.8770,1.4160,2025-09-09 11:07:51,407.0
0.58,16.9550,0.5180,97.0990,1.3680,2025-09-09 11:07:51,407.0
0.5930,17.0090,0.49,97.1750,1.4040,2025-09-09 11:07:51,407.0
0.5850,16.9490,0.3570,97.1670,1.3990,2025-09-09 11:07:51,407.0
0.5620,16.9110,0.42,97.1760,1.3640,2025-09-09 11:07:51,407.0
0.6050,17.0840,0.4170,97.4890,1.3940,2025-09-09 11:07:51,407.0
0.6010,17.0590,0.4340,97.0330,1.4170,2025-09-09 11:07:51,407.0
0.5750,17.0430,0.5040,96.99,1.3150,2025-09-09 11:07:51,407.0
0.59,16.9430,0.4650,97.0390,1.2470,2025-09-09 11:07:51,407.0
0.60,16.9080,0.4860,97.3010,1.4020,2025-09-09 11:07:51,407.0
0.60,17.0310,0.4170,97.0250,1.3340,2025-09-09 13:02:59,408.0
0.5750,16.9080,0.4060,97.0960,1.3710,2025-09-09 13:02:59,408.0
0.5850,16.9650,0.3460,97.0750,1.3940,2025-09-09 13:02:59,408.0
0.5690,16.9580,0.5530,97.2380,1.3610,2025-09-09 13:02:59,408.0
0.5910,16.9550,0.4760,96.8120,1.4280,2025-09-09 13:02:59,408.0
0.5640,17.0240,0.7040,97.1360,1.37,2025-09-09 13:02:59,408.0
0.5870,16.9960,0.3080,97.0610,1.4030,2025-09-09 13:02:59,408.0
0.5870,16.9520,0.4730,97.0480,1.4270,2025-09-09 13:02:59,408.0
0.5880,16.9610,0.3850,97.0330,1.4550,2025-09-09 13:02:59,408.0
0.5830,16.9770,0.5180,97.0920,1.3870,2025-09-09 13:02:59,408.0
0.5880,17.1090,0.3250,97.0790,1.34,2025-09-09 13:02:59,408.0
0.5910,17.0560,0.5880,97.0380,1.3780,2025-09-09 13:02:59,408.0
0.5860,16.8770,0.5110,97.15,1.4120,2025-09-09 13:02:59,408.0
0.5860,16.9710,0.4620,97.01,1.3890,2025-09-09 13:02:59,408.0
0.60,17.1370,0.4410,96.93,1.42,2025-09-09 13:02:59,408.0
0.5750,16.9520,0.5040,97.0690,1.3760,2025-09-09 13:02:59,408.0
0.5750,17.0780,0.5280,97.0740,1.3750,2025-09-09 13:02:59,408.0
0.59,17.0750,0.4690,97.2080,1.3560,2025-09-09 13:02:59,408.0
0.5770,16.9610,0.3430,97.1740,1.3530,2025-09-09 13:02:59,408.0
0.5830,16.9020,0.4440,97.1740,1.4320,2025-09-09 13:02:59,408.0
0.5510,16.9020,0.55,97.1270,1.4820,2025-09-09 19:18:11,409.0
0.5960,16.9460,0.4440,97.0050,1.3710,2025-09-09 19:18:11,409.0
0.5890,16.9170,0.4090,97.0880,1.3830,2025-09-09 19:18:11,409.0
0.5970,16.93,0.5460,96.9890,1.3240,2025-09-09 19:18:11,409.0
0.5810,16.9080,0.3920,97.0750,1.40,2025-09-09 19:18:11,409.0
0.5780,16.83,0.3360,97.2340,1.3630,2025-09-09 19:18:11,409.0
0.5570,17.0340,0.3990,97.2540,1.29,2025-09-09 19:18:11,409.0
0.6010,17.0710,0.4440,97.1450,1.4750,2025-09-09 19:18:11,409.0
0.57,17.1690,0.4480,97.0390,1.3080,2025-09-09 19:18:11,409.0
0.5780,16.9270,0.41,96.9650,1.3790,2025-09-09 19:18:11,409.0
0.5640,16.9080,0.5250,97.0730,1.2850,2025-09-09 19:18:11,409.0
0.5940,16.9990,0.3570,97.2090,1.35,2025-09-09 19:18:11,409.0
0.5960,17.0930,0.3150,97.2240,1.4630,2025-09-09 19:18:11,409.0
0.5740,16.9550,0.3220,97.1930,1.1760,2025-09-09 19:18:11,409.0
0.5980,16.9210,0.3750,97.0870,1.4170,2025-09-09 19:18:11,409.0
0.5820,16.9830,0.4020,97.0290,1.3820,2025-09-09 19:18:11,409.0
0.5770,16.9270,0.3220,97.1810,1.2750,2025-09-09 19:18:11,409.0
0.5810,17.0210,0.5850,97.2060,1.34,2025-09-09 19:18:11,409.0
0.5730,16.9080,0.56,97.0280,1.3740,2025-09-09 19:18:11,409.0
0.5780,17.0840,0.4230,97.1730,1.3160,2025-09-09 19:18:11,409.0
0.5690,16.9710,0.4020,97.2520,1.3030,2025-09-09 21:43:19,410.0
0.5790,16.98,0.4380,96.9850,1.36,2025-09-09 21:43:19,410.0
0.5840,16.9990,0.49,97.2060,1.4050,2025-09-09 21:43:19,410.0
0.5830,16.9460,0.3430,97.0770,1.3220,2025-09-09 21:43:19,410.0
0.5940,16.99,0.5180,97.1480,1.42,2025-09-09 21:43:19,410.0
0.5590,16.9770,0.4760,97.0840,1.3440,2025-09-09 21:43:19,410.0
0.58,16.9520,0.5560,97.1660,1.3210,2025-09-09 21:43:19,410.0
0.6120,17.04,0.3110,96.9810,1.4080,2025-09-09 21:43:19,410.0
0.5790,16.9710,0.4650,97.20,1.3610,2025-09-09 21:43:19,410.0
0.5920,16.9520,0.5210,97.0710,1.3630,2025-09-09 21:43:19,410.0
0.6020,17.0590,0.2590,97.0080,1.4490,2025-09-09 21:43:19,410.0
0.6160,17.0310,0.5040,97.09,1.4570,2025-09-09 21:43:19,410.0
0.5820,17.0340,0.4940,97.3470,1.3210,2025-09-09 21:43:19,410.0
0.5750,16.9080,0.5420,97.0460,1.3330,2025-09-09 21:43:19,410.0
0.6230,17.1220,0.4340,97.2220,1.4520,2025-09-09 21:43:19,410.0
0.5990,16.9830,0.6440,97.0450,1.3610,2025-09-09 21:43:19,410.0
0.6090,16.9460,0.3290,96.9660,1.4210,2025-09-09 21:43:19,410.0
0.59,16.9270,0.2830,97.0760,1.4440,2025-09-09 21:43:19,410.0
0.5780,16.9490,0.3150,97.0230,1.3370,2025-09-09 21:43:19,410.0
0.5750,16.8260,0.3640,97.0480,1.3250,2025-09-09 21:43:19,410.0
0.5810,16.9110,0.5350,97.0540,1.4250,2025-09-15 15:03:29,411.0
0.5720,16.8950,0.5320,97.2560,1.3520,2025-09-15 15:03:29,411.0
0.5970,16.8610,0.3360,97.40,1.42,2025-09-15 15:03:29,411.0
0.5670,16.8450,0.5320,97.0520,1.3250,2025-09-15 15:03:29,411.0
0.5850,16.8860,0.2450,97.0030,1.37,2025-09-15 15:03:29,411.0
0.5850,16.9650,0.5390,97.06,1.4110,2025-09-15 15:03:29,411.0
0.59,16.9210,0.4860,97.0990,1.50,2025-09-15 15:03:29,411.0
0.5880,16.9390,0.4340,97.1010,1.3730,2025-09-15 15:03:29,411.0
0.5890,16.9080,0.3220,97.1960,1.46,2025-09-15 15:03:29,411.0
0.5540,16.8040,0.4340,97.3280,1.2960,2025-09-15 15:03:29,411.0
0.59,16.9960,0.4830,96.8360,1.3520,2025-09-15 15:03:29,411.0
0.5910,16.8670,0.42,96.8780,1.4040,2025-09-15 15:03:29,411.0
0.5810,16.9360,0.5350,97.0250,0.0240,2025-09-15 15:03:29,411.0
0.5850,16.8860,0.4090,97.2530,1.4080,2025-09-15 15:03:29,411.0
0.5910,16.9360,0.4340,97.2550,1.4280,2025-09-15 15:03:29,411.0
0.5850,16.8640,0.4580,97.0450,1.4430,2025-09-15 15:03:29,411.0
0.5940,17.0150,0.6090,97.04,1.4020,2025-09-15 15:03:29,411.0
0.58,16.8580,0.3320,97.0450,1.3780,2025-09-15 15:03:29,411.0
0.5840,16.99,0.4060,97.11,1.4070,2025-09-15 15:03:29,411.0
0.6020,16.8480,0.50,97.0810,1.5340,2025-09-15 15:03:29,411.0
0.5930,17.0370,0.5390,97.1170,1.46,2025-09-15 18:58:36,412.0
0.5710,16.9360,0.5250,97.2110,1.3840,2025-09-15 18:58:36,412.0
0.5820,16.98,0.3360,97.0560,1.3140,2025-09-15 18:58:36,412.0
0.5920,17.1030,0.4310,97.06,1.4290,2025-09-15 18:58:36,412.0
0.5660,16.9490,0.3990,97.08,1.3750,2025-09-15 18:58:36,412.0
0.58,17.1660,0.5250,97.0910,1.3750,2025-09-15 18:58:36,412.0
0.5920,16.99,0.4550,97.0510,1.4950,2025-09-15 18:58:36,412.0
0.5920,17.0210,0.6090,97.0530,1.4310,2025-09-15 18:58:36,412.0
0.5720,17.0120,0.3850,96.9830,1.3470,2025-09-15 18:58:36,412.0
0.5940,16.9740,0.4730,97.04,1.4130,2025-09-15 18:58:36,412.0
0.5870,17.0240,0.4480,97.2620,1.4350,2025-09-15 18:58:36,412.0
0.5910,17.04,0.4410,97.2410,1.2920,2025-09-15 18:58:36,412.0
0.5740,16.9610,0.3670,97.1470,1.3530,2025-09-15 18:58:36,412.0
0.5750,16.93,0.4870,97.0680,1.4090,2025-09-15 18:58:36,412.0
0.5890,16.9550,0.4940,97.1070,1.42,2025-09-15 18:58:36,412.0
0.5920,16.9710,0.5950,97.0210,1.3830,2025-09-15 18:58:36,412.0
0.5590,16.9170,0.4380,97.0620,1.3190,2025-09-15 18:58:36,412.0
0.5870,17.0430,0.5040,97.0060,1.4110,2025-09-15 18:58:36,412.0
0.5780,16.9990,0.3750,97.1810,1.3860,2025-09-15 18:58:36,412.0
0.59,17.2320,0.5460,96.9610,1.3410,2025-09-15 18:58:36,412.0
0.5720,16.9870,0.50,97.1170,1.3490,2025-09-16 11:09:55,413.0
0.5970,17.0620,0.4480,97.04,1.4250,2025-09-16 11:09:55,413.0
0.5890,17.0020,0.2480,97.2130,1.3470,2025-09-16 11:09:55,413.0
0.5820,17.0050,0.3640,97.25,1.3610,2025-09-16 11:09:55,413.0
0.5840,17.0240,0.5880,97.0390,1.34,2025-09-16 11:09:55,413.0
0.5450,16.8860,0.35,97.2310,1.2620,2025-09-16 11:09:55,413.0
0.5780,16.98,0.3320,96.8660,1.2950,2025-09-16 11:09:55,413.0
0.59,16.9210,0.6270,97.0110,1.4270,2025-09-16 11:09:55,413.0
0.54,16.9490,0.28,97.2020,1.2660,2025-09-16 11:09:55,413.0
0.5830,16.9460,0.5150,96.9910,1.32,2025-09-16 11:09:55,413.0
0.5990,16.9770,0.2870,97.1350,1.4240,2025-09-16 11:09:55,413.0
0.5770,17.0020,0.2840,97.1310,1.3170,2025-09-16 11:09:55,413.0
0.5940,16.99,0.3360,97.2320,1.3220,2025-09-16 11:09:55,413.0
0.57,16.9460,0.3780,97.09,1.3080,2025-09-16 11:09:55,413.0
0.6170,16.9740,0.3640,96.9770,1.4440,2025-09-16 11:09:55,413.0
0.5670,16.9110,0.35,97.1090,1.3250,2025-09-16 11:09:55,413.0
0.5630,16.9050,0.4830,97.2750,1.2730,2025-09-16 11:09:55,413.0
0.5810,16.9930,0.3670,97.1020,1.3820,2025-09-16 11:09:55,413.0
0.5970,17.0460,0.5040,97.2360,1.4130,2025-09-16 11:09:55,413.0
0.5720,17.0240,0.4720,97.0710,1.3270,2025-09-16 11:09:55,413.0
0.5820,16.9140,0.43,97.2140,1.4180,2025-09-16 13:10:00,414.0
0.5960,16.9990,0.34,96.9730,1.4380,2025-09-16 13:10:00,414.0
0.5880,17.0490,0.70,96.9370,1.4550,2025-09-16 13:10:00,414.0
0.6070,16.9390,0.4620,96.8920,1.4810,2025-09-16 13:10:00,414.0
0.5880,16.9490,0.3430,97.0220,1.3410,2025-09-16 13:10:00,414.0
0.5750,16.87,0.4690,97.2330,1.4170,2025-09-16 13:10:00,414.0
0.5810,17.0840,0.4580,96.8010,1.4170,2025-09-16 13:10:00,414.0
0.5950,16.99,0.3960,96.9550,1.3870,2025-09-16 13:10:00,414.0
0.5740,17.0050,0.3430,97.0090,1.4430,2025-09-16 13:10:00,414.0
0.5820,16.9430,0.4660,97.0720,1.4080,2025-09-16 13:10:00,414.0
0.5890,16.8890,0.3960,97.2550,1.4630,2025-09-16 13:10:00,414.0
0.5820,16.9390,0.2980,96.9940,1.3860,2025-09-16 13:10:00,414.0
0.6330,16.9960,0.4020,97.2340,1.4970,2025-09-16 13:10:00,414.0
0.6030,16.9430,0.3950,97.0470,1.4510,2025-09-16 13:10:00,414.0
0.5930,16.9520,0.49,97.0080,1.3720,2025-09-16 13:10:00,414.0
0.5590,16.9020,0.4450,97.02,1.3850,2025-09-16 13:10:00,414.0
0.5860,16.9930,0.4130,97.0620,1.3790,2025-09-16 13:10:00,414.0
0.5720,16.9550,0.49,97.2380,1.3750,2025-09-16 13:10:00,414.0
0.5880,16.9550,0.2660,97.0980,1.3870,2025-09-16 13:10:00,414.0
0.5870,17.0120,0.3990,96.9620,1.3680,2025-09-16 13:10:00,414.0
0.5990,16.9360,0.4310,97.14,1.4970,2025-09-16 19:35:11,415.0
0.5910,16.9740,0.3850,97.0450,1.4360,2025-09-16 19:35:11,415.0
0.5660,17.0620,0.5670,96.9190,1.3490,2025-09-16 19:35:11,415.0
0.59,16.9830,0.5010,96.9630,1.4660,2025-09-16 19:35:11,415.0
0.5980,16.9170,0.5630,97.1680,1.4110,2025-09-16 19:35:11,415.0
0.5940,17.0150,0.6160,96.8680,1.4130,2025-09-16 19:35:11,415.0
0.5950,17.0210,0.49,96.91,1.4530,2025-09-16 19:35:11,415.0
0.60,16.9740,0.3250,96.88,1.4840,2025-09-16 19:35:11,415.0
0.5770,17.0310,0.4340,96.9010,1.4190,2025-09-16 19:35:11,415.0
0.57,16.8670,0.4550,97.09,1.3370,2025-09-16 19:35:11,415.0
0.5780,16.9430,0.4020,97.1660,1.3610,2025-09-16 19:35:11,415.0
0.5870,17.0050,0.5250,96.8910,1.4450,2025-09-16 19:35:11,415.0
0.5940,16.99,0.5080,96.8340,1.4570,2025-09-16 19:35:11,415.0
0.57,17.0460,0.3750,96.8890,1.3110,2025-09-16 19:35:11,415.0
0.5790,16.87,0.3320,97.1090,1.3840,2025-09-16 19:35:11,415.0
0.5810,16.9460,0.3320,96.9010,1.42,2025-09-16 19:35:11,415.0
0.5970,16.99,0.42,96.9560,1.4410,2025-09-16 19:35:11,415.0
0.5810,16.8580,0.55,97.1450,1.40,2025-09-16 19:35:11,415.0
0.6050,17.0530,0.4760,96.8860,1.50,2025-09-16 19:35:11,415.0
0.5660,16.8480,0.4310,96.7580,1.3210,2025-09-16 19:35:11,415.0
0.5930,16.9650,0.3080,97.0290,1.3660,2025-09-16 22:00:17,416.0
0.5840,16.9680,0.5420,96.9270,1.2920,2025-09-16 22:00:17,416.0
0.5780,16.9270,0.5080,97.1520,1.3220,2025-09-16 22:00:17,416.0
0.5770,16.9270,0.3290,96.8910,1.2590,2025-09-16 22:00:17,416.0
0.5710,17.0020,0.3460,97.0850,1.3390,2025-09-16 22:00:17,416.0
0.5780,17.10,0.5630,96.94,1.3590,2025-09-16 22:00:17,416.0
0.6010,17.0240,0.3610,96.9990,1.2560,2025-09-16 22:00:17,416.0
0.5740,17.0240,0.4270,97.2010,1.4040,2025-09-16 22:00:17,416.0
0.5840,16.9140,0.4380,97.1710,1.4420,2025-09-16 22:00:17,416.0
0.5670,16.9460,0.6230,96.8150,1.4230,2025-09-16 22:00:17,416.0
0.5760,16.99,0.49,97.08,1.4460,2025-09-16 22:00:17,416.0
0.6070,16.8770,0.5080,96.8790,1.4340,2025-09-16 22:00:17,416.0
0.58,16.9740,0.4730,97.0480,1.37,2025-09-16 22:00:17,416.0
0.5910,17.0090,0.6020,97.0420,1.2260,2025-09-16 22:00:17,416.0
0.5990,16.9330,0.6480,96.9620,1.3660,2025-09-16 22:00:17,416.0
0.5820,16.93,0.5350,97.1630,1.3480,2025-09-16 22:00:17,416.0
0.5920,16.8920,0.4510,96.9010,1.3790,2025-09-16 22:00:17,416.0
0.6070,16.9550,0.4310,97.20,1.4610,2025-09-16 22:00:17,416.0
0.5770,17.0370,0.5040,97.0520,1.3540,2025-09-17 11:20:46,417.0
0.5770,16.8670,0.3640,96.9610,1.4280,2025-09-17 11:20:46,417.0
0.5790,16.9710,0.4060,97.1030,1.3840,2025-09-17 11:20:46,417.0
0.5880,16.9770,0.4060,97.0190,1.3990,2025-09-17 11:20:46,417.0
0.5720,16.9550,0.4970,96.9410,1.3920,2025-09-17 11:20:46,417.0
0.6180,16.9870,0.5350,96.9430,1.3950,2025-09-17 11:20:46,417.0
0.5840,16.9960,0.4870,97.0630,1.4630,2025-09-17 11:20:46,417.0
0.5770,17.1880,0.3810,97.0080,1.2930,2025-09-17 11:20:46,417.0
0.5780,17.0050,0.49,97.0190,1.23,2025-09-17 11:20:46,417.0
0.5960,17.0150,0.4380,96.9830,1.4080,2025-09-17 11:20:46,417.0
0.5930,16.9240,0.4660,97.1480,1.36,2025-09-17 11:20:46,417.0
0.5650,16.9870,0.4060,97.1290,1.3150,2025-09-17 11:20:46,417.0
0.5890,16.6660,0.4060,97.2540,1.3960,2025-09-17 11:20:46,417.0
0.5940,16.9050,0.4730,96.9390,1.3310,2025-09-17 11:20:46,417.0
0.58,17.0240,0.34,96.9510,1.3350,2025-09-17 11:20:46,417.0
0.5880,16.9360,0.4830,97.1910,1.4510,2025-09-17 11:20:46,417.0
0.5920,16.9490,0.3320,97.3360,1.3720,2025-09-17 11:20:46,417.0
0.5790,16.9520,0.3710,96.9740,1.35,2025-09-17 11:20:46,417.0
0.6030,17.0560,0.4730,97.0360,1.3670,2025-09-17 11:20:46,417.0
0.5680,16.9550,0.3670,96.9390,1.3120,2025-09-17 11:20:46,417.0
0.5680,16.8610,0.7040,97.0920,1.4760,2025-09-17 19:23:38,418.0
0.60,17.1030,0.5560,97.0180,1.3550,2025-09-17 19:23:38,418.0
0.6280,17.0710,0.3710,97.2320,1.4610,2025-09-17 19:23:38,418.0
0.5870,16.8580,0.5290,97.1320,1.3430,2025-09-17 19:23:38,418.0
0.5890,16.9140,0.49,97.0840,1.3680,2025-09-17 19:23:38,418.0
0.6050,16.9680,0.5570,96.9030,1.4380,2025-09-17 19:23:38,418.0
0.5880,16.9020,0.62,96.7130,1.4480,2025-09-17 19:23:38,418.0
0.5590,16.9930,0.5290,96.8460,1.3260,2025-09-17 19:23:38,418.0
0.5970,17.0750,0.4940,97.0030,1.3530,2025-09-17 19:23:38,418.0
0.5810,16.9990,0.5560,96.9490,1.3590,2025-09-17 19:23:38,418.0
0.5880,17.0460,0.5950,96.78,1.3390,2025-09-17 19:23:38,418.0
0.57,17.0180,0.5670,97.0380,1.3820,2025-09-17 19:23:38,418.0
0.61,17.0870,0.4130,96.8730,1.4050,2025-09-17 19:23:38,418.0
0.5820,16.8640,0.55,96.9750,1.4210,2025-09-17 19:23:38,418.0
0.5910,16.9360,0.4170,97.2440,1.3630,2025-09-17 19:23:38,418.0
0.6030,17.21,0.5390,96.7050,1.3150,2025-09-17 19:23:38,418.0
0.6260,17.0710,0.5080,96.8340,1.4530,2025-09-17 19:23:38,418.0
0.6070,16.8550,0.5390,96.8790,1.5420,2025-09-17 19:23:38,418.0
0.5960,17.0490,0.3920,97.0490,1.4130,2025-09-17 19:23:38,418.0
0.5860,16.9490,0.8090,96.9210,1.4480,2025-09-17 19:23:38,418.0
0.6050,16.9360,0.4410,97.1550,1.4230,2025-09-17 21:13:39,419.0
0.6270,16.9870,0.3710,97.3470,1.3950,2025-09-17 21:13:39,419.0
0.5770,16.9240,0.3750,97.2230,1.4650,2025-09-17 21:13:39,419.0
0.59,17.1660,0.3850,97.1960,1.3520,2025-09-17 21:13:39,419.0
0.5620,16.9870,0.5290,97.1250,1.4070,2025-09-17 21:13:39,419.0
0.5680,16.9430,0.4170,97.0240,1.3380,2025-09-17 21:13:39,419.0
0.5780,17.1250,0.2240,96.8850,1.4280,2025-09-17 21:13:39,419.0
0.59,17.1250,0.4060,97.4110,1.3850,2025-09-17 21:13:39,419.0
0.5640,16.8550,0.5110,97.1950,1.3650,2025-09-17 21:13:39,419.0
0.6110,17.0310,0.4310,97.2470,1.4610,2025-09-17 21:13:39,419.0
0.5780,17.1310,0.3710,96.9360,1.2010,2025-09-17 21:13:39,419.0
0.6160,17.2630,0.4650,96.95,1.3720,2025-09-17 21:13:39,419.0
0.5960,16.8920,0.3290,97.1080,1.4660,2025-09-17 21:13:39,419.0
0.5710,16.99,0.3360,97.1030,1.3720,2025-09-17 21:13:39,419.0
0.5930,16.8450,0.3680,97.2760,1.3580,2025-09-17 21:13:39,419.0
0.5870,16.9520,0.6860,97.1680,1.4240,2025-09-17 21:13:39,419.0
0.5780,16.9580,0.5180,97.0330,1.3480,2025-09-17 21:13:39,419.0
0.5850,17.0650,0.5460,96.8540,1.3960,2025-09-17 21:13:39,419.0
0.5780,16.8610,0.3820,97.1450,1.4050,2025-09-17 21:13:39,419.0
0.60,16.9870,0.4090,96.8860,1.4330,2025-09-17 21:13:39,419.0
0.5630,17.0680,0.4440,97.0940,1.3660,2025-09-18 10:59:43,420.0
0.5630,17.1090,0.4760,96.9060,1.3640,2025-09-18 10:59:43,420.0
0.5710,17.0120,0.5420,97.1520,1.4560,2025-09-18 10:59:43,420.0
0.5480,17.1690,0.4620,97.0060,1.3770,2025-09-18 10:59:43,420.0
0.5380,16.9170,0.55,97.0920,1.3830,2025-09-18 10:59:43,420.0
0.5570,16.9870,0.3290,97.0210,1.3320,2025-09-18 10:59:43,420.0
0.5540,16.9830,0.2770,97.3990,1.4310,2025-09-18 10:59:43,420.0
0.5720,17.0490,0.6750,96.9080,1.4070,2025-09-18 10:59:43,420.0
0.5520,16.9270,0.42,97.1720,1.3460,2025-09-18 10:59:43,420.0
0.5580,17.0150,0.3920,97.0370,1.3980,2025-09-18 10:59:43,420.0
0.5750,16.9990,0.4480,96.77,1.4580,2025-09-18 10:59:43,420.0
0.5470,17.0460,0.4620,97.2550,1.3230,2025-09-18 10:59:43,420.0
0.5180,17.0340,0.63,97.1360,1.2990,2025-09-18 10:59:43,420.0
0.5750,17.1030,0.6060,96.9140,1.4350,2025-09-18 10:59:43,420.0
0.5760,17.0180,0.3640,97.0780,1.4240,2025-09-18 10:59:43,420.0
0.5760,17.0460,0.5180,96.8320,1.4870,2025-09-18 10:59:43,420.0
0.57,16.98,0.3010,96.9540,1.4110,2025-09-18 10:59:43,420.0
0.5590,16.9240,0.4550,96.9640,1.4120,2025-09-18 10:59:43,420.0
0.5340,16.9680,0.4410,97.19,1.4160,2025-09-18 10:59:43,420.0
0.5570,17.1720,0.4940,96.8860,1.40,2025-09-18 10:59:43,420.0
0.5860,16.8260,0.4520,97.1740,1.4850,2025-09-18 13:24:49,421.0
0.5380,16.8770,0.42,97.1120,1.3120,2025-09-18 13:24:49,421.0
0.62,16.8770,0.4440,97.1490,1.5770,2025-09-18 13:24:49,421.0
0.6260,17.0810,0.4240,97.1980,1.5210,2025-09-18 13:24:49,421.0
0.6010,17.10,0.5110,96.9110,1.4420,2025-09-18 13:24:49,421.0
0.5670,16.8230,0.4760,97.1260,1.5020,2025-09-18 13:24:49,421.0
0.5970,16.9520,0.5710,96.8440,1.5580,2025-09-18 13:24:49,421.0
0.5860,16.9490,0.4790,96.84,1.4790,2025-09-18 13:24:49,421.0
0.5730,16.9390,0.4170,96.8120,1.4560,2025-09-18 13:24:49,421.0
0.5870,17.0120,0.5110,97.2430,1.4120,2025-09-18 13:24:49,421.0
0.5990,17.0560,0.3150,97.1570,1.4930,2025-09-18 13:24:49,421.0
0.5720,16.9650,0.3780,96.8510,1.4110,2025-09-18 13:24:49,421.0
0.6150,16.8860,0.5710,97.2710,1.4780,2025-09-18 13:24:49,421.0
0.64,16.9240,0.4450,97.21,1.4430,2025-09-18 13:24:49,421.0
0.6080,16.9050,0.5150,97.1770,1.5310,2025-09-18 13:24:49,421.0
0.5810,17.0210,0.4830,96.9050,1.4460,2025-09-18 13:24:49,421.0
0.5690,16.9210,0.4410,97.14,1.3560,2025-09-18 13:24:49,421.0
0.5980,16.93,0.50,97.0640,1.5490,2025-09-18 13:24:49,421.0
0.57,16.9360,0.49,97.1590,1.4780,2025-09-18 13:24:49,421.0
0.5850,16.9960,0.35,97.2150,1.5170,2025-09-18 13:24:49,421.0
0.6090,17.04,0.5430,96.9090,1.4370,2025-09-18 19:30:05,422.0
0.60,17.0590,0.5810,96.9260,1.4730,2025-09-18 19:30:05,422.0
0.5820,16.9830,0.34,96.9090,1.43,2025-09-18 19:30:05,422.0
0.59,17.0750,0.3290,97.2010,1.4780,2025-09-18 19:30:05,422.0
0.5940,16.9740,0.43,96.9590,1.4140,2025-09-18 19:30:05,422.0
0.5940,17.0870,0.5390,97.1790,1.4370,2025-09-18 19:30:05,422.0
0.5830,16.9210,0.4620,97.29,1.3660,2025-09-18 19:30:05,422.0
0.5930,17.0340,0.5250,96.9090,1.4160,2025-09-18 19:30:05,422.0
0.5940,16.9990,0.4130,96.9150,1.5120,2025-09-18 19:30:05,422.0
0.5770,17.1090,0.49,97.24,1.3940,2025-09-18 19:30:05,422.0
0.6110,16.9430,0.55,97.1120,1.5340,2025-09-18 19:30:05,422.0
0.5680,16.9360,0.4760,97.3110,1.4050,2025-09-18 19:30:05,422.0
0.5670,16.9430,0.3540,96.8640,1.38,2025-09-18 19:30:05,422.0
0.57,16.9170,0.3190,97.1910,1.4580,2025-09-18 19:30:05,422.0
0.59,16.9210,0.4830,97.1440,1.42,2025-09-18 19:30:05,422.0
0.5990,17.2030,0.3360,96.89,1.5070,2025-09-18 19:30:05,422.0
0.5850,17.0590,0.4380,97.0590,1.3970,2025-09-18 19:30:05,422.0
0.6070,17.0180,0.4340,96.9550,1.4480,2025-09-18 19:30:05,422.0
0.5830,16.9020,0.5180,97.0140,1.4310,2025-09-18 19:30:05,422.0
0.57,16.9460,0.5910,97.0950,1.4020,2025-09-18 19:30:05,422.0
0.58,16.9580,0.4790,97.0510,1.4490,2025-09-19 13:22:05,423.0
0.5840,17.0120,0.5320,96.9310,1.4170,2025-09-19 13:22:05,423.0
0.5840,16.8860,0.3810,96.9860,1.3640,2025-09-19 13:22:05,423.0
0.5870,16.9930,0.5460,96.9150,1.4250,2025-09-19 13:22:05,423.0
0.6020,17.0620,0.4480,96.9620,1.4680,2025-09-19 13:22:05,423.0
0.5850,16.8610,0.4340,97.0550,1.4340,2025-09-19 13:22:05,423.0
0.5850,16.9490,0.4520,97.1690,1.4220,2025-09-19 13:22:05,423.0
0.5840,17.0180,0.4690,97.0040,1.4170,2025-09-19 13:22:05,423.0
0.5760,16.8730,0.4450,97.1620,1.4070,2025-09-19 13:22:05,423.0
0.57,16.8390,0.3850,97.2020,1.3870,2025-09-19 13:22:05,423.0
0.5880,16.9680,0.5180,97.1620,1.4960,2025-09-19 13:22:05,423.0
0.5920,16.9930,0.4690,97.2750,1.46,2025-09-19 13:22:05,423.0
0.5740,17.0090,0.3920,97.05,1.3970,2025-09-19 13:22:05,423.0
0.5840,17.0120,0.3360,96.8850,1.3750,2025-09-19 13:22:05,423.0
0.5990,17.0490,0.3960,97.0590,1.4160,2025-09-19 13:22:05,423.0
0.5960,17.0180,0.4310,97.1210,1.5040,2025-09-19 13:22:05,423.0
0.5720,16.9870,0.5180,97.1670,1.4270,2025-09-19 13:22:05,423.0
0.5830,16.9870,0.35,97.4340,1.3660,2025-09-19 13:22:05,423.0
0.5920,16.9930,0.4440,97.0550,1.39,2025-09-19 13:22:05,423.0
0.59,16.9610,0.42,97.3290,1.4560,2025-09-19 13:22:05,423.0
0.5940,16.9390,0.3360,96.9660,1.4560,2025-09-19 19:02:14,424.0
0.5830,17.0090,0.3430,96.9140,1.3160,2025-09-19 19:02:14,424.0
0.5750,17.0590,0.4380,96.92,1.3210,2025-09-19 19:02:14,424.0
0.5880,16.88,0.3810,96.91,1.4970,2025-09-19 19:02:14,424.0
0.5960,16.9580,0.4830,96.8620,1.4640,2025-09-19 19:02:14,424.0
0.5670,16.9050,0.5780,96.8890,1.3220,2025-09-19 19:02:14,424.0
0.5750,16.9740,0.3150,97.08,1.4050,2025-09-19 19:02:14,424.0
0.5750,16.8950,0.5080,97.0780,1.4230,2025-09-19 19:02:14,424.0
0.5990,16.9330,0.4580,97.1690,1.5240,2025-09-19 19:02:14,424.0
0.5710,16.9170,0.5710,96.9280,1.3970,2025-09-19 19:02:14,424.0
0.59,16.9110,0.42,96.8990,1.5160,2025-09-19 19:02:14,424.0
0.5920,17.0870,0.5350,96.9250,1.4340,2025-09-19 19:02:14,424.0
0.6060,16.8550,0.4270,97.1920,1.5440,2025-09-19 19:02:14,424.0
0.5590,16.8330,0.2660,97.0620,1.30,2025-09-19 19:02:14,424.0
0.5760,16.9650,0.4970,96.88,1.3620,2025-09-19 19:02:14,424.0
0.5690,17.0020,0.42,97.1990,1.3260,2025-09-19 19:02:14,424.0
0.5740,16.93,0.6960,96.9620,1.4990,2025-09-19 19:02:14,424.0
0.5910,16.9170,0.2340,97.0950,1.3850,2025-09-19 19:02:14,424.0
0.5760,17.0150,0.4580,96.9390,1.4220,2025-09-19 19:02:14,424.0
0.5960,16.9990,0.3990,96.9790,1.4880,2025-09-19 19:02:14,424.0
0.6040,17.0020,0.2210,97.1380,1.5480,2025-09-20 10:42:59,425.0
0.5880,16.8360,0.4480,97.3160,1.5410,2025-09-20 10:42:59,425.0
0.5810,16.9870,0.3190,97.01,1.4650,2025-09-20 10:42:59,425.0
0.5970,16.9210,0.4130,96.9810,1.4470,2025-09-20 10:42:59,425.0
0.5820,16.8450,0.2450,97.0920,1.4530,2025-09-20 10:42:59,425.0
0.5950,16.9650,0.43,97.2420,1.5070,2025-09-20 10:42:59,425.0
0.5590,16.8890,0.6060,96.9860,1.3640,2025-09-20 10:42:59,425.0
0.5690,16.9990,0.4340,96.8550,1.3280,2025-09-20 10:42:59,425.0
0.5770,16.9650,0.4520,97.0820,1.4390,2025-09-20 10:42:59,425.0
0.5710,16.9680,0.4510,96.8860,1.36,2025-09-20 10:42:59,425.0
0.5790,16.8990,0.3890,96.95,1.3590,2025-09-20 10:42:59,425.0
0.5730,16.9580,0.3360,97.0410,1.3570,2025-09-20 10:42:59,425.0
0.5690,16.9930,0.4380,96.7810,1.2990,2025-09-20 10:42:59,425.0
0.5890,16.8860,0.3330,97.06,1.4430,2025-09-20 10:42:59,425.0
0.5960,16.9140,0.3330,97.1780,1.4770,2025-09-20 10:42:59,425.0
0.5730,16.98,0.4410,96.96,1.4250,2025-09-20 10:42:59,425.0
0.60,16.9650,0.3330,97.2010,1.4720,2025-09-20 10:42:59,425.0
0.5810,16.9240,0.5320,97.1830,1.4110,2025-09-20 10:42:59,425.0
0.5750,16.9050,0.6120,96.92,1.3860,2025-09-20 10:42:59,425.0
0.5770,16.8860,0.50,97.1790,1.4870,2025-09-20 10:42:59,425.0
0.6080,17.0020,0.5070,97.0590,1.5540,2025-09-20 12:43:03,426.0
0.5930,17.0120,0.3780,97.0030,1.5990,2025-09-20 12:43:03,426.0
0.5940,16.9020,0.3250,97.2280,1.6170,2025-09-20 12:43:03,426.0
0.6080,16.9990,0.4690,97.2150,1.3920,2025-09-20 12:43:03,426.0
0.5810,16.8230,0.5180,97.1730,1.4420,2025-09-20 12:43:03,426.0
0.6060,16.9710,0.3220,96.8930,1.5550,2025-09-20 12:43:03,426.0
0.5960,16.9460,0.3710,97.13,1.4970,2025-09-20 12:43:03,426.0
0.60,16.9270,0.3920,97.2960,0.0210,2025-09-20 12:43:03,426.0
0.5870,16.9050,0.5250,96.8710,1.5040,2025-09-20 12:43:03,426.0
0.5750,16.9210,0.4580,97.1720,1.4780,2025-09-20 12:43:03,426.0
0.5960,16.9460,0.5290,97.4120,1.4380,2025-09-20 12:43:03,426.0
0.5760,16.8580,0.4790,97.2140,1.4770,2025-09-20 12:43:03,426.0
0.5770,16.9050,0.4730,97.0550,1.4560,2025-09-20 12:43:03,426.0
0.5990,16.9490,0.5740,96.9650,1.4460,2025-09-20 12:43:03,426.0
0.5750,16.9080,0.48,97.1530,1.4840,2025-09-20 12:43:03,426.0
0.5740,16.8390,0.5810,96.8860,1.3520,2025-09-20 12:43:03,426.0
0.5630,16.93,0.4480,97.0180,1.4060,2025-09-20 12:43:03,426.0
0.5890,16.8830,0.3050,97.02,1.4330,2025-09-20 12:43:03,426.0
0.5720,17.0310,0.5390,97.3360,1.3380,2025-09-20 12:43:03,426.0
0.5890,16.8640,0.4730,96.8850,1.4420,2025-09-20 12:43:03,426.0
0.5880,16.7860,0.5180,97.04,1.46,2025-09-22 12:51:42,427.0
0.5850,16.8890,0.41,97.0780,1.4670,2025-09-22 12:51:42,427.0
0.5920,16.9140,0.3990,97.2380,1.3980,2025-09-22 12:51:42,427.0
0.5760,16.93,0.5420,97.2750,1.3830,2025-09-22 12:51:42,427.0
0.5720,16.9270,0.55,96.8860,1.4230,2025-09-22 12:51:42,427.0
0.5650,16.9110,0.4940,97.1060,1.3990,2025-09-22 12:51:42,427.0
0.5710,16.8730,0.4380,97.3140,1.4110,2025-09-22 12:51:42,427.0
0.5870,16.8730,0.2940,96.9020,1.3150,2025-09-22 12:51:42,427.0
0.6010,17.0310,0.49,97.0990,1.4280,2025-09-22 12:51:42,427.0
0.5910,16.9390,0.4090,96.9110,1.48,2025-09-22 12:51:42,427.0
0.6030,16.9170,0.42,96.8650,1.4390,2025-09-22 12:51:42,427.0
0.5830,16.9110,0.4270,97.0630,1.4340,2025-09-22 12:51:42,427.0
0.5810,16.9330,0.4520,97.1870,1.4130,2025-09-22 12:51:42,427.0
0.6020,16.9050,0.5110,96.8660,1.4220,2025-09-22 12:51:42,427.0
0.5710,16.9990,0.50,97.2950,1.44,2025-09-22 12:51:42,427.0
0.5780,16.9610,0.5150,96.9020,1.4230,2025-09-22 12:51:42,427.0
0.6190,17.0840,0.5390,97.1820,1.4550,2025-09-22 12:51:42,427.0
0.5850,16.87,0.4380,96.9950,1.4550,2025-09-22 12:51:42,427.0
0.58,16.9080,0.4340,97.1950,1.4860,2025-09-22 12:51:42,427.0
0.5990,16.87,0.4060,97.2860,1.5350,2025-09-22 12:51:42,427.0
0.5730,16.8890,0.2590,97.1070,1.4150,2025-09-22 19:49:42,428.0
0.6070,16.9240,0.6830,97.02,1.5020,2025-09-22 19:49:42,428.0
0.5810,16.9390,0.3740,97.3070,1.3390,2025-09-22 19:49:42,428.0
0.5950,16.8330,0.4170,96.9790,1.4910,2025-09-22 19:49:42,428.0
0.6190,17.0310,0.5950,97.3260,1.4590,2025-09-22 19:49:42,428.0
0.5950,16.9580,0.4620,97,1.4070,2025-09-22 19:49:42,428.0
0.6140,16.9830,0.3290,97.0280,1.5040,2025-09-22 19:49:42,428.0
0.6110,16.9770,0.4580,96.8890,1.4470,2025-09-22 19:49:42,428.0
0.5950,16.9650,0.34,97.1340,1.4780,2025-09-22 19:49:42,428.0
0.5870,17.09,0.43,96.89,1.3940,2025-09-22 19:49:42,428.0
0.60,17.0270,0.3430,96.9440,1.4530,2025-09-22 19:49:42,428.0
0.5830,16.88,0.4090,96.8490,1.3320,2025-09-22 19:49:42,428.0
0.5770,17.0020,0.2870,97.1920,1.3890,2025-09-22 19:49:42,428.0
0.5770,16.9430,0.4790,97.0210,1.4390,2025-09-22 19:49:42,428.0
0.5830,16.8510,0.3250,97.1660,1.4470,2025-09-22 19:49:42,428.0
0.5820,17.0970,0.3220,97.2910,1.4340,2025-09-22 19:49:42,428.0
0.5970,16.9680,0.3430,97.0650,1.4730,2025-09-22 19:49:42,428.0
0.5870,17.0180,0.3810,97.2740,1.4140,2025-09-22 19:49:42,428.0
0.59,16.9110,0.5250,96.8640,1.5060,2025-09-22 19:49:42,428.0
0.5740,17.0180,0.4650,97.0140,1.3590,2025-09-22 19:49:42,428.0
0.5820,16.9460,0.4270,97.01,1.46,2025-09-22 21:19:44,429.0
0.5780,16.9830,0.4480,97.1220,1.3690,2025-09-22 21:19:44,429.0
0.5770,16.9740,0.4410,97.1940,1.3120,2025-09-22 21:19:44,429.0
0.5710,16.8640,0.4270,96.9270,1.3420,2025-09-22 21:19:44,429.0
0.6140,16.9520,0.3190,97.2490,1.5170,2025-09-22 21:19:44,429.0
0.5840,17.0020,0.3290,97.0230,1.4060,2025-09-22 21:19:44,429.0
0.5750,16.9170,0.4760,96.9560,1.3650,2025-09-22 21:19:44,429.0
0.5910,16.9550,0.4620,96.9560,1.4680,2025-09-22 21:19:44,429.0
0.54,16.9870,0.5010,97.1270,1.2410,2025-09-22 21:19:44,429.0
0.5980,16.9330,0.3120,97.1030,1.5090,2025-09-22 21:19:44,429.0
0.5830,17.0050,0.3360,96.9170,1.43,2025-09-22 21:19:44,429.0
0.5940,16.98,0.3850,96.9860,1.47,2025-09-22 21:19:44,429.0
0.5840,16.9990,0.5850,96.9240,1.3790,2025-09-22 21:19:44,429.0
0.5880,16.9830,0.3570,97.1010,1.4590,2025-09-22 21:19:44,429.0
0.5480,16.8360,0.41,97.1580,1.4230,2025-09-22 21:19:44,429.0
0.5990,16.9830,0.4160,96.9390,1.4130,2025-09-22 21:19:44,429.0
0.6060,17.0210,0.5670,97.1530,1.5060,2025-09-22 21:19:44,429.0
0.5990,16.8730,0.4340,97.1940,1.4460,2025-09-22 21:19:44,429.0
0.5730,16.9330,0.5350,97.0850,1.4130,2025-09-22 21:19:44,429.0
0.5760,16.9240,0.5110,97.1510,1.4310,2025-09-22 21:19:44,429.0
0.5840,16.9710,0.34,96.9910,1.3630,2025-09-23 10:59:21,430.0
0.5750,16.9520,0.4340,96.9060,1.3630,2025-09-23 10:59:21,430.0
0.5730,16.7640,0.5040,97.1270,1.4590,2025-09-23 10:59:21,430.0
0.5760,16.88,0.4620,96.9910,1.3960,2025-09-23 10:59:21,430.0
0.5980,17.0020,0.2730,96.8810,1.3070,2025-09-23 10:59:21,430.0
0.6140,16.9330,0.4060,96.88,1.46,2025-09-23 10:59:21,430.0
0.5910,16.8950,0.42,96.9660,1.4570,2025-09-23 10:59:21,430.0
0.5770,16.9490,0.4130,97.0280,1.3460,2025-09-23 10:59:21,430.0
0.5670,16.9430,0.3290,96.8770,1.3410,2025-09-23 10:59:21,430.0
0.5690,16.8550,0.50,97.2920,1.4480,2025-09-23 10:59:21,430.0
0.5690,16.87,0.3920,96.9210,1.32,2025-09-23 10:59:21,430.0
0.5960,16.9390,0.3610,97.0960,1.4620,2025-09-23 10:59:21,430.0
0.5810,16.7890,0.5250,97.1670,1.4050,2025-09-23 10:59:21,430.0
0.5720,16.9650,0.5430,96.9440,1.4310,2025-09-23 10:59:21,430.0
0.5740,16.9170,0.41,97.2290,1.4730,2025-09-23 10:59:21,430.0
0.5850,16.9170,0.5210,97.13,1.3490,2025-09-23 10:59:21,430.0
0.5820,16.9680,0.3250,97.3160,1.44,2025-09-23 10:59:21,430.0
0.5810,16.9740,0.3850,97.2670,1.4410,2025-09-23 10:59:21,430.0
0.59,16.9650,0.5530,97.3250,1.4610,2025-09-23 10:59:21,430.0
0.5660,16.8770,0.4160,97.1550,1.3640,2025-09-23 10:59:21,430.0
0.5950,16.9080,0.4170,97.1460,1.4650,2025-09-25 10:45:55,431.0
0.5830,17.0270,0.3670,97.0080,1.3660,2025-09-25 10:45:55,431.0
0.5630,16.9080,0.3530,97.0930,1.3220,2025-09-25 10:45:55,431.0
0.5720,16.9580,0.4310,96.8850,1.1920,2025-09-25 10:45:55,431.0
0.5760,16.8450,0.5250,97.3070,1.3960,2025-09-25 10:45:55,431.0
0.5760,16.93,0.6020,96.9550,1.4430,2025-09-25 10:45:55,431.0
0.5920,16.8140,0.35,97.2010,1.4730,2025-09-25 10:45:55,431.0
0.5650,16.87,0.49,96.8510,1.4140,2025-09-25 10:45:55,431.0
0.6010,16.8830,0.4340,97.2310,1.5660,2025-09-25 10:45:55,431.0
0.5850,16.87,0.5390,97.1770,1.4580,2025-09-25 10:45:55,431.0
0.6030,16.8330,0.4870,97.1580,1.5420,2025-09-25 10:45:55,431.0
0.5840,16.8640,0.3850,97.1990,1.4520,2025-09-25 10:45:55,431.0
0.5680,16.87,0.3960,97.2820,1.4240,2025-09-25 10:45:55,431.0
0.5750,16.9050,0.3290,96.9990,1.3780,2025-09-25 10:45:55,431.0
0.5940,16.8640,0.3290,96.9750,1.4550,2025-09-25 10:45:55,431.0
0.5890,16.9490,0.4790,97.1470,1.3920,2025-09-25 10:45:55,431.0
0.5620,16.7260,0.4480,97.0560,1.4480,2025-09-25 10:45:55,431.0
0.5540,16.8080,0.3640,96.9380,1.3690,2025-09-25 10:45:55,431.0
0.5680,16.8080,0.4510,97.1390,1.34,2025-09-25 10:45:55,431.0
0.5670,16.8640,0.4830,96.9040,1.4370,2025-09-25 10:45:55,431.0
0.5810,16.8890,0.3890,97.3570,1.4720,2025-09-25 13:06:01,432.0
0.5760,16.9020,0.5040,96.9090,1.4530,2025-09-25 13:06:01,432.0
0.5920,16.8230,0.4580,97.3420,1.5570,2025-09-25 13:06:01,432.0
0.5790,16.8670,0.3080,97.2180,1.4210,2025-09-25 13:06:01,432.0
0.5840,16.82,0.4270,97.2220,1.4760,2025-09-25 13:06:01,432.0
0.5940,17.0240,0.3250,96.8960,1.4530,2025-09-25 13:06:01,432.0
0.5840,16.9110,0.5180,97.2370,1.4390,2025-09-25 13:06:01,432.0
0.5840,16.9990,0.3330,97.1580,1.4660,2025-09-25 13:06:01,432.0
0.5710,16.87,0.3920,97.2710,1.3540,2025-09-25 13:06:01,432.0
0.5810,16.8510,0.4270,97.3150,1.4410,2025-09-25 13:06:01,432.0
0.5890,16.7920,0.4130,97.1760,1.4770,2025-09-25 13:06:01,432.0
0.6040,16.8510,0.5150,97.16,1.4620,2025-09-25 13:06:01,432.0
0.5760,16.7540,0.5430,97.4020,1.47,2025-09-25 13:06:01,432.0
0.5860,16.93,0.42,97.2870,1.45,2025-09-25 13:06:01,432.0
0.5610,17.0050,0.5640,96.9610,1.4520,2025-09-25 13:06:01,432.0
0.59,16.9580,0.3670,96.8880,1.4510,2025-09-25 13:06:01,432.0
0.5890,16.9140,0.3780,96.93,1.5260,2025-09-25 13:06:01,432.0
0.5760,17.0120,0.3250,96.9810,1.3960,2025-09-25 13:06:01,432.0
0.5780,16.9930,0.3810,97.1380,1.3740,2025-09-25 13:06:01,432.0
0.5740,16.88,0.42,97.0210,1.3220,2025-09-25 13:06:01,432.0
0.5870,16.9360,0.3640,96.9820,1.4610,2025-09-25 21:36:56,433.0
0.6060,16.9390,0.34,96.8990,1.51,2025-09-25 21:36:56,433.0
0.5570,16.88,0.4230,97.2530,1.4770,2025-09-25 21:36:56,433.0
0.5760,16.9170,0.2940,97.1820,1.4180,2025-09-25 21:36:56,433.0
0.5970,16.8890,0.5290,97.0560,1.5810,2025-09-25 21:36:56,433.0
0.60,17.0370,0.3640,96.83,1.4820,2025-09-25 21:36:56,433.0
0.5780,16.9140,0.42,97.2420,1.4970,2025-09-25 21:36:56,433.0
0.5980,16.9360,0.50,96.8320,1.4740,2025-09-25 21:36:56,433.0
0.5840,16.9210,0.4760,97.3950,1.3720,2025-09-25 21:36:56,433.0
0.5940,16.9020,0.5010,97.2110,1.4350,2025-09-25 21:36:56,433.0
0.5910,16.8950,0.2840,97.1930,1.4430,2025-09-25 21:36:56,433.0
0.59,16.8890,0.3360,97.2070,1.0660,2025-09-25 21:36:56,433.0
0.5850,16.93,0.4510,97.0240,1.4110,2025-09-25 21:36:56,433.0
0.5960,16.93,0.4830,97.1610,1.4320,2025-09-25 21:36:56,433.0
0.5850,16.8860,0.6650,97.1740,1.4990,2025-09-25 21:36:56,433.0
0.5480,16.9080,0.55,97.0350,1.4010,2025-09-25 21:36:56,433.0
0.5880,17.0180,0.5530,96.9820,1.4620,2025-09-25 21:36:56,433.0
0.5940,16.9020,0.3750,97.1630,1.4220,2025-09-25 21:36:56,433.0
0.6120,16.9960,0.3640,96.97,1.4850,2025-09-25 21:36:56,433.0
0.5780,16.8550,0.6480,97.1670,1.4430,2025-09-25 21:36:56,433.0
0.5570,16.8730,0.4440,97.0870,1.3190,2025-09-26 12:54:23,434.0
0.5630,16.7570,0.4550,96.9170,1.4060,2025-09-26 12:54:23,434.0
0.5860,16.9430,0.4760,96.8820,1.3660,2025-09-26 12:54:23,434.0
0.5860,16.8170,0.2620,97.1210,1.3870,2025-09-26 12:54:23,434.0
0.5880,16.8860,0.49,97.0820,1.4920,2025-09-26 12:54:23,434.0
0.5940,17.0560,0.84,96.9760,1.4160,2025-09-26 12:54:23,434.0
0.5930,16.9650,0.3850,96.8940,1.4660,2025-09-26 12:54:23,434.0
0.5890,16.8770,0.6090,96.9470,1.4610,2025-09-26 12:54:23,434.0
0.5920,16.8580,0.4790,97.2510,1.4810,2025-09-26 12:54:23,434.0
0.5910,16.9080,0.4340,97.1050,1.4550,2025-09-26 12:54:23,434.0
0.57,16.9050,0.3850,97.29,1.4790,2025-09-26 12:54:23,434.0
0.5770,16.9650,0.4440,97.1750,1.3850,2025-09-26 12:54:23,434.0
0.5740,16.8640,0.2690,97.0960,1.0920,2025-09-26 12:54:23,434.0
0.6270,17.0560,0.4440,96.9390,1.4980,2025-09-26 12:54:23,434.0
0.5740,16.8510,0.5080,97.1070,1.4340,2025-09-26 12:54:23,434.0
0.5980,16.8580,0.4760,97.2450,1.4840,2025-09-26 12:54:23,434.0
0.5620,16.8640,0.5110,97.0110,1.4040,2025-09-26 12:54:23,434.0
0.5830,16.8140,0.4310,97.1450,1.4880,2025-09-26 12:54:23,434.0
0.5740,17.0930,0.4270,96.9240,1.3850,2025-09-26 12:54:23,434.0
0.5730,16.8510,0.4870,97.1650,1.3620,2025-09-26 12:54:23,434.0
0.5750,16.9550,0.5850,97.50,1.4590,2025-09-26 21:19:44,435.0
0.5930,16.9490,0.55,97.1230,1.4950,2025-09-26 21:19:44,435.0
0.5970,17.0310,0.4520,96.7630,1.4440,2025-09-26 21:19:44,435.0
0.5720,16.7980,0.5670,96.9190,1.3690,2025-09-26 21:19:44,435.0
0.5890,16.9050,0.5040,97.0430,1.4710,2025-09-26 21:19:44,435.0
0.5960,17.0650,0.3190,97.1490,1.4620,2025-09-26 21:19:44,435.0
0.5790,16.9710,0.3050,97.1070,1.4190,2025-09-26 21:19:44,435.0
0.5840,17.0240,0.4580,96.8750,1.3330,2025-09-26 21:19:44,435.0
0.5740,16.8950,0.4690,96.9530,1.4180,2025-09-26 21:19:44,435.0
0.5920,17.1250,0.4690,96.8340,1.4040,2025-09-26 21:19:44,435.0
0.6030,16.8890,0.5630,97.2910,1.47,2025-09-26 21:19:44,435.0
0.6080,16.9330,0.4550,97.1150,1.4830,2025-09-26 21:19:44,435.0
0.5890,16.9240,0.3530,96.88,1.4660,2025-09-26 21:19:44,435.0
0.5910,16.9830,0.3250,97.1870,1.4040,2025-09-26 21:19:44,435.0
0.5860,16.9960,0.7180,96.8430,1.3320,2025-09-26 21:19:44,435.0
0.5960,16.99,0.4620,97.0520,1.4220,2025-09-26 21:19:44,435.0
0.5660,16.9110,0.42,97.1230,1.42,2025-09-26 21:19:44,435.0
0.5760,16.8640,0.5910,97.0980,1.4220,2025-09-26 21:19:44,435.0
0.5750,16.8770,0.4550,97.4340,1.3620,2025-09-26 21:19:44,435.0
0.5940,17.1590,0.3570,97.0310,1.3990,2025-09-26 21:19:44,435.0
0.5940,16.8080,0.4410,97.05,1.4680,2025-09-27 11:26:47,436.0
0.5580,16.7450,0.4270,97.2820,1.1510,2025-09-27 11:26:47,436.0
0.5720,16.83,0.50,97.0270,1.3610,2025-09-27 11:26:47,436.0
0.5820,16.9080,0.6830,97.13,1.5110,2025-09-27 11:26:47,436.0
0.58,16.7510,0.4760,97.2160,1.3780,2025-09-27 11:26:47,436.0
0.5770,17.0090,0.5250,96.9370,1.4210,2025-09-27 11:26:47,436.0
0.5690,16.8040,0.5980,97.0320,1.4320,2025-09-27 11:26:47,436.0
0.56,16.8390,0.4240,97.2460,1.34,2025-09-27 11:26:47,436.0
0.5820,16.8360,0.3710,97.11,1.3520,2025-09-27 11:26:47,436.0
0.5970,17.0270,0.4520,96.9010,1.4610,2025-09-27 11:26:47,436.0
0.57,16.7730,0.4760,97.3120,1.5150,2025-09-27 11:26:47,436.0
0.6010,16.8140,0.4020,97.1950,1.5330,2025-09-27 11:26:47,436.0
0.5890,16.9580,0.5950,97.0790,1.44,2025-09-27 11:26:47,436.0
0.5670,17.0840,0.4410,96.8490,1.3840,2025-09-27 11:26:47,436.0
0.5880,16.8670,0.5670,97.0440,1.4820,2025-09-27 11:26:47,436.0
0.5820,16.7950,0.5320,97.3770,1.4120,2025-09-27 11:26:47,436.0
0.5720,16.9140,0.3050,97.0740,1.3930,2025-09-27 11:26:47,436.0
0.6020,16.9990,0.4550,96.8920,1.5550,2025-09-27 11:26:47,436.0
0.57,16.83,0.4410,97.0910,1.4530,2025-09-27 11:26:47,436.0
0.5930,17.0210,0.3110,96.8840,1.4750,2025-09-27 11:26:47,436.0
0.5770,16.9580,0.5990,97.0730,1.5220,2025-09-27 12:56:50,437.0
0.6020,17.0370,0.4410,97.0080,1.4170,2025-09-27 12:56:50,437.0
0.5990,16.9460,0.5560,96.8860,1.3130,2025-09-27 12:56:50,437.0
0.5750,16.8610,0.4480,97.2550,1.3760,2025-09-27 12:56:50,437.0
0.6040,16.9610,0.2940,97.4010,1.4520,2025-09-27 12:56:50,437.0
0.5990,16.8390,0.5150,97.08,1.51,2025-09-27 12:56:50,437.0
0.58,17.0560,0.5570,96.8630,1.3920,2025-09-27 12:56:50,437.0
0.5870,16.9770,0.3190,97.1590,1.4270,2025-09-27 12:56:50,437.0
0.5850,16.9330,0.3460,97.2180,1.4270,2025-09-27 12:56:50,437.0
0.5860,16.8510,0.5880,96.92,1.4840,2025-09-27 12:56:50,437.0
0.60,16.9490,0.5740,97.0080,1.4380,2025-09-27 12:56:50,437.0
0.59,17.0150,0.49,96.93,1.4460,2025-09-27 12:56:50,437.0
0.6110,17.0270,0.4730,96.7920,1.5170,2025-09-27 12:56:50,437.0
0.5780,16.8610,0.4620,97.0950,1.4410,2025-09-27 12:56:50,437.0
0.6040,16.8640,0.42,97.12,1.4360,2025-09-27 12:56:50,437.0
0.5640,16.8640,0.4170,97.1260,1.3880,2025-09-27 12:56:50,437.0
0.5930,16.9650,0.5630,97.0530,1.3920,2025-09-27 12:56:50,437.0
0.5970,16.8670,0.4940,97.1540,1.4850,2025-09-27 12:56:50,437.0
0.5730,16.9210,0.4310,97.1350,1.3750,2025-09-27 12:56:50,437.0
0.6020,16.8670,0.4130,97.3690,1.5690,2025-09-27 12:56:50,437.0
0.6030,17.0090,0.4130,96.9040,1.4510,2025-09-27 19:06:57,438.0
0.58,16.9580,0.4440,96.8940,1.3910,2025-09-27 19:06:57,438.0
0.5910,16.9770,0.3740,96.8710,1.4780,2025-09-27 19:06:57,438.0
0.5910,16.9550,0.2480,96.8390,1.4410,2025-09-27 19:06:57,438.0
0.5880,16.8920,0.4380,97.1960,1.4410,2025-09-27 19:06:57,438.0
0.5880,16.8170,0.4520,97.1730,1.3890,2025-09-27 19:06:57,438.0
0.5910,16.8670,0.4970,97.3130,1.5210,2025-09-27 19:06:57,438.0
0.5810,16.9210,0.5490,97.2240,1.4490,2025-09-27 19:06:57,438.0
0.59,16.8890,0.5420,97.2620,1.3780,2025-09-27 19:06:57,438.0
0.5870,16.8550,0.4060,97.1320,1.4530,2025-09-27 19:06:57,438.0
0.5930,16.9650,0.4620,96.9440,1.4290,2025-09-27 19:06:57,438.0
0.5820,16.8730,0.5530,97.2130,1.4320,2025-09-27 19:06:57,438.0
0.5930,16.8230,0.3360,97.1890,1.4870,2025-09-27 19:06:57,438.0
0.5820,16.9020,0.3810,97.1030,1.4040,2025-09-27 19:06:57,438.0
0.5960,16.9210,0.4550,97.0440,1.4970,2025-09-27 19:06:57,438.0
0.5670,16.9870,0.5150,96.8790,1.4620,2025-09-27 19:06:57,438.0
0.60,16.8770,0.4230,97.1570,1.4080,2025-09-27 19:06:57,438.0
0.5770,16.9020,0.4090,97.4160,1.4240,2025-09-27 19:06:57,438.0
0.5950,16.9210,0.5080,97.0850,1.4910,2025-09-27 19:06:57,438.0
0.5860,16.8990,0.4650,97.2010,1.4630,2025-09-27 19:06:57,438.0
0.5980,17.0710,0.3360,96.8060,1.51,2025-09-27 21:32:02,439.0
0.5970,16.9430,0.5210,96.8930,1.4020,2025-09-27 21:32:02,439.0
0.5940,16.9740,0.3990,97.0380,1.4480,2025-09-27 21:32:02,439.0
0.5860,16.8770,0.4550,97.0290,1.4720,2025-09-27 21:32:02,439.0
0.6020,16.9870,0.4440,96.99,1.5640,2025-09-27 21:32:02,439.0
0.5790,16.8890,0.2870,96.8940,1.5340,2025-09-27 21:32:02,439.0
0.5680,16.8330,0.4580,97.0550,1.4590,2025-09-27 21:32:02,439.0
0.60,16.9520,0.4130,96.88,1.5650,2025-09-27 21:32:02,439.0
0.5830,16.9210,0.4970,97.0010,1.4520,2025-09-27 21:32:02,439.0
0.5860,16.9990,0.3430,97.0960,1.5720,2025-09-27 21:32:02,439.0
0.60,16.9550,0.4480,96.8920,1.5530,2025-09-27 21:32:02,439.0
0.5990,16.87,0.55,96.9610,1.5360,2025-09-27 21:32:02,439.0
0.6020,16.9390,0.4230,97.1460,1.5650,2025-09-27 21:32:02,439.0
0.5910,17.1340,0.34,96.8790,1.4490,2025-09-27 21:32:02,439.0
0.6050,16.9710,0.63,96.9680,1.5560,2025-09-27 21:32:02,439.0
0.59,16.9960,0.4790,96.9090,1.4850,2025-09-27 21:32:02,439.0
0.6080,17.0020,0.5070,96.8510,1.5210,2025-09-27 21:32:02,439.0
0.5770,16.9050,0.4230,97.2120,1.4160,2025-09-27 21:32:02,439.0
0.5870,16.9680,0.3290,97.0670,1.4770,2025-09-27 21:32:02,439.0
0.5730,16.8170,0.4060,97.3740,1.3260,2025-09-27 21:32:02,439.0
0.5680,16.7890,0.4730,97.1260,1.4150,2025-09-28 11:09:50,440.0
0.5870,16.8390,0.3670,97.1850,1.5660,2025-09-28 11:09:50,440.0
0.6010,16.9360,0.4410,96.99,1.4150,2025-09-28 11:09:50,440.0
0.5880,16.8990,0.5460,97.1930,1.45,2025-09-28 11:09:50,440.0
0.5960,16.8670,0.5110,97.0050,1.5060,2025-09-28 11:09:50,440.0
0.5740,16.7380,0.4940,97.1020,1.3710,2025-09-28 11:09:50,440.0
0.5930,16.8140,0.4730,97.2270,1.4480,2025-09-28 11:09:50,440.0
0.5820,16.8610,0.5210,96.9440,1.4420,2025-09-28 11:09:50,440.0
0.5890,16.8890,0.4060,97.1510,1.4790,2025-09-28 11:09:50,440.0
0.5690,16.7980,0.2590,97.1590,1.5550,2025-09-28 11:09:50,440.0
0.5610,16.8860,0.50,96.8950,1.3340,2025-09-28 11:09:50,440.0
0.6060,16.9330,0.4940,96.9970,1.5420,2025-09-28 11:09:50,440.0
0.5840,16.87,0.4270,97.0170,1.4790,2025-09-28 11:09:50,440.0
0.5980,16.9710,0.3920,97.1540,1.50,2025-09-28 11:09:50,440.0
0.5770,16.9080,0.4090,96.8720,1.4430,2025-09-28 11:09:50,440.0
0.59,16.87,0.3990,97.3550,1.4250,2025-09-28 11:09:50,440.0
0.60,16.9460,0.6020,97.2060,1.52,2025-09-28 11:09:50,440.0
0.59,17.04,0.43,97.3130,1.5280,2025-09-28 11:09:50,440.0
0.5850,16.8140,0.4270,97.1090,1.4310,2025-09-28 11:09:50,440.0
0.5590,16.7950,0.55,97.1220,1.4090,2025-09-28 11:09:50,440.0
0.5860,16.8510,0.42,97.0450,1.4550,2025-09-28 11:09:50,440.0
0.60,17.1150,0.41,97.0320,1.5420,2025-09-28 12:54:53,441.0
0.5730,16.9610,0.5010,97.1480,1.4790,2025-09-28 12:54:53,441.0
0.5890,16.9080,0.4170,97.0890,1.4980,2025-09-28 12:54:53,441.0
0.5830,16.9960,0.4020,96.8830,1.4430,2025-09-28 12:54:53,441.0
0.57,17.0590,0.4830,97.1130,1.4560,2025-09-28 12:54:53,441.0
0.5970,16.9050,0.4270,97.12,1.4660,2025-09-28 12:54:53,441.0
0.55,16.7790,0.3920,97.0730,1.3940,2025-09-28 12:54:53,441.0
0.62,17.20,0.5850,97.0480,1.5430,2025-09-28 12:54:53,441.0
0.58,16.8640,0.5080,97.1750,1.3920,2025-09-28 12:54:53,441.0
0.5880,16.7820,0.4620,97.29,1.39,2025-09-28 12:54:53,441.0
0.5830,16.9110,0.4060,97.0180,1.3780,2025-09-28 12:54:53,441.0
0.5780,17.0090,0.3750,96.96,1.4230,2025-09-28 12:54:53,441.0
0.5910,16.9960,0.4480,96.8830,1.4690,2025-09-28 12:54:53,441.0
0.5850,16.9430,0.4230,96.9160,1.5070,2025-09-28 12:54:53,441.0
0.5610,17.0590,0.5560,97.09,1.3440,2025-09-28 12:54:53,441.0
0.5780,16.9390,0.5980,96.9410,1.4410,2025-09-28 12:54:53,441.0
0.5670,16.8610,0.4650,97.3460,1.3930,2025-09-28 12:54:53,441.0
0.5570,17.0310,0.41,96.7670,1.3420,2025-09-28 12:54:53,441.0
0.6030,17.0180,0.3430,97.1880,1.5330,2025-09-28 12:54:53,441.0
0.5780,16.9520,0.4230,96.9740,1.4690,2025-09-28 12:54:53,441.0
0.5760,16.8450,0.42,97.0140,1.3390,2025-09-28 19:10:10,442.0
0.5760,16.88,0.5980,96.9440,1.3980,2025-09-28 19:10:10,442.0
0.5790,16.9740,0.5150,97.2140,1.4550,2025-09-28 19:10:10,442.0
0.60,17.0840,0.5180,96.9270,1.4730,2025-09-28 19:10:10,442.0
0.5830,16.8040,0.5810,97.4050,1.4120,2025-09-28 19:10:10,442.0
0.6080,16.9740,0.4580,96.8780,1.45,2025-09-28 19:10:10,442.0
0.5790,16.93,0.3640,96.9790,1.3340,2025-09-28 19:10:10,442.0
0.5740,16.87,0.4860,97.1860,1.4170,2025-09-28 19:10:10,442.0
0.6060,17.3010,0.5110,96.9720,1.4670,2025-09-28 19:10:10,442.0
0.5860,16.9270,0.5350,96.9710,1.4460,2025-09-28 19:10:10,442.0
0.5640,16.93,0.5150,97.1470,1.4620,2025-09-28 19:10:10,442.0
0.5720,16.9740,0.3610,96.8030,1.4080,2025-09-28 19:10:10,442.0
0.5770,16.8990,0.3540,97.0840,1.4340,2025-09-28 19:10:10,442.0
0.5690,16.8860,0.4310,97.2330,1.4460,2025-09-28 19:10:10,442.0
0.6180,16.9990,0.5670,96.9030,1.5190,2025-09-28 19:10:10,442.0
0.5820,16.9990,0.4690,96.9330,1.3980,2025-09-28 19:10:10,442.0
0.5650,16.9020,0.4310,97.2720,1.41,2025-09-28 19:10:10,442.0
0.5740,16.9580,0.3540,96.8960,1.46,2025-09-28 19:10:10,442.0
0.5750,16.9990,0.4760,96.9810,1.4290,2025-09-28 19:10:10,442.0
0.5810,16.8640,0.4690,97.0140,1.4880,2025-09-28 19:10:10,442.0
0.5780,16.9270,0.3220,97.0550,1.14,2025-09-28 21:20:16,443.0
0.6030,16.9610,0.4940,96.91,1.4530,2025-09-28 21:20:16,443.0
0.5750,16.9140,0.4450,96.9130,1.3760,2025-09-28 21:20:16,443.0
0.59,16.9080,0.6230,96.9790,1.4140,2025-09-28 21:20:16,443.0
0.5870,16.87,0.4870,97.1430,1.4140,2025-09-28 21:20:16,443.0
0.6060,16.9870,0.4230,96.8870,1.4980,2025-09-28 21:20:16,443.0
0.6040,16.8670,0.4650,97.1840,1.4320,2025-09-28 21:20:16,443.0
0.5790,16.9240,0.3640,97.5680,1.3430,2025-09-28 21:20:16,443.0
0.58,16.8830,0.2760,97.4090,1.3640,2025-09-28 21:20:16,443.0
0.5920,16.8390,0.55,96.9860,1.4260,2025-09-28 21:20:16,443.0
0.5960,16.8640,0.5040,97.2820,1.4550,2025-09-28 21:20:16,443.0
0.5710,16.7920,0.3710,97.1580,1.3890,2025-09-28 21:20:16,443.0
0.6060,16.83,0.4520,97.4660,1.46,2025-09-28 21:20:16,443.0
0.5850,16.9490,0.4130,96.8750,1.4950,2025-09-28 21:20:16,443.0
0.6070,16.87,0.3920,97.1510,1.5410,2025-09-28 21:20:16,443.0
0.5710,16.8830,0.3950,97.1940,1.3140,2025-09-28 21:20:16,443.0
0.5820,16.8510,0.3880,96.9660,1.4030,2025-09-28 21:20:16,443.0
0.5980,16.93,0.4580,96.94,1.4830,2025-09-28 21:20:16,443.0
0.5840,16.9430,0.4690,96.86,1.4630,2025-09-28 21:20:16,443.0
0.5980,16.8920,0.35,97.1390,1.5360,2025-09-28 21:20:16,443.0
0.5870,16.8860,0.3920,97.0510,1.4790,2025-10-13 12:16:15,444.0
0.5810,16.8830,0.2420,97.1230,1.51,2025-10-13 12:16:15,444.0
0.6090,16.9240,0.3750,96.9640,1.4380,2025-10-13 12:16:15,444.0
0.5640,16.9430,0.41,97.1390,1.4070,2025-10-13 12:16:15,444.0
0.5670,16.9740,0.3530,97.2960,1.3350,2025-10-13 12:16:15,444.0
0.5970,16.9680,0.3920,97.0590,1.50,2025-10-13 12:16:15,444.0
0.5640,16.8230,0.4620,97.16,1.3590,2025-10-13 12:16:15,444.0
0.5870,16.8670,0.4970,97.1490,1.46,2025-10-13 12:16:15,444.0
0.58,16.8510,0.34,97.19,1.46,2025-10-13 12:16:15,444.0
0.5920,16.8860,0.4020,97.1640,1.4410,2025-10-13 12:16:15,444.0
0.6030,16.9330,0.3670,97.2010,1.6090,2025-10-13 12:16:15,444.0
0.59,16.87,0.49,97.0990,1.47,2025-10-13 12:16:15,444.0
0.5810,16.9740,0.6120,96.9810,1.3840,2025-10-13 12:16:15,444.0
0.5920,16.8550,0.5110,96.8980,1.3430,2025-10-13 12:16:15,444.0
0.5910,16.8420,0.3680,97.1090,1.3930,2025-10-13 12:16:15,444.0
0.6010,16.8770,0.5150,97.0830,1.5020,2025-10-13 12:16:15,444.0
0.57,16.8510,0.5390,97.1230,1.4180,2025-10-13 12:16:15,444.0
0.59,16.8640,0.4030,97.0920,1.4250,2025-10-13 12:16:15,444.0
0.5840,16.9930,0.4440,96.9210,1.4140,2025-10-13 12:16:15,444.0
0.5680,16.9110,0.2450,97.1410,1.2130,2025-10-13 12:16:15,444.0
0.5950,16.8730,0.4790,97.1150,1.61,2025-10-13 12:56:17,445.0
0.6040,16.9430,0.4520,97.2330,1.4450,2025-10-13 12:56:17,445.0
0.5820,16.9240,0.4720,97.1340,1.3940,2025-10-13 12:56:17,445.0
0.5670,16.8580,0.4580,97.33,1.4010,2025-10-13 12:56:17,445.0
0.6090,16.9960,0.55,97.0820,1.4750,2025-10-13 12:56:17,445.0
0.5760,16.9240,0.5040,97.1790,1.4420,2025-10-13 12:56:17,445.0
0.58,16.98,0.5560,97.0670,1.4090,2025-10-13 12:56:17,445.0
0.5840,16.9170,0.4090,97.2060,1.4440,2025-10-13 12:56:17,445.0
0.5990,16.9990,0.49,97.0530,1.3520,2025-10-13 12:56:17,445.0
0.5720,16.8230,0.3990,97.0940,1.2810,2025-10-13 12:56:17,445.0
0.5710,16.9330,0.5360,96.9290,1.3790,2025-10-13 12:56:17,445.0
0.5780,16.9020,0.55,96.9930,1.41,2025-10-13 12:56:17,445.0
0.5920,16.9830,0.2870,97.3130,1.34,2025-10-13 12:56:17,445.0
0.5980,16.9170,0.3460,97.0910,1.4470,2025-10-13 12:56:17,445.0
0.5850,16.9080,0.5880,97.1520,1.3530,2025-10-13 12:56:17,445.0
0.6060,16.9990,0.4940,97.0390,1.4020,2025-10-13 12:56:17,445.0
0.5830,16.9550,0.4020,96.9920,1.4170,2025-10-13 12:56:17,445.0
0.5810,16.9520,0.5980,97.2950,1.4020,2025-10-13 12:56:17,445.0
0.5980,16.9520,0.5670,97.0710,1.47,2025-10-13 12:56:17,445.0
0.5830,16.8730,0.3850,97.0910,1.4330,2025-10-13 12:56:17,445.0
0.5630,16.9360,0.6160,96.9910,1.3720,2025-10-13 19:11:25,446.0
0.6040,17.0870,0.5080,97.22,1.4130,2025-10-13 19:11:25,446.0
0.5780,17.0020,0.3750,97.3180,1.3740,2025-10-13 19:11:25,446.0
0.6180,16.9050,0.4380,97.1940,1.4610,2025-10-13 19:11:25,446.0
0.5790,16.9460,0.4580,97.1350,1.4050,2025-10-13 19:11:25,446.0
0.6060,16.9610,0.3250,96.9470,1.4670,2025-10-13 19:11:25,446.0
0.5840,17.0180,0.4760,97.0420,1.3470,2025-10-13 19:11:25,446.0
0.5660,16.8830,0.4650,97.0720,1.4190,2025-10-13 19:11:25,446.0
0.5960,16.8580,0.5980,97.2480,1.3760,2025-10-13 19:11:25,446.0
0.5970,17.0310,0.3190,97.1940,1.4520,2025-10-13 19:11:25,446.0
0.5740,16.98,0.4620,97.1470,1.3040,2025-10-13 19:11:25,446.0
0.5910,16.8730,0.4590,97.15,1.4130,2025-10-13 19:11:25,446.0
0.5770,16.9520,0.4270,97.2780,1.4410,2025-10-13 19:11:25,446.0
0.5870,16.9740,0.3880,97.4080,1.4880,2025-10-13 19:11:25,446.0
0.58,17.0270,0.4760,96.9770,1.3840,2025-10-13 19:11:25,446.0
0.5710,17.0750,0.5210,96.9710,1.3330,2025-10-13 19:11:25,446.0
0.5960,16.9170,0.4230,97.1550,1.4140,2025-10-13 19:11:25,446.0
0.6120,16.9210,0.50,97.1390,1.5610,2025-10-13 19:11:25,446.0
0.5780,16.9210,0.4870,97.2070,1.43,2025-10-13 19:11:25,446.0
0.5920,17.0530,0.5740,96.9710,1.3880,2025-10-13 19:11:25,446.0
0.5620,16.9460,0.4580,96.9680,1.3450,2025-10-13 21:21:28,447.0
0.6170,16.8640,0.3960,97.1290,1.4460,2025-10-13 21:21:28,447.0
0.6040,17.0270,0.4270,97.0530,1.3750,2025-10-13 21:21:28,447.0
0.6040,16.98,0.5110,96.9880,1.4620,2025-10-13 21:21:28,447.0
0.5770,16.8140,0.3080,97.3210,1.4410,2025-10-13 21:21:28,447.0
0.5770,16.9990,0.56,97.0250,1.4570,2025-10-13 21:21:28,447.0
0.5920,17.0050,0.4830,97.1270,1.3970,2025-10-13 21:21:28,447.0
0.6160,17.1560,0.3920,97.0380,1.4520,2025-10-13 21:21:28,447.0
0.5680,16.9770,0.5320,97.1580,1.3870,2025-10-13 21:21:28,447.0
0.5910,16.9050,0.4440,97.1770,1.4510,2025-10-13 21:21:28,447.0
0.58,16.9960,0.4230,97.0060,1.2790,2025-10-13 21:21:28,447.0
0.5920,16.9990,0.4690,97.2630,1.4390,2025-10-13 21:21:28,447.0
0.5820,17.0240,0.43,97.1380,1.3240,2025-10-13 21:21:28,447.0
0.5980,17.0020,0.7110,96.9290,1.4430,2025-10-13 21:21:28,447.0
0.6010,17.0780,0.3890,96.9650,1.41,2025-10-13 21:21:28,447.0
0.5850,16.9430,0.4580,97.1640,1.3640,2025-10-13 21:21:28,447.0
0.5770,16.9550,0.5810,97.1440,1.3210,2025-10-13 21:21:28,447.0
0.57,16.8770,0.6340,97.1420,1.4060,2025-10-13 21:21:28,447.0
0.59,16.9140,0.4760,97.22,1.3950,2025-10-13 21:21:28,447.0
0.6010,17.0050,0.4520,97.0330,1.4690,2025-10-13 21:21:28,447.0
0.6210,17.0430,0.5110,97.4010,1.6260,2025-10-14 10:55:11,448.0
0.60,17.0490,0.5220,97.1350,1.41,2025-10-14 10:55:11,448.0
0.61,17.0240,0.5250,97.3390,1.4660,2025-10-14 10:55:11,448.0
0.5830,17.0180,0.4790,97.2680,1.3130,2025-10-14 10:55:11,448.0
0.6020,16.9520,0.5250,97.0530,1.4790,2025-10-14 10:55:11,448.0
0.6210,17.1220,0.4510,96.9460,1.4830,2025-10-14 10:55:11,448.0
0.5940,17.0240,0.6440,96.8750,1.3850,2025-10-14 10:55:11,448.0
0.5910,16.9740,0.4480,97.2390,1.4160,2025-10-14 10:55:11,448.0
0.5970,16.9460,0.49,97.2520,1.53,2025-10-14 10:55:11,448.0
0.6320,17.1340,0.5290,96.9340,1.51,2025-10-14 10:55:11,448.0
0.5910,16.9210,0.5150,97.3720,1.4560,2025-10-14 10:55:11,448.0
0.5860,17.04,0.63,96.8070,1.4120,2025-10-14 10:55:11,448.0
0.5940,17.0270,0.6090,97.1680,1.35,2025-10-14 10:55:11,448.0
0.5880,16.8860,0.5080,97.36,1.3720,2025-10-14 10:55:11,448.0
0.6020,16.9740,0.5180,97.1750,1.5050,2025-10-14 10:55:11,448.0
0.6050,17.0460,0.3530,96.9110,1.3750,2025-10-14 10:55:11,448.0
0.5860,17.0490,0.4790,97.1630,1.3110,2025-10-14 10:55:11,448.0
0.6020,16.9960,0.5530,96.9630,1.4780,2025-10-14 10:55:11,448.0
0.5850,16.9770,0.3740,97.0170,1.35,2025-10-14 10:55:11,448.0
0.6110,17.0120,0.5250,96.9440,1.4570,2025-10-14 10:55:11,448.0
0.59,16.9870,0.28,97.0320,1.4130,2025-10-14 12:50:14,449.0
0.5730,17.0150,0.2940,96.8980,1.3560,2025-10-14 12:50:14,449.0
0.6210,17.0020,0.5080,97.2870,1.4680,2025-10-14 12:50:14,449.0
0.5780,16.8450,0.5180,97.1660,1.3370,2025-10-14 12:50:14,449.0
0.5830,17.0970,0.4270,96.9970,1.3970,2025-10-14 12:50:14,449.0
0.5980,17.0340,0.3850,96.8830,1.4360,2025-10-14 12:50:14,449.0
0.5990,17.0180,0.4480,97.1080,1.4180,2025-10-14 12:50:14,449.0
0.5820,17.0020,0.4130,97.0540,1.3880,2025-10-14 12:50:14,449.0
0.5850,16.8830,0.4760,97.1270,1.3720,2025-10-14 12:50:14,449.0
0.5840,17.0710,0.5010,97.0290,1.4420,2025-10-14 12:50:14,449.0
0.5770,16.9680,0.41,96.9330,1.3240,2025-10-14 12:50:14,449.0
0.5810,16.98,0.6790,96.99,1.4190,2025-10-14 12:50:14,449.0
0.5770,16.8730,0.4940,97.0440,1.4310,2025-10-14 12:50:14,449.0
0.5970,16.9520,0.42,97.1910,1.4210,2025-10-14 12:50:14,449.0
0.59,16.8950,0.3610,97.20,1.4050,2025-10-14 12:50:14,449.0
0.5530,16.7980,0.5640,97.0840,1.3440,2025-10-14 12:50:14,449.0
0.5930,16.9330,0.4340,96.9740,1.4120,2025-10-14 12:50:14,449.0
0.5750,16.9110,0.4550,96.8770,1.3390,2025-10-14 12:50:14,449.0
0.5930,16.87,0.42,97.1840,1.4220,2025-10-14 12:50:14,449.0
0.6110,16.87,0.5110,97.0160,1.5220,2025-10-14 12:50:14,449.0
0.5760,16.9990,0.4440,97.1050,1.33,2025-10-14 18:55:22,450.0
0.5640,16.8480,0.6090,96.9040,1.3110,2025-10-14 18:55:22,450.0
0.5740,16.9110,0.5250,97.1670,1.3990,2025-10-14 18:55:22,450.0
0.5840,16.9460,0.3570,97.0670,1.3880,2025-10-14 18:55:22,450.0
0.5750,16.9110,0.6620,96.8750,1.4950,2025-10-14 18:55:22,450.0
0.6050,16.9140,0.6890,97.0120,1.4670,2025-10-14 18:55:22,450.0
0.5910,16.8860,0.4380,96.9020,1.4050,2025-10-14 18:55:22,450.0
0.6140,17.0020,0.4520,96.7010,1.40,2025-10-14 18:55:22,450.0
0.5810,16.8730,0.3640,97.1920,1.4170,2025-10-14 18:55:22,450.0
0.5720,16.9830,0.5640,97.1210,1.3970,2025-10-14 18:55:22,450.0
0.5570,16.9170,0.5850,97.1380,1.3520,2025-10-14 18:55:22,450.0
0.5690,16.9960,0.4060,97.0350,1.3940,2025-10-14 18:55:22,450.0
0.5970,16.8860,0.5210,97.1830,1.4150,2025-10-14 18:55:22,450.0
0.6170,17.0930,0.4650,96.8790,1.4040,2025-10-14 18:55:22,450.0
0.5840,16.9520,0.4830,97.14,1.5020,2025-10-14 18:55:22,450.0
0.5970,16.8770,0.6020,97.1660,1.4540,2025-10-14 18:55:22,450.0
0.5910,16.8510,0.5080,97.2190,1.5740,2025-10-14 18:55:22,450.0
0.5860,16.82,0.4580,97.2320,1.43,2025-10-14 18:55:22,450.0
0.6020,16.9270,0.56,96.8880,1.5150,2025-10-14 18:55:22,450.0
0.5940,17.0590,0.4860,97.0390,1.3720,2025-10-14 18:55:22,450.0
0.5830,16.9520,0.8120,97,1.3060,2025-10-14 21:20:26,451.0
0.5860,16.9960,0.6650,97.0730,1.3760,2025-10-14 21:20:26,451.0
0.5780,16.8990,0.3390,97.1210,1.3430,2025-10-14 21:20:26,451.0
0.59,16.8110,0.4730,97.1680,1.3590,2025-10-14 21:20:26,451.0
0.6030,16.8890,0.5080,97.2370,1.4990,2025-10-14 21:20:26,451.0
0.60,16.9520,0.5810,97.2880,1.4070,2025-10-14 21:20:26,451.0
0.5890,16.9580,0.4830,97.3540,1.4370,2025-10-14 21:20:26,451.0
0.5660,16.9170,0.5110,96.9840,1.3670,2025-10-14 21:20:26,451.0
0.5750,17.0430,0.6720,97.0220,1.2540,2025-10-14 21:20:26,451.0
0.5940,17.0020,0.5420,96.8760,1.3860,2025-10-14 21:20:26,451.0
0.60,17.0560,0.4660,96.8940,1.3630,2025-10-14 21:20:26,451.0
0.5770,17.0240,0.4550,96.9250,1.4240,2025-10-14 21:20:26,451.0
0.5730,17.0310,0.5430,96.8660,1.3110,2025-10-14 21:20:26,451.0
0.6080,16.8860,0.5390,97.2040,0.8060,2025-10-14 21:20:26,451.0
0.5850,16.9580,0.4790,97.1110,1.3880,2025-10-14 21:20:26,451.0
0.5830,16.9870,0.3740,97.2520,1.3310,2025-10-14 21:20:26,451.0
0.6050,16.9490,0.4870,97.0140,1.4170,2025-10-14 21:20:26,451.0
0.6060,17.0370,0.50,97.0240,1.3930,2025-10-14 21:20:26,451.0
0.5720,16.9610,0.5180,96.87,1.3560,2025-10-14 21:20:26,451.0
0.5740,16.8950,0.3950,97.1850,1.2550,2025-10-14 21:20:26,451.0
0.5840,16.8550,0.3430,97.0640,1.47,2025-10-15 15:25:12,452.0
0.6040,16.9740,0.4830,96.8740,1.4190,2025-10-15 15:25:12,452.0
0.5690,16.8110,0.34,97.3450,1.4720,2025-10-15 15:25:12,452.0
0.5710,16.9080,0.4240,96.8590,1.2720,2025-10-15 15:25:12,452.0
0.5740,16.7890,0.5040,97.1650,1.4220,2025-10-15 15:25:12,452.0
0.5890,16.8390,0.4480,97.1980,1.5390,2025-10-15 15:25:12,452.0
0.5980,16.8770,0.4130,96.9670,1.5460,2025-10-15 15:25:12,452.0
0.6030,16.9330,0.55,96.97,1.4570,2025-10-15 15:25:12,452.0
0.5970,16.9460,0.3880,97.1370,1.4980,2025-10-15 15:25:12,452.0
0.5850,16.8890,0.34,97.0510,1.4080,2025-10-15 15:25:12,452.0
0.5990,16.9210,0.3250,97.2160,1.4110,2025-10-15 15:25:12,452.0
0.5890,16.9390,0.4760,96.9840,1.3780,2025-10-15 15:25:12,452.0
0.5660,16.9360,0.4270,96.9250,1.4160,2025-10-15 15:25:12,452.0
0.5980,16.9210,0.5420,96.90,1.4430,2025-10-15 15:25:12,452.0
0.5830,16.8360,0.42,97.2470,1.4520,2025-10-15 15:25:12,452.0
0.5810,16.8450,0.4020,96.8960,1.3670,2025-10-15 15:25:12,452.0
0.5960,16.9390,0.4620,97.0390,1.4960,2025-10-15 15:25:12,452.0
0.5690,16.9330,0.4240,97.1260,1.34,2025-10-15 15:25:12,452.0
0.5810,16.9390,0.5630,96.9870,1.4250,2025-10-15 15:25:12,452.0
0.5750,16.8360,0.4620,96.9620,1.4470,2025-10-15 15:25:12,452.0
0.5960,16.9870,0.5080,97.2930,1.4150,2025-10-15 21:20:23,453.0
0.6030,17.0870,0.4060,96.8570,1.28,2025-10-15 21:20:23,453.0
0.6230,16.9390,0.3920,97.1450,1.52,2025-10-15 21:20:23,453.0
0.5890,17.0150,0.3950,97.1870,1.3970,2025-10-15 21:20:23,453.0
0.58,16.8990,0.3460,97.1340,1.4870,2025-10-15 21:20:23,453.0
0.6080,16.9580,0.4170,97.1710,1.4820,2025-10-15 21:20:23,453.0
0.59,16.9960,0.3850,97.0380,1.4680,2025-10-15 21:20:23,453.0
0.6020,16.9460,0.4480,97.0480,1.47,2025-10-15 21:20:23,453.0
0.5950,16.9080,0.3810,97.1690,1.5340,2025-10-15 21:20:23,453.0
0.5830,16.9460,0.5390,97.1460,1.41,2025-10-15 21:20:23,453.0
0.5990,17.0460,0.3150,97.2750,1.5090,2025-10-15 21:20:23,453.0
0.5930,16.8950,0.3670,97.1290,1.4280,2025-10-15 21:20:23,453.0
0.6040,16.9710,0.49,97.0340,1.4470,2025-10-15 21:20:23,453.0
0.5930,17.0930,0.4830,96.8860,1.3980,2025-10-15 21:20:23,453.0
0.6150,17.0020,0.41,96.8930,1.5210,2025-10-15 21:20:23,453.0
0.5870,16.9580,0.3710,96.9990,1.4760,2025-10-15 21:20:23,453.0
0.5660,17.0430,0.5530,97.0440,1.3580,2025-10-15 21:20:23,453.0
0.5760,16.93,0.4970,97.1990,1.4180,2025-10-15 21:20:23,453.0
0.57,17.0270,0.42,96.9930,1.4080,2025-10-15 21:20:23,453.0
0.5850,17.0370,0.3250,96.8840,1.4260,2025-10-15 21:20:23,453.0
0.5950,16.99,0.4550,96.9280,1.4250,2025-10-16 11:00:16,454.0
0.5890,17.0240,0.4580,97.0060,1.4770,2025-10-16 11:00:16,454.0
0.5790,16.8860,0.4310,97.3990,1.4620,2025-10-16 11:00:16,454.0
0.5970,16.99,0.3750,97.2880,1.4320,2025-10-16 11:00:16,454.0
0.6110,16.9110,0.3780,97.1790,1.4850,2025-10-16 11:00:16,454.0
0.6020,16.9740,0.4410,96.8840,1.4450,2025-10-16 11:00:16,454.0
0.6240,17.1370,0.4340,96.9020,1.4750,2025-10-16 11:00:16,454.0
0.5860,16.9140,0.3710,97.0070,1.4660,2025-10-16 11:00:16,454.0
0.5750,17.0020,0.43,96.8950,1.3560,2025-10-16 11:00:16,454.0
0.5660,16.9740,0.4270,97.1950,1.3350,2025-10-16 11:00:16,454.0
0.59,16.9680,0.4760,96.9610,1.46,2025-10-16 11:00:16,454.0
0.5620,16.9360,0.5010,96.9790,1.4040,2025-10-16 11:00:16,454.0
0.6080,16.9960,0.4310,97.0470,1.4820,2025-10-16 11:00:16,454.0
0.5830,16.7570,0.3360,97.3860,1.4540,2025-10-16 11:00:16,454.0
0.5930,16.8550,0.2980,97.1670,1.4520,2025-10-16 11:00:16,454.0
0.5640,16.8920,0.4760,97.4220,1.3180,2025-10-16 11:00:16,454.0
0.5960,16.9330,0.3640,97.1440,1.4640,2025-10-16 11:00:16,454.0
0.5810,16.9740,0.4170,97.2040,1.4130,2025-10-16 11:00:16,454.0
0.5880,16.8890,0.4480,97.2990,1.4130,2025-10-16 11:00:16,454.0
0.5830,16.9170,0.5350,97.0850,1.4380,2025-10-16 11:00:16,454.0
0.6060,16.87,0.4970,97.1390,1.3820,2025-10-16 12:50:18,455.0
0.6040,16.9080,0.29,96.8320,1.4930,2025-10-16 12:50:18,455.0
0.6040,16.9870,0.3780,97.0270,1.4330,2025-10-16 12:50:18,455.0
0.5660,16.9610,0.4020,96.9790,1.3780,2025-10-16 12:50:18,455.0
0.5960,16.9520,0.5180,97.1140,1.4990,2025-10-16 12:50:18,455.0
0.5930,16.9360,0.5530,97.08,1.4390,2025-10-16 12:50:18,455.0
0.5660,16.8580,0.4580,97.1790,1.4360,2025-10-16 12:50:18,455.0
0.6090,17.1190,0.4170,96.8950,1.4540,2025-10-16 12:50:18,455.0
0.58,16.8450,0.5150,97.0570,1.4270,2025-10-16 12:50:18,455.0
0.58,17.0090,0.4060,97.2810,1.4310,2025-10-16 12:50:18,455.0
0.5760,16.8920,0.41,97.2110,1.4310,2025-10-16 12:50:18,455.0
0.5990,16.9170,0.3430,97.4080,1.4750,2025-10-16 12:50:18,455.0
0.5970,17.0680,0.5150,96.9540,1.5190,2025-10-16 12:50:18,455.0
0.5730,16.9110,0.3050,97.2390,1.38,2025-10-16 12:50:18,455.0
0.5860,16.9680,0.4060,96.8870,1.4880,2025-10-16 12:50:18,455.0
0.5680,16.98,0.3220,97.1680,1.4290,2025-10-16 12:50:18,455.0
0.5890,16.8920,0.2940,97.1990,1.4260,2025-10-16 12:50:18,455.0
0.5830,16.9460,0.5530,97.1810,1.5380,2025-10-16 12:50:18,455.0
0.5960,16.9650,0.4060,97.3390,1.4420,2025-10-16 12:50:18,455.0
0.5790,16.9430,0.4090,97.1030,1.3870,2025-10-16 12:50:18,455.0
0.5950,17.0680,0.4730,96.9560,1.4720,2025-10-16 21:20:34,456.0
0.5680,17.0020,0.3810,97.1330,1.3020,2025-10-16 21:20:34,456.0
0.6130,17.1280,0.5350,97.1720,1.4690,2025-10-16 21:20:34,456.0
0.6190,16.9390,0.4730,96.9560,1.5020,2025-10-16 21:20:34,456.0
0.5980,16.9110,0.5640,96.8990,1.3750,2025-10-16 21:20:34,456.0
0.6010,17.0780,0.5250,97.0760,1.4550,2025-10-16 21:20:34,456.0
0.6010,16.9680,0.5570,96.9250,1.4520,2025-10-16 21:20:34,456.0
0.5890,17.0490,0.5850,97.2310,1.3950,2025-10-16 21:20:34,456.0
0.6150,17.0560,0.50,96.9190,1.42,2025-10-16 21:20:34,456.0
0.6440,17.1370,0.4590,97.0630,1.5140,2025-10-16 21:20:34,456.0
0.5940,17.0180,0.6160,97.0320,1.4870,2025-10-16 21:20:34,456.0
0.5660,17.0590,0.5640,97.1890,1.2530,2025-10-16 21:20:34,456.0
0.5650,16.8920,0.5770,97.1510,1.3780,2025-10-16 21:20:34,456.0
0.5840,17.0150,0.3810,97.1070,1.48,2025-10-16 21:20:34,456.0
0.57,17.1410,0.3610,96.9740,1.2770,2025-10-16 21:20:34,456.0
0.6020,17.1120,0.3710,97.1260,1.3520,2025-10-16 21:20:34,456.0
0.5880,16.9610,0.4130,97.1560,1.4850,2025-10-16 21:20:34,456.0
0.58,17.0530,0.5530,97.1940,1.2660,2025-10-16 21:20:34,456.0
0.5840,17.0650,0.3850,96.9750,1.3850,2025-10-16 21:20:34,456.0
0.5820,16.9960,0.35,97.1580,1.4790,2025-10-16 21:20:34,456.0
0.6090,16.9930,0.4130,96.9920,1.6610,2025-10-17 12:50:28,457.0
0.5860,16.8730,0.3990,96.9280,1.4470,2025-10-17 12:50:28,457.0
0.59,16.9520,0.4790,97.26,1.5150,2025-10-17 12:50:28,457.0
0.5980,16.8890,0.4520,96.9930,1.4470,2025-10-17 12:50:28,457.0
0.5980,16.8890,0.6120,97.0240,1.4410,2025-10-17 12:50:28,457.0
0.5890,16.9770,0.5980,96.94,1.4490,2025-10-17 12:50:28,457.0
0.6040,17.0150,0.4020,97.2210,1.5140,2025-10-17 12:50:28,457.0
0.6110,16.9170,0.4620,97.2470,1.5590,2025-10-17 12:50:28,457.0
0.5870,16.9330,0.5320,96.97,1.4790,2025-10-17 12:50:28,457.0
0.5970,16.9170,0.5290,97.32,1.6770,2025-10-17 12:50:28,457.0
0.5940,17.0020,0.50,97.0060,1.4220,2025-10-17 12:50:28,457.0
0.5880,16.8670,0.4790,97.1780,1.4720,2025-10-17 12:50:28,457.0
0.6010,16.8860,0.5390,96.8820,1.50,2025-10-17 12:50:28,457.0
0.5820,16.9430,0.5280,96.9370,1.40,2025-10-17 12:50:28,457.0
0.5940,16.9430,0.55,97.20,1.5020,2025-10-17 12:50:28,457.0
0.5970,16.9610,0.5530,97.1940,1.5060,2025-10-17 12:50:28,457.0
0.6190,17.0340,0.3960,96.9190,1.5150,2025-10-17 12:50:28,457.0
0.5770,16.98,0.5320,97.3250,1.4370,2025-10-17 12:50:28,457.0
0.5920,17.04,0.4830,97.2920,1.4910,2025-10-17 12:50:28,457.0
0.5770,17.0020,0.2940,97.2060,1.5440,2025-10-17 12:50:28,457.0
0.5740,16.88,0.5390,97.1430,1.4620,2025-10-17 19:10:42,458.0
0.5750,17.0430,0.4130,97.1750,1.4310,2025-10-17 19:10:42,458.0
0.5830,16.9170,0.3960,97.2650,1.46,2025-10-17 19:10:42,458.0
0.5790,16.9610,0.3110,97.1320,1.4330,2025-10-17 19:10:42,458.0
0.5810,16.9550,0.5810,96.9870,1.4590,2025-10-17 19:10:42,458.0
0.5680,16.9710,0.4240,97.2140,1.3910,2025-10-17 19:10:42,458.0
0.6040,16.9140,0.5460,96.9960,1.4830,2025-10-17 19:10:42,458.0
0.5910,17.0050,0.3430,97.1950,1.4660,2025-10-17 19:10:42,458.0
0.5590,16.9520,0.4410,96.9620,0.0230,2025-10-17 19:10:42,458.0
0.5620,16.9110,0.3990,97.2310,1.3980,2025-10-17 19:10:42,458.0
0.5790,17.0240,0.4380,97.2220,1.3840,2025-10-17 19:10:42,458.0
0.5810,16.9680,0.3920,97.20,1.41,2025-10-17 19:10:42,458.0
0.61,16.8990,0.3880,96.8990,1.49,2025-10-17 19:10:42,458.0
0.5510,16.9210,0.34,97.2630,1.3560,2025-10-17 19:10:42,458.0
0.6060,16.9830,0.3460,97.0860,1.4470,2025-10-17 19:10:42,458.0
0.5980,17.0460,0.5110,97.0860,1.50,2025-10-17 19:10:42,458.0
0.5580,16.88,0.5880,97.20,1.3980,2025-10-17 19:10:42,458.0
0.5860,16.9830,0.4730,97.1680,1.4830,2025-10-17 19:10:42,458.0
0.5820,16.8920,0.5670,97.0030,1.3870,2025-10-17 19:10:42,458.0
0.5750,17.0840,0.3750,97.0360,1.4820,2025-10-17 19:10:42,458.0
0.5760,16.9240,0.5290,97.0580,1.4580,2025-10-17 21:35:51,459.0
0.5780,16.9430,0.5080,96.9750,1.4150,2025-10-17 21:35:51,459.0
0.5680,16.9330,0.5070,97.1850,1.3410,2025-10-17 21:35:51,459.0
0.5840,16.8670,0.3610,97.1420,1.4340,2025-10-17 21:35:51,459.0
0.6110,16.9430,0.5010,97.2030,1.40,2025-10-17 21:35:51,459.0
0.5950,16.8920,0.4410,97.2710,1.4340,2025-10-17 21:35:51,459.0
0.5980,16.8950,0.5320,97.0220,1.4790,2025-10-17 21:35:51,459.0
0.5920,16.98,0.3250,97.1830,1.4740,2025-10-17 21:35:51,459.0
0.5840,16.9490,0.4830,97.0650,1.4070,2025-10-17 21:35:51,459.0
0.5780,16.8610,0.3080,97.2520,1.5390,2025-10-17 21:35:51,459.0
0.5720,16.9680,0.35,97.0040,1.3360,2025-10-17 21:35:51,459.0
0.5770,16.8670,0.5390,96.9010,1.4550,2025-10-17 21:35:51,459.0
0.5890,16.9110,0.3220,97.1950,1.4190,2025-10-17 21:35:51,459.0
0.60,16.9140,0.35,96.98,1.4870,2025-10-17 21:35:51,459.0
0.5630,16.9430,0.3670,97.1360,1.39,2025-10-17 21:35:51,459.0
0.5520,16.8920,0.35,97.1210,1.4120,2025-10-17 21:35:51,459.0
0.5590,16.9240,0.3460,97.3670,1.4040,2025-10-17 21:35:51,459.0
0.6030,17.0240,0.42,96.9010,1.54,2025-10-17 21:35:51,459.0
0.5850,16.9080,0.2940,97.1720,1.4340,2025-10-17 21:35:51,459.0
0.5660,16.9520,0.6160,97.2370,1.4740,2025-10-17 21:35:51,459.0
0.6150,17.0340,0.5010,97.29,1.4830,2025-10-20 11:21:38,460.0
0.5820,16.8640,0.4060,97.2060,1.4710,2025-10-20 11:21:38,460.0
0.5570,16.9080,0.4860,96.98,1.4340,2025-10-20 11:21:38,460.0
0.6030,16.9830,0.5740,96.9840,1.5180,2025-10-20 11:21:38,460.0
0.57,16.9240,0.6270,97.1560,1.4120,2025-10-20 11:21:38,460.0
0.56,16.9110,0.4450,97.2290,1.4010,2025-10-20 11:21:38,460.0
0.5770,16.9390,0.5530,97.2240,1.4260,2025-10-20 11:21:38,460.0
0.5840,16.87,0.4230,96.9960,1.3840,2025-10-20 11:21:38,460.0
0.5620,16.9930,0.3080,96.9240,1.3860,2025-10-20 11:21:38,460.0
0.5550,16.8610,0.4230,97.3390,1.3710,2025-10-20 11:21:38,460.0
0.5470,16.9210,0.4380,97.1880,1.35,2025-10-20 11:21:38,460.0
0.5690,16.8860,0.4940,96.9050,1.4070,2025-10-20 11:21:38,460.0
0.57,16.8670,0.4690,97.1970,1.4450,2025-10-20 11:21:38,460.0
0.5760,16.8550,0.4480,96.8870,1.3460,2025-10-20 11:21:38,460.0
0.6010,16.8990,0.5010,97.0120,1.4610,2025-10-20 11:21:38,460.0
0.5860,16.9830,0.6790,97.2350,1.4630,2025-10-20 11:21:38,460.0
0.5670,17.0240,0.55,97.0830,1.3590,2025-10-20 11:21:38,460.0
0.5830,16.9680,0.4760,97.2370,1.3560,2025-10-20 11:21:38,460.0
0.5740,16.9330,0.3120,97.1320,1.3470,2025-10-20 11:21:38,460.0
0.6040,17.0150,0.4310,96.9240,1.4280,2025-10-20 11:21:38,460.0
0.5820,17.0340,0.5070,97.2020,1.6450,2025-10-20 13:01:41,461.0
0.5890,17.0780,0.62,96.9960,1.4610,2025-10-20 13:01:41,461.0
0.5970,16.8890,0.4660,96.9560,1.5380,2025-10-20 13:01:41,461.0
0.5570,17.0210,0.6620,96.9190,1.3650,2025-10-20 13:01:41,461.0
0.5950,16.8170,0.5150,97.22,1.4490,2025-10-20 13:01:41,461.0
0.5730,17.0460,0.55,96.8850,1.3970,2025-10-20 13:01:41,461.0
0.5910,17.0560,0.5770,97.17,1.4450,2025-10-20 13:01:41,461.0
0.6030,17.1590,0.4550,96.9210,1.4290,2025-10-20 13:01:41,461.0
0.5770,17.0120,0.4550,96.9120,1.4460,2025-10-20 13:01:41,461.0
0.5820,16.9770,0.4340,97.15,1.4460,2025-10-20 13:01:41,461.0
0.5950,17.0180,0.3710,97.0960,1.3880,2025-10-20 13:01:41,461.0
0.5470,16.9140,0.3780,97.0690,1.3870,2025-10-20 13:01:41,461.0
0.5850,16.9330,0.5250,97.1860,1.5140,2025-10-20 13:01:41,461.0
0.5730,16.9680,0.5810,97.1810,1.4560,2025-10-20 13:01:41,461.0
0.5740,16.9240,0.3810,97.1520,1.3780,2025-10-20 13:01:41,461.0
0.6050,17.0050,0.4860,96.8630,1.4190,2025-10-20 13:01:41,461.0
0.5830,16.9580,0.3460,96.8630,1.4570,2025-10-20 13:01:41,461.0
0.5930,16.9610,0.56,97.1610,1.5590,2025-10-20 13:01:41,461.0
0.6040,17.0370,0.5530,97.2290,1.3970,2025-10-20 13:01:41,461.0
0.5830,16.9490,0.4580,97.0370,1.4590,2025-10-20 19:11:50,462.0
0.5860,16.9830,0.2910,96.9680,1.4450,2025-10-20 19:11:50,462.0
0.5870,16.9960,0.4130,96.9220,1.3760,2025-10-20 19:11:50,462.0
0.5830,16.88,0.5560,97.2470,1.4760,2025-10-20 19:11:50,462.0
0.5680,16.8990,0.4970,96.9740,1.4210,2025-10-20 19:11:50,462.0
0.5930,17.0240,0.4410,97.0790,1.38,2025-10-20 19:11:50,462.0
0.6050,16.9430,0.6680,97.1590,1.4730,2025-10-20 19:11:50,462.0
0.5710,16.9740,0.5670,96.8910,1.4060,2025-10-20 19:11:50,462.0
0.57,16.8830,0.4730,96.8230,1.4260,2025-10-20 19:11:50,462.0
0.6010,16.93,0.5320,96.9290,1.4530,2025-10-20 19:11:50,462.0
0.56,16.9140,0.4340,97.09,1.4050,2025-10-20 19:11:50,462.0
0.5690,16.9080,0.42,97.15,1.3980,2025-10-20 19:11:50,462.0
0.5930,16.9240,0.4830,96.9530,1.4520,2025-10-20 19:11:50,462.0
0.5810,16.9870,0.4060,96.8990,1.4090,2025-10-20 19:11:50,462.0
0.61,16.9490,0.3360,97.1040,1.55,2025-10-20 19:11:50,462.0
0.5880,16.93,0.5460,97.0360,1.4140,2025-10-20 19:11:50,462.0
0.6050,16.9110,0.5210,96.8850,1.4480,2025-10-20 19:11:50,462.0
0.5970,16.9210,0.3950,97.1690,1.6050,2025-10-20 19:11:50,462.0
0.5780,16.9020,0.49,97.0170,1.4910,2025-10-20 19:11:50,462.0
0.59,16.9080,0.4970,97.40,1.4750,2025-10-20 19:11:50,462.0
0.6230,16.9770,0.3470,96.9710,1.5260,2025-10-20 21:16:54,463.0
0.59,16.9550,0.2590,96.9360,1.4230,2025-10-20 21:16:54,463.0
0.6050,16.9490,0.4480,97.4070,1.5260,2025-10-20 21:16:54,463.0
0.5780,16.98,0.5710,96.8840,1.5240,2025-10-20 21:16:54,463.0
0.5920,16.9270,0.2690,97.3850,1.4970,2025-10-20 21:16:54,463.0
0.5740,16.88,0.3470,97.4140,1.4380,2025-10-20 21:16:54,463.0
0.59,16.9110,0.4720,96.9780,1.4290,2025-10-20 21:16:54,463.0
0.5810,16.8950,0.4970,97.1960,1.4180,2025-10-20 21:16:54,463.0
0.5860,16.8890,0.4660,97.2480,1.4660,2025-10-20 21:16:54,463.0
0.5720,16.8170,0.3610,97.3330,1.4810,2025-10-20 21:16:54,463.0
0.5850,16.83,0.4480,97.3440,1.4420,2025-10-20 21:16:54,463.0
0.57,16.8420,0.3780,97.2580,1.4520,2025-10-20 21:16:54,463.0
0.5880,16.9650,0.4240,96.9680,1.4660,2025-10-20 21:16:54,463.0
0.5810,16.9270,0.42,96.9650,1.45,2025-10-20 21:16:54,463.0
0.5840,17.0020,0.5560,96.8850,1.4970,2025-10-20 21:16:54,463.0
0.5870,16.9050,0.4550,97.0020,1.4780,2025-10-20 21:16:54,463.0
0.5880,16.99,0.5250,96.9810,1.5210,2025-10-20 21:16:54,463.0
0.5930,16.88,0.4270,97.0030,1.42,2025-10-20 21:16:54,463.0
0.5770,16.9360,0.4830,97.1940,1.4640,2025-10-20 21:16:54,463.0
0.5870,16.8770,0.3880,97.4090,1.4060,2025-10-20 21:16:54,463.0
0.5610,16.9430,0.5640,96.9880,1.45,2025-10-21 10:32:36,464.0
0.5750,16.9580,0.3670,96.9140,1.4650,2025-10-21 10:32:36,464.0
0.6030,16.9050,0.3990,97.2630,1.4290,2025-10-21 10:32:36,464.0
0.5980,17.0020,0.3570,97.1280,1.4680,2025-10-21 10:32:36,464.0
0.5940,16.9960,0.35,96.9080,1.34,2025-10-21 10:32:36,464.0
0.6030,16.9430,0.4870,97.2140,1.3530,2025-10-21 10:32:36,464.0
0.5960,16.8890,0.56,97.3610,0.0190,2025-10-21 10:32:36,464.0
0.59,16.9830,0.3250,96.8930,1.4290,2025-10-21 10:32:36,464.0
0.6060,17.0780,0.5210,97.2720,1.5460,2025-10-21 10:32:36,464.0
0.5790,16.9330,0.43,97.17,1.3610,2025-10-21 10:32:36,464.0
0.5960,16.9020,0.3050,97.0510,1.4780,2025-10-21 10:32:36,464.0
0.5720,16.9460,0.3670,96.9690,1.4570,2025-10-21 10:32:36,464.0
0.5780,17.0430,0.5530,97.1360,1.4240,2025-10-21 10:32:36,464.0
0.5850,16.8580,0.4440,97.2370,1.37,2025-10-21 10:32:36,464.0
0.5920,16.8260,0.35,97.1120,1.4430,2025-10-21 10:32:36,464.0
0.5910,16.9550,0.4870,97.0490,1.3390,2025-10-21 10:32:36,464.0
0.6150,17.0150,0.3320,96.9850,1.4660,2025-10-21 10:32:36,464.0
0.5810,16.9240,0.3740,97.15,1.3710,2025-10-21 10:32:36,464.0
0.5940,16.99,0.3710,96.9080,1.4350,2025-10-21 10:32:36,464.0
0.5720,16.8510,0.5740,96.9870,1.3390,2025-10-21 10:32:36,464.0
0.5870,16.9650,0.3110,97.1570,1.3790,2025-10-21 19:02:47,465.0
0.5870,16.9490,0.42,97.0270,1.4710,2025-10-21 19:02:47,465.0
0.5770,17.1340,0.3710,96.9560,1.4290,2025-10-21 19:02:47,465.0
0.58,16.8730,0.3710,97.0180,1.4270,2025-10-21 19:02:47,465.0
0.6070,17.0490,0.5040,96.9740,1.4740,2025-10-21 19:02:47,465.0
0.5850,17.0090,0.3850,96.9570,1.4360,2025-10-21 19:02:47,465.0
0.5590,17.0120,0.4970,97.1480,1.3550,2025-10-21 19:02:47,465.0
0.5630,17.0020,0.4970,97.1190,1.4380,2025-10-21 19:02:47,465.0
0.5890,16.98,0.4480,97.0190,1.3740,2025-10-21 19:02:47,465.0
0.5830,16.9240,0.5530,97.1510,1.4430,2025-10-21 19:02:47,465.0
0.6370,16.9960,0.4830,96.8780,1.44,2025-10-21 19:02:47,465.0
0.5950,17.0180,0.5070,97.0960,1.4420,2025-10-21 19:02:47,465.0
0.5770,16.9460,0.4340,97.0110,1.4880,2025-10-21 19:02:47,465.0
0.5810,17.0240,0.5390,96.9830,1.3770,2025-10-21 19:02:47,465.0
0.5750,16.9430,0.5390,96.9790,1.3490,2025-10-21 19:02:47,465.0
0.5840,16.9490,0.5080,96.9670,1.4940,2025-10-21 19:02:47,465.0
0.5780,17.1410,0.4270,96.8730,1.3460,2025-10-21 19:02:47,465.0
0.5810,16.9460,0.5180,96.9880,1.4680,2025-10-21 19:02:47,465.0
0.5640,16.8330,0.4830,96.9720,1.4680,2025-10-21 19:02:47,465.0
0.5810,17.2470,0.6580,97.0070,1.4050,2025-10-21 19:02:47,465.0
0.5840,16.8420,0.41,96.9720,1.37,2025-10-21 21:22:50,466.0
0.5870,16.9330,0.5210,96.9840,1.5010,2025-10-21 21:22:50,466.0
0.59,17.0090,0.5360,97.0370,1.5330,2025-10-21 21:22:50,466.0
0.6010,17.0020,0.5040,97.26,1.5160,2025-10-21 21:22:50,466.0
0.5950,16.88,0.4020,97.1520,1.5430,2025-10-21 21:22:50,466.0
0.5620,16.7670,0.4020,97.1720,1.3950,2025-10-21 21:22:50,466.0
0.5980,17.0210,0.4620,97.2110,1.4690,2025-10-21 21:22:50,466.0
0.5940,16.9080,0.5110,97.1540,1.6030,2025-10-21 21:22:50,466.0
0.6160,16.9650,0.5220,97.0180,1.5410,2025-10-21 21:22:50,466.0
0.5640,16.9710,0.4410,96.9650,1.4310,2025-10-21 21:22:50,466.0
0.5650,16.9330,0.4380,96.9930,1.4240,2025-10-21 21:22:50,466.0
0.56,16.87,0.5220,97.1370,1.4840,2025-10-21 21:22:50,466.0
0.5720,16.9360,0.3950,97.1420,1.4530,2025-10-21 21:22:50,466.0
0.5840,16.9680,0.3950,97.1520,1.4490,2025-10-21 21:22:50,466.0
0.58,16.9580,0.3950,97.0070,1.4630,2025-10-21 21:22:50,466.0
0.5810,16.9390,0.6090,97.0030,1.4890,2025-10-21 21:22:50,466.0
0.5660,16.9430,0.3430,96.9870,1.39,2025-10-21 21:22:50,466.0
0.58,16.9990,0.4970,97.1540,1.4480,2025-10-21 21:22:50,466.0
0.5910,17.0210,0.5250,97.05,1.4880,2025-10-21 21:22:50,466.0
0.5910,17.0650,0.5180,97.0530,1.4370,2025-10-21 21:22:50,466.0
0.5630,16.8730,0.3890,97.1170,1.3680,2025-10-22 13:04:28,467.0
0.5830,16.99,0.3850,97.3030,1.36,2025-10-22 13:04:28,467.0
0.6040,17.1370,0.6060,96.8790,1.4240,2025-10-22 13:04:28,467.0
0.5990,17.0780,0.3990,97.2060,1.4780,2025-10-22 13:04:28,467.0
0.5790,17.0870,0.3360,96.9220,1.4110,2025-10-22 13:04:28,467.0
0.6270,17.0840,0.4440,97.0050,1.43,2025-10-22 13:04:28,467.0
0.5750,17.0340,0.3220,97.1840,1.3260,2025-10-22 13:04:28,467.0
0.5850,17.1470,0.4760,97.0560,1.3680,2025-10-22 13:04:28,467.0
0.5830,17.0650,0.4940,96.9430,1.4590,2025-10-22 13:04:28,467.0
0.5740,17.1250,0.5640,96.9220,1.4050,2025-10-22 13:04:28,467.0
0.5750,17.0340,0.2520,97.13,1.3690,2025-10-22 13:04:28,467.0
0.5760,16.9930,0.34,96.98,1.37,2025-10-22 13:04:28,467.0
0.5790,16.9460,0.4410,97.1890,1.4010,2025-10-22 13:04:28,467.0
0.5910,17.1470,0.5570,97.1510,1.5120,2025-10-22 13:04:28,467.0
0.5890,16.9990,0.35,97.1960,1.4550,2025-10-22 13:04:28,467.0
0.5650,17.0490,0.5040,97.0650,1.3340,2025-10-22 13:04:28,467.0
0.5730,17.0180,0.5220,96.96,1.3950,2025-10-22 13:04:28,467.0
0.5580,17.0270,0.5010,97.0820,1.3490,2025-10-22 13:04:28,467.0
0.5840,17.0650,0.49,96.9040,1.4230,2025-10-22 13:04:28,467.0
0.5710,16.9710,0.4790,97.3250,1.3690,2025-10-22 13:04:28,467.0
0.5680,17.0180,0.4060,96.9550,1.42,2025-10-22 19:09:40,468.0
0.58,17.0680,0.3610,97.1860,1.2550,2025-10-22 19:09:40,468.0
0.5880,16.9650,0.3960,97.3340,1.4430,2025-10-22 19:09:40,468.0
0.5660,16.7950,0.3430,97.2330,1.3340,2025-10-22 19:09:40,468.0
0.6030,16.9550,0.3360,97.0510,1.4850,2025-10-22 19:09:40,468.0
0.5780,16.9170,0.4970,97.1930,1.3990,2025-10-22 19:09:40,468.0
0.61,17.0210,0.42,97.3130,1.4480,2025-10-22 19:09:40,468.0
0.5770,16.8110,0.3920,97.2530,1.4580,2025-10-22 19:09:40,468.0
0.5960,16.9050,0.5220,97.19,1.45,2025-10-22 19:09:40,468.0
0.5720,16.9610,0.4060,97.2070,1.3260,2025-10-22 19:09:40,468.0
0.6020,17.0090,0.4440,97.2510,1.4590,2025-10-22 19:09:40,468.0
0.5760,16.9520,0.4170,97.1090,1.4310,2025-10-22 19:09:40,468.0
0.5920,16.9960,0.3570,97.06,1.4260,2025-10-22 19:09:40,468.0
0.5830,16.9740,0.3290,97.0440,1.4660,2025-10-22 19:09:40,468.0
0.5770,17.0370,0.5040,97.1290,1.4560,2025-10-22 19:09:40,468.0
0.6020,16.9650,0.3750,97.1190,1.49,2025-10-22 19:09:40,468.0
0.59,16.9740,0.3710,97.1060,1.3670,2025-10-22 19:09:40,468.0
0.5620,16.9140,0.5220,97.2280,1.3790,2025-10-22 19:09:40,468.0
0.5820,17.0120,0.3010,97.0260,1.4340,2025-10-22 19:09:40,468.0
0.5710,16.8670,0.3080,97.1130,1.4640,2025-10-22 19:09:40,468.0
0.6090,16.9990,0.6020,97.2370,1.5220,2025-10-22 21:19:44,469.0
0.5750,16.9710,0.5850,97.0440,1.4510,2025-10-22 21:19:44,469.0
0.5920,16.99,0.5280,96.8750,1.4440,2025-10-22 21:19:44,469.0
0.5790,16.9680,0.3640,96.9810,1.4670,2025-10-22 21:19:44,469.0
0.61,17.0930,0.50,97.0690,1.47,2025-10-22 21:19:44,469.0
0.5920,17.0460,0.4660,97.1790,1.4290,2025-10-22 21:19:44,469.0
0.5790,17.1060,0.2280,97.1880,1.41,2025-10-22 21:19:44,469.0
0.5770,16.9650,0.3050,96.9360,1.3770,2025-10-22 21:19:44,469.0
0.5780,17.0150,0.3750,96.9130,1.3910,2025-10-22 21:19:44,469.0
0.5930,16.9710,0.4790,97.02,1.4180,2025-10-22 21:19:44,469.0
0.58,16.9710,0.3220,96.8040,1.3820,2025-10-22 21:19:44,469.0
0.5860,16.98,0.5740,96.9660,1.4520,2025-10-22 21:19:44,469.0
0.6060,16.9770,0.5320,97.1430,1.5480,2025-10-22 21:19:44,469.0
0.5950,16.9650,0.3670,97.06,1.4270,2025-10-22 21:19:44,469.0
0.6030,17.0270,0.4270,97.0740,1.4560,2025-10-22 21:19:44,469.0
0.5520,16.9110,0.4310,97.3940,1.4140,2025-10-22 21:19:44,469.0
0.5440,16.9990,0.4090,97.19,1.3750,2025-10-22 21:19:44,469.0
0.5890,16.7920,0.34,97.0510,1.4670,2025-10-22 21:19:44,469.0
0.5730,17.0240,0.2450,96.9730,1.3220,2025-10-22 21:19:44,469.0
0.5660,17.0530,0.3750,97.1070,1.4950,2025-10-22 21:19:44,469.0
0.59,17.0020,0.50,97.0760,1.5230,2025-10-23 10:46:11,470.0
0.6010,16.9740,0.3680,96.9420,1.5290,2025-10-23 10:46:11,470.0
0.5930,17.0310,0.5530,96.98,1.4230,2025-10-23 10:46:11,470.0
0.5820,17.1280,0.3010,97.4040,1.4330,2025-10-23 10:46:11,470.0
0.60,17.0750,0.2170,96.9960,1.5410,2025-10-23 10:46:11,470.0
0.56,17.04,0.3920,96.8460,1.3460,2025-10-23 10:46:11,470.0
0.5930,17.0970,0.41,96.9640,1.50,2025-10-23 10:46:11,470.0
0.5930,16.9830,0.4270,97.1350,1.5570,2025-10-23 10:46:11,470.0
0.5730,17.0240,0.3640,97.0170,1.3730,2025-10-23 10:46:11,470.0
0.5820,16.9360,0.5810,97.1530,1.4930,2025-10-23 10:46:11,470.0
0.5760,16.9140,0.4380,96.9370,1.4980,2025-10-23 10:46:11,470.0
0.6010,17.0460,0.3220,97.0450,1.5130,2025-10-23 10:46:11,470.0
0.5710,17.0530,0.3220,97.1080,1.4590,2025-10-23 10:46:11,470.0
0.5840,17.0930,0.3360,97.0110,1.4250,2025-10-23 10:46:11,470.0
0.59,17.1470,0.5360,97.05,1.48,2025-10-23 10:46:11,470.0
0.6010,16.9960,0.6440,97.0070,1.45,2025-10-23 10:46:11,470.0
0.5820,17.0460,0.3850,97.0970,1.4490,2025-10-23 10:46:11,470.0
0.5770,17.0020,0.5880,96.9410,1.4750,2025-10-23 10:46:11,470.0
0.5850,17.0090,0.4970,96.9740,1.4930,2025-10-23 10:46:11,470.0
0.5950,17.0210,0.4060,97.0920,1.4620,2025-10-23 10:46:11,470.0
0.58,16.9610,0.5390,97.2770,1.4970,2025-10-23 13:01:14,471.0
0.5850,17.0650,0.3570,97.1790,1.4130,2025-10-23 13:01:14,471.0
0.5880,17.0150,0.6860,96.9580,1.4680,2025-10-23 13:01:14,471.0
0.5610,16.9520,0.5320,97.0510,1.3670,2025-10-23 13:01:14,471.0
0.5860,17.0930,0.2940,97.2230,1.4380,2025-10-23 13:01:14,471.0
0.5870,17.0840,0.4620,96.9270,1.3270,2025-10-23 13:01:14,471.0
0.5730,17.0560,0.50,97.1470,1.3980,2025-10-23 13:01:14,471.0
0.5850,16.9680,0.2660,97.0120,1.4990,2025-10-23 13:01:14,471.0
0.5880,16.9520,0.6760,96.8180,1.4390,2025-10-23 13:01:14,471.0
0.5950,17.04,0.3080,97.39,1.5410,2025-10-23 13:01:14,471.0
0.6120,16.9830,0.4550,97.0190,1.3560,2025-10-23 13:01:14,471.0
0.5850,17.0490,0.5320,96.94,1.4720,2025-10-23 13:01:14,471.0
0.5790,16.9210,0.3360,97.0840,1.4730,2025-10-23 13:01:14,471.0
0.5920,17.0590,0.5180,97.1450,1.4390,2025-10-23 13:01:14,471.0
0.59,17.0050,0.3990,97.0870,1.55,2025-10-23 13:01:14,471.0
0.6020,16.98,0.4660,96.9920,1.4330,2025-10-23 13:01:14,471.0
0.5690,16.9650,0.4660,97.1630,1.4810,2025-10-23 13:01:14,471.0
0.5770,16.9930,0.42,97.1320,1.4650,2025-10-23 13:01:14,471.0
0.5770,17.0270,0.5110,97.0860,1.4340,2025-10-23 13:01:14,471.0
0.5790,17.0020,0.5180,97.1710,1.4130,2025-10-23 13:01:14,471.0
0.59,16.9610,0.3360,96.9360,1.4240,2025-10-23 21:16:23,472.0
0.5790,16.9360,0.5250,96.9590,1.3910,2025-10-23 21:16:23,472.0
0.5920,16.9240,0.7210,97.0770,1.4450,2025-10-23 21:16:23,472.0
0.6030,16.9650,0.4940,97.0030,1.4940,2025-10-23 21:16:23,472.0
0.5930,16.9930,0.3890,97.1690,1.4420,2025-10-23 21:16:23,472.0
0.5830,16.9390,0.4270,97.2710,1.4560,2025-10-23 21:16:23,472.0
0.5850,17.0020,0.4970,97.1710,1.53,2025-10-23 21:16:23,472.0
0.5990,17.0240,0.3250,97.1110,1.5270,2025-10-23 21:16:23,472.0
0.5760,16.9490,0.5320,97.0640,1.4120,2025-10-23 21:16:23,472.0
0.5970,16.9460,0.3530,96.9740,1.5030,2025-10-23 21:16:23,472.0
0.5840,16.9580,0.4240,97.1350,1.4570,2025-10-23 21:16:23,472.0
0.5770,16.9740,0.3430,97.2490,1.3820,2025-10-23 21:16:23,472.0
0.5950,16.9240,0.5810,97.1580,1.5220,2025-10-23 21:16:23,472.0
0.5970,17.0090,0.4690,97.0530,1.5430,2025-10-23 21:16:23,472.0
0.5870,16.9930,0.4730,97.1720,1.4610,2025-10-23 21:16:23,472.0
0.5920,16.9710,0.4270,97.11,1.4530,2025-10-23 21:16:23,472.0
0.5810,17.0530,0.2870,97.3680,1.3990,2025-10-23 21:16:23,472.0
0.5770,16.9430,0.5670,97.2280,1.4490,2025-10-23 21:16:23,472.0
0.5960,16.8610,0.3150,97.1320,1.4360,2025-10-23 21:16:23,472.0
0.5610,16.8640,0.4130,97.1080,1.4120,2025-10-23 21:16:23,472.0
0.5780,16.9390,0.4970,96.9420,1.5210,2025-10-24 10:37:49,473.0
0.58,17.0560,0.5350,97.0050,1.3590,2025-10-24 10:37:49,473.0
0.58,16.9580,0.42,96.99,1.4060,2025-10-24 10:37:49,473.0
0.5710,16.99,0.3710,96.9450,1.4490,2025-10-24 10:37:49,473.0
0.5570,16.8890,0.22,97.1710,1.4350,2025-10-24 10:37:49,473.0
0.58,16.8950,0.3990,97.1160,1.4930,2025-10-24 10:37:49,473.0
0.5640,16.8420,0.4380,97.18,1.4960,2025-10-24 10:37:49,473.0
0.5820,17.0090,0.5010,97.3270,1.4670,2025-10-24 10:37:49,473.0
0.5990,16.9650,0.3990,97.1670,1.6110,2025-10-24 10:37:49,473.0
0.6080,17.0650,0.4730,97.0950,1.5130,2025-10-24 10:37:49,473.0
0.6150,16.98,0.3850,97.0820,1.5520,2025-10-24 10:37:49,473.0
0.5860,16.9680,0.4060,96.9160,1.3880,2025-10-24 10:37:49,473.0
0.5880,16.9240,0.5460,96.9250,1.4770,2025-10-24 10:37:49,473.0
0.5930,16.9960,0.3010,96.96,1.4920,2025-10-24 10:37:49,473.0
0.5920,16.9460,0.2690,97.0980,1.5380,2025-10-24 10:37:49,473.0
0.5930,16.93,0.4730,97.1760,1.5310,2025-10-24 10:37:49,473.0
0.5920,17.0020,0.4270,97.0260,1.5210,2025-10-24 10:37:49,473.0
0.5810,16.8830,0.5630,97.3730,1.50,2025-10-24 10:37:49,473.0
0.6130,17.0270,0.4240,97.0310,1.5410,2025-10-24 10:37:49,473.0
0.5850,16.9050,0.2520,97.1590,1.4540,2025-10-24 10:37:49,473.0
0.5710,16.9770,0.4830,96.8430,1.4530,2025-10-24 13:02:52,474.0
0.5850,17.0210,0.5570,97.0810,1.5870,2025-10-24 13:02:52,474.0
0.5560,16.9140,0.55,97.2150,1.3660,2025-10-24 13:02:52,474.0
0.5850,17.0050,0.4130,97.2850,1.5260,2025-10-24 13:02:52,474.0
0.58,16.9930,0.6230,96.9060,1.4260,2025-10-24 13:02:52,474.0
0.5750,16.9550,0.5250,96.92,1.5860,2025-10-24 13:02:52,474.0
0.5810,16.9960,0.4620,97.3330,1.4950,2025-10-24 13:02:52,474.0
0.5640,16.9270,0.42,97.0920,1.4780,2025-10-24 13:02:52,474.0
0.5660,16.9360,0.4130,97.1990,1.5370,2025-10-24 13:02:52,474.0
0.5980,17.0680,0.4550,96.93,1.4880,2025-10-24 13:02:52,474.0
0.6010,17.0530,0.4730,97.2310,1.5120,2025-10-24 13:02:52,474.0
0.5680,16.98,0.5040,96.8550,1.4230,2025-10-24 13:02:52,474.0
0.59,16.9930,0.5570,96.8950,1.4320,2025-10-24 13:02:52,474.0
0.5910,17.0680,0.4520,97.2990,1.4970,2025-10-24 13:02:52,474.0
0.5990,17.0270,0.6890,97.0580,1.4430,2025-10-24 13:02:52,474.0
0.5790,17.0430,0.4240,97.1410,1.4230,2025-10-24 13:02:52,474.0
0.5930,17.0050,0.4340,97.0550,1.4580,2025-10-24 13:02:52,474.0
0.6070,17.0180,0.35,96.96,1.5540,2025-10-24 13:02:52,474.0
0.58,16.9930,0.5740,96.9010,1.4310,2025-10-24 13:02:52,474.0
0.6120,17.04,0.4270,97.0990,1.5240,2025-10-24 13:02:52,474.0
0.5590,17.0780,0.4440,97.18,1.41,2025-10-24 19:13:00,475.0
0.61,17.1090,0.3750,96.9230,1.4280,2025-10-24 19:13:00,475.0
0.5820,16.9740,0.3780,97.1840,1.4720,2025-10-24 19:13:00,475.0
0.5890,16.9520,0.5710,96.9380,1.4550,2025-10-24 19:13:00,475.0
0.5790,16.9390,0.3850,97.0540,1.4040,2025-10-24 19:13:00,475.0
0.6130,17.0970,0.4480,96.8280,1.4090,2025-10-24 19:13:00,475.0
0.5550,16.8640,0.41,97.2880,1.3190,2025-10-24 19:13:00,475.0
0.6150,17.0340,0.2690,97.4080,1.4340,2025-10-24 19:13:00,475.0
0.58,16.9240,0.2940,97.0840,1.4510,2025-10-24 19:13:00,475.0
0.5660,16.82,0.3010,96.9290,1.3860,2025-10-24 19:13:00,475.0
0.5820,17.0180,0.4580,97.0830,1.4370,2025-10-24 19:13:00,475.0
0.5810,16.8950,0.4380,97.1720,1.4940,2025-10-24 19:13:00,475.0
0.5870,16.99,0.3880,97.0660,1.42,2025-10-24 19:13:00,475.0
0.5640,16.9830,0.4450,97.1250,1.4240,2025-10-24 19:13:00,475.0
0.5870,17.0310,0.3250,97.0810,1.4250,2025-10-24 19:13:00,475.0
0.6060,17.0150,0.56,97.0380,1.5410,2025-10-24 19:13:00,475.0
0.6110,16.9680,0.5320,96.9590,1.5370,2025-10-24 19:13:00,475.0
0.5660,16.8580,0.4440,97.1740,1.4260,2025-10-24 19:13:00,475.0
0.5850,17.0970,0.3880,97.0840,1.5180,2025-10-24 19:13:00,475.0
0.5950,17.0180,0.4690,96.8770,1.48,2025-10-24 19:13:00,475.0
0.5640,16.9390,0.49,97.0770,1.4130,2025-10-24 21:08:04,476.0
0.56,16.7860,0.4170,97.1950,1.4390,2025-10-24 21:08:04,476.0
0.5890,17.0460,0.3850,96.9040,1.4050,2025-10-24 21:08:04,476.0
0.5660,16.9430,0.3250,96.9140,1.3740,2025-10-24 21:08:04,476.0
0.5780,16.9740,0.3540,97.2750,1.5080,2025-10-24 21:08:04,476.0
0.5910,16.9740,0.42,97.1070,1.54,2025-10-24 21:08:04,476.0
0.5780,17.0050,0.3850,96.8930,1.4120,2025-10-24 21:08:04,476.0
0.5770,16.8890,0.3920,97.0480,1.4720,2025-10-24 21:08:04,476.0
0.5880,17.0120,0.2550,97.0070,1.4540,2025-10-24 21:08:04,476.0
0.5730,16.9960,0.4760,96.99,1.3950,2025-10-24 21:08:04,476.0
0.5670,16.83,0.4830,97.1070,1.4230,2025-10-24 21:08:04,476.0
0.5930,16.93,0.4620,97.1120,1.54,2025-10-24 21:08:04,476.0
0.6270,17.0970,0.4020,97.0790,1.4610,2025-10-24 21:08:04,476.0
0.5880,17.0020,0.5150,96.9740,1.4680,2025-10-24 21:08:04,476.0
0.5770,16.9610,0.4760,97.0890,1.45,2025-10-24 21:08:04,476.0
0.5740,16.9710,0.4060,97.2640,1.4050,2025-10-24 21:08:04,476.0
0.5870,16.9770,0.4870,97.0890,1.44,2025-10-24 21:08:04,476.0
0.5780,16.98,0.4440,97.1650,1.4110,2025-10-24 21:08:04,476.0
0.6010,16.8360,0.3010,97.1660,1.48,2025-10-24 21:08:04,476.0
0.5750,16.82,0.5150,97.1860,1.4440,2025-10-24 21:08:04,476.0
0.5860,16.9870,0.3880,97.1730,1.38,2025-11-02 13:12:51,477.0
0.5770,17.0710,0.2940,97.2750,1.3220,2025-11-02 13:12:51,477.0
0.5770,16.9650,0.4790,97.30,1.3590,2025-11-02 13:12:51,477.0
0.5730,16.98,0.4270,97.1380,1.42,2025-11-02 13:12:51,477.0
0.5790,17.0340,0.42,97.1590,1.4460,2025-11-02 13:12:51,477.0
0.5730,17.0210,0.4380,97.4650,1.4060,2025-11-02 13:12:51,477.0
0.5680,16.9390,0.3670,96.9450,1.3350,2025-11-02 13:12:51,477.0
0.5730,16.9330,0.5250,97.1510,1.3640,2025-11-02 13:12:51,477.0
0.5960,17.0240,0.3990,96.9160,1.48,2025-11-02 13:12:51,477.0
0.5840,16.9680,0.5530,97.06,1.4930,2025-11-02 13:12:51,477.0
0.5880,16.9550,0.3740,96.9020,1.3430,2025-11-02 13:12:51,477.0
0.6060,16.9710,0.49,96.9420,1.4550,2025-11-02 13:12:51,477.0
0.5920,16.9390,0.5530,96.8580,1.38,2025-11-02 13:12:51,477.0
0.5850,17.0050,0.42,97.1490,1.3990,2025-11-02 13:12:51,477.0
0.5830,16.98,0.4340,97.1690,1.4340,2025-11-02 13:12:51,477.0
0.58,17.0210,0.5710,96.8770,1.3460,2025-11-02 13:12:51,477.0
0.5650,16.9680,0.5350,97.0680,1.3340,2025-11-02 13:12:51,477.0
0.59,16.93,0.4730,96.8430,1.44,2025-11-02 13:12:51,477.0
0.5760,16.9330,0.5420,97.0620,1.3890,2025-11-02 13:12:51,477.0
0.5640,16.9870,0.6160,96.8790,1.3510,2025-11-02 13:12:51,477.0
0.5730,16.9650,0.4550,97.1180,1.5050,2025-11-02 19:18:02,478.0
0.5870,16.9770,0.4730,97.48,1.4660,2025-11-02 19:18:02,478.0
0.5790,17.0210,0.4550,96.8940,1.4010,2025-11-02 19:18:02,478.0
0.6150,17.0840,0.3570,97.1770,1.5290,2025-11-02 19:18:02,478.0
0.5590,16.9460,0.3710,97.1760,1.3820,2025-11-02 19:18:02,478.0
0.5730,16.93,0.2980,97.2330,1.4210,2025-11-02 19:18:02,478.0
0.5770,17.0150,0.4380,97.1790,1.4270,2025-11-02 19:18:02,478.0
0.5690,17.0020,0.4870,96.9290,1.40,2025-11-02 19:18:02,478.0
0.5720,16.9240,0.55,97.1440,1.3210,2025-11-02 19:18:02,478.0
0.5860,17.0370,0.3570,96.9650,1.4450,2025-11-02 19:18:02,478.0
0.5790,16.9710,0.4830,97.1450,1.3850,2025-11-02 19:18:02,478.0
0.60,16.8890,0.4060,96.9670,1.47,2025-11-02 19:18:02,478.0
0.5790,16.9270,0.2480,97.2210,1.3840,2025-11-02 19:18:02,478.0
0.5860,16.9270,0.3220,97.2250,1.1710,2025-11-02 19:18:02,478.0
0.5990,16.8420,0.3610,97.2760,1.5040,2025-11-02 19:18:02,478.0
0.5950,17.0340,0.4970,97.3440,1.4430,2025-11-02 19:18:02,478.0
0.5560,16.9430,0.4410,97.3940,1.3820,2025-11-02 19:18:02,478.0
0.5960,16.8920,0.5950,96.9220,1.3760,2025-11-02 19:18:02,478.0
0.5760,16.8990,0.3950,97.2480,1.4350,2025-11-02 19:18:02,478.0
0.5650,16.9020,0.4340,97.2020,1.3730,2025-11-02 19:18:02,478.0
0.5750,16.9990,0.4860,97.0220,1.4910,2025-11-02 21:38:10,479.0
0.5790,16.9240,0.5080,96.9160,1.5060,2025-11-02 21:38:10,479.0
0.5960,17.0680,0.3390,96.9630,1.4240,2025-11-02 21:38:10,479.0
0.5710,16.9270,0.4060,96.94,1.4230,2025-11-02 21:38:10,479.0
0.5860,16.9930,0.5810,97.2190,1.4460,2025-11-02 21:38:10,479.0
0.5870,16.9550,0.3430,96.9810,1.4740,2025-11-02 21:38:10,479.0
0.5770,17.0780,0.4650,97.2210,1.4330,2025-11-02 21:38:10,479.0
0.59,16.9080,0.5220,97.0010,1.4630,2025-11-02 21:38:10,479.0
0.5830,16.8890,0.4690,97.2910,1.48,2025-11-02 21:38:10,479.0
0.6190,17.0310,0.3670,97.1940,1.5710,2025-11-02 21:38:10,479.0
0.5770,16.8670,0.4790,96.9330,1.4350,2025-11-02 21:38:10,479.0
0.59,16.9390,0.5180,96.82,1.4830,2025-11-02 21:38:10,479.0
0.5920,17.09,0.4620,97.2820,1.41,2025-11-02 21:38:10,479.0
0.6010,16.8580,0.3430,96.9840,1.4280,2025-11-02 21:38:10,479.0
0.5890,16.9110,0.35,96.9040,1.40,2025-11-02 21:38:10,479.0
0.5940,16.9930,0.5150,96.93,1.4770,2025-11-02 21:38:10,479.0
0.5710,16.88,0.4230,97.01,1.4090,2025-11-02 21:38:10,479.0
0.5990,16.9360,0.42,96.9550,1.4680,2025-11-02 21:38:10,479.0
0.5860,16.87,0.4870,96.8860,1.4320,2025-11-02 21:38:10,479.0
0.5850,16.93,0.4020,97.3110,1.4280,2025-11-02 21:38:10,479.0
0.5780,17.1850,0.4650,96.9320,1.3820,2025-11-03 10:47:21,480.0
0.5830,17.0020,0.5980,97.0940,1.4180,2025-11-03 10:47:21,480.0
0.5950,17.0870,0.5350,96.9260,1.3520,2025-11-03 10:47:21,480.0
0.58,17.0590,0.4830,97.3220,1.3990,2025-11-03 10:47:21,480.0
0.6170,17.1120,0.5150,97.1190,1.5010,2025-11-03 10:47:21,480.0
0.5960,17.0050,0.4620,96.8470,1.07,2025-11-03 10:47:21,480.0
0.5920,17.1470,0.4440,97.0690,1.5720,2025-11-03 10:47:21,480.0
0.58,17.09,0.63,97.0830,1.3920,2025-11-03 10:47:21,480.0
0.5980,17.0270,0.3810,97.0110,1.3960,2025-11-03 10:47:21,480.0
0.5830,17.1030,0.5430,96.88,1.4110,2025-11-03 10:47:21,480.0
0.5830,17.0240,0.3710,96.9060,1.4080,2025-11-03 10:47:21,480.0
0.5930,17.0970,0.3460,97.2870,1.45,2025-11-03 10:47:21,480.0
0.5930,17.1310,0.50,96.86,1.4040,2025-11-03 10:47:21,480.0
0.5910,17.04,0.36,97.1680,1.4220,2025-11-03 10:47:21,480.0
0.5940,17.1250,0.4730,96.9470,1.3940,2025-11-03 10:47:21,480.0
0.5710,17.0590,0.3010,97.1040,1.4350,2025-11-03 10:47:21,480.0
0.5980,17.04,0.6050,97.2230,1.50,2025-11-03 10:47:21,480.0
0.5730,17.0780,0.4660,97.2130,1.3680,2025-11-03 10:47:21,480.0
0.5790,17.0120,0.4170,96.9220,1.44,2025-11-03 10:47:21,480.0
0.5960,16.9870,0.3470,96.9530,1.3740,2025-11-03 10:47:21,480.0
0.5840,17.0210,0.2170,97.2910,1.4030,2025-11-03 13:02:23,481.0
0.5910,16.9360,0.4870,96.9740,1.3710,2025-11-03 13:02:23,481.0
0.5940,17.1030,0.50,97.0480,1.4470,2025-11-03 13:02:23,481.0
0.61,17.1410,0.3250,97.2030,1.4040,2025-11-03 13:02:23,481.0
0.5870,17.0840,0.3610,97.0070,1.4670,2025-11-03 13:02:23,481.0
0.5980,16.8920,0.5180,96.9220,1.4120,2025-11-03 13:02:23,481.0
0.5740,16.8230,0.4580,97.1810,1.4540,2025-11-03 13:02:23,481.0
0.5770,16.9330,0.3460,97.1180,1.4340,2025-11-03 13:02:23,481.0
0.5950,16.9960,0.4020,97.1810,1.3260,2025-11-03 13:02:23,481.0
0.5760,16.9990,0.3250,97.1370,1.4420,2025-11-03 13:02:23,481.0
0.5860,17.0240,0.3430,97.3110,1.4150,2025-11-03 13:02:23,481.0
0.6170,17.1630,0.4380,97.0970,1.5370,2025-11-03 13:02:23,481.0
0.5880,17.0050,0.5250,97.0720,1.4450,2025-11-03 13:02:23,481.0
0.5560,17.0210,0.4060,97.1030,1.40,2025-11-03 13:02:23,481.0
0.5990,16.9770,0.5530,97.3160,1.52,2025-11-03 13:02:23,481.0
0.5760,17.0870,0.5080,96.95,1.3610,2025-11-03 13:02:23,481.0
0.5680,16.9650,0.4380,97.1680,1.3920,2025-11-03 13:02:23,481.0
0.5920,16.9830,0.3050,97.3190,1.4720,2025-11-03 13:02:23,481.0
0.5710,17.1530,0.3220,97.0320,1.3450,2025-11-03 13:02:23,481.0
0.5540,16.9580,0.6860,96.8450,1.4870,2025-11-03 13:02:23,481.0
0.5710,16.9580,0.5110,96.9470,1.4180,2025-11-03 19:12:34,482.0
0.5940,17.0490,0.5530,97.1570,1.4270,2025-11-03 19:12:34,482.0
0.5870,16.9080,0.5040,97.0880,1.5050,2025-11-03 19:12:34,482.0
0.5910,16.9170,0.5570,97.1880,1.4640,2025-11-03 19:12:34,482.0
0.6160,17.0530,0.4690,97.2430,1.4990,2025-11-03 19:12:34,482.0
0.5710,16.8640,0.4310,96.9280,1.4570,2025-11-03 19:12:34,482.0
0.5880,16.9550,0.4380,96.9120,1.3670,2025-11-03 19:12:34,482.0
0.59,16.99,0.5350,96.9960,1.4870,2025-11-03 19:12:34,482.0
0.5810,16.9740,0.4480,97.2340,1.4240,2025-11-03 19:12:34,482.0
0.5830,16.9240,0.3960,96.93,1.3340,2025-11-03 19:12:34,482.0
0.5950,16.9140,0.4550,97.2210,1.4020,2025-11-03 19:12:34,482.0
0.5930,16.9870,0.4340,96.9160,1.4620,2025-11-03 19:12:34,482.0
0.5790,16.9170,0.6160,96.8260,1.3910,2025-11-03 19:12:34,482.0
0.5810,17.0210,0.3850,96.9140,1.3710,2025-11-03 19:12:34,482.0
0.58,16.8730,0.5150,96.9950,1.4690,2025-11-03 19:12:34,482.0
0.56,16.9110,0.3360,97.0180,1.3470,2025-11-03 19:12:34,482.0
0.5950,16.9110,0.4580,97.1590,1.46,2025-11-03 19:12:34,482.0
0.5730,16.8770,0.5320,97.4090,1.4360,2025-11-03 19:12:34,482.0
0.5860,16.93,0.3710,96.8940,1.4580,2025-11-03 19:12:34,482.0
0.5980,17.1190,0.3530,96.8730,1.3240,2025-11-03 19:12:34,482.0
0.5860,16.8230,0.3150,97.3160,1.3960,2025-11-03 21:22:39,483.0
0.5910,16.8080,0.5630,97.0630,1.4930,2025-11-03 21:22:39,483.0
0.5810,16.9020,0.3430,97.1870,1.4420,2025-11-03 21:22:39,483.0
0.6030,16.9550,0.5670,96.9410,1.5080,2025-11-03 21:22:39,483.0
0.5780,16.9240,0.4270,97.0330,1.4020,2025-11-03 21:22:39,483.0
0.5960,16.9110,0.4130,96.9990,1.4870,2025-11-03 21:22:39,483.0
0.58,16.8770,0.5630,97.3260,1.4420,2025-11-03 21:22:39,483.0
0.5730,16.8580,0.3750,97.2850,1.4720,2025-11-03 21:22:39,483.0
0.5950,16.9650,0.4240,97.14,1.4020,2025-11-03 21:22:39,483.0
0.5980,17.0120,0.56,96.9980,1.42,2025-11-03 21:22:39,483.0
0.5840,16.8950,0.3810,97.1740,1.4460,2025-11-03 21:22:39,483.0
0.6010,17.0430,0.4760,96.9510,1.4650,2025-11-03 21:22:39,483.0
0.5820,17.0020,0.4760,97.0440,0.0230,2025-11-03 21:22:39,483.0
0.5920,16.9390,0.5150,96.9170,1.4150,2025-11-03 21:22:39,483.0
0.6080,16.9650,0.4830,96.94,1.4550,2025-11-03 21:22:39,483.0
0.5940,16.9050,0.4660,97.2070,1.5320,2025-11-03 21:22:39,483.0
0.5880,16.8260,0.4340,96.8810,1.45,2025-11-03 21:22:39,483.0
0.5810,16.9580,0.5810,96.8940,1.4740,2025-11-03 21:22:39,483.0
0.5980,16.9930,0.4730,97.1970,1.5230,2025-11-03 21:22:39,483.0
0.5910,16.9080,0.4690,97.4130,1.4660,2025-11-03 21:22:39,483.0
0.60,16.9490,0.4550,97.12,1.5760,2025-11-04 11:03:22,484.0
0.5650,16.8990,0.4340,97.3120,1.4030,2025-11-04 11:03:22,484.0
0.58,16.8260,0.3920,97.0920,1.4390,2025-11-04 11:03:22,484.0
0.5890,16.8920,0.49,97.4130,1.5240,2025-11-04 11:03:22,484.0
0.5650,16.9020,0.4410,97.1070,1.4510,2025-11-04 11:03:22,484.0
0.5790,16.8580,0.4520,97.3490,1.4570,2025-11-04 11:03:22,484.0
0.6050,17.0090,0.4060,97.1530,1.5330,2025-11-04 11:03:22,484.0
0.5690,16.9430,0.3920,96.8680,1.3480,2025-11-04 11:03:22,484.0
0.5940,16.8890,0.4440,97.19,1.4490,2025-11-04 11:03:22,484.0
0.5670,16.8640,0.4650,97.3010,1.4060,2025-11-04 11:03:22,484.0
0.6120,17.0180,0.4270,96.9320,1.5280,2025-11-04 11:03:22,484.0
0.5810,16.9330,0.5180,96.9280,1.3930,2025-11-04 11:03:22,484.0
0.5860,16.93,0.4340,97.20,1.4620,2025-11-04 11:03:22,484.0
0.5760,16.9430,0.4340,97.2280,1.4790,2025-11-04 11:03:22,484.0
0.5820,16.9870,0.8510,96.9730,1.4250,2025-11-04 11:03:22,484.0
0.5970,16.9110,0.5350,96.8640,1.5260,2025-11-04 11:03:22,484.0
0.6110,17.0780,0.5420,96.8410,1.4950,2025-11-04 11:03:22,484.0
0.5720,17.0370,0.6480,97.0010,1.3690,2025-11-04 11:03:22,484.0
0.5980,16.8730,0.4480,97.0550,1.5130,2025-11-04 11:03:22,484.0
0.5880,17.0180,0.4170,96.86,1.4860,2025-11-04 11:03:22,484.0
0.5960,16.9210,0.4650,97.2410,1.5630,2025-11-04 13:03:26,485.0
0.6230,17.0590,0.3360,96.9410,1.5560,2025-11-04 13:03:26,485.0
0.5890,16.9740,0.4790,96.95,1.5210,2025-11-04 13:03:26,485.0
0.58,16.9330,0.43,97.1120,1.4920,2025-11-04 13:03:26,485.0
0.5930,16.9050,0.4940,97.4030,1.5110,2025-11-04 13:03:26,485.0
0.6070,17.0560,0.4480,97.1960,1.6210,2025-11-04 13:03:26,485.0
0.5920,16.9110,0.6680,97.0310,1.5060,2025-11-04 13:03:26,485.0
0.5770,16.9740,0.4580,97.2870,1.4390,2025-11-04 13:03:26,485.0
0.6060,16.9740,0.5350,96.9450,1.40,2025-11-04 13:03:26,485.0
0.5870,16.9550,0.3570,97.1840,1.5190,2025-11-04 13:03:26,485.0
0.5910,17.0430,0.4620,97.0630,1.3810,2025-11-04 13:03:26,485.0
0.5830,16.9020,0.3920,97.2650,1.5120,2025-11-04 13:03:26,485.0
0.5740,16.9710,0.5320,97.2140,1.4680,2025-11-04 13:03:26,485.0
0.5810,16.8860,0.3750,97.19,1.5280,2025-11-04 13:03:26,485.0
0.59,16.9990,0.5560,97.1670,1.4940,2025-11-04 13:03:26,485.0
0.5890,17.0490,0.4660,96.9420,1.5130,2025-11-04 13:03:26,485.0
0.5850,17.0120,0.4310,97.3530,1.50,2025-11-04 13:03:26,485.0
0.5920,16.9520,0.3670,96.8620,1.5940,2025-11-04 13:03:26,485.0
0.5830,17.0370,0.4830,96.7880,1.4370,2025-11-04 13:03:26,485.0
0.5850,17.0210,0.4690,96.9310,1.4190,2025-11-04 13:03:26,485.0
0.5960,16.9080,0.4340,97.0940,1.5630,2025-11-04 19:28:38,486.0
0.5740,16.7950,0.4270,97.2770,1.3360,2025-11-04 19:28:38,486.0
0.6120,16.9520,0.4340,96.8520,1.6030,2025-11-04 19:28:38,486.0
0.5580,16.99,0.3430,97.2770,1.4010,2025-11-04 19:28:38,486.0
0.6030,16.9460,0.5980,97.0860,1.4820,2025-11-04 19:28:38,486.0
0.5930,16.8950,0.4410,97.2990,1.4220,2025-11-04 19:28:38,486.0
0.5710,16.8610,0.4410,97.2410,1.43,2025-11-04 19:28:38,486.0
0.5840,16.9870,0.5710,97.0160,1.4780,2025-11-04 19:28:38,486.0
0.5820,16.8230,0.4410,97.2360,1.4430,2025-11-04 19:28:38,486.0
0.6010,17.0050,0.4380,96.8820,1.41,2025-11-04 19:28:38,486.0
0.56,16.8950,0.3920,97.1190,1.3480,2025-11-04 19:28:38,486.0
0.5790,16.93,0.2730,96.89,1.4980,2025-11-04 19:28:38,486.0
0.5720,16.9430,0.4660,96.8680,1.4260,2025-11-04 19:28:38,486.0
0.5890,16.8730,0.4450,97.53,1.5180,2025-11-04 19:28:38,486.0
0.5650,16.9110,0.3680,96.9380,1.3470,2025-11-04 19:28:38,486.0
0.6020,16.8990,0.4060,97.3610,1.49,2025-11-04 19:28:38,486.0
0.5950,16.9740,0.4340,96.9970,1.4590,2025-11-04 19:28:38,486.0
0.5510,16.8580,0.50,97.16,1.3930,2025-11-04 19:28:38,486.0
0.5660,16.9020,0.3610,96.9830,1.43,2025-11-04 19:28:38,486.0
0.57,16.9490,0.3920,96.7630,1.4020,2025-11-04 19:28:38,486.0
0.5860,16.9580,0.5350,97.0530,1.4540,2025-11-04 21:13:42,487.0
0.6140,16.9050,0.3780,96.9850,1.5270,2025-11-04 21:13:42,487.0
0.5750,16.8140,0.4790,97.2130,1.4440,2025-11-04 21:13:42,487.0
0.5550,16.9550,0.5460,97.5090,1.38,2025-11-04 21:13:42,487.0
0.6070,16.9080,0.4830,97.1640,1.6640,2025-11-04 21:13:42,487.0
0.5980,16.8670,0.43,96.8890,1.5450,2025-11-04 21:13:42,487.0
0.5880,16.9110,0.3540,96.9390,1.4240,2025-11-04 21:13:42,487.0
0.5950,16.9140,0.4310,97.1550,1.5270,2025-11-04 21:13:42,487.0
0.6090,16.9210,0.4830,97.1120,1.5130,2025-11-04 21:13:42,487.0
0.5860,16.8770,0.42,97.1670,1.5560,2025-11-04 21:13:42,487.0
0.57,16.8480,0.5420,97.1490,1.3870,2025-11-04 21:13:42,487.0
0.5780,16.8580,0.3920,97.1890,1.42,2025-11-04 21:13:42,487.0
0.5790,16.8420,0.4340,97.1320,1.3340,2025-11-04 21:13:42,487.0
0.5910,16.8640,0.4480,97.0310,1.4920,2025-11-04 21:13:42,487.0
0.5660,16.9080,0.4380,97.0810,1.4320,2025-11-04 21:13:42,487.0
0.5990,16.9520,0.3360,97.0450,1.5150,2025-11-04 21:13:42,487.0
0.6120,16.9330,0.4790,97.1790,1.6750,2025-11-04 21:13:42,487.0
0.5720,16.8860,0.3990,96.9610,1.40,2025-11-04 21:13:42,487.0
0.5760,16.9550,0.3960,96.9940,1.4020,2025-11-04 21:13:42,487.0
0.6030,16.9740,0.5430,96.9330,1.5260,2025-11-04 21:13:42,487.0
0.5930,17.1660,0.2830,97.0660,1.4530,2025-11-05 15:36:21,488.0
0.5840,16.9870,0.4310,96.9830,1.3920,2025-11-05 15:36:21,488.0
0.6130,17.0270,0.28,97.1210,1.47,2025-11-05 15:36:21,488.0
0.5760,17.0460,0.3960,97.0650,1.42,2025-11-05 15:36:21,488.0
0.5720,16.9770,0.2940,97.1010,1.4560,2025-11-05 15:36:21,488.0
0.5950,17.0150,0.4240,96.9520,1.4750,2025-11-05 15:36:21,488.0
0.5880,16.9360,0.3990,97.0270,1.51,2025-11-05 15:36:21,488.0
0.5720,16.9770,0.3290,97.0680,1.42,2025-11-05 15:36:21,488.0
0.5860,16.9830,0.4550,97.1460,1.4250,2025-11-05 15:36:21,488.0
0.5620,17.1410,0.49,97.2160,1.4070,2025-11-05 15:36:21,488.0
0.59,17.0750,0.3850,97.3420,1.4440,2025-11-05 15:36:21,488.0
0.6060,17.0430,0.4020,97.0960,1.4090,2025-11-05 15:36:21,488.0
0.57,16.9140,0.4690,96.9760,1.4250,2025-11-05 15:36:21,488.0
0.5920,16.9520,0.4410,97.1760,1.4170,2025-11-05 15:36:21,488.0
0.6090,17.0930,0.3670,97.2420,1.3960,2025-11-05 15:36:21,488.0
0.6020,16.9580,0.4970,97.0320,1.3690,2025-11-05 15:36:21,488.0
0.5690,16.9360,0.3880,97.1130,1.4440,2025-11-05 15:36:21,488.0
0.5650,16.9680,0.4870,97.0180,1.3990,2025-11-05 15:36:21,488.0
0.5570,16.9580,0.4870,97,1.3270,2025-11-05 15:36:21,488.0
0.5670,16.8550,0.3750,97.1470,1.45,2025-11-05 15:36:21,488.0
0.58,16.9080,0.1610,96.9290,1.4440,2025-11-05 19:21:29,489.0
0.6160,17.0370,0.4940,97.1690,1.53,2025-11-05 19:21:29,489.0
0.5920,17.0810,0.3810,97.1220,1.5450,2025-11-05 19:21:29,489.0
0.5950,17.0020,0.6160,96.8890,1.3940,2025-11-05 19:21:29,489.0
0.5780,16.9650,0.3850,97.1210,1.4210,2025-11-05 19:21:29,489.0
0.5970,16.98,0.4870,97.0230,1.4710,2025-11-05 19:21:29,489.0
0.6020,17.0120,0.3920,97.11,1.5170,2025-11-05 19:21:29,489.0
0.5790,16.9430,0.4760,97.0650,1.4310,2025-11-05 19:21:29,489.0
0.5910,16.9740,0.4340,97.2140,1.4170,2025-11-05 19:21:29,489.0
0.6190,16.9680,0.4970,97.3160,1.54,2025-11-05 19:21:29,489.0
0.59,16.99,0.3540,97.1270,1.5250,2025-11-05 19:21:29,489.0
0.5810,16.9460,0.3640,97.0970,1.4350,2025-11-05 19:21:29,489.0
0.6070,16.9990,0.2980,97.13,1.4760,2025-11-05 19:21:29,489.0
0.5780,16.8860,0.3640,97.1440,1.4350,2025-11-05 19:21:29,489.0
0.6030,16.9650,0.3320,97.1760,1.5150,2025-11-05 19:21:29,489.0
0.5810,16.9520,0.4550,96.8470,1.4550,2025-11-05 19:21:29,489.0
0.58,16.8580,0.3570,96.9990,1.3990,2025-11-05 19:21:29,489.0
0.59,17.10,0.4790,96.9170,1.46,2025-11-05 19:21:29,489.0
0.5660,17.0460,0.2660,97.1970,1.40,2025-11-05 19:21:29,489.0
0.5980,17.0180,0.3290,96.9110,1.4890,2025-11-05 19:21:29,489.0
