M,C,d,L,R,T,N,Max_Ve,Min_Ve,Avg_Ve,Std_Ve,is_error,N_stat
0.999,24.246,0.793,83.817,1.046,2025-01-02 11:56:18,0.0,9.9,6.1,8.03,1.16,0,0
1.002,24.131,0.486,84.025,1.134,2025-01-02 11:56:18,0.0,9.9,6.1,8.03,1.16,0,0
0.99,24.281,0.606,84.222,1.044,2025-01-02 11:56:18,0.0,9.9,6.1,8.03,1.16,0,0
0.97,24.285,0.669,84.067,0.934,2025-01-02 11:56:18,0.0,9.9,6.1,8.03,1.16,0,0
0.977,24.317,0.475,83.995,1.089,2025-01-02 11:56:18,0.0,9.9,6.1,8.03,1.16,0,0
0.944,24.135,0.457,83.914,1.048,2025-01-02 11:56:18,0.0,9.9,6.1,8.03,1.16,0,0
1.0,24.274,0.644,84.14,0.971,2025-01-02 11:56:18,0.0,9.9,6.1,8.03,1.16,0,0
1.012,24.305,0.349,84.187,1.088,2025-01-02 11:56:18,0.0,9.9,6.1,8.03,1.16,0,0
0.989,24.311,0.816,83.83,1.019,2025-01-02 11:56:18,0.0,9.9,6.1,8.03,1.16,0,0
1.009,24.27,0.365,84.171,1.106,2025-01-02 11:56:18,0.0,9.9,6.1,8.03,1.16,0,0
1.017,24.329,0.481,84.159,1.093,2025-01-02 11:56:18,0.0,9.9,6.1,8.03,1.16,0,0
1.009,24.288,0.558,84.069,1.132,2025-01-02 11:56:18,0.0,9.9,6.1,8.03,1.16,0,0
1.02,24.366,0.356,84.132,1.075,2025-01-02 11:56:18,0.0,9.9,6.1,8.03,1.16,0,0
0.997,24.268,0.494,84.03,1.051,2025-01-02 11:56:18,0.0,9.9,6.1,8.03,1.16,0,0
1.033,24.415,0.371,83.976,1.095,2025-01-02 11:56:18,0.0,9.9,6.1,8.03,1.16,0,0
0.964,24.35,0.679,84.045,1.074,2025-01-02 11:56:18,0.0,9.9,6.1,8.03,1.16,0,0
0.989,24.382,0.788,84.22,1.037,2025-01-02 11:56:18,0.0,9.9,6.1,8.03,1.16,0,0
0.986,24.398,0.548,84.044,0.993,2025-01-02 11:56:18,0.0,9.9,6.1,8.03,1.16,0,0
0.991,24.209,0.508,84.096,1.125,2025-01-02 11:56:18,0.0,9.9,6.1,8.03,1.16,0,0
1.009,24.328,0.633,84.06,1.083,2025-01-02 13:01:00,1.0,11.6,7.2,8.76,0.99,0,1
0.979,24.307,0.512,83.92,1.113,2025-01-02 13:01:00,1.0,11.6,7.2,8.76,0.99,0,1
0.988,24.339,0.585,83.97,1.029,2025-01-02 13:01:00,1.0,11.6,7.2,8.76,0.99,0,1
0.976,24.228,0.447,84.14,0.979,2025-01-02 13:01:00,1.0,11.6,7.2,8.76,0.99,0,1
0.966,24.268,0.912,84.11,1.006,2025-01-02 13:01:00,1.0,11.6,7.2,8.76,0.99,0,1
0.966,24.301,0.886,83.9,1.035,2025-01-02 13:01:00,1.0,11.6,7.2,8.76,0.99,0,1
0.973,24.348,0.668,84.1,1.014,2025-01-02 13:01:00,1.0,11.6,7.2,8.76,0.99,0,1
0.974,24.289,0.535,83.98,1.03,2025-01-02 13:01:00,1.0,11.6,7.2,8.76,0.99,0,1
0.987,24.356,0.5,84.21,1.098,2025-01-02 13:01:00,1.0,11.6,7.2,8.76,0.99,0,1
0.992,24.359,0.422,83.89,1.047,2025-01-02 13:01:00,1.0,11.6,7.2,8.76,0.99,0,1
0.986,24.374,0.457,84.24,1.103,2025-01-02 13:01:00,1.0,11.6,7.2,8.76,0.99,0,1
1.002,24.374,0.452,84.28,1.052,2025-01-02 13:01:00,1.0,11.6,7.2,8.76,0.99,0,1
0.97,24.328,0.57,84.05,1.11,2025-01-02 13:01:00,1.0,11.6,7.2,8.76,0.99,0,1
0.979,24.319,0.52,83.98,1.014,2025-01-02 13:01:00,1.0,11.6,7.2,8.76,0.99,0,1
0.964,24.256,0.603,83.97,1.008,2025-01-02 13:01:00,1.0,11.6,7.2,8.76,0.99,0,1
0.998,24.365,0.455,84.18,0.999,2025-01-02 13:01:00,1.0,11.6,7.2,8.76,0.99,0,1
1.016,24.412,0.439,84.25,1.025,2025-01-02 13:01:00,1.0,11.6,7.2,8.76,0.99,0,1
0.976,24.286,0.507,83.84,1.055,2025-01-02 13:01:00,1.0,11.6,7.2,8.76,0.99,0,1
0.992,24.332,0.655,83.92,1.039,2025-01-02 19:26:09,2.0,10.3,6.1,8.59,1.14,0,2
0.983,24.328,0.894,84.24,1.068,2025-01-02 19:26:09,2.0,10.3,6.1,8.59,1.14,0,2
0.96,24.312,0.671,83.96,1.08,2025-01-02 19:26:09,2.0,10.3,6.1,8.59,1.14,0,2
1.006,24.279,0.731,84.01,1.137,2025-01-02 19:26:09,2.0,10.3,6.1,8.59,1.14,0,2
0.997,24.332,0.6,84.19,1.098,2025-01-02 19:26:09,2.0,10.3,6.1,8.59,1.14,0,2
1.007,24.418,0.475,84.06,1.016,2025-01-02 19:26:09,2.0,10.3,6.1,8.59,1.14,0,2
0.963,24.344,0.487,83.95,1.112,2025-01-02 19:26:09,2.0,10.3,6.1,8.59,1.14,0,2
0.989,24.321,0.522,83.98,1.05,2025-01-02 19:26:09,2.0,10.3,6.1,8.59,1.14,0,2
0.999,24.245,0.61,83.91,1.149,2025-01-02 19:26:09,2.0,10.3,6.1,8.59,1.14,0,2
1.017,24.347,0.701,84.0,1.061,2025-01-02 19:26:09,2.0,10.3,6.1,8.59,1.14,0,2
0.995,24.305,0.558,83.89,1.146,2025-01-02 19:26:09,2.0,10.3,6.1,8.59,1.14,0,2
0.968,24.312,0.912,83.87,1.119,2025-01-02 19:26:09,2.0,10.3,6.1,8.59,1.14,0,2
0.991,24.301,0.407,84.06,1.111,2025-01-02 19:26:09,2.0,10.3,6.1,8.59,1.14,0,2
1.019,24.288,0.58,83.98,1.075,2025-01-02 19:26:09,2.0,10.3,6.1,8.59,1.14,0,2
1.031,24.396,0.537,84.11,1.112,2025-01-02 19:26:09,2.0,10.3,6.1,8.59,1.14,0,2
0.982,24.314,0.57,84.31,1.034,2025-01-02 19:26:09,2.0,10.3,6.1,8.59,1.14,0,2
0.971,24.257,0.6,84.06,1.092,2025-01-02 19:26:09,2.0,10.3,6.1,8.59,1.14,0,2
0.999,24.303,0.633,84.11,1.13,2025-01-02 19:26:09,2.0,10.3,6.1,8.59,1.14,0,2
0.972,24.307,0.63,83.88,1.059,2025-01-02 19:26:09,2.0,10.3,6.1,8.59,1.14,0,2
1.004,24.403,0.618,84.17,1.104,2025-01-02 19:26:09,2.0,10.3,6.1,8.59,1.14,0,2
0.992,24.464,0.608,83.805,1.105,2025-01-02 21:02:06,3.0,10.4,6.9,8.62,1.1,0,3
0.99,24.299,0.555,84.074,1.078,2025-01-02 21:02:06,3.0,10.4,6.9,8.62,1.1,0,3
0.988,24.401,0.571,84.261,1.155,2025-01-02 21:02:06,3.0,10.4,6.9,8.62,1.1,0,3
1.007,24.353,0.629,84.31,1.109,2025-01-02 21:02:06,3.0,10.4,6.9,8.62,1.1,0,3
1.002,24.301,0.338,83.804,1.071,2025-01-02 21:02:06,3.0,10.4,6.9,8.62,1.1,0,3
0.972,24.35,0.751,84.46,1.061,2025-01-02 21:02:06,3.0,10.4,6.9,8.62,1.1,0,3
1.007,24.388,0.35,84.19,1.153,2025-01-02 21:02:06,3.0,10.4,6.9,8.62,1.1,0,3
0.998,24.315,0.554,83.99,1.032,2025-01-02 21:02:06,3.0,10.4,6.9,8.62,1.1,0,3
0.969,24.314,0.715,83.927,1.007,2025-01-02 21:02:06,3.0,10.4,6.9,8.62,1.1,0,3
1.016,24.398,0.847,84.194,1.1,2025-01-02 21:02:06,3.0,10.4,6.9,8.62,1.1,0,3
0.996,24.404,0.432,83.926,1.1,2025-01-02 21:02:06,3.0,10.4,6.9,8.62,1.1,0,3
1.008,24.425,0.523,84.172,1.076,2025-01-02 21:02:06,3.0,10.4,6.9,8.62,1.1,0,3
0.989,24.363,0.655,84.196,1.116,2025-01-02 21:02:06,3.0,10.4,6.9,8.62,1.1,0,3
1.002,24.342,0.522,83.887,1.121,2025-01-02 21:02:06,3.0,10.4,6.9,8.62,1.1,0,3
0.992,24.312,0.644,84.244,1.07,2025-01-02 21:02:06,3.0,10.4,6.9,8.62,1.1,0,3
1.029,24.469,0.449,83.993,1.155,2025-01-02 21:02:06,3.0,10.4,6.9,8.62,1.1,0,3
1.011,24.43,0.59,84.13,1.086,2025-01-02 21:02:06,3.0,10.4,6.9,8.62,1.1,0,3
0.989,24.36,0.48,84.148,1.117,2025-01-02 21:02:06,3.0,10.4,6.9,8.62,1.1,0,3
1.0,24.393,0.554,84.058,1.183,2025-01-02 21:02:06,3.0,10.4,6.9,8.62,1.1,0,3
0.982,24.35,0.435,84.2,1.102,2025-01-03 11:30:01,4.0,11.3,6.7,8.61,1.28,0,4
0.964,24.361,0.56,83.91,1.052,2025-01-03 11:30:01,4.0,11.3,6.7,8.61,1.28,0,4
1.005,24.387,0.502,84.04,1.15,2025-01-03 11:30:01,4.0,11.3,6.7,8.61,1.28,0,4
0.949,24.285,0.457,84.06,1.024,2025-01-03 11:30:01,4.0,11.3,6.7,8.61,1.28,0,4
1.007,24.356,0.608,84.0,1.063,2025-01-03 11:30:01,4.0,11.3,6.7,8.61,1.28,0,4
0.993,24.416,0.47,84.22,1.123,2025-01-03 11:30:01,4.0,11.3,6.7,8.61,1.28,0,4
0.983,24.399,0.643,83.86,1.098,2025-01-03 11:30:01,4.0,11.3,6.7,8.61,1.28,0,4
0.976,24.435,0.608,84.02,1.104,2025-01-03 11:30:01,4.0,11.3,6.7,8.61,1.28,0,4
0.969,24.465,0.56,84.06,1.06,2025-01-03 11:30:01,4.0,11.3,6.7,8.61,1.28,0,4
0.993,24.332,0.5,84.1,1.089,2025-01-03 11:30:01,4.0,11.3,6.7,8.61,1.28,0,4
0.986,24.435,0.515,83.85,1.133,2025-01-03 11:30:01,4.0,11.3,6.7,8.61,1.28,0,4
0.994,24.404,0.6,84.03,1.034,2025-01-03 11:30:01,4.0,11.3,6.7,8.61,1.28,0,4
0.978,24.382,0.407,84.1,1.075,2025-01-03 11:30:01,4.0,11.3,6.7,8.61,1.28,0,4
0.988,24.345,0.555,84.02,1.099,2025-01-03 11:30:01,4.0,11.3,6.7,8.61,1.28,0,4
0.968,24.345,0.492,83.88,1.064,2025-01-03 11:30:01,4.0,11.3,6.7,8.61,1.28,0,4
1.003,24.471,0.718,84.06,1.132,2025-01-03 11:30:01,4.0,11.3,6.7,8.61,1.28,0,4
0.996,24.353,0.982,84.11,1.046,2025-01-03 11:30:01,4.0,11.3,6.7,8.61,1.28,0,4
0.972,24.337,0.982,83.94,1.116,2025-01-03 11:30:01,4.0,11.3,6.7,8.61,1.28,0,4
1.005,24.399,0.485,83.86,1.128,2025-01-03 13:00:09,5.0,10.4,6.5,8.01,0.97,0,5
0.976,24.329,0.841,84.09,1.099,2025-01-03 13:00:09,5.0,10.4,6.5,8.01,0.97,0,5
0.993,24.335,0.545,84.12,1.096,2025-01-03 13:00:09,5.0,10.4,6.5,8.01,0.97,0,5
0.972,24.34,0.497,84.03,0.981,2025-01-03 13:00:09,5.0,10.4,6.5,8.01,0.97,0,5
0.955,24.347,0.528,83.88,0.986,2025-01-03 13:00:09,5.0,10.4,6.5,8.01,0.97,0,5
0.986,24.415,0.495,83.97,1.025,2025-01-03 13:00:09,5.0,10.4,6.5,8.01,0.97,0,5
0.983,24.346,0.693,84.16,1.099,2025-01-03 13:00:09,5.0,10.4,6.5,8.01,0.97,0,5
0.964,24.278,0.683,83.73,1.08,2025-01-03 13:00:09,5.0,10.4,6.5,8.01,0.97,0,5
1.0,24.388,0.575,83.99,1.086,2025-01-03 13:00:09,5.0,10.4,6.5,8.01,0.97,0,5
1.016,24.321,0.6,84.08,1.081,2025-01-03 13:00:09,5.0,10.4,6.5,8.01,0.97,0,5
0.959,24.274,0.849,83.94,1.019,2025-01-03 13:00:09,5.0,10.4,6.5,8.01,0.97,0,5
0.981,24.377,0.964,84.11,1.051,2025-01-03 13:00:09,5.0,10.4,6.5,8.01,0.97,0,5
0.976,24.345,0.663,83.87,1.087,2025-01-03 13:00:09,5.0,10.4,6.5,8.01,0.97,0,5
1.01,24.352,0.623,84.04,1.062,2025-01-03 13:00:09,5.0,10.4,6.5,8.01,0.97,0,5
1.011,24.382,0.676,84.06,1.078,2025-01-03 13:00:09,5.0,10.4,6.5,8.01,0.97,0,5
0.968,24.333,0.507,84.05,1.086,2025-01-03 13:00:09,5.0,10.4,6.5,8.01,0.97,0,5
1.037,24.41,0.465,84.11,1.141,2025-01-03 13:00:09,5.0,10.4,6.5,8.01,0.97,0,5
0.98,24.344,0.688,83.91,1.093,2025-01-03 13:00:09,5.0,10.4,6.5,8.01,0.97,0,5
0.993,24.378,0.44,83.88,1.063,2025-01-03 13:00:09,5.0,10.4,6.5,8.01,0.97,0,5
0.995,24.322,0.384,83.86,1.183,2025-01-03 13:00:09,5.0,10.4,6.5,8.01,0.97,0,5
1.013,24.347,0.919,84.18,1.043,2025-01-03 19:35:20,6.0,10.4,6.4,8.1,1.35,0,6
0.977,24.25,0.427,83.97,1.034,2025-01-03 19:35:20,6.0,10.4,6.4,8.1,1.35,0,6
0.985,24.307,0.676,84.23,1.027,2025-01-03 19:35:20,6.0,10.4,6.4,8.1,1.35,0,6
0.988,24.319,0.563,83.8,1.068,2025-01-03 19:35:20,6.0,10.4,6.4,8.1,1.35,0,6
1.001,24.357,0.442,84.19,1.138,2025-01-03 19:35:20,6.0,10.4,6.4,8.1,1.35,0,6
0.991,24.308,0.558,84.12,1.03,2025-01-03 19:35:20,6.0,10.4,6.4,8.1,1.35,0,6
0.98,24.349,0.655,83.84,1.079,2025-01-03 19:35:20,6.0,10.4,6.4,8.1,1.35,0,6
1.025,24.323,0.623,84.15,1.069,2025-01-03 19:35:20,6.0,10.4,6.4,8.1,1.35,0,6
0.957,24.306,0.525,83.97,1.011,2025-01-03 19:35:20,6.0,10.4,6.4,8.1,1.35,0,6
0.984,24.35,0.658,83.92,1.156,2025-01-03 19:35:20,6.0,10.4,6.4,8.1,1.35,0,6
0.995,24.328,0.542,84.25,1.072,2025-01-03 19:35:20,6.0,10.4,6.4,8.1,1.35,0,6
0.966,24.363,0.748,83.98,1.069,2025-01-03 19:35:20,6.0,10.4,6.4,8.1,1.35,0,6
1.005,24.362,0.598,84.05,1.105,2025-01-03 19:35:20,6.0,10.4,6.4,8.1,1.35,0,6
0.958,24.345,0.329,83.84,1.084,2025-01-03 19:35:20,6.0,10.4,6.4,8.1,1.35,0,6
1.016,24.404,0.485,84.41,1.046,2025-01-03 19:35:20,6.0,10.4,6.4,8.1,1.35,0,6
1.022,24.349,0.467,84.11,1.133,2025-01-03 19:35:20,6.0,10.4,6.4,8.1,1.35,0,6
1.027,24.312,0.462,84.04,1.125,2025-01-03 19:35:20,6.0,10.4,6.4,8.1,1.35,0,6
0.968,24.297,0.656,84.03,1.102,2025-01-03 19:35:20,6.0,10.4,6.4,8.1,1.35,0,6
0.983,24.325,0.668,83.95,1.116,2025-01-03 21:15:26,7.0,12.1,6.6,8.55,1.58,0,7
0.949,24.271,0.678,84.11,1.049,2025-01-03 21:15:26,7.0,12.1,6.6,8.55,1.58,0,7
0.989,24.362,0.535,84.23,0.99,2025-01-03 21:15:26,7.0,12.1,6.6,8.55,1.58,0,7
1.017,24.347,0.638,84.19,1.082,2025-01-03 21:15:26,7.0,12.1,6.6,8.55,1.58,0,7
0.961,24.341,0.555,84.03,1.089,2025-01-03 21:15:26,7.0,12.1,6.6,8.55,1.58,0,7
0.952,24.24,0.668,84.09,1.033,2025-01-03 21:15:26,7.0,12.1,6.6,8.55,1.58,0,7
0.967,24.365,0.417,84.19,1.131,2025-01-03 21:15:26,7.0,12.1,6.6,8.55,1.58,0,7
0.961,24.334,0.439,83.95,1.023,2025-01-03 21:15:26,7.0,12.1,6.6,8.55,1.58,0,7
0.984,24.4,0.543,84.23,1.066,2025-01-03 21:15:26,7.0,12.1,6.6,8.55,1.58,0,7
0.97,24.443,0.532,83.87,1.121,2025-01-03 21:15:26,7.0,12.1,6.6,8.55,1.58,0,7
0.974,24.275,0.573,84.0,1.098,2025-01-03 21:15:26,7.0,12.1,6.6,8.55,1.58,0,7
0.984,24.339,0.686,83.88,1.053,2025-01-03 21:15:26,7.0,12.1,6.6,8.55,1.58,0,7
0.995,24.326,0.6,84.15,1.138,2025-01-03 21:15:26,7.0,12.1,6.6,8.55,1.58,0,7
0.995,24.389,0.645,84.16,1.116,2025-01-03 21:15:26,7.0,12.1,6.6,8.55,1.58,0,7
0.993,24.355,0.404,84.35,1.116,2025-01-03 21:15:26,7.0,12.1,6.6,8.55,1.58,0,7
0.984,24.372,0.638,84.11,1.06,2025-01-03 21:15:26,7.0,12.1,6.6,8.55,1.58,0,7
0.971,24.294,0.64,83.91,1.15,2025-01-04 11:42:19,8.0,9.2,6.0,7.49,1.01,0,8
0.972,24.344,0.407,83.92,1.124,2025-01-04 11:42:19,8.0,9.2,6.0,7.49,1.01,0,8
0.972,24.254,0.407,83.96,1.151,2025-01-04 11:42:19,8.0,9.2,6.0,7.49,1.01,0,8
0.991,24.312,0.583,83.99,1.147,2025-01-04 11:42:19,8.0,9.2,6.0,7.49,1.01,0,8
0.993,24.361,0.563,84.26,1.139,2025-01-04 11:42:19,8.0,9.2,6.0,7.49,1.01,0,8
0.941,24.283,0.525,83.91,1.068,2025-01-04 11:42:19,8.0,9.2,6.0,7.49,1.01,0,8
0.964,24.326,0.452,84.03,1.146,2025-01-04 11:42:19,8.0,9.2,6.0,7.49,1.01,0,8
0.972,24.343,0.321,84.18,1.082,2025-01-04 11:42:19,8.0,9.2,6.0,7.49,1.01,0,8
0.983,24.354,0.57,83.91,1.154,2025-01-04 11:42:19,8.0,9.2,6.0,7.49,1.01,0,8
0.957,24.296,0.628,84.03,1.107,2025-01-04 11:42:19,8.0,9.2,6.0,7.49,1.01,0,8
0.96,24.317,0.907,83.82,1.103,2025-01-04 11:42:19,8.0,9.2,6.0,7.49,1.01,0,8
0.973,24.334,0.54,84.01,1.126,2025-01-04 11:42:19,8.0,9.2,6.0,7.49,1.01,0,8
0.976,24.314,0.565,83.73,1.12,2025-01-04 11:42:19,8.0,9.2,6.0,7.49,1.01,0,8
0.946,24.277,0.52,84.01,1.151,2025-01-04 11:42:19,8.0,9.2,6.0,7.49,1.01,0,8
0.963,24.235,0.419,84.09,1.1,2025-01-04 11:42:19,8.0,9.2,6.0,7.49,1.01,0,8
0.973,24.345,0.422,83.95,1.144,2025-01-04 11:42:19,8.0,9.2,6.0,7.49,1.01,0,8
0.941,24.271,0.605,84.01,1.071,2025-01-04 11:42:19,8.0,9.2,6.0,7.49,1.01,0,8
0.927,24.303,0.784,83.93,1.063,2025-01-04 11:42:19,8.0,9.2,6.0,7.49,1.01,0,8
0.988,24.345,0.414,84.25,1.122,2025-01-04 11:42:19,8.0,9.2,6.0,7.49,1.01,0,8
0.955,24.294,0.746,83.91,1.031,2025-01-04 13:07:29,9.0,9.8,6.3,8.25,1.05,0,9
0.999,24.361,0.196,84.12,1.159,2025-01-04 13:07:29,9.0,9.8,6.3,8.25,1.05,0,9
0.978,24.353,0.5,83.98,1.058,2025-01-04 13:07:29,9.0,9.8,6.3,8.25,1.05,0,9
0.981,24.289,0.633,84.0,1.128,2025-01-04 13:07:29,9.0,9.8,6.3,8.25,1.05,0,9
0.976,24.303,1.005,84.2,1.134,2025-01-04 13:07:29,9.0,9.8,6.3,8.25,1.05,0,9
1.011,24.296,0.53,84.36,1.117,2025-01-04 13:07:29,9.0,9.8,6.3,8.25,1.05,0,9
0.999,24.311,0.482,84.02,1.139,2025-01-04 13:07:29,9.0,9.8,6.3,8.25,1.05,0,9
0.943,24.31,0.49,83.85,1.137,2025-01-04 13:07:29,9.0,9.8,6.3,8.25,1.05,0,9
1.004,24.312,0.344,84.06,1.154,2025-01-04 13:07:29,9.0,9.8,6.3,8.25,1.05,0,9
0.974,24.33,0.515,83.87,1.076,2025-01-04 13:07:29,9.0,9.8,6.3,8.25,1.05,0,9
0.994,24.365,0.532,84.19,1.06,2025-01-04 13:07:29,9.0,9.8,6.3,8.25,1.05,0,9
0.981,24.26,0.487,83.85,1.133,2025-01-04 13:07:29,9.0,9.8,6.3,8.25,1.05,0,9
0.965,24.252,0.507,83.97,1.12,2025-01-04 13:07:29,9.0,9.8,6.3,8.25,1.05,0,9
0.976,24.292,0.613,83.84,1.18,2025-01-04 13:07:29,9.0,9.8,6.3,8.25,1.05,0,9
0.975,24.351,0.703,83.76,1.062,2025-01-04 13:07:29,9.0,9.8,6.3,8.25,1.05,0,9
1.027,24.39,0.397,84.05,1.145,2025-01-04 13:07:29,9.0,9.8,6.3,8.25,1.05,0,9
0.966,24.242,0.691,83.97,1.068,2025-01-04 13:07:29,9.0,9.8,6.3,8.25,1.05,0,9
0.979,24.409,0.645,84.05,1.179,2025-01-04 13:07:29,9.0,9.8,6.3,8.25,1.05,0,9
0.975,24.387,0.389,83.91,1.023,2025-01-05 08:43:33,10.0,10.6,6.0,8.18,1.24,0,10
1.024,24.431,0.774,84.05,1.164,2025-01-05 08:43:33,10.0,10.6,6.0,8.18,1.24,0,10
0.985,24.368,0.58,84.06,1.141,2025-01-05 08:43:33,10.0,10.6,6.0,8.18,1.24,0,10
0.963,24.246,0.849,84.08,1.071,2025-01-05 08:43:33,10.0,10.6,6.0,8.18,1.24,0,10
0.996,24.41,0.542,83.99,1.138,2025-01-05 08:43:33,10.0,10.6,6.0,8.18,1.24,0,10
0.994,24.361,0.635,83.99,1.074,2025-01-05 08:43:33,10.0,10.6,6.0,8.18,1.24,0,10
1.019,24.383,0.457,84.4,1.102,2025-01-05 08:43:33,10.0,10.6,6.0,8.18,1.24,0,10
0.979,24.435,0.535,83.79,1.121,2025-01-05 08:43:33,10.0,10.6,6.0,8.18,1.24,0,10
0.975,24.384,0.595,84.06,1.13,2025-01-05 08:43:33,10.0,10.6,6.0,8.18,1.24,0,10
0.971,24.324,0.691,84.18,1.048,2025-01-05 08:43:33,10.0,10.6,6.0,8.18,1.24,0,10
0.945,24.267,0.6,84.18,1.018,2025-01-05 08:43:33,10.0,10.6,6.0,8.18,1.24,0,10
0.954,24.355,0.673,84.01,1.049,2025-01-05 08:43:33,10.0,10.6,6.0,8.18,1.24,0,10
1.022,24.395,0.502,84.2,1.197,2025-01-05 08:43:33,10.0,10.6,6.0,8.18,1.24,0,10
1.009,24.415,0.628,84.17,1.188,2025-01-05 08:43:33,10.0,10.6,6.0,8.18,1.24,0,10
0.984,24.433,0.47,84.06,1.146,2025-01-05 08:43:33,10.0,10.6,6.0,8.18,1.24,0,10
0.95,24.349,0.439,84.03,1.047,2025-01-05 08:43:33,10.0,10.6,6.0,8.18,1.24,0,10
0.997,24.312,0.487,84.06,1.063,2025-01-05 08:43:33,10.0,10.6,6.0,8.18,1.24,0,10
0.954,24.322,0.651,84.01,1.004,2025-01-05 08:43:33,10.0,10.6,6.0,8.18,1.24,0,10
0.927,24.333,0.575,84.09,1.037,2025-01-05 08:43:33,10.0,10.6,6.0,8.18,1.24,0,10
0.96,24.257,0.389,84.14,1.065,2025-01-05 08:43:30,11.0,9.9,6.9,8.5,0.9,0,11
0.979,24.329,0.964,84.06,1.064,2025-01-05 08:43:30,11.0,9.9,6.9,8.5,0.9,0,11
0.983,24.252,0.648,84.1,1.057,2025-01-05 08:43:30,11.0,9.9,6.9,8.5,0.9,0,11
0.978,24.344,0.623,84.02,1.078,2025-01-05 08:43:30,11.0,9.9,6.9,8.5,0.9,0,11
0.98,24.262,0.55,84.19,1.184,2025-01-05 08:43:30,11.0,9.9,6.9,8.5,0.9,0,11
0.979,24.311,0.548,84.0,1.116,2025-01-05 08:43:30,11.0,9.9,6.9,8.5,0.9,0,11
1.023,24.362,0.678,84.04,1.15,2025-01-05 08:43:30,11.0,9.9,6.9,8.5,0.9,0,11
0.961,24.358,0.53,84.08,1.087,2025-01-05 08:43:30,11.0,9.9,6.9,8.5,0.9,0,11
1.011,24.357,0.5,84.03,1.13,2025-01-05 08:43:30,11.0,9.9,6.9,8.5,0.9,0,11
0.964,24.339,0.573,84.4,1.024,2025-01-05 08:43:30,11.0,9.9,6.9,8.5,0.9,0,11
0.954,24.285,0.387,84.1,1.164,2025-01-05 08:43:30,11.0,9.9,6.9,8.5,0.9,0,11
0.99,24.341,0.769,84.01,1.107,2025-01-05 08:43:30,11.0,9.9,6.9,8.5,0.9,0,11
1.037,24.314,0.387,83.99,1.17,2025-01-05 08:43:30,11.0,9.9,6.9,8.5,0.9,0,11
0.94,24.288,0.701,84.19,1.028,2025-01-05 08:43:30,11.0,9.9,6.9,8.5,0.9,0,11
0.989,24.319,0.5,83.92,1.136,2025-01-05 08:43:30,11.0,9.9,6.9,8.5,0.9,0,11
0.981,24.317,0.61,84.0,1.117,2025-01-05 08:43:30,11.0,9.9,6.9,8.5,0.9,0,11
0.951,24.28,0.866,84.08,0.984,2025-01-05 08:43:30,11.0,9.9,6.9,8.5,0.9,0,11
1.001,24.396,0.625,84.37,1.095,2025-01-05 08:43:30,11.0,9.9,6.9,8.5,0.9,0,11
0.954,24.292,0.942,83.93,1.1,2025-01-05 08:43:30,11.0,9.9,6.9,8.5,0.9,0,11
0.975,24.274,0.495,83.98,1.082,2025-01-05 13:42:22,12.0,10.1,6.5,8.11,1.05,0,12
0.947,24.27,0.585,84.11,1.041,2025-01-05 13:42:22,12.0,10.1,6.5,8.11,1.05,0,12
0.97,24.276,0.419,83.93,1.054,2025-01-05 13:42:22,12.0,10.1,6.5,8.11,1.05,0,12
0.97,24.246,0.748,83.91,1.147,2025-01-05 13:42:22,12.0,10.1,6.5,8.11,1.05,0,12
0.971,24.317,0.666,83.96,1.064,2025-01-05 13:42:22,12.0,10.1,6.5,8.11,1.05,0,12
0.982,24.231,0.58,83.83,1.125,2025-01-05 13:42:22,12.0,10.1,6.5,8.11,1.05,0,12
1.009,24.369,0.512,84.14,1.121,2025-01-05 13:42:22,12.0,10.1,6.5,8.11,1.05,0,12
0.993,24.224,0.786,84.06,1.153,2025-01-05 13:42:22,12.0,10.1,6.5,8.11,1.05,0,12
0.998,24.289,0.487,84.24,1.087,2025-01-05 13:42:22,12.0,10.1,6.5,8.11,1.05,0,12
0.969,24.326,0.688,83.97,1.131,2025-01-05 13:42:22,12.0,10.1,6.5,8.11,1.05,0,12
0.943,24.278,0.457,83.85,1.015,2025-01-05 13:42:22,12.0,10.1,6.5,8.11,1.05,0,12
0.968,24.268,0.605,83.94,1.128,2025-01-05 13:42:22,12.0,10.1,6.5,8.11,1.05,0,12
1.001,24.329,0.819,84.19,1.087,2025-01-05 13:42:22,12.0,10.1,6.5,8.11,1.05,0,12
0.975,24.345,0.304,83.68,1.077,2025-01-05 13:42:22,12.0,10.1,6.5,8.11,1.05,0,12
0.973,24.361,0.497,84.24,1.083,2025-01-05 13:42:22,12.0,10.1,6.5,8.11,1.05,0,12
0.958,24.237,0.555,84.11,1.134,2025-01-05 13:42:22,12.0,10.1,6.5,8.11,1.05,0,12
0.974,24.292,0.645,83.99,1.09,2025-01-05 13:42:22,12.0,10.1,6.5,8.11,1.05,0,12
0.99,24.404,0.919,84.02,1.077,2025-01-05 13:42:22,12.0,10.1,6.5,8.11,1.05,0,12
0.975,24.32,0.432,84.0,1.099,2025-01-05 13:42:22,12.0,10.1,6.5,8.11,1.05,0,12
0.931,24.217,0.537,84.04,1.013,2025-01-05 13:42:18,13.0,16.5,4.9,8.5,2.38,0,13
0.986,24.361,0.487,84.32,1.105,2025-01-05 13:42:18,13.0,16.5,4.9,8.5,2.38,0,13
0.994,24.341,0.505,84.06,1.104,2025-01-05 13:42:18,13.0,16.5,4.9,8.5,2.38,0,13
0.964,24.274,0.879,84.22,1.151,2025-01-05 13:42:18,13.0,16.5,4.9,8.5,2.38,0,13
1.016,24.296,0.851,84.26,1.125,2025-01-05 13:42:18,13.0,16.5,4.9,8.5,2.38,0,13
1.009,24.34,0.555,84.08,1.159,2025-01-05 13:42:18,13.0,16.5,4.9,8.5,2.38,0,13
1.0,24.318,0.412,84.18,1.167,2025-01-05 13:42:18,13.0,16.5,4.9,8.5,2.38,0,13
0.962,24.191,0.59,84.0,1.087,2025-01-05 13:42:18,13.0,16.5,4.9,8.5,2.38,0,13
0.967,24.279,0.56,83.83,1.072,2025-01-05 13:42:18,13.0,16.5,4.9,8.5,2.38,0,13
0.977,24.304,0.681,83.94,1.036,2025-01-05 13:42:18,13.0,16.5,4.9,8.5,2.38,0,13
1.01,24.401,0.316,84.07,1.182,2025-01-05 13:42:18,13.0,16.5,4.9,8.5,2.38,0,13
0.965,24.334,0.53,83.93,1.075,2025-01-05 13:42:18,13.0,16.5,4.9,8.5,2.38,0,13
0.953,24.297,0.776,84.07,1.058,2025-01-05 13:42:18,13.0,16.5,4.9,8.5,2.38,0,13
0.927,24.167,0.573,83.84,1.052,2025-01-05 13:42:18,13.0,16.5,4.9,8.5,2.38,0,13
0.982,24.33,0.397,84.11,1.117,2025-01-05 13:42:18,13.0,16.5,4.9,8.5,2.38,0,13
0.979,24.261,0.452,83.89,1.151,2025-01-05 13:42:18,13.0,16.5,4.9,8.5,2.38,0,13
1.018,24.354,0.515,84.12,1.178,2025-01-05 13:42:18,13.0,16.5,4.9,8.5,2.38,0,13
0.983,24.315,0.643,84.0,1.145,2025-01-05 13:42:18,13.0,16.5,4.9,8.5,2.38,0,13
0.993,24.306,0.45,84.05,1.123,2025-01-05 13:42:18,13.0,16.5,4.9,8.5,2.38,0,13
0.969,24.31,0.452,83.87,1.029,2025-01-05 19:51:55,14.0,10.4,6.4,7.76,1.1,0,14
0.955,24.288,0.462,83.89,1.056,2025-01-05 19:51:55,14.0,10.4,6.4,7.76,1.1,0,14
0.94,24.257,0.397,83.88,1.079,2025-01-05 19:51:55,14.0,10.4,6.4,7.76,1.1,0,14
0.998,24.319,0.764,83.99,1.155,2025-01-05 19:51:55,14.0,10.4,6.4,7.76,1.1,0,14
1.002,24.33,0.525,84.0,1.096,2025-01-05 19:51:55,14.0,10.4,6.4,7.76,1.1,0,14
1.02,24.32,0.563,84.0,1.091,2025-01-05 19:51:55,14.0,10.4,6.4,7.76,1.1,0,14
1.004,24.159,0.437,84.23,1.159,2025-01-05 19:51:55,14.0,10.4,6.4,7.76,1.1,0,14
0.955,24.194,0.834,84.04,1.09,2025-01-05 19:51:55,14.0,10.4,6.4,7.76,1.1,0,14
0.949,24.186,0.718,84.07,1.042,2025-01-05 19:51:55,14.0,10.4,6.4,7.76,1.1,0,14
0.955,24.284,0.477,84.04,1.09,2025-01-05 19:51:55,14.0,10.4,6.4,7.76,1.1,0,14
0.985,24.341,0.585,84.16,1.092,2025-01-05 19:51:55,14.0,10.4,6.4,7.76,1.1,0,14
0.987,24.332,0.806,84.17,1.068,2025-01-05 19:51:55,14.0,10.4,6.4,7.76,1.1,0,14
0.998,24.287,0.59,84.01,1.134,2025-01-05 19:51:55,14.0,10.4,6.4,7.76,1.1,0,14
0.986,24.332,0.502,84.04,1.133,2025-01-05 19:51:55,14.0,10.4,6.4,7.76,1.1,0,14
0.958,24.182,0.583,83.95,1.048,2025-01-05 19:51:55,14.0,10.4,6.4,7.76,1.1,0,14
0.966,24.316,0.683,83.89,1.106,2025-01-05 19:51:55,14.0,10.4,6.4,7.76,1.1,0,14
0.99,24.327,0.527,83.93,1.109,2025-01-05 19:51:55,14.0,10.4,6.4,7.76,1.1,0,14
0.967,24.128,0.462,83.95,1.13,2025-01-05 19:51:55,14.0,10.4,6.4,7.76,1.1,0,14
0.993,24.297,0.769,83.87,1.1,2025-01-05 21:17:02,15.0,9.9,6.3,7.89,1.07,0,15
0.963,24.305,0.407,83.85,1.032,2025-01-05 21:17:02,15.0,9.9,6.3,7.89,1.07,0,15
0.978,24.362,0.741,84.0,1.15,2025-01-05 21:17:02,15.0,9.9,6.3,7.89,1.07,0,15
1.023,24.306,0.51,83.95,1.091,2025-01-05 21:17:02,15.0,9.9,6.3,7.89,1.07,0,15
0.972,24.314,0.465,83.85,1.119,2025-01-05 21:17:02,15.0,9.9,6.3,7.89,1.07,0,15
0.997,24.304,0.977,84.17,1.168,2025-01-05 21:17:02,15.0,9.9,6.3,7.89,1.07,0,15
0.967,24.322,0.457,84.04,1.089,2025-01-05 21:17:02,15.0,9.9,6.3,7.89,1.07,0,15
0.979,24.362,0.573,84.07,1.216,2025-01-05 21:17:02,15.0,9.9,6.3,7.89,1.07,0,15
0.983,24.312,0.583,84.11,1.087,2025-01-05 21:17:02,15.0,9.9,6.3,7.89,1.07,0,15
0.949,24.211,0.738,83.87,1.055,2025-01-05 21:17:02,15.0,9.9,6.3,7.89,1.07,0,15
1.005,24.398,0.409,84.2,1.167,2025-01-05 21:17:02,15.0,9.9,6.3,7.89,1.07,0,15
0.97,24.28,0.696,84.08,1.137,2025-01-05 21:17:02,15.0,9.9,6.3,7.89,1.07,0,15
0.971,24.242,0.969,83.98,1.124,2025-01-05 21:17:02,15.0,9.9,6.3,7.89,1.07,0,15
0.965,24.342,0.389,84.15,1.122,2025-01-05 21:17:02,15.0,9.9,6.3,7.89,1.07,0,15
1.012,24.388,0.507,83.91,1.195,2025-01-05 21:17:02,15.0,9.9,6.3,7.89,1.07,0,15
0.947,24.304,0.525,83.99,1.141,2025-01-05 21:17:02,15.0,9.9,6.3,7.89,1.07,0,15
0.993,24.326,0.693,83.9,1.114,2025-01-05 21:17:02,15.0,9.9,6.3,7.89,1.07,0,15
0.997,24.324,0.424,84.16,1.09,2025-01-05 21:17:02,15.0,9.9,6.3,7.89,1.07,0,15
0.954,24.297,0.688,83.92,1.061,2025-01-06 11:28:56,16.0,10.0,5.4,7.16,1.18,0,16
0.965,24.367,0.492,83.74,1.128,2025-01-06 11:28:56,16.0,10.0,5.4,7.16,1.18,0,16
0.97,24.285,0.485,83.87,1.059,2025-01-06 11:28:56,16.0,10.0,5.4,7.16,1.18,0,16
0.96,24.252,0.738,84.02,1.075,2025-01-06 11:28:56,16.0,10.0,5.4,7.16,1.18,0,16
0.968,24.365,0.598,83.98,0.987,2025-01-06 11:28:56,16.0,10.0,5.4,7.16,1.18,0,16
0.975,24.459,0.46,84.09,1.015,2025-01-06 11:28:56,16.0,10.0,5.4,7.16,1.18,0,16
0.986,24.27,0.52,83.94,1.055,2025-01-06 11:28:56,16.0,10.0,5.4,7.16,1.18,0,16
0.988,24.334,0.578,83.93,1.124,2025-01-06 11:28:56,16.0,10.0,5.4,7.16,1.18,0,16
1.009,24.373,0.698,83.98,1.101,2025-01-06 11:28:56,16.0,10.0,5.4,7.16,1.18,0,16
0.983,24.312,0.568,84.03,1.07,2025-01-06 11:28:56,16.0,10.0,5.4,7.16,1.18,0,16
0.995,24.392,0.492,84.24,1.091,2025-01-06 11:28:56,16.0,10.0,5.4,7.16,1.18,0,16
0.991,24.377,0.61,83.8,1.149,2025-01-06 11:28:56,16.0,10.0,5.4,7.16,1.18,0,16
0.986,24.351,0.645,84.15,1.101,2025-01-06 11:28:56,16.0,10.0,5.4,7.16,1.18,0,16
0.993,24.385,0.58,84.0,1.082,2025-01-06 11:28:56,16.0,10.0,5.4,7.16,1.18,0,16
0.956,24.259,0.563,84.09,1.046,2025-01-06 11:28:56,16.0,10.0,5.4,7.16,1.18,0,16
1.006,24.415,0.814,84.18,1.148,2025-01-06 11:28:56,16.0,10.0,5.4,7.16,1.18,0,16
0.974,24.285,0.505,83.95,1.059,2025-01-06 11:28:56,16.0,10.0,5.4,7.16,1.18,0,16
0.985,24.332,0.47,83.98,1.145,2025-01-06 13:09:07,17.0,10.6,6.6,8.22,1.25,0,17
0.999,24.283,0.497,84.1,1.061,2025-01-06 13:09:07,17.0,10.6,6.6,8.22,1.25,0,17
0.961,24.217,0.507,83.93,1.075,2025-01-06 13:09:07,17.0,10.6,6.6,8.22,1.25,0,17
1.043,24.339,0.533,84.0,1.11,2025-01-06 13:09:07,17.0,10.6,6.6,8.22,1.25,0,17
0.999,24.293,0.296,84.08,1.125,2025-01-06 13:09:07,17.0,10.6,6.6,8.22,1.25,0,17
0.987,24.363,0.291,84.0,1.094,2025-01-06 13:09:07,17.0,10.6,6.6,8.22,1.25,0,17
0.987,24.228,0.545,83.71,1.094,2025-01-06 13:09:07,17.0,10.6,6.6,8.22,1.25,0,17
0.99,24.331,0.51,83.99,1.12,2025-01-06 13:09:07,17.0,10.6,6.6,8.22,1.25,0,17
0.97,24.273,0.844,83.82,1.116,2025-01-06 13:09:07,17.0,10.6,6.6,8.22,1.25,0,17
0.973,24.368,0.635,84.03,1.097,2025-01-06 13:09:07,17.0,10.6,6.6,8.22,1.25,0,17
0.99,24.326,0.738,84.11,1.055,2025-01-06 13:09:07,17.0,10.6,6.6,8.22,1.25,0,17
0.99,24.322,0.447,84.03,1.075,2025-01-06 13:09:07,17.0,10.6,6.6,8.22,1.25,0,17
0.971,24.321,0.46,84.1,1.136,2025-01-06 13:09:07,17.0,10.6,6.6,8.22,1.25,0,17
0.948,24.257,0.404,84.16,1.078,2025-01-06 13:09:07,17.0,10.6,6.6,8.22,1.25,0,17
1.043,24.339,0.435,84.14,1.206,2025-01-06 13:09:07,17.0,10.6,6.6,8.22,1.25,0,17
0.998,24.329,0.475,84.12,1.099,2025-01-06 13:09:07,17.0,10.6,6.6,8.22,1.25,0,17
0.967,24.335,0.713,84.04,1.1,2025-01-06 13:09:07,17.0,10.6,6.6,8.22,1.25,0,17
0.985,24.31,0.341,84.16,1.113,2025-01-06 13:09:07,17.0,10.6,6.6,8.22,1.25,0,17
0.986,24.305,0.814,83.79,1.117,2025-01-06 13:09:07,17.0,10.6,6.6,8.22,1.25,0,17
0.976,24.31,0.352,84.18,1.176,2025-01-06 13:09:07,17.0,10.6,6.6,8.22,1.25,0,17
1.016,24.214,0.344,84.064,1.068,2025-01-06 19:35:02,18.0,10.4,6.5,8.58,1.0,0,18
1.016,24.327,0.44,84.171,1.174,2025-01-06 19:35:02,18.0,10.4,6.5,8.58,1.0,0,18
1.008,24.346,0.585,84.029,1.118,2025-01-06 19:35:02,18.0,10.4,6.5,8.58,1.0,0,18
1.015,24.306,0.655,84.266,1.078,2025-01-06 19:35:02,18.0,10.4,6.5,8.58,1.0,0,18
0.964,24.334,0.643,84.189,1.025,2025-01-06 19:35:02,18.0,10.4,6.5,8.58,1.0,0,18
1.018,24.255,0.462,84.269,1.074,2025-01-06 19:35:02,18.0,10.4,6.5,8.58,1.0,0,18
1.023,24.317,0.39,84.034,1.032,2025-01-06 19:35:02,18.0,10.4,6.5,8.58,1.0,0,18
1.008,24.263,0.513,84.381,1.118,2025-01-06 19:35:02,18.0,10.4,6.5,8.58,1.0,0,18
1.028,24.337,0.453,84.263,1.206,2025-01-06 19:35:02,18.0,10.4,6.5,8.58,1.0,0,18
1.0,24.182,0.445,84.356,1.072,2025-01-06 19:35:02,18.0,10.4,6.5,8.58,1.0,0,18
1.015,24.225,0.541,84.244,1.13,2025-01-06 19:35:02,18.0,10.4,6.5,8.58,1.0,0,18
0.994,24.303,0.613,83.934,1.144,2025-01-06 19:35:02,18.0,10.4,6.5,8.58,1.0,0,18
1.017,24.216,0.468,83.921,1.148,2025-01-06 19:35:02,18.0,10.4,6.5,8.58,1.0,0,18
0.983,24.168,0.483,83.9,1.075,2025-01-06 19:35:02,18.0,10.4,6.5,8.58,1.0,0,18
1.032,24.33,0.436,84.076,1.112,2025-01-06 19:35:02,18.0,10.4,6.5,8.58,1.0,0,18
1.014,24.311,0.66,84.042,1.095,2025-01-06 19:35:02,18.0,10.4,6.5,8.58,1.0,0,18
0.991,24.328,0.514,83.977,1.124,2025-01-06 19:35:02,18.0,10.4,6.5,8.58,1.0,0,18
0.999,24.197,0.492,83.966,1.099,2025-01-06 19:35:02,18.0,10.4,6.5,8.58,1.0,0,18
1.002,24.272,0.757,84.15,1.199,2025-01-06 19:35:02,18.0,10.4,6.5,8.58,1.0,0,18
0.99,24.356,0.477,84.28,1.08,2025-01-06 21:24:25,19.0,10.1,6.9,8.21,0.97,0,19
0.991,24.357,0.62,84.07,1.099,2025-01-06 21:24:25,19.0,10.1,6.9,8.21,0.97,0,19
1.019,24.398,0.558,84.26,1.138,2025-01-06 21:24:25,19.0,10.1,6.9,8.21,0.97,0,19
0.96,24.338,0.522,84.12,1.06,2025-01-06 21:24:25,19.0,10.1,6.9,8.21,0.97,0,19
0.969,24.283,0.761,83.97,1.128,2025-01-06 21:24:25,19.0,10.1,6.9,8.21,0.97,0,19
1.017,24.337,0.661,83.99,1.095,2025-01-06 21:24:25,19.0,10.1,6.9,8.21,0.97,0,19
0.987,24.435,0.457,84.1,1.052,2025-01-06 21:24:25,19.0,10.1,6.9,8.21,0.97,0,19
0.998,24.377,0.58,84.11,1.149,2025-01-06 21:24:25,19.0,10.1,6.9,8.21,0.97,0,19
0.991,24.267,0.402,84.01,1.113,2025-01-06 21:24:25,19.0,10.1,6.9,8.21,0.97,0,19
0.961,24.306,0.497,84.2,1.043,2025-01-06 21:24:25,19.0,10.1,6.9,8.21,0.97,0,19
0.986,24.296,0.63,84.0,1.158,2025-01-06 21:24:25,19.0,10.1,6.9,8.21,0.97,0,19
0.976,24.338,0.821,84.01,1.132,2025-01-06 21:24:25,19.0,10.1,6.9,8.21,0.97,0,19
0.981,24.24,0.766,83.87,1.125,2025-01-06 21:24:25,19.0,10.1,6.9,8.21,0.97,0,19
0.986,24.444,0.412,84.24,1.021,2025-01-06 21:24:25,19.0,10.1,6.9,8.21,0.97,0,19
1.03,24.413,0.528,84.4,1.164,2025-01-06 21:24:25,19.0,10.1,6.9,8.21,0.97,0,19
0.985,24.372,0.455,83.92,1.166,2025-01-06 21:24:25,19.0,10.1,6.9,8.21,0.97,0,19
0.998,24.34,0.467,83.91,1.109,2025-01-06 21:24:25,19.0,10.1,6.9,8.21,0.97,0,19
1.006,24.218,0.507,84.09,1.196,2025-01-06 21:24:25,19.0,10.1,6.9,8.21,0.97,0,19
1.011,24.298,0.364,84.13,1.146,2025-01-06 21:24:25,19.0,10.1,6.9,8.21,0.97,0,19
1.015,24.305,0.57,84.21,1.163,2025-01-07 11:26:37,20.0,11.1,6.5,8.42,1.19,0,20
1.023,24.418,0.59,84.22,1.046,2025-01-07 11:26:37,20.0,11.1,6.5,8.42,1.19,0,20
0.985,24.323,0.525,83.97,1.124,2025-01-07 11:26:37,20.0,11.1,6.5,8.42,1.19,0,20
1.015,24.314,0.563,84.07,1.161,2025-01-07 11:26:37,20.0,11.1,6.5,8.42,1.19,0,20
1.022,24.41,0.593,84.34,1.145,2025-01-07 11:26:37,20.0,11.1,6.5,8.42,1.19,0,20
1.034,24.409,0.419,84.17,1.142,2025-01-07 11:26:37,20.0,11.1,6.5,8.42,1.19,0,20
0.997,24.379,0.623,84.17,1.157,2025-01-07 11:26:37,20.0,11.1,6.5,8.42,1.19,0,20
0.982,24.256,0.758,83.86,1.103,2025-01-07 11:26:37,20.0,11.1,6.5,8.42,1.19,0,20
1.047,24.424,0.623,84.13,1.233,2025-01-07 11:26:37,20.0,11.1,6.5,8.42,1.19,0,20
0.98,24.39,0.648,83.77,1.136,2025-01-07 11:26:37,20.0,11.1,6.5,8.42,1.19,0,20
1.042,24.41,0.568,84.01,1.175,2025-01-07 11:26:37,20.0,11.1,6.5,8.42,1.19,0,20
1.015,24.361,0.337,83.85,1.136,2025-01-07 11:26:37,20.0,11.1,6.5,8.42,1.19,0,20
1.031,24.405,0.535,83.92,1.234,2025-01-07 11:26:37,20.0,11.1,6.5,8.42,1.19,0,20
1.019,24.406,0.543,83.92,1.147,2025-01-07 11:26:37,20.0,11.1,6.5,8.42,1.19,0,20
1.005,24.311,0.618,83.91,1.157,2025-01-07 11:26:37,20.0,11.1,6.5,8.42,1.19,0,20
1.021,24.398,0.505,84.0,1.106,2025-01-07 11:26:37,20.0,11.1,6.5,8.42,1.19,0,20
1.032,24.407,0.731,84.0,1.184,2025-01-07 11:26:37,20.0,11.1,6.5,8.42,1.19,0,20
1.051,24.419,0.487,84.24,1.199,2025-01-07 11:26:37,20.0,11.1,6.5,8.42,1.19,0,20
0.996,24.311,0.384,83.85,1.039,2025-01-07 13:11:46,21.0,10.6,5.2,7.35,1.23,0,21
0.959,24.261,0.54,84.02,1.012,2025-01-07 13:11:46,21.0,10.6,5.2,7.35,1.23,0,21
0.985,24.305,0.623,83.8,1.088,2025-01-07 13:11:46,21.0,10.6,5.2,7.35,1.23,0,21
0.949,24.225,0.648,84.07,1.057,2025-01-07 13:11:46,21.0,10.6,5.2,7.35,1.23,0,21
0.987,24.306,0.568,84.04,1.128,2025-01-07 13:11:46,21.0,10.6,5.2,7.35,1.23,0,21
0.946,24.171,0.766,83.82,1.075,2025-01-07 13:11:46,21.0,10.6,5.2,7.35,1.23,0,21
0.973,24.311,0.796,83.93,1.163,2025-01-07 13:11:46,21.0,10.6,5.2,7.35,1.23,0,21
0.97,24.29,0.743,83.97,1.129,2025-01-07 13:11:46,21.0,10.6,5.2,7.35,1.23,0,21
0.974,24.259,0.693,83.99,1.102,2025-01-07 13:11:46,21.0,10.6,5.2,7.35,1.23,0,21
1.021,24.304,0.43,84.08,1.114,2025-01-07 13:11:46,21.0,10.6,5.2,7.35,1.23,0,21
1.008,24.357,0.505,83.96,1.124,2025-01-07 13:11:46,21.0,10.6,5.2,7.35,1.23,0,21
0.943,24.247,0.836,83.68,1.06,2025-01-07 13:11:46,21.0,10.6,5.2,7.35,1.23,0,21
1.02,24.359,0.485,84.09,1.017,2025-01-07 13:11:46,21.0,10.6,5.2,7.35,1.23,0,21
0.988,24.293,0.593,83.91,1.147,2025-01-07 13:11:46,21.0,10.6,5.2,7.35,1.23,0,21
0.99,24.357,0.794,84.19,1.084,2025-01-07 13:11:46,21.0,10.6,5.2,7.35,1.23,0,21
0.976,24.214,0.593,83.85,1.119,2025-01-07 13:11:46,21.0,10.6,5.2,7.35,1.23,0,21
0.933,24.197,0.646,84.19,1.042,2025-01-07 13:11:46,21.0,10.6,5.2,7.35,1.23,0,21
0.959,24.245,0.578,83.97,1.049,2025-01-07 13:11:46,21.0,10.6,5.2,7.35,1.23,0,21
1.002,24.279,0.585,83.98,1.176,2025-01-07 13:11:46,21.0,10.6,5.2,7.35,1.23,0,21
0.972,24.339,0.839,83.895,1.09,2025-01-07 20:13:26,22.0,12.3,5.8,7.9,1.55,0,22
0.962,24.246,0.488,84.101,1.053,2025-01-07 20:13:26,22.0,12.3,5.8,7.9,1.55,0,22
0.994,24.262,0.537,84.228,1.037,2025-01-07 20:13:26,22.0,12.3,5.8,7.9,1.55,0,22
0.989,24.271,0.417,83.986,1.07,2025-01-07 20:13:26,22.0,12.3,5.8,7.9,1.55,0,22
0.963,24.396,0.455,84.078,0.996,2025-01-07 20:13:26,22.0,12.3,5.8,7.9,1.55,0,22
0.98,24.258,0.6,84.079,1.044,2025-01-07 20:13:26,22.0,12.3,5.8,7.9,1.55,0,22
0.996,24.212,0.628,83.883,1.116,2025-01-07 20:13:26,22.0,12.3,5.8,7.9,1.55,0,22
0.978,24.311,0.567,83.802,1.106,2025-01-07 20:13:26,22.0,12.3,5.8,7.9,1.55,0,22
0.949,24.242,0.502,84.011,1.151,2025-01-07 20:13:26,22.0,12.3,5.8,7.9,1.55,0,22
0.958,24.213,0.503,83.743,1.04,2025-01-07 20:13:26,22.0,12.3,5.8,7.9,1.55,0,22
0.973,24.218,0.447,84.057,1.06,2025-01-07 20:13:26,22.0,12.3,5.8,7.9,1.55,0,22
0.989,24.238,0.708,83.988,1.107,2025-01-07 20:13:26,22.0,12.3,5.8,7.9,1.55,0,22
0.977,24.268,0.551,84.173,1.092,2025-01-07 20:13:26,22.0,12.3,5.8,7.9,1.55,0,22
0.983,24.336,0.36,83.904,1.04,2025-01-07 20:13:26,22.0,12.3,5.8,7.9,1.55,0,22
1.024,24.406,0.578,84.232,1.08,2025-01-07 20:13:26,22.0,12.3,5.8,7.9,1.55,0,22
0.969,24.297,0.702,84.072,1.052,2025-01-07 20:13:26,22.0,12.3,5.8,7.9,1.55,0,22
1.033,24.426,0.474,84.226,1.179,2025-01-07 21:53:52,23.0,9.3,6.2,7.51,1.02,0,23
0.986,24.29,0.419,84.042,0.996,2025-01-07 21:53:52,23.0,9.3,6.2,7.51,1.02,0,23
1.021,24.247,0.506,84.016,1.145,2025-01-07 21:53:52,23.0,9.3,6.2,7.51,1.02,0,23
1.008,24.435,0.648,83.916,1.055,2025-01-07 21:53:52,23.0,9.3,6.2,7.51,1.02,0,23
0.967,24.219,0.466,84.036,1.023,2025-01-07 21:53:52,23.0,9.3,6.2,7.51,1.02,0,23
1.027,24.354,0.695,84.095,1.042,2025-01-07 21:53:52,23.0,9.3,6.2,7.51,1.02,0,23
0.987,24.349,0.545,84.091,1.065,2025-01-07 21:53:52,23.0,9.3,6.2,7.51,1.02,0,23
1.009,24.4,0.703,84.187,1.066,2025-01-07 21:53:52,23.0,9.3,6.2,7.51,1.02,0,23
0.982,24.37,0.374,83.774,1.093,2025-01-07 21:53:52,23.0,9.3,6.2,7.51,1.02,0,23
0.972,24.358,0.506,84.146,1.072,2025-01-07 21:53:52,23.0,9.3,6.2,7.51,1.02,0,23
0.973,24.374,0.912,84.124,1.081,2025-01-07 21:53:52,23.0,9.3,6.2,7.51,1.02,0,23
0.975,24.279,0.599,84.093,1.094,2025-01-07 21:53:52,23.0,9.3,6.2,7.51,1.02,0,23
0.991,24.335,0.487,84.056,1.035,2025-01-07 21:53:52,23.0,9.3,6.2,7.51,1.02,0,23
1.008,24.413,0.735,84.08,1.063,2025-01-07 21:53:52,23.0,9.3,6.2,7.51,1.02,0,23
0.995,24.329,0.715,84.167,1.085,2025-01-07 21:53:52,23.0,9.3,6.2,7.51,1.02,0,23
0.953,24.17,0.486,84.046,1.062,2025-01-07 21:53:52,23.0,9.3,6.2,7.51,1.02,0,23
0.935,24.21,0.7,83.67,1.02,2025-01-07 21:53:52,23.0,9.3,6.2,7.51,1.02,0,23
0.974,24.347,0.681,84.04,1.083,2025-01-08 11:34:15,24.0,11.4,5.4,8.36,1.67,0,24
0.974,24.39,0.758,84.1,1.107,2025-01-08 11:34:15,24.0,11.4,5.4,8.36,1.67,0,24
0.972,24.377,0.402,84.39,1.099,2025-01-08 11:34:15,24.0,11.4,5.4,8.36,1.67,0,24
0.959,24.319,0.698,84.11,1.032,2025-01-08 11:34:15,24.0,11.4,5.4,8.36,1.67,0,24
0.98,24.328,0.502,84.28,1.139,2025-01-08 11:34:15,24.0,11.4,5.4,8.36,1.67,0,24
0.999,24.373,0.492,84.01,1.191,2025-01-08 11:34:15,24.0,11.4,5.4,8.36,1.67,0,24
1.005,24.35,0.467,83.85,1.145,2025-01-08 11:34:15,24.0,11.4,5.4,8.36,1.67,0,24
0.957,24.361,0.442,84.13,1.064,2025-01-08 11:34:15,24.0,11.4,5.4,8.36,1.67,0,24
0.946,24.364,0.603,84.01,1.096,2025-01-08 11:34:15,24.0,11.4,5.4,8.36,1.67,0,24
0.994,24.367,0.505,84.01,1.134,2025-01-08 11:34:15,24.0,11.4,5.4,8.36,1.67,0,24
0.995,24.371,0.301,83.99,1.162,2025-01-08 11:34:15,24.0,11.4,5.4,8.36,1.67,0,24
0.979,24.372,0.605,83.89,1.206,2025-01-08 11:34:15,24.0,11.4,5.4,8.36,1.67,0,24
1.005,24.394,0.535,83.95,1.098,2025-01-08 11:34:15,24.0,11.4,5.4,8.36,1.67,0,24
0.958,24.345,0.472,83.78,1.174,2025-01-08 11:34:15,24.0,11.4,5.4,8.36,1.67,0,24
0.977,24.424,0.482,83.82,1.144,2025-01-08 11:34:15,24.0,11.4,5.4,8.36,1.67,0,24
1.037,24.44,0.65,84.21,1.219,2025-01-08 11:34:15,24.0,11.4,5.4,8.36,1.67,0,24
0.972,24.353,0.681,84.08,1.049,2025-01-08 11:34:15,24.0,11.4,5.4,8.36,1.67,0,24
0.996,24.339,0.439,83.95,1.088,2025-01-08 13:09:23,25.0,13.3,6.0,8.49,1.48,0,25
0.995,24.18,0.394,83.97,1.077,2025-01-08 13:09:23,25.0,13.3,6.0,8.49,1.48,0,25
0.931,24.302,0.593,83.99,1.002,2025-01-08 13:09:23,25.0,13.3,6.0,8.49,1.48,0,25
0.984,24.23,0.392,84.17,1.102,2025-01-08 13:09:23,25.0,13.3,6.0,8.49,1.48,0,25
0.978,24.278,0.5,84.25,1.105,2025-01-08 13:09:23,25.0,13.3,6.0,8.49,1.48,0,25
0.957,24.23,0.829,84.02,1.014,2025-01-08 13:09:23,25.0,13.3,6.0,8.49,1.48,0,25
0.996,24.312,0.56,84.18,1.105,2025-01-08 13:09:23,25.0,13.3,6.0,8.49,1.48,0,25
0.963,24.323,0.645,84.02,1.075,2025-01-08 13:09:23,25.0,13.3,6.0,8.49,1.48,0,25
0.985,24.294,0.487,84.13,1.135,2025-01-08 13:09:23,25.0,13.3,6.0,8.49,1.48,0,25
0.993,24.283,0.432,83.99,1.099,2025-01-08 13:09:23,25.0,13.3,6.0,8.49,1.48,0,25
0.983,24.193,0.62,84.18,1.141,2025-01-08 13:09:23,25.0,13.3,6.0,8.49,1.48,0,25
0.955,24.29,0.821,83.75,1.06,2025-01-08 13:09:23,25.0,13.3,6.0,8.49,1.48,0,25
1.007,24.265,0.756,84.32,1.146,2025-01-08 13:09:23,25.0,13.3,6.0,8.49,1.48,0,25
0.969,24.311,0.45,84.02,1.053,2025-01-08 13:09:23,25.0,13.3,6.0,8.49,1.48,0,25
0.989,24.296,0.517,84.1,1.073,2025-01-08 13:09:23,25.0,13.3,6.0,8.49,1.48,0,25
0.991,24.309,0.583,83.94,1.169,2025-01-08 13:09:23,25.0,13.3,6.0,8.49,1.48,0,25
0.969,24.263,0.588,83.77,1.164,2025-01-08 13:09:23,25.0,13.3,6.0,8.49,1.48,0,25
0.966,24.259,0.537,84.02,1.123,2025-01-08 13:09:23,25.0,13.3,6.0,8.49,1.48,0,25
1.015,24.258,0.54,84.26,1.169,2025-01-08 13:09:23,25.0,13.3,6.0,8.49,1.48,0,25
0.966,24.363,0.618,83.97,1.075,2025-01-08 19:14:42,26.0,9.1,4.8,7.21,0.96,0,26
0.969,24.345,0.814,83.93,1.056,2025-01-08 19:14:42,26.0,9.1,4.8,7.21,0.96,0,26
0.957,24.364,0.708,83.94,1.054,2025-01-08 19:14:42,26.0,9.1,4.8,7.21,0.96,0,26
0.994,24.265,0.57,84.25,1.116,2025-01-08 19:14:42,26.0,9.1,4.8,7.21,0.96,0,26
0.957,24.301,0.585,84.02,1.07,2025-01-08 19:14:42,26.0,9.1,4.8,7.21,0.96,0,26
0.947,24.324,0.535,83.89,1.115,2025-01-08 19:14:42,26.0,9.1,4.8,7.21,0.96,0,26
0.986,24.405,0.653,84.02,1.088,2025-01-08 19:14:42,26.0,9.1,4.8,7.21,0.96,0,26
0.969,24.35,0.583,84.05,1.049,2025-01-08 19:14:42,26.0,9.1,4.8,7.21,0.96,0,26
0.978,24.308,0.625,84.04,1.084,2025-01-08 19:14:42,26.0,9.1,4.8,7.21,0.96,0,26
0.977,24.376,0.477,83.9,1.042,2025-01-08 19:14:42,26.0,9.1,4.8,7.21,0.96,0,26
0.981,24.394,0.548,84.09,1.121,2025-01-08 19:14:42,26.0,9.1,4.8,7.21,0.96,0,26
0.964,24.271,0.462,84.0,1.107,2025-01-08 19:14:42,26.0,9.1,4.8,7.21,0.96,0,26
0.949,24.35,0.542,83.88,1.063,2025-01-08 19:14:42,26.0,9.1,4.8,7.21,0.96,0,26
0.985,24.272,0.445,84.22,1.098,2025-01-08 19:14:42,26.0,9.1,4.8,7.21,0.96,0,26
0.981,24.276,0.761,84.19,1.045,2025-01-08 19:14:42,26.0,9.1,4.8,7.21,0.96,0,26
0.985,24.345,0.5,84.13,1.14,2025-01-08 19:14:42,26.0,9.1,4.8,7.21,0.96,0,26
0.971,24.301,0.618,84.07,1.124,2025-01-08 19:14:42,26.0,9.1,4.8,7.21,0.96,0,26
0.975,24.366,0.909,83.86,1.07,2025-01-08 19:14:42,26.0,9.1,4.8,7.21,0.96,0,26
0.995,24.469,0.537,84.09,1.112,2025-01-08 21:14:49,27.0,10.2,5.8,8.38,1.22,0,27
1.009,24.376,0.696,84.23,1.195,2025-01-08 21:14:49,27.0,10.2,5.8,8.38,1.22,0,27
0.973,24.319,0.62,83.92,1.04,2025-01-08 21:14:49,27.0,10.2,5.8,8.38,1.22,0,27
0.966,24.321,0.53,83.91,1.086,2025-01-08 21:14:49,27.0,10.2,5.8,8.38,1.22,0,27
1.025,24.379,0.575,83.93,1.128,2025-01-08 21:14:49,27.0,10.2,5.8,8.38,1.22,0,27
0.971,24.368,0.751,84.16,1.099,2025-01-08 21:14:49,27.0,10.2,5.8,8.38,1.22,0,27
0.995,24.395,0.525,84.25,1.201,2025-01-08 21:14:49,27.0,10.2,5.8,8.38,1.22,0,27
1.007,24.377,0.575,84.01,1.103,2025-01-08 21:14:49,27.0,10.2,5.8,8.38,1.22,0,27
0.98,24.307,0.52,84.09,1.195,2025-01-08 21:14:49,27.0,10.2,5.8,8.38,1.22,0,27
0.992,24.322,0.472,84.02,1.115,2025-01-08 21:14:49,27.0,10.2,5.8,8.38,1.22,0,27
1.021,24.456,0.52,83.97,1.128,2025-01-08 21:14:49,27.0,10.2,5.8,8.38,1.22,0,27
1.013,24.463,0.485,83.97,1.175,2025-01-08 21:14:49,27.0,10.2,5.8,8.38,1.22,0,27
0.988,24.336,0.658,83.91,1.106,2025-01-08 21:14:49,27.0,10.2,5.8,8.38,1.22,0,27
0.986,24.359,0.61,84.01,1.161,2025-01-08 21:14:49,27.0,10.2,5.8,8.38,1.22,0,27
0.995,24.416,0.716,84.26,1.147,2025-01-08 21:14:49,27.0,10.2,5.8,8.38,1.22,0,27
0.946,24.387,0.58,83.91,1.012,2025-01-08 21:14:49,27.0,10.2,5.8,8.38,1.22,0,27
0.983,24.377,0.809,84.04,1.103,2025-01-08 21:14:49,27.0,10.2,5.8,8.38,1.22,0,27
1.006,24.376,0.557,84.09,1.208,2025-01-08 21:14:49,27.0,10.2,5.8,8.38,1.22,0,27
0.969,24.344,0.673,83.99,1.096,2025-01-08 21:14:49,27.0,10.2,5.8,8.38,1.22,0,27
0.994,24.273,0.663,83.97,1.098,2025-01-12 11:59:08,28.0,20.7,4.7,7.8,3.48,0,28
0.985,24.307,0.477,83.9,1.034,2025-01-12 11:59:08,28.0,20.7,4.7,7.8,3.48,0,28
0.98,24.294,0.48,83.69,0.991,2025-01-12 11:59:08,28.0,20.7,4.7,7.8,3.48,0,28
1.011,24.406,0.558,84.19,1.189,2025-01-12 11:59:08,28.0,20.7,4.7,7.8,3.48,0,28
0.993,24.336,0.548,84.11,1.073,2025-01-12 11:59:08,28.0,20.7,4.7,7.8,3.48,0,28
0.976,24.339,0.756,83.85,1.059,2025-01-12 11:59:08,28.0,20.7,4.7,7.8,3.48,0,28
0.992,24.271,0.407,84.07,1.038,2025-01-12 11:59:08,28.0,20.7,4.7,7.8,3.48,0,28
1.005,24.273,0.663,83.99,1.147,2025-01-12 11:59:08,28.0,20.7,4.7,7.8,3.48,0,28
1.006,24.38,0.522,84.01,1.077,2025-01-12 11:59:08,28.0,20.7,4.7,7.8,3.48,0,28
0.994,24.305,0.598,84.09,1.124,2025-01-12 11:59:08,28.0,20.7,4.7,7.8,3.48,0,28
0.954,24.246,0.399,83.87,1.004,2025-01-12 11:59:08,28.0,20.7,4.7,7.8,3.48,0,28
0.967,24.23,0.57,83.9,1.024,2025-01-12 11:59:08,28.0,20.7,4.7,7.8,3.48,0,28
0.964,24.284,0.56,83.99,1.068,2025-01-12 11:59:08,28.0,20.7,4.7,7.8,3.48,0,28
0.976,24.283,0.57,83.96,1.079,2025-01-12 11:59:08,28.0,20.7,4.7,7.8,3.48,0,28
0.968,24.196,0.394,83.85,1.116,2025-01-12 11:59:08,28.0,20.7,4.7,7.8,3.48,0,28
0.973,24.17,0.671,84.08,1.091,2025-01-12 11:59:08,28.0,20.7,4.7,7.8,3.48,0,28
0.96,24.241,0.985,84.03,1.086,2025-01-12 11:59:08,28.0,20.7,4.7,7.8,3.48,0,28
1.023,24.366,0.568,83.97,1.16,2025-01-12 11:59:08,28.0,20.7,4.7,7.8,3.48,0,28
0.945,24.239,0.909,83.94,1.07,2025-01-12 11:59:08,28.0,20.7,4.7,7.8,3.48,0,28
1.036,24.328,0.593,84.1,1.132,2025-01-12 13:09:17,29.0,11.9,4.7,7.79,1.81,0,29
0.976,24.185,0.482,83.78,1.127,2025-01-12 13:09:17,29.0,11.9,4.7,7.79,1.81,0,29
1.003,24.38,0.623,84.0,1.168,2025-01-12 13:09:17,29.0,11.9,4.7,7.79,1.81,0,29
1.004,24.301,0.834,83.91,1.094,2025-01-12 13:09:17,29.0,11.9,4.7,7.79,1.81,0,29
0.94,24.182,0.402,83.98,1.082,2025-01-12 13:09:17,29.0,11.9,4.7,7.79,1.81,0,29
0.985,24.339,0.897,83.94,1.115,2025-01-12 13:09:17,29.0,11.9,4.7,7.79,1.81,0,29
0.984,24.253,0.389,84.0,1.122,2025-01-12 13:09:17,29.0,11.9,4.7,7.79,1.81,0,29
1.013,24.425,0.487,84.1,1.138,2025-01-12 13:09:17,29.0,11.9,4.7,7.79,1.81,0,29
0.966,24.266,0.861,83.85,1.092,2025-01-12 13:09:17,29.0,11.9,4.7,7.79,1.81,0,29
0.991,24.258,0.64,83.97,1.081,2025-01-12 13:09:17,29.0,11.9,4.7,7.79,1.81,0,29
1.017,24.333,0.595,84.04,1.132,2025-01-12 13:09:17,29.0,11.9,4.7,7.79,1.81,0,29
0.992,24.316,0.51,83.82,1.162,2025-01-12 13:09:17,29.0,11.9,4.7,7.79,1.81,0,29
0.988,24.315,0.643,84.04,1.14,2025-01-12 13:09:17,29.0,11.9,4.7,7.79,1.81,0,29
0.984,24.356,0.691,84.0,1.074,2025-01-12 13:09:17,29.0,11.9,4.7,7.79,1.81,0,29
0.949,24.269,0.402,83.68,1.081,2025-01-12 13:09:17,29.0,11.9,4.7,7.79,1.81,0,29
0.972,24.313,0.545,83.77,1.131,2025-01-12 13:09:17,29.0,11.9,4.7,7.79,1.81,0,29
1.001,24.254,0.208,84.15,1.12,2025-01-12 13:09:17,29.0,11.9,4.7,7.79,1.81,0,29
0.947,24.215,0.49,83.96,1.09,2025-01-12 13:09:17,29.0,11.9,4.7,7.79,1.81,0,29
0.999,24.346,0.585,84.0,1.04,2025-01-12 13:09:17,29.0,11.9,4.7,7.79,1.81,0,29
1.011,24.262,0.394,84.19,1.14,2025-01-12 19:24:29,30.0,11.7,6.0,8.3,1.24,0,30
1.033,24.301,0.58,84.17,1.206,2025-01-12 19:24:29,30.0,11.7,6.0,8.3,1.24,0,30
1.01,24.287,0.57,83.82,1.133,2025-01-12 19:24:29,30.0,11.7,6.0,8.3,1.24,0,30
1.019,24.307,0.495,84.05,1.159,2025-01-12 19:24:29,30.0,11.7,6.0,8.3,1.24,0,30
1.026,24.302,0.372,83.96,1.196,2025-01-12 19:24:29,30.0,11.7,6.0,8.3,1.24,0,30
1.042,24.372,0.47,84.01,1.142,2025-01-12 19:24:29,30.0,11.7,6.0,8.3,1.24,0,30
0.983,24.268,0.821,83.85,1.079,2025-01-12 19:24:29,30.0,11.7,6.0,8.3,1.24,0,30
1.012,24.304,0.452,84.03,1.249,2025-01-12 19:24:29,30.0,11.7,6.0,8.3,1.24,0,30
1.005,24.229,0.874,83.91,1.167,2025-01-12 19:24:29,30.0,11.7,6.0,8.3,1.24,0,30
1.016,24.341,0.537,83.82,1.239,2025-01-12 19:24:29,30.0,11.7,6.0,8.3,1.24,0,30
0.998,24.252,0.45,83.94,1.143,2025-01-12 19:24:29,30.0,11.7,6.0,8.3,1.24,0,30
1.02,24.254,0.412,84.02,1.147,2025-01-12 19:24:29,30.0,11.7,6.0,8.3,1.24,0,30
1.043,24.343,0.46,83.97,1.164,2025-01-12 19:24:29,30.0,11.7,6.0,8.3,1.24,0,30
1.015,24.261,0.389,83.95,1.105,2025-01-12 19:24:29,30.0,11.7,6.0,8.3,1.24,0,30
0.973,24.321,0.522,84.08,1.108,2025-01-12 19:24:29,30.0,11.7,6.0,8.3,1.24,0,30
0.999,24.306,0.824,83.99,1.136,2025-01-12 19:24:29,30.0,11.7,6.0,8.3,1.24,0,30
0.99,24.298,1.01,83.94,1.073,2025-01-12 21:09:36,31.0,9.2,4.6,6.93,1.2,0,31
0.964,24.309,0.553,83.91,0.984,2025-01-12 21:09:36,31.0,9.2,4.6,6.93,1.2,0,31
0.979,24.374,0.678,83.67,1.064,2025-01-12 21:09:36,31.0,9.2,4.6,6.93,1.2,0,31
1.008,24.333,0.444,84.16,1.045,2025-01-12 21:09:36,31.0,9.2,4.6,6.93,1.2,0,31
1.026,24.348,0.477,84.23,1.09,2025-01-12 21:09:36,31.0,9.2,4.6,6.93,1.2,0,31
0.991,24.301,0.691,84.05,1.055,2025-01-12 21:09:36,31.0,9.2,4.6,6.93,1.2,0,31
0.98,24.272,0.829,84.08,1.077,2025-01-12 21:09:36,31.0,9.2,4.6,6.93,1.2,0,31
0.932,24.272,0.645,83.85,1.038,2025-01-12 21:09:36,31.0,9.2,4.6,6.93,1.2,0,31
0.987,24.253,0.517,83.94,1.08,2025-01-12 21:09:36,31.0,9.2,4.6,6.93,1.2,0,31
0.981,24.294,0.537,83.88,1.039,2025-01-12 21:09:36,31.0,9.2,4.6,6.93,1.2,0,31
0.97,24.312,0.354,84.02,1.016,2025-01-12 21:09:36,31.0,9.2,4.6,6.93,1.2,0,31
0.973,24.281,0.49,84.09,1.023,2025-01-12 21:09:36,31.0,9.2,4.6,6.93,1.2,0,31
0.975,24.267,0.766,84.04,1.083,2025-01-12 21:09:36,31.0,9.2,4.6,6.93,1.2,0,31
0.978,24.275,0.397,84.09,1.098,2025-01-12 21:09:36,31.0,9.2,4.6,6.93,1.2,0,31
1.014,24.311,0.54,83.93,1.146,2025-01-12 21:09:36,31.0,9.2,4.6,6.93,1.2,0,31
0.97,24.326,0.48,83.8,1.083,2025-01-12 21:09:36,31.0,9.2,4.6,6.93,1.2,0,31
0.976,24.237,0.575,83.91,1.021,2025-01-12 21:09:36,31.0,9.2,4.6,6.93,1.2,0,31
0.959,24.283,0.595,84.24,1.127,2025-01-12 21:09:36,31.0,9.2,4.6,6.93,1.2,0,31
0.954,24.293,0.452,83.96,1.111,2025-01-12 21:09:36,31.0,9.2,4.6,6.93,1.2,0,31
0.984,24.3,0.635,83.92,1.049,2025-01-12 21:09:36,31.0,9.2,4.6,6.93,1.2,0,31
0.992,24.39,0.5,84.07,1.154,2025-01-13 11:25:29,32.0,30.2,6.7,9.32,5.13,0,32
0.968,24.227,0.894,84.0,1.061,2025-01-13 11:25:29,32.0,30.2,6.7,9.32,5.13,0,32
0.972,24.318,0.824,83.95,1.141,2025-01-13 11:25:29,32.0,30.2,6.7,9.32,5.13,0,32
0.995,24.346,0.497,83.82,1.121,2025-01-13 11:25:29,32.0,30.2,6.7,9.32,5.13,0,32
0.951,24.328,0.535,83.58,1.083,2025-01-13 11:25:29,32.0,30.2,6.7,9.32,5.13,0,32
1.004,24.299,0.432,83.83,1.146,2025-01-13 11:25:29,32.0,30.2,6.7,9.32,5.13,0,32
0.946,24.199,0.766,83.9,1.108,2025-01-13 11:25:29,32.0,30.2,6.7,9.32,5.13,0,32
0.956,24.166,0.937,83.93,1.08,2025-01-13 11:25:29,32.0,30.2,6.7,9.32,5.13,0,32
0.95,24.254,0.703,83.91,1.032,2025-01-13 11:25:29,32.0,30.2,6.7,9.32,5.13,0,32
1.023,24.359,0.527,84.23,1.167,2025-01-13 11:25:29,32.0,30.2,6.7,9.32,5.13,0,32
0.927,24.24,0.696,83.88,1.063,2025-01-13 11:25:29,32.0,30.2,6.7,9.32,5.13,0,32
0.972,24.275,0.811,84.1,1.091,2025-01-13 11:25:29,32.0,30.2,6.7,9.32,5.13,0,32
0.997,24.28,0.673,83.97,1.144,2025-01-13 11:25:29,32.0,30.2,6.7,9.32,5.13,0,32
0.957,24.298,0.711,84.02,1.055,2025-01-13 11:25:29,32.0,30.2,6.7,9.32,5.13,0,32
0.966,24.307,0.711,83.74,1.053,2025-01-13 11:25:29,32.0,30.2,6.7,9.32,5.13,0,32
0.976,24.378,0.555,84.19,1.07,2025-01-13 11:25:29,32.0,30.2,6.7,9.32,5.13,0,32
0.961,24.245,0.635,83.87,1.016,2025-01-13 11:25:29,32.0,30.2,6.7,9.32,5.13,0,32
0.938,24.203,0.806,84.12,1.092,2025-01-13 11:25:29,32.0,30.2,6.7,9.32,5.13,0,32
0.956,24.316,0.696,84.19,1.118,2025-01-13 11:25:29,32.0,30.2,6.7,9.32,5.13,0,32
1.004,24.311,0.736,83.91,1.122,2025-01-13 13:10:38,33.0,10.2,6.8,8.36,0.98,0,33
0.987,24.294,0.432,84.2,1.127,2025-01-13 13:10:38,33.0,10.2,6.8,8.36,0.98,0,33
0.94,24.31,0.57,83.67,1.066,2025-01-13 13:10:38,33.0,10.2,6.8,8.36,0.98,0,33
0.945,24.28,0.726,83.9,1.078,2025-01-13 13:10:38,33.0,10.2,6.8,8.36,0.98,0,33
0.991,24.313,0.475,84.05,1.108,2025-01-13 13:10:38,33.0,10.2,6.8,8.36,0.98,0,33
0.945,24.334,0.497,84.06,1.033,2025-01-13 13:10:38,33.0,10.2,6.8,8.36,0.98,0,33
0.961,24.291,0.608,83.93,1.13,2025-01-13 13:10:38,33.0,10.2,6.8,8.36,0.98,0,33
1.016,24.371,0.465,84.16,1.07,2025-01-13 13:10:38,33.0,10.2,6.8,8.36,0.98,0,33
0.943,24.263,0.706,84.02,1.051,2025-01-13 13:10:38,33.0,10.2,6.8,8.36,0.98,0,33
0.981,24.327,0.894,84.13,1.111,2025-01-13 13:10:38,33.0,10.2,6.8,8.36,0.98,0,33
0.977,24.285,0.545,84.15,1.086,2025-01-13 13:10:38,33.0,10.2,6.8,8.36,0.98,0,33
0.936,24.272,0.535,83.92,1.089,2025-01-13 13:10:38,33.0,10.2,6.8,8.36,0.98,0,33
0.939,24.266,0.512,83.97,1.111,2025-01-13 13:10:38,33.0,10.2,6.8,8.36,0.98,0,33
0.98,24.357,0.55,83.93,1.07,2025-01-13 13:10:38,33.0,10.2,6.8,8.36,0.98,0,33
0.99,24.378,0.49,83.94,1.086,2025-01-13 13:10:38,33.0,10.2,6.8,8.36,0.98,0,33
0.998,24.331,0.655,84.22,1.103,2025-01-13 13:10:38,33.0,10.2,6.8,8.36,0.98,0,33
0.955,24.159,0.332,83.98,1.074,2025-01-13 13:10:38,33.0,10.2,6.8,8.36,0.98,0,33
0.975,24.35,0.455,83.95,1.078,2025-01-13 13:10:38,33.0,10.2,6.8,8.36,0.98,0,33
0.98,24.334,0.618,84.02,1.124,2025-01-13 13:10:38,33.0,10.2,6.8,8.36,0.98,0,33
0.948,24.182,0.907,83.95,1.131,2025-01-13 13:10:38,33.0,10.2,6.8,8.36,0.98,0,33
0.958,24.262,0.615,84.15,1.083,2025-01-13 19:05:47,34.0,12.3,7.3,8.97,1.24,0,34
0.998,24.338,0.367,84.19,1.16,2025-01-13 19:05:47,34.0,12.3,7.3,8.97,1.24,0,34
1.028,24.344,0.495,84.41,1.085,2025-01-13 19:05:47,34.0,12.3,7.3,8.97,1.24,0,34
0.974,24.317,0.495,84.09,1.118,2025-01-13 19:05:47,34.0,12.3,7.3,8.97,1.24,0,34
0.966,24.311,0.472,84.04,1.139,2025-01-13 19:05:47,34.0,12.3,7.3,8.97,1.24,0,34
0.98,24.359,0.615,84.04,1.084,2025-01-13 19:05:47,34.0,12.3,7.3,8.97,1.24,0,34
0.959,24.342,0.339,83.95,1.065,2025-01-13 19:05:47,34.0,12.3,7.3,8.97,1.24,0,34
0.96,24.219,0.994,83.9,1.116,2025-01-13 19:05:47,34.0,12.3,7.3,8.97,1.24,0,34
0.989,24.325,0.59,84.24,1.083,2025-01-13 19:05:47,34.0,12.3,7.3,8.97,1.24,0,34
0.983,24.318,0.487,84.07,1.164,2025-01-13 19:05:47,34.0,12.3,7.3,8.97,1.24,0,34
0.989,24.304,0.412,84.11,1.117,2025-01-13 19:05:47,34.0,12.3,7.3,8.97,1.24,0,34
0.997,24.376,0.51,83.76,1.077,2025-01-13 19:05:47,34.0,12.3,7.3,8.97,1.24,0,34
1.007,24.291,0.545,84.0,1.118,2025-01-13 19:05:47,34.0,12.3,7.3,8.97,1.24,0,34
0.987,24.257,0.47,84.17,1.149,2025-01-13 19:05:47,34.0,12.3,7.3,8.97,1.24,0,34
0.998,24.29,0.658,84.15,1.107,2025-01-13 19:05:47,34.0,12.3,7.3,8.97,1.24,0,34
0.989,24.322,0.615,84.02,1.129,2025-01-13 19:05:47,34.0,12.3,7.3,8.97,1.24,0,34
1.0,24.269,0.334,84.03,1.127,2025-01-13 19:05:47,34.0,12.3,7.3,8.97,1.24,0,34
1.009,24.345,0.665,84.0,1.112,2025-01-13 19:05:47,34.0,12.3,7.3,8.97,1.24,0,34
0.986,24.252,0.532,84.01,1.137,2025-01-13 19:05:47,34.0,12.3,7.3,8.97,1.24,0,34
1.007,24.36,0.467,84.17,1.083,2025-01-13 21:20:55,35.0,12.6,7.9,9.4,1.32,0,35
0.989,24.419,0.319,84.01,1.13,2025-01-13 21:20:55,35.0,12.6,7.9,9.4,1.32,0,35
1.023,24.382,0.683,84.23,1.169,2025-01-13 21:20:55,35.0,12.6,7.9,9.4,1.32,0,35
0.987,24.347,0.686,84.19,1.088,2025-01-13 21:20:55,35.0,12.6,7.9,9.4,1.32,0,35
0.938,24.242,0.894,83.98,1.048,2025-01-13 21:20:55,35.0,12.6,7.9,9.4,1.32,0,35
0.95,24.296,0.467,84.09,1.095,2025-01-13 21:20:55,35.0,12.6,7.9,9.4,1.32,0,35
1.008,24.416,0.638,84.01,1.099,2025-01-13 21:20:55,35.0,12.6,7.9,9.4,1.32,0,35
0.962,24.33,0.65,83.98,1.07,2025-01-13 21:20:55,35.0,12.6,7.9,9.4,1.32,0,35
0.953,24.326,0.5,83.95,1.041,2025-01-13 21:20:55,35.0,12.6,7.9,9.4,1.32,0,35
0.982,24.316,0.409,84.21,1.102,2025-01-13 21:20:55,35.0,12.6,7.9,9.4,1.32,0,35
0.965,24.24,0.663,84.05,1.086,2025-01-13 21:20:55,35.0,12.6,7.9,9.4,1.32,0,35
1.001,24.274,0.648,84.05,1.183,2025-01-13 21:20:55,35.0,12.6,7.9,9.4,1.32,0,35
1.006,24.329,0.655,84.14,1.148,2025-01-13 21:20:55,35.0,12.6,7.9,9.4,1.32,0,35
0.994,24.346,0.573,83.9,1.16,2025-01-13 21:20:55,35.0,12.6,7.9,9.4,1.32,0,35
0.962,24.236,0.663,84.24,1.095,2025-01-13 21:20:55,35.0,12.6,7.9,9.4,1.32,0,35
0.958,24.209,0.552,84.02,1.119,2025-01-13 21:20:55,35.0,12.6,7.9,9.4,1.32,0,35
0.989,24.379,0.69,84.19,1.099,2025-01-13 21:20:55,35.0,12.6,7.9,9.4,1.32,0,35
0.982,24.34,0.397,83.92,1.094,2025-01-13 21:20:55,35.0,12.6,7.9,9.4,1.32,0,35
0.991,24.281,0.728,84.22,1.097,2025-01-14 11:32:08,36.0,12.4,6.4,8.6,1.41,0,36
0.974,24.395,0.58,84.28,1.109,2025-01-14 11:32:08,36.0,12.4,6.4,8.6,1.41,0,36
0.965,24.296,0.344,83.9,1.119,2025-01-14 11:32:08,36.0,12.4,6.4,8.6,1.41,0,36
0.964,24.259,0.703,84.15,1.043,2025-01-14 11:32:08,36.0,12.4,6.4,8.6,1.41,0,36
0.979,24.329,0.565,83.88,1.16,2025-01-14 11:32:08,36.0,12.4,6.4,8.6,1.41,0,36
0.962,24.255,0.658,83.9,1.062,2025-01-14 11:32:08,36.0,12.4,6.4,8.6,1.41,0,36
0.991,24.325,0.379,83.99,1.205,2025-01-14 11:32:08,36.0,12.4,6.4,8.6,1.41,0,36
0.957,24.226,0.718,83.99,1.048,2025-01-14 11:32:08,36.0,12.4,6.4,8.6,1.41,0,36
0.981,24.246,0.447,83.85,1.08,2025-01-14 11:32:08,36.0,12.4,6.4,8.6,1.41,0,36
0.93,24.249,0.515,83.95,1.007,2025-01-14 11:32:08,36.0,12.4,6.4,8.6,1.41,0,36
0.985,24.295,0.625,83.91,1.091,2025-01-14 11:32:08,36.0,12.4,6.4,8.6,1.41,0,36
0.983,24.36,0.55,83.91,1.13,2025-01-14 11:32:08,36.0,12.4,6.4,8.6,1.41,0,36
0.962,24.237,0.638,83.84,1.041,2025-01-14 11:32:08,36.0,12.4,6.4,8.6,1.41,0,36
0.947,24.267,0.447,83.81,1.128,2025-01-14 11:32:08,36.0,12.4,6.4,8.6,1.41,0,36
0.989,24.301,0.658,84.26,1.091,2025-01-14 11:32:08,36.0,12.4,6.4,8.6,1.41,0,36
0.967,24.29,0.68,84.25,1.044,2025-01-14 11:32:08,36.0,12.4,6.4,8.6,1.41,0,36
0.944,24.221,0.397,83.97,1.066,2025-01-14 11:32:08,36.0,12.4,6.4,8.6,1.41,0,36
0.986,24.314,0.573,84.14,1.064,2025-01-14 11:32:08,36.0,12.4,6.4,8.6,1.41,0,36
0.978,24.402,0.397,83.99,1.136,2025-01-14 13:07:16,37.0,10.8,8.2,9.33,0.78,0,37
0.954,24.222,0.565,83.99,0.995,2025-01-14 13:07:16,37.0,10.8,8.2,9.33,0.78,0,37
1.022,24.297,0.427,84.0,1.12,2025-01-14 13:07:16,37.0,10.8,8.2,9.33,0.78,0,37
0.988,24.292,0.409,83.93,1.158,2025-01-14 13:07:16,37.0,10.8,8.2,9.33,0.78,0,37
1.006,24.328,0.711,84.09,1.077,2025-01-14 13:07:16,37.0,10.8,8.2,9.33,0.78,0,37
0.955,24.293,0.532,84.17,1.087,2025-01-14 13:07:16,37.0,10.8,8.2,9.33,0.78,0,37
0.966,24.291,0.824,83.96,1.071,2025-01-14 13:07:16,37.0,10.8,8.2,9.33,0.78,0,37
0.997,24.344,0.698,84.14,1.167,2025-01-14 13:07:16,37.0,10.8,8.2,9.33,0.78,0,37
0.971,24.314,0.678,84.21,1.137,2025-01-14 13:07:16,37.0,10.8,8.2,9.33,0.78,0,37
0.972,24.328,0.741,83.84,1.086,2025-01-14 13:07:16,37.0,10.8,8.2,9.33,0.78,0,37
1.001,24.255,0.869,84.17,1.21,2025-01-14 13:07:16,37.0,10.8,8.2,9.33,0.78,0,37
0.955,24.328,0.449,84.02,1.104,2025-01-14 13:07:16,37.0,10.8,8.2,9.33,0.78,0,37
0.971,24.279,0.716,84.07,1.123,2025-01-14 13:07:16,37.0,10.8,8.2,9.33,0.78,0,37
1.002,24.361,0.578,84.0,1.141,2025-01-14 13:07:16,37.0,10.8,8.2,9.33,0.78,0,37
0.971,24.259,0.48,84.07,1.086,2025-01-14 13:07:16,37.0,10.8,8.2,9.33,0.78,0,37
0.979,24.282,0.54,84.0,1.127,2025-01-14 13:07:16,37.0,10.8,8.2,9.33,0.78,0,37
0.964,24.241,0.788,83.91,1.114,2025-01-14 13:07:16,37.0,10.8,8.2,9.33,0.78,0,37
0.963,24.35,0.585,84.0,1.121,2025-01-14 13:07:16,37.0,10.8,8.2,9.33,0.78,0,37
1.016,24.351,0.532,83.9,1.119,2025-01-14 19:22:25,38.0,10.9,6.9,8.83,1.03,0,38
0.989,24.234,0.919,83.98,1.144,2025-01-14 19:22:25,38.0,10.9,6.9,8.83,1.03,0,38
1.002,24.263,0.613,84.05,1.075,2025-01-14 19:22:25,38.0,10.9,6.9,8.83,1.03,0,38
0.98,24.318,0.68,83.96,1.121,2025-01-14 19:22:25,38.0,10.9,6.9,8.83,1.03,0,38
0.969,24.281,0.633,83.75,1.082,2025-01-14 19:22:25,38.0,10.9,6.9,8.83,1.03,0,38
0.938,24.264,0.693,83.95,1.083,2025-01-14 19:22:25,38.0,10.9,6.9,8.83,1.03,0,38
0.96,24.36,0.799,84.0,1.104,2025-01-14 19:22:25,38.0,10.9,6.9,8.83,1.03,0,38
0.987,24.243,0.47,84.26,1.154,2025-01-14 19:22:25,38.0,10.9,6.9,8.83,1.03,0,38
0.998,24.246,0.605,84.07,1.125,2025-01-14 19:22:25,38.0,10.9,6.9,8.83,1.03,0,38
0.987,24.37,0.64,83.88,1.091,2025-01-14 19:22:25,38.0,10.9,6.9,8.83,1.03,0,38
0.981,24.258,0.321,83.8,1.065,2025-01-14 19:22:25,38.0,10.9,6.9,8.83,1.03,0,38
1.012,24.24,0.608,83.97,1.155,2025-01-14 19:22:25,38.0,10.9,6.9,8.83,1.03,0,38
0.986,24.315,0.577,84.06,1.089,2025-01-14 19:22:25,38.0,10.9,6.9,8.83,1.03,0,38
0.984,24.243,0.517,83.99,1.101,2025-01-14 19:22:25,38.0,10.9,6.9,8.83,1.03,0,38
0.964,24.248,0.61,84.06,1.079,2025-01-14 19:22:25,38.0,10.9,6.9,8.83,1.03,0,38
0.986,24.278,0.648,83.91,1.103,2025-01-14 19:22:25,38.0,10.9,6.9,8.83,1.03,0,38
0.964,24.303,0.55,84.03,1.121,2025-01-14 19:22:25,38.0,10.9,6.9,8.83,1.03,0,38
0.993,24.336,0.62,83.85,1.125,2025-01-14 21:12:35,39.0,20.9,8.1,10.03,2.74,0,39
1.001,24.301,0.708,84.06,1.154,2025-01-14 21:12:35,39.0,20.9,8.1,10.03,2.74,0,39
0.982,24.274,0.889,84.18,1.049,2025-01-14 21:12:35,39.0,20.9,8.1,10.03,2.74,0,39
1.003,24.235,0.45,84.04,1.106,2025-01-14 21:12:35,39.0,20.9,8.1,10.03,2.74,0,39
0.971,24.301,0.68,84.17,1.141,2025-01-14 21:12:35,39.0,20.9,8.1,10.03,2.74,0,39
1.0,24.3,0.512,84.15,1.139,2025-01-14 21:12:35,39.0,20.9,8.1,10.03,2.74,0,39
0.981,24.259,0.585,83.93,1.095,2025-01-14 21:12:35,39.0,20.9,8.1,10.03,2.74,0,39
1.004,24.284,0.407,84.07,1.206,2025-01-14 21:12:35,39.0,20.9,8.1,10.03,2.74,0,39
0.986,24.265,0.698,83.91,1.093,2025-01-14 21:12:35,39.0,20.9,8.1,10.03,2.74,0,39
0.972,24.249,0.568,84.23,1.144,2025-01-14 21:12:35,39.0,20.9,8.1,10.03,2.74,0,39
0.985,24.252,0.5,83.93,1.162,2025-01-14 21:12:35,39.0,20.9,8.1,10.03,2.74,0,39
1.021,24.26,0.613,84.05,1.144,2025-01-14 21:12:35,39.0,20.9,8.1,10.03,2.74,0,39
0.957,24.202,0.5,84.02,1.099,2025-01-14 21:12:35,39.0,20.9,8.1,10.03,2.74,0,39
0.974,24.265,0.522,83.9,1.053,2025-01-14 21:12:35,39.0,20.9,8.1,10.03,2.74,0,39
0.993,24.321,0.618,84.15,1.161,2025-01-14 21:12:35,39.0,20.9,8.1,10.03,2.74,0,39
1.008,24.363,0.507,84.23,1.165,2025-01-14 21:12:35,39.0,20.9,8.1,10.03,2.74,0,39
0.982,24.286,0.653,84.01,1.074,2025-01-14 21:12:35,39.0,20.9,8.1,10.03,2.74,0,39
0.972,24.268,0.547,83.97,1.18,2025-01-14 21:12:35,39.0,20.9,8.1,10.03,2.74,0,39
0.962,24.302,0.495,84.0,1.097,2025-01-15 11:29:14,40.0,10.6,7.3,8.34,0.8,0,40
0.989,24.347,0.628,84.16,1.169,2025-01-15 11:29:14,40.0,10.6,7.3,8.34,0.8,0,40
1.02,24.393,0.718,83.96,1.102,2025-01-15 11:29:14,40.0,10.6,7.3,8.34,0.8,0,40
1.016,24.367,0.583,84.17,1.148,2025-01-15 11:29:14,40.0,10.6,7.3,8.34,0.8,0,40
0.961,24.36,0.6,83.86,1.09,2025-01-15 11:29:14,40.0,10.6,7.3,8.34,0.8,0,40
0.997,24.323,0.402,83.97,1.153,2025-01-15 11:29:14,40.0,10.6,7.3,8.34,0.8,0,40
0.961,24.226,0.575,84.15,1.101,2025-01-15 11:29:14,40.0,10.6,7.3,8.34,0.8,0,40
0.977,24.212,0.537,84.21,1.152,2025-01-15 11:29:14,40.0,10.6,7.3,8.34,0.8,0,40
0.969,24.416,0.655,84.02,1.092,2025-01-15 11:29:14,40.0,10.6,7.3,8.34,0.8,0,40
0.974,24.286,0.683,83.99,1.091,2025-01-15 11:29:14,40.0,10.6,7.3,8.34,0.8,0,40
0.968,24.321,0.761,84.13,1.044,2025-01-15 11:29:14,40.0,10.6,7.3,8.34,0.8,0,40
0.973,24.295,0.437,84.11,1.015,2025-01-15 11:29:14,40.0,10.6,7.3,8.34,0.8,0,40
0.99,24.459,0.542,84.05,1.091,2025-01-15 11:29:14,40.0,10.6,7.3,8.34,0.8,0,40
0.981,24.322,0.746,84.04,1.096,2025-01-15 11:29:14,40.0,10.6,7.3,8.34,0.8,0,40
0.983,24.318,0.535,84.12,1.028,2025-01-15 11:29:14,40.0,10.6,7.3,8.34,0.8,0,40
0.987,24.383,0.414,83.98,1.088,2025-01-15 11:29:14,40.0,10.6,7.3,8.34,0.8,0,40
0.992,24.268,0.954,83.94,1.118,2025-01-15 11:29:14,40.0,10.6,7.3,8.34,0.8,0,40
0.995,24.414,0.688,84.11,1.139,2025-01-15 11:29:14,40.0,10.6,7.3,8.34,0.8,0,40
0.95,24.285,0.57,83.99,1.166,2025-01-15 11:29:14,40.0,10.6,7.3,8.34,0.8,0,40
0.97,24.281,0.492,83.77,1.084,2025-01-15 13:09:23,41.0,10.7,7.9,9.06,0.82,0,41
0.979,24.316,0.781,83.76,1.072,2025-01-15 13:09:23,41.0,10.7,7.9,9.06,0.82,0,41
1.017,24.339,0.728,84.03,1.06,2025-01-15 13:09:23,41.0,10.7,7.9,9.06,0.82,0,41
1.011,24.258,0.414,84.1,1.083,2025-01-15 13:09:23,41.0,10.7,7.9,9.06,0.82,0,41
0.988,24.305,0.357,84.02,1.065,2025-01-15 13:09:23,41.0,10.7,7.9,9.06,0.82,0,41
0.991,24.325,0.223,84.07,1.071,2025-01-15 13:09:23,41.0,10.7,7.9,9.06,0.82,0,41
1.007,24.214,0.608,84.06,1.104,2025-01-15 13:09:23,41.0,10.7,7.9,9.06,0.82,0,41
0.979,24.218,0.52,83.86,1.045,2025-01-15 13:09:23,41.0,10.7,7.9,9.06,0.82,0,41
0.984,24.256,0.568,83.96,1.006,2025-01-15 13:09:23,41.0,10.7,7.9,9.06,0.82,0,41
0.987,24.255,0.675,84.06,1.073,2025-01-15 13:09:23,41.0,10.7,7.9,9.06,0.82,0,41
0.989,24.347,0.467,84.18,1.069,2025-01-15 13:09:23,41.0,10.7,7.9,9.06,0.82,0,41
0.972,24.197,0.718,83.8,1.098,2025-01-15 13:09:23,41.0,10.7,7.9,9.06,0.82,0,41
0.997,24.252,0.407,84.06,1.063,2025-01-15 13:09:23,41.0,10.7,7.9,9.06,0.82,0,41
0.997,24.275,0.505,84.06,1.145,2025-01-15 13:09:23,41.0,10.7,7.9,9.06,0.82,0,41
0.972,24.217,0.475,84.23,1.086,2025-01-15 13:09:23,41.0,10.7,7.9,9.06,0.82,0,41
0.991,24.317,0.816,83.98,1.069,2025-01-15 13:09:23,41.0,10.7,7.9,9.06,0.82,0,41
0.968,24.299,0.52,84.0,1.102,2025-01-15 13:09:23,41.0,10.7,7.9,9.06,0.82,0,41
1.014,24.32,0.67,84.04,1.169,2025-01-15 13:09:23,41.0,10.7,7.9,9.06,0.82,0,41
0.997,24.268,0.55,83.7,1.137,2025-01-15 13:09:23,41.0,10.7,7.9,9.06,0.82,0,41
0.983,24.226,0.861,83.87,1.144,2025-01-15 13:09:23,41.0,10.7,7.9,9.06,0.82,0,41
0.999,24.399,0.811,84.19,1.006,2025-02-12 11:03:57,42.0,8.4,4.6,6.53,0.95,0,42
1.009,24.334,0.959,84.06,1.149,2025-02-12 11:03:57,42.0,8.4,4.6,6.53,0.95,0,42
0.985,24.39,0.429,84.11,1.106,2025-02-12 11:03:57,42.0,8.4,4.6,6.53,0.95,0,42
1.006,24.378,0.324,84.38,1.102,2025-02-12 11:03:57,42.0,8.4,4.6,6.53,0.95,0,42
1.004,24.298,0.738,84.12,1.01,2025-02-12 11:03:57,42.0,8.4,4.6,6.53,0.95,0,42
0.989,24.352,0.51,83.93,1.084,2025-02-12 11:03:57,42.0,8.4,4.6,6.53,0.95,0,42
0.966,24.304,0.603,84.32,1.046,2025-02-12 11:03:57,42.0,8.4,4.6,6.53,0.95,0,42
0.979,24.323,0.485,83.88,1.058,2025-02-12 11:03:57,42.0,8.4,4.6,6.53,0.95,0,42
0.991,24.313,0.414,83.61,1.124,2025-02-12 11:03:57,42.0,8.4,4.6,6.53,0.95,0,42
0.988,24.353,0.419,83.97,1.112,2025-02-12 11:03:57,42.0,8.4,4.6,6.53,0.95,0,42
0.96,24.398,0.638,83.85,1.096,2025-02-12 11:03:57,42.0,8.4,4.6,6.53,0.95,0,42
1.005,24.284,0.535,83.95,1.084,2025-02-12 11:03:57,42.0,8.4,4.6,6.53,0.95,0,42
0.999,24.314,0.595,83.97,1.135,2025-02-12 11:03:57,42.0,8.4,4.6,6.53,0.95,0,42
1.009,24.321,0.728,84.19,1.118,2025-02-12 11:03:57,42.0,8.4,4.6,6.53,0.95,0,42
0.996,24.37,0.522,83.7,1.186,2025-02-12 11:03:57,42.0,8.4,4.6,6.53,0.95,0,42
1.029,24.414,0.542,84.09,1.17,2025-02-12 11:03:57,42.0,8.4,4.6,6.53,0.95,0,42
0.995,24.366,0.54,83.97,1.159,2025-02-12 11:03:57,42.0,8.4,4.6,6.53,0.95,0,42
0.989,24.322,0.427,83.98,1.114,2025-02-12 11:03:57,42.0,8.4,4.6,6.53,0.95,0,42
0.998,24.299,0.384,84.02,1.081,2025-02-12 11:03:57,42.0,8.4,4.6,6.53,0.95,0,42
0.978,24.235,0.384,83.92,1.012,2025-02-12 19:54:09,43.0,9.0,5.5,6.85,0.96,0,43
0.987,24.28,0.695,84.16,1.076,2025-02-12 19:54:09,43.0,9.0,5.5,6.85,0.96,0,43
0.977,24.325,0.628,83.77,1.042,2025-02-12 19:54:09,43.0,9.0,5.5,6.85,0.96,0,43
1.018,24.304,0.555,84.18,1.136,2025-02-12 19:54:09,43.0,9.0,5.5,6.85,0.96,0,43
0.987,24.297,0.537,83.78,1.139,2025-02-12 19:54:09,43.0,9.0,5.5,6.85,0.96,0,43
0.958,24.328,0.329,83.62,1.069,2025-02-12 19:54:09,43.0,9.0,5.5,6.85,0.96,0,43
1.0,24.301,0.924,84.32,1.115,2025-02-12 19:54:09,43.0,9.0,5.5,6.85,0.96,0,43
0.983,24.28,0.5,84.05,1.167,2025-02-12 19:54:09,43.0,9.0,5.5,6.85,0.96,0,43
0.978,24.369,0.362,84.12,1.045,2025-02-12 19:54:09,43.0,9.0,5.5,6.85,0.96,0,43
1.027,24.355,0.286,84.26,1.176,2025-02-12 19:54:09,43.0,9.0,5.5,6.85,0.96,0,43
0.976,24.259,0.402,84.41,1.07,2025-02-12 19:54:09,43.0,9.0,5.5,6.85,0.96,0,43
0.996,24.307,0.515,84.09,1.067,2025-02-12 19:54:09,43.0,9.0,5.5,6.85,0.96,0,43
0.986,24.225,0.698,84.05,1.08,2025-02-12 19:54:09,43.0,9.0,5.5,6.85,0.96,0,43
0.974,24.337,0.354,84.02,1.109,2025-02-12 19:54:09,43.0,9.0,5.5,6.85,0.96,0,43
1.001,24.279,0.377,83.9,1.073,2025-02-12 19:54:09,43.0,9.0,5.5,6.85,0.96,0,43
0.962,24.291,0.585,83.86,1.071,2025-02-12 19:54:09,43.0,9.0,5.5,6.85,0.96,0,43
0.977,24.318,0.299,84.01,1.105,2025-02-12 19:54:09,43.0,9.0,5.5,6.85,0.96,0,43
0.993,24.324,0.698,84.43,1.093,2025-02-12 21:09:19,44.0,8.2,4.5,6.09,0.99,0,44
0.964,24.234,0.721,84.01,1.024,2025-02-12 21:09:19,44.0,8.2,4.5,6.09,0.99,0,44
0.998,24.287,0.412,83.86,1.121,2025-02-12 21:09:19,44.0,8.2,4.5,6.09,0.99,0,44
0.996,24.346,0.713,84.07,1.098,2025-02-12 21:09:19,44.0,8.2,4.5,6.09,0.99,0,44
1.016,24.342,0.555,83.76,1.07,2025-02-12 21:09:19,44.0,8.2,4.5,6.09,0.99,0,44
0.984,24.276,0.565,84.04,1.085,2025-02-12 21:09:19,44.0,8.2,4.5,6.09,0.99,0,44
0.996,24.342,0.502,84.15,1.104,2025-02-12 21:09:19,44.0,8.2,4.5,6.09,0.99,0,44
1.021,24.423,0.507,84.0,1.129,2025-02-12 21:09:19,44.0,8.2,4.5,6.09,0.99,0,44
0.961,24.333,0.982,84.08,1.064,2025-02-12 21:09:19,44.0,8.2,4.5,6.09,0.99,0,44
0.99,24.37,0.492,84.24,1.128,2025-02-12 21:09:19,44.0,8.2,4.5,6.09,0.99,0,44
0.96,24.211,0.638,83.88,1.076,2025-02-12 21:09:19,44.0,8.2,4.5,6.09,0.99,0,44
0.983,24.344,0.515,84.11,1.027,2025-02-12 21:09:19,44.0,8.2,4.5,6.09,0.99,0,44
0.96,24.316,0.357,83.74,1.097,2025-02-12 21:09:19,44.0,8.2,4.5,6.09,0.99,0,44
0.985,24.325,0.886,84.23,1.127,2025-02-12 21:09:19,44.0,8.2,4.5,6.09,0.99,0,44
1.01,24.372,0.454,84.0,1.103,2025-02-12 21:09:19,44.0,8.2,4.5,6.09,0.99,0,44
0.997,24.323,0.369,83.92,1.111,2025-02-12 21:09:19,44.0,8.2,4.5,6.09,0.99,0,44
0.996,24.433,0.791,83.81,1.038,2025-02-12 21:09:19,44.0,8.2,4.5,6.09,0.99,0,44
1.003,24.372,0.339,84.09,1.129,2025-02-12 21:09:19,44.0,8.2,4.5,6.09,0.99,0,44
0.995,24.263,0.547,84.1,1.137,2025-02-12 21:09:19,44.0,8.2,4.5,6.09,0.99,0,44
0.98,24.284,0.464,84.04,1.138,2025-02-13 12:34:52,45.0,10.5,4.8,6.26,1.33,0,45
0.992,24.329,0.673,83.86,1.114,2025-02-13 12:34:52,45.0,10.5,4.8,6.26,1.33,0,45
0.981,24.286,0.475,83.85,1.152,2025-02-13 12:34:52,45.0,10.5,4.8,6.26,1.33,0,45
0.986,24.263,0.59,83.92,1.089,2025-02-13 12:34:52,45.0,10.5,4.8,6.26,1.33,0,45
1.024,24.297,0.525,84.01,1.119,2025-02-13 12:34:52,45.0,10.5,4.8,6.26,1.33,0,45
0.982,24.279,0.683,84.01,1.084,2025-02-13 12:34:52,45.0,10.5,4.8,6.26,1.33,0,45
0.955,24.23,0.578,84.02,1.086,2025-02-13 12:34:52,45.0,10.5,4.8,6.26,1.33,0,45
0.948,24.229,0.455,83.89,1.005,2025-02-13 12:34:52,45.0,10.5,4.8,6.26,1.33,0,45
0.978,24.243,0.62,83.91,1.099,2025-02-13 12:34:52,45.0,10.5,4.8,6.26,1.33,0,45
0.986,24.325,0.899,83.9,1.039,2025-02-13 12:34:52,45.0,10.5,4.8,6.26,1.33,0,45
0.974,24.205,0.55,83.7,1.1,2025-02-13 12:34:52,45.0,10.5,4.8,6.26,1.33,0,45
1.0,24.279,0.605,84.19,1.158,2025-02-13 12:34:52,45.0,10.5,4.8,6.26,1.33,0,45
0.988,24.394,0.56,83.94,1.07,2025-02-13 12:34:52,45.0,10.5,4.8,6.26,1.33,0,45
0.949,24.246,0.693,83.86,1.102,2025-02-13 12:34:52,45.0,10.5,4.8,6.26,1.33,0,45
0.982,24.289,0.522,84.15,1.099,2025-02-13 12:34:52,45.0,10.5,4.8,6.26,1.33,0,45
0.967,24.237,0.51,83.94,1.069,2025-02-13 12:34:52,45.0,10.5,4.8,6.26,1.33,0,45
0.979,24.282,0.568,84.18,1.108,2025-02-13 12:34:52,45.0,10.5,4.8,6.26,1.33,0,45
0.991,24.35,0.547,83.76,1.143,2025-02-13 12:34:52,45.0,10.5,4.8,6.26,1.33,0,45
0.967,24.253,0.517,84.05,1.016,2025-02-13 12:34:52,45.0,10.5,4.8,6.26,1.33,0,45
0.98,24.222,0.479,84.06,1.128,2025-02-13 12:34:52,45.0,10.5,4.8,6.26,1.33,0,45
0.996,24.4,0.645,83.89,1.088,2025-02-13 13:19:58,46.0,8.1,5.4,6.61,0.63,0,46
1.011,24.216,0.718,84.26,1.172,2025-02-13 13:19:58,46.0,8.1,5.4,6.61,0.63,0,46
0.976,24.313,0.459,84.12,1.071,2025-02-13 13:19:58,46.0,8.1,5.4,6.61,0.63,0,46
1.0,24.329,0.63,83.91,1.015,2025-02-13 13:19:58,46.0,8.1,5.4,6.61,0.63,0,46
0.997,24.344,0.49,84.04,1.111,2025-02-13 13:19:58,46.0,8.1,5.4,6.61,0.63,0,46
0.985,24.294,0.947,84.28,1.064,2025-02-13 13:19:58,46.0,8.1,5.4,6.61,0.63,0,46
1.007,24.289,0.505,84.03,1.11,2025-02-13 13:19:58,46.0,8.1,5.4,6.61,0.63,0,46
1.003,24.391,0.507,83.81,1.118,2025-02-13 13:19:58,46.0,8.1,5.4,6.61,0.63,0,46
0.991,24.275,0.552,84.0,1.159,2025-02-13 13:19:58,46.0,8.1,5.4,6.61,0.63,0,46
0.995,24.35,0.673,84.21,1.153,2025-02-13 13:19:58,46.0,8.1,5.4,6.61,0.63,0,46
0.997,24.389,0.59,84.22,1.135,2025-02-13 13:19:58,46.0,8.1,5.4,6.61,0.63,0,46
0.976,24.266,0.492,84.16,1.176,2025-02-13 13:19:58,46.0,8.1,5.4,6.61,0.63,0,46
0.996,24.355,0.502,83.9,1.148,2025-02-13 13:19:58,46.0,8.1,5.4,6.61,0.63,0,46
0.99,24.335,0.402,83.93,1.132,2025-02-13 13:19:58,46.0,8.1,5.4,6.61,0.63,0,46
1.017,24.254,0.485,84.36,1.091,2025-02-13 13:19:58,46.0,8.1,5.4,6.61,0.63,0,46
0.999,24.267,0.829,84.04,1.079,2025-02-13 13:19:58,46.0,8.1,5.4,6.61,0.63,0,46
0.97,24.259,0.927,84.17,1.097,2025-02-13 13:19:58,46.0,8.1,5.4,6.61,0.63,0,46
0.983,24.355,0.55,84.25,1.056,2025-02-13 13:19:58,46.0,8.1,5.4,6.61,0.63,0,46
0.98,24.263,0.475,83.71,1.083,2025-02-13 13:19:58,46.0,8.1,5.4,6.61,0.63,0,46
0.956,24.283,0.59,83.69,1.12,2025-02-13 19:30:12,47.0,9.0,3.9,6.11,1.27,0,47
0.975,24.399,0.517,83.84,1.065,2025-02-13 19:30:12,47.0,9.0,3.9,6.11,1.27,0,47
0.99,24.27,0.926,84.21,1.049,2025-02-13 19:30:12,47.0,9.0,3.9,6.11,1.27,0,47
0.993,24.285,0.643,84.2,1.086,2025-02-13 19:30:12,47.0,9.0,3.9,6.11,1.27,0,47
0.991,24.345,0.603,84.2,1.097,2025-02-13 19:30:12,47.0,9.0,3.9,6.11,1.27,0,47
0.938,24.296,0.615,84.07,0.978,2025-02-13 19:30:12,47.0,9.0,3.9,6.11,1.27,0,47
0.96,24.322,0.628,84.2,1.074,2025-02-13 19:30:12,47.0,9.0,3.9,6.11,1.27,0,47
0.989,24.351,0.452,84.17,1.132,2025-02-13 19:30:12,47.0,9.0,3.9,6.11,1.27,0,47
0.972,24.271,0.48,84.02,1.157,2025-02-13 19:30:12,47.0,9.0,3.9,6.11,1.27,0,47
1.003,24.281,0.809,83.99,1.211,2025-02-13 19:30:12,47.0,9.0,3.9,6.11,1.27,0,47
0.967,24.376,0.402,83.68,1.073,2025-02-13 19:30:12,47.0,9.0,3.9,6.11,1.27,0,47
0.98,24.286,0.643,83.99,1.002,2025-02-13 19:30:12,47.0,9.0,3.9,6.11,1.27,0,47
0.983,24.304,0.638,84.21,1.075,2025-02-13 19:30:12,47.0,9.0,3.9,6.11,1.27,0,47
0.949,24.241,0.525,84.26,1.104,2025-02-13 19:30:12,47.0,9.0,3.9,6.11,1.27,0,47
0.943,24.339,0.452,83.9,1.026,2025-02-13 19:30:12,47.0,9.0,3.9,6.11,1.27,0,47
0.987,24.276,0.497,84.33,1.113,2025-02-13 19:30:12,47.0,9.0,3.9,6.11,1.27,0,47
0.965,24.255,0.63,83.97,1.012,2025-02-13 19:30:12,47.0,9.0,3.9,6.11,1.27,0,47
0.986,24.263,0.728,84.24,1.094,2025-02-13 19:30:12,47.0,9.0,3.9,6.11,1.27,0,47
1.001,24.302,0.557,84.23,1.121,2025-02-13 21:05:18,48.0,8.2,4.2,5.65,0.87,0,48
0.968,24.292,0.577,83.96,1.156,2025-02-13 21:05:18,48.0,8.2,4.2,5.65,0.87,0,48
0.977,24.361,0.464,84.0,1.113,2025-02-13 21:05:18,48.0,8.2,4.2,5.65,0.87,0,48
1.0,24.329,0.643,84.01,1.071,2025-02-13 21:05:18,48.0,8.2,4.2,5.65,0.87,0,48
0.975,24.201,0.693,84.23,1.005,2025-02-13 21:05:18,48.0,8.2,4.2,5.65,0.87,0,48
0.979,24.363,0.58,84.23,1.039,2025-02-13 21:05:18,48.0,8.2,4.2,5.65,0.87,0,48
0.98,24.263,0.394,84.22,1.055,2025-02-13 21:05:18,48.0,8.2,4.2,5.65,0.87,0,48
1.015,24.332,0.344,84.02,1.022,2025-02-13 21:05:18,48.0,8.2,4.2,5.65,0.87,0,48
0.985,24.317,0.891,83.98,1.033,2025-02-13 21:05:18,48.0,8.2,4.2,5.65,0.87,0,48
0.959,24.331,0.495,83.84,1.056,2025-02-13 21:05:18,48.0,8.2,4.2,5.65,0.87,0,48
1.008,24.382,0.678,83.88,1.209,2025-02-13 21:05:18,48.0,8.2,4.2,5.65,0.87,0,48
0.97,24.361,0.492,83.89,1.128,2025-02-13 21:05:18,48.0,8.2,4.2,5.65,0.87,0,48
0.961,24.336,0.575,84.27,1.031,2025-02-13 21:05:18,48.0,8.2,4.2,5.65,0.87,0,48
0.994,24.383,0.492,84.03,1.062,2025-02-13 21:05:18,48.0,8.2,4.2,5.65,0.87,0,48
0.971,24.313,0.48,84.09,1.098,2025-02-13 21:05:18,48.0,8.2,4.2,5.65,0.87,0,48
0.961,24.291,0.56,84.0,1.125,2025-02-13 21:05:18,48.0,8.2,4.2,5.65,0.87,0,48
0.973,24.298,0.56,83.86,1.068,2025-02-13 21:05:18,48.0,8.2,4.2,5.65,0.87,0,48
0.996,24.252,0.816,83.86,1.121,2025-02-13 21:05:18,48.0,8.2,4.2,5.65,0.87,0,48
0.974,24.269,0.525,84.26,0.993,2025-02-13 21:05:18,48.0,8.2,4.2,5.65,0.87,0,48
1.016,24.346,0.457,84.15,1.09,2025-02-13 21:05:18,48.0,8.2,4.2,5.65,0.87,0,48
1.003,24.38,0.306,83.95,1.109,2025-02-14 11:31:34,49.0,8.2,4.3,6.07,1.12,0,49
0.998,24.295,0.279,83.91,1.172,2025-02-14 11:31:34,49.0,8.2,4.3,6.07,1.12,0,49
0.98,24.419,0.788,84.26,1.113,2025-02-14 11:31:34,49.0,8.2,4.3,6.07,1.12,0,49
0.983,24.312,0.502,84.12,1.113,2025-02-14 11:31:34,49.0,8.2,4.3,6.07,1.12,0,49
1.006,24.4,0.505,83.98,1.17,2025-02-14 11:31:34,49.0,8.2,4.3,6.07,1.12,0,49
0.97,24.327,0.545,84.06,1.187,2025-02-14 11:31:34,49.0,8.2,4.3,6.07,1.12,0,49
0.97,24.342,0.507,84.07,1.1,2025-02-14 11:31:34,49.0,8.2,4.3,6.07,1.12,0,49
0.98,24.381,0.54,84.01,1.081,2025-02-14 11:31:34,49.0,8.2,4.3,6.07,1.12,0,49
0.973,24.391,0.484,84.19,1.077,2025-02-14 11:31:34,49.0,8.2,4.3,6.07,1.12,0,49
0.988,24.386,0.437,83.84,1.107,2025-02-14 11:31:34,49.0,8.2,4.3,6.07,1.12,0,49
0.982,24.366,0.394,83.98,1.177,2025-02-14 11:31:34,49.0,8.2,4.3,6.07,1.12,0,49
0.947,24.277,0.555,84.07,1.177,2025-02-14 11:31:34,49.0,8.2,4.3,6.07,1.12,0,49
0.996,24.389,0.54,83.95,1.163,2025-02-14 11:31:34,49.0,8.2,4.3,6.07,1.12,0,49
0.967,24.423,0.673,83.97,1.111,2025-02-14 11:31:34,49.0,8.2,4.3,6.07,1.12,0,49
0.988,24.3,0.359,84.07,1.079,2025-02-14 11:31:34,49.0,8.2,4.3,6.07,1.12,0,49
0.97,24.359,0.721,83.95,1.076,2025-02-14 11:31:34,49.0,8.2,4.3,6.07,1.12,0,49
0.966,24.325,0.813,84.02,1.071,2025-02-14 11:31:34,49.0,8.2,4.3,6.07,1.12,0,49
1.024,24.422,0.66,83.9,1.115,2025-02-14 11:31:34,49.0,8.2,4.3,6.07,1.12,0,49
0.986,24.403,0.718,84.31,1.146,2025-02-14 11:31:34,49.0,8.2,4.3,6.07,1.12,0,49
0.97,24.412,0.532,84.2,1.087,2025-02-14 13:11:41,50.0,7.0,4.5,5.54,0.58,0,50
0.971,24.319,0.52,84.04,1.122,2025-02-14 13:11:41,50.0,7.0,4.5,5.54,0.58,0,50
0.968,24.356,0.768,84.21,1.017,2025-02-14 13:11:41,50.0,7.0,4.5,5.54,0.58,0,50
0.955,24.299,0.904,83.81,1.039,2025-02-14 13:11:41,50.0,7.0,4.5,5.54,0.58,0,50
1.017,24.361,0.482,83.9,1.175,2025-02-14 13:11:41,50.0,7.0,4.5,5.54,0.58,0,50
0.967,24.384,0.414,84.1,1.097,2025-02-14 13:11:41,50.0,7.0,4.5,5.54,0.58,0,50
0.984,24.36,0.841,84.07,1.124,2025-02-14 13:11:41,50.0,7.0,4.5,5.54,0.58,0,50
0.994,24.358,0.422,83.83,1.108,2025-02-14 13:11:41,50.0,7.0,4.5,5.54,0.58,0,50
0.994,24.377,0.367,83.85,1.112,2025-02-14 13:11:41,50.0,7.0,4.5,5.54,0.58,0,50
0.973,24.373,0.457,83.8,1.143,2025-02-14 13:11:41,50.0,7.0,4.5,5.54,0.58,0,50
0.994,24.385,0.578,84.18,1.123,2025-02-14 13:11:41,50.0,7.0,4.5,5.54,0.58,0,50
0.983,24.352,0.557,84.19,1.107,2025-02-14 13:11:41,50.0,7.0,4.5,5.54,0.58,0,50
0.958,24.385,0.412,84.02,1.03,2025-02-14 13:11:41,50.0,7.0,4.5,5.54,0.58,0,50
0.975,24.366,0.705,84.0,1.062,2025-02-14 13:11:41,50.0,7.0,4.5,5.54,0.58,0,50
0.968,24.343,0.565,84.16,1.171,2025-02-14 13:11:41,50.0,7.0,4.5,5.54,0.58,0,50
0.993,24.388,0.439,84.3,1.116,2025-02-14 13:11:41,50.0,7.0,4.5,5.54,0.58,0,50
0.985,24.398,0.497,84.02,1.093,2025-02-14 13:11:41,50.0,7.0,4.5,5.54,0.58,0,50
1.005,24.289,0.818,83.802,1.144,2025-02-14 22:24:44,51.0,12.6,7.3,8.74,1.33,0,51
0.979,24.319,0.403,83.851,1.083,2025-02-14 22:24:44,51.0,12.6,7.3,8.74,1.33,0,51
0.975,24.332,0.673,84.248,1.031,2025-02-14 22:24:44,51.0,12.6,7.3,8.74,1.33,0,51
0.965,24.213,0.548,84.212,1.057,2025-02-14 22:24:44,51.0,12.6,7.3,8.74,1.33,0,51
0.992,24.334,0.515,84.005,1.097,2025-02-14 22:24:44,51.0,12.6,7.3,8.74,1.33,0,51
0.997,24.365,0.539,84.241,1.051,2025-02-14 22:24:44,51.0,12.6,7.3,8.74,1.33,0,51
1.024,24.368,0.521,84.084,1.126,2025-02-14 22:24:44,51.0,12.6,7.3,8.74,1.33,0,51
0.998,24.286,0.467,84.328,1.029,2025-02-14 22:24:44,51.0,12.6,7.3,8.74,1.33,0,51
0.989,24.219,0.68,83.938,1.128,2025-02-14 22:24:44,51.0,12.6,7.3,8.74,1.33,0,51
0.995,24.268,0.417,84.204,1.067,2025-02-14 22:24:44,51.0,12.6,7.3,8.74,1.33,0,51
0.995,24.386,0.503,84.422,1.103,2025-02-14 22:24:44,51.0,12.6,7.3,8.74,1.33,0,51
0.955,24.205,0.377,84.1,1.055,2025-02-14 22:24:44,51.0,12.6,7.3,8.74,1.33,0,51
0.977,24.379,0.463,83.89,1.124,2025-02-14 22:24:44,51.0,12.6,7.3,8.74,1.33,0,51
0.952,24.328,0.561,84.101,1.023,2025-02-14 22:24:44,51.0,12.6,7.3,8.74,1.33,0,51
0.97,24.32,0.442,84.007,1.079,2025-02-14 22:24:44,51.0,12.6,7.3,8.74,1.33,0,51
1.006,24.343,0.362,83.879,1.116,2025-02-14 22:24:44,51.0,12.6,7.3,8.74,1.33,0,51
1.0,24.306,0.464,83.81,1.072,2025-02-14 22:24:44,51.0,12.6,7.3,8.74,1.33,0,51
0.98,24.39,0.494,84.241,1.176,2025-02-14 22:24:44,51.0,12.6,7.3,8.74,1.33,0,51
1.025,24.312,0.366,83.981,1.115,2025-02-17 12:25:02,52.0,10.0,6.8,8.01,0.73,0,52
0.994,24.217,0.483,83.929,1.141,2025-02-17 12:25:02,52.0,10.0,6.8,8.01,0.73,0,52
0.977,24.172,0.779,83.945,1.098,2025-02-17 12:25:02,52.0,10.0,6.8,8.01,0.73,0,52
0.985,24.251,0.641,84.048,1.098,2025-02-17 12:25:02,52.0,10.0,6.8,8.01,0.73,0,52
1.009,24.268,0.464,84.372,1.165,2025-02-17 12:25:02,52.0,10.0,6.8,8.01,0.73,0,52
0.98,24.254,0.374,83.822,1.074,2025-02-17 12:25:02,52.0,10.0,6.8,8.01,0.73,0,52
0.982,24.239,0.588,84.436,1.112,2025-02-17 12:25:02,52.0,10.0,6.8,8.01,0.73,0,52
0.995,24.254,0.388,83.88,1.143,2025-02-17 12:25:02,52.0,10.0,6.8,8.01,0.73,0,52
0.986,24.261,0.518,83.875,1.07,2025-02-17 12:25:02,52.0,10.0,6.8,8.01,0.73,0,52
0.978,24.286,0.469,84.231,1.036,2025-02-17 12:25:02,52.0,10.0,6.8,8.01,0.73,0,52
0.963,24.251,0.413,83.787,1.088,2025-02-17 12:25:02,52.0,10.0,6.8,8.01,0.73,0,52
0.975,24.234,0.499,84.477,1.127,2025-02-17 12:25:02,52.0,10.0,6.8,8.01,0.73,0,52
0.998,24.264,0.476,84.178,1.124,2025-02-17 12:25:02,52.0,10.0,6.8,8.01,0.73,0,52
0.971,24.263,0.565,83.916,1.039,2025-02-17 12:25:02,52.0,10.0,6.8,8.01,0.73,0,52
0.997,24.262,0.404,84.22,1.163,2025-02-17 12:25:02,52.0,10.0,6.8,8.01,0.73,0,52
0.991,24.263,0.448,83.888,1.189,2025-02-17 12:25:02,52.0,10.0,6.8,8.01,0.73,0,52
0.963,24.243,0.644,84.022,0.98,2025-02-17 12:25:02,52.0,10.0,6.8,8.01,0.73,0,52
0.988,24.285,0.477,84.017,1.089,2025-02-17 12:25:02,52.0,10.0,6.8,8.01,0.73,0,52
0.989,24.315,0.411,84.209,1.136,2025-02-17 12:25:02,52.0,10.0,6.8,8.01,0.73,0,52
0.971,24.265,0.572,83.84,1.142,2025-02-17 13:24:05,53.0,9.8,5.5,7.19,1.03,0,53
0.967,24.252,0.495,83.96,1.119,2025-02-17 13:24:05,53.0,9.8,5.5,7.19,1.03,0,53
0.988,24.343,0.59,83.73,1.156,2025-02-17 13:24:05,53.0,9.8,5.5,7.19,1.03,0,53
0.992,24.328,0.527,83.85,1.127,2025-02-17 13:24:05,53.0,9.8,5.5,7.19,1.03,0,53
0.955,24.405,0.555,84.17,1.041,2025-02-17 13:24:05,53.0,9.8,5.5,7.19,1.03,0,53
1.0,24.376,0.454,83.83,1.106,2025-02-17 13:24:05,53.0,9.8,5.5,7.19,1.03,0,53
0.999,24.327,0.512,84.23,1.111,2025-02-17 13:24:05,53.0,9.8,5.5,7.19,1.03,0,53
0.981,24.322,0.578,83.92,1.179,2025-02-17 13:24:05,53.0,9.8,5.5,7.19,1.03,0,53
0.975,24.304,0.53,83.83,1.068,2025-02-17 13:24:05,53.0,9.8,5.5,7.19,1.03,0,53
0.984,24.207,0.454,84.03,1.116,2025-02-17 13:24:05,53.0,9.8,5.5,7.19,1.03,0,53
0.978,24.254,0.643,83.64,1.139,2025-02-17 13:24:05,53.0,9.8,5.5,7.19,1.03,0,53
1.0,24.344,0.573,84.08,1.061,2025-02-17 13:24:05,53.0,9.8,5.5,7.19,1.03,0,53
0.989,24.328,0.701,84.2,1.057,2025-02-17 13:24:05,53.0,9.8,5.5,7.19,1.03,0,53
0.98,24.217,0.487,84.48,1.129,2025-02-17 13:24:05,53.0,9.8,5.5,7.19,1.03,0,53
0.988,24.351,0.864,84.07,1.108,2025-02-17 13:24:05,53.0,9.8,5.5,7.19,1.03,0,53
1.003,24.296,0.457,84.26,1.14,2025-02-17 13:24:05,53.0,9.8,5.5,7.19,1.03,0,53
0.995,24.324,0.801,84.28,1.118,2025-02-17 13:24:05,53.0,9.8,5.5,7.19,1.03,0,53
0.988,24.323,0.517,83.74,1.079,2025-02-17 13:24:05,53.0,9.8,5.5,7.19,1.03,0,53
0.983,24.328,0.515,84.18,1.159,2025-02-17 13:24:05,53.0,9.8,5.5,7.19,1.03,0,53
0.99,24.339,0.5,84.05,1.129,2025-02-17 13:24:05,53.0,9.8,5.5,7.19,1.03,0,53
1.004,24.273,0.512,84.26,1.121,2025-02-17 21:24:22,54.0,11.8,7.8,9.46,0.94,0,54
0.99,24.321,0.585,84.23,1.072,2025-02-17 21:24:22,54.0,11.8,7.8,9.46,0.94,0,54
0.982,24.295,0.583,84.28,1.133,2025-02-17 21:24:22,54.0,11.8,7.8,9.46,0.94,0,54
1.009,24.314,0.52,84.0,1.098,2025-02-17 21:24:22,54.0,11.8,7.8,9.46,0.94,0,54
0.996,24.29,0.583,84.06,1.197,2025-02-17 21:24:22,54.0,11.8,7.8,9.46,0.94,0,54
0.976,24.269,0.575,84.25,1.062,2025-02-17 21:24:22,54.0,11.8,7.8,9.46,0.94,0,54
0.978,24.383,0.502,84.43,1.114,2025-02-17 21:24:22,54.0,11.8,7.8,9.46,0.94,0,54
1.01,24.307,0.497,83.93,1.191,2025-02-17 21:24:22,54.0,11.8,7.8,9.46,0.94,0,54
0.984,24.382,0.464,84.19,1.11,2025-02-17 21:24:22,54.0,11.8,7.8,9.46,0.94,0,54
0.973,24.238,0.434,84.04,1.07,2025-02-17 21:24:22,54.0,11.8,7.8,9.46,0.94,0,54
0.973,24.263,0.753,83.84,1.166,2025-02-17 21:24:22,54.0,11.8,7.8,9.46,0.94,0,54
0.978,24.234,0.728,84.09,1.112,2025-02-17 21:24:22,54.0,11.8,7.8,9.46,0.94,0,54
0.961,24.264,0.356,84.24,1.087,2025-02-17 21:24:22,54.0,11.8,7.8,9.46,0.94,0,54
0.95,24.241,0.58,84.21,0.996,2025-02-17 21:24:22,54.0,11.8,7.8,9.46,0.94,0,54
0.998,24.321,0.64,83.98,1.029,2025-02-17 21:24:22,54.0,11.8,7.8,9.46,0.94,0,54
1.018,24.358,0.449,83.96,1.159,2025-02-17 21:24:22,54.0,11.8,7.8,9.46,0.94,0,54
1.006,24.285,0.432,84.21,1.135,2025-02-17 21:24:22,54.0,11.8,7.8,9.46,0.94,0,54
0.977,24.274,0.492,83.73,1.087,2025-02-17 21:24:22,54.0,11.8,7.8,9.46,0.94,0,54
0.987,24.277,0.56,83.98,1.111,2025-02-17 21:24:22,54.0,11.8,7.8,9.46,0.94,0,54
1.011,24.367,0.479,84.21,1.199,2025-02-18 13:20:50,55.0,11.3,7.1,9.08,1.07,0,55
0.998,24.436,0.806,83.99,1.136,2025-02-18 13:20:50,55.0,11.3,7.1,9.08,1.07,0,55
0.964,24.264,0.6,84.18,1.079,2025-02-18 13:20:50,55.0,11.3,7.1,9.08,1.07,0,55
0.99,24.265,0.756,83.88,1.163,2025-02-18 13:20:50,55.0,11.3,7.1,9.08,1.07,0,55
0.972,24.348,0.49,84.14,1.113,2025-02-18 13:20:50,55.0,11.3,7.1,9.08,1.07,0,55
0.986,24.213,0.801,84.02,1.103,2025-02-18 13:20:50,55.0,11.3,7.1,9.08,1.07,0,55
0.966,24.352,0.718,84.01,1.151,2025-02-18 13:20:50,55.0,11.3,7.1,9.08,1.07,0,55
0.986,24.325,0.434,84.05,1.13,2025-02-18 13:20:50,55.0,11.3,7.1,9.08,1.07,0,55
0.969,24.346,0.625,83.7,1.163,2025-02-18 13:20:50,55.0,11.3,7.1,9.08,1.07,0,55
1.02,24.359,0.442,84.01,1.157,2025-02-18 13:20:50,55.0,11.3,7.1,9.08,1.07,0,55
1.0,24.36,0.5,83.81,1.183,2025-02-18 13:20:50,55.0,11.3,7.1,9.08,1.07,0,55
0.965,24.302,0.577,83.9,1.079,2025-02-18 13:20:50,55.0,11.3,7.1,9.08,1.07,0,55
0.948,24.29,0.354,83.82,1.098,2025-02-18 13:20:50,55.0,11.3,7.1,9.08,1.07,0,55
0.969,24.251,0.834,83.89,1.123,2025-02-18 13:20:50,55.0,11.3,7.1,9.08,1.07,0,55
0.98,24.299,0.555,84.07,1.116,2025-02-18 13:20:50,55.0,11.3,7.1,9.08,1.07,0,55
0.979,24.338,0.542,84.06,1.094,2025-02-18 13:20:50,55.0,11.3,7.1,9.08,1.07,0,55
1.026,24.404,0.542,84.17,1.231,2025-02-18 13:20:50,55.0,11.3,7.1,9.08,1.07,0,55
0.984,24.357,0.618,83.96,1.087,2025-02-18 13:20:50,55.0,11.3,7.1,9.08,1.07,0,55
0.973,24.392,0.462,84.11,1.186,2025-02-18 13:20:50,55.0,11.3,7.1,9.08,1.07,0,55
0.981,24.335,0.47,83.99,1.117,2025-02-18 13:20:50,55.0,11.3,7.1,9.08,1.07,0,55
0.968,24.364,0.502,83.87,1.106,2025-02-18 19:21:00,56.0,9.3,5.5,6.98,0.95,0,56
0.954,24.227,0.577,84.21,1.089,2025-02-18 19:21:00,56.0,9.3,5.5,6.98,0.95,0,56
0.991,24.336,0.439,84.01,1.109,2025-02-18 19:21:00,56.0,9.3,5.5,6.98,0.95,0,56
0.965,24.368,0.753,84.0,1.119,2025-02-18 19:21:00,56.0,9.3,5.5,6.98,0.95,0,56
0.986,24.317,0.47,84.17,1.134,2025-02-18 19:21:00,56.0,9.3,5.5,6.98,0.95,0,56
0.983,24.279,0.695,83.91,1.067,2025-02-18 19:21:00,56.0,9.3,5.5,6.98,0.95,0,56
0.965,24.274,0.826,83.97,1.056,2025-02-18 19:21:00,56.0,9.3,5.5,6.98,0.95,0,56
0.99,24.332,0.372,83.78,1.095,2025-02-18 19:21:00,56.0,9.3,5.5,6.98,0.95,0,56
0.984,24.352,0.598,83.91,1.097,2025-02-18 19:21:00,56.0,9.3,5.5,6.98,0.95,0,56
1.016,24.335,0.56,84.0,1.102,2025-02-18 19:21:00,56.0,9.3,5.5,6.98,0.95,0,56
1.011,24.371,0.71,83.9,1.108,2025-02-18 19:21:00,56.0,9.3,5.5,6.98,0.95,0,56
0.993,24.35,0.449,83.88,1.099,2025-02-18 19:21:00,56.0,9.3,5.5,6.98,0.95,0,56
1.004,24.362,0.831,84.11,1.127,2025-02-18 19:21:00,56.0,9.3,5.5,6.98,0.95,0,56
0.998,24.329,0.372,84.04,1.14,2025-02-18 19:21:00,56.0,9.3,5.5,6.98,0.95,0,56
1.007,24.236,0.608,83.99,1.164,2025-02-18 19:21:00,56.0,9.3,5.5,6.98,0.95,0,56
0.957,24.269,0.555,84.08,1.088,2025-02-18 19:21:00,56.0,9.3,5.5,6.98,0.95,0,56
0.994,24.309,0.412,84.03,1.116,2025-02-18 19:21:00,56.0,9.3,5.5,6.98,0.95,0,56
0.995,24.288,0.65,83.74,1.159,2025-02-18 19:21:00,56.0,9.3,5.5,6.98,0.95,0,56
0.975,24.323,0.517,84.04,1.08,2025-02-18 19:21:00,56.0,9.3,5.5,6.98,0.95,0,56
0.96,24.385,0.678,84.21,1.126,2025-02-18 21:31:06,57.0,17.1,6.1,8.26,2.3,0,57
0.994,24.235,0.55,84.26,1.053,2025-02-18 21:31:06,57.0,17.1,6.1,8.26,2.3,0,57
0.974,24.35,0.61,84.09,1.14,2025-02-18 21:31:06,57.0,17.1,6.1,8.26,2.3,0,57
0.99,24.261,0.56,84.25,1.114,2025-02-18 21:31:06,57.0,17.1,6.1,8.26,2.3,0,57
1.011,24.334,0.442,84.03,1.161,2025-02-18 21:31:06,57.0,17.1,6.1,8.26,2.3,0,57
1.002,24.361,0.452,84.02,1.122,2025-02-18 21:31:06,57.0,17.1,6.1,8.26,2.3,0,57
1.0,24.309,0.56,84.19,1.134,2025-02-18 21:31:06,57.0,17.1,6.1,8.26,2.3,0,57
0.988,24.343,0.442,83.66,1.156,2025-02-18 21:31:06,57.0,17.1,6.1,8.26,2.3,0,57
1.012,24.254,0.583,84.11,1.177,2025-02-18 21:31:06,57.0,17.1,6.1,8.26,2.3,0,57
1.025,24.367,0.442,84.18,1.12,2025-02-18 21:31:06,57.0,17.1,6.1,8.26,2.3,0,57
0.963,24.338,0.731,84.04,1.046,2025-02-18 21:31:06,57.0,17.1,6.1,8.26,2.3,0,57
0.978,24.252,0.563,84.16,1.093,2025-02-18 21:31:06,57.0,17.1,6.1,8.26,2.3,0,57
1.014,24.296,0.625,83.89,1.104,2025-02-18 21:31:06,57.0,17.1,6.1,8.26,2.3,0,57
0.97,24.223,0.947,84.2,1.151,2025-02-18 21:31:06,57.0,17.1,6.1,8.26,2.3,0,57
0.99,24.343,0.48,84.04,1.055,2025-02-18 21:31:06,57.0,17.1,6.1,8.26,2.3,0,57
0.982,24.338,0.344,84.04,1.196,2025-02-18 21:31:06,57.0,17.1,6.1,8.26,2.3,0,57
0.986,24.324,0.62,83.94,1.147,2025-02-18 21:31:06,57.0,17.1,6.1,8.26,2.3,0,57
0.958,24.366,0.771,83.84,1.175,2025-02-18 21:31:06,57.0,17.1,6.1,8.26,2.3,0,57
0.974,24.306,0.454,84.189,1.045,2025-02-19 11:27:53,58.0,8.3,4.4,6.36,1.02,0,58
0.965,24.381,0.486,84.35,1.042,2025-02-19 11:27:53,58.0,8.3,4.4,6.36,1.02,0,58
0.959,24.217,0.845,84.003,1.052,2025-02-19 11:27:53,58.0,8.3,4.4,6.36,1.02,0,58
0.982,24.265,0.816,83.844,1.064,2025-02-19 11:27:53,58.0,8.3,4.4,6.36,1.02,0,58
0.996,24.253,0.422,83.929,1.111,2025-02-19 11:27:53,58.0,8.3,4.4,6.36,1.02,0,58
0.99,24.171,0.638,84.199,1.093,2025-02-19 11:27:53,58.0,8.3,4.4,6.36,1.02,0,58
1.001,24.281,0.534,83.811,1.159,2025-02-19 11:27:53,58.0,8.3,4.4,6.36,1.02,0,58
0.989,24.355,0.483,84.233,1.033,2025-02-19 11:27:53,58.0,8.3,4.4,6.36,1.02,0,58
0.998,24.402,0.639,84.185,1.053,2025-02-19 11:27:53,58.0,8.3,4.4,6.36,1.02,0,58
0.987,24.342,0.533,84.212,1.113,2025-02-19 11:27:53,58.0,8.3,4.4,6.36,1.02,0,58
0.956,24.353,0.569,84.08,1.041,2025-02-19 11:27:53,58.0,8.3,4.4,6.36,1.02,0,58
1.014,24.401,0.625,84.004,1.141,2025-02-19 11:27:53,58.0,8.3,4.4,6.36,1.02,0,58
0.989,24.292,0.453,83.866,1.114,2025-02-19 11:27:53,58.0,8.3,4.4,6.36,1.02,0,58
1.003,24.407,0.633,83.904,1.088,2025-02-19 11:27:53,58.0,8.3,4.4,6.36,1.02,0,58
1.008,24.309,0.471,84.098,1.108,2025-02-19 11:27:53,58.0,8.3,4.4,6.36,1.02,0,58
0.994,24.392,0.568,84.178,1.087,2025-02-19 11:27:53,58.0,8.3,4.4,6.36,1.02,0,58
1.022,24.391,0.602,84.003,1.133,2025-02-19 11:27:53,58.0,8.3,4.4,6.36,1.02,0,58
0.949,24.198,0.538,84.078,1.104,2025-02-19 11:27:53,58.0,8.3,4.4,6.36,1.02,0,58
0.985,24.313,0.418,83.737,1.093,2025-02-19 11:27:53,58.0,8.3,4.4,6.36,1.02,0,58
0.995,24.409,0.572,83.68,1.123,2025-02-19 21:51:22,60.0,9.3,5.3,7.25,1.02,0,60
0.97,24.325,0.678,83.79,1.081,2025-02-19 21:51:22,60.0,9.3,5.3,7.25,1.02,0,60
0.968,24.386,0.48,83.86,1.126,2025-02-19 21:51:22,60.0,9.3,5.3,7.25,1.02,0,60
0.955,24.387,0.464,84.06,1.091,2025-02-19 21:51:22,60.0,9.3,5.3,7.25,1.02,0,60
0.97,24.309,0.505,84.19,1.069,2025-02-19 21:51:22,60.0,9.3,5.3,7.25,1.02,0,60
0.967,24.388,0.336,83.74,1.07,2025-02-19 21:51:22,60.0,9.3,5.3,7.25,1.02,0,60
0.978,24.336,0.628,84.3,1.1,2025-02-19 21:51:22,60.0,9.3,5.3,7.25,1.02,0,60
0.978,24.346,0.57,83.92,1.102,2025-02-19 21:51:22,60.0,9.3,5.3,7.25,1.02,0,60
1.002,24.323,0.66,83.96,1.111,2025-02-19 21:51:22,60.0,9.3,5.3,7.25,1.02,0,60
0.99,24.403,0.444,84.0,1.136,2025-02-19 21:51:22,60.0,9.3,5.3,7.25,1.02,0,60
0.99,24.308,0.482,83.97,1.185,2025-02-19 21:51:22,60.0,9.3,5.3,7.25,1.02,0,60
0.964,24.261,0.839,84.14,1.098,2025-02-19 21:51:22,60.0,9.3,5.3,7.25,1.02,0,60
1.021,24.355,0.397,84.42,1.152,2025-02-19 21:51:22,60.0,9.3,5.3,7.25,1.02,0,60
0.997,24.368,0.874,84.24,1.142,2025-02-19 21:51:22,60.0,9.3,5.3,7.25,1.02,0,60
0.988,24.323,0.628,84.23,1.075,2025-02-19 21:51:22,60.0,9.3,5.3,7.25,1.02,0,60
0.997,24.285,0.919,84.29,1.102,2025-02-19 21:51:22,60.0,9.3,5.3,7.25,1.02,0,60
0.959,24.294,0.457,84.03,1.099,2025-02-19 21:51:22,60.0,9.3,5.3,7.25,1.02,0,60
0.994,24.369,0.289,84.13,1.03,2025-02-19 21:51:22,60.0,9.3,5.3,7.25,1.02,0,60
0.983,24.289,0.535,83.86,1.081,2025-02-19 21:51:22,60.0,9.3,5.3,7.25,1.02,0,60
0.96,24.127,0.52,83.92,1.039,2025-04-10 12:26:58,61.0,11.1,5.9,8.47,1.2,0,61
0.98,24.255,0.731,84.37,1.128,2025-04-10 12:26:58,61.0,11.1,5.9,8.47,1.2,0,61
1.003,24.262,0.51,83.93,1.113,2025-04-10 12:26:58,61.0,11.1,5.9,8.47,1.2,0,61
0.996,24.357,0.51,83.99,1.068,2025-04-10 12:26:58,61.0,11.1,5.9,8.47,1.2,0,61
0.99,24.25,0.645,84.09,1.028,2025-04-10 12:26:58,61.0,11.1,5.9,8.47,1.2,0,61
1.007,24.359,0.497,84.43,1.088,2025-04-10 12:26:58,61.0,11.1,5.9,8.47,1.2,0,61
0.992,24.258,0.635,84.18,1.06,2025-04-10 12:26:58,61.0,11.1,5.9,8.47,1.2,0,61
0.947,24.132,0.598,83.8,1.054,2025-04-10 12:26:58,61.0,11.1,5.9,8.47,1.2,0,61
0.962,24.238,0.447,83.74,1.005,2025-04-10 12:26:58,61.0,11.1,5.9,8.47,1.2,0,61
0.972,24.277,0.497,84.14,1.06,2025-04-10 12:26:58,61.0,11.1,5.9,8.47,1.2,0,61
1.012,24.338,0.836,84.06,1.174,2025-04-10 12:26:58,61.0,11.1,5.9,8.47,1.2,0,61
1.0,24.349,0.472,84.03,1.156,2025-04-10 12:26:58,61.0,11.1,5.9,8.47,1.2,0,61
0.982,24.31,0.69,83.67,1.147,2025-04-10 12:26:58,61.0,11.1,5.9,8.47,1.2,0,61
0.973,24.259,0.673,84.41,1.08,2025-04-10 12:26:58,61.0,11.1,5.9,8.47,1.2,0,61
1.005,24.276,0.442,84.28,1.091,2025-04-10 12:26:58,61.0,11.1,5.9,8.47,1.2,0,61
0.999,24.372,0.369,83.73,1.13,2025-04-10 12:26:58,61.0,11.1,5.9,8.47,1.2,0,61
0.99,24.208,0.688,84.25,1.095,2025-04-10 12:26:58,61.0,11.1,5.9,8.47,1.2,0,61
0.977,24.299,0.379,84.19,1.121,2025-04-10 12:26:58,61.0,11.1,5.9,8.47,1.2,0,61
0.973,24.308,0.741,83.62,1.146,2025-04-10 13:12:09,62.0,9.1,6.5,7.89,0.73,0,62
1.005,24.407,0.477,84.3,1.204,2025-04-10 13:12:09,62.0,9.1,6.5,7.89,0.73,0,62
0.968,24.377,0.319,84.15,1.027,2025-04-10 13:12:09,62.0,9.1,6.5,7.89,0.73,0,62
0.973,24.427,0.67,84.1,1.117,2025-04-10 13:12:09,62.0,9.1,6.5,7.89,0.73,0,62
1.008,24.408,0.884,84.11,1.034,2025-04-10 13:12:09,62.0,9.1,6.5,7.89,0.73,0,62
1.02,24.415,0.475,84.13,1.136,2025-04-10 13:12:09,62.0,9.1,6.5,7.89,0.73,0,62
0.993,24.376,0.49,83.97,1.144,2025-04-10 13:12:09,62.0,9.1,6.5,7.89,0.73,0,62
0.993,24.41,0.497,84.17,1.115,2025-04-10 13:12:09,62.0,9.1,6.5,7.89,0.73,0,62
0.984,24.352,0.542,84.01,1.081,2025-04-10 13:12:09,62.0,9.1,6.5,7.89,0.73,0,62
0.992,24.401,0.537,84.11,1.204,2025-04-10 13:12:09,62.0,9.1,6.5,7.89,0.73,0,62
1.014,24.334,0.479,83.93,1.164,2025-04-10 13:12:09,62.0,9.1,6.5,7.89,0.73,0,62
0.989,24.358,0.545,83.92,1.084,2025-04-10 13:12:09,62.0,9.1,6.5,7.89,0.73,0,62
1.007,24.344,0.505,84.22,1.08,2025-04-10 13:12:09,62.0,9.1,6.5,7.89,0.73,0,62
0.989,24.307,0.59,84.22,1.055,2025-04-10 13:12:09,62.0,9.1,6.5,7.89,0.73,0,62
0.986,24.419,0.683,83.73,1.134,2025-04-10 13:12:09,62.0,9.1,6.5,7.89,0.73,0,62
0.985,24.335,0.55,83.95,1.06,2025-04-10 13:12:09,62.0,9.1,6.5,7.89,0.73,0,62
1.003,24.319,0.497,84.05,1.004,2025-04-10 13:12:09,62.0,9.1,6.5,7.89,0.73,0,62
0.974,24.451,0.763,83.79,1.107,2025-04-10 13:12:09,62.0,9.1,6.5,7.89,0.73,0,62
1.006,24.403,0.557,83.9,1.111,2025-04-10 13:12:09,62.0,9.1,6.5,7.89,0.73,0,62
1.008,24.254,0.412,84.23,1.091,2025-04-10 19:32:23,63.0,12.5,5.8,7.67,1.34,0,63
0.964,24.281,0.57,83.9,1.096,2025-04-10 19:32:23,63.0,12.5,5.8,7.67,1.34,0,63
0.979,24.278,0.497,84.23,0.953,2025-04-10 19:32:23,63.0,12.5,5.8,7.67,1.34,0,63
0.999,24.266,0.736,84.01,1.114,2025-04-10 19:32:23,63.0,12.5,5.8,7.67,1.34,0,63
0.998,24.322,0.502,83.73,1.075,2025-04-10 19:32:23,63.0,12.5,5.8,7.67,1.34,0,63
0.967,24.315,0.585,84.09,0.991,2025-04-10 19:32:23,63.0,12.5,5.8,7.67,1.34,0,63
0.967,24.323,0.713,84.01,1.066,2025-04-10 19:32:23,63.0,12.5,5.8,7.67,1.34,0,63
0.967,24.262,0.552,84.19,0.95,2025-04-10 19:32:23,63.0,12.5,5.8,7.67,1.34,0,63
0.985,24.286,0.454,83.93,1.066,2025-04-10 19:32:23,63.0,12.5,5.8,7.67,1.34,0,63
1.007,24.296,0.846,84.13,1.089,2025-04-10 19:32:23,63.0,12.5,5.8,7.67,1.34,0,63
0.97,24.252,0.701,84.02,0.993,2025-04-10 19:32:23,63.0,12.5,5.8,7.67,1.34,0,63
0.975,24.248,0.608,83.99,1.079,2025-04-10 19:32:23,63.0,12.5,5.8,7.67,1.34,0,63
0.988,24.293,0.738,84.18,1.14,2025-04-10 19:32:23,63.0,12.5,5.8,7.67,1.34,0,63
0.983,24.259,0.565,84.25,1.053,2025-04-10 19:32:23,63.0,12.5,5.8,7.67,1.34,0,63
0.96,24.294,0.52,83.77,1.1,2025-04-10 19:32:23,63.0,12.5,5.8,7.67,1.34,0,63
0.967,24.237,0.407,84.09,1.119,2025-04-10 19:32:23,63.0,12.5,5.8,7.67,1.34,0,63
0.964,24.341,0.854,83.96,0.993,2025-04-10 19:32:23,63.0,12.5,5.8,7.67,1.34,0,63
1.009,24.262,0.422,84.28,1.173,2025-04-10 19:32:23,63.0,12.5,5.8,7.67,1.34,0,63
1.013,24.258,0.409,84.22,1.093,2025-04-10 19:32:23,63.0,12.5,5.8,7.67,1.34,0,63
0.991,24.26,0.562,84.0,1.024,2025-04-10 21:32:32,64.0,17.1,7.3,9.04,2.23,0,64
1.014,24.359,0.447,84.27,1.086,2025-04-10 21:32:32,64.0,17.1,7.3,9.04,2.23,0,64
0.992,24.266,0.512,84.09,1.052,2025-04-10 21:32:32,64.0,17.1,7.3,9.04,2.23,0,64
0.979,24.243,0.527,84.04,1.08,2025-04-10 21:32:32,64.0,17.1,7.3,9.04,2.23,0,64
1.01,24.345,0.477,84.31,1.126,2025-04-10 21:32:32,64.0,17.1,7.3,9.04,2.23,0,64
1.017,24.23,0.495,84.0,1.12,2025-04-10 21:32:32,64.0,17.1,7.3,9.04,2.23,0,64
0.99,24.197,0.545,84.12,1.152,2025-04-10 21:32:32,64.0,17.1,7.3,9.04,2.23,0,64
1.009,24.271,0.547,84.24,1.16,2025-04-10 21:32:32,64.0,17.1,7.3,9.04,2.23,0,64
0.983,24.288,0.299,84.15,1.092,2025-04-10 21:32:32,64.0,17.1,7.3,9.04,2.23,0,64
0.997,24.274,0.54,84.09,1.138,2025-04-10 21:32:32,64.0,17.1,7.3,9.04,2.23,0,64
0.975,24.263,0.414,83.89,1.054,2025-04-10 21:32:32,64.0,17.1,7.3,9.04,2.23,0,64
1.013,24.261,0.419,84.0,1.139,2025-04-10 21:32:32,64.0,17.1,7.3,9.04,2.23,0,64
0.971,24.212,0.6,84.45,1.068,2025-04-10 21:32:32,64.0,17.1,7.3,9.04,2.23,0,64
0.998,24.211,0.216,84.11,1.104,2025-04-10 21:32:32,64.0,17.1,7.3,9.04,2.23,0,64
1.002,24.266,0.665,84.2,1.112,2025-04-10 21:32:32,64.0,17.1,7.3,9.04,2.23,0,64
0.982,24.209,0.55,84.23,1.04,2025-04-10 21:32:32,64.0,17.1,7.3,9.04,2.23,0,64
1.012,24.27,0.479,83.98,1.081,2025-04-10 21:32:32,64.0,17.1,7.3,9.04,2.23,0,64
0.995,24.239,0.771,84.29,1.12,2025-04-10 21:32:32,64.0,17.1,7.3,9.04,2.23,0,64
0.973,24.279,0.64,84.21,1.051,2025-04-11 11:17:46,65.0,9.0,6.2,7.85,0.7,0,65
0.973,24.344,0.457,83.94,1.097,2025-04-11 11:17:46,65.0,9.0,6.2,7.85,0.7,0,65
0.978,24.344,0.48,84.13,1.035,2025-04-11 11:17:46,65.0,9.0,6.2,7.85,0.7,0,65
0.984,24.301,0.407,83.92,1.165,2025-04-11 11:17:46,65.0,9.0,6.2,7.85,0.7,0,65
0.985,24.309,0.565,84.28,1.111,2025-04-11 11:17:46,65.0,9.0,6.2,7.85,0.7,0,65
0.987,24.267,0.547,84.1,1.051,2025-04-11 11:17:46,65.0,9.0,6.2,7.85,0.7,0,65
0.986,24.377,0.304,83.99,1.153,2025-04-11 11:17:46,65.0,9.0,6.2,7.85,0.7,0,65
1.039,24.281,0.575,83.84,1.125,2025-04-11 11:17:46,65.0,9.0,6.2,7.85,0.7,0,65
0.958,24.345,0.54,84.06,1.082,2025-04-11 11:17:46,65.0,9.0,6.2,7.85,0.7,0,65
0.995,24.285,0.733,83.89,1.213,2025-04-11 11:17:46,65.0,9.0,6.2,7.85,0.7,0,65
1.017,24.351,0.61,84.38,1.124,2025-04-11 11:17:46,65.0,9.0,6.2,7.85,0.7,0,65
0.979,24.303,0.603,84.06,1.111,2025-04-11 11:17:46,65.0,9.0,6.2,7.85,0.7,0,65
1.014,24.323,0.485,83.93,1.144,2025-04-11 11:17:46,65.0,9.0,6.2,7.85,0.7,0,65
0.959,24.318,0.748,84.03,1.054,2025-04-11 11:17:46,65.0,9.0,6.2,7.85,0.7,0,65
1.013,24.376,0.527,84.26,1.221,2025-04-11 11:17:46,65.0,9.0,6.2,7.85,0.7,0,65
1.013,24.358,0.432,84.25,1.128,2025-04-11 11:17:46,65.0,9.0,6.2,7.85,0.7,0,65
0.978,24.339,0.836,84.21,1.072,2025-04-11 11:17:46,65.0,9.0,6.2,7.85,0.7,0,65
0.988,24.29,0.502,84.02,1.084,2025-04-11 11:17:46,65.0,9.0,6.2,7.85,0.7,0,65
0.975,24.345,0.623,84.11,1.183,2025-04-11 11:17:46,65.0,9.0,6.2,7.85,0.7,0,65
0.971,24.314,0.726,84.03,1.133,2025-04-11 11:17:46,65.0,9.0,6.2,7.85,0.7,0,65
0.983,24.323,0.801,83.7,1.027,2025-04-11 13:07:53,66.0,12.0,5.8,7.99,1.39,0,66
1.009,24.377,0.638,83.7,1.098,2025-04-11 13:07:53,66.0,12.0,5.8,7.99,1.39,0,66
0.975,24.286,0.457,84.1,1.13,2025-04-11 13:07:53,66.0,12.0,5.8,7.99,1.39,0,66
0.957,24.326,0.455,84.02,0.998,2025-04-11 13:07:53,66.0,12.0,5.8,7.99,1.39,0,66
0.97,24.318,0.598,84.13,1.07,2025-04-11 13:07:53,66.0,12.0,5.8,7.99,1.39,0,66
0.993,24.349,0.419,84.19,1.088,2025-04-11 13:07:53,66.0,12.0,5.8,7.99,1.39,0,66
0.995,24.349,0.46,84.21,1.021,2025-04-11 13:07:53,66.0,12.0,5.8,7.99,1.39,0,66
0.978,24.39,0.454,84.26,1.05,2025-04-11 13:07:53,66.0,12.0,5.8,7.99,1.39,0,66
0.966,24.269,0.967,84.1,1.129,2025-04-11 13:07:53,66.0,12.0,5.8,7.99,1.39,0,66
1.009,24.387,0.51,84.35,1.151,2025-04-11 13:07:53,66.0,12.0,5.8,7.99,1.39,0,66
0.973,24.321,0.341,84.19,1.08,2025-04-11 13:07:53,66.0,12.0,5.8,7.99,1.39,0,66
0.952,24.285,0.332,83.94,1.077,2025-04-11 13:07:53,66.0,12.0,5.8,7.99,1.39,0,66
0.995,24.287,0.457,84.2,1.121,2025-04-11 13:07:53,66.0,12.0,5.8,7.99,1.39,0,66
0.985,24.342,0.399,83.88,1.064,2025-04-11 13:07:53,66.0,12.0,5.8,7.99,1.39,0,66
0.995,24.251,0.429,84.3,1.039,2025-04-11 13:07:53,66.0,12.0,5.8,7.99,1.39,0,66
0.991,24.283,0.613,83.76,1.045,2025-04-11 13:07:53,66.0,12.0,5.8,7.99,1.39,0,66
0.988,24.321,0.495,83.99,1.082,2025-04-11 13:07:53,66.0,12.0,5.8,7.99,1.39,0,66
0.996,24.327,0.467,84.02,1.119,2025-04-11 13:07:53,66.0,12.0,5.8,7.99,1.39,0,66
1.034,24.357,0.68,84.22,1.188,2025-04-11 20:13:06,67.0,9.7,6.3,7.78,0.86,0,67
1.017,24.402,0.505,83.91,1.115,2025-04-11 20:13:06,67.0,9.7,6.3,7.78,0.86,0,67
0.967,24.296,0.829,84.21,1.052,2025-04-11 20:13:06,67.0,9.7,6.3,7.78,0.86,0,67
1.008,24.282,0.457,84.24,1.119,2025-04-11 20:13:06,67.0,9.7,6.3,7.78,0.86,0,67
0.985,24.326,0.424,83.81,1.039,2025-04-11 20:13:06,67.0,9.7,6.3,7.78,0.86,0,67
1.037,24.426,0.437,84.21,1.106,2025-04-11 20:13:06,67.0,9.7,6.3,7.78,0.86,0,67
1.01,24.339,0.432,84.25,1.066,2025-04-11 20:13:06,67.0,9.7,6.3,7.78,0.86,0,67
0.965,24.339,0.638,84.06,1.148,2025-04-11 20:13:06,67.0,9.7,6.3,7.78,0.86,0,67
0.978,24.371,0.635,84.11,1.139,2025-04-11 20:13:06,67.0,9.7,6.3,7.78,0.86,0,67
0.994,24.337,0.457,83.71,1.105,2025-04-11 20:13:06,67.0,9.7,6.3,7.78,0.86,0,67
0.988,24.302,0.414,83.88,1.132,2025-04-11 20:13:06,67.0,9.7,6.3,7.78,0.86,0,67
1.006,24.301,0.645,84.32,1.116,2025-04-11 20:13:06,67.0,9.7,6.3,7.78,0.86,0,67
0.985,24.303,0.522,84.02,1.093,2025-04-11 20:13:06,67.0,9.7,6.3,7.78,0.86,0,67
0.958,24.3,0.49,83.92,1.052,2025-04-11 20:13:06,67.0,9.7,6.3,7.78,0.86,0,67
0.965,24.31,0.412,83.86,1.173,2025-04-11 20:13:06,67.0,9.7,6.3,7.78,0.86,0,67
1.009,24.274,0.803,84.21,1.106,2025-04-11 20:13:06,67.0,9.7,6.3,7.78,0.86,0,67
0.975,24.355,0.678,84.25,1.084,2025-04-11 20:13:06,67.0,9.7,6.3,7.78,0.86,0,67
0.985,24.329,0.467,84.28,1.119,2025-04-11 20:13:06,67.0,9.7,6.3,7.78,0.86,0,67
0.993,24.336,0.505,84.07,1.069,2025-04-11 20:13:06,67.0,9.7,6.3,7.78,0.86,0,67
0.977,24.246,0.341,83.92,1.071,2025-04-11 21:23:12,68.0,12.9,6.9,8.49,1.78,0,68
0.995,24.261,0.6,84.3,1.155,2025-04-11 21:23:12,68.0,12.9,6.9,8.49,1.78,0,68
0.979,24.299,0.588,83.61,1.139,2025-04-11 21:23:12,68.0,12.9,6.9,8.49,1.78,0,68
0.979,24.282,0.48,83.76,1.115,2025-04-11 21:23:12,68.0,12.9,6.9,8.49,1.78,0,68
0.984,24.327,0.557,84.07,1.073,2025-04-11 21:23:12,68.0,12.9,6.9,8.49,1.78,0,68
0.974,24.221,0.58,84.09,1.057,2025-04-11 21:23:12,68.0,12.9,6.9,8.49,1.78,0,68
0.972,24.316,0.454,83.85,1.15,2025-04-11 21:23:12,68.0,12.9,6.9,8.49,1.78,0,68
0.974,24.236,0.64,84.03,1.125,2025-04-11 21:23:12,68.0,12.9,6.9,8.49,1.78,0,68
0.961,24.164,0.545,84.14,1.063,2025-04-11 21:23:12,68.0,12.9,6.9,8.49,1.78,0,68
0.983,24.209,0.801,83.93,1.067,2025-04-11 21:23:12,68.0,12.9,6.9,8.49,1.78,0,68
0.982,24.239,0.507,83.85,1.127,2025-04-11 21:23:12,68.0,12.9,6.9,8.49,1.78,0,68
0.988,24.215,0.593,84.13,1.095,2025-04-11 21:23:12,68.0,12.9,6.9,8.49,1.78,0,68
1.0,24.272,0.447,84.4,1.147,2025-04-11 21:23:12,68.0,12.9,6.9,8.49,1.78,0,68
0.971,24.319,0.389,83.91,1.12,2025-04-11 21:23:12,68.0,12.9,6.9,8.49,1.78,0,68
1.003,24.263,0.522,83.99,1.148,2025-04-11 21:23:12,68.0,12.9,6.9,8.49,1.78,0,68
1.01,24.282,0.462,83.96,1.149,2025-04-11 21:23:12,68.0,12.9,6.9,8.49,1.78,0,68
0.951,24.265,0.567,83.99,1.074,2025-04-11 21:23:12,68.0,12.9,6.9,8.49,1.78,0,68
0.975,24.293,0.479,84.04,1.153,2025-04-11 21:23:12,68.0,12.9,6.9,8.49,1.78,0,68
0.957,24.236,0.949,84.02,1.109,2025-04-11 21:23:12,68.0,12.9,6.9,8.49,1.78,0,68
0.967,24.261,0.578,84.27,1.047,2025-04-11 21:23:12,68.0,12.9,6.9,8.49,1.78,0,68
0.973,24.238,0.605,84.1,1.053,2025-04-14 13:09:28,69.0,11.6,7.0,8.21,1.12,0,69
0.972,24.265,0.394,84.35,1.072,2025-04-14 13:09:28,69.0,11.6,7.0,8.21,1.12,0,69
0.98,24.27,0.54,83.9,1.017,2025-04-14 13:09:28,69.0,11.6,7.0,8.21,1.12,0,69
0.962,24.307,0.641,84.2,1.085,2025-04-14 13:09:28,69.0,11.6,7.0,8.21,1.12,0,69
0.987,24.303,0.806,84.18,1.106,2025-04-14 13:09:28,69.0,11.6,7.0,8.21,1.12,0,69
0.976,24.299,0.535,84.03,1.075,2025-04-14 13:09:28,69.0,11.6,7.0,8.21,1.12,0,69
0.992,24.331,0.517,84.17,1.091,2025-04-14 13:09:28,69.0,11.6,7.0,8.21,1.12,0,69
1.003,24.352,0.387,84.02,1.058,2025-04-14 13:09:28,69.0,11.6,7.0,8.21,1.12,0,69
0.979,24.36,0.683,84.08,1.063,2025-04-14 13:09:28,69.0,11.6,7.0,8.21,1.12,0,69
0.996,24.317,0.618,83.96,1.068,2025-04-14 13:09:28,69.0,11.6,7.0,8.21,1.12,0,69
0.977,24.35,0.402,83.91,1.01,2025-04-14 13:09:28,69.0,11.6,7.0,8.21,1.12,0,69
0.997,24.356,0.826,83.94,1.089,2025-04-14 13:09:28,69.0,11.6,7.0,8.21,1.12,0,69
0.999,24.305,0.671,84.28,1.049,2025-04-14 13:09:28,69.0,11.6,7.0,8.21,1.12,0,69
0.992,24.33,0.623,84.41,1.052,2025-04-14 13:09:28,69.0,11.6,7.0,8.21,1.12,0,69
0.963,24.334,0.678,83.98,1.086,2025-04-14 13:09:28,69.0,11.6,7.0,8.21,1.12,0,69
0.997,24.319,0.603,84.12,1.108,2025-04-14 13:09:28,69.0,11.6,7.0,8.21,1.12,0,69
1.031,24.348,0.512,84.18,1.209,2025-04-14 13:09:28,69.0,11.6,7.0,8.21,1.12,0,69
0.994,24.281,0.784,83.9,1.108,2025-04-14 13:54:34,70.0,12.8,6.5,8.41,1.46,0,70
1.01,24.342,0.59,83.76,1.064,2025-04-14 13:54:34,70.0,12.8,6.5,8.41,1.46,0,70
0.979,24.274,0.728,83.86,0.988,2025-04-14 13:54:34,70.0,12.8,6.5,8.41,1.46,0,70
0.984,24.341,0.527,84.38,1.126,2025-04-14 13:54:34,70.0,12.8,6.5,8.41,1.46,0,70
0.956,24.258,0.527,83.88,1.062,2025-04-14 13:54:34,70.0,12.8,6.5,8.41,1.46,0,70
1.028,24.286,0.54,83.86,1.18,2025-04-14 13:54:34,70.0,12.8,6.5,8.41,1.46,0,70
0.999,24.287,0.535,83.92,1.065,2025-04-14 13:54:34,70.0,12.8,6.5,8.41,1.46,0,70
0.958,24.285,0.753,84.01,1.088,2025-04-14 13:54:34,70.0,12.8,6.5,8.41,1.46,0,70
0.986,24.242,0.633,83.96,1.102,2025-04-14 13:54:34,70.0,12.8,6.5,8.41,1.46,0,70
0.991,24.306,0.628,83.99,1.047,2025-04-14 13:54:34,70.0,12.8,6.5,8.41,1.46,0,70
0.966,24.278,0.447,83.93,1.03,2025-04-14 13:54:34,70.0,12.8,6.5,8.41,1.46,0,70
0.969,24.321,0.615,83.73,1.047,2025-04-14 13:54:34,70.0,12.8,6.5,8.41,1.46,0,70
0.963,24.28,0.537,83.95,1.078,2025-04-14 13:54:34,70.0,12.8,6.5,8.41,1.46,0,70
1.013,24.363,0.573,84.37,1.055,2025-04-14 13:54:34,70.0,12.8,6.5,8.41,1.46,0,70
0.982,24.269,0.422,83.85,1.064,2025-04-14 13:54:34,70.0,12.8,6.5,8.41,1.46,0,70
0.971,24.274,0.683,84.29,1.009,2025-04-14 13:54:34,70.0,12.8,6.5,8.41,1.46,0,70
1.007,24.381,0.45,84.04,1.106,2025-04-14 13:54:34,70.0,12.8,6.5,8.41,1.46,0,70
1.001,24.366,0.547,84.18,1.149,2025-04-14 13:54:34,70.0,12.8,6.5,8.41,1.46,0,70
0.995,24.303,0.532,83.96,1.046,2025-04-14 13:54:34,70.0,12.8,6.5,8.41,1.46,0,70
1.013,24.368,0.625,83.71,1.077,2025-04-14 19:29:45,71.0,11.2,6.5,7.74,1.04,0,71
1.045,24.427,0.543,84.06,1.15,2025-04-14 19:29:45,71.0,11.2,6.5,7.74,1.04,0,71
0.982,24.355,0.412,84.51,1.087,2025-04-14 19:29:45,71.0,11.2,6.5,7.74,1.04,0,71
1.028,24.408,0.364,83.78,1.121,2025-04-14 19:29:45,71.0,11.2,6.5,7.74,1.04,0,71
1.014,24.353,0.605,84.06,1.079,2025-04-14 19:29:45,71.0,11.2,6.5,7.74,1.04,0,71
1.006,24.454,0.766,83.92,1.096,2025-04-14 19:29:45,71.0,11.2,6.5,7.74,1.04,0,71
1.004,24.386,0.482,84.07,1.13,2025-04-14 19:29:45,71.0,11.2,6.5,7.74,1.04,0,71
1.002,24.437,0.555,84.2,1.153,2025-04-14 19:29:45,71.0,11.2,6.5,7.74,1.04,0,71
0.993,24.381,0.794,83.81,1.104,2025-04-14 19:29:45,71.0,11.2,6.5,7.74,1.04,0,71
0.98,24.389,0.563,84.16,1.051,2025-04-14 19:29:45,71.0,11.2,6.5,7.74,1.04,0,71
1.004,24.338,0.515,84.09,1.134,2025-04-14 19:29:45,71.0,11.2,6.5,7.74,1.04,0,71
0.998,24.343,0.354,83.91,1.076,2025-04-14 19:29:45,71.0,11.2,6.5,7.74,1.04,0,71
0.979,24.337,0.48,84.08,1.006,2025-04-14 19:29:45,71.0,11.2,6.5,7.74,1.04,0,71
0.988,24.32,0.535,83.7,1.151,2025-04-14 19:29:45,71.0,11.2,6.5,7.74,1.04,0,71
1.028,24.379,0.643,84.21,1.14,2025-04-14 19:29:45,71.0,11.2,6.5,7.74,1.04,0,71
0.986,24.381,0.874,83.92,1.127,2025-04-14 19:29:45,71.0,11.2,6.5,7.74,1.04,0,71
1.0,24.418,0.663,84.04,1.155,2025-04-14 19:29:45,71.0,11.2,6.5,7.74,1.04,0,71
0.994,24.38,0.409,84.11,1.226,2025-04-14 19:29:45,71.0,11.2,6.5,7.74,1.04,0,71
1.001,24.3,0.467,84.2,1.091,2025-04-14 19:29:45,71.0,11.2,6.5,7.74,1.04,0,71
0.997,24.394,0.377,83.84,1.09,2025-04-14 19:29:45,71.0,11.2,6.5,7.74,1.04,0,71
0.996,24.366,0.593,83.85,1.118,2025-04-14 21:54:52,72.0,9.3,5.5,7.19,1.07,0,72
0.963,24.403,0.495,84.18,1.014,2025-04-14 21:54:52,72.0,9.3,5.5,7.19,1.07,0,72
0.971,24.264,0.625,84.23,1.04,2025-04-14 21:54:52,72.0,9.3,5.5,7.19,1.07,0,72
0.977,24.388,0.648,84.11,1.02,2025-04-14 21:54:52,72.0,9.3,5.5,7.19,1.07,0,72
0.958,24.327,0.537,83.93,1.043,2025-04-14 21:54:52,72.0,9.3,5.5,7.19,1.07,0,72
0.995,24.339,0.379,84.04,1.071,2025-04-14 21:54:52,72.0,9.3,5.5,7.19,1.07,0,72
0.974,24.385,0.44,83.95,1.061,2025-04-14 21:54:52,72.0,9.3,5.5,7.19,1.07,0,72
1.001,24.357,0.887,84.35,1.145,2025-04-14 21:54:52,72.0,9.3,5.5,7.19,1.07,0,72
0.981,24.303,0.593,84.09,1.052,2025-04-14 21:54:52,72.0,9.3,5.5,7.19,1.07,0,72
0.993,24.378,0.442,84.12,1.071,2025-04-14 21:54:52,72.0,9.3,5.5,7.19,1.07,0,72
1.005,24.408,0.887,84.22,1.137,2025-04-14 21:54:52,72.0,9.3,5.5,7.19,1.07,0,72
1.0,24.331,0.467,83.99,1.091,2025-04-14 21:54:52,72.0,9.3,5.5,7.19,1.07,0,72
1.006,24.363,0.59,84.09,1.115,2025-04-14 21:54:52,72.0,9.3,5.5,7.19,1.07,0,72
0.965,24.347,0.517,84.21,1.164,2025-04-14 21:54:52,72.0,9.3,5.5,7.19,1.07,0,72
1.019,24.345,0.389,83.96,1.08,2025-04-14 21:54:52,72.0,9.3,5.5,7.19,1.07,0,72
0.957,24.306,0.568,83.88,1.06,2025-04-14 21:54:52,72.0,9.3,5.5,7.19,1.07,0,72
0.983,24.445,0.527,83.89,1.086,2025-04-14 21:54:52,72.0,9.3,5.5,7.19,1.07,0,72
0.969,24.261,0.919,83.94,1.068,2025-04-15 11:01:07,73.0,12.5,6.5,8.31,1.33,0,73
0.993,24.245,0.485,83.93,1.119,2025-04-15 11:01:07,73.0,12.5,6.5,8.31,1.33,0,73
0.978,24.268,0.422,83.89,1.051,2025-04-15 11:01:07,73.0,12.5,6.5,8.31,1.33,0,73
0.966,24.263,0.686,84.21,1.089,2025-04-15 11:01:07,73.0,12.5,6.5,8.31,1.33,0,73
1.023,24.324,0.656,83.8,1.044,2025-04-15 11:01:07,73.0,12.5,6.5,8.31,1.33,0,73
0.997,24.321,0.608,84.24,1.119,2025-04-15 11:01:07,73.0,12.5,6.5,8.31,1.33,0,73
0.979,24.268,0.61,83.79,1.097,2025-04-15 11:01:07,73.0,12.5,6.5,8.31,1.33,0,73
1.004,24.356,0.465,84.0,1.118,2025-04-15 11:01:07,73.0,12.5,6.5,8.31,1.33,0,73
0.977,24.254,0.452,83.78,1.083,2025-04-15 11:01:07,73.0,12.5,6.5,8.31,1.33,0,73
0.988,24.22,0.55,83.93,1.112,2025-04-15 11:01:07,73.0,12.5,6.5,8.31,1.33,0,73
0.99,24.265,0.475,83.98,1.037,2025-04-15 11:01:07,73.0,12.5,6.5,8.31,1.33,0,73
1.007,24.294,0.45,84.05,1.096,2025-04-15 11:01:07,73.0,12.5,6.5,8.31,1.33,0,73
1.005,24.301,0.409,83.94,1.235,2025-04-15 11:01:07,73.0,12.5,6.5,8.31,1.33,0,73
1.0,24.254,0.861,83.77,1.144,2025-04-15 11:01:07,73.0,12.5,6.5,8.31,1.33,0,73
0.989,24.279,0.407,83.97,1.079,2025-04-15 11:01:07,73.0,12.5,6.5,8.31,1.33,0,73
0.989,24.253,0.741,83.96,1.088,2025-04-15 11:01:07,73.0,12.5,6.5,8.31,1.33,0,73
1.005,24.221,0.568,83.97,1.035,2025-04-15 11:01:07,73.0,12.5,6.5,8.31,1.33,0,73
0.96,24.357,0.52,84.01,1.007,2025-04-15 11:01:07,73.0,12.5,6.5,8.31,1.33,0,73
0.938,24.217,0.731,83.83,0.992,2025-04-15 11:01:07,73.0,12.5,6.5,8.31,1.33,0,73
0.991,24.336,0.532,83.97,1.191,2025-04-15 13:01:12,74.0,9.6,6.6,8.21,0.84,0,74
1.002,24.373,0.369,84.38,1.133,2025-04-15 13:01:12,74.0,9.6,6.6,8.21,0.84,0,74
0.982,24.237,0.429,84.13,1.063,2025-04-15 13:01:12,74.0,9.6,6.6,8.21,0.84,0,74
0.974,24.326,0.967,83.9,1.097,2025-04-15 13:01:12,74.0,9.6,6.6,8.21,0.84,0,74
0.991,24.294,0.613,83.94,1.117,2025-04-15 13:01:12,74.0,9.6,6.6,8.21,0.84,0,74
1.034,24.441,0.47,84.22,1.146,2025-04-15 13:01:12,74.0,9.6,6.6,8.21,0.84,0,74
0.966,24.308,0.364,83.87,1.09,2025-04-15 13:01:12,74.0,9.6,6.6,8.21,0.84,0,74
1.01,24.339,0.442,83.86,1.103,2025-04-15 13:01:12,74.0,9.6,6.6,8.21,0.84,0,74
1.01,24.395,0.51,83.9,1.142,2025-04-15 13:01:12,74.0,9.6,6.6,8.21,0.84,0,74
0.997,24.326,0.452,84.19,1.047,2025-04-15 13:01:12,74.0,9.6,6.6,8.21,0.84,0,74
0.962,24.158,0.653,84.23,1.052,2025-04-15 13:01:12,74.0,9.6,6.6,8.21,0.84,0,74
1.024,24.325,0.67,84.26,1.141,2025-04-15 13:01:12,74.0,9.6,6.6,8.21,0.84,0,74
0.986,24.3,0.535,83.89,1.121,2025-04-15 13:01:12,74.0,9.6,6.6,8.21,0.84,0,74
0.962,24.316,0.731,84.23,1.125,2025-04-15 13:01:12,74.0,9.6,6.6,8.21,0.84,0,74
0.997,24.293,0.688,83.85,1.131,2025-04-15 13:01:12,74.0,9.6,6.6,8.21,0.84,0,74
0.991,24.291,0.48,83.98,1.088,2025-04-15 13:01:12,74.0,9.6,6.6,8.21,0.84,0,74
0.982,24.374,0.525,84.1,1.152,2025-04-15 13:01:12,74.0,9.6,6.6,8.21,0.84,0,74
1.009,24.263,0.56,83.92,1.113,2025-04-15 13:01:12,74.0,9.6,6.6,8.21,0.84,0,74
0.961,24.336,0.686,83.89,1.101,2025-04-15 19:36:25,75.0,9.5,4.9,7.14,1.13,0,75
0.94,24.285,0.517,83.82,1.104,2025-04-15 19:36:25,75.0,9.5,4.9,7.14,1.13,0,75
0.982,24.332,0.711,83.94,1.034,2025-04-15 19:36:25,75.0,9.5,4.9,7.14,1.13,0,75
0.971,24.355,0.754,83.87,0.995,2025-04-15 19:36:25,75.0,9.5,4.9,7.14,1.13,0,75
0.999,24.347,0.726,84.07,1.11,2025-04-15 19:36:25,75.0,9.5,4.9,7.14,1.13,0,75
1.0,24.334,0.525,84.11,1.134,2025-04-15 19:36:25,75.0,9.5,4.9,7.14,1.13,0,75
0.998,24.291,0.445,83.91,1.157,2025-04-15 19:36:25,75.0,9.5,4.9,7.14,1.13,0,75
0.998,24.328,0.583,83.82,1.133,2025-04-15 19:36:25,75.0,9.5,4.9,7.14,1.13,0,75
1.01,24.401,0.495,84.06,1.066,2025-04-15 19:36:25,75.0,9.5,4.9,7.14,1.13,0,75
0.982,24.309,1.002,84.22,1.123,2025-04-15 19:36:25,75.0,9.5,4.9,7.14,1.13,0,75
1.002,24.408,0.344,84.08,1.129,2025-04-15 19:36:25,75.0,9.5,4.9,7.14,1.13,0,75
0.977,24.332,0.472,83.84,1.131,2025-04-15 19:36:25,75.0,9.5,4.9,7.14,1.13,0,75
1.011,24.389,0.432,83.84,1.057,2025-04-15 19:36:25,75.0,9.5,4.9,7.14,1.13,0,75
1.003,24.334,0.432,84.09,1.164,2025-04-15 19:36:25,75.0,9.5,4.9,7.14,1.13,0,75
0.959,24.307,0.575,84.01,1.021,2025-04-15 19:36:25,75.0,9.5,4.9,7.14,1.13,0,75
0.982,24.319,0.585,83.98,1.148,2025-04-15 19:36:25,75.0,9.5,4.9,7.14,1.13,0,75
0.989,24.373,0.575,84.2,1.042,2025-04-15 19:36:25,75.0,9.5,4.9,7.14,1.13,0,75
0.985,24.312,0.623,84.03,1.066,2025-04-15 19:36:25,75.0,9.5,4.9,7.14,1.13,0,75
0.982,24.322,0.462,84.09,1.02,2025-04-15 19:36:25,75.0,9.5,4.9,7.14,1.13,0,75
1.01,24.34,0.422,84.04,1.09,2025-04-15 21:26:32,76.0,11.8,5.1,7.41,1.32,0,76
0.973,24.296,0.746,83.93,1.041,2025-04-15 21:26:32,76.0,11.8,5.1,7.41,1.32,0,76
1.028,24.377,0.369,83.85,1.098,2025-04-15 21:26:32,76.0,11.8,5.1,7.41,1.32,0,76
0.98,24.312,0.588,84.12,1.035,2025-04-15 21:26:32,76.0,11.8,5.1,7.41,1.32,0,76
0.989,24.288,0.553,84.05,1.116,2025-04-15 21:26:32,76.0,11.8,5.1,7.41,1.32,0,76
0.943,24.288,0.482,83.98,1.028,2025-04-15 21:26:32,76.0,11.8,5.1,7.41,1.32,0,76
0.982,24.293,0.583,83.7,1.085,2025-04-15 21:26:32,76.0,11.8,5.1,7.41,1.32,0,76
0.994,24.273,0.683,84.13,0.97,2025-04-15 21:26:32,76.0,11.8,5.1,7.41,1.32,0,76
0.957,24.188,0.595,83.88,1.078,2025-04-15 21:26:32,76.0,11.8,5.1,7.41,1.32,0,76
1.004,24.293,0.432,83.97,1.075,2025-04-15 21:26:32,76.0,11.8,5.1,7.41,1.32,0,76
0.997,24.277,0.836,84.25,1.129,2025-04-15 21:26:32,76.0,11.8,5.1,7.41,1.32,0,76
1.004,24.353,0.477,83.91,1.107,2025-04-15 21:26:32,76.0,11.8,5.1,7.41,1.32,0,76
1.026,24.329,0.497,84.17,1.211,2025-04-15 21:26:32,76.0,11.8,5.1,7.41,1.32,0,76
0.968,24.311,0.369,83.89,1.064,2025-04-15 21:26:32,76.0,11.8,5.1,7.41,1.32,0,76
0.967,24.298,0.55,83.71,1.071,2025-04-15 21:26:32,76.0,11.8,5.1,7.41,1.32,0,76
0.976,24.319,0.558,83.94,1.082,2025-04-15 21:26:32,76.0,11.8,5.1,7.41,1.32,0,76
0.978,24.326,0.64,83.59,1.081,2025-04-15 21:26:32,76.0,11.8,5.1,7.41,1.32,0,76
0.982,24.335,0.53,83.92,1.065,2025-04-15 21:26:32,76.0,11.8,5.1,7.41,1.32,0,76
1.008,24.257,0.496,83.99,1.106,2025-06-03 13:44:35,77.0,9.0,6.2,7.43,0.89,0,77
1.003,24.321,0.684,83.979,1.162,2025-06-03 13:44:35,77.0,9.0,6.2,7.43,0.89,0,77
0.984,24.219,0.692,83.989,1.115,2025-06-03 13:44:35,77.0,9.0,6.2,7.43,0.89,0,77
1.003,24.278,0.741,83.807,1.137,2025-06-03 13:44:35,77.0,9.0,6.2,7.43,0.89,0,77
0.986,24.267,0.664,83.891,1.146,2025-06-03 13:44:35,77.0,9.0,6.2,7.43,0.89,0,77
1.005,24.265,0.631,83.911,1.09,2025-06-03 13:44:35,77.0,9.0,6.2,7.43,0.89,0,77
1.031,24.356,0.534,84.062,1.191,2025-06-03 13:44:35,77.0,9.0,6.2,7.43,0.89,0,77
0.993,24.324,0.791,84.12,1.181,2025-06-03 13:44:35,77.0,9.0,6.2,7.43,0.89,0,77
1.008,24.35,0.476,83.955,1.15,2025-06-03 13:44:35,77.0,9.0,6.2,7.43,0.89,0,77
0.982,24.182,0.55,83.891,1.129,2025-06-03 13:44:35,77.0,9.0,6.2,7.43,0.89,0,77
1.009,24.247,0.477,83.932,1.021,2025-06-03 13:44:35,77.0,9.0,6.2,7.43,0.89,0,77
1.008,24.364,0.529,84.148,1.105,2025-06-03 13:44:35,77.0,9.0,6.2,7.43,0.89,0,77
0.985,24.262,0.446,83.781,1.069,2025-06-03 13:44:35,77.0,9.0,6.2,7.43,0.89,0,77
1.015,24.332,0.525,83.898,1.162,2025-06-03 13:44:35,77.0,9.0,6.2,7.43,0.89,0,77
0.996,24.341,0.567,83.983,1.063,2025-06-03 13:44:35,77.0,9.0,6.2,7.43,0.89,0,77
0.99,24.226,0.689,84.038,1.116,2025-06-03 13:44:35,77.0,9.0,6.2,7.43,0.89,0,77
1.02,24.275,0.513,83.874,1.134,2025-06-03 13:44:35,77.0,9.0,6.2,7.43,0.89,0,77
1.017,24.403,0.466,83.871,1.111,2025-06-03 13:44:35,77.0,9.0,6.2,7.43,0.89,0,77
0.985,24.273,0.479,84.187,1.073,2025-06-03 13:44:35,77.0,9.0,6.2,7.43,0.89,0,77
0.997,24.348,0.846,83.915,1.116,2025-06-03 13:44:35,77.0,9.0,6.2,7.43,0.89,0,77
1.002,24.33,0.439,84.2,1.018,2025-06-03 19:13:57,78.0,10.0,7.8,9.14,0.6,0,78
0.989,24.314,0.424,84.15,1.12,2025-06-03 19:13:57,78.0,10.0,7.8,9.14,0.6,0,78
1.002,24.403,0.502,84.22,1.071,2025-06-03 19:13:57,78.0,10.0,7.8,9.14,0.6,0,78
0.994,24.317,0.404,84.02,1.061,2025-06-03 19:13:57,78.0,10.0,7.8,9.14,0.6,0,78
0.971,24.276,0.537,84.12,1.089,2025-06-03 19:13:57,78.0,10.0,7.8,9.14,0.6,0,78
0.961,24.3,0.801,84.0,1.092,2025-06-03 19:13:57,78.0,10.0,7.8,9.14,0.6,0,78
0.986,24.26,0.57,84.07,1.112,2025-06-03 19:13:57,78.0,10.0,7.8,9.14,0.6,0,78
0.965,24.33,0.507,84.13,1.089,2025-06-03 19:13:57,78.0,10.0,7.8,9.14,0.6,0,78
0.994,24.334,0.57,83.88,1.07,2025-06-03 19:13:57,78.0,10.0,7.8,9.14,0.6,0,78
0.974,24.248,0.477,84.2,1.042,2025-06-03 19:13:57,78.0,10.0,7.8,9.14,0.6,0,78
0.997,24.343,0.721,84.35,1.14,2025-06-03 19:13:57,78.0,10.0,7.8,9.14,0.6,0,78
0.987,24.306,0.565,84.05,1.061,2025-06-03 19:13:57,78.0,10.0,7.8,9.14,0.6,0,78
0.972,24.244,0.457,83.99,1.15,2025-06-03 19:13:57,78.0,10.0,7.8,9.14,0.6,0,78
0.97,24.327,0.357,84.08,1.076,2025-06-03 19:13:57,78.0,10.0,7.8,9.14,0.6,0,78
0.973,24.346,0.522,83.92,1.057,2025-06-03 19:13:57,78.0,10.0,7.8,9.14,0.6,0,78
1.009,24.371,0.62,83.93,1.188,2025-06-03 19:13:57,78.0,10.0,7.8,9.14,0.6,0,78
0.989,24.274,0.55,84.1,1.141,2025-06-03 19:13:57,78.0,10.0,7.8,9.14,0.6,0,78
0.976,24.28,0.555,83.96,1.093,2025-06-03 19:13:57,78.0,10.0,7.8,9.14,0.6,0,78
0.969,24.312,0.326,84.0,1.086,2025-06-03 19:13:57,78.0,10.0,7.8,9.14,0.6,0,78
0.961,24.246,0.54,84.18,1.086,2025-06-03 19:13:57,78.0,10.0,7.8,9.14,0.6,0,78
1.004,24.355,0.464,84.08,1.113,2025-06-03 21:44:03,79.0,12.2,6.1,8.71,1.39,0,79
1.001,24.381,0.613,83.85,1.113,2025-06-03 21:44:03,79.0,12.2,6.1,8.71,1.39,0,79
1.007,24.299,0.284,84.09,1.127,2025-06-03 21:44:03,79.0,12.2,6.1,8.71,1.39,0,79
0.957,24.236,0.512,84.01,1.142,2025-06-03 21:44:03,79.0,12.2,6.1,8.71,1.39,0,79
0.987,24.273,0.575,83.83,1.089,2025-06-03 21:44:03,79.0,12.2,6.1,8.71,1.39,0,79
0.976,24.341,0.62,84.02,1.061,2025-06-03 21:44:03,79.0,12.2,6.1,8.71,1.39,0,79
1.022,24.332,0.552,83.92,1.184,2025-06-03 21:44:03,79.0,12.2,6.1,8.71,1.39,0,79
0.972,24.318,0.384,83.77,1.043,2025-06-03 21:44:03,79.0,12.2,6.1,8.71,1.39,0,79
0.966,24.272,0.54,83.8,1.048,2025-06-03 21:44:03,79.0,12.2,6.1,8.71,1.39,0,79
1.004,24.309,0.512,84.17,1.135,2025-06-03 21:44:03,79.0,12.2,6.1,8.71,1.39,0,79
0.97,24.262,0.565,84.04,1.028,2025-06-03 21:44:03,79.0,12.2,6.1,8.71,1.39,0,79
0.992,24.291,0.61,84.14,1.132,2025-06-03 21:44:03,79.0,12.2,6.1,8.71,1.39,0,79
0.995,24.273,0.575,84.19,0.989,2025-06-03 21:44:03,79.0,12.2,6.1,8.71,1.39,0,79
1.041,24.421,0.477,84.22,1.222,2025-06-03 21:44:03,79.0,12.2,6.1,8.71,1.39,0,79
0.944,24.248,0.502,83.73,1.062,2025-06-03 21:44:03,79.0,12.2,6.1,8.71,1.39,0,79
0.999,24.336,0.851,83.89,1.117,2025-06-03 21:44:03,79.0,12.2,6.1,8.71,1.39,0,79
1.011,24.315,0.51,84.15,1.209,2025-06-03 21:44:03,79.0,12.2,6.1,8.71,1.39,0,79
0.975,24.269,0.497,83.99,1.084,2025-06-03 21:44:03,79.0,12.2,6.1,8.71,1.39,0,79
1.015,24.333,0.417,83.99,1.078,2025-06-03 21:44:03,79.0,12.2,6.1,8.71,1.39,0,79
1.004,24.384,0.753,84.25,1.064,2025-06-04 11:22:54,80.0,17.8,7.5,9.05,2.22,0,80
0.993,24.36,0.402,84.07,1.031,2025-06-04 11:22:54,80.0,17.8,7.5,9.05,2.22,0,80
0.959,24.372,0.683,84.02,1.056,2025-06-04 11:22:54,80.0,17.8,7.5,9.05,2.22,0,80
0.97,24.36,0.821,83.98,1.051,2025-06-04 11:22:54,80.0,17.8,7.5,9.05,2.22,0,80
0.997,24.274,0.52,83.85,1.075,2025-06-04 11:22:54,80.0,17.8,7.5,9.05,2.22,0,80
1.021,24.351,0.407,83.76,1.108,2025-06-04 11:22:54,80.0,17.8,7.5,9.05,2.22,0,80
0.987,24.326,0.5,83.89,1.112,2025-06-04 11:22:54,80.0,17.8,7.5,9.05,2.22,0,80
0.971,24.313,0.55,83.92,1.057,2025-06-04 11:22:54,80.0,17.8,7.5,9.05,2.22,0,80
0.999,24.415,0.414,83.91,1.051,2025-06-04 11:22:54,80.0,17.8,7.5,9.05,2.22,0,80
1.013,24.357,0.5,84.21,1.142,2025-06-04 11:22:54,80.0,17.8,7.5,9.05,2.22,0,80
0.977,24.333,0.439,83.86,1.023,2025-06-04 11:22:54,80.0,17.8,7.5,9.05,2.22,0,80
0.944,24.305,0.515,83.76,1.097,2025-06-04 11:22:54,80.0,17.8,7.5,9.05,2.22,0,80
0.963,24.295,0.47,84.08,1.091,2025-06-04 11:22:54,80.0,17.8,7.5,9.05,2.22,0,80
0.956,24.312,0.301,84.06,1.088,2025-06-04 11:22:54,80.0,17.8,7.5,9.05,2.22,0,80
0.979,24.251,0.648,83.83,1.078,2025-06-04 11:22:54,80.0,17.8,7.5,9.05,2.22,0,80
0.954,24.279,0.48,83.85,1.057,2025-06-04 11:22:54,80.0,17.8,7.5,9.05,2.22,0,80
0.992,24.326,0.377,84.0,1.072,2025-06-04 11:22:54,80.0,17.8,7.5,9.05,2.22,0,80
0.978,24.335,0.804,83.84,1.071,2025-06-04 11:22:54,80.0,17.8,7.5,9.05,2.22,0,80
0.978,24.277,0.485,84.03,1.071,2025-06-04 11:22:54,80.0,17.8,7.5,9.05,2.22,0,80
0.973,24.333,0.49,84.29,1.089,2025-06-04 13:08:01,81.0,11.0,6.2,8.38,1.05,0,81
0.988,24.295,0.588,84.15,1.06,2025-06-04 13:08:01,81.0,11.0,6.2,8.38,1.05,0,81
0.993,24.254,0.507,83.98,1.037,2025-06-04 13:08:01,81.0,11.0,6.2,8.38,1.05,0,81
0.977,24.274,0.934,84.0,1.037,2025-06-04 13:08:01,81.0,11.0,6.2,8.38,1.05,0,81
0.953,24.275,0.673,83.96,1.093,2025-06-04 13:08:01,81.0,11.0,6.2,8.38,1.05,0,81
1.012,24.318,0.444,83.85,1.102,2025-06-04 13:08:01,81.0,11.0,6.2,8.38,1.05,0,81
0.997,24.312,0.379,84.06,1.075,2025-06-04 13:08:01,81.0,11.0,6.2,8.38,1.05,0,81
0.954,24.238,0.884,83.82,1.109,2025-06-04 13:08:01,81.0,11.0,6.2,8.38,1.05,0,81
0.996,24.306,0.437,83.93,1.147,2025-06-04 13:08:01,81.0,11.0,6.2,8.38,1.05,0,81
0.937,24.286,0.831,83.92,1.036,2025-06-04 13:08:01,81.0,11.0,6.2,8.38,1.05,0,81
0.963,24.257,0.512,84.24,1.087,2025-06-04 13:08:01,81.0,11.0,6.2,8.38,1.05,0,81
0.973,24.297,0.316,84.12,1.056,2025-06-04 13:08:01,81.0,11.0,6.2,8.38,1.05,0,81
0.975,24.289,0.776,84.04,1.084,2025-06-04 13:08:01,81.0,11.0,6.2,8.38,1.05,0,81
0.93,24.256,0.352,83.9,1.042,2025-06-04 13:08:01,81.0,11.0,6.2,8.38,1.05,0,81
1.004,24.32,0.444,84.08,1.128,2025-06-04 13:08:01,81.0,11.0,6.2,8.38,1.05,0,81
0.979,24.278,0.545,84.05,1.122,2025-06-04 13:08:01,81.0,11.0,6.2,8.38,1.05,0,81
0.985,24.321,0.741,84.22,1.105,2025-06-04 13:08:01,81.0,11.0,6.2,8.38,1.05,0,81
1.008,24.36,0.492,84.1,1.022,2025-06-04 13:08:01,81.0,11.0,6.2,8.38,1.05,0,81
0.992,24.324,0.716,83.85,1.105,2025-06-04 13:08:01,81.0,11.0,6.2,8.38,1.05,0,81
0.988,24.35,0.608,84.01,1.142,2025-06-04 13:08:01,81.0,11.0,6.2,8.38,1.05,0,81
0.969,24.304,0.427,83.94,1.151,2025-06-04 19:03:12,82.0,10.8,6.5,8.45,0.91,0,82
0.987,24.345,0.479,83.98,1.036,2025-06-04 19:03:12,82.0,10.8,6.5,8.45,0.91,0,82
0.999,24.304,0.741,84.17,1.097,2025-06-04 19:03:12,82.0,10.8,6.5,8.45,0.91,0,82
0.978,24.294,0.444,83.77,1.108,2025-06-04 19:03:12,82.0,10.8,6.5,8.45,0.91,0,82
0.958,24.292,0.567,83.89,1.001,2025-06-04 19:03:12,82.0,10.8,6.5,8.45,0.91,0,82
1.013,24.328,0.588,83.99,1.139,2025-06-04 19:03:12,82.0,10.8,6.5,8.45,0.91,0,82
1.002,24.331,0.904,83.84,1.114,2025-06-04 19:03:12,82.0,10.8,6.5,8.45,0.91,0,82
0.985,24.297,0.324,83.99,1.084,2025-06-04 19:03:12,82.0,10.8,6.5,8.45,0.91,0,82
0.987,24.318,0.65,83.88,1.088,2025-06-04 19:03:12,82.0,10.8,6.5,8.45,0.91,0,82
0.998,24.353,0.573,83.87,1.151,2025-06-04 19:03:12,82.0,10.8,6.5,8.45,0.91,0,82
0.999,24.22,0.876,84.13,1.116,2025-06-04 19:03:12,82.0,10.8,6.5,8.45,0.91,0,82
0.994,24.257,0.455,83.94,1.131,2025-06-04 19:03:12,82.0,10.8,6.5,8.45,0.91,0,82
0.999,24.328,0.675,84.01,1.109,2025-06-04 19:03:12,82.0,10.8,6.5,8.45,0.91,0,82
0.987,24.344,0.304,83.87,1.142,2025-06-04 19:03:12,82.0,10.8,6.5,8.45,0.91,0,82
0.97,24.3,0.477,83.93,1.117,2025-06-04 19:03:12,82.0,10.8,6.5,8.45,0.91,0,82
0.981,24.303,0.515,84.13,1.069,2025-06-04 19:03:12,82.0,10.8,6.5,8.45,0.91,0,82
0.97,24.255,0.595,83.97,1.044,2025-06-04 19:03:12,82.0,10.8,6.5,8.45,0.91,0,82
1.007,24.279,0.419,83.81,1.04,2025-06-04 19:03:12,82.0,10.8,6.5,8.45,0.91,0,82
0.979,24.357,0.387,84.06,1.15,2025-06-04 19:03:12,82.0,10.8,6.5,8.45,0.91,0,82
0.991,24.314,0.665,84.02,1.144,2025-06-04 21:28:18,83.0,11.3,7.4,9.02,1.03,0,83
0.969,24.332,0.407,83.96,1.042,2025-06-04 21:28:18,83.0,11.3,7.4,9.02,1.03,0,83
1.001,24.356,0.56,84.27,1.202,2025-06-04 21:28:18,83.0,11.3,7.4,9.02,1.03,0,83
0.973,24.25,0.52,83.83,1.091,2025-06-04 21:28:18,83.0,11.3,7.4,9.02,1.03,0,83
0.978,24.26,0.608,84.33,1.133,2025-06-04 21:28:18,83.0,11.3,7.4,9.02,1.03,0,83
1.005,24.289,0.417,84.36,1.15,2025-06-04 21:28:18,83.0,11.3,7.4,9.02,1.03,0,83
0.962,24.259,0.535,84.06,1.087,2025-06-04 21:28:18,83.0,11.3,7.4,9.02,1.03,0,83
1.016,24.337,0.57,83.88,1.124,2025-06-04 21:28:18,83.0,11.3,7.4,9.02,1.03,0,83
0.984,24.248,0.891,84.17,1.148,2025-06-04 21:28:18,83.0,11.3,7.4,9.02,1.03,0,83
1.001,24.362,0.512,84.0,1.1,2025-06-04 21:28:18,83.0,11.3,7.4,9.02,1.03,0,83
1.015,24.346,0.447,83.95,1.144,2025-06-04 21:28:18,83.0,11.3,7.4,9.02,1.03,0,83
0.975,24.265,0.515,84.07,1.054,2025-06-04 21:28:18,83.0,11.3,7.4,9.02,1.03,0,83
0.968,24.218,0.525,83.87,1.072,2025-06-04 21:28:18,83.0,11.3,7.4,9.02,1.03,0,83
0.979,24.293,0.462,83.97,1.104,2025-06-04 21:28:18,83.0,11.3,7.4,9.02,1.03,0,83
1.013,24.337,0.577,84.2,1.188,2025-06-04 21:28:18,83.0,11.3,7.4,9.02,1.03,0,83
0.955,24.251,0.678,83.97,1.085,2025-06-04 21:28:18,83.0,11.3,7.4,9.02,1.03,0,83
1.007,24.293,0.861,83.96,1.097,2025-06-04 21:28:18,83.0,11.3,7.4,9.02,1.03,0,83
0.978,24.306,0.382,84.13,1.134,2025-06-04 21:28:18,83.0,11.3,7.4,9.02,1.03,0,83
0.984,24.23,0.377,83.84,1.05,2025-06-04 21:28:18,83.0,11.3,7.4,9.02,1.03,0,83
1.006,24.42,0.613,84.05,1.091,2025-06-05 11:22:25,84.0,9.5,6.9,7.93,0.69,0,84
0.971,24.319,0.573,83.92,1.039,2025-06-05 11:22:25,84.0,9.5,6.9,7.93,0.69,0,84
0.969,24.408,0.477,83.82,1.043,2025-06-05 11:22:25,84.0,9.5,6.9,7.93,0.69,0,84
0.99,24.279,0.515,84.16,1.093,2025-06-05 11:22:25,84.0,9.5,6.9,7.93,0.69,0,84
1.015,24.398,0.482,83.8,1.143,2025-06-05 11:22:25,84.0,9.5,6.9,7.93,0.69,0,84
0.974,24.306,0.588,83.82,1.087,2025-06-05 11:22:25,84.0,9.5,6.9,7.93,0.69,0,84
0.993,24.447,0.505,83.98,1.087,2025-06-05 11:22:25,84.0,9.5,6.9,7.93,0.69,0,84
0.995,24.309,0.464,84.13,1.168,2025-06-05 11:22:25,84.0,9.5,6.9,7.93,0.69,0,84
0.983,24.422,0.367,83.89,1.122,2025-06-05 11:22:25,84.0,9.5,6.9,7.93,0.69,0,84
0.986,24.352,0.605,84.17,1.124,2025-06-05 11:22:25,84.0,9.5,6.9,7.93,0.69,0,84
1.015,24.359,0.382,84.05,1.134,2025-06-05 11:22:25,84.0,9.5,6.9,7.93,0.69,0,84
0.954,24.355,0.414,84.06,1.132,2025-06-05 11:22:25,84.0,9.5,6.9,7.93,0.69,0,84
0.999,24.382,0.583,83.77,1.117,2025-06-05 11:22:25,84.0,9.5,6.9,7.93,0.69,0,84
1.01,24.453,0.452,84.01,1.129,2025-06-05 11:22:25,84.0,9.5,6.9,7.93,0.69,0,84
0.991,24.356,0.346,83.96,1.148,2025-06-05 11:22:25,84.0,9.5,6.9,7.93,0.69,0,84
0.957,24.332,0.808,83.92,1.122,2025-06-05 11:22:25,84.0,9.5,6.9,7.93,0.69,0,84
0.969,24.359,0.741,84.03,1.132,2025-06-05 11:22:25,84.0,9.5,6.9,7.93,0.69,0,84
1.004,24.397,0.575,83.9,1.104,2025-06-05 11:22:25,84.0,9.5,6.9,7.93,0.69,0,84
0.989,24.372,0.414,83.73,1.065,2025-06-05 11:22:25,84.0,9.5,6.9,7.93,0.69,0,84
1.006,24.345,0.332,84.2,1.097,2025-06-09 19:26:22,85.0,10.3,6.8,8.27,0.99,0,85
0.965,24.366,0.753,83.99,1.15,2025-06-09 19:26:22,85.0,10.3,6.8,8.27,0.99,0,85
0.988,24.367,0.482,83.93,1.148,2025-06-09 19:26:22,85.0,10.3,6.8,8.27,0.99,0,85
0.992,24.355,0.53,84.0,1.081,2025-06-09 19:26:22,85.0,10.3,6.8,8.27,0.99,0,85
1.003,24.33,0.487,83.88,1.213,2025-06-09 19:26:22,85.0,10.3,6.8,8.27,0.99,0,85
0.993,24.339,0.427,83.92,1.055,2025-06-09 19:26:22,85.0,10.3,6.8,8.27,0.99,0,85
0.991,24.316,0.482,84.1,1.096,2025-06-09 19:26:22,85.0,10.3,6.8,8.27,0.99,0,85
0.989,24.276,0.547,83.92,1.145,2025-06-09 19:26:22,85.0,10.3,6.8,8.27,0.99,0,85
0.992,24.378,0.404,83.89,1.034,2025-06-09 19:26:22,85.0,10.3,6.8,8.27,0.99,0,85
0.992,24.349,0.535,84.18,1.088,2025-06-09 19:26:22,85.0,10.3,6.8,8.27,0.99,0,85
1.025,24.421,0.429,84.07,1.18,2025-06-09 19:26:22,85.0,10.3,6.8,8.27,0.99,0,85
0.976,24.362,0.864,84.02,1.069,2025-06-09 19:26:22,85.0,10.3,6.8,8.27,0.99,0,85
1.02,24.337,0.402,84.16,1.11,2025-06-09 19:26:22,85.0,10.3,6.8,8.27,0.99,0,85
0.983,24.347,0.266,84.16,1.087,2025-06-09 19:26:22,85.0,10.3,6.8,8.27,0.99,0,85
0.95,24.26,0.588,83.89,1.067,2025-06-09 19:26:22,85.0,10.3,6.8,8.27,0.99,0,85
0.98,24.268,0.931,84.18,1.126,2025-06-09 19:26:22,85.0,10.3,6.8,8.27,0.99,0,85
1.008,24.366,0.618,84.24,1.165,2025-06-09 19:26:22,85.0,10.3,6.8,8.27,0.99,0,85
0.978,24.23,0.326,83.78,1.069,2025-06-09 19:26:22,85.0,10.3,6.8,8.27,0.99,0,85
0.988,24.336,0.593,83.79,1.179,2025-06-09 19:26:22,85.0,10.3,6.8,8.27,0.99,0,85
0.989,24.341,0.625,83.79,1.112,2025-06-10 11:12:45,86.0,9.6,6.4,8.54,0.79,0,86
0.956,24.264,0.874,83.94,1.097,2025-06-10 11:12:45,86.0,9.6,6.4,8.54,0.79,0,86
1.006,24.347,0.61,83.97,1.049,2025-06-10 11:12:45,86.0,9.6,6.4,8.54,0.79,0,86
1.036,24.405,0.404,84.1,1.136,2025-06-10 11:12:45,86.0,9.6,6.4,8.54,0.79,0,86
0.969,24.252,0.47,83.62,1.07,2025-06-10 11:12:45,86.0,9.6,6.4,8.54,0.79,0,86
1.011,24.356,0.497,84.05,1.198,2025-06-10 11:12:45,86.0,9.6,6.4,8.54,0.79,0,86
1.041,24.366,0.668,84.13,1.142,2025-06-10 11:12:45,86.0,9.6,6.4,8.54,0.79,0,86
0.974,24.266,0.713,84.1,1.093,2025-06-10 11:12:45,86.0,9.6,6.4,8.54,0.79,0,86
1.036,24.373,0.65,83.83,1.139,2025-06-10 11:12:45,86.0,9.6,6.4,8.54,0.79,0,86
1.003,24.348,0.911,84.04,1.192,2025-06-10 11:12:45,86.0,9.6,6.4,8.54,0.79,0,86
1.033,24.347,0.6,84.02,1.172,2025-06-10 11:12:45,86.0,9.6,6.4,8.54,0.79,0,86
0.986,24.308,0.68,84.02,1.052,2025-06-10 11:12:45,86.0,9.6,6.4,8.54,0.79,0,86
1.003,24.286,0.969,83.94,1.102,2025-06-10 11:12:45,86.0,9.6,6.4,8.54,0.79,0,86
0.999,24.35,0.572,84.0,1.196,2025-06-10 11:12:45,86.0,9.6,6.4,8.54,0.79,0,86
1.012,24.278,0.663,84.02,1.152,2025-06-10 11:12:45,86.0,9.6,6.4,8.54,0.79,0,86
1.007,24.284,0.66,83.72,1.097,2025-06-10 11:12:45,86.0,9.6,6.4,8.54,0.79,0,86
1.019,24.38,0.427,83.82,1.064,2025-06-10 11:12:45,86.0,9.6,6.4,8.54,0.79,0,86
0.984,24.258,0.482,83.85,1.104,2025-06-10 11:12:45,86.0,9.6,6.4,8.54,0.79,0,86
1.016,24.338,0.535,83.94,1.168,2025-06-10 11:12:45,86.0,9.6,6.4,8.54,0.79,0,86
0.983,24.304,0.397,83.68,1.061,2025-06-10 11:12:45,86.0,9.6,6.4,8.54,0.79,0,86
1.024,24.361,0.515,84.12,1.109,2025-06-10 12:52:50,87.0,10.8,6.3,7.99,1.08,0,87
0.97,24.363,0.362,83.99,1.023,2025-06-10 12:52:50,87.0,10.8,6.3,7.99,1.08,0,87
1.005,24.37,0.623,84.03,1.121,2025-06-10 12:52:50,87.0,10.8,6.3,7.99,1.08,0,87
0.956,24.295,0.264,84.17,1.01,2025-06-10 12:52:50,87.0,10.8,6.3,7.99,1.08,0,87
0.972,24.316,0.655,84.2,1.074,2025-06-10 12:52:50,87.0,10.8,6.3,7.99,1.08,0,87
0.974,24.331,0.577,84.02,1.051,2025-06-10 12:52:50,87.0,10.8,6.3,7.99,1.08,0,87
0.974,24.271,0.706,84.19,1.122,2025-06-10 12:52:50,87.0,10.8,6.3,7.99,1.08,0,87
1.027,24.361,0.839,84.14,1.12,2025-06-10 12:52:50,87.0,10.8,6.3,7.99,1.08,0,87
1.025,24.322,0.422,84.2,1.129,2025-06-10 12:52:50,87.0,10.8,6.3,7.99,1.08,0,87
0.983,24.266,0.522,84.22,1.082,2025-06-10 12:52:50,87.0,10.8,6.3,7.99,1.08,0,87
0.984,24.335,0.447,83.87,1.1,2025-06-10 12:52:50,87.0,10.8,6.3,7.99,1.08,0,87
1.0,24.313,0.547,84.24,1.095,2025-06-10 12:52:50,87.0,10.8,6.3,7.99,1.08,0,87
0.991,24.29,0.575,83.83,1.083,2025-06-10 12:52:50,87.0,10.8,6.3,7.99,1.08,0,87
0.985,24.331,0.688,84.17,1.167,2025-06-10 12:52:50,87.0,10.8,6.3,7.99,1.08,0,87
1.008,24.311,0.801,84.39,1.098,2025-06-10 12:52:50,87.0,10.8,6.3,7.99,1.08,0,87
1.017,24.357,0.58,83.9,1.206,2025-06-10 12:52:50,87.0,10.8,6.3,7.99,1.08,0,87
0.986,24.311,0.565,84.0,1.076,2025-06-10 12:52:50,87.0,10.8,6.3,7.99,1.08,0,87
0.969,24.315,0.502,84.09,1.069,2025-06-10 12:52:50,87.0,10.8,6.3,7.99,1.08,0,87
1.005,24.33,0.577,84.18,1.074,2025-06-10 19:23:33,88.0,10.8,7.2,8.38,0.97,0,88
1.036,24.333,0.527,83.75,1.119,2025-06-10 19:23:33,88.0,10.8,7.2,8.38,0.97,0,88
0.996,24.332,0.562,84.09,1.058,2025-06-10 19:23:33,88.0,10.8,7.2,8.38,0.97,0,88
1.003,24.338,0.349,83.88,1.151,2025-06-10 19:23:33,88.0,10.8,7.2,8.38,0.97,0,88
0.988,24.294,0.53,83.85,1.069,2025-06-10 19:23:33,88.0,10.8,7.2,8.38,0.97,0,88
0.964,24.302,0.578,83.98,1.101,2025-06-10 19:23:33,88.0,10.8,7.2,8.38,0.97,0,88
0.981,24.305,0.6,83.77,1.082,2025-06-10 19:23:33,88.0,10.8,7.2,8.38,0.97,0,88
0.999,24.303,0.467,84.19,1.112,2025-06-10 19:23:33,88.0,10.8,7.2,8.38,0.97,0,88
0.999,24.291,0.457,84.03,1.087,2025-06-10 19:23:33,88.0,10.8,7.2,8.38,0.97,0,88
0.992,24.241,0.414,84.12,1.064,2025-06-10 19:23:33,88.0,10.8,7.2,8.38,0.97,0,88
0.967,24.315,0.409,83.71,1.119,2025-06-10 19:23:33,88.0,10.8,7.2,8.38,0.97,0,88
1.006,24.329,0.698,84.14,1.056,2025-06-10 19:23:33,88.0,10.8,7.2,8.38,0.97,0,88
0.957,24.287,0.324,83.99,0.969,2025-06-10 19:23:33,88.0,10.8,7.2,8.38,0.97,0,88
1.008,24.359,0.59,84.21,1.129,2025-06-10 19:23:33,88.0,10.8,7.2,8.38,0.97,0,88
1.018,24.29,0.909,83.92,1.096,2025-06-10 19:23:33,88.0,10.8,7.2,8.38,0.97,0,88
0.968,24.256,0.359,83.94,1.048,2025-06-10 19:23:33,88.0,10.8,7.2,8.38,0.97,0,88
0.99,24.242,0.763,84.19,1.091,2025-06-10 19:23:33,88.0,10.8,7.2,8.38,0.97,0,88
1.006,24.255,0.673,84.24,1.129,2025-06-10 19:23:33,88.0,10.8,7.2,8.38,0.97,0,88
0.989,24.36,0.57,83.88,0.994,2025-06-10 21:33:43,89.0,12.5,7.0,8.69,1.22,0,89
1.025,24.389,0.497,84.21,1.1,2025-06-10 21:33:43,89.0,12.5,7.0,8.69,1.22,0,89
1.011,24.335,0.63,84.01,1.057,2025-06-10 21:33:43,89.0,12.5,7.0,8.69,1.22,0,89
0.987,24.397,0.512,84.04,1.165,2025-06-10 21:33:43,89.0,12.5,7.0,8.69,1.22,0,89
1.0,24.367,0.53,84.18,1.115,2025-06-10 21:33:43,89.0,12.5,7.0,8.69,1.22,0,89
0.992,24.326,0.492,83.88,1.08,2025-06-10 21:33:43,89.0,12.5,7.0,8.69,1.22,0,89
1.013,24.348,0.61,83.99,1.094,2025-06-10 21:33:43,89.0,12.5,7.0,8.69,1.22,0,89
1.005,24.363,0.495,83.9,1.104,2025-06-10 21:33:43,89.0,12.5,7.0,8.69,1.22,0,89
0.987,24.367,0.61,84.29,1.106,2025-06-10 21:33:43,89.0,12.5,7.0,8.69,1.22,0,89
1.014,24.371,0.891,83.9,1.069,2025-06-10 21:33:43,89.0,12.5,7.0,8.69,1.22,0,89
0.98,24.304,0.738,84.0,1.073,2025-06-10 21:33:43,89.0,12.5,7.0,8.69,1.22,0,89
0.964,24.343,0.969,84.09,1.109,2025-06-10 21:33:43,89.0,12.5,7.0,8.69,1.22,0,89
0.982,24.348,0.623,84.11,1.105,2025-06-10 21:33:43,89.0,12.5,7.0,8.69,1.22,0,89
0.994,24.334,0.394,84.0,1.092,2025-06-10 21:33:43,89.0,12.5,7.0,8.69,1.22,0,89
0.982,24.361,0.61,84.0,1.085,2025-06-10 21:33:43,89.0,12.5,7.0,8.69,1.22,0,89
0.969,24.366,0.485,84.13,1.112,2025-06-10 21:33:43,89.0,12.5,7.0,8.69,1.22,0,89
0.974,24.31,0.545,84.08,1.095,2025-06-10 21:33:43,89.0,12.5,7.0,8.69,1.22,0,89
0.968,24.326,0.525,83.85,1.038,2025-06-10 21:33:43,89.0,12.5,7.0,8.69,1.22,0,89
0.987,24.308,0.673,84.18,1.103,2025-06-11 11:16:36,90.0,10.5,6.7,8.88,1.05,0,90
0.957,24.268,0.301,84.21,1.086,2025-06-11 11:16:36,90.0,10.5,6.7,8.88,1.05,0,90
0.995,24.292,0.718,84.16,1.036,2025-06-11 11:16:36,90.0,10.5,6.7,8.88,1.05,0,90
1.01,24.371,0.49,84.22,1.152,2025-06-11 11:16:36,90.0,10.5,6.7,8.88,1.05,0,90
0.995,24.376,0.356,84.09,1.047,2025-06-11 11:16:36,90.0,10.5,6.7,8.88,1.05,0,90
1.011,24.359,0.655,84.29,1.156,2025-06-11 11:16:36,90.0,10.5,6.7,8.88,1.05,0,90
1.017,24.416,0.412,84.18,1.081,2025-06-11 11:16:36,90.0,10.5,6.7,8.88,1.05,0,90
1.03,24.389,0.57,83.95,1.125,2025-06-11 11:16:36,90.0,10.5,6.7,8.88,1.05,0,90
1.01,24.412,0.573,84.16,1.095,2025-06-11 11:16:36,90.0,10.5,6.7,8.88,1.05,0,90
0.972,24.32,0.316,84.04,0.993,2025-06-11 11:16:36,90.0,10.5,6.7,8.88,1.05,0,90
1.012,24.356,0.459,84.05,1.072,2025-06-11 11:16:36,90.0,10.5,6.7,8.88,1.05,0,90
0.978,24.306,0.771,84.24,1.097,2025-06-11 11:16:36,90.0,10.5,6.7,8.88,1.05,0,90
1.019,24.392,0.613,84.04,1.048,2025-06-11 11:16:36,90.0,10.5,6.7,8.88,1.05,0,90
0.992,24.323,1.009,83.98,1.08,2025-06-11 11:16:36,90.0,10.5,6.7,8.88,1.05,0,90
0.988,24.338,0.51,84.15,1.165,2025-06-11 11:16:36,90.0,10.5,6.7,8.88,1.05,0,90
1.001,24.33,0.52,84.22,1.121,2025-06-11 11:16:36,90.0,10.5,6.7,8.88,1.05,0,90
0.952,24.294,0.572,84.03,1.09,2025-06-11 11:16:36,90.0,10.5,6.7,8.88,1.05,0,90
1.012,24.291,0.68,83.98,1.058,2025-06-11 11:16:36,90.0,10.5,6.7,8.88,1.05,0,90
1.011,24.351,0.64,84.16,1.1,2025-06-11 11:16:36,90.0,10.5,6.7,8.88,1.05,0,90
0.987,24.302,0.653,84.29,1.078,2025-06-11 11:16:36,90.0,10.5,6.7,8.88,1.05,0,90
0.991,24.3,0.507,83.93,1.119,2025-06-11 13:06:43,91.0,10.8,6.7,8.51,0.98,0,91
0.984,24.339,0.492,83.92,1.057,2025-06-11 13:06:43,91.0,10.8,6.7,8.51,0.98,0,91
0.992,24.328,0.605,83.97,1.028,2025-06-11 13:06:43,91.0,10.8,6.7,8.51,0.98,0,91
0.993,24.326,0.69,83.95,1.135,2025-06-11 13:06:43,91.0,10.8,6.7,8.51,0.98,0,91
0.972,24.323,0.532,84.02,1.106,2025-06-11 13:06:43,91.0,10.8,6.7,8.51,0.98,0,91
0.999,24.36,0.645,83.73,1.044,2025-06-11 13:06:43,91.0,10.8,6.7,8.51,0.98,0,91
0.957,24.306,0.804,83.69,1.124,2025-06-11 13:06:43,91.0,10.8,6.7,8.51,0.98,0,91
0.98,24.312,0.459,84.15,1.022,2025-06-11 13:06:43,91.0,10.8,6.7,8.51,0.98,0,91
0.972,24.386,0.517,83.91,1.077,2025-06-11 13:06:43,91.0,10.8,6.7,8.51,0.98,0,91
0.98,24.317,0.728,84.04,1.147,2025-06-11 13:06:43,91.0,10.8,6.7,8.51,0.98,0,91
0.965,24.348,0.542,83.69,1.134,2025-06-11 13:06:43,91.0,10.8,6.7,8.51,0.98,0,91
1.015,24.354,0.711,84.18,1.083,2025-06-11 13:06:43,91.0,10.8,6.7,8.51,0.98,0,91
0.952,24.232,0.66,84.14,1.056,2025-06-11 13:06:43,91.0,10.8,6.7,8.51,0.98,0,91
0.962,24.275,0.432,84.19,1.02,2025-06-11 13:06:43,91.0,10.8,6.7,8.51,0.98,0,91
0.963,24.33,0.492,84.09,0.964,2025-06-11 13:06:43,91.0,10.8,6.7,8.51,0.98,0,91
0.991,24.345,0.588,83.91,1.104,2025-06-11 13:06:43,91.0,10.8,6.7,8.51,0.98,0,91
0.987,24.323,0.67,83.99,1.034,2025-06-11 13:06:43,91.0,10.8,6.7,8.51,0.98,0,91
0.964,24.317,0.557,83.91,1.078,2025-06-11 13:06:43,91.0,10.8,6.7,8.51,0.98,0,91
0.996,24.351,0.598,83.66,1.144,2025-06-11 13:06:43,91.0,10.8,6.7,8.51,0.98,0,91
0.966,24.284,0.55,84.01,1.077,2025-06-11 13:06:43,91.0,10.8,6.7,8.51,0.98,0,91
0.998,24.263,0.643,84.09,1.085,2025-07-03 21:26:09,92.0,9.6,5.1,7.71,1.06,0,92
1.015,24.324,0.535,84.13,1.085,2025-07-03 21:26:09,92.0,9.6,5.1,7.71,1.06,0,92
0.977,24.238,0.54,83.88,1.108,2025-07-03 21:26:09,92.0,9.6,5.1,7.71,1.06,0,92
1.005,24.355,0.53,83.9,1.049,2025-07-03 21:26:09,92.0,9.6,5.1,7.71,1.06,0,92
1.009,24.326,0.67,84.2,1.048,2025-07-03 21:26:09,92.0,9.6,5.1,7.71,1.06,0,92
1.016,24.339,0.394,83.86,1.173,2025-07-03 21:26:09,92.0,9.6,5.1,7.71,1.06,0,92
0.965,24.224,0.593,83.77,1.06,2025-07-03 21:26:09,92.0,9.6,5.1,7.71,1.06,0,92
0.986,24.282,0.615,83.61,1.136,2025-07-03 21:26:09,92.0,9.6,5.1,7.71,1.06,0,92
0.976,24.333,0.723,83.96,1.109,2025-07-03 21:26:09,92.0,9.6,5.1,7.71,1.06,0,92
0.977,24.332,0.507,83.95,1.02,2025-07-03 21:26:09,92.0,9.6,5.1,7.71,1.06,0,92
0.951,24.318,0.68,84.15,1.087,2025-07-03 21:26:09,92.0,9.6,5.1,7.71,1.06,0,92
0.991,24.339,0.605,84.07,1.079,2025-07-03 21:26:09,92.0,9.6,5.1,7.71,1.06,0,92
1.001,24.273,0.856,84.17,1.094,2025-07-03 21:26:09,92.0,9.6,5.1,7.71,1.06,0,92
1.018,24.318,0.487,84.28,1.108,2025-07-03 21:26:09,92.0,9.6,5.1,7.71,1.06,0,92
1.016,24.327,0.532,84.13,1.101,2025-07-03 21:26:09,92.0,9.6,5.1,7.71,1.06,0,92
0.974,24.287,0.449,83.72,1.098,2025-07-03 21:26:09,92.0,9.6,5.1,7.71,1.06,0,92
0.978,24.232,0.778,83.62,1.135,2025-07-03 21:26:09,92.0,9.6,5.1,7.71,1.06,0,92
0.982,24.221,0.623,84.14,1.034,2025-07-03 21:26:09,92.0,9.6,5.1,7.71,1.06,0,92
0.983,24.292,0.51,83.94,1.102,2025-07-03 21:26:09,92.0,9.6,5.1,7.71,1.06,0,92
1.0,24.23,0.703,84.1,1.098,2025-07-04 11:16:19,93.0,15.4,4.7,8.54,2.02,0,93
1.014,24.252,0.733,84.31,1.083,2025-07-04 11:16:19,93.0,15.4,4.7,8.54,2.02,0,93
1.011,24.284,0.434,84.14,1.141,2025-07-04 11:16:19,93.0,15.4,4.7,8.54,2.02,0,93
1.021,24.353,0.482,83.91,1.101,2025-07-04 11:16:19,93.0,15.4,4.7,8.54,2.02,0,93
0.933,24.25,0.392,83.79,0.994,2025-07-04 11:16:19,93.0,15.4,4.7,8.54,2.02,0,93
0.986,24.35,0.382,83.9,1.065,2025-07-04 11:16:19,93.0,15.4,4.7,8.54,2.02,0,93
0.958,24.225,0.585,84.02,1.005,2025-07-04 11:16:19,93.0,15.4,4.7,8.54,2.02,0,93
0.939,24.161,0.615,83.83,1.032,2025-07-04 11:16:19,93.0,15.4,4.7,8.54,2.02,0,93
0.976,24.273,0.623,84.2,1.109,2025-07-04 11:16:19,93.0,15.4,4.7,8.54,2.02,0,93
0.977,24.298,0.625,84.12,1.104,2025-07-04 11:16:19,93.0,15.4,4.7,8.54,2.02,0,93
0.998,24.287,0.567,83.67,1.128,2025-07-04 11:16:19,93.0,15.4,4.7,8.54,2.02,0,93
0.955,24.203,0.761,83.99,1.038,2025-07-04 11:16:19,93.0,15.4,4.7,8.54,2.02,0,93
0.962,24.241,0.552,83.79,1.085,2025-07-04 11:16:19,93.0,15.4,4.7,8.54,2.02,0,93
1.003,24.316,0.633,84.21,1.072,2025-07-04 11:16:19,93.0,15.4,4.7,8.54,2.02,0,93
0.993,24.241,0.334,83.99,1.097,2025-07-04 11:16:19,93.0,15.4,4.7,8.54,2.02,0,93
0.99,24.287,0.434,83.86,1.045,2025-07-04 11:16:19,93.0,15.4,4.7,8.54,2.02,0,93
1.006,24.346,0.909,84.33,1.106,2025-07-04 11:16:19,93.0,15.4,4.7,8.54,2.02,0,93
0.991,24.254,0.645,84.35,1.097,2025-07-04 11:16:19,93.0,15.4,4.7,8.54,2.02,0,93
0.974,24.325,0.665,83.86,1.078,2025-07-04 13:06:26,94.0,25.1,5.9,9.01,3.93,0,94
1.024,24.266,0.507,84.06,1.132,2025-07-04 13:06:26,94.0,25.1,5.9,9.01,3.93,0,94
0.992,24.269,0.663,84.17,1.134,2025-07-04 13:06:26,94.0,25.1,5.9,9.01,3.93,0,94
0.972,24.278,0.65,83.98,1.083,2025-07-04 13:06:26,94.0,25.1,5.9,9.01,3.93,0,94
1.007,24.3,0.708,84.2,1.137,2025-07-04 13:06:26,94.0,25.1,5.9,9.01,3.93,0,94
0.982,24.345,0.572,84.21,1.092,2025-07-04 13:06:26,94.0,25.1,5.9,9.01,3.93,0,94
0.982,24.307,0.545,84.07,1.084,2025-07-04 13:06:26,94.0,25.1,5.9,9.01,3.93,0,94
0.968,24.246,0.575,83.91,1.117,2025-07-04 13:06:26,94.0,25.1,5.9,9.01,3.93,0,94
0.952,24.218,0.635,84.13,1.053,2025-07-04 13:06:26,94.0,25.1,5.9,9.01,3.93,0,94
0.997,24.256,0.723,84.07,1.092,2025-07-04 13:06:26,94.0,25.1,5.9,9.01,3.93,0,94
0.956,24.255,0.454,83.99,1.0,2025-07-04 13:06:26,94.0,25.1,5.9,9.01,3.93,0,94
1.023,24.279,0.54,84.18,1.126,2025-07-04 13:06:26,94.0,25.1,5.9,9.01,3.93,0,94
0.999,24.331,0.56,84.3,1.118,2025-07-04 13:06:26,94.0,25.1,5.9,9.01,3.93,0,94
1.009,24.285,0.427,84.28,1.165,2025-07-04 13:06:26,94.0,25.1,5.9,9.01,3.93,0,94
0.971,24.245,0.54,84.17,1.038,2025-07-04 13:06:26,94.0,25.1,5.9,9.01,3.93,0,94
0.974,24.241,0.653,83.73,1.075,2025-07-04 13:06:26,94.0,25.1,5.9,9.01,3.93,0,94
0.993,24.345,0.658,83.68,1.14,2025-07-04 13:06:26,94.0,25.1,5.9,9.01,3.93,0,94
0.98,24.279,0.583,84.18,1.016,2025-07-04 13:06:26,94.0,25.1,5.9,9.01,3.93,0,94
0.999,24.329,0.578,84.02,1.056,2025-07-04 18:46:36,95.0,11.1,5.8,7.62,1.09,0,95
0.974,24.304,0.587,84.28,1.058,2025-07-04 18:46:36,95.0,11.1,5.8,7.62,1.09,0,95
1.009,24.307,0.46,84.36,1.119,2025-07-04 18:46:36,95.0,11.1,5.8,7.62,1.09,0,95
0.973,24.35,0.442,84.08,1.086,2025-07-04 18:46:36,95.0,11.1,5.8,7.62,1.09,0,95
0.988,24.279,0.454,84.14,1.075,2025-07-04 18:46:36,95.0,11.1,5.8,7.62,1.09,0,95
0.962,24.345,0.467,83.86,1.078,2025-07-04 18:46:36,95.0,11.1,5.8,7.62,1.09,0,95
0.987,24.313,0.723,83.9,1.085,2025-07-04 18:46:36,95.0,11.1,5.8,7.62,1.09,0,95
0.97,24.301,0.502,84.32,1.064,2025-07-04 18:46:36,95.0,11.1,5.8,7.62,1.09,0,95
0.96,24.285,0.718,83.8,1.104,2025-07-04 18:46:36,95.0,11.1,5.8,7.62,1.09,0,95
0.938,24.257,0.655,83.95,1.062,2025-07-04 18:46:36,95.0,11.1,5.8,7.62,1.09,0,95
1.005,24.303,0.522,84.14,1.127,2025-07-04 18:46:36,95.0,11.1,5.8,7.62,1.09,0,95
0.989,24.31,0.402,84.08,1.139,2025-07-04 18:46:36,95.0,11.1,5.8,7.62,1.09,0,95
0.994,24.323,0.701,84.14,1.136,2025-07-04 18:46:36,95.0,11.1,5.8,7.62,1.09,0,95
1.001,24.313,0.947,84.03,1.109,2025-07-04 18:46:36,95.0,11.1,5.8,7.62,1.09,0,95
0.999,24.371,0.525,84.21,1.096,2025-07-04 18:46:36,95.0,11.1,5.8,7.62,1.09,0,95
0.97,24.263,0.547,83.98,1.149,2025-07-04 18:46:36,95.0,11.1,5.8,7.62,1.09,0,95
0.994,24.276,0.444,84.0,1.072,2025-07-04 18:46:36,95.0,11.1,5.8,7.62,1.09,0,95
0.949,24.238,0.48,84.34,1.102,2025-07-04 18:46:36,95.0,11.1,5.8,7.62,1.09,0,95
1.004,24.222,0.919,83.89,1.084,2025-07-04 18:46:36,95.0,11.1,5.8,7.62,1.09,0,95
0.977,24.385,0.741,84.08,1.106,2025-07-04 21:26:43,96.0,9.3,6.2,7.17,0.84,0,96
0.995,24.435,0.575,84.23,1.033,2025-07-04 21:26:43,96.0,9.3,6.2,7.17,0.84,0,96
0.968,24.367,0.821,84.21,1.096,2025-07-04 21:26:43,96.0,9.3,6.2,7.17,0.84,0,96
1.007,24.325,0.663,84.08,1.123,2025-07-04 21:26:43,96.0,9.3,6.2,7.17,0.84,0,96
0.966,24.352,0.54,83.92,1.106,2025-07-04 21:26:43,96.0,9.3,6.2,7.17,0.84,0,96
0.994,24.403,0.751,84.2,1.068,2025-07-04 21:26:43,96.0,9.3,6.2,7.17,0.84,0,96
0.987,24.348,0.477,84.0,1.103,2025-07-04 21:26:43,96.0,9.3,6.2,7.17,0.84,0,96
0.961,24.318,0.663,83.7,1.079,2025-07-04 21:26:43,96.0,9.3,6.2,7.17,0.84,0,96
0.963,24.427,0.608,83.94,1.012,2025-07-04 21:26:43,96.0,9.3,6.2,7.17,0.84,0,96
0.966,24.366,0.439,84.04,1.122,2025-07-04 21:26:43,96.0,9.3,6.2,7.17,0.84,0,96
0.998,24.36,0.512,84.16,1.043,2025-07-04 21:26:43,96.0,9.3,6.2,7.17,0.84,0,96
0.991,24.438,0.588,84.02,1.031,2025-07-04 21:26:43,96.0,9.3,6.2,7.17,0.84,0,96
0.997,24.388,0.58,84.08,1.025,2025-07-04 21:26:43,96.0,9.3,6.2,7.17,0.84,0,96
1.012,24.471,0.65,84.14,1.046,2025-07-04 21:26:43,96.0,9.3,6.2,7.17,0.84,0,96
0.993,24.443,0.618,84.29,1.051,2025-07-04 21:26:43,96.0,9.3,6.2,7.17,0.84,0,96
0.969,24.354,0.605,83.96,1.034,2025-07-04 21:26:43,96.0,9.3,6.2,7.17,0.84,0,96
0.963,24.284,0.653,83.75,1.045,2025-07-05 11:42:35,97.0,9.9,6.0,7.76,0.96,0,97
1.0,24.321,0.881,84.17,1.14,2025-07-05 11:42:35,97.0,9.9,6.0,7.76,0.96,0,97
1.018,24.361,0.454,83.93,1.07,2025-07-05 11:42:35,97.0,9.9,6.0,7.76,0.96,0,97
0.993,24.3,0.54,83.81,1.058,2025-07-05 11:42:35,97.0,9.9,6.0,7.76,0.96,0,97
1.007,24.364,0.507,84.02,1.042,2025-07-05 11:42:35,97.0,9.9,6.0,7.76,0.96,0,97
1.002,24.314,0.678,83.87,1.074,2025-07-05 11:42:35,97.0,9.9,6.0,7.76,0.96,0,97
0.989,24.365,0.477,83.74,1.088,2025-07-05 11:42:35,97.0,9.9,6.0,7.76,0.96,0,97
0.981,24.344,0.502,83.88,1.125,2025-07-05 11:42:35,97.0,9.9,6.0,7.76,0.96,0,97
0.978,24.258,0.638,83.86,1.028,2025-07-05 11:42:35,97.0,9.9,6.0,7.76,0.96,0,97
0.967,24.284,0.517,83.85,1.042,2025-07-05 11:42:35,97.0,9.9,6.0,7.76,0.96,0,97
0.978,24.276,0.432,83.76,1.067,2025-07-05 11:42:35,97.0,9.9,6.0,7.76,0.96,0,97
0.943,24.273,0.512,83.68,1.071,2025-07-05 11:42:35,97.0,9.9,6.0,7.76,0.96,0,97
0.993,24.317,0.58,83.92,1.096,2025-07-05 11:42:35,97.0,9.9,6.0,7.76,0.96,0,97
0.987,24.301,0.334,84.08,1.091,2025-07-05 11:42:35,97.0,9.9,6.0,7.76,0.96,0,97
0.974,24.304,0.57,83.99,1.032,2025-07-05 11:42:35,97.0,9.9,6.0,7.76,0.96,0,97
0.999,24.326,0.497,84.02,1.143,2025-07-05 11:42:35,97.0,9.9,6.0,7.76,0.96,0,97
1.005,24.342,0.804,84.18,1.101,2025-07-05 11:42:35,97.0,9.9,6.0,7.76,0.96,0,97
0.986,24.31,0.698,84.1,1.061,2025-07-05 11:42:35,97.0,9.9,6.0,7.76,0.96,0,97
0.98,24.179,0.628,84.05,1.122,2025-07-05 13:07:41,98.0,9.9,6.2,7.77,1.09,0,98
0.947,24.264,0.432,83.57,1.074,2025-07-05 13:07:41,98.0,9.9,6.2,7.77,1.09,0,98
0.982,24.243,0.497,83.99,1.178,2025-07-05 13:07:41,98.0,9.9,6.2,7.77,1.09,0,98
1.005,24.289,0.51,83.98,1.085,2025-07-05 13:07:41,98.0,9.9,6.2,7.77,1.09,0,98
0.977,24.224,0.495,83.64,1.056,2025-07-05 13:07:41,98.0,9.9,6.2,7.77,1.09,0,98
0.966,24.211,0.655,84.01,1.098,2025-07-05 13:07:41,98.0,9.9,6.2,7.77,1.09,0,98
0.987,24.283,0.856,83.72,1.131,2025-07-05 13:07:41,98.0,9.9,6.2,7.77,1.09,0,98
1.001,24.254,0.475,84.0,1.07,2025-07-05 13:07:41,98.0,9.9,6.2,7.77,1.09,0,98
0.99,24.303,0.545,84.19,1.113,2025-07-05 13:07:41,98.0,9.9,6.2,7.77,1.09,0,98
0.964,24.246,0.505,83.94,1.163,2025-07-05 13:07:41,98.0,9.9,6.2,7.77,1.09,0,98
0.961,24.254,0.477,84.2,1.078,2025-07-05 13:07:41,98.0,9.9,6.2,7.77,1.09,0,98
0.988,24.265,0.505,83.93,1.182,2025-07-05 13:07:41,98.0,9.9,6.2,7.77,1.09,0,98
0.972,24.213,0.796,84.17,1.129,2025-07-05 13:07:41,98.0,9.9,6.2,7.77,1.09,0,98
0.978,24.261,0.562,83.95,1.082,2025-07-05 13:07:41,98.0,9.9,6.2,7.77,1.09,0,98
0.992,24.274,0.924,83.96,1.113,2025-07-05 13:07:41,98.0,9.9,6.2,7.77,1.09,0,98
0.969,24.217,0.804,84.15,1.019,2025-07-05 13:07:41,98.0,9.9,6.2,7.77,1.09,0,98
0.973,24.25,0.565,83.78,1.089,2025-07-05 13:07:41,98.0,9.9,6.2,7.77,1.09,0,98
1.015,24.29,0.542,84.01,1.084,2025-07-05 13:07:41,98.0,9.9,6.2,7.77,1.09,0,98
0.998,24.349,0.542,83.95,1.14,2025-07-05 13:07:41,98.0,9.9,6.2,7.77,1.09,0,98
0.981,24.339,0.296,84.24,1.114,2025-07-05 18:52:52,99.0,9.6,6.8,8.16,0.89,0,99
0.997,24.355,0.552,84.07,1.067,2025-07-05 18:52:52,99.0,9.6,6.8,8.16,0.89,0,99
0.977,24.281,0.485,84.21,1.094,2025-07-05 18:52:52,99.0,9.6,6.8,8.16,0.89,0,99
0.99,24.296,0.512,84.06,1.166,2025-07-05 18:52:52,99.0,9.6,6.8,8.16,0.89,0,99
0.961,24.283,0.464,83.92,1.003,2025-07-05 18:52:52,99.0,9.6,6.8,8.16,0.89,0,99
0.984,24.325,0.686,83.93,1.095,2025-07-05 18:52:52,99.0,9.6,6.8,8.16,0.89,0,99
1.01,24.428,0.899,84.05,1.087,2025-07-05 18:52:52,99.0,9.6,6.8,8.16,0.89,0,99
1.019,24.334,0.59,83.77,1.112,2025-07-05 18:52:52,99.0,9.6,6.8,8.16,0.89,0,99
0.992,24.405,0.776,84.04,1.119,2025-07-05 18:52:52,99.0,9.6,6.8,8.16,0.89,0,99
1.021,24.295,0.53,84.04,1.194,2025-07-05 18:52:52,99.0,9.6,6.8,8.16,0.89,0,99
1.002,24.281,0.726,83.89,1.151,2025-07-05 18:52:52,99.0,9.6,6.8,8.16,0.89,0,99
1.007,24.329,0.801,83.98,1.207,2025-07-05 18:52:52,99.0,9.6,6.8,8.16,0.89,0,99
0.972,24.256,0.658,83.93,1.095,2025-07-05 18:52:52,99.0,9.6,6.8,8.16,0.89,0,99
1.022,24.286,0.738,84.22,1.156,2025-07-05 18:52:52,99.0,9.6,6.8,8.16,0.89,0,99
0.989,24.274,0.364,83.77,1.137,2025-07-05 18:52:52,99.0,9.6,6.8,8.16,0.89,0,99
0.986,24.313,0.851,83.76,1.111,2025-07-05 18:52:52,99.0,9.6,6.8,8.16,0.89,0,99
0.994,24.289,0.824,84.2,1.195,2025-07-05 18:52:52,99.0,9.6,6.8,8.16,0.89,0,99
1.003,24.285,0.517,83.98,1.176,2025-07-05 18:52:52,99.0,9.6,6.8,8.16,0.89,0,99
0.995,24.381,0.535,84.14,1.106,2025-07-05 18:52:52,99.0,9.6,6.8,8.16,0.89,0,99
1.006,24.27,0.535,84.28,1.235,2025-07-05 18:52:52,99.0,9.6,6.8,8.16,0.89,0,99
0.944,24.254,0.634,84.092,1.036,2025-07-05 21:40:52,100.0,9.7,6.7,7.86,0.84,0,100
1.01,24.3,0.543,84.418,1.193,2025-07-05 21:40:52,100.0,9.7,6.7,7.86,0.84,0,100
0.973,24.28,0.593,84.349,1.024,2025-07-05 21:40:52,100.0,9.7,6.7,7.86,0.84,0,100
0.997,24.338,0.515,83.912,1.051,2025-07-05 21:40:52,100.0,9.7,6.7,7.86,0.84,0,100
0.971,24.225,0.643,83.854,1.068,2025-07-05 21:40:52,100.0,9.7,6.7,7.86,0.84,0,100
0.98,24.172,0.494,84.248,1.06,2025-07-05 21:40:52,100.0,9.7,6.7,7.86,0.84,0,100
0.998,24.386,0.674,84.348,1.137,2025-07-05 21:40:52,100.0,9.7,6.7,7.86,0.84,0,100
1.008,24.423,0.495,84.369,1.153,2025-07-05 21:40:52,100.0,9.7,6.7,7.86,0.84,0,100
0.989,24.312,0.513,84.323,1.111,2025-07-05 21:40:52,100.0,9.7,6.7,7.86,0.84,0,100
0.999,24.33,0.565,84.191,1.092,2025-07-05 21:40:52,100.0,9.7,6.7,7.86,0.84,0,100
1.0,24.319,0.487,83.962,1.105,2025-07-05 21:40:52,100.0,9.7,6.7,7.86,0.84,0,100
0.979,24.252,0.563,84.034,1.109,2025-07-05 21:40:52,100.0,9.7,6.7,7.86,0.84,0,100
0.966,24.136,0.673,84.234,1.058,2025-07-05 21:40:52,100.0,9.7,6.7,7.86,0.84,0,100
1.037,24.378,0.648,84.129,1.172,2025-07-05 21:40:52,100.0,9.7,6.7,7.86,0.84,0,100
0.967,24.319,0.629,83.801,1.027,2025-07-05 21:40:52,100.0,9.7,6.7,7.86,0.84,0,100
0.952,24.324,0.512,84.029,1.037,2025-07-05 21:40:52,100.0,9.7,6.7,7.86,0.84,0,100
0.995,24.261,0.595,84.451,1.075,2025-07-05 21:40:52,100.0,9.7,6.7,7.86,0.84,0,100
0.982,24.328,0.616,83.858,1.097,2025-07-05 21:40:52,100.0,9.7,6.7,7.86,0.84,0,100
0.968,24.346,0.519,83.929,1.034,2025-07-05 21:40:52,100.0,9.7,6.7,7.86,0.84,0,100
0.937,24.239,0.706,84.11,1.029,2025-07-07 12:02:05,101.0,11.3,6.2,8.77,1.57,0,101
0.969,24.259,0.806,83.67,1.087,2025-07-07 12:02:05,101.0,11.3,6.2,8.77,1.57,0,101
0.963,24.228,0.47,84.09,1.023,2025-07-07 12:02:05,101.0,11.3,6.2,8.77,1.57,0,101
0.989,24.28,0.51,84.0,1.064,2025-07-07 12:02:05,101.0,11.3,6.2,8.77,1.57,0,101
0.984,24.311,0.542,84.2,1.026,2025-07-07 12:02:05,101.0,11.3,6.2,8.77,1.57,0,101
1.013,24.339,0.796,83.99,1.102,2025-07-07 12:02:05,101.0,11.3,6.2,8.77,1.57,0,101
0.972,24.307,0.407,84.15,1.078,2025-07-07 12:02:05,101.0,11.3,6.2,8.77,1.57,0,101
1.031,24.272,0.47,84.01,1.083,2025-07-07 12:02:05,101.0,11.3,6.2,8.77,1.57,0,101
0.958,24.265,0.58,83.83,1.063,2025-07-07 12:02:05,101.0,11.3,6.2,8.77,1.57,0,101
0.965,24.273,0.532,84.23,1.053,2025-07-07 12:02:05,101.0,11.3,6.2,8.77,1.57,0,101
1.0,24.282,0.653,83.98,1.101,2025-07-07 12:02:05,101.0,11.3,6.2,8.77,1.57,0,101
0.989,24.299,0.61,84.12,1.126,2025-07-07 12:02:05,101.0,11.3,6.2,8.77,1.57,0,101
0.992,24.267,0.638,84.24,1.108,2025-07-07 12:02:05,101.0,11.3,6.2,8.77,1.57,0,101
0.942,24.146,0.793,83.85,1.105,2025-07-07 12:02:05,101.0,11.3,6.2,8.77,1.57,0,101
1.022,24.302,0.718,84.35,1.07,2025-07-07 12:02:05,101.0,11.3,6.2,8.77,1.57,0,101
0.968,24.304,0.726,83.88,0.992,2025-07-07 12:02:05,101.0,11.3,6.2,8.77,1.57,0,101
0.988,24.295,0.402,84.04,1.069,2025-07-07 12:02:05,101.0,11.3,6.2,8.77,1.57,0,101
1.013,24.272,0.437,84.32,1.137,2025-07-07 12:02:05,101.0,11.3,6.2,8.77,1.57,0,101
0.972,24.196,0.771,83.97,1.143,2025-07-07 13:07:12,102.0,10.8,7.6,8.85,0.89,0,102
0.963,24.351,0.444,84.28,1.002,2025-07-07 13:07:12,102.0,10.8,7.6,8.85,0.89,0,102
0.976,24.268,0.505,83.87,1.137,2025-07-07 13:07:12,102.0,10.8,7.6,8.85,0.89,0,102
0.964,24.296,0.638,84.08,1.051,2025-07-07 13:07:12,102.0,10.8,7.6,8.85,0.89,0,102
0.981,24.309,0.522,84.05,1.02,2025-07-07 13:07:12,102.0,10.8,7.6,8.85,0.89,0,102
0.984,24.243,0.954,84.0,1.074,2025-07-07 13:07:12,102.0,10.8,7.6,8.85,0.89,0,102
0.995,24.261,0.452,84.2,1.13,2025-07-07 13:07:12,102.0,10.8,7.6,8.85,0.89,0,102
0.973,24.301,0.517,84.35,1.065,2025-07-07 13:07:12,102.0,10.8,7.6,8.85,0.89,0,102
0.997,24.252,0.643,84.02,1.019,2025-07-07 13:07:12,102.0,10.8,7.6,8.85,0.89,0,102
0.98,24.306,0.55,83.82,1.105,2025-07-07 13:07:12,102.0,10.8,7.6,8.85,0.89,0,102
0.989,24.293,0.568,83.84,1.096,2025-07-07 13:07:12,102.0,10.8,7.6,8.85,0.89,0,102
0.976,24.261,0.49,83.95,1.113,2025-07-07 13:07:12,102.0,10.8,7.6,8.85,0.89,0,102
1.017,24.314,0.733,84.2,1.117,2025-07-07 13:07:12,102.0,10.8,7.6,8.85,0.89,0,102
1.012,24.317,0.623,83.89,1.152,2025-07-07 13:07:12,102.0,10.8,7.6,8.85,0.89,0,102
0.996,24.276,0.515,83.91,1.128,2025-07-07 13:07:12,102.0,10.8,7.6,8.85,0.89,0,102
0.994,24.288,0.932,84.13,1.142,2025-07-07 13:07:12,102.0,10.8,7.6,8.85,0.89,0,102
0.994,24.244,0.924,84.1,1.021,2025-07-07 13:07:12,102.0,10.8,7.6,8.85,0.89,0,102
0.973,24.288,0.603,84.01,1.094,2025-07-07 13:07:12,102.0,10.8,7.6,8.85,0.89,0,102
0.995,24.261,0.598,83.97,1.073,2025-07-07 13:07:12,102.0,10.8,7.6,8.85,0.89,0,102
1.013,24.312,0.532,84.24,1.122,2025-07-07 19:32:27,103.0,12.7,7.2,9.58,1.4,0,103
1.002,24.256,0.711,83.92,1.175,2025-07-07 19:32:27,103.0,12.7,7.2,9.58,1.4,0,103
0.992,24.33,0.349,83.84,1.132,2025-07-07 19:32:27,103.0,12.7,7.2,9.58,1.4,0,103
1.01,24.419,0.55,84.09,1.031,2025-07-07 19:32:27,103.0,12.7,7.2,9.58,1.4,0,103
0.97,24.265,0.467,83.75,1.095,2025-07-07 19:32:27,103.0,12.7,7.2,9.58,1.4,0,103
1.022,24.385,0.57,83.89,1.138,2025-07-07 19:32:27,103.0,12.7,7.2,9.58,1.4,0,103
0.956,24.252,0.643,84.1,1.132,2025-07-07 19:32:27,103.0,12.7,7.2,9.58,1.4,0,103
0.992,24.29,0.726,83.98,1.094,2025-07-07 19:32:27,103.0,12.7,7.2,9.58,1.4,0,103
1.011,24.284,0.688,84.23,1.119,2025-07-07 19:32:27,103.0,12.7,7.2,9.58,1.4,0,103
0.959,24.279,0.655,83.9,1.155,2025-07-07 19:32:27,103.0,12.7,7.2,9.58,1.4,0,103
0.984,24.315,0.532,84.1,1.098,2025-07-07 19:32:27,103.0,12.7,7.2,9.58,1.4,0,103
1.012,24.225,0.439,84.11,1.13,2025-07-07 19:32:27,103.0,12.7,7.2,9.58,1.4,0,103
1.038,24.268,0.583,83.96,1.149,2025-07-07 19:32:27,103.0,12.7,7.2,9.58,1.4,0,103
1.008,24.283,0.939,83.91,1.095,2025-07-07 19:32:27,103.0,12.7,7.2,9.58,1.4,0,103
0.995,24.364,0.527,84.0,1.13,2025-07-07 19:32:27,103.0,12.7,7.2,9.58,1.4,0,103
0.982,24.323,0.65,83.89,1.126,2025-07-07 19:32:27,103.0,12.7,7.2,9.58,1.4,0,103
0.941,24.226,0.756,84.25,1.006,2025-07-07 19:32:27,103.0,12.7,7.2,9.58,1.4,0,103
0.969,24.293,0.6,84.0,1.051,2025-07-07 19:32:27,103.0,12.7,7.2,9.58,1.4,0,103
0.967,24.217,0.758,84.03,1.048,2025-07-07 21:27:34,104.0,14.4,7.6,10.03,1.8,0,104
0.984,24.286,0.555,84.13,1.127,2025-07-07 21:27:34,104.0,14.4,7.6,10.03,1.8,0,104
0.985,24.272,0.615,84.06,1.107,2025-07-07 21:27:34,104.0,14.4,7.6,10.03,1.8,0,104
0.962,24.365,0.487,83.76,1.059,2025-07-07 21:27:34,104.0,14.4,7.6,10.03,1.8,0,104
0.985,24.265,0.452,84.2,1.102,2025-07-07 21:27:34,104.0,14.4,7.6,10.03,1.8,0,104
0.965,24.3,0.686,83.77,1.051,2025-07-07 21:27:34,104.0,14.4,7.6,10.03,1.8,0,104
0.945,24.27,0.628,83.83,1.092,2025-07-07 21:27:34,104.0,14.4,7.6,10.03,1.8,0,104
0.985,24.428,0.839,83.85,1.088,2025-07-07 21:27:34,104.0,14.4,7.6,10.03,1.8,0,104
0.974,24.232,0.879,83.94,1.125,2025-07-07 21:27:34,104.0,14.4,7.6,10.03,1.8,0,104
0.974,24.268,0.593,84.36,1.059,2025-07-07 21:27:34,104.0,14.4,7.6,10.03,1.8,0,104
0.988,24.336,0.648,83.76,1.093,2025-07-07 21:27:34,104.0,14.4,7.6,10.03,1.8,0,104
0.974,24.277,0.505,83.93,1.096,2025-07-07 21:27:34,104.0,14.4,7.6,10.03,1.8,0,104
1.011,24.337,0.578,83.86,1.096,2025-07-07 21:27:34,104.0,14.4,7.6,10.03,1.8,0,104
0.986,24.33,0.52,84.18,1.063,2025-07-07 21:27:34,104.0,14.4,7.6,10.03,1.8,0,104
0.986,24.408,0.921,83.93,1.14,2025-07-07 21:27:34,104.0,14.4,7.6,10.03,1.8,0,104
0.995,24.297,0.475,84.19,1.162,2025-07-07 21:27:34,104.0,14.4,7.6,10.03,1.8,0,104
0.969,24.358,0.427,83.92,1.057,2025-07-07 21:27:34,104.0,14.4,7.6,10.03,1.8,0,104
0.971,24.25,0.66,83.94,1.019,2025-07-07 21:27:34,104.0,14.4,7.6,10.03,1.8,0,104
1.011,24.354,0.507,83.88,1.141,2025-07-07 21:27:34,104.0,14.4,7.6,10.03,1.8,0,104
0.945,24.302,0.477,83.89,1.081,2025-07-08 11:12:00,105.0,10.6,6.0,8.4,1.32,0,105
0.97,24.231,0.809,83.94,1.016,2025-07-08 11:12:00,105.0,10.6,6.0,8.4,1.32,0,105
0.935,24.279,0.788,83.96,0.957,2025-07-08 11:12:00,105.0,10.6,6.0,8.4,1.32,0,105
0.971,24.256,0.64,83.9,1.14,2025-07-08 11:12:00,105.0,10.6,6.0,8.4,1.32,0,105
0.945,24.28,0.603,83.97,1.034,2025-07-08 11:12:00,105.0,10.6,6.0,8.4,1.32,0,105
1.012,24.293,0.527,84.07,1.121,2025-07-08 11:12:00,105.0,10.6,6.0,8.4,1.32,0,105
0.948,24.306,0.427,84.1,1.018,2025-07-08 11:12:00,105.0,10.6,6.0,8.4,1.32,0,105
0.979,24.333,0.628,84.16,1.17,2025-07-08 11:12:00,105.0,10.6,6.0,8.4,1.32,0,105
0.957,24.231,0.683,83.8,1.062,2025-07-08 11:12:00,105.0,10.6,6.0,8.4,1.32,0,105
1.035,24.253,0.442,84.34,1.14,2025-07-08 11:12:00,105.0,10.6,6.0,8.4,1.32,0,105
0.993,24.322,0.404,84.35,1.082,2025-07-08 11:12:00,105.0,10.6,6.0,8.4,1.32,0,105
0.928,24.241,0.603,84.03,0.953,2025-07-08 11:12:00,105.0,10.6,6.0,8.4,1.32,0,105
0.993,24.243,0.547,84.2,1.096,2025-07-08 11:12:00,105.0,10.6,6.0,8.4,1.32,0,105
0.969,24.263,0.635,84.09,1.144,2025-07-08 11:12:00,105.0,10.6,6.0,8.4,1.32,0,105
0.98,24.297,0.801,83.85,1.106,2025-07-08 11:12:00,105.0,10.6,6.0,8.4,1.32,0,105
1.026,24.339,0.595,84.19,1.126,2025-07-08 11:12:00,105.0,10.6,6.0,8.4,1.32,0,105
0.95,24.283,0.658,84.19,1.082,2025-07-08 11:12:00,105.0,10.6,6.0,8.4,1.32,0,105
1.019,24.325,0.793,83.96,1.186,2025-07-08 11:12:00,105.0,10.6,6.0,8.4,1.32,0,105
0.995,24.333,0.427,83.93,1.1,2025-07-08 11:12:00,105.0,10.6,6.0,8.4,1.32,0,105
0.959,24.335,0.537,83.87,1.066,2025-07-08 13:07:05,106.0,10.0,7.2,8.93,0.83,0,106
0.988,24.305,0.723,83.7,1.063,2025-07-08 13:07:05,106.0,10.0,7.2,8.93,0.83,0,106
0.997,24.347,0.597,84.0,1.096,2025-07-08 13:07:05,106.0,10.0,7.2,8.93,0.83,0,106
0.993,24.344,0.728,83.96,1.077,2025-07-08 13:07:05,106.0,10.0,7.2,8.93,0.83,0,106
0.98,24.31,0.525,83.85,1.083,2025-07-08 13:07:05,106.0,10.0,7.2,8.93,0.83,0,106
0.962,24.325,0.572,83.91,1.082,2025-07-08 13:07:05,106.0,10.0,7.2,8.93,0.83,0,106
1.021,24.383,0.708,84.18,1.158,2025-07-08 13:07:05,106.0,10.0,7.2,8.93,0.83,0,106
0.988,24.301,0.788,83.95,1.095,2025-07-08 13:07:05,106.0,10.0,7.2,8.93,0.83,0,106
0.984,24.358,0.332,84.14,1.067,2025-07-08 13:07:05,106.0,10.0,7.2,8.93,0.83,0,106
1.001,24.367,0.399,84.14,1.054,2025-07-08 13:07:05,106.0,10.0,7.2,8.93,0.83,0,106
0.999,24.367,0.555,84.09,1.088,2025-07-08 13:07:05,106.0,10.0,7.2,8.93,0.83,0,106
0.982,24.284,0.615,83.98,1.12,2025-07-08 13:07:05,106.0,10.0,7.2,8.93,0.83,0,106
0.998,24.295,0.623,83.89,1.062,2025-07-08 13:07:05,106.0,10.0,7.2,8.93,0.83,0,106
0.984,24.279,0.758,83.96,1.065,2025-07-08 13:07:05,106.0,10.0,7.2,8.93,0.83,0,106
0.976,24.217,0.899,84.0,1.085,2025-07-08 13:07:05,106.0,10.0,7.2,8.93,0.83,0,106
0.982,24.316,0.346,83.99,1.063,2025-07-08 13:07:05,106.0,10.0,7.2,8.93,0.83,0,106
0.975,24.33,0.5,83.7,1.074,2025-07-08 13:07:05,106.0,10.0,7.2,8.93,0.83,0,106
0.998,24.388,0.462,83.56,1.094,2025-07-08 13:07:05,106.0,10.0,7.2,8.93,0.83,0,106
1.028,24.319,0.502,83.88,1.078,2025-07-08 13:07:05,106.0,10.0,7.2,8.93,0.83,0,106
0.995,24.334,0.537,83.84,1.106,2025-07-08 13:07:05,106.0,10.0,7.2,8.93,0.83,0,106
0.965,24.29,0.492,83.9,1.107,2025-07-08 18:57:17,107.0,10.9,5.7,8.67,1.29,0,107
0.967,24.261,0.947,83.98,1.035,2025-07-08 18:57:17,107.0,10.9,5.7,8.67,1.29,0,107
0.974,24.296,0.462,83.96,1.102,2025-07-08 18:57:17,107.0,10.9,5.7,8.67,1.29,0,107
0.99,24.284,0.994,83.87,1.083,2025-07-08 18:57:17,107.0,10.9,5.7,8.67,1.29,0,107
0.982,24.459,0.54,83.83,1.091,2025-07-08 18:57:17,107.0,10.9,5.7,8.67,1.29,0,107
0.978,24.309,0.464,84.2,1.032,2025-07-08 18:57:17,107.0,10.9,5.7,8.67,1.29,0,107
1.006,24.388,0.517,84.06,1.092,2025-07-08 18:57:17,107.0,10.9,5.7,8.67,1.29,0,107
0.958,24.269,0.655,83.63,1.074,2025-07-08 18:57:17,107.0,10.9,5.7,8.67,1.29,0,107
1.0,24.333,0.665,83.97,1.077,2025-07-08 18:57:17,107.0,10.9,5.7,8.67,1.29,0,107
0.989,24.264,0.623,83.98,1.111,2025-07-08 18:57:17,107.0,10.9,5.7,8.67,1.29,0,107
0.968,24.394,0.64,83.79,1.12,2025-07-08 18:57:17,107.0,10.9,5.7,8.67,1.29,0,107
0.945,24.259,0.497,83.78,1.065,2025-07-08 18:57:17,107.0,10.9,5.7,8.67,1.29,0,107
0.99,24.258,0.477,84.23,1.098,2025-07-08 18:57:17,107.0,10.9,5.7,8.67,1.29,0,107
0.94,24.274,0.424,83.87,1.136,2025-07-08 18:57:17,107.0,10.9,5.7,8.67,1.29,0,107
1.009,24.382,0.721,84.28,1.096,2025-07-08 18:57:17,107.0,10.9,5.7,8.67,1.29,0,107
0.978,24.337,0.746,84.23,1.05,2025-07-08 18:57:17,107.0,10.9,5.7,8.67,1.29,0,107
1.01,24.381,0.615,83.86,1.109,2025-07-08 18:57:17,107.0,10.9,5.7,8.67,1.29,0,107
0.917,24.23,0.788,83.99,1.045,2025-07-08 18:57:17,107.0,10.9,5.7,8.67,1.29,0,107
0.957,24.234,0.6,83.751,1.1,2025-08-13 15:39:06,108.0,8.2,4.8,6.2,1.04,0,108
0.965,24.154,0.644,83.779,1.157,2025-08-13 15:39:06,108.0,8.2,4.8,6.2,1.04,0,108
1.009,24.242,0.498,83.926,1.123,2025-08-13 15:39:06,108.0,8.2,4.8,6.2,1.04,0,108
0.976,24.254,0.479,84.019,1.106,2025-08-13 15:39:06,108.0,8.2,4.8,6.2,1.04,0,108
1.001,24.291,0.575,84.263,1.083,2025-08-13 15:39:06,108.0,8.2,4.8,6.2,1.04,0,108
1.006,24.177,0.522,84.225,1.08,2025-08-13 15:39:06,108.0,8.2,4.8,6.2,1.04,0,108
0.986,24.328,0.361,84.33,1.097,2025-08-13 15:39:06,108.0,8.2,4.8,6.2,1.04,0,108
0.979,24.229,0.453,83.992,1.143,2025-08-13 15:39:06,108.0,8.2,4.8,6.2,1.04,0,108
0.976,24.294,0.864,84.104,1.062,2025-08-13 15:39:06,108.0,8.2,4.8,6.2,1.04,0,108
0.975,24.225,0.606,84.207,1.017,2025-08-13 15:39:06,108.0,8.2,4.8,6.2,1.04,0,108
0.967,24.338,0.443,84.029,1.123,2025-08-13 15:39:06,108.0,8.2,4.8,6.2,1.04,0,108
0.984,24.247,0.444,83.856,1.088,2025-08-13 15:39:06,108.0,8.2,4.8,6.2,1.04,0,108
1.027,24.281,0.401,84.188,1.091,2025-08-13 15:39:06,108.0,8.2,4.8,6.2,1.04,0,108
0.991,24.271,0.775,84.169,1.091,2025-08-13 15:39:06,108.0,8.2,4.8,6.2,1.04,0,108
0.992,24.277,0.444,84.002,1.068,2025-08-13 15:39:06,108.0,8.2,4.8,6.2,1.04,0,108
0.983,24.355,0.845,83.972,1.095,2025-08-13 15:39:06,108.0,8.2,4.8,6.2,1.04,0,108
1.014,24.301,0.509,84.277,1.247,2025-08-13 15:39:06,108.0,8.2,4.8,6.2,1.04,0,108
0.968,24.302,0.677,83.961,1.055,2025-08-13 15:39:06,108.0,8.2,4.8,6.2,1.04,0,108
0.957,24.158,0.48,84.033,1.064,2025-08-13 15:39:06,108.0,8.2,4.8,6.2,1.04,0,108
1.012,24.306,0.584,84.253,1.159,2025-08-13 15:39:06,108.0,8.2,4.8,6.2,1.04,0,108
0.959,24.245,0.477,83.9,1.074,2025-08-13 18:48:15,109.0,10.3,6.2,7.62,1.14,0,109
0.989,24.342,0.932,84.06,1.114,2025-08-13 18:48:15,109.0,10.3,6.2,7.62,1.14,0,109
0.955,24.246,0.613,83.87,1.052,2025-08-13 18:48:15,109.0,10.3,6.2,7.62,1.14,0,109
0.978,24.267,0.56,84.11,1.084,2025-08-13 18:48:15,109.0,10.3,6.2,7.62,1.14,0,109
0.976,24.239,0.522,83.99,1.152,2025-08-13 18:48:15,109.0,10.3,6.2,7.62,1.14,0,109
1.009,24.324,0.515,84.16,1.037,2025-08-13 18:48:15,109.0,10.3,6.2,7.62,1.14,0,109
0.976,24.263,0.452,84.02,1.146,2025-08-13 18:48:15,109.0,10.3,6.2,7.62,1.14,0,109
0.999,24.31,0.487,84.07,1.121,2025-08-13 18:48:15,109.0,10.3,6.2,7.62,1.14,0,109
0.985,24.258,0.623,83.98,1.107,2025-08-13 18:48:15,109.0,10.3,6.2,7.62,1.14,0,109
0.97,24.246,0.543,84.14,1.139,2025-08-13 18:48:15,109.0,10.3,6.2,7.62,1.14,0,109
0.971,24.308,0.515,83.9,1.153,2025-08-13 18:48:15,109.0,10.3,6.2,7.62,1.14,0,109
0.959,24.274,0.575,84.11,1.121,2025-08-13 18:48:15,109.0,10.3,6.2,7.62,1.14,0,109
0.977,24.254,0.507,84.15,1.062,2025-08-13 18:48:15,109.0,10.3,6.2,7.62,1.14,0,109
0.98,24.323,0.543,83.84,1.064,2025-08-13 18:48:15,109.0,10.3,6.2,7.62,1.14,0,109
1.008,24.341,0.475,84.19,1.113,2025-08-13 18:48:15,109.0,10.3,6.2,7.62,1.14,0,109
1.007,24.375,0.688,84.18,1.157,2025-08-13 18:48:15,109.0,10.3,6.2,7.62,1.14,0,109
0.977,24.331,0.565,84.05,1.019,2025-08-13 18:48:15,109.0,10.3,6.2,7.62,1.14,0,109
0.987,24.332,0.427,83.96,1.153,2025-08-13 18:48:15,109.0,10.3,6.2,7.62,1.14,0,109
0.959,24.296,0.56,83.81,1.107,2025-08-13 21:28:22,110.0,9.5,5.9,8.1,1.11,0,110
0.984,24.309,0.764,84.33,1.106,2025-08-13 21:28:22,110.0,9.5,5.9,8.1,1.11,0,110
0.971,24.309,0.455,83.84,1.103,2025-08-13 21:28:22,110.0,9.5,5.9,8.1,1.11,0,110
0.992,24.304,0.716,83.68,1.145,2025-08-13 21:28:22,110.0,9.5,5.9,8.1,1.11,0,110
0.965,24.259,0.482,83.99,1.077,2025-08-13 21:28:22,110.0,9.5,5.9,8.1,1.11,0,110
0.994,24.324,0.967,83.88,1.087,2025-08-13 21:28:22,110.0,9.5,5.9,8.1,1.11,0,110
0.971,24.319,0.462,83.91,1.091,2025-08-13 21:28:22,110.0,9.5,5.9,8.1,1.11,0,110
0.958,24.307,0.527,83.99,1.151,2025-08-13 21:28:22,110.0,9.5,5.9,8.1,1.11,0,110
1.002,24.348,0.555,83.93,1.119,2025-08-13 21:28:22,110.0,9.5,5.9,8.1,1.11,0,110
1.004,24.413,0.608,84.16,1.138,2025-08-13 21:28:22,110.0,9.5,5.9,8.1,1.11,0,110
0.943,24.276,0.327,83.88,1.066,2025-08-13 21:28:22,110.0,9.5,5.9,8.1,1.11,0,110
1.001,24.395,0.645,84.0,1.103,2025-08-13 21:28:22,110.0,9.5,5.9,8.1,1.11,0,110
0.962,24.33,0.628,83.83,1.078,2025-08-13 21:28:22,110.0,9.5,5.9,8.1,1.11,0,110
0.979,24.267,0.738,84.14,1.106,2025-08-13 21:28:22,110.0,9.5,5.9,8.1,1.11,0,110
1.04,24.364,0.63,83.87,1.166,2025-08-13 21:28:22,110.0,9.5,5.9,8.1,1.11,0,110
0.962,24.35,0.429,83.88,1.159,2025-08-13 21:28:22,110.0,9.5,5.9,8.1,1.11,0,110
0.952,24.291,0.595,83.99,1.029,2025-08-13 21:28:22,110.0,9.5,5.9,8.1,1.11,0,110
1.009,24.322,0.568,84.15,1.123,2025-08-13 21:28:22,110.0,9.5,5.9,8.1,1.11,0,110
0.988,24.319,0.342,83.96,1.148,2025-08-13 21:28:22,110.0,9.5,5.9,8.1,1.11,0,110
0.982,24.367,0.551,83.989,1.163,2025-08-14 11:24:07,111.0,8.2,4.1,5.7,0.91,0,111
1.001,24.294,0.673,83.851,1.18,2025-08-14 11:24:07,111.0,8.2,4.1,5.7,0.91,0,111
0.991,24.265,0.575,83.814,1.122,2025-08-14 11:24:07,111.0,8.2,4.1,5.7,0.91,0,111
0.964,24.264,0.77,83.861,1.091,2025-08-14 11:24:07,111.0,8.2,4.1,5.7,0.91,0,111
0.955,24.362,0.705,83.702,1.109,2025-08-14 11:24:07,111.0,8.2,4.1,5.7,0.91,0,111
1.019,24.388,0.574,83.987,1.043,2025-08-14 11:24:07,111.0,8.2,4.1,5.7,0.91,0,111
1.0,24.304,0.514,83.995,1.1,2025-08-14 11:24:07,111.0,8.2,4.1,5.7,0.91,0,111
0.969,24.241,0.633,84.098,1.011,2025-08-14 11:24:07,111.0,8.2,4.1,5.7,0.91,0,111
1.019,24.419,0.527,83.973,1.095,2025-08-14 11:24:07,111.0,8.2,4.1,5.7,0.91,0,111
1.002,24.307,0.478,83.93,1.095,2025-08-14 11:24:07,111.0,8.2,4.1,5.7,0.91,0,111
1.006,24.337,0.614,83.885,1.14,2025-08-14 11:24:07,111.0,8.2,4.1,5.7,0.91,0,111
0.952,24.263,0.535,84.13,1.056,2025-08-14 11:24:07,111.0,8.2,4.1,5.7,0.91,0,111
0.97,24.329,0.763,83.978,1.061,2025-08-14 11:24:07,111.0,8.2,4.1,5.7,0.91,0,111
0.945,24.332,0.658,83.815,1.045,2025-08-14 11:24:07,111.0,8.2,4.1,5.7,0.91,0,111
0.956,24.376,0.587,83.834,1.01,2025-08-14 11:24:07,111.0,8.2,4.1,5.7,0.91,0,111
0.975,24.385,0.689,84.169,1.058,2025-08-14 11:24:07,111.0,8.2,4.1,5.7,0.91,0,111
0.992,24.255,0.54,84.03,1.115,2025-08-14 13:17:52,112.0,9.9,5.5,8.11,1.17,0,112
0.95,24.171,0.512,84.17,1.126,2025-08-14 13:17:52,112.0,9.9,5.5,8.11,1.17,0,112
1.008,24.266,0.344,83.95,1.148,2025-08-14 13:17:52,112.0,9.9,5.5,8.11,1.17,0,112
0.977,24.197,0.563,84.09,1.1,2025-08-14 13:17:52,112.0,9.9,5.5,8.11,1.17,0,112
0.994,24.209,0.412,84.11,1.103,2025-08-14 13:17:52,112.0,9.9,5.5,8.11,1.17,0,112
0.969,24.228,0.608,83.96,1.085,2025-08-14 13:17:52,112.0,9.9,5.5,8.11,1.17,0,112
0.979,24.274,0.505,83.99,1.157,2025-08-14 13:17:52,112.0,9.9,5.5,8.11,1.17,0,112
0.972,24.219,0.452,84.16,1.11,2025-08-14 13:17:52,112.0,9.9,5.5,8.11,1.17,0,112
0.956,24.216,0.48,83.82,1.081,2025-08-14 13:17:52,112.0,9.9,5.5,8.11,1.17,0,112
0.975,24.236,0.525,83.9,1.073,2025-08-14 13:17:52,112.0,9.9,5.5,8.11,1.17,0,112
1.0,24.32,0.492,84.09,1.129,2025-08-14 13:17:52,112.0,9.9,5.5,8.11,1.17,0,112
0.982,24.281,0.455,83.97,1.066,2025-08-14 13:17:52,112.0,9.9,5.5,8.11,1.17,0,112
0.981,24.241,0.482,84.06,1.062,2025-08-14 13:17:52,112.0,9.9,5.5,8.11,1.17,0,112
0.994,24.353,0.407,84.01,1.096,2025-08-14 13:17:52,112.0,9.9,5.5,8.11,1.17,0,112
0.951,24.235,0.638,83.94,1.083,2025-08-14 13:17:52,112.0,9.9,5.5,8.11,1.17,0,112
1.011,24.207,0.721,84.06,1.166,2025-08-14 13:17:52,112.0,9.9,5.5,8.11,1.17,0,112
0.976,24.246,0.804,84.13,1.115,2025-08-14 13:17:52,112.0,9.9,5.5,8.11,1.17,0,112
1.005,24.23,0.465,83.93,1.199,2025-08-14 13:17:52,112.0,9.9,5.5,8.11,1.17,0,112
0.964,24.143,0.44,83.92,1.085,2025-08-14 13:17:52,112.0,9.9,5.5,8.11,1.17,0,112
0.985,24.242,0.718,83.873,1.031,2025-08-15 11:29:57,113.0,7.4,3.5,5.41,0.95,0,113
0.977,24.217,0.802,83.822,1.123,2025-08-15 11:29:57,113.0,7.4,3.5,5.41,0.95,0,113
0.966,24.232,0.577,83.923,1.036,2025-08-15 11:29:57,113.0,7.4,3.5,5.41,0.95,0,113
1.024,24.358,0.462,84.11,1.168,2025-08-15 11:29:57,113.0,7.4,3.5,5.41,0.95,0,113
0.975,24.239,0.48,83.917,1.105,2025-08-15 11:29:57,113.0,7.4,3.5,5.41,0.95,0,113
1.005,24.281,0.442,83.988,1.125,2025-08-15 11:29:57,113.0,7.4,3.5,5.41,0.95,0,113
0.965,24.373,0.688,83.998,1.015,2025-08-15 11:29:57,113.0,7.4,3.5,5.41,0.95,0,113
0.995,24.447,0.711,84.167,1.055,2025-08-15 11:29:57,113.0,7.4,3.5,5.41,0.95,0,113
0.985,24.394,0.696,83.812,0.995,2025-08-15 11:29:57,113.0,7.4,3.5,5.41,0.95,0,113
0.991,24.29,0.797,83.922,1.096,2025-08-15 11:29:57,113.0,7.4,3.5,5.41,0.95,0,113
0.973,24.399,0.593,84.269,1.08,2025-08-15 11:29:57,113.0,7.4,3.5,5.41,0.95,0,113
0.984,24.333,0.485,84.218,1.065,2025-08-15 11:29:57,113.0,7.4,3.5,5.41,0.95,0,113
0.983,24.268,0.697,84.0,1.102,2025-08-15 11:29:57,113.0,7.4,3.5,5.41,0.95,0,113
0.958,24.265,0.705,84.116,1.001,2025-08-15 11:29:57,113.0,7.4,3.5,5.41,0.95,0,113
0.998,24.332,0.584,83.779,1.106,2025-08-15 11:29:57,113.0,7.4,3.5,5.41,0.95,0,113
1.007,24.292,0.779,83.803,1.151,2025-08-15 11:29:57,113.0,7.4,3.5,5.41,0.95,0,113
0.983,24.32,0.667,83.915,1.052,2025-08-15 11:29:57,113.0,7.4,3.5,5.41,0.95,0,113
1.016,24.253,0.673,83.96,1.103,2025-08-15 11:29:57,113.0,7.4,3.5,5.41,0.95,0,113
0.974,24.275,0.565,84.166,1.137,2025-08-15 11:29:57,113.0,7.4,3.5,5.41,0.95,0,113
1.013,24.331,0.682,84.004,1.081,2025-08-15 11:29:57,113.0,7.4,3.5,5.41,0.95,0,113
0.973,24.305,0.615,83.95,1.105,2025-08-15 13:05:52,114.0,11.1,6.2,8.17,1.03,0,114
0.951,24.21,0.555,83.89,1.008,2025-08-15 13:05:52,114.0,11.1,6.2,8.17,1.03,0,114
0.996,24.247,0.55,84.01,1.072,2025-08-15 13:05:52,114.0,11.1,6.2,8.17,1.03,0,114
1.005,24.361,0.731,84.02,1.165,2025-08-15 13:05:52,114.0,11.1,6.2,8.17,1.03,0,114
0.968,24.149,0.407,83.93,1.108,2025-08-15 13:05:52,114.0,11.1,6.2,8.17,1.03,0,114
0.995,24.26,0.651,83.95,1.05,2025-08-15 13:05:52,114.0,11.1,6.2,8.17,1.03,0,114
0.965,24.273,0.613,83.87,1.07,2025-08-15 13:05:52,114.0,11.1,6.2,8.17,1.03,0,114
0.993,24.296,0.512,84.08,1.136,2025-08-15 13:05:52,114.0,11.1,6.2,8.17,1.03,0,114
0.962,24.285,0.984,84.02,1.046,2025-08-15 13:05:52,114.0,11.1,6.2,8.17,1.03,0,114
0.991,24.253,0.779,83.92,1.101,2025-08-15 13:05:52,114.0,11.1,6.2,8.17,1.03,0,114
0.959,24.295,0.364,83.92,1.041,2025-08-15 13:05:52,114.0,11.1,6.2,8.17,1.03,0,114
0.965,24.215,0.46,84.12,1.099,2025-08-15 13:05:52,114.0,11.1,6.2,8.17,1.03,0,114
0.97,24.295,0.809,84.1,1.098,2025-08-15 13:05:52,114.0,11.1,6.2,8.17,1.03,0,114
1.019,24.396,0.553,83.87,1.147,2025-08-15 13:05:52,114.0,11.1,6.2,8.17,1.03,0,114
0.98,24.318,0.721,83.91,0.98,2025-08-15 13:05:52,114.0,11.1,6.2,8.17,1.03,0,114
0.979,24.316,0.608,83.77,1.097,2025-08-15 13:05:52,114.0,11.1,6.2,8.17,1.03,0,114
0.966,24.253,0.63,83.88,1.081,2025-08-15 13:05:52,114.0,11.1,6.2,8.17,1.03,0,114
0.985,24.271,0.653,83.87,1.116,2025-08-15 13:05:52,114.0,11.1,6.2,8.17,1.03,0,114
1.002,24.261,0.447,84.01,1.088,2025-08-15 13:05:52,114.0,11.1,6.2,8.17,1.03,0,114
0.964,24.263,0.831,84.06,1.088,2025-08-15 18:51:05,115.0,10.8,6.8,8.74,0.91,0,115
0.965,24.264,0.877,84.07,1.088,2025-08-15 18:51:05,115.0,10.8,6.8,8.74,0.91,0,115
0.997,24.306,0.56,83.88,1.113,2025-08-15 18:51:05,115.0,10.8,6.8,8.74,0.91,0,115
0.993,24.314,0.507,84.24,1.105,2025-08-15 18:51:05,115.0,10.8,6.8,8.74,0.91,0,115
1.008,24.346,0.555,83.96,1.126,2025-08-15 18:51:05,115.0,10.8,6.8,8.74,0.91,0,115
1.014,24.329,0.663,84.04,1.169,2025-08-15 18:51:05,115.0,10.8,6.8,8.74,0.91,0,115
1.002,24.334,0.668,84.13,1.075,2025-08-15 18:51:05,115.0,10.8,6.8,8.74,0.91,0,115
0.98,24.288,0.5,84.02,1.165,2025-08-15 18:51:05,115.0,10.8,6.8,8.74,0.91,0,115
0.977,24.363,0.437,84.09,1.103,2025-08-15 18:51:05,115.0,10.8,6.8,8.74,0.91,0,115
1.02,24.24,0.578,83.94,1.14,2025-08-15 18:51:05,115.0,10.8,6.8,8.74,0.91,0,115
0.963,24.321,0.51,84.07,1.144,2025-08-15 18:51:05,115.0,10.8,6.8,8.74,0.91,0,115
0.976,24.297,0.522,83.77,1.102,2025-08-15 18:51:05,115.0,10.8,6.8,8.74,0.91,0,115
0.978,24.235,0.673,83.95,1.107,2025-08-15 18:51:05,115.0,10.8,6.8,8.74,0.91,0,115
0.981,24.294,0.542,84.15,1.094,2025-08-15 18:51:05,115.0,10.8,6.8,8.74,0.91,0,115
0.977,24.337,0.638,84.13,1.08,2025-08-15 18:51:05,115.0,10.8,6.8,8.74,0.91,0,115
0.995,24.249,0.693,84.01,1.145,2025-08-15 18:51:05,115.0,10.8,6.8,8.74,0.91,0,115
1.001,24.339,0.693,84.2,1.157,2025-08-15 18:51:05,115.0,10.8,6.8,8.74,0.91,0,115
1.012,24.39,0.668,84.21,1.097,2025-08-15 18:51:05,115.0,10.8,6.8,8.74,0.91,0,115
0.961,24.212,0.992,83.92,1.082,2025-08-15 18:51:05,115.0,10.8,6.8,8.74,0.91,0,115
0.972,24.29,0.769,83.88,1.151,2025-08-15 18:51:05,115.0,10.8,6.8,8.74,0.91,0,115
0.991,24.268,0.737,83.957,1.07,2025-08-18 12:47:27,116.0,14.6,6.2,8.17,1.88,0,116
0.984,24.369,0.644,84.232,1.111,2025-08-18 12:47:27,116.0,14.6,6.2,8.17,1.88,0,116
0.978,24.24,0.682,84.005,1.061,2025-08-18 12:47:27,116.0,14.6,6.2,8.17,1.88,0,116
0.973,24.314,0.551,83.951,1.062,2025-08-18 12:47:27,116.0,14.6,6.2,8.17,1.88,0,116
0.973,24.338,0.618,83.961,1.069,2025-08-18 12:47:27,116.0,14.6,6.2,8.17,1.88,0,116
0.969,24.412,0.5,84.054,1.048,2025-08-18 12:47:27,116.0,14.6,6.2,8.17,1.88,0,116
1.0,24.325,0.641,84.075,1.126,2025-08-18 12:47:27,116.0,14.6,6.2,8.17,1.88,0,116
0.981,24.229,0.473,83.95,1.063,2025-08-18 12:47:27,116.0,14.6,6.2,8.17,1.88,0,116
0.999,24.291,0.43,84.054,1.105,2025-08-18 12:47:27,116.0,14.6,6.2,8.17,1.88,0,116
0.982,24.246,0.712,83.964,0.989,2025-08-18 12:47:27,116.0,14.6,6.2,8.17,1.88,0,116
0.979,24.238,0.867,84.002,1.111,2025-08-18 12:47:27,116.0,14.6,6.2,8.17,1.88,0,116
0.985,24.359,0.884,83.88,1.105,2025-08-18 12:47:27,116.0,14.6,6.2,8.17,1.88,0,116
1.008,24.291,0.501,84.207,1.133,2025-08-18 12:47:27,116.0,14.6,6.2,8.17,1.88,0,116
0.975,24.293,0.59,84.012,1.047,2025-08-18 12:47:27,116.0,14.6,6.2,8.17,1.88,0,116
1.006,24.286,0.569,83.961,1.119,2025-08-18 12:47:27,116.0,14.6,6.2,8.17,1.88,0,116
0.988,24.364,0.512,84.072,1.104,2025-08-18 12:47:27,116.0,14.6,6.2,8.17,1.88,0,116
0.971,24.293,0.595,84.109,1.058,2025-08-18 12:47:27,116.0,14.6,6.2,8.17,1.88,0,116
0.979,24.372,0.747,83.927,1.063,2025-08-18 12:47:27,116.0,14.6,6.2,8.17,1.88,0,116
0.989,24.266,0.701,84.04,1.031,2025-08-18 13:10:23,117.0,9.5,5.9,8.01,0.97,0,117
0.99,24.306,0.517,83.99,1.105,2025-08-18 13:10:23,117.0,9.5,5.9,8.01,0.97,0,117
1.013,24.388,0.553,84.08,1.108,2025-08-18 13:10:23,117.0,9.5,5.9,8.01,0.97,0,117
0.958,24.294,0.856,84.18,1.08,2025-08-18 13:10:23,117.0,9.5,5.9,8.01,0.97,0,117
0.982,24.283,0.324,84.19,1.104,2025-08-18 13:10:23,117.0,9.5,5.9,8.01,0.97,0,117
0.986,24.376,0.565,84.12,1.006,2025-08-18 13:10:23,117.0,9.5,5.9,8.01,0.97,0,117
0.959,24.308,0.676,84.07,1.09,2025-08-18 13:10:23,117.0,9.5,5.9,8.01,0.97,0,117
0.96,24.336,0.437,83.74,1.125,2025-08-18 13:10:23,117.0,9.5,5.9,8.01,0.97,0,117
1.009,24.385,0.555,83.94,1.128,2025-08-18 13:10:23,117.0,9.5,5.9,8.01,0.97,0,117
0.997,24.344,0.653,84.16,1.081,2025-08-18 13:10:23,117.0,9.5,5.9,8.01,0.97,0,117
0.998,24.335,0.578,84.23,1.143,2025-08-18 13:10:23,117.0,9.5,5.9,8.01,0.97,0,117
0.977,24.314,0.568,84.05,1.057,2025-08-18 13:10:23,117.0,9.5,5.9,8.01,0.97,0,117
1.01,24.324,0.784,83.98,1.152,2025-08-18 13:10:23,117.0,9.5,5.9,8.01,0.97,0,117
1.006,24.339,0.721,83.99,1.065,2025-08-18 13:10:23,117.0,9.5,5.9,8.01,0.97,0,117
0.971,24.285,0.465,83.98,1.107,2025-08-18 13:10:23,117.0,9.5,5.9,8.01,0.97,0,117
0.941,24.316,0.55,84.09,1.011,2025-08-18 13:10:23,117.0,9.5,5.9,8.01,0.97,0,117
0.975,24.315,0.645,83.94,1.133,2025-08-18 13:10:23,117.0,9.5,5.9,8.01,0.97,0,117
0.963,24.291,0.46,84.19,1.092,2025-08-18 18:55:34,118.0,10.7,6.8,8.67,1.15,0,118
0.984,24.258,0.399,84.06,1.107,2025-08-18 18:55:34,118.0,10.7,6.8,8.67,1.15,0,118
1.008,24.338,0.628,84.08,1.124,2025-08-18 18:55:34,118.0,10.7,6.8,8.67,1.15,0,118
0.982,24.234,0.48,84.04,1.134,2025-08-18 18:55:34,118.0,10.7,6.8,8.67,1.15,0,118
1.001,24.325,0.52,83.88,1.092,2025-08-18 18:55:34,118.0,10.7,6.8,8.67,1.15,0,118
0.982,24.301,0.605,83.99,1.159,2025-08-18 18:55:34,118.0,10.7,6.8,8.67,1.15,0,118
1.006,24.288,0.615,83.92,1.158,2025-08-18 18:55:34,118.0,10.7,6.8,8.67,1.15,0,118
0.974,24.219,0.811,84.18,1.041,2025-08-18 18:55:34,118.0,10.7,6.8,8.67,1.15,0,118
0.965,24.316,0.472,83.93,1.074,2025-08-18 18:55:34,118.0,10.7,6.8,8.67,1.15,0,118
0.973,24.279,0.698,83.96,1.041,2025-08-18 18:55:34,118.0,10.7,6.8,8.67,1.15,0,118
1.022,24.323,0.55,84.16,1.195,2025-08-18 18:55:34,118.0,10.7,6.8,8.67,1.15,0,118
0.975,24.279,0.588,83.89,1.116,2025-08-18 18:55:34,118.0,10.7,6.8,8.67,1.15,0,118
0.993,24.313,0.618,83.91,1.063,2025-08-18 18:55:34,118.0,10.7,6.8,8.67,1.15,0,118
0.982,24.266,0.407,84.15,1.1,2025-08-18 18:55:34,118.0,10.7,6.8,8.67,1.15,0,118
1.016,24.343,0.515,84.16,1.095,2025-08-18 18:55:34,118.0,10.7,6.8,8.67,1.15,0,118
0.982,24.318,0.352,83.96,1.074,2025-08-18 18:55:34,118.0,10.7,6.8,8.67,1.15,0,118
0.978,24.184,0.645,84.24,1.048,2025-08-18 18:55:34,118.0,10.7,6.8,8.67,1.15,0,118
0.97,24.305,0.495,84.16,1.063,2025-08-18 18:55:34,118.0,10.7,6.8,8.67,1.15,0,118
0.973,24.234,0.535,84.0,1.072,2025-08-18 18:55:34,118.0,10.7,6.8,8.67,1.15,0,118
0.97,24.209,0.736,84.21,1.045,2025-08-18 21:20:40,119.0,11.7,6.4,8.55,1.27,0,119
0.995,24.345,0.462,84.36,1.142,2025-08-18 21:20:40,119.0,11.7,6.4,8.55,1.27,0,119
0.994,24.317,0.676,83.83,1.051,2025-08-18 21:20:40,119.0,11.7,6.4,8.55,1.27,0,119
1.026,24.354,0.407,84.0,1.246,2025-08-18 21:20:40,119.0,11.7,6.4,8.55,1.27,0,119
0.97,24.276,0.53,84.02,1.217,2025-08-18 21:20:40,119.0,11.7,6.4,8.55,1.27,0,119
0.949,24.273,0.415,84.17,1.131,2025-08-18 21:20:40,119.0,11.7,6.4,8.55,1.27,0,119
0.996,24.325,0.595,83.88,1.153,2025-08-18 21:20:40,119.0,11.7,6.4,8.55,1.27,0,119
0.959,24.251,0.384,84.25,1.123,2025-08-18 21:20:40,119.0,11.7,6.4,8.55,1.27,0,119
1.018,24.308,0.505,83.88,1.18,2025-08-18 21:20:40,119.0,11.7,6.4,8.55,1.27,0,119
0.948,24.226,0.688,83.95,1.033,2025-08-18 21:20:40,119.0,11.7,6.4,8.55,1.27,0,119
0.958,24.263,0.522,83.88,1.117,2025-08-18 21:20:40,119.0,11.7,6.4,8.55,1.27,0,119
1.018,24.35,0.425,83.86,1.149,2025-08-18 21:20:40,119.0,11.7,6.4,8.55,1.27,0,119
0.982,24.263,0.537,84.04,1.085,2025-08-18 21:20:40,119.0,11.7,6.4,8.55,1.27,0,119
1.02,24.326,0.63,84.21,1.174,2025-08-18 21:20:40,119.0,11.7,6.4,8.55,1.27,0,119
0.965,24.29,0.462,84.17,1.101,2025-08-18 21:20:40,119.0,11.7,6.4,8.55,1.27,0,119
0.96,24.233,0.65,84.08,1.11,2025-08-18 21:20:40,119.0,11.7,6.4,8.55,1.27,0,119
0.992,24.307,0.439,84.06,1.14,2025-08-18 21:20:40,119.0,11.7,6.4,8.55,1.27,0,119
0.944,24.236,0.543,84.04,0.968,2025-08-18 21:20:40,119.0,11.7,6.4,8.55,1.27,0,119
0.947,24.3,0.683,83.817,1.12,2025-08-19 15:19:09,120.0,9.3,6.6,7.97,0.81,0,120
1.005,24.262,0.729,83.798,1.14,2025-08-19 15:19:09,120.0,9.3,6.6,7.97,0.81,0,120
0.996,24.192,0.639,83.92,1.133,2025-08-19 15:19:09,120.0,9.3,6.6,7.97,0.81,0,120
0.991,24.162,0.479,84.006,1.106,2025-08-19 15:19:09,120.0,9.3,6.6,7.97,0.81,0,120
0.975,24.3,0.414,83.812,1.125,2025-08-19 15:19:09,120.0,9.3,6.6,7.97,0.81,0,120
0.995,24.339,0.511,83.975,1.113,2025-08-19 15:19:09,120.0,9.3,6.6,7.97,0.81,0,120
1.006,24.293,0.647,83.981,1.15,2025-08-19 15:19:09,120.0,9.3,6.6,7.97,0.81,0,120
0.975,24.295,0.84,83.804,1.064,2025-08-19 15:19:09,120.0,9.3,6.6,7.97,0.81,0,120
0.998,24.306,0.662,83.911,1.102,2025-08-19 15:19:09,120.0,9.3,6.6,7.97,0.81,0,120
0.99,24.235,0.588,83.895,1.156,2025-08-19 15:19:09,120.0,9.3,6.6,7.97,0.81,0,120
0.976,24.298,0.575,83.906,1.037,2025-08-19 15:19:09,120.0,9.3,6.6,7.97,0.81,0,120
0.987,24.175,0.608,83.799,1.18,2025-08-19 15:19:09,120.0,9.3,6.6,7.97,0.81,0,120
0.988,24.25,0.727,84.176,1.145,2025-08-19 15:19:09,120.0,9.3,6.6,7.97,0.81,0,120
0.989,24.395,0.643,83.906,1.114,2025-08-19 15:19:09,120.0,9.3,6.6,7.97,0.81,0,120
0.94,24.248,0.411,83.943,1.081,2025-08-19 15:19:09,120.0,9.3,6.6,7.97,0.81,0,120
0.991,24.362,0.637,83.792,1.127,2025-08-19 15:19:09,120.0,9.3,6.6,7.97,0.81,0,120
1.05,24.331,0.59,84.14,1.129,2025-08-19 19:09:20,121.0,10.2,6.6,8.41,1.02,0,121
0.961,24.323,0.726,84.02,1.105,2025-08-19 19:09:20,121.0,10.2,6.6,8.41,1.02,0,121
0.981,24.234,0.696,84.38,1.182,2025-08-19 19:09:20,121.0,10.2,6.6,8.41,1.02,0,121
0.993,24.362,0.465,83.9,1.14,2025-08-19 19:09:20,121.0,10.2,6.6,8.41,1.02,0,121
0.963,24.289,0.482,83.85,1.127,2025-08-19 19:09:20,121.0,10.2,6.6,8.41,1.02,0,121
0.984,24.386,0.585,83.98,1.045,2025-08-19 19:09:20,121.0,10.2,6.6,8.41,1.02,0,121
1.012,24.375,0.542,83.92,1.102,2025-08-19 19:09:20,121.0,10.2,6.6,8.41,1.02,0,121
0.989,24.328,0.969,83.91,1.12,2025-08-19 19:09:20,121.0,10.2,6.6,8.41,1.02,0,121
1.016,24.352,0.367,84.19,1.154,2025-08-19 19:09:20,121.0,10.2,6.6,8.41,1.02,0,121
1.007,24.374,0.492,83.98,1.104,2025-08-19 19:09:20,121.0,10.2,6.6,8.41,1.02,0,121
1.011,24.367,0.495,83.87,1.126,2025-08-19 19:09:20,121.0,10.2,6.6,8.41,1.02,0,121
0.979,24.34,0.475,83.83,1.152,2025-08-19 19:09:20,121.0,10.2,6.6,8.41,1.02,0,121
1.001,24.31,0.573,84.05,1.12,2025-08-19 19:09:20,121.0,10.2,6.6,8.41,1.02,0,121
1.004,24.404,0.696,84.24,1.155,2025-08-19 19:09:20,121.0,10.2,6.6,8.41,1.02,0,121
0.987,24.305,0.462,84.12,1.166,2025-08-19 19:09:20,121.0,10.2,6.6,8.41,1.02,0,121
0.98,24.311,0.615,84.02,1.117,2025-08-19 19:09:20,121.0,10.2,6.6,8.41,1.02,0,121
0.991,24.257,0.578,83.93,1.135,2025-08-19 19:09:20,121.0,10.2,6.6,8.41,1.02,0,121
0.971,24.413,0.829,84.07,1.142,2025-08-19 21:29:27,122.0,11.2,6.9,8.39,1.06,0,122
0.969,24.345,0.771,84.11,1.085,2025-08-19 21:29:27,122.0,11.2,6.9,8.39,1.06,0,122
0.998,24.354,0.51,83.94,1.174,2025-08-19 21:29:27,122.0,11.2,6.9,8.39,1.06,0,122
0.989,24.274,0.502,84.11,1.07,2025-08-19 21:29:27,122.0,11.2,6.9,8.39,1.06,0,122
0.947,24.378,0.492,83.92,1.112,2025-08-19 21:29:27,122.0,11.2,6.9,8.39,1.06,0,122
0.94,24.241,0.48,83.89,1.064,2025-08-19 21:29:27,122.0,11.2,6.9,8.39,1.06,0,122
0.985,24.285,0.924,83.94,1.098,2025-08-19 21:29:27,122.0,11.2,6.9,8.39,1.06,0,122
1.021,24.379,0.465,84.02,1.171,2025-08-19 21:29:27,122.0,11.2,6.9,8.39,1.06,0,122
1.006,24.437,0.583,83.94,1.121,2025-08-19 21:29:27,122.0,11.2,6.9,8.39,1.06,0,122
1.011,24.37,0.477,84.03,1.147,2025-08-19 21:29:27,122.0,11.2,6.9,8.39,1.06,0,122
0.925,24.213,0.656,84.2,1.051,2025-08-19 21:29:27,122.0,11.2,6.9,8.39,1.06,0,122
0.968,24.324,0.52,84.01,1.096,2025-08-19 21:29:27,122.0,11.2,6.9,8.39,1.06,0,122
1.021,24.335,0.753,84.02,1.218,2025-08-19 21:29:27,122.0,11.2,6.9,8.39,1.06,0,122
0.992,24.288,0.517,84.19,1.107,2025-08-19 21:29:27,122.0,11.2,6.9,8.39,1.06,0,122
0.97,24.28,0.658,83.93,1.116,2025-08-19 21:29:27,122.0,11.2,6.9,8.39,1.06,0,122
0.997,24.284,0.399,84.12,1.127,2025-08-19 21:29:27,122.0,11.2,6.9,8.39,1.06,0,122
0.987,24.425,0.548,84.0,1.077,2025-08-19 21:29:27,122.0,11.2,6.9,8.39,1.06,0,122
0.949,24.304,0.467,83.98,1.082,2025-08-19 21:29:27,122.0,11.2,6.9,8.39,1.06,0,122
0.999,24.343,0.459,84.04,1.046,2025-09-01 11:14:57,123.0,9.2,6.3,8.17,0.7,0,123
1.008,24.248,0.515,84.05,1.124,2025-09-01 11:14:57,123.0,9.2,6.3,8.17,0.7,0,123
0.998,24.335,0.537,83.96,1.162,2025-09-01 11:14:57,123.0,9.2,6.3,8.17,0.7,0,123
0.996,24.372,0.575,84.18,1.092,2025-09-01 11:14:57,123.0,9.2,6.3,8.17,0.7,0,123
1.003,24.289,0.495,84.33,1.102,2025-09-01 11:14:57,123.0,9.2,6.3,8.17,0.7,0,123
1.013,24.392,0.65,84.2,1.088,2025-09-01 11:14:57,123.0,9.2,6.3,8.17,0.7,0,123
1.007,24.344,0.598,84.05,1.187,2025-09-01 11:14:57,123.0,9.2,6.3,8.17,0.7,0,123
1.005,24.334,0.605,83.97,1.134,2025-09-01 11:14:57,123.0,9.2,6.3,8.17,0.7,0,123
1.014,24.335,0.593,84.04,1.153,2025-09-01 11:14:57,123.0,9.2,6.3,8.17,0.7,0,123
1.011,24.387,0.909,83.9,1.115,2025-09-01 11:14:57,123.0,9.2,6.3,8.17,0.7,0,123
0.992,24.301,0.505,83.93,1.15,2025-09-01 11:14:57,123.0,9.2,6.3,8.17,0.7,0,123
0.977,24.286,0.778,84.2,1.06,2025-09-01 11:14:57,123.0,9.2,6.3,8.17,0.7,0,123
0.991,24.312,0.58,84.06,1.126,2025-09-01 11:14:57,123.0,9.2,6.3,8.17,0.7,0,123
0.987,24.347,0.58,84.07,1.15,2025-09-01 11:14:57,123.0,9.2,6.3,8.17,0.7,0,123
0.977,24.312,0.58,83.83,1.088,2025-09-01 11:14:57,123.0,9.2,6.3,8.17,0.7,0,123
0.999,24.267,0.54,84.07,1.101,2025-09-01 11:14:57,123.0,9.2,6.3,8.17,0.7,0,123
1.015,24.392,0.47,84.05,1.131,2025-09-01 11:14:57,123.0,9.2,6.3,8.17,0.7,0,123
0.976,24.334,0.382,83.95,1.06,2025-09-01 11:14:57,123.0,9.2,6.3,8.17,0.7,0,123
0.975,24.329,0.567,83.88,1.026,2025-09-01 11:14:57,123.0,9.2,6.3,8.17,0.7,0,123
0.962,24.29,0.51,84.06,1.108,2025-09-01 11:14:57,123.0,9.2,6.3,8.17,0.7,0,123
0.966,24.209,0.487,84.11,1.07,2025-09-01 13:00:03,124.0,14.0,7.2,9.85,1.58,0,124
1.013,24.257,0.623,84.06,1.117,2025-09-01 13:00:03,124.0,14.0,7.2,9.85,1.58,0,124
0.978,24.277,0.57,83.76,1.078,2025-09-01 13:00:03,124.0,14.0,7.2,9.85,1.58,0,124
1.021,24.22,0.788,84.03,1.15,2025-09-01 13:00:03,124.0,14.0,7.2,9.85,1.58,0,124
0.979,24.38,0.748,83.68,1.129,2025-09-01 13:00:03,124.0,14.0,7.2,9.85,1.58,0,124
0.997,24.207,0.58,84.11,1.111,2025-09-01 13:00:03,124.0,14.0,7.2,9.85,1.58,0,124
0.999,24.197,0.5,84.17,1.043,2025-09-01 13:00:03,124.0,14.0,7.2,9.85,1.58,0,124
0.992,24.306,0.618,84.02,1.182,2025-09-01 13:00:03,124.0,14.0,7.2,9.85,1.58,0,124
1.003,24.283,0.598,83.97,1.129,2025-09-01 13:00:03,124.0,14.0,7.2,9.85,1.58,0,124
1.011,24.285,0.464,84.17,1.095,2025-09-01 13:00:03,124.0,14.0,7.2,9.85,1.58,0,124
0.973,24.269,0.876,84.13,1.071,2025-09-01 13:00:03,124.0,14.0,7.2,9.85,1.58,0,124
0.986,24.326,0.427,84.18,1.075,2025-09-01 13:00:03,124.0,14.0,7.2,9.85,1.58,0,124
0.987,24.216,0.821,83.96,1.069,2025-09-01 13:00:03,124.0,14.0,7.2,9.85,1.58,0,124
1.021,24.29,0.635,84.05,1.135,2025-09-01 13:00:03,124.0,14.0,7.2,9.85,1.58,0,124
0.983,24.242,0.62,84.11,1.098,2025-09-01 13:00:03,124.0,14.0,7.2,9.85,1.58,0,124
0.986,24.175,0.437,84.02,1.037,2025-09-01 13:00:03,124.0,14.0,7.2,9.85,1.58,0,124
0.971,24.225,0.512,84.01,1.119,2025-09-01 13:00:03,124.0,14.0,7.2,9.85,1.58,0,124
1.022,24.255,0.457,83.91,1.118,2025-09-01 13:00:03,124.0,14.0,7.2,9.85,1.58,0,124
0.956,24.188,0.67,84.19,1.004,2025-09-01 19:45:22,125.0,10.5,5.5,7.71,1.14,0,125
0.963,24.244,0.768,84.0,1.025,2025-09-01 19:45:22,125.0,10.5,5.5,7.71,1.14,0,125
0.971,24.262,0.462,83.98,1.104,2025-09-01 19:45:22,125.0,10.5,5.5,7.71,1.14,0,125
0.984,24.248,0.537,83.93,1.08,2025-09-01 19:45:22,125.0,10.5,5.5,7.71,1.14,0,125
0.966,24.146,0.726,84.09,1.043,2025-09-01 19:45:22,125.0,10.5,5.5,7.71,1.14,0,125
1.003,24.343,0.562,83.92,1.137,2025-09-01 19:45:22,125.0,10.5,5.5,7.71,1.14,0,125
0.966,24.328,0.954,83.87,1.056,2025-09-01 19:45:22,125.0,10.5,5.5,7.71,1.14,0,125
0.978,24.342,0.57,83.92,1.11,2025-09-01 19:45:22,125.0,10.5,5.5,7.71,1.14,0,125
0.965,24.292,0.555,84.06,1.084,2025-09-01 19:45:22,125.0,10.5,5.5,7.71,1.14,0,125
1.001,24.372,0.487,84.21,1.141,2025-09-01 19:45:22,125.0,10.5,5.5,7.71,1.14,0,125
0.977,24.261,0.515,84.21,1.06,2025-09-01 19:45:22,125.0,10.5,5.5,7.71,1.14,0,125
0.986,24.282,0.527,84.01,1.067,2025-09-01 19:45:22,125.0,10.5,5.5,7.71,1.14,0,125
0.95,24.253,0.522,83.88,1.064,2025-09-01 19:45:22,125.0,10.5,5.5,7.71,1.14,0,125
0.998,24.257,0.457,83.92,1.055,2025-09-01 19:45:22,125.0,10.5,5.5,7.71,1.14,0,125
0.976,24.199,0.472,84.01,1.069,2025-09-01 19:45:22,125.0,10.5,5.5,7.71,1.14,0,125
0.966,24.257,0.67,83.97,1.1,2025-09-01 19:45:22,125.0,10.5,5.5,7.71,1.14,0,125
0.941,24.166,0.593,83.92,1.091,2025-09-01 19:45:22,125.0,10.5,5.5,7.71,1.14,0,125
0.961,24.25,0.65,84.01,1.083,2025-09-01 19:45:22,125.0,10.5,5.5,7.71,1.14,0,125
0.947,24.174,0.731,84.14,1.053,2025-09-01 19:45:22,125.0,10.5,5.5,7.71,1.14,0,125
1.006,24.388,0.909,83.88,1.141,2025-09-01 21:30:30,126.0,11.8,6.1,9.08,1.23,0,126
0.98,24.34,0.462,83.94,1.127,2025-09-01 21:30:30,126.0,11.8,6.1,9.08,1.23,0,126
1.005,24.291,0.547,83.94,1.133,2025-09-01 21:30:30,126.0,11.8,6.1,9.08,1.23,0,126
0.984,24.314,0.969,84.11,1.12,2025-09-01 21:30:30,126.0,11.8,6.1,9.08,1.23,0,126
0.985,24.365,0.52,84.08,1.143,2025-09-01 21:30:30,126.0,11.8,6.1,9.08,1.23,0,126
0.989,24.33,0.613,83.93,1.151,2025-09-01 21:30:30,126.0,11.8,6.1,9.08,1.23,0,126
1.025,24.374,0.525,84.19,1.116,2025-09-01 21:30:30,126.0,11.8,6.1,9.08,1.23,0,126
1.006,24.332,0.467,83.69,1.19,2025-09-01 21:30:30,126.0,11.8,6.1,9.08,1.23,0,126
0.97,24.34,0.515,83.92,1.087,2025-09-01 21:30:30,126.0,11.8,6.1,9.08,1.23,0,126
0.974,24.333,0.492,83.95,1.116,2025-09-01 21:30:30,126.0,11.8,6.1,9.08,1.23,0,126
1.009,24.364,0.505,83.92,1.126,2025-09-01 21:30:30,126.0,11.8,6.1,9.08,1.23,0,126
0.963,24.303,0.71,84.12,1.155,2025-09-01 21:30:30,126.0,11.8,6.1,9.08,1.23,0,126
0.981,24.311,0.48,84.15,1.09,2025-09-01 21:30:30,126.0,11.8,6.1,9.08,1.23,0,126
0.983,24.337,0.567,83.91,1.082,2025-09-01 21:30:30,126.0,11.8,6.1,9.08,1.23,0,126
1.017,24.264,0.515,83.99,1.211,2025-09-01 21:30:30,126.0,11.8,6.1,9.08,1.23,0,126
0.97,24.355,0.512,83.85,1.146,2025-09-01 21:30:30,126.0,11.8,6.1,9.08,1.23,0,126
1.001,24.367,0.695,84.13,1.174,2025-09-01 21:30:30,126.0,11.8,6.1,9.08,1.23,0,126
0.965,24.327,0.57,84.2,1.048,2025-09-01 21:30:30,126.0,11.8,6.1,9.08,1.23,0,126
0.978,24.277,0.613,83.92,1.126,2025-09-01 21:30:30,126.0,11.8,6.1,9.08,1.23,0,126
0.948,24.28,0.957,83.8,1.027,2025-09-01 21:30:30,126.0,11.8,6.1,9.08,1.23,0,126
0.992,24.338,0.603,83.93,1.113,2025-09-02 11:05:46,127.0,11.8,7.0,8.51,1.2,0,127
0.984,24.307,0.711,83.86,1.065,2025-09-02 11:05:46,127.0,11.8,7.0,8.51,1.2,0,127
0.984,24.208,0.645,83.98,1.151,2025-09-02 11:05:46,127.0,11.8,7.0,8.51,1.2,0,127
0.974,24.348,0.442,83.88,1.131,2025-09-02 11:05:46,127.0,11.8,7.0,8.51,1.2,0,127
0.981,24.22,0.708,83.73,1.103,2025-09-02 11:05:46,127.0,11.8,7.0,8.51,1.2,0,127
1.002,24.313,0.537,83.91,1.123,2025-09-02 11:05:46,127.0,11.8,7.0,8.51,1.2,0,127
0.968,24.239,0.485,84.16,1.062,2025-09-02 11:05:46,127.0,11.8,7.0,8.51,1.2,0,127
0.992,24.286,0.791,84.01,1.075,2025-09-02 11:05:46,127.0,11.8,7.0,8.51,1.2,0,127
1.009,24.321,0.515,83.8,1.117,2025-09-02 11:05:46,127.0,11.8,7.0,8.51,1.2,0,127
0.965,24.346,0.454,83.7,1.116,2025-09-02 11:05:46,127.0,11.8,7.0,8.51,1.2,0,127
0.984,24.25,0.683,84.17,1.092,2025-09-02 11:05:46,127.0,11.8,7.0,8.51,1.2,0,127
0.954,24.157,0.575,83.86,1.109,2025-09-02 11:05:46,127.0,11.8,7.0,8.51,1.2,0,127
0.971,24.311,0.796,84.12,1.05,2025-09-02 11:05:46,127.0,11.8,7.0,8.51,1.2,0,127
0.98,24.316,0.417,83.89,1.033,2025-09-02 11:05:46,127.0,11.8,7.0,8.51,1.2,0,127
0.97,24.346,0.886,84.1,1.104,2025-09-02 11:05:46,127.0,11.8,7.0,8.51,1.2,0,127
1.0,24.354,0.55,83.92,1.136,2025-09-02 11:05:46,127.0,11.8,7.0,8.51,1.2,0,127
0.989,24.259,0.294,83.78,1.108,2025-09-02 11:05:46,127.0,11.8,7.0,8.51,1.2,0,127
0.985,24.24,0.457,84.13,1.087,2025-09-02 13:10:52,128.0,13.1,7.5,9.38,1.27,0,128
0.97,24.176,0.698,84.1,1.093,2025-09-02 13:10:52,128.0,13.1,7.5,9.38,1.27,0,128
0.99,24.213,0.738,84.05,1.106,2025-09-02 13:10:52,128.0,13.1,7.5,9.38,1.27,0,128
0.997,24.346,0.55,83.89,1.105,2025-09-02 13:10:52,128.0,13.1,7.5,9.38,1.27,0,128
1.004,24.258,0.588,83.99,1.116,2025-09-02 13:10:52,128.0,13.1,7.5,9.38,1.27,0,128
0.999,24.224,0.472,83.75,1.092,2025-09-02 13:10:52,128.0,13.1,7.5,9.38,1.27,0,128
0.954,24.166,0.59,84.03,1.062,2025-09-02 13:10:52,128.0,13.1,7.5,9.38,1.27,0,128
0.985,24.245,0.633,84.05,1.074,2025-09-02 13:10:52,128.0,13.1,7.5,9.38,1.27,0,128
0.994,24.219,0.557,83.75,1.116,2025-09-02 13:10:52,128.0,13.1,7.5,9.38,1.27,0,128
1.013,24.19,0.588,84.17,1.154,2025-09-02 13:10:52,128.0,13.1,7.5,9.38,1.27,0,128
1.013,24.259,0.562,83.87,1.208,2025-09-02 13:10:52,128.0,13.1,7.5,9.38,1.27,0,128
0.968,24.223,0.48,83.96,1.133,2025-09-02 13:10:52,128.0,13.1,7.5,9.38,1.27,0,128
0.995,24.274,0.977,84.04,1.165,2025-09-02 13:10:52,128.0,13.1,7.5,9.38,1.27,0,128
1.024,24.356,0.434,84.02,1.135,2025-09-02 13:10:52,128.0,13.1,7.5,9.38,1.27,0,128
0.987,24.235,0.442,84.33,1.118,2025-09-02 13:10:52,128.0,13.1,7.5,9.38,1.27,0,128
0.967,24.268,0.59,83.94,1.06,2025-09-02 13:10:52,128.0,13.1,7.5,9.38,1.27,0,128
1.014,24.207,0.751,84.23,1.084,2025-09-02 13:10:52,128.0,13.1,7.5,9.38,1.27,0,128
1.008,24.223,0.703,83.98,1.1,2025-09-02 13:10:52,128.0,13.1,7.5,9.38,1.27,0,128
1.001,24.199,0.54,83.96,1.155,2025-09-02 13:10:52,128.0,13.1,7.5,9.38,1.27,0,128
0.986,24.35,0.706,83.93,1.187,2025-09-02 19:41:10,129.0,10.9,7.2,8.45,0.91,0,129
0.98,24.337,0.452,83.99,1.094,2025-09-02 19:41:10,129.0,10.9,7.2,8.45,0.91,0,129
0.992,24.234,0.698,84.09,1.058,2025-09-02 19:41:10,129.0,10.9,7.2,8.45,0.91,0,129
0.985,24.304,0.542,84.17,1.106,2025-09-02 19:41:10,129.0,10.9,7.2,8.45,0.91,0,129
0.987,24.338,0.454,84.22,1.132,2025-09-02 19:41:10,129.0,10.9,7.2,8.45,0.91,0,129
0.981,24.355,0.492,83.96,1.093,2025-09-02 19:41:10,129.0,10.9,7.2,8.45,0.91,0,129
0.977,24.338,0.934,83.92,1.07,2025-09-02 19:41:10,129.0,10.9,7.2,8.45,0.91,0,129
0.974,24.362,0.517,83.82,1.095,2025-09-02 19:41:10,129.0,10.9,7.2,8.45,0.91,0,129
0.976,24.325,0.904,83.97,1.102,2025-09-02 19:41:10,129.0,10.9,7.2,8.45,0.91,0,129
1.018,24.297,0.432,84.02,1.144,2025-09-02 19:41:10,129.0,10.9,7.2,8.45,0.91,0,129
0.969,24.295,0.572,83.94,1.104,2025-09-02 19:41:10,129.0,10.9,7.2,8.45,0.91,0,129
0.989,24.346,0.54,83.92,1.132,2025-09-02 19:41:10,129.0,10.9,7.2,8.45,0.91,0,129
0.986,24.331,0.786,84.16,1.107,2025-09-02 19:41:10,129.0,10.9,7.2,8.45,0.91,0,129
0.996,24.378,0.497,83.87,1.107,2025-09-02 19:41:10,129.0,10.9,7.2,8.45,0.91,0,129
0.962,24.345,0.638,84.07,1.117,2025-09-02 19:41:10,129.0,10.9,7.2,8.45,0.91,0,129
0.992,24.317,0.64,84.01,1.102,2025-09-02 19:41:10,129.0,10.9,7.2,8.45,0.91,0,129
0.988,24.328,0.598,83.93,1.145,2025-09-02 19:41:10,129.0,10.9,7.2,8.45,0.91,0,129
0.957,24.316,0.339,83.95,1.095,2025-09-02 19:41:10,129.0,10.9,7.2,8.45,0.91,0,129
0.965,24.304,0.731,84.15,1.1,2025-09-02 21:36:18,130.0,9.8,6.4,8.42,0.86,0,130
1.012,24.341,0.58,84.06,1.178,2025-09-02 21:36:18,130.0,9.8,6.4,8.42,0.86,0,130
0.941,24.279,0.525,83.72,1.1,2025-09-02 21:36:18,130.0,9.8,6.4,8.42,0.86,0,130
0.979,24.345,0.658,84.05,1.081,2025-09-02 21:36:18,130.0,9.8,6.4,8.42,0.86,0,130
0.973,24.395,0.53,84.04,1.126,2025-09-02 21:36:18,130.0,9.8,6.4,8.42,0.86,0,130
0.991,24.328,0.329,83.93,1.114,2025-09-02 21:36:18,130.0,9.8,6.4,8.42,0.86,0,130
1.009,24.283,0.658,84.01,1.169,2025-09-02 21:36:18,130.0,9.8,6.4,8.42,0.86,0,130
0.983,24.22,0.615,84.0,1.051,2025-09-02 21:36:18,130.0,9.8,6.4,8.42,0.86,0,130
0.999,24.361,0.753,83.92,1.098,2025-09-02 21:36:18,130.0,9.8,6.4,8.42,0.86,0,130
0.964,24.347,0.409,84.04,1.122,2025-09-02 21:36:18,130.0,9.8,6.4,8.42,0.86,0,130
0.974,24.371,0.59,83.96,1.128,2025-09-02 21:36:18,130.0,9.8,6.4,8.42,0.86,0,130
0.954,24.313,0.552,84.04,1.117,2025-09-02 21:36:18,130.0,9.8,6.4,8.42,0.86,0,130
0.986,24.302,1.032,84.11,1.064,2025-09-02 21:36:18,130.0,9.8,6.4,8.42,0.86,0,130
0.987,24.311,0.756,84.05,1.096,2025-09-02 21:36:18,130.0,9.8,6.4,8.42,0.86,0,130
1.0,24.297,0.399,84.22,1.195,2025-09-02 21:36:18,130.0,9.8,6.4,8.42,0.86,0,130
0.992,24.263,0.512,84.0,1.138,2025-09-02 21:36:18,130.0,9.8,6.4,8.42,0.86,0,130
0.993,24.338,0.645,83.99,1.113,2025-09-02 21:36:18,130.0,9.8,6.4,8.42,0.86,0,130
0.977,24.29,0.575,83.89,1.145,2025-09-02 21:36:18,130.0,9.8,6.4,8.42,0.86,0,130
0.969,24.305,0.54,83.96,1.052,2025-09-02 21:36:18,130.0,9.8,6.4,8.42,0.86,0,130
0.972,24.321,0.608,83.86,1.08,2025-09-02 21:36:18,130.0,9.8,6.4,8.42,0.86,0,130
0.996,24.324,0.373,83.816,1.153,2025-09-05 14:26:20,131.0,9.9,6.6,8.01,0.96,0,131
0.968,24.198,0.677,83.643,1.047,2025-09-05 14:26:20,131.0,9.9,6.6,8.01,0.96,0,131
0.998,24.447,0.547,84.252,1.167,2025-09-05 14:26:20,131.0,9.9,6.6,8.01,0.96,0,131
1.003,24.449,0.713,83.74,1.078,2025-09-05 14:26:20,131.0,9.9,6.6,8.01,0.96,0,131
0.981,24.379,0.606,84.01,1.143,2025-09-05 14:26:20,131.0,9.9,6.6,8.01,0.96,0,131
0.994,24.394,0.441,83.979,1.096,2025-09-05 14:26:20,131.0,9.9,6.6,8.01,0.96,0,131
1.016,24.427,0.482,83.8,1.167,2025-09-05 14:26:20,131.0,9.9,6.6,8.01,0.96,0,131
1.025,24.456,0.566,83.835,1.139,2025-09-05 14:26:20,131.0,9.9,6.6,8.01,0.96,0,131
1.041,24.432,0.576,84.219,1.191,2025-09-05 14:26:20,131.0,9.9,6.6,8.01,0.96,0,131
0.971,24.21,0.712,83.934,1.056,2025-09-05 14:26:20,131.0,9.9,6.6,8.01,0.96,0,131
1.043,24.446,0.589,84.001,1.117,2025-09-05 14:26:20,131.0,9.9,6.6,8.01,0.96,0,131
1.014,24.388,0.44,83.859,1.088,2025-09-05 14:26:20,131.0,9.9,6.6,8.01,0.96,0,131
0.977,24.298,0.43,84.312,1.063,2025-09-05 14:26:20,131.0,9.9,6.6,8.01,0.96,0,131
0.981,24.289,0.473,83.967,1.093,2025-09-05 14:26:20,131.0,9.9,6.6,8.01,0.96,0,131
0.997,24.332,0.696,84.336,1.18,2025-09-05 14:26:20,131.0,9.9,6.6,8.01,0.96,0,131
0.986,24.403,0.841,84.205,1.185,2025-09-05 14:26:20,131.0,9.9,6.6,8.01,0.96,0,131
1.008,24.369,0.709,84.075,1.067,2025-09-05 14:26:20,131.0,9.9,6.6,8.01,0.96,0,131
1.022,24.401,0.405,83.997,1.148,2025-09-05 14:26:20,131.0,9.9,6.6,8.01,0.96,0,131
0.99,24.369,0.46,84.08,1.059,2025-09-05 21:28:19,132.0,11.2,7.3,8.83,1.11,0,132
0.999,24.287,0.618,83.99,1.125,2025-09-05 21:28:19,132.0,11.2,7.3,8.83,1.11,0,132
0.975,24.289,0.306,83.91,1.074,2025-09-05 21:28:19,132.0,11.2,7.3,8.83,1.11,0,132
0.948,24.144,0.495,84.07,1.023,2025-09-05 21:28:19,132.0,11.2,7.3,8.83,1.11,0,132
0.966,24.241,0.482,84.0,1.049,2025-09-05 21:28:19,132.0,11.2,7.3,8.83,1.11,0,132
1.018,24.357,0.894,84.08,1.123,2025-09-05 21:28:19,132.0,11.2,7.3,8.83,1.11,0,132
0.98,24.291,0.444,84.18,1.111,2025-09-05 21:28:19,132.0,11.2,7.3,8.83,1.11,0,132
0.995,24.382,0.603,83.97,1.105,2025-09-05 21:28:19,132.0,11.2,7.3,8.83,1.11,0,132
1.001,24.281,0.542,84.13,1.173,2025-09-05 21:28:19,132.0,11.2,7.3,8.83,1.11,0,132
0.999,24.309,0.434,84.13,1.108,2025-09-05 21:28:19,132.0,11.2,7.3,8.83,1.11,0,132
0.989,24.221,0.598,84.16,1.057,2025-09-05 21:28:19,132.0,11.2,7.3,8.83,1.11,0,132
0.983,24.295,0.507,84.09,1.134,2025-09-05 21:28:19,132.0,11.2,7.3,8.83,1.11,0,132
0.981,24.23,0.53,84.15,1.134,2025-09-05 21:28:19,132.0,11.2,7.3,8.83,1.11,0,132
0.975,24.272,0.668,84.01,1.146,2025-09-05 21:28:19,132.0,11.2,7.3,8.83,1.11,0,132
0.985,24.308,0.648,84.28,1.125,2025-09-05 21:28:19,132.0,11.2,7.3,8.83,1.11,0,132
0.959,24.13,0.434,84.0,1.052,2025-09-05 21:28:19,132.0,11.2,7.3,8.83,1.11,0,132
1.004,24.366,0.58,84.19,1.171,2025-09-05 21:28:19,132.0,11.2,7.3,8.83,1.11,0,132
0.973,24.352,0.794,83.94,1.022,2025-09-08 12:54:15,133.0,10.3,5.7,8.45,0.92,0,133
1.0,24.432,0.733,84.04,1.111,2025-09-08 12:54:15,133.0,10.3,5.7,8.45,0.92,0,133
1.013,24.328,0.487,83.82,1.101,2025-09-08 12:54:15,133.0,10.3,5.7,8.45,0.92,0,133
0.983,24.297,0.362,83.9,1.102,2025-09-08 12:54:15,133.0,10.3,5.7,8.45,0.92,0,133
0.983,24.243,0.543,83.9,1.122,2025-09-08 12:54:15,133.0,10.3,5.7,8.45,0.92,0,133
0.972,24.178,0.756,84.01,1.1,2025-09-08 12:54:15,133.0,10.3,5.7,8.45,0.92,0,133
1.031,24.298,0.47,84.07,1.095,2025-09-08 12:54:15,133.0,10.3,5.7,8.45,0.92,0,133
1.001,24.332,0.676,83.83,1.073,2025-09-08 12:54:15,133.0,10.3,5.7,8.45,0.92,0,133
1.016,24.363,0.517,84.18,1.145,2025-09-08 12:54:15,133.0,10.3,5.7,8.45,0.92,0,133
0.983,24.377,0.304,83.97,1.107,2025-09-08 12:54:15,133.0,10.3,5.7,8.45,0.92,0,133
1.004,24.295,0.55,83.93,1.104,2025-09-08 12:54:15,133.0,10.3,5.7,8.45,0.92,0,133
0.98,24.39,0.595,84.09,1.035,2025-09-08 12:54:15,133.0,10.3,5.7,8.45,0.92,0,133
1.003,24.235,0.525,84.07,1.165,2025-09-08 12:54:15,133.0,10.3,5.7,8.45,0.92,0,133
0.993,24.288,0.969,84.15,1.09,2025-09-08 12:54:15,133.0,10.3,5.7,8.45,0.92,0,133
0.963,24.291,0.666,83.71,1.063,2025-09-08 12:54:15,133.0,10.3,5.7,8.45,0.92,0,133
1.005,24.354,0.854,84.12,1.097,2025-09-08 12:54:15,133.0,10.3,5.7,8.45,0.92,0,133
0.967,24.285,0.517,84.24,1.104,2025-09-08 12:54:15,133.0,10.3,5.7,8.45,0.92,0,133
0.953,24.269,0.558,84.02,1.074,2025-09-08 12:54:15,133.0,10.3,5.7,8.45,0.92,0,133
0.939,24.247,0.492,83.89,1.002,2025-09-08 12:54:15,133.0,10.3,5.7,8.45,0.92,0,133
0.94,24.345,0.691,83.92,1.015,2025-09-08 13:19:21,134.0,9.8,6.7,8.06,0.88,0,134
1.0,24.458,0.495,84.2,1.101,2025-09-08 13:19:21,134.0,9.8,6.7,8.06,0.88,0,134
0.957,24.283,0.643,84.24,1.048,2025-09-08 13:19:21,134.0,9.8,6.7,8.06,0.88,0,134
0.967,24.414,0.475,84.11,1.008,2025-09-08 13:19:21,134.0,9.8,6.7,8.06,0.88,0,134
0.998,24.444,0.625,84.0,1.085,2025-09-08 13:19:21,134.0,9.8,6.7,8.06,0.88,0,134
0.976,24.319,0.462,84.02,1.061,2025-09-08 13:19:21,134.0,9.8,6.7,8.06,0.88,0,134
0.99,24.243,0.872,84.03,1.115,2025-09-08 13:19:21,134.0,9.8,6.7,8.06,0.88,0,134
1.023,24.417,0.517,84.16,1.146,2025-09-08 13:19:21,134.0,9.8,6.7,8.06,0.88,0,134
0.951,24.195,0.608,83.94,1.115,2025-09-08 13:19:21,134.0,9.8,6.7,8.06,0.88,0,134
0.989,24.418,0.708,83.88,1.019,2025-09-08 13:19:21,134.0,9.8,6.7,8.06,0.88,0,134
0.952,24.395,0.748,84.02,1.096,2025-09-08 13:19:21,134.0,9.8,6.7,8.06,0.88,0,134
0.983,24.384,0.467,83.92,1.074,2025-09-08 13:19:21,134.0,9.8,6.7,8.06,0.88,0,134
0.976,24.38,0.457,84.34,1.058,2025-09-08 13:19:21,134.0,9.8,6.7,8.06,0.88,0,134
0.972,24.348,0.851,83.99,1.043,2025-09-08 13:19:21,134.0,9.8,6.7,8.06,0.88,0,134
0.989,24.451,0.535,84.0,1.113,2025-09-08 13:19:21,134.0,9.8,6.7,8.06,0.88,0,134
0.992,24.451,0.691,83.93,1.105,2025-09-08 13:19:21,134.0,9.8,6.7,8.06,0.88,0,134
0.985,24.383,0.628,83.92,1.119,2025-09-08 13:19:21,134.0,9.8,6.7,8.06,0.88,0,134
0.987,24.34,0.505,84.1,1.065,2025-09-08 13:19:21,134.0,9.8,6.7,8.06,0.88,0,134
0.978,24.286,0.708,84.2,1.056,2025-09-08 19:14:40,135.0,11.2,7.9,9.3,0.85,0,135
0.953,24.212,0.836,83.82,1.093,2025-09-08 19:14:40,135.0,11.2,7.9,9.3,0.85,0,135
1.03,24.317,0.557,83.86,1.202,2025-09-08 19:14:40,135.0,11.2,7.9,9.3,0.85,0,135
0.951,24.318,0.527,83.79,1.102,2025-09-08 19:14:40,135.0,11.2,7.9,9.3,0.85,0,135
0.987,24.373,0.515,83.84,1.121,2025-09-08 19:14:40,135.0,11.2,7.9,9.3,0.85,0,135
1.016,24.34,0.532,83.99,1.192,2025-09-08 19:14:40,135.0,11.2,7.9,9.3,0.85,0,135
1.003,24.348,0.527,84.05,1.124,2025-09-08 19:14:40,135.0,11.2,7.9,9.3,0.85,0,135
0.978,24.258,0.671,83.95,1.112,2025-09-08 19:14:40,135.0,11.2,7.9,9.3,0.85,0,135
0.993,24.301,0.45,84.06,1.17,2025-09-08 19:14:40,135.0,11.2,7.9,9.3,0.85,0,135
1.008,24.267,0.608,84.07,1.174,2025-09-08 19:14:40,135.0,11.2,7.9,9.3,0.85,0,135
0.978,24.251,0.553,83.95,1.096,2025-09-08 19:14:40,135.0,11.2,7.9,9.3,0.85,0,135
0.979,24.355,0.457,83.95,1.105,2025-09-08 19:14:40,135.0,11.2,7.9,9.3,0.85,0,135
1.025,24.32,0.452,84.16,1.14,2025-09-08 19:14:40,135.0,11.2,7.9,9.3,0.85,0,135
0.999,24.214,0.58,84.09,1.174,2025-09-08 19:14:40,135.0,11.2,7.9,9.3,0.85,0,135
0.991,24.313,0.409,84.43,1.104,2025-09-08 19:14:40,135.0,11.2,7.9,9.3,0.85,0,135
0.986,24.38,0.543,83.91,1.134,2025-09-08 19:14:40,135.0,11.2,7.9,9.3,0.85,0,135
1.002,24.311,0.53,84.01,1.119,2025-09-08 19:14:40,135.0,11.2,7.9,9.3,0.85,0,135
0.986,24.362,0.543,84.06,1.124,2025-09-08 19:14:40,135.0,11.2,7.9,9.3,0.85,0,135
0.961,24.273,0.821,84.11,1.171,2025-09-08 19:14:40,135.0,11.2,7.9,9.3,0.85,0,135
1.014,24.321,0.633,84.14,1.108,2025-09-08 19:14:40,135.0,11.2,7.9,9.3,0.85,0,135
1.002,24.417,0.58,84.06,1.179,2025-09-08 21:19:46,136.0,10.3,7.6,8.63,0.76,0,136
0.981,24.327,0.655,84.11,1.087,2025-09-08 21:19:46,136.0,10.3,7.6,8.63,0.76,0,136
1.002,24.327,0.342,83.78,1.119,2025-09-08 21:19:46,136.0,10.3,7.6,8.63,0.76,0,136
0.959,24.401,0.495,84.04,1.088,2025-09-08 21:19:46,136.0,10.3,7.6,8.63,0.76,0,136
0.967,24.279,0.57,83.96,1.025,2025-09-08 21:19:46,136.0,10.3,7.6,8.63,0.76,0,136
0.96,24.28,0.578,84.05,1.081,2025-09-08 21:19:46,136.0,10.3,7.6,8.63,0.76,0,136
0.993,24.342,0.568,83.95,1.112,2025-09-08 21:19:46,136.0,10.3,7.6,8.63,0.76,0,136
0.982,24.292,0.58,83.91,1.165,2025-09-08 21:19:46,136.0,10.3,7.6,8.63,0.76,0,136
1.016,24.381,0.535,84.06,1.137,2025-09-08 21:19:46,136.0,10.3,7.6,8.63,0.76,0,136
0.983,24.286,0.661,83.79,1.068,2025-09-08 21:19:46,136.0,10.3,7.6,8.63,0.76,0,136
1.001,24.354,0.721,83.93,1.114,2025-09-08 21:19:46,136.0,10.3,7.6,8.63,0.76,0,136
0.992,24.318,0.48,83.99,1.134,2025-09-08 21:19:46,136.0,10.3,7.6,8.63,0.76,0,136
0.977,24.31,0.55,83.87,1.055,2025-09-08 21:19:46,136.0,10.3,7.6,8.63,0.76,0,136
0.982,24.262,0.45,83.92,1.109,2025-09-08 21:19:46,136.0,10.3,7.6,8.63,0.76,0,136
0.964,24.258,0.897,84.16,1.114,2025-09-08 21:19:46,136.0,10.3,7.6,8.63,0.76,0,136
0.989,24.422,0.573,84.12,1.16,2025-09-08 21:19:46,136.0,10.3,7.6,8.63,0.76,0,136
0.954,24.351,0.927,84.0,1.097,2025-09-08 21:19:46,136.0,10.3,7.6,8.63,0.76,0,136
1.011,24.378,0.623,83.95,1.068,2025-09-08 21:19:46,136.0,10.3,7.6,8.63,0.76,0,136
0.978,24.282,0.708,84.06,1.086,2025-09-08 21:19:46,136.0,10.3,7.6,8.63,0.76,0,136
0.97,24.278,0.548,84.21,1.108,2025-09-09 11:00:37,137.0,11.9,7.7,9.26,1.19,0,137
0.989,24.409,0.5,84.21,1.071,2025-09-09 11:00:37,137.0,11.9,7.7,9.26,1.19,0,137
0.999,24.34,0.429,84.23,1.118,2025-09-09 11:00:37,137.0,11.9,7.7,9.26,1.19,0,137
0.992,24.323,0.882,83.97,1.168,2025-09-09 11:00:37,137.0,11.9,7.7,9.26,1.19,0,137
0.988,24.327,0.49,83.94,1.057,2025-09-09 11:00:37,137.0,11.9,7.7,9.26,1.19,0,137
0.968,24.31,0.55,84.11,1.044,2025-09-09 11:00:37,137.0,11.9,7.7,9.26,1.19,0,137
0.971,24.375,0.766,83.86,1.022,2025-09-09 11:00:37,137.0,11.9,7.7,9.26,1.19,0,137
0.976,24.314,0.573,83.92,1.065,2025-09-09 11:00:37,137.0,11.9,7.7,9.26,1.19,0,137
0.986,24.315,0.467,84.25,1.104,2025-09-09 11:00:37,137.0,11.9,7.7,9.26,1.19,0,137
1.01,24.313,0.746,83.97,1.074,2025-09-09 11:00:37,137.0,11.9,7.7,9.26,1.19,0,137
0.979,24.356,0.502,83.93,1.033,2025-09-09 11:00:37,137.0,11.9,7.7,9.26,1.19,0,137
0.984,24.352,0.47,84.09,1.129,2025-09-09 11:00:37,137.0,11.9,7.7,9.26,1.19,0,137
0.954,24.281,0.701,83.9,1.026,2025-09-09 11:00:37,137.0,11.9,7.7,9.26,1.19,0,137
1.021,24.302,0.671,84.13,1.112,2025-09-09 11:00:37,137.0,11.9,7.7,9.26,1.19,0,137
0.982,24.374,0.713,84.08,1.138,2025-09-09 11:00:37,137.0,11.9,7.7,9.26,1.19,0,137
0.98,24.255,0.583,84.04,1.11,2025-09-09 11:00:37,137.0,11.9,7.7,9.26,1.19,0,137
1.012,24.417,0.527,84.01,1.181,2025-09-09 11:00:37,137.0,11.9,7.7,9.26,1.19,0,137
0.987,24.288,0.851,83.81,1.086,2025-09-09 11:00:37,137.0,11.9,7.7,9.26,1.19,0,137
1.024,24.4,0.786,84.17,1.086,2025-09-09 11:00:37,137.0,11.9,7.7,9.26,1.19,0,137
0.991,24.342,0.758,84.01,1.121,2025-09-09 13:10:44,138.0,11.8,7.4,9.29,1.09,0,138
0.981,24.285,0.552,84.16,1.081,2025-09-09 13:10:44,138.0,11.8,7.4,9.29,1.09,0,138
0.964,24.409,0.379,84.07,1.086,2025-09-09 13:10:44,138.0,11.8,7.4,9.29,1.09,0,138
1.042,24.431,0.48,84.04,1.201,2025-09-09 13:10:44,138.0,11.8,7.4,9.29,1.09,0,138
0.994,24.295,0.6,84.17,1.071,2025-09-09 13:10:44,138.0,11.8,7.4,9.29,1.09,0,138
0.968,24.251,0.668,84.25,1.061,2025-09-09 13:10:44,138.0,11.8,7.4,9.29,1.09,0,138
0.984,24.329,0.344,84.01,1.032,2025-09-09 13:10:44,138.0,11.8,7.4,9.29,1.09,0,138
1.001,24.377,0.615,84.0,1.094,2025-09-09 13:10:44,138.0,11.8,7.4,9.29,1.09,0,138
1.02,24.281,0.751,83.89,1.161,2025-09-09 13:10:44,138.0,11.8,7.4,9.29,1.09,0,138
1.008,24.326,0.796,84.16,1.167,2025-09-09 13:10:44,138.0,11.8,7.4,9.29,1.09,0,138
1.005,24.315,0.706,83.99,1.091,2025-09-09 13:10:44,138.0,11.8,7.4,9.29,1.09,0,138
0.99,24.302,0.751,83.69,1.116,2025-09-09 13:10:44,138.0,11.8,7.4,9.29,1.09,0,138
0.954,24.34,0.56,83.77,1.004,2025-09-09 13:10:44,138.0,11.8,7.4,9.29,1.09,0,138
0.997,24.342,0.748,84.02,1.145,2025-09-09 13:10:44,138.0,11.8,7.4,9.29,1.09,0,138
1.002,24.363,0.578,83.95,1.098,2025-09-09 13:10:44,138.0,11.8,7.4,9.29,1.09,0,138
0.961,24.361,0.412,84.12,1.099,2025-09-09 13:10:44,138.0,11.8,7.4,9.29,1.09,0,138
0.98,24.32,0.336,84.03,1.099,2025-09-09 13:10:44,138.0,11.8,7.4,9.29,1.09,0,138
0.977,24.34,0.67,84.13,1.098,2025-09-09 13:10:44,138.0,11.8,7.4,9.29,1.09,0,138
1.009,24.283,0.839,84.12,1.138,2025-09-09 13:10:44,138.0,11.8,7.4,9.29,1.09,0,138
1.024,24.426,0.55,83.92,1.171,2025-09-09 13:10:44,138.0,11.8,7.4,9.29,1.09,0,138
0.986,24.252,0.766,83.94,1.117,2025-10-13 12:11:33,139.0,11.2,7.9,9.63,0.91,0,139
0.977,24.201,0.485,84.14,1.158,2025-10-13 12:11:33,139.0,11.2,7.9,9.63,0.91,0,139
1.007,24.33,0.595,84.04,1.164,2025-10-13 12:11:33,139.0,11.2,7.9,9.63,0.91,0,139
0.995,24.285,0.497,83.88,1.168,2025-10-13 12:11:33,139.0,11.2,7.9,9.63,0.91,0,139
0.977,24.35,0.485,83.78,1.102,2025-10-13 12:11:33,139.0,11.2,7.9,9.63,0.91,0,139
1.02,24.351,0.47,83.91,1.173,2025-10-13 12:11:33,139.0,11.2,7.9,9.63,0.91,0,139
0.963,24.266,0.537,83.87,1.116,2025-10-13 12:11:33,139.0,11.2,7.9,9.63,0.91,0,139
0.991,24.287,0.475,84.08,1.1,2025-10-13 12:11:33,139.0,11.2,7.9,9.63,0.91,0,139
0.99,24.357,0.585,84.06,1.114,2025-10-13 12:11:33,139.0,11.2,7.9,9.63,0.91,0,139
0.987,24.299,0.768,83.85,1.073,2025-10-13 12:11:33,139.0,11.2,7.9,9.63,0.91,0,139
0.983,24.247,0.306,83.81,1.187,2025-10-13 12:11:33,139.0,11.2,7.9,9.63,0.91,0,139
1.017,24.303,0.256,84.06,1.217,2025-10-13 12:11:33,139.0,11.2,7.9,9.63,0.91,0,139
0.978,24.29,0.62,84.03,1.2,2025-10-13 12:11:33,139.0,11.2,7.9,9.63,0.91,0,139
0.998,24.332,0.701,83.96,1.145,2025-10-13 12:11:33,139.0,11.2,7.9,9.63,0.91,0,139
0.981,24.241,0.374,84.28,1.177,2025-10-13 12:11:33,139.0,11.2,7.9,9.63,0.91,0,139
0.96,24.303,0.367,84.25,1.044,2025-10-13 12:11:33,139.0,11.2,7.9,9.63,0.91,0,139
0.965,24.222,0.369,84.0,1.109,2025-10-13 12:11:33,139.0,11.2,7.9,9.63,0.91,0,139
0.967,24.279,0.482,83.87,1.08,2025-10-13 12:11:33,139.0,11.2,7.9,9.63,0.91,0,139
0.992,24.309,0.502,84.21,1.137,2025-10-13 12:11:33,139.0,11.2,7.9,9.63,0.91,0,139
1.015,24.239,0.723,84.09,1.132,2025-10-13 12:11:33,139.0,11.2,7.9,9.63,0.91,0,139
0.954,24.227,0.322,84.05,1.079,2025-10-13 13:06:40,140.0,14.8,7.6,10.33,1.54,0,140
0.96,24.247,0.869,83.8,1.081,2025-10-13 13:06:40,140.0,14.8,7.6,10.33,1.54,0,140
0.959,24.269,0.214,83.93,1.036,2025-10-13 13:06:40,140.0,14.8,7.6,10.33,1.54,0,140
0.991,24.252,0.507,84.15,1.217,2025-10-13 13:06:40,140.0,14.8,7.6,10.33,1.54,0,140
0.992,24.265,0.505,83.86,1.146,2025-10-13 13:06:40,140.0,14.8,7.6,10.33,1.54,0,140
1.01,24.357,0.55,84.11,1.141,2025-10-13 13:06:40,140.0,14.8,7.6,10.33,1.54,0,140
1.005,24.291,0.425,84.14,1.135,2025-10-13 13:06:40,140.0,14.8,7.6,10.33,1.54,0,140
0.995,24.276,0.452,84.27,1.139,2025-10-13 13:06:40,140.0,14.8,7.6,10.33,1.54,0,140
0.979,24.291,0.829,84.29,1.134,2025-10-13 13:06:40,140.0,14.8,7.6,10.33,1.54,0,140
1.012,24.245,0.658,83.92,1.129,2025-10-13 13:06:40,140.0,14.8,7.6,10.33,1.54,0,140
0.994,24.247,0.633,83.9,1.059,2025-10-13 13:06:40,140.0,14.8,7.6,10.33,1.54,0,140
0.969,24.242,0.404,84.29,1.094,2025-10-13 13:06:40,140.0,14.8,7.6,10.33,1.54,0,140
0.986,24.352,0.575,84.07,1.186,2025-10-13 13:06:40,140.0,14.8,7.6,10.33,1.54,0,140
0.97,24.208,0.417,83.97,1.101,2025-10-13 13:06:40,140.0,14.8,7.6,10.33,1.54,0,140
1.009,24.355,0.512,84.1,1.095,2025-10-13 13:06:40,140.0,14.8,7.6,10.33,1.54,0,140
0.988,24.22,0.839,84.21,1.155,2025-10-13 13:06:40,140.0,14.8,7.6,10.33,1.54,0,140
0.991,24.185,0.61,83.88,1.172,2025-10-13 13:06:40,140.0,14.8,7.6,10.33,1.54,0,140
1.001,24.341,0.422,83.89,1.132,2025-10-13 13:06:40,140.0,14.8,7.6,10.33,1.54,0,140
0.995,24.194,0.444,84.15,1.197,2025-10-13 13:06:40,140.0,14.8,7.6,10.33,1.54,0,140
0.969,24.318,0.354,83.93,1.137,2025-10-13 19:31:56,141.0,13.1,8.9,10.46,1.22,0,141
0.995,24.306,0.56,84.11,1.189,2025-10-13 19:31:56,141.0,13.1,8.9,10.46,1.22,0,141
1.009,24.407,0.427,84.26,1.205,2025-10-13 19:31:56,141.0,13.1,8.9,10.46,1.22,0,141
0.97,24.307,0.661,83.93,1.088,2025-10-13 19:31:56,141.0,13.1,8.9,10.46,1.22,0,141
1.023,24.377,0.497,83.86,1.201,2025-10-13 19:31:56,141.0,13.1,8.9,10.46,1.22,0,141
0.962,24.289,0.595,83.9,1.161,2025-10-13 19:31:56,141.0,13.1,8.9,10.46,1.22,0,141
1.024,24.401,0.543,84.01,1.263,2025-10-13 19:31:56,141.0,13.1,8.9,10.46,1.22,0,141
1.005,24.35,0.53,83.82,1.211,2025-10-13 19:31:56,141.0,13.1,8.9,10.46,1.22,0,141
1.009,24.351,0.334,84.18,1.157,2025-10-13 19:31:56,141.0,13.1,8.9,10.46,1.22,0,141
0.995,24.319,0.309,83.91,1.172,2025-10-13 19:31:56,141.0,13.1,8.9,10.46,1.22,0,141
1.0,24.277,0.563,84.14,1.259,2025-10-13 19:31:56,141.0,13.1,8.9,10.46,1.22,0,141
1.024,24.354,0.693,84.14,1.217,2025-10-13 19:31:56,141.0,13.1,8.9,10.46,1.22,0,141
0.96,24.309,0.791,84.1,1.169,2025-10-13 19:31:56,141.0,13.1,8.9,10.46,1.22,0,141
1.001,24.301,0.447,84.01,1.146,2025-10-13 19:31:56,141.0,13.1,8.9,10.46,1.22,0,141
1.043,24.43,0.552,84.22,1.224,2025-10-13 19:31:56,141.0,13.1,8.9,10.46,1.22,0,141
0.98,24.303,0.457,83.89,1.237,2025-10-13 19:31:56,141.0,13.1,8.9,10.46,1.22,0,141
0.954,24.291,0.789,84.22,1.173,2025-10-13 19:31:56,141.0,13.1,8.9,10.46,1.22,0,141
0.992,24.326,0.633,84.27,1.202,2025-10-13 19:31:56,141.0,13.1,8.9,10.46,1.22,0,141
0.985,24.283,0.64,84.02,1.149,2025-10-13 21:32:03,142.0,15.3,8.5,10.85,1.57,0,142
1.031,24.29,0.447,84.03,1.179,2025-10-13 21:32:03,142.0,15.3,8.5,10.85,1.57,0,142
1.029,24.267,0.492,84.14,1.217,2025-10-13 21:32:03,142.0,15.3,8.5,10.85,1.57,0,142
0.991,24.323,0.465,83.92,1.229,2025-10-13 21:32:03,142.0,15.3,8.5,10.85,1.57,0,142
0.953,24.214,0.475,84.04,1.159,2025-10-13 21:32:03,142.0,15.3,8.5,10.85,1.57,0,142
0.987,24.262,0.588,83.74,1.237,2025-10-13 21:32:03,142.0,15.3,8.5,10.85,1.57,0,142
0.984,24.317,0.46,83.89,1.165,2025-10-13 21:32:03,142.0,15.3,8.5,10.85,1.57,0,142
0.977,24.353,0.51,83.81,1.196,2025-10-13 21:32:03,142.0,15.3,8.5,10.85,1.57,0,142
0.974,24.339,0.552,83.92,1.119,2025-10-13 21:32:03,142.0,15.3,8.5,10.85,1.57,0,142
0.963,24.286,0.62,84.28,1.081,2025-10-13 21:32:03,142.0,15.3,8.5,10.85,1.57,0,142
1.037,24.317,0.741,84.01,1.19,2025-10-13 21:32:03,142.0,15.3,8.5,10.85,1.57,0,142
1.001,24.304,0.879,84.22,1.172,2025-10-13 21:32:03,142.0,15.3,8.5,10.85,1.57,0,142
0.953,24.316,0.603,83.7,1.151,2025-10-13 21:32:03,142.0,15.3,8.5,10.85,1.57,0,142
0.994,24.205,0.578,84.0,1.105,2025-10-13 21:32:03,142.0,15.3,8.5,10.85,1.57,0,142
0.977,24.182,0.658,83.9,1.183,2025-10-13 21:32:03,142.0,15.3,8.5,10.85,1.57,0,142
0.984,24.373,0.552,84.11,1.096,2025-10-14 11:15:14,143.0,12.0,7.6,9.72,1.15,0,143
1.001,24.206,0.648,83.91,1.221,2025-10-14 11:15:14,143.0,12.0,7.6,9.72,1.15,0,143
0.983,24.323,0.465,83.82,1.076,2025-10-14 11:15:14,143.0,12.0,7.6,9.72,1.15,0,143
0.955,24.268,0.382,83.91,1.176,2025-10-14 11:15:14,143.0,12.0,7.6,9.72,1.15,0,143
1.015,24.268,0.324,83.8,1.158,2025-10-14 11:15:14,143.0,12.0,7.6,9.72,1.15,0,143
1.0,24.373,0.432,83.83,1.181,2025-10-14 11:15:14,143.0,12.0,7.6,9.72,1.15,0,143
1.048,24.349,0.394,83.97,1.213,2025-10-14 11:15:14,143.0,12.0,7.6,9.72,1.15,0,143
0.967,24.33,0.691,84.11,1.111,2025-10-14 11:15:14,143.0,12.0,7.6,9.72,1.15,0,143
1.0,24.345,0.691,83.97,1.149,2025-10-14 11:15:14,143.0,12.0,7.6,9.72,1.15,0,143
0.961,24.304,0.419,83.89,1.114,2025-10-14 11:15:14,143.0,12.0,7.6,9.72,1.15,0,143
0.979,24.256,0.522,83.98,1.149,2025-10-14 11:15:14,143.0,12.0,7.6,9.72,1.15,0,143
0.991,24.291,0.482,84.11,1.23,2025-10-14 11:15:14,143.0,12.0,7.6,9.72,1.15,0,143
0.98,24.283,0.512,83.88,1.173,2025-10-14 11:15:14,143.0,12.0,7.6,9.72,1.15,0,143
0.99,24.3,0.555,84.17,1.172,2025-10-14 11:15:14,143.0,12.0,7.6,9.72,1.15,0,143
0.975,24.198,0.585,84.04,1.194,2025-10-14 11:15:14,143.0,12.0,7.6,9.72,1.15,0,143
0.95,24.298,0.543,83.93,1.068,2025-10-14 11:15:14,143.0,12.0,7.6,9.72,1.15,0,143
0.991,24.294,0.492,83.99,1.216,2025-10-14 11:15:14,143.0,12.0,7.6,9.72,1.15,0,143
0.964,24.29,0.266,83.96,1.155,2025-10-14 13:00:19,144.0,11.6,7.7,9.03,0.99,0,144
0.981,24.301,0.43,83.9,1.105,2025-10-14 13:00:19,144.0,11.6,7.7,9.03,0.99,0,144
1.002,24.355,0.548,84.06,1.203,2025-10-14 13:00:19,144.0,11.6,7.7,9.03,0.99,0,144
0.975,24.293,0.537,84.16,1.148,2025-10-14 13:00:19,144.0,11.6,7.7,9.03,0.99,0,144
0.975,24.298,0.502,84.21,1.121,2025-10-14 13:00:19,144.0,11.6,7.7,9.03,0.99,0,144
0.968,24.291,0.625,84.07,1.22,2025-10-14 13:00:19,144.0,11.6,7.7,9.03,0.99,0,144
0.995,24.307,0.394,84.26,1.243,2025-10-14 13:00:19,144.0,11.6,7.7,9.03,0.99,0,144
0.972,24.251,0.475,83.94,1.205,2025-10-14 13:00:19,144.0,11.6,7.7,9.03,0.99,0,144
0.978,24.299,0.583,84.06,1.161,2025-10-14 13:00:19,144.0,11.6,7.7,9.03,0.99,0,144
0.966,24.256,0.55,84.04,1.119,2025-10-14 13:00:19,144.0,11.6,7.7,9.03,0.99,0,144
0.984,24.295,0.563,84.03,1.225,2025-10-14 13:00:19,144.0,11.6,7.7,9.03,0.99,0,144
0.98,24.266,0.553,84.03,1.118,2025-10-14 13:00:19,144.0,11.6,7.7,9.03,0.99,0,144
0.983,24.291,0.472,83.77,1.006,2025-10-14 13:00:19,144.0,11.6,7.7,9.03,0.99,0,144
0.985,24.305,0.341,83.94,1.173,2025-10-14 13:00:19,144.0,11.6,7.7,9.03,0.99,0,144
0.982,24.323,0.422,84.02,1.198,2025-10-14 13:00:19,144.0,11.6,7.7,9.03,0.99,0,144
0.951,24.27,0.425,84.25,1.18,2025-10-14 13:00:19,144.0,11.6,7.7,9.03,0.99,0,144
0.989,24.394,0.61,84.0,1.108,2025-10-14 19:45:33,145.0,11.4,7.7,9.77,1.08,0,145
0.966,24.237,0.648,83.93,1.152,2025-10-14 19:45:33,145.0,11.4,7.7,9.77,1.08,0,145
0.994,24.402,0.306,84.12,1.167,2025-10-14 19:45:33,145.0,11.4,7.7,9.77,1.08,0,145
1.003,24.321,0.53,84.1,1.204,2025-10-14 19:45:33,145.0,11.4,7.7,9.77,1.08,0,145
0.998,24.364,0.889,84.08,1.051,2025-10-14 19:45:33,145.0,11.4,7.7,9.77,1.08,0,145
0.973,24.3,0.452,84.17,1.202,2025-10-14 19:45:33,145.0,11.4,7.7,9.77,1.08,0,145
0.974,24.216,0.658,83.99,1.131,2025-10-14 19:45:33,145.0,11.4,7.7,9.77,1.08,0,145
0.98,24.277,0.462,83.89,1.229,2025-10-14 19:45:33,145.0,11.4,7.7,9.77,1.08,0,145
0.99,24.394,0.379,84.23,1.163,2025-10-14 19:45:33,145.0,11.4,7.7,9.77,1.08,0,145
0.983,24.276,0.53,83.9,1.142,2025-10-14 19:45:33,145.0,11.4,7.7,9.77,1.08,0,145
1.015,24.311,0.62,83.99,1.218,2025-10-14 19:45:33,145.0,11.4,7.7,9.77,1.08,0,145
0.993,24.342,0.628,83.86,1.16,2025-10-14 19:45:33,145.0,11.4,7.7,9.77,1.08,0,145
0.995,24.4,0.487,83.72,1.167,2025-10-14 19:45:33,145.0,11.4,7.7,9.77,1.08,0,145
1.001,24.239,0.507,84.19,1.165,2025-10-14 19:45:33,145.0,11.4,7.7,9.77,1.08,0,145
0.957,24.241,0.374,84.06,1.135,2025-10-14 19:45:33,145.0,11.4,7.7,9.77,1.08,0,145
0.996,24.181,0.59,83.97,1.174,2025-10-14 19:45:33,145.0,11.4,7.7,9.77,1.08,0,145
0.963,24.324,0.367,83.96,1.141,2025-10-14 19:45:33,145.0,11.4,7.7,9.77,1.08,0,145
1.052,24.353,0.698,84.22,1.194,2025-10-14 19:45:33,145.0,11.4,7.7,9.77,1.08,0,145
1.001,24.322,0.568,84.17,1.16,2025-10-14 19:45:33,145.0,11.4,7.7,9.77,1.08,0,145
0.975,24.31,0.653,84.08,1.112,2025-10-14 19:45:33,145.0,11.4,7.7,9.77,1.08,0,145
0.99,24.296,0.254,83.93,1.196,2025-10-14 21:25:39,146.0,12.2,8.0,10.23,1.43,0,146
1.004,24.34,0.477,84.23,1.242,2025-10-14 21:25:39,146.0,12.2,8.0,10.23,1.43,0,146
0.995,24.285,0.354,84.19,1.185,2025-10-14 21:25:39,146.0,12.2,8.0,10.23,1.43,0,146
1.004,24.287,0.449,84.06,1.204,2025-10-14 21:25:39,146.0,12.2,8.0,10.23,1.43,0,146
0.977,24.314,0.64,83.95,1.154,2025-10-14 21:25:39,146.0,12.2,8.0,10.23,1.43,0,146
0.973,24.245,0.63,83.95,1.138,2025-10-14 21:25:39,146.0,12.2,8.0,10.23,1.43,0,146
0.964,24.291,0.48,83.77,1.214,2025-10-14 21:25:39,146.0,12.2,8.0,10.23,1.43,0,146
0.984,24.324,0.678,83.9,1.24,2025-10-14 21:25:39,146.0,12.2,8.0,10.23,1.43,0,146
0.99,24.279,0.487,83.79,1.225,2025-10-14 21:25:39,146.0,12.2,8.0,10.23,1.43,0,146
1.005,24.29,0.633,83.99,1.214,2025-10-14 21:25:39,146.0,12.2,8.0,10.23,1.43,0,146
1.024,24.399,0.779,84.36,1.196,2025-10-14 21:25:39,146.0,12.2,8.0,10.23,1.43,0,146
0.966,24.223,0.372,83.96,1.204,2025-10-14 21:25:39,146.0,12.2,8.0,10.23,1.43,0,146
0.963,24.252,0.387,83.98,1.153,2025-10-14 21:25:39,146.0,12.2,8.0,10.23,1.43,0,146
1.019,24.337,0.583,84.03,1.155,2025-10-14 21:25:39,146.0,12.2,8.0,10.23,1.43,0,146
1.011,24.258,0.47,84.14,1.253,2025-10-14 21:25:39,146.0,12.2,8.0,10.23,1.43,0,146
0.985,24.247,0.487,83.93,1.142,2025-10-14 21:25:39,146.0,12.2,8.0,10.23,1.43,0,146
0.977,24.327,0.668,84.1,1.179,2025-10-14 21:25:39,146.0,12.2,8.0,10.23,1.43,0,146
0.975,24.359,0.733,84.16,1.191,2025-10-15 11:04:41,147.0,12.8,8.4,10.02,1.27,0,147
0.989,24.311,0.485,84.2,1.231,2025-10-15 11:04:41,147.0,12.8,8.4,10.02,1.27,0,147
0.992,24.324,0.477,84.37,1.143,2025-10-15 11:04:41,147.0,12.8,8.4,10.02,1.27,0,147
0.967,24.21,0.718,84.14,1.154,2025-10-15 11:04:41,147.0,12.8,8.4,10.02,1.27,0,147
1.026,24.32,0.585,84.35,1.251,2025-10-15 11:04:41,147.0,12.8,8.4,10.02,1.27,0,147
1.01,24.261,0.332,84.12,1.253,2025-10-15 11:04:41,147.0,12.8,8.4,10.02,1.27,0,147
0.988,24.31,0.467,83.98,1.143,2025-10-15 11:04:41,147.0,12.8,8.4,10.02,1.27,0,147
0.979,24.285,0.364,84.29,1.205,2025-10-15 11:04:41,147.0,12.8,8.4,10.02,1.27,0,147
1.01,24.301,0.791,84.37,1.152,2025-10-15 11:04:41,147.0,12.8,8.4,10.02,1.27,0,147
0.984,24.274,0.573,84.07,1.125,2025-10-15 11:04:41,147.0,12.8,8.4,10.02,1.27,0,147
1.006,24.297,0.756,84.37,1.081,2025-10-15 11:04:41,147.0,12.8,8.4,10.02,1.27,0,147
0.983,24.301,0.61,84.03,1.193,2025-10-15 11:04:41,147.0,12.8,8.4,10.02,1.27,0,147
1.016,24.296,0.804,84.19,1.237,2025-10-15 11:04:41,147.0,12.8,8.4,10.02,1.27,0,147
0.988,24.244,0.477,84.34,1.224,2025-10-15 11:04:41,147.0,12.8,8.4,10.02,1.27,0,147
1.007,24.3,0.314,84.1,1.209,2025-10-15 11:04:41,147.0,12.8,8.4,10.02,1.27,0,147
0.962,24.288,0.394,84.23,1.124,2025-10-15 11:04:41,147.0,12.8,8.4,10.02,1.27,0,147
0.986,24.27,0.5,83.9,1.206,2025-10-15 11:04:41,147.0,12.8,8.4,10.02,1.27,0,147
0.991,24.299,0.696,83.93,1.143,2025-10-15 11:04:41,147.0,12.8,8.4,10.02,1.27,0,147
1.009,24.355,0.613,84.01,1.188,2025-10-15 13:19:53,148.0,12.5,8.8,10.43,0.92,0,148
1.034,24.376,0.799,84.03,1.193,2025-10-15 13:19:53,148.0,12.5,8.8,10.43,0.92,0,148
0.981,24.301,0.661,83.95,1.145,2025-10-15 13:19:53,148.0,12.5,8.8,10.43,0.92,0,148
1.011,24.357,0.52,83.98,1.222,2025-10-15 13:19:53,148.0,12.5,8.8,10.43,0.92,0,148
0.991,24.264,0.409,84.25,1.119,2025-10-15 13:19:53,148.0,12.5,8.8,10.43,0.92,0,148
0.977,24.293,0.379,83.96,1.111,2025-10-15 13:19:53,148.0,12.5,8.8,10.43,0.92,0,148
0.979,24.291,0.733,84.0,1.127,2025-10-15 13:19:53,148.0,12.5,8.8,10.43,0.92,0,148
0.971,24.315,0.63,84.15,1.104,2025-10-15 13:19:53,148.0,12.5,8.8,10.43,0.92,0,148
1.0,24.259,0.967,84.06,1.182,2025-10-15 13:19:53,148.0,12.5,8.8,10.43,0.92,0,148
1.022,24.399,0.447,84.06,1.205,2025-10-15 13:19:53,148.0,12.5,8.8,10.43,0.92,0,148
0.976,24.259,0.422,84.22,1.214,2025-10-15 13:19:53,148.0,12.5,8.8,10.43,0.92,0,148
0.985,24.386,0.547,83.98,1.193,2025-10-15 13:19:53,148.0,12.5,8.8,10.43,0.92,0,148
0.989,24.331,0.678,84.08,1.216,2025-10-15 13:19:53,148.0,12.5,8.8,10.43,0.92,0,148
0.992,24.225,0.517,84.23,1.178,2025-10-15 13:19:53,148.0,12.5,8.8,10.43,0.92,0,148
1.015,24.418,0.686,84.04,1.214,2025-10-15 13:19:53,148.0,12.5,8.8,10.43,0.92,0,148
0.983,24.273,0.409,84.01,1.157,2025-10-15 13:19:53,148.0,12.5,8.8,10.43,0.92,0,148
1.041,24.323,0.424,84.11,1.208,2025-10-15 13:19:53,148.0,12.5,8.8,10.43,0.92,0,148
0.998,24.304,0.56,84.17,1.229,2025-10-15 13:19:53,148.0,12.5,8.8,10.43,0.92,0,148
1.004,24.328,0.424,84.25,1.142,2025-10-15 13:19:53,148.0,12.5,8.8,10.43,0.92,0,148
1.0,24.33,0.553,84.22,1.182,2025-10-15 13:19:53,148.0,12.5,8.8,10.43,0.92,0,148
0.984,24.241,0.673,83.96,1.107,2025-10-15 21:35:05,149.0,10.9,6.8,9.5,0.88,0,149
1.002,24.355,0.407,84.14,1.171,2025-10-15 21:35:05,149.0,10.9,6.8,9.5,0.88,0,149
0.992,24.292,0.522,84.17,1.185,2025-10-15 21:35:05,149.0,10.9,6.8,9.5,0.88,0,149
1.001,24.309,0.744,84.16,1.113,2025-10-15 21:35:05,149.0,10.9,6.8,9.5,0.88,0,149
1.014,24.295,0.656,84.16,1.178,2025-10-15 21:35:05,149.0,10.9,6.8,9.5,0.88,0,149
0.951,24.246,0.625,84.1,1.095,2025-10-15 21:35:05,149.0,10.9,6.8,9.5,0.88,0,149
1.018,24.327,0.332,83.95,1.194,2025-10-15 21:35:05,149.0,10.9,6.8,9.5,0.88,0,149
0.994,24.363,0.414,83.91,1.15,2025-10-15 21:35:05,149.0,10.9,6.8,9.5,0.88,0,149
0.96,24.29,0.608,84.11,1.113,2025-10-15 21:35:05,149.0,10.9,6.8,9.5,0.88,0,149
0.984,24.318,0.522,83.91,1.132,2025-10-15 21:35:05,149.0,10.9,6.8,9.5,0.88,0,149
0.984,24.255,0.686,84.07,1.112,2025-10-15 21:35:05,149.0,10.9,6.8,9.5,0.88,0,149
0.951,24.284,0.475,84.13,1.138,2025-10-15 21:35:05,149.0,10.9,6.8,9.5,0.88,0,149
0.993,24.291,0.525,84.02,1.204,2025-10-15 21:35:05,149.0,10.9,6.8,9.5,0.88,0,149
1.017,24.341,0.394,83.9,1.217,2025-10-15 21:35:05,149.0,10.9,6.8,9.5,0.88,0,149
0.973,24.29,0.799,84.05,1.163,2025-10-15 21:35:05,149.0,10.9,6.8,9.5,0.88,0,149
0.972,24.221,0.779,83.89,1.139,2025-10-15 21:35:05,149.0,10.9,6.8,9.5,0.88,0,149
1.001,24.245,0.548,84.23,1.183,2025-10-15 21:35:05,149.0,10.9,6.8,9.5,0.88,0,149
0.962,24.229,0.495,84.09,1.124,2025-10-15 21:35:05,149.0,10.9,6.8,9.5,0.88,0,149
0.97,24.282,0.796,83.95,1.14,2025-10-15 21:35:05,149.0,10.9,6.8,9.5,0.88,0,149
0.975,24.217,0.419,83.9,1.196,2025-10-16 11:14:44,150.0,11.2,7.7,9.52,1.02,0,150
0.969,24.252,0.56,84.17,1.191,2025-10-16 11:14:44,150.0,11.2,7.7,9.52,1.02,0,150
0.994,24.274,0.696,84.2,1.164,2025-10-16 11:14:44,150.0,11.2,7.7,9.52,1.02,0,150
0.992,24.244,0.472,84.03,1.16,2025-10-16 11:14:44,150.0,11.2,7.7,9.52,1.02,0,150
1.01,24.303,0.434,84.11,1.138,2025-10-16 11:14:44,150.0,11.2,7.7,9.52,1.02,0,150
0.973,24.299,0.897,83.93,1.09,2025-10-16 11:14:44,150.0,11.2,7.7,9.52,1.02,0,150
0.992,24.272,0.553,83.89,1.21,2025-10-16 11:14:44,150.0,11.2,7.7,9.52,1.02,0,150
0.958,24.225,0.53,84.18,1.132,2025-10-16 11:14:44,150.0,11.2,7.7,9.52,1.02,0,150
1.007,24.397,0.497,84.26,1.139,2025-10-16 11:14:44,150.0,11.2,7.7,9.52,1.02,0,150
0.949,24.219,0.623,83.86,1.068,2025-10-16 11:14:44,150.0,11.2,7.7,9.52,1.02,0,150
0.989,24.211,0.919,83.92,1.166,2025-10-16 11:14:44,150.0,11.2,7.7,9.52,1.02,0,150
0.983,24.226,0.613,84.08,1.077,2025-10-16 11:14:44,150.0,11.2,7.7,9.52,1.02,0,150
1.001,24.347,0.216,83.96,1.207,2025-10-16 11:14:44,150.0,11.2,7.7,9.52,1.02,0,150
0.974,24.265,0.892,83.94,1.178,2025-10-16 11:14:44,150.0,11.2,7.7,9.52,1.02,0,150
0.973,24.257,0.412,84.16,1.203,2025-10-16 11:14:44,150.0,11.2,7.7,9.52,1.02,0,150
0.943,24.274,0.703,84.08,1.136,2025-10-16 11:14:44,150.0,11.2,7.7,9.52,1.02,0,150
0.968,24.216,0.676,84.03,1.135,2025-10-16 11:14:44,150.0,11.2,7.7,9.52,1.02,0,150
0.963,24.326,0.756,84.17,1.133,2025-10-16 11:14:44,150.0,11.2,7.7,9.52,1.02,0,150
0.978,24.206,0.397,84.08,1.195,2025-10-16 11:14:44,150.0,11.2,7.7,9.52,1.02,0,150
1.002,24.293,0.563,84.16,1.136,2025-10-16 12:59:52,151.0,12.1,7.5,9.94,1.23,0,151
0.998,24.282,0.598,84.08,1.166,2025-10-16 12:59:52,151.0,12.1,7.5,9.94,1.23,0,151
1.018,24.332,0.748,84.06,1.236,2025-10-16 12:59:52,151.0,12.1,7.5,9.94,1.23,0,151
1.017,24.338,0.467,84.37,1.183,2025-10-16 12:59:52,151.0,12.1,7.5,9.94,1.23,0,151
0.996,24.216,0.55,84.15,1.207,2025-10-16 12:59:52,151.0,12.1,7.5,9.94,1.23,0,151
0.982,24.318,0.517,84.17,1.179,2025-10-16 12:59:52,151.0,12.1,7.5,9.94,1.23,0,151
0.984,24.295,0.52,84.02,1.162,2025-10-16 12:59:52,151.0,12.1,7.5,9.94,1.23,0,151
1.009,24.339,0.706,84.06,1.136,2025-10-16 12:59:52,151.0,12.1,7.5,9.94,1.23,0,151
0.954,24.289,0.545,84.15,1.086,2025-10-16 12:59:52,151.0,12.1,7.5,9.94,1.23,0,151
0.974,24.276,0.552,84.25,1.175,2025-10-16 12:59:52,151.0,12.1,7.5,9.94,1.23,0,151
1.011,24.315,0.432,84.16,1.162,2025-10-16 12:59:52,151.0,12.1,7.5,9.94,1.23,0,151
0.981,24.257,0.816,84.17,1.148,2025-10-16 12:59:52,151.0,12.1,7.5,9.94,1.23,0,151
0.979,24.288,0.299,84.08,1.189,2025-10-16 12:59:52,151.0,12.1,7.5,9.94,1.23,0,151
0.954,24.209,0.638,84.2,1.164,2025-10-16 12:59:52,151.0,12.1,7.5,9.94,1.23,0,151
0.973,24.293,0.54,84.06,1.129,2025-10-16 12:59:52,151.0,12.1,7.5,9.94,1.23,0,151
0.964,24.25,0.543,84.17,1.086,2025-10-16 12:59:52,151.0,12.1,7.5,9.94,1.23,0,151
0.973,24.288,0.646,84.08,1.166,2025-10-16 12:59:52,151.0,12.1,7.5,9.94,1.23,0,151
0.975,24.28,0.583,84.23,1.177,2025-10-16 12:59:52,151.0,12.1,7.5,9.94,1.23,0,151
0.97,24.282,0.698,84.0,1.089,2025-10-16 21:35:09,152.0,13.4,7.7,10.05,1.37,0,152
0.959,24.257,0.653,83.91,1.044,2025-10-16 21:35:09,152.0,13.4,7.7,10.05,1.37,0,152
1.001,24.202,0.517,84.09,1.165,2025-10-16 21:35:09,152.0,13.4,7.7,10.05,1.37,0,152
0.989,24.223,0.635,84.38,1.159,2025-10-16 21:35:09,152.0,13.4,7.7,10.05,1.37,0,152
1.012,24.187,0.495,84.03,1.141,2025-10-16 21:35:09,152.0,13.4,7.7,10.05,1.37,0,152
0.947,24.167,0.585,84.11,1.042,2025-10-16 21:35:09,152.0,13.4,7.7,10.05,1.37,0,152
0.974,24.225,0.462,84.12,1.131,2025-10-16 21:35:09,152.0,13.4,7.7,10.05,1.37,0,152
0.978,24.272,0.678,83.97,1.179,2025-10-16 21:35:09,152.0,13.4,7.7,10.05,1.37,0,152
0.979,24.31,0.821,84.17,1.073,2025-10-16 21:35:09,152.0,13.4,7.7,10.05,1.37,0,152
0.984,24.3,0.598,83.84,1.091,2025-10-16 21:35:09,152.0,13.4,7.7,10.05,1.37,0,152
0.947,24.24,0.558,84.25,1.133,2025-10-16 21:35:09,152.0,13.4,7.7,10.05,1.37,0,152
0.969,24.238,0.58,84.08,1.105,2025-10-16 21:35:09,152.0,13.4,7.7,10.05,1.37,0,152
0.969,24.22,0.563,83.91,1.136,2025-10-16 21:35:09,152.0,13.4,7.7,10.05,1.37,0,152
0.965,24.162,0.781,84.02,1.079,2025-10-16 21:35:09,152.0,13.4,7.7,10.05,1.37,0,152
1.011,24.342,0.522,84.33,1.193,2025-10-16 21:35:09,152.0,13.4,7.7,10.05,1.37,0,152
0.995,24.249,0.455,84.21,1.162,2025-10-16 21:35:09,152.0,13.4,7.7,10.05,1.37,0,152
0.964,24.242,0.48,84.06,1.082,2025-10-16 21:35:09,152.0,13.4,7.7,10.05,1.37,0,152
0.961,24.236,0.369,84.04,1.093,2025-10-16 21:35:09,152.0,13.4,7.7,10.05,1.37,0,152
0.971,24.151,0.543,83.95,1.177,2025-10-17 13:04:21,153.0,13.3,9.8,11.31,1.0,0,153
0.99,24.192,0.595,84.4,1.124,2025-10-17 13:04:21,153.0,13.3,9.8,11.31,1.0,0,153
0.968,24.146,0.487,83.91,1.107,2025-10-17 13:04:21,153.0,13.3,9.8,11.31,1.0,0,153
0.961,24.177,0.482,83.85,1.193,2025-10-17 13:04:21,153.0,13.3,9.8,11.31,1.0,0,153
0.973,24.257,0.839,84.04,1.194,2025-10-17 13:04:21,153.0,13.3,9.8,11.31,1.0,0,153
0.97,24.23,0.369,83.85,1.13,2025-10-17 13:04:21,153.0,13.3,9.8,11.31,1.0,0,153
0.991,24.21,0.525,83.91,1.135,2025-10-17 13:04:21,153.0,13.3,9.8,11.31,1.0,0,153
0.997,24.181,0.533,84.16,1.175,2025-10-17 13:04:21,153.0,13.3,9.8,11.31,1.0,0,153
0.969,24.206,0.839,84.37,1.115,2025-10-17 13:04:21,153.0,13.3,9.8,11.31,1.0,0,153
0.998,24.262,0.583,84.19,1.194,2025-10-17 13:04:21,153.0,13.3,9.8,11.31,1.0,0,153
0.965,24.22,0.794,84.34,1.123,2025-10-17 13:04:21,153.0,13.3,9.8,11.31,1.0,0,153
0.97,24.186,0.555,84.11,1.147,2025-10-17 13:04:21,153.0,13.3,9.8,11.31,1.0,0,153
0.974,24.238,0.467,84.17,1.115,2025-10-17 13:04:21,153.0,13.3,9.8,11.31,1.0,0,153
0.943,24.281,0.374,84.25,1.099,2025-10-20 19:26:53,154.0,24.2,18.5,21.29,1.29,0,154
1.021,24.179,0.477,84.22,1.168,2025-11-02 11:01:14,155.0,41.6,7.9,13.17,8.19,0,155
0.98,24.149,0.54,84.04,1.116,2025-11-02 11:01:14,155.0,41.6,7.9,13.17,8.19,0,155
1.01,24.154,0.633,83.87,1.136,2025-11-02 11:01:14,155.0,41.6,7.9,13.17,8.19,0,155
1.01,24.182,0.537,84.13,1.095,2025-11-02 11:01:14,155.0,41.6,7.9,13.17,8.19,0,155
1.016,24.22,0.427,84.11,1.058,2025-11-02 11:01:14,155.0,41.6,7.9,13.17,8.19,0,155
0.971,24.171,0.558,83.86,1.037,2025-11-02 13:21:21,156.0,11.3,5.8,8.42,1.51,0,156
0.976,24.219,0.515,84.03,1.101,2025-11-02 13:21:21,156.0,11.3,5.8,8.42,1.51,0,156
1.039,24.276,0.595,84.21,1.15,2025-11-02 13:21:21,156.0,11.3,5.8,8.42,1.51,0,156
1.028,24.308,0.492,83.76,1.197,2025-11-02 13:21:21,156.0,11.3,5.8,8.42,1.51,0,156
0.965,24.154,0.653,83.95,1.028,2025-11-02 13:21:21,156.0,11.3,5.8,8.42,1.51,0,156
0.982,24.13,0.618,84.1,1.071,2025-11-02 13:21:21,156.0,11.3,5.8,8.42,1.51,0,156
1.024,24.294,0.643,84.21,1.109,2025-11-02 13:21:21,156.0,11.3,5.8,8.42,1.51,0,156
1.009,24.191,0.47,84.26,1.213,2025-11-02 13:21:21,156.0,11.3,5.8,8.42,1.51,0,156
1.011,24.224,0.419,84.18,1.135,2025-11-02 13:21:21,156.0,11.3,5.8,8.42,1.51,0,156
0.978,24.224,0.583,84.12,1.093,2025-11-02 13:21:21,156.0,11.3,5.8,8.42,1.51,0,156
0.959,24.126,0.676,84.18,1.018,2025-11-02 13:21:21,156.0,11.3,5.8,8.42,1.51,0,156
0.964,24.19,0.444,84.07,1.14,2025-11-02 13:21:21,156.0,11.3,5.8,8.42,1.51,0,156
0.985,24.172,0.731,83.9,1.128,2025-11-02 13:21:21,156.0,11.3,5.8,8.42,1.51,0,156
0.975,24.137,0.615,84.1,1.065,2025-11-02 19:16:37,157.0,17.1,9.9,12.35,1.88,0,157
0.99,24.137,0.673,84.25,1.081,2025-11-02 19:16:37,157.0,17.1,9.9,12.35,1.88,0,157
0.956,24.129,0.49,83.99,1.107,2025-11-02 19:16:37,157.0,17.1,9.9,12.35,1.88,0,157
1.009,24.181,0.706,84.21,1.108,2025-11-02 19:16:37,157.0,17.1,9.9,12.35,1.88,0,157
0.979,24.132,0.59,84.03,1.095,2025-11-02 19:16:37,157.0,17.1,9.9,12.35,1.88,0,157
0.977,24.142,0.856,84.15,1.133,2025-11-02 19:16:37,157.0,17.1,9.9,12.35,1.88,0,157
0.983,24.124,0.774,84.03,1.067,2025-11-02 19:16:37,157.0,17.1,9.9,12.35,1.88,0,157
1.013,24.218,0.678,84.08,1.23,2025-11-02 19:16:37,157.0,17.1,9.9,12.35,1.88,0,157
0.992,24.198,0.419,84.08,1.142,2025-11-02 21:26:43,158.0,10.8,8.0,9.37,0.86,0,158
0.958,24.205,0.525,84.06,1.063,2025-11-02 21:26:43,158.0,10.8,8.0,9.37,0.86,0,158
0.989,24.248,0.696,83.93,1.123,2025-11-02 21:26:43,158.0,10.8,8.0,9.37,0.86,0,158
0.982,24.118,0.63,83.97,1.059,2025-11-02 21:26:43,158.0,10.8,8.0,9.37,0.86,0,158
0.959,24.218,0.615,84.2,1.132,2025-11-02 21:26:43,158.0,10.8,8.0,9.37,0.86,0,158
0.976,24.18,0.51,84.01,1.037,2025-11-02 21:26:43,158.0,10.8,8.0,9.37,0.86,0,158
0.959,24.274,0.527,83.77,1.073,2025-11-02 21:26:43,158.0,10.8,8.0,9.37,0.86,0,158
0.995,24.213,0.512,84.21,1.048,2025-11-02 21:26:43,158.0,10.8,8.0,9.37,0.86,0,158
0.956,24.124,0.593,83.94,1.144,2025-11-02 21:26:43,158.0,10.8,8.0,9.37,0.86,0,158
1.005,24.238,0.557,83.85,1.15,2025-11-02 21:26:43,158.0,10.8,8.0,9.37,0.86,0,158
0.991,24.26,0.748,83.96,1.083,2025-11-02 21:26:43,158.0,10.8,8.0,9.37,0.86,0,158
0.981,24.174,0.442,83.94,1.161,2025-11-02 21:26:43,158.0,10.8,8.0,9.37,0.86,0,158
0.987,24.173,0.701,83.95,1.148,2025-11-02 21:26:43,158.0,10.8,8.0,9.37,0.86,0,158
0.979,24.208,0.497,84.05,1.053,2025-11-02 21:26:43,158.0,10.8,8.0,9.37,0.86,0,158
0.987,24.26,0.728,83.95,1.082,2025-11-02 21:26:43,158.0,10.8,8.0,9.37,0.86,0,158
0.992,24.274,0.399,84.13,1.102,2025-11-03 11:10:33,159.0,12.4,7.6,10.16,1.2,0,159
1.011,24.191,0.537,84.05,1.161,2025-11-03 11:10:33,159.0,12.4,7.6,10.16,1.2,0,159
1.004,24.231,0.512,83.91,1.172,2025-11-03 11:10:33,159.0,12.4,7.6,10.16,1.2,0,159
0.985,24.266,0.651,83.97,1.153,2025-11-03 11:10:33,159.0,12.4,7.6,10.16,1.2,0,159
0.988,24.276,0.676,84.0,1.115,2025-11-03 11:10:33,159.0,12.4,7.6,10.16,1.2,0,159
0.964,24.258,0.51,84.09,1.071,2025-11-03 11:10:33,159.0,12.4,7.6,10.16,1.2,0,159
0.979,24.281,0.294,84.14,1.018,2025-11-03 11:10:33,159.0,12.4,7.6,10.16,1.2,0,159
0.98,24.291,0.826,84.1,1.077,2025-11-03 11:10:33,159.0,12.4,7.6,10.16,1.2,0,159
0.991,24.25,0.648,83.92,1.129,2025-11-03 11:10:33,159.0,12.4,7.6,10.16,1.2,0,159
0.999,24.266,0.598,84.07,1.189,2025-11-03 11:10:33,159.0,12.4,7.6,10.16,1.2,0,159
0.977,24.274,0.927,84.1,1.121,2025-11-03 11:10:33,159.0,12.4,7.6,10.16,1.2,0,159
1.001,24.314,0.53,84.19,1.091,2025-11-03 11:10:33,159.0,12.4,7.6,10.16,1.2,0,159
0.977,24.257,0.535,83.93,1.094,2025-11-03 11:10:33,159.0,12.4,7.6,10.16,1.2,0,159
0.983,24.257,0.47,84.06,1.079,2025-11-03 11:10:33,159.0,12.4,7.6,10.16,1.2,0,159
0.966,24.272,0.65,84.01,1.111,2025-11-03 11:10:33,159.0,12.4,7.6,10.16,1.2,0,159
0.992,24.211,0.954,84.06,1.162,2025-11-03 11:10:33,159.0,12.4,7.6,10.16,1.2,0,159
0.973,24.292,0.63,83.82,1.088,2025-11-03 11:10:33,159.0,12.4,7.6,10.16,1.2,0,159
0.961,24.2,0.482,84.05,1.084,2025-11-03 19:30:55,160.0,10.1,7.6,8.72,0.74,0,160
0.993,24.259,0.452,83.95,1.1,2025-11-03 19:30:55,160.0,10.1,7.6,8.72,0.74,0,160
0.978,24.242,0.736,84.0,1.029,2025-11-03 19:30:55,160.0,10.1,7.6,8.72,0.74,0,160
1.013,24.27,0.414,84.2,1.087,2025-11-03 19:30:55,160.0,10.1,7.6,8.72,0.74,0,160
0.971,24.195,0.633,83.99,1.05,2025-11-03 19:30:55,160.0,10.1,7.6,8.72,0.74,0,160
0.985,24.222,0.575,83.96,1.077,2025-11-03 19:30:55,160.0,10.1,7.6,8.72,0.74,0,160
0.986,24.21,0.507,83.91,1.024,2025-11-03 19:30:55,160.0,10.1,7.6,8.72,0.74,0,160
0.964,24.225,0.445,84.05,1.169,2025-11-03 19:30:55,160.0,10.1,7.6,8.72,0.74,0,160
0.979,24.266,0.59,83.91,1.098,2025-11-03 19:30:55,160.0,10.1,7.6,8.72,0.74,0,160
0.963,24.212,0.681,83.93,1.052,2025-11-03 19:30:55,160.0,10.1,7.6,8.72,0.74,0,160
0.976,24.209,0.605,84.33,1.074,2025-11-03 19:30:55,160.0,10.1,7.6,8.72,0.74,0,160
0.989,24.294,0.482,84.25,1.167,2025-11-03 19:30:55,160.0,10.1,7.6,8.72,0.74,0,160
1.001,24.242,0.771,84.07,1.102,2025-11-03 19:30:55,160.0,10.1,7.6,8.72,0.74,0,160
0.986,24.204,0.47,84.02,1.107,2025-11-03 19:30:55,160.0,10.1,7.6,8.72,0.74,0,160
0.943,24.248,0.728,84.1,1.066,2025-11-03 19:30:55,160.0,10.1,7.6,8.72,0.74,0,160
0.973,24.201,0.613,83.95,1.065,2025-11-03 19:30:55,160.0,10.1,7.6,8.72,0.74,0,160
0.955,24.239,0.711,83.99,1.105,2025-11-03 19:30:55,160.0,10.1,7.6,8.72,0.74,0,160
0.996,24.267,0.58,84.08,1.174,2025-11-03 21:21:01,161.0,13.3,7.1,9.37,1.38,0,161
0.965,24.247,0.5,83.95,1.085,2025-11-03 21:21:01,161.0,13.3,7.1,9.37,1.38,0,161
0.989,24.208,0.49,84.13,1.067,2025-11-03 21:21:01,161.0,13.3,7.1,9.37,1.38,0,161
1.015,24.378,0.866,83.95,1.053,2025-11-03 21:21:01,161.0,13.3,7.1,9.37,1.38,0,161
0.985,24.208,0.48,84.13,1.123,2025-11-03 21:21:01,161.0,13.3,7.1,9.37,1.38,0,161
0.979,24.167,0.578,84.11,1.082,2025-11-03 21:21:01,161.0,13.3,7.1,9.37,1.38,0,161
1.008,24.203,0.43,84.0,1.125,2025-11-03 21:21:01,161.0,13.3,7.1,9.37,1.38,0,161
0.995,24.227,0.598,83.89,1.139,2025-11-03 21:21:01,161.0,13.3,7.1,9.37,1.38,0,161
0.994,24.292,0.751,84.0,1.136,2025-11-03 21:21:01,161.0,13.3,7.1,9.37,1.38,0,161
0.992,24.259,0.324,83.96,1.085,2025-11-03 21:21:01,161.0,13.3,7.1,9.37,1.38,0,161
0.97,24.254,0.816,84.09,1.07,2025-11-03 21:21:01,161.0,13.3,7.1,9.37,1.38,0,161
0.974,24.214,0.256,83.93,1.154,2025-11-03 21:21:01,161.0,13.3,7.1,9.37,1.38,0,161
0.992,24.246,0.512,84.35,1.147,2025-11-03 21:21:01,161.0,13.3,7.1,9.37,1.38,0,161
0.964,24.147,0.899,83.97,1.133,2025-11-03 21:21:01,161.0,13.3,7.1,9.37,1.38,0,161
0.963,24.217,0.424,84.11,1.029,2025-11-03 21:21:01,161.0,13.3,7.1,9.37,1.38,0,161
0.957,24.331,0.583,83.78,1.091,2025-11-03 21:21:01,161.0,13.3,7.1,9.37,1.38,0,161
0.992,24.249,0.713,84.12,1.173,2025-11-03 21:21:01,161.0,13.3,7.1,9.37,1.38,0,161
1.007,24.333,0.53,83.88,1.078,2025-11-03 21:21:01,161.0,13.3,7.1,9.37,1.38,0,161
0.99,24.223,0.485,84.23,1.007,2025-11-04 11:10:30,162.0,11.6,8.2,9.89,0.98,0,162
1.008,24.336,0.593,84.3,1.109,2025-11-04 11:10:30,162.0,11.6,8.2,9.89,0.98,0,162
1.015,24.29,0.595,84.05,1.092,2025-11-04 11:10:30,162.0,11.6,8.2,9.89,0.98,0,162
0.974,24.228,0.635,83.9,1.093,2025-11-04 11:10:30,162.0,11.6,8.2,9.89,0.98,0,162
0.999,24.269,0.517,84.14,1.13,2025-11-04 11:10:30,162.0,11.6,8.2,9.89,0.98,0,162
0.994,24.323,0.342,84.2,1.065,2025-11-04 11:10:30,162.0,11.6,8.2,9.89,0.98,0,162
1.007,24.254,0.389,84.06,1.181,2025-11-04 11:10:30,162.0,11.6,8.2,9.89,0.98,0,162
0.995,24.259,0.467,84.09,1.049,2025-11-04 11:10:30,162.0,11.6,8.2,9.89,0.98,0,162
1.005,24.293,0.661,84.13,1.112,2025-11-04 11:10:30,162.0,11.6,8.2,9.89,0.98,0,162
0.981,24.274,0.676,84.05,1.093,2025-11-04 11:10:30,162.0,11.6,8.2,9.89,0.98,0,162
0.981,24.286,0.754,84.31,1.091,2025-11-04 11:10:30,162.0,11.6,8.2,9.89,0.98,0,162
1.002,24.232,0.608,84.3,1.079,2025-11-04 11:10:30,162.0,11.6,8.2,9.89,0.98,0,162
0.984,24.259,0.625,83.84,1.084,2025-11-04 11:10:30,162.0,11.6,8.2,9.89,0.98,0,162
0.986,24.351,0.977,84.17,1.116,2025-11-04 11:10:30,162.0,11.6,8.2,9.89,0.98,0,162
0.947,24.289,0.801,83.89,1.069,2025-11-04 11:10:30,162.0,11.6,8.2,9.89,0.98,0,162
0.969,24.297,0.643,84.09,1.1,2025-11-04 11:10:30,162.0,11.6,8.2,9.89,0.98,0,162
1.021,24.345,0.613,83.97,1.078,2025-11-04 11:10:30,162.0,11.6,8.2,9.89,0.98,0,162
0.944,24.217,0.673,83.99,0.997,2025-11-04 13:20:37,163.0,12.3,7.2,9.41,1.28,0,163
0.984,24.266,0.738,83.99,1.075,2025-11-04 13:20:37,163.0,12.3,7.2,9.41,1.28,0,163
1.011,24.242,0.683,83.98,1.158,2025-11-04 13:20:37,163.0,12.3,7.2,9.41,1.28,0,163
0.969,24.203,0.877,83.93,1.049,2025-11-04 13:20:37,163.0,12.3,7.2,9.41,1.28,0,163
0.988,24.297,0.482,83.96,1.057,2025-11-04 13:20:37,163.0,12.3,7.2,9.41,1.28,0,163
0.944,24.2,0.565,83.89,1.079,2025-11-04 13:20:37,163.0,12.3,7.2,9.41,1.28,0,163
0.955,24.236,0.487,83.93,1.092,2025-11-04 13:20:37,163.0,12.3,7.2,9.41,1.28,0,163
0.974,24.182,0.51,84.05,1.153,2025-11-04 13:20:37,163.0,12.3,7.2,9.41,1.28,0,163
0.986,24.302,0.502,84.1,1.108,2025-11-04 13:20:37,163.0,12.3,7.2,9.41,1.28,0,163
0.982,24.274,0.492,83.88,1.096,2025-11-04 13:20:37,163.0,12.3,7.2,9.41,1.28,0,163
1.002,24.225,0.535,83.97,1.059,2025-11-04 13:20:37,163.0,12.3,7.2,9.41,1.28,0,163
0.977,24.223,0.487,83.9,1.07,2025-11-04 13:20:37,163.0,12.3,7.2,9.41,1.28,0,163
0.996,24.265,0.748,84.06,1.172,2025-11-04 13:20:37,163.0,12.3,7.2,9.41,1.28,0,163
0.94,24.235,0.505,84.02,1.092,2025-11-04 13:20:37,163.0,12.3,7.2,9.41,1.28,0,163
0.994,24.21,0.696,84.0,1.115,2025-11-04 13:20:37,163.0,12.3,7.2,9.41,1.28,0,163
1.011,24.205,0.535,83.94,1.061,2025-11-04 13:20:37,163.0,12.3,7.2,9.41,1.28,0,163
1.03,24.273,0.693,84.01,1.186,2025-11-04 13:20:37,163.0,12.3,7.2,9.41,1.28,0,163
1.009,24.253,0.698,84.1,1.092,2025-11-04 13:20:37,163.0,12.3,7.2,9.41,1.28,0,163
1.01,24.247,0.628,84.3,1.137,2025-11-04 13:20:37,163.0,12.3,7.2,9.41,1.28,0,163
0.991,24.254,0.972,83.99,1.163,2025-11-04 19:40:55,164.0,17.0,7.0,9.49,2.13,0,164
0.94,24.165,0.367,83.81,1.021,2025-11-04 19:40:55,164.0,17.0,7.0,9.49,2.13,0,164
1.008,24.271,0.477,84.16,1.136,2025-11-04 19:40:55,164.0,17.0,7.0,9.49,2.13,0,164
1.001,24.29,0.851,83.92,1.139,2025-11-04 19:40:55,164.0,17.0,7.0,9.49,2.13,0,164
0.94,24.27,0.615,84.25,1.045,2025-11-04 19:40:55,164.0,17.0,7.0,9.49,2.13,0,164
0.971,24.218,0.517,83.84,1.074,2025-11-04 19:40:55,164.0,17.0,7.0,9.49,2.13,0,164
0.961,24.328,0.51,83.61,1.052,2025-11-04 19:40:55,164.0,17.0,7.0,9.49,2.13,0,164
0.94,24.211,0.432,83.89,1.078,2025-11-04 19:40:55,164.0,17.0,7.0,9.49,2.13,0,164
0.988,24.216,0.638,84.04,1.099,2025-11-04 19:40:55,164.0,17.0,7.0,9.49,2.13,0,164
1.005,24.3,0.512,83.96,1.096,2025-11-04 19:40:55,164.0,17.0,7.0,9.49,2.13,0,164
1.016,24.276,0.633,84.11,1.046,2025-11-04 19:40:55,164.0,17.0,7.0,9.49,2.13,0,164
1.002,24.339,0.731,83.89,1.145,2025-11-04 19:40:55,164.0,17.0,7.0,9.49,2.13,0,164
0.957,24.315,0.703,84.02,1.069,2025-11-04 19:40:55,164.0,17.0,7.0,9.49,2.13,0,164
0.979,24.328,0.392,83.85,1.098,2025-11-04 19:40:55,164.0,17.0,7.0,9.49,2.13,0,164
0.952,24.302,0.369,83.95,1.141,2025-11-04 19:40:55,164.0,17.0,7.0,9.49,2.13,0,164
0.973,24.237,0.836,83.82,1.097,2025-11-04 19:40:55,164.0,17.0,7.0,9.49,2.13,0,164
0.963,24.164,0.462,84.08,1.075,2025-11-04 19:40:55,164.0,17.0,7.0,9.49,2.13,0,164
0.966,24.337,0.678,83.85,1.041,2025-11-04 19:40:55,164.0,17.0,7.0,9.49,2.13,0,164
0.998,24.232,0.492,84.23,1.125,2025-11-04 19:40:55,164.0,17.0,7.0,9.49,2.13,0,164
0.991,24.252,0.641,84.22,1.107,2025-11-04 21:26:01,165.0,12.7,7.8,9.54,1.28,0,165
1.01,24.271,0.789,83.98,1.113,2025-11-04 21:26:01,165.0,12.7,7.8,9.54,1.28,0,165
0.962,24.26,0.575,83.79,1.02,2025-11-04 21:26:01,165.0,12.7,7.8,9.54,1.28,0,165
0.983,24.178,0.726,83.8,1.184,2025-11-04 21:26:01,165.0,12.7,7.8,9.54,1.28,0,165
1.0,24.266,0.563,84.04,1.169,2025-11-04 21:26:01,165.0,12.7,7.8,9.54,1.28,0,165
1.001,24.233,0.987,84.07,1.093,2025-11-04 21:26:01,165.0,12.7,7.8,9.54,1.28,0,165
0.991,24.264,0.698,84.15,1.153,2025-11-04 21:26:01,165.0,12.7,7.8,9.54,1.28,0,165
0.985,24.289,0.598,84.17,1.109,2025-11-04 21:26:01,165.0,12.7,7.8,9.54,1.28,0,165
1.023,24.256,0.859,83.97,1.121,2025-11-04 21:26:01,165.0,12.7,7.8,9.54,1.28,0,165
0.985,24.175,0.543,84.18,1.088,2025-11-04 21:26:01,165.0,12.7,7.8,9.54,1.28,0,165
0.988,24.242,0.758,84.1,1.102,2025-11-04 21:26:01,165.0,12.7,7.8,9.54,1.28,0,165
0.97,24.222,0.866,84.15,1.086,2025-11-04 21:26:01,165.0,12.7,7.8,9.54,1.28,0,165
0.978,24.287,0.711,83.91,1.084,2025-11-04 21:26:01,165.0,12.7,7.8,9.54,1.28,0,165
1.029,24.336,0.452,84.11,1.183,2025-11-04 21:26:01,165.0,12.7,7.8,9.54,1.28,0,165
0.974,24.266,0.663,83.82,1.025,2025-11-04 21:26:01,165.0,12.7,7.8,9.54,1.28,0,165
0.946,24.144,0.51,83.9,1.062,2025-11-04 21:26:01,165.0,12.7,7.8,9.54,1.28,0,165
0.988,24.18,0.61,84.3,1.164,2025-11-04 21:26:01,165.0,12.7,7.8,9.54,1.28,0,165
0.996,24.204,0.693,84.23,1.134,2025-11-04 21:26:01,165.0,12.7,7.8,9.54,1.28,0,165
0.939,24.293,0.776,83.95,1.057,2025-11-05 11:02:47,166.0,11.2,6.9,9.51,0.96,0,166
1.0,24.317,0.528,83.82,1.118,2025-11-05 11:02:47,166.0,11.2,6.9,9.51,0.96,0,166
0.984,24.276,0.412,83.95,1.078,2025-11-05 11:02:47,166.0,11.2,6.9,9.51,0.96,0,166
0.964,24.257,0.583,84.1,1.078,2025-11-05 11:02:47,166.0,11.2,6.9,9.51,0.96,0,166
0.987,24.335,0.618,83.95,1.08,2025-11-05 11:02:47,166.0,11.2,6.9,9.51,0.96,0,166
0.99,24.326,0.671,83.8,1.121,2025-11-05 11:02:47,166.0,11.2,6.9,9.51,0.96,0,166
0.996,24.31,0.643,83.86,1.1,2025-11-05 11:02:47,166.0,11.2,6.9,9.51,0.96,0,166
0.985,24.324,0.447,83.85,1.085,2025-11-05 11:02:47,166.0,11.2,6.9,9.51,0.96,0,166
0.976,24.238,0.538,84.21,1.095,2025-11-05 11:02:47,166.0,11.2,6.9,9.51,0.96,0,166
0.977,24.291,0.854,84.04,1.11,2025-11-05 11:02:47,166.0,11.2,6.9,9.51,0.96,0,166
0.982,24.362,0.505,84.36,1.111,2025-11-05 11:02:47,166.0,11.2,6.9,9.51,0.96,0,166
0.973,24.251,0.598,83.98,1.077,2025-11-05 11:02:47,166.0,11.2,6.9,9.51,0.96,0,166
0.97,24.209,0.836,83.99,1.113,2025-11-05 11:02:47,166.0,11.2,6.9,9.51,0.96,0,166
0.989,24.353,0.563,84.14,1.073,2025-11-05 11:02:47,166.0,11.2,6.9,9.51,0.96,0,166
0.948,24.205,0.64,83.71,1.089,2025-11-05 11:02:47,166.0,11.2,6.9,9.51,0.96,0,166
0.986,24.264,0.759,84.07,1.09,2025-11-05 11:02:47,166.0,11.2,6.9,9.51,0.96,0,166
0.979,24.28,1.027,83.88,1.111,2025-11-05 11:02:47,166.0,11.2,6.9,9.51,0.96,0,166
0.965,24.216,0.668,84.0,1.161,2025-11-05 11:02:47,166.0,11.2,6.9,9.51,0.96,0,166
0.974,24.327,0.53,83.91,1.073,2025-11-05 11:02:47,166.0,11.2,6.9,9.51,0.96,0,166
1.019,24.248,0.713,83.96,1.165,2025-11-05 13:22:55,167.0,11.8,8.0,9.37,1.21,0,167
0.974,24.257,0.424,83.94,1.087,2025-11-05 13:22:55,167.0,11.8,8.0,9.37,1.21,0,167
0.981,24.22,0.548,83.89,1.212,2025-11-05 13:22:55,167.0,11.8,8.0,9.37,1.21,0,167
0.965,24.265,0.543,83.83,1.069,2025-11-05 13:22:55,167.0,11.8,8.0,9.37,1.21,0,167
0.977,24.285,0.585,83.87,1.128,2025-11-05 13:22:55,167.0,11.8,8.0,9.37,1.21,0,167
0.957,24.246,0.645,83.89,1.045,2025-11-05 13:22:55,167.0,11.8,8.0,9.37,1.21,0,167
0.993,24.312,0.49,84.12,1.138,2025-11-05 13:22:55,167.0,11.8,8.0,9.37,1.21,0,167
1.009,24.244,0.741,83.88,1.111,2025-11-05 13:22:55,167.0,11.8,8.0,9.37,1.21,0,167
0.983,24.313,0.771,84.07,1.108,2025-11-05 13:22:55,167.0,11.8,8.0,9.37,1.21,0,167
0.999,24.284,0.661,84.18,1.111,2025-11-05 13:22:55,167.0,11.8,8.0,9.37,1.21,0,167
0.946,24.187,0.495,84.1,1.083,2025-11-05 13:22:55,167.0,11.8,8.0,9.37,1.21,0,167
0.97,24.221,0.595,83.93,1.133,2025-11-05 13:22:55,167.0,11.8,8.0,9.37,1.21,0,167
1.01,24.221,0.821,84.07,1.113,2025-11-05 13:22:55,167.0,11.8,8.0,9.37,1.21,0,167
0.978,24.235,0.743,84.15,1.033,2025-11-05 13:22:55,167.0,11.8,8.0,9.37,1.21,0,167
0.978,24.284,0.467,84.17,1.072,2025-11-05 13:22:55,167.0,11.8,8.0,9.37,1.21,0,167
0.973,24.225,0.716,84.14,1.166,2025-11-05 13:22:55,167.0,11.8,8.0,9.37,1.21,0,167
0.956,24.236,0.43,84.19,1.134,2025-11-05 13:22:55,167.0,11.8,8.0,9.37,1.21,0,167
1.013,24.269,0.615,84.22,1.188,2025-11-05 13:22:55,167.0,11.8,8.0,9.37,1.21,0,167
0.984,24.254,0.462,84.08,1.064,2025-11-05 13:22:55,167.0,11.8,8.0,9.37,1.21,0,167
0.994,24.222,0.776,83.96,1.094,2025-11-05 19:23:11,168.0,13.3,7.5,9.92,1.35,0,168
0.972,24.201,0.505,83.81,1.066,2025-11-05 19:23:11,168.0,13.3,7.5,9.92,1.35,0,168
0.963,24.181,0.502,84.04,1.079,2025-11-05 19:23:11,168.0,13.3,7.5,9.92,1.35,0,168
0.984,24.22,0.633,83.78,1.058,2025-11-05 19:23:11,168.0,13.3,7.5,9.92,1.35,0,168
0.983,24.246,0.59,83.89,1.108,2025-11-05 19:23:11,168.0,13.3,7.5,9.92,1.35,0,168
0.995,24.243,0.743,83.99,1.088,2025-11-05 19:23:11,168.0,13.3,7.5,9.92,1.35,0,168
1.012,24.319,0.56,84.03,1.084,2025-11-05 19:23:11,168.0,13.3,7.5,9.92,1.35,0,168
0.947,24.162,0.648,83.9,1.064,2025-11-05 19:23:11,168.0,13.3,7.5,9.92,1.35,0,168
0.967,24.212,0.655,83.97,1.09,2025-11-05 19:23:11,168.0,13.3,7.5,9.92,1.35,0,168
0.957,24.255,0.671,83.91,1.133,2025-11-05 19:23:11,168.0,13.3,7.5,9.92,1.35,0,168
0.998,24.237,0.532,83.92,1.149,2025-11-05 19:23:11,168.0,13.3,7.5,9.92,1.35,0,168
0.977,24.2,0.779,83.74,1.087,2025-11-05 19:23:11,168.0,13.3,7.5,9.92,1.35,0,168
0.954,24.225,0.658,84.1,1.141,2025-11-05 19:23:11,168.0,13.3,7.5,9.92,1.35,0,168
0.992,24.263,0.55,83.9,1.055,2025-11-05 19:23:11,168.0,13.3,7.5,9.92,1.35,0,168
0.974,24.222,0.598,84.08,1.128,2025-11-05 19:23:11,168.0,13.3,7.5,9.92,1.35,0,168
0.989,24.242,0.55,83.98,1.19,2025-11-05 19:23:11,168.0,13.3,7.5,9.92,1.35,0,168
0.973,24.203,0.555,84.06,1.137,2025-11-05 19:23:11,168.0,13.3,7.5,9.92,1.35,0,168
0.947,24.2,0.563,83.96,1.091,2025-11-05 21:23:18,169.0,11.7,7.2,9.82,1.29,0,169
0.975,24.208,0.759,83.94,1.12,2025-11-05 21:23:18,169.0,11.7,7.2,9.82,1.29,0,169
0.983,24.259,0.633,83.96,1.144,2025-11-05 21:23:18,169.0,11.7,7.2,9.82,1.29,0,169
1.0,24.205,0.585,84.02,1.154,2025-11-05 21:23:18,169.0,11.7,7.2,9.82,1.29,0,169
1.014,24.309,0.671,84.16,1.103,2025-11-05 21:23:18,169.0,11.7,7.2,9.82,1.29,0,169
0.97,24.228,0.527,83.97,1.189,2025-11-05 21:23:18,169.0,11.7,7.2,9.82,1.29,0,169
1.007,24.256,0.507,83.98,1.208,2025-11-05 21:23:18,169.0,11.7,7.2,9.82,1.29,0,169
1.003,24.255,0.49,83.91,1.131,2025-11-05 21:23:18,169.0,11.7,7.2,9.82,1.29,0,169
0.988,24.214,0.505,84.31,1.12,2025-11-05 21:23:18,169.0,11.7,7.2,9.82,1.29,0,169
1.007,24.206,0.666,83.74,1.101,2025-11-05 21:23:18,169.0,11.7,7.2,9.82,1.29,0,169
0.97,24.234,0.826,84.15,1.149,2025-11-05 21:23:18,169.0,11.7,7.2,9.82,1.29,0,169
0.985,24.255,0.62,83.97,1.044,2025-11-05 21:23:18,169.0,11.7,7.2,9.82,1.29,0,169
1.002,24.29,0.47,84.25,1.086,2025-11-05 21:23:18,169.0,11.7,7.2,9.82,1.29,0,169
0.994,24.149,0.452,84.08,1.166,2025-11-05 21:23:18,169.0,11.7,7.2,9.82,1.29,0,169
0.943,24.182,0.384,83.93,1.093,2025-11-05 21:23:18,169.0,11.7,7.2,9.82,1.29,0,169
0.969,24.216,0.249,84.24,1.085,2025-11-05 21:23:18,169.0,11.7,7.2,9.82,1.29,0,169
0.973,24.319,0.761,83.96,1.086,2025-11-05 21:23:18,169.0,11.7,7.2,9.82,1.29,0,169
0.946,24.211,0.515,84.01,1.145,2025-11-05 21:23:18,169.0,11.7,7.2,9.82,1.29,0,169
1.003,24.279,0.296,84.12,1.087,2025-11-05 21:23:18,169.0,11.7,7.2,9.82,1.29,0,169
