M,C,d,L,R,T,N,Max_Ve,Min_Ve,Avg_Ve,Std_Ve,is_error,N_stat
0.699,20.015,0.322,88.743,1.028,2025-01-02 12:50:40,0.0,31.8,21.8,26.78,2.72,0,0
0.735,20.046,0.42,89.089,1.092,2025-01-02 12:50:40,0.0,31.8,21.8,26.78,2.72,0,0
0.729,19.99,0.494,89.286,1.094,2025-01-02 12:50:40,0.0,31.8,21.8,26.78,2.72,0,0
0.694,19.955,0.487,88.884,0.933,2025-01-02 12:50:40,0.0,31.8,21.8,26.78,2.72,0,0
0.72,20.119,0.497,89.109,1.101,2025-01-02 12:50:40,0.0,31.8,21.8,26.78,2.72,0,0
0.722,19.94,0.521,89.0,1.172,2025-01-02 12:50:40,0.0,31.8,21.8,26.78,2.72,0,0
0.7,20.006,0.479,88.761,1.035,2025-01-02 12:50:40,0.0,31.8,21.8,26.78,2.72,0,0
0.695,19.94,0.42,89.226,1.01,2025-01-02 12:50:40,0.0,31.8,21.8,26.78,2.72,0,0
0.741,19.981,0.409,88.712,1.137,2025-01-02 12:50:40,0.0,31.8,21.8,26.78,2.72,0,0
0.744,20.075,0.371,88.855,1.144,2025-01-02 12:50:40,0.0,31.8,21.8,26.78,2.72,0,0
0.69,20.046,0.515,88.74,1.016,2025-01-02 12:50:40,0.0,31.8,21.8,26.78,2.72,0,0
0.726,20.028,0.458,89.052,1.026,2025-01-02 12:50:40,0.0,31.8,21.8,26.78,2.72,0,0
0.749,20.015,0.595,88.758,1.195,2025-01-02 12:50:40,0.0,31.8,21.8,26.78,2.72,0,0
0.7,19.959,0.462,89.188,0.952,2025-01-02 12:50:40,0.0,31.8,21.8,26.78,2.72,0,0
0.73,19.984,0.396,88.931,1.097,2025-01-02 12:50:40,0.0,31.8,21.8,26.78,2.72,0,0
0.699,19.959,0.34,89.231,1.014,2025-01-02 12:50:40,0.0,31.8,21.8,26.78,2.72,0,0
0.687,19.999,0.441,88.905,1.087,2025-01-02 12:50:40,0.0,31.8,21.8,26.78,2.72,0,0
0.71,20.025,0.507,89.203,1.05,2025-01-02 12:50:40,0.0,31.8,21.8,26.78,2.72,0,0
0.7,19.974,0.532,88.971,1.007,2025-01-02 12:50:40,0.0,31.8,21.8,26.78,2.72,0,0
0.726,20.087,0.427,88.95,1.092,2025-01-02 21:15:55,1.0,35.5,19.6,28.4,3.7,0,1
0.702,19.861,0.577,89.324,1.067,2025-01-02 21:15:55,1.0,35.5,19.6,28.4,3.7,0,1
0.681,19.959,0.434,88.844,0.999,2025-01-02 21:15:55,1.0,35.5,19.6,28.4,3.7,0,1
0.706,19.927,0.455,89.175,1.012,2025-01-02 21:15:55,1.0,35.5,19.6,28.4,3.7,0,1
0.71,19.981,0.402,89.011,0.986,2025-01-02 21:15:55,1.0,35.5,19.6,28.4,3.7,0,1
0.723,19.974,0.532,89.054,1.06,2025-01-02 21:15:55,1.0,35.5,19.6,28.4,3.7,0,1
0.698,20.009,0.48,88.86,1.048,2025-01-02 21:15:55,1.0,35.5,19.6,28.4,3.7,0,1
0.713,20.015,0.532,88.936,1.054,2025-01-02 21:15:55,1.0,35.5,19.6,28.4,3.7,0,1
0.751,20.125,0.434,89.306,1.132,2025-01-02 21:15:55,1.0,35.5,19.6,28.4,3.7,0,1
0.686,19.918,0.423,89.061,1.06,2025-01-02 21:15:55,1.0,35.5,19.6,28.4,3.7,0,1
0.693,19.877,0.333,89.25,1.036,2025-01-02 21:15:55,1.0,35.5,19.6,28.4,3.7,0,1
0.715,19.996,0.353,88.603,1.072,2025-01-02 21:15:55,1.0,35.5,19.6,28.4,3.7,0,1
0.7,19.943,0.56,88.918,0.949,2025-01-02 21:15:55,1.0,35.5,19.6,28.4,3.7,0,1
0.707,20.097,0.378,88.979,1.046,2025-01-02 21:15:55,1.0,35.5,19.6,28.4,3.7,0,1
0.704,19.962,0.448,88.936,0.993,2025-01-02 21:15:55,1.0,35.5,19.6,28.4,3.7,0,1
0.713,20.021,0.413,88.574,1.062,2025-01-02 21:15:55,1.0,35.5,19.6,28.4,3.7,0,1
0.727,19.93,0.521,89.234,1.094,2025-01-03 11:30:32,2.0,31.1,21.7,26.27,2.63,0,2
0.703,19.927,0.41,89.131,1.127,2025-01-03 11:30:32,2.0,31.1,21.7,26.27,2.63,0,2
0.727,20.034,0.381,88.79,1.193,2025-01-03 11:30:32,2.0,31.1,21.7,26.27,2.63,0,2
0.682,19.817,0.553,89.163,0.985,2025-01-03 11:30:32,2.0,31.1,21.7,26.27,2.63,0,2
0.734,19.908,0.462,89.185,1.188,2025-01-03 11:30:32,2.0,31.1,21.7,26.27,2.63,0,2
0.722,19.999,0.43,88.632,1.095,2025-01-03 11:30:32,2.0,31.1,21.7,26.27,2.63,0,2
0.741,20.018,0.455,89.1,1.152,2025-01-03 11:30:32,2.0,31.1,21.7,26.27,2.63,0,2
0.744,19.974,0.469,89.126,1.126,2025-01-03 11:30:32,2.0,31.1,21.7,26.27,2.63,0,2
0.706,19.993,0.319,88.698,1.066,2025-01-03 11:30:32,2.0,31.1,21.7,26.27,2.63,0,2
0.711,19.896,0.577,88.708,1.086,2025-01-03 11:30:32,2.0,31.1,21.7,26.27,2.63,0,2
0.7,19.877,0.431,88.86,1.062,2025-01-03 11:30:32,2.0,31.1,21.7,26.27,2.63,0,2
0.701,19.845,0.469,88.777,1.002,2025-01-03 11:30:32,2.0,31.1,21.7,26.27,2.63,0,2
0.696,19.877,0.651,89.024,1.018,2025-01-03 11:30:32,2.0,31.1,21.7,26.27,2.63,0,2
0.679,19.902,0.234,88.944,1.009,2025-01-03 11:30:32,2.0,31.1,21.7,26.27,2.63,0,2
0.706,19.889,0.287,88.913,1.053,2025-01-03 11:30:32,2.0,31.1,21.7,26.27,2.63,0,2
0.673,19.849,0.494,89.027,0.935,2025-01-03 11:30:32,2.0,31.1,21.7,26.27,2.63,0,2
0.728,20.021,0.287,89.19,1.202,2025-01-03 11:30:32,2.0,31.1,21.7,26.27,2.63,0,2
0.709,19.965,0.571,88.961,1.1,2025-01-03 11:30:32,2.0,31.1,21.7,26.27,2.63,0,2
0.721,19.921,0.448,88.553,1.156,2025-01-03 11:30:32,2.0,31.1,21.7,26.27,2.63,0,2
0.701,19.921,0.455,89.226,1.023,2025-01-03 11:30:32,2.0,31.1,21.7,26.27,2.63,0,2
0.706,19.943,0.584,88.941,1.075,2025-01-03 13:00:38,3.0,35.1,20.9,27.51,3.82,0,3
0.722,19.874,0.634,88.986,1.127,2025-01-03 13:00:38,3.0,35.1,20.9,27.51,3.82,0,3
0.721,20.025,0.392,89.186,1.144,2025-01-03 13:00:38,3.0,35.1,20.9,27.51,3.82,0,3
0.679,19.908,0.357,88.622,1.06,2025-01-03 13:00:38,3.0,35.1,20.9,27.51,3.82,0,3
0.699,19.94,0.427,88.908,0.98,2025-01-03 13:00:38,3.0,35.1,20.9,27.51,3.82,0,3
0.74,19.962,0.49,88.91,1.188,2025-01-03 13:00:38,3.0,35.1,20.9,27.51,3.82,0,3
0.68,19.946,0.676,88.547,1.024,2025-01-03 13:00:38,3.0,35.1,20.9,27.51,3.82,0,3
0.727,19.971,0.595,88.757,1.161,2025-01-03 13:00:38,3.0,35.1,20.9,27.51,3.82,0,3
0.713,19.94,0.55,89.128,1.08,2025-01-03 13:00:38,3.0,35.1,20.9,27.51,3.82,0,3
0.71,19.981,0.494,88.724,1.063,2025-01-03 13:00:38,3.0,35.1,20.9,27.51,3.82,0,3
0.681,19.883,0.413,89.106,0.963,2025-01-03 13:00:38,3.0,35.1,20.9,27.51,3.82,0,3
0.708,19.933,0.357,88.682,1.132,2025-01-03 13:00:38,3.0,35.1,20.9,27.51,3.82,0,3
0.715,19.93,0.476,89.192,1.127,2025-01-03 13:00:38,3.0,35.1,20.9,27.51,3.82,0,3
0.722,19.981,0.497,89.084,1.124,2025-01-03 13:00:38,3.0,35.1,20.9,27.51,3.82,0,3
0.725,19.996,0.56,88.897,1.076,2025-01-03 13:00:38,3.0,35.1,20.9,27.51,3.82,0,3
0.669,19.952,0.612,89.106,1.003,2025-01-03 13:00:38,3.0,35.1,20.9,27.51,3.82,0,3
0.709,19.962,0.364,88.906,1.106,2025-01-03 13:00:38,3.0,35.1,20.9,27.51,3.82,0,3
0.706,19.933,0.42,89.056,1.106,2025-01-03 19:25:53,4.0,33.7,21.1,27.0,2.72,0,4
0.692,19.855,0.641,89.194,1.066,2025-01-03 19:25:53,4.0,33.7,21.1,27.0,2.72,0,4
0.753,20.097,0.417,89.041,1.152,2025-01-03 19:25:53,4.0,33.7,21.1,27.0,2.72,0,4
0.697,19.999,0.504,88.892,1.076,2025-01-03 19:25:53,4.0,33.7,21.1,27.0,2.72,0,4
0.717,19.915,0.43,88.879,1.198,2025-01-03 19:25:53,4.0,33.7,21.1,27.0,2.72,0,4
0.723,19.943,0.329,89.216,1.105,2025-01-03 19:25:53,4.0,33.7,21.1,27.0,2.72,0,4
0.692,19.955,0.567,88.958,1.008,2025-01-03 19:25:53,4.0,33.7,21.1,27.0,2.72,0,4
0.729,19.996,0.367,88.894,1.146,2025-01-03 19:25:53,4.0,33.7,21.1,27.0,2.72,0,4
0.696,19.943,0.574,89.048,0.993,2025-01-03 19:25:53,4.0,33.7,21.1,27.0,2.72,0,4
0.702,19.965,0.409,88.962,1.044,2025-01-03 19:25:53,4.0,33.7,21.1,27.0,2.72,0,4
0.689,19.977,0.298,88.822,0.989,2025-01-03 19:25:53,4.0,33.7,21.1,27.0,2.72,0,4
0.737,19.99,0.465,88.903,1.151,2025-01-03 19:25:53,4.0,33.7,21.1,27.0,2.72,0,4
0.701,19.937,0.375,88.689,0.969,2025-01-03 19:25:53,4.0,33.7,21.1,27.0,2.72,0,4
0.715,19.924,0.294,88.815,1.136,2025-01-03 19:25:53,4.0,33.7,21.1,27.0,2.72,0,4
0.691,19.937,0.469,88.686,1.065,2025-01-03 19:25:53,4.0,33.7,21.1,27.0,2.72,0,4
0.711,19.937,0.448,88.739,1.082,2025-01-03 19:25:53,4.0,33.7,21.1,27.0,2.72,0,4
0.707,19.965,0.444,88.772,1.088,2025-01-03 19:25:53,4.0,33.7,21.1,27.0,2.72,0,4
0.75,20.062,0.402,88.843,1.148,2025-01-03 19:25:53,4.0,33.7,21.1,27.0,2.72,0,4
0.689,19.933,0.43,88.505,1.071,2025-01-03 19:25:53,4.0,33.7,21.1,27.0,2.72,0,4
0.749,19.977,0.353,88.812,1.195,2025-01-04 07:53:48,5.0,33.8,19.4,25.47,4.09,0,5
0.726,20.025,0.389,88.731,1.091,2025-01-04 07:53:48,5.0,33.8,19.4,25.47,4.09,0,5
0.707,19.946,0.406,88.762,1.11,2025-01-04 07:53:48,5.0,33.8,19.4,25.47,4.09,0,5
0.7,19.867,0.417,88.617,1.113,2025-01-04 07:53:48,5.0,33.8,19.4,25.47,4.09,0,5
0.696,19.933,0.525,88.685,1.18,2025-01-04 07:53:48,5.0,33.8,19.4,25.47,4.09,0,5
0.704,19.927,0.399,88.51,1.145,2025-01-04 07:53:48,5.0,33.8,19.4,25.47,4.09,0,5
0.702,19.996,0.521,88.37,1.112,2025-01-04 07:53:48,5.0,33.8,19.4,25.47,4.09,0,5
0.727,19.99,0.371,88.95,1.208,2025-01-04 07:53:48,5.0,33.8,19.4,25.47,4.09,0,5
0.722,19.974,0.507,88.758,1.218,2025-01-04 07:53:48,5.0,33.8,19.4,25.47,4.09,0,5
0.708,19.94,0.48,88.593,1.057,2025-01-04 07:53:48,5.0,33.8,19.4,25.47,4.09,0,5
0.748,19.99,0.423,88.601,1.092,2025-01-04 07:53:48,5.0,33.8,19.4,25.47,4.09,0,5
0.701,19.893,0.451,88.73,1.094,2025-01-04 07:53:48,5.0,33.8,19.4,25.47,4.09,0,5
0.74,20.04,0.322,88.868,1.222,2025-01-04 07:53:48,5.0,33.8,19.4,25.47,4.09,0,5
0.719,19.893,0.462,88.795,1.162,2025-01-04 07:53:48,5.0,33.8,19.4,25.47,4.09,0,5
0.725,19.981,0.543,88.8,1.198,2025-01-04 07:53:48,5.0,33.8,19.4,25.47,4.09,0,5
0.721,19.937,0.465,88.837,1.162,2025-01-04 11:03:57,6.0,33.7,18.1,24.78,3.81,0,6
0.706,20.009,0.343,88.828,1.094,2025-01-04 11:03:57,6.0,33.7,18.1,24.78,3.81,0,6
0.709,20.025,0.494,89.028,1.064,2025-01-04 11:03:57,6.0,33.7,18.1,24.78,3.81,0,6
0.7,19.883,0.311,88.683,1.123,2025-01-04 11:03:57,6.0,33.7,18.1,24.78,3.81,0,6
0.681,19.996,0.476,88.682,1.036,2025-01-04 11:03:57,6.0,33.7,18.1,24.78,3.81,0,6
0.736,19.943,0.392,88.819,1.187,2025-01-04 11:03:57,6.0,33.7,18.1,24.78,3.81,0,6
0.71,20.043,0.413,88.672,1.147,2025-01-04 11:03:57,6.0,33.7,18.1,24.78,3.81,0,6
0.721,19.984,0.42,88.864,1.206,2025-01-04 11:03:57,6.0,33.7,18.1,24.78,3.81,0,6
0.672,19.937,0.305,88.684,1.105,2025-01-04 11:03:57,6.0,33.7,18.1,24.78,3.81,0,6
0.698,19.889,0.417,89.036,1.09,2025-01-04 11:03:57,6.0,33.7,18.1,24.78,3.81,0,6
0.712,19.88,0.483,88.792,1.047,2025-01-04 11:03:57,6.0,33.7,18.1,24.78,3.81,0,6
0.739,19.893,0.612,88.751,1.185,2025-01-04 11:03:57,6.0,33.7,18.1,24.78,3.81,0,6
0.704,19.955,0.528,88.667,1.164,2025-01-04 11:03:57,6.0,33.7,18.1,24.78,3.81,0,6
0.687,19.905,0.511,88.812,1.056,2025-01-04 11:03:57,6.0,33.7,18.1,24.78,3.81,0,6
0.703,19.849,0.462,88.562,1.01,2025-01-04 11:03:57,6.0,33.7,18.1,24.78,3.81,0,6
0.703,19.999,0.392,88.931,1.207,2025-01-04 11:03:57,6.0,33.7,18.1,24.78,3.81,0,6
0.715,19.981,0.389,88.515,1.068,2025-01-04 12:49:03,7.0,29.1,17.1,22.92,3.05,0,7
0.692,19.962,0.427,88.883,1.166,2025-01-04 12:49:03,7.0,29.1,17.1,22.92,3.05,0,7
0.675,19.987,0.277,88.79,1.103,2025-01-04 12:49:03,7.0,29.1,17.1,22.92,3.05,0,7
0.716,19.915,0.577,88.83,1.186,2025-01-04 12:49:03,7.0,29.1,17.1,22.92,3.05,0,7
0.719,20.031,0.427,88.595,1.067,2025-01-04 12:49:03,7.0,29.1,17.1,22.92,3.05,0,7
0.679,19.921,0.508,88.78,1.089,2025-01-04 12:49:03,7.0,29.1,17.1,22.92,3.05,0,7
0.701,19.977,0.476,88.588,1.08,2025-01-04 12:49:03,7.0,29.1,17.1,22.92,3.05,0,7
0.693,19.858,0.529,88.719,0.99,2025-01-04 12:49:03,7.0,29.1,17.1,22.92,3.05,0,7
0.721,20.006,0.322,88.872,1.159,2025-01-04 12:49:03,7.0,29.1,17.1,22.92,3.05,0,7
0.717,19.981,0.525,88.751,1.225,2025-01-04 12:49:03,7.0,29.1,17.1,22.92,3.05,0,7
0.699,20.025,0.521,88.77,1.111,2025-01-04 12:49:03,7.0,29.1,17.1,22.92,3.05,0,7
0.709,20.031,0.371,88.92,1.114,2025-01-04 12:49:03,7.0,29.1,17.1,22.92,3.05,0,7
0.678,19.927,0.441,88.571,1.076,2025-01-04 12:49:03,7.0,29.1,17.1,22.92,3.05,0,7
0.704,20.009,0.455,88.672,1.051,2025-01-04 12:49:03,7.0,29.1,17.1,22.92,3.05,0,7
0.689,19.94,0.427,88.814,1.048,2025-01-04 12:49:03,7.0,29.1,17.1,22.92,3.05,0,7
0.689,20.003,0.329,88.769,1.019,2025-01-04 19:09:07,8.0,29.0,23.7,26.53,1.45,0,8
0.686,19.908,0.367,88.734,1.053,2025-01-04 19:09:07,8.0,29.0,23.7,26.53,1.45,0,8
0.722,20.025,0.571,88.931,1.118,2025-01-04 19:09:07,8.0,29.0,23.7,26.53,1.45,0,8
0.7,19.977,0.529,88.819,1.021,2025-01-04 19:09:07,8.0,29.0,23.7,26.53,1.45,0,8
0.717,20.034,0.409,88.689,1.153,2025-01-04 19:09:07,8.0,29.0,23.7,26.53,1.45,0,8
0.715,20.068,0.654,88.596,1.048,2025-01-04 19:09:07,8.0,29.0,23.7,26.53,1.45,0,8
0.702,19.874,0.679,88.777,1.0,2025-01-04 19:09:07,8.0,29.0,23.7,26.53,1.45,0,8
0.721,19.93,0.332,89.154,1.099,2025-01-04 19:09:07,8.0,29.0,23.7,26.53,1.45,0,8
0.708,19.94,0.5,88.943,1.032,2025-01-04 19:09:07,8.0,29.0,23.7,26.53,1.45,0,8
0.738,20.075,0.375,89.006,1.159,2025-01-04 19:09:07,8.0,29.0,23.7,26.53,1.45,0,8
0.713,20.043,0.322,89.018,1.065,2025-01-04 19:09:07,8.0,29.0,23.7,26.53,1.45,0,8
0.72,19.946,0.294,88.62,1.082,2025-01-04 19:09:07,8.0,29.0,23.7,26.53,1.45,0,8
0.715,19.962,0.528,88.51,1.048,2025-01-04 19:09:07,8.0,29.0,23.7,26.53,1.45,0,8
0.711,20.025,0.574,89.101,1.134,2025-01-04 19:09:07,8.0,29.0,23.7,26.53,1.45,0,8
0.735,20.103,0.522,89.09,1.166,2025-01-04 19:09:07,8.0,29.0,23.7,26.53,1.45,0,8
0.724,20.043,0.368,88.85,1.103,2025-01-04 19:09:07,8.0,29.0,23.7,26.53,1.45,0,8
0.736,20.031,0.494,88.818,1.133,2025-01-04 19:09:07,8.0,29.0,23.7,26.53,1.45,0,8
0.716,19.996,0.357,88.907,1.13,2025-01-04 19:09:07,8.0,29.0,23.7,26.53,1.45,0,8
0.697,19.927,0.43,88.408,1.091,2025-01-04 19:09:07,8.0,29.0,23.7,26.53,1.45,0,8
0.711,19.974,0.329,88.642,1.046,2025-01-04 19:09:07,8.0,29.0,23.7,26.53,1.45,0,8
0.737,20.025,0.409,89.201,1.152,2025-01-04 21:14:15,9.0,31.1,24.6,27.99,1.76,0,9
0.707,20.097,0.445,88.895,1.026,2025-01-04 21:14:15,9.0,31.1,24.6,27.99,1.76,0,9
0.716,20.065,0.529,88.657,1.104,2025-01-04 21:14:15,9.0,31.1,24.6,27.99,1.76,0,9
0.712,20.037,0.469,88.494,1.045,2025-01-04 21:14:15,9.0,31.1,24.6,27.99,1.76,0,9
0.707,20.018,0.346,88.913,1.058,2025-01-04 21:14:15,9.0,31.1,24.6,27.99,1.76,0,9
0.728,20.078,0.423,88.802,1.175,2025-01-04 21:14:15,9.0,31.1,24.6,27.99,1.76,0,9
0.685,19.933,0.371,88.803,1.034,2025-01-04 21:14:15,9.0,31.1,24.6,27.99,1.76,0,9
0.734,20.084,0.641,89.259,1.129,2025-01-04 21:14:15,9.0,31.1,24.6,27.99,1.76,0,9
0.711,20.04,0.528,88.952,1.111,2025-01-04 21:14:15,9.0,31.1,24.6,27.99,1.76,0,9
0.701,19.959,0.427,88.702,1.037,2025-01-04 21:14:15,9.0,31.1,24.6,27.99,1.76,0,9
0.732,19.984,0.504,88.969,1.077,2025-01-04 21:14:15,9.0,31.1,24.6,27.99,1.76,0,9
0.714,20.062,0.539,88.608,1.037,2025-01-04 21:14:15,9.0,31.1,24.6,27.99,1.76,0,9
0.687,20.021,0.465,88.423,1.033,2025-01-04 21:14:15,9.0,31.1,24.6,27.99,1.76,0,9
0.727,20.025,0.648,88.778,1.049,2025-01-04 21:14:15,9.0,31.1,24.6,27.99,1.76,0,9
0.698,20.04,0.539,88.54,1.038,2025-01-04 21:14:15,9.0,31.1,24.6,27.99,1.76,0,9
0.68,20.065,0.329,88.71,0.976,2025-01-04 21:24:16,10.0,31.5,23.9,28.19,1.81,0,10
0.743,20.15,0.402,88.693,1.113,2025-01-04 21:24:16,10.0,31.5,23.9,28.19,1.81,0,10
0.73,20.16,0.599,88.766,1.143,2025-01-04 21:24:16,10.0,31.5,23.9,28.19,1.81,0,10
0.735,20.178,0.298,88.749,1.154,2025-01-04 21:24:16,10.0,31.5,23.9,28.19,1.81,0,10
0.699,20.106,0.417,88.919,1.063,2025-01-04 21:24:16,10.0,31.5,23.9,28.19,1.81,0,10
0.726,20.169,0.486,88.629,1.079,2025-01-04 21:24:16,10.0,31.5,23.9,28.19,1.81,0,10
0.706,20.119,0.325,88.839,1.048,2025-01-04 21:24:16,10.0,31.5,23.9,28.19,1.81,0,10
0.694,20.116,0.392,88.59,1.005,2025-01-04 21:24:16,10.0,31.5,23.9,28.19,1.81,0,10
0.687,20.131,0.424,88.548,1.013,2025-01-04 21:24:16,10.0,31.5,23.9,28.19,1.81,0,10
0.748,20.163,0.385,88.78,1.103,2025-01-04 21:24:16,10.0,31.5,23.9,28.19,1.81,0,10
0.711,20.087,0.364,88.644,1.101,2025-01-04 21:24:16,10.0,31.5,23.9,28.19,1.81,0,10
0.724,20.103,0.455,88.61,1.146,2025-01-04 21:24:16,10.0,31.5,23.9,28.19,1.81,0,10
0.719,20.109,0.553,88.682,1.066,2025-01-04 21:24:16,10.0,31.5,23.9,28.19,1.81,0,10
0.727,20.034,0.315,88.915,1.088,2025-01-05 11:02:21,11.0,35.8,25.0,28.93,2.87,0,11
0.666,19.886,0.301,88.73,0.951,2025-01-05 11:02:21,11.0,35.8,25.0,28.93,2.87,0,11
0.701,20.028,0.581,89.095,0.959,2025-01-05 11:02:21,11.0,35.8,25.0,28.93,2.87,0,11
0.675,19.943,0.525,88.945,0.945,2025-01-05 11:02:21,11.0,35.8,25.0,28.93,2.87,0,11
0.694,19.971,0.42,88.676,1.026,2025-01-05 11:02:21,11.0,35.8,25.0,28.93,2.87,0,11
0.705,19.987,0.49,88.866,1.022,2025-01-05 11:02:21,11.0,35.8,25.0,28.93,2.87,0,11
0.677,19.921,0.591,88.617,1.008,2025-01-05 11:02:21,11.0,35.8,25.0,28.93,2.87,0,11
0.709,20.04,0.591,88.784,0.98,2025-01-05 11:02:21,11.0,35.8,25.0,28.93,2.87,0,11
0.687,19.968,0.487,88.619,1.007,2025-01-05 11:02:21,11.0,35.8,25.0,28.93,2.87,0,11
0.687,19.959,0.368,88.644,1.021,2025-01-05 11:02:21,11.0,35.8,25.0,28.93,2.87,0,11
0.699,19.911,0.343,88.556,0.99,2025-01-05 11:02:21,11.0,35.8,25.0,28.93,2.87,0,11
0.691,19.981,0.333,88.588,0.988,2025-01-05 11:02:21,11.0,35.8,25.0,28.93,2.87,0,11
0.695,19.965,0.472,88.956,1.068,2025-01-05 11:02:21,11.0,35.8,25.0,28.93,2.87,0,11
0.685,20.021,0.455,88.842,1.044,2025-01-05 11:02:21,11.0,35.8,25.0,28.93,2.87,0,11
0.715,19.959,0.399,88.716,1.015,2025-01-05 11:02:21,11.0,35.8,25.0,28.93,2.87,0,11
0.68,20.053,0.357,88.822,0.956,2025-01-05 11:02:21,11.0,35.8,25.0,28.93,2.87,0,11
0.712,20.028,0.452,88.884,1.01,2025-01-05 11:02:21,11.0,35.8,25.0,28.93,2.87,0,11
0.725,19.949,0.542,88.865,1.123,2025-01-05 11:02:21,11.0,35.8,25.0,28.93,2.87,0,11
0.712,20.116,0.381,89.005,1.001,2025-01-05 11:02:21,11.0,35.8,25.0,28.93,2.87,0,11
0.706,19.984,0.294,89.076,0.997,2025-01-05 13:17:30,12.0,31.9,24.7,28.77,1.64,0,12
0.726,20.003,0.564,89.043,1.094,2025-01-05 13:17:30,12.0,31.9,24.7,28.77,1.64,0,12
0.691,19.952,0.585,88.598,0.996,2025-01-05 13:17:30,12.0,31.9,24.7,28.77,1.64,0,12
0.708,19.965,0.522,88.823,0.997,2025-01-05 13:17:30,12.0,31.9,24.7,28.77,1.64,0,12
0.702,20.081,0.438,88.775,1.024,2025-01-05 13:17:30,12.0,31.9,24.7,28.77,1.64,0,12
0.689,19.927,0.417,88.94,0.998,2025-01-05 13:17:30,12.0,31.9,24.7,28.77,1.64,0,12
0.699,19.937,0.364,89.171,1.021,2025-01-05 13:17:30,12.0,31.9,24.7,28.77,1.64,0,12
0.71,19.959,0.542,89.094,1.079,2025-01-05 13:17:30,12.0,31.9,24.7,28.77,1.64,0,12
0.689,19.893,0.354,88.817,0.948,2025-01-05 13:17:30,12.0,31.9,24.7,28.77,1.64,0,12
0.713,19.952,0.462,88.83,1.087,2025-01-05 13:17:30,12.0,31.9,24.7,28.77,1.64,0,12
0.732,20.009,0.473,88.706,1.08,2025-01-05 13:17:30,12.0,31.9,24.7,28.77,1.64,0,12
0.742,19.918,0.325,88.64,1.122,2025-01-05 13:17:30,12.0,31.9,24.7,28.77,1.64,0,12
0.727,19.959,0.385,89.126,1.081,2025-01-05 13:17:30,12.0,31.9,24.7,28.77,1.64,0,12
0.712,20.006,0.612,89.19,1.069,2025-01-05 13:17:30,12.0,31.9,24.7,28.77,1.64,0,12
0.676,19.927,0.585,88.572,1.024,2025-01-05 13:17:30,12.0,31.9,24.7,28.77,1.64,0,12
0.728,20.103,0.574,89.038,1.065,2025-01-05 13:17:30,12.0,31.9,24.7,28.77,1.64,0,12
0.681,20.006,0.515,88.656,0.952,2025-01-05 13:17:30,12.0,31.9,24.7,28.77,1.64,0,12
0.699,20.034,0.343,88.406,1.066,2025-01-05 19:01:57,13.0,32.6,25.7,28.95,2.01,0,13
0.714,20.062,0.332,88.962,1.079,2025-01-05 19:01:57,13.0,32.6,25.7,28.95,2.01,0,13
0.743,20.006,0.553,88.621,1.111,2025-01-05 19:01:57,13.0,32.6,25.7,28.95,2.01,0,13
0.696,20.003,0.494,88.841,1.023,2025-01-05 19:01:57,13.0,32.6,25.7,28.95,2.01,0,13
0.74,20.109,0.466,88.89,1.136,2025-01-05 19:01:57,13.0,32.6,25.7,28.95,2.01,0,13
0.723,19.921,0.581,89.06,1.138,2025-01-05 19:01:57,13.0,32.6,25.7,28.95,2.01,0,13
0.726,20.006,0.452,88.897,1.094,2025-01-05 19:01:57,13.0,32.6,25.7,28.95,2.01,0,13
0.711,19.889,0.609,88.93,1.025,2025-01-05 19:01:57,13.0,32.6,25.7,28.95,2.01,0,13
0.736,20.068,0.49,88.636,1.126,2025-01-05 19:01:57,13.0,32.6,25.7,28.95,2.01,0,13
0.717,20.006,0.441,89.086,1.08,2025-01-05 19:01:57,13.0,32.6,25.7,28.95,2.01,0,13
0.697,19.974,0.584,88.862,1.024,2025-01-05 19:01:57,13.0,32.6,25.7,28.95,2.01,0,13
0.716,19.965,0.311,89.065,1.069,2025-01-05 19:01:57,13.0,32.6,25.7,28.95,2.01,0,13
0.705,19.984,0.476,88.799,1.057,2025-01-05 19:01:57,13.0,32.6,25.7,28.95,2.01,0,13
0.725,19.889,0.396,88.878,1.098,2025-01-05 19:01:57,13.0,32.6,25.7,28.95,2.01,0,13
0.708,19.968,0.406,89.028,1.077,2025-01-05 19:01:57,13.0,32.6,25.7,28.95,2.01,0,13
0.687,19.861,0.444,88.598,0.999,2025-01-05 19:01:57,13.0,32.6,25.7,28.95,2.01,0,13
0.716,19.845,0.591,89.018,1.077,2025-01-05 19:01:57,13.0,32.6,25.7,28.95,2.01,0,13
0.697,19.852,0.371,89.041,1.009,2025-01-05 19:01:57,13.0,32.6,25.7,28.95,2.01,0,13
0.708,19.937,0.266,88.616,1.13,2025-01-05 19:01:57,13.0,32.6,25.7,28.95,2.01,0,13
0.709,20.018,0.427,88.62,1.096,2025-01-05 19:01:57,13.0,32.6,25.7,28.95,2.01,0,13
0.685,20.031,0.479,89.032,0.942,2025-01-05 21:12:05,14.0,44.9,24.3,29.91,4.04,0,14
0.691,19.908,0.644,88.624,1.003,2025-01-05 21:12:05,14.0,44.9,24.3,29.91,4.04,0,14
0.682,19.949,0.49,88.738,0.999,2025-01-05 21:12:05,14.0,44.9,24.3,29.91,4.04,0,14
0.736,20.16,0.564,88.908,1.119,2025-01-05 21:12:05,14.0,44.9,24.3,29.91,4.04,0,14
0.683,20.021,0.476,89.096,1.001,2025-01-05 21:12:05,14.0,44.9,24.3,29.91,4.04,0,14
0.719,20.028,0.399,88.744,1.038,2025-01-05 21:12:05,14.0,44.9,24.3,29.91,4.04,0,14
0.696,19.93,0.273,88.707,1.005,2025-01-05 21:12:05,14.0,44.9,24.3,29.91,4.04,0,14
0.696,19.889,0.417,88.463,0.985,2025-01-05 21:12:05,14.0,44.9,24.3,29.91,4.04,0,14
0.702,19.94,0.336,88.729,0.97,2025-01-05 21:12:05,14.0,44.9,24.3,29.91,4.04,0,14
0.708,19.918,0.644,89.3,1.018,2025-01-05 21:12:05,14.0,44.9,24.3,29.91,4.04,0,14
0.726,20.037,0.427,88.972,1.091,2025-01-05 21:12:05,14.0,44.9,24.3,29.91,4.04,0,14
0.684,19.968,0.399,88.807,0.993,2025-01-05 21:12:05,14.0,44.9,24.3,29.91,4.04,0,14
0.706,19.905,0.298,88.446,1.05,2025-01-05 21:12:05,14.0,44.9,24.3,29.91,4.04,0,14
0.722,20.056,0.539,88.763,1.086,2025-01-05 21:12:05,14.0,44.9,24.3,29.91,4.04,0,14
0.687,19.915,0.381,88.411,0.978,2025-01-05 21:12:05,14.0,44.9,24.3,29.91,4.04,0,14
0.72,20.065,0.41,88.75,1.136,2025-01-05 21:12:05,14.0,44.9,24.3,29.91,4.04,0,14
0.706,19.977,0.556,88.966,0.994,2025-01-05 21:12:05,14.0,44.9,24.3,29.91,4.04,0,14
0.71,19.99,0.469,88.907,1.067,2025-01-05 21:12:05,14.0,44.9,24.3,29.91,4.04,0,14
0.718,19.974,0.41,88.783,1.069,2025-01-06 11:15:02,15.0,40.1,24.7,28.3,3.67,0,15
0.681,19.927,0.361,88.759,1.034,2025-01-06 11:15:02,15.0,40.1,24.7,28.3,3.67,0,15
0.711,19.849,0.346,88.874,1.002,2025-01-06 11:15:02,15.0,40.1,24.7,28.3,3.67,0,15
0.679,19.883,0.602,88.567,1.014,2025-01-06 11:15:02,15.0,40.1,24.7,28.3,3.67,0,15
0.709,19.962,0.378,88.793,1.08,2025-01-06 11:15:02,15.0,40.1,24.7,28.3,3.67,0,15
0.71,20.034,0.378,88.587,1.037,2025-01-06 11:15:02,15.0,40.1,24.7,28.3,3.67,0,15
0.741,19.977,0.273,88.635,1.127,2025-01-06 11:15:02,15.0,40.1,24.7,28.3,3.67,0,15
0.732,19.968,0.43,88.617,1.129,2025-01-06 11:15:02,15.0,40.1,24.7,28.3,3.67,0,15
0.678,19.886,0.563,89.07,1.001,2025-01-06 11:15:02,15.0,40.1,24.7,28.3,3.67,0,15
0.697,19.996,0.462,88.556,0.977,2025-01-06 11:15:02,15.0,40.1,24.7,28.3,3.67,0,15
0.685,19.849,0.361,89.011,1.004,2025-01-06 11:15:02,15.0,40.1,24.7,28.3,3.67,0,15
0.696,19.855,0.381,88.772,1.029,2025-01-06 11:15:02,15.0,40.1,24.7,28.3,3.67,0,15
0.7,19.981,0.476,89.204,1.039,2025-01-06 11:15:02,15.0,40.1,24.7,28.3,3.67,0,15
0.714,19.974,0.396,88.839,1.129,2025-01-06 11:15:02,15.0,40.1,24.7,28.3,3.67,0,15
0.717,19.911,0.473,88.679,1.11,2025-01-06 11:15:02,15.0,40.1,24.7,28.3,3.67,0,15
0.727,19.984,0.445,89.069,1.071,2025-01-06 11:15:02,15.0,40.1,24.7,28.3,3.67,0,15
0.718,19.993,0.273,88.773,1.142,2025-01-06 11:15:02,15.0,40.1,24.7,28.3,3.67,0,15
0.72,19.886,0.434,88.857,1.132,2025-01-06 11:15:02,15.0,40.1,24.7,28.3,3.67,0,15
0.729,19.94,0.473,88.907,1.089,2025-01-06 11:15:02,15.0,40.1,24.7,28.3,3.67,0,15
0.704,19.987,0.483,88.556,1.124,2025-01-06 13:05:14,16.0,35.8,24.7,29.03,2.51,0,16
0.693,19.968,0.361,89.085,1.012,2025-01-06 13:05:14,16.0,35.8,24.7,29.03,2.51,0,16
0.715,19.946,0.34,88.815,1.0,2025-01-06 13:05:14,16.0,35.8,24.7,29.03,2.51,0,16
0.73,19.981,0.494,88.87,1.06,2025-01-06 13:05:14,16.0,35.8,24.7,29.03,2.51,0,16
0.743,20.043,0.49,89.058,1.152,2025-01-06 13:05:14,16.0,35.8,24.7,29.03,2.51,0,16
0.716,19.965,0.308,89.079,1.04,2025-01-06 13:05:14,16.0,35.8,24.7,29.03,2.51,0,16
0.738,19.977,0.504,88.659,1.109,2025-01-06 13:05:14,16.0,35.8,24.7,29.03,2.51,0,16
0.69,19.981,0.487,88.49,1.08,2025-01-06 13:05:14,16.0,35.8,24.7,29.03,2.51,0,16
0.716,19.996,0.507,88.952,1.046,2025-01-06 13:05:14,16.0,35.8,24.7,29.03,2.51,0,16
0.699,19.955,0.452,88.906,1.068,2025-01-06 13:05:14,16.0,35.8,24.7,29.03,2.51,0,16
0.689,19.965,0.392,88.506,1.067,2025-01-06 13:05:14,16.0,35.8,24.7,29.03,2.51,0,16
0.74,20.043,0.427,89.015,1.181,2025-01-06 13:05:14,16.0,35.8,24.7,29.03,2.51,0,16
0.731,20.037,0.423,88.987,1.144,2025-01-06 13:05:14,16.0,35.8,24.7,29.03,2.51,0,16
0.71,19.996,0.462,88.695,1.086,2025-01-06 13:05:14,16.0,35.8,24.7,29.03,2.51,0,16
0.693,20.025,0.364,88.494,0.982,2025-01-06 13:05:14,16.0,35.8,24.7,29.03,2.51,0,16
0.716,19.981,0.508,88.686,1.004,2025-01-06 13:05:14,16.0,35.8,24.7,29.03,2.51,0,16
0.71,19.946,0.469,88.757,1.067,2025-01-06 13:05:14,16.0,35.8,24.7,29.03,2.51,0,16
0.691,19.93,0.515,88.91,1.02,2025-01-06 13:05:14,16.0,35.8,24.7,29.03,2.51,0,16
0.718,20.021,0.623,88.963,1.124,2025-01-06 13:05:14,16.0,35.8,24.7,29.03,2.51,0,16
0.705,20.009,0.455,88.908,0.948,2025-01-06 19:15:23,17.0,34.4,25.7,29.65,2.24,0,17
0.706,19.999,0.574,89.032,1.031,2025-01-06 19:15:23,17.0,34.4,25.7,29.65,2.24,0,17
0.691,19.981,0.312,88.843,1.001,2025-01-06 19:15:23,17.0,34.4,25.7,29.65,2.24,0,17
0.71,20.034,0.287,89.027,1.062,2025-01-06 19:15:23,17.0,34.4,25.7,29.65,2.24,0,17
0.703,19.984,0.315,89.049,1.015,2025-01-06 19:15:23,17.0,34.4,25.7,29.65,2.24,0,17
0.707,19.962,0.413,88.757,1.144,2025-01-06 19:15:23,17.0,34.4,25.7,29.65,2.24,0,17
0.725,19.889,0.584,88.932,1.12,2025-01-06 19:15:23,17.0,34.4,25.7,29.65,2.24,0,17
0.734,20.046,0.455,89.046,1.084,2025-01-06 19:15:23,17.0,34.4,25.7,29.65,2.24,0,17
0.701,20.006,0.252,88.629,1.013,2025-01-06 19:15:23,17.0,34.4,25.7,29.65,2.24,0,17
0.702,19.899,0.385,89.007,1.033,2025-01-06 19:15:23,17.0,34.4,25.7,29.65,2.24,0,17
0.728,19.977,0.567,88.963,1.152,2025-01-06 19:15:23,17.0,34.4,25.7,29.65,2.24,0,17
0.721,19.955,0.423,88.614,1.078,2025-01-06 19:15:23,17.0,34.4,25.7,29.65,2.24,0,17
0.745,20.053,0.367,88.754,1.176,2025-01-06 19:15:23,17.0,34.4,25.7,29.65,2.24,0,17
0.717,20.075,0.371,89.266,1.117,2025-01-06 19:15:23,17.0,34.4,25.7,29.65,2.24,0,17
0.722,19.893,0.462,89.187,1.055,2025-01-06 19:15:23,17.0,34.4,25.7,29.65,2.24,0,17
0.712,19.905,0.574,88.948,1.111,2025-01-06 19:15:23,17.0,34.4,25.7,29.65,2.24,0,17
0.707,20.103,0.434,88.983,1.142,2025-01-06 19:15:23,17.0,34.4,25.7,29.65,2.24,0,17
0.688,19.968,0.322,88.708,1.015,2025-01-06 19:15:23,17.0,34.4,25.7,29.65,2.24,0,17
0.746,19.905,0.469,89.184,1.076,2025-01-06 19:15:23,17.0,34.4,25.7,29.65,2.24,0,17
0.742,19.987,0.41,89.022,1.168,2025-01-06 19:15:23,17.0,34.4,25.7,29.65,2.24,0,17
0.718,19.94,0.543,88.667,1.102,2025-01-06 21:10:31,18.0,84.3,24.6,31.21,12.68,0,18
0.7,19.999,0.56,88.684,1.012,2025-01-06 21:10:31,18.0,84.3,24.6,31.21,12.68,0,18
0.698,20.034,0.42,89.018,1.01,2025-01-06 21:10:31,18.0,84.3,24.6,31.21,12.68,0,18
0.724,20.053,0.469,88.78,1.153,2025-01-06 21:10:31,18.0,84.3,24.6,31.21,12.68,0,18
0.739,19.987,0.385,88.768,1.138,2025-01-06 21:10:31,18.0,84.3,24.6,31.21,12.68,0,18
0.722,20.075,0.445,88.69,1.058,2025-01-06 21:10:31,18.0,84.3,24.6,31.21,12.68,0,18
0.728,19.921,0.448,89.141,1.072,2025-01-06 21:10:31,18.0,84.3,24.6,31.21,12.68,0,18
0.714,19.977,0.5,89.02,1.1,2025-01-06 21:10:31,18.0,84.3,24.6,31.21,12.68,0,18
0.718,19.918,0.5,89.022,1.1,2025-01-06 21:10:31,18.0,84.3,24.6,31.21,12.68,0,18
0.702,19.955,0.322,89.129,0.997,2025-01-06 21:10:31,18.0,84.3,24.6,31.21,12.68,0,18
0.722,19.943,0.487,88.809,1.117,2025-01-06 21:10:31,18.0,84.3,24.6,31.21,12.68,0,18
0.695,19.984,0.557,88.459,1.08,2025-01-06 21:10:31,18.0,84.3,24.6,31.21,12.68,0,18
0.744,20.075,0.518,89.044,1.107,2025-01-06 21:10:31,18.0,84.3,24.6,31.21,12.68,0,18
0.696,20.04,0.294,88.959,1.049,2025-01-06 21:10:31,18.0,84.3,24.6,31.21,12.68,0,18
0.707,20.043,0.445,88.802,1.029,2025-01-06 21:10:31,18.0,84.3,24.6,31.21,12.68,0,18
0.756,20.072,0.55,89.068,1.126,2025-01-06 21:10:31,18.0,84.3,24.6,31.21,12.68,0,18
0.747,20.062,0.441,89.281,1.129,2025-01-06 21:10:31,18.0,84.3,24.6,31.21,12.68,0,18
0.69,19.946,0.381,88.73,1.016,2025-01-07 11:18:28,19.0,83.8,24.5,29.79,12.84,0,19
0.705,20.025,0.406,88.344,1.003,2025-01-07 11:18:28,19.0,83.8,24.5,29.79,12.84,0,19
0.695,19.981,0.693,88.855,1.02,2025-01-07 11:18:28,19.0,83.8,24.5,29.79,12.84,0,19
0.7,20.072,0.427,89.018,1.041,2025-01-07 11:18:28,19.0,83.8,24.5,29.79,12.84,0,19
0.665,19.981,0.627,88.803,0.994,2025-01-07 11:18:28,19.0,83.8,24.5,29.79,12.84,0,19
0.701,19.987,0.469,89.018,1.066,2025-01-07 11:18:28,19.0,83.8,24.5,29.79,12.84,0,19
0.711,19.93,0.598,88.639,1.07,2025-01-07 11:18:28,19.0,83.8,24.5,29.79,12.84,0,19
0.702,20.046,0.402,89.111,1.035,2025-01-07 11:18:28,19.0,83.8,24.5,29.79,12.84,0,19
0.716,19.977,0.364,88.896,1.027,2025-01-07 11:18:28,19.0,83.8,24.5,29.79,12.84,0,19
0.718,19.987,0.385,89.217,1.121,2025-01-07 11:18:28,19.0,83.8,24.5,29.79,12.84,0,19
0.729,19.999,0.476,88.831,1.118,2025-01-07 11:18:28,19.0,83.8,24.5,29.79,12.84,0,19
0.718,19.984,0.556,89.114,1.123,2025-01-07 11:18:28,19.0,83.8,24.5,29.79,12.84,0,19
0.695,20.034,0.441,88.364,1.03,2025-01-07 11:18:28,19.0,83.8,24.5,29.79,12.84,0,19
0.702,20.018,0.329,88.974,0.997,2025-01-07 11:18:28,19.0,83.8,24.5,29.79,12.84,0,19
0.725,19.984,0.389,89.118,1.044,2025-01-07 11:18:28,19.0,83.8,24.5,29.79,12.84,0,19
0.739,20.04,0.34,88.735,1.114,2025-01-07 11:18:28,19.0,83.8,24.5,29.79,12.84,0,19
0.714,19.965,0.578,88.787,1.111,2025-01-07 11:18:28,19.0,83.8,24.5,29.79,12.84,0,19
0.709,19.968,0.378,88.896,1.051,2025-01-07 11:18:28,19.0,83.8,24.5,29.79,12.84,0,19
0.735,20.065,0.308,88.903,1.153,2025-01-07 11:18:28,19.0,83.8,24.5,29.79,12.84,0,19
0.731,20.025,0.399,88.977,1.123,2025-01-07 12:48:32,20.0,30.1,25.0,27.9,1.34,0,20
0.719,20.031,0.462,88.711,1.011,2025-01-07 12:48:32,20.0,30.1,25.0,27.9,1.34,0,20
0.717,20.018,0.367,89.108,1.129,2025-01-07 12:48:32,20.0,30.1,25.0,27.9,1.34,0,20
0.721,20.112,0.532,89.016,1.127,2025-01-07 12:48:32,20.0,30.1,25.0,27.9,1.34,0,20
0.707,20.031,0.367,88.914,1.073,2025-01-07 12:48:32,20.0,30.1,25.0,27.9,1.34,0,20
0.717,20.012,0.252,88.592,1.012,2025-01-07 12:48:32,20.0,30.1,25.0,27.9,1.34,0,20
0.71,20.003,0.329,88.471,1.045,2025-01-07 12:48:32,20.0,30.1,25.0,27.9,1.34,0,20
0.729,20.034,0.367,88.699,1.114,2025-01-07 12:48:32,20.0,30.1,25.0,27.9,1.34,0,20
0.685,20.021,0.343,88.864,1.028,2025-01-07 12:48:32,20.0,30.1,25.0,27.9,1.34,0,20
0.71,19.987,0.255,88.901,1.006,2025-01-07 12:48:32,20.0,30.1,25.0,27.9,1.34,0,20
0.723,19.987,0.35,88.755,1.087,2025-01-07 12:48:32,20.0,30.1,25.0,27.9,1.34,0,20
0.722,19.977,0.427,88.762,1.149,2025-01-07 12:48:32,20.0,30.1,25.0,27.9,1.34,0,20
0.692,19.937,0.388,89.152,1.068,2025-01-07 12:48:32,20.0,30.1,25.0,27.9,1.34,0,20
0.7,19.974,0.41,89.108,1.089,2025-01-07 12:48:32,20.0,30.1,25.0,27.9,1.34,0,20
0.686,20.034,0.434,88.904,0.968,2025-01-07 12:48:32,20.0,30.1,25.0,27.9,1.34,0,20
0.71,19.99,0.504,88.962,1.041,2025-01-07 12:48:32,20.0,30.1,25.0,27.9,1.34,0,20
0.731,19.984,0.62,88.91,1.163,2025-01-07 12:48:32,20.0,30.1,25.0,27.9,1.34,0,20
0.711,19.996,0.515,88.632,1.091,2025-01-07 12:48:32,20.0,30.1,25.0,27.9,1.34,0,20
0.731,19.962,0.507,88.658,1.139,2025-01-07 12:48:32,20.0,30.1,25.0,27.9,1.34,0,20
0.726,19.977,0.543,88.951,1.086,2025-01-07 19:08:52,21.0,35.8,27.3,30.46,2.21,0,21
0.709,20.034,0.497,88.793,1.095,2025-01-07 19:08:52,21.0,35.8,27.3,30.46,2.21,0,21
0.738,20.053,0.343,88.592,1.064,2025-01-07 19:08:52,21.0,35.8,27.3,30.46,2.21,0,21
0.7,20.031,0.578,88.619,1.035,2025-01-07 19:08:52,21.0,35.8,27.3,30.46,2.21,0,21
0.744,20.078,0.427,88.597,1.069,2025-01-07 19:08:52,21.0,35.8,27.3,30.46,2.21,0,21
0.711,20.05,0.392,88.446,1.09,2025-01-07 19:08:52,21.0,35.8,27.3,30.46,2.21,0,21
0.696,19.984,0.48,88.724,1.029,2025-01-07 19:08:52,21.0,35.8,27.3,30.46,2.21,0,21
0.693,19.999,0.532,88.672,0.997,2025-01-07 19:08:52,21.0,35.8,27.3,30.46,2.21,0,21
0.735,20.006,0.315,88.69,1.094,2025-01-07 19:08:52,21.0,35.8,27.3,30.46,2.21,0,21
0.705,19.959,0.535,88.874,0.979,2025-01-07 19:08:52,21.0,35.8,27.3,30.46,2.21,0,21
0.7,20.062,0.507,88.498,1.052,2025-01-07 19:08:52,21.0,35.8,27.3,30.46,2.21,0,21
0.69,19.88,0.511,89.023,1.035,2025-01-07 19:08:52,21.0,35.8,27.3,30.46,2.21,0,21
0.738,19.946,0.546,88.801,1.072,2025-01-07 19:08:52,21.0,35.8,27.3,30.46,2.21,0,21
0.705,19.999,0.336,88.941,1.084,2025-01-07 19:08:52,21.0,35.8,27.3,30.46,2.21,0,21
0.727,19.937,0.455,88.553,1.073,2025-01-07 19:08:52,21.0,35.8,27.3,30.46,2.21,0,21
0.741,20.097,0.462,88.882,1.119,2025-01-07 19:08:52,21.0,35.8,27.3,30.46,2.21,0,21
0.734,19.987,0.525,88.735,1.05,2025-01-07 19:08:52,21.0,35.8,27.3,30.46,2.21,0,21
0.69,20.003,0.417,88.957,1.002,2025-01-07 19:08:52,21.0,35.8,27.3,30.46,2.21,0,21
0.727,20.021,0.626,88.684,1.027,2025-01-07 19:08:52,21.0,35.8,27.3,30.46,2.21,0,21
0.712,19.996,0.5,89.095,1.024,2025-01-08 11:27:06,22.0,40.3,25.0,32.16,3.7,0,22
0.724,20.128,0.577,88.841,1.034,2025-01-08 11:27:06,22.0,40.3,25.0,32.16,3.7,0,22
0.723,19.946,0.452,88.789,1.039,2025-01-08 11:27:06,22.0,40.3,25.0,32.16,3.7,0,22
0.701,19.984,0.41,89.002,1.012,2025-01-08 11:27:06,22.0,40.3,25.0,32.16,3.7,0,22
0.735,19.918,0.438,89.138,1.088,2025-01-08 11:27:06,22.0,40.3,25.0,32.16,3.7,0,22
0.721,20.028,0.42,88.886,1.0,2025-01-08 11:27:06,22.0,40.3,25.0,32.16,3.7,0,22
0.671,19.949,0.406,88.798,0.909,2025-01-08 11:27:06,22.0,40.3,25.0,32.16,3.7,0,22
0.728,20.021,0.455,88.674,1.07,2025-01-08 11:27:06,22.0,40.3,25.0,32.16,3.7,0,22
0.712,19.893,0.553,88.842,1.083,2025-01-08 11:27:06,22.0,40.3,25.0,32.16,3.7,0,22
0.72,19.993,0.43,88.839,1.035,2025-01-08 11:27:06,22.0,40.3,25.0,32.16,3.7,0,22
0.724,20.046,0.29,89.071,0.992,2025-01-08 11:27:06,22.0,40.3,25.0,32.16,3.7,0,22
0.71,19.977,0.396,89.051,1.115,2025-01-08 11:27:06,22.0,40.3,25.0,32.16,3.7,0,22
0.705,20.04,0.494,89.038,1.073,2025-01-08 11:27:06,22.0,40.3,25.0,32.16,3.7,0,22
0.721,19.921,0.49,88.726,1.065,2025-01-08 11:27:06,22.0,40.3,25.0,32.16,3.7,0,22
0.728,19.952,0.396,88.685,1.041,2025-01-08 11:27:06,22.0,40.3,25.0,32.16,3.7,0,22
0.737,19.977,0.469,89.013,1.016,2025-01-08 13:07:12,23.0,84.1,25.7,33.23,12.18,0,23
0.691,19.927,0.406,88.94,0.992,2025-01-08 13:07:12,23.0,84.1,25.7,33.23,12.18,0,23
0.69,19.874,0.486,88.656,0.99,2025-01-08 13:07:12,23.0,84.1,25.7,33.23,12.18,0,23
0.741,19.968,0.371,88.892,1.078,2025-01-08 13:07:12,23.0,84.1,25.7,33.23,12.18,0,23
0.697,19.927,0.378,88.769,1.046,2025-01-08 13:07:12,23.0,84.1,25.7,33.23,12.18,0,23
0.711,19.946,0.476,88.843,1.008,2025-01-08 13:07:12,23.0,84.1,25.7,33.23,12.18,0,23
0.698,20.034,0.452,88.483,0.999,2025-01-08 13:07:12,23.0,84.1,25.7,33.23,12.18,0,23
0.719,19.959,0.392,88.765,1.043,2025-01-08 13:07:12,23.0,84.1,25.7,33.23,12.18,0,23
0.704,19.946,0.56,88.533,0.996,2025-01-08 13:07:12,23.0,84.1,25.7,33.23,12.18,0,23
0.717,19.918,0.49,89.111,1.131,2025-01-08 13:07:12,23.0,84.1,25.7,33.23,12.18,0,23
0.701,19.871,0.588,88.52,1.085,2025-01-08 13:07:12,23.0,84.1,25.7,33.23,12.18,0,23
0.71,19.924,0.473,89.0,1.066,2025-01-08 13:07:12,23.0,84.1,25.7,33.23,12.18,0,23
0.739,19.974,0.546,88.774,1.113,2025-01-08 13:07:12,23.0,84.1,25.7,33.23,12.18,0,23
0.708,20.025,0.378,89.305,1.068,2025-01-08 13:07:12,23.0,84.1,25.7,33.23,12.18,0,23
0.708,19.937,0.479,88.997,1.107,2025-01-08 13:07:12,23.0,84.1,25.7,33.23,12.18,0,23
0.715,19.952,0.402,88.765,1.102,2025-01-08 13:07:12,23.0,84.1,25.7,33.23,12.18,0,23
0.723,19.921,0.458,89.164,1.083,2025-01-08 13:07:12,23.0,84.1,25.7,33.23,12.18,0,23
0.723,19.955,0.539,89.119,1.054,2025-01-08 13:07:12,23.0,84.1,25.7,33.23,12.18,0,23
0.743,20.075,0.511,88.947,1.075,2025-01-08 21:17:35,24.0,35.3,23.7,29.44,2.46,0,24
0.691,19.915,0.567,88.698,1.029,2025-01-08 21:17:35,24.0,35.3,23.7,29.44,2.46,0,24
0.723,20.031,0.34,89.057,1.068,2025-01-08 21:17:35,24.0,35.3,23.7,29.44,2.46,0,24
0.686,19.959,0.396,88.824,1.017,2025-01-08 21:17:35,24.0,35.3,23.7,29.44,2.46,0,24
0.711,20.018,0.434,88.644,1.095,2025-01-08 21:17:35,24.0,35.3,23.7,29.44,2.46,0,24
0.718,19.996,0.591,88.764,1.098,2025-01-08 21:17:35,24.0,35.3,23.7,29.44,2.46,0,24
0.704,20.031,0.564,88.816,1.034,2025-01-08 21:17:35,24.0,35.3,23.7,29.44,2.46,0,24
0.704,19.968,0.402,88.837,1.028,2025-01-08 21:17:35,24.0,35.3,23.7,29.44,2.46,0,24
0.708,19.981,0.392,88.952,0.983,2025-01-08 21:17:35,24.0,35.3,23.7,29.44,2.46,0,24
0.704,19.943,0.518,89.148,1.08,2025-01-08 21:17:35,24.0,35.3,23.7,29.44,2.46,0,24
0.708,20.006,0.553,88.781,1.074,2025-01-08 21:17:35,24.0,35.3,23.7,29.44,2.46,0,24
0.709,20.031,0.431,89.1,1.031,2025-01-08 21:17:35,24.0,35.3,23.7,29.44,2.46,0,24
0.721,20.109,0.609,88.863,1.11,2025-01-08 21:17:35,24.0,35.3,23.7,29.44,2.46,0,24
0.731,20.037,0.571,88.719,1.142,2025-01-08 21:17:35,24.0,35.3,23.7,29.44,2.46,0,24
0.709,19.927,0.452,88.808,1.047,2025-01-08 21:17:35,24.0,35.3,23.7,29.44,2.46,0,24
0.666,19.877,0.396,88.718,1.012,2025-01-08 21:17:35,24.0,35.3,23.7,29.44,2.46,0,24
0.688,19.952,0.532,88.657,1.037,2025-01-08 21:17:35,24.0,35.3,23.7,29.44,2.46,0,24
0.711,20.031,0.5,89.0,1.089,2025-01-08 21:17:35,24.0,35.3,23.7,29.44,2.46,0,24
0.699,19.996,0.417,88.7,1.032,2025-01-08 21:17:35,24.0,35.3,23.7,29.44,2.46,0,24
0.705,19.871,0.501,88.804,1.048,2025-01-08 21:17:35,24.0,35.3,23.7,29.44,2.46,0,24
0.735,20.144,0.42,88.821,1.111,2025-01-09 11:45:11,27.0,37.9,25.2,29.31,2.63,0,27
0.715,20.072,0.406,88.816,1.063,2025-01-09 11:45:11,27.0,37.9,25.2,29.31,2.63,0,27
0.709,20.031,0.361,88.701,1.033,2025-01-09 11:45:11,27.0,37.9,25.2,29.31,2.63,0,27
0.702,20.003,0.361,88.915,0.987,2025-01-09 11:45:11,27.0,37.9,25.2,29.31,2.63,0,27
0.74,20.084,0.591,88.578,1.155,2025-01-09 11:45:11,27.0,37.9,25.2,29.31,2.63,0,27
0.729,19.962,0.367,88.655,1.126,2025-01-09 11:45:11,27.0,37.9,25.2,29.31,2.63,0,27
0.702,20.021,0.423,88.551,1.023,2025-01-09 11:45:11,27.0,37.9,25.2,29.31,2.63,0,27
0.724,20.025,0.473,88.988,1.119,2025-01-09 11:45:11,27.0,37.9,25.2,29.31,2.63,0,27
0.714,20.009,0.49,88.48,1.102,2025-01-09 11:45:11,27.0,37.9,25.2,29.31,2.63,0,27
0.7,19.921,0.245,88.792,1.036,2025-01-09 11:45:11,27.0,37.9,25.2,29.31,2.63,0,27
0.708,20.028,0.452,88.65,1.06,2025-01-09 11:45:11,27.0,37.9,25.2,29.31,2.63,0,27
0.688,19.949,0.336,88.687,1.024,2025-01-09 11:45:11,27.0,37.9,25.2,29.31,2.63,0,27
0.733,20.081,0.434,88.644,1.09,2025-01-09 11:45:11,27.0,37.9,25.2,29.31,2.63,0,27
0.723,20.006,0.641,89.151,1.205,2025-01-09 11:45:11,27.0,37.9,25.2,29.31,2.63,0,27
0.703,19.955,0.504,88.773,1.087,2025-01-09 11:45:11,27.0,37.9,25.2,29.31,2.63,0,27
0.726,20.05,0.392,88.549,1.117,2025-01-09 11:45:11,27.0,37.9,25.2,29.31,2.63,0,27
0.723,20.04,0.364,88.756,1.107,2025-01-09 11:45:11,27.0,37.9,25.2,29.31,2.63,0,27
0.71,19.974,0.385,88.743,1.068,2025-01-09 11:45:11,27.0,37.9,25.2,29.31,2.63,0,27
0.717,20.109,0.308,88.823,1.115,2025-01-09 11:45:11,27.0,37.9,25.2,29.31,2.63,0,27
0.725,20.062,0.42,89.075,1.101,2025-01-09 12:55:15,28.0,31.6,25.9,28.63,1.65,0,28
0.685,19.911,0.417,88.726,1.021,2025-01-09 12:55:15,28.0,31.6,25.9,28.63,1.65,0,28
0.685,19.984,0.469,88.394,1.037,2025-01-09 12:55:15,28.0,31.6,25.9,28.63,1.65,0,28
0.722,19.99,0.476,88.977,1.099,2025-01-09 12:55:15,28.0,31.6,25.9,28.63,1.65,0,28
0.725,20.068,0.396,88.578,1.098,2025-01-09 12:55:15,28.0,31.6,25.9,28.63,1.65,0,28
0.713,20.078,0.521,88.577,1.056,2025-01-09 12:55:15,28.0,31.6,25.9,28.63,1.65,0,28
0.71,19.962,0.427,88.798,1.077,2025-01-09 12:55:15,28.0,31.6,25.9,28.63,1.65,0,28
0.726,19.94,0.259,88.819,1.093,2025-01-09 12:55:15,28.0,31.6,25.9,28.63,1.65,0,28
0.692,19.996,0.371,88.709,1.054,2025-01-09 12:55:15,28.0,31.6,25.9,28.63,1.65,0,28
0.701,19.984,0.361,88.939,1.094,2025-01-09 12:55:15,28.0,31.6,25.9,28.63,1.65,0,28
0.704,19.952,0.602,88.525,1.047,2025-01-09 12:55:15,28.0,31.6,25.9,28.63,1.65,0,28
0.711,20.072,0.469,88.806,1.131,2025-01-09 12:55:15,28.0,31.6,25.9,28.63,1.65,0,28
0.731,19.996,0.395,88.726,1.054,2025-01-09 12:55:15,28.0,31.6,25.9,28.63,1.65,0,28
0.704,19.981,0.546,88.728,1.052,2025-01-09 12:55:15,28.0,31.6,25.9,28.63,1.65,0,28
0.675,20.006,0.49,88.51,1.038,2025-01-09 12:55:15,28.0,31.6,25.9,28.63,1.65,0,28
0.738,20.087,0.494,88.789,1.14,2025-01-09 12:55:15,28.0,31.6,25.9,28.63,1.65,0,28
0.699,20.034,0.287,88.609,1.04,2025-01-09 12:55:15,28.0,31.6,25.9,28.63,1.65,0,28
0.732,19.962,0.525,89.047,1.112,2025-01-09 12:55:15,28.0,31.6,25.9,28.63,1.65,0,28
0.722,20.034,0.263,88.659,1.103,2025-01-09 12:55:15,28.0,31.6,25.9,28.63,1.65,0,28
0.702,19.949,0.308,88.406,1.003,2025-01-09 19:15:30,29.0,38.5,22.1,29.82,3.67,0,29
0.727,20.025,0.434,88.635,1.145,2025-01-09 19:15:30,29.0,38.5,22.1,29.82,3.67,0,29
0.713,20.062,0.378,88.94,0.95,2025-01-09 19:15:30,29.0,38.5,22.1,29.82,3.67,0,29
0.668,20.025,0.511,88.659,1.054,2025-01-09 19:15:30,29.0,38.5,22.1,29.82,3.67,0,29
0.697,19.987,0.535,88.366,1.058,2025-01-09 19:15:30,29.0,38.5,22.1,29.82,3.67,0,29
0.704,20.012,0.294,88.478,1.036,2025-01-09 19:15:30,29.0,38.5,22.1,29.82,3.67,0,29
0.726,20.028,0.445,89.023,1.098,2025-01-09 19:15:30,29.0,38.5,22.1,29.82,3.67,0,29
0.714,20.103,0.332,88.629,1.117,2025-01-09 19:15:30,29.0,38.5,22.1,29.82,3.67,0,29
0.719,20.003,0.371,88.864,1.002,2025-01-09 19:15:30,29.0,38.5,22.1,29.82,3.67,0,29
0.709,20.062,0.42,88.664,1.049,2025-01-09 19:15:30,29.0,38.5,22.1,29.82,3.67,0,29
0.736,20.021,0.368,89.019,1.179,2025-01-09 19:15:30,29.0,38.5,22.1,29.82,3.67,0,29
0.731,20.156,0.515,89.052,1.032,2025-01-09 19:15:30,29.0,38.5,22.1,29.82,3.67,0,29
0.734,20.068,0.318,88.68,1.147,2025-01-09 19:15:30,29.0,38.5,22.1,29.82,3.67,0,29
0.733,20.087,0.49,89.106,1.158,2025-01-09 19:15:30,29.0,38.5,22.1,29.82,3.67,0,29
0.702,20.119,0.301,89.003,1.087,2025-01-09 19:15:30,29.0,38.5,22.1,29.82,3.67,0,29
0.711,20.046,0.445,88.654,1.035,2025-01-09 19:15:30,29.0,38.5,22.1,29.82,3.67,0,29
0.687,20.053,0.361,88.721,1.104,2025-01-09 19:15:30,29.0,38.5,22.1,29.82,3.67,0,29
0.712,19.965,0.455,88.986,1.131,2025-01-09 19:15:30,29.0,38.5,22.1,29.82,3.67,0,29
0.701,20.031,0.311,88.642,1.034,2025-01-09 19:15:30,29.0,38.5,22.1,29.82,3.67,0,29
0.708,19.968,0.353,88.704,1.034,2025-01-09 19:15:30,29.0,38.5,22.1,29.82,3.67,0,29
0.716,19.927,0.546,88.499,1.101,2025-01-09 21:20:34,30.0,43.3,23.0,30.05,4.33,0,30
0.709,19.949,0.336,88.628,0.995,2025-01-09 21:20:34,30.0,43.3,23.0,30.05,4.33,0,30
0.695,19.943,0.462,88.414,1.077,2025-01-09 21:20:34,30.0,43.3,23.0,30.05,4.33,0,30
0.687,19.943,0.395,88.823,1.039,2025-01-09 21:20:34,30.0,43.3,23.0,30.05,4.33,0,30
0.689,19.849,0.35,88.701,1.046,2025-01-09 21:20:34,30.0,43.3,23.0,30.05,4.33,0,30
0.707,20.037,0.445,88.651,0.981,2025-01-09 21:20:34,30.0,43.3,23.0,30.05,4.33,0,30
0.704,19.965,0.42,88.738,1.056,2025-01-09 21:20:34,30.0,43.3,23.0,30.05,4.33,0,30
0.683,19.949,0.469,88.512,1.013,2025-01-09 21:20:34,30.0,43.3,23.0,30.05,4.33,0,30
0.701,19.902,0.399,88.838,0.97,2025-01-09 21:20:34,30.0,43.3,23.0,30.05,4.33,0,30
0.714,20.021,0.497,88.874,1.081,2025-01-09 21:20:34,30.0,43.3,23.0,30.05,4.33,0,30
0.688,19.996,0.448,88.752,0.978,2025-01-09 21:20:34,30.0,43.3,23.0,30.05,4.33,0,30
0.714,19.977,0.689,89.071,1.11,2025-01-09 21:20:34,30.0,43.3,23.0,30.05,4.33,0,30
0.704,20.078,0.378,88.802,1.038,2025-01-09 21:20:34,30.0,43.3,23.0,30.05,4.33,0,30
0.716,19.905,0.469,88.627,0.968,2025-01-09 21:20:34,30.0,43.3,23.0,30.05,4.33,0,30
0.748,19.999,0.41,88.7,1.181,2025-01-09 21:20:34,30.0,43.3,23.0,30.05,4.33,0,30
0.712,20.087,0.466,89.028,1.136,2025-01-09 21:20:34,30.0,43.3,23.0,30.05,4.33,0,30
0.671,19.921,0.417,88.853,0.966,2025-01-09 21:20:34,30.0,43.3,23.0,30.05,4.33,0,30
0.734,20.046,0.417,88.953,1.162,2025-02-10 20:24:04,31.0,49.2,27.8,32.47,4.67,0,31
0.706,19.927,0.508,88.674,1.201,2025-02-10 20:24:04,31.0,49.2,27.8,32.47,4.67,0,31
0.733,20.059,0.301,89.305,1.161,2025-02-10 20:24:04,31.0,49.2,27.8,32.47,4.67,0,31
0.723,20.04,0.368,88.885,1.208,2025-02-10 20:24:04,31.0,49.2,27.8,32.47,4.67,0,31
0.709,20.012,0.392,89.047,1.185,2025-02-10 20:24:04,31.0,49.2,27.8,32.47,4.67,0,31
0.732,19.971,0.452,88.975,1.198,2025-02-10 20:24:04,31.0,49.2,27.8,32.47,4.67,0,31
0.694,19.987,0.444,88.728,1.101,2025-02-10 20:24:04,31.0,49.2,27.8,32.47,4.67,0,31
0.736,20.021,0.413,89.315,1.122,2025-02-10 20:24:04,31.0,49.2,27.8,32.47,4.67,0,31
0.719,19.984,0.448,88.927,1.046,2025-02-10 20:24:04,31.0,49.2,27.8,32.47,4.67,0,31
0.728,20.062,0.346,88.976,1.176,2025-02-10 20:24:04,31.0,49.2,27.8,32.47,4.67,0,31
0.705,19.94,0.396,89.004,1.093,2025-02-10 20:24:04,31.0,49.2,27.8,32.47,4.67,0,31
0.71,20.018,0.368,88.743,1.088,2025-02-10 20:24:04,31.0,49.2,27.8,32.47,4.67,0,31
0.728,19.984,0.511,88.814,1.065,2025-02-10 20:24:04,31.0,49.2,27.8,32.47,4.67,0,31
0.736,20.053,0.402,88.946,1.203,2025-02-10 20:24:04,31.0,49.2,27.8,32.47,4.67,0,31
0.727,20.012,0.413,88.733,1.187,2025-02-10 20:24:04,31.0,49.2,27.8,32.47,4.67,0,31
0.731,20.028,0.301,89.254,1.12,2025-02-10 20:24:04,31.0,49.2,27.8,32.47,4.67,0,31
0.733,19.987,0.427,89.488,1.178,2025-02-10 20:24:04,31.0,49.2,27.8,32.47,4.67,0,31
0.733,19.965,0.427,88.989,1.175,2025-02-10 20:24:04,31.0,49.2,27.8,32.47,4.67,0,31
0.739,19.981,0.35,89.112,1.219,2025-02-10 20:24:04,31.0,49.2,27.8,32.47,4.67,0,31
0.68,19.933,0.455,88.722,1.074,2025-02-11 11:13:18,32.0,84.5,22.3,31.24,13.06,0,32
0.676,20.003,0.385,88.734,1.107,2025-02-11 11:13:18,32.0,84.5,22.3,31.24,13.06,0,32
0.732,19.984,0.368,89.026,1.182,2025-02-11 11:13:18,32.0,84.5,22.3,31.24,13.06,0,32
0.684,20.003,0.501,88.585,1.079,2025-02-11 11:13:18,32.0,84.5,22.3,31.24,13.06,0,32
0.701,19.984,0.322,88.967,1.088,2025-02-11 11:13:18,32.0,84.5,22.3,31.24,13.06,0,32
0.723,20.034,0.462,89.036,1.237,2025-02-11 11:13:18,32.0,84.5,22.3,31.24,13.06,0,32
0.683,20.012,0.378,88.876,1.099,2025-02-11 11:13:18,32.0,84.5,22.3,31.24,13.06,0,32
0.69,20.025,0.385,88.925,1.142,2025-02-11 11:13:18,32.0,84.5,22.3,31.24,13.06,0,32
0.71,19.974,0.399,89.168,1.095,2025-02-11 11:13:18,32.0,84.5,22.3,31.24,13.06,0,32
0.677,19.915,0.619,88.908,1.075,2025-02-11 11:13:18,32.0,84.5,22.3,31.24,13.06,0,32
0.734,20.062,0.627,88.914,1.22,2025-02-11 11:13:18,32.0,84.5,22.3,31.24,13.06,0,32
0.737,20.122,0.483,89.277,1.165,2025-02-11 11:13:18,32.0,84.5,22.3,31.24,13.06,0,32
0.752,20.103,0.416,89.005,1.186,2025-02-11 11:13:18,32.0,84.5,22.3,31.24,13.06,0,32
0.702,19.93,0.528,88.92,1.163,2025-02-11 11:13:18,32.0,84.5,22.3,31.24,13.06,0,32
0.722,19.971,0.326,88.848,1.168,2025-02-11 12:58:24,33.0,33.2,27.8,30.31,1.49,0,33
0.738,20.075,0.458,88.893,1.212,2025-02-11 12:58:24,33.0,33.2,27.8,30.31,1.49,0,33
0.71,20.037,0.361,88.884,1.112,2025-02-11 12:58:24,33.0,33.2,27.8,30.31,1.49,0,33
0.727,20.056,0.529,89.273,1.175,2025-02-11 12:58:24,33.0,33.2,27.8,30.31,1.49,0,33
0.74,20.05,0.479,89.025,1.198,2025-02-11 12:58:24,33.0,33.2,27.8,30.31,1.49,0,33
0.697,19.943,0.682,89.113,1.069,2025-02-11 12:58:24,33.0,33.2,27.8,30.31,1.49,0,33
0.716,20.018,0.591,88.844,1.177,2025-02-11 12:58:24,33.0,33.2,27.8,30.31,1.49,0,33
0.719,19.996,0.476,88.765,1.207,2025-02-11 12:58:24,33.0,33.2,27.8,30.31,1.49,0,33
0.721,20.072,0.417,89.077,1.143,2025-02-11 12:58:24,33.0,33.2,27.8,30.31,1.49,0,33
0.731,20.012,0.479,89.19,1.222,2025-02-11 12:58:24,33.0,33.2,27.8,30.31,1.49,0,33
0.724,20.087,0.403,89.131,1.182,2025-02-11 12:58:24,33.0,33.2,27.8,30.31,1.49,0,33
0.735,20.106,0.333,89.288,1.166,2025-02-11 12:58:24,33.0,33.2,27.8,30.31,1.49,0,33
0.709,20.043,0.458,89.046,1.128,2025-02-11 12:58:24,33.0,33.2,27.8,30.31,1.49,0,33
0.711,19.984,0.378,88.993,1.142,2025-02-11 12:58:24,33.0,33.2,27.8,30.31,1.49,0,33
0.707,20.068,0.567,89.129,1.143,2025-02-11 12:58:24,33.0,33.2,27.8,30.31,1.49,0,33
0.723,20.04,0.364,89.195,1.07,2025-02-11 12:58:24,33.0,33.2,27.8,30.31,1.49,0,33
0.702,19.999,0.427,88.619,1.083,2025-02-11 12:58:24,33.0,33.2,27.8,30.31,1.49,0,33
0.725,20.025,0.312,89.086,1.192,2025-02-11 19:58:44,34.0,35.2,26.8,30.32,2.29,0,34
0.697,20.018,0.49,89.177,1.089,2025-02-11 19:58:44,34.0,35.2,26.8,30.32,2.29,0,34
0.713,19.974,0.577,89.013,1.163,2025-02-11 19:58:44,34.0,35.2,26.8,30.32,2.29,0,34
0.713,19.937,0.388,89.197,1.142,2025-02-11 19:58:44,34.0,35.2,26.8,30.32,2.29,0,34
0.673,19.952,0.291,88.874,0.975,2025-02-11 19:58:44,34.0,35.2,26.8,30.32,2.29,0,34
0.698,19.94,0.329,89.18,1.096,2025-02-11 19:58:44,34.0,35.2,26.8,30.32,2.29,0,34
0.693,20.04,0.494,88.658,1.111,2025-02-11 19:58:44,34.0,35.2,26.8,30.32,2.29,0,34
0.713,20.018,0.403,89.14,1.122,2025-02-11 19:58:44,34.0,35.2,26.8,30.32,2.29,0,34
0.718,20.043,0.371,89.311,1.217,2025-02-11 19:58:44,34.0,35.2,26.8,30.32,2.29,0,34
0.729,20.012,0.465,89.381,1.164,2025-02-11 19:58:44,34.0,35.2,26.8,30.32,2.29,0,34
0.712,20.059,0.381,89.286,1.175,2025-02-11 19:58:44,34.0,35.2,26.8,30.32,2.29,0,34
0.723,19.996,0.347,89.077,1.141,2025-02-11 19:58:44,34.0,35.2,26.8,30.32,2.29,0,34
0.746,20.065,0.364,89.09,1.157,2025-02-11 19:58:44,34.0,35.2,26.8,30.32,2.29,0,34
0.69,19.902,0.462,89.085,1.095,2025-02-11 19:58:44,34.0,35.2,26.8,30.32,2.29,0,34
0.719,20.081,0.354,89.271,1.154,2025-02-11 19:58:44,34.0,35.2,26.8,30.32,2.29,0,34
0.735,20.056,0.298,89.155,1.17,2025-02-12 11:04:11,35.0,33.9,25.1,30.24,2.02,0,35
0.68,19.971,0.588,89.141,1.104,2025-02-12 11:04:11,35.0,33.9,25.1,30.24,2.02,0,35
0.72,19.984,0.448,88.974,1.192,2025-02-12 11:04:11,35.0,33.9,25.1,30.24,2.02,0,35
0.707,19.955,0.311,88.891,1.086,2025-02-12 11:04:11,35.0,33.9,25.1,30.24,2.02,0,35
0.71,19.842,0.354,89.228,1.159,2025-02-12 11:04:11,35.0,33.9,25.1,30.24,2.02,0,35
0.697,19.896,0.469,89.125,1.093,2025-02-12 11:04:11,35.0,33.9,25.1,30.24,2.02,0,35
0.741,19.987,0.455,89.208,1.213,2025-02-12 11:04:11,35.0,33.9,25.1,30.24,2.02,0,35
0.719,19.927,0.431,89.231,1.203,2025-02-12 11:04:11,35.0,33.9,25.1,30.24,2.02,0,35
0.737,19.918,0.287,89.327,1.184,2025-02-12 11:04:11,35.0,33.9,25.1,30.24,2.02,0,35
0.731,19.999,0.364,89.083,1.159,2025-02-12 11:04:11,35.0,33.9,25.1,30.24,2.02,0,35
0.735,19.959,0.43,89.179,1.243,2025-02-12 11:04:11,35.0,33.9,25.1,30.24,2.02,0,35
0.709,19.952,0.588,89.358,1.173,2025-02-12 11:04:11,35.0,33.9,25.1,30.24,2.02,0,35
0.723,19.99,0.248,88.881,1.162,2025-02-12 11:04:11,35.0,33.9,25.1,30.24,2.02,0,35
0.696,19.962,0.388,88.754,1.134,2025-02-12 11:04:11,35.0,33.9,25.1,30.24,2.02,0,35
0.722,19.858,0.371,89.284,1.122,2025-02-12 11:04:11,35.0,33.9,25.1,30.24,2.02,0,35
0.734,20.012,0.273,89.291,1.174,2025-02-12 11:04:11,35.0,33.9,25.1,30.24,2.02,0,35
0.72,19.88,0.406,89.335,1.16,2025-02-12 11:04:11,35.0,33.9,25.1,30.24,2.02,0,35
0.698,19.924,0.42,89.097,1.058,2025-02-12 11:04:11,35.0,33.9,25.1,30.24,2.02,0,35
0.722,20.075,0.542,88.812,1.125,2025-02-12 20:29:31,36.0,36.8,27.0,29.79,2.64,0,36
0.698,20.012,0.529,88.712,1.111,2025-02-12 20:29:31,36.0,36.8,27.0,29.79,2.64,0,36
0.723,20.065,0.385,88.933,1.18,2025-02-12 20:29:31,36.0,36.8,27.0,29.79,2.64,0,36
0.695,19.937,0.543,89.025,1.105,2025-02-12 20:29:31,36.0,36.8,27.0,29.79,2.64,0,36
0.701,20.1,0.378,88.895,1.116,2025-02-12 20:29:31,36.0,36.8,27.0,29.79,2.64,0,36
0.696,20.012,0.556,89.12,1.116,2025-02-12 20:29:31,36.0,36.8,27.0,29.79,2.64,0,36
0.695,19.965,0.371,88.998,1.133,2025-02-12 20:29:31,36.0,36.8,27.0,29.79,2.64,0,36
0.706,20.009,0.462,88.788,1.142,2025-02-12 20:29:31,36.0,36.8,27.0,29.79,2.64,0,36
0.703,19.971,0.42,88.923,1.14,2025-02-12 20:29:31,36.0,36.8,27.0,29.79,2.64,0,36
0.704,19.918,0.55,88.902,1.11,2025-02-12 20:29:31,36.0,36.8,27.0,29.79,2.64,0,36
0.725,19.908,0.564,89.334,1.197,2025-02-12 20:29:31,36.0,36.8,27.0,29.79,2.64,0,36
0.684,19.933,0.438,89.027,1.122,2025-02-12 20:29:31,36.0,36.8,27.0,29.79,2.64,0,36
0.719,19.965,0.347,89.215,1.18,2025-02-12 20:29:31,36.0,36.8,27.0,29.79,2.64,0,36
0.737,19.974,0.291,89.193,1.211,2025-02-12 20:29:31,36.0,36.8,27.0,29.79,2.64,0,36
0.733,20.072,0.29,88.961,1.137,2025-02-12 20:29:31,36.0,36.8,27.0,29.79,2.64,0,36
0.702,20.028,0.378,88.914,1.085,2025-02-12 20:29:31,36.0,36.8,27.0,29.79,2.64,0,36
0.689,20.012,0.375,88.83,1.125,2025-02-12 20:29:31,36.0,36.8,27.0,29.79,2.64,0,36
0.715,19.952,0.357,88.654,1.181,2025-02-12 20:29:31,36.0,36.8,27.0,29.79,2.64,0,36
0.714,19.999,0.511,88.801,1.121,2025-02-12 20:29:31,36.0,36.8,27.0,29.79,2.64,0,36
0.706,20.009,0.465,88.644,1.178,2025-02-12 20:49:32,37.0,38.6,26.5,30.71,2.84,0,37
0.703,20.028,0.648,88.765,1.108,2025-02-12 20:49:32,37.0,38.6,26.5,30.71,2.84,0,37
0.698,20.034,0.504,88.731,1.125,2025-02-12 20:49:32,37.0,38.6,26.5,30.71,2.84,0,37
0.686,19.987,0.399,88.593,1.083,2025-02-12 20:49:32,37.0,38.6,26.5,30.71,2.84,0,37
0.675,19.999,0.385,88.87,1.111,2025-02-12 20:49:32,37.0,38.6,26.5,30.71,2.84,0,37
0.714,20.04,0.385,89.017,1.174,2025-02-12 20:49:32,37.0,38.6,26.5,30.71,2.84,0,37
0.685,19.999,0.273,88.941,1.111,2025-02-12 20:49:32,37.0,38.6,26.5,30.71,2.84,0,37
0.697,19.955,0.511,88.907,1.168,2025-02-12 20:49:32,37.0,38.6,26.5,30.71,2.84,0,37
0.689,20.021,0.483,88.787,1.104,2025-02-12 20:49:32,37.0,38.6,26.5,30.71,2.84,0,37
0.687,20.025,0.336,88.471,1.034,2025-02-12 20:49:32,37.0,38.6,26.5,30.71,2.84,0,37
0.732,20.087,0.448,89.139,1.226,2025-02-12 20:49:32,37.0,38.6,26.5,30.71,2.84,0,37
0.685,20.031,0.434,89.113,1.116,2025-02-12 20:49:32,37.0,38.6,26.5,30.71,2.84,0,37
0.727,20.128,0.479,89.225,1.19,2025-02-12 20:49:32,37.0,38.6,26.5,30.71,2.84,0,37
0.728,20.056,0.497,88.983,1.215,2025-02-12 20:49:32,37.0,38.6,26.5,30.71,2.84,0,37
0.712,20.09,0.417,88.787,1.195,2025-02-13 10:45:53,38.0,33.2,27.1,29.93,1.76,0,38
0.687,19.965,0.49,88.803,1.04,2025-02-13 10:45:53,38.0,33.2,27.1,29.93,1.76,0,38
0.69,19.94,0.346,88.726,1.182,2025-02-13 10:45:53,38.0,33.2,27.1,29.93,1.76,0,38
0.737,20.059,0.312,89.18,1.166,2025-02-13 10:45:53,38.0,33.2,27.1,29.93,1.76,0,38
0.699,19.952,0.473,88.791,1.164,2025-02-13 10:45:53,38.0,33.2,27.1,29.93,1.76,0,38
0.726,20.04,0.448,89.143,1.162,2025-02-13 10:45:53,38.0,33.2,27.1,29.93,1.76,0,38
0.703,20.081,0.525,88.674,1.093,2025-02-13 10:45:53,38.0,33.2,27.1,29.93,1.76,0,38
0.68,20.04,0.476,89.102,1.112,2025-02-13 10:45:53,38.0,33.2,27.1,29.93,1.76,0,38
0.735,19.993,0.308,88.926,1.198,2025-02-13 10:45:53,38.0,33.2,27.1,29.93,1.76,0,38
0.708,19.943,0.336,88.875,1.164,2025-02-13 10:45:53,38.0,33.2,27.1,29.93,1.76,0,38
0.732,20.05,0.259,89.166,1.196,2025-02-13 10:45:53,38.0,33.2,27.1,29.93,1.76,0,38
0.702,19.981,0.448,88.885,1.159,2025-02-13 10:45:53,38.0,33.2,27.1,29.93,1.76,0,38
0.693,19.984,0.41,88.857,1.059,2025-02-13 10:45:53,38.0,33.2,27.1,29.93,1.76,0,38
0.71,20.003,0.28,89.046,1.149,2025-02-13 10:45:53,38.0,33.2,27.1,29.93,1.76,0,38
0.687,19.946,0.441,88.762,1.153,2025-02-13 10:45:53,38.0,33.2,27.1,29.93,1.76,0,38
0.709,19.965,0.347,89.395,1.117,2025-02-13 10:45:53,38.0,33.2,27.1,29.93,1.76,0,38
0.698,19.993,0.406,88.765,1.135,2025-02-13 10:45:53,38.0,33.2,27.1,29.93,1.76,0,38
0.751,20.131,0.41,89.059,1.24,2025-02-13 10:45:53,38.0,33.2,27.1,29.93,1.76,0,38
0.704,20.097,0.431,89.048,1.101,2025-02-13 13:00:59,39.0,34.2,27.3,31.15,1.75,0,39
0.743,20.087,0.431,89.425,1.216,2025-02-13 13:00:59,39.0,34.2,27.3,31.15,1.75,0,39
0.695,19.871,0.354,89.057,1.093,2025-02-13 13:00:59,39.0,34.2,27.3,31.15,1.75,0,39
0.714,20.034,0.371,89.401,1.158,2025-02-13 13:00:59,39.0,34.2,27.3,31.15,1.75,0,39
0.685,19.99,0.605,88.902,1.086,2025-02-13 13:00:59,39.0,34.2,27.3,31.15,1.75,0,39
0.727,19.99,0.43,88.676,1.095,2025-02-13 13:00:59,39.0,34.2,27.3,31.15,1.75,0,39
0.7,19.968,0.521,88.862,1.13,2025-02-13 13:00:59,39.0,34.2,27.3,31.15,1.75,0,39
0.733,20.012,0.476,89.405,1.21,2025-02-13 13:00:59,39.0,34.2,27.3,31.15,1.75,0,39
0.689,19.993,0.301,89.243,1.097,2025-02-13 13:00:59,39.0,34.2,27.3,31.15,1.75,0,39
0.729,20.018,0.448,89.175,1.225,2025-02-13 13:00:59,39.0,34.2,27.3,31.15,1.75,0,39
0.731,20.012,0.42,89.361,1.173,2025-02-13 13:00:59,39.0,34.2,27.3,31.15,1.75,0,39
0.74,20.018,0.48,89.255,1.193,2025-02-13 13:00:59,39.0,34.2,27.3,31.15,1.75,0,39
0.691,19.927,0.409,88.861,1.128,2025-02-13 13:00:59,39.0,34.2,27.3,31.15,1.75,0,39
0.729,19.955,0.389,88.95,1.228,2025-02-13 13:00:59,39.0,34.2,27.3,31.15,1.75,0,39
0.707,19.893,0.388,89.206,1.123,2025-02-13 13:00:59,39.0,34.2,27.3,31.15,1.75,0,39
0.722,19.952,0.399,89.069,1.184,2025-02-13 13:00:59,39.0,34.2,27.3,31.15,1.75,0,39
0.729,20.043,0.28,89.388,1.173,2025-02-13 13:00:59,39.0,34.2,27.3,31.15,1.75,0,39
0.717,20.128,0.458,88.8,1.194,2025-02-13 21:51:28,40.0,35.1,25.6,30.13,2.45,0,40
0.699,20.094,0.371,88.966,1.111,2025-02-13 21:51:28,40.0,35.1,25.6,30.13,2.45,0,40
0.694,20.106,0.308,88.92,1.075,2025-02-13 21:51:28,40.0,35.1,25.6,30.13,2.45,0,40
0.745,20.119,0.378,89.28,1.145,2025-02-13 21:51:28,40.0,35.1,25.6,30.13,2.45,0,40
0.71,20.087,0.438,89.128,1.104,2025-02-13 21:51:28,40.0,35.1,25.6,30.13,2.45,0,40
0.71,20.106,0.29,88.698,1.074,2025-02-13 21:51:28,40.0,35.1,25.6,30.13,2.45,0,40
0.746,20.1,0.458,89.22,1.17,2025-02-13 21:51:28,40.0,35.1,25.6,30.13,2.45,0,40
0.701,20.078,0.242,88.797,1.095,2025-02-13 21:51:28,40.0,35.1,25.6,30.13,2.45,0,40
0.745,20.075,0.399,89.301,1.185,2025-02-13 21:51:28,40.0,35.1,25.6,30.13,2.45,0,40
0.705,20.094,0.255,88.96,1.107,2025-02-13 21:51:28,40.0,35.1,25.6,30.13,2.45,0,40
0.722,20.034,0.466,88.571,1.132,2025-02-13 21:51:28,40.0,35.1,25.6,30.13,2.45,0,40
0.74,20.134,0.399,89.348,1.186,2025-02-13 21:51:28,40.0,35.1,25.6,30.13,2.45,0,40
0.699,20.119,0.402,88.788,1.05,2025-02-13 21:51:28,40.0,35.1,25.6,30.13,2.45,0,40
0.739,20.141,0.441,89.243,1.185,2025-02-13 21:51:28,40.0,35.1,25.6,30.13,2.45,0,40
0.721,20.059,0.315,89.194,1.219,2025-02-14 11:03:30,41.0,33.2,27.5,30.01,1.55,0,41
0.707,19.849,0.49,88.974,1.184,2025-02-14 11:03:30,41.0,33.2,27.5,30.01,1.55,0,41
0.697,19.927,0.41,88.892,1.159,2025-02-14 11:03:30,41.0,33.2,27.5,30.01,1.55,0,41
0.694,19.971,0.332,88.719,1.146,2025-02-14 11:03:30,41.0,33.2,27.5,30.01,1.55,0,41
0.685,20.068,0.284,88.914,1.12,2025-02-14 11:03:30,41.0,33.2,27.5,30.01,1.55,0,41
0.689,19.974,0.364,89.127,1.108,2025-02-14 11:03:30,41.0,33.2,27.5,30.01,1.55,0,41
0.692,19.987,0.564,89.243,1.09,2025-02-14 11:03:30,41.0,33.2,27.5,30.01,1.55,0,41
0.703,19.981,0.298,88.912,1.161,2025-02-14 11:03:30,41.0,33.2,27.5,30.01,1.55,0,41
0.679,19.908,0.389,89.048,1.093,2025-02-14 11:03:30,41.0,33.2,27.5,30.01,1.55,0,41
0.731,20.087,0.417,89.044,1.165,2025-02-14 11:03:30,41.0,33.2,27.5,30.01,1.55,0,41
0.702,19.981,0.385,88.716,1.148,2025-02-14 11:03:30,41.0,33.2,27.5,30.01,1.55,0,41
0.739,20.169,0.497,89.275,1.198,2025-02-14 11:03:30,41.0,33.2,27.5,30.01,1.55,0,41
0.733,19.927,0.371,89.031,1.187,2025-02-14 11:03:30,41.0,33.2,27.5,30.01,1.55,0,41
0.701,20.059,0.427,89.155,1.138,2025-02-14 11:03:30,41.0,33.2,27.5,30.01,1.55,0,41
0.715,20.119,0.29,89.19,1.156,2025-02-14 11:03:30,41.0,33.2,27.5,30.01,1.55,0,41
0.671,19.886,0.465,88.764,1.095,2025-02-14 11:03:30,41.0,33.2,27.5,30.01,1.55,0,41
0.703,20.128,0.486,89.007,1.152,2025-02-14 11:03:30,41.0,33.2,27.5,30.01,1.55,0,41
0.674,19.902,0.522,88.621,1.08,2025-02-14 12:53:36,42.0,38.0,25.9,31.49,3.64,0,42
0.691,19.974,0.308,88.831,1.091,2025-02-14 12:53:36,42.0,38.0,25.9,31.49,3.64,0,42
0.697,19.864,0.242,88.891,1.067,2025-02-14 12:53:36,42.0,38.0,25.9,31.49,3.64,0,42
0.722,20.021,0.392,89.284,1.193,2025-02-14 12:53:36,42.0,38.0,25.9,31.49,3.64,0,42
0.731,19.971,0.322,89.17,1.216,2025-02-14 12:53:36,42.0,38.0,25.9,31.49,3.64,0,42
0.706,19.908,0.297,88.743,1.167,2025-02-14 12:53:36,42.0,38.0,25.9,31.49,3.64,0,42
0.711,20.106,0.473,88.942,1.191,2025-02-14 12:53:36,42.0,38.0,25.9,31.49,3.64,0,42
0.713,19.971,0.325,89.211,1.173,2025-02-14 12:53:36,42.0,38.0,25.9,31.49,3.64,0,42
0.703,19.955,0.385,89.126,1.139,2025-02-14 12:53:36,42.0,38.0,25.9,31.49,3.64,0,42
0.669,19.899,0.276,88.858,1.059,2025-02-14 12:53:36,42.0,38.0,25.9,31.49,3.64,0,42
0.699,19.987,0.42,88.586,1.091,2025-02-14 12:53:36,42.0,38.0,25.9,31.49,3.64,0,42
0.724,20.015,0.385,88.93,1.194,2025-02-14 12:53:36,42.0,38.0,25.9,31.49,3.64,0,42
0.695,20.025,0.497,88.914,1.106,2025-02-14 12:53:36,42.0,38.0,25.9,31.49,3.64,0,42
0.687,19.836,0.5,89.002,1.068,2025-02-14 12:53:36,42.0,38.0,25.9,31.49,3.64,0,42
0.739,19.977,0.473,89.267,1.181,2025-02-14 12:53:36,42.0,38.0,25.9,31.49,3.64,0,42
0.679,19.999,0.529,88.879,1.117,2025-02-14 12:53:36,42.0,38.0,25.9,31.49,3.64,0,42
0.686,19.993,0.361,88.594,1.015,2025-02-14 19:48:50,43.0,43.9,27.3,32.88,4.23,0,43
0.723,20.081,0.228,88.953,1.158,2025-02-14 19:48:50,43.0,43.9,27.3,32.88,4.23,0,43
0.728,20.116,0.361,89.138,1.023,2025-02-14 19:48:50,43.0,43.9,27.3,32.88,4.23,0,43
0.694,20.04,0.434,88.55,1.099,2025-02-14 19:48:50,43.0,43.9,27.3,32.88,4.23,0,43
0.712,20.006,0.315,89.311,1.095,2025-02-14 19:48:50,43.0,43.9,27.3,32.88,4.23,0,43
0.686,19.918,0.465,89.114,1.006,2025-02-14 19:48:50,43.0,43.9,27.3,32.88,4.23,0,43
0.718,20.031,0.255,88.644,1.062,2025-02-14 19:48:50,43.0,43.9,27.3,32.88,4.23,0,43
0.732,19.996,0.486,89.252,1.081,2025-02-14 19:48:50,43.0,43.9,27.3,32.88,4.23,0,43
0.718,19.949,0.207,88.844,1.107,2025-02-14 19:48:50,43.0,43.9,27.3,32.88,4.23,0,43
0.702,20.028,0.308,88.792,0.981,2025-02-14 19:48:50,43.0,43.9,27.3,32.88,4.23,0,43
0.706,20.078,0.381,89.154,1.081,2025-02-14 19:48:50,43.0,43.9,27.3,32.88,4.23,0,43
0.727,20.087,0.339,89.059,1.051,2025-02-14 19:48:50,43.0,43.9,27.3,32.88,4.23,0,43
0.711,20.106,0.403,88.549,1.031,2025-02-14 19:48:50,43.0,43.9,27.3,32.88,4.23,0,43
0.745,20.09,0.473,89.275,1.177,2025-02-14 19:48:50,43.0,43.9,27.3,32.88,4.23,0,43
0.717,20.147,0.325,89.182,1.12,2025-02-14 19:48:50,43.0,43.9,27.3,32.88,4.23,0,43
0.686,20.028,0.381,88.389,1.018,2025-02-14 19:48:50,43.0,43.9,27.3,32.88,4.23,0,43
0.727,20.043,0.487,89.343,1.07,2025-02-14 19:48:50,43.0,43.9,27.3,32.88,4.23,0,43
0.731,20.012,0.504,89.149,1.198,2025-02-14 19:48:50,43.0,43.9,27.3,32.88,4.23,0,43
0.737,20.006,0.518,88.884,1.111,2025-02-14 19:48:50,43.0,43.9,27.3,32.88,4.23,0,43
0.704,19.877,0.402,88.954,1.144,2025-02-14 19:48:50,43.0,43.9,27.3,32.88,4.23,0,43
0.74,19.999,0.336,88.694,1.222,2025-02-14 20:48:52,44.0,33.4,28.1,30.9,1.77,0,44
0.752,20.072,0.301,89.058,1.234,2025-02-14 20:48:52,44.0,33.4,28.1,30.9,1.77,0,44
0.693,20.056,0.423,88.534,1.086,2025-02-14 20:48:52,44.0,33.4,28.1,30.9,1.77,0,44
0.741,20.072,0.371,89.046,1.21,2025-02-14 20:48:52,44.0,33.4,28.1,30.9,1.77,0,44
0.732,20.094,0.346,89.256,1.209,2025-02-14 20:48:52,44.0,33.4,28.1,30.9,1.77,0,44
0.712,20.012,0.452,89.191,1.212,2025-02-14 20:48:52,44.0,33.4,28.1,30.9,1.77,0,44
0.708,19.921,0.392,88.569,1.173,2025-02-14 20:48:52,44.0,33.4,28.1,30.9,1.77,0,44
0.711,20.078,0.427,89.015,1.153,2025-02-14 20:48:52,44.0,33.4,28.1,30.9,1.77,0,44
0.74,20.012,0.462,89.38,1.227,2025-02-14 20:48:52,44.0,33.4,28.1,30.9,1.77,0,44
0.737,20.046,0.396,88.648,1.143,2025-02-14 20:48:52,44.0,33.4,28.1,30.9,1.77,0,44
0.706,20.059,0.318,89.157,1.14,2025-02-14 20:48:52,44.0,33.4,28.1,30.9,1.77,0,44
0.731,20.087,0.417,89.153,1.137,2025-02-14 20:48:52,44.0,33.4,28.1,30.9,1.77,0,44
0.7,20.015,0.367,88.82,1.183,2025-02-14 20:48:52,44.0,33.4,28.1,30.9,1.77,0,44
0.687,19.996,0.423,88.507,1.081,2025-02-14 20:48:52,44.0,33.4,28.1,30.9,1.77,0,44
0.717,20.031,0.431,89.399,1.125,2025-02-14 20:48:52,44.0,33.4,28.1,30.9,1.77,0,44
0.668,19.977,0.361,88.69,1.024,2025-02-14 20:48:52,44.0,33.4,28.1,30.9,1.77,0,44
0.725,20.062,0.528,89.231,1.134,2025-02-14 20:48:52,44.0,33.4,28.1,30.9,1.77,0,44
0.732,20.087,0.396,88.982,1.193,2025-02-14 20:48:52,44.0,33.4,28.1,30.9,1.77,0,44
0.732,19.93,0.448,89.265,1.133,2025-02-27 21:54:17,45.0,46.3,27.6,31.39,4.29,0,45
0.682,19.93,0.48,88.592,1.054,2025-02-27 21:54:17,45.0,46.3,27.6,31.39,4.29,0,45
0.709,19.984,0.455,88.708,1.022,2025-02-27 21:54:17,45.0,46.3,27.6,31.39,4.29,0,45
0.707,19.902,0.483,88.899,0.968,2025-02-27 21:54:17,45.0,46.3,27.6,31.39,4.29,0,45
0.685,19.999,0.644,88.755,1.026,2025-02-27 21:54:17,45.0,46.3,27.6,31.39,4.29,0,45
0.724,19.993,0.332,89.309,1.079,2025-02-27 21:54:17,45.0,46.3,27.6,31.39,4.29,0,45
0.711,19.971,0.409,89.416,1.042,2025-02-27 21:54:17,45.0,46.3,27.6,31.39,4.29,0,45
0.709,20.075,0.476,89.277,1.031,2025-02-27 21:54:17,45.0,46.3,27.6,31.39,4.29,0,45
0.744,20.075,0.466,89.476,1.097,2025-02-27 21:54:17,45.0,46.3,27.6,31.39,4.29,0,45
0.708,19.937,0.564,89.376,1.074,2025-02-27 21:54:17,45.0,46.3,27.6,31.39,4.29,0,45
0.69,19.896,0.486,88.965,1.053,2025-02-27 21:54:17,45.0,46.3,27.6,31.39,4.29,0,45
0.694,19.893,0.29,88.859,1.022,2025-02-27 21:54:17,45.0,46.3,27.6,31.39,4.29,0,45
0.717,19.999,0.333,89.208,1.097,2025-02-27 21:54:17,45.0,46.3,27.6,31.39,4.29,0,45
0.707,19.965,0.525,88.903,0.962,2025-02-27 21:54:17,45.0,46.3,27.6,31.39,4.29,0,45
0.697,19.974,0.535,89.134,0.975,2025-02-27 21:54:17,45.0,46.3,27.6,31.39,4.29,0,45
0.687,19.902,0.353,88.846,1.027,2025-02-27 21:54:17,45.0,46.3,27.6,31.39,4.29,0,45
0.721,19.949,0.535,89.448,1.107,2025-02-27 21:54:17,45.0,46.3,27.6,31.39,4.29,0,45
0.728,20.018,0.49,89.239,1.102,2025-02-27 21:54:17,45.0,46.3,27.6,31.39,4.29,0,45
0.698,20.09,0.598,89.06,0.985,2025-03-03 12:57:02,46.0,46.6,22.8,28.87,4.87,0,46
0.672,20.062,0.494,88.655,1.029,2025-03-03 12:57:02,46.0,46.6,22.8,28.87,4.87,0,46
0.676,19.999,0.521,88.642,0.978,2025-03-03 12:57:02,46.0,46.6,22.8,28.87,4.87,0,46
0.732,20.125,0.504,88.913,1.049,2025-03-03 12:57:02,46.0,46.6,22.8,28.87,4.87,0,46
0.718,20.062,0.606,89.135,1.063,2025-03-03 12:57:02,46.0,46.6,22.8,28.87,4.87,0,46
0.708,20.006,0.774,88.897,1.075,2025-03-03 12:57:02,46.0,46.6,22.8,28.87,4.87,0,46
0.733,20.175,0.402,89.011,1.13,2025-03-03 12:57:02,46.0,46.6,22.8,28.87,4.87,0,46
0.706,20.028,0.612,88.417,1.024,2025-03-03 12:57:02,46.0,46.6,22.8,28.87,4.87,0,46
0.709,20.075,0.511,88.522,1.053,2025-03-03 12:57:02,46.0,46.6,22.8,28.87,4.87,0,46
0.711,20.043,0.539,88.957,1.031,2025-03-03 12:57:02,46.0,46.6,22.8,28.87,4.87,0,46
0.697,20.09,0.458,88.728,0.989,2025-03-03 12:57:02,46.0,46.6,22.8,28.87,4.87,0,46
0.683,20.037,0.451,88.491,0.993,2025-03-03 12:57:02,46.0,46.6,22.8,28.87,4.87,0,46
0.742,20.109,0.458,89.163,1.124,2025-03-03 12:57:02,46.0,46.6,22.8,28.87,4.87,0,46
0.745,20.075,0.581,89.194,1.157,2025-03-03 12:57:02,46.0,46.6,22.8,28.87,4.87,0,46
0.705,20.003,0.469,89.145,1.071,2025-03-03 12:57:02,46.0,46.6,22.8,28.87,4.87,0,46
0.726,20.003,0.388,88.685,1.068,2025-03-03 12:57:02,46.0,46.6,22.8,28.87,4.87,0,46
0.702,20.072,0.486,88.514,1.058,2025-03-03 12:57:02,46.0,46.6,22.8,28.87,4.87,0,46
0.688,20.043,0.381,88.921,1.021,2025-03-03 12:57:02,46.0,46.6,22.8,28.87,4.87,0,46
0.692,20.068,0.378,88.926,1.021,2025-03-03 13:27:07,47.0,33.7,24.7,27.75,1.91,0,47
0.68,19.955,0.392,88.871,0.994,2025-03-03 13:27:07,47.0,33.7,24.7,27.75,1.91,0,47
0.725,20.025,0.616,88.99,1.062,2025-03-03 13:27:07,47.0,33.7,24.7,27.75,1.91,0,47
0.711,19.999,0.535,89.048,1.071,2025-03-03 13:27:07,47.0,33.7,24.7,27.75,1.91,0,47
0.708,19.996,0.662,88.965,1.051,2025-03-03 13:27:07,47.0,33.7,24.7,27.75,1.91,0,47
0.718,20.053,0.585,89.021,1.092,2025-03-03 13:27:07,47.0,33.7,24.7,27.75,1.91,0,47
0.7,20.034,0.49,88.64,0.99,2025-03-03 13:27:07,47.0,33.7,24.7,27.75,1.91,0,47
0.695,19.949,0.402,88.899,1.014,2025-03-03 13:27:07,47.0,33.7,24.7,27.75,1.91,0,47
0.694,20.003,0.63,88.966,1.087,2025-03-03 13:27:07,47.0,33.7,24.7,27.75,1.91,0,47
0.693,19.99,0.591,88.861,1.019,2025-03-03 13:27:07,47.0,33.7,24.7,27.75,1.91,0,47
0.726,19.965,0.553,89.043,1.09,2025-03-03 13:27:07,47.0,33.7,24.7,27.75,1.91,0,47
0.698,19.959,0.357,88.762,0.986,2025-03-03 13:27:07,47.0,33.7,24.7,27.75,1.91,0,47
0.709,19.937,0.385,88.704,1.037,2025-03-03 13:27:07,47.0,33.7,24.7,27.75,1.91,0,47
0.729,20.062,0.56,89.228,1.115,2025-03-03 13:27:07,47.0,33.7,24.7,27.75,1.91,0,47
0.731,20.087,0.55,89.232,1.069,2025-03-03 13:27:07,47.0,33.7,24.7,27.75,1.91,0,47
0.683,20.028,0.644,88.591,0.995,2025-03-03 13:27:07,47.0,33.7,24.7,27.75,1.91,0,47
0.713,20.081,0.42,88.89,1.026,2025-03-03 13:27:07,47.0,33.7,24.7,27.75,1.91,0,47
0.691,19.889,0.515,88.993,0.977,2025-03-03 13:27:07,47.0,33.7,24.7,27.75,1.91,0,47
0.71,19.921,0.497,88.783,1.048,2025-03-03 13:27:07,47.0,33.7,24.7,27.75,1.91,0,47
0.707,20.015,0.578,88.786,1.074,2025-03-03 19:32:19,48.0,46.7,26.5,30.11,4.4,0,48
0.694,19.933,0.424,88.678,0.986,2025-03-03 19:32:19,48.0,46.7,26.5,30.11,4.4,0,48
0.71,20.034,0.392,89.057,1.102,2025-03-03 19:32:19,48.0,46.7,26.5,30.11,4.4,0,48
0.739,20.056,0.476,88.968,1.1,2025-03-03 19:32:19,48.0,46.7,26.5,30.11,4.4,0,48
0.716,20.078,0.529,88.882,1.105,2025-03-03 19:32:19,48.0,46.7,26.5,30.11,4.4,0,48
0.7,20.021,0.388,88.987,1.068,2025-03-03 19:32:19,48.0,46.7,26.5,30.11,4.4,0,48
0.691,19.968,0.385,89.105,1.041,2025-03-03 19:32:19,48.0,46.7,26.5,30.11,4.4,0,48
0.681,20.072,0.602,88.654,1.016,2025-03-03 19:32:19,48.0,46.7,26.5,30.11,4.4,0,48
0.695,20.119,0.336,88.975,0.995,2025-03-03 19:32:19,48.0,46.7,26.5,30.11,4.4,0,48
0.715,20.062,0.609,89.078,1.135,2025-03-03 19:32:19,48.0,46.7,26.5,30.11,4.4,0,48
0.702,19.949,0.448,88.572,1.03,2025-03-03 19:32:19,48.0,46.7,26.5,30.11,4.4,0,48
0.693,19.952,0.371,88.53,1.059,2025-03-03 19:32:19,48.0,46.7,26.5,30.11,4.4,0,48
0.739,20.147,0.361,89.302,1.129,2025-03-03 19:32:19,48.0,46.7,26.5,30.11,4.4,0,48
0.698,19.855,0.343,88.719,1.048,2025-03-03 19:32:19,48.0,46.7,26.5,30.11,4.4,0,48
0.695,20.031,0.396,88.648,1.035,2025-03-03 19:32:19,48.0,46.7,26.5,30.11,4.4,0,48
0.716,19.981,0.487,89.04,0.994,2025-03-03 19:32:19,48.0,46.7,26.5,30.11,4.4,0,48
0.7,19.918,0.578,88.995,1.022,2025-03-03 19:32:19,48.0,46.7,26.5,30.11,4.4,0,48
0.762,20.053,0.326,89.086,1.158,2025-03-03 19:32:19,48.0,46.7,26.5,30.11,4.4,0,48
0.712,20.065,0.283,89.396,1.054,2025-03-03 21:37:32,49.0,32.4,25.7,28.83,1.94,0,49
0.724,19.889,0.399,89.229,1.058,2025-03-03 21:37:32,49.0,32.4,25.7,28.83,1.94,0,49
0.721,20.053,0.539,88.851,1.062,2025-03-03 21:37:32,49.0,32.4,25.7,28.83,1.94,0,49
0.752,19.999,0.43,89.214,1.131,2025-03-03 21:37:32,49.0,32.4,25.7,28.83,1.94,0,49
0.742,20.065,0.501,89.086,1.169,2025-03-03 21:37:32,49.0,32.4,25.7,28.83,1.94,0,49
0.707,19.974,0.259,88.928,1.027,2025-03-03 21:37:32,49.0,32.4,25.7,28.83,1.94,0,49
0.74,20.018,0.518,89.097,1.139,2025-03-03 21:37:32,49.0,32.4,25.7,28.83,1.94,0,49
0.7,20.056,0.371,89.049,1.114,2025-03-03 21:37:32,49.0,32.4,25.7,28.83,1.94,0,49
0.748,19.993,0.438,89.131,1.129,2025-03-03 21:37:32,49.0,32.4,25.7,28.83,1.94,0,49
0.705,19.874,0.658,88.9,1.085,2025-03-03 21:37:32,49.0,32.4,25.7,28.83,1.94,0,49
0.722,20.046,0.515,89.091,1.002,2025-03-03 21:37:32,49.0,32.4,25.7,28.83,1.94,0,49
0.689,19.842,0.231,88.894,1.035,2025-03-03 21:37:32,49.0,32.4,25.7,28.83,1.94,0,49
0.669,19.937,0.473,88.693,1.005,2025-03-03 21:37:32,49.0,32.4,25.7,28.83,1.94,0,49
0.715,20.04,0.483,89.05,1.03,2025-03-03 21:37:32,49.0,32.4,25.7,28.83,1.94,0,49
0.695,19.921,0.427,88.543,1.07,2025-03-03 21:37:32,49.0,32.4,25.7,28.83,1.94,0,49
0.698,20.068,0.521,88.781,0.989,2025-03-03 21:37:32,49.0,32.4,25.7,28.83,1.94,0,49
0.714,19.927,0.441,89.229,1.054,2025-03-03 21:37:32,49.0,32.4,25.7,28.83,1.94,0,49
0.68,19.933,0.623,88.55,1.002,2025-03-03 21:37:32,49.0,32.4,25.7,28.83,1.94,0,49
0.707,20.006,0.403,88.764,1.139,2025-03-04 12:54:59,50.0,33.1,25.1,28.78,2.1,0,50
0.738,20.05,0.441,89.004,1.082,2025-03-04 12:54:59,50.0,33.1,25.1,28.78,2.1,0,50
0.699,20.056,0.577,88.838,1.056,2025-03-04 12:54:59,50.0,33.1,25.1,28.78,2.1,0,50
0.704,20.037,0.406,88.803,1.032,2025-03-04 12:54:59,50.0,33.1,25.1,28.78,2.1,0,50
0.687,19.984,0.406,88.717,1.02,2025-03-04 12:54:59,50.0,33.1,25.1,28.78,2.1,0,50
0.694,19.965,0.585,88.639,1.015,2025-03-04 12:54:59,50.0,33.1,25.1,28.78,2.1,0,50
0.702,19.981,0.458,88.433,1.07,2025-03-04 12:54:59,50.0,33.1,25.1,28.78,2.1,0,50
0.697,20.043,0.431,88.95,1.091,2025-03-04 12:54:59,50.0,33.1,25.1,28.78,2.1,0,50
0.706,20.012,0.511,88.745,1.059,2025-03-04 12:54:59,50.0,33.1,25.1,28.78,2.1,0,50
0.728,20.065,0.409,89.163,1.071,2025-03-04 12:54:59,50.0,33.1,25.1,28.78,2.1,0,50
0.692,20.037,0.532,88.614,1.002,2025-03-04 12:54:59,50.0,33.1,25.1,28.78,2.1,0,50
0.715,20.04,0.319,88.925,1.047,2025-03-04 12:54:59,50.0,33.1,25.1,28.78,2.1,0,50
0.708,20.05,0.385,88.969,1.134,2025-03-04 12:54:59,50.0,33.1,25.1,28.78,2.1,0,50
0.755,20.094,0.644,89.148,1.167,2025-03-04 12:54:59,50.0,33.1,25.1,28.78,2.1,0,50
0.686,19.984,0.402,88.675,0.977,2025-03-04 12:54:59,50.0,33.1,25.1,28.78,2.1,0,50
0.698,20.018,0.333,88.483,1.058,2025-03-04 12:54:59,50.0,33.1,25.1,28.78,2.1,0,50
0.695,19.924,0.409,88.479,0.989,2025-03-04 12:54:59,50.0,33.1,25.1,28.78,2.1,0,50
0.735,19.993,0.581,89.157,1.106,2025-03-04 12:54:59,50.0,33.1,25.1,28.78,2.1,0,50
0.72,20.012,0.508,88.958,1.096,2025-03-04 12:54:59,50.0,33.1,25.1,28.78,2.1,0,50
0.695,19.952,0.462,88.702,1.081,2025-03-04 13:00:01,51.0,32.9,24.2,27.85,2.46,0,51
0.726,20.04,0.434,88.923,1.065,2025-03-04 13:00:01,51.0,32.9,24.2,27.85,2.46,0,51
0.695,19.984,0.651,88.53,1.092,2025-03-04 13:00:01,51.0,32.9,24.2,27.85,2.46,0,51
0.717,20.021,0.458,88.853,1.088,2025-03-04 13:00:01,51.0,32.9,24.2,27.85,2.46,0,51
0.71,19.981,0.497,88.6,1.071,2025-03-04 13:00:01,51.0,32.9,24.2,27.85,2.46,0,51
0.705,20.003,0.413,88.618,1.048,2025-03-04 13:00:01,51.0,32.9,24.2,27.85,2.46,0,51
0.713,20.068,0.62,89.091,1.099,2025-03-04 13:00:01,51.0,32.9,24.2,27.85,2.46,0,51
0.715,19.987,0.483,88.92,1.069,2025-03-04 13:00:01,51.0,32.9,24.2,27.85,2.46,0,51
0.734,20.072,0.483,89.171,1.139,2025-03-04 13:00:01,51.0,32.9,24.2,27.85,2.46,0,51
0.691,19.971,0.511,88.625,1.032,2025-03-04 13:00:01,51.0,32.9,24.2,27.85,2.46,0,51
0.696,19.952,0.508,88.548,1.068,2025-03-04 13:00:01,51.0,32.9,24.2,27.85,2.46,0,51
0.714,20.059,0.413,88.977,1.124,2025-03-04 13:00:01,51.0,32.9,24.2,27.85,2.46,0,51
0.723,20.009,0.585,88.909,1.06,2025-03-04 13:00:01,51.0,32.9,24.2,27.85,2.46,0,51
0.681,20.046,0.455,88.763,1.051,2025-03-04 13:00:01,51.0,32.9,24.2,27.85,2.46,0,51
0.712,20.059,0.525,88.829,1.104,2025-03-04 13:00:01,51.0,32.9,24.2,27.85,2.46,0,51
0.764,20.163,0.462,88.981,1.139,2025-03-04 13:00:01,51.0,32.9,24.2,27.85,2.46,0,51
0.69,19.933,0.508,88.475,1.095,2025-03-04 13:00:01,51.0,32.9,24.2,27.85,2.46,0,51
0.701,19.877,0.5,88.681,1.057,2025-03-04 13:00:01,51.0,32.9,24.2,27.85,2.46,0,51
0.701,19.993,0.574,89.059,1.057,2025-03-04 13:00:01,51.0,32.9,24.2,27.85,2.46,0,51
0.719,19.971,0.662,88.932,1.035,2025-03-04 19:10:17,52.0,33.0,26.0,28.86,1.63,0,52
0.72,19.965,0.392,89.198,1.138,2025-03-04 19:10:17,52.0,33.0,26.0,28.86,1.63,0,52
0.714,19.946,0.444,88.52,1.082,2025-03-04 19:10:17,52.0,33.0,26.0,28.86,1.63,0,52
0.745,19.987,0.392,89.27,1.163,2025-03-04 19:10:17,52.0,33.0,26.0,28.86,1.63,0,52
0.736,20.075,0.535,89.018,1.126,2025-03-04 19:10:17,52.0,33.0,26.0,28.86,1.63,0,52
0.724,19.965,0.452,88.581,1.125,2025-03-04 19:10:17,52.0,33.0,26.0,28.86,1.63,0,52
0.729,20.031,0.508,88.832,1.157,2025-03-04 19:10:17,52.0,33.0,26.0,28.86,1.63,0,52
0.717,20.059,0.553,88.867,1.051,2025-03-04 19:10:17,52.0,33.0,26.0,28.86,1.63,0,52
0.723,20.087,0.364,88.828,1.148,2025-03-04 19:10:17,52.0,33.0,26.0,28.86,1.63,0,52
0.75,19.99,0.543,89.09,1.1,2025-03-04 19:10:17,52.0,33.0,26.0,28.86,1.63,0,52
0.739,20.021,0.564,89.116,1.115,2025-03-04 19:10:17,52.0,33.0,26.0,28.86,1.63,0,52
0.706,19.968,0.403,88.734,0.961,2025-03-04 19:10:17,52.0,33.0,26.0,28.86,1.63,0,52
0.689,20.003,0.585,88.779,1.006,2025-03-04 19:10:17,52.0,33.0,26.0,28.86,1.63,0,52
0.726,20.043,0.508,88.938,1.14,2025-03-04 19:10:17,52.0,33.0,26.0,28.86,1.63,0,52
0.73,20.015,0.343,88.821,1.049,2025-03-04 19:10:17,52.0,33.0,26.0,28.86,1.63,0,52
0.717,19.977,0.444,89.134,1.092,2025-03-04 19:10:17,52.0,33.0,26.0,28.86,1.63,0,52
0.704,19.949,0.375,88.847,1.066,2025-03-04 19:10:17,52.0,33.0,26.0,28.86,1.63,0,52
0.729,20.087,0.473,89.294,1.123,2025-03-04 19:10:17,52.0,33.0,26.0,28.86,1.63,0,52
0.734,19.955,0.465,89.516,1.127,2025-03-04 19:10:17,52.0,33.0,26.0,28.86,1.63,0,52
0.724,20.081,0.371,88.691,1.006,2025-03-04 21:45:29,53.0,36.5,24.4,28.85,2.75,0,53
0.683,20.04,0.585,89.03,1.024,2025-03-04 21:45:29,53.0,36.5,24.4,28.85,2.75,0,53
0.69,20.031,0.385,88.722,0.998,2025-03-04 21:45:29,53.0,36.5,24.4,28.85,2.75,0,53
0.729,20.109,0.343,88.981,1.102,2025-03-04 21:45:29,53.0,36.5,24.4,28.85,2.75,0,53
0.698,19.993,0.388,88.406,1.02,2025-03-04 21:45:29,53.0,36.5,24.4,28.85,2.75,0,53
0.685,20.018,0.479,89.046,1.02,2025-03-04 21:45:29,53.0,36.5,24.4,28.85,2.75,0,53
0.689,19.999,0.535,88.652,1.069,2025-03-04 21:45:29,53.0,36.5,24.4,28.85,2.75,0,53
0.704,19.977,0.409,88.989,1.07,2025-03-04 21:45:29,53.0,36.5,24.4,28.85,2.75,0,53
0.751,20.059,0.431,89.116,1.162,2025-03-04 21:45:29,53.0,36.5,24.4,28.85,2.75,0,53
0.746,20.072,0.353,89.061,1.167,2025-03-04 21:45:29,53.0,36.5,24.4,28.85,2.75,0,53
0.764,20.112,0.511,89.156,1.172,2025-03-04 21:45:29,53.0,36.5,24.4,28.85,2.75,0,53
0.733,20.122,0.515,88.921,1.117,2025-03-04 21:45:29,53.0,36.5,24.4,28.85,2.75,0,53
0.702,19.949,0.35,88.897,1.095,2025-03-04 21:45:29,53.0,36.5,24.4,28.85,2.75,0,53
0.712,20.059,0.494,88.534,1.081,2025-03-04 21:45:29,53.0,36.5,24.4,28.85,2.75,0,53
0.721,20.059,0.508,89.122,1.117,2025-03-04 21:45:29,53.0,36.5,24.4,28.85,2.75,0,53
0.732,20.09,0.378,88.926,1.127,2025-03-04 21:45:29,53.0,36.5,24.4,28.85,2.75,0,53
0.722,20.034,0.476,88.627,1.076,2025-03-04 21:45:29,53.0,36.5,24.4,28.85,2.75,0,53
0.703,19.974,0.571,88.843,1.081,2025-03-04 21:45:29,53.0,36.5,24.4,28.85,2.75,0,53
0.709,20.059,0.403,88.525,1.102,2025-03-05 11:31:03,54.0,31.2,25.9,28.41,1.49,0,54
0.726,20.053,0.598,88.974,1.089,2025-03-05 11:31:03,54.0,31.2,25.9,28.41,1.49,0,54
0.729,20.018,0.525,88.999,1.093,2025-03-05 11:31:03,54.0,31.2,25.9,28.41,1.49,0,54
0.741,20.043,0.466,89.093,1.144,2025-03-05 11:31:03,54.0,31.2,25.9,28.41,1.49,0,54
0.728,19.977,0.637,89.063,1.093,2025-03-05 11:31:03,54.0,31.2,25.9,28.41,1.49,0,54
0.719,20.056,0.28,89.021,1.106,2025-03-05 11:31:03,54.0,31.2,25.9,28.41,1.49,0,54
0.718,19.974,0.532,88.598,1.05,2025-03-05 11:31:03,54.0,31.2,25.9,28.41,1.49,0,54
0.717,20.034,0.34,89.135,1.075,2025-03-05 11:31:03,54.0,31.2,25.9,28.41,1.49,0,54
0.741,19.943,0.357,89.177,1.147,2025-03-05 11:31:03,54.0,31.2,25.9,28.41,1.49,0,54
0.728,20.018,0.417,89.179,1.114,2025-03-05 11:31:03,54.0,31.2,25.9,28.41,1.49,0,54
0.73,20.109,0.515,89.035,1.075,2025-03-05 11:31:03,54.0,31.2,25.9,28.41,1.49,0,54
0.701,19.981,0.595,88.665,1.039,2025-03-05 11:31:03,54.0,31.2,25.9,28.41,1.49,0,54
0.722,20.003,0.665,88.943,1.091,2025-03-05 11:31:03,54.0,31.2,25.9,28.41,1.49,0,54
0.713,20.043,0.353,88.715,1.039,2025-03-05 11:31:03,54.0,31.2,25.9,28.41,1.49,0,54
0.718,19.981,0.375,88.894,1.135,2025-03-05 11:31:03,54.0,31.2,25.9,28.41,1.49,0,54
0.705,20.012,0.476,89.055,1.073,2025-03-05 11:31:03,54.0,31.2,25.9,28.41,1.49,0,54
0.723,19.977,0.451,89.185,1.096,2025-03-05 11:31:03,54.0,31.2,25.9,28.41,1.49,0,54
0.678,19.996,0.479,88.563,0.98,2025-03-05 11:31:03,54.0,31.2,25.9,28.41,1.49,0,54
0.728,19.924,0.469,88.999,1.13,2025-03-05 11:31:03,54.0,31.2,25.9,28.41,1.49,0,54
0.683,20.025,0.525,88.564,1.053,2025-03-05 11:31:03,54.0,31.2,25.9,28.41,1.49,0,54
0.74,20.043,0.543,88.964,1.203,2025-03-05 12:56:05,55.0,32.3,24.8,28.69,2.3,0,55
0.721,20.046,0.431,88.875,1.12,2025-03-05 12:56:05,55.0,32.3,24.8,28.69,2.3,0,55
0.738,20.056,0.329,89.345,1.095,2025-03-05 12:56:05,55.0,32.3,24.8,28.69,2.3,0,55
0.709,20.072,0.49,88.741,1.114,2025-03-05 12:56:05,55.0,32.3,24.8,28.69,2.3,0,55
0.735,20.056,0.399,89.023,1.103,2025-03-05 12:56:05,55.0,32.3,24.8,28.69,2.3,0,55
0.701,20.068,0.571,88.721,1.098,2025-03-05 12:56:05,55.0,32.3,24.8,28.69,2.3,0,55
0.685,19.99,0.476,88.591,1.013,2025-03-05 12:56:05,55.0,32.3,24.8,28.69,2.3,0,55
0.685,20.018,0.62,88.604,1.025,2025-03-05 12:56:05,55.0,32.3,24.8,28.69,2.3,0,55
0.731,20.04,0.325,89.352,1.163,2025-03-05 12:56:05,55.0,32.3,24.8,28.69,2.3,0,55
0.712,20.021,0.325,89.02,1.148,2025-03-05 12:56:05,55.0,32.3,24.8,28.69,2.3,0,55
0.729,20.068,0.448,88.866,1.047,2025-03-05 12:56:05,55.0,32.3,24.8,28.69,2.3,0,55
0.684,20.009,0.385,88.878,1.035,2025-03-05 12:56:05,55.0,32.3,24.8,28.69,2.3,0,55
0.729,20.034,0.35,89.417,1.181,2025-03-05 12:56:05,55.0,32.3,24.8,28.69,2.3,0,55
0.731,20.043,0.371,89.137,1.122,2025-03-05 12:56:05,55.0,32.3,24.8,28.69,2.3,0,55
0.722,20.087,0.501,89.093,1.102,2025-03-05 12:56:05,55.0,32.3,24.8,28.69,2.3,0,55
0.695,19.981,0.539,88.819,1.082,2025-03-05 12:56:05,55.0,32.3,24.8,28.69,2.3,0,55
0.731,20.034,0.497,88.735,1.093,2025-03-05 12:56:05,55.0,32.3,24.8,28.69,2.3,0,55
0.731,19.955,0.462,89.318,1.085,2025-03-05 12:56:05,55.0,32.3,24.8,28.69,2.3,0,55
0.698,20.025,0.563,88.991,1.05,2025-03-05 19:16:19,56.0,31.3,22.9,27.32,2.04,0,56
0.715,20.119,0.55,88.545,1.115,2025-03-05 19:16:19,56.0,31.3,22.9,27.32,2.04,0,56
0.708,20.025,0.539,88.902,1.134,2025-03-05 19:16:19,56.0,31.3,22.9,27.32,2.04,0,56
0.722,20.028,0.406,88.957,1.13,2025-03-05 19:16:19,56.0,31.3,22.9,27.32,2.04,0,56
0.713,19.943,0.532,88.826,1.13,2025-03-05 19:16:19,56.0,31.3,22.9,27.32,2.04,0,56
0.721,20.018,0.479,88.704,1.068,2025-03-05 19:16:19,56.0,31.3,22.9,27.32,2.04,0,56
0.72,20.062,0.521,89.164,1.065,2025-03-05 19:16:19,56.0,31.3,22.9,27.32,2.04,0,56
0.713,19.977,0.494,88.896,1.063,2025-03-05 19:16:19,56.0,31.3,22.9,27.32,2.04,0,56
0.725,20.116,0.487,89.031,1.158,2025-03-05 19:16:19,56.0,31.3,22.9,27.32,2.04,0,56
0.685,20.028,0.452,88.781,1.049,2025-03-05 19:16:19,56.0,31.3,22.9,27.32,2.04,0,56
0.741,20.072,0.431,89.07,1.112,2025-03-05 19:16:19,56.0,31.3,22.9,27.32,2.04,0,56
0.731,20.112,0.42,88.963,1.152,2025-03-05 19:16:19,56.0,31.3,22.9,27.32,2.04,0,56
0.716,20.109,0.42,89.016,1.127,2025-03-05 19:16:19,56.0,31.3,22.9,27.32,2.04,0,56
0.726,20.106,0.242,89.185,1.144,2025-03-05 19:16:19,56.0,31.3,22.9,27.32,2.04,0,56
0.743,20.059,0.455,89.058,1.184,2025-03-05 19:16:19,56.0,31.3,22.9,27.32,2.04,0,56
0.739,20.072,0.546,88.913,1.148,2025-03-05 19:16:19,56.0,31.3,22.9,27.32,2.04,0,56
0.723,20.072,0.325,88.862,1.138,2025-03-05 19:16:19,56.0,31.3,22.9,27.32,2.04,0,56
0.743,20.075,0.511,89.089,1.172,2025-03-05 19:16:19,56.0,31.3,22.9,27.32,2.04,0,56
0.717,20.081,0.62,89.133,1.121,2025-03-05 19:16:19,56.0,31.3,22.9,27.32,2.04,0,56
0.718,20.103,0.305,89.273,1.048,2025-03-05 21:31:29,57.0,83.7,25.4,30.2,12.69,0,57
0.701,19.996,0.329,88.969,1.092,2025-03-05 21:31:29,57.0,83.7,25.4,30.2,12.69,0,57
0.741,20.106,0.466,89.227,1.153,2025-03-05 21:31:29,57.0,83.7,25.4,30.2,12.69,0,57
0.725,20.034,0.396,88.796,1.053,2025-03-05 21:31:29,57.0,83.7,25.4,30.2,12.69,0,57
0.714,20.072,0.525,88.849,1.092,2025-03-05 21:31:29,57.0,83.7,25.4,30.2,12.69,0,57
0.718,20.031,0.441,88.632,1.091,2025-03-05 21:31:29,57.0,83.7,25.4,30.2,12.69,0,57
0.714,20.034,0.49,88.986,1.025,2025-03-05 21:31:29,57.0,83.7,25.4,30.2,12.69,0,57
0.704,20.037,0.448,88.6,1.051,2025-03-05 21:31:29,57.0,83.7,25.4,30.2,12.69,0,57
0.7,20.068,0.511,88.84,1.029,2025-03-05 21:31:29,57.0,83.7,25.4,30.2,12.69,0,57
0.715,20.015,0.487,88.725,1.051,2025-03-05 21:31:29,57.0,83.7,25.4,30.2,12.69,0,57
0.695,20.075,0.381,88.622,1.079,2025-03-05 21:31:29,57.0,83.7,25.4,30.2,12.69,0,57
0.727,20.025,0.322,88.851,1.102,2025-03-05 21:31:29,57.0,83.7,25.4,30.2,12.69,0,57
0.734,20.034,0.43,89.4,1.078,2025-03-05 21:31:29,57.0,83.7,25.4,30.2,12.69,0,57
0.697,20.053,0.479,88.424,1.006,2025-03-05 21:31:29,57.0,83.7,25.4,30.2,12.69,0,57
0.697,20.043,0.511,89.036,1.118,2025-03-05 21:31:29,57.0,83.7,25.4,30.2,12.69,0,57
0.705,20.097,0.521,88.769,1.118,2025-03-05 21:31:29,57.0,83.7,25.4,30.2,12.69,0,57
0.724,20.119,0.374,89.032,1.121,2025-03-05 21:31:29,57.0,83.7,25.4,30.2,12.69,0,57
0.707,20.046,0.598,88.589,1.043,2025-03-06 13:35:30,58.0,83.8,24.9,30.44,12.67,0,58
0.74,20.04,0.294,88.988,1.14,2025-03-06 13:35:30,58.0,83.8,24.9,30.44,12.67,0,58
0.693,20.034,0.567,88.662,1.055,2025-03-06 13:35:30,58.0,83.8,24.9,30.44,12.67,0,58
0.722,20.04,0.55,88.966,1.204,2025-03-06 13:35:30,58.0,83.8,24.9,30.44,12.67,0,58
0.753,20.103,0.385,89.146,1.18,2025-03-06 13:35:30,58.0,83.8,24.9,30.44,12.67,0,58
0.717,20.081,0.669,89.105,1.108,2025-03-06 13:35:30,58.0,83.8,24.9,30.44,12.67,0,58
0.717,20.062,0.455,89.069,1.136,2025-03-06 13:35:30,58.0,83.8,24.9,30.44,12.67,0,58
0.686,19.886,0.431,88.752,1.031,2025-03-06 13:35:30,58.0,83.8,24.9,30.44,12.67,0,58
0.687,19.996,0.389,88.572,1.066,2025-03-06 13:35:30,58.0,83.8,24.9,30.44,12.67,0,58
0.718,20.05,0.438,89.025,1.109,2025-03-06 13:35:30,58.0,83.8,24.9,30.44,12.67,0,58
0.7,19.99,0.473,89.031,1.072,2025-03-06 13:35:30,58.0,83.8,24.9,30.44,12.67,0,58
0.698,20.046,0.539,88.372,1.049,2025-03-06 13:35:30,58.0,83.8,24.9,30.44,12.67,0,58
0.68,19.974,0.388,88.782,1.048,2025-03-06 13:35:30,58.0,83.8,24.9,30.44,12.67,0,58
0.74,20.094,0.518,89.024,1.14,2025-03-06 13:35:30,58.0,83.8,24.9,30.44,12.67,0,58
0.702,19.971,0.486,88.921,1.065,2025-03-06 13:35:30,58.0,83.8,24.9,30.44,12.67,0,58
0.702,19.905,0.529,88.87,1.106,2025-03-06 13:35:30,58.0,83.8,24.9,30.44,12.67,0,58
0.74,20.163,0.483,89.067,1.202,2025-03-06 13:35:30,58.0,83.8,24.9,30.44,12.67,0,58
0.695,20.037,0.448,89.19,1.049,2025-03-06 13:35:30,58.0,83.8,24.9,30.44,12.67,0,58
0.683,19.902,0.423,88.568,1.039,2025-03-06 13:35:30,58.0,83.8,24.9,30.44,12.67,0,58
0.696,20.025,0.469,88.653,1.02,2025-03-06 14:45:32,59.0,33.2,25.1,28.94,2.44,0,59
0.696,19.968,0.385,88.975,0.979,2025-03-06 14:45:32,59.0,33.2,25.1,28.94,2.44,0,59
0.746,20.056,0.396,88.958,1.172,2025-03-06 14:45:32,59.0,33.2,25.1,28.94,2.44,0,59
0.726,20.084,0.382,88.977,1.131,2025-03-06 14:45:32,59.0,33.2,25.1,28.94,2.44,0,59
0.712,19.946,0.557,88.506,1.119,2025-03-06 14:45:32,59.0,33.2,25.1,28.94,2.44,0,59
0.729,20.018,0.343,89.087,1.183,2025-03-06 14:45:32,59.0,33.2,25.1,28.94,2.44,0,59
0.709,20.056,0.515,88.587,1.084,2025-03-06 14:45:32,59.0,33.2,25.1,28.94,2.44,0,59
0.75,20.072,0.409,89.149,1.171,2025-03-06 14:45:32,59.0,33.2,25.1,28.94,2.44,0,59
0.74,20.081,0.501,89.156,1.138,2025-03-06 14:45:32,59.0,33.2,25.1,28.94,2.44,0,59
0.699,20.04,0.388,88.992,1.079,2025-03-06 14:45:32,59.0,33.2,25.1,28.94,2.44,0,59
0.698,20.05,0.364,88.677,1.069,2025-03-06 14:45:32,59.0,33.2,25.1,28.94,2.44,0,59
0.737,20.012,0.385,89.163,1.155,2025-03-06 14:45:32,59.0,33.2,25.1,28.94,2.44,0,59
0.706,19.968,0.354,89.031,1.085,2025-03-06 14:45:32,59.0,33.2,25.1,28.94,2.44,0,59
0.746,19.999,0.494,89.091,1.106,2025-03-06 14:45:32,59.0,33.2,25.1,28.94,2.44,0,59
0.695,19.971,0.613,88.514,1.074,2025-03-06 14:45:32,59.0,33.2,25.1,28.94,2.44,0,59
0.688,20.034,0.385,88.503,1.051,2025-03-06 14:45:32,59.0,33.2,25.1,28.94,2.44,0,59
0.75,20.078,0.403,89.227,1.189,2025-03-06 14:45:32,59.0,33.2,25.1,28.94,2.44,0,59
0.732,20.119,0.238,88.964,1.156,2025-03-06 14:45:32,59.0,33.2,25.1,28.94,2.44,0,59
0.699,20.037,0.536,88.554,1.071,2025-03-06 14:45:32,59.0,33.2,25.1,28.94,2.44,0,59
0.742,20.134,0.494,89.093,1.172,2025-03-06 19:40:41,60.0,33.4,26.3,30.13,1.58,0,60
0.706,19.993,0.287,88.622,1.084,2025-03-06 19:40:41,60.0,33.4,26.3,30.13,1.58,0,60
0.749,20.053,0.465,89.266,1.076,2025-03-06 19:40:41,60.0,33.4,26.3,30.13,1.58,0,60
0.747,20.084,0.518,89.195,1.136,2025-03-06 19:40:41,60.0,33.4,26.3,30.13,1.58,0,60
0.734,20.106,0.308,89.034,1.16,2025-03-06 19:40:41,60.0,33.4,26.3,30.13,1.58,0,60
0.708,20.109,0.381,88.553,1.112,2025-03-06 19:40:41,60.0,33.4,26.3,30.13,1.58,0,60
0.685,20.068,0.333,88.616,1.054,2025-03-06 19:40:41,60.0,33.4,26.3,30.13,1.58,0,60
0.702,20.031,0.5,88.806,1.041,2025-03-06 19:40:41,60.0,33.4,26.3,30.13,1.58,0,60
0.746,20.053,0.494,89.251,1.147,2025-03-06 19:40:41,60.0,33.4,26.3,30.13,1.58,0,60
0.725,20.068,0.486,89.037,1.127,2025-03-06 19:40:41,60.0,33.4,26.3,30.13,1.58,0,60
0.728,20.119,0.332,89.007,1.117,2025-03-06 19:40:41,60.0,33.4,26.3,30.13,1.58,0,60
0.718,20.065,0.371,88.994,1.046,2025-03-06 19:40:41,60.0,33.4,26.3,30.13,1.58,0,60
0.758,20.072,0.507,88.87,1.161,2025-03-06 19:40:41,60.0,33.4,26.3,30.13,1.58,0,60
0.7,20.05,0.574,88.967,1.101,2025-03-06 19:40:41,60.0,33.4,26.3,30.13,1.58,0,60
0.717,20.103,0.553,89.297,1.115,2025-03-06 19:40:41,60.0,33.4,26.3,30.13,1.58,0,60
0.748,20.04,0.413,89.051,1.247,2025-03-06 19:40:41,60.0,33.4,26.3,30.13,1.58,0,60
0.736,20.075,0.41,88.969,1.177,2025-03-06 19:40:41,60.0,33.4,26.3,30.13,1.58,0,60
0.698,20.094,0.504,88.768,1.116,2025-03-06 19:40:41,60.0,33.4,26.3,30.13,1.58,0,60
0.716,20.05,0.385,88.822,1.06,2025-03-06 19:40:41,60.0,33.4,26.3,30.13,1.58,0,60
0.745,20.028,0.361,88.923,1.261,2025-03-06 19:40:41,60.0,33.4,26.3,30.13,1.58,0,60
0.674,19.984,0.539,88.81,1.026,2025-03-06 21:45:53,61.0,33.3,24.0,28.4,2.44,0,61
0.694,20.043,0.455,88.705,1.025,2025-03-06 21:45:53,61.0,33.3,24.0,28.4,2.44,0,61
0.753,20.097,0.431,89.186,1.168,2025-03-06 21:45:53,61.0,33.3,24.0,28.4,2.44,0,61
0.725,19.933,0.546,89.021,1.115,2025-03-06 21:45:53,61.0,33.3,24.0,28.4,2.44,0,61
0.738,20.084,0.469,89.112,1.09,2025-03-06 21:45:53,61.0,33.3,24.0,28.4,2.44,0,61
0.702,19.871,0.532,88.578,1.068,2025-03-06 21:45:53,61.0,33.3,24.0,28.4,2.44,0,61
0.696,20.075,0.508,88.649,1.057,2025-03-06 21:45:53,61.0,33.3,24.0,28.4,2.44,0,61
0.686,19.924,0.361,88.773,1.04,2025-03-06 21:45:53,61.0,33.3,24.0,28.4,2.44,0,61
0.717,19.984,0.413,88.848,1.101,2025-03-06 21:45:53,61.0,33.3,24.0,28.4,2.44,0,61
0.741,19.937,0.612,89.106,1.166,2025-03-06 21:45:53,61.0,33.3,24.0,28.4,2.44,0,61
0.696,19.996,0.486,88.825,1.022,2025-03-06 21:45:53,61.0,33.3,24.0,28.4,2.44,0,61
0.697,19.952,0.455,88.662,1.056,2025-03-06 21:45:53,61.0,33.3,24.0,28.4,2.44,0,61
0.693,19.911,0.487,88.852,1.0,2025-03-06 21:45:53,61.0,33.3,24.0,28.4,2.44,0,61
0.733,20.025,0.472,89.311,1.135,2025-03-06 21:45:53,61.0,33.3,24.0,28.4,2.44,0,61
0.715,19.949,0.448,88.787,1.019,2025-03-06 21:45:53,61.0,33.3,24.0,28.4,2.44,0,61
0.695,19.996,0.368,88.944,0.945,2025-03-06 21:45:53,61.0,33.3,24.0,28.4,2.44,0,61
0.696,19.993,0.434,88.673,1.05,2025-03-06 21:45:53,61.0,33.3,24.0,28.4,2.44,0,61
0.707,20.04,0.739,88.947,1.099,2025-03-06 21:45:53,61.0,33.3,24.0,28.4,2.44,0,61
0.686,19.864,0.385,88.805,1.016,2025-03-06 21:45:53,61.0,33.3,24.0,28.4,2.44,0,61
0.709,19.94,0.375,88.887,1.063,2025-03-06 21:45:53,61.0,33.3,24.0,28.4,2.44,0,61
0.739,20.166,0.529,88.932,1.093,2025-03-07 11:05:52,62.0,84.1,23.4,31.43,12.67,0,62
0.725,20.163,0.465,88.963,1.102,2025-03-07 11:05:52,62.0,84.1,23.4,31.43,12.67,0,62
0.73,20.043,0.28,89.125,1.138,2025-03-07 11:05:52,62.0,84.1,23.4,31.43,12.67,0,62
0.673,19.981,0.427,88.972,1.015,2025-03-07 11:05:52,62.0,84.1,23.4,31.43,12.67,0,62
0.713,19.902,0.462,88.904,1.06,2025-03-07 11:05:52,62.0,84.1,23.4,31.43,12.67,0,62
0.736,20.103,0.571,89.02,1.079,2025-03-07 11:05:52,62.0,84.1,23.4,31.43,12.67,0,62
0.69,20.043,0.648,88.99,0.973,2025-03-07 11:05:52,62.0,84.1,23.4,31.43,12.67,0,62
0.714,19.984,0.521,88.667,0.999,2025-03-07 11:05:52,62.0,84.1,23.4,31.43,12.67,0,62
0.674,19.911,0.455,88.665,1.021,2025-03-07 11:05:52,62.0,84.1,23.4,31.43,12.67,0,62
0.713,19.937,0.416,88.608,0.991,2025-03-07 11:05:52,62.0,84.1,23.4,31.43,12.67,0,62
0.705,19.987,0.564,88.523,1.051,2025-03-07 11:05:52,62.0,84.1,23.4,31.43,12.67,0,62
0.737,20.04,0.563,88.937,1.209,2025-03-07 11:05:52,62.0,84.1,23.4,31.43,12.67,0,62
0.742,20.009,0.581,89.112,1.099,2025-03-07 11:05:52,62.0,84.1,23.4,31.43,12.67,0,62
0.72,20.125,0.298,89.004,1.151,2025-03-07 11:05:52,62.0,84.1,23.4,31.43,12.67,0,62
0.696,19.924,0.361,88.865,1.111,2025-03-07 11:05:52,62.0,84.1,23.4,31.43,12.67,0,62
0.691,20.046,0.535,88.566,1.016,2025-03-07 11:05:52,62.0,84.1,23.4,31.43,12.67,0,62
0.734,20.043,0.354,89.261,1.134,2025-03-07 11:05:52,62.0,84.1,23.4,31.43,12.67,0,62
0.704,19.984,0.469,88.848,1.072,2025-03-07 11:05:52,62.0,84.1,23.4,31.43,12.67,0,62
0.727,20.119,0.361,89.024,1.116,2025-03-07 21:31:16,63.0,39.3,22.1,28.07,4.05,0,63
0.706,20.015,0.515,88.68,1.06,2025-03-07 21:31:16,63.0,39.3,22.1,28.07,4.05,0,63
0.688,20.015,0.595,88.904,0.976,2025-03-07 21:31:16,63.0,39.3,22.1,28.07,4.05,0,63
0.683,19.987,0.361,88.733,1.035,2025-03-07 21:31:16,63.0,39.3,22.1,28.07,4.05,0,63
0.698,19.996,0.361,88.8,1.059,2025-03-07 21:31:16,63.0,39.3,22.1,28.07,4.05,0,63
0.694,19.974,0.354,88.741,1.007,2025-03-07 21:31:16,63.0,39.3,22.1,28.07,4.05,0,63
0.694,19.962,0.389,88.753,0.988,2025-03-07 21:31:16,63.0,39.3,22.1,28.07,4.05,0,63
0.714,20.103,0.571,88.906,1.053,2025-03-07 21:31:16,63.0,39.3,22.1,28.07,4.05,0,63
0.721,20.097,0.368,88.97,1.139,2025-03-07 21:31:16,63.0,39.3,22.1,28.07,4.05,0,63
0.688,20.025,0.269,88.629,1.021,2025-03-07 21:31:16,63.0,39.3,22.1,28.07,4.05,0,63
0.689,20.078,0.518,89.079,0.974,2025-03-07 21:31:16,63.0,39.3,22.1,28.07,4.05,0,63
0.714,20.059,0.451,89.148,1.063,2025-03-07 21:31:16,63.0,39.3,22.1,28.07,4.05,0,63
0.74,20.141,0.364,88.941,1.095,2025-03-07 21:31:16,63.0,39.3,22.1,28.07,4.05,0,63
0.701,20.084,0.406,89.145,1.004,2025-03-07 21:31:16,63.0,39.3,22.1,28.07,4.05,0,63
0.725,20.141,0.521,89.126,1.088,2025-03-07 21:31:16,63.0,39.3,22.1,28.07,4.05,0,63
0.679,19.968,0.577,88.389,1.012,2025-03-07 21:31:16,63.0,39.3,22.1,28.07,4.05,0,63
0.703,20.081,0.455,88.676,1.059,2025-03-07 21:31:16,63.0,39.3,22.1,28.07,4.05,0,63
0.691,20.018,0.392,88.622,1.038,2025-03-07 21:31:16,63.0,39.3,22.1,28.07,4.05,0,63
0.686,19.974,0.392,88.484,1.017,2025-03-07 21:31:16,63.0,39.3,22.1,28.07,4.05,0,63
0.681,20.059,0.371,88.903,0.955,2025-03-10 12:50:02,64.0,34.0,23.2,27.3,2.57,0,64
0.674,19.94,0.522,89.149,0.957,2025-03-10 12:50:02,64.0,34.0,23.2,27.3,2.57,0,64
0.681,20.065,0.458,88.923,1.084,2025-03-10 12:50:02,64.0,34.0,23.2,27.3,2.57,0,64
0.663,19.933,0.515,89.042,1.006,2025-03-10 12:50:02,64.0,34.0,23.2,27.3,2.57,0,64
0.7,19.915,0.396,88.755,1.076,2025-03-10 12:50:02,64.0,34.0,23.2,27.3,2.57,0,64
0.706,20.191,0.361,88.942,1.071,2025-03-10 12:50:02,64.0,34.0,23.2,27.3,2.57,0,64
0.684,20.003,0.343,88.888,0.926,2025-03-10 12:50:02,64.0,34.0,23.2,27.3,2.57,0,64
0.666,19.933,0.462,88.721,0.99,2025-03-10 12:50:02,64.0,34.0,23.2,27.3,2.57,0,64
0.711,20.018,0.494,88.822,1.071,2025-03-10 12:50:02,64.0,34.0,23.2,27.3,2.57,0,64
0.717,20.031,0.672,88.669,1.06,2025-03-10 12:50:02,64.0,34.0,23.2,27.3,2.57,0,64
0.663,19.955,0.381,88.72,1.004,2025-03-10 12:50:02,64.0,34.0,23.2,27.3,2.57,0,64
0.73,20.125,0.56,89.225,1.117,2025-03-10 12:50:02,64.0,34.0,23.2,27.3,2.57,0,64
0.736,20.109,0.385,88.972,1.127,2025-03-10 12:50:02,64.0,34.0,23.2,27.3,2.57,0,64
0.702,19.996,0.353,88.575,1.059,2025-03-10 12:50:02,64.0,34.0,23.2,27.3,2.57,0,64
0.674,20.009,0.469,89.074,0.946,2025-03-10 12:50:02,64.0,34.0,23.2,27.3,2.57,0,64
0.696,20.009,0.374,88.979,1.032,2025-03-10 12:50:02,64.0,34.0,23.2,27.3,2.57,0,64
0.735,20.166,0.479,89.087,1.206,2025-03-10 12:50:02,64.0,34.0,23.2,27.3,2.57,0,64
0.713,20.097,0.409,89.174,1.135,2025-03-10 12:50:02,64.0,34.0,23.2,27.3,2.57,0,64
0.67,20.003,0.413,88.68,0.998,2025-03-10 12:50:02,64.0,34.0,23.2,27.3,2.57,0,64
0.719,20.1,0.598,89.137,1.11,2025-03-10 12:50:02,64.0,34.0,23.2,27.3,2.57,0,64
0.726,20.087,0.441,89.347,1.097,2025-03-10 13:30:05,65.0,30.0,24.5,26.59,1.56,0,65
0.655,19.937,0.476,88.809,0.962,2025-03-10 13:30:05,65.0,30.0,24.5,26.59,1.56,0,65
0.734,20.087,0.42,88.858,1.124,2025-03-10 13:30:05,65.0,30.0,24.5,26.59,1.56,0,65
0.706,20.028,0.476,88.857,1.046,2025-03-10 13:30:05,65.0,30.0,24.5,26.59,1.56,0,65
0.678,19.981,0.364,88.925,0.955,2025-03-10 13:30:05,65.0,30.0,24.5,26.59,1.56,0,65
0.722,20.15,0.56,89.107,1.071,2025-03-10 13:30:05,65.0,30.0,24.5,26.59,1.56,0,65
0.724,20.065,0.497,89.031,1.078,2025-03-10 13:30:05,65.0,30.0,24.5,26.59,1.56,0,65
0.728,20.078,0.571,88.997,1.171,2025-03-10 13:30:05,65.0,30.0,24.5,26.59,1.56,0,65
0.692,20.034,0.301,88.709,1.028,2025-03-10 13:30:05,65.0,30.0,24.5,26.59,1.56,0,65
0.701,20.087,0.612,89.162,1.076,2025-03-10 13:30:05,65.0,30.0,24.5,26.59,1.56,0,65
0.686,20.037,0.469,88.8,0.993,2025-03-10 13:30:05,65.0,30.0,24.5,26.59,1.56,0,65
0.73,20.043,0.508,89.033,1.104,2025-03-10 13:30:05,65.0,30.0,24.5,26.59,1.56,0,65
0.718,20.128,0.521,89.319,1.112,2025-03-10 13:30:05,65.0,30.0,24.5,26.59,1.56,0,65
0.684,19.999,0.413,88.758,1.02,2025-03-10 13:30:05,65.0,30.0,24.5,26.59,1.56,0,65
0.685,19.965,0.665,88.905,1.106,2025-03-10 13:30:05,65.0,30.0,24.5,26.59,1.56,0,65
0.746,20.084,0.423,89.261,1.169,2025-03-10 13:30:05,65.0,30.0,24.5,26.59,1.56,0,65
0.725,20.131,0.409,89.006,1.126,2025-03-10 13:30:05,65.0,30.0,24.5,26.59,1.56,0,65
0.718,20.059,0.472,89.354,1.1,2025-03-10 13:30:05,65.0,30.0,24.5,26.59,1.56,0,65
0.742,20.031,0.353,89.275,1.21,2025-03-10 19:45:16,66.0,30.6,24.3,28.0,1.89,0,66
0.707,19.987,0.595,88.886,1.105,2025-03-10 19:45:16,66.0,30.6,24.3,28.0,1.89,0,66
0.729,19.99,0.245,89.235,1.108,2025-03-10 19:45:16,66.0,30.6,24.3,28.0,1.89,0,66
0.719,19.949,0.325,88.909,1.087,2025-03-10 19:45:16,66.0,30.6,24.3,28.0,1.89,0,66
0.709,19.911,0.462,88.877,1.132,2025-03-10 19:45:16,66.0,30.6,24.3,28.0,1.89,0,66
0.702,19.937,0.567,88.73,1.103,2025-03-10 19:45:16,66.0,30.6,24.3,28.0,1.89,0,66
0.698,19.959,0.326,88.876,1.068,2025-03-10 19:45:16,66.0,30.6,24.3,28.0,1.89,0,66
0.718,19.952,0.354,88.657,1.116,2025-03-10 19:45:16,66.0,30.6,24.3,28.0,1.89,0,66
0.743,20.018,0.382,89.302,1.233,2025-03-10 19:45:16,66.0,30.6,24.3,28.0,1.89,0,66
0.714,19.974,0.399,89.052,1.117,2025-03-10 19:45:16,66.0,30.6,24.3,28.0,1.89,0,66
0.744,20.015,0.252,89.29,1.18,2025-03-10 19:45:16,66.0,30.6,24.3,28.0,1.89,0,66
0.731,20.006,0.427,89.006,1.123,2025-03-10 19:45:16,66.0,30.6,24.3,28.0,1.89,0,66
0.7,19.987,0.553,88.742,1.061,2025-03-10 19:45:16,66.0,30.6,24.3,28.0,1.89,0,66
0.755,20.006,0.529,89.45,1.159,2025-03-10 19:45:16,66.0,30.6,24.3,28.0,1.89,0,66
0.727,19.927,0.417,88.703,1.086,2025-03-10 19:45:16,66.0,30.6,24.3,28.0,1.89,0,66
0.702,19.984,0.535,88.916,1.058,2025-03-10 19:45:16,66.0,30.6,24.3,28.0,1.89,0,66
0.735,20.009,0.42,89.067,1.144,2025-03-10 19:45:16,66.0,30.6,24.3,28.0,1.89,0,66
0.688,19.962,0.388,88.966,1.11,2025-03-10 19:45:16,66.0,30.6,24.3,28.0,1.89,0,66
0.725,20.05,0.329,88.949,1.182,2025-03-10 19:45:16,66.0,30.6,24.3,28.0,1.89,0,66
0.735,19.99,0.319,89.148,1.211,2025-03-11 11:07:18,67.0,32.8,25.4,29.15,2.37,0,67
0.726,20.006,0.462,88.795,1.074,2025-03-11 11:07:18,67.0,32.8,25.4,29.15,2.37,0,67
0.719,20.046,0.56,89.337,1.154,2025-03-11 11:07:18,67.0,32.8,25.4,29.15,2.37,0,67
0.718,19.946,0.266,88.692,1.101,2025-03-11 11:07:18,67.0,32.8,25.4,29.15,2.37,0,67
0.728,20.059,0.577,89.443,1.086,2025-03-11 11:07:18,67.0,32.8,25.4,29.15,2.37,0,67
0.737,19.955,0.525,88.674,1.115,2025-03-11 11:07:18,67.0,32.8,25.4,29.15,2.37,0,67
0.709,19.996,0.28,88.919,1.046,2025-03-11 11:07:18,67.0,32.8,25.4,29.15,2.37,0,67
0.713,19.984,0.354,88.865,1.021,2025-03-11 11:07:18,67.0,32.8,25.4,29.15,2.37,0,67
0.731,20.056,0.378,89.275,1.224,2025-03-11 11:07:18,67.0,32.8,25.4,29.15,2.37,0,67
0.718,19.943,0.444,88.627,1.081,2025-03-11 11:07:18,67.0,32.8,25.4,29.15,2.37,0,67
0.709,20.05,0.406,88.554,1.052,2025-03-11 11:07:18,67.0,32.8,25.4,29.15,2.37,0,67
0.74,20.094,0.305,89.368,1.152,2025-03-11 11:07:18,67.0,32.8,25.4,29.15,2.37,0,67
0.738,20.05,0.487,89.163,1.171,2025-03-11 11:07:18,67.0,32.8,25.4,29.15,2.37,0,67
0.732,19.99,0.605,89.084,1.133,2025-03-11 11:07:18,67.0,32.8,25.4,29.15,2.37,0,67
0.731,20.053,0.42,89.474,1.13,2025-03-11 11:07:18,67.0,32.8,25.4,29.15,2.37,0,67
0.71,19.949,0.371,88.525,1.132,2025-03-11 11:07:18,67.0,32.8,25.4,29.15,2.37,0,67
0.722,19.959,0.458,88.713,1.057,2025-03-11 11:07:18,67.0,32.8,25.4,29.15,2.37,0,67
0.72,19.981,0.361,89.183,1.144,2025-03-11 11:07:18,67.0,32.8,25.4,29.15,2.37,0,67
0.724,20.053,0.483,89.44,1.072,2025-03-11 11:07:18,67.0,32.8,25.4,29.15,2.37,0,67
0.708,19.949,0.612,89.114,1.102,2025-03-11 19:42:33,68.0,30.8,24.8,27.98,1.76,0,68
0.707,20.065,0.413,88.828,1.043,2025-03-11 19:42:33,68.0,30.8,24.8,27.98,1.76,0,68
0.736,20.163,0.336,89.092,1.162,2025-03-11 19:42:33,68.0,30.8,24.8,27.98,1.76,0,68
0.695,19.952,0.55,88.624,1.028,2025-03-11 19:42:33,68.0,30.8,24.8,27.98,1.76,0,68
0.722,19.959,0.616,89.05,1.119,2025-03-11 19:42:33,68.0,30.8,24.8,27.98,1.76,0,68
0.739,20.09,0.444,89.087,1.185,2025-03-11 19:42:33,68.0,30.8,24.8,27.98,1.76,0,68
0.692,20.009,0.413,88.656,1.058,2025-03-11 19:42:33,68.0,30.8,24.8,27.98,1.76,0,68
0.743,20.097,0.466,89.32,1.172,2025-03-11 19:42:33,68.0,30.8,24.8,27.98,1.76,0,68
0.699,19.993,0.308,88.679,1.015,2025-03-11 19:42:33,68.0,30.8,24.8,27.98,1.76,0,68
0.704,19.924,0.515,89.026,1.033,2025-03-11 19:42:33,68.0,30.8,24.8,27.98,1.76,0,68
0.676,19.949,0.444,88.513,1.053,2025-03-11 19:42:33,68.0,30.8,24.8,27.98,1.76,0,68
0.691,19.93,0.448,88.946,1.032,2025-03-11 19:42:33,68.0,30.8,24.8,27.98,1.76,0,68
0.72,20.031,0.511,89.044,1.112,2025-03-11 19:42:33,68.0,30.8,24.8,27.98,1.76,0,68
0.736,20.16,0.353,89.172,1.145,2025-03-11 19:42:33,68.0,30.8,24.8,27.98,1.76,0,68
0.726,19.99,0.535,89.028,1.121,2025-03-11 19:42:33,68.0,30.8,24.8,27.98,1.76,0,68
0.746,20.09,0.518,89.32,1.174,2025-03-11 19:42:33,68.0,30.8,24.8,27.98,1.76,0,68
0.738,20.182,0.42,89.344,1.16,2025-03-11 19:42:33,68.0,30.8,24.8,27.98,1.76,0,68
0.73,20.106,0.508,89.228,1.168,2025-03-11 19:42:33,68.0,30.8,24.8,27.98,1.76,0,68
0.693,19.968,0.431,88.803,1.086,2025-03-12 11:11:12,69.0,36.1,24.0,28.0,2.88,0,69
0.7,19.861,0.248,88.685,1.115,2025-03-12 11:11:12,69.0,36.1,24.0,28.0,2.88,0,69
0.708,19.886,0.417,88.838,1.065,2025-03-12 11:11:12,69.0,36.1,24.0,28.0,2.88,0,69
0.697,19.905,0.427,88.959,1.086,2025-03-12 11:11:12,69.0,36.1,24.0,28.0,2.88,0,69
0.719,19.88,0.577,89.099,1.11,2025-03-12 11:11:12,69.0,36.1,24.0,28.0,2.88,0,69
0.701,20.028,0.444,89.164,1.08,2025-03-12 11:11:12,69.0,36.1,24.0,28.0,2.88,0,69
0.684,19.915,0.469,88.64,1.021,2025-03-12 11:11:12,69.0,36.1,24.0,28.0,2.88,0,69
0.696,19.877,0.34,89.118,1.101,2025-03-12 11:11:12,69.0,36.1,24.0,28.0,2.88,0,69
0.697,20.056,0.413,89.018,1.106,2025-03-12 11:11:12,69.0,36.1,24.0,28.0,2.88,0,69
0.703,19.924,0.469,89.3,1.01,2025-03-12 11:11:12,69.0,36.1,24.0,28.0,2.88,0,69
0.74,19.962,0.241,88.829,1.045,2025-03-12 11:11:12,69.0,36.1,24.0,28.0,2.88,0,69
0.724,20.1,0.301,89.263,1.158,2025-03-12 11:11:12,69.0,36.1,24.0,28.0,2.88,0,69
0.74,20.065,0.473,89.24,1.169,2025-03-12 11:11:12,69.0,36.1,24.0,28.0,2.88,0,69
0.687,19.814,0.62,88.631,1.056,2025-03-12 11:11:12,69.0,36.1,24.0,28.0,2.88,0,69
0.733,19.981,0.637,89.21,1.088,2025-03-12 11:11:12,69.0,36.1,24.0,28.0,2.88,0,69
0.742,19.99,0.494,89.053,1.213,2025-03-12 11:11:12,69.0,36.1,24.0,28.0,2.88,0,69
0.685,19.905,0.441,88.776,1.047,2025-03-12 11:11:12,69.0,36.1,24.0,28.0,2.88,0,69
0.701,20.025,0.532,89.232,1.168,2025-03-12 11:11:12,69.0,36.1,24.0,28.0,2.88,0,69
0.698,19.977,0.532,88.72,1.079,2025-03-12 11:11:12,69.0,36.1,24.0,28.0,2.88,0,69
0.746,20.018,0.381,89.148,1.086,2025-03-12 21:31:36,70.0,32.6,25.7,28.99,1.78,0,70
0.698,20.068,0.399,88.982,0.995,2025-03-12 21:31:36,70.0,32.6,25.7,28.99,1.78,0,70
0.668,19.959,0.375,88.865,0.986,2025-03-12 21:31:36,70.0,32.6,25.7,28.99,1.78,0,70
0.704,19.984,0.571,89.178,1.062,2025-03-12 21:31:36,70.0,32.6,25.7,28.99,1.78,0,70
0.71,20.037,0.423,89.122,0.973,2025-03-12 21:31:36,70.0,32.6,25.7,28.99,1.78,0,70
0.71,19.984,0.494,88.743,1.046,2025-03-12 21:31:36,70.0,32.6,25.7,28.99,1.78,0,70
0.712,19.984,0.452,89.2,1.067,2025-03-12 21:31:36,70.0,32.6,25.7,28.99,1.78,0,70
0.71,19.999,0.396,88.867,1.099,2025-03-12 21:31:36,70.0,32.6,25.7,28.99,1.78,0,70
0.7,20.072,0.462,88.564,1.009,2025-03-12 21:31:36,70.0,32.6,25.7,28.99,1.78,0,70
0.711,19.99,0.273,89.278,1.126,2025-03-12 21:31:36,70.0,32.6,25.7,28.99,1.78,0,70
0.716,19.902,0.434,89.204,1.094,2025-03-12 21:31:36,70.0,32.6,25.7,28.99,1.78,0,70
0.702,20.031,0.486,88.988,1.042,2025-03-12 21:31:36,70.0,32.6,25.7,28.99,1.78,0,70
0.684,20.043,0.476,88.486,1.01,2025-03-12 21:31:36,70.0,32.6,25.7,28.99,1.78,0,70
0.712,19.965,0.444,89.013,1.088,2025-03-12 21:31:36,70.0,32.6,25.7,28.99,1.78,0,70
0.721,20.065,0.508,89.104,1.079,2025-03-12 21:31:36,70.0,32.6,25.7,28.99,1.78,0,70
0.684,19.94,0.368,88.51,1.051,2025-03-12 21:31:36,70.0,32.6,25.7,28.99,1.78,0,70
0.71,19.968,0.455,88.895,1.026,2025-03-12 21:31:36,70.0,32.6,25.7,28.99,1.78,0,70
0.695,20.021,0.396,88.717,0.975,2025-03-12 21:31:36,70.0,32.6,25.7,28.99,1.78,0,70
0.683,19.968,0.55,88.86,0.972,2025-03-12 21:31:36,70.0,32.6,25.7,28.99,1.78,0,70
0.687,19.977,0.417,88.839,0.942,2025-03-12 21:31:36,70.0,32.6,25.7,28.99,1.78,0,70
0.72,20.04,0.445,89.349,1.08,2025-03-13 11:29:22,71.0,34.2,24.2,29.05,2.5,0,71
0.685,20.015,0.633,88.892,1.02,2025-03-13 11:29:22,71.0,34.2,24.2,29.05,2.5,0,71
0.713,19.996,0.378,88.627,1.055,2025-03-13 11:29:22,71.0,34.2,24.2,29.05,2.5,0,71
0.738,20.04,0.424,88.999,1.082,2025-03-13 11:29:22,71.0,34.2,24.2,29.05,2.5,0,71
0.746,19.999,0.357,89.211,1.15,2025-03-13 11:29:22,71.0,34.2,24.2,29.05,2.5,0,71
0.684,20.003,0.34,88.387,0.992,2025-03-13 11:29:22,71.0,34.2,24.2,29.05,2.5,0,71
0.709,19.968,0.556,88.99,1.154,2025-03-13 11:29:22,71.0,34.2,24.2,29.05,2.5,0,71
0.706,19.93,0.438,88.806,1.034,2025-03-13 11:29:22,71.0,34.2,24.2,29.05,2.5,0,71
0.714,19.974,0.423,88.867,1.052,2025-03-13 11:29:22,71.0,34.2,24.2,29.05,2.5,0,71
0.723,20.094,0.333,88.875,1.082,2025-03-13 11:29:22,71.0,34.2,24.2,29.05,2.5,0,71
0.761,20.015,0.434,89.063,1.18,2025-03-13 11:29:22,71.0,34.2,24.2,29.05,2.5,0,71
0.699,19.974,0.704,88.742,1.053,2025-03-13 11:29:22,71.0,34.2,24.2,29.05,2.5,0,71
0.718,19.946,0.256,88.864,0.992,2025-03-13 11:29:22,71.0,34.2,24.2,29.05,2.5,0,71
0.734,20.009,0.438,89.089,1.109,2025-03-13 11:29:22,71.0,34.2,24.2,29.05,2.5,0,71
0.746,19.99,0.336,89.177,1.17,2025-03-13 11:29:22,71.0,34.2,24.2,29.05,2.5,0,71
0.719,20.012,0.542,88.57,1.043,2025-03-13 11:29:22,71.0,34.2,24.2,29.05,2.5,0,71
0.667,19.915,0.427,88.695,0.988,2025-03-13 11:29:22,71.0,34.2,24.2,29.05,2.5,0,71
0.691,20.003,0.494,88.607,1.063,2025-03-13 11:29:22,71.0,34.2,24.2,29.05,2.5,0,71
0.734,20.009,0.515,89.216,1.158,2025-03-13 11:29:22,71.0,34.2,24.2,29.05,2.5,0,71
0.744,20.003,0.479,88.855,1.168,2025-03-13 11:29:22,71.0,34.2,24.2,29.05,2.5,0,71
0.708,20.028,0.417,88.942,1.041,2025-03-13 21:29:40,72.0,31.4,23.5,27.85,2.09,0,72
0.706,20.059,0.413,88.854,0.988,2025-03-13 21:29:40,72.0,31.4,23.5,27.85,2.09,0,72
0.705,20.006,0.381,88.782,1.085,2025-03-13 21:29:40,72.0,31.4,23.5,27.85,2.09,0,72
0.683,20.034,0.609,88.487,1.019,2025-03-13 21:29:40,72.0,31.4,23.5,27.85,2.09,0,72
0.718,20.04,0.539,88.872,1.092,2025-03-13 21:29:40,72.0,31.4,23.5,27.85,2.09,0,72
0.702,20.075,0.455,89.133,1.007,2025-03-13 21:29:40,72.0,31.4,23.5,27.85,2.09,0,72
0.725,19.987,0.445,88.686,1.03,2025-03-13 21:29:40,72.0,31.4,23.5,27.85,2.09,0,72
0.745,20.128,0.567,89.163,1.092,2025-03-13 21:29:40,72.0,31.4,23.5,27.85,2.09,0,72
0.684,19.974,0.448,88.804,1.08,2025-03-13 21:29:40,72.0,31.4,23.5,27.85,2.09,0,72
0.686,19.977,0.546,88.605,1.004,2025-03-13 21:29:40,72.0,31.4,23.5,27.85,2.09,0,72
0.728,20.062,0.427,89.013,1.143,2025-03-13 21:29:40,72.0,31.4,23.5,27.85,2.09,0,72
0.682,20.009,0.434,88.666,1.025,2025-03-13 21:29:40,72.0,31.4,23.5,27.85,2.09,0,72
0.706,19.933,0.749,88.686,1.055,2025-03-13 21:29:40,72.0,31.4,23.5,27.85,2.09,0,72
0.707,19.971,0.518,89.071,1.127,2025-03-13 21:29:40,72.0,31.4,23.5,27.85,2.09,0,72
0.722,20.053,0.494,89.036,1.126,2025-03-13 21:29:40,72.0,31.4,23.5,27.85,2.09,0,72
0.733,20.046,0.325,88.993,1.133,2025-03-13 21:29:40,72.0,31.4,23.5,27.85,2.09,0,72
0.711,19.921,0.494,89.086,1.021,2025-03-14 22:26:59,73.0,31.0,25.2,28.04,1.58,0,73
0.752,20.009,0.361,88.946,1.122,2025-03-14 22:26:59,73.0,31.0,25.2,28.04,1.58,0,73
0.704,19.984,0.294,88.941,1.076,2025-03-14 22:26:59,73.0,31.0,25.2,28.04,1.58,0,73
0.73,20.068,0.445,89.02,1.048,2025-03-14 22:26:59,73.0,31.0,25.2,28.04,1.58,0,73
0.722,20.018,0.567,88.78,1.053,2025-03-14 22:26:59,73.0,31.0,25.2,28.04,1.58,0,73
0.714,20.056,0.364,88.792,1.053,2025-03-14 22:26:59,73.0,31.0,25.2,28.04,1.58,0,73
0.705,19.987,0.445,88.513,1.111,2025-03-14 22:26:59,73.0,31.0,25.2,28.04,1.58,0,73
0.674,19.908,0.595,89.118,1.049,2025-03-14 22:26:59,73.0,31.0,25.2,28.04,1.58,0,73
0.692,19.93,0.465,89.015,1.013,2025-03-14 22:26:59,73.0,31.0,25.2,28.04,1.58,0,73
0.727,19.971,0.627,89.01,1.043,2025-03-14 22:26:59,73.0,31.0,25.2,28.04,1.58,0,73
0.692,20.028,0.479,88.801,1.014,2025-03-14 22:26:59,73.0,31.0,25.2,28.04,1.58,0,73
0.737,20.112,0.427,89.067,1.147,2025-03-14 22:26:59,73.0,31.0,25.2,28.04,1.58,0,73
0.714,19.996,0.49,88.651,1.048,2025-03-14 22:26:59,73.0,31.0,25.2,28.04,1.58,0,73
0.735,20.043,0.399,89.054,1.146,2025-03-14 22:26:59,73.0,31.0,25.2,28.04,1.58,0,73
0.74,20.04,0.448,88.944,1.143,2025-03-14 22:26:59,73.0,31.0,25.2,28.04,1.58,0,73
0.717,19.977,0.284,88.753,1.037,2025-03-14 22:26:59,73.0,31.0,25.2,28.04,1.58,0,73
0.709,19.911,0.448,88.87,1.127,2025-03-14 22:26:59,73.0,31.0,25.2,28.04,1.58,0,73
0.703,20.021,0.606,88.732,1.065,2025-03-14 22:26:59,73.0,31.0,25.2,28.04,1.58,0,73
0.707,19.987,0.409,88.499,1.051,2025-03-14 22:26:59,73.0,31.0,25.2,28.04,1.58,0,73
0.725,20.04,0.434,88.799,1.087,2025-03-14 22:26:59,73.0,31.0,25.2,28.04,1.58,0,73
0.751,20.065,0.476,88.846,1.141,2025-03-17 13:19:15,74.0,29.6,23.7,27.71,1.44,0,74
0.706,20.006,0.539,89.131,1.045,2025-03-17 13:19:15,74.0,29.6,23.7,27.71,1.44,0,74
0.707,20.056,0.273,88.923,1.086,2025-03-17 13:19:15,74.0,29.6,23.7,27.71,1.44,0,74
0.713,19.924,0.389,88.992,1.003,2025-03-17 13:19:15,74.0,29.6,23.7,27.71,1.44,0,74
0.724,19.996,0.487,89.116,1.18,2025-03-17 13:19:15,74.0,29.6,23.7,27.71,1.44,0,74
0.745,20.09,0.441,89.123,1.133,2025-03-17 13:19:15,74.0,29.6,23.7,27.71,1.44,0,74
0.709,20.009,0.41,89.088,1.069,2025-03-17 13:19:15,74.0,29.6,23.7,27.71,1.44,0,74
0.701,19.921,0.508,89.252,1.046,2025-03-17 13:19:15,74.0,29.6,23.7,27.71,1.44,0,74
0.716,20.087,0.487,89.002,1.048,2025-03-17 13:19:15,74.0,29.6,23.7,27.71,1.44,0,74
0.717,19.999,0.521,88.866,1.157,2025-03-17 13:19:15,74.0,29.6,23.7,27.71,1.44,0,74
0.736,20.084,0.539,88.993,1.186,2025-03-17 13:19:15,74.0,29.6,23.7,27.71,1.44,0,74
0.721,19.94,0.546,89.14,1.118,2025-03-17 13:19:15,74.0,29.6,23.7,27.71,1.44,0,74
0.734,20.012,0.389,88.99,1.081,2025-03-17 13:19:15,74.0,29.6,23.7,27.71,1.44,0,74
0.737,20.109,0.34,88.992,1.148,2025-03-17 13:19:15,74.0,29.6,23.7,27.71,1.44,0,74
0.742,20.131,0.515,88.861,1.138,2025-03-17 13:19:15,74.0,29.6,23.7,27.71,1.44,0,74
0.741,20.147,0.388,88.871,1.156,2025-03-17 13:19:15,74.0,29.6,23.7,27.71,1.44,0,74
0.711,20.05,0.455,88.955,1.061,2025-03-17 13:19:15,74.0,29.6,23.7,27.71,1.44,0,74
0.703,19.971,0.49,88.897,1.057,2025-03-17 13:19:15,74.0,29.6,23.7,27.71,1.44,0,74
0.738,20.16,0.381,88.773,1.159,2025-03-17 13:19:15,74.0,29.6,23.7,27.71,1.44,0,74
0.727,19.918,0.535,88.873,1.146,2025-03-17 13:19:15,74.0,29.6,23.7,27.71,1.44,0,74
0.698,20.015,0.238,88.858,1.062,2025-03-17 19:59:24,75.0,33.1,25.6,28.86,1.79,0,75
0.745,20.144,0.406,89.017,1.068,2025-03-17 19:59:24,75.0,33.1,25.6,28.86,1.79,0,75
0.702,19.94,0.521,89.049,1.085,2025-03-17 19:59:24,75.0,33.1,25.6,28.86,1.79,0,75
0.715,20.081,0.48,89.153,1.103,2025-03-17 19:59:24,75.0,33.1,25.6,28.86,1.79,0,75
0.726,19.962,0.43,88.976,1.045,2025-03-17 19:59:24,75.0,33.1,25.6,28.86,1.79,0,75
0.724,20.05,0.41,89.006,1.168,2025-03-17 19:59:24,75.0,33.1,25.6,28.86,1.79,0,75
0.716,20.119,0.21,88.978,1.158,2025-03-17 19:59:24,75.0,33.1,25.6,28.86,1.79,0,75
0.752,20.059,0.546,89.156,1.143,2025-03-17 19:59:24,75.0,33.1,25.6,28.86,1.79,0,75
0.707,20.003,0.458,88.893,1.049,2025-03-17 19:59:24,75.0,33.1,25.6,28.86,1.79,0,75
0.75,20.15,0.602,89.162,1.156,2025-03-17 19:59:24,75.0,33.1,25.6,28.86,1.79,0,75
0.711,20.031,0.252,88.919,1.038,2025-03-17 19:59:24,75.0,33.1,25.6,28.86,1.79,0,75
0.76,20.053,0.378,88.896,1.159,2025-03-17 19:59:24,75.0,33.1,25.6,28.86,1.79,0,75
0.715,20.034,0.389,89.001,1.066,2025-03-17 19:59:24,75.0,33.1,25.6,28.86,1.79,0,75
0.737,20.072,0.427,89.029,1.184,2025-03-17 19:59:24,75.0,33.1,25.6,28.86,1.79,0,75
0.718,19.918,0.515,89.046,1.102,2025-03-17 19:59:24,75.0,33.1,25.6,28.86,1.79,0,75
0.723,19.918,0.333,88.911,1.09,2025-03-17 19:59:24,75.0,33.1,25.6,28.86,1.79,0,75
0.724,20.116,0.392,88.909,1.151,2025-03-17 19:59:24,75.0,33.1,25.6,28.86,1.79,0,75
0.714,20.119,0.311,88.84,1.098,2025-03-17 19:59:24,75.0,33.1,25.6,28.86,1.79,0,75
0.707,20.097,0.458,88.958,1.126,2025-03-17 19:59:24,75.0,33.1,25.6,28.86,1.79,0,75
0.737,20.078,0.434,88.841,1.118,2025-03-17 19:59:24,75.0,33.1,25.6,28.86,1.79,0,75
0.696,19.99,0.49,89.034,1.014,2025-03-17 21:44:30,76.0,32.3,25.7,28.67,1.71,0,76
0.735,19.993,0.525,89.334,1.085,2025-03-17 21:44:30,76.0,32.3,25.7,28.67,1.71,0,76
0.716,19.943,0.56,89.051,1.107,2025-03-17 21:44:30,76.0,32.3,25.7,28.67,1.71,0,76
0.721,20.021,0.423,89.037,1.115,2025-03-17 21:44:30,76.0,32.3,25.7,28.67,1.71,0,76
0.739,20.04,0.585,89.069,1.164,2025-03-17 21:44:30,76.0,32.3,25.7,28.67,1.71,0,76
0.695,19.984,0.392,88.81,0.999,2025-03-17 21:44:30,76.0,32.3,25.7,28.67,1.71,0,76
0.702,19.981,0.564,88.806,1.027,2025-03-17 21:44:30,76.0,32.3,25.7,28.67,1.71,0,76
0.716,20.015,0.546,88.908,1.11,2025-03-17 21:44:30,76.0,32.3,25.7,28.67,1.71,0,76
0.714,20.018,0.577,88.745,1.052,2025-03-17 21:44:30,76.0,32.3,25.7,28.67,1.71,0,76
0.701,20.015,0.458,89.091,1.149,2025-03-17 21:44:30,76.0,32.3,25.7,28.67,1.71,0,76
0.697,19.977,0.438,88.765,1.038,2025-03-17 21:44:30,76.0,32.3,25.7,28.67,1.71,0,76
0.697,19.927,0.381,89.396,1.066,2025-03-17 21:44:30,76.0,32.3,25.7,28.67,1.71,0,76
0.729,19.962,0.396,89.178,1.086,2025-03-17 21:44:30,76.0,32.3,25.7,28.67,1.71,0,76
0.711,19.924,0.539,88.696,1.045,2025-03-17 21:44:30,76.0,32.3,25.7,28.67,1.71,0,76
0.7,19.943,0.56,89.176,1.047,2025-03-17 21:44:30,76.0,32.3,25.7,28.67,1.71,0,76
0.692,19.984,0.585,88.95,1.029,2025-03-17 21:44:30,76.0,32.3,25.7,28.67,1.71,0,76
0.704,19.937,0.5,88.838,1.045,2025-03-17 21:44:30,76.0,32.3,25.7,28.67,1.71,0,76
0.675,19.933,0.581,88.79,1.047,2025-03-17 21:44:30,76.0,32.3,25.7,28.67,1.71,0,76
0.735,19.911,0.623,89.111,1.103,2025-03-17 21:44:30,76.0,32.3,25.7,28.67,1.71,0,76
0.706,20.046,0.406,89.177,1.034,2025-03-17 21:44:30,76.0,32.3,25.7,28.67,1.71,0,76
0.734,20.034,0.406,88.793,1.221,2025-03-18 11:09:30,77.0,31.9,27.0,28.65,1.34,0,77
0.734,20.156,0.473,88.99,1.131,2025-03-18 11:09:30,77.0,31.9,27.0,28.65,1.34,0,77
0.707,19.987,0.368,88.787,1.105,2025-03-18 11:09:30,77.0,31.9,27.0,28.65,1.34,0,77
0.718,20.112,0.511,88.786,1.147,2025-03-18 11:09:30,77.0,31.9,27.0,28.65,1.34,0,77
0.735,20.031,0.371,89.008,1.163,2025-03-18 11:09:30,77.0,31.9,27.0,28.65,1.34,0,77
0.698,20.053,0.374,88.838,1.038,2025-03-18 11:09:30,77.0,31.9,27.0,28.65,1.34,0,77
0.735,19.987,0.616,88.973,1.134,2025-03-18 11:09:30,77.0,31.9,27.0,28.65,1.34,0,77
0.765,20.138,0.378,88.961,1.21,2025-03-18 11:09:30,77.0,31.9,27.0,28.65,1.34,0,77
0.738,20.053,0.336,89.23,1.164,2025-03-18 11:09:30,77.0,31.9,27.0,28.65,1.34,0,77
0.742,20.094,0.399,88.883,1.168,2025-03-18 11:09:30,77.0,31.9,27.0,28.65,1.34,0,77
0.72,19.955,0.34,89.039,1.096,2025-03-18 11:09:30,77.0,31.9,27.0,28.65,1.34,0,77
0.725,20.031,0.518,88.882,1.178,2025-03-18 11:09:30,77.0,31.9,27.0,28.65,1.34,0,77
0.746,19.984,0.325,88.694,1.192,2025-03-18 11:09:30,77.0,31.9,27.0,28.65,1.34,0,77
0.727,20.034,0.409,89.15,1.157,2025-03-18 11:09:30,77.0,31.9,27.0,28.65,1.34,0,77
0.733,19.962,0.455,88.936,1.177,2025-03-18 11:09:30,77.0,31.9,27.0,28.65,1.34,0,77
0.736,20.09,0.381,88.918,1.131,2025-03-18 11:09:30,77.0,31.9,27.0,28.65,1.34,0,77
0.741,20.009,0.43,89.031,1.182,2025-03-18 11:09:30,77.0,31.9,27.0,28.65,1.34,0,77
0.697,20.018,0.599,88.703,1.104,2025-03-18 11:09:30,77.0,31.9,27.0,28.65,1.34,0,77
0.708,20.05,0.399,88.719,1.041,2025-03-18 11:09:30,77.0,31.9,27.0,28.65,1.34,0,77
0.728,20.056,0.521,88.984,1.117,2025-03-18 12:54:31,78.0,32.0,25.4,29.2,1.63,0,78
0.693,20.012,0.329,88.718,1.052,2025-03-18 12:54:31,78.0,32.0,25.4,29.2,1.63,0,78
0.725,20.043,0.486,89.131,1.077,2025-03-18 12:54:31,78.0,32.0,25.4,29.2,1.63,0,78
0.731,20.087,0.483,89.043,1.219,2025-03-18 12:54:31,78.0,32.0,25.4,29.2,1.63,0,78
0.733,20.006,0.392,88.938,1.166,2025-03-18 12:54:31,78.0,32.0,25.4,29.2,1.63,0,78
0.728,19.984,0.444,88.882,1.093,2025-03-18 12:54:31,78.0,32.0,25.4,29.2,1.63,0,78
0.695,19.987,0.71,88.924,1.013,2025-03-18 12:54:31,78.0,32.0,25.4,29.2,1.63,0,78
0.7,19.918,0.458,88.942,1.116,2025-03-18 12:54:31,78.0,32.0,25.4,29.2,1.63,0,78
0.734,19.965,0.381,88.95,1.172,2025-03-18 12:54:31,78.0,32.0,25.4,29.2,1.63,0,78
0.72,20.046,0.542,89.19,1.091,2025-03-18 12:54:31,78.0,32.0,25.4,29.2,1.63,0,78
0.71,19.965,0.441,89.154,1.093,2025-03-18 12:54:31,78.0,32.0,25.4,29.2,1.63,0,78
0.726,20.037,0.322,89.035,1.14,2025-03-18 12:54:31,78.0,32.0,25.4,29.2,1.63,0,78
0.696,19.937,0.564,88.872,1.101,2025-03-18 12:54:31,78.0,32.0,25.4,29.2,1.63,0,78
0.75,20.065,0.56,88.987,1.172,2025-03-18 12:54:31,78.0,32.0,25.4,29.2,1.63,0,78
0.734,20.059,0.424,89.152,1.108,2025-03-18 12:54:31,78.0,32.0,25.4,29.2,1.63,0,78
0.742,20.021,0.465,88.903,1.138,2025-03-18 12:54:31,78.0,32.0,25.4,29.2,1.63,0,78
0.729,19.977,0.504,88.913,1.178,2025-03-18 12:54:31,78.0,32.0,25.4,29.2,1.63,0,78
0.717,20.087,0.427,88.872,1.086,2025-03-18 12:54:31,78.0,32.0,25.4,29.2,1.63,0,78
0.749,20.075,0.465,88.963,1.163,2025-03-18 12:54:31,78.0,32.0,25.4,29.2,1.63,0,78
0.708,20.084,0.56,89.044,1.135,2025-03-18 12:54:31,78.0,32.0,25.4,29.2,1.63,0,78
0.709,19.927,0.441,89.105,1.001,2025-03-18 19:34:41,79.0,31.4,23.6,28.05,1.95,0,79
0.693,19.933,0.515,88.945,1.059,2025-03-18 19:34:41,79.0,31.4,23.6,28.05,1.95,0,79
0.711,20.053,0.507,89.09,1.05,2025-03-18 19:34:41,79.0,31.4,23.6,28.05,1.95,0,79
0.74,20.122,0.473,89.104,1.191,2025-03-18 19:34:41,79.0,31.4,23.6,28.05,1.95,0,79
0.736,20.043,0.287,89.181,1.195,2025-03-18 19:34:41,79.0,31.4,23.6,28.05,1.95,0,79
0.693,20.112,0.28,89.026,1.074,2025-03-18 19:34:41,79.0,31.4,23.6,28.05,1.95,0,79
0.759,20.106,0.367,89.119,1.2,2025-03-18 19:34:41,79.0,31.4,23.6,28.05,1.95,0,79
0.743,20.078,0.452,88.946,1.139,2025-03-18 19:34:41,79.0,31.4,23.6,28.05,1.95,0,79
0.71,20.053,0.399,88.995,1.058,2025-03-18 19:34:41,79.0,31.4,23.6,28.05,1.95,0,79
0.726,20.062,0.546,89.079,1.138,2025-03-18 19:34:41,79.0,31.4,23.6,28.05,1.95,0,79
0.739,20.075,0.473,89.189,1.161,2025-03-18 19:34:41,79.0,31.4,23.6,28.05,1.95,0,79
0.729,20.131,0.364,89.107,1.122,2025-03-18 19:34:41,79.0,31.4,23.6,28.05,1.95,0,79
0.696,20.119,0.508,88.815,1.114,2025-03-18 19:34:41,79.0,31.4,23.6,28.05,1.95,0,79
0.742,20.059,0.28,88.977,1.14,2025-03-18 19:34:41,79.0,31.4,23.6,28.05,1.95,0,79
0.72,20.037,0.49,89.058,1.117,2025-03-18 19:34:41,79.0,31.4,23.6,28.05,1.95,0,79
0.715,20.04,0.5,88.955,1.04,2025-03-18 19:34:41,79.0,31.4,23.6,28.05,1.95,0,79
0.704,19.927,0.602,89.19,1.112,2025-03-18 19:34:41,79.0,31.4,23.6,28.05,1.95,0,79
0.726,20.006,0.473,89.024,1.078,2025-03-18 19:34:41,79.0,31.4,23.6,28.05,1.95,0,79
0.672,19.899,0.452,89.016,1.001,2025-03-18 19:34:41,79.0,31.4,23.6,28.05,1.95,0,79
0.735,20.043,0.479,89.306,1.209,2025-03-18 19:34:41,79.0,31.4,23.6,28.05,1.95,0,79
0.689,20.015,0.511,88.998,1.079,2025-03-18 21:39:48,80.0,29.7,23.9,26.69,1.58,0,80
0.73,20.119,0.518,89.107,1.085,2025-03-18 21:39:48,80.0,29.7,23.9,26.69,1.58,0,80
0.692,19.99,0.581,89.242,1.02,2025-03-18 21:39:48,80.0,29.7,23.9,26.69,1.58,0,80
0.737,20.112,0.455,89.109,1.184,2025-03-18 21:39:48,80.0,29.7,23.9,26.69,1.58,0,80
0.688,19.946,0.301,89.352,1.021,2025-03-18 21:39:48,80.0,29.7,23.9,26.69,1.58,0,80
0.751,20.147,0.466,89.108,1.134,2025-03-18 21:39:48,80.0,29.7,23.9,26.69,1.58,0,80
0.687,20.141,0.354,89.004,1.001,2025-03-18 21:39:48,80.0,29.7,23.9,26.69,1.58,0,80
0.7,19.943,0.466,89.103,1.076,2025-03-18 21:39:48,80.0,29.7,23.9,26.69,1.58,0,80
0.694,20.138,0.539,89.065,1.061,2025-03-18 21:39:48,80.0,29.7,23.9,26.69,1.58,0,80
0.691,20.009,0.368,89.172,1.09,2025-03-18 21:39:48,80.0,29.7,23.9,26.69,1.58,0,80
0.732,20.16,0.452,89.172,1.148,2025-03-18 21:39:48,80.0,29.7,23.9,26.69,1.58,0,80
0.699,20.103,0.465,88.774,1.098,2025-03-18 21:39:48,80.0,29.7,23.9,26.69,1.58,0,80
0.691,20.009,0.588,89.152,1.052,2025-03-18 21:39:48,80.0,29.7,23.9,26.69,1.58,0,80
0.707,20.003,0.346,88.985,1.085,2025-03-18 21:39:48,80.0,29.7,23.9,26.69,1.58,0,80
0.695,19.99,0.511,88.887,1.085,2025-03-18 21:39:48,80.0,29.7,23.9,26.69,1.58,0,80
0.715,20.131,0.465,89.208,1.094,2025-03-18 21:39:48,80.0,29.7,23.9,26.69,1.58,0,80
0.731,20.065,0.525,89.13,1.155,2025-03-18 21:39:48,80.0,29.7,23.9,26.69,1.58,0,80
0.721,20.065,0.532,89.366,1.16,2025-03-18 21:39:48,80.0,29.7,23.9,26.69,1.58,0,80
0.687,19.993,0.532,88.804,1.081,2025-03-18 21:39:48,80.0,29.7,23.9,26.69,1.58,0,80
0.679,19.93,0.455,89.149,1.028,2025-03-19 11:26:42,81.0,28.6,22.1,25.57,1.42,0,81
0.715,20.012,0.525,89.218,1.029,2025-03-19 11:26:42,81.0,28.6,22.1,25.57,1.42,0,81
0.685,20.031,0.34,88.919,1.058,2025-03-19 11:26:42,81.0,28.6,22.1,25.57,1.42,0,81
0.685,19.977,0.326,89.041,1.034,2025-03-19 11:26:42,81.0,28.6,22.1,25.57,1.42,0,81
0.701,20.009,0.322,88.831,1.102,2025-03-19 11:26:42,81.0,28.6,22.1,25.57,1.42,0,81
0.723,20.178,0.388,88.946,1.107,2025-03-19 11:26:42,81.0,28.6,22.1,25.57,1.42,0,81
0.715,20.018,0.539,89.023,1.156,2025-03-19 11:26:42,81.0,28.6,22.1,25.57,1.42,0,81
0.666,19.943,0.606,88.846,1.034,2025-03-19 11:26:42,81.0,28.6,22.1,25.57,1.42,0,81
0.694,19.993,0.528,89.088,1.09,2025-03-19 11:26:42,81.0,28.6,22.1,25.57,1.42,0,81
0.705,19.965,0.535,88.934,1.132,2025-03-19 11:26:42,81.0,28.6,22.1,25.57,1.42,0,81
0.682,20.021,0.529,88.975,1.051,2025-03-19 11:26:42,81.0,28.6,22.1,25.57,1.42,0,81
0.71,20.015,0.479,88.984,1.108,2025-03-19 11:26:42,81.0,28.6,22.1,25.57,1.42,0,81
0.73,20.031,0.458,89.123,1.126,2025-03-19 11:26:42,81.0,28.6,22.1,25.57,1.42,0,81
0.7,19.874,0.567,89.225,1.138,2025-03-19 11:26:42,81.0,28.6,22.1,25.57,1.42,0,81
0.664,19.905,0.62,88.96,1.003,2025-03-19 11:26:42,81.0,28.6,22.1,25.57,1.42,0,81
0.714,19.962,0.585,89.043,1.112,2025-03-19 11:26:42,81.0,28.6,22.1,25.57,1.42,0,81
0.711,20.012,0.571,88.952,1.164,2025-03-19 11:26:42,81.0,28.6,22.1,25.57,1.42,0,81
0.722,19.962,0.434,88.922,1.129,2025-03-19 11:26:42,81.0,28.6,22.1,25.57,1.42,0,81
0.694,20.034,0.7,89.057,1.016,2025-03-19 11:26:42,81.0,28.6,22.1,25.57,1.42,0,81
0.699,20.1,0.462,88.891,1.1,2025-03-19 13:06:44,82.0,83.8,24.0,30.65,12.68,0,82
0.71,19.996,0.539,88.757,1.06,2025-03-19 13:06:44,82.0,83.8,24.0,30.65,12.68,0,82
0.714,20.078,0.542,88.654,1.052,2025-03-19 13:06:44,82.0,83.8,24.0,30.65,12.68,0,82
0.675,20.075,0.409,88.829,1.006,2025-03-19 13:06:44,82.0,83.8,24.0,30.65,12.68,0,82
0.7,20.006,0.284,88.793,1.028,2025-03-19 13:06:44,82.0,83.8,24.0,30.65,12.68,0,82
0.747,20.175,0.35,88.763,1.115,2025-03-19 13:06:44,82.0,83.8,24.0,30.65,12.68,0,82
0.732,20.163,0.308,88.815,1.101,2025-03-19 13:06:44,82.0,83.8,24.0,30.65,12.68,0,82
0.734,20.087,0.501,89.086,1.062,2025-03-19 13:06:44,82.0,83.8,24.0,30.65,12.68,0,82
0.735,20.034,0.549,88.769,1.233,2025-03-19 13:06:44,82.0,83.8,24.0,30.65,12.68,0,82
0.729,20.138,0.332,89.045,1.191,2025-03-19 13:06:44,82.0,83.8,24.0,30.65,12.68,0,82
0.692,20.053,0.458,89.018,1.118,2025-03-19 13:06:44,82.0,83.8,24.0,30.65,12.68,0,82
0.742,20.116,0.581,88.884,1.189,2025-03-19 13:06:44,82.0,83.8,24.0,30.65,12.68,0,82
0.724,20.207,0.431,88.743,1.145,2025-03-19 13:06:44,82.0,83.8,24.0,30.65,12.68,0,82
0.732,20.081,0.486,88.864,1.177,2025-03-19 13:06:44,82.0,83.8,24.0,30.65,12.68,0,82
0.689,19.94,0.455,88.63,1.071,2025-03-19 13:06:44,82.0,83.8,24.0,30.65,12.68,0,82
0.703,20.031,0.493,88.881,1.067,2025-03-19 13:06:44,82.0,83.8,24.0,30.65,12.68,0,82
0.743,20.156,0.458,88.753,1.157,2025-03-19 13:06:44,82.0,83.8,24.0,30.65,12.68,0,82
0.737,20.094,0.378,88.498,1.151,2025-03-19 13:06:44,82.0,83.8,24.0,30.65,12.68,0,82
0.733,20.05,0.438,88.702,1.183,2025-03-19 13:06:44,82.0,83.8,24.0,30.65,12.68,0,82
0.696,19.921,0.497,89.034,1.081,2025-03-19 19:21:53,83.0,29.6,24.0,26.98,1.68,0,83
0.684,19.962,0.325,88.924,1.038,2025-03-19 19:21:53,83.0,29.6,24.0,26.98,1.68,0,83
0.693,19.937,0.427,88.982,1.105,2025-03-19 19:21:53,83.0,29.6,24.0,26.98,1.68,0,83
0.695,20.1,0.42,88.734,1.118,2025-03-19 19:21:53,83.0,29.6,24.0,26.98,1.68,0,83
0.707,19.987,0.497,88.84,1.084,2025-03-19 19:21:53,83.0,29.6,24.0,26.98,1.68,0,83
0.706,20.207,0.427,88.75,1.081,2025-03-19 19:21:53,83.0,29.6,24.0,26.98,1.68,0,83
0.689,19.946,0.43,88.976,1.061,2025-03-19 19:21:53,83.0,29.6,24.0,26.98,1.68,0,83
0.72,20.144,0.515,88.799,1.157,2025-03-19 19:21:53,83.0,29.6,24.0,26.98,1.68,0,83
0.743,20.134,0.41,89.0,1.175,2025-03-19 19:21:53,83.0,29.6,24.0,26.98,1.68,0,83
0.7,20.034,0.539,89.306,1.114,2025-03-19 19:21:53,83.0,29.6,24.0,26.98,1.68,0,83
0.708,20.018,0.494,89.017,1.048,2025-03-19 19:21:53,83.0,29.6,24.0,26.98,1.68,0,83
0.714,20.147,0.413,89.065,1.09,2025-03-19 19:21:53,83.0,29.6,24.0,26.98,1.68,0,83
0.695,19.977,0.5,89.434,1.012,2025-03-19 19:21:53,83.0,29.6,24.0,26.98,1.68,0,83
0.682,19.959,0.431,89.036,1.072,2025-03-19 19:21:53,83.0,29.6,24.0,26.98,1.68,0,83
0.713,20.103,0.378,89.009,1.17,2025-03-19 19:21:53,83.0,29.6,24.0,26.98,1.68,0,83
0.72,20.009,0.399,88.975,1.084,2025-03-19 19:21:53,83.0,29.6,24.0,26.98,1.68,0,83
0.704,20.031,0.441,88.845,1.122,2025-03-19 19:21:53,83.0,29.6,24.0,26.98,1.68,0,83
0.678,19.959,0.409,89.059,1.058,2025-03-19 19:21:53,83.0,29.6,24.0,26.98,1.68,0,83
0.689,19.977,0.42,88.914,1.039,2025-03-19 19:21:53,83.0,29.6,24.0,26.98,1.68,0,83
0.731,20.009,0.644,89.131,1.189,2025-03-19 19:21:53,83.0,29.6,24.0,26.98,1.68,0,83
0.691,19.999,0.542,88.499,1.062,2025-03-20 14:35:00,84.0,31.6,24.6,27.73,1.96,0,84
0.755,20.053,0.473,89.33,1.128,2025-03-20 14:35:00,84.0,31.6,24.6,27.73,1.96,0,84
0.719,19.952,0.402,88.836,0.991,2025-03-20 14:35:00,84.0,31.6,24.6,27.73,1.96,0,84
0.682,20.009,0.424,88.98,1.052,2025-03-20 14:35:00,84.0,31.6,24.6,27.73,1.96,0,84
0.719,19.993,0.371,88.798,1.128,2025-03-20 14:35:00,84.0,31.6,24.6,27.73,1.96,0,84
0.732,20.1,0.343,89.048,1.165,2025-03-20 14:35:00,84.0,31.6,24.6,27.73,1.96,0,84
0.712,20.028,0.392,88.6,1.081,2025-03-20 14:35:00,84.0,31.6,24.6,27.73,1.96,0,84
0.697,19.984,0.595,88.732,1.035,2025-03-20 14:35:00,84.0,31.6,24.6,27.73,1.96,0,84
0.707,20.112,0.511,88.939,1.039,2025-03-20 14:35:00,84.0,31.6,24.6,27.73,1.96,0,84
0.72,19.927,0.536,89.222,1.1,2025-03-20 14:35:00,84.0,31.6,24.6,27.73,1.96,0,84
0.704,20.018,0.396,88.867,1.026,2025-03-20 14:35:00,84.0,31.6,24.6,27.73,1.96,0,84
0.725,20.116,0.35,89.059,1.089,2025-03-20 14:35:00,84.0,31.6,24.6,27.73,1.96,0,84
0.714,20.087,0.448,89.334,1.094,2025-03-20 14:35:00,84.0,31.6,24.6,27.73,1.96,0,84
0.737,20.116,0.431,88.975,1.098,2025-03-20 14:35:00,84.0,31.6,24.6,27.73,1.96,0,84
0.732,19.977,0.319,89.035,1.092,2025-03-20 14:35:00,84.0,31.6,24.6,27.73,1.96,0,84
0.734,20.065,0.466,89.231,1.068,2025-03-20 14:35:00,84.0,31.6,24.6,27.73,1.96,0,84
0.695,20.009,0.539,89.172,1.027,2025-03-20 14:35:00,84.0,31.6,24.6,27.73,1.96,0,84
0.699,19.974,0.602,88.775,1.046,2025-03-20 14:35:00,84.0,31.6,24.6,27.73,1.96,0,84
0.699,20.09,0.521,88.715,1.002,2025-03-20 14:35:00,84.0,31.6,24.6,27.73,1.96,0,84
0.724,20.147,0.409,89.036,1.112,2025-03-20 19:15:09,85.0,31.6,25.2,28.28,1.84,0,85
0.707,19.962,0.367,88.56,1.062,2025-03-20 19:15:09,85.0,31.6,25.2,28.28,1.84,0,85
0.709,20.062,0.388,89.02,1.094,2025-03-20 19:15:09,85.0,31.6,25.2,28.28,1.84,0,85
0.685,20.078,0.518,88.837,1.052,2025-03-20 19:15:09,85.0,31.6,25.2,28.28,1.84,0,85
0.715,19.999,0.466,88.868,1.127,2025-03-20 19:15:09,85.0,31.6,25.2,28.28,1.84,0,85
0.723,19.959,0.42,88.837,1.116,2025-03-20 19:15:09,85.0,31.6,25.2,28.28,1.84,0,85
0.703,19.933,0.473,88.673,1.073,2025-03-20 19:15:09,85.0,31.6,25.2,28.28,1.84,0,85
0.708,20.122,0.49,89.166,1.075,2025-03-20 19:15:09,85.0,31.6,25.2,28.28,1.84,0,85
0.72,20.065,0.371,89.329,1.148,2025-03-20 19:15:09,85.0,31.6,25.2,28.28,1.84,0,85
0.708,20.015,0.319,88.696,1.074,2025-03-20 19:15:09,85.0,31.6,25.2,28.28,1.84,0,85
0.699,20.037,0.413,88.827,1.076,2025-03-20 19:15:09,85.0,31.6,25.2,28.28,1.84,0,85
0.711,19.905,0.441,88.675,1.07,2025-03-20 19:15:09,85.0,31.6,25.2,28.28,1.84,0,85
0.726,19.962,0.497,89.309,1.108,2025-03-20 19:15:09,85.0,31.6,25.2,28.28,1.84,0,85
0.718,19.971,0.518,88.744,1.095,2025-03-20 19:15:09,85.0,31.6,25.2,28.28,1.84,0,85
0.723,19.949,0.556,88.521,1.15,2025-03-20 19:15:09,85.0,31.6,25.2,28.28,1.84,0,85
0.719,19.99,0.441,89.043,1.125,2025-03-20 19:15:09,85.0,31.6,25.2,28.28,1.84,0,85
0.722,20.018,0.511,89.033,1.118,2025-03-20 19:15:09,85.0,31.6,25.2,28.28,1.84,0,85
0.722,19.937,0.399,89.31,1.099,2025-03-20 19:15:09,85.0,31.6,25.2,28.28,1.84,0,85
0.697,20.025,0.438,89.125,1.082,2025-03-20 19:15:09,85.0,31.6,25.2,28.28,1.84,0,85
0.698,20.028,0.56,89.319,1.069,2025-03-21 12:51:21,86.0,30.6,23.8,26.87,1.94,0,86
0.711,20.072,0.616,88.764,1.011,2025-03-21 12:51:21,86.0,30.6,23.8,26.87,1.94,0,86
0.729,19.977,0.319,88.413,1.096,2025-03-21 12:51:21,86.0,30.6,23.8,26.87,1.94,0,86
0.725,20.056,0.602,89.345,1.133,2025-03-21 12:51:21,86.0,30.6,23.8,26.87,1.94,0,86
0.699,19.981,0.567,88.627,1.037,2025-03-21 12:51:21,86.0,30.6,23.8,26.87,1.94,0,86
0.712,20.119,0.473,89.087,1.123,2025-03-21 12:51:21,86.0,30.6,23.8,26.87,1.94,0,86
0.715,20.153,0.483,88.919,1.089,2025-03-21 12:51:21,86.0,30.6,23.8,26.87,1.94,0,86
0.723,20.065,0.476,89.231,1.093,2025-03-21 12:51:21,86.0,30.6,23.8,26.87,1.94,0,86
0.697,20.046,0.539,89.154,1.06,2025-03-21 12:51:21,86.0,30.6,23.8,26.87,1.94,0,86
0.714,20.025,0.518,88.55,1.082,2025-03-21 12:51:21,86.0,30.6,23.8,26.87,1.94,0,86
0.688,19.949,0.535,88.681,1.014,2025-03-21 12:51:21,86.0,30.6,23.8,26.87,1.94,0,86
0.691,20.097,0.483,88.809,1.06,2025-03-21 12:51:21,86.0,30.6,23.8,26.87,1.94,0,86
0.695,20.078,0.494,89.088,1.098,2025-03-21 12:51:21,86.0,30.6,23.8,26.87,1.94,0,86
0.68,19.915,0.571,88.958,1.036,2025-03-21 12:51:21,86.0,30.6,23.8,26.87,1.94,0,86
0.697,19.987,0.528,89.1,1.064,2025-03-21 12:51:21,86.0,30.6,23.8,26.87,1.94,0,86
0.704,20.009,0.528,89.054,1.077,2025-03-21 12:51:21,86.0,30.6,23.8,26.87,1.94,0,86
0.681,20.068,0.413,89.002,1.06,2025-03-21 12:51:21,86.0,30.6,23.8,26.87,1.94,0,86
0.721,20.05,0.563,89.193,1.097,2025-03-21 19:26:29,87.0,34.1,25.1,28.69,2.4,0,87
0.717,20.109,0.465,88.961,1.109,2025-03-21 19:26:29,87.0,34.1,25.1,28.69,2.4,0,87
0.714,19.946,0.5,88.911,1.107,2025-03-21 19:26:29,87.0,34.1,25.1,28.69,2.4,0,87
0.742,20.103,0.455,89.218,1.084,2025-03-21 19:26:29,87.0,34.1,25.1,28.69,2.4,0,87
0.74,20.106,0.494,88.937,1.044,2025-03-21 19:26:29,87.0,34.1,25.1,28.69,2.4,0,87
0.695,20.031,0.532,88.773,1.074,2025-03-21 19:26:29,87.0,34.1,25.1,28.69,2.4,0,87
0.723,20.1,0.546,89.024,1.077,2025-03-21 19:26:29,87.0,34.1,25.1,28.69,2.4,0,87
0.721,19.915,0.501,88.699,1.13,2025-03-21 19:26:29,87.0,34.1,25.1,28.69,2.4,0,87
0.734,20.122,0.567,88.922,1.175,2025-03-21 19:26:29,87.0,34.1,25.1,28.69,2.4,0,87
0.695,19.962,0.62,88.965,1.056,2025-03-21 19:26:29,87.0,34.1,25.1,28.69,2.4,0,87
0.729,20.056,0.486,89.097,1.123,2025-03-21 19:26:29,87.0,34.1,25.1,28.69,2.4,0,87
0.728,20.031,0.63,88.958,1.118,2025-03-21 19:26:29,87.0,34.1,25.1,28.69,2.4,0,87
0.75,20.103,0.563,88.951,1.138,2025-03-21 19:26:29,87.0,34.1,25.1,28.69,2.4,0,87
0.7,20.04,0.42,89.056,1.046,2025-03-21 19:26:29,87.0,34.1,25.1,28.69,2.4,0,87
0.705,19.996,0.332,88.973,1.08,2025-03-21 19:26:29,87.0,34.1,25.1,28.69,2.4,0,87
0.712,20.094,0.357,88.857,1.038,2025-03-21 19:26:29,87.0,34.1,25.1,28.69,2.4,0,87
0.726,19.965,0.473,88.775,1.034,2025-03-21 19:26:29,87.0,34.1,25.1,28.69,2.4,0,87
0.694,20.056,0.612,88.884,1.095,2025-03-21 19:26:29,87.0,34.1,25.1,28.69,2.4,0,87
0.723,20.003,0.49,88.759,1.098,2025-03-21 19:26:29,87.0,34.1,25.1,28.69,2.4,0,87
0.727,20.094,0.466,89.124,1.109,2025-03-21 21:26:33,88.0,30.8,24.6,28.19,1.41,0,88
0.694,19.93,0.686,88.788,1.071,2025-03-21 21:26:33,88.0,30.8,24.6,28.19,1.41,0,88
0.724,20.034,0.392,88.934,1.074,2025-03-21 21:26:33,88.0,30.8,24.6,28.19,1.41,0,88
0.712,20.021,0.55,88.984,1.149,2025-03-21 21:26:33,88.0,30.8,24.6,28.19,1.41,0,88
0.681,19.984,0.385,88.78,0.989,2025-03-21 21:26:33,88.0,30.8,24.6,28.19,1.41,0,88
0.681,20.034,0.448,88.906,1.009,2025-03-21 21:26:33,88.0,30.8,24.6,28.19,1.41,0,88
0.696,20.138,0.385,89.233,1.047,2025-03-21 21:26:33,88.0,30.8,24.6,28.19,1.41,0,88
0.717,20.119,0.556,89.074,1.168,2025-03-21 21:26:33,88.0,30.8,24.6,28.19,1.41,0,88
0.71,19.971,0.353,88.988,1.114,2025-03-21 21:26:33,88.0,30.8,24.6,28.19,1.41,0,88
0.685,20.034,0.361,89.011,1.066,2025-03-21 21:26:33,88.0,30.8,24.6,28.19,1.41,0,88
0.723,20.034,0.511,88.825,1.141,2025-03-21 21:26:33,88.0,30.8,24.6,28.19,1.41,0,88
0.721,20.018,0.455,88.954,1.069,2025-03-21 21:26:33,88.0,30.8,24.6,28.19,1.41,0,88
0.72,19.99,0.367,88.934,1.065,2025-03-21 21:26:33,88.0,30.8,24.6,28.19,1.41,0,88
0.704,19.999,0.444,88.687,1.072,2025-03-21 21:26:33,88.0,30.8,24.6,28.19,1.41,0,88
0.713,19.984,0.588,88.961,1.108,2025-03-21 21:26:33,88.0,30.8,24.6,28.19,1.41,0,88
0.689,20.021,0.445,88.936,1.03,2025-03-21 21:26:33,88.0,30.8,24.6,28.19,1.41,0,88
0.698,20.043,0.581,88.671,1.008,2025-03-21 21:26:33,88.0,30.8,24.6,28.19,1.41,0,88
0.696,20.059,0.441,88.909,1.059,2025-03-21 21:26:33,88.0,30.8,24.6,28.19,1.41,0,88
0.687,19.968,0.546,88.758,1.083,2025-03-21 21:26:33,88.0,30.8,24.6,28.19,1.41,0,88
0.704,20.037,0.396,88.971,1.065,2025-03-21 21:26:33,88.0,30.8,24.6,28.19,1.41,0,88
0.714,19.955,0.473,88.896,1.108,2025-03-24 14:38:42,89.0,32.4,24.8,27.77,2.14,0,89
0.728,19.952,0.529,88.747,1.131,2025-03-24 14:38:42,89.0,32.4,24.8,27.77,2.14,0,89
0.725,20.072,0.5,88.867,1.077,2025-03-24 14:38:42,89.0,32.4,24.8,27.77,2.14,0,89
0.723,19.946,0.521,88.884,1.175,2025-03-24 14:38:42,89.0,32.4,24.8,27.77,2.14,0,89
0.723,19.984,0.483,88.976,1.139,2025-03-24 14:38:42,89.0,32.4,24.8,27.77,2.14,0,89
0.715,19.968,0.427,89.058,1.068,2025-03-24 14:38:42,89.0,32.4,24.8,27.77,2.14,0,89
0.708,19.877,0.385,88.646,1.107,2025-03-24 14:38:42,89.0,32.4,24.8,27.77,2.14,0,89
0.708,19.896,0.55,88.865,1.072,2025-03-24 14:38:42,89.0,32.4,24.8,27.77,2.14,0,89
0.735,19.987,0.623,88.933,1.099,2025-03-24 14:38:42,89.0,32.4,24.8,27.77,2.14,0,89
0.739,20.059,0.518,88.767,1.072,2025-03-24 14:38:42,89.0,32.4,24.8,27.77,2.14,0,89
0.735,19.996,0.312,89.197,1.126,2025-03-24 14:38:42,89.0,32.4,24.8,27.77,2.14,0,89
0.718,19.905,0.56,88.908,1.101,2025-03-24 14:38:42,89.0,32.4,24.8,27.77,2.14,0,89
0.704,19.955,0.486,89.065,1.092,2025-03-24 14:38:42,89.0,32.4,24.8,27.77,2.14,0,89
0.702,19.933,0.462,88.902,1.134,2025-03-24 14:38:42,89.0,32.4,24.8,27.77,2.14,0,89
0.718,19.99,0.511,89.01,1.066,2025-03-24 14:38:42,89.0,32.4,24.8,27.77,2.14,0,89
0.722,19.861,0.515,88.828,1.13,2025-03-24 14:38:42,89.0,32.4,24.8,27.77,2.14,0,89
0.696,19.993,0.402,88.563,1.07,2025-03-24 14:38:42,89.0,32.4,24.8,27.77,2.14,0,89
0.71,19.959,0.504,88.934,1.067,2025-03-24 14:38:42,89.0,32.4,24.8,27.77,2.14,0,89
0.729,20.106,0.662,89.055,1.115,2025-03-24 14:38:42,89.0,32.4,24.8,27.77,2.14,0,89
0.695,19.911,0.396,88.775,1.078,2025-03-24 19:23:50,90.0,32.0,23.7,26.98,1.8,0,90
0.735,19.996,0.553,88.927,1.131,2025-03-24 19:23:50,90.0,32.0,23.7,26.98,1.8,0,90
0.688,19.99,0.644,88.615,1.052,2025-03-24 19:23:50,90.0,32.0,23.7,26.98,1.8,0,90
0.721,20.062,0.333,88.99,1.143,2025-03-24 19:23:50,90.0,32.0,23.7,26.98,1.8,0,90
0.7,20.015,0.427,88.986,1.048,2025-03-24 19:23:50,90.0,32.0,23.7,26.98,1.8,0,90
0.682,20.018,0.298,88.899,1.052,2025-03-24 19:23:50,90.0,32.0,23.7,26.98,1.8,0,90
0.747,20.062,0.458,88.843,1.115,2025-03-24 19:23:50,90.0,32.0,23.7,26.98,1.8,0,90
0.716,20.028,0.546,88.836,1.081,2025-03-24 19:23:50,90.0,32.0,23.7,26.98,1.8,0,90
0.728,20.021,0.469,88.819,1.138,2025-03-24 19:23:50,90.0,32.0,23.7,26.98,1.8,0,90
0.705,20.078,0.402,88.9,1.107,2025-03-24 19:23:50,90.0,32.0,23.7,26.98,1.8,0,90
0.688,19.987,0.543,89.219,1.032,2025-03-24 19:23:50,90.0,32.0,23.7,26.98,1.8,0,90
0.734,20.078,0.508,88.517,1.083,2025-03-24 19:23:50,90.0,32.0,23.7,26.98,1.8,0,90
0.699,20.04,0.602,88.897,1.097,2025-03-24 19:23:50,90.0,32.0,23.7,26.98,1.8,0,90
0.713,19.974,0.532,89.032,1.091,2025-03-24 19:23:50,90.0,32.0,23.7,26.98,1.8,0,90
0.731,20.003,0.644,89.071,1.091,2025-03-24 19:23:50,90.0,32.0,23.7,26.98,1.8,0,90
0.745,20.059,0.546,88.953,1.099,2025-03-24 19:23:50,90.0,32.0,23.7,26.98,1.8,0,90
0.711,20.065,0.564,88.881,1.11,2025-03-24 19:23:50,90.0,32.0,23.7,26.98,1.8,0,90
0.731,20.081,0.564,89.113,1.102,2025-03-24 19:23:50,90.0,32.0,23.7,26.98,1.8,0,90
0.71,20.015,0.529,89.114,1.086,2025-03-24 19:23:50,90.0,32.0,23.7,26.98,1.8,0,90
0.711,19.921,0.606,88.893,1.109,2025-03-24 19:23:50,90.0,32.0,23.7,26.98,1.8,0,90
0.725,19.999,0.661,89.149,1.098,2025-03-24 21:38:54,91.0,29.0,23.1,26.67,1.34,0,91
0.688,20.028,0.434,89.144,1.033,2025-03-24 21:38:54,91.0,29.0,23.1,26.67,1.34,0,91
0.712,20.025,0.483,89.062,1.039,2025-03-24 21:38:54,91.0,29.0,23.1,26.67,1.34,0,91
0.71,20.062,0.553,88.75,1.078,2025-03-24 21:38:54,91.0,29.0,23.1,26.67,1.34,0,91
0.704,20.012,0.469,88.885,1.029,2025-03-24 21:38:54,91.0,29.0,23.1,26.67,1.34,0,91
0.727,19.971,0.476,88.978,1.151,2025-03-24 21:38:54,91.0,29.0,23.1,26.67,1.34,0,91
0.692,19.94,0.399,89.031,1.053,2025-03-24 21:38:54,91.0,29.0,23.1,26.67,1.34,0,91
0.687,19.946,0.381,88.859,1.065,2025-03-24 21:38:54,91.0,29.0,23.1,26.67,1.34,0,91
0.693,19.977,0.448,89.078,1.089,2025-03-24 21:38:54,91.0,29.0,23.1,26.67,1.34,0,91
0.702,20.018,0.476,88.688,1.011,2025-03-24 21:38:54,91.0,29.0,23.1,26.67,1.34,0,91
0.694,19.999,0.483,89.099,1.013,2025-03-24 21:38:54,91.0,29.0,23.1,26.67,1.34,0,91
0.731,20.006,0.619,88.94,1.084,2025-03-24 21:38:54,91.0,29.0,23.1,26.67,1.34,0,91
0.726,20.056,0.374,89.3,1.105,2025-03-24 21:38:54,91.0,29.0,23.1,26.67,1.34,0,91
0.688,20.084,0.528,89.222,1.085,2025-03-24 21:38:54,91.0,29.0,23.1,26.67,1.34,0,91
0.702,20.025,0.392,88.763,1.038,2025-03-24 21:38:54,91.0,29.0,23.1,26.67,1.34,0,91
0.707,19.943,0.487,88.754,1.105,2025-03-24 21:38:54,91.0,29.0,23.1,26.67,1.34,0,91
0.697,19.962,0.69,89.126,1.033,2025-03-24 21:38:54,91.0,29.0,23.1,26.67,1.34,0,91
0.728,20.037,0.444,89.263,1.072,2025-03-24 21:38:54,91.0,29.0,23.1,26.67,1.34,0,91
0.712,19.962,0.497,89.109,1.089,2025-03-24 21:38:54,91.0,29.0,23.1,26.67,1.34,0,91
0.737,19.99,0.515,88.822,1.147,2025-03-24 21:38:54,91.0,29.0,23.1,26.67,1.34,0,91
0.679,20.043,0.252,89.031,1.041,2025-05-14 10:33:37,92.0,45.3,32.7,39.91,3.3,0,92
0.702,19.999,0.543,89.133,1.081,2025-05-23 11:04:57,93.0,33.4,24.1,28.19,2.71,0,93
0.706,20.028,0.322,88.996,0.994,2025-05-23 11:04:57,93.0,33.4,24.1,28.19,2.71,0,93
0.695,19.874,0.364,88.845,1.026,2025-05-23 11:04:57,93.0,33.4,24.1,28.19,2.71,0,93
0.71,19.999,0.399,88.992,1.062,2025-05-23 11:04:57,93.0,33.4,24.1,28.19,2.71,0,93
0.737,20.031,0.458,88.907,1.025,2025-05-23 11:04:57,93.0,33.4,24.1,28.19,2.71,0,93
0.701,19.981,0.294,88.792,1.021,2025-05-23 11:04:57,93.0,33.4,24.1,28.19,2.71,0,93
0.679,19.902,0.329,88.783,1.071,2025-05-23 11:04:57,93.0,33.4,24.1,28.19,2.71,0,93
0.695,19.911,0.441,88.617,0.989,2025-05-23 11:04:57,93.0,33.4,24.1,28.19,2.71,0,93
0.715,20.043,0.487,89.02,1.074,2025-05-23 11:04:57,93.0,33.4,24.1,28.19,2.71,0,93
0.712,19.987,0.364,88.776,1.048,2025-05-23 11:04:57,93.0,33.4,24.1,28.19,2.71,0,93
0.703,20.04,0.354,88.974,1.042,2025-05-23 11:04:57,93.0,33.4,24.1,28.19,2.71,0,93
0.691,19.996,0.479,89.017,1.006,2025-05-23 11:04:57,93.0,33.4,24.1,28.19,2.71,0,93
0.7,19.899,0.438,88.904,1.028,2025-05-23 11:04:57,93.0,33.4,24.1,28.19,2.71,0,93
0.704,19.896,0.406,88.72,1.046,2025-05-23 11:04:57,93.0,33.4,24.1,28.19,2.71,0,93
0.712,19.927,0.441,88.927,1.07,2025-05-23 11:04:57,93.0,33.4,24.1,28.19,2.71,0,93
0.737,20.068,0.487,88.981,1.137,2025-05-23 11:04:57,93.0,33.4,24.1,28.19,2.71,0,93
0.693,19.877,0.423,88.88,1.019,2025-05-23 11:04:57,93.0,33.4,24.1,28.19,2.71,0,93
0.702,20.046,0.378,89.151,1.058,2025-05-23 11:04:57,93.0,33.4,24.1,28.19,2.71,0,93
0.68,19.836,0.479,89.001,1.066,2025-05-23 11:04:57,93.0,33.4,24.1,28.19,2.71,0,93
0.739,20.037,0.318,88.891,1.069,2025-05-23 11:04:57,93.0,33.4,24.1,28.19,2.71,0,93
0.702,19.987,0.406,88.973,1.099,2025-05-23 12:55:01,94.0,35.2,26.2,30.05,2.4,0,94
0.694,19.99,0.42,88.971,1.075,2025-05-23 12:55:01,94.0,35.2,26.2,30.05,2.4,0,94
0.714,19.952,0.41,88.808,1.006,2025-05-23 12:55:01,94.0,35.2,26.2,30.05,2.4,0,94
0.729,20.034,0.385,89.136,1.065,2025-05-23 12:55:01,94.0,35.2,26.2,30.05,2.4,0,94
0.707,20.04,0.318,88.841,1.049,2025-05-23 12:55:01,94.0,35.2,26.2,30.05,2.4,0,94
0.732,20.028,0.346,89.264,1.065,2025-05-23 12:55:01,94.0,35.2,26.2,30.05,2.4,0,94
0.713,19.962,0.451,88.825,1.04,2025-05-23 12:55:01,94.0,35.2,26.2,30.05,2.4,0,94
0.707,19.977,0.392,89.107,1.059,2025-05-23 12:55:01,94.0,35.2,26.2,30.05,2.4,0,94
0.719,19.918,0.427,89.181,1.013,2025-05-23 12:55:01,94.0,35.2,26.2,30.05,2.4,0,94
0.692,20.075,0.336,89.179,1.034,2025-05-23 12:55:01,94.0,35.2,26.2,30.05,2.4,0,94
0.691,19.795,0.553,88.747,1.072,2025-05-23 12:55:01,94.0,35.2,26.2,30.05,2.4,0,94
0.717,20.116,0.378,88.825,1.067,2025-05-23 12:55:01,94.0,35.2,26.2,30.05,2.4,0,94
0.719,19.908,0.388,88.89,1.114,2025-05-23 12:55:01,94.0,35.2,26.2,30.05,2.4,0,94
0.724,19.999,0.483,88.965,1.031,2025-05-23 12:55:01,94.0,35.2,26.2,30.05,2.4,0,94
0.706,19.927,0.637,88.578,0.99,2025-05-23 12:55:01,94.0,35.2,26.2,30.05,2.4,0,94
0.681,19.902,0.35,88.662,1.022,2025-05-23 12:55:01,94.0,35.2,26.2,30.05,2.4,0,94
0.732,20.028,0.406,88.782,1.048,2025-05-23 12:55:01,94.0,35.2,26.2,30.05,2.4,0,94
0.711,19.996,0.42,89.005,1.088,2025-05-23 12:55:01,94.0,35.2,26.2,30.05,2.4,0,94
0.708,19.987,0.357,88.959,1.021,2025-05-23 12:55:01,94.0,35.2,26.2,30.05,2.4,0,94
0.741,20.021,0.497,89.021,1.124,2025-05-23 12:55:01,94.0,35.2,26.2,30.05,2.4,0,94
0.718,19.996,0.284,88.77,1.046,2025-05-23 20:40:14,95.0,30.7,24.0,27.61,1.83,0,95
0.731,20.141,0.319,88.883,1.134,2025-05-23 20:40:14,95.0,30.7,24.0,27.61,1.83,0,95
0.716,20.025,0.294,89.008,1.07,2025-05-23 20:40:14,95.0,30.7,24.0,27.61,1.83,0,95
0.711,19.993,0.381,89.135,1.033,2025-05-23 20:40:14,95.0,30.7,24.0,27.61,1.83,0,95
0.693,19.996,0.483,88.602,1.089,2025-05-23 20:40:14,95.0,30.7,24.0,27.61,1.83,0,95
0.728,20.015,0.329,88.802,1.101,2025-05-23 20:40:14,95.0,30.7,24.0,27.61,1.83,0,95
0.728,20.141,0.378,89.149,1.124,2025-05-23 20:40:14,95.0,30.7,24.0,27.61,1.83,0,95
0.71,20.084,0.452,88.848,1.11,2025-05-23 20:40:14,95.0,30.7,24.0,27.61,1.83,0,95
0.721,20.037,0.294,88.926,1.123,2025-05-23 20:40:14,95.0,30.7,24.0,27.61,1.83,0,95
0.683,19.987,0.367,88.785,1.079,2025-05-23 20:40:14,95.0,30.7,24.0,27.61,1.83,0,95
0.73,20.025,0.511,88.957,1.078,2025-05-23 20:40:14,95.0,30.7,24.0,27.61,1.83,0,95
0.71,19.959,0.364,89.076,1.047,2025-05-23 20:40:14,95.0,30.7,24.0,27.61,1.83,0,95
0.7,19.955,0.371,89.097,1.066,2025-05-23 20:40:14,95.0,30.7,24.0,27.61,1.83,0,95
0.747,20.037,0.284,89.213,1.13,2025-05-23 20:40:14,95.0,30.7,24.0,27.61,1.83,0,95
0.733,20.043,0.399,88.911,1.145,2025-05-23 20:40:14,95.0,30.7,24.0,27.61,1.83,0,95
0.7,20.003,0.444,88.976,1.059,2025-05-23 20:40:14,95.0,30.7,24.0,27.61,1.83,0,95
0.704,19.902,0.448,88.501,1.006,2025-05-23 20:40:14,95.0,30.7,24.0,27.61,1.83,0,95
0.721,20.031,0.329,89.153,1.024,2025-05-23 20:40:14,95.0,30.7,24.0,27.61,1.83,0,95
0.714,20.034,0.294,88.852,1.116,2025-05-23 20:40:14,95.0,30.7,24.0,27.61,1.83,0,95
0.684,19.959,0.399,88.887,1.038,2025-05-23 20:40:14,95.0,30.7,24.0,27.61,1.83,0,95
0.715,20.078,0.438,89.349,1.093,2025-05-23 21:10:15,96.0,36.3,26.1,30.31,2.68,0,96
0.729,20.031,0.29,88.9,1.036,2025-05-23 21:10:15,96.0,36.3,26.1,30.31,2.68,0,96
0.708,19.949,0.298,88.713,1.071,2025-05-23 21:10:15,96.0,36.3,26.1,30.31,2.68,0,96
0.737,20.084,0.399,89.301,1.112,2025-05-23 21:10:15,96.0,36.3,26.1,30.31,2.68,0,96
0.697,19.959,0.448,89.169,1.097,2025-05-23 21:10:15,96.0,36.3,26.1,30.31,2.68,0,96
0.719,19.965,0.424,89.088,1.098,2025-05-23 21:10:15,96.0,36.3,26.1,30.31,2.68,0,96
0.699,20.009,0.455,88.729,1.131,2025-05-23 21:10:15,96.0,36.3,26.1,30.31,2.68,0,96
0.709,20.068,0.343,89.024,1.089,2025-05-23 21:10:15,96.0,36.3,26.1,30.31,2.68,0,96
0.707,20.103,0.333,89.076,1.084,2025-05-23 21:10:15,96.0,36.3,26.1,30.31,2.68,0,96
0.688,19.971,0.448,88.88,1.009,2025-05-23 21:10:15,96.0,36.3,26.1,30.31,2.68,0,96
0.745,20.119,0.315,89.172,1.108,2025-05-23 21:10:15,96.0,36.3,26.1,30.31,2.68,0,96
0.727,20.043,0.448,88.89,1.1,2025-05-23 21:10:15,96.0,36.3,26.1,30.31,2.68,0,96
0.707,19.962,0.493,88.846,1.055,2025-05-23 21:10:15,96.0,36.3,26.1,30.31,2.68,0,96
0.705,19.94,0.441,88.886,1.084,2025-05-23 21:10:15,96.0,36.3,26.1,30.31,2.68,0,96
0.714,20.103,0.291,89.042,1.04,2025-05-23 21:10:15,96.0,36.3,26.1,30.31,2.68,0,96
0.712,19.965,0.322,88.949,1.03,2025-05-23 21:10:15,96.0,36.3,26.1,30.31,2.68,0,96
0.727,20.046,0.259,89.04,1.137,2025-05-23 21:10:15,96.0,36.3,26.1,30.31,2.68,0,96
0.714,19.99,0.284,89.014,1.081,2025-05-23 21:10:15,96.0,36.3,26.1,30.31,2.68,0,96
0.714,20.09,0.399,88.911,1.109,2025-05-23 21:10:15,96.0,36.3,26.1,30.31,2.68,0,96
0.718,20.006,0.34,88.892,1.078,2025-05-26 14:21:41,97.0,43.4,24.3,29.66,4.09,0,97
0.698,19.959,0.35,88.856,1.015,2025-05-26 14:21:41,97.0,43.4,24.3,29.66,4.09,0,97
0.741,20.204,0.542,88.925,1.118,2025-05-26 14:21:41,97.0,43.4,24.3,29.66,4.09,0,97
0.697,20.053,0.486,88.805,1.083,2025-05-26 14:21:41,97.0,43.4,24.3,29.66,4.09,0,97
0.712,19.927,0.259,88.92,1.021,2025-05-26 14:21:41,97.0,43.4,24.3,29.66,4.09,0,97
0.724,19.937,0.392,88.496,1.083,2025-05-26 14:21:41,97.0,43.4,24.3,29.66,4.09,0,97
0.714,20.046,0.5,88.984,1.031,2025-05-26 14:21:41,97.0,43.4,24.3,29.66,4.09,0,97
0.717,19.949,0.322,89.163,1.009,2025-05-26 14:21:41,97.0,43.4,24.3,29.66,4.09,0,97
0.722,20.163,0.238,89.107,1.113,2025-05-26 14:21:41,97.0,43.4,24.3,29.66,4.09,0,97
0.722,19.933,0.427,88.691,1.068,2025-05-26 14:21:41,97.0,43.4,24.3,29.66,4.09,0,97
0.724,20.021,0.612,89.046,1.092,2025-05-26 14:21:41,97.0,43.4,24.3,29.66,4.09,0,97
0.729,20.025,0.466,88.771,1.085,2025-05-26 14:21:41,97.0,43.4,24.3,29.66,4.09,0,97
0.722,20.056,0.34,88.979,1.117,2025-05-26 14:21:41,97.0,43.4,24.3,29.66,4.09,0,97
0.751,20.141,0.42,89.236,1.152,2025-05-26 14:21:41,97.0,43.4,24.3,29.66,4.09,0,97
0.727,19.974,0.217,89.181,1.083,2025-05-26 14:21:41,97.0,43.4,24.3,29.66,4.09,0,97
0.714,20.015,0.336,88.914,1.114,2025-05-26 14:21:41,97.0,43.4,24.3,29.66,4.09,0,97
0.691,19.886,0.392,88.54,1.07,2025-05-26 14:21:41,97.0,43.4,24.3,29.66,4.09,0,97
0.728,20.062,0.396,89.058,1.125,2025-05-26 14:21:41,97.0,43.4,24.3,29.66,4.09,0,97
0.697,19.959,0.354,88.65,1.018,2025-05-26 14:21:41,97.0,43.4,24.3,29.66,4.09,0,97
0.733,20.068,0.466,89.147,1.098,2025-05-27 19:38:24,98.0,33.9,27.4,30.52,2.09,0,98
0.719,19.883,0.434,89.028,1.04,2025-05-27 19:38:24,98.0,33.9,27.4,30.52,2.09,0,98
0.731,19.943,0.413,89.081,1.099,2025-05-27 19:38:24,98.0,33.9,27.4,30.52,2.09,0,98
0.713,20.031,0.371,89.077,1.07,2025-05-27 19:38:24,98.0,33.9,27.4,30.52,2.09,0,98
0.769,20.087,0.374,89.108,1.134,2025-05-27 19:38:24,98.0,33.9,27.4,30.52,2.09,0,98
0.711,19.861,0.476,88.768,1.086,2025-05-27 19:38:24,98.0,33.9,27.4,30.52,2.09,0,98
0.727,19.996,0.315,89.051,1.131,2025-05-27 19:38:24,98.0,33.9,27.4,30.52,2.09,0,98
0.713,20.078,0.529,89.024,1.145,2025-05-27 19:38:24,98.0,33.9,27.4,30.52,2.09,0,98
0.737,20.078,0.479,88.995,1.043,2025-05-27 19:38:24,98.0,33.9,27.4,30.52,2.09,0,98
0.72,19.889,0.5,89.148,1.134,2025-05-27 19:38:24,98.0,33.9,27.4,30.52,2.09,0,98
0.722,20.084,0.43,89.132,1.093,2025-05-27 19:38:24,98.0,33.9,27.4,30.52,2.09,0,98
0.737,20.034,0.55,88.914,1.168,2025-05-27 19:38:24,98.0,33.9,27.4,30.52,2.09,0,98
0.711,20.084,0.508,88.931,1.115,2025-05-27 19:38:24,98.0,33.9,27.4,30.52,2.09,0,98
0.739,20.084,0.511,88.971,1.126,2025-05-27 19:38:24,98.0,33.9,27.4,30.52,2.09,0,98
0.714,20.097,0.483,89.231,1.057,2025-05-27 19:38:24,98.0,33.9,27.4,30.52,2.09,0,98
0.678,19.877,0.564,89.206,1.033,2025-05-27 19:38:24,98.0,33.9,27.4,30.52,2.09,0,98
0.732,20.087,0.417,88.956,1.085,2025-05-27 19:38:24,98.0,33.9,27.4,30.52,2.09,0,98
0.738,20.068,0.406,89.089,1.152,2025-05-27 19:38:24,98.0,33.9,27.4,30.52,2.09,0,98
0.714,19.971,0.455,88.925,1.068,2025-05-27 19:38:24,98.0,33.9,27.4,30.52,2.09,0,98
0.717,20.059,0.56,89.015,1.079,2025-05-27 21:58:27,99.0,37.3,25.6,30.24,3.11,0,99
0.729,19.984,0.29,89.304,1.09,2025-05-27 21:58:27,99.0,37.3,25.6,30.24,3.11,0,99
0.726,19.981,0.529,89.082,1.083,2025-05-27 21:58:27,99.0,37.3,25.6,30.24,3.11,0,99
0.729,20.015,0.427,88.926,1.21,2025-05-27 21:58:27,99.0,37.3,25.6,30.24,3.11,0,99
0.716,19.911,0.291,88.78,1.089,2025-05-27 21:58:27,99.0,37.3,25.6,30.24,3.11,0,99
0.708,19.896,0.532,88.911,1.038,2025-05-27 21:58:27,99.0,37.3,25.6,30.24,3.11,0,99
0.724,20.003,0.675,89.032,1.111,2025-05-27 21:58:27,99.0,37.3,25.6,30.24,3.11,0,99
0.719,19.999,0.273,89.231,1.085,2025-05-27 21:58:27,99.0,37.3,25.6,30.24,3.11,0,99
0.713,20.056,0.413,89.205,1.009,2025-05-27 21:58:27,99.0,37.3,25.6,30.24,3.11,0,99
0.706,20.018,0.308,89.139,1.028,2025-05-27 21:58:27,99.0,37.3,25.6,30.24,3.11,0,99
0.722,19.999,0.431,89.077,1.093,2025-05-27 21:58:27,99.0,37.3,25.6,30.24,3.11,0,99
0.734,20.037,0.385,88.911,1.087,2025-05-27 21:58:27,99.0,37.3,25.6,30.24,3.11,0,99
0.724,19.987,0.388,89.24,1.036,2025-05-27 21:58:27,99.0,37.3,25.6,30.24,3.11,0,99
0.729,19.993,0.438,88.959,1.078,2025-05-27 21:58:27,99.0,37.3,25.6,30.24,3.11,0,99
0.728,19.949,0.224,89.157,1.13,2025-05-27 21:58:27,99.0,37.3,25.6,30.24,3.11,0,99
0.724,20.04,0.452,89.281,1.128,2025-05-27 21:58:27,99.0,37.3,25.6,30.24,3.11,0,99
0.731,19.993,0.546,89.251,1.078,2025-05-27 21:58:27,99.0,37.3,25.6,30.24,3.11,0,99
0.708,19.984,0.298,88.836,1.062,2025-05-27 21:58:27,99.0,37.3,25.6,30.24,3.11,0,99
0.722,19.858,0.427,88.611,1.072,2025-05-27 21:58:27,99.0,37.3,25.6,30.24,3.11,0,99
0.725,20.097,0.406,89.342,1.145,2025-05-27 21:58:27,99.0,37.3,25.6,30.24,3.11,0,99
0.737,19.971,0.413,89.035,1.06,2025-05-29 13:24:58,100.0,32.1,25.0,28.91,2.06,0,100
0.734,19.959,0.445,89.06,1.06,2025-05-29 13:24:58,100.0,32.1,25.0,28.91,2.06,0,100
0.736,20.15,0.417,89.137,1.133,2025-05-29 13:24:58,100.0,32.1,25.0,28.91,2.06,0,100
0.718,19.962,0.55,89.365,1.098,2025-05-29 13:24:58,100.0,32.1,25.0,28.91,2.06,0,100
0.71,20.025,0.427,89.063,1.052,2025-05-29 13:24:58,100.0,32.1,25.0,28.91,2.06,0,100
0.723,20.081,0.396,88.834,1.085,2025-05-29 13:24:58,100.0,32.1,25.0,28.91,2.06,0,100
0.688,19.946,0.483,88.775,1.074,2025-05-29 13:24:58,100.0,32.1,25.0,28.91,2.06,0,100
0.716,20.046,0.494,88.945,1.121,2025-05-29 13:24:58,100.0,32.1,25.0,28.91,2.06,0,100
0.674,19.99,0.473,88.717,0.968,2025-05-29 13:24:58,100.0,32.1,25.0,28.91,2.06,0,100
0.732,20.087,0.35,88.945,1.1,2025-05-29 13:24:58,100.0,32.1,25.0,28.91,2.06,0,100
0.704,19.955,0.466,88.994,1.008,2025-05-29 13:24:58,100.0,32.1,25.0,28.91,2.06,0,100
0.732,20.103,0.49,89.287,1.128,2025-05-29 13:24:58,100.0,32.1,25.0,28.91,2.06,0,100
0.73,20.125,0.515,88.928,1.11,2025-05-29 13:24:58,100.0,32.1,25.0,28.91,2.06,0,100
0.732,20.081,0.483,89.546,1.107,2025-05-29 13:24:58,100.0,32.1,25.0,28.91,2.06,0,100
0.724,20.053,0.504,89.152,1.197,2025-05-29 13:24:58,100.0,32.1,25.0,28.91,2.06,0,100
0.714,20.05,0.511,88.928,1.086,2025-05-29 13:24:58,100.0,32.1,25.0,28.91,2.06,0,100
0.698,19.959,0.346,88.721,1.06,2025-05-29 13:24:58,100.0,32.1,25.0,28.91,2.06,0,100
0.716,20.003,0.396,89.068,1.099,2025-05-29 13:24:58,100.0,32.1,25.0,28.91,2.06,0,100
0.752,20.062,0.56,89.22,1.144,2025-05-29 13:24:58,100.0,32.1,25.0,28.91,2.06,0,100
0.701,19.915,0.504,88.836,1.034,2025-05-29 19:15:05,101.0,32.3,25.1,28.15,2.0,0,101
0.73,19.921,0.343,88.938,1.15,2025-05-29 19:15:05,101.0,32.3,25.1,28.15,2.0,0,101
0.704,19.981,0.287,89.043,1.087,2025-05-29 19:15:05,101.0,32.3,25.1,28.15,2.0,0,101
0.736,19.952,0.476,89.067,1.117,2025-05-29 19:15:05,101.0,32.3,25.1,28.15,2.0,0,101
0.716,20.015,0.41,89.182,1.104,2025-05-29 19:15:05,101.0,32.3,25.1,28.15,2.0,0,101
0.712,19.974,0.451,89.384,1.07,2025-05-29 19:15:05,101.0,32.3,25.1,28.15,2.0,0,101
0.699,19.905,0.444,89.104,1.079,2025-05-29 19:15:05,101.0,32.3,25.1,28.15,2.0,0,101
0.714,19.99,0.406,89.289,1.104,2025-05-29 19:15:05,101.0,32.3,25.1,28.15,2.0,0,101
0.719,20.059,0.518,89.251,1.08,2025-05-29 19:15:05,101.0,32.3,25.1,28.15,2.0,0,101
0.706,19.955,0.245,88.989,1.162,2025-05-29 19:15:05,101.0,32.3,25.1,28.15,2.0,0,101
0.697,19.915,0.465,89.268,1.062,2025-05-29 19:15:05,101.0,32.3,25.1,28.15,2.0,0,101
0.685,19.955,0.199,88.827,1.061,2025-05-29 19:15:05,101.0,32.3,25.1,28.15,2.0,0,101
0.718,20.05,0.361,88.98,1.106,2025-05-29 19:15:05,101.0,32.3,25.1,28.15,2.0,0,101
0.745,20.09,0.497,89.026,1.155,2025-05-29 19:15:05,101.0,32.3,25.1,28.15,2.0,0,101
0.722,20.05,0.399,89.271,1.078,2025-05-29 19:15:05,101.0,32.3,25.1,28.15,2.0,0,101
0.688,19.974,0.493,89.097,1.085,2025-05-29 19:15:05,101.0,32.3,25.1,28.15,2.0,0,101
0.718,20.065,0.504,88.82,1.099,2025-05-29 19:15:05,101.0,32.3,25.1,28.15,2.0,0,101
0.696,19.905,0.441,89.247,1.04,2025-05-29 19:15:05,101.0,32.3,25.1,28.15,2.0,0,101
0.696,19.93,0.406,89.082,1.046,2025-05-29 19:15:05,101.0,32.3,25.1,28.15,2.0,0,101
0.728,19.996,0.455,89.141,1.16,2025-05-29 21:50:12,102.0,31.8,25.0,28.37,1.73,0,102
0.692,19.883,0.479,89.276,1.05,2025-05-29 21:50:12,102.0,31.8,25.0,28.37,1.73,0,102
0.724,19.905,0.322,89.317,1.126,2025-05-29 21:50:12,102.0,31.8,25.0,28.37,1.73,0,102
0.725,19.962,0.319,89.148,1.07,2025-05-29 21:50:12,102.0,31.8,25.0,28.37,1.73,0,102
0.727,19.915,0.616,89.159,1.123,2025-05-29 21:50:12,102.0,31.8,25.0,28.37,1.73,0,102
0.709,20.031,0.511,89.257,1.15,2025-05-29 21:50:12,102.0,31.8,25.0,28.37,1.73,0,102
0.687,19.962,0.361,89.259,1.055,2025-05-29 21:50:12,102.0,31.8,25.0,28.37,1.73,0,102
0.714,19.861,0.333,89.079,1.118,2025-05-29 21:50:12,102.0,31.8,25.0,28.37,1.73,0,102
0.721,19.864,0.504,89.405,1.123,2025-05-29 21:50:12,102.0,31.8,25.0,28.37,1.73,0,102
0.692,20.003,0.284,89.158,1.053,2025-05-29 21:50:12,102.0,31.8,25.0,28.37,1.73,0,102
0.725,19.943,0.483,89.235,1.123,2025-05-29 21:50:12,102.0,31.8,25.0,28.37,1.73,0,102
0.706,19.949,0.234,89.293,1.11,2025-05-29 21:50:12,102.0,31.8,25.0,28.37,1.73,0,102
0.72,19.924,0.263,89.145,1.063,2025-05-29 21:50:12,102.0,31.8,25.0,28.37,1.73,0,102
0.719,20.04,0.409,89.011,1.114,2025-05-29 21:50:12,102.0,31.8,25.0,28.37,1.73,0,102
0.696,19.968,0.315,89.003,1.024,2025-05-29 21:50:12,102.0,31.8,25.0,28.37,1.73,0,102
0.711,19.924,0.395,89.167,1.084,2025-05-29 21:50:12,102.0,31.8,25.0,28.37,1.73,0,102
0.739,20.006,0.28,89.107,1.197,2025-05-29 21:50:12,102.0,31.8,25.0,28.37,1.73,0,102
0.708,19.886,0.35,89.303,1.061,2025-05-29 21:50:12,102.0,31.8,25.0,28.37,1.73,0,102
0.691,19.927,0.553,89.362,1.037,2025-05-30 13:32:24,103.0,33.8,21.5,27.97,2.67,0,103
0.7,19.965,0.438,89.164,1.028,2025-05-30 13:32:24,103.0,33.8,21.5,27.97,2.67,0,103
0.693,19.977,0.5,89.359,1.037,2025-05-30 13:32:24,103.0,33.8,21.5,27.97,2.67,0,103
0.736,20.056,0.469,89.333,1.131,2025-05-30 13:32:24,103.0,33.8,21.5,27.97,2.67,0,103
0.718,19.993,0.41,89.189,1.143,2025-05-30 13:32:24,103.0,33.8,21.5,27.97,2.67,0,103
0.721,20.065,0.416,88.962,1.093,2025-05-30 13:32:24,103.0,33.8,21.5,27.97,2.67,0,103
0.71,19.905,0.535,88.724,1.066,2025-05-30 13:32:24,103.0,33.8,21.5,27.97,2.67,0,103
0.734,20.018,0.43,89.354,1.206,2025-05-30 13:32:24,103.0,33.8,21.5,27.97,2.67,0,103
0.686,19.883,0.452,88.97,1.085,2025-05-30 13:32:24,103.0,33.8,21.5,27.97,2.67,0,103
0.708,19.99,0.434,89.142,1.11,2025-05-30 13:32:24,103.0,33.8,21.5,27.97,2.67,0,103
0.723,19.996,0.346,89.119,1.171,2025-05-30 13:32:24,103.0,33.8,21.5,27.97,2.67,0,103
0.721,20.031,0.361,88.995,1.165,2025-05-30 13:32:24,103.0,33.8,21.5,27.97,2.67,0,103
0.718,20.021,0.465,89.072,1.136,2025-05-30 13:32:24,103.0,33.8,21.5,27.97,2.67,0,103
0.704,19.999,0.336,89.259,1.115,2025-05-30 13:32:24,103.0,33.8,21.5,27.97,2.67,0,103
0.715,20.046,0.43,89.329,1.16,2025-05-30 13:32:24,103.0,33.8,21.5,27.97,2.67,0,103
0.721,19.974,0.465,88.957,1.062,2025-05-30 13:32:24,103.0,33.8,21.5,27.97,2.67,0,103
0.684,19.968,0.263,89.237,0.998,2025-05-30 13:32:24,103.0,33.8,21.5,27.97,2.67,0,103
0.713,20.003,0.455,89.436,1.128,2025-05-30 13:32:24,103.0,33.8,21.5,27.97,2.67,0,103
0.676,19.94,0.63,89.096,1.106,2025-05-30 13:32:24,103.0,33.8,21.5,27.97,2.67,0,103
0.719,19.943,0.448,88.891,1.13,2025-05-30 13:32:24,103.0,33.8,21.5,27.97,2.67,0,103
0.701,19.937,0.553,89.207,1.18,2025-06-05 19:27:08,104.0,28.8,20.3,23.44,2.06,0,104
0.714,19.952,0.203,88.852,1.117,2025-06-05 19:27:08,104.0,28.8,20.3,23.44,2.06,0,104
0.722,19.968,0.41,89.124,1.121,2025-06-05 19:27:08,104.0,28.8,20.3,23.44,2.06,0,104
0.695,19.93,0.451,89.098,1.146,2025-06-05 19:27:08,104.0,28.8,20.3,23.44,2.06,0,104
0.701,19.902,0.487,88.902,1.042,2025-06-05 19:27:08,104.0,28.8,20.3,23.44,2.06,0,104
0.698,19.918,0.438,89.341,1.169,2025-06-05 19:27:08,104.0,28.8,20.3,23.44,2.06,0,104
0.704,19.871,0.539,88.983,1.117,2025-06-05 19:27:08,104.0,28.8,20.3,23.44,2.06,0,104
0.712,20.003,0.473,89.234,1.175,2025-06-05 19:27:08,104.0,28.8,20.3,23.44,2.06,0,104
0.71,19.937,0.417,88.946,1.168,2025-06-05 19:27:08,104.0,28.8,20.3,23.44,2.06,0,104
0.706,19.933,0.451,89.233,1.136,2025-06-05 19:27:08,104.0,28.8,20.3,23.44,2.06,0,104
0.72,19.911,0.434,89.529,1.15,2025-06-05 19:27:08,104.0,28.8,20.3,23.44,2.06,0,104
0.707,19.933,0.305,89.265,1.168,2025-06-05 19:27:08,104.0,28.8,20.3,23.44,2.06,0,104
0.718,19.971,0.389,89.143,1.144,2025-06-05 19:27:08,104.0,28.8,20.3,23.44,2.06,0,104
0.692,19.962,0.567,89.234,1.131,2025-06-05 19:27:08,104.0,28.8,20.3,23.44,2.06,0,104
0.729,20.009,0.322,88.713,1.166,2025-06-05 19:27:08,104.0,28.8,20.3,23.44,2.06,0,104
0.713,19.962,0.273,88.651,1.118,2025-06-05 19:27:08,104.0,28.8,20.3,23.44,2.06,0,104
0.71,19.924,0.255,89.13,1.124,2025-06-05 19:27:08,104.0,28.8,20.3,23.44,2.06,0,104
0.705,19.981,0.497,89.038,1.15,2025-06-05 19:27:08,104.0,28.8,20.3,23.44,2.06,0,104
0.695,19.893,0.423,88.831,1.175,2025-06-05 19:27:08,104.0,28.8,20.3,23.44,2.06,0,104
0.696,20.04,0.402,89.273,1.11,2025-06-05 21:17:10,105.0,27.7,21.2,24.4,1.92,0,105
0.716,20.031,0.361,89.054,1.112,2025-06-05 21:17:10,105.0,27.7,21.2,24.4,1.92,0,105
0.707,20.037,0.515,89.076,1.198,2025-06-05 21:17:10,105.0,27.7,21.2,24.4,1.92,0,105
0.697,19.952,0.399,89.113,1.093,2025-06-05 21:17:10,105.0,27.7,21.2,24.4,1.92,0,105
0.696,20.037,0.444,89.161,1.157,2025-06-05 21:17:10,105.0,27.7,21.2,24.4,1.92,0,105
0.684,19.981,0.34,88.812,1.113,2025-06-05 21:17:10,105.0,27.7,21.2,24.4,1.92,0,105
0.723,20.021,0.529,89.3,1.203,2025-06-05 21:17:10,105.0,27.7,21.2,24.4,1.92,0,105
0.689,20.006,0.287,89.21,1.138,2025-06-05 21:17:10,105.0,27.7,21.2,24.4,1.92,0,105
0.718,20.009,0.459,89.183,1.222,2025-06-05 21:17:10,105.0,27.7,21.2,24.4,1.92,0,105
0.684,19.993,0.396,88.869,1.154,2025-06-05 21:17:10,105.0,27.7,21.2,24.4,1.92,0,105
0.728,20.043,0.399,89.03,1.16,2025-06-05 21:17:10,105.0,27.7,21.2,24.4,1.92,0,105
0.75,20.053,0.385,89.364,1.153,2025-06-05 21:17:10,105.0,27.7,21.2,24.4,1.92,0,105
0.685,20.059,0.364,89.188,1.107,2025-06-06 14:57:11,106.0,29.8,22.7,27.02,2.24,0,106
0.714,20.018,0.444,88.936,1.169,2025-06-06 14:57:11,106.0,29.8,22.7,27.02,2.24,0,106
0.7,20.078,0.385,89.116,1.134,2025-06-06 14:57:11,106.0,29.8,22.7,27.02,2.24,0,106
0.734,19.999,0.441,89.267,1.095,2025-06-06 14:57:11,106.0,29.8,22.7,27.02,2.24,0,106
0.729,20.097,0.525,88.979,1.146,2025-06-06 14:57:11,106.0,29.8,22.7,27.02,2.24,0,106
0.711,19.896,0.487,89.23,1.201,2025-06-06 14:57:11,106.0,29.8,22.7,27.02,2.24,0,106
0.676,19.968,0.392,88.74,1.121,2025-06-06 14:57:11,106.0,29.8,22.7,27.02,2.24,0,106
0.692,20.018,0.501,89.153,1.174,2025-06-06 14:57:11,106.0,29.8,22.7,27.02,2.24,0,106
0.704,20.056,0.529,88.85,1.065,2025-06-06 14:57:11,106.0,29.8,22.7,27.02,2.24,0,106
0.686,19.921,0.357,89.223,1.145,2025-06-06 14:57:11,106.0,29.8,22.7,27.02,2.24,0,106
0.698,19.959,0.535,89.263,1.159,2025-06-06 14:57:11,106.0,29.8,22.7,27.02,2.24,0,106
0.719,20.025,0.556,89.23,1.169,2025-06-06 14:57:11,106.0,29.8,22.7,27.02,2.24,0,106
0.681,19.924,0.49,89.017,1.075,2025-06-06 14:57:11,106.0,29.8,22.7,27.02,2.24,0,106
0.739,19.974,0.473,89.03,1.185,2025-06-06 14:57:11,106.0,29.8,22.7,27.02,2.24,0,106
0.7,20.05,0.41,89.265,1.163,2025-06-06 21:07:17,107.0,32.9,23.2,28.25,2.78,0,107
0.696,20.097,0.521,89.248,1.127,2025-06-06 21:07:17,107.0,32.9,23.2,28.25,2.78,0,107
0.708,20.068,0.472,89.184,1.136,2025-06-06 21:07:17,107.0,32.9,23.2,28.25,2.78,0,107
0.701,20.037,0.459,89.065,1.071,2025-06-06 21:07:17,107.0,32.9,23.2,28.25,2.78,0,107
0.697,19.981,0.462,88.885,1.071,2025-06-06 21:07:17,107.0,32.9,23.2,28.25,2.78,0,107
0.678,20.018,0.458,88.887,1.095,2025-06-06 21:07:17,107.0,32.9,23.2,28.25,2.78,0,107
0.704,19.959,0.381,89.06,1.109,2025-06-06 21:07:17,107.0,32.9,23.2,28.25,2.78,0,107
0.707,19.952,0.294,88.935,1.205,2025-06-06 21:07:17,107.0,32.9,23.2,28.25,2.78,0,107
0.706,20.021,0.487,89.078,1.088,2025-06-06 21:07:17,107.0,32.9,23.2,28.25,2.78,0,107
0.711,19.996,0.441,89.165,1.156,2025-06-06 21:07:17,107.0,32.9,23.2,28.25,2.78,0,107
0.697,20.025,0.402,89.041,1.139,2025-06-06 21:07:17,107.0,32.9,23.2,28.25,2.78,0,107
0.701,20.053,0.42,89.058,1.081,2025-06-06 21:07:17,107.0,32.9,23.2,28.25,2.78,0,107
0.693,19.962,0.361,89.049,1.151,2025-06-06 21:07:17,107.0,32.9,23.2,28.25,2.78,0,107
0.71,19.974,0.35,89.132,1.136,2025-06-06 21:07:17,107.0,32.9,23.2,28.25,2.78,0,107
0.727,19.968,0.423,89.249,1.202,2025-06-06 21:07:17,107.0,32.9,23.2,28.25,2.78,0,107
0.683,19.968,0.399,88.981,1.056,2025-06-06 21:07:17,107.0,32.9,23.2,28.25,2.78,0,107
0.69,19.968,0.504,88.904,1.15,2025-06-06 21:07:17,107.0,32.9,23.2,28.25,2.78,0,107
0.718,19.877,0.529,89.006,1.225,2025-06-09 19:38:22,108.0,35.9,21.5,25.86,3.21,0,108
0.717,19.874,0.336,88.824,1.096,2025-06-09 19:38:22,108.0,35.9,21.5,25.86,3.21,0,108
0.717,19.864,0.585,88.836,1.14,2025-06-09 19:38:22,108.0,35.9,21.5,25.86,3.21,0,108
0.683,19.896,0.315,89.109,1.121,2025-06-09 19:38:22,108.0,35.9,21.5,25.86,3.21,0,108
0.719,19.839,0.427,89.015,1.149,2025-06-09 19:38:22,108.0,35.9,21.5,25.86,3.21,0,108
0.666,19.877,0.434,88.911,1.071,2025-06-09 19:38:22,108.0,35.9,21.5,25.86,3.21,0,108
0.697,19.899,0.438,89.395,1.14,2025-06-09 19:38:22,108.0,35.9,21.5,25.86,3.21,0,108
0.727,19.874,0.381,88.831,1.137,2025-06-09 19:38:22,108.0,35.9,21.5,25.86,3.21,0,108
0.72,19.905,0.399,89.057,1.181,2025-06-09 19:38:22,108.0,35.9,21.5,25.86,3.21,0,108
0.679,20.028,0.532,88.779,1.099,2025-06-09 19:38:22,108.0,35.9,21.5,25.86,3.21,0,108
0.684,19.883,0.347,89.084,1.068,2025-06-09 19:38:22,108.0,35.9,21.5,25.86,3.21,0,108
0.697,20.006,0.34,88.903,1.12,2025-06-09 19:38:22,108.0,35.9,21.5,25.86,3.21,0,108
0.703,19.871,0.35,88.829,1.122,2025-06-09 19:38:22,108.0,35.9,21.5,25.86,3.21,0,108
0.69,19.889,0.406,88.989,1.154,2025-06-09 19:38:22,108.0,35.9,21.5,25.86,3.21,0,108
0.671,19.786,0.469,88.887,1.08,2025-06-09 19:38:22,108.0,35.9,21.5,25.86,3.21,0,108
0.714,19.798,0.364,88.89,1.157,2025-06-09 19:48:23,109.0,30.7,22.0,26.27,2.5,0,109
0.711,19.836,0.427,89.092,1.159,2025-06-09 19:48:23,109.0,30.7,22.0,26.27,2.5,0,109
0.727,19.893,0.35,89.115,1.179,2025-06-09 19:48:23,109.0,30.7,22.0,26.27,2.5,0,109
0.701,19.82,0.423,88.946,1.147,2025-06-09 19:48:23,109.0,30.7,22.0,26.27,2.5,0,109
0.768,20.059,0.367,88.968,1.177,2025-06-09 19:48:23,109.0,30.7,22.0,26.27,2.5,0,109
0.731,19.88,0.409,88.981,1.104,2025-06-09 19:48:23,109.0,30.7,22.0,26.27,2.5,0,109
0.741,19.864,0.308,88.951,1.118,2025-06-09 19:48:23,109.0,30.7,22.0,26.27,2.5,0,109
0.709,20.003,0.511,89.013,1.069,2025-06-09 19:48:23,109.0,30.7,22.0,26.27,2.5,0,109
0.737,19.855,0.458,89.086,1.082,2025-06-09 19:48:23,109.0,30.7,22.0,26.27,2.5,0,109
0.738,19.981,0.357,89.001,1.147,2025-06-09 19:48:23,109.0,30.7,22.0,26.27,2.5,0,109
0.737,19.849,0.319,89.08,1.061,2025-06-09 19:48:23,109.0,30.7,22.0,26.27,2.5,0,109
0.719,19.795,0.452,89.092,1.119,2025-06-09 19:48:23,109.0,30.7,22.0,26.27,2.5,0,109
0.741,19.889,0.42,89.072,1.124,2025-06-09 19:48:23,109.0,30.7,22.0,26.27,2.5,0,109
0.674,19.849,0.333,88.94,1.055,2025-06-09 19:48:23,109.0,30.7,22.0,26.27,2.5,0,109
0.721,19.905,0.452,89.044,1.056,2025-06-10 11:10:08,110.0,84.3,25.3,31.83,12.53,0,110
0.721,19.943,0.48,89.148,1.096,2025-06-10 11:10:08,110.0,84.3,25.3,31.83,12.53,0,110
0.728,19.977,0.441,88.913,1.056,2025-06-10 11:10:08,110.0,84.3,25.3,31.83,12.53,0,110
0.732,20.034,0.336,89.02,1.103,2025-06-10 11:10:08,110.0,84.3,25.3,31.83,12.53,0,110
0.723,20.012,0.438,88.679,1.033,2025-06-10 11:10:08,110.0,84.3,25.3,31.83,12.53,0,110
0.731,19.965,0.539,88.875,1.094,2025-06-10 11:10:08,110.0,84.3,25.3,31.83,12.53,0,110
0.718,19.88,0.448,88.789,1.105,2025-06-10 11:10:08,110.0,84.3,25.3,31.83,12.53,0,110
0.732,19.924,0.511,89.144,1.065,2025-06-10 11:10:08,110.0,84.3,25.3,31.83,12.53,0,110
0.718,19.93,0.511,89.136,1.121,2025-06-10 11:10:08,110.0,84.3,25.3,31.83,12.53,0,110
0.694,19.993,0.616,88.848,1.062,2025-06-10 11:10:08,110.0,84.3,25.3,31.83,12.53,0,110
0.735,19.949,0.48,88.731,1.09,2025-06-10 11:10:08,110.0,84.3,25.3,31.83,12.53,0,110
0.701,19.858,0.375,89.178,1.061,2025-06-10 11:10:08,110.0,84.3,25.3,31.83,12.53,0,110
0.694,19.924,0.389,89.028,1.046,2025-06-10 11:10:08,110.0,84.3,25.3,31.83,12.53,0,110
0.712,20.003,0.458,89.069,1.039,2025-06-10 11:10:08,110.0,84.3,25.3,31.83,12.53,0,110
0.738,19.918,0.472,89.049,1.097,2025-06-10 11:10:08,110.0,84.3,25.3,31.83,12.53,0,110
0.687,19.908,0.455,89.217,1.015,2025-06-10 11:10:08,110.0,84.3,25.3,31.83,12.53,0,110
0.7,20.003,0.486,89.208,1.059,2025-06-10 11:10:08,110.0,84.3,25.3,31.83,12.53,0,110
0.738,19.987,0.346,89.371,1.106,2025-06-10 11:10:08,110.0,84.3,25.3,31.83,12.53,0,110
0.71,19.94,0.49,89.137,1.069,2025-06-10 11:10:08,110.0,84.3,25.3,31.83,12.53,0,110
0.7,20.025,0.444,88.814,1.067,2025-06-10 13:05:11,111.0,84.2,25.5,33.29,12.68,0,111
0.695,20.006,0.29,89.221,1.089,2025-06-10 13:05:11,111.0,84.2,25.5,33.29,12.68,0,111
0.699,19.927,0.483,89.001,1.054,2025-06-10 13:05:11,111.0,84.2,25.5,33.29,12.68,0,111
0.705,19.896,0.346,88.946,1.151,2025-06-10 13:05:11,111.0,84.2,25.5,33.29,12.68,0,111
0.714,20.043,0.507,88.962,1.104,2025-06-10 13:05:11,111.0,84.2,25.5,33.29,12.68,0,111
0.698,19.968,0.396,89.089,1.063,2025-06-10 13:05:11,111.0,84.2,25.5,33.29,12.68,0,111
0.713,20.043,0.434,89.257,1.018,2025-06-10 13:05:11,111.0,84.2,25.5,33.29,12.68,0,111
0.695,20.046,0.497,89.081,1.064,2025-06-10 13:05:11,111.0,84.2,25.5,33.29,12.68,0,111
0.74,20.081,0.535,88.991,1.087,2025-06-10 13:05:11,111.0,84.2,25.5,33.29,12.68,0,111
0.715,19.999,0.357,89.009,1.006,2025-06-10 13:05:11,111.0,84.2,25.5,33.29,12.68,0,111
0.706,19.852,0.396,89.247,1.153,2025-06-10 13:05:11,111.0,84.2,25.5,33.29,12.68,0,111
0.706,19.93,0.343,89.026,1.108,2025-06-10 13:05:11,111.0,84.2,25.5,33.29,12.68,0,111
0.713,20.003,0.406,89.11,1.048,2025-06-10 13:05:11,111.0,84.2,25.5,33.29,12.68,0,111
0.674,19.867,0.5,89.271,1.063,2025-06-10 13:05:11,111.0,84.2,25.5,33.29,12.68,0,111
0.709,19.962,0.441,89.021,1.09,2025-06-10 13:05:11,111.0,84.2,25.5,33.29,12.68,0,111
0.713,19.918,0.49,89.436,1.08,2025-06-10 13:05:11,111.0,84.2,25.5,33.29,12.68,0,111
0.72,19.946,0.378,89.242,1.086,2025-06-10 13:05:11,111.0,84.2,25.5,33.29,12.68,0,111
0.683,19.965,0.487,89.052,1.054,2025-06-10 13:05:11,111.0,84.2,25.5,33.29,12.68,0,111
0.731,19.949,0.535,88.886,1.147,2025-06-10 13:05:11,111.0,84.2,25.5,33.29,12.68,0,111
0.729,19.889,0.371,88.824,1.133,2025-06-10 19:13:28,112.0,33.3,24.8,29.9,2.04,0,112
0.695,19.905,0.473,88.916,1.073,2025-06-10 19:13:28,112.0,33.3,24.8,29.9,2.04,0,112
0.729,19.801,0.357,88.993,1.081,2025-06-10 19:13:28,112.0,33.3,24.8,29.9,2.04,0,112
0.705,19.899,0.458,88.958,1.114,2025-06-10 19:13:28,112.0,33.3,24.8,29.9,2.04,0,112
0.686,19.864,0.388,89.073,1.081,2025-06-10 19:13:28,112.0,33.3,24.8,29.9,2.04,0,112
0.72,19.883,0.385,88.98,1.169,2025-06-10 19:13:28,112.0,33.3,24.8,29.9,2.04,0,112
0.703,19.867,0.389,89.04,1.167,2025-06-10 19:13:28,112.0,33.3,24.8,29.9,2.04,0,112
0.714,19.924,0.567,88.738,1.127,2025-06-10 19:13:28,112.0,33.3,24.8,29.9,2.04,0,112
0.717,19.874,0.473,89.068,1.109,2025-06-10 19:13:28,112.0,33.3,24.8,29.9,2.04,0,112
0.694,19.827,0.542,88.689,1.078,2025-06-10 19:13:28,112.0,33.3,24.8,29.9,2.04,0,112
0.723,19.855,0.487,89.26,1.115,2025-06-10 19:13:28,112.0,33.3,24.8,29.9,2.04,0,112
0.715,19.893,0.563,88.914,1.079,2025-06-10 19:13:28,112.0,33.3,24.8,29.9,2.04,0,112
0.71,19.795,0.455,88.884,1.108,2025-06-10 19:13:28,112.0,33.3,24.8,29.9,2.04,0,112
0.713,19.823,0.361,89.273,1.064,2025-06-10 19:13:28,112.0,33.3,24.8,29.9,2.04,0,112
0.743,19.996,0.409,89.115,1.098,2025-06-10 19:13:28,112.0,33.3,24.8,29.9,2.04,0,112
0.697,19.924,0.329,89.06,1.097,2025-06-10 19:13:28,112.0,33.3,24.8,29.9,2.04,0,112
0.703,19.83,0.336,88.721,1.133,2025-06-10 19:13:28,112.0,33.3,24.8,29.9,2.04,0,112
0.71,19.874,0.406,88.992,1.117,2025-06-10 19:13:28,112.0,33.3,24.8,29.9,2.04,0,112
0.721,19.849,0.448,88.766,1.119,2025-06-10 19:13:28,112.0,33.3,24.8,29.9,2.04,0,112
0.724,19.814,0.515,88.969,1.102,2025-06-10 19:13:28,112.0,33.3,24.8,29.9,2.04,0,112
0.733,20.018,0.318,88.796,1.102,2025-06-10 21:18:29,113.0,33.2,23.5,28.23,2.59,0,113
0.734,20.056,0.521,88.98,1.101,2025-06-10 21:18:29,113.0,33.2,23.5,28.23,2.59,0,113
0.741,20.009,0.392,89.106,1.093,2025-06-10 21:18:29,113.0,33.2,23.5,28.23,2.59,0,113
0.703,20.084,0.581,88.889,1.057,2025-06-10 21:18:29,113.0,33.2,23.5,28.23,2.59,0,113
0.71,19.962,0.445,88.797,1.144,2025-06-10 21:18:29,113.0,33.2,23.5,28.23,2.59,0,113
0.705,19.968,0.381,88.681,1.083,2025-06-10 21:18:29,113.0,33.2,23.5,28.23,2.59,0,113
0.716,19.955,0.409,89.259,1.081,2025-06-10 21:18:29,113.0,33.2,23.5,28.23,2.59,0,113
0.725,20.037,0.413,89.22,1.094,2025-06-10 21:18:29,113.0,33.2,23.5,28.23,2.59,0,113
0.718,19.952,0.364,89.236,1.114,2025-06-10 21:18:29,113.0,33.2,23.5,28.23,2.59,0,113
0.695,19.993,0.354,89.059,1.015,2025-06-10 21:18:29,113.0,33.2,23.5,28.23,2.59,0,113
0.743,19.99,0.417,88.897,1.178,2025-06-10 21:18:29,113.0,33.2,23.5,28.23,2.59,0,113
0.714,19.949,0.518,89.417,1.085,2025-06-10 21:18:29,113.0,33.2,23.5,28.23,2.59,0,113
0.702,19.955,0.388,88.644,1.073,2025-06-10 21:18:29,113.0,33.2,23.5,28.23,2.59,0,113
0.745,20.068,0.504,88.998,1.098,2025-06-10 21:18:29,113.0,33.2,23.5,28.23,2.59,0,113
0.697,19.949,0.49,88.854,1.105,2025-06-10 21:18:29,113.0,33.2,23.5,28.23,2.59,0,113
0.73,19.959,0.5,88.883,1.117,2025-06-10 21:18:29,113.0,33.2,23.5,28.23,2.59,0,113
0.703,19.943,0.396,88.736,1.042,2025-06-10 21:18:29,113.0,33.2,23.5,28.23,2.59,0,113
0.696,19.987,0.441,88.934,1.07,2025-06-10 21:18:29,113.0,33.2,23.5,28.23,2.59,0,113
0.691,19.93,0.361,88.921,1.025,2025-06-10 21:18:29,113.0,33.2,23.5,28.23,2.59,0,113
0.716,19.952,0.483,89.105,1.092,2025-06-10 21:18:29,113.0,33.2,23.5,28.23,2.59,0,113
0.72,19.783,0.546,88.917,1.101,2025-06-11 10:31:30,114.0,35.8,26.4,29.92,2.32,0,114
0.709,19.864,0.424,89.082,1.065,2025-06-11 10:31:30,114.0,35.8,26.4,29.92,2.32,0,114
0.742,19.899,0.469,89.276,1.069,2025-06-11 10:31:30,114.0,35.8,26.4,29.92,2.32,0,114
0.718,19.842,0.423,88.849,1.111,2025-06-11 10:31:30,114.0,35.8,26.4,29.92,2.32,0,114
0.739,19.899,0.378,88.921,1.197,2025-06-11 10:31:30,114.0,35.8,26.4,29.92,2.32,0,114
0.699,19.805,0.469,89.279,1.066,2025-06-11 10:31:30,114.0,35.8,26.4,29.92,2.32,0,114
0.757,19.955,0.381,89.103,1.217,2025-06-11 10:31:30,114.0,35.8,26.4,29.92,2.32,0,114
0.703,19.839,0.427,88.914,1.037,2025-06-11 10:31:30,114.0,35.8,26.4,29.92,2.32,0,114
0.724,19.889,0.43,89.037,1.087,2025-06-11 10:31:30,114.0,35.8,26.4,29.92,2.32,0,114
0.706,19.767,0.434,89.021,1.084,2025-06-11 10:31:30,114.0,35.8,26.4,29.92,2.32,0,114
0.734,19.836,0.466,89.192,1.188,2025-06-11 10:31:30,114.0,35.8,26.4,29.92,2.32,0,114
0.716,19.767,0.465,88.977,1.099,2025-06-11 10:31:30,114.0,35.8,26.4,29.92,2.32,0,114
0.733,19.905,0.374,88.868,1.107,2025-06-11 10:31:30,114.0,35.8,26.4,29.92,2.32,0,114
0.717,19.874,0.567,89.136,1.098,2025-06-11 10:31:30,114.0,35.8,26.4,29.92,2.32,0,114
0.731,19.952,0.473,88.759,1.094,2025-06-11 10:31:30,114.0,35.8,26.4,29.92,2.32,0,114
0.76,19.968,0.434,88.945,1.133,2025-06-11 10:31:30,114.0,35.8,26.4,29.92,2.32,0,114
0.707,19.918,0.423,88.972,1.064,2025-06-11 11:01:32,115.0,33.7,24.0,29.61,2.34,0,115
0.72,19.993,0.507,89.142,1.085,2025-06-11 11:01:32,115.0,33.7,24.0,29.61,2.34,0,115
0.712,19.864,0.469,89.105,1.121,2025-06-11 11:01:32,115.0,33.7,24.0,29.61,2.34,0,115
0.704,19.858,0.431,88.895,1.092,2025-06-11 11:01:32,115.0,33.7,24.0,29.61,2.34,0,115
0.749,19.949,0.55,88.953,1.149,2025-06-11 11:01:32,115.0,33.7,24.0,29.61,2.34,0,115
0.738,19.896,0.402,88.89,1.15,2025-06-11 11:01:32,115.0,33.7,24.0,29.61,2.34,0,115
0.724,19.823,0.476,89.052,1.168,2025-06-11 11:01:32,115.0,33.7,24.0,29.61,2.34,0,115
0.713,19.874,0.465,89.34,1.098,2025-06-11 11:01:32,115.0,33.7,24.0,29.61,2.34,0,115
0.715,19.77,0.431,88.78,1.107,2025-06-11 11:01:32,115.0,33.7,24.0,29.61,2.34,0,115
0.735,19.984,0.364,89.109,1.11,2025-06-11 11:01:32,115.0,33.7,24.0,29.61,2.34,0,115
0.706,19.918,0.458,89.239,1.08,2025-06-11 11:01:32,115.0,33.7,24.0,29.61,2.34,0,115
0.712,19.852,0.423,89.156,1.099,2025-06-11 11:01:32,115.0,33.7,24.0,29.61,2.34,0,115
0.71,19.99,0.417,89.058,1.091,2025-06-11 11:01:32,115.0,33.7,24.0,29.61,2.34,0,115
0.727,19.776,0.455,88.998,1.087,2025-06-11 11:01:32,115.0,33.7,24.0,29.61,2.34,0,115
0.708,19.783,0.41,88.897,1.103,2025-06-11 11:01:32,115.0,33.7,24.0,29.61,2.34,0,115
0.71,19.842,0.521,89.263,1.103,2025-06-11 11:01:32,115.0,33.7,24.0,29.61,2.34,0,115
0.718,19.845,0.413,89.033,1.111,2025-06-11 11:01:32,115.0,33.7,24.0,29.61,2.34,0,115
0.739,19.937,0.371,89.072,1.11,2025-06-11 11:01:32,115.0,33.7,24.0,29.61,2.34,0,115
0.71,19.811,0.539,88.852,1.063,2025-06-11 11:01:32,115.0,33.7,24.0,29.61,2.34,0,115
0.724,19.977,0.452,88.982,1.113,2025-06-11 20:06:46,116.0,35.5,23.7,29.62,2.41,0,116
0.699,19.886,0.542,88.947,1.036,2025-06-11 20:06:46,116.0,35.5,23.7,29.62,2.41,0,116
0.685,19.855,0.536,88.906,1.045,2025-06-11 20:06:46,116.0,35.5,23.7,29.62,2.41,0,116
0.705,19.959,0.497,89.179,1.07,2025-06-11 20:06:46,116.0,35.5,23.7,29.62,2.41,0,116
0.718,19.893,0.56,89.087,1.06,2025-06-11 20:06:46,116.0,35.5,23.7,29.62,2.41,0,116
0.727,19.924,0.494,88.988,1.121,2025-06-11 20:06:46,116.0,35.5,23.7,29.62,2.41,0,116
0.707,19.836,0.543,89.147,1.039,2025-06-11 20:06:46,116.0,35.5,23.7,29.62,2.41,0,116
0.707,20.009,0.322,89.117,1.105,2025-06-11 20:06:46,116.0,35.5,23.7,29.62,2.41,0,116
0.711,20.043,0.322,89.306,1.07,2025-06-11 20:06:46,116.0,35.5,23.7,29.62,2.41,0,116
0.721,19.977,0.396,88.97,1.099,2025-06-11 20:06:46,116.0,35.5,23.7,29.62,2.41,0,116
0.681,19.893,0.329,88.863,0.962,2025-06-11 20:06:46,116.0,35.5,23.7,29.62,2.41,0,116
0.71,19.921,0.417,88.766,1.121,2025-06-11 20:06:46,116.0,35.5,23.7,29.62,2.41,0,116
0.736,19.996,0.63,89.04,1.143,2025-06-11 20:06:46,116.0,35.5,23.7,29.62,2.41,0,116
0.704,19.952,0.465,88.834,1.039,2025-06-11 20:06:46,116.0,35.5,23.7,29.62,2.41,0,116
0.702,19.823,0.462,89.318,1.13,2025-06-11 20:06:46,116.0,35.5,23.7,29.62,2.41,0,116
0.712,19.921,0.357,89.035,1.068,2025-06-11 20:06:46,116.0,35.5,23.7,29.62,2.41,0,116
0.689,19.893,0.532,88.826,1.045,2025-06-11 20:06:46,116.0,35.5,23.7,29.62,2.41,0,116
0.725,19.845,0.378,88.93,1.154,2025-06-11 20:06:46,116.0,35.5,23.7,29.62,2.41,0,116
0.706,19.93,0.515,88.817,1.098,2025-06-11 20:06:46,116.0,35.5,23.7,29.62,2.41,0,116
0.741,20.119,0.403,88.972,1.09,2025-06-11 21:21:47,117.0,34.4,23.3,29.45,2.87,0,117
0.73,19.987,0.602,89.145,1.111,2025-06-11 21:21:47,117.0,34.4,23.3,29.45,2.87,0,117
0.708,19.933,0.427,88.841,1.05,2025-06-11 21:21:47,117.0,34.4,23.3,29.45,2.87,0,117
0.715,19.933,0.427,89.053,1.052,2025-06-11 21:21:47,117.0,34.4,23.3,29.45,2.87,0,117
0.727,19.999,0.41,88.921,1.153,2025-06-11 21:21:47,117.0,34.4,23.3,29.45,2.87,0,117
0.679,19.915,0.623,88.92,1.029,2025-06-11 21:21:47,117.0,34.4,23.3,29.45,2.87,0,117
0.712,20.003,0.42,88.985,1.127,2025-06-11 21:21:47,117.0,34.4,23.3,29.45,2.87,0,117
0.715,19.937,0.476,89.5,1.115,2025-06-11 21:21:47,117.0,34.4,23.3,29.45,2.87,0,117
0.711,19.902,0.469,89.071,1.05,2025-06-11 21:21:47,117.0,34.4,23.3,29.45,2.87,0,117
0.73,19.977,0.469,89.023,1.11,2025-06-11 21:21:47,117.0,34.4,23.3,29.45,2.87,0,117
0.723,19.999,0.458,89.274,1.107,2025-06-11 21:21:47,117.0,34.4,23.3,29.45,2.87,0,117
0.723,19.977,0.367,88.893,1.102,2025-06-11 21:21:47,117.0,34.4,23.3,29.45,2.87,0,117
0.696,19.849,0.417,89.004,1.097,2025-06-11 21:21:47,117.0,34.4,23.3,29.45,2.87,0,117
0.691,19.911,0.42,88.844,1.03,2025-06-11 21:21:47,117.0,34.4,23.3,29.45,2.87,0,117
0.702,19.924,0.392,88.771,1.094,2025-06-11 21:21:47,117.0,34.4,23.3,29.45,2.87,0,117
0.732,19.943,0.357,88.931,0.999,2025-06-11 21:21:47,117.0,34.4,23.3,29.45,2.87,0,117
0.728,20.05,0.441,89.113,1.064,2025-06-11 21:21:47,117.0,34.4,23.3,29.45,2.87,0,117
0.712,20.094,0.438,89.013,1.033,2025-06-12 21:14:18,118.0,33.9,24.6,29.56,2.54,0,118
0.72,20.065,0.595,89.237,1.032,2025-06-12 21:14:18,118.0,33.9,24.6,29.56,2.54,0,118
0.727,19.952,0.515,89.259,1.141,2025-06-12 21:14:18,118.0,33.9,24.6,29.56,2.54,0,118
0.72,20.012,0.49,88.851,1.082,2025-06-12 21:14:18,118.0,33.9,24.6,29.56,2.54,0,118
0.695,19.911,0.487,88.606,1.086,2025-06-12 21:14:18,118.0,33.9,24.6,29.56,2.54,0,118
0.712,19.852,0.445,88.805,1.158,2025-06-12 21:14:18,118.0,33.9,24.6,29.56,2.54,0,118
0.713,20.018,0.41,88.779,1.061,2025-06-12 21:14:18,118.0,33.9,24.6,29.56,2.54,0,118
0.715,19.971,0.473,89.141,1.078,2025-06-12 21:14:18,118.0,33.9,24.6,29.56,2.54,0,118
0.706,20.075,0.521,88.987,1.089,2025-06-12 21:14:18,118.0,33.9,24.6,29.56,2.54,0,118
0.745,20.094,0.406,88.863,1.103,2025-06-12 21:14:18,118.0,33.9,24.6,29.56,2.54,0,118
0.72,19.971,0.476,88.832,1.037,2025-06-12 21:14:18,118.0,33.9,24.6,29.56,2.54,0,118
0.688,19.918,0.444,88.717,1.028,2025-06-12 21:14:18,118.0,33.9,24.6,29.56,2.54,0,118
0.711,19.993,0.385,88.949,1.111,2025-06-12 21:14:18,118.0,33.9,24.6,29.56,2.54,0,118
0.708,19.93,0.452,88.567,1.067,2025-06-12 21:14:18,118.0,33.9,24.6,29.56,2.54,0,118
0.717,19.943,0.452,88.637,1.062,2025-06-12 21:14:18,118.0,33.9,24.6,29.56,2.54,0,118
0.692,19.861,0.571,88.787,1.059,2025-06-12 21:14:18,118.0,33.9,24.6,29.56,2.54,0,118
0.699,19.93,0.473,88.764,1.078,2025-06-12 21:14:18,118.0,33.9,24.6,29.56,2.54,0,118
0.717,20.012,0.539,88.986,1.067,2025-06-12 21:14:18,118.0,33.9,24.6,29.56,2.54,0,118
0.709,19.889,0.578,88.906,1.067,2025-06-12 21:14:18,118.0,33.9,24.6,29.56,2.54,0,118
0.705,19.905,0.399,88.968,1.135,2025-06-12 21:14:18,118.0,33.9,24.6,29.56,2.54,0,118
0.707,19.933,0.392,88.725,1.094,2025-06-13 12:51:41,119.0,32.0,22.1,26.74,2.52,0,119
0.712,20.015,0.48,88.909,1.079,2025-06-13 12:51:41,119.0,32.0,22.1,26.74,2.52,0,119
0.693,19.968,0.434,88.971,1.099,2025-06-13 12:51:41,119.0,32.0,22.1,26.74,2.52,0,119
0.715,20.04,0.462,88.769,1.03,2025-06-13 12:51:41,119.0,32.0,22.1,26.74,2.52,0,119
0.723,20.056,0.455,89.061,1.106,2025-06-13 12:51:41,119.0,32.0,22.1,26.74,2.52,0,119
0.698,19.974,0.277,88.707,1.023,2025-06-13 12:51:41,119.0,32.0,22.1,26.74,2.52,0,119
0.699,20.056,0.319,88.846,1.099,2025-06-13 12:51:41,119.0,32.0,22.1,26.74,2.52,0,119
0.692,19.987,0.402,88.669,1.107,2025-06-13 12:51:41,119.0,32.0,22.1,26.74,2.52,0,119
0.714,19.999,0.361,88.832,1.123,2025-06-13 12:51:41,119.0,32.0,22.1,26.74,2.52,0,119
0.734,19.971,0.515,89.13,1.113,2025-06-13 12:51:41,119.0,32.0,22.1,26.74,2.52,0,119
0.715,20.062,0.434,89.206,1.073,2025-06-13 12:51:41,119.0,32.0,22.1,26.74,2.52,0,119
0.707,19.959,0.56,88.883,1.128,2025-06-13 12:51:41,119.0,32.0,22.1,26.74,2.52,0,119
0.678,19.927,0.511,88.739,0.963,2025-06-13 12:51:41,119.0,32.0,22.1,26.74,2.52,0,119
0.707,20.018,0.389,88.713,1.067,2025-06-13 12:51:41,119.0,32.0,22.1,26.74,2.52,0,119
0.698,19.971,0.438,88.766,1.033,2025-06-13 12:51:41,119.0,32.0,22.1,26.74,2.52,0,119
0.721,19.99,0.402,88.636,1.043,2025-06-13 12:51:41,119.0,32.0,22.1,26.74,2.52,0,119
0.715,19.971,0.427,89.144,1.108,2025-06-13 12:51:41,119.0,32.0,22.1,26.74,2.52,0,119
0.737,20.122,0.452,88.978,1.136,2025-06-13 12:51:41,119.0,32.0,22.1,26.74,2.52,0,119
0.708,20.09,0.434,88.891,1.098,2025-06-13 12:51:41,119.0,32.0,22.1,26.74,2.52,0,119
0.71,20.003,0.322,89.126,1.119,2025-06-13 12:51:41,119.0,32.0,22.1,26.74,2.52,0,119
0.735,19.952,0.438,89.083,1.128,2025-06-13 19:26:54,120.0,31.8,25.2,28.16,2.13,0,120
0.705,19.886,0.574,88.691,1.15,2025-06-13 19:26:54,120.0,31.8,25.2,28.16,2.13,0,120
0.704,19.999,0.399,89.071,1.061,2025-06-13 19:26:54,120.0,31.8,25.2,28.16,2.13,0,120
0.736,19.908,0.427,88.812,1.142,2025-06-13 19:26:54,120.0,31.8,25.2,28.16,2.13,0,120
0.722,19.861,0.381,88.888,1.052,2025-06-13 19:26:54,120.0,31.8,25.2,28.16,2.13,0,120
0.741,20.031,0.361,89.326,1.151,2025-06-13 19:26:54,120.0,31.8,25.2,28.16,2.13,0,120
0.706,19.915,0.42,88.913,1.08,2025-06-13 19:26:54,120.0,31.8,25.2,28.16,2.13,0,120
0.709,19.855,0.455,89.019,1.093,2025-06-13 19:26:54,120.0,31.8,25.2,28.16,2.13,0,120
0.715,19.899,0.535,88.771,1.176,2025-06-13 19:26:54,120.0,31.8,25.2,28.16,2.13,0,120
0.741,19.88,0.364,88.95,1.113,2025-06-13 19:26:54,120.0,31.8,25.2,28.16,2.13,0,120
0.697,19.896,0.578,88.848,1.074,2025-06-13 19:26:54,120.0,31.8,25.2,28.16,2.13,0,120
0.714,20.087,0.483,88.732,1.08,2025-06-13 19:26:54,120.0,31.8,25.2,28.16,2.13,0,120
0.709,19.871,0.546,88.673,1.086,2025-06-13 19:26:54,120.0,31.8,25.2,28.16,2.13,0,120
0.708,19.839,0.469,88.756,1.054,2025-06-13 19:26:54,120.0,31.8,25.2,28.16,2.13,0,120
0.706,19.93,0.427,88.884,1.118,2025-06-13 19:26:54,120.0,31.8,25.2,28.16,2.13,0,120
0.712,19.877,0.529,88.783,1.091,2025-06-13 19:26:54,120.0,31.8,25.2,28.16,2.13,0,120
0.716,19.864,0.399,88.964,1.137,2025-06-13 19:26:54,120.0,31.8,25.2,28.16,2.13,0,120
0.727,19.974,0.43,88.722,1.073,2025-06-13 19:26:54,120.0,31.8,25.2,28.16,2.13,0,120
0.714,19.921,0.431,89.005,1.071,2025-06-13 19:26:54,120.0,31.8,25.2,28.16,2.13,0,120
0.733,19.943,0.389,89.002,1.081,2025-06-13 19:26:54,120.0,31.8,25.2,28.16,2.13,0,120
0.723,19.971,0.487,88.976,1.116,2025-06-13 21:01:55,121.0,84.2,24.5,30.96,12.7,0,121
0.752,20.034,0.406,88.971,1.206,2025-06-13 21:01:55,121.0,84.2,24.5,30.96,12.7,0,121
0.74,20.046,0.511,89.088,1.089,2025-06-13 21:01:55,121.0,84.2,24.5,30.96,12.7,0,121
0.714,19.981,0.577,88.954,1.109,2025-06-13 21:01:55,121.0,84.2,24.5,30.96,12.7,0,121
0.725,19.981,0.452,88.85,1.087,2025-06-13 21:01:55,121.0,84.2,24.5,30.96,12.7,0,121
0.729,20.04,0.507,88.904,1.098,2025-06-13 21:01:55,121.0,84.2,24.5,30.96,12.7,0,121
0.706,19.965,0.574,89.128,1.103,2025-06-13 21:01:55,121.0,84.2,24.5,30.96,12.7,0,121
0.713,20.009,0.409,89.281,1.084,2025-06-13 21:01:55,121.0,84.2,24.5,30.96,12.7,0,121
0.741,20.009,0.452,89.288,1.108,2025-06-13 21:01:55,121.0,84.2,24.5,30.96,12.7,0,121
0.7,19.977,0.532,88.947,1.108,2025-06-13 21:01:55,121.0,84.2,24.5,30.96,12.7,0,121
0.701,19.946,0.49,88.833,1.127,2025-06-13 21:01:55,121.0,84.2,24.5,30.96,12.7,0,121
0.731,19.933,0.487,88.86,1.049,2025-06-13 21:01:55,121.0,84.2,24.5,30.96,12.7,0,121
0.711,20.012,0.497,89.066,1.084,2025-06-13 21:01:55,121.0,84.2,24.5,30.96,12.7,0,121
0.732,19.927,0.416,88.799,1.136,2025-06-13 21:01:55,121.0,84.2,24.5,30.96,12.7,0,121
0.701,19.921,0.329,88.755,1.074,2025-06-13 21:01:55,121.0,84.2,24.5,30.96,12.7,0,121
0.714,19.981,0.385,88.915,1.093,2025-06-13 21:01:55,121.0,84.2,24.5,30.96,12.7,0,121
0.719,19.971,0.504,88.931,1.127,2025-06-13 21:01:55,121.0,84.2,24.5,30.96,12.7,0,121
0.728,20.043,0.396,89.025,1.096,2025-06-13 21:01:55,121.0,84.2,24.5,30.96,12.7,0,121
0.737,19.984,0.529,89.08,1.14,2025-06-13 21:01:55,121.0,84.2,24.5,30.96,12.7,0,121
0.69,19.918,0.452,89.032,1.137,2025-06-16 20:05:08,122.0,29.4,23.0,26.9,1.72,0,122
0.689,19.896,0.371,88.579,1.115,2025-06-16 20:05:08,122.0,29.4,23.0,26.9,1.72,0,122
0.674,19.896,0.539,88.968,1.052,2025-06-16 20:05:08,122.0,29.4,23.0,26.9,1.72,0,122
0.687,19.94,0.406,88.904,1.015,2025-06-16 20:05:08,122.0,29.4,23.0,26.9,1.72,0,122
0.736,19.911,0.42,88.753,1.181,2025-06-16 20:05:08,122.0,29.4,23.0,26.9,1.72,0,122
0.685,19.949,0.487,88.7,1.12,2025-06-16 20:05:08,122.0,29.4,23.0,26.9,1.72,0,122
0.727,20.046,0.361,89.092,1.099,2025-06-16 20:05:08,122.0,29.4,23.0,26.9,1.72,0,122
0.689,19.896,0.455,89.034,1.099,2025-06-16 20:05:08,122.0,29.4,23.0,26.9,1.72,0,122
0.697,19.952,0.476,88.757,1.148,2025-06-16 20:05:08,122.0,29.4,23.0,26.9,1.72,0,122
0.674,19.952,0.343,89.005,1.116,2025-06-16 20:05:08,122.0,29.4,23.0,26.9,1.72,0,122
0.703,19.965,0.417,88.819,1.056,2025-06-16 20:05:08,122.0,29.4,23.0,26.9,1.72,0,122
0.716,19.987,0.479,89.024,1.135,2025-06-16 20:05:08,122.0,29.4,23.0,26.9,1.72,0,122
0.685,19.823,0.402,88.782,1.134,2025-06-16 20:05:08,122.0,29.4,23.0,26.9,1.72,0,122
0.695,19.874,0.458,89.0,1.129,2025-06-16 20:05:08,122.0,29.4,23.0,26.9,1.72,0,122
0.686,19.874,0.672,88.988,1.057,2025-06-16 20:05:08,122.0,29.4,23.0,26.9,1.72,0,122
0.734,19.999,0.381,89.184,1.118,2025-06-16 20:05:08,122.0,29.4,23.0,26.9,1.72,0,122
0.677,19.899,0.515,88.972,1.074,2025-06-16 20:05:08,122.0,29.4,23.0,26.9,1.72,0,122
0.707,19.946,0.504,88.659,1.087,2025-06-16 20:05:08,122.0,29.4,23.0,26.9,1.72,0,122
0.694,19.883,0.455,88.872,1.069,2025-06-17 10:44:58,123.0,29.7,22.2,26.24,2.26,0,123
0.702,19.899,0.445,88.854,1.138,2025-06-17 10:44:58,123.0,29.7,22.2,26.24,2.26,0,123
0.721,19.833,0.346,89.04,1.032,2025-06-17 10:44:58,123.0,29.7,22.2,26.24,2.26,0,123
0.701,19.893,0.518,88.961,1.112,2025-06-17 10:44:58,123.0,29.7,22.2,26.24,2.26,0,123
0.719,19.883,0.434,89.058,1.097,2025-06-17 10:44:58,123.0,29.7,22.2,26.24,2.26,0,123
0.715,19.883,0.396,88.852,1.124,2025-06-17 10:44:58,123.0,29.7,22.2,26.24,2.26,0,123
0.724,19.905,0.399,89.031,1.13,2025-06-17 10:44:58,123.0,29.7,22.2,26.24,2.26,0,123
0.709,19.82,0.374,89.112,1.131,2025-06-17 10:44:58,123.0,29.7,22.2,26.24,2.26,0,123
0.721,19.801,0.399,89.129,1.119,2025-06-17 10:44:58,123.0,29.7,22.2,26.24,2.26,0,123
0.728,19.817,0.535,88.921,1.206,2025-06-17 10:44:58,123.0,29.7,22.2,26.24,2.26,0,123
0.717,19.805,0.448,89.035,1.174,2025-06-17 10:44:58,123.0,29.7,22.2,26.24,2.26,0,123
0.719,19.955,0.455,88.946,1.167,2025-06-17 10:44:58,123.0,29.7,22.2,26.24,2.26,0,123
0.698,19.811,0.49,88.796,1.088,2025-06-17 10:44:58,123.0,29.7,22.2,26.24,2.26,0,123
0.734,19.823,0.346,89.203,1.115,2025-06-17 10:44:58,123.0,29.7,22.2,26.24,2.26,0,123
0.681,19.808,0.525,88.908,1.057,2025-06-17 10:44:58,123.0,29.7,22.2,26.24,2.26,0,123
0.714,19.852,0.399,88.827,1.103,2025-06-17 10:44:58,123.0,29.7,22.2,26.24,2.26,0,123
0.735,19.93,0.406,88.98,1.185,2025-06-17 10:44:58,123.0,29.7,22.2,26.24,2.26,0,123
0.694,19.811,0.385,88.962,1.044,2025-06-17 10:44:58,123.0,29.7,22.2,26.24,2.26,0,123
0.733,19.839,0.343,88.909,1.115,2025-06-17 10:44:58,123.0,29.7,22.2,26.24,2.26,0,123
0.714,19.836,0.406,88.69,1.105,2025-06-17 10:44:58,123.0,29.7,22.2,26.24,2.26,0,123
0.714,19.871,0.403,88.725,1.132,2025-06-17 12:50:00,124.0,84.8,23.6,29.92,13.18,0,124
0.702,19.959,0.501,89.077,1.176,2025-06-17 12:50:00,124.0,84.8,23.6,29.92,13.18,0,124
0.709,19.984,0.515,89.024,1.156,2025-06-17 12:50:00,124.0,84.8,23.6,29.92,13.18,0,124
0.693,19.949,0.441,88.889,1.11,2025-06-17 12:50:00,124.0,84.8,23.6,29.92,13.18,0,124
0.721,19.852,0.438,88.936,1.173,2025-06-17 12:50:00,124.0,84.8,23.6,29.92,13.18,0,124
0.69,19.871,0.444,88.703,1.039,2025-06-17 12:50:00,124.0,84.8,23.6,29.92,13.18,0,124
0.714,19.955,0.479,88.95,1.099,2025-06-17 12:50:00,124.0,84.8,23.6,29.92,13.18,0,124
0.701,19.827,0.311,88.921,1.107,2025-06-17 12:50:00,124.0,84.8,23.6,29.92,13.18,0,124
0.717,19.783,0.5,88.967,1.132,2025-06-17 12:50:00,124.0,84.8,23.6,29.92,13.18,0,124
0.702,19.82,0.452,89.03,1.092,2025-06-17 12:50:00,124.0,84.8,23.6,29.92,13.18,0,124
0.728,19.908,0.462,88.876,1.063,2025-06-17 12:50:00,124.0,84.8,23.6,29.92,13.18,0,124
0.713,19.88,0.455,89.117,1.091,2025-06-17 12:50:00,124.0,84.8,23.6,29.92,13.18,0,124
0.699,19.814,0.479,89.172,1.105,2025-06-17 12:50:00,124.0,84.8,23.6,29.92,13.18,0,124
0.726,19.893,0.406,88.97,1.144,2025-06-17 12:50:00,124.0,84.8,23.6,29.92,13.18,0,124
0.696,19.905,0.466,89.179,1.113,2025-06-17 12:50:00,124.0,84.8,23.6,29.92,13.18,0,124
0.684,19.864,0.413,89.076,1.046,2025-06-17 12:50:00,124.0,84.8,23.6,29.92,13.18,0,124
0.711,19.905,0.452,88.965,1.096,2025-06-17 12:50:00,124.0,84.8,23.6,29.92,13.18,0,124
0.714,19.833,0.301,88.904,1.084,2025-06-17 12:50:00,124.0,84.8,23.6,29.92,13.18,0,124
0.705,19.886,0.49,89.127,1.129,2025-06-17 21:20:11,125.0,41.5,24.1,28.12,3.6,0,125
0.702,19.943,0.501,88.788,1.095,2025-06-17 21:20:11,125.0,41.5,24.1,28.12,3.6,0,125
0.704,19.905,0.241,88.827,1.028,2025-06-17 21:20:11,125.0,41.5,24.1,28.12,3.6,0,125
0.723,19.952,0.508,89.027,1.116,2025-06-17 21:20:11,125.0,41.5,24.1,28.12,3.6,0,125
0.694,19.937,0.55,88.908,1.099,2025-06-17 21:20:11,125.0,41.5,24.1,28.12,3.6,0,125
0.739,19.918,0.41,89.053,1.203,2025-06-17 21:20:11,125.0,41.5,24.1,28.12,3.6,0,125
0.708,19.88,0.438,89.031,1.089,2025-06-17 21:20:11,125.0,41.5,24.1,28.12,3.6,0,125
0.718,19.93,0.423,88.921,1.089,2025-06-17 21:20:11,125.0,41.5,24.1,28.12,3.6,0,125
0.722,19.883,0.458,88.739,1.126,2025-06-17 21:20:11,125.0,41.5,24.1,28.12,3.6,0,125
0.698,19.984,0.388,89.023,1.115,2025-06-17 21:20:11,125.0,41.5,24.1,28.12,3.6,0,125
0.705,19.817,0.399,88.938,1.066,2025-06-17 21:20:11,125.0,41.5,24.1,28.12,3.6,0,125
0.717,19.893,0.466,89.137,1.118,2025-06-17 21:20:11,125.0,41.5,24.1,28.12,3.6,0,125
0.715,19.927,0.469,89.036,1.226,2025-06-17 21:20:11,125.0,41.5,24.1,28.12,3.6,0,125
0.72,19.874,0.532,89.148,1.188,2025-06-17 21:20:11,125.0,41.5,24.1,28.12,3.6,0,125
0.705,19.952,0.577,88.835,1.064,2025-06-17 21:20:11,125.0,41.5,24.1,28.12,3.6,0,125
0.714,19.899,0.385,89.067,1.104,2025-06-17 21:20:11,125.0,41.5,24.1,28.12,3.6,0,125
0.695,19.871,0.521,88.841,1.059,2025-06-17 21:20:11,125.0,41.5,24.1,28.12,3.6,0,125
0.718,19.996,0.417,89.024,1.199,2025-06-17 21:20:11,125.0,41.5,24.1,28.12,3.6,0,125
0.717,19.921,0.508,88.964,0.994,2025-06-17 21:20:11,125.0,41.5,24.1,28.12,3.6,0,125
0.733,19.977,0.479,88.926,1.107,2025-06-17 21:20:11,125.0,41.5,24.1,28.12,3.6,0,125
0.708,19.905,0.529,88.867,1.082,2025-06-18 10:45:52,126.0,36.1,24.1,27.68,2.61,0,126
0.718,19.823,0.508,89.241,1.187,2025-06-18 10:45:52,126.0,36.1,24.1,27.68,2.61,0,126
0.712,19.808,0.455,88.874,1.147,2025-06-18 10:45:52,126.0,36.1,24.1,27.68,2.61,0,126
0.695,19.845,0.487,89.04,1.093,2025-06-18 10:45:52,126.0,36.1,24.1,27.68,2.61,0,126
0.702,19.889,0.486,89.012,1.116,2025-06-18 10:45:52,126.0,36.1,24.1,27.68,2.61,0,126
0.704,19.886,0.462,88.729,1.064,2025-06-18 10:45:52,126.0,36.1,24.1,27.68,2.61,0,126
0.691,19.842,0.567,88.93,1.094,2025-06-18 10:45:52,126.0,36.1,24.1,27.68,2.61,0,126
0.708,19.908,0.343,88.955,1.115,2025-06-18 10:45:52,126.0,36.1,24.1,27.68,2.61,0,126
0.71,19.83,0.42,89.164,1.179,2025-06-18 10:45:52,126.0,36.1,24.1,27.68,2.61,0,126
0.685,19.789,0.42,89.032,1.104,2025-06-18 10:45:52,126.0,36.1,24.1,27.68,2.61,0,126
0.705,19.827,0.571,88.927,1.095,2025-06-18 10:45:52,126.0,36.1,24.1,27.68,2.61,0,126
0.719,19.905,0.483,89.149,1.13,2025-06-18 10:45:52,126.0,36.1,24.1,27.68,2.61,0,126
0.719,19.896,0.476,89.106,1.132,2025-06-18 10:45:52,126.0,36.1,24.1,27.68,2.61,0,126
0.696,19.795,0.55,88.953,1.026,2025-06-18 10:45:52,126.0,36.1,24.1,27.68,2.61,0,126
0.681,19.858,0.462,88.836,1.094,2025-06-18 10:45:52,126.0,36.1,24.1,27.68,2.61,0,126
0.722,19.833,0.367,89.137,1.077,2025-06-18 10:45:52,126.0,36.1,24.1,27.68,2.61,0,126
0.69,19.877,0.479,89.3,1.067,2025-06-18 10:45:52,126.0,36.1,24.1,27.68,2.61,0,126
0.718,19.855,0.49,88.845,1.128,2025-06-18 10:45:52,126.0,36.1,24.1,27.68,2.61,0,126
0.727,19.962,0.507,88.982,1.15,2025-06-18 13:00:55,127.0,45.6,24.6,28.81,4.36,0,127
0.677,19.864,0.42,89.004,1.051,2025-06-18 13:00:55,127.0,45.6,24.6,28.81,4.36,0,127
0.715,19.833,0.378,89.099,1.105,2025-06-18 13:00:55,127.0,45.6,24.6,28.81,4.36,0,127
0.724,19.93,0.413,88.894,1.134,2025-06-18 13:00:55,127.0,45.6,24.6,28.81,4.36,0,127
0.698,19.902,0.402,89.234,1.121,2025-06-18 13:00:55,127.0,45.6,24.6,28.81,4.36,0,127
0.725,19.842,0.511,89.13,1.065,2025-06-18 13:00:55,127.0,45.6,24.6,28.81,4.36,0,127
0.718,19.924,0.479,88.828,1.144,2025-06-18 13:00:55,127.0,45.6,24.6,28.81,4.36,0,127
0.718,19.933,0.511,88.944,1.083,2025-06-18 13:00:55,127.0,45.6,24.6,28.81,4.36,0,127
0.729,19.94,0.473,88.985,1.176,2025-06-18 13:00:55,127.0,45.6,24.6,28.81,4.36,0,127
0.724,19.908,0.511,89.227,1.104,2025-06-18 13:00:55,127.0,45.6,24.6,28.81,4.36,0,127
0.729,19.864,0.546,88.868,1.109,2025-06-18 13:00:55,127.0,45.6,24.6,28.81,4.36,0,127
0.713,19.899,0.511,88.876,1.124,2025-06-18 13:00:55,127.0,45.6,24.6,28.81,4.36,0,127
0.712,19.889,0.497,88.87,1.095,2025-06-18 13:00:55,127.0,45.6,24.6,28.81,4.36,0,127
0.737,19.886,0.521,89.118,1.21,2025-06-18 13:00:55,127.0,45.6,24.6,28.81,4.36,0,127
0.725,19.886,0.48,89.07,1.107,2025-06-18 13:00:55,127.0,45.6,24.6,28.81,4.36,0,127
0.721,19.861,0.259,89.11,1.146,2025-06-18 13:00:55,127.0,45.6,24.6,28.81,4.36,0,127
0.731,19.899,0.347,88.924,1.186,2025-06-18 13:00:55,127.0,45.6,24.6,28.81,4.36,0,127
0.701,19.874,0.49,88.952,0.999,2025-06-18 13:00:55,127.0,45.6,24.6,28.81,4.36,0,127
0.742,19.996,0.427,89.003,1.105,2025-06-18 13:00:55,127.0,45.6,24.6,28.81,4.36,0,127
0.738,19.943,0.515,89.139,1.127,2025-06-18 13:00:55,127.0,45.6,24.6,28.81,4.36,0,127
0.718,19.798,0.396,88.886,1.155,2025-06-18 19:51:05,128.0,29.8,23.3,26.64,2.02,0,128
0.686,19.889,0.385,88.928,1.097,2025-06-18 19:51:05,128.0,29.8,23.3,26.64,2.02,0,128
0.714,19.855,0.455,88.963,1.181,2025-06-18 19:51:05,128.0,29.8,23.3,26.64,2.02,0,128
0.732,19.933,0.508,88.754,1.171,2025-06-18 19:51:05,128.0,29.8,23.3,26.64,2.02,0,128
0.743,19.849,0.458,88.921,1.216,2025-06-18 19:51:05,128.0,29.8,23.3,26.64,2.02,0,128
0.728,19.933,0.413,88.991,1.166,2025-06-18 19:51:05,128.0,29.8,23.3,26.64,2.02,0,128
0.722,19.905,0.465,89.129,1.162,2025-06-18 19:51:05,128.0,29.8,23.3,26.64,2.02,0,128
0.737,19.899,0.571,88.957,1.132,2025-06-18 19:51:05,128.0,29.8,23.3,26.64,2.02,0,128
0.712,19.949,0.466,89.217,1.126,2025-06-18 19:51:05,128.0,29.8,23.3,26.64,2.02,0,128
0.737,19.952,0.504,88.852,1.186,2025-06-18 19:51:05,128.0,29.8,23.3,26.64,2.02,0,128
0.72,19.921,0.633,88.943,1.203,2025-06-18 19:51:05,128.0,29.8,23.3,26.64,2.02,0,128
0.695,19.911,0.417,88.748,1.162,2025-06-18 19:51:05,128.0,29.8,23.3,26.64,2.02,0,128
0.733,19.852,0.451,89.106,1.174,2025-06-18 19:51:05,128.0,29.8,23.3,26.64,2.02,0,128
0.72,19.808,0.49,88.998,1.095,2025-06-18 19:51:05,128.0,29.8,23.3,26.64,2.02,0,128
0.704,19.915,0.532,88.851,1.148,2025-06-18 19:51:05,128.0,29.8,23.3,26.64,2.02,0,128
0.705,19.855,0.399,89.045,1.186,2025-06-18 19:51:05,128.0,29.8,23.3,26.64,2.02,0,128
0.721,19.899,0.522,88.772,1.079,2025-06-18 19:51:05,128.0,29.8,23.3,26.64,2.02,0,128
0.695,19.789,0.553,88.895,1.098,2025-06-18 19:51:05,128.0,29.8,23.3,26.64,2.02,0,128
0.733,19.924,0.458,88.809,1.163,2025-06-18 19:51:05,128.0,29.8,23.3,26.64,2.02,0,128
0.721,20.006,0.462,89.033,1.125,2025-06-18 21:16:06,129.0,30.9,16.3,25.52,3.08,0,129
0.72,20.012,0.371,88.806,1.104,2025-06-18 21:16:06,129.0,30.9,16.3,25.52,3.08,0,129
0.739,19.877,0.483,88.965,1.174,2025-06-18 21:16:06,129.0,30.9,16.3,25.52,3.08,0,129
0.721,19.877,0.479,89.103,1.218,2025-06-18 21:16:06,129.0,30.9,16.3,25.52,3.08,0,129
0.737,19.849,0.332,88.81,1.194,2025-06-18 21:16:06,129.0,30.9,16.3,25.52,3.08,0,129
0.685,19.918,0.451,89.122,1.107,2025-06-18 21:16:06,129.0,30.9,16.3,25.52,3.08,0,129
0.718,19.883,0.392,89.071,1.103,2025-06-18 21:16:06,129.0,30.9,16.3,25.52,3.08,0,129
0.697,19.918,0.245,88.82,1.086,2025-06-18 21:16:06,129.0,30.9,16.3,25.52,3.08,0,129
0.724,19.933,0.553,89.024,1.187,2025-06-18 21:16:06,129.0,30.9,16.3,25.52,3.08,0,129
0.717,19.915,0.483,88.869,1.085,2025-06-18 21:16:06,129.0,30.9,16.3,25.52,3.08,0,129
0.733,19.874,0.476,88.877,1.173,2025-06-18 21:16:06,129.0,30.9,16.3,25.52,3.08,0,129
0.701,19.893,0.473,88.831,1.113,2025-06-18 21:16:06,129.0,30.9,16.3,25.52,3.08,0,129
0.7,19.874,0.438,88.895,1.101,2025-06-18 21:16:06,129.0,30.9,16.3,25.52,3.08,0,129
0.704,19.93,0.574,88.989,1.05,2025-06-18 21:16:06,129.0,30.9,16.3,25.52,3.08,0,129
0.742,19.999,0.325,88.942,1.168,2025-06-18 21:16:06,129.0,30.9,16.3,25.52,3.08,0,129
0.693,19.814,0.567,89.115,1.096,2025-06-18 21:16:06,129.0,30.9,16.3,25.52,3.08,0,129
0.704,19.905,0.452,89.176,1.047,2025-06-18 21:16:06,129.0,30.9,16.3,25.52,3.08,0,129
0.712,19.952,0.441,88.894,1.056,2025-06-18 21:16:06,129.0,30.9,16.3,25.52,3.08,0,129
0.706,19.877,0.49,88.997,1.029,2025-06-19 10:47:26,130.0,84.8,23.2,32.07,18.07,0,130
0.708,19.889,0.434,89.25,1.129,2025-06-19 10:47:26,130.0,84.8,23.2,32.07,18.07,0,130
0.716,19.949,0.35,88.937,1.067,2025-06-19 10:47:26,130.0,84.8,23.2,32.07,18.07,0,130
0.735,19.94,0.49,89.077,1.132,2025-06-19 10:47:26,130.0,84.8,23.2,32.07,18.07,0,130
0.735,19.996,0.479,88.891,1.125,2025-06-19 10:47:26,130.0,84.8,23.2,32.07,18.07,0,130
0.684,19.814,0.473,89.333,1.076,2025-06-19 10:47:26,130.0,84.8,23.2,32.07,18.07,0,130
0.71,19.968,0.452,88.903,1.061,2025-06-19 10:47:26,130.0,84.8,23.2,32.07,18.07,0,130
0.71,19.855,0.406,89.403,1.147,2025-06-19 10:47:26,130.0,84.8,23.2,32.07,18.07,0,130
0.704,19.861,0.584,89.032,1.153,2025-06-19 10:47:26,130.0,84.8,23.2,32.07,18.07,0,130
0.712,19.962,0.518,88.802,1.067,2025-06-19 10:47:26,130.0,84.8,23.2,32.07,18.07,0,130
0.693,19.949,0.392,89.242,1.084,2025-06-19 10:47:26,130.0,84.8,23.2,32.07,18.07,0,130
0.717,19.858,0.465,88.88,1.125,2025-06-19 10:47:26,130.0,84.8,23.2,32.07,18.07,0,130
0.7,19.893,0.532,88.832,1.07,2025-06-19 10:47:26,130.0,84.8,23.2,32.07,18.07,0,130
0.71,19.82,0.402,89.15,1.177,2025-06-19 10:47:26,130.0,84.8,23.2,32.07,18.07,0,130
0.689,19.839,0.508,89.058,1.114,2025-06-19 10:47:26,130.0,84.8,23.2,32.07,18.07,0,130
0.71,19.933,0.567,89.168,1.061,2025-06-19 10:47:26,130.0,84.8,23.2,32.07,18.07,0,130
0.715,19.861,0.434,89.152,1.142,2025-06-19 10:47:26,130.0,84.8,23.2,32.07,18.07,0,130
0.708,19.943,0.385,89.049,1.121,2025-06-19 13:17:29,131.0,31.3,23.9,26.96,1.88,0,131
0.69,19.952,0.458,88.893,1.081,2025-06-19 13:17:29,131.0,31.3,23.9,26.96,1.88,0,131
0.719,19.943,0.525,88.827,1.097,2025-06-19 13:17:29,131.0,31.3,23.9,26.96,1.88,0,131
0.703,19.974,0.402,89.122,1.155,2025-06-19 13:17:29,131.0,31.3,23.9,26.96,1.88,0,131
0.719,19.852,0.515,89.113,1.13,2025-06-19 13:17:29,131.0,31.3,23.9,26.96,1.88,0,131
0.731,19.959,0.441,88.919,1.142,2025-06-19 13:17:29,131.0,31.3,23.9,26.96,1.88,0,131
0.731,19.959,0.298,88.772,1.124,2025-06-19 13:17:29,131.0,31.3,23.9,26.96,1.88,0,131
0.707,19.949,0.49,88.889,1.127,2025-06-19 13:17:29,131.0,31.3,23.9,26.96,1.88,0,131
0.711,19.921,0.452,89.294,1.1,2025-06-19 13:17:29,131.0,31.3,23.9,26.96,1.88,0,131
0.716,19.943,0.381,88.788,1.186,2025-06-19 13:17:29,131.0,31.3,23.9,26.96,1.88,0,131
0.709,19.871,0.34,88.976,1.114,2025-06-19 13:17:29,131.0,31.3,23.9,26.96,1.88,0,131
0.718,19.933,0.494,89.05,1.183,2025-06-19 13:17:29,131.0,31.3,23.9,26.96,1.88,0,131
0.712,19.946,0.504,89.043,1.152,2025-06-19 13:17:29,131.0,31.3,23.9,26.96,1.88,0,131
0.703,19.974,0.427,88.896,1.157,2025-06-19 13:17:29,131.0,31.3,23.9,26.96,1.88,0,131
0.704,19.845,0.431,89.04,1.089,2025-06-19 13:17:29,131.0,31.3,23.9,26.96,1.88,0,131
0.702,19.921,0.5,88.904,1.119,2025-06-19 13:17:29,131.0,31.3,23.9,26.96,1.88,0,131
0.709,19.905,0.62,89.059,1.145,2025-06-19 13:17:29,131.0,31.3,23.9,26.96,1.88,0,131
0.705,19.849,0.479,89.132,1.129,2025-06-19 13:17:29,131.0,31.3,23.9,26.96,1.88,0,131
0.707,19.943,0.378,89.016,1.065,2025-06-19 13:17:29,131.0,31.3,23.9,26.96,1.88,0,131
0.721,20.015,0.479,88.92,1.127,2025-06-19 13:17:29,131.0,31.3,23.9,26.96,1.88,0,131
0.73,19.927,0.448,88.875,1.125,2025-07-05 20:56:42,132.0,35.4,25.2,29.04,2.45,0,132
0.723,19.987,0.35,88.878,1.12,2025-07-05 20:56:42,132.0,35.4,25.2,29.04,2.45,0,132
0.723,19.943,0.444,88.886,1.118,2025-07-05 20:56:42,132.0,35.4,25.2,29.04,2.45,0,132
0.706,19.883,0.483,88.865,1.048,2025-07-05 20:56:42,132.0,35.4,25.2,29.04,2.45,0,132
0.706,19.902,0.465,89.003,1.161,2025-07-05 20:56:42,132.0,35.4,25.2,29.04,2.45,0,132
0.714,19.996,0.375,88.674,1.103,2025-07-05 20:56:42,132.0,35.4,25.2,29.04,2.45,0,132
0.689,19.861,0.354,88.955,1.042,2025-07-05 20:56:42,132.0,35.4,25.2,29.04,2.45,0,132
0.7,19.858,0.448,88.942,1.095,2025-07-05 20:56:42,132.0,35.4,25.2,29.04,2.45,0,132
0.711,19.987,0.518,88.7,1.164,2025-07-05 20:56:42,132.0,35.4,25.2,29.04,2.45,0,132
0.704,19.864,0.458,88.84,1.104,2025-07-05 20:56:42,132.0,35.4,25.2,29.04,2.45,0,132
0.711,19.867,0.305,88.819,1.139,2025-07-05 20:56:42,132.0,35.4,25.2,29.04,2.45,0,132
0.704,19.852,0.392,88.766,1.054,2025-07-05 20:56:42,132.0,35.4,25.2,29.04,2.45,0,132
0.728,19.99,0.354,89.053,1.123,2025-07-05 20:56:42,132.0,35.4,25.2,29.04,2.45,0,132
0.747,19.946,0.319,88.979,1.128,2025-07-05 20:56:42,132.0,35.4,25.2,29.04,2.45,0,132
0.726,19.792,0.396,89.209,1.102,2025-07-05 20:56:42,132.0,35.4,25.2,29.04,2.45,0,132
0.721,20.006,0.431,88.939,1.097,2025-07-05 20:56:42,132.0,35.4,25.2,29.04,2.45,0,132
0.712,19.93,0.361,88.686,1.116,2025-07-05 20:56:42,132.0,35.4,25.2,29.04,2.45,0,132
0.696,19.739,0.462,88.805,1.072,2025-07-05 20:56:42,132.0,35.4,25.2,29.04,2.45,0,132
0.7,19.823,0.41,88.98,1.028,2025-07-05 20:56:42,132.0,35.4,25.2,29.04,2.45,0,132
0.71,19.971,0.403,88.853,1.077,2025-07-05 20:56:42,132.0,35.4,25.2,29.04,2.45,0,132
0.71,19.776,0.462,88.837,1.066,2025-07-07 13:01:17,133.0,34.9,25.1,28.33,2.46,0,133
0.742,20.09,0.28,88.899,1.075,2025-07-07 13:01:17,133.0,34.9,25.1,28.33,2.46,0,133
0.721,19.993,0.518,88.972,1.057,2025-07-07 13:01:17,133.0,34.9,25.1,28.33,2.46,0,133
0.705,19.839,0.567,88.943,1.097,2025-07-07 13:01:17,133.0,34.9,25.1,28.33,2.46,0,133
0.732,19.933,0.434,88.883,1.118,2025-07-07 13:01:17,133.0,34.9,25.1,28.33,2.46,0,133
0.679,19.77,0.389,88.803,1.024,2025-07-07 13:01:17,133.0,34.9,25.1,28.33,2.46,0,133
0.728,19.905,0.42,88.834,1.066,2025-07-07 13:01:17,133.0,34.9,25.1,28.33,2.46,0,133
0.693,20.003,0.409,88.83,1.083,2025-07-07 13:01:17,133.0,34.9,25.1,28.33,2.46,0,133
0.723,19.855,0.431,88.898,1.109,2025-07-07 13:01:17,133.0,34.9,25.1,28.33,2.46,0,133
0.691,19.871,0.374,89.058,1.069,2025-07-07 13:01:17,133.0,34.9,25.1,28.33,2.46,0,133
0.703,19.974,0.28,88.967,1.061,2025-07-07 13:01:17,133.0,34.9,25.1,28.33,2.46,0,133
0.725,19.924,0.451,88.943,1.107,2025-07-07 13:01:17,133.0,34.9,25.1,28.33,2.46,0,133
0.7,19.877,0.389,88.846,1.043,2025-07-07 13:01:17,133.0,34.9,25.1,28.33,2.46,0,133
0.725,19.889,0.525,88.847,1.071,2025-07-07 13:01:17,133.0,34.9,25.1,28.33,2.46,0,133
0.703,19.877,0.431,89.063,1.042,2025-07-07 13:01:17,133.0,34.9,25.1,28.33,2.46,0,133
0.713,19.855,0.413,89.072,1.072,2025-07-07 13:01:17,133.0,34.9,25.1,28.33,2.46,0,133
0.734,19.927,0.381,88.864,1.109,2025-07-07 13:01:17,133.0,34.9,25.1,28.33,2.46,0,133
0.69,19.94,0.231,88.832,1.034,2025-07-07 13:01:17,133.0,34.9,25.1,28.33,2.46,0,133
0.712,19.893,0.567,88.874,1.135,2025-07-07 13:01:17,133.0,34.9,25.1,28.33,2.46,0,133
0.693,19.871,0.522,88.952,1.049,2025-07-07 13:01:17,133.0,34.9,25.1,28.33,2.46,0,133
0.712,19.814,0.392,88.894,1.089,2025-07-07 13:31:21,134.0,33.3,24.9,29.18,2.52,0,134
0.716,19.987,0.553,88.767,1.043,2025-07-07 13:31:21,134.0,33.3,24.9,29.18,2.52,0,134
0.711,19.933,0.231,88.853,1.054,2025-07-07 13:31:21,134.0,33.3,24.9,29.18,2.52,0,134
0.721,19.864,0.462,88.85,1.094,2025-07-07 13:31:21,134.0,33.3,24.9,29.18,2.52,0,134
0.723,19.955,0.41,89.347,1.147,2025-07-07 13:31:21,134.0,33.3,24.9,29.18,2.52,0,134
0.712,19.833,0.427,88.976,1.051,2025-07-07 13:31:21,134.0,33.3,24.9,29.18,2.52,0,134
0.723,19.943,0.465,88.886,1.133,2025-07-07 13:31:21,134.0,33.3,24.9,29.18,2.52,0,134
0.718,19.968,0.654,89.122,1.101,2025-07-07 13:31:21,134.0,33.3,24.9,29.18,2.52,0,134
0.715,19.974,0.357,88.723,1.055,2025-07-07 13:31:21,134.0,33.3,24.9,29.18,2.52,0,134
0.716,20.009,0.388,88.946,1.128,2025-07-07 13:31:21,134.0,33.3,24.9,29.18,2.52,0,134
0.712,19.861,0.535,88.904,1.126,2025-07-07 13:31:21,134.0,33.3,24.9,29.18,2.52,0,134
0.707,19.877,0.532,89.247,1.079,2025-07-07 13:31:21,134.0,33.3,24.9,29.18,2.52,0,134
0.764,20.025,0.473,88.995,1.148,2025-07-07 13:31:21,134.0,33.3,24.9,29.18,2.52,0,134
0.716,20.012,0.346,89.122,1.106,2025-07-07 13:31:21,134.0,33.3,24.9,29.18,2.52,0,134
0.722,20.012,0.361,88.816,1.084,2025-07-07 13:31:21,134.0,33.3,24.9,29.18,2.52,0,134
0.712,19.962,0.595,89.079,1.053,2025-07-07 13:31:21,134.0,33.3,24.9,29.18,2.52,0,134
0.711,19.959,0.434,88.615,1.085,2025-07-07 13:31:21,134.0,33.3,24.9,29.18,2.52,0,134
0.737,20.05,0.543,89.088,1.098,2025-07-07 13:31:21,134.0,33.3,24.9,29.18,2.52,0,134
0.718,19.861,0.532,88.899,1.069,2025-07-07 13:31:21,134.0,33.3,24.9,29.18,2.52,0,134
0.705,19.905,0.336,88.722,1.065,2025-07-07 13:31:21,134.0,33.3,24.9,29.18,2.52,0,134
0.732,20.053,0.424,88.893,1.025,2025-07-07 19:16:31,135.0,83.8,24.9,31.1,12.55,0,135
0.72,19.987,0.462,88.938,1.108,2025-07-07 19:16:31,135.0,83.8,24.9,31.1,12.55,0,135
0.726,20.025,0.375,88.711,1.158,2025-07-07 19:16:31,135.0,83.8,24.9,31.1,12.55,0,135
0.705,19.977,0.543,88.824,1.061,2025-07-07 19:16:31,135.0,83.8,24.9,31.1,12.55,0,135
0.721,19.911,0.287,88.817,1.034,2025-07-07 19:16:31,135.0,83.8,24.9,31.1,12.55,0,135
0.718,20.031,0.434,88.908,1.186,2025-07-07 19:16:31,135.0,83.8,24.9,31.1,12.55,0,135
0.71,19.93,0.438,88.923,1.055,2025-07-07 19:16:31,135.0,83.8,24.9,31.1,12.55,0,135
0.722,19.974,0.444,88.981,1.045,2025-07-07 19:16:31,135.0,83.8,24.9,31.1,12.55,0,135
0.716,19.99,0.448,88.959,1.072,2025-07-07 19:16:31,135.0,83.8,24.9,31.1,12.55,0,135
0.719,19.974,0.532,88.973,1.05,2025-07-07 19:16:31,135.0,83.8,24.9,31.1,12.55,0,135
0.724,20.062,0.452,88.883,1.062,2025-07-07 19:16:31,135.0,83.8,24.9,31.1,12.55,0,135
0.712,19.915,0.427,88.881,1.108,2025-07-07 19:16:31,135.0,83.8,24.9,31.1,12.55,0,135
0.7,19.911,0.367,88.578,1.05,2025-07-07 19:16:31,135.0,83.8,24.9,31.1,12.55,0,135
0.715,19.974,0.497,88.786,1.084,2025-07-07 19:16:31,135.0,83.8,24.9,31.1,12.55,0,135
0.696,19.952,0.556,88.838,1.056,2025-07-07 19:16:31,135.0,83.8,24.9,31.1,12.55,0,135
0.678,19.867,0.633,88.873,1.037,2025-07-07 19:16:31,135.0,83.8,24.9,31.1,12.55,0,135
0.72,19.977,0.448,88.691,1.048,2025-07-07 19:16:31,135.0,83.8,24.9,31.1,12.55,0,135
0.675,19.858,0.609,88.703,1.038,2025-07-07 19:16:31,135.0,83.8,24.9,31.1,12.55,0,135
0.715,19.987,0.455,88.869,1.078,2025-07-07 21:21:35,136.0,32.5,23.6,28.59,2.53,0,136
0.74,20.078,0.385,89.147,1.123,2025-07-07 21:21:35,136.0,32.5,23.6,28.59,2.53,0,136
0.711,19.927,0.41,88.906,1.073,2025-07-07 21:21:35,136.0,32.5,23.6,28.59,2.53,0,136
0.717,20.043,0.308,88.61,1.109,2025-07-07 21:21:35,136.0,32.5,23.6,28.59,2.53,0,136
0.71,19.952,0.434,88.785,1.147,2025-07-07 21:21:35,136.0,32.5,23.6,28.59,2.53,0,136
0.729,20.059,0.507,88.782,1.061,2025-07-07 21:21:35,136.0,32.5,23.6,28.59,2.53,0,136
0.723,20.056,0.444,88.617,1.09,2025-07-07 21:21:35,136.0,32.5,23.6,28.59,2.53,0,136
0.741,19.959,0.451,88.783,1.156,2025-07-07 21:21:35,136.0,32.5,23.6,28.59,2.53,0,136
0.69,19.893,0.497,88.993,1.057,2025-07-07 21:21:35,136.0,32.5,23.6,28.59,2.53,0,136
0.727,19.999,0.427,88.976,1.113,2025-07-07 21:21:35,136.0,32.5,23.6,28.59,2.53,0,136
0.709,19.965,0.371,88.963,1.1,2025-07-07 21:21:35,136.0,32.5,23.6,28.59,2.53,0,136
0.71,20.046,0.55,89.236,1.065,2025-07-07 21:21:35,136.0,32.5,23.6,28.59,2.53,0,136
0.733,20.138,0.5,88.848,1.076,2025-07-07 21:21:35,136.0,32.5,23.6,28.59,2.53,0,136
0.699,19.94,0.588,88.926,1.097,2025-07-07 21:21:35,136.0,32.5,23.6,28.59,2.53,0,136
0.714,20.037,0.42,88.764,1.091,2025-07-07 21:21:35,136.0,32.5,23.6,28.59,2.53,0,136
0.668,19.93,0.55,88.825,1.021,2025-07-07 21:21:35,136.0,32.5,23.6,28.59,2.53,0,136
0.722,19.93,0.497,88.759,1.102,2025-07-07 21:21:35,136.0,32.5,23.6,28.59,2.53,0,136
0.713,20.04,0.266,88.466,1.111,2025-07-07 21:21:35,136.0,32.5,23.6,28.59,2.53,0,136
0.688,19.911,0.458,88.877,1.055,2025-07-07 21:21:35,136.0,32.5,23.6,28.59,2.53,0,136
0.717,19.971,0.487,88.642,1.078,2025-07-08 11:17:40,137.0,34.0,22.7,27.93,3.15,0,137
0.699,20.034,0.616,88.78,1.028,2025-07-08 11:17:40,137.0,34.0,22.7,27.93,3.15,0,137
0.733,20.065,0.385,88.979,1.083,2025-07-08 11:17:40,137.0,34.0,22.7,27.93,3.15,0,137
0.705,19.883,0.452,89.05,1.042,2025-07-08 11:17:40,137.0,34.0,22.7,27.93,3.15,0,137
0.696,19.911,0.532,88.827,1.034,2025-07-08 11:17:40,137.0,34.0,22.7,27.93,3.15,0,137
0.744,20.078,0.319,88.886,1.104,2025-07-08 11:17:40,137.0,34.0,22.7,27.93,3.15,0,137
0.686,19.962,0.556,88.885,1.087,2025-07-08 11:17:40,137.0,34.0,22.7,27.93,3.15,0,137
0.696,19.918,0.396,88.869,0.967,2025-07-08 11:17:40,137.0,34.0,22.7,27.93,3.15,0,137
0.723,20.065,0.5,88.808,1.103,2025-07-08 11:17:40,137.0,34.0,22.7,27.93,3.15,0,137
0.721,19.933,0.402,88.593,1.143,2025-07-08 11:17:40,137.0,34.0,22.7,27.93,3.15,0,137
0.726,19.965,0.494,88.712,1.067,2025-07-08 11:17:40,137.0,34.0,22.7,27.93,3.15,0,137
0.672,19.867,0.353,88.889,0.999,2025-07-08 11:17:40,137.0,34.0,22.7,27.93,3.15,0,137
0.726,19.981,0.465,88.819,1.057,2025-07-08 11:17:40,137.0,34.0,22.7,27.93,3.15,0,137
0.686,19.962,0.532,88.721,1.039,2025-07-08 11:17:40,137.0,34.0,22.7,27.93,3.15,0,137
0.681,19.918,0.455,88.696,0.991,2025-07-08 11:17:40,137.0,34.0,22.7,27.93,3.15,0,137
0.711,19.93,0.399,88.846,1.056,2025-07-08 11:17:40,137.0,34.0,22.7,27.93,3.15,0,137
0.684,19.827,0.308,88.853,1.025,2025-07-08 11:17:40,137.0,34.0,22.7,27.93,3.15,0,137
0.692,19.867,0.581,88.774,0.993,2025-07-08 11:17:40,137.0,34.0,22.7,27.93,3.15,0,137
0.685,19.886,0.462,88.464,1.059,2025-07-08 11:17:40,137.0,34.0,22.7,27.93,3.15,0,137
0.676,19.893,0.448,88.824,1.057,2025-07-08 11:17:40,137.0,34.0,22.7,27.93,3.15,0,137
0.705,19.955,0.336,88.924,1.021,2025-07-08 13:27:44,138.0,84.3,23.1,30.99,12.88,0,138
0.706,19.871,0.515,88.926,1.095,2025-07-08 13:27:44,138.0,84.3,23.1,30.99,12.88,0,138
0.741,20.062,0.473,88.874,1.107,2025-07-08 13:27:44,138.0,84.3,23.1,30.99,12.88,0,138
0.695,19.88,0.479,88.704,1.081,2025-07-08 13:27:44,138.0,84.3,23.1,30.99,12.88,0,138
0.734,20.015,0.434,88.836,1.06,2025-07-08 13:27:44,138.0,84.3,23.1,30.99,12.88,0,138
0.731,20.018,0.417,88.867,1.078,2025-07-08 13:27:44,138.0,84.3,23.1,30.99,12.88,0,138
0.721,20.006,0.483,89.05,1.09,2025-07-08 13:27:44,138.0,84.3,23.1,30.99,12.88,0,138
0.733,20.012,0.486,88.882,1.115,2025-07-08 13:27:44,138.0,84.3,23.1,30.99,12.88,0,138
0.691,19.902,0.346,88.685,1.024,2025-07-08 13:27:44,138.0,84.3,23.1,30.99,12.88,0,138
0.735,20.009,0.381,88.923,1.017,2025-07-08 13:27:44,138.0,84.3,23.1,30.99,12.88,0,138
0.703,19.883,0.332,88.943,1.095,2025-07-08 13:27:44,138.0,84.3,23.1,30.99,12.88,0,138
0.728,20.006,0.406,88.957,1.122,2025-07-08 13:27:44,138.0,84.3,23.1,30.99,12.88,0,138
0.713,20.025,0.329,88.89,1.071,2025-07-08 13:27:44,138.0,84.3,23.1,30.99,12.88,0,138
0.712,20.025,0.353,88.779,1.072,2025-07-08 13:27:44,138.0,84.3,23.1,30.99,12.88,0,138
0.701,19.94,0.378,88.825,1.025,2025-07-08 13:27:44,138.0,84.3,23.1,30.99,12.88,0,138
0.708,19.987,0.364,88.895,1.062,2025-07-08 13:27:44,138.0,84.3,23.1,30.99,12.88,0,138
0.716,19.918,0.336,88.851,1.103,2025-07-08 13:27:44,138.0,84.3,23.1,30.99,12.88,0,138
0.701,19.83,0.571,88.68,1.032,2025-07-08 13:27:44,138.0,84.3,23.1,30.99,12.88,0,138
0.704,19.933,0.585,89.021,1.057,2025-07-08 13:27:44,138.0,84.3,23.1,30.99,12.88,0,138
0.748,19.981,0.483,88.995,1.148,2025-07-08 19:47:58,139.0,33.8,21.7,29.14,3.16,0,139
0.708,20.018,0.427,88.755,1.024,2025-07-08 19:47:58,139.0,33.8,21.7,29.14,3.16,0,139
0.72,19.955,0.493,89.061,1.026,2025-07-08 19:47:58,139.0,33.8,21.7,29.14,3.16,0,139
0.69,19.93,0.497,88.642,1.153,2025-07-08 19:47:58,139.0,33.8,21.7,29.14,3.16,0,139
0.724,20.087,0.549,88.734,1.068,2025-07-08 19:47:58,139.0,33.8,21.7,29.14,3.16,0,139
0.728,19.981,0.445,88.91,1.113,2025-07-08 19:47:58,139.0,33.8,21.7,29.14,3.16,0,139
0.719,19.99,0.438,89.119,1.079,2025-07-08 19:47:58,139.0,33.8,21.7,29.14,3.16,0,139
0.708,19.99,0.301,88.767,1.018,2025-07-08 19:47:58,139.0,33.8,21.7,29.14,3.16,0,139
0.722,20.053,0.434,88.878,1.115,2025-07-08 19:47:58,139.0,33.8,21.7,29.14,3.16,0,139
0.726,20.003,0.434,88.825,1.145,2025-07-08 19:47:58,139.0,33.8,21.7,29.14,3.16,0,139
0.749,19.99,0.521,88.966,1.154,2025-07-08 19:47:58,139.0,33.8,21.7,29.14,3.16,0,139
0.724,19.984,0.567,88.816,1.11,2025-07-08 19:47:58,139.0,33.8,21.7,29.14,3.16,0,139
0.687,19.984,0.427,88.877,1.009,2025-07-08 19:47:58,139.0,33.8,21.7,29.14,3.16,0,139
0.73,20.031,0.532,88.846,1.116,2025-07-08 19:47:58,139.0,33.8,21.7,29.14,3.16,0,139
0.705,19.996,0.434,88.871,1.067,2025-07-08 19:47:58,139.0,33.8,21.7,29.14,3.16,0,139
0.669,19.946,0.546,88.944,1.079,2025-07-08 19:47:58,139.0,33.8,21.7,29.14,3.16,0,139
0.7,19.908,0.665,88.803,1.061,2025-07-08 19:47:58,139.0,33.8,21.7,29.14,3.16,0,139
0.72,19.968,0.654,89.17,1.118,2025-07-08 19:47:58,139.0,33.8,21.7,29.14,3.16,0,139
0.736,19.99,0.5,88.727,1.17,2025-07-08 19:47:58,139.0,33.8,21.7,29.14,3.16,0,139
0.709,19.981,0.515,89.045,1.066,2025-07-08 19:47:58,139.0,33.8,21.7,29.14,3.16,0,139
0.707,20.112,0.41,88.866,1.088,2025-07-08 21:17:59,140.0,32.9,23.9,28.56,2.5,0,140
0.704,19.981,0.438,88.851,1.103,2025-07-08 21:17:59,140.0,32.9,23.9,28.56,2.5,0,140
0.713,19.977,0.445,88.721,1.102,2025-07-08 21:17:59,140.0,32.9,23.9,28.56,2.5,0,140
0.688,19.883,0.399,88.956,1.124,2025-07-08 21:17:59,140.0,32.9,23.9,28.56,2.5,0,140
0.741,20.012,0.494,88.855,1.176,2025-07-08 21:17:59,140.0,32.9,23.9,28.56,2.5,0,140
0.7,19.842,0.361,88.812,1.071,2025-07-08 21:17:59,140.0,32.9,23.9,28.56,2.5,0,140
0.721,19.99,0.508,88.747,1.119,2025-07-08 21:17:59,140.0,32.9,23.9,28.56,2.5,0,140
0.721,20.09,0.378,88.884,1.137,2025-07-08 21:17:59,140.0,32.9,23.9,28.56,2.5,0,140
0.729,20.031,0.553,88.768,1.109,2025-07-08 21:17:59,140.0,32.9,23.9,28.56,2.5,0,140
0.699,20.043,0.388,88.866,1.104,2025-07-08 21:17:59,140.0,32.9,23.9,28.56,2.5,0,140
0.709,19.974,0.494,88.758,1.105,2025-07-08 21:17:59,140.0,32.9,23.9,28.56,2.5,0,140
0.719,20.072,0.472,88.744,1.139,2025-07-08 21:17:59,140.0,32.9,23.9,28.56,2.5,0,140
0.711,19.955,0.346,88.649,1.07,2025-07-08 21:17:59,140.0,32.9,23.9,28.56,2.5,0,140
0.697,19.871,0.511,88.772,1.066,2025-07-08 21:17:59,140.0,32.9,23.9,28.56,2.5,0,140
0.719,19.952,0.399,88.752,1.118,2025-07-08 21:17:59,140.0,32.9,23.9,28.56,2.5,0,140
0.693,20.003,0.469,88.901,1.086,2025-07-08 21:17:59,140.0,32.9,23.9,28.56,2.5,0,140
0.743,20.075,0.571,89.125,1.15,2025-07-08 21:17:59,140.0,32.9,23.9,28.56,2.5,0,140
0.735,20.012,0.438,88.97,1.139,2025-07-08 21:17:59,140.0,32.9,23.9,28.56,2.5,0,140
0.694,19.896,0.444,88.954,1.089,2025-07-08 21:17:59,140.0,32.9,23.9,28.56,2.5,0,140
0.722,20.059,0.42,88.799,1.138,2025-07-08 21:17:59,140.0,32.9,23.9,28.56,2.5,0,140
0.693,19.955,0.458,88.779,1.04,2025-07-09 10:46:17,141.0,34.9,25.9,30.57,2.08,0,141
0.712,19.877,0.217,88.992,1.059,2025-07-09 10:46:17,141.0,34.9,25.9,30.57,2.08,0,141
0.687,19.877,0.42,88.843,1.003,2025-07-09 10:46:17,141.0,34.9,25.9,30.57,2.08,0,141
0.724,19.965,0.49,88.965,1.074,2025-07-09 10:46:17,141.0,34.9,25.9,30.57,2.08,0,141
0.682,19.911,0.392,88.884,1.053,2025-07-09 10:46:17,141.0,34.9,25.9,30.57,2.08,0,141
0.702,19.921,0.43,89.025,1.022,2025-07-09 10:46:17,141.0,34.9,25.9,30.57,2.08,0,141
0.714,19.902,0.406,89.089,1.149,2025-07-09 10:46:17,141.0,34.9,25.9,30.57,2.08,0,141
0.73,20.021,0.423,88.765,1.102,2025-07-09 10:46:17,141.0,34.9,25.9,30.57,2.08,0,141
0.686,19.877,0.399,88.839,1.051,2025-07-09 10:46:17,141.0,34.9,25.9,30.57,2.08,0,141
0.719,19.911,0.473,88.911,1.061,2025-07-09 10:46:17,141.0,34.9,25.9,30.57,2.08,0,141
0.731,19.94,0.42,88.921,1.136,2025-07-09 10:46:17,141.0,34.9,25.9,30.57,2.08,0,141
0.694,19.798,0.543,88.885,1.075,2025-07-09 10:46:17,141.0,34.9,25.9,30.57,2.08,0,141
0.692,19.987,0.42,89.121,1.021,2025-07-09 10:46:17,141.0,34.9,25.9,30.57,2.08,0,141
0.742,19.959,0.329,88.838,1.145,2025-07-09 10:46:17,141.0,34.9,25.9,30.57,2.08,0,141
0.698,20.012,0.248,88.88,1.029,2025-07-09 10:46:17,141.0,34.9,25.9,30.57,2.08,0,141
0.698,19.965,0.381,88.808,0.989,2025-07-09 10:46:17,141.0,34.9,25.9,30.57,2.08,0,141
0.724,20.046,0.364,88.953,1.111,2025-07-09 10:46:17,141.0,34.9,25.9,30.57,2.08,0,141
0.728,19.977,0.41,88.973,1.119,2025-07-09 10:46:17,141.0,34.9,25.9,30.57,2.08,0,141
0.706,19.896,0.417,88.699,1.025,2025-07-09 10:46:17,141.0,34.9,25.9,30.57,2.08,0,141
0.719,20.003,0.385,89.118,1.11,2025-07-09 13:11:21,142.0,35.9,26.6,29.74,2.21,0,142
0.701,19.94,0.458,88.971,1.043,2025-07-09 13:11:21,142.0,35.9,26.6,29.74,2.21,0,142
0.737,19.999,0.504,88.768,1.111,2025-07-09 13:11:21,142.0,35.9,26.6,29.74,2.21,0,142
0.718,20.043,0.438,88.949,1.054,2025-07-09 13:11:21,142.0,35.9,26.6,29.74,2.21,0,142
0.732,20.05,0.479,88.921,1.127,2025-07-09 13:11:21,142.0,35.9,26.6,29.74,2.21,0,142
0.76,20.031,0.441,89.028,1.209,2025-07-09 13:11:21,142.0,35.9,26.6,29.74,2.21,0,142
0.697,19.949,0.497,88.932,1.071,2025-07-09 13:11:21,142.0,35.9,26.6,29.74,2.21,0,142
0.715,19.924,0.542,88.823,1.143,2025-07-09 13:11:21,142.0,35.9,26.6,29.74,2.21,0,142
0.738,20.134,0.483,88.845,1.112,2025-07-09 13:11:21,142.0,35.9,26.6,29.74,2.21,0,142
0.716,19.987,0.483,88.771,1.125,2025-07-09 13:11:21,142.0,35.9,26.6,29.74,2.21,0,142
0.715,19.987,0.483,89.464,1.068,2025-07-09 13:11:21,142.0,35.9,26.6,29.74,2.21,0,142
0.702,19.937,0.518,88.817,1.074,2025-07-09 13:11:21,142.0,35.9,26.6,29.74,2.21,0,142
0.717,20.043,0.409,88.767,1.128,2025-07-09 13:11:21,142.0,35.9,26.6,29.74,2.21,0,142
0.699,20.062,0.556,88.775,1.122,2025-07-09 13:11:21,142.0,35.9,26.6,29.74,2.21,0,142
0.743,19.943,0.56,88.947,1.128,2025-07-09 13:11:21,142.0,35.9,26.6,29.74,2.21,0,142
0.707,19.94,0.353,89.034,1.083,2025-07-09 13:11:21,142.0,35.9,26.6,29.74,2.21,0,142
0.72,19.943,0.417,88.787,1.145,2025-07-09 13:11:21,142.0,35.9,26.6,29.74,2.21,0,142
0.712,19.971,0.417,88.985,0.983,2025-07-09 13:11:21,142.0,35.9,26.6,29.74,2.21,0,142
0.726,19.918,0.389,88.785,1.133,2025-07-09 13:11:21,142.0,35.9,26.6,29.74,2.21,0,142
0.676,19.955,0.431,88.883,1.03,2025-07-09 13:11:21,142.0,35.9,26.6,29.74,2.21,0,142
0.733,19.911,0.452,88.983,1.062,2025-07-09 18:51:27,143.0,37.1,24.6,30.05,3.14,0,143
0.734,19.993,0.469,88.816,1.191,2025-07-09 18:51:27,143.0,37.1,24.6,30.05,3.14,0,143
0.711,19.981,0.5,89.048,1.081,2025-07-09 18:51:27,143.0,37.1,24.6,30.05,3.14,0,143
0.707,19.952,0.438,89.015,1.121,2025-07-09 18:51:27,143.0,37.1,24.6,30.05,3.14,0,143
0.702,19.99,0.462,88.886,1.117,2025-07-09 18:51:27,143.0,37.1,24.6,30.05,3.14,0,143
0.719,19.921,0.413,88.663,1.073,2025-07-09 18:51:27,143.0,37.1,24.6,30.05,3.14,0,143
0.725,19.984,0.525,88.992,1.07,2025-07-09 18:51:27,143.0,37.1,24.6,30.05,3.14,0,143
0.693,19.817,0.283,88.686,1.102,2025-07-09 18:51:27,143.0,37.1,24.6,30.05,3.14,0,143
0.678,19.88,0.34,89.038,1.062,2025-07-09 18:51:27,143.0,37.1,24.6,30.05,3.14,0,143
0.738,20.012,0.396,88.965,1.142,2025-07-09 18:51:27,143.0,37.1,24.6,30.05,3.14,0,143
0.711,20.021,0.406,89.027,1.118,2025-07-09 18:51:27,143.0,37.1,24.6,30.05,3.14,0,143
0.718,19.877,0.346,88.849,1.107,2025-07-09 18:51:27,143.0,37.1,24.6,30.05,3.14,0,143
0.729,19.927,0.476,88.851,1.113,2025-07-09 18:51:27,143.0,37.1,24.6,30.05,3.14,0,143
0.711,19.915,0.35,88.768,1.137,2025-07-09 18:51:27,143.0,37.1,24.6,30.05,3.14,0,143
0.715,19.886,0.543,88.932,1.089,2025-07-09 18:51:27,143.0,37.1,24.6,30.05,3.14,0,143
0.734,19.952,0.469,88.947,1.162,2025-07-09 18:51:27,143.0,37.1,24.6,30.05,3.14,0,143
0.739,19.984,0.301,89.057,1.103,2025-07-09 18:51:27,143.0,37.1,24.6,30.05,3.14,0,143
0.718,19.981,0.445,88.898,1.107,2025-07-09 18:51:27,143.0,37.1,24.6,30.05,3.14,0,143
0.727,20.018,0.584,88.931,1.098,2025-07-09 18:51:27,143.0,37.1,24.6,30.05,3.14,0,143
0.693,19.962,0.616,89.118,1.085,2025-07-10 13:16:52,144.0,30.8,23.0,26.96,2.49,0,144
0.735,20.053,0.389,88.969,1.144,2025-07-10 13:16:52,144.0,30.8,23.0,26.96,2.49,0,144
0.684,19.927,0.455,88.96,1.035,2025-07-10 13:16:52,144.0,30.8,23.0,26.96,2.49,0,144
0.721,20.003,0.399,89.178,1.069,2025-07-10 13:16:52,144.0,30.8,23.0,26.96,2.49,0,144
0.702,19.949,0.413,89.158,1.056,2025-07-10 13:16:52,144.0,30.8,23.0,26.96,2.49,0,144
0.729,19.962,0.504,88.794,1.117,2025-07-10 13:16:52,144.0,30.8,23.0,26.96,2.49,0,144
0.724,19.974,0.564,88.938,1.116,2025-07-10 13:16:52,144.0,30.8,23.0,26.96,2.49,0,144
0.699,19.83,0.441,89.078,1.131,2025-07-10 13:16:52,144.0,30.8,23.0,26.96,2.49,0,144
0.715,20.097,0.35,88.694,1.135,2025-07-10 13:16:52,144.0,30.8,23.0,26.96,2.49,0,144
0.7,19.833,0.469,88.999,1.094,2025-07-10 13:16:52,144.0,30.8,23.0,26.96,2.49,0,144
0.729,19.94,0.392,88.935,1.086,2025-07-10 13:16:52,144.0,30.8,23.0,26.96,2.49,0,144
0.709,19.896,0.305,88.949,1.086,2025-07-10 13:16:52,144.0,30.8,23.0,26.96,2.49,0,144
0.727,19.99,0.417,88.962,1.121,2025-07-10 13:16:52,144.0,30.8,23.0,26.96,2.49,0,144
0.7,19.886,0.665,88.797,1.033,2025-07-10 13:16:52,144.0,30.8,23.0,26.96,2.49,0,144
0.726,20.021,0.378,89.089,1.088,2025-07-10 13:16:52,144.0,30.8,23.0,26.96,2.49,0,144
0.718,19.905,0.368,89.19,1.061,2025-07-10 13:16:52,144.0,30.8,23.0,26.96,2.49,0,144
0.709,19.921,0.553,88.94,1.065,2025-07-10 13:16:52,144.0,30.8,23.0,26.96,2.49,0,144
0.722,19.974,0.466,88.914,1.108,2025-07-10 13:16:52,144.0,30.8,23.0,26.96,2.49,0,144
0.732,19.987,0.476,88.816,1.09,2025-07-10 13:16:52,144.0,30.8,23.0,26.96,2.49,0,144
0.695,19.849,0.438,88.835,1.027,2025-07-10 13:16:52,144.0,30.8,23.0,26.96,2.49,0,144
0.707,19.877,0.287,89.029,1.0,2025-07-10 13:51:54,145.0,33.9,23.2,29.19,2.43,0,145
0.728,19.971,0.402,88.9,1.154,2025-07-10 13:51:54,145.0,33.9,23.2,29.19,2.43,0,145
0.69,19.889,0.581,88.966,1.022,2025-07-10 13:51:54,145.0,33.9,23.2,29.19,2.43,0,145
0.715,19.893,0.294,88.919,1.053,2025-07-10 13:51:54,145.0,33.9,23.2,29.19,2.43,0,145
0.709,19.927,0.417,88.884,1.087,2025-07-10 13:51:54,145.0,33.9,23.2,29.19,2.43,0,145
0.711,19.883,0.385,89.104,0.996,2025-07-10 13:51:54,145.0,33.9,23.2,29.19,2.43,0,145
0.703,19.987,0.525,88.796,1.028,2025-07-10 13:51:54,145.0,33.9,23.2,29.19,2.43,0,145
0.746,20.003,0.529,88.902,1.127,2025-07-10 13:51:54,145.0,33.9,23.2,29.19,2.43,0,145
0.707,19.871,0.385,88.977,1.127,2025-07-10 13:51:54,145.0,33.9,23.2,29.19,2.43,0,145
0.697,19.817,0.479,88.976,1.079,2025-07-10 13:51:54,145.0,33.9,23.2,29.19,2.43,0,145
0.699,19.921,0.465,88.962,1.025,2025-07-10 13:51:54,145.0,33.9,23.2,29.19,2.43,0,145
0.696,19.893,0.43,88.929,1.109,2025-07-10 13:51:54,145.0,33.9,23.2,29.19,2.43,0,145
0.712,19.933,0.312,88.82,1.091,2025-07-10 13:51:54,145.0,33.9,23.2,29.19,2.43,0,145
0.694,19.959,0.361,89.094,1.03,2025-07-10 13:51:54,145.0,33.9,23.2,29.19,2.43,0,145
0.706,19.962,0.662,88.885,1.034,2025-07-10 13:51:54,145.0,33.9,23.2,29.19,2.43,0,145
0.719,19.981,0.41,89.051,1.087,2025-07-10 13:51:54,145.0,33.9,23.2,29.19,2.43,0,145
0.72,19.827,0.444,88.956,1.047,2025-07-10 13:51:54,145.0,33.9,23.2,29.19,2.43,0,145
0.721,20.028,0.361,88.959,1.131,2025-07-10 13:51:54,145.0,33.9,23.2,29.19,2.43,0,145
0.713,19.883,0.312,88.93,1.028,2025-07-10 13:51:54,145.0,33.9,23.2,29.19,2.43,0,145
0.725,19.959,0.574,88.91,1.078,2025-07-10 13:51:54,145.0,33.9,23.2,29.19,2.43,0,145
0.698,19.867,0.529,88.943,1.03,2025-07-10 18:57:00,146.0,31.4,23.2,27.36,2.11,0,146
0.727,20.009,0.542,88.888,1.056,2025-07-10 18:57:00,146.0,31.4,23.2,27.36,2.11,0,146
0.712,19.999,0.34,88.99,1.081,2025-07-10 18:57:00,146.0,31.4,23.2,27.36,2.11,0,146
0.698,19.911,0.539,89.103,1.028,2025-07-10 18:57:00,146.0,31.4,23.2,27.36,2.11,0,146
0.68,19.908,0.417,88.979,1.002,2025-07-10 18:57:00,146.0,31.4,23.2,27.36,2.11,0,146
0.706,19.83,0.434,89.142,1.154,2025-07-10 18:57:00,146.0,31.4,23.2,27.36,2.11,0,146
0.683,19.999,0.371,89.14,1.037,2025-07-10 18:57:00,146.0,31.4,23.2,27.36,2.11,0,146
0.696,19.911,0.371,88.976,1.018,2025-07-10 18:57:00,146.0,31.4,23.2,27.36,2.11,0,146
0.696,19.883,0.522,89.034,0.987,2025-07-10 18:57:00,146.0,31.4,23.2,27.36,2.11,0,146
0.679,19.918,0.336,88.947,0.997,2025-07-10 18:57:00,146.0,31.4,23.2,27.36,2.11,0,146
0.695,19.823,0.49,88.886,1.022,2025-07-10 18:57:00,146.0,31.4,23.2,27.36,2.11,0,146
0.701,19.915,0.35,88.94,1.084,2025-07-10 18:57:00,146.0,31.4,23.2,27.36,2.11,0,146
0.716,19.99,0.367,89.537,1.053,2025-07-10 18:57:00,146.0,31.4,23.2,27.36,2.11,0,146
0.719,19.949,0.406,88.874,1.06,2025-07-10 18:57:00,146.0,31.4,23.2,27.36,2.11,0,146
0.721,19.974,0.473,88.728,1.149,2025-07-10 18:57:00,146.0,31.4,23.2,27.36,2.11,0,146
0.7,19.927,0.325,88.893,1.068,2025-07-10 18:57:00,146.0,31.4,23.2,27.36,2.11,0,146
0.739,20.012,0.424,88.828,1.14,2025-07-10 18:57:00,146.0,31.4,23.2,27.36,2.11,0,146
0.707,19.962,0.518,88.959,1.054,2025-07-10 18:57:00,146.0,31.4,23.2,27.36,2.11,0,146
0.725,19.94,0.458,88.885,1.127,2025-07-10 18:57:00,146.0,31.4,23.2,27.36,2.11,0,146
0.718,19.943,0.329,88.974,1.142,2025-07-10 18:57:00,146.0,31.4,23.2,27.36,2.11,0,146
0.704,19.952,0.455,88.914,1.092,2025-07-10 21:17:01,147.0,84.2,24.5,31.25,12.64,0,147
0.703,20.037,0.508,88.871,1.085,2025-07-10 21:17:01,147.0,84.2,24.5,31.25,12.64,0,147
0.687,19.927,0.473,88.788,1.054,2025-07-10 21:17:01,147.0,84.2,24.5,31.25,12.64,0,147
0.692,19.889,0.476,88.982,0.985,2025-07-10 21:17:01,147.0,84.2,24.5,31.25,12.64,0,147
0.735,20.068,0.455,89.107,1.11,2025-07-10 21:17:01,147.0,84.2,24.5,31.25,12.64,0,147
0.741,20.031,0.469,89.057,1.133,2025-07-10 21:17:01,147.0,84.2,24.5,31.25,12.64,0,147
0.706,20.021,0.357,88.911,1.063,2025-07-10 21:17:01,147.0,84.2,24.5,31.25,12.64,0,147
0.705,19.93,0.707,88.614,1.094,2025-07-10 21:17:01,147.0,84.2,24.5,31.25,12.64,0,147
0.718,19.965,0.402,88.775,1.06,2025-07-10 21:17:01,147.0,84.2,24.5,31.25,12.64,0,147
0.737,19.937,0.518,89.012,1.132,2025-07-10 21:17:01,147.0,84.2,24.5,31.25,12.64,0,147
0.697,19.949,0.627,88.815,1.037,2025-07-10 21:17:01,147.0,84.2,24.5,31.25,12.64,0,147
0.71,19.93,0.364,88.756,1.136,2025-07-10 21:17:01,147.0,84.2,24.5,31.25,12.64,0,147
0.701,19.905,0.525,88.98,1.07,2025-07-10 21:17:01,147.0,84.2,24.5,31.25,12.64,0,147
0.744,19.987,0.438,88.834,1.174,2025-07-10 21:17:01,147.0,84.2,24.5,31.25,12.64,0,147
0.729,19.974,0.469,88.899,1.114,2025-07-10 21:17:01,147.0,84.2,24.5,31.25,12.64,0,147
0.696,19.893,0.584,89.094,1.1,2025-07-10 21:17:01,147.0,84.2,24.5,31.25,12.64,0,147
0.708,19.896,0.354,88.976,1.045,2025-07-10 21:17:01,147.0,84.2,24.5,31.25,12.64,0,147
0.741,19.981,0.487,89.137,1.15,2025-07-10 21:17:01,147.0,84.2,24.5,31.25,12.64,0,147
0.689,19.867,0.49,88.647,1.037,2025-07-10 21:17:01,147.0,84.2,24.5,31.25,12.64,0,147
0.727,19.987,0.49,88.963,1.114,2025-07-11 11:08:27,148.0,32.3,24.7,28.76,2.34,0,148
0.697,19.977,0.564,89.036,1.084,2025-07-11 11:08:27,148.0,32.3,24.7,28.76,2.34,0,148
0.731,19.996,0.518,88.879,1.166,2025-07-11 11:08:27,148.0,32.3,24.7,28.76,2.34,0,148
0.697,19.93,0.315,88.928,1.115,2025-07-11 11:08:27,148.0,32.3,24.7,28.76,2.34,0,148
0.692,19.864,0.392,88.953,1.003,2025-07-11 11:08:27,148.0,32.3,24.7,28.76,2.34,0,148
0.727,20.009,0.518,88.928,1.112,2025-07-11 11:08:27,148.0,32.3,24.7,28.76,2.34,0,148
0.734,20.015,0.413,88.812,1.13,2025-07-11 11:08:27,148.0,32.3,24.7,28.76,2.34,0,148
0.733,19.968,0.395,88.823,1.162,2025-07-11 11:08:27,148.0,32.3,24.7,28.76,2.34,0,148
0.735,20.062,0.381,88.972,1.171,2025-07-11 11:08:27,148.0,32.3,24.7,28.76,2.34,0,148
0.688,19.861,0.532,88.678,1.091,2025-07-11 11:08:27,148.0,32.3,24.7,28.76,2.34,0,148
0.725,20.006,0.367,88.781,1.085,2025-07-11 11:08:27,148.0,32.3,24.7,28.76,2.34,0,148
0.734,20.003,0.322,88.812,1.046,2025-07-11 11:08:27,148.0,32.3,24.7,28.76,2.34,0,148
0.714,19.977,0.402,88.92,1.071,2025-07-11 11:08:27,148.0,32.3,24.7,28.76,2.34,0,148
0.713,19.94,0.452,88.883,1.171,2025-07-11 11:08:27,148.0,32.3,24.7,28.76,2.34,0,148
0.714,19.99,0.465,88.755,1.064,2025-07-11 11:08:27,148.0,32.3,24.7,28.76,2.34,0,148
0.738,20.05,0.574,88.998,1.129,2025-07-11 11:08:27,148.0,32.3,24.7,28.76,2.34,0,148
0.712,19.955,0.451,89.15,1.152,2025-07-11 11:08:27,148.0,32.3,24.7,28.76,2.34,0,148
0.734,20.025,0.455,88.908,1.147,2025-07-11 11:08:27,148.0,32.3,24.7,28.76,2.34,0,148
0.723,19.842,0.42,88.923,1.087,2025-08-11 14:36:11,149.0,85.3,24.3,31.33,12.87,0,149
0.698,19.927,0.417,88.779,1.03,2025-08-11 14:36:11,149.0,85.3,24.3,31.33,12.87,0,149
0.707,20.028,0.434,88.892,1.039,2025-08-11 14:36:11,149.0,85.3,24.3,31.33,12.87,0,149
0.7,19.893,0.619,89.003,1.068,2025-08-11 14:36:11,149.0,85.3,24.3,31.33,12.87,0,149
0.686,19.889,0.367,89.086,1.014,2025-08-11 14:36:11,149.0,85.3,24.3,31.33,12.87,0,149
0.703,19.915,0.389,89.101,1.095,2025-08-11 14:36:11,149.0,85.3,24.3,31.33,12.87,0,149
0.718,19.864,0.42,88.673,1.126,2025-08-11 14:36:11,149.0,85.3,24.3,31.33,12.87,0,149
0.703,19.899,0.455,88.787,1.075,2025-08-11 14:36:11,149.0,85.3,24.3,31.33,12.87,0,149
0.715,19.867,0.616,88.994,1.033,2025-08-11 14:36:11,149.0,85.3,24.3,31.33,12.87,0,149
0.717,19.798,0.466,89.023,1.062,2025-08-11 14:36:11,149.0,85.3,24.3,31.33,12.87,0,149
0.703,19.845,0.49,88.899,1.102,2025-08-11 14:36:11,149.0,85.3,24.3,31.33,12.87,0,149
0.7,19.858,0.556,89.059,1.104,2025-08-11 14:36:11,149.0,85.3,24.3,31.33,12.87,0,149
0.717,19.94,0.252,88.887,1.071,2025-08-11 14:36:11,149.0,85.3,24.3,31.33,12.87,0,149
0.693,19.801,0.606,89.127,1.071,2025-08-11 14:36:11,149.0,85.3,24.3,31.33,12.87,0,149
0.726,19.94,0.417,88.861,1.153,2025-08-11 14:36:11,149.0,85.3,24.3,31.33,12.87,0,149
0.726,19.874,0.311,88.743,1.123,2025-08-11 14:36:11,149.0,85.3,24.3,31.33,12.87,0,149
0.698,19.93,0.5,88.818,1.011,2025-08-11 14:36:11,149.0,85.3,24.3,31.33,12.87,0,149
0.705,19.93,0.434,88.945,1.081,2025-08-11 14:36:11,149.0,85.3,24.3,31.33,12.87,0,149
0.699,19.82,0.273,88.775,1.058,2025-08-11 14:36:11,149.0,85.3,24.3,31.33,12.87,0,149
0.733,19.93,0.441,88.795,1.113,2025-08-11 14:51:12,150.0,33.5,26.1,28.77,1.7,0,150
0.707,19.877,0.399,89.01,0.964,2025-08-11 14:51:12,150.0,33.5,26.1,28.77,1.7,0,150
0.716,19.874,0.543,88.887,1.096,2025-08-11 14:51:12,150.0,33.5,26.1,28.77,1.7,0,150
0.754,19.996,0.413,89.029,1.143,2025-08-11 14:51:12,150.0,33.5,26.1,28.77,1.7,0,150
0.697,19.82,0.413,88.88,0.982,2025-08-11 14:51:12,150.0,33.5,26.1,28.77,1.7,0,150
0.713,19.883,0.445,88.869,1.075,2025-08-11 14:51:12,150.0,33.5,26.1,28.77,1.7,0,150
0.736,19.974,0.255,89.109,1.178,2025-08-11 14:51:12,150.0,33.5,26.1,28.77,1.7,0,150
0.711,19.952,0.368,88.774,1.081,2025-08-11 14:51:12,150.0,33.5,26.1,28.77,1.7,0,150
0.689,19.905,0.353,88.938,1.056,2025-08-11 14:51:12,150.0,33.5,26.1,28.77,1.7,0,150
0.72,19.893,0.364,88.719,1.092,2025-08-11 14:51:12,150.0,33.5,26.1,28.77,1.7,0,150
0.726,19.937,0.298,88.922,1.103,2025-08-11 14:51:12,150.0,33.5,26.1,28.77,1.7,0,150
0.716,19.877,0.409,88.632,1.041,2025-08-11 14:51:12,150.0,33.5,26.1,28.77,1.7,0,150
0.691,19.757,0.521,88.838,0.983,2025-08-11 14:51:12,150.0,33.5,26.1,28.77,1.7,0,150
0.732,19.965,0.385,88.869,1.213,2025-08-11 14:51:12,150.0,33.5,26.1,28.77,1.7,0,150
0.725,20.018,0.438,88.941,1.121,2025-08-11 14:51:12,150.0,33.5,26.1,28.77,1.7,0,150
0.719,19.949,0.409,88.983,1.075,2025-08-11 14:51:12,150.0,33.5,26.1,28.77,1.7,0,150
0.721,19.899,0.402,88.639,1.081,2025-08-11 14:51:12,150.0,33.5,26.1,28.77,1.7,0,150
0.706,19.861,0.27,88.873,1.074,2025-08-11 14:51:12,150.0,33.5,26.1,28.77,1.7,0,150
0.737,19.952,0.466,89.01,1.148,2025-08-11 19:01:17,151.0,28.9,24.2,26.8,1.4,0,151
0.716,20.065,0.459,88.848,1.081,2025-08-11 19:01:17,151.0,28.9,24.2,26.8,1.4,0,151
0.715,20.025,0.543,88.828,1.11,2025-08-11 19:01:17,151.0,28.9,24.2,26.8,1.4,0,151
0.715,19.984,0.616,89.095,1.082,2025-08-11 19:01:17,151.0,28.9,24.2,26.8,1.4,0,151
0.706,19.981,0.515,88.921,1.057,2025-08-11 19:01:17,151.0,28.9,24.2,26.8,1.4,0,151
0.727,19.977,0.458,88.827,1.121,2025-08-11 19:01:17,151.0,28.9,24.2,26.8,1.4,0,151
0.69,19.946,0.367,89.147,1.054,2025-08-11 19:01:17,151.0,28.9,24.2,26.8,1.4,0,151
0.723,20.078,0.413,89.01,1.103,2025-08-11 19:01:17,151.0,28.9,24.2,26.8,1.4,0,151
0.709,19.927,0.518,88.928,1.052,2025-08-11 19:01:17,151.0,28.9,24.2,26.8,1.4,0,151
0.706,19.996,0.483,88.883,1.086,2025-08-11 19:01:17,151.0,28.9,24.2,26.8,1.4,0,151
0.709,19.908,0.508,88.933,1.11,2025-08-11 19:01:17,151.0,28.9,24.2,26.8,1.4,0,151
0.697,19.962,0.511,89.02,1.073,2025-08-11 19:01:17,151.0,28.9,24.2,26.8,1.4,0,151
0.729,19.918,0.494,88.708,1.103,2025-08-11 19:01:17,151.0,28.9,24.2,26.8,1.4,0,151
0.733,19.984,0.546,88.875,1.086,2025-08-11 19:01:17,151.0,28.9,24.2,26.8,1.4,0,151
0.718,20.062,0.556,89.002,1.056,2025-08-11 19:01:17,151.0,28.9,24.2,26.8,1.4,0,151
0.727,20.075,0.466,88.743,1.046,2025-08-11 19:01:17,151.0,28.9,24.2,26.8,1.4,0,151
0.716,20.043,0.483,89.032,1.058,2025-08-11 19:01:17,151.0,28.9,24.2,26.8,1.4,0,151
0.693,20.006,0.56,88.927,1.065,2025-08-11 19:01:17,151.0,28.9,24.2,26.8,1.4,0,151
0.704,19.94,0.385,88.807,1.087,2025-08-11 19:01:17,151.0,28.9,24.2,26.8,1.4,0,151
0.688,19.949,0.305,88.886,1.06,2025-08-11 19:01:17,151.0,28.9,24.2,26.8,1.4,0,151
0.713,20.116,0.577,88.787,1.117,2025-08-11 19:16:18,152.0,31.4,20.3,25.73,2.92,0,152
0.723,19.93,0.668,89.133,1.104,2025-08-11 19:16:18,152.0,31.4,20.3,25.73,2.92,0,152
0.715,20.053,0.539,88.877,1.07,2025-08-11 19:16:18,152.0,31.4,20.3,25.73,2.92,0,152
0.731,19.996,0.588,88.802,1.118,2025-08-11 19:16:18,152.0,31.4,20.3,25.73,2.92,0,152
0.705,19.952,0.532,88.979,1.091,2025-08-11 19:16:18,152.0,31.4,20.3,25.73,2.92,0,152
0.72,19.99,0.567,88.956,1.126,2025-08-11 19:16:18,152.0,31.4,20.3,25.73,2.92,0,152
0.706,19.962,0.543,88.919,1.075,2025-08-11 19:16:18,152.0,31.4,20.3,25.73,2.92,0,152
0.727,19.877,0.637,88.824,1.137,2025-08-11 19:16:18,152.0,31.4,20.3,25.73,2.92,0,152
0.699,19.949,0.42,88.922,1.07,2025-08-11 19:16:18,152.0,31.4,20.3,25.73,2.92,0,152
0.746,20.078,0.462,88.738,1.136,2025-08-11 19:16:18,152.0,31.4,20.3,25.73,2.92,0,152
0.724,20.056,0.511,89.041,1.153,2025-08-11 19:16:18,152.0,31.4,20.3,25.73,2.92,0,152
0.706,20.018,0.585,89.188,1.145,2025-08-11 19:16:18,152.0,31.4,20.3,25.73,2.92,0,152
0.693,20.053,0.41,88.872,1.056,2025-08-11 19:16:18,152.0,31.4,20.3,25.73,2.92,0,152
0.708,20.059,0.487,88.71,1.055,2025-08-11 19:16:18,152.0,31.4,20.3,25.73,2.92,0,152
0.692,19.94,0.529,88.571,1.107,2025-08-11 19:16:18,152.0,31.4,20.3,25.73,2.92,0,152
0.724,20.103,0.473,89.136,1.162,2025-08-11 19:16:18,152.0,31.4,20.3,25.73,2.92,0,152
0.711,19.946,0.448,88.905,1.144,2025-08-11 19:16:18,152.0,31.4,20.3,25.73,2.92,0,152
0.708,19.99,0.623,89.11,1.078,2025-08-11 19:16:18,152.0,31.4,20.3,25.73,2.92,0,152
0.69,19.971,0.539,88.748,1.1,2025-08-11 19:16:18,152.0,31.4,20.3,25.73,2.92,0,152
0.696,19.883,0.529,89.079,1.138,2025-08-11 19:16:18,152.0,31.4,20.3,25.73,2.92,0,152
0.756,20.059,0.486,88.737,1.137,2025-08-11 19:46:20,153.0,31.7,23.4,27.83,2.51,0,153
0.725,19.987,0.462,89.148,1.059,2025-08-11 19:46:20,153.0,31.7,23.4,27.83,2.51,0,153
0.687,19.933,0.5,89.005,1.062,2025-08-11 19:46:20,153.0,31.7,23.4,27.83,2.51,0,153
0.695,19.889,0.511,89.044,1.044,2025-08-11 19:46:20,153.0,31.7,23.4,27.83,2.51,0,153
0.693,19.883,0.644,88.814,1.041,2025-08-11 19:46:20,153.0,31.7,23.4,27.83,2.51,0,153
0.692,20.025,0.41,88.689,1.016,2025-08-11 19:46:20,153.0,31.7,23.4,27.83,2.51,0,153
0.719,19.83,0.648,88.85,1.048,2025-08-11 19:46:20,153.0,31.7,23.4,27.83,2.51,0,153
0.713,19.858,0.539,88.926,1.059,2025-08-11 19:46:20,153.0,31.7,23.4,27.83,2.51,0,153
0.731,19.962,0.413,88.719,1.075,2025-08-11 19:46:20,153.0,31.7,23.4,27.83,2.51,0,153
0.733,19.962,0.396,88.944,1.177,2025-08-11 19:46:20,153.0,31.7,23.4,27.83,2.51,0,153
0.718,19.889,0.486,88.752,1.035,2025-08-11 19:46:20,153.0,31.7,23.4,27.83,2.51,0,153
0.711,19.962,0.336,88.994,0.95,2025-08-11 19:46:20,153.0,31.7,23.4,27.83,2.51,0,153
0.699,19.93,0.546,88.979,1.0,2025-08-11 19:46:20,153.0,31.7,23.4,27.83,2.51,0,153
0.702,20.056,0.542,88.851,1.06,2025-08-11 19:46:20,153.0,31.7,23.4,27.83,2.51,0,153
0.74,19.962,0.588,88.787,1.15,2025-08-11 19:46:20,153.0,31.7,23.4,27.83,2.51,0,153
0.711,19.908,0.567,89.023,1.103,2025-08-11 19:46:20,153.0,31.7,23.4,27.83,2.51,0,153
0.699,19.861,0.431,88.997,1.08,2025-08-11 19:46:20,153.0,31.7,23.4,27.83,2.51,0,153
0.73,20.012,0.585,88.855,1.069,2025-08-11 19:46:20,153.0,31.7,23.4,27.83,2.51,0,153
0.705,19.921,0.402,88.864,0.989,2025-08-11 19:46:20,153.0,31.7,23.4,27.83,2.51,0,153
0.683,19.855,0.619,89.074,1.104,2025-08-11 20:26:21,154.0,32.0,22.8,26.84,2.1,0,154
0.711,19.905,0.483,88.982,1.125,2025-08-11 20:26:21,154.0,32.0,22.8,26.84,2.1,0,154
0.723,20.034,0.539,89.305,1.158,2025-08-11 20:26:21,154.0,32.0,22.8,26.84,2.1,0,154
0.678,19.94,0.431,88.697,1.056,2025-08-11 20:26:21,154.0,32.0,22.8,26.84,2.1,0,154
0.708,19.99,0.578,89.065,1.115,2025-08-11 20:26:21,154.0,32.0,22.8,26.84,2.1,0,154
0.726,19.981,0.651,88.73,1.117,2025-08-11 20:26:21,154.0,32.0,22.8,26.84,2.1,0,154
0.691,19.836,0.714,88.98,1.055,2025-08-11 20:26:21,154.0,32.0,22.8,26.84,2.1,0,154
0.704,19.977,0.588,88.802,1.067,2025-08-11 20:26:21,154.0,32.0,22.8,26.84,2.1,0,154
0.679,19.987,0.542,88.785,1.034,2025-08-11 20:26:21,154.0,32.0,22.8,26.84,2.1,0,154
0.717,20.003,0.522,88.827,1.115,2025-08-11 20:26:21,154.0,32.0,22.8,26.84,2.1,0,154
0.691,20.025,0.553,88.763,1.095,2025-08-11 20:26:21,154.0,32.0,22.8,26.84,2.1,0,154
0.717,19.974,0.388,88.844,1.136,2025-08-11 20:26:21,154.0,32.0,22.8,26.84,2.1,0,154
0.728,20.072,0.469,88.914,1.088,2025-08-11 20:26:21,154.0,32.0,22.8,26.84,2.1,0,154
0.703,19.845,0.543,88.822,1.071,2025-08-11 20:26:21,154.0,32.0,22.8,26.84,2.1,0,154
0.695,19.937,0.465,88.737,1.06,2025-08-11 20:26:21,154.0,32.0,22.8,26.84,2.1,0,154
0.752,20.025,0.5,88.882,1.124,2025-08-11 20:26:21,154.0,32.0,22.8,26.84,2.1,0,154
0.704,19.937,0.507,88.947,1.047,2025-08-11 20:26:21,154.0,32.0,22.8,26.84,2.1,0,154
0.697,20.006,0.556,88.978,1.113,2025-08-11 20:26:21,154.0,32.0,22.8,26.84,2.1,0,154
0.717,19.883,0.294,89.027,1.075,2025-08-11 20:26:21,154.0,32.0,22.8,26.84,2.1,0,154
0.699,19.915,0.612,88.952,1.071,2025-08-11 20:26:21,154.0,32.0,22.8,26.84,2.1,0,154
0.71,20.1,0.571,89.025,1.072,2025-08-11 21:16:22,155.0,30.8,22.5,27.52,2.44,0,155
0.693,19.886,0.55,88.906,1.077,2025-08-11 21:16:22,155.0,30.8,22.5,27.52,2.44,0,155
0.727,19.99,0.62,88.888,1.151,2025-08-11 21:16:22,155.0,30.8,22.5,27.52,2.44,0,155
0.714,19.99,0.7,88.714,1.063,2025-08-11 21:16:22,155.0,30.8,22.5,27.52,2.44,0,155
0.698,19.987,0.35,88.766,1.045,2025-08-11 21:16:22,155.0,30.8,22.5,27.52,2.44,0,155
0.698,19.971,0.627,88.995,1.057,2025-08-11 21:16:22,155.0,30.8,22.5,27.52,2.44,0,155
0.701,19.987,0.539,88.747,1.095,2025-08-11 21:16:22,155.0,30.8,22.5,27.52,2.44,0,155
0.709,19.996,0.455,89.046,1.088,2025-08-11 21:16:22,155.0,30.8,22.5,27.52,2.44,0,155
0.712,20.025,0.535,89.023,1.049,2025-08-11 21:16:22,155.0,30.8,22.5,27.52,2.44,0,155
0.716,20.075,0.602,88.793,1.09,2025-08-11 21:16:22,155.0,30.8,22.5,27.52,2.44,0,155
0.716,20.015,0.255,89.016,1.148,2025-08-11 21:16:22,155.0,30.8,22.5,27.52,2.44,0,155
0.738,20.068,0.5,88.958,1.095,2025-08-11 21:16:22,155.0,30.8,22.5,27.52,2.44,0,155
0.715,20.003,0.567,88.842,1.097,2025-08-11 21:16:22,155.0,30.8,22.5,27.52,2.44,0,155
0.709,20.059,0.507,88.841,1.042,2025-08-11 21:16:22,155.0,30.8,22.5,27.52,2.44,0,155
0.705,20.072,0.427,88.827,1.033,2025-08-11 21:16:22,155.0,30.8,22.5,27.52,2.44,0,155
0.714,20.009,0.591,88.87,1.08,2025-08-11 21:16:22,155.0,30.8,22.5,27.52,2.44,0,155
0.712,20.065,0.542,88.819,1.099,2025-08-11 21:16:22,155.0,30.8,22.5,27.52,2.44,0,155
0.718,19.996,0.42,89.287,1.092,2025-08-11 21:16:22,155.0,30.8,22.5,27.52,2.44,0,155
0.673,19.99,0.619,89.155,1.013,2025-08-11 21:16:22,155.0,30.8,22.5,27.52,2.44,0,155
0.716,20.078,0.441,89.103,1.109,2025-08-11 21:51:25,156.0,34.0,19.4,26.98,3.89,0,156
0.697,19.946,0.347,88.971,1.067,2025-08-11 21:51:25,156.0,34.0,19.4,26.98,3.89,0,156
0.721,19.996,0.55,89.214,1.164,2025-08-11 21:51:25,156.0,34.0,19.4,26.98,3.89,0,156
0.725,20.031,0.462,89.117,1.146,2025-08-11 21:51:25,156.0,34.0,19.4,26.98,3.89,0,156
0.72,19.99,0.522,88.806,1.171,2025-08-11 21:51:25,156.0,34.0,19.4,26.98,3.89,0,156
0.712,19.962,0.423,88.853,1.13,2025-08-11 21:51:25,156.0,34.0,19.4,26.98,3.89,0,156
0.74,20.037,0.571,88.877,1.068,2025-08-11 21:51:25,156.0,34.0,19.4,26.98,3.89,0,156
0.705,19.946,0.48,88.974,1.114,2025-08-11 21:51:25,156.0,34.0,19.4,26.98,3.89,0,156
0.702,20.172,0.417,88.681,1.076,2025-08-11 21:51:25,156.0,34.0,19.4,26.98,3.89,0,156
0.723,20.05,0.35,88.997,1.071,2025-08-11 21:51:25,156.0,34.0,19.4,26.98,3.89,0,156
0.718,19.968,0.434,88.974,1.121,2025-08-11 21:51:25,156.0,34.0,19.4,26.98,3.89,0,156
0.71,20.059,0.49,88.966,1.124,2025-08-11 21:51:25,156.0,34.0,19.4,26.98,3.89,0,156
0.729,20.072,0.56,88.924,1.046,2025-08-11 21:51:25,156.0,34.0,19.4,26.98,3.89,0,156
0.738,20.025,0.511,88.781,1.031,2025-08-11 21:51:25,156.0,34.0,19.4,26.98,3.89,0,156
0.724,19.949,0.525,88.693,1.062,2025-08-11 21:51:25,156.0,34.0,19.4,26.98,3.89,0,156
0.7,20.103,0.409,88.761,1.133,2025-08-11 21:51:25,156.0,34.0,19.4,26.98,3.89,0,156
0.713,19.955,0.627,88.935,1.083,2025-08-11 21:51:25,156.0,34.0,19.4,26.98,3.89,0,156
0.689,19.921,0.427,89.008,1.085,2025-08-11 21:51:25,156.0,34.0,19.4,26.98,3.89,0,156
0.734,20.025,0.529,88.74,1.091,2025-08-11 21:51:25,156.0,34.0,19.4,26.98,3.89,0,156
0.72,20.021,0.529,89.208,1.101,2025-08-11 22:06:26,157.0,30.6,20.3,25.72,2.79,0,157
0.717,19.984,0.448,88.904,1.052,2025-08-11 22:06:26,157.0,30.6,20.3,25.72,2.79,0,157
0.705,20.034,0.658,88.763,1.106,2025-08-11 22:06:26,157.0,30.6,20.3,25.72,2.79,0,157
0.749,20.046,0.472,89.105,1.197,2025-08-11 22:06:26,157.0,30.6,20.3,25.72,2.79,0,157
0.706,19.889,0.539,88.781,1.078,2025-08-11 22:06:26,157.0,30.6,20.3,25.72,2.79,0,157
0.712,19.921,0.654,88.781,1.076,2025-08-11 22:06:26,157.0,30.6,20.3,25.72,2.79,0,157
0.706,19.933,0.518,88.963,1.075,2025-08-11 22:06:26,157.0,30.6,20.3,25.72,2.79,0,157
0.708,19.908,0.574,88.873,1.067,2025-08-11 22:06:26,157.0,30.6,20.3,25.72,2.79,0,157
0.717,19.94,0.493,88.872,1.161,2025-08-11 22:06:26,157.0,30.6,20.3,25.72,2.79,0,157
0.738,20.04,0.648,89.046,1.123,2025-08-11 22:06:26,157.0,30.6,20.3,25.72,2.79,0,157
0.707,20.078,0.571,88.855,1.077,2025-08-11 22:06:26,157.0,30.6,20.3,25.72,2.79,0,157
0.712,20.046,0.598,88.912,1.069,2025-08-11 22:06:26,157.0,30.6,20.3,25.72,2.79,0,157
0.708,19.968,0.452,88.787,1.037,2025-08-11 22:06:26,157.0,30.6,20.3,25.72,2.79,0,157
0.71,19.937,0.641,88.909,1.086,2025-08-11 22:06:26,157.0,30.6,20.3,25.72,2.79,0,157
0.688,19.924,0.539,88.887,1.125,2025-08-11 22:06:26,157.0,30.6,20.3,25.72,2.79,0,157
0.692,19.943,0.588,88.878,1.085,2025-08-11 22:06:26,157.0,30.6,20.3,25.72,2.79,0,157
0.716,20.046,0.591,88.9,1.102,2025-08-11 22:06:26,157.0,30.6,20.3,25.72,2.79,0,157
0.701,20.072,0.707,88.759,1.101,2025-08-11 22:06:26,157.0,30.6,20.3,25.72,2.79,0,157
0.715,20.078,0.385,88.893,1.114,2025-08-11 22:06:26,157.0,30.6,20.3,25.72,2.79,0,157
0.728,20.046,0.654,88.916,1.104,2025-08-11 22:06:26,157.0,30.6,20.3,25.72,2.79,0,157
0.719,20.009,0.567,88.772,1.173,2025-08-11 22:21:27,158.0,32.7,19.2,26.71,3.49,0,158
0.723,19.987,0.543,88.701,1.074,2025-08-11 22:21:27,158.0,32.7,19.2,26.71,3.49,0,158
0.719,20.087,0.518,88.874,1.068,2025-08-11 22:21:27,158.0,32.7,19.2,26.71,3.49,0,158
0.716,20.046,0.543,88.782,1.127,2025-08-11 22:21:27,158.0,32.7,19.2,26.71,3.49,0,158
0.688,19.918,0.402,88.881,1.098,2025-08-11 22:21:27,158.0,32.7,19.2,26.71,3.49,0,158
0.723,20.025,0.518,88.748,1.149,2025-08-11 22:21:27,158.0,32.7,19.2,26.71,3.49,0,158
0.738,20.043,0.55,88.685,1.078,2025-08-11 22:21:27,158.0,32.7,19.2,26.71,3.49,0,158
0.704,19.965,0.532,88.927,1.127,2025-08-11 22:21:27,158.0,32.7,19.2,26.71,3.49,0,158
0.72,20.009,0.5,89.019,1.177,2025-08-11 22:21:27,158.0,32.7,19.2,26.71,3.49,0,158
0.727,19.984,0.381,89.074,1.214,2025-08-11 22:21:27,158.0,32.7,19.2,26.71,3.49,0,158
0.717,19.981,0.466,88.865,1.127,2025-08-11 22:21:27,158.0,32.7,19.2,26.71,3.49,0,158
0.706,19.99,0.55,88.997,1.092,2025-08-11 22:21:27,158.0,32.7,19.2,26.71,3.49,0,158
0.701,20.112,0.438,88.6,1.14,2025-08-11 22:21:27,158.0,32.7,19.2,26.71,3.49,0,158
0.708,20.068,0.49,88.59,1.136,2025-08-11 22:21:27,158.0,32.7,19.2,26.71,3.49,0,158
0.728,20.075,0.578,88.619,1.049,2025-08-11 22:21:27,158.0,32.7,19.2,26.71,3.49,0,158
0.71,19.937,0.591,88.695,1.095,2025-08-11 22:21:27,158.0,32.7,19.2,26.71,3.49,0,158
0.736,20.034,0.49,88.574,1.042,2025-08-11 22:21:27,158.0,32.7,19.2,26.71,3.49,0,158
0.718,20.056,0.375,88.739,1.08,2025-08-11 22:21:27,158.0,32.7,19.2,26.71,3.49,0,158
0.728,20.097,0.518,88.995,1.064,2025-08-12 11:12:28,159.0,33.8,20.8,26.73,3.26,0,159
0.721,19.999,0.511,88.938,1.078,2025-08-12 11:12:28,159.0,33.8,20.8,26.73,3.26,0,159
0.702,19.874,0.476,88.742,1.118,2025-08-12 11:12:28,159.0,33.8,20.8,26.73,3.26,0,159
0.707,20.059,0.553,88.949,1.084,2025-08-12 11:12:28,159.0,33.8,20.8,26.73,3.26,0,159
0.713,20.084,0.413,88.759,1.05,2025-08-12 11:12:28,159.0,33.8,20.8,26.73,3.26,0,159
0.72,19.943,0.641,88.826,1.053,2025-08-12 11:12:28,159.0,33.8,20.8,26.73,3.26,0,159
0.685,19.896,0.612,88.746,1.081,2025-08-12 11:12:28,159.0,33.8,20.8,26.73,3.26,0,159
0.707,20.006,0.371,88.717,1.08,2025-08-12 11:12:28,159.0,33.8,20.8,26.73,3.26,0,159
0.712,19.974,0.472,88.773,1.069,2025-08-12 11:12:28,159.0,33.8,20.8,26.73,3.26,0,159
0.713,20.094,0.665,88.846,1.071,2025-08-12 11:12:28,159.0,33.8,20.8,26.73,3.26,0,159
0.727,19.968,0.458,88.883,1.074,2025-08-12 11:12:28,159.0,33.8,20.8,26.73,3.26,0,159
0.716,20.031,0.704,88.78,1.059,2025-08-12 11:12:28,159.0,33.8,20.8,26.73,3.26,0,159
0.741,20.075,0.452,88.838,1.106,2025-08-12 11:12:28,159.0,33.8,20.8,26.73,3.26,0,159
0.703,19.927,0.511,88.551,0.987,2025-08-12 11:12:28,159.0,33.8,20.8,26.73,3.26,0,159
0.735,20.062,0.434,89.112,1.077,2025-08-12 11:12:28,159.0,33.8,20.8,26.73,3.26,0,159
0.71,20.112,0.466,88.654,1.065,2025-08-12 11:12:28,159.0,33.8,20.8,26.73,3.26,0,159
0.737,20.018,0.354,88.905,1.091,2025-08-12 11:12:28,159.0,33.8,20.8,26.73,3.26,0,159
0.735,19.937,0.466,88.992,1.105,2025-08-12 11:12:28,159.0,33.8,20.8,26.73,3.26,0,159
0.704,19.937,0.633,88.853,1.049,2025-08-12 11:12:28,159.0,33.8,20.8,26.73,3.26,0,159
0.701,20.003,0.515,88.981,1.073,2025-08-12 11:12:28,159.0,33.8,20.8,26.73,3.26,0,159
0.703,20.04,0.458,89.032,1.077,2025-08-12 11:42:30,160.0,37.8,22.8,26.81,3.01,0,160
0.706,19.955,0.438,88.67,1.061,2025-08-12 11:42:30,160.0,37.8,22.8,26.81,3.01,0,160
0.71,20.059,0.508,88.953,1.14,2025-08-12 11:42:30,160.0,37.8,22.8,26.81,3.01,0,160
0.697,19.937,0.662,88.888,1.055,2025-08-12 11:42:30,160.0,37.8,22.8,26.81,3.01,0,160
0.693,19.908,0.609,89.009,1.018,2025-08-12 11:42:30,160.0,37.8,22.8,26.81,3.01,0,160
0.715,19.968,0.619,89.042,1.105,2025-08-12 11:42:30,160.0,37.8,22.8,26.81,3.01,0,160
0.686,19.864,0.679,88.91,1.051,2025-08-12 11:42:30,160.0,37.8,22.8,26.81,3.01,0,160
0.72,19.927,0.487,88.931,1.103,2025-08-12 11:42:30,160.0,37.8,22.8,26.81,3.01,0,160
0.718,19.921,0.584,88.955,1.11,2025-08-12 11:42:30,160.0,37.8,22.8,26.81,3.01,0,160
0.725,19.915,0.465,88.862,1.137,2025-08-12 11:42:30,160.0,37.8,22.8,26.81,3.01,0,160
0.708,19.918,0.567,88.909,1.042,2025-08-12 11:42:30,160.0,37.8,22.8,26.81,3.01,0,160
0.704,19.959,0.588,89.032,1.063,2025-08-12 11:42:30,160.0,37.8,22.8,26.81,3.01,0,160
0.708,19.883,0.577,89.2,1.123,2025-08-12 11:42:30,160.0,37.8,22.8,26.81,3.01,0,160
0.714,19.918,0.431,88.773,1.041,2025-08-12 11:42:30,160.0,37.8,22.8,26.81,3.01,0,160
0.721,19.996,0.452,89.072,1.083,2025-08-12 11:42:30,160.0,37.8,22.8,26.81,3.01,0,160
0.715,20.006,0.375,88.924,1.056,2025-08-12 11:42:30,160.0,37.8,22.8,26.81,3.01,0,160
0.706,19.883,0.476,88.931,1.048,2025-08-12 11:42:30,160.0,37.8,22.8,26.81,3.01,0,160
0.701,19.959,0.214,88.634,1.074,2025-08-12 11:42:30,160.0,37.8,22.8,26.81,3.01,0,160
0.707,19.871,0.427,88.811,1.012,2025-08-12 11:42:30,160.0,37.8,22.8,26.81,3.01,0,160
0.719,19.959,0.452,88.89,1.127,2025-08-12 11:42:30,160.0,37.8,22.8,26.81,3.01,0,160
0.701,19.99,0.479,88.657,1.094,2025-08-12 11:57:31,161.0,29.2,22.9,26.39,1.65,0,161
0.695,19.902,0.633,88.833,1.077,2025-08-12 11:57:31,161.0,29.2,22.9,26.39,1.65,0,161
0.688,19.999,0.567,89.049,1.05,2025-08-12 11:57:31,161.0,29.2,22.9,26.39,1.65,0,161
0.694,19.845,0.455,88.853,1.11,2025-08-12 11:57:31,161.0,29.2,22.9,26.39,1.65,0,161
0.715,19.981,0.501,89.008,1.088,2025-08-12 11:57:31,161.0,29.2,22.9,26.39,1.65,0,161
0.707,19.874,0.423,89.085,1.086,2025-08-12 11:57:31,161.0,29.2,22.9,26.39,1.65,0,161
0.705,19.955,0.529,88.891,1.07,2025-08-12 11:57:31,161.0,29.2,22.9,26.39,1.65,0,161
0.714,19.984,0.679,89.039,1.046,2025-08-12 11:57:31,161.0,29.2,22.9,26.39,1.65,0,161
0.71,19.927,0.402,88.959,1.101,2025-08-12 11:57:31,161.0,29.2,22.9,26.39,1.65,0,161
0.704,19.955,0.417,88.922,1.066,2025-08-12 11:57:31,161.0,29.2,22.9,26.39,1.65,0,161
0.695,19.924,0.672,88.838,0.998,2025-08-12 11:57:31,161.0,29.2,22.9,26.39,1.65,0,161
0.704,19.977,0.525,88.806,1.02,2025-08-12 11:57:31,161.0,29.2,22.9,26.39,1.65,0,161
0.71,19.908,0.571,88.636,1.086,2025-08-12 11:57:31,161.0,29.2,22.9,26.39,1.65,0,161
0.695,19.952,0.532,88.9,1.015,2025-08-12 11:57:31,161.0,29.2,22.9,26.39,1.65,0,161
0.706,19.933,0.581,89.028,1.024,2025-08-12 11:57:31,161.0,29.2,22.9,26.39,1.65,0,161
0.717,19.968,0.633,89.225,1.031,2025-08-12 11:57:31,161.0,29.2,22.9,26.39,1.65,0,161
0.685,19.999,0.448,88.592,1.031,2025-08-12 11:57:31,161.0,29.2,22.9,26.39,1.65,0,161
0.75,19.952,0.473,88.83,1.152,2025-08-12 11:57:31,161.0,29.2,22.9,26.39,1.65,0,161
0.685,19.968,0.427,89.074,1.019,2025-08-12 11:57:31,161.0,29.2,22.9,26.39,1.65,0,161
0.703,19.93,0.511,88.869,1.079,2025-08-12 11:57:31,161.0,29.2,22.9,26.39,1.65,0,161
0.686,19.937,0.49,88.766,1.065,2025-08-12 13:22:34,162.0,29.7,21.0,25.97,2.33,0,162
0.709,20.081,0.546,88.889,1.036,2025-08-12 13:22:34,162.0,29.7,21.0,25.97,2.33,0,162
0.739,19.987,0.546,89.061,1.14,2025-08-12 13:22:34,162.0,29.7,21.0,25.97,2.33,0,162
0.69,19.833,0.507,89.352,1.075,2025-08-12 13:22:34,162.0,29.7,21.0,25.97,2.33,0,162
0.712,19.968,0.465,89.051,1.078,2025-08-12 13:22:34,162.0,29.7,21.0,25.97,2.33,0,162
0.712,20.075,0.619,88.959,1.092,2025-08-12 13:22:34,162.0,29.7,21.0,25.97,2.33,0,162
0.679,19.839,0.525,88.708,1.05,2025-08-12 13:22:34,162.0,29.7,21.0,25.97,2.33,0,162
0.705,19.965,0.539,88.996,1.075,2025-08-12 13:22:34,162.0,29.7,21.0,25.97,2.33,0,162
0.697,19.817,0.539,88.824,1.043,2025-08-12 13:22:34,162.0,29.7,21.0,25.97,2.33,0,162
0.741,20.015,0.581,88.809,1.108,2025-08-12 13:22:34,162.0,29.7,21.0,25.97,2.33,0,162
0.702,20.012,0.585,88.697,1.059,2025-08-12 13:22:34,162.0,29.7,21.0,25.97,2.33,0,162
0.688,19.82,0.543,88.684,1.085,2025-08-12 13:22:34,162.0,29.7,21.0,25.97,2.33,0,162
0.722,19.943,0.616,88.769,1.082,2025-08-12 13:22:34,162.0,29.7,21.0,25.97,2.33,0,162
0.716,20.018,0.476,88.688,1.038,2025-08-12 13:22:34,162.0,29.7,21.0,25.97,2.33,0,162
0.727,20.006,0.497,88.917,1.105,2025-08-12 13:22:34,162.0,29.7,21.0,25.97,2.33,0,162
0.743,19.981,0.473,88.874,1.107,2025-08-12 13:22:34,162.0,29.7,21.0,25.97,2.33,0,162
0.708,19.977,0.602,88.852,1.095,2025-08-12 13:22:34,162.0,29.7,21.0,25.97,2.33,0,162
0.704,19.886,0.546,89.242,1.101,2025-08-12 13:22:34,162.0,29.7,21.0,25.97,2.33,0,162
0.699,20.09,0.574,89.028,1.04,2025-08-12 13:22:34,162.0,29.7,21.0,25.97,2.33,0,162
0.719,19.801,0.452,88.764,1.093,2025-08-12 13:22:34,162.0,29.7,21.0,25.97,2.33,0,162
0.739,19.962,0.49,89.099,1.074,2025-08-12 13:37:35,163.0,85.2,21.2,29.65,13.36,0,163
0.71,19.965,0.599,88.836,1.066,2025-08-12 13:37:35,163.0,85.2,21.2,29.65,13.36,0,163
0.705,19.849,0.417,88.977,1.039,2025-08-12 13:37:35,163.0,85.2,21.2,29.65,13.36,0,163
0.722,19.965,0.598,88.898,1.036,2025-08-12 13:37:35,163.0,85.2,21.2,29.65,13.36,0,163
0.716,20.006,0.508,89.011,1.067,2025-08-12 13:37:35,163.0,85.2,21.2,29.65,13.36,0,163
0.726,19.874,0.49,89.093,1.071,2025-08-12 13:37:35,163.0,85.2,21.2,29.65,13.36,0,163
0.719,19.946,0.609,89.426,1.072,2025-08-12 13:37:35,163.0,85.2,21.2,29.65,13.36,0,163
0.707,19.915,0.543,88.869,1.075,2025-08-12 13:37:35,163.0,85.2,21.2,29.65,13.36,0,163
0.716,19.861,0.675,89.056,1.051,2025-08-12 13:37:35,163.0,85.2,21.2,29.65,13.36,0,163
0.703,19.959,0.588,88.894,1.056,2025-08-12 13:37:35,163.0,85.2,21.2,29.65,13.36,0,163
0.723,20.025,0.441,88.971,1.112,2025-08-12 13:37:35,163.0,85.2,21.2,29.65,13.36,0,163
0.679,19.783,0.479,88.676,1.062,2025-08-12 13:37:35,163.0,85.2,21.2,29.65,13.36,0,163
0.712,19.999,0.578,89.025,1.02,2025-08-12 13:37:35,163.0,85.2,21.2,29.65,13.36,0,163
0.694,19.871,0.451,88.816,1.095,2025-08-12 13:37:35,163.0,85.2,21.2,29.65,13.36,0,163
0.745,20.037,0.616,89.262,1.1,2025-08-12 13:37:35,163.0,85.2,21.2,29.65,13.36,0,163
0.694,19.861,0.56,88.919,1.078,2025-08-12 13:37:35,163.0,85.2,21.2,29.65,13.36,0,163
0.69,19.899,0.571,88.825,1.076,2025-08-12 13:37:35,163.0,85.2,21.2,29.65,13.36,0,163
0.724,19.977,0.567,88.919,1.033,2025-08-12 13:37:35,163.0,85.2,21.2,29.65,13.36,0,163
0.724,19.849,0.581,88.877,1.086,2025-08-12 13:37:35,163.0,85.2,21.2,29.65,13.36,0,163
0.706,19.974,0.49,89.053,1.084,2025-08-12 14:52:36,164.0,31.6,24.7,26.64,1.84,0,164
0.718,19.971,0.535,88.832,1.102,2025-08-12 14:52:36,164.0,31.6,24.7,26.64,1.84,0,164
0.701,19.943,0.525,88.937,1.006,2025-08-12 14:52:36,164.0,31.6,24.7,26.64,1.84,0,164
0.723,20.009,0.543,89.129,1.153,2025-08-12 14:52:36,164.0,31.6,24.7,26.64,1.84,0,164
0.697,19.937,0.371,88.852,1.09,2025-08-12 14:52:36,164.0,31.6,24.7,26.64,1.84,0,164
0.717,19.915,0.644,88.55,1.09,2025-08-12 14:52:36,164.0,31.6,24.7,26.64,1.84,0,164
0.735,20.012,0.532,88.8,1.197,2025-08-12 14:52:36,164.0,31.6,24.7,26.64,1.84,0,164
0.701,19.877,0.406,88.73,1.026,2025-08-12 14:52:36,164.0,31.6,24.7,26.64,1.84,0,164
0.725,20.028,0.388,88.889,1.138,2025-08-12 14:52:36,164.0,31.6,24.7,26.64,1.84,0,164
0.727,19.842,0.371,88.959,1.11,2025-08-12 14:52:36,164.0,31.6,24.7,26.64,1.84,0,164
0.715,20.015,0.585,88.794,1.101,2025-08-12 14:52:36,164.0,31.6,24.7,26.64,1.84,0,164
0.706,20.025,0.518,89.032,1.06,2025-08-12 14:52:36,164.0,31.6,24.7,26.64,1.84,0,164
0.722,20.05,0.473,88.874,1.074,2025-08-12 14:52:36,164.0,31.6,24.7,26.64,1.84,0,164
0.724,19.962,0.62,89.008,1.113,2025-08-12 14:52:36,164.0,31.6,24.7,26.64,1.84,0,164
0.711,20.059,0.675,88.687,1.023,2025-08-12 14:52:36,164.0,31.6,24.7,26.64,1.84,0,164
0.701,19.94,0.616,88.867,1.09,2025-08-12 14:52:36,164.0,31.6,24.7,26.64,1.84,0,164
0.715,19.93,0.591,88.799,1.055,2025-08-12 14:52:36,164.0,31.6,24.7,26.64,1.84,0,164
0.72,20.006,0.616,88.652,1.069,2025-08-12 14:52:36,164.0,31.6,24.7,26.64,1.84,0,164
0.742,19.984,0.55,88.827,1.176,2025-08-12 14:52:36,164.0,31.6,24.7,26.64,1.84,0,164
0.688,19.88,0.739,88.874,1.086,2025-08-12 14:52:36,164.0,31.6,24.7,26.64,1.84,0,164
0.745,20.043,0.423,88.926,1.12,2025-08-12 16:02:38,165.0,30.2,22.1,26.31,2.08,0,165
0.719,19.996,0.546,88.7,1.145,2025-08-12 16:02:38,165.0,30.2,22.1,26.31,2.08,0,165
0.748,20.028,0.431,88.989,1.17,2025-08-12 16:02:38,165.0,30.2,22.1,26.31,2.08,0,165
0.725,20.021,0.55,88.894,1.09,2025-08-12 16:02:38,165.0,30.2,22.1,26.31,2.08,0,165
0.709,19.971,0.623,88.655,1.149,2025-08-12 16:02:38,165.0,30.2,22.1,26.31,2.08,0,165
0.722,19.915,0.577,88.857,1.06,2025-08-12 16:02:38,165.0,30.2,22.1,26.31,2.08,0,165
0.706,20.015,0.427,88.797,1.078,2025-08-12 16:02:38,165.0,30.2,22.1,26.31,2.08,0,165
0.732,20.043,0.444,88.68,1.17,2025-08-12 16:02:38,165.0,30.2,22.1,26.31,2.08,0,165
0.706,19.908,0.458,88.823,1.08,2025-08-12 16:02:38,165.0,30.2,22.1,26.31,2.08,0,165
0.718,19.852,0.385,88.839,1.143,2025-08-12 16:02:38,165.0,30.2,22.1,26.31,2.08,0,165
0.7,19.955,0.71,88.95,1.02,2025-08-12 16:02:38,165.0,30.2,22.1,26.31,2.08,0,165
0.725,19.962,0.654,88.941,1.169,2025-08-12 16:02:38,165.0,30.2,22.1,26.31,2.08,0,165
0.718,19.94,0.448,88.636,1.087,2025-08-12 16:02:38,165.0,30.2,22.1,26.31,2.08,0,165
0.697,19.918,0.633,88.816,1.086,2025-08-12 16:02:38,165.0,30.2,22.1,26.31,2.08,0,165
0.723,19.987,0.536,88.953,1.123,2025-08-12 16:02:38,165.0,30.2,22.1,26.31,2.08,0,165
0.692,19.965,0.413,88.756,1.013,2025-08-12 16:02:38,165.0,30.2,22.1,26.31,2.08,0,165
0.712,20.012,0.535,88.777,0.997,2025-08-12 16:02:38,165.0,30.2,22.1,26.31,2.08,0,165
0.717,20.021,0.588,88.888,1.141,2025-08-12 16:02:38,165.0,30.2,22.1,26.31,2.08,0,165
0.705,19.883,0.602,88.843,1.087,2025-08-12 16:02:38,165.0,30.2,22.1,26.31,2.08,0,165
0.685,20.037,0.346,88.686,1.054,2025-08-12 18:52:42,166.0,85.5,22.8,28.75,13.47,0,166
0.698,19.94,0.543,89.023,1.095,2025-08-12 18:52:42,166.0,85.5,22.8,28.75,13.47,0,166
0.734,19.933,0.581,88.846,1.074,2025-08-12 18:52:42,166.0,85.5,22.8,28.75,13.47,0,166
0.707,19.924,0.378,88.828,1.105,2025-08-12 18:52:42,166.0,85.5,22.8,28.75,13.47,0,166
0.689,19.93,0.469,88.657,1.054,2025-08-12 18:52:42,166.0,85.5,22.8,28.75,13.47,0,166
0.734,19.968,0.612,88.837,1.157,2025-08-12 18:52:42,166.0,85.5,22.8,28.75,13.47,0,166
0.714,20.075,0.385,88.934,1.13,2025-08-12 18:52:42,166.0,85.5,22.8,28.75,13.47,0,166
0.738,20.018,0.605,88.914,1.106,2025-08-12 18:52:42,166.0,85.5,22.8,28.75,13.47,0,166
0.746,20.05,0.511,89.07,1.183,2025-08-12 18:52:42,166.0,85.5,22.8,28.75,13.47,0,166
0.724,19.883,0.486,88.943,1.151,2025-08-12 18:52:42,166.0,85.5,22.8,28.75,13.47,0,166
0.725,19.937,0.522,88.869,1.114,2025-08-12 18:52:42,166.0,85.5,22.8,28.75,13.47,0,166
0.724,20.053,0.521,88.936,1.15,2025-08-12 18:52:42,166.0,85.5,22.8,28.75,13.47,0,166
0.744,20.043,0.529,88.806,1.114,2025-08-12 18:52:42,166.0,85.5,22.8,28.75,13.47,0,166
0.693,19.999,0.714,88.878,1.009,2025-08-12 18:52:42,166.0,85.5,22.8,28.75,13.47,0,166
0.718,19.981,0.574,89.131,1.12,2025-08-12 18:52:42,166.0,85.5,22.8,28.75,13.47,0,166
0.726,19.977,0.55,88.785,1.108,2025-08-12 18:52:42,166.0,85.5,22.8,28.75,13.47,0,166
0.714,19.999,0.577,88.926,1.061,2025-08-12 18:52:42,166.0,85.5,22.8,28.75,13.47,0,166
0.694,20.012,0.48,88.912,1.057,2025-08-12 18:52:42,166.0,85.5,22.8,28.75,13.47,0,166
0.716,19.889,0.301,88.757,1.117,2025-08-12 18:52:42,166.0,85.5,22.8,28.75,13.47,0,166
0.731,20.043,0.564,88.861,1.131,2025-08-12 19:27:45,167.0,29.3,22.6,25.63,1.85,0,167
0.71,19.927,0.675,88.859,1.091,2025-08-12 19:27:45,167.0,29.3,22.6,25.63,1.85,0,167
0.731,20.018,0.521,88.984,1.161,2025-08-12 19:27:45,167.0,29.3,22.6,25.63,1.85,0,167
0.71,20.015,0.539,88.968,1.128,2025-08-12 19:27:45,167.0,29.3,22.6,25.63,1.85,0,167
0.718,19.974,0.633,88.755,1.087,2025-08-12 19:27:45,167.0,29.3,22.6,25.63,1.85,0,167
0.71,19.981,0.451,88.765,1.123,2025-08-12 19:27:45,167.0,29.3,22.6,25.63,1.85,0,167
0.699,20.034,0.494,88.96,1.05,2025-08-12 19:27:45,167.0,29.3,22.6,25.63,1.85,0,167
0.708,19.952,0.473,88.806,1.092,2025-08-12 19:27:45,167.0,29.3,22.6,25.63,1.85,0,167
0.722,19.883,0.668,89.006,1.088,2025-08-12 19:27:45,167.0,29.3,22.6,25.63,1.85,0,167
0.741,20.138,0.574,88.769,1.102,2025-08-12 19:27:45,167.0,29.3,22.6,25.63,1.85,0,167
0.711,20.037,0.546,88.652,1.046,2025-08-12 19:27:45,167.0,29.3,22.6,25.63,1.85,0,167
0.717,19.921,0.577,89.055,1.117,2025-08-12 19:27:45,167.0,29.3,22.6,25.63,1.85,0,167
0.717,19.855,0.431,88.757,1.163,2025-08-12 19:27:45,167.0,29.3,22.6,25.63,1.85,0,167
0.702,19.984,0.427,88.643,1.081,2025-08-12 19:27:45,167.0,29.3,22.6,25.63,1.85,0,167
0.724,20.012,0.511,88.786,1.085,2025-08-12 19:27:45,167.0,29.3,22.6,25.63,1.85,0,167
0.689,19.911,0.525,88.881,1.082,2025-08-12 19:27:45,167.0,29.3,22.6,25.63,1.85,0,167
0.739,19.999,0.553,88.899,1.079,2025-08-12 19:27:45,167.0,29.3,22.6,25.63,1.85,0,167
0.713,20.028,0.599,88.735,1.126,2025-08-12 19:27:45,167.0,29.3,22.6,25.63,1.85,0,167
0.698,19.962,0.63,88.849,1.161,2025-08-12 22:07:48,168.0,31.7,24.0,26.69,2.18,0,168
0.688,19.886,0.577,88.869,1.06,2025-08-12 22:07:48,168.0,31.7,24.0,26.69,2.18,0,168
0.705,20.075,0.353,89.056,1.096,2025-08-12 22:07:48,168.0,31.7,24.0,26.69,2.18,0,168
0.703,19.905,0.5,88.802,1.068,2025-08-12 22:07:48,168.0,31.7,24.0,26.69,2.18,0,168
0.676,19.877,0.406,88.984,1.019,2025-08-12 22:07:48,168.0,31.7,24.0,26.69,2.18,0,168
0.703,19.889,0.676,88.824,1.093,2025-08-12 22:07:48,168.0,31.7,24.0,26.69,2.18,0,168
0.698,19.937,0.518,89.057,1.064,2025-08-12 22:07:48,168.0,31.7,24.0,26.69,2.18,0,168
0.73,19.977,0.599,88.845,1.051,2025-08-12 22:07:48,168.0,31.7,24.0,26.69,2.18,0,168
0.713,19.933,0.571,88.771,1.124,2025-08-12 22:07:48,168.0,31.7,24.0,26.69,2.18,0,168
0.708,19.921,0.385,88.884,1.113,2025-08-12 22:07:48,168.0,31.7,24.0,26.69,2.18,0,168
0.704,19.943,0.444,88.965,1.045,2025-08-12 22:07:48,168.0,31.7,24.0,26.69,2.18,0,168
0.702,20.003,0.462,88.972,1.047,2025-08-12 22:07:48,168.0,31.7,24.0,26.69,2.18,0,168
0.688,19.899,0.466,88.659,1.067,2025-08-12 22:07:48,168.0,31.7,24.0,26.69,2.18,0,168
0.727,19.952,0.574,88.794,1.063,2025-08-12 22:07:48,168.0,31.7,24.0,26.69,2.18,0,168
0.735,20.084,0.287,88.83,1.129,2025-08-12 22:07:48,168.0,31.7,24.0,26.69,2.18,0,168
0.711,19.943,0.224,88.723,1.152,2025-08-12 22:07:48,168.0,31.7,24.0,26.69,2.18,0,168
0.701,20.094,0.644,88.987,1.1,2025-08-12 22:07:48,168.0,31.7,24.0,26.69,2.18,0,168
0.743,20.062,0.494,89.071,1.153,2025-08-12 22:07:48,168.0,31.7,24.0,26.69,2.18,0,168
0.703,19.911,0.483,88.695,1.093,2025-08-12 22:07:48,168.0,31.7,24.0,26.69,2.18,0,168
0.708,19.927,0.455,88.97,1.118,2025-08-13 07:57:17,169.0,53.0,23.4,28.47,6.3,0,169
0.698,19.933,0.735,88.998,1.06,2025-08-13 07:57:17,169.0,53.0,23.4,28.47,6.3,0,169
0.694,19.99,0.402,88.96,0.981,2025-08-13 07:57:17,169.0,53.0,23.4,28.47,6.3,0,169
0.696,19.959,0.487,88.992,1.037,2025-08-13 07:57:17,169.0,53.0,23.4,28.47,6.3,0,169
0.72,20.05,0.648,88.905,1.11,2025-08-13 07:57:17,169.0,53.0,23.4,28.47,6.3,0,169
0.718,20.021,0.718,88.91,1.043,2025-08-13 07:57:17,169.0,53.0,23.4,28.47,6.3,0,169
0.709,19.889,0.444,88.841,1.051,2025-08-13 07:57:17,169.0,53.0,23.4,28.47,6.3,0,169
0.719,19.965,0.455,88.799,1.16,2025-08-13 07:57:17,169.0,53.0,23.4,28.47,6.3,0,169
0.693,19.965,0.497,88.905,1.045,2025-08-13 07:57:17,169.0,53.0,23.4,28.47,6.3,0,169
0.734,20.003,0.616,89.023,1.156,2025-08-13 07:57:17,169.0,53.0,23.4,28.47,6.3,0,169
0.706,19.993,0.434,88.646,1.082,2025-08-13 07:57:17,169.0,53.0,23.4,28.47,6.3,0,169
0.734,20.037,0.522,88.902,1.146,2025-08-13 07:57:17,169.0,53.0,23.4,28.47,6.3,0,169
0.726,19.924,0.609,88.835,1.079,2025-08-13 07:57:17,169.0,53.0,23.4,28.47,6.3,0,169
0.726,19.864,0.532,88.719,1.049,2025-08-13 07:57:17,169.0,53.0,23.4,28.47,6.3,0,169
0.71,19.839,0.535,88.901,1.057,2025-08-13 07:57:17,169.0,53.0,23.4,28.47,6.3,0,169
0.696,19.999,0.448,88.769,1.054,2025-08-13 07:57:17,169.0,53.0,23.4,28.47,6.3,0,169
0.715,19.874,0.504,89.054,1.142,2025-08-13 07:57:17,169.0,53.0,23.4,28.47,6.3,0,169
0.742,19.949,0.375,88.836,1.173,2025-08-13 07:57:17,169.0,53.0,23.4,28.47,6.3,0,169
0.699,19.896,0.479,89.242,1.027,2025-08-13 07:57:17,169.0,53.0,23.4,28.47,6.3,0,169
0.726,19.974,0.427,88.89,1.137,2025-08-13 11:07:23,170.0,29.9,23.4,26.62,2.02,0,170
0.733,19.905,0.473,89.114,1.083,2025-08-13 11:07:23,170.0,29.9,23.4,26.62,2.02,0,170
0.718,19.943,0.28,88.997,1.103,2025-08-13 11:07:23,170.0,29.9,23.4,26.62,2.02,0,170
0.729,19.93,0.374,88.679,1.096,2025-08-13 11:07:23,170.0,29.9,23.4,26.62,2.02,0,170
0.693,19.886,0.368,89.001,1.101,2025-08-13 11:07:23,170.0,29.9,23.4,26.62,2.02,0,170
0.731,19.94,0.557,89.074,1.176,2025-08-13 11:07:23,170.0,29.9,23.4,26.62,2.02,0,170
0.696,19.943,0.259,88.779,1.006,2025-08-13 11:07:23,170.0,29.9,23.4,26.62,2.02,0,170
0.707,19.905,0.455,88.785,1.099,2025-08-13 11:07:23,170.0,29.9,23.4,26.62,2.02,0,170
0.73,19.981,0.315,88.946,1.194,2025-08-13 11:07:23,170.0,29.9,23.4,26.62,2.02,0,170
0.707,19.94,0.312,88.648,1.135,2025-08-13 11:07:23,170.0,29.9,23.4,26.62,2.02,0,170
0.724,20.021,0.458,88.879,1.142,2025-08-13 11:07:23,170.0,29.9,23.4,26.62,2.02,0,170
0.71,19.946,0.455,88.887,1.152,2025-08-13 11:07:23,170.0,29.9,23.4,26.62,2.02,0,170
0.689,19.861,0.298,89.117,1.063,2025-08-13 11:07:23,170.0,29.9,23.4,26.62,2.02,0,170
0.749,20.012,0.497,88.964,1.101,2025-08-13 11:07:23,170.0,29.9,23.4,26.62,2.02,0,170
0.715,20.009,0.402,88.927,1.171,2025-08-13 11:07:23,170.0,29.9,23.4,26.62,2.02,0,170
0.709,19.937,0.679,89.31,1.132,2025-08-13 11:07:23,170.0,29.9,23.4,26.62,2.02,0,170
0.736,19.911,0.445,88.994,1.147,2025-08-13 11:07:23,170.0,29.9,23.4,26.62,2.02,0,170
0.683,19.965,0.466,88.963,1.092,2025-08-13 11:07:23,170.0,29.9,23.4,26.62,2.02,0,170
0.732,19.93,0.438,88.966,1.171,2025-08-13 11:07:23,170.0,29.9,23.4,26.62,2.02,0,170
0.741,19.911,0.413,89.143,1.173,2025-08-13 11:07:23,170.0,29.9,23.4,26.62,2.02,0,170
0.719,19.94,0.487,88.897,1.163,2025-08-13 11:47:25,171.0,30.8,23.0,27.02,1.86,0,171
0.692,19.955,0.385,89.205,1.026,2025-08-13 11:47:25,171.0,30.8,23.0,27.02,1.86,0,171
0.727,19.946,0.55,89.137,1.059,2025-08-13 11:47:25,171.0,30.8,23.0,27.02,1.86,0,171
0.731,19.984,0.56,89.367,1.183,2025-08-13 11:47:25,171.0,30.8,23.0,27.02,1.86,0,171
0.714,19.896,0.374,89.04,1.164,2025-08-13 11:47:25,171.0,30.8,23.0,27.02,1.86,0,171
0.711,19.915,0.494,88.993,1.029,2025-08-13 11:47:25,171.0,30.8,23.0,27.02,1.86,0,171
0.724,19.955,0.385,88.934,1.126,2025-08-13 11:47:25,171.0,30.8,23.0,27.02,1.86,0,171
0.734,19.937,0.5,88.919,1.119,2025-08-13 11:47:25,171.0,30.8,23.0,27.02,1.86,0,171
0.711,19.915,0.511,89.01,1.172,2025-08-13 11:47:25,171.0,30.8,23.0,27.02,1.86,0,171
0.714,19.93,0.364,88.917,1.084,2025-08-13 11:47:25,171.0,30.8,23.0,27.02,1.86,0,171
0.715,19.915,0.487,88.788,1.056,2025-08-13 11:47:25,171.0,30.8,23.0,27.02,1.86,0,171
0.702,19.937,0.469,88.772,1.112,2025-08-13 11:47:25,171.0,30.8,23.0,27.02,1.86,0,171
0.737,19.94,0.434,89.013,1.131,2025-08-13 11:47:25,171.0,30.8,23.0,27.02,1.86,0,171
0.714,19.987,0.388,88.842,1.115,2025-08-13 11:47:25,171.0,30.8,23.0,27.02,1.86,0,171
0.745,20.006,0.381,88.992,1.144,2025-08-13 11:47:25,171.0,30.8,23.0,27.02,1.86,0,171
0.734,19.911,0.378,88.863,1.144,2025-08-13 11:47:25,171.0,30.8,23.0,27.02,1.86,0,171
0.73,20.021,0.406,89.149,1.122,2025-08-13 11:47:25,171.0,30.8,23.0,27.02,1.86,0,171
0.717,19.952,0.455,89.022,1.042,2025-08-13 11:47:25,171.0,30.8,23.0,27.02,1.86,0,171
0.713,19.915,0.462,88.998,1.099,2025-08-13 11:47:25,171.0,30.8,23.0,27.02,1.86,0,171
0.705,20.062,0.284,88.969,1.137,2025-08-13 11:47:25,171.0,30.8,23.0,27.02,1.86,0,171
0.724,19.984,0.388,89.024,1.128,2025-08-13 13:22:28,172.0,84.39999,16.8,28.61,13.49,0,172
0.717,20.053,0.494,88.859,1.167,2025-08-13 13:22:28,172.0,84.39999,16.8,28.61,13.49,0,172
0.682,19.927,0.598,88.852,1.055,2025-08-13 13:22:28,172.0,84.39999,16.8,28.61,13.49,0,172
0.714,19.927,0.34,89.03,1.071,2025-08-13 13:22:28,172.0,84.39999,16.8,28.61,13.49,0,172
0.72,19.99,0.42,88.879,1.116,2025-08-13 13:22:28,172.0,84.39999,16.8,28.61,13.49,0,172
0.716,19.861,0.546,89.176,1.121,2025-08-13 13:22:28,172.0,84.39999,16.8,28.61,13.49,0,172
0.701,19.893,0.483,88.867,1.073,2025-08-13 13:22:28,172.0,84.39999,16.8,28.61,13.49,0,172
0.723,19.874,0.63,89.189,1.13,2025-08-13 13:22:28,172.0,84.39999,16.8,28.61,13.49,0,172
0.706,19.933,0.497,89.033,1.077,2025-08-13 13:22:28,172.0,84.39999,16.8,28.61,13.49,0,172
0.717,19.905,0.532,88.817,1.14,2025-08-13 13:22:28,172.0,84.39999,16.8,28.61,13.49,0,172
0.714,19.974,0.438,89.181,1.101,2025-08-13 13:22:28,172.0,84.39999,16.8,28.61,13.49,0,172
0.717,19.937,0.367,88.758,1.075,2025-08-13 13:22:28,172.0,84.39999,16.8,28.61,13.49,0,172
0.696,19.889,0.343,89.112,1.073,2025-08-13 13:22:28,172.0,84.39999,16.8,28.61,13.49,0,172
0.729,20.037,0.333,88.957,1.092,2025-08-13 13:22:28,172.0,84.39999,16.8,28.61,13.49,0,172
0.708,19.836,0.686,89.024,1.125,2025-08-13 13:22:28,172.0,84.39999,16.8,28.61,13.49,0,172
0.706,19.899,0.483,88.771,1.203,2025-08-13 13:22:28,172.0,84.39999,16.8,28.61,13.49,0,172
0.7,19.952,0.602,88.703,1.129,2025-08-13 13:22:28,172.0,84.39999,16.8,28.61,13.49,0,172
0.696,19.949,0.371,88.772,1.116,2025-08-13 13:22:28,172.0,84.39999,16.8,28.61,13.49,0,172
0.709,19.893,0.518,89.002,1.105,2025-08-13 13:22:28,172.0,84.39999,16.8,28.61,13.49,0,172
0.702,19.889,0.353,89.242,1.055,2025-08-13 14:57:30,173.0,33.0,21.5,27.8,2.6,0,173
0.697,19.981,0.396,89.171,1.187,2025-08-13 14:57:30,173.0,33.0,21.5,27.8,2.6,0,173
0.708,19.874,0.571,88.943,1.074,2025-08-13 14:57:30,173.0,33.0,21.5,27.8,2.6,0,173
0.728,19.946,0.34,88.728,1.148,2025-08-13 14:57:30,173.0,33.0,21.5,27.8,2.6,0,173
0.704,19.933,0.381,88.838,1.12,2025-08-13 14:57:30,173.0,33.0,21.5,27.8,2.6,0,173
0.734,19.924,0.399,88.822,1.082,2025-08-13 14:57:30,173.0,33.0,21.5,27.8,2.6,0,173
0.72,19.965,0.371,88.869,1.164,2025-08-13 14:57:30,173.0,33.0,21.5,27.8,2.6,0,173
0.72,19.955,0.479,89.203,1.081,2025-08-13 14:57:30,173.0,33.0,21.5,27.8,2.6,0,173
0.71,19.899,0.364,88.916,1.111,2025-08-13 14:57:30,173.0,33.0,21.5,27.8,2.6,0,173
0.731,19.981,0.333,88.759,1.123,2025-08-13 14:57:30,173.0,33.0,21.5,27.8,2.6,0,173
0.72,19.842,0.455,89.154,1.125,2025-08-13 14:57:30,173.0,33.0,21.5,27.8,2.6,0,173
0.734,19.924,0.472,88.827,1.202,2025-08-13 14:57:30,173.0,33.0,21.5,27.8,2.6,0,173
0.707,19.933,0.508,88.923,1.09,2025-08-13 14:57:30,173.0,33.0,21.5,27.8,2.6,0,173
0.711,19.911,0.515,89.17,1.049,2025-08-13 14:57:30,173.0,33.0,21.5,27.8,2.6,0,173
0.733,19.915,0.333,89.167,1.092,2025-08-13 14:57:30,173.0,33.0,21.5,27.8,2.6,0,173
0.715,19.883,0.5,89.052,1.122,2025-08-13 14:57:30,173.0,33.0,21.5,27.8,2.6,0,173
0.727,19.905,0.479,89.032,1.08,2025-08-13 14:57:30,173.0,33.0,21.5,27.8,2.6,0,173
0.741,19.946,0.298,89.043,1.126,2025-08-13 14:57:30,173.0,33.0,21.5,27.8,2.6,0,173
0.704,19.874,0.598,88.99,1.124,2025-08-13 14:57:30,173.0,33.0,21.5,27.8,2.6,0,173
0.718,19.893,0.29,88.787,1.117,2025-08-13 14:57:30,173.0,33.0,21.5,27.8,2.6,0,173
0.703,20.018,0.34,88.819,1.058,2025-08-13 18:22:35,174.0,85.60001,23.8,30.43,13.15,0,174
0.716,19.984,0.354,89.234,1.109,2025-08-13 18:22:35,174.0,85.60001,23.8,30.43,13.15,0,174
0.721,19.962,0.413,89.176,1.131,2025-08-13 18:22:35,174.0,85.60001,23.8,30.43,13.15,0,174
0.687,20.031,0.34,88.823,1.026,2025-08-13 18:22:35,174.0,85.60001,23.8,30.43,13.15,0,174
0.719,19.987,0.262,88.876,1.128,2025-08-13 18:22:35,174.0,85.60001,23.8,30.43,13.15,0,174
0.723,19.981,0.473,88.798,1.135,2025-08-13 18:22:35,174.0,85.60001,23.8,30.43,13.15,0,174
0.716,19.959,0.364,89.106,1.118,2025-08-13 18:22:35,174.0,85.60001,23.8,30.43,13.15,0,174
0.701,19.94,0.402,88.995,1.202,2025-08-13 18:22:35,174.0,85.60001,23.8,30.43,13.15,0,174
0.726,19.946,0.311,89.023,1.211,2025-08-13 18:22:35,174.0,85.60001,23.8,30.43,13.15,0,174
0.718,19.915,0.441,89.087,1.162,2025-08-13 18:22:35,174.0,85.60001,23.8,30.43,13.15,0,174
0.715,20.062,0.378,88.827,1.143,2025-08-13 18:22:35,174.0,85.60001,23.8,30.43,13.15,0,174
0.722,19.955,0.385,88.976,1.14,2025-08-13 18:22:35,174.0,85.60001,23.8,30.43,13.15,0,174
0.721,19.886,0.392,88.932,1.192,2025-08-13 18:22:35,174.0,85.60001,23.8,30.43,13.15,0,174
0.703,19.974,0.269,88.637,1.097,2025-08-13 18:22:35,174.0,85.60001,23.8,30.43,13.15,0,174
0.689,19.921,0.612,89.109,1.086,2025-08-13 18:22:35,174.0,85.60001,23.8,30.43,13.15,0,174
0.692,19.987,0.364,88.997,1.069,2025-08-13 18:22:35,174.0,85.60001,23.8,30.43,13.15,0,174
0.709,19.933,0.595,88.765,1.065,2025-08-13 18:22:35,174.0,85.60001,23.8,30.43,13.15,0,174
0.728,20.009,0.346,88.914,1.153,2025-08-13 18:22:35,174.0,85.60001,23.8,30.43,13.15,0,174
0.71,20.006,0.361,88.906,1.035,2025-08-13 18:22:35,174.0,85.60001,23.8,30.43,13.15,0,174
0.68,19.984,0.525,89.068,1.033,2025-08-13 21:17:39,175.0,31.0,23.6,27.15,2.08,0,175
0.689,19.946,0.224,88.992,1.028,2025-08-13 21:17:39,175.0,31.0,23.6,27.15,2.08,0,175
0.701,20.021,0.252,88.827,1.156,2025-08-13 21:17:39,175.0,31.0,23.6,27.15,2.08,0,175
0.713,20.028,0.399,88.959,1.05,2025-08-13 21:17:39,175.0,31.0,23.6,27.15,2.08,0,175
0.717,20.021,0.395,89.035,1.026,2025-08-13 21:17:39,175.0,31.0,23.6,27.15,2.08,0,175
0.706,19.949,0.385,88.944,1.068,2025-08-13 21:17:39,175.0,31.0,23.6,27.15,2.08,0,175
0.726,20.084,0.357,89.017,1.089,2025-08-13 21:17:39,175.0,31.0,23.6,27.15,2.08,0,175
0.741,20.106,0.346,89.022,1.134,2025-08-13 21:17:39,175.0,31.0,23.6,27.15,2.08,0,175
0.701,19.968,0.406,88.844,1.063,2025-08-13 21:17:39,175.0,31.0,23.6,27.15,2.08,0,175
0.708,20.075,0.35,89.013,1.169,2025-08-13 21:17:39,175.0,31.0,23.6,27.15,2.08,0,175
0.724,19.965,0.361,89.023,1.137,2025-08-13 21:17:39,175.0,31.0,23.6,27.15,2.08,0,175
0.756,19.981,0.371,88.917,1.12,2025-08-13 21:17:39,175.0,31.0,23.6,27.15,2.08,0,175
0.704,20.068,0.462,88.942,1.089,2025-08-13 21:17:39,175.0,31.0,23.6,27.15,2.08,0,175
0.713,19.999,0.259,89.148,1.107,2025-08-13 21:17:39,175.0,31.0,23.6,27.15,2.08,0,175
0.693,19.959,0.311,88.885,1.093,2025-08-13 21:17:39,175.0,31.0,23.6,27.15,2.08,0,175
0.718,20.046,0.315,89.059,1.084,2025-08-13 21:17:39,175.0,31.0,23.6,27.15,2.08,0,175
0.722,20.09,0.385,88.943,1.074,2025-08-13 21:17:39,175.0,31.0,23.6,27.15,2.08,0,175
0.709,19.952,0.41,88.883,1.124,2025-08-13 21:17:39,175.0,31.0,23.6,27.15,2.08,0,175
0.715,20.05,0.325,89.057,1.079,2025-08-13 21:17:39,175.0,31.0,23.6,27.15,2.08,0,175
0.723,20.046,0.448,89.012,1.113,2025-08-13 21:17:39,175.0,31.0,23.6,27.15,2.08,0,175
0.715,19.965,0.305,88.82,1.026,2025-08-14 10:57:59,176.0,29.7,14.7,26.07,3.43,0,176
0.702,19.927,0.336,88.798,1.11,2025-08-14 10:57:59,176.0,29.7,14.7,26.07,3.43,0,176
0.709,19.984,0.413,88.819,1.05,2025-08-14 10:57:59,176.0,29.7,14.7,26.07,3.43,0,176
0.725,19.943,0.329,88.836,1.055,2025-08-14 10:57:59,176.0,29.7,14.7,26.07,3.43,0,176
0.722,19.924,0.238,89.023,1.09,2025-08-14 10:57:59,176.0,29.7,14.7,26.07,3.43,0,176
0.73,19.927,0.469,88.978,1.091,2025-08-14 10:57:59,176.0,29.7,14.7,26.07,3.43,0,176
0.695,19.908,0.378,88.672,1.018,2025-08-14 10:57:59,176.0,29.7,14.7,26.07,3.43,0,176
0.713,19.955,0.329,88.926,1.062,2025-08-14 10:57:59,176.0,29.7,14.7,26.07,3.43,0,176
0.708,19.955,0.378,88.901,1.089,2025-08-14 10:57:59,176.0,29.7,14.7,26.07,3.43,0,176
0.716,19.889,0.427,88.853,1.103,2025-08-14 10:57:59,176.0,29.7,14.7,26.07,3.43,0,176
0.705,19.918,0.452,89.155,1.132,2025-08-14 10:57:59,176.0,29.7,14.7,26.07,3.43,0,176
0.71,19.977,0.287,88.894,1.02,2025-08-14 10:57:59,176.0,29.7,14.7,26.07,3.43,0,176
0.725,19.999,0.308,88.776,1.073,2025-08-14 10:57:59,176.0,29.7,14.7,26.07,3.43,0,176
0.688,19.924,0.354,88.809,1.085,2025-08-14 10:57:59,176.0,29.7,14.7,26.07,3.43,0,176
0.701,19.959,0.444,88.906,1.076,2025-08-14 10:57:59,176.0,29.7,14.7,26.07,3.43,0,176
0.713,19.943,0.402,88.862,1.085,2025-08-14 10:57:59,176.0,29.7,14.7,26.07,3.43,0,176
0.718,19.911,0.427,88.974,1.11,2025-08-14 10:57:59,176.0,29.7,14.7,26.07,3.43,0,176
0.708,19.94,0.395,88.923,1.076,2025-08-14 10:57:59,176.0,29.7,14.7,26.07,3.43,0,176
0.717,19.905,0.346,88.964,1.07,2025-08-14 10:57:59,176.0,29.7,14.7,26.07,3.43,0,176
0.727,19.842,0.266,88.868,1.088,2025-08-14 11:08:00,177.0,31.0,13.4,26.14,3.7,0,177
0.71,19.955,0.402,89.012,1.05,2025-08-14 11:08:00,177.0,31.0,13.4,26.14,3.7,0,177
0.719,19.965,0.413,88.878,1.043,2025-08-14 11:08:00,177.0,31.0,13.4,26.14,3.7,0,177
0.706,19.933,0.438,88.902,1.095,2025-08-14 11:08:00,177.0,31.0,13.4,26.14,3.7,0,177
0.71,19.993,0.451,88.96,1.065,2025-08-14 11:08:00,177.0,31.0,13.4,26.14,3.7,0,177
0.703,19.968,0.385,88.888,1.04,2025-08-14 11:08:00,177.0,31.0,13.4,26.14,3.7,0,177
0.732,19.99,0.311,88.889,1.092,2025-08-14 11:08:00,177.0,31.0,13.4,26.14,3.7,0,177
0.708,19.984,0.494,88.7,1.054,2025-08-14 11:08:00,177.0,31.0,13.4,26.14,3.7,0,177
0.704,19.955,0.444,89.006,1.026,2025-08-14 11:08:00,177.0,31.0,13.4,26.14,3.7,0,177
0.692,19.943,0.381,88.931,0.976,2025-08-14 11:08:00,177.0,31.0,13.4,26.14,3.7,0,177
0.7,19.999,0.385,89.015,1.046,2025-08-14 11:08:00,177.0,31.0,13.4,26.14,3.7,0,177
0.701,19.871,0.399,88.88,1.12,2025-08-14 11:08:00,177.0,31.0,13.4,26.14,3.7,0,177
0.713,20.059,0.287,89.033,1.064,2025-08-14 11:08:00,177.0,31.0,13.4,26.14,3.7,0,177
0.694,19.965,0.501,88.806,1.036,2025-08-14 11:08:00,177.0,31.0,13.4,26.14,3.7,0,177
0.702,19.795,0.41,88.723,1.059,2025-08-14 11:08:00,177.0,31.0,13.4,26.14,3.7,0,177
0.707,19.889,0.413,88.674,1.12,2025-08-14 11:08:00,177.0,31.0,13.4,26.14,3.7,0,177
0.73,19.949,0.441,88.886,1.074,2025-08-14 11:08:00,177.0,31.0,13.4,26.14,3.7,0,177
0.741,20.018,0.427,88.967,1.142,2025-08-14 11:08:00,177.0,31.0,13.4,26.14,3.7,0,177
0.703,19.949,0.441,88.675,1.091,2025-08-14 11:08:00,177.0,31.0,13.4,26.14,3.7,0,177
0.704,20.003,0.473,88.859,1.074,2025-08-14 12:58:02,178.0,32.3,20.4,28.59,3.18,0,178
0.721,19.99,0.325,88.92,1.014,2025-08-14 12:58:02,178.0,32.3,20.4,28.59,3.18,0,178
0.703,20.012,0.371,89.092,1.041,2025-08-14 12:58:02,178.0,32.3,20.4,28.59,3.18,0,178
0.723,19.933,0.518,89.072,1.095,2025-08-14 12:58:02,178.0,32.3,20.4,28.59,3.18,0,178
0.712,19.943,0.357,89.091,1.108,2025-08-14 12:58:02,178.0,32.3,20.4,28.59,3.18,0,178
0.724,19.981,0.311,88.899,1.076,2025-08-14 12:58:02,178.0,32.3,20.4,28.59,3.18,0,178
0.702,20.031,0.473,89.031,1.008,2025-08-14 12:58:02,178.0,32.3,20.4,28.59,3.18,0,178
0.723,20.034,0.276,89.177,1.114,2025-08-14 12:58:02,178.0,32.3,20.4,28.59,3.18,0,178
0.721,19.993,0.343,89.114,1.042,2025-08-14 12:58:02,178.0,32.3,20.4,28.59,3.18,0,178
0.702,19.937,0.168,89.0,1.077,2025-08-14 12:58:02,178.0,32.3,20.4,28.59,3.18,0,178
0.716,19.94,0.34,89.041,1.083,2025-08-14 12:58:02,178.0,32.3,20.4,28.59,3.18,0,178
0.709,19.921,0.389,88.939,1.114,2025-08-14 12:58:02,178.0,32.3,20.4,28.59,3.18,0,178
0.693,19.88,0.7,88.93,1.053,2025-08-14 12:58:02,178.0,32.3,20.4,28.59,3.18,0,178
0.72,19.984,0.392,88.897,1.062,2025-08-14 12:58:02,178.0,32.3,20.4,28.59,3.18,0,178
0.716,19.977,0.441,89.013,1.038,2025-08-14 12:58:02,178.0,32.3,20.4,28.59,3.18,0,178
0.728,19.94,0.357,89.128,1.14,2025-08-14 12:58:02,178.0,32.3,20.4,28.59,3.18,0,178
0.697,19.911,0.511,89.037,1.072,2025-08-14 12:58:02,178.0,32.3,20.4,28.59,3.18,0,178
0.734,19.933,0.322,88.947,1.136,2025-08-14 12:58:02,178.0,32.3,20.4,28.59,3.18,0,178
0.724,19.999,0.49,88.998,1.106,2025-08-14 12:58:02,178.0,32.3,20.4,28.59,3.18,0,178
0.705,19.952,0.402,88.949,1.083,2025-08-14 12:58:02,178.0,32.3,20.4,28.59,3.18,0,178
0.735,20.087,0.235,89.008,1.17,2025-08-14 21:16:32,179.0,32.4,22.3,27.27,3.19,0,179
0.737,20.128,0.311,88.902,1.041,2025-08-14 21:16:32,179.0,32.4,22.3,27.27,3.19,0,179
0.691,20.006,0.427,88.904,1.075,2025-08-14 21:16:32,179.0,32.4,22.3,27.27,3.19,0,179
0.73,20.116,0.284,88.983,1.104,2025-08-14 21:16:32,179.0,32.4,22.3,27.27,3.19,0,179
0.705,19.984,0.308,89.054,1.051,2025-08-14 21:16:32,179.0,32.4,22.3,27.27,3.19,0,179
0.749,20.046,0.448,89.144,1.036,2025-08-14 21:16:32,179.0,32.4,22.3,27.27,3.19,0,179
0.719,20.025,0.34,88.879,1.058,2025-08-14 21:16:32,179.0,32.4,22.3,27.27,3.19,0,179
0.768,20.068,0.43,88.896,1.165,2025-08-14 21:16:32,179.0,32.4,22.3,27.27,3.19,0,179
0.712,19.952,0.381,89.027,1.091,2025-08-14 21:16:32,179.0,32.4,22.3,27.27,3.19,0,179
0.679,19.924,0.42,88.753,1.004,2025-08-14 21:16:32,179.0,32.4,22.3,27.27,3.19,0,179
0.698,20.028,0.378,88.988,1.075,2025-08-14 21:16:32,179.0,32.4,22.3,27.27,3.19,0,179
0.7,19.99,0.535,88.88,1.047,2025-08-14 21:16:32,179.0,32.4,22.3,27.27,3.19,0,179
0.723,20.04,0.319,88.951,1.059,2025-08-14 21:16:32,179.0,32.4,22.3,27.27,3.19,0,179
0.758,20.068,0.378,89.001,1.129,2025-08-14 21:16:32,179.0,32.4,22.3,27.27,3.19,0,179
0.731,20.116,0.287,88.932,1.123,2025-08-14 21:16:32,179.0,32.4,22.3,27.27,3.19,0,179
0.692,19.93,0.255,88.852,0.944,2025-08-14 21:16:32,179.0,32.4,22.3,27.27,3.19,0,179
0.698,19.921,0.35,88.746,0.996,2025-08-14 21:16:32,179.0,32.4,22.3,27.27,3.19,0,179
0.732,20.025,0.396,88.964,1.111,2025-08-14 21:16:32,179.0,32.4,22.3,27.27,3.19,0,179
0.72,20.068,0.35,88.967,1.114,2025-08-15 12:57:16,180.0,85.0,20.7,33.62,17.81,0,180
0.71,19.899,0.259,89.01,1.064,2025-08-15 12:57:16,180.0,85.0,20.7,33.62,17.81,0,180
0.7,20.003,0.329,88.877,1.051,2025-08-15 12:57:16,180.0,85.0,20.7,33.62,17.81,0,180
0.716,20.05,0.336,89.185,1.132,2025-08-15 12:57:16,180.0,85.0,20.7,33.62,17.81,0,180
0.731,19.965,0.266,89.07,1.231,2025-08-15 12:57:16,180.0,85.0,20.7,33.62,17.81,0,180
0.731,20.078,0.294,88.786,1.134,2025-08-15 12:57:16,180.0,85.0,20.7,33.62,17.81,0,180
0.737,20.043,0.248,88.742,1.117,2025-08-15 12:57:16,180.0,85.0,20.7,33.62,17.81,0,180
0.724,19.94,0.361,89.147,1.177,2025-08-15 12:57:16,180.0,85.0,20.7,33.62,17.81,0,180
0.681,19.94,0.417,88.623,1.039,2025-08-15 12:57:16,180.0,85.0,20.7,33.62,17.81,0,180
0.714,19.987,0.28,88.941,1.117,2025-08-15 12:57:16,180.0,85.0,20.7,33.62,17.81,0,180
0.703,19.915,0.361,88.837,1.07,2025-08-15 12:57:16,180.0,85.0,20.7,33.62,17.81,0,180
0.736,19.946,0.448,88.857,1.168,2025-08-15 12:57:16,180.0,85.0,20.7,33.62,17.81,0,180
0.731,19.864,0.431,89.146,1.135,2025-08-15 12:57:16,180.0,85.0,20.7,33.62,17.81,0,180
0.726,20.025,0.315,88.749,1.096,2025-08-15 12:57:16,180.0,85.0,20.7,33.62,17.81,0,180
0.738,19.946,0.333,88.72,1.129,2025-08-15 12:57:16,180.0,85.0,20.7,33.62,17.81,0,180
0.733,20.068,0.364,88.891,1.007,2025-08-15 12:57:16,180.0,85.0,20.7,33.62,17.81,0,180
0.724,19.952,0.441,89.046,1.148,2025-08-15 12:57:16,180.0,85.0,20.7,33.62,17.81,0,180
0.694,20.046,0.371,88.997,1.131,2025-08-15 12:57:16,180.0,85.0,20.7,33.62,17.81,0,180
0.717,20.015,0.367,88.894,1.114,2025-08-15 18:57:26,181.0,33.4,22.6,27.35,3.18,0,181
0.725,19.965,0.441,88.918,1.101,2025-08-15 18:57:26,181.0,33.4,22.6,27.35,3.18,0,181
0.732,20.031,0.357,89.092,1.126,2025-08-15 18:57:26,181.0,33.4,22.6,27.35,3.18,0,181
0.713,19.94,0.381,88.617,1.043,2025-08-15 18:57:26,181.0,33.4,22.6,27.35,3.18,0,181
0.71,19.952,0.402,88.986,1.165,2025-08-15 18:57:26,181.0,33.4,22.6,27.35,3.18,0,181
0.723,19.955,0.346,88.743,1.103,2025-08-15 18:57:26,181.0,33.4,22.6,27.35,3.18,0,181
0.71,19.981,0.392,88.904,1.049,2025-08-15 18:57:26,181.0,33.4,22.6,27.35,3.18,0,181
0.72,19.993,0.294,88.888,1.074,2025-08-15 18:57:26,181.0,33.4,22.6,27.35,3.18,0,181
0.723,19.999,0.441,89.147,1.143,2025-08-15 18:57:26,181.0,33.4,22.6,27.35,3.18,0,181
0.697,19.899,0.333,89.072,1.086,2025-08-15 18:57:26,181.0,33.4,22.6,27.35,3.18,0,181
0.708,19.924,0.402,88.89,1.094,2025-08-15 18:57:26,181.0,33.4,22.6,27.35,3.18,0,181
0.698,19.902,0.333,89.356,1.052,2025-08-15 18:57:26,181.0,33.4,22.6,27.35,3.18,0,181
0.726,20.006,0.357,88.939,1.029,2025-08-15 18:57:26,181.0,33.4,22.6,27.35,3.18,0,181
0.712,20.025,0.385,88.881,1.054,2025-08-15 18:57:26,181.0,33.4,22.6,27.35,3.18,0,181
0.687,19.908,0.406,88.82,1.013,2025-08-15 18:57:26,181.0,33.4,22.6,27.35,3.18,0,181
0.702,20.021,0.381,88.858,1.113,2025-08-15 18:57:26,181.0,33.4,22.6,27.35,3.18,0,181
0.687,19.94,0.231,88.937,1.079,2025-08-15 18:57:26,181.0,33.4,22.6,27.35,3.18,0,181
0.708,19.971,0.298,88.882,0.994,2025-08-15 18:57:26,181.0,33.4,22.6,27.35,3.18,0,181
0.698,19.962,0.423,88.737,1.025,2025-08-15 18:57:26,181.0,33.4,22.6,27.35,3.18,0,181
0.711,19.94,0.385,88.827,1.026,2025-08-15 18:57:26,181.0,33.4,22.6,27.35,3.18,0,181
0.671,19.808,0.473,88.911,1.007,2025-08-15 21:12:30,182.0,84.0,21.4,31.65,12.71,0,182
0.694,19.918,0.287,88.877,1.01,2025-08-15 21:12:30,182.0,84.0,21.4,31.65,12.71,0,182
0.69,19.952,0.325,89.191,1.046,2025-08-15 21:12:30,182.0,84.0,21.4,31.65,12.71,0,182
0.714,19.981,0.326,88.854,0.959,2025-08-15 21:12:30,182.0,84.0,21.4,31.65,12.71,0,182
0.709,20.031,0.458,88.912,1.092,2025-08-15 21:12:30,182.0,84.0,21.4,31.65,12.71,0,182
0.719,20.072,0.231,89.039,1.117,2025-08-15 21:12:30,182.0,84.0,21.4,31.65,12.71,0,182
0.676,19.889,0.357,89.082,1.073,2025-08-15 21:12:30,182.0,84.0,21.4,31.65,12.71,0,182
0.721,19.933,0.525,88.813,1.036,2025-08-15 21:12:30,182.0,84.0,21.4,31.65,12.71,0,182
0.71,19.927,0.385,88.864,1.045,2025-08-15 21:12:30,182.0,84.0,21.4,31.65,12.71,0,182
0.716,19.915,0.396,89.062,1.086,2025-08-15 21:12:30,182.0,84.0,21.4,31.65,12.71,0,182
0.71,19.905,0.34,88.971,1.089,2025-08-15 21:12:30,182.0,84.0,21.4,31.65,12.71,0,182
0.727,19.996,0.378,88.727,1.062,2025-08-15 21:12:30,182.0,84.0,21.4,31.65,12.71,0,182
0.728,19.905,0.284,89.104,1.147,2025-08-15 21:12:30,182.0,84.0,21.4,31.65,12.71,0,182
0.718,19.921,0.221,88.777,1.061,2025-08-15 21:12:30,182.0,84.0,21.4,31.65,12.71,0,182
0.735,20.018,0.287,88.934,1.111,2025-08-15 21:12:30,182.0,84.0,21.4,31.65,12.71,0,182
0.684,19.905,0.263,88.872,1.009,2025-08-15 21:12:30,182.0,84.0,21.4,31.65,12.71,0,182
0.704,19.911,0.35,89.102,1.115,2025-08-15 21:12:30,182.0,84.0,21.4,31.65,12.71,0,182
0.707,19.918,0.392,88.688,1.093,2025-08-15 21:12:30,182.0,84.0,21.4,31.65,12.71,0,182
0.707,19.949,0.378,89.14,1.052,2025-08-15 21:12:30,182.0,84.0,21.4,31.65,12.71,0,182
0.699,20.053,0.49,88.849,1.142,2025-08-16 12:08:40,183.0,34.0,21.8,27.92,3.49,0,183
0.718,20.059,0.458,89.153,0.964,2025-08-16 12:08:40,183.0,34.0,21.8,27.92,3.49,0,183
0.727,20.009,0.479,88.917,1.135,2025-08-16 12:08:40,183.0,34.0,21.8,27.92,3.49,0,183
0.725,20.053,0.311,88.775,1.043,2025-08-16 12:08:40,183.0,34.0,21.8,27.92,3.49,0,183
0.741,20.075,0.396,88.974,1.094,2025-08-16 12:08:40,183.0,34.0,21.8,27.92,3.49,0,183
0.7,20.056,0.399,89.059,1.125,2025-08-16 12:08:40,183.0,34.0,21.8,27.92,3.49,0,183
0.742,20.075,0.431,88.755,1.145,2025-08-16 12:08:40,183.0,34.0,21.8,27.92,3.49,0,183
0.694,20.003,0.497,88.892,1.091,2025-08-16 12:08:40,183.0,34.0,21.8,27.92,3.49,0,183
0.705,19.999,0.602,88.935,1.152,2025-08-16 12:08:40,183.0,34.0,21.8,27.92,3.49,0,183
0.682,19.974,0.378,88.616,1.002,2025-08-16 12:08:40,183.0,34.0,21.8,27.92,3.49,0,183
0.733,20.119,0.518,89.146,1.073,2025-08-16 12:08:40,183.0,34.0,21.8,27.92,3.49,0,183
0.699,20.003,0.378,89.106,1.06,2025-08-16 12:08:40,183.0,34.0,21.8,27.92,3.49,0,183
0.727,20.031,0.619,89.027,1.18,2025-08-16 12:08:40,183.0,34.0,21.8,27.92,3.49,0,183
0.725,20.084,0.438,88.63,1.127,2025-08-16 12:08:40,183.0,34.0,21.8,27.92,3.49,0,183
0.725,20.04,0.472,88.975,1.08,2025-08-16 12:08:40,183.0,34.0,21.8,27.92,3.49,0,183
0.728,20.094,0.564,88.977,1.081,2025-08-16 12:08:40,183.0,34.0,21.8,27.92,3.49,0,183
0.751,20.043,0.417,88.937,1.154,2025-08-16 12:08:40,183.0,34.0,21.8,27.92,3.49,0,183
0.699,20.025,0.374,89.191,1.029,2025-08-16 12:08:40,183.0,34.0,21.8,27.92,3.49,0,183
0.711,20.068,0.378,88.896,1.052,2025-08-16 12:08:40,183.0,34.0,21.8,27.92,3.49,0,183
0.72,20.006,0.438,88.886,1.106,2025-08-16 12:08:40,183.0,34.0,21.8,27.92,3.49,0,183
0.736,20.119,0.427,88.934,1.114,2025-08-16 13:33:41,184.0,33.1,23.3,27.76,2.81,0,184
0.702,20.009,0.686,88.969,1.111,2025-08-16 13:33:41,184.0,33.1,23.3,27.76,2.81,0,184
0.728,20.037,0.34,88.981,1.131,2025-08-16 13:33:41,184.0,33.1,23.3,27.76,2.81,0,184
0.726,20.081,0.585,89.134,1.138,2025-08-16 13:33:41,184.0,33.1,23.3,27.76,2.81,0,184
0.701,19.949,0.542,89.009,1.05,2025-08-16 13:33:41,184.0,33.1,23.3,27.76,2.81,0,184
0.719,20.084,0.56,89.0,1.107,2025-08-16 13:33:41,184.0,33.1,23.3,27.76,2.81,0,184
0.719,20.1,0.56,89.021,1.125,2025-08-16 13:33:41,184.0,33.1,23.3,27.76,2.81,0,184
0.703,20.015,0.455,89.114,1.074,2025-08-16 13:33:41,184.0,33.1,23.3,27.76,2.81,0,184
0.725,20.05,0.41,88.997,1.076,2025-08-16 13:33:41,184.0,33.1,23.3,27.76,2.81,0,184
0.712,19.977,0.431,89.093,1.18,2025-08-16 13:33:41,184.0,33.1,23.3,27.76,2.81,0,184
0.74,20.116,0.515,88.906,1.091,2025-08-16 13:33:41,184.0,33.1,23.3,27.76,2.81,0,184
0.721,20.053,0.346,89.003,1.131,2025-08-16 13:33:41,184.0,33.1,23.3,27.76,2.81,0,184
0.711,20.094,0.346,88.992,1.062,2025-08-16 13:33:41,184.0,33.1,23.3,27.76,2.81,0,184
0.723,20.072,0.43,88.814,1.093,2025-08-16 13:33:41,184.0,33.1,23.3,27.76,2.81,0,184
0.737,20.046,0.374,88.885,1.144,2025-08-16 13:33:41,184.0,33.1,23.3,27.76,2.81,0,184
0.72,20.053,0.616,88.881,1.114,2025-08-16 13:33:41,184.0,33.1,23.3,27.76,2.81,0,184
0.72,19.999,0.346,88.976,1.097,2025-08-16 13:33:41,184.0,33.1,23.3,27.76,2.81,0,184
0.696,19.921,0.413,89.05,1.131,2025-08-16 13:33:41,184.0,33.1,23.3,27.76,2.81,0,184
0.699,20.106,0.423,88.843,1.061,2025-08-16 13:33:41,184.0,33.1,23.3,27.76,2.81,0,184
0.715,19.999,0.343,88.758,1.07,2025-08-16 18:02:14,185.0,34.3,25.6,29.95,2.63,0,185
0.744,19.918,0.585,88.952,1.165,2025-08-16 18:02:14,185.0,34.3,25.6,29.95,2.63,0,185
0.742,20.059,0.427,88.914,1.099,2025-08-16 18:02:14,185.0,34.3,25.6,29.95,2.63,0,185
0.755,20.021,0.42,89.066,1.172,2025-08-16 18:02:14,185.0,34.3,25.6,29.95,2.63,0,185
0.747,19.959,0.347,88.895,1.102,2025-08-16 18:02:14,185.0,34.3,25.6,29.95,2.63,0,185
0.697,19.959,0.556,88.806,1.084,2025-08-16 18:02:14,185.0,34.3,25.6,29.95,2.63,0,185
0.721,20.106,0.329,89.08,1.076,2025-08-16 18:02:14,185.0,34.3,25.6,29.95,2.63,0,185
0.705,20.028,0.343,88.951,0.998,2025-08-16 18:02:14,185.0,34.3,25.6,29.95,2.63,0,185
0.738,20.094,0.336,89.047,1.113,2025-08-16 18:02:14,185.0,34.3,25.6,29.95,2.63,0,185
0.71,20.068,0.427,88.919,1.051,2025-08-16 18:02:14,185.0,34.3,25.6,29.95,2.63,0,185
0.723,19.977,0.284,88.872,1.086,2025-08-16 18:02:14,185.0,34.3,25.6,29.95,2.63,0,185
0.728,20.05,0.381,89.05,1.086,2025-08-16 18:02:14,185.0,34.3,25.6,29.95,2.63,0,185
0.72,20.109,0.318,89.065,1.161,2025-08-16 18:02:14,185.0,34.3,25.6,29.95,2.63,0,185
0.715,20.037,0.385,89.174,1.058,2025-08-16 18:02:14,185.0,34.3,25.6,29.95,2.63,0,185
0.719,19.952,0.371,88.946,1.113,2025-08-16 18:02:14,185.0,34.3,25.6,29.95,2.63,0,185
0.725,20.021,0.427,88.901,1.139,2025-08-16 18:02:14,185.0,34.3,25.6,29.95,2.63,0,185
0.707,19.987,0.424,89.038,1.068,2025-08-16 18:02:14,185.0,34.3,25.6,29.95,2.63,0,185
0.688,20.078,0.374,88.854,1.12,2025-08-16 18:02:14,185.0,34.3,25.6,29.95,2.63,0,185
0.725,20.018,0.312,88.943,1.076,2025-08-16 18:02:14,185.0,34.3,25.6,29.95,2.63,0,185
0.708,19.981,0.413,89.044,1.062,2025-08-16 18:02:14,185.0,34.3,25.6,29.95,2.63,0,185
0.705,19.886,0.417,88.8,1.143,2025-08-16 20:47:18,186.0,32.9,22.2,27.24,3.15,0,186
0.741,20.056,0.417,88.958,1.164,2025-08-16 20:47:18,186.0,32.9,22.2,27.24,3.15,0,186
0.722,20.04,0.473,88.858,1.138,2025-08-16 20:47:18,186.0,32.9,22.2,27.24,3.15,0,186
0.719,19.999,0.402,88.767,1.069,2025-08-16 20:47:18,186.0,32.9,22.2,27.24,3.15,0,186
0.712,20.056,0.455,88.965,1.076,2025-08-16 20:47:18,186.0,32.9,22.2,27.24,3.15,0,186
0.711,20.021,0.315,88.798,1.092,2025-08-16 20:47:18,186.0,32.9,22.2,27.24,3.15,0,186
0.715,20.031,0.462,88.884,1.125,2025-08-16 20:47:18,186.0,32.9,22.2,27.24,3.15,0,186
0.728,20.015,0.301,89.245,1.103,2025-08-16 20:47:18,186.0,32.9,22.2,27.24,3.15,0,186
0.715,20.012,0.521,89.002,1.107,2025-08-16 20:47:18,186.0,32.9,22.2,27.24,3.15,0,186
0.716,20.009,0.346,88.907,1.102,2025-08-16 20:47:18,186.0,32.9,22.2,27.24,3.15,0,186
0.7,20.097,0.385,88.872,1.082,2025-08-16 20:47:18,186.0,32.9,22.2,27.24,3.15,0,186
0.717,20.05,0.406,88.879,1.205,2025-08-16 20:47:18,186.0,32.9,22.2,27.24,3.15,0,186
0.72,19.987,0.403,89.14,1.148,2025-08-16 20:47:18,186.0,32.9,22.2,27.24,3.15,0,186
0.693,19.987,0.497,88.997,1.104,2025-08-16 20:47:18,186.0,32.9,22.2,27.24,3.15,0,186
0.721,20.056,0.501,88.87,1.158,2025-08-16 20:47:18,186.0,32.9,22.2,27.24,3.15,0,186
0.701,19.952,0.504,88.926,1.093,2025-08-16 20:47:18,186.0,32.9,22.2,27.24,3.15,0,186
0.719,20.059,0.427,88.975,1.061,2025-08-16 20:47:18,186.0,32.9,22.2,27.24,3.15,0,186
0.692,19.971,0.35,88.947,1.054,2025-08-16 20:47:18,186.0,32.9,22.2,27.24,3.15,0,186
0.73,20.034,0.486,88.914,1.089,2025-08-16 20:47:18,186.0,32.9,22.2,27.24,3.15,0,186
0.689,20.018,0.441,88.895,1.05,2025-08-16 20:47:18,186.0,32.9,22.2,27.24,3.15,0,186
0.729,19.952,0.452,89.068,1.059,2025-08-17 10:33:49,187.0,33.5,26.6,29.85,2.11,0,187
0.71,19.946,0.458,89.152,1.102,2025-08-17 10:33:49,187.0,33.5,26.6,29.85,2.11,0,187
0.701,19.993,0.392,88.874,1.128,2025-08-17 10:33:49,187.0,33.5,26.6,29.85,2.11,0,187
0.714,19.93,0.497,89.109,1.089,2025-08-17 10:33:49,187.0,33.5,26.6,29.85,2.11,0,187
0.735,19.946,0.371,89.002,1.013,2025-08-17 10:33:49,187.0,33.5,26.6,29.85,2.11,0,187
0.729,19.946,0.406,88.868,1.037,2025-08-17 10:33:49,187.0,33.5,26.6,29.85,2.11,0,187
0.708,20.006,0.458,89.025,1.025,2025-08-17 10:33:49,187.0,33.5,26.6,29.85,2.11,0,187
0.725,19.946,0.319,89.018,1.093,2025-08-17 10:33:49,187.0,33.5,26.6,29.85,2.11,0,187
0.706,19.874,0.434,88.995,1.074,2025-08-17 10:33:49,187.0,33.5,26.6,29.85,2.11,0,187
0.718,19.883,0.424,88.948,1.148,2025-08-17 10:33:49,187.0,33.5,26.6,29.85,2.11,0,187
0.704,19.943,0.354,89.215,1.072,2025-08-17 10:33:49,187.0,33.5,26.6,29.85,2.11,0,187
0.725,19.893,0.546,88.998,1.056,2025-08-17 10:33:49,187.0,33.5,26.6,29.85,2.11,0,187
0.726,19.965,0.235,89.002,1.054,2025-08-17 10:33:49,187.0,33.5,26.6,29.85,2.11,0,187
0.724,19.896,0.325,89.018,1.0,2025-08-17 10:33:49,187.0,33.5,26.6,29.85,2.11,0,187
0.702,19.927,0.536,88.947,1.06,2025-08-17 10:33:49,187.0,33.5,26.6,29.85,2.11,0,187
0.726,19.94,0.459,88.833,1.11,2025-08-17 10:33:49,187.0,33.5,26.6,29.85,2.11,0,187
0.718,19.984,0.42,89.054,1.083,2025-08-17 10:33:49,187.0,33.5,26.6,29.85,2.11,0,187
0.708,19.968,0.301,88.902,1.052,2025-08-17 10:33:49,187.0,33.5,26.6,29.85,2.11,0,187
0.715,19.933,0.5,88.916,1.115,2025-08-17 10:33:49,187.0,33.5,26.6,29.85,2.11,0,187
0.734,19.94,0.238,88.779,1.101,2025-08-17 10:33:49,187.0,33.5,26.6,29.85,2.11,0,187
0.698,19.877,0.378,89.028,1.1,2025-08-17 13:53:52,188.0,33.5,22.4,27.69,3.1,0,188
0.731,19.933,0.22,89.221,1.09,2025-08-17 13:53:52,188.0,33.5,22.4,27.69,3.1,0,188
0.723,19.927,0.413,89.012,1.125,2025-08-17 13:53:52,188.0,33.5,22.4,27.69,3.1,0,188
0.755,19.965,0.452,88.988,1.142,2025-08-17 13:53:52,188.0,33.5,22.4,27.69,3.1,0,188
0.714,19.949,0.511,88.983,1.148,2025-08-17 13:53:52,188.0,33.5,22.4,27.69,3.1,0,188
0.706,19.886,0.441,89.216,1.05,2025-08-17 13:53:52,188.0,33.5,22.4,27.69,3.1,0,188
0.72,19.959,0.434,88.937,1.118,2025-08-17 13:53:52,188.0,33.5,22.4,27.69,3.1,0,188
0.709,19.883,0.34,88.887,1.09,2025-08-17 13:53:52,188.0,33.5,22.4,27.69,3.1,0,188
0.698,19.886,0.473,88.749,1.146,2025-08-17 13:53:52,188.0,33.5,22.4,27.69,3.1,0,188
0.716,19.867,0.508,89.106,1.113,2025-08-17 13:53:52,188.0,33.5,22.4,27.69,3.1,0,188
0.692,19.94,0.497,89.457,1.021,2025-08-17 13:53:52,188.0,33.5,22.4,27.69,3.1,0,188
0.731,19.905,0.385,88.87,1.22,2025-08-17 13:53:52,188.0,33.5,22.4,27.69,3.1,0,188
0.707,19.864,0.458,88.961,1.054,2025-08-17 13:53:52,188.0,33.5,22.4,27.69,3.1,0,188
0.719,19.952,0.378,88.833,1.119,2025-08-17 13:53:52,188.0,33.5,22.4,27.69,3.1,0,188
0.687,19.937,0.179,89.004,1.063,2025-08-17 13:53:52,188.0,33.5,22.4,27.69,3.1,0,188
0.695,19.943,0.476,88.857,1.048,2025-08-17 13:53:52,188.0,33.5,22.4,27.69,3.1,0,188
0.721,19.871,0.49,88.869,1.054,2025-08-17 13:53:52,188.0,33.5,22.4,27.69,3.1,0,188
0.716,19.965,0.371,88.868,1.165,2025-08-17 13:53:52,188.0,33.5,22.4,27.69,3.1,0,188
0.719,19.839,0.497,88.873,1.144,2025-08-17 13:53:52,188.0,33.5,22.4,27.69,3.1,0,188
0.715,19.999,0.469,88.952,1.12,2025-08-17 13:53:52,188.0,33.5,22.4,27.69,3.1,0,188
0.748,20.025,0.417,88.977,1.179,2025-08-17 19:53:56,189.0,32.1,22.0,27.79,3.15,0,189
0.724,19.883,0.48,88.957,1.152,2025-08-17 19:53:56,189.0,32.1,22.0,27.79,3.15,0,189
0.719,19.981,0.308,89.165,1.149,2025-08-17 19:53:56,189.0,32.1,22.0,27.79,3.15,0,189
0.726,20.056,0.508,89.061,1.123,2025-08-17 19:53:56,189.0,32.1,22.0,27.79,3.15,0,189
0.726,20.05,0.378,89.045,1.162,2025-08-17 19:53:56,189.0,32.1,22.0,27.79,3.15,0,189
0.717,19.902,0.364,88.991,1.106,2025-08-17 19:53:56,189.0,32.1,22.0,27.79,3.15,0,189
0.716,19.949,0.273,89.104,1.216,2025-08-17 19:53:56,189.0,32.1,22.0,27.79,3.15,0,189
0.709,19.927,0.557,89.13,1.132,2025-08-17 19:53:56,189.0,32.1,22.0,27.79,3.15,0,189
0.716,19.924,0.508,88.978,1.127,2025-08-17 19:53:56,189.0,32.1,22.0,27.79,3.15,0,189
0.706,19.959,0.486,88.747,1.176,2025-08-17 19:53:56,189.0,32.1,22.0,27.79,3.15,0,189
0.715,19.915,0.455,88.9,1.048,2025-08-17 19:53:56,189.0,32.1,22.0,27.79,3.15,0,189
0.716,19.977,0.392,88.863,1.111,2025-08-17 19:53:56,189.0,32.1,22.0,27.79,3.15,0,189
0.72,19.921,0.473,89.054,1.155,2025-08-17 19:53:56,189.0,32.1,22.0,27.79,3.15,0,189
0.713,19.952,0.255,88.884,1.134,2025-08-17 19:53:56,189.0,32.1,22.0,27.79,3.15,0,189
0.725,19.977,0.521,88.836,1.154,2025-08-17 19:53:56,189.0,32.1,22.0,27.79,3.15,0,189
0.719,19.999,0.364,88.905,1.118,2025-08-17 19:53:56,189.0,32.1,22.0,27.79,3.15,0,189
0.706,19.971,0.346,88.938,1.046,2025-08-17 19:53:56,189.0,32.1,22.0,27.79,3.15,0,189
0.719,19.915,0.539,88.866,1.139,2025-08-17 19:53:56,189.0,32.1,22.0,27.79,3.15,0,189
0.758,20.012,0.5,89.049,1.223,2025-08-17 19:53:56,189.0,32.1,22.0,27.79,3.15,0,189
0.716,19.965,0.529,89.025,1.117,2025-08-17 19:53:56,189.0,32.1,22.0,27.79,3.15,0,189
0.714,19.993,0.469,89.056,1.131,2025-08-17 20:53:57,190.0,32.9,23.9,27.71,2.46,0,190
0.74,20.021,0.441,88.945,1.149,2025-08-17 20:53:57,190.0,32.9,23.9,27.71,2.46,0,190
0.704,19.974,0.494,89.031,1.016,2025-08-17 20:53:57,190.0,32.9,23.9,27.71,2.46,0,190
0.73,19.965,0.522,88.874,1.174,2025-08-17 20:53:57,190.0,32.9,23.9,27.71,2.46,0,190
0.71,19.915,0.462,89.058,1.112,2025-08-17 20:53:57,190.0,32.9,23.9,27.71,2.46,0,190
0.709,20.009,0.259,89.03,1.118,2025-08-17 20:53:57,190.0,32.9,23.9,27.71,2.46,0,190
0.718,20.05,0.529,88.765,1.132,2025-08-17 20:53:57,190.0,32.9,23.9,27.71,2.46,0,190
0.732,20.003,0.469,88.881,1.085,2025-08-17 20:53:57,190.0,32.9,23.9,27.71,2.46,0,190
0.697,19.911,0.325,88.933,1.088,2025-08-17 20:53:57,190.0,32.9,23.9,27.71,2.46,0,190
0.743,19.99,0.598,88.864,1.112,2025-08-17 20:53:57,190.0,32.9,23.9,27.71,2.46,0,190
0.728,19.999,0.312,88.958,1.123,2025-08-17 20:53:57,190.0,32.9,23.9,27.71,2.46,0,190
0.711,19.996,0.483,88.801,1.071,2025-08-17 20:53:57,190.0,32.9,23.9,27.71,2.46,0,190
0.713,19.987,0.529,88.883,1.092,2025-08-17 20:53:57,190.0,32.9,23.9,27.71,2.46,0,190
0.692,19.93,0.221,88.828,1.06,2025-08-17 20:53:57,190.0,32.9,23.9,27.71,2.46,0,190
0.717,19.946,0.42,88.787,1.123,2025-08-17 20:53:57,190.0,32.9,23.9,27.71,2.46,0,190
0.705,19.99,0.336,88.862,1.091,2025-08-17 20:53:57,190.0,32.9,23.9,27.71,2.46,0,190
0.719,19.984,0.396,88.777,1.121,2025-08-17 20:53:57,190.0,32.9,23.9,27.71,2.46,0,190
0.711,19.955,0.448,88.777,1.132,2025-08-17 20:53:57,190.0,32.9,23.9,27.71,2.46,0,190
0.709,19.959,0.406,88.798,1.064,2025-08-17 20:53:57,190.0,32.9,23.9,27.71,2.46,0,190
0.706,19.977,0.322,88.85,1.069,2025-08-17 20:53:57,190.0,32.9,23.9,27.71,2.46,0,190
0.707,20.034,0.322,88.911,1.047,2025-08-18 12:30:02,191.0,31.9,21.8,26.56,2.58,0,191
0.714,19.94,0.571,88.899,1.068,2025-08-18 12:30:02,191.0,31.9,21.8,26.56,2.58,0,191
0.71,19.981,0.441,88.905,1.138,2025-08-18 12:30:02,191.0,31.9,21.8,26.56,2.58,0,191
0.679,19.921,0.413,88.884,1.087,2025-08-18 12:30:02,191.0,31.9,21.8,26.56,2.58,0,191
0.704,19.842,0.444,88.868,1.031,2025-08-18 12:30:02,191.0,31.9,21.8,26.56,2.58,0,191
0.68,19.946,0.511,89.157,1.056,2025-08-18 12:30:02,191.0,31.9,21.8,26.56,2.58,0,191
0.703,19.902,0.301,88.929,1.058,2025-08-18 12:30:02,191.0,31.9,21.8,26.56,2.58,0,191
0.689,19.946,0.41,88.931,0.97,2025-08-18 12:30:02,191.0,31.9,21.8,26.56,2.58,0,191
0.723,19.974,0.361,89.263,1.014,2025-08-18 12:30:02,191.0,31.9,21.8,26.56,2.58,0,191
0.697,20.034,0.371,88.929,1.047,2025-08-18 12:30:02,191.0,31.9,21.8,26.56,2.58,0,191
0.724,19.927,0.392,89.033,1.057,2025-08-18 12:30:02,191.0,31.9,21.8,26.56,2.58,0,191
0.703,19.949,0.483,88.918,1.017,2025-08-18 12:30:02,191.0,31.9,21.8,26.56,2.58,0,191
0.719,20.031,0.455,88.707,1.051,2025-08-18 12:30:02,191.0,31.9,21.8,26.56,2.58,0,191
0.696,19.946,0.402,88.95,1.096,2025-08-18 12:30:02,191.0,31.9,21.8,26.56,2.58,0,191
0.672,19.899,0.43,88.976,1.032,2025-08-18 12:30:02,191.0,31.9,21.8,26.56,2.58,0,191
0.717,19.889,0.522,88.761,1.104,2025-08-18 12:30:02,191.0,31.9,21.8,26.56,2.58,0,191
0.702,19.849,0.518,88.906,1.092,2025-08-18 12:30:02,191.0,31.9,21.8,26.56,2.58,0,191
0.694,19.908,0.595,88.81,1.053,2025-08-18 12:30:02,191.0,31.9,21.8,26.56,2.58,0,191
0.679,19.943,0.41,88.839,1.034,2025-08-18 12:30:02,191.0,31.9,21.8,26.56,2.58,0,191
0.69,19.943,0.521,88.77,1.061,2025-08-18 12:30:02,191.0,31.9,21.8,26.56,2.58,0,191
0.716,19.949,0.42,88.991,1.156,2025-08-18 13:25:09,192.0,32.5,22.7,26.84,2.78,0,192
0.725,19.999,0.525,89.075,1.111,2025-08-18 13:25:09,192.0,32.5,22.7,26.84,2.78,0,192
0.674,19.93,0.301,88.7,1.114,2025-08-18 13:25:09,192.0,32.5,22.7,26.84,2.78,0,192
0.669,19.871,0.41,88.97,1.088,2025-08-18 13:25:09,192.0,32.5,22.7,26.84,2.78,0,192
0.722,20.009,0.448,88.674,1.078,2025-08-18 13:25:09,192.0,32.5,22.7,26.84,2.78,0,192
0.71,19.984,0.469,88.8,1.155,2025-08-18 13:25:09,192.0,32.5,22.7,26.84,2.78,0,192
0.693,19.99,0.427,88.787,1.075,2025-08-18 13:25:09,192.0,32.5,22.7,26.84,2.78,0,192
0.715,20.015,0.402,88.83,1.093,2025-08-18 13:25:09,192.0,32.5,22.7,26.84,2.78,0,192
0.701,19.933,0.504,88.922,1.133,2025-08-18 13:25:09,192.0,32.5,22.7,26.84,2.78,0,192
0.722,20.021,0.515,88.869,1.081,2025-08-18 13:25:09,192.0,32.5,22.7,26.84,2.78,0,192
0.728,20.031,0.448,89.256,1.123,2025-08-18 13:25:09,192.0,32.5,22.7,26.84,2.78,0,192
0.732,19.987,0.455,88.963,1.131,2025-08-18 13:25:09,192.0,32.5,22.7,26.84,2.78,0,192
0.721,19.943,0.381,89.022,1.124,2025-08-18 13:25:09,192.0,32.5,22.7,26.84,2.78,0,192
0.708,19.959,0.539,88.748,1.137,2025-08-18 13:25:09,192.0,32.5,22.7,26.84,2.78,0,192
0.707,20.028,0.413,89.049,1.056,2025-08-18 13:25:09,192.0,32.5,22.7,26.84,2.78,0,192
0.703,20.012,0.406,88.897,1.082,2025-08-18 13:25:09,192.0,32.5,22.7,26.84,2.78,0,192
0.719,19.974,0.392,89.034,1.063,2025-08-18 13:25:09,192.0,32.5,22.7,26.84,2.78,0,192
0.722,20.04,0.399,88.848,1.157,2025-08-18 13:25:09,192.0,32.5,22.7,26.84,2.78,0,192
0.698,19.874,0.297,88.855,1.091,2025-08-18 13:25:09,192.0,32.5,22.7,26.84,2.78,0,192
0.7,19.984,0.385,89.105,1.074,2025-08-18 13:25:09,192.0,32.5,22.7,26.84,2.78,0,192
0.724,19.905,0.487,88.886,1.13,2025-08-18 18:20:12,193.0,84.2,23.6,30.94,12.88,0,193
0.726,19.911,0.329,88.981,1.148,2025-08-18 18:20:12,193.0,84.2,23.6,30.94,12.88,0,193
0.733,19.915,0.315,88.937,1.105,2025-08-18 18:20:12,193.0,84.2,23.6,30.94,12.88,0,193
0.73,19.946,0.374,88.934,1.081,2025-08-18 18:20:12,193.0,84.2,23.6,30.94,12.88,0,193
0.704,19.927,0.22,88.977,1.147,2025-08-18 18:20:12,193.0,84.2,23.6,30.94,12.88,0,193
0.731,19.943,0.28,89.151,1.135,2025-08-18 18:20:12,193.0,84.2,23.6,30.94,12.88,0,193
0.722,19.933,0.417,88.966,1.081,2025-08-18 18:20:12,193.0,84.2,23.6,30.94,12.88,0,193
0.743,19.893,0.354,88.948,1.067,2025-08-18 18:20:12,193.0,84.2,23.6,30.94,12.88,0,193
0.719,19.937,0.312,89.052,1.089,2025-08-18 18:20:12,193.0,84.2,23.6,30.94,12.88,0,193
0.7,19.924,0.315,88.775,1.036,2025-08-18 18:20:12,193.0,84.2,23.6,30.94,12.88,0,193
0.745,19.883,0.336,88.925,1.139,2025-08-18 18:20:12,193.0,84.2,23.6,30.94,12.88,0,193
0.707,19.899,0.266,88.928,1.083,2025-08-18 18:20:12,193.0,84.2,23.6,30.94,12.88,0,193
0.705,19.911,0.343,89.159,1.07,2025-08-18 18:20:12,193.0,84.2,23.6,30.94,12.88,0,193
0.702,19.883,0.213,88.869,1.121,2025-08-18 18:20:12,193.0,84.2,23.6,30.94,12.88,0,193
0.727,19.968,0.29,88.902,1.063,2025-08-18 18:20:12,193.0,84.2,23.6,30.94,12.88,0,193
0.696,19.933,0.385,88.892,1.058,2025-08-18 18:20:12,193.0,84.2,23.6,30.94,12.88,0,193
0.705,19.949,0.245,88.76,1.074,2025-08-18 18:20:12,193.0,84.2,23.6,30.94,12.88,0,193
0.715,19.999,0.361,89.133,1.076,2025-08-19 11:24:39,194.0,32.2,23.6,28.37,2.62,0,194
0.702,19.999,0.385,89.042,1.023,2025-08-19 11:24:39,194.0,32.2,23.6,28.37,2.62,0,194
0.731,20.043,0.479,88.978,1.101,2025-08-19 11:24:39,194.0,32.2,23.6,28.37,2.62,0,194
0.722,20.04,0.396,88.932,1.093,2025-08-19 11:24:39,194.0,32.2,23.6,28.37,2.62,0,194
0.722,19.971,0.396,89.122,1.147,2025-08-19 11:24:39,194.0,32.2,23.6,28.37,2.62,0,194
0.727,19.996,0.388,88.916,1.096,2025-08-19 11:24:39,194.0,32.2,23.6,28.37,2.62,0,194
0.729,19.984,0.494,88.929,1.106,2025-08-19 11:24:39,194.0,32.2,23.6,28.37,2.62,0,194
0.726,20.003,0.448,88.818,1.131,2025-08-19 11:24:39,194.0,32.2,23.6,28.37,2.62,0,194
0.709,19.987,0.284,89.294,1.08,2025-08-19 11:24:39,194.0,32.2,23.6,28.37,2.62,0,194
0.71,19.99,0.455,89.044,1.057,2025-08-19 11:24:39,194.0,32.2,23.6,28.37,2.62,0,194
0.717,19.927,0.445,89.0,1.112,2025-08-19 11:24:39,194.0,32.2,23.6,28.37,2.62,0,194
0.714,19.911,0.381,88.858,1.088,2025-08-19 11:24:39,194.0,32.2,23.6,28.37,2.62,0,194
0.722,19.993,0.354,88.736,1.108,2025-08-19 11:24:39,194.0,32.2,23.6,28.37,2.62,0,194
0.735,19.965,0.381,89.018,1.125,2025-08-19 11:24:39,194.0,32.2,23.6,28.37,2.62,0,194
0.694,20.003,0.423,88.832,1.056,2025-08-19 11:24:39,194.0,32.2,23.6,28.37,2.62,0,194
0.704,19.955,0.396,88.98,1.13,2025-08-19 11:24:39,194.0,32.2,23.6,28.37,2.62,0,194
0.706,20.006,0.406,88.93,1.098,2025-08-19 11:24:39,194.0,32.2,23.6,28.37,2.62,0,194
0.722,19.943,0.322,89.025,1.083,2025-08-19 11:24:39,194.0,32.2,23.6,28.37,2.62,0,194
0.698,19.905,0.305,89.052,1.107,2025-08-19 11:24:39,194.0,32.2,23.6,28.37,2.62,0,194
0.711,20.05,0.291,88.785,1.041,2025-08-19 12:59:40,195.0,33.3,23.1,27.28,2.8,0,195
0.703,19.899,0.431,88.933,1.009,2025-08-19 12:59:40,195.0,33.3,23.1,27.28,2.8,0,195
0.68,19.965,0.396,88.92,1.04,2025-08-19 12:59:40,195.0,33.3,23.1,27.28,2.8,0,195
0.721,19.965,0.238,88.798,1.05,2025-08-19 12:59:40,195.0,33.3,23.1,27.28,2.8,0,195
0.696,19.924,0.494,88.956,1.05,2025-08-19 12:59:40,195.0,33.3,23.1,27.28,2.8,0,195
0.718,20.103,0.297,89.018,1.07,2025-08-19 12:59:40,195.0,33.3,23.1,27.28,2.8,0,195
0.713,19.993,0.343,88.836,1.056,2025-08-19 12:59:40,195.0,33.3,23.1,27.28,2.8,0,195
0.709,19.94,0.34,88.785,1.075,2025-08-19 12:59:40,195.0,33.3,23.1,27.28,2.8,0,195
0.69,20.006,0.515,88.958,1.075,2025-08-19 12:59:40,195.0,33.3,23.1,27.28,2.8,0,195
0.702,20.003,0.252,89.025,1.048,2025-08-19 12:59:40,195.0,33.3,23.1,27.28,2.8,0,195
0.709,19.965,0.375,88.905,1.081,2025-08-19 12:59:40,195.0,33.3,23.1,27.28,2.8,0,195
0.713,19.952,0.441,89.133,1.11,2025-08-19 12:59:40,195.0,33.3,23.1,27.28,2.8,0,195
0.72,20.006,0.367,89.041,1.026,2025-08-19 12:59:40,195.0,33.3,23.1,27.28,2.8,0,195
0.675,19.974,0.476,88.782,1.036,2025-08-19 12:59:40,195.0,33.3,23.1,27.28,2.8,0,195
0.733,19.987,0.364,88.831,1.139,2025-08-19 12:59:40,195.0,33.3,23.1,27.28,2.8,0,195
0.671,19.977,0.431,88.715,1.001,2025-08-19 12:59:40,195.0,33.3,23.1,27.28,2.8,0,195
0.701,19.984,0.445,88.92,1.077,2025-08-19 12:59:40,195.0,33.3,23.1,27.28,2.8,0,195
0.7,20.018,0.452,88.901,1.105,2025-08-19 12:59:40,195.0,33.3,23.1,27.28,2.8,0,195
0.682,19.889,0.507,88.857,1.05,2025-08-19 12:59:40,195.0,33.3,23.1,27.28,2.8,0,195
0.713,19.924,0.423,89.2,1.117,2025-08-19 12:59:40,195.0,33.3,23.1,27.28,2.8,0,195
0.709,19.974,0.266,88.818,1.103,2025-08-19 20:04:55,196.0,33.5,23.0,28.06,3.32,0,196
0.717,19.971,0.357,88.916,1.051,2025-08-19 20:04:55,196.0,33.5,23.0,28.06,3.32,0,196
0.717,19.93,0.406,88.972,1.113,2025-08-19 20:04:55,196.0,33.5,23.0,28.06,3.32,0,196
0.714,19.949,0.511,88.803,1.117,2025-08-19 20:04:55,196.0,33.5,23.0,28.06,3.32,0,196
0.721,20.006,0.29,88.969,1.102,2025-08-19 20:04:55,196.0,33.5,23.0,28.06,3.32,0,196
0.72,19.968,0.248,88.754,1.167,2025-08-19 20:04:55,196.0,33.5,23.0,28.06,3.32,0,196
0.692,19.877,0.448,89.004,1.086,2025-08-19 20:04:55,196.0,33.5,23.0,28.06,3.32,0,196
0.699,19.918,0.364,88.783,1.104,2025-08-19 20:04:55,196.0,33.5,23.0,28.06,3.32,0,196
0.711,19.94,0.35,88.856,1.1,2025-08-19 20:04:55,196.0,33.5,23.0,28.06,3.32,0,196
0.698,19.908,0.339,88.976,1.108,2025-08-19 20:04:55,196.0,33.5,23.0,28.06,3.32,0,196
0.727,19.981,0.322,89.214,1.111,2025-08-19 20:04:55,196.0,33.5,23.0,28.06,3.32,0,196
0.704,19.974,0.413,88.966,1.152,2025-08-19 20:04:55,196.0,33.5,23.0,28.06,3.32,0,196
0.707,19.896,0.228,88.878,1.148,2025-08-19 20:04:55,196.0,33.5,23.0,28.06,3.32,0,196
0.721,19.933,0.346,89.194,1.123,2025-08-19 20:04:55,196.0,33.5,23.0,28.06,3.32,0,196
0.725,20.031,0.308,88.954,1.143,2025-08-19 20:04:55,196.0,33.5,23.0,28.06,3.32,0,196
0.695,19.959,0.431,88.994,1.084,2025-08-19 20:04:55,196.0,33.5,23.0,28.06,3.32,0,196
0.713,19.968,0.375,88.818,1.094,2025-08-19 20:04:55,196.0,33.5,23.0,28.06,3.32,0,196
0.705,19.911,0.41,88.837,1.062,2025-08-19 20:04:55,196.0,33.5,23.0,28.06,3.32,0,196
0.698,19.971,0.458,89.194,1.138,2025-08-19 20:04:55,196.0,33.5,23.0,28.06,3.32,0,196
0.697,19.977,0.431,88.815,1.141,2025-08-19 20:04:55,196.0,33.5,23.0,28.06,3.32,0,196
0.72,19.911,0.371,88.991,1.074,2025-09-01 13:37:33,197.0,84.3,22.1,30.03,13.11,0,197
0.726,19.893,0.49,89.268,1.184,2025-09-01 13:37:33,197.0,84.3,22.1,30.03,13.11,0,197
0.724,19.915,0.462,89.258,1.091,2025-09-01 13:37:33,197.0,84.3,22.1,30.03,13.11,0,197
0.697,19.915,0.539,88.786,1.135,2025-09-01 13:37:33,197.0,84.3,22.1,30.03,13.11,0,197
0.74,19.908,0.402,88.888,1.169,2025-09-01 13:37:33,197.0,84.3,22.1,30.03,13.11,0,197
0.745,20.012,0.504,89.006,1.094,2025-09-01 13:37:33,197.0,84.3,22.1,30.03,13.11,0,197
0.697,19.965,0.567,88.913,1.091,2025-09-01 13:37:33,197.0,84.3,22.1,30.03,13.11,0,197
0.705,19.867,0.452,88.985,1.145,2025-09-01 13:37:33,197.0,84.3,22.1,30.03,13.11,0,197
0.736,20.043,0.479,88.911,1.08,2025-09-01 13:37:33,197.0,84.3,22.1,30.03,13.11,0,197
0.735,19.943,0.448,88.917,1.17,2025-09-01 13:37:33,197.0,84.3,22.1,30.03,13.11,0,197
0.707,19.949,0.409,88.848,1.117,2025-09-01 13:37:33,197.0,84.3,22.1,30.03,13.11,0,197
0.727,19.981,0.417,88.941,1.115,2025-09-01 13:37:33,197.0,84.3,22.1,30.03,13.11,0,197
0.705,19.874,0.462,89.013,1.16,2025-09-01 13:37:33,197.0,84.3,22.1,30.03,13.11,0,197
0.724,19.943,0.375,88.827,1.147,2025-09-01 13:37:33,197.0,84.3,22.1,30.03,13.11,0,197
0.711,19.943,0.256,88.923,1.121,2025-09-01 13:37:33,197.0,84.3,22.1,30.03,13.11,0,197
0.75,19.962,0.448,88.922,1.144,2025-09-01 13:37:33,197.0,84.3,22.1,30.03,13.11,0,197
0.725,19.987,0.518,88.746,1.048,2025-09-01 13:37:33,197.0,84.3,22.1,30.03,13.11,0,197
0.719,19.93,0.511,88.895,1.133,2025-09-01 13:37:33,197.0,84.3,22.1,30.03,13.11,0,197
0.721,19.924,0.423,89.078,1.08,2025-09-01 13:37:33,197.0,84.3,22.1,30.03,13.11,0,197
0.712,20.028,0.305,88.892,1.125,2025-09-01 20:12:45,198.0,31.2,20.9,26.59,2.53,0,198
0.697,19.996,0.287,88.884,1.078,2025-09-01 20:12:45,198.0,31.2,20.9,26.59,2.53,0,198
0.695,19.908,0.388,89.074,1.082,2025-09-01 20:12:45,198.0,31.2,20.9,26.59,2.53,0,198
0.693,19.921,0.402,89.161,1.082,2025-09-01 20:12:45,198.0,31.2,20.9,26.59,2.53,0,198
0.708,19.974,0.346,89.182,1.037,2025-09-01 20:12:45,198.0,31.2,20.9,26.59,2.53,0,198
0.721,20.094,0.361,89.001,1.046,2025-09-01 20:12:45,198.0,31.2,20.9,26.59,2.53,0,198
0.711,19.845,0.277,88.942,1.109,2025-09-01 20:12:45,198.0,31.2,20.9,26.59,2.53,0,198
0.725,19.974,0.287,88.955,1.09,2025-09-01 20:12:45,198.0,31.2,20.9,26.59,2.53,0,198
0.684,20.046,0.378,88.961,1.04,2025-09-01 20:12:45,198.0,31.2,20.9,26.59,2.53,0,198
0.721,19.968,0.298,89.018,1.108,2025-09-01 20:12:45,198.0,31.2,20.9,26.59,2.53,0,198
0.717,19.987,0.41,88.807,1.028,2025-09-01 20:12:45,198.0,31.2,20.9,26.59,2.53,0,198
0.693,19.893,0.466,88.8,1.063,2025-09-01 20:12:45,198.0,31.2,20.9,26.59,2.53,0,198
0.716,19.949,0.522,88.941,1.056,2025-09-01 20:12:45,198.0,31.2,20.9,26.59,2.53,0,198
0.694,19.915,0.266,88.956,1.025,2025-09-01 20:12:45,198.0,31.2,20.9,26.59,2.53,0,198
0.749,19.987,0.427,89.082,1.115,2025-09-01 20:12:45,198.0,31.2,20.9,26.59,2.53,0,198
0.725,19.99,0.511,89.094,1.061,2025-09-01 20:12:45,198.0,31.2,20.9,26.59,2.53,0,198
0.707,20.053,0.406,88.817,1.101,2025-09-01 20:12:45,198.0,31.2,20.9,26.59,2.53,0,198
0.696,19.896,0.28,88.877,1.041,2025-09-01 20:12:45,198.0,31.2,20.9,26.59,2.53,0,198
0.708,19.955,0.406,88.843,1.052,2025-09-01 20:12:45,198.0,31.2,20.9,26.59,2.53,0,198
0.71,20.025,0.451,88.791,1.053,2025-09-01 20:12:45,198.0,31.2,20.9,26.59,2.53,0,198
0.688,19.937,0.49,88.964,1.121,2025-09-01 21:12:46,199.0,32.4,21.9,27.13,2.75,0,199
0.725,20.006,0.511,89.202,1.086,2025-09-01 21:12:46,199.0,32.4,21.9,27.13,2.75,0,199
0.745,20.084,0.466,88.863,1.098,2025-09-01 21:12:46,199.0,32.4,21.9,27.13,2.75,0,199
0.696,19.952,0.389,88.767,1.09,2025-09-01 21:12:46,199.0,32.4,21.9,27.13,2.75,0,199
0.724,19.977,0.27,88.863,1.074,2025-09-01 21:12:46,199.0,32.4,21.9,27.13,2.75,0,199
0.737,20.059,0.186,88.806,1.119,2025-09-01 21:12:46,199.0,32.4,21.9,27.13,2.75,0,199
0.71,20.034,0.35,88.776,1.111,2025-09-01 21:12:46,199.0,32.4,21.9,27.13,2.75,0,199
0.724,19.955,0.301,88.945,1.121,2025-09-01 21:12:46,199.0,32.4,21.9,27.13,2.75,0,199
0.703,20.012,0.423,88.985,1.054,2025-09-01 21:12:46,199.0,32.4,21.9,27.13,2.75,0,199
0.726,20.003,0.427,88.971,1.109,2025-09-01 21:12:46,199.0,32.4,21.9,27.13,2.75,0,199
0.727,20.094,0.224,88.753,1.025,2025-09-01 21:12:46,199.0,32.4,21.9,27.13,2.75,0,199
0.713,20.034,0.388,89.231,1.042,2025-09-01 21:12:46,199.0,32.4,21.9,27.13,2.75,0,199
0.712,19.977,0.434,88.986,1.095,2025-09-01 21:12:46,199.0,32.4,21.9,27.13,2.75,0,199
0.737,20.087,0.441,88.85,1.129,2025-09-01 21:12:46,199.0,32.4,21.9,27.13,2.75,0,199
0.736,20.065,0.535,88.875,1.135,2025-09-01 21:12:46,199.0,32.4,21.9,27.13,2.75,0,199
0.731,20.021,0.424,88.994,1.095,2025-09-01 21:12:46,199.0,32.4,21.9,27.13,2.75,0,199
0.698,20.021,0.343,89.007,1.104,2025-09-01 21:12:46,199.0,32.4,21.9,27.13,2.75,0,199
0.724,20.05,0.504,88.859,1.063,2025-09-01 21:12:46,199.0,32.4,21.9,27.13,2.75,0,199
0.703,19.918,0.294,88.956,1.051,2025-09-01 21:12:46,199.0,32.4,21.9,27.13,2.75,0,199
0.708,20.006,0.396,88.85,1.018,2025-09-01 21:12:46,199.0,32.4,21.9,27.13,2.75,0,199
0.695,19.849,0.556,88.811,1.047,2025-09-02 12:09:07,200.0,84.2,18.3,29.82,13.13,0,200
0.707,19.849,0.55,89.166,1.083,2025-09-02 12:09:07,200.0,84.2,18.3,29.82,13.13,0,200
0.69,19.981,0.217,88.867,1.115,2025-09-02 12:09:07,200.0,84.2,18.3,29.82,13.13,0,200
0.735,20.028,0.413,89.078,1.096,2025-09-02 12:09:07,200.0,84.2,18.3,29.82,13.13,0,200
0.721,20.072,0.196,88.853,1.125,2025-09-02 12:09:07,200.0,84.2,18.3,29.82,13.13,0,200
0.697,19.93,0.367,88.884,1.137,2025-09-02 12:09:07,200.0,84.2,18.3,29.82,13.13,0,200
0.717,19.852,0.378,89.137,1.12,2025-09-02 12:09:07,200.0,84.2,18.3,29.82,13.13,0,200
0.681,19.937,0.28,88.766,0.996,2025-09-02 12:09:07,200.0,84.2,18.3,29.82,13.13,0,200
0.712,19.965,0.392,88.888,1.09,2025-09-02 12:09:07,200.0,84.2,18.3,29.82,13.13,0,200
0.696,19.933,0.378,89.017,1.019,2025-09-02 12:09:07,200.0,84.2,18.3,29.82,13.13,0,200
0.722,19.996,0.287,89.014,1.022,2025-09-02 12:09:07,200.0,84.2,18.3,29.82,13.13,0,200
0.713,19.921,0.55,88.994,1.051,2025-09-02 12:09:07,200.0,84.2,18.3,29.82,13.13,0,200
0.713,19.952,0.27,88.957,1.052,2025-09-02 12:09:07,200.0,84.2,18.3,29.82,13.13,0,200
0.73,19.943,0.308,88.95,1.096,2025-09-02 12:09:07,200.0,84.2,18.3,29.82,13.13,0,200
0.713,20.021,0.228,89.168,1.039,2025-09-02 12:09:07,200.0,84.2,18.3,29.82,13.13,0,200
0.719,19.955,0.326,88.972,1.076,2025-09-02 12:09:07,200.0,84.2,18.3,29.82,13.13,0,200
0.71,19.952,0.262,88.842,1.094,2025-09-02 12:09:07,200.0,84.2,18.3,29.82,13.13,0,200
0.7,19.927,0.434,88.916,1.113,2025-09-02 12:09:07,200.0,84.2,18.3,29.82,13.13,0,200
0.727,19.984,0.406,89.226,1.134,2025-09-02 12:09:07,200.0,84.2,18.3,29.82,13.13,0,200
0.738,20.043,0.395,88.984,1.107,2025-09-02 12:54:09,201.0,34.7,21.8,27.14,3.87,0,201
0.698,20.012,0.308,88.894,1.112,2025-09-02 12:54:09,201.0,34.7,21.8,27.14,3.87,0,201
0.737,20.119,0.329,89.007,1.099,2025-09-02 12:54:09,201.0,34.7,21.8,27.14,3.87,0,201
0.703,19.921,0.476,89.112,1.109,2025-09-02 12:54:09,201.0,34.7,21.8,27.14,3.87,0,201
0.715,19.993,0.343,89.177,1.065,2025-09-02 12:54:09,201.0,34.7,21.8,27.14,3.87,0,201
0.696,19.93,0.465,88.852,1.101,2025-09-02 12:54:09,201.0,34.7,21.8,27.14,3.87,0,201
0.689,19.877,0.451,89.038,1.052,2025-09-02 12:54:09,201.0,34.7,21.8,27.14,3.87,0,201
0.737,20.062,0.357,88.994,1.095,2025-09-02 12:54:09,201.0,34.7,21.8,27.14,3.87,0,201
0.725,19.959,0.29,88.994,1.127,2025-09-02 12:54:09,201.0,34.7,21.8,27.14,3.87,0,201
0.713,20.065,0.269,88.947,1.081,2025-09-02 12:54:09,201.0,34.7,21.8,27.14,3.87,0,201
0.705,19.886,0.417,89.198,1.116,2025-09-02 12:54:09,201.0,34.7,21.8,27.14,3.87,0,201
0.676,19.924,0.423,89.124,1.096,2025-09-02 12:54:09,201.0,34.7,21.8,27.14,3.87,0,201
0.719,19.993,0.196,89.006,1.08,2025-09-02 12:54:09,201.0,34.7,21.8,27.14,3.87,0,201
0.712,19.937,0.354,89.231,1.077,2025-09-02 12:54:09,201.0,34.7,21.8,27.14,3.87,0,201
0.717,19.999,0.651,88.928,1.126,2025-09-02 12:54:09,201.0,34.7,21.8,27.14,3.87,0,201
0.696,19.99,0.231,89.011,1.064,2025-09-02 12:54:09,201.0,34.7,21.8,27.14,3.87,0,201
0.733,20.046,0.434,88.842,1.162,2025-09-02 12:54:09,201.0,34.7,21.8,27.14,3.87,0,201
0.689,19.905,0.539,88.882,1.086,2025-09-02 12:54:09,201.0,34.7,21.8,27.14,3.87,0,201
0.687,20.003,0.441,88.977,1.047,2025-09-02 21:44:25,202.0,32.6,20.8,25.67,2.48,0,202
0.71,19.918,0.413,89.239,0.993,2025-09-02 21:44:25,202.0,32.6,20.8,25.67,2.48,0,202
0.691,19.908,0.434,88.825,1.084,2025-09-02 21:44:25,202.0,32.6,20.8,25.67,2.48,0,202
0.706,19.937,0.357,88.941,1.023,2025-09-02 21:44:25,202.0,32.6,20.8,25.67,2.48,0,202
0.672,19.908,0.483,89.102,0.999,2025-09-02 21:44:25,202.0,32.6,20.8,25.67,2.48,0,202
0.724,19.977,0.462,89.083,1.074,2025-09-02 21:44:25,202.0,32.6,20.8,25.67,2.48,0,202
0.709,19.984,0.42,89.257,1.091,2025-09-02 21:44:25,202.0,32.6,20.8,25.67,2.48,0,202
0.701,19.911,0.486,89.112,1.057,2025-09-02 21:44:25,202.0,32.6,20.8,25.67,2.48,0,202
0.697,19.984,0.29,88.707,1.027,2025-09-02 21:44:25,202.0,32.6,20.8,25.67,2.48,0,202
0.698,19.896,0.259,88.916,1.045,2025-09-02 21:44:25,202.0,32.6,20.8,25.67,2.48,0,202
0.719,20.009,0.448,89.026,1.07,2025-09-02 21:44:25,202.0,32.6,20.8,25.67,2.48,0,202
0.738,20.065,0.388,88.961,1.072,2025-09-02 21:44:25,202.0,32.6,20.8,25.67,2.48,0,202
0.684,19.987,0.431,88.839,1.021,2025-09-02 21:44:25,202.0,32.6,20.8,25.67,2.48,0,202
0.716,20.012,0.406,89.02,1.12,2025-09-02 21:44:25,202.0,32.6,20.8,25.67,2.48,0,202
0.706,19.943,0.413,89.058,1.129,2025-09-02 21:44:25,202.0,32.6,20.8,25.67,2.48,0,202
0.729,20.053,0.392,88.983,1.103,2025-09-02 21:44:25,202.0,32.6,20.8,25.67,2.48,0,202
0.686,19.886,0.518,88.905,1.021,2025-09-02 21:44:25,202.0,32.6,20.8,25.67,2.48,0,202
0.7,20.05,0.434,88.887,1.072,2025-09-02 21:44:25,202.0,32.6,20.8,25.67,2.48,0,202
0.704,19.999,0.403,88.824,1.107,2025-09-02 21:44:25,202.0,32.6,20.8,25.67,2.48,0,202
0.727,20.05,0.252,88.974,1.059,2025-09-02 21:44:25,202.0,32.6,20.8,25.67,2.48,0,202
0.699,19.968,0.448,89.083,1.104,2025-09-03 12:20:44,203.0,29.4,19.9,25.39,2.79,0,203
0.73,20.043,0.564,89.265,1.046,2025-09-03 12:20:44,203.0,29.4,19.9,25.39,2.79,0,203
0.719,19.927,0.431,88.964,1.049,2025-09-03 12:20:44,203.0,29.4,19.9,25.39,2.79,0,203
0.716,19.921,0.427,89.088,1.04,2025-09-03 12:20:44,203.0,29.4,19.9,25.39,2.79,0,203
0.726,20.05,0.406,89.006,1.084,2025-09-03 12:20:44,203.0,29.4,19.9,25.39,2.79,0,203
0.705,19.962,0.259,88.932,1.088,2025-09-03 12:20:44,203.0,29.4,19.9,25.39,2.79,0,203
0.71,19.908,0.347,89.015,1.078,2025-09-03 12:20:44,203.0,29.4,19.9,25.39,2.79,0,203
0.699,19.965,0.473,88.789,1.052,2025-09-03 12:20:44,203.0,29.4,19.9,25.39,2.79,0,203
0.71,19.893,0.473,89.173,1.11,2025-09-03 12:20:44,203.0,29.4,19.9,25.39,2.79,0,203
0.732,20.009,0.448,89.126,1.085,2025-09-03 12:20:44,203.0,29.4,19.9,25.39,2.79,0,203
0.725,19.993,0.294,89.05,1.13,2025-09-03 12:20:44,203.0,29.4,19.9,25.39,2.79,0,203
0.692,19.899,0.462,88.899,1.045,2025-09-03 12:20:44,203.0,29.4,19.9,25.39,2.79,0,203
0.734,19.94,0.284,88.862,1.148,2025-09-03 12:20:44,203.0,29.4,19.9,25.39,2.79,0,203
0.732,20.018,0.452,89.068,1.13,2025-09-03 12:20:44,203.0,29.4,19.9,25.39,2.79,0,203
0.707,19.918,0.483,89.122,1.122,2025-09-03 12:20:44,203.0,29.4,19.9,25.39,2.79,0,203
0.736,19.915,0.42,89.06,1.135,2025-09-03 12:20:44,203.0,29.4,19.9,25.39,2.79,0,203
0.704,19.984,0.497,88.924,1.031,2025-09-03 12:20:44,203.0,29.4,19.9,25.39,2.79,0,203
0.723,19.981,0.486,89.192,1.097,2025-09-03 12:20:44,203.0,29.4,19.9,25.39,2.79,0,203
0.712,20.068,0.448,88.834,1.073,2025-09-03 12:20:44,203.0,29.4,19.9,25.39,2.79,0,203
0.725,19.924,0.504,88.917,1.078,2025-09-03 12:20:44,203.0,29.4,19.9,25.39,2.79,0,203
0.733,20.015,0.595,88.851,1.044,2025-09-03 20:40:58,204.0,32.5,22.7,27.7,3.04,0,204
0.708,19.977,0.28,89.225,1.078,2025-09-03 20:40:58,204.0,32.5,22.7,27.7,3.04,0,204
0.722,20.122,0.21,88.942,1.035,2025-09-03 20:40:58,204.0,32.5,22.7,27.7,3.04,0,204
0.709,19.968,0.346,89.105,0.953,2025-09-03 20:40:58,204.0,32.5,22.7,27.7,3.04,0,204
0.722,19.971,0.248,88.998,0.986,2025-09-03 20:40:58,204.0,32.5,22.7,27.7,3.04,0,204
0.711,20.037,0.283,88.772,1.095,2025-09-03 20:40:58,204.0,32.5,22.7,27.7,3.04,0,204
0.715,20.021,0.476,89.165,1.049,2025-09-03 20:40:58,204.0,32.5,22.7,27.7,3.04,0,204
0.708,19.893,0.346,88.861,0.996,2025-09-03 20:40:58,204.0,32.5,22.7,27.7,3.04,0,204
0.73,20.094,0.28,89.228,1.049,2025-09-03 20:40:58,204.0,32.5,22.7,27.7,3.04,0,204
0.707,20.003,0.556,88.916,1.075,2025-09-03 20:40:58,204.0,32.5,22.7,27.7,3.04,0,204
0.719,19.999,0.325,88.869,1.06,2025-09-03 20:40:58,204.0,32.5,22.7,27.7,3.04,0,204
0.711,19.952,0.409,88.925,1.031,2025-09-03 20:40:58,204.0,32.5,22.7,27.7,3.04,0,204
0.718,20.018,0.413,88.906,1.045,2025-09-03 20:40:58,204.0,32.5,22.7,27.7,3.04,0,204
0.723,19.965,0.378,88.769,0.985,2025-09-03 20:40:58,204.0,32.5,22.7,27.7,3.04,0,204
0.715,19.981,0.364,89.342,1.081,2025-09-03 20:40:58,204.0,32.5,22.7,27.7,3.04,0,204
0.711,19.933,0.452,88.638,1.033,2025-09-03 20:40:58,204.0,32.5,22.7,27.7,3.04,0,204
0.704,19.911,0.402,89.137,1.049,2025-09-03 20:40:58,204.0,32.5,22.7,27.7,3.04,0,204
0.728,19.99,0.361,89.029,1.011,2025-09-03 20:40:58,204.0,32.5,22.7,27.7,3.04,0,204
0.734,20.075,0.329,89.003,1.081,2025-09-03 20:40:58,204.0,32.5,22.7,27.7,3.04,0,204
0.714,19.886,0.347,89.129,1.006,2025-09-03 20:40:58,204.0,32.5,22.7,27.7,3.04,0,204
0.718,20.065,0.301,88.886,1.026,2025-09-03 21:15:59,205.0,31.4,19.9,25.17,3.27,0,205
0.736,19.924,0.305,89.022,1.1,2025-09-03 21:15:59,205.0,31.4,19.9,25.17,3.27,0,205
0.73,20.097,0.364,88.992,1.091,2025-09-03 21:15:59,205.0,31.4,19.9,25.17,3.27,0,205
0.691,20.072,0.361,88.968,1.014,2025-09-03 21:15:59,205.0,31.4,19.9,25.17,3.27,0,205
0.719,19.971,0.402,88.849,1.103,2025-09-03 21:15:59,205.0,31.4,19.9,25.17,3.27,0,205
0.678,20.053,0.353,88.969,0.997,2025-09-03 21:15:59,205.0,31.4,19.9,25.17,3.27,0,205
0.732,20.078,0.417,88.98,1.087,2025-09-03 21:15:59,205.0,31.4,19.9,25.17,3.27,0,205
0.709,20.021,0.49,89.056,1.039,2025-09-03 21:15:59,205.0,31.4,19.9,25.17,3.27,0,205
0.699,19.977,0.343,88.961,1.018,2025-09-03 21:15:59,205.0,31.4,19.9,25.17,3.27,0,205
0.737,20.125,0.423,88.907,1.122,2025-09-03 21:15:59,205.0,31.4,19.9,25.17,3.27,0,205
0.715,20.053,0.361,88.978,1.098,2025-09-03 21:15:59,205.0,31.4,19.9,25.17,3.27,0,205
0.722,20.003,0.269,88.819,1.081,2025-09-03 21:15:59,205.0,31.4,19.9,25.17,3.27,0,205
0.727,20.112,0.441,89.002,1.105,2025-09-03 21:15:59,205.0,31.4,19.9,25.17,3.27,0,205
0.716,20.1,0.535,88.951,1.094,2025-09-03 21:15:59,205.0,31.4,19.9,25.17,3.27,0,205
0.705,20.028,0.395,88.637,1.085,2025-09-03 21:15:59,205.0,31.4,19.9,25.17,3.27,0,205
0.724,19.952,0.529,89.115,1.068,2025-09-03 21:15:59,205.0,31.4,19.9,25.17,3.27,0,205
0.725,19.943,0.381,89.127,1.029,2025-09-03 21:15:59,205.0,31.4,19.9,25.17,3.27,0,205
0.72,19.933,0.273,88.718,1.066,2025-09-03 21:15:59,205.0,31.4,19.9,25.17,3.27,0,205
0.689,19.987,0.269,88.865,1.057,2025-09-03 21:15:59,205.0,31.4,19.9,25.17,3.27,0,205
0.71,19.977,0.382,89.177,1.067,2025-09-03 21:15:59,205.0,31.4,19.9,25.17,3.27,0,205
0.742,20.006,0.49,88.956,1.068,2025-09-04 11:31:12,206.0,32.9,21.2,26.03,3.31,0,206
0.696,19.924,0.427,89.094,1.095,2025-09-04 11:31:12,206.0,32.9,21.2,26.03,3.31,0,206
0.722,19.889,0.399,88.966,1.101,2025-09-04 11:31:12,206.0,32.9,21.2,26.03,3.31,0,206
0.733,20.003,0.455,88.986,1.096,2025-09-04 11:31:12,206.0,32.9,21.2,26.03,3.31,0,206
0.741,19.984,0.476,88.919,1.134,2025-09-04 11:31:12,206.0,32.9,21.2,26.03,3.31,0,206
0.698,19.952,0.434,88.951,0.983,2025-09-04 11:31:12,206.0,32.9,21.2,26.03,3.31,0,206
0.731,19.996,0.483,88.875,1.082,2025-09-04 11:31:12,206.0,32.9,21.2,26.03,3.31,0,206
0.717,19.952,0.234,88.855,1.064,2025-09-04 11:31:12,206.0,32.9,21.2,26.03,3.31,0,206
0.715,19.927,0.298,88.935,1.092,2025-09-04 11:31:12,206.0,32.9,21.2,26.03,3.31,0,206
0.736,19.981,0.406,89.131,1.16,2025-09-04 11:31:12,206.0,32.9,21.2,26.03,3.31,0,206
0.722,19.959,0.423,88.935,1.086,2025-09-04 11:31:12,206.0,32.9,21.2,26.03,3.31,0,206
0.697,19.927,0.483,89.224,1.07,2025-09-04 11:31:12,206.0,32.9,21.2,26.03,3.31,0,206
0.732,19.946,0.364,88.956,1.101,2025-09-04 11:31:12,206.0,32.9,21.2,26.03,3.31,0,206
0.712,19.955,0.49,89.056,1.158,2025-09-04 11:31:12,206.0,32.9,21.2,26.03,3.31,0,206
0.712,20.009,0.448,88.84,1.127,2025-09-04 11:31:12,206.0,32.9,21.2,26.03,3.31,0,206
0.712,19.908,0.42,88.901,1.115,2025-09-04 11:31:12,206.0,32.9,21.2,26.03,3.31,0,206
0.707,19.893,0.49,89.052,1.09,2025-09-04 11:31:12,206.0,32.9,21.2,26.03,3.31,0,206
0.702,19.965,0.483,88.917,1.069,2025-09-04 11:31:12,206.0,32.9,21.2,26.03,3.31,0,206
0.698,19.94,0.472,89.067,1.048,2025-09-04 11:31:12,206.0,32.9,21.2,26.03,3.31,0,206
0.714,19.965,0.518,88.963,1.088,2025-09-04 11:31:12,206.0,32.9,21.2,26.03,3.31,0,206
0.695,19.981,0.423,88.818,1.007,2025-09-04 21:56:29,207.0,32.2,20.5,27.35,2.99,0,207
0.729,19.977,0.336,88.962,1.066,2025-09-04 21:56:29,207.0,32.2,20.5,27.35,2.99,0,207
0.689,19.93,0.406,88.674,1.001,2025-09-04 21:56:29,207.0,32.2,20.5,27.35,2.99,0,207
0.711,20.006,0.364,89.041,0.998,2025-09-04 21:56:29,207.0,32.2,20.5,27.35,2.99,0,207
0.725,19.996,0.494,88.753,1.117,2025-09-04 21:56:29,207.0,32.2,20.5,27.35,2.99,0,207
0.715,19.946,0.445,88.676,1.062,2025-09-04 21:56:29,207.0,32.2,20.5,27.35,2.99,0,207
0.708,19.965,0.462,88.875,1.069,2025-09-04 21:56:29,207.0,32.2,20.5,27.35,2.99,0,207
0.692,19.984,0.375,89.091,1.036,2025-09-04 21:56:29,207.0,32.2,20.5,27.35,2.99,0,207
0.709,19.965,0.5,89.134,1.119,2025-09-04 21:56:29,207.0,32.2,20.5,27.35,2.99,0,207
0.734,19.999,0.455,89.006,1.07,2025-09-04 21:56:29,207.0,32.2,20.5,27.35,2.99,0,207
0.716,19.984,0.431,88.747,1.052,2025-09-04 21:56:29,207.0,32.2,20.5,27.35,2.99,0,207
0.709,20.018,0.501,88.996,1.04,2025-09-04 21:56:29,207.0,32.2,20.5,27.35,2.99,0,207
0.726,19.955,0.333,88.998,1.111,2025-09-04 21:56:29,207.0,32.2,20.5,27.35,2.99,0,207
0.717,19.915,0.34,88.993,1.031,2025-09-04 21:56:29,207.0,32.2,20.5,27.35,2.99,0,207
0.716,20.028,0.434,88.977,1.072,2025-09-04 21:56:29,207.0,32.2,20.5,27.35,2.99,0,207
0.717,19.968,0.396,89.013,1.062,2025-09-04 21:56:29,207.0,32.2,20.5,27.35,2.99,0,207
0.727,19.93,0.707,88.924,1.054,2025-09-04 21:56:29,207.0,32.2,20.5,27.35,2.99,0,207
0.722,19.993,0.434,89.006,1.044,2025-09-04 21:56:29,207.0,32.2,20.5,27.35,2.99,0,207
0.709,19.99,0.497,88.992,1.061,2025-09-04 21:56:29,207.0,32.2,20.5,27.35,2.99,0,207
0.691,19.896,0.438,89.087,1.039,2025-09-04 21:56:29,207.0,32.2,20.5,27.35,2.99,0,207
0.669,19.883,0.395,88.926,0.99,2025-09-05 12:21:41,208.0,84.60001,20.0,27.02,13.74,0,208
0.692,19.867,0.577,88.795,1.089,2025-09-05 12:21:41,208.0,84.60001,20.0,27.02,13.74,0,208
0.691,19.893,0.497,88.983,1.085,2025-09-05 12:21:41,208.0,84.60001,20.0,27.02,13.74,0,208
0.744,19.965,0.515,88.883,1.143,2025-09-05 12:21:41,208.0,84.60001,20.0,27.02,13.74,0,208
0.667,19.883,0.479,89.015,1.049,2025-09-05 12:21:41,208.0,84.60001,20.0,27.02,13.74,0,208
0.717,19.974,0.49,88.963,1.104,2025-09-05 12:21:41,208.0,84.60001,20.0,27.02,13.74,0,208
0.682,19.893,0.483,89.209,1.098,2025-09-05 12:21:41,208.0,84.60001,20.0,27.02,13.74,0,208
0.707,19.867,0.458,88.783,1.114,2025-09-05 12:21:41,208.0,84.60001,20.0,27.02,13.74,0,208
0.723,19.943,0.49,88.883,1.186,2025-09-05 12:21:41,208.0,84.60001,20.0,27.02,13.74,0,208
0.717,19.949,0.668,89.079,1.094,2025-09-05 12:21:41,208.0,84.60001,20.0,27.02,13.74,0,208
0.712,19.937,0.49,88.987,1.114,2025-09-05 12:21:41,208.0,84.60001,20.0,27.02,13.74,0,208
0.724,19.918,0.381,88.737,1.124,2025-09-05 12:21:41,208.0,84.60001,20.0,27.02,13.74,0,208
0.684,19.893,0.487,88.959,1.141,2025-09-05 12:21:41,208.0,84.60001,20.0,27.02,13.74,0,208
0.719,19.984,0.511,88.94,1.146,2025-09-05 12:21:41,208.0,84.60001,20.0,27.02,13.74,0,208
0.699,19.839,0.424,88.971,1.038,2025-09-05 12:21:41,208.0,84.60001,20.0,27.02,13.74,0,208
0.704,19.889,0.413,88.78,1.144,2025-09-05 12:21:41,208.0,84.60001,20.0,27.02,13.74,0,208
0.703,19.921,0.438,88.902,1.095,2025-09-05 12:21:41,208.0,84.60001,20.0,27.02,13.74,0,208
0.71,19.959,0.609,88.926,1.141,2025-09-05 12:21:41,208.0,84.60001,20.0,27.02,13.74,0,208
0.695,19.867,0.455,88.869,1.125,2025-09-05 12:21:41,208.0,84.60001,20.0,27.02,13.74,0,208
0.72,19.99,0.55,88.958,1.092,2025-09-05 13:31:44,209.0,30.8,23.3,27.01,2.24,0,209
0.704,19.874,0.388,89.122,1.098,2025-09-05 13:31:44,209.0,30.8,23.3,27.01,2.24,0,209
0.715,19.905,0.445,88.915,1.151,2025-09-05 13:31:44,209.0,30.8,23.3,27.01,2.24,0,209
0.701,19.924,0.269,88.872,1.019,2025-09-05 13:31:44,209.0,30.8,23.3,27.01,2.24,0,209
0.695,19.93,0.458,88.695,1.017,2025-09-05 13:31:44,209.0,30.8,23.3,27.01,2.24,0,209
0.741,19.971,0.438,88.843,1.104,2025-09-05 13:31:44,209.0,30.8,23.3,27.01,2.24,0,209
0.714,19.943,0.392,89.147,1.132,2025-09-05 13:31:44,209.0,30.8,23.3,27.01,2.24,0,209
0.736,19.88,0.431,88.925,1.15,2025-09-05 13:31:44,209.0,30.8,23.3,27.01,2.24,0,209
0.726,19.893,0.364,88.972,1.123,2025-09-05 13:31:44,209.0,30.8,23.3,27.01,2.24,0,209
0.718,20.003,0.546,89.015,1.108,2025-09-05 13:31:44,209.0,30.8,23.3,27.01,2.24,0,209
0.712,19.896,0.396,88.94,1.122,2025-09-05 13:31:44,209.0,30.8,23.3,27.01,2.24,0,209
0.727,19.937,0.388,88.619,1.112,2025-09-05 13:31:44,209.0,30.8,23.3,27.01,2.24,0,209
0.71,19.93,0.385,88.957,1.106,2025-09-05 13:31:44,209.0,30.8,23.3,27.01,2.24,0,209
0.708,19.915,0.41,88.784,1.088,2025-09-05 13:31:44,209.0,30.8,23.3,27.01,2.24,0,209
0.707,19.908,0.431,88.914,1.084,2025-09-05 13:31:44,209.0,30.8,23.3,27.01,2.24,0,209
0.722,19.867,0.381,88.941,1.108,2025-09-05 13:31:44,209.0,30.8,23.3,27.01,2.24,0,209
0.71,19.889,0.406,88.743,1.183,2025-09-05 13:31:44,209.0,30.8,23.3,27.01,2.24,0,209
0.737,19.962,0.413,88.948,1.137,2025-09-05 13:31:44,209.0,30.8,23.3,27.01,2.24,0,209
0.726,19.908,0.364,88.982,1.036,2025-09-05 13:31:44,209.0,30.8,23.3,27.01,2.24,0,209
0.715,19.981,0.332,89.04,1.179,2025-09-05 13:31:44,209.0,30.8,23.3,27.01,2.24,0,209
0.698,19.93,0.375,88.868,1.007,2025-09-05 21:46:54,210.0,29.6,21.9,26.08,2.37,0,210
0.716,20.043,0.311,88.923,1.118,2025-09-05 21:46:54,210.0,29.6,21.9,26.08,2.37,0,210
0.688,20.031,0.584,88.757,1.03,2025-09-05 21:46:54,210.0,29.6,21.9,26.08,2.37,0,210
0.713,19.977,0.497,88.915,1.107,2025-09-05 21:46:54,210.0,29.6,21.9,26.08,2.37,0,210
0.727,19.977,0.483,88.838,1.141,2025-09-05 21:46:54,210.0,29.6,21.9,26.08,2.37,0,210
0.698,19.993,0.427,88.873,1.033,2025-09-05 21:46:54,210.0,29.6,21.9,26.08,2.37,0,210
0.736,20.078,0.343,88.981,1.06,2025-09-05 21:46:54,210.0,29.6,21.9,26.08,2.37,0,210
0.726,20.15,0.396,89.107,1.11,2025-09-05 21:46:54,210.0,29.6,21.9,26.08,2.37,0,210
0.72,20.087,0.431,88.891,1.101,2025-09-05 21:46:54,210.0,29.6,21.9,26.08,2.37,0,210
0.691,19.933,0.511,88.977,1.046,2025-09-05 21:46:54,210.0,29.6,21.9,26.08,2.37,0,210
0.709,19.977,0.374,89.002,1.1,2025-09-05 21:46:54,210.0,29.6,21.9,26.08,2.37,0,210
0.732,20.046,0.466,89.068,1.126,2025-09-05 21:46:54,210.0,29.6,21.9,26.08,2.37,0,210
0.704,19.965,0.504,88.875,1.131,2025-09-05 21:46:54,210.0,29.6,21.9,26.08,2.37,0,210
0.719,19.984,0.42,88.844,1.084,2025-09-05 21:46:54,210.0,29.6,21.9,26.08,2.37,0,210
0.664,19.987,0.444,88.77,0.997,2025-09-05 21:46:54,210.0,29.6,21.9,26.08,2.37,0,210
0.712,20.021,0.35,89.161,1.061,2025-09-05 21:46:54,210.0,29.6,21.9,26.08,2.37,0,210
0.704,19.965,0.539,88.845,1.094,2025-09-05 21:46:54,210.0,29.6,21.9,26.08,2.37,0,210
0.699,20.059,0.378,88.87,1.057,2025-09-05 21:46:54,210.0,29.6,21.9,26.08,2.37,0,210
0.723,20.043,0.346,88.785,1.097,2025-09-05 21:46:54,210.0,29.6,21.9,26.08,2.37,0,210
0.723,20.009,0.515,89.156,1.112,2025-09-05 21:46:54,210.0,29.6,21.9,26.08,2.37,0,210
0.681,19.921,0.385,88.734,1.03,2025-09-08 13:41:07,211.0,29.5,19.7,24.61,2.81,0,211
0.681,19.918,0.34,88.797,1.035,2025-09-08 13:41:07,211.0,29.5,19.7,24.61,2.81,0,211
0.707,20.028,0.322,88.916,1.098,2025-09-08 13:41:07,211.0,29.5,19.7,24.61,2.81,0,211
0.703,19.937,0.396,88.675,1.034,2025-09-08 13:41:07,211.0,29.5,19.7,24.61,2.81,0,211
0.713,20.006,0.392,88.903,1.011,2025-09-08 13:41:07,211.0,29.5,19.7,24.61,2.81,0,211
0.704,19.955,0.479,88.884,1.09,2025-09-08 13:41:07,211.0,29.5,19.7,24.61,2.81,0,211
0.72,20.065,0.431,88.961,1.112,2025-09-08 13:41:07,211.0,29.5,19.7,24.61,2.81,0,211
0.708,19.977,0.353,88.923,1.122,2025-09-08 13:41:07,211.0,29.5,19.7,24.61,2.81,0,211
0.719,19.999,0.361,88.93,1.121,2025-09-08 13:41:07,211.0,29.5,19.7,24.61,2.81,0,211
0.72,20.018,0.406,89.105,1.097,2025-09-08 13:41:07,211.0,29.5,19.7,24.61,2.81,0,211
0.727,20.006,0.409,89.21,1.101,2025-09-08 13:41:07,211.0,29.5,19.7,24.61,2.81,0,211
0.706,19.968,0.455,88.57,1.037,2025-09-08 13:41:07,211.0,29.5,19.7,24.61,2.81,0,211
0.72,20.059,0.315,89.058,1.093,2025-09-08 13:41:07,211.0,29.5,19.7,24.61,2.81,0,211
0.713,19.949,0.364,88.91,1.084,2025-09-08 13:41:07,211.0,29.5,19.7,24.61,2.81,0,211
0.716,19.949,0.196,89.102,1.107,2025-09-08 13:41:07,211.0,29.5,19.7,24.61,2.81,0,211
0.726,19.999,0.315,88.874,1.087,2025-09-08 13:41:07,211.0,29.5,19.7,24.61,2.81,0,211
0.703,19.937,0.35,88.883,1.098,2025-09-08 13:41:07,211.0,29.5,19.7,24.61,2.81,0,211
0.703,19.955,0.392,88.898,1.081,2025-09-08 13:41:07,211.0,29.5,19.7,24.61,2.81,0,211
0.704,19.977,0.399,89.01,1.046,2025-09-08 13:41:07,211.0,29.5,19.7,24.61,2.81,0,211
0.697,19.987,0.336,88.896,1.035,2025-09-08 13:41:07,211.0,29.5,19.7,24.61,2.81,0,211
0.693,20.003,0.308,88.876,1.014,2025-09-08 19:16:18,212.0,29.8,23.0,26.58,2.21,0,212
0.708,20.025,0.5,89.045,1.078,2025-09-08 19:16:18,212.0,29.8,23.0,26.58,2.21,0,212
0.706,19.984,0.42,89.136,1.087,2025-09-08 19:16:18,212.0,29.8,23.0,26.58,2.21,0,212
0.722,20.106,0.469,89.014,1.142,2025-09-08 19:16:18,212.0,29.8,23.0,26.58,2.21,0,212
0.707,19.93,0.49,88.837,1.018,2025-09-08 19:16:18,212.0,29.8,23.0,26.58,2.21,0,212
0.706,19.937,0.466,88.735,1.038,2025-09-08 19:16:18,212.0,29.8,23.0,26.58,2.21,0,212
0.721,20.084,0.535,88.806,1.044,2025-09-08 19:16:18,212.0,29.8,23.0,26.58,2.21,0,212
0.712,20.081,0.388,89.083,1.113,2025-09-08 19:16:18,212.0,29.8,23.0,26.58,2.21,0,212
0.714,19.933,0.367,89.018,1.165,2025-09-08 19:16:18,212.0,29.8,23.0,26.58,2.21,0,212
0.703,19.971,0.518,89.189,1.093,2025-09-08 19:16:18,212.0,29.8,23.0,26.58,2.21,0,212
0.701,20.087,0.504,89.006,1.084,2025-09-08 19:16:18,212.0,29.8,23.0,26.58,2.21,0,212
0.733,20.018,0.417,88.941,1.097,2025-09-08 19:16:18,212.0,29.8,23.0,26.58,2.21,0,212
0.697,19.921,0.458,88.669,1.082,2025-09-08 19:16:18,212.0,29.8,23.0,26.58,2.21,0,212
0.708,19.977,0.577,88.98,1.068,2025-09-08 19:16:18,212.0,29.8,23.0,26.58,2.21,0,212
0.704,19.896,0.452,88.823,1.1,2025-09-08 19:16:18,212.0,29.8,23.0,26.58,2.21,0,212
0.717,19.959,0.417,88.611,1.101,2025-09-08 19:16:18,212.0,29.8,23.0,26.58,2.21,0,212
0.701,20.068,0.378,88.999,1.068,2025-09-08 19:16:18,212.0,29.8,23.0,26.58,2.21,0,212
0.71,20.018,0.367,88.696,1.115,2025-09-08 19:16:18,212.0,29.8,23.0,26.58,2.21,0,212
0.69,19.921,0.336,88.719,1.092,2025-09-08 19:16:18,212.0,29.8,23.0,26.58,2.21,0,212
0.701,20.003,0.466,88.86,1.101,2025-09-08 19:16:18,212.0,29.8,23.0,26.58,2.21,0,212
0.71,20.065,0.385,88.884,1.075,2025-09-09 11:37:54,213.0,30.8,20.7,25.42,2.9,0,213
0.697,19.987,0.521,89.121,1.035,2025-09-09 11:37:54,213.0,30.8,20.7,25.42,2.9,0,213
0.728,20.15,0.434,88.965,1.014,2025-09-09 11:37:54,213.0,30.8,20.7,25.42,2.9,0,213
0.712,20.134,0.588,88.866,1.034,2025-09-09 11:37:54,213.0,30.8,20.7,25.42,2.9,0,213
0.723,20.119,0.423,88.97,1.047,2025-09-09 11:37:54,213.0,30.8,20.7,25.42,2.9,0,213
0.7,20.04,0.465,88.925,1.013,2025-09-09 11:37:54,213.0,30.8,20.7,25.42,2.9,0,213
0.695,20.053,0.497,88.889,1.004,2025-09-09 11:37:54,213.0,30.8,20.7,25.42,2.9,0,213
0.709,20.037,0.294,88.988,1.064,2025-09-09 11:37:54,213.0,30.8,20.7,25.42,2.9,0,213
0.718,20.1,0.515,88.875,1.051,2025-09-09 11:37:54,213.0,30.8,20.7,25.42,2.9,0,213
0.724,20.097,0.476,88.878,1.087,2025-09-09 11:37:54,213.0,30.8,20.7,25.42,2.9,0,213
0.723,20.09,0.34,89.021,1.039,2025-09-09 11:37:54,213.0,30.8,20.7,25.42,2.9,0,213
0.735,20.043,0.508,88.78,1.069,2025-09-09 11:37:54,213.0,30.8,20.7,25.42,2.9,0,213
0.711,20.072,0.375,89.196,1.072,2025-09-09 11:37:54,213.0,30.8,20.7,25.42,2.9,0,213
0.714,20.106,0.336,88.913,1.127,2025-09-09 11:37:54,213.0,30.8,20.7,25.42,2.9,0,213
0.713,20.081,0.581,88.867,1.023,2025-09-09 11:37:54,213.0,30.8,20.7,25.42,2.9,0,213
0.707,20.056,0.357,88.973,1.024,2025-09-09 11:37:54,213.0,30.8,20.7,25.42,2.9,0,213
0.725,20.056,0.399,89.091,1.055,2025-09-09 11:37:54,213.0,30.8,20.7,25.42,2.9,0,213
0.724,20.053,0.312,88.85,1.079,2025-09-09 11:37:54,213.0,30.8,20.7,25.42,2.9,0,213
0.691,20.043,0.392,88.963,1.042,2025-09-09 11:37:54,213.0,30.8,20.7,25.42,2.9,0,213
0.734,20.078,0.494,88.993,1.107,2025-09-09 12:57:58,214.0,33.1,24.1,28.3,2.51,0,214
0.719,20.116,0.262,88.93,1.118,2025-09-09 12:57:58,214.0,33.1,24.1,28.3,2.51,0,214
0.71,19.977,0.378,89.07,0.968,2025-09-09 12:57:58,214.0,33.1,24.1,28.3,2.51,0,214
0.685,19.937,0.539,89.12,1.039,2025-09-09 12:57:58,214.0,33.1,24.1,28.3,2.51,0,214
0.684,19.946,0.494,88.771,1.014,2025-09-09 12:57:58,214.0,33.1,24.1,28.3,2.51,0,214
0.694,20.112,0.396,88.889,0.986,2025-09-09 12:57:58,214.0,33.1,24.1,28.3,2.51,0,214
0.693,20.021,0.287,88.826,1.051,2025-09-09 12:57:58,214.0,33.1,24.1,28.3,2.51,0,214
0.743,20.109,0.35,88.996,1.091,2025-09-09 12:57:58,214.0,33.1,24.1,28.3,2.51,0,214
0.707,20.163,0.269,88.943,1.049,2025-09-09 12:57:58,214.0,33.1,24.1,28.3,2.51,0,214
0.684,19.977,0.494,88.834,1.037,2025-09-09 12:57:58,214.0,33.1,24.1,28.3,2.51,0,214
0.722,20.04,0.277,88.868,0.992,2025-09-09 12:57:58,214.0,33.1,24.1,28.3,2.51,0,214
0.72,20.037,0.403,88.645,1.026,2025-09-09 12:57:58,214.0,33.1,24.1,28.3,2.51,0,214
0.719,20.046,0.431,88.877,1.084,2025-09-09 12:57:58,214.0,33.1,24.1,28.3,2.51,0,214
0.713,20.021,0.413,88.815,1.057,2025-09-09 12:57:58,214.0,33.1,24.1,28.3,2.51,0,214
0.699,20.012,0.41,88.811,1.029,2025-09-09 12:57:58,214.0,33.1,24.1,28.3,2.51,0,214
0.71,19.999,0.438,89.106,1.084,2025-09-09 12:57:58,214.0,33.1,24.1,28.3,2.51,0,214
0.712,20.094,0.452,88.862,0.983,2025-09-09 12:57:58,214.0,33.1,24.1,28.3,2.51,0,214
0.71,20.059,0.343,88.997,1.052,2025-09-09 12:57:58,214.0,33.1,24.1,28.3,2.51,0,214
0.693,19.981,0.462,88.954,0.956,2025-09-09 12:57:58,214.0,33.1,24.1,28.3,2.51,0,214
0.71,19.996,0.423,88.77,1.017,2025-09-09 12:57:58,214.0,33.1,24.1,28.3,2.51,0,214
0.693,19.937,0.438,88.985,1.013,2025-09-09 19:48:14,215.0,32.5,24.6,27.11,2.25,0,215
0.722,20.028,0.476,88.874,1.023,2025-09-09 19:48:14,215.0,32.5,24.6,27.11,2.25,0,215
0.703,19.88,0.406,89.035,1.055,2025-09-09 19:48:14,215.0,32.5,24.6,27.11,2.25,0,215
0.691,19.927,0.444,88.919,1.044,2025-09-09 19:48:14,215.0,32.5,24.6,27.11,2.25,0,215
0.696,19.99,0.455,88.981,0.992,2025-09-09 19:48:14,215.0,32.5,24.6,27.11,2.25,0,215
0.719,19.974,0.305,88.811,1.071,2025-09-09 19:48:14,215.0,32.5,24.6,27.11,2.25,0,215
0.72,20.031,0.448,89.125,0.974,2025-09-09 19:48:14,215.0,32.5,24.6,27.11,2.25,0,215
0.712,19.93,0.361,88.907,1.03,2025-09-09 19:48:14,215.0,32.5,24.6,27.11,2.25,0,215
0.697,19.974,0.648,88.815,1.005,2025-09-09 19:48:14,215.0,32.5,24.6,27.11,2.25,0,215
0.728,20.056,0.399,88.867,1.072,2025-09-09 19:48:14,215.0,32.5,24.6,27.11,2.25,0,215
0.702,19.993,0.417,89.007,1.054,2025-09-09 19:48:14,215.0,32.5,24.6,27.11,2.25,0,215
0.713,19.918,0.41,88.919,1.102,2025-09-09 19:48:14,215.0,32.5,24.6,27.11,2.25,0,215
0.704,19.927,0.444,88.862,1.044,2025-09-09 19:48:14,215.0,32.5,24.6,27.11,2.25,0,215
0.704,19.952,0.466,88.93,1.058,2025-09-09 19:48:14,215.0,32.5,24.6,27.11,2.25,0,215
0.719,19.871,0.319,88.953,1.063,2025-09-09 19:48:14,215.0,32.5,24.6,27.11,2.25,0,215
0.695,19.921,0.427,89.085,1.001,2025-09-09 19:48:14,215.0,32.5,24.6,27.11,2.25,0,215
0.697,20.018,0.542,89.009,1.03,2025-09-09 19:48:14,215.0,32.5,24.6,27.11,2.25,0,215
0.711,19.99,0.55,88.931,1.046,2025-09-09 19:48:14,215.0,32.5,24.6,27.11,2.25,0,215
0.701,19.987,0.483,89.076,1.028,2025-09-09 19:48:14,215.0,32.5,24.6,27.11,2.25,0,215
0.702,19.933,0.539,89.135,1.02,2025-09-09 19:48:14,215.0,32.5,24.6,27.11,2.25,0,215
0.697,20.003,0.346,88.74,1.028,2025-09-09 21:18:15,216.0,33.0,19.2,26.45,3.43,0,216
0.729,20.097,0.308,88.993,1.035,2025-09-09 21:18:15,216.0,33.0,19.2,26.45,3.43,0,216
0.723,20.075,0.371,88.964,1.07,2025-09-09 21:18:15,216.0,33.0,19.2,26.45,3.43,0,216
0.721,19.984,0.312,88.859,1.09,2025-09-09 21:18:15,216.0,33.0,19.2,26.45,3.43,0,216
0.715,20.078,0.49,89.103,1.097,2025-09-09 21:18:15,216.0,33.0,19.2,26.45,3.43,0,216
0.714,19.987,0.431,88.857,1.084,2025-09-09 21:18:15,216.0,33.0,19.2,26.45,3.43,0,216
0.694,19.965,0.571,89.142,1.086,2025-09-09 21:18:15,216.0,33.0,19.2,26.45,3.43,0,216
0.712,19.99,0.445,88.829,1.038,2025-09-09 21:18:15,216.0,33.0,19.2,26.45,3.43,0,216
0.701,19.962,0.518,89.135,1.092,2025-09-09 21:18:15,216.0,33.0,19.2,26.45,3.43,0,216
0.717,20.028,0.371,88.983,1.102,2025-09-09 21:18:15,216.0,33.0,19.2,26.45,3.43,0,216
0.708,19.981,0.346,89.0,1.121,2025-09-09 21:18:15,216.0,33.0,19.2,26.45,3.43,0,216
0.695,20.012,0.444,88.961,1.071,2025-09-09 21:18:15,216.0,33.0,19.2,26.45,3.43,0,216
0.725,20.034,0.469,88.984,1.128,2025-09-09 21:18:15,216.0,33.0,19.2,26.45,3.43,0,216
0.689,20.003,0.473,88.992,1.048,2025-09-09 21:18:15,216.0,33.0,19.2,26.45,3.43,0,216
0.691,19.93,0.444,88.88,1.046,2025-09-09 21:18:15,216.0,33.0,19.2,26.45,3.43,0,216
0.696,19.987,0.329,88.877,1.078,2025-09-09 21:18:15,216.0,33.0,19.2,26.45,3.43,0,216
0.666,20.015,0.354,88.887,1.026,2025-09-09 21:18:15,216.0,33.0,19.2,26.45,3.43,0,216
0.713,20.059,0.486,88.846,1.105,2025-09-09 21:18:15,216.0,33.0,19.2,26.45,3.43,0,216
0.711,19.993,0.381,88.596,1.041,2025-09-09 21:18:15,216.0,33.0,19.2,26.45,3.43,0,216
0.711,20.062,0.441,88.736,1.116,2025-09-09 21:18:15,216.0,33.0,19.2,26.45,3.43,0,216
0.709,19.965,0.396,88.864,1.046,2025-09-10 13:14:25,217.0,30.0,24.4,27.08,1.55,0,217
0.723,19.959,0.252,89.171,1.106,2025-09-10 13:14:25,217.0,30.0,24.4,27.08,1.55,0,217
0.69,19.927,0.41,89.016,1.022,2025-09-10 13:14:25,217.0,30.0,24.4,27.08,1.55,0,217
0.7,19.943,0.479,88.856,1.037,2025-09-10 13:14:25,217.0,30.0,24.4,27.08,1.55,0,217
0.706,20.028,0.308,88.875,1.026,2025-09-10 13:14:25,217.0,30.0,24.4,27.08,1.55,0,217
0.722,19.962,0.406,88.956,1.088,2025-09-10 13:14:25,217.0,30.0,24.4,27.08,1.55,0,217
0.698,19.965,0.469,89.25,1.065,2025-09-10 13:14:25,217.0,30.0,24.4,27.08,1.55,0,217
0.726,19.943,0.399,88.886,1.093,2025-09-10 13:14:25,217.0,30.0,24.4,27.08,1.55,0,217
0.688,19.99,0.619,88.97,1.003,2025-09-10 13:14:25,217.0,30.0,24.4,27.08,1.55,0,217
0.724,19.974,0.441,89.176,1.101,2025-09-10 13:14:25,217.0,30.0,24.4,27.08,1.55,0,217
0.704,19.971,0.465,88.841,1.044,2025-09-10 13:14:25,217.0,30.0,24.4,27.08,1.55,0,217
0.711,19.949,0.623,89.263,1.131,2025-09-10 13:14:25,217.0,30.0,24.4,27.08,1.55,0,217
0.71,19.987,0.311,88.89,1.115,2025-09-10 13:14:25,217.0,30.0,24.4,27.08,1.55,0,217
0.721,19.943,0.392,89.042,1.125,2025-09-10 13:14:25,217.0,30.0,24.4,27.08,1.55,0,217
0.706,19.977,0.49,89.129,1.035,2025-09-10 13:14:25,217.0,30.0,24.4,27.08,1.55,0,217
0.702,20.003,0.343,88.908,1.1,2025-09-10 13:14:25,217.0,30.0,24.4,27.08,1.55,0,217
0.698,19.987,0.532,88.847,1.031,2025-09-10 13:14:25,217.0,30.0,24.4,27.08,1.55,0,217
0.712,20.05,0.354,88.979,1.073,2025-09-10 13:14:25,217.0,30.0,24.4,27.08,1.55,0,217
0.724,19.99,0.308,89.12,1.07,2025-09-10 13:14:25,217.0,30.0,24.4,27.08,1.55,0,217
0.714,19.94,0.427,88.946,1.095,2025-09-10 13:14:25,217.0,30.0,24.4,27.08,1.55,0,217
0.741,20.084,0.301,88.99,1.137,2025-09-10 18:49:30,218.0,30.3,22.6,25.99,2.34,0,218
0.715,20.009,0.245,88.817,1.047,2025-09-10 18:49:30,218.0,30.3,22.6,25.99,2.34,0,218
0.697,19.921,0.581,89.033,1.075,2025-09-10 18:49:30,218.0,30.3,22.6,25.99,2.34,0,218
0.727,20.05,0.381,88.919,1.047,2025-09-10 18:49:30,218.0,30.3,22.6,25.99,2.34,0,218
0.723,19.955,0.322,88.874,1.081,2025-09-10 18:49:30,218.0,30.3,22.6,25.99,2.34,0,218
0.716,20.025,0.301,88.912,1.064,2025-09-10 18:49:30,218.0,30.3,22.6,25.99,2.34,0,218
0.709,19.93,0.473,88.839,1.09,2025-09-10 18:49:30,218.0,30.3,22.6,25.99,2.34,0,218
0.717,20.065,0.438,88.807,1.077,2025-09-10 18:49:30,218.0,30.3,22.6,25.99,2.34,0,218
0.674,19.883,0.311,88.808,1.061,2025-09-10 18:49:30,218.0,30.3,22.6,25.99,2.34,0,218
0.706,19.974,0.29,88.814,1.062,2025-09-10 18:49:30,218.0,30.3,22.6,25.99,2.34,0,218
0.709,19.996,0.451,88.824,1.099,2025-09-10 18:49:30,218.0,30.3,22.6,25.99,2.34,0,218
0.726,19.965,0.402,88.876,1.077,2025-09-10 18:49:30,218.0,30.3,22.6,25.99,2.34,0,218
0.716,19.987,0.357,88.88,1.056,2025-09-10 18:49:30,218.0,30.3,22.6,25.99,2.34,0,218
0.71,20.031,0.252,89.008,1.196,2025-09-10 18:49:30,218.0,30.3,22.6,25.99,2.34,0,218
0.702,20.012,0.658,88.886,1.062,2025-09-10 18:49:30,218.0,30.3,22.6,25.99,2.34,0,218
0.712,19.952,0.679,88.724,1.034,2025-09-10 18:49:30,218.0,30.3,22.6,25.99,2.34,0,218
0.702,20.018,0.287,88.978,1.099,2025-09-10 18:49:30,218.0,30.3,22.6,25.99,2.34,0,218
0.701,20.031,0.238,89.06,1.019,2025-09-10 18:49:30,218.0,30.3,22.6,25.99,2.34,0,218
0.687,19.968,0.424,88.806,1.048,2025-09-10 18:49:30,218.0,30.3,22.6,25.99,2.34,0,218
0.719,20.028,0.343,88.957,1.089,2025-09-10 21:09:33,219.0,30.4,21.4,26.82,2.37,0,219
0.708,19.965,0.423,88.804,1.123,2025-09-10 21:09:33,219.0,30.4,21.4,26.82,2.37,0,219
0.71,19.977,0.553,89.046,1.076,2025-09-10 21:09:33,219.0,30.4,21.4,26.82,2.37,0,219
0.759,20.081,0.28,88.882,1.192,2025-09-10 21:09:33,219.0,30.4,21.4,26.82,2.37,0,219
0.717,20.009,0.462,89.07,1.114,2025-09-10 21:09:33,219.0,30.4,21.4,26.82,2.37,0,219
0.706,19.805,0.441,88.941,1.151,2025-09-10 21:09:33,219.0,30.4,21.4,26.82,2.37,0,219
0.707,19.971,0.469,88.843,1.0,2025-09-10 21:09:33,219.0,30.4,21.4,26.82,2.37,0,219
0.715,20.046,0.388,88.874,1.087,2025-09-10 21:09:33,219.0,30.4,21.4,26.82,2.37,0,219
0.686,19.845,0.336,88.872,1.08,2025-09-10 21:09:33,219.0,30.4,21.4,26.82,2.37,0,219
0.699,19.981,0.441,88.832,1.048,2025-09-10 21:09:33,219.0,30.4,21.4,26.82,2.37,0,219
0.706,19.927,0.434,88.887,1.086,2025-09-10 21:09:33,219.0,30.4,21.4,26.82,2.37,0,219
0.685,19.984,0.294,88.941,1.031,2025-09-10 21:09:33,219.0,30.4,21.4,26.82,2.37,0,219
0.719,20.028,0.353,88.8,1.103,2025-09-10 21:09:33,219.0,30.4,21.4,26.82,2.37,0,219
0.735,20.059,0.427,89.06,1.07,2025-09-10 21:09:33,219.0,30.4,21.4,26.82,2.37,0,219
0.706,19.924,0.318,88.744,1.057,2025-09-10 21:09:33,219.0,30.4,21.4,26.82,2.37,0,219
0.735,20.006,0.406,88.993,1.118,2025-09-10 21:09:33,219.0,30.4,21.4,26.82,2.37,0,219
0.703,19.984,0.427,89.075,1.086,2025-09-10 21:09:33,219.0,30.4,21.4,26.82,2.37,0,219
0.703,19.962,0.585,88.845,1.013,2025-09-10 21:09:33,219.0,30.4,21.4,26.82,2.37,0,219
0.722,20.028,0.406,88.915,1.038,2025-09-10 21:09:33,219.0,30.4,21.4,26.82,2.37,0,219
0.706,19.977,0.325,88.798,1.061,2025-09-10 21:09:33,219.0,30.4,21.4,26.82,2.37,0,219
0.724,19.977,0.346,88.952,1.001,2025-09-11 10:57:07,220.0,30.8,20.5,26.89,2.81,0,220
0.715,19.949,0.361,88.887,1.051,2025-09-11 10:57:07,220.0,30.8,20.5,26.89,2.81,0,220
0.717,19.999,0.448,88.918,1.073,2025-09-11 10:57:07,220.0,30.8,20.5,26.89,2.81,0,220
0.707,19.927,0.427,88.801,1.052,2025-09-11 10:57:07,220.0,30.8,20.5,26.89,2.81,0,220
0.73,19.933,0.343,88.953,1.096,2025-09-11 10:57:07,220.0,30.8,20.5,26.89,2.81,0,220
0.706,19.955,0.298,88.93,1.038,2025-09-11 10:57:07,220.0,30.8,20.5,26.89,2.81,0,220
0.695,19.845,0.315,89.044,1.024,2025-09-11 10:57:07,220.0,30.8,20.5,26.89,2.81,0,220
0.703,19.845,0.494,88.91,1.034,2025-09-11 10:57:07,220.0,30.8,20.5,26.89,2.81,0,220
0.721,19.877,0.385,89.069,1.12,2025-09-11 10:57:07,220.0,30.8,20.5,26.89,2.81,0,220
0.694,19.918,0.434,88.862,1.101,2025-09-11 10:57:07,220.0,30.8,20.5,26.89,2.81,0,220
0.699,20.015,0.305,88.737,1.006,2025-09-11 10:57:07,220.0,30.8,20.5,26.89,2.81,0,220
0.716,19.921,0.388,89.077,1.09,2025-09-11 10:57:07,220.0,30.8,20.5,26.89,2.81,0,220
0.705,19.858,0.312,88.962,1.147,2025-09-11 10:57:07,220.0,30.8,20.5,26.89,2.81,0,220
0.744,20.021,0.385,88.947,1.108,2025-09-11 10:57:07,220.0,30.8,20.5,26.89,2.81,0,220
0.674,19.962,0.438,88.803,1.034,2025-09-11 10:57:07,220.0,30.8,20.5,26.89,2.81,0,220
0.694,19.933,0.392,88.954,1.035,2025-09-11 10:57:07,220.0,30.8,20.5,26.89,2.81,0,220
0.707,19.871,0.385,88.861,1.067,2025-09-11 10:57:07,220.0,30.8,20.5,26.89,2.81,0,220
0.698,19.883,0.434,89.083,1.045,2025-09-11 10:57:07,220.0,30.8,20.5,26.89,2.81,0,220
0.729,19.915,0.333,88.885,1.109,2025-09-11 10:57:07,220.0,30.8,20.5,26.89,2.81,0,220
0.706,19.93,0.367,88.953,1.055,2025-09-11 10:57:07,220.0,30.8,20.5,26.89,2.81,0,220
0.721,20.172,0.406,88.888,1.098,2025-09-11 12:57:08,221.0,30.0,21.0,25.79,2.32,0,221
0.695,20.037,0.374,88.718,1.052,2025-09-11 12:57:08,221.0,30.0,21.0,25.79,2.32,0,221
0.736,20.056,0.361,88.92,1.035,2025-09-11 12:57:08,221.0,30.0,21.0,25.79,2.32,0,221
0.703,20.087,0.308,88.915,1.103,2025-09-11 12:57:08,221.0,30.0,21.0,25.79,2.32,0,221
0.708,20.006,0.466,88.964,1.064,2025-09-11 12:57:08,221.0,30.0,21.0,25.79,2.32,0,221
0.685,19.99,0.49,88.795,1.068,2025-09-11 12:57:08,221.0,30.0,21.0,25.79,2.32,0,221
0.712,20.015,0.511,88.926,1.114,2025-09-11 12:57:08,221.0,30.0,21.0,25.79,2.32,0,221
0.711,19.949,0.438,88.849,1.148,2025-09-11 12:57:08,221.0,30.0,21.0,25.79,2.32,0,221
0.688,19.946,0.508,89.021,1.061,2025-09-11 12:57:08,221.0,30.0,21.0,25.79,2.32,0,221
0.702,19.918,0.385,89.004,1.105,2025-09-11 12:57:08,221.0,30.0,21.0,25.79,2.32,0,221
0.705,20.028,0.389,88.983,1.084,2025-09-11 12:57:08,221.0,30.0,21.0,25.79,2.32,0,221
0.702,20.116,0.333,88.836,1.084,2025-09-11 12:57:08,221.0,30.0,21.0,25.79,2.32,0,221
0.705,20.103,0.434,88.957,1.042,2025-09-11 12:57:08,221.0,30.0,21.0,25.79,2.32,0,221
0.72,19.93,0.367,88.901,1.11,2025-09-11 12:57:08,221.0,30.0,21.0,25.79,2.32,0,221
0.709,20.087,0.375,88.865,1.056,2025-09-11 12:57:08,221.0,30.0,21.0,25.79,2.32,0,221
0.708,19.987,0.648,88.907,1.092,2025-09-11 12:57:08,221.0,30.0,21.0,25.79,2.32,0,221
0.725,20.084,0.595,88.933,1.119,2025-09-11 12:57:08,221.0,30.0,21.0,25.79,2.32,0,221
0.701,19.908,0.378,89.116,1.111,2025-09-11 12:57:08,221.0,30.0,21.0,25.79,2.32,0,221
0.715,20.125,0.553,89.058,1.107,2025-09-11 12:57:08,221.0,30.0,21.0,25.79,2.32,0,221
0.702,20.025,0.339,88.944,1.119,2025-09-11 18:47:19,222.0,83.6,22.5,30.86,12.8,0,222
0.711,19.996,0.571,88.806,1.072,2025-09-11 18:47:19,222.0,83.6,22.5,30.86,12.8,0,222
0.668,19.836,0.367,88.895,1.01,2025-09-11 18:47:19,222.0,83.6,22.5,30.86,12.8,0,222
0.679,19.94,0.598,88.552,1.081,2025-09-11 18:47:19,222.0,83.6,22.5,30.86,12.8,0,222
0.687,19.949,0.406,88.937,1.057,2025-09-11 18:47:19,222.0,83.6,22.5,30.86,12.8,0,222
0.743,19.877,0.504,88.863,1.093,2025-09-11 18:47:19,222.0,83.6,22.5,30.86,12.8,0,222
0.708,20.018,0.423,88.885,1.091,2025-09-11 18:47:19,222.0,83.6,22.5,30.86,12.8,0,222
0.73,19.886,0.441,88.814,1.124,2025-09-11 18:47:19,222.0,83.6,22.5,30.86,12.8,0,222
0.716,19.993,0.343,88.967,1.113,2025-09-11 18:47:19,222.0,83.6,22.5,30.86,12.8,0,222
0.722,19.886,0.588,89.269,1.182,2025-09-11 18:47:19,222.0,83.6,22.5,30.86,12.8,0,222
0.694,19.943,0.49,89.209,1.077,2025-09-11 18:47:19,222.0,83.6,22.5,30.86,12.8,0,222
0.718,20.05,0.483,89.157,1.083,2025-09-11 18:47:19,222.0,83.6,22.5,30.86,12.8,0,222
0.702,19.899,0.424,88.75,1.038,2025-09-11 18:47:19,222.0,83.6,22.5,30.86,12.8,0,222
0.75,20.031,0.413,89.111,1.175,2025-09-11 18:47:19,222.0,83.6,22.5,30.86,12.8,0,222
0.708,19.886,0.441,88.909,1.147,2025-09-11 18:47:19,222.0,83.6,22.5,30.86,12.8,0,222
0.723,19.984,0.518,89.078,1.092,2025-09-11 18:47:19,222.0,83.6,22.5,30.86,12.8,0,222
0.709,19.933,0.497,88.909,1.106,2025-09-11 18:47:19,222.0,83.6,22.5,30.86,12.8,0,222
0.676,19.852,0.486,88.669,1.026,2025-09-11 18:47:19,222.0,83.6,22.5,30.86,12.8,0,222
0.689,19.987,0.553,89.149,1.035,2025-09-11 18:47:19,222.0,83.6,22.5,30.86,12.8,0,222
0.721,20.134,0.381,88.812,1.038,2025-11-02 13:07:50,223.0,28.9,16.8,24.52,3.33,0,223
0.716,20.204,0.329,88.886,1.039,2025-11-02 13:07:50,223.0,28.9,16.8,24.52,3.33,0,223
0.715,20.153,0.238,88.881,1.047,2025-11-02 13:07:50,223.0,28.9,16.8,24.52,3.33,0,223
0.696,20.175,0.385,88.951,1.031,2025-11-02 13:07:50,223.0,28.9,16.8,24.52,3.33,0,223
0.696,20.122,0.294,89.014,1.066,2025-11-02 13:07:50,223.0,28.9,16.8,24.52,3.33,0,223
0.705,20.185,0.325,88.987,1.042,2025-11-02 13:37:53,224.0,27.1,17.1,23.49,2.23,0,224
0.715,20.204,0.465,88.786,1.07,2025-11-02 13:37:53,224.0,27.1,17.1,23.49,2.23,0,224
0.721,20.204,0.417,88.984,1.049,2025-11-02 13:37:53,224.0,27.1,17.1,23.49,2.23,0,224
0.7,20.125,0.312,89.085,1.058,2025-11-02 13:37:53,224.0,27.1,17.1,23.49,2.23,0,224
0.706,20.156,0.389,89.048,1.009,2025-11-02 13:37:53,224.0,27.1,17.1,23.49,2.23,0,224
0.71,20.153,0.259,88.683,1.058,2025-11-02 13:37:53,224.0,27.1,17.1,23.49,2.23,0,224
0.692,20.062,0.427,89.079,1.038,2025-11-02 13:47:53,225.0,30.0,22.3,26.64,2.03,0,225
0.704,19.984,0.378,88.794,1.023,2025-11-02 13:47:53,225.0,30.0,22.3,26.64,2.03,0,225
0.707,20.046,0.546,89.219,1.014,2025-11-02 13:47:53,225.0,30.0,22.3,26.64,2.03,0,225
0.693,20.021,0.234,88.888,1.001,2025-11-02 13:47:53,225.0,30.0,22.3,26.64,2.03,0,225
0.721,20.087,0.409,88.662,1.089,2025-11-02 13:47:53,225.0,30.0,22.3,26.64,2.03,0,225
0.726,20.025,0.374,88.94,1.064,2025-11-02 13:47:53,225.0,30.0,22.3,26.64,2.03,0,225
0.712,20.087,0.431,88.899,1.056,2025-11-02 13:47:53,225.0,30.0,22.3,26.64,2.03,0,225
0.696,20.015,0.423,88.939,1.07,2025-11-02 13:47:53,225.0,30.0,22.3,26.64,2.03,0,225
0.709,20.05,0.315,89.127,1.11,2025-11-02 13:47:53,225.0,30.0,22.3,26.64,2.03,0,225
0.724,20.021,0.284,89.076,1.045,2025-11-02 13:47:53,225.0,30.0,22.3,26.64,2.03,0,225
0.698,20.025,0.364,88.907,1.047,2025-11-02 13:47:53,225.0,30.0,22.3,26.64,2.03,0,225
0.686,20.078,0.241,88.963,1.044,2025-11-02 13:47:53,225.0,30.0,22.3,26.64,2.03,0,225
0.73,19.999,0.462,88.773,1.037,2025-11-02 13:47:53,225.0,30.0,22.3,26.64,2.03,0,225
0.672,19.981,0.375,89.121,0.953,2025-11-02 13:47:53,225.0,30.0,22.3,26.64,2.03,0,225
0.721,20.043,0.434,89.089,1.036,2025-11-02 13:47:53,225.0,30.0,22.3,26.64,2.03,0,225
0.712,19.93,0.619,89.105,1.021,2025-11-02 13:47:53,225.0,30.0,22.3,26.64,2.03,0,225
0.712,19.949,0.374,88.832,1.068,2025-11-02 13:47:53,225.0,30.0,22.3,26.64,2.03,0,225
0.683,19.99,0.399,89.283,0.993,2025-11-02 13:47:53,225.0,30.0,22.3,26.64,2.03,0,225
0.696,19.999,0.364,88.804,1.031,2025-11-02 13:47:53,225.0,30.0,22.3,26.64,2.03,0,225
0.681,19.977,0.382,89.017,0.997,2025-11-02 13:47:53,225.0,30.0,22.3,26.64,2.03,0,225
0.733,19.886,0.473,88.963,1.113,2025-11-02 19:53:05,226.0,30.2,22.5,26.77,2.46,0,226
0.743,19.902,0.486,88.929,1.205,2025-11-02 19:53:05,226.0,30.2,22.5,26.77,2.46,0,226
0.717,19.83,0.542,89.064,1.108,2025-11-02 19:53:05,226.0,30.2,22.5,26.77,2.46,0,226
0.701,19.839,0.375,88.732,1.191,2025-11-02 19:53:05,226.0,30.2,22.5,26.77,2.46,0,226
0.721,19.845,0.444,89.285,1.171,2025-11-02 19:53:05,226.0,30.2,22.5,26.77,2.46,0,226
0.694,19.864,0.434,88.991,1.024,2025-11-02 19:53:05,226.0,30.2,22.5,26.77,2.46,0,226
0.726,19.83,0.458,89.064,1.075,2025-11-02 19:53:05,226.0,30.2,22.5,26.77,2.46,0,226
0.708,19.77,0.378,88.936,1.045,2025-11-02 19:53:05,226.0,30.2,22.5,26.77,2.46,0,226
0.709,19.852,0.473,89.461,1.115,2025-11-02 19:53:05,226.0,30.2,22.5,26.77,2.46,0,226
0.685,19.874,0.332,89.128,1.093,2025-11-02 19:53:05,226.0,30.2,22.5,26.77,2.46,0,226
0.743,19.883,0.43,89.039,1.143,2025-11-02 19:53:05,226.0,30.2,22.5,26.77,2.46,0,226
0.715,19.814,0.497,88.955,1.112,2025-11-02 19:53:05,226.0,30.2,22.5,26.77,2.46,0,226
0.705,19.867,0.409,89.031,1.118,2025-11-02 19:53:05,226.0,30.2,22.5,26.77,2.46,0,226
0.723,19.83,0.535,88.964,1.076,2025-11-02 19:53:05,226.0,30.2,22.5,26.77,2.46,0,226
0.703,19.805,0.346,88.876,1.069,2025-11-02 19:53:05,226.0,30.2,22.5,26.77,2.46,0,226
0.737,19.83,0.441,88.959,1.119,2025-11-02 19:53:05,226.0,30.2,22.5,26.77,2.46,0,226
0.692,19.754,0.333,88.989,1.049,2025-11-02 19:53:05,226.0,30.2,22.5,26.77,2.46,0,226
0.705,19.773,0.35,89.081,1.151,2025-11-02 19:53:05,226.0,30.2,22.5,26.77,2.46,0,226
0.715,19.902,0.413,88.921,1.191,2025-11-02 19:53:05,226.0,30.2,22.5,26.77,2.46,0,226
0.704,19.82,0.588,89.138,1.063,2025-11-02 19:53:05,226.0,30.2,22.5,26.77,2.46,0,226
0.729,19.946,0.315,89.012,1.102,2025-11-02 21:13:07,227.0,32.5,22.5,27.84,2.59,0,227
0.723,19.893,0.49,89.064,1.2,2025-11-02 21:13:07,227.0,32.5,22.5,27.84,2.59,0,227
0.697,19.852,0.367,89.057,1.068,2025-11-02 21:13:07,227.0,32.5,22.5,27.84,2.59,0,227
0.721,19.836,0.532,89.111,1.112,2025-11-02 21:13:07,227.0,32.5,22.5,27.84,2.59,0,227
0.724,19.773,0.494,88.807,1.113,2025-11-02 21:13:07,227.0,32.5,22.5,27.84,2.59,0,227
0.68,19.849,0.469,88.955,1.011,2025-11-02 21:13:07,227.0,32.5,22.5,27.84,2.59,0,227
0.724,19.899,0.364,88.873,1.069,2025-11-02 21:13:07,227.0,32.5,22.5,27.84,2.59,0,227
0.733,19.855,0.444,89.136,1.027,2025-11-02 21:13:07,227.0,32.5,22.5,27.84,2.59,0,227
0.706,19.817,0.606,89.151,1.063,2025-11-02 21:13:07,227.0,32.5,22.5,27.84,2.59,0,227
0.695,19.814,0.438,88.69,1.043,2025-11-02 21:13:07,227.0,32.5,22.5,27.84,2.59,0,227
0.703,19.767,0.396,89.178,1.049,2025-11-02 21:13:07,227.0,32.5,22.5,27.84,2.59,0,227
0.718,19.871,0.396,88.949,1.013,2025-11-02 21:13:07,227.0,32.5,22.5,27.84,2.59,0,227
0.703,19.899,0.312,88.916,1.079,2025-11-02 21:13:07,227.0,32.5,22.5,27.84,2.59,0,227
0.716,19.839,0.346,89.03,1.072,2025-11-02 21:13:07,227.0,32.5,22.5,27.84,2.59,0,227
0.711,19.911,0.402,89.228,1.076,2025-11-02 21:13:07,227.0,32.5,22.5,27.84,2.59,0,227
0.718,19.864,0.564,88.716,1.097,2025-11-02 21:13:07,227.0,32.5,22.5,27.84,2.59,0,227
0.732,19.811,0.476,88.943,1.108,2025-11-02 21:13:07,227.0,32.5,22.5,27.84,2.59,0,227
0.704,19.789,0.546,89.044,1.057,2025-11-02 21:13:07,227.0,32.5,22.5,27.84,2.59,0,227
0.719,19.871,0.343,89.352,1.131,2025-11-02 21:13:07,227.0,32.5,22.5,27.84,2.59,0,227
0.693,19.849,0.399,89.107,1.065,2025-11-02 21:13:07,227.0,32.5,22.5,27.84,2.59,0,227
0.714,19.971,0.417,88.87,1.055,2025-11-03 13:37:26,228.0,31.0,25.4,27.81,1.67,0,228
0.747,20.006,0.319,89.154,1.058,2025-11-03 13:37:26,228.0,31.0,25.4,27.81,1.67,0,228
0.716,19.943,0.469,88.922,1.084,2025-11-03 13:37:26,228.0,31.0,25.4,27.81,1.67,0,228
0.755,19.999,0.49,88.837,1.177,2025-11-03 13:37:26,228.0,31.0,25.4,27.81,1.67,0,228
0.713,20.015,0.322,88.856,1.136,2025-11-03 13:37:26,228.0,31.0,25.4,27.81,1.67,0,228
0.719,19.902,0.311,88.859,1.101,2025-11-03 13:37:26,228.0,31.0,25.4,27.81,1.67,0,228
0.748,19.943,0.511,89.163,1.106,2025-11-03 13:37:26,228.0,31.0,25.4,27.81,1.67,0,228
0.71,19.962,0.49,88.845,1.05,2025-11-03 13:37:26,228.0,31.0,25.4,27.81,1.67,0,228
0.715,20.015,0.371,88.966,1.079,2025-11-03 13:37:26,228.0,31.0,25.4,27.81,1.67,0,228
0.722,19.949,0.378,89.293,1.022,2025-11-03 13:37:26,228.0,31.0,25.4,27.81,1.67,0,228
0.702,19.974,0.333,89.052,1.039,2025-11-03 13:37:26,228.0,31.0,25.4,27.81,1.67,0,228
0.735,19.902,0.462,88.859,1.131,2025-11-03 13:37:26,228.0,31.0,25.4,27.81,1.67,0,228
0.724,20.025,0.396,88.91,1.143,2025-11-03 13:37:26,228.0,31.0,25.4,27.81,1.67,0,228
0.72,19.999,0.371,88.84,1.141,2025-11-03 13:37:26,228.0,31.0,25.4,27.81,1.67,0,228
0.708,19.886,0.402,89.484,1.035,2025-11-03 13:37:26,228.0,31.0,25.4,27.81,1.67,0,228
0.688,19.918,0.277,89.121,0.956,2025-11-03 13:37:26,228.0,31.0,25.4,27.81,1.67,0,228
0.717,19.977,0.42,88.836,1.077,2025-11-03 13:37:26,228.0,31.0,25.4,27.81,1.67,0,228
0.708,19.889,0.413,89.315,1.033,2025-11-03 13:37:26,228.0,31.0,25.4,27.81,1.67,0,228
0.692,19.962,0.417,89.371,1.029,2025-11-03 13:37:26,228.0,31.0,25.4,27.81,1.67,0,228
0.701,19.937,0.368,89.166,1.011,2025-11-03 13:37:26,228.0,31.0,25.4,27.81,1.67,0,228
0.718,19.918,0.413,89.053,1.027,2025-11-03 19:37:37,229.0,31.1,22.1,26.34,2.29,0,229
0.725,20.028,0.532,89.134,1.088,2025-11-03 19:37:37,229.0,31.1,22.1,26.34,2.29,0,229
0.723,19.971,0.431,89.173,1.09,2025-11-03 19:37:37,229.0,31.1,22.1,26.34,2.29,0,229
0.712,19.946,0.455,89.077,1.07,2025-11-03 19:37:37,229.0,31.1,22.1,26.34,2.29,0,229
0.714,19.93,0.322,88.913,1.054,2025-11-03 19:37:37,229.0,31.1,22.1,26.34,2.29,0,229
0.744,19.968,0.255,88.907,1.105,2025-11-03 19:37:37,229.0,31.1,22.1,26.34,2.29,0,229
0.697,19.946,0.396,89.069,1.056,2025-11-03 19:37:37,229.0,31.1,22.1,26.34,2.29,0,229
0.714,19.943,0.487,88.895,1.107,2025-11-03 19:37:37,229.0,31.1,22.1,26.34,2.29,0,229
0.735,19.955,0.469,88.949,1.127,2025-11-03 19:37:37,229.0,31.1,22.1,26.34,2.29,0,229
0.692,19.993,0.612,89.044,0.991,2025-11-03 19:37:37,229.0,31.1,22.1,26.34,2.29,0,229
0.709,19.984,0.378,89.232,1.102,2025-11-03 19:37:37,229.0,31.1,22.1,26.34,2.29,0,229
0.73,19.971,0.361,89.014,1.16,2025-11-03 19:37:37,229.0,31.1,22.1,26.34,2.29,0,229
0.706,19.943,0.396,88.814,1.11,2025-11-03 19:37:37,229.0,31.1,22.1,26.34,2.29,0,229
0.689,19.959,0.353,89.238,1.007,2025-11-03 19:37:37,229.0,31.1,22.1,26.34,2.29,0,229
0.731,19.915,0.648,88.954,1.076,2025-11-03 19:37:37,229.0,31.1,22.1,26.34,2.29,0,229
0.726,19.965,0.462,89.198,1.106,2025-11-03 19:37:37,229.0,31.1,22.1,26.34,2.29,0,229
0.731,19.984,0.375,89.116,1.092,2025-11-03 19:37:37,229.0,31.1,22.1,26.34,2.29,0,229
0.73,20.006,0.312,88.926,1.182,2025-11-03 19:37:37,229.0,31.1,22.1,26.34,2.29,0,229
0.711,19.946,0.476,88.879,1.094,2025-11-03 19:37:37,229.0,31.1,22.1,26.34,2.29,0,229
0.697,19.915,0.434,89.153,1.017,2025-11-03 21:12:39,230.0,31.0,22.2,27.19,2.14,0,230
0.727,19.987,0.406,89.095,1.03,2025-11-03 21:12:39,230.0,31.0,22.2,27.19,2.14,0,230
0.731,20.04,0.438,88.949,1.104,2025-11-03 21:12:39,230.0,31.0,22.2,27.19,2.14,0,230
0.728,19.987,0.371,89.039,1.099,2025-11-03 21:12:39,230.0,31.0,22.2,27.19,2.14,0,230
0.707,19.996,0.472,89.235,1.088,2025-11-03 21:12:39,230.0,31.0,22.2,27.19,2.14,0,230
0.714,19.905,0.434,89.018,1.063,2025-11-03 21:12:39,230.0,31.0,22.2,27.19,2.14,0,230
0.736,20.003,0.325,89.063,1.141,2025-11-03 21:12:39,230.0,31.0,22.2,27.19,2.14,0,230
0.67,19.924,0.354,89.004,0.971,2025-11-03 21:12:39,230.0,31.0,22.2,27.19,2.14,0,230
0.691,20.018,0.395,88.779,1.008,2025-11-03 21:12:39,230.0,31.0,22.2,27.19,2.14,0,230
0.699,19.933,0.297,89.169,1.005,2025-11-03 21:12:39,230.0,31.0,22.2,27.19,2.14,0,230
0.723,20.025,0.577,89.314,1.152,2025-11-03 21:12:39,230.0,31.0,22.2,27.19,2.14,0,230
0.732,19.996,0.273,88.785,1.1,2025-11-03 21:12:39,230.0,31.0,22.2,27.19,2.14,0,230
0.701,20.006,0.287,88.97,1.057,2025-11-03 21:12:39,230.0,31.0,22.2,27.19,2.14,0,230
0.727,19.946,0.245,88.905,1.129,2025-11-03 21:12:39,230.0,31.0,22.2,27.19,2.14,0,230
0.713,19.933,0.556,89.407,1.041,2025-11-03 21:12:39,230.0,31.0,22.2,27.19,2.14,0,230
0.667,19.921,0.35,88.925,0.978,2025-11-03 21:12:39,230.0,31.0,22.2,27.19,2.14,0,230
0.711,19.921,0.427,89.174,1.093,2025-11-03 21:12:39,230.0,31.0,22.2,27.19,2.14,0,230
0.723,19.996,0.389,88.941,1.086,2025-11-03 21:12:39,230.0,31.0,22.2,27.19,2.14,0,230
0.713,20.006,0.29,89.239,1.076,2025-11-03 21:12:39,230.0,31.0,22.2,27.19,2.14,0,230
0.709,19.921,0.364,89.234,1.075,2025-11-03 21:12:39,230.0,31.0,22.2,27.19,2.14,0,230
0.709,19.971,0.284,89.37,1.132,2025-11-04 10:53:21,231.0,32.0,20.8,26.8,2.87,0,231
0.724,19.937,0.392,89.378,1.147,2025-11-04 10:53:21,231.0,32.0,20.8,26.8,2.87,0,231
0.702,19.946,0.483,89.149,1.038,2025-11-04 10:53:21,231.0,32.0,20.8,26.8,2.87,0,231
0.705,19.927,0.353,89.163,1.111,2025-11-04 10:53:21,231.0,32.0,20.8,26.8,2.87,0,231
0.715,19.971,0.346,88.967,1.092,2025-11-04 10:53:21,231.0,32.0,20.8,26.8,2.87,0,231
0.72,19.99,0.343,89.114,1.136,2025-11-04 10:53:21,231.0,32.0,20.8,26.8,2.87,0,231
0.72,19.867,0.431,89.331,1.056,2025-11-04 10:53:21,231.0,32.0,20.8,26.8,2.87,0,231
0.681,19.946,0.185,88.939,1.085,2025-11-04 10:53:21,231.0,32.0,20.8,26.8,2.87,0,231
0.706,19.883,0.556,89.127,1.06,2025-11-04 10:53:21,231.0,32.0,20.8,26.8,2.87,0,231
0.705,19.981,0.388,89.254,0.949,2025-11-04 10:53:21,231.0,32.0,20.8,26.8,2.87,0,231
0.711,19.974,0.234,88.982,1.048,2025-11-04 10:53:21,231.0,32.0,20.8,26.8,2.87,0,231
0.706,19.871,0.609,89.111,1.084,2025-11-04 10:53:21,231.0,32.0,20.8,26.8,2.87,0,231
0.721,19.949,0.213,89.244,1.023,2025-11-04 10:53:21,231.0,32.0,20.8,26.8,2.87,0,231
0.709,19.915,0.448,88.991,0.986,2025-11-04 10:53:21,231.0,32.0,20.8,26.8,2.87,0,231
0.713,19.968,0.5,89.488,1.038,2025-11-04 10:53:21,231.0,32.0,20.8,26.8,2.87,0,231
0.703,19.974,0.49,88.896,1.079,2025-11-04 10:53:21,231.0,32.0,20.8,26.8,2.87,0,231
0.698,19.977,0.178,88.713,1.054,2025-11-04 10:53:21,231.0,32.0,20.8,26.8,2.87,0,231
0.711,19.899,0.346,89.192,1.12,2025-11-04 10:53:21,231.0,32.0,20.8,26.8,2.87,0,231
0.702,19.889,0.431,88.978,1.032,2025-11-04 10:53:21,231.0,32.0,20.8,26.8,2.87,0,231
0.725,19.937,0.361,89.15,1.193,2025-11-04 10:53:21,231.0,32.0,20.8,26.8,2.87,0,231
0.718,20.018,0.473,88.997,1.095,2025-11-04 13:38:29,232.0,32.9,20.2,28.15,3.28,0,232
0.707,19.99,0.556,88.776,1.071,2025-11-04 13:38:29,232.0,32.9,20.2,28.15,3.28,0,232
0.681,19.924,0.438,88.863,1.074,2025-11-04 13:38:29,232.0,32.9,20.2,28.15,3.28,0,232
0.707,20.018,0.28,89.293,1.063,2025-11-04 13:38:29,232.0,32.9,20.2,28.15,3.28,0,232
0.72,20.037,0.41,89.155,1.0,2025-11-04 13:38:29,232.0,32.9,20.2,28.15,3.28,0,232
0.718,19.984,0.665,89.11,1.021,2025-11-04 13:38:29,232.0,32.9,20.2,28.15,3.28,0,232
0.734,19.933,0.417,88.996,1.062,2025-11-04 13:38:29,232.0,32.9,20.2,28.15,3.28,0,232
0.722,19.981,0.574,89.008,1.094,2025-11-04 13:38:29,232.0,32.9,20.2,28.15,3.28,0,232
0.718,19.974,0.444,89.114,1.056,2025-11-04 13:38:29,232.0,32.9,20.2,28.15,3.28,0,232
0.717,20.012,0.392,88.899,1.079,2025-11-04 13:38:29,232.0,32.9,20.2,28.15,3.28,0,232
0.721,19.949,0.294,89.338,1.012,2025-11-04 13:38:29,232.0,32.9,20.2,28.15,3.28,0,232
0.72,19.864,0.518,89.159,1.048,2025-11-04 13:38:29,232.0,32.9,20.2,28.15,3.28,0,232
0.736,20.065,0.539,88.857,1.105,2025-11-04 13:38:29,232.0,32.9,20.2,28.15,3.28,0,232
0.719,20.056,0.381,88.667,1.073,2025-11-04 13:38:29,232.0,32.9,20.2,28.15,3.28,0,232
0.72,19.902,0.388,88.908,1.084,2025-11-04 13:38:29,232.0,32.9,20.2,28.15,3.28,0,232
0.711,19.946,0.602,89.428,1.073,2025-11-04 13:38:29,232.0,32.9,20.2,28.15,3.28,0,232
0.71,20.056,0.494,88.977,1.109,2025-11-04 13:38:29,232.0,32.9,20.2,28.15,3.28,0,232
0.699,19.915,0.483,89.064,1.042,2025-11-04 13:38:29,232.0,32.9,20.2,28.15,3.28,0,232
0.722,19.987,0.567,89.051,1.094,2025-11-04 13:38:29,232.0,32.9,20.2,28.15,3.28,0,232
0.714,20.046,0.42,88.677,1.137,2025-11-05 10:56:14,233.0,31.1,23.7,26.3,2.12,0,233
0.716,19.94,0.423,89.123,1.05,2025-11-05 10:56:14,233.0,31.1,23.7,26.3,2.12,0,233
0.741,20.018,0.511,88.97,1.154,2025-11-05 10:56:14,233.0,31.1,23.7,26.3,2.12,0,233
0.717,19.915,0.556,89.088,1.081,2025-11-05 10:56:14,233.0,31.1,23.7,26.3,2.12,0,233
0.708,20.018,0.332,89.344,1.034,2025-11-05 10:56:14,233.0,31.1,23.7,26.3,2.12,0,233
0.701,19.861,0.466,88.927,1.066,2025-11-05 10:56:14,233.0,31.1,23.7,26.3,2.12,0,233
0.705,20.025,0.462,89.192,1.013,2025-11-05 10:56:14,233.0,31.1,23.7,26.3,2.12,0,233
0.698,19.915,0.469,89.258,1.003,2025-11-05 10:56:14,233.0,31.1,23.7,26.3,2.12,0,233
0.696,19.99,0.448,88.845,1.072,2025-11-05 10:56:14,233.0,31.1,23.7,26.3,2.12,0,233
0.733,20.025,0.413,88.999,1.07,2025-11-05 10:56:14,233.0,31.1,23.7,26.3,2.12,0,233
0.694,20.021,0.465,89.213,0.968,2025-11-05 10:56:14,233.0,31.1,23.7,26.3,2.12,0,233
0.732,20.037,0.347,88.913,1.134,2025-11-05 10:56:14,233.0,31.1,23.7,26.3,2.12,0,233
0.715,20.031,0.385,88.735,1.076,2025-11-05 10:56:14,233.0,31.1,23.7,26.3,2.12,0,233
0.725,19.965,0.388,88.955,1.137,2025-11-05 10:56:14,233.0,31.1,23.7,26.3,2.12,0,233
0.709,19.943,0.616,89.027,1.074,2025-11-05 10:56:14,233.0,31.1,23.7,26.3,2.12,0,233
0.714,20.05,0.385,88.664,1.085,2025-11-05 10:56:14,233.0,31.1,23.7,26.3,2.12,0,233
0.712,20.018,0.423,89.048,1.063,2025-11-05 10:56:14,233.0,31.1,23.7,26.3,2.12,0,233
0.74,20.034,0.539,88.813,1.148,2025-11-05 10:56:14,233.0,31.1,23.7,26.3,2.12,0,233
0.715,20.021,0.42,88.59,1.03,2025-11-05 10:56:14,233.0,31.1,23.7,26.3,2.12,0,233
0.699,19.933,0.42,88.716,1.074,2025-11-05 10:56:14,233.0,31.1,23.7,26.3,2.12,0,233
0.699,19.962,0.57,89.33,1.055,2025-11-05 13:31:20,234.0,31.9,23.2,27.61,1.95,0,234
0.71,19.933,0.381,88.974,1.062,2025-11-05 13:31:20,234.0,31.9,23.2,27.61,1.95,0,234
0.696,19.933,0.434,89.081,1.071,2025-11-05 13:31:20,234.0,31.9,23.2,27.61,1.95,0,234
0.706,20.034,0.385,88.849,1.018,2025-11-05 13:31:20,234.0,31.9,23.2,27.61,1.95,0,234
0.725,20.112,0.214,88.878,1.093,2025-11-05 13:31:20,234.0,31.9,23.2,27.61,1.95,0,234
0.72,19.927,0.42,89.029,1.076,2025-11-05 13:31:20,234.0,31.9,23.2,27.61,1.95,0,234
0.701,19.996,0.325,88.883,0.974,2025-11-05 13:31:20,234.0,31.9,23.2,27.61,1.95,0,234
0.706,20.037,0.224,89.023,1.064,2025-11-05 13:31:20,234.0,31.9,23.2,27.61,1.95,0,234
0.706,20.006,0.364,89.046,1.015,2025-11-05 13:31:20,234.0,31.9,23.2,27.61,1.95,0,234
0.711,19.977,0.34,89.133,1.069,2025-11-05 13:31:20,234.0,31.9,23.2,27.61,1.95,0,234
0.708,19.946,0.455,89.081,1.09,2025-11-05 13:31:20,234.0,31.9,23.2,27.61,1.95,0,234
0.703,19.965,0.444,88.998,1.089,2025-11-05 13:31:20,234.0,31.9,23.2,27.61,1.95,0,234
0.708,19.921,0.385,89.089,1.023,2025-11-05 13:31:20,234.0,31.9,23.2,27.61,1.95,0,234
0.693,19.952,0.308,88.932,1.057,2025-11-05 13:31:20,234.0,31.9,23.2,27.61,1.95,0,234
0.722,19.962,0.448,89.003,1.15,2025-11-05 13:31:20,234.0,31.9,23.2,27.61,1.95,0,234
0.697,19.88,0.574,89.106,0.978,2025-11-05 13:31:20,234.0,31.9,23.2,27.61,1.95,0,234
0.716,19.999,0.354,89.059,1.102,2025-11-05 13:31:20,234.0,31.9,23.2,27.61,1.95,0,234
0.712,19.974,0.336,89.022,1.081,2025-11-05 13:31:20,234.0,31.9,23.2,27.61,1.95,0,234
0.71,19.924,0.392,88.795,1.064,2025-11-05 13:31:20,234.0,31.9,23.2,27.61,1.95,0,234
0.688,19.921,0.42,88.921,1.048,2025-11-05 20:06:32,235.0,32.0,22.3,28.03,2.05,0,235
0.689,19.902,0.438,88.847,1.035,2025-11-05 20:06:32,235.0,32.0,22.3,28.03,2.05,0,235
0.705,19.974,0.284,89.051,1.097,2025-11-05 20:06:32,235.0,32.0,22.3,28.03,2.05,0,235
0.705,19.918,0.385,89.275,1.09,2025-11-05 20:06:32,235.0,32.0,22.3,28.03,2.05,0,235
0.714,19.921,0.427,88.999,1.089,2025-11-05 20:06:32,235.0,32.0,22.3,28.03,2.05,0,235
0.715,19.971,0.556,88.936,1.114,2025-11-05 20:06:32,235.0,32.0,22.3,28.03,2.05,0,235
0.72,19.93,0.469,89.133,0.989,2025-11-05 20:06:32,235.0,32.0,22.3,28.03,2.05,0,235
0.715,19.889,0.431,89.15,1.045,2025-11-05 20:06:32,235.0,32.0,22.3,28.03,2.05,0,235
0.705,19.924,0.315,89.368,1.056,2025-11-05 20:06:32,235.0,32.0,22.3,28.03,2.05,0,235
0.726,19.996,0.364,89.254,1.039,2025-11-05 20:06:32,235.0,32.0,22.3,28.03,2.05,0,235
0.715,20.021,0.325,88.877,1.085,2025-11-05 20:06:32,235.0,32.0,22.3,28.03,2.05,0,235
0.721,19.981,0.402,88.764,1.113,2025-11-05 20:06:32,235.0,32.0,22.3,28.03,2.05,0,235
0.703,19.968,0.55,89.149,1.015,2025-11-05 20:06:32,235.0,32.0,22.3,28.03,2.05,0,235
0.703,19.959,0.371,88.962,1.057,2025-11-05 20:06:32,235.0,32.0,22.3,28.03,2.05,0,235
0.7,19.861,0.487,89.117,1.051,2025-11-05 20:06:32,235.0,32.0,22.3,28.03,2.05,0,235
0.711,19.937,0.476,88.924,1.094,2025-11-05 20:06:32,235.0,32.0,22.3,28.03,2.05,0,235
0.716,19.965,0.539,88.974,1.054,2025-11-05 20:06:32,235.0,32.0,22.3,28.03,2.05,0,235
0.706,19.971,0.294,89.041,1.061,2025-11-05 20:06:32,235.0,32.0,22.3,28.03,2.05,0,235
0.696,19.886,0.574,88.608,1.077,2025-11-05 20:06:32,235.0,32.0,22.3,28.03,2.05,0,235
0.697,20.003,0.346,88.88,1.117,2025-11-05 21:11:33,236.0,29.1,22.8,26.51,1.98,0,236
0.713,19.937,0.406,89.308,1.041,2025-11-05 21:11:33,236.0,29.1,22.8,26.51,1.98,0,236
0.718,20.053,0.315,89.225,1.079,2025-11-05 21:11:33,236.0,29.1,22.8,26.51,1.98,0,236
0.706,19.946,0.452,89.221,1.041,2025-11-05 21:11:33,236.0,29.1,22.8,26.51,1.98,0,236
0.704,20.034,0.399,89.098,1.046,2025-11-05 21:11:33,236.0,29.1,22.8,26.51,1.98,0,236
0.695,19.981,0.346,89.226,0.972,2025-11-05 21:11:33,236.0,29.1,22.8,26.51,1.98,0,236
0.71,19.946,0.343,89.23,1.011,2025-11-05 21:11:33,236.0,29.1,22.8,26.51,1.98,0,236
0.695,19.883,0.595,88.889,1.104,2025-11-05 21:11:33,236.0,29.1,22.8,26.51,1.98,0,236
0.722,19.977,0.346,88.875,1.078,2025-11-05 21:11:33,236.0,29.1,22.8,26.51,1.98,0,236
0.717,19.933,0.616,89.006,1.072,2025-11-05 21:11:33,236.0,29.1,22.8,26.51,1.98,0,236
0.748,19.971,0.427,88.799,1.15,2025-11-05 21:11:33,236.0,29.1,22.8,26.51,1.98,0,236
0.69,19.996,0.542,89.003,1.092,2025-11-05 21:11:33,236.0,29.1,22.8,26.51,1.98,0,236
0.713,20.018,0.361,88.935,1.044,2025-11-05 21:11:33,236.0,29.1,22.8,26.51,1.98,0,236
0.718,19.977,0.507,88.894,1.006,2025-11-05 21:11:33,236.0,29.1,22.8,26.51,1.98,0,236
0.721,20.021,0.469,89.108,1.084,2025-11-05 21:11:33,236.0,29.1,22.8,26.51,1.98,0,236
0.716,19.974,0.406,88.902,1.125,2025-11-05 21:11:33,236.0,29.1,22.8,26.51,1.98,0,236
0.722,20.003,0.466,89.077,1.101,2025-11-05 21:11:33,236.0,29.1,22.8,26.51,1.98,0,236
0.708,19.955,0.319,88.979,1.0,2025-11-05 21:11:33,236.0,29.1,22.8,26.51,1.98,0,236
0.714,19.924,0.592,88.939,1.083,2025-11-05 21:11:33,236.0,29.1,22.8,26.51,1.98,0,236
0.699,19.921,0.543,88.913,0.977,2025-11-06 13:24:22,237.0,31.5,26.6,28.9,1.49,0,237
0.711,19.899,0.462,89.153,1.034,2025-11-06 13:24:22,237.0,31.5,26.6,28.9,1.49,0,237
0.715,19.965,0.497,88.673,1.042,2025-11-06 13:24:22,237.0,31.5,26.6,28.9,1.49,0,237
0.708,19.915,0.298,89.102,1.016,2025-11-06 13:24:22,237.0,31.5,26.6,28.9,1.49,0,237
0.731,19.893,0.521,89.171,1.093,2025-11-06 13:24:22,237.0,31.5,26.6,28.9,1.49,0,237
0.704,19.889,0.648,89.266,1.08,2025-11-06 13:24:22,237.0,31.5,26.6,28.9,1.49,0,237
0.706,19.933,0.357,89.053,1.023,2025-11-06 13:24:22,237.0,31.5,26.6,28.9,1.49,0,237
0.72,19.911,0.581,89.346,1.059,2025-11-06 13:24:22,237.0,31.5,26.6,28.9,1.49,0,237
0.701,19.877,0.651,89.22,1.03,2025-11-06 13:24:22,237.0,31.5,26.6,28.9,1.49,0,237
0.715,19.911,0.511,89.024,1.095,2025-11-06 13:24:22,237.0,31.5,26.6,28.9,1.49,0,237
0.708,19.889,0.49,88.789,1.058,2025-11-06 13:24:22,237.0,31.5,26.6,28.9,1.49,0,237
0.724,19.974,0.458,88.78,1.073,2025-11-06 13:24:22,237.0,31.5,26.6,28.9,1.49,0,237
0.715,19.921,0.438,88.857,1.041,2025-11-06 13:24:22,237.0,31.5,26.6,28.9,1.49,0,237
0.713,19.933,0.35,88.965,1.055,2025-11-06 13:24:22,237.0,31.5,26.6,28.9,1.49,0,237
0.724,19.968,0.486,89.027,1.029,2025-11-06 13:24:22,237.0,31.5,26.6,28.9,1.49,0,237
0.703,19.933,0.609,89.226,1.031,2025-11-06 13:24:22,237.0,31.5,26.6,28.9,1.49,0,237
0.719,20.034,0.413,89.184,1.036,2025-11-06 13:24:22,237.0,31.5,26.6,28.9,1.49,0,237
0.741,19.886,0.325,88.923,1.056,2025-11-06 13:24:22,237.0,31.5,26.6,28.9,1.49,0,237
0.696,19.908,0.301,88.953,0.982,2025-11-06 13:24:22,237.0,31.5,26.6,28.9,1.49,0,237
0.706,19.946,0.438,89.156,1.046,2025-11-06 19:29:30,238.0,31.2,25.2,27.78,1.39,0,238
0.699,19.999,0.346,89.033,1.018,2025-11-06 19:29:30,238.0,31.2,25.2,27.78,1.39,0,238
0.693,19.996,0.319,89.041,0.991,2025-11-06 19:29:30,238.0,31.2,25.2,27.78,1.39,0,238
0.694,19.971,0.224,88.878,1.035,2025-11-06 19:29:30,238.0,31.2,25.2,27.78,1.39,0,238
0.719,19.99,0.448,88.924,1.079,2025-11-06 19:29:30,238.0,31.2,25.2,27.78,1.39,0,238
0.698,19.933,0.322,88.811,1.059,2025-11-06 19:29:30,238.0,31.2,25.2,27.78,1.39,0,238
0.707,20.056,0.417,89.119,1.043,2025-11-06 19:29:30,238.0,31.2,25.2,27.78,1.39,0,238
0.713,19.974,0.301,88.91,0.976,2025-11-06 19:29:30,238.0,31.2,25.2,27.78,1.39,0,238
0.704,20.034,0.315,89.058,1.03,2025-11-06 19:29:30,238.0,31.2,25.2,27.78,1.39,0,238
0.722,20.084,0.354,89.191,1.046,2025-11-06 19:29:30,238.0,31.2,25.2,27.78,1.39,0,238
0.721,20.003,0.539,89.001,1.063,2025-11-06 19:29:30,238.0,31.2,25.2,27.78,1.39,0,238
0.703,20.012,0.357,88.827,1.028,2025-11-06 19:29:30,238.0,31.2,25.2,27.78,1.39,0,238
0.728,20.043,0.371,88.987,1.055,2025-11-06 19:29:30,238.0,31.2,25.2,27.78,1.39,0,238
0.701,19.965,0.431,89.028,1.07,2025-11-06 19:29:30,238.0,31.2,25.2,27.78,1.39,0,238
0.713,20.097,0.28,89.029,0.973,2025-11-06 19:29:30,238.0,31.2,25.2,27.78,1.39,0,238
0.713,20.05,0.413,89.062,1.047,2025-11-06 19:29:30,238.0,31.2,25.2,27.78,1.39,0,238
0.725,20.003,0.346,89.311,1.064,2025-11-06 19:29:30,238.0,31.2,25.2,27.78,1.39,0,238
0.704,20.028,0.361,89.134,1.036,2025-11-06 19:29:30,238.0,31.2,25.2,27.78,1.39,0,238
0.693,19.949,0.371,89.058,0.99,2025-11-06 19:29:30,238.0,31.2,25.2,27.78,1.39,0,238
0.71,19.993,0.487,88.947,1.052,2025-11-06 19:29:30,238.0,31.2,25.2,27.78,1.39,0,238
0.692,19.977,0.336,88.921,1.064,2025-11-06 21:14:32,239.0,29.4,24.5,26.92,1.36,0,239
0.709,20.006,0.315,88.992,1.092,2025-11-06 21:14:32,239.0,29.4,24.5,26.92,1.36,0,239
0.733,20.003,0.413,89.12,1.08,2025-11-06 21:14:32,239.0,29.4,24.5,26.92,1.36,0,239
0.727,20.1,0.308,88.945,1.067,2025-11-06 21:14:32,239.0,29.4,24.5,26.92,1.36,0,239
0.717,19.999,0.291,88.921,1.097,2025-11-06 21:14:32,239.0,29.4,24.5,26.92,1.36,0,239
0.711,20.009,0.371,88.914,1.087,2025-11-06 21:14:32,239.0,29.4,24.5,26.92,1.36,0,239
0.707,19.99,0.266,88.954,1.033,2025-11-06 21:14:32,239.0,29.4,24.5,26.92,1.36,0,239
0.716,19.962,0.511,89.025,1.096,2025-11-06 21:14:32,239.0,29.4,24.5,26.92,1.36,0,239
0.721,20.081,0.423,88.734,1.084,2025-11-06 21:14:32,239.0,29.4,24.5,26.92,1.36,0,239
0.685,19.99,0.417,89.035,1.051,2025-11-06 21:14:32,239.0,29.4,24.5,26.92,1.36,0,239
0.694,19.949,0.336,89.138,1.011,2025-11-06 21:14:32,239.0,29.4,24.5,26.92,1.36,0,239
0.726,20.078,0.431,89.031,1.127,2025-11-06 21:14:32,239.0,29.4,24.5,26.92,1.36,0,239
0.717,20.043,0.375,89.079,1.119,2025-11-06 21:14:32,239.0,29.4,24.5,26.92,1.36,0,239
0.718,19.984,0.497,88.914,1.113,2025-11-06 21:14:32,239.0,29.4,24.5,26.92,1.36,0,239
0.689,19.927,0.49,88.953,1.013,2025-11-06 21:14:32,239.0,29.4,24.5,26.92,1.36,0,239
0.704,19.943,0.315,89.232,1.054,2025-11-06 21:14:32,239.0,29.4,24.5,26.92,1.36,0,239
0.715,20.012,0.259,88.983,1.078,2025-11-06 21:14:32,239.0,29.4,24.5,26.92,1.36,0,239
0.691,20.094,0.396,88.982,1.051,2025-11-06 21:14:32,239.0,29.4,24.5,26.92,1.36,0,239
0.725,20.053,0.417,88.833,1.132,2025-11-06 21:14:32,239.0,29.4,24.5,26.92,1.36,0,239
0.671,20.043,0.336,88.821,0.937,2025-11-07 10:59:07,240.0,32.3,23.1,28.6,2.2,0,240
0.704,20.034,0.305,88.918,1.021,2025-11-07 10:59:07,240.0,32.3,23.1,28.6,2.2,0,240
0.733,20.09,0.445,88.982,1.103,2025-11-07 10:59:07,240.0,32.3,23.1,28.6,2.2,0,240
0.716,20.1,0.543,89.313,1.039,2025-11-07 10:59:07,240.0,32.3,23.1,28.6,2.2,0,240
0.711,19.996,0.378,88.926,1.041,2025-11-07 10:59:07,240.0,32.3,23.1,28.6,2.2,0,240
0.735,20.094,0.308,89.279,1.07,2025-11-07 10:59:07,240.0,32.3,23.1,28.6,2.2,0,240
0.72,20.072,0.346,88.776,1.066,2025-11-07 10:59:07,240.0,32.3,23.1,28.6,2.2,0,240
0.711,19.996,0.444,88.782,1.118,2025-11-07 10:59:07,240.0,32.3,23.1,28.6,2.2,0,240
0.685,20.031,0.301,89.084,1.015,2025-11-07 10:59:07,240.0,32.3,23.1,28.6,2.2,0,240
0.715,20.097,0.487,89.099,1.074,2025-11-07 10:59:07,240.0,32.3,23.1,28.6,2.2,0,240
0.711,20.144,0.312,88.944,1.023,2025-11-07 10:59:07,240.0,32.3,23.1,28.6,2.2,0,240
0.711,20.053,0.263,88.974,0.999,2025-11-07 10:59:07,240.0,32.3,23.1,28.6,2.2,0,240
0.72,20.034,0.305,89.199,1.056,2025-11-07 10:59:07,240.0,32.3,23.1,28.6,2.2,0,240
0.717,19.981,0.483,89.081,0.967,2025-11-07 10:59:07,240.0,32.3,23.1,28.6,2.2,0,240
0.728,20.05,0.364,88.788,1.05,2025-11-07 10:59:07,240.0,32.3,23.1,28.6,2.2,0,240
0.7,19.918,0.312,89.092,1.127,2025-11-07 10:59:07,240.0,32.3,23.1,28.6,2.2,0,240
0.716,19.974,0.284,88.774,1.033,2025-11-07 10:59:07,240.0,32.3,23.1,28.6,2.2,0,240
0.71,19.996,0.392,88.869,1.04,2025-11-07 10:59:07,240.0,32.3,23.1,28.6,2.2,0,240
0.724,20.112,0.322,88.95,1.081,2025-11-07 10:59:07,240.0,32.3,23.1,28.6,2.2,0,240
0.738,20.119,0.392,88.923,1.084,2025-11-07 13:29:13,241.0,43.8,21.8,27.25,4.24,0,241
0.715,20.075,0.434,88.976,1.034,2025-11-07 13:29:13,241.0,43.8,21.8,27.25,4.24,0,241
0.706,20.043,0.409,89.098,0.988,2025-11-07 13:29:13,241.0,43.8,21.8,27.25,4.24,0,241
0.703,20.031,0.571,88.947,1.05,2025-11-07 13:29:13,241.0,43.8,21.8,27.25,4.24,0,241
0.717,20.068,0.556,89.167,1.057,2025-11-07 13:29:13,241.0,43.8,21.8,27.25,4.24,0,241
0.69,20.065,0.423,89.103,0.983,2025-11-07 13:29:13,241.0,43.8,21.8,27.25,4.24,0,241
0.703,19.984,0.385,89.045,1.041,2025-11-07 13:29:13,241.0,43.8,21.8,27.25,4.24,0,241
0.701,20.012,0.28,88.984,1.018,2025-11-07 13:29:13,241.0,43.8,21.8,27.25,4.24,0,241
0.707,20.021,0.546,89.214,1.039,2025-11-07 13:29:13,241.0,43.8,21.8,27.25,4.24,0,241
0.72,20.075,0.546,88.909,1.113,2025-11-07 13:29:13,241.0,43.8,21.8,27.25,4.24,0,241
0.717,19.99,0.343,88.83,1.061,2025-11-07 13:29:13,241.0,43.8,21.8,27.25,4.24,0,241
0.729,20.009,0.346,89.256,1.092,2025-11-07 13:29:13,241.0,43.8,21.8,27.25,4.24,0,241
0.689,20.059,0.5,89.095,1.007,2025-11-07 13:29:13,241.0,43.8,21.8,27.25,4.24,0,241
0.734,20.034,0.546,88.977,1.088,2025-11-07 13:29:13,241.0,43.8,21.8,27.25,4.24,0,241
0.709,19.908,0.696,89.024,1.068,2025-11-07 13:29:13,241.0,43.8,21.8,27.25,4.24,0,241
0.706,20.16,0.346,88.937,1.004,2025-11-07 13:29:13,241.0,43.8,21.8,27.25,4.24,0,241
0.724,20.106,0.564,89.089,1.02,2025-11-07 13:29:13,241.0,43.8,21.8,27.25,4.24,0,241
0.718,20.003,0.399,89.095,1.075,2025-11-07 13:29:13,241.0,43.8,21.8,27.25,4.24,0,241
0.707,20.018,0.452,88.983,1.056,2025-11-07 13:29:13,241.0,43.8,21.8,27.25,4.24,0,241
0.729,20.05,0.529,89.059,1.14,2025-11-07 13:29:13,241.0,43.8,21.8,27.25,4.24,0,241
0.719,19.993,0.567,88.921,1.04,2025-11-07 19:29:21,242.0,33.7,24.0,28.56,2.56,0,242
0.724,19.987,0.532,88.72,1.012,2025-11-07 19:29:21,242.0,33.7,24.0,28.56,2.56,0,242
0.733,19.918,0.357,88.968,1.039,2025-11-07 19:29:21,242.0,33.7,24.0,28.56,2.56,0,242
0.729,20.04,0.515,89.1,1.061,2025-11-07 19:29:21,242.0,33.7,24.0,28.56,2.56,0,242
0.704,19.952,0.452,88.969,1.096,2025-11-07 19:29:21,242.0,33.7,24.0,28.56,2.56,0,242
0.718,20.068,0.417,89.058,1.033,2025-11-07 19:29:21,242.0,33.7,24.0,28.56,2.56,0,242
0.701,19.889,0.305,88.919,1.066,2025-11-07 19:29:21,242.0,33.7,24.0,28.56,2.56,0,242
0.722,19.959,0.367,89.069,1.035,2025-11-07 19:29:21,242.0,33.7,24.0,28.56,2.56,0,242
0.683,19.981,0.56,88.961,0.967,2025-11-07 19:29:21,242.0,33.7,24.0,28.56,2.56,0,242
0.723,19.924,0.399,89.087,1.053,2025-11-07 19:29:21,242.0,33.7,24.0,28.56,2.56,0,242
0.681,19.943,0.343,88.772,0.988,2025-11-07 19:29:21,242.0,33.7,24.0,28.56,2.56,0,242
0.709,19.971,0.315,89.053,1.026,2025-11-07 19:29:21,242.0,33.7,24.0,28.56,2.56,0,242
0.695,19.927,0.399,89.031,0.999,2025-11-07 19:29:21,242.0,33.7,24.0,28.56,2.56,0,242
0.716,19.905,0.252,89.015,1.028,2025-11-07 19:29:21,242.0,33.7,24.0,28.56,2.56,0,242
0.728,19.971,0.529,89.138,1.012,2025-11-07 19:29:21,242.0,33.7,24.0,28.56,2.56,0,242
0.703,19.933,0.434,89.2,1.047,2025-11-07 19:29:21,242.0,33.7,24.0,28.56,2.56,0,242
0.743,20.075,0.49,89.091,1.102,2025-11-07 19:29:21,242.0,33.7,24.0,28.56,2.56,0,242
0.711,20.04,0.455,89.028,1.061,2025-11-07 19:29:21,242.0,33.7,24.0,28.56,2.56,0,242
0.729,20.056,0.343,89.119,1.058,2025-11-07 19:29:21,242.0,33.7,24.0,28.56,2.56,0,242
0.717,19.981,0.333,88.908,1.062,2025-11-07 19:29:21,242.0,33.7,24.0,28.56,2.56,0,242
0.71,20.031,0.623,88.946,1.032,2025-11-09 15:00:59,243.0,33.3,24.3,29.32,2.3,0,243
0.727,20.056,0.403,89.077,1.06,2025-11-09 15:00:59,243.0,33.3,24.3,29.32,2.3,0,243
0.706,20.012,0.392,89.067,1.025,2025-11-09 15:00:59,243.0,33.3,24.3,29.32,2.3,0,243
0.721,20.021,0.473,88.97,1.022,2025-11-09 15:00:59,243.0,33.3,24.3,29.32,2.3,0,243
0.724,20.006,0.361,88.917,1.11,2025-11-09 15:00:59,243.0,33.3,24.3,29.32,2.3,0,243
0.703,19.996,0.462,88.884,0.969,2025-11-09 15:00:59,243.0,33.3,24.3,29.32,2.3,0,243
0.712,20.015,0.375,89.039,1.077,2025-11-09 15:00:59,243.0,33.3,24.3,29.32,2.3,0,243
0.713,20.065,0.354,88.875,0.968,2025-11-09 15:00:59,243.0,33.3,24.3,29.32,2.3,0,243
0.717,19.981,0.567,88.972,1.077,2025-11-09 15:00:59,243.0,33.3,24.3,29.32,2.3,0,243
0.717,19.971,0.535,88.772,1.003,2025-11-09 15:00:59,243.0,33.3,24.3,29.32,2.3,0,243
0.686,19.955,0.473,88.95,0.944,2025-11-09 15:00:59,243.0,33.3,24.3,29.32,2.3,0,243
0.714,20.05,0.532,88.759,1.103,2025-11-09 15:00:59,243.0,33.3,24.3,29.32,2.3,0,243
0.721,19.981,0.458,88.942,1.011,2025-11-09 15:00:59,243.0,33.3,24.3,29.32,2.3,0,243
0.704,20.003,0.375,88.963,1.073,2025-11-09 15:00:59,243.0,33.3,24.3,29.32,2.3,0,243
0.711,20.046,0.315,89.065,1.046,2025-11-09 15:00:59,243.0,33.3,24.3,29.32,2.3,0,243
0.718,20.078,0.539,89.008,1.035,2025-11-09 15:00:59,243.0,33.3,24.3,29.32,2.3,0,243
0.749,19.999,0.577,89.06,1.086,2025-11-09 15:00:59,243.0,33.3,24.3,29.32,2.3,0,243
0.73,20.009,0.406,88.934,1.065,2025-11-09 15:00:59,243.0,33.3,24.3,29.32,2.3,0,243
0.708,19.965,0.472,89.21,0.991,2025-11-09 15:00:59,243.0,33.3,24.3,29.32,2.3,0,243
0.703,19.962,0.325,88.875,1.008,2025-11-09 15:00:59,243.0,33.3,24.3,29.32,2.3,0,243
0.728,19.981,0.444,88.991,1.106,2025-11-09 19:26:07,244.0,33.4,26.4,29.3,2.22,0,244
0.723,19.902,0.399,89.114,1.092,2025-11-09 19:26:07,244.0,33.4,26.4,29.3,2.22,0,244
0.727,19.899,0.438,88.991,1.097,2025-11-09 19:26:07,244.0,33.4,26.4,29.3,2.22,0,244
0.704,20.018,0.417,88.781,1.11,2025-11-09 19:26:07,244.0,33.4,26.4,29.3,2.22,0,244
0.712,19.933,0.392,89.014,1.035,2025-11-09 19:26:07,244.0,33.4,26.4,29.3,2.22,0,244
0.709,19.933,0.41,88.881,1.041,2025-11-09 19:26:07,244.0,33.4,26.4,29.3,2.22,0,244
0.702,19.943,0.546,88.963,1.002,2025-11-09 19:26:07,244.0,33.4,26.4,29.3,2.22,0,244
0.718,19.959,0.361,89.113,1.107,2025-11-09 19:26:07,244.0,33.4,26.4,29.3,2.22,0,244
0.717,19.968,0.381,89.09,0.979,2025-11-09 19:26:07,244.0,33.4,26.4,29.3,2.22,0,244
0.703,20.009,0.343,89.059,1.065,2025-11-09 19:26:07,244.0,33.4,26.4,29.3,2.22,0,244
0.718,19.974,0.399,89.07,1.008,2025-11-09 19:26:07,244.0,33.4,26.4,29.3,2.22,0,244
0.716,19.996,0.354,89.084,1.045,2025-11-09 19:26:07,244.0,33.4,26.4,29.3,2.22,0,244
0.704,19.93,0.455,89.213,0.979,2025-11-09 19:26:07,244.0,33.4,26.4,29.3,2.22,0,244
0.717,19.899,0.305,89.343,1.039,2025-11-09 19:26:07,244.0,33.4,26.4,29.3,2.22,0,244
0.728,19.952,0.318,89.032,1.029,2025-11-09 19:26:07,244.0,33.4,26.4,29.3,2.22,0,244
0.711,19.959,0.462,89.012,1.015,2025-11-09 19:26:07,244.0,33.4,26.4,29.3,2.22,0,244
0.706,19.943,0.529,89.49,1.122,2025-11-09 19:26:07,244.0,33.4,26.4,29.3,2.22,0,244
0.728,19.949,0.332,88.867,1.058,2025-11-09 19:26:07,244.0,33.4,26.4,29.3,2.22,0,244
0.705,19.943,0.413,89.414,1.087,2025-11-09 19:26:07,244.0,33.4,26.4,29.3,2.22,0,244
0.752,19.999,0.389,89.058,1.091,2025-11-09 19:26:07,244.0,33.4,26.4,29.3,2.22,0,244
0.71,19.984,0.413,89.214,0.992,2025-11-09 21:56:11,245.0,42.8,23.6,28.95,4.11,0,245
0.718,19.955,0.238,88.78,1.032,2025-11-09 21:56:11,245.0,42.8,23.6,28.95,4.11,0,245
0.705,20.028,0.371,88.981,1.031,2025-11-09 21:56:11,245.0,42.8,23.6,28.95,4.11,0,245
0.687,19.968,0.35,88.922,1.005,2025-11-09 21:56:11,245.0,42.8,23.6,28.95,4.11,0,245
0.713,19.974,0.462,89.235,0.997,2025-11-09 21:56:11,245.0,42.8,23.6,28.95,4.11,0,245
0.739,19.999,0.473,89.206,1.135,2025-11-09 21:56:11,245.0,42.8,23.6,28.95,4.11,0,245
0.713,19.949,0.567,89.173,1.045,2025-11-09 21:56:11,245.0,42.8,23.6,28.95,4.11,0,245
0.723,19.949,0.43,89.157,1.048,2025-11-09 21:56:11,245.0,42.8,23.6,28.95,4.11,0,245
0.732,19.999,0.542,89.089,1.043,2025-11-09 21:56:11,245.0,42.8,23.6,28.95,4.11,0,245
0.73,19.949,0.553,89.066,1.083,2025-11-09 21:56:11,245.0,42.8,23.6,28.95,4.11,0,245
0.71,20.015,0.444,88.763,1.01,2025-11-09 21:56:11,245.0,42.8,23.6,28.95,4.11,0,245
0.731,20.018,0.311,89.327,1.041,2025-11-09 21:56:11,245.0,42.8,23.6,28.95,4.11,0,245
0.709,20.009,0.476,88.602,1.076,2025-11-09 21:56:11,245.0,42.8,23.6,28.95,4.11,0,245
0.7,20.015,0.427,88.847,1.082,2025-11-09 21:56:11,245.0,42.8,23.6,28.95,4.11,0,245
0.729,19.959,0.497,88.908,1.095,2025-11-09 21:56:11,245.0,42.8,23.6,28.95,4.11,0,245
0.678,19.949,0.371,88.789,0.984,2025-11-09 21:56:11,245.0,42.8,23.6,28.95,4.11,0,245
0.72,19.996,0.504,89.116,1.118,2025-11-09 21:56:11,245.0,42.8,23.6,28.95,4.11,0,245
0.709,19.962,0.473,89.051,1.077,2025-11-09 21:56:11,245.0,42.8,23.6,28.95,4.11,0,245
0.751,19.993,0.434,88.959,1.069,2025-11-09 21:56:11,245.0,42.8,23.6,28.95,4.11,0,245
