M,C,d,L,R,T,N,Max_Ve,Min_Ve,Avg_Ve,Std_Ve,is_error,N_stat
0.911,24.407,0.716,84.25,1.095,2025-01-09 11:51:25,0.0,22.6,16.5,19.12,1.59,0,0
0.9,24.324,0.502,84.08,1.062,2025-01-09 11:51:25,0.0,22.6,16.5,19.12,1.59,0,0
0.911,24.355,0.686,84.18,1.001,2025-01-09 11:51:25,0.0,22.6,16.5,19.12,1.59,0,0
0.91,24.408,0.545,84.02,1.009,2025-01-09 11:51:25,0.0,22.6,16.5,19.12,1.59,0,0
0.891,24.363,0.47,84.24,1.047,2025-01-09 11:51:25,0.0,22.6,16.5,19.12,1.59,0,0
0.895,24.347,0.525,84.35,1.084,2025-01-09 11:51:25,0.0,22.6,16.5,19.12,1.59,0,0
0.906,24.396,0.575,84.1,1.064,2025-01-09 11:51:25,0.0,22.6,16.5,19.12,1.59,0,0
0.863,24.344,0.495,84.01,1.003,2025-01-09 11:51:25,0.0,22.6,16.5,19.12,1.59,0,0
0.865,24.339,0.671,84.26,1.033,2025-01-09 11:51:25,0.0,22.6,16.5,19.12,1.59,0,0
0.887,24.413,0.701,84.26,1.009,2025-01-09 11:51:25,0.0,22.6,16.5,19.12,1.59,0,0
0.886,24.382,0.728,84.08,1.117,2025-01-09 11:51:25,0.0,22.6,16.5,19.12,1.59,0,0
0.876,24.317,0.46,84.23,1.06,2025-01-09 11:51:25,0.0,22.6,16.5,19.12,1.59,0,0
0.905,24.389,0.575,83.99,1.067,2025-01-09 11:51:25,0.0,22.6,16.5,19.12,1.59,0,0
0.901,24.398,0.377,83.98,1.041,2025-01-09 11:51:25,0.0,22.6,16.5,19.12,1.59,0,0
0.883,24.297,0.907,84.21,1.084,2025-01-09 11:51:25,0.0,22.6,16.5,19.12,1.59,0,0
0.901,24.368,0.892,83.88,1.02,2025-01-09 11:51:25,0.0,22.6,16.5,19.12,1.59,0,0
0.904,24.343,0.588,83.99,1.068,2025-01-09 11:51:25,0.0,22.6,16.5,19.12,1.59,0,0
0.876,24.352,0.502,83.91,1.026,2025-01-09 11:51:25,0.0,22.6,16.5,19.12,1.59,0,0
0.862,24.348,0.545,83.96,1.067,2025-01-09 13:11:37,1.0,21.3,15.3,18.14,1.6,0,1
0.903,24.419,0.753,83.96,1.012,2025-01-09 13:11:37,1.0,21.3,15.3,18.14,1.6,0,1
0.911,24.391,0.342,83.97,1.004,2025-01-09 13:11:37,1.0,21.3,15.3,18.14,1.6,0,1
0.911,24.423,0.515,84.2,1.084,2025-01-09 13:11:37,1.0,21.3,15.3,18.14,1.6,0,1
0.89,24.377,0.658,83.97,1.038,2025-01-09 13:11:37,1.0,21.3,15.3,18.14,1.6,0,1
0.893,24.305,0.578,84.25,1.033,2025-01-09 13:11:37,1.0,21.3,15.3,18.14,1.6,0,1
0.87,24.266,0.462,83.84,1.026,2025-01-09 13:11:37,1.0,21.3,15.3,18.14,1.6,0,1
0.89,24.333,0.768,83.87,1.033,2025-01-09 13:11:37,1.0,21.3,15.3,18.14,1.6,0,1
0.907,24.361,0.638,84.22,1.023,2025-01-09 13:11:37,1.0,21.3,15.3,18.14,1.6,0,1
0.868,24.254,0.457,84.18,1.034,2025-01-09 13:11:37,1.0,21.3,15.3,18.14,1.6,0,1
0.865,24.327,0.64,84.16,1.044,2025-01-09 13:11:37,1.0,21.3,15.3,18.14,1.6,0,1
0.889,24.34,0.419,84.01,1.046,2025-01-09 13:11:37,1.0,21.3,15.3,18.14,1.6,0,1
0.892,24.301,0.417,84.08,1.077,2025-01-09 13:11:37,1.0,21.3,15.3,18.14,1.6,0,1
0.888,24.298,0.472,84.02,1.046,2025-01-09 13:11:37,1.0,21.3,15.3,18.14,1.6,0,1
0.909,24.345,0.414,84.37,1.033,2025-01-09 13:11:37,1.0,21.3,15.3,18.14,1.6,0,1
0.902,24.336,0.522,84.16,1.07,2025-01-09 13:11:37,1.0,21.3,15.3,18.14,1.6,0,1
0.909,24.353,0.487,84.14,1.091,2025-01-09 13:11:37,1.0,21.3,15.3,18.14,1.6,0,1
0.929,24.359,0.585,84.17,1.042,2025-01-09 13:11:37,1.0,21.3,15.3,18.14,1.6,0,1
0.892,24.357,0.527,83.75,1.04,2025-01-09 19:01:50,2.0,21.1,16.9,19.2,1.3,0,2
0.924,24.409,0.716,84.07,1.097,2025-01-09 19:01:50,2.0,21.1,16.9,19.2,1.3,0,2
0.887,24.339,0.716,83.95,1.006,2025-01-09 19:01:50,2.0,21.1,16.9,19.2,1.3,0,2
0.918,24.331,0.319,84.15,1.073,2025-01-09 19:01:50,2.0,21.1,16.9,19.2,1.3,0,2
0.907,24.365,0.648,84.0,1.069,2025-01-09 19:01:50,2.0,21.1,16.9,19.2,1.3,0,2
0.932,24.385,0.57,84.42,1.092,2025-01-09 19:01:50,2.0,21.1,16.9,19.2,1.3,0,2
0.86,24.377,0.404,83.93,0.994,2025-01-09 19:01:50,2.0,21.1,16.9,19.2,1.3,0,2
0.853,24.325,0.437,83.91,0.975,2025-01-09 19:01:50,2.0,21.1,16.9,19.2,1.3,0,2
0.92,24.437,0.583,84.1,1.03,2025-01-09 19:01:50,2.0,21.1,16.9,19.2,1.3,0,2
0.902,24.269,0.435,84.28,1.028,2025-01-09 19:01:50,2.0,21.1,16.9,19.2,1.3,0,2
0.897,24.383,0.583,84.22,1.048,2025-01-09 19:01:50,2.0,21.1,16.9,19.2,1.3,0,2
0.903,24.346,0.47,84.07,1.078,2025-01-09 19:01:50,2.0,21.1,16.9,19.2,1.3,0,2
0.929,24.431,0.515,84.26,1.046,2025-01-09 19:01:50,2.0,21.1,16.9,19.2,1.3,0,2
0.877,24.295,0.625,83.99,0.975,2025-01-09 19:01:50,2.0,21.1,16.9,19.2,1.3,0,2
0.885,24.252,0.731,83.99,0.959,2025-01-09 19:01:50,2.0,21.1,16.9,19.2,1.3,0,2
0.925,24.324,0.972,84.2,1.001,2025-01-09 19:01:50,2.0,21.1,16.9,19.2,1.3,0,2
0.898,24.361,0.404,84.22,1.016,2025-01-09 19:01:50,2.0,21.1,16.9,19.2,1.3,0,2
0.882,24.367,0.681,84.01,0.968,2025-01-09 19:01:50,2.0,21.1,16.9,19.2,1.3,0,2
0.909,24.297,0.605,84.25,1.083,2025-01-09 21:16:57,3.0,20.6,15.4,17.92,1.38,0,3
0.915,24.348,0.605,84.09,1.032,2025-01-09 21:16:57,3.0,20.6,15.4,17.92,1.38,0,3
0.913,24.292,0.357,84.04,1.064,2025-01-09 21:16:57,3.0,20.6,15.4,17.92,1.38,0,3
0.933,24.273,0.535,84.21,1.106,2025-01-09 21:16:57,3.0,20.6,15.4,17.92,1.38,0,3
0.885,24.297,0.816,83.86,1.007,2025-01-09 21:16:57,3.0,20.6,15.4,17.92,1.38,0,3
0.896,24.326,0.492,83.95,1.039,2025-01-09 21:16:57,3.0,20.6,15.4,17.92,1.38,0,3
0.893,24.325,0.595,84.18,1.014,2025-01-09 21:16:57,3.0,20.6,15.4,17.92,1.38,0,3
0.915,24.389,0.754,84.41,1.044,2025-01-09 21:16:57,3.0,20.6,15.4,17.92,1.38,0,3
0.905,24.261,0.48,84.26,1.088,2025-01-09 21:16:57,3.0,20.6,15.4,17.92,1.38,0,3
0.918,24.321,0.605,84.19,1.068,2025-01-09 21:16:57,3.0,20.6,15.4,17.92,1.38,0,3
0.893,24.261,0.623,84.13,1.005,2025-01-09 21:16:57,3.0,20.6,15.4,17.92,1.38,0,3
0.916,24.281,0.771,84.3,1.047,2025-01-09 21:16:57,3.0,20.6,15.4,17.92,1.38,0,3
0.942,24.38,0.402,84.29,1.089,2025-01-09 21:16:57,3.0,20.6,15.4,17.92,1.38,0,3
0.925,24.35,0.565,84.36,1.061,2025-01-09 21:16:57,3.0,20.6,15.4,17.92,1.38,0,3
0.907,24.395,0.487,84.4,1.094,2025-01-09 21:16:57,3.0,20.6,15.4,17.92,1.38,0,3
0.916,24.284,0.537,84.25,1.037,2025-01-09 21:16:57,3.0,20.6,15.4,17.92,1.38,0,3
0.896,24.345,0.532,84.2,1.017,2025-01-09 21:16:57,3.0,20.6,15.4,17.92,1.38,0,3
0.903,24.42,0.442,84.1,1.062,2025-01-09 21:16:57,3.0,20.6,15.4,17.92,1.38,0,3
0.898,24.245,0.666,84.19,1.065,2025-01-10 11:38:08,4.0,20.6,15.1,17.81,1.56,0,4
0.881,24.385,0.671,83.9,1.098,2025-01-10 11:38:08,4.0,20.6,15.1,17.81,1.56,0,4
0.901,24.26,0.648,83.99,1.065,2025-01-10 11:38:08,4.0,20.6,15.1,17.81,1.56,0,4
0.899,24.35,0.51,83.89,1.048,2025-01-10 11:38:08,4.0,20.6,15.1,17.81,1.56,0,4
0.888,24.318,0.548,83.97,1.05,2025-01-10 11:38:08,4.0,20.6,15.1,17.81,1.56,0,4
0.886,24.353,0.425,83.95,1.047,2025-01-10 11:38:08,4.0,20.6,15.1,17.81,1.56,0,4
0.896,24.305,0.465,84.45,1.115,2025-01-10 11:38:08,4.0,20.6,15.1,17.81,1.56,0,4
0.954,24.463,0.6,84.37,1.084,2025-01-10 11:38:08,4.0,20.6,15.1,17.81,1.56,0,4
0.893,24.454,0.43,84.3,1.079,2025-01-10 11:38:08,4.0,20.6,15.1,17.81,1.56,0,4
0.892,24.325,0.655,84.0,1.058,2025-01-10 11:38:08,4.0,20.6,15.1,17.81,1.56,0,4
0.867,24.194,0.475,83.97,1.006,2025-01-10 11:38:08,4.0,20.6,15.1,17.81,1.56,0,4
0.929,24.369,0.442,84.0,1.091,2025-01-10 11:38:08,4.0,20.6,15.1,17.81,1.56,0,4
0.873,24.321,0.939,83.92,1.042,2025-01-10 11:38:08,4.0,20.6,15.1,17.81,1.56,0,4
0.905,24.398,0.54,84.21,1.108,2025-01-10 11:38:08,4.0,20.6,15.1,17.81,1.56,0,4
0.908,24.306,0.804,84.39,1.095,2025-01-10 11:38:08,4.0,20.6,15.1,17.81,1.56,0,4
0.883,24.36,0.753,83.86,0.998,2025-01-10 11:38:08,4.0,20.6,15.1,17.81,1.56,0,4
0.897,24.389,0.51,84.25,1.053,2025-01-10 11:38:08,4.0,20.6,15.1,17.81,1.56,0,4
0.904,24.291,0.439,84.22,1.073,2025-01-10 11:38:08,4.0,20.6,15.1,17.81,1.56,0,4
0.856,24.221,0.753,84.05,0.994,2025-01-10 13:13:19,5.0,20.8,15.5,18.14,1.56,0,5
0.932,24.311,0.588,84.21,1.032,2025-01-10 13:13:19,5.0,20.8,15.5,18.14,1.56,0,5
0.882,24.249,0.688,83.96,1.004,2025-01-10 13:13:19,5.0,20.8,15.5,18.14,1.56,0,5
0.928,24.302,0.62,83.99,1.058,2025-01-10 13:13:19,5.0,20.8,15.5,18.14,1.56,0,5
0.9,24.272,0.964,83.87,1.041,2025-01-10 13:13:19,5.0,20.8,15.5,18.14,1.56,0,5
0.875,24.254,0.367,84.18,1.016,2025-01-10 13:13:19,5.0,20.8,15.5,18.14,1.56,0,5
0.898,24.285,0.364,83.94,1.029,2025-01-10 13:13:19,5.0,20.8,15.5,18.14,1.56,0,5
0.918,24.24,0.615,84.36,1.065,2025-01-10 13:13:19,5.0,20.8,15.5,18.14,1.56,0,5
0.891,24.354,0.746,84.19,1.057,2025-01-10 13:13:19,5.0,20.8,15.5,18.14,1.56,0,5
0.9,24.282,0.417,84.15,1.022,2025-01-10 13:13:19,5.0,20.8,15.5,18.14,1.56,0,5
0.88,24.227,0.658,84.17,1.0,2025-01-10 13:13:19,5.0,20.8,15.5,18.14,1.56,0,5
0.889,24.264,0.676,84.03,0.996,2025-01-10 13:13:19,5.0,20.8,15.5,18.14,1.56,0,5
0.905,24.346,0.57,83.82,1.029,2025-01-10 13:13:19,5.0,20.8,15.5,18.14,1.56,0,5
0.89,24.3,0.54,84.31,1.063,2025-01-10 13:13:19,5.0,20.8,15.5,18.14,1.56,0,5
0.92,24.249,0.671,84.23,1.025,2025-01-10 13:13:19,5.0,20.8,15.5,18.14,1.56,0,5
0.891,24.367,0.646,84.2,1.076,2025-01-10 13:13:19,5.0,20.8,15.5,18.14,1.56,0,5
0.901,24.275,0.46,84.24,1.074,2025-01-10 13:13:19,5.0,20.8,15.5,18.14,1.56,0,5
0.916,24.367,0.726,83.86,1.025,2025-01-10 13:13:19,5.0,20.8,15.5,18.14,1.56,0,5
0.919,24.411,0.673,84.11,1.094,2025-01-10 19:13:29,6.0,18.8,14.9,16.71,1.29,0,6
0.868,24.266,0.874,84.11,1.067,2025-01-10 19:13:29,6.0,18.8,14.9,16.71,1.29,0,6
0.9,24.301,0.545,83.94,1.054,2025-01-10 19:13:29,6.0,18.8,14.9,16.71,1.29,0,6
0.891,24.436,0.52,84.06,1.054,2025-01-10 19:13:29,6.0,18.8,14.9,16.71,1.29,0,6
0.902,24.438,0.59,84.26,1.095,2025-01-10 19:13:29,6.0,18.8,14.9,16.71,1.29,0,6
0.87,24.305,0.769,83.7,1.06,2025-01-10 19:13:29,6.0,18.8,14.9,16.71,1.29,0,6
0.892,24.388,0.427,84.1,1.069,2025-01-10 19:13:29,6.0,18.8,14.9,16.71,1.29,0,6
0.899,24.233,0.495,84.02,1.051,2025-01-10 19:13:29,6.0,18.8,14.9,16.71,1.29,0,6
0.918,24.357,0.565,83.89,1.1,2025-01-10 19:13:29,6.0,18.8,14.9,16.71,1.29,0,6
0.907,24.334,0.568,84.23,1.115,2025-01-10 19:13:29,6.0,18.8,14.9,16.71,1.29,0,6
0.904,24.377,0.655,84.24,1.065,2025-01-10 19:13:29,6.0,18.8,14.9,16.71,1.29,0,6
0.913,24.34,0.618,84.04,1.049,2025-01-10 19:13:29,6.0,18.8,14.9,16.71,1.29,0,6
0.866,24.307,0.774,83.86,0.99,2025-01-10 19:13:29,6.0,18.8,14.9,16.71,1.29,0,6
0.917,24.448,0.593,84.2,1.071,2025-01-10 19:13:29,6.0,18.8,14.9,16.71,1.29,0,6
0.895,24.4,0.897,84.2,1.036,2025-01-10 19:13:29,6.0,18.8,14.9,16.71,1.29,0,6
0.888,24.315,0.628,83.89,1.058,2025-01-10 19:13:29,6.0,18.8,14.9,16.71,1.29,0,6
0.894,24.328,0.5,83.94,1.01,2025-01-10 19:13:29,6.0,18.8,14.9,16.71,1.29,0,6
0.924,24.354,0.585,84.38,1.127,2025-01-10 19:13:29,6.0,18.8,14.9,16.71,1.29,0,6
0.889,24.353,0.575,84.16,1.044,2025-01-10 19:13:29,6.0,18.8,14.9,16.71,1.29,0,6
0.877,24.296,0.412,83.72,1.058,2025-01-10 19:13:29,6.0,18.8,14.9,16.71,1.29,0,6
0.903,24.344,0.54,83.94,1.003,2025-01-10 21:13:37,7.0,19.6,15.0,17.58,0.98,0,7
0.89,24.427,0.553,84.15,1.022,2025-01-10 21:13:37,7.0,19.6,15.0,17.58,0.98,0,7
0.902,24.392,0.465,84.16,1.001,2025-01-10 21:13:37,7.0,19.6,15.0,17.58,0.98,0,7
0.893,24.325,0.706,84.19,1.02,2025-01-10 21:13:37,7.0,19.6,15.0,17.58,0.98,0,7
0.884,24.339,0.575,84.23,1.059,2025-01-10 21:13:37,7.0,19.6,15.0,17.58,0.98,0,7
0.916,24.438,0.424,84.49,1.079,2025-01-10 21:13:37,7.0,19.6,15.0,17.58,0.98,0,7
0.903,24.453,0.532,83.92,1.053,2025-01-10 21:13:37,7.0,19.6,15.0,17.58,0.98,0,7
0.909,24.337,0.738,84.27,1.073,2025-01-10 21:13:37,7.0,19.6,15.0,17.58,0.98,0,7
0.896,24.365,0.389,84.49,1.059,2025-01-10 21:13:37,7.0,19.6,15.0,17.58,0.98,0,7
0.896,24.393,0.821,84.48,1.013,2025-01-10 21:13:37,7.0,19.6,15.0,17.58,0.98,0,7
0.864,24.398,0.814,84.21,1.015,2025-01-10 21:13:37,7.0,19.6,15.0,17.58,0.98,0,7
0.892,24.268,0.432,83.93,1.054,2025-01-10 21:13:37,7.0,19.6,15.0,17.58,0.98,0,7
0.88,24.308,0.49,84.13,0.977,2025-01-10 21:13:37,7.0,19.6,15.0,17.58,0.98,0,7
0.905,24.405,0.482,84.22,1.057,2025-01-10 21:13:37,7.0,19.6,15.0,17.58,0.98,0,7
0.919,24.335,0.394,84.27,1.077,2025-01-10 21:13:37,7.0,19.6,15.0,17.58,0.98,0,7
0.874,24.379,0.502,83.74,0.978,2025-01-10 21:13:37,7.0,19.6,15.0,17.58,0.98,0,7
0.888,24.387,0.379,84.25,1.047,2025-01-10 21:13:37,7.0,19.6,15.0,17.58,0.98,0,7
0.899,24.371,0.457,84.38,1.087,2025-01-10 21:13:37,7.0,19.6,15.0,17.58,0.98,0,7
0.901,24.41,0.412,84.17,1.017,2025-01-10 21:13:37,7.0,19.6,15.0,17.58,0.98,0,7
0.902,24.319,1.037,84.15,1.073,2025-02-10 13:13:52,8.0,19.7,14.1,16.54,1.41,0,8
0.905,24.293,0.542,84.1,1.094,2025-02-10 13:13:52,8.0,19.7,14.1,16.54,1.41,0,8
0.908,24.353,0.545,83.88,0.992,2025-02-10 13:13:52,8.0,19.7,14.1,16.54,1.41,0,8
0.892,24.274,0.588,84.02,1.084,2025-02-10 13:13:52,8.0,19.7,14.1,16.54,1.41,0,8
0.899,24.302,0.444,84.02,0.97,2025-02-10 13:13:52,8.0,19.7,14.1,16.54,1.41,0,8
0.916,24.32,0.557,83.93,1.021,2025-02-10 13:13:52,8.0,19.7,14.1,16.54,1.41,0,8
0.897,24.301,0.54,84.07,1.074,2025-02-10 13:13:52,8.0,19.7,14.1,16.54,1.41,0,8
0.918,24.323,0.522,84.1,1.023,2025-02-10 13:13:52,8.0,19.7,14.1,16.54,1.41,0,8
0.897,24.416,0.57,84.09,1.042,2025-02-10 13:13:52,8.0,19.7,14.1,16.54,1.41,0,8
0.912,24.354,0.575,83.8,1.006,2025-02-10 13:13:52,8.0,19.7,14.1,16.54,1.41,0,8
0.913,24.324,0.826,84.23,1.035,2025-02-10 13:13:52,8.0,19.7,14.1,16.54,1.41,0,8
0.9,24.245,1.012,84.29,1.062,2025-02-10 13:13:52,8.0,19.7,14.1,16.54,1.41,0,8
0.895,24.249,0.53,84.23,0.985,2025-02-10 13:13:52,8.0,19.7,14.1,16.54,1.41,0,8
0.898,24.299,0.58,84.25,1.043,2025-02-10 13:13:52,8.0,19.7,14.1,16.54,1.41,0,8
0.884,24.266,0.567,84.22,0.984,2025-02-10 13:13:52,8.0,19.7,14.1,16.54,1.41,0,8
0.917,24.312,0.67,84.23,1.055,2025-02-10 13:13:52,8.0,19.7,14.1,16.54,1.41,0,8
0.932,24.417,0.63,84.27,1.119,2025-02-10 13:13:52,8.0,19.7,14.1,16.54,1.41,0,8
0.894,24.232,0.487,84.11,1.009,2025-02-10 13:13:52,8.0,19.7,14.1,16.54,1.41,0,8
0.905,24.274,0.512,84.24,1.094,2025-02-10 13:13:52,8.0,19.7,14.1,16.54,1.41,0,8
0.909,24.347,0.434,84.25,1.036,2025-02-10 14:13:59,9.0,19.4,13.8,16.72,1.54,0,9
0.891,24.344,0.457,83.88,1.026,2025-02-10 14:13:59,9.0,19.4,13.8,16.72,1.54,0,9
0.901,24.449,0.439,84.11,1.012,2025-02-10 14:13:59,9.0,19.4,13.8,16.72,1.54,0,9
0.917,24.394,0.668,84.34,1.035,2025-02-10 14:13:59,9.0,19.4,13.8,16.72,1.54,0,9
0.917,24.347,0.721,84.23,1.039,2025-02-10 14:13:59,9.0,19.4,13.8,16.72,1.54,0,9
0.915,24.307,0.618,84.0,1.009,2025-02-10 14:13:59,9.0,19.4,13.8,16.72,1.54,0,9
0.891,24.349,0.545,84.07,1.007,2025-02-10 14:13:59,9.0,19.4,13.8,16.72,1.54,0,9
0.891,24.193,0.628,84.38,0.99,2025-02-10 14:13:59,9.0,19.4,13.8,16.72,1.54,0,9
0.895,24.468,0.457,83.81,0.957,2025-02-10 14:13:59,9.0,19.4,13.8,16.72,1.54,0,9
0.88,24.318,0.758,84.24,0.987,2025-02-10 14:13:59,9.0,19.4,13.8,16.72,1.54,0,9
0.91,24.317,0.743,84.06,0.983,2025-02-10 14:13:59,9.0,19.4,13.8,16.72,1.54,0,9
0.889,24.301,0.459,84.12,1.024,2025-02-10 14:13:59,9.0,19.4,13.8,16.72,1.54,0,9
0.89,24.27,0.733,84.39,1.015,2025-02-10 14:13:59,9.0,19.4,13.8,16.72,1.54,0,9
0.878,24.354,0.434,84.18,0.941,2025-02-10 14:13:59,9.0,19.4,13.8,16.72,1.54,0,9
0.873,24.301,0.628,83.98,0.995,2025-02-10 14:13:59,9.0,19.4,13.8,16.72,1.54,0,9
0.929,24.449,0.387,83.88,1.013,2025-02-10 14:13:59,9.0,19.4,13.8,16.72,1.54,0,9
0.88,24.309,0.432,84.0,0.993,2025-02-10 14:13:59,9.0,19.4,13.8,16.72,1.54,0,9
0.891,24.376,0.648,83.96,0.953,2025-02-10 14:13:59,9.0,19.4,13.8,16.72,1.54,0,9
0.896,24.263,0.547,84.19,0.999,2025-02-10 14:13:59,9.0,19.4,13.8,16.72,1.54,0,9
0.931,24.316,0.668,84.11,1.092,2025-02-10 19:44:09,10.0,22.0,15.1,18.19,1.53,0,10
0.897,24.323,0.668,84.04,1.067,2025-02-10 19:44:09,10.0,22.0,15.1,18.19,1.53,0,10
0.927,24.367,0.793,83.63,1.075,2025-02-10 19:44:09,10.0,22.0,15.1,18.19,1.53,0,10
0.89,24.344,0.45,84.05,1.023,2025-02-10 19:44:09,10.0,22.0,15.1,18.19,1.53,0,10
0.902,24.326,0.547,84.35,1.046,2025-02-10 19:44:09,10.0,22.0,15.1,18.19,1.53,0,10
0.901,24.352,0.575,84.07,1.054,2025-02-10 19:44:09,10.0,22.0,15.1,18.19,1.53,0,10
0.9,24.295,0.367,84.14,1.067,2025-02-10 19:44:09,10.0,22.0,15.1,18.19,1.53,0,10
0.877,24.27,0.568,84.09,1.029,2025-02-10 19:44:09,10.0,22.0,15.1,18.19,1.53,0,10
0.892,24.311,0.706,83.77,0.998,2025-02-10 19:44:09,10.0,22.0,15.1,18.19,1.53,0,10
0.922,24.276,0.824,83.88,1.033,2025-02-10 19:44:09,10.0,22.0,15.1,18.19,1.53,0,10
0.93,24.278,0.404,84.22,1.058,2025-02-10 19:44:09,10.0,22.0,15.1,18.19,1.53,0,10
0.889,24.324,0.683,84.02,1.044,2025-02-10 19:44:09,10.0,22.0,15.1,18.19,1.53,0,10
0.914,24.301,0.819,84.33,1.045,2025-02-10 19:44:09,10.0,22.0,15.1,18.19,1.53,0,10
0.909,24.31,0.57,84.18,1.045,2025-02-10 19:44:09,10.0,22.0,15.1,18.19,1.53,0,10
0.9,24.381,0.449,83.94,1.047,2025-02-10 19:44:09,10.0,22.0,15.1,18.19,1.53,0,10
0.883,24.279,0.713,84.06,1.028,2025-02-10 19:44:09,10.0,22.0,15.1,18.19,1.53,0,10
0.939,24.398,0.51,84.05,1.041,2025-02-10 19:44:09,10.0,22.0,15.1,18.19,1.53,0,10
0.913,24.258,0.552,84.49,1.004,2025-02-10 19:44:09,10.0,22.0,15.1,18.19,1.53,0,10
0.9,24.225,0.562,84.11,1.069,2025-02-10 19:44:09,10.0,22.0,15.1,18.19,1.53,0,10
0.928,24.363,0.507,83.89,1.026,2025-02-10 21:09:21,11.0,20.8,14.5,17.4,1.37,0,11
0.917,24.357,0.701,84.0,1.068,2025-02-10 21:09:21,11.0,20.8,14.5,17.4,1.37,0,11
0.886,24.345,0.497,84.2,0.984,2025-02-10 21:09:21,11.0,20.8,14.5,17.4,1.37,0,11
0.92,24.361,0.479,83.91,0.998,2025-02-10 21:09:21,11.0,20.8,14.5,17.4,1.37,0,11
0.908,24.396,0.404,84.02,1.105,2025-02-10 21:09:21,11.0,20.8,14.5,17.4,1.37,0,11
0.925,24.346,0.615,84.23,1.03,2025-02-10 21:09:21,11.0,20.8,14.5,17.4,1.37,0,11
0.92,24.306,0.56,84.05,1.08,2025-02-10 21:09:21,11.0,20.8,14.5,17.4,1.37,0,11
0.945,24.375,0.61,84.21,1.095,2025-02-10 21:09:21,11.0,20.8,14.5,17.4,1.37,0,11
0.909,24.316,0.56,84.02,1.045,2025-02-10 21:09:21,11.0,20.8,14.5,17.4,1.37,0,11
0.897,24.314,0.834,84.16,1.087,2025-02-10 21:09:21,11.0,20.8,14.5,17.4,1.37,0,11
0.9,24.379,0.54,84.01,0.991,2025-02-10 21:09:21,11.0,20.8,14.5,17.4,1.37,0,11
0.889,24.3,0.459,84.19,1.063,2025-02-10 21:09:21,11.0,20.8,14.5,17.4,1.37,0,11
0.898,24.278,0.718,84.39,1.041,2025-02-10 21:09:21,11.0,20.8,14.5,17.4,1.37,0,11
0.922,24.292,0.565,84.07,1.095,2025-02-10 21:09:21,11.0,20.8,14.5,17.4,1.37,0,11
0.921,24.35,0.959,84.18,1.072,2025-02-10 21:09:21,11.0,20.8,14.5,17.4,1.37,0,11
0.906,24.277,0.583,83.93,1.096,2025-02-10 21:09:21,11.0,20.8,14.5,17.4,1.37,0,11
0.9,24.314,0.758,83.96,1.068,2025-02-10 21:09:21,11.0,20.8,14.5,17.4,1.37,0,11
0.889,24.293,0.768,83.79,0.984,2025-02-10 21:09:21,11.0,20.8,14.5,17.4,1.37,0,11
0.905,24.354,0.389,84.19,1.093,2025-02-10 21:09:21,11.0,20.8,14.5,17.4,1.37,0,11
0.925,24.409,0.482,84.02,1.038,2025-02-11 11:23:53,12.0,19.0,13.2,17.63,1.23,0,12
0.914,24.382,1.012,84.16,1.049,2025-02-11 11:23:53,12.0,19.0,13.2,17.63,1.23,0,12
0.903,24.348,0.437,84.28,1.009,2025-02-11 11:23:53,12.0,19.0,13.2,17.63,1.23,0,12
0.91,24.322,0.703,84.01,1.065,2025-02-11 11:23:53,12.0,19.0,13.2,17.63,1.23,0,12
0.903,24.42,0.372,84.12,1.045,2025-02-11 11:23:53,12.0,19.0,13.2,17.63,1.23,0,12
0.931,24.366,0.535,83.83,1.129,2025-02-11 11:23:53,12.0,19.0,13.2,17.63,1.23,0,12
0.894,24.36,0.989,84.16,1.03,2025-02-11 11:23:53,12.0,19.0,13.2,17.63,1.23,0,12
0.925,24.37,0.444,83.91,1.039,2025-02-11 11:23:53,12.0,19.0,13.2,17.63,1.23,0,12
0.914,24.421,0.733,84.16,0.962,2025-02-11 11:23:53,12.0,19.0,13.2,17.63,1.23,0,12
0.896,24.279,0.736,83.88,1.072,2025-02-11 11:23:53,12.0,19.0,13.2,17.63,1.23,0,12
0.93,24.383,0.362,84.01,1.097,2025-02-11 11:23:53,12.0,19.0,13.2,17.63,1.23,0,12
0.903,24.31,0.583,84.18,1.085,2025-02-11 11:23:53,12.0,19.0,13.2,17.63,1.23,0,12
0.917,24.327,0.578,84.05,1.051,2025-02-11 11:23:53,12.0,19.0,13.2,17.63,1.23,0,12
0.889,24.249,0.52,84.24,1.07,2025-02-11 11:23:53,12.0,19.0,13.2,17.63,1.23,0,12
0.873,24.333,0.658,84.24,1.055,2025-02-11 11:23:53,12.0,19.0,13.2,17.63,1.23,0,12
0.88,24.353,0.532,84.02,1.026,2025-02-11 11:23:53,12.0,19.0,13.2,17.63,1.23,0,12
0.884,24.32,0.615,83.99,0.972,2025-02-11 11:23:53,12.0,19.0,13.2,17.63,1.23,0,12
0.901,24.341,0.517,83.96,1.072,2025-02-11 11:23:53,12.0,19.0,13.2,17.63,1.23,0,12
0.901,24.342,0.691,84.09,1.08,2025-02-11 11:23:53,12.0,19.0,13.2,17.63,1.23,0,12
0.9,24.268,0.919,84.11,1.049,2025-02-11 13:13:58,13.0,21.0,14.1,18.0,2.02,0,13
0.893,24.414,0.289,84.35,1.033,2025-02-11 13:13:58,13.0,21.0,14.1,18.0,2.02,0,13
0.889,24.387,0.422,84.18,1.037,2025-02-11 13:13:58,13.0,21.0,14.1,18.0,2.02,0,13
0.9,24.376,0.552,84.44,0.984,2025-02-11 13:13:58,13.0,21.0,14.1,18.0,2.02,0,13
0.892,24.507,0.562,84.0,1.033,2025-02-11 13:13:58,13.0,21.0,14.1,18.0,2.02,0,13
0.876,24.356,0.663,84.09,0.967,2025-02-11 13:13:58,13.0,21.0,14.1,18.0,2.02,0,13
0.921,24.354,0.633,84.01,0.987,2025-02-11 13:13:58,13.0,21.0,14.1,18.0,2.02,0,13
0.88,24.418,0.404,83.94,0.985,2025-02-11 13:13:58,13.0,21.0,14.1,18.0,2.02,0,13
0.92,24.481,0.527,84.01,1.044,2025-02-11 13:13:58,13.0,21.0,14.1,18.0,2.02,0,13
0.897,24.338,0.321,84.17,1.03,2025-02-11 13:13:58,13.0,21.0,14.1,18.0,2.02,0,13
0.911,24.485,0.397,83.88,1.046,2025-02-11 13:13:58,13.0,21.0,14.1,18.0,2.02,0,13
0.923,24.416,0.444,84.22,1.044,2025-02-11 13:13:58,13.0,21.0,14.1,18.0,2.02,0,13
0.901,24.395,0.49,83.87,1.015,2025-02-11 13:13:58,13.0,21.0,14.1,18.0,2.02,0,13
0.923,24.435,0.568,84.22,1.039,2025-02-11 13:13:58,13.0,21.0,14.1,18.0,2.02,0,13
0.921,24.487,0.623,84.1,1.061,2025-02-11 13:13:58,13.0,21.0,14.1,18.0,2.02,0,13
0.9,24.347,0.52,84.17,1.017,2025-02-11 13:13:58,13.0,21.0,14.1,18.0,2.02,0,13
0.931,24.326,0.949,84.38,1.063,2025-02-11 19:19:10,14.0,20.0,14.7,17.53,1.58,0,14
0.9,24.35,0.673,84.33,1.004,2025-02-11 19:19:10,14.0,20.0,14.7,17.53,1.58,0,14
0.918,24.374,0.392,84.05,1.013,2025-02-11 19:19:10,14.0,20.0,14.7,17.53,1.58,0,14
0.923,24.3,0.532,83.97,1.031,2025-02-11 19:19:10,14.0,20.0,14.7,17.53,1.58,0,14
0.908,24.362,0.6,83.68,1.043,2025-02-11 19:19:10,14.0,20.0,14.7,17.53,1.58,0,14
0.913,24.31,0.748,84.22,1.052,2025-02-11 19:19:10,14.0,20.0,14.7,17.53,1.58,0,14
0.91,24.422,0.572,84.1,1.031,2025-02-11 19:19:10,14.0,20.0,14.7,17.53,1.58,0,14
0.903,24.287,0.864,84.29,1.039,2025-02-11 19:19:10,14.0,20.0,14.7,17.53,1.58,0,14
0.923,24.343,0.537,83.79,1.093,2025-02-11 19:19:10,14.0,20.0,14.7,17.53,1.58,0,14
0.879,24.43,0.741,83.95,1.006,2025-02-11 19:19:10,14.0,20.0,14.7,17.53,1.58,0,14
0.899,24.338,0.665,84.2,1.022,2025-02-11 19:19:10,14.0,20.0,14.7,17.53,1.58,0,14
0.904,24.327,0.778,84.06,1.015,2025-02-11 19:19:10,14.0,20.0,14.7,17.53,1.58,0,14
0.896,24.34,0.537,83.71,0.968,2025-02-11 19:19:10,14.0,20.0,14.7,17.53,1.58,0,14
0.903,24.337,0.706,84.2,1.061,2025-02-11 19:19:10,14.0,20.0,14.7,17.53,1.58,0,14
0.902,24.337,0.62,83.91,0.99,2025-02-11 19:19:10,14.0,20.0,14.7,17.53,1.58,0,14
0.894,24.352,0.495,83.94,0.987,2025-02-11 19:19:10,14.0,20.0,14.7,17.53,1.58,0,14
0.934,24.341,0.819,84.26,1.048,2025-02-11 19:19:10,14.0,20.0,14.7,17.53,1.58,0,14
0.892,24.317,0.552,84.42,1.043,2025-02-11 19:19:10,14.0,20.0,14.7,17.53,1.58,0,14
0.925,24.401,0.467,84.13,1.05,2025-02-11 19:19:10,14.0,20.0,14.7,17.53,1.58,0,14
0.913,24.346,0.705,84.18,1.091,2025-02-11 19:19:10,14.0,20.0,14.7,17.53,1.58,0,14
0.9,24.31,0.467,84.29,1.009,2025-02-11 21:04:17,15.0,53.9,14.9,19.56,8.3,0,15
0.873,24.267,0.48,84.15,0.945,2025-02-11 21:04:17,15.0,53.9,14.9,19.56,8.3,0,15
0.915,24.313,0.575,84.27,1.039,2025-02-11 21:04:17,15.0,53.9,14.9,19.56,8.3,0,15
0.874,24.283,0.804,83.99,0.976,2025-02-11 21:04:17,15.0,53.9,14.9,19.56,8.3,0,15
0.927,24.328,0.427,84.16,1.011,2025-02-11 21:04:17,15.0,53.9,14.9,19.56,8.3,0,15
0.878,24.306,0.487,83.82,1.036,2025-02-11 21:04:17,15.0,53.9,14.9,19.56,8.3,0,15
0.9,24.254,0.688,84.49,1.004,2025-02-11 21:04:17,15.0,53.9,14.9,19.56,8.3,0,15
0.911,24.285,0.364,84.17,0.994,2025-02-11 21:04:17,15.0,53.9,14.9,19.56,8.3,0,15
0.912,24.294,0.628,83.88,1.005,2025-02-11 21:04:17,15.0,53.9,14.9,19.56,8.3,0,15
0.884,24.216,0.653,84.0,0.999,2025-02-11 21:04:17,15.0,53.9,14.9,19.56,8.3,0,15
0.89,24.367,0.841,84.2,0.986,2025-02-11 21:04:17,15.0,53.9,14.9,19.56,8.3,0,15
0.887,24.312,0.47,84.2,0.996,2025-02-11 21:04:17,15.0,53.9,14.9,19.56,8.3,0,15
0.863,24.238,0.552,84.04,0.956,2025-02-11 21:04:17,15.0,53.9,14.9,19.56,8.3,0,15
0.901,24.301,0.698,84.03,0.964,2025-02-11 21:04:17,15.0,53.9,14.9,19.56,8.3,0,15
0.883,24.274,0.57,84.03,1.013,2025-02-11 21:04:17,15.0,53.9,14.9,19.56,8.3,0,15
0.875,24.266,0.781,83.76,0.972,2025-02-11 21:04:17,15.0,53.9,14.9,19.56,8.3,0,15
0.898,24.294,0.452,84.33,1.023,2025-02-11 21:04:17,15.0,53.9,14.9,19.56,8.3,0,15
0.881,24.337,0.234,83.97,1.051,2025-02-20 11:20:19,16.0,21.2,15.0,17.29,1.4,0,16
0.889,24.336,0.593,84.39,1.006,2025-02-20 11:20:19,16.0,21.2,15.0,17.29,1.4,0,16
0.899,24.326,0.851,84.15,1.058,2025-02-20 11:20:19,16.0,21.2,15.0,17.29,1.4,0,16
0.937,24.323,0.783,84.15,1.069,2025-02-20 11:20:19,16.0,21.2,15.0,17.29,1.4,0,16
0.934,24.417,0.522,84.08,1.103,2025-02-20 11:20:19,16.0,21.2,15.0,17.29,1.4,0,16
0.927,24.371,0.715,84.07,1.07,2025-02-20 11:20:19,16.0,21.2,15.0,17.29,1.4,0,16
0.899,24.317,0.344,84.19,1.017,2025-02-20 11:20:19,16.0,21.2,15.0,17.29,1.4,0,16
0.913,24.313,0.492,84.02,1.094,2025-02-20 11:20:19,16.0,21.2,15.0,17.29,1.4,0,16
0.893,24.312,0.741,84.29,1.069,2025-02-20 11:20:19,16.0,21.2,15.0,17.29,1.4,0,16
0.896,24.326,0.56,84.25,1.043,2025-02-20 11:20:19,16.0,21.2,15.0,17.29,1.4,0,16
0.892,24.337,0.54,83.94,1.006,2025-02-20 11:20:19,16.0,21.2,15.0,17.29,1.4,0,16
0.937,24.34,0.603,83.96,1.071,2025-02-20 11:20:19,16.0,21.2,15.0,17.29,1.4,0,16
0.874,24.315,0.502,84.24,1.069,2025-02-20 11:20:19,16.0,21.2,15.0,17.29,1.4,0,16
0.874,24.325,0.997,83.87,1.057,2025-02-20 11:20:19,16.0,21.2,15.0,17.29,1.4,0,16
0.91,24.285,0.869,83.88,1.046,2025-02-20 11:20:19,16.0,21.2,15.0,17.29,1.4,0,16
0.881,24.348,0.447,84.07,1.047,2025-02-20 11:20:19,16.0,21.2,15.0,17.29,1.4,0,16
0.922,24.352,0.507,84.08,1.05,2025-02-20 11:20:19,16.0,21.2,15.0,17.29,1.4,0,16
0.906,24.309,0.532,84.19,1.074,2025-02-20 11:20:19,16.0,21.2,15.0,17.29,1.4,0,16
0.885,24.368,0.387,84.06,0.992,2025-02-20 11:20:19,16.0,21.2,15.0,17.29,1.4,0,16
0.897,24.333,0.221,83.84,1.057,2025-02-20 11:20:19,16.0,21.2,15.0,17.29,1.4,0,16
0.901,24.254,0.623,84.11,1.009,2025-02-20 13:15:25,17.0,21.1,13.9,17.79,1.91,0,17
0.892,24.337,0.522,84.16,1.048,2025-02-20 13:15:25,17.0,21.1,13.9,17.79,1.91,0,17
0.92,24.291,0.593,83.97,1.133,2025-02-20 13:15:25,17.0,21.1,13.9,17.79,1.91,0,17
0.91,24.301,0.482,83.78,1.054,2025-02-20 13:15:25,17.0,21.1,13.9,17.79,1.91,0,17
0.895,24.352,0.618,84.01,1.018,2025-02-20 13:15:25,17.0,21.1,13.9,17.79,1.91,0,17
0.915,24.318,0.507,84.21,1.05,2025-02-20 13:15:25,17.0,21.1,13.9,17.79,1.91,0,17
0.881,24.242,0.522,83.92,0.962,2025-02-20 13:15:25,17.0,21.1,13.9,17.79,1.91,0,17
0.894,24.264,0.573,84.39,1.028,2025-02-20 13:15:25,17.0,21.1,13.9,17.79,1.91,0,17
0.882,24.357,0.625,84.07,0.979,2025-02-20 13:15:25,17.0,21.1,13.9,17.79,1.91,0,17
0.876,24.312,0.593,83.84,0.989,2025-02-20 13:15:25,17.0,21.1,13.9,17.79,1.91,0,17
0.924,24.34,0.65,84.25,1.008,2025-02-20 13:15:25,17.0,21.1,13.9,17.79,1.91,0,17
0.895,24.293,0.527,83.84,0.986,2025-02-20 13:15:25,17.0,21.1,13.9,17.79,1.91,0,17
0.908,24.314,0.718,83.89,1.123,2025-02-20 13:15:25,17.0,21.1,13.9,17.79,1.91,0,17
0.902,24.377,0.608,83.98,1.074,2025-02-20 13:15:25,17.0,21.1,13.9,17.79,1.91,0,17
0.878,24.279,0.748,83.72,0.938,2025-02-20 13:15:25,17.0,21.1,13.9,17.79,1.91,0,17
0.903,24.373,0.485,84.1,1.074,2025-02-20 13:15:25,17.0,21.1,13.9,17.79,1.91,0,17
0.889,24.31,0.387,83.66,1.016,2025-02-20 13:15:25,17.0,21.1,13.9,17.79,1.91,0,17
0.901,24.29,0.47,83.98,1.014,2025-02-20 13:15:25,17.0,21.1,13.9,17.79,1.91,0,17
0.911,24.358,0.595,84.3,1.082,2025-02-20 13:15:25,17.0,21.1,13.9,17.79,1.91,0,17
0.889,24.306,0.374,83.92,0.996,2025-02-20 21:35:41,18.0,21.8,15.1,17.81,1.56,0,18
0.891,24.279,1.032,84.0,1.004,2025-02-20 21:35:41,18.0,21.8,15.1,17.81,1.56,0,18
0.913,24.28,0.542,83.89,1.021,2025-02-20 21:35:41,18.0,21.8,15.1,17.81,1.56,0,18
0.891,24.315,0.402,84.23,1.018,2025-02-20 21:35:41,18.0,21.8,15.1,17.81,1.56,0,18
0.888,24.345,0.811,84.03,1.028,2025-02-20 21:35:41,18.0,21.8,15.1,17.81,1.56,0,18
0.907,24.377,0.768,84.1,1.011,2025-02-20 21:35:41,18.0,21.8,15.1,17.81,1.56,0,18
0.888,24.309,0.447,84.08,1.0,2025-02-20 21:35:41,18.0,21.8,15.1,17.81,1.56,0,18
0.887,24.257,0.585,83.71,0.965,2025-02-20 21:35:41,18.0,21.8,15.1,17.81,1.56,0,18
0.877,24.146,0.585,84.02,1.056,2025-02-20 21:35:41,18.0,21.8,15.1,17.81,1.56,0,18
0.931,24.32,0.502,83.94,1.039,2025-02-20 21:35:41,18.0,21.8,15.1,17.81,1.56,0,18
0.941,24.35,0.62,84.12,1.071,2025-02-20 21:35:41,18.0,21.8,15.1,17.81,1.56,0,18
0.926,24.28,0.753,84.16,1.089,2025-02-20 21:35:41,18.0,21.8,15.1,17.81,1.56,0,18
0.876,24.325,0.839,83.83,1.002,2025-02-20 21:35:41,18.0,21.8,15.1,17.81,1.56,0,18
0.897,24.297,0.68,84.22,1.057,2025-02-20 21:35:41,18.0,21.8,15.1,17.81,1.56,0,18
0.906,24.309,0.399,84.17,1.012,2025-02-20 21:35:41,18.0,21.8,15.1,17.81,1.56,0,18
0.895,24.279,0.502,84.27,1.008,2025-02-20 21:35:41,18.0,21.8,15.1,17.81,1.56,0,18
0.913,24.306,0.532,84.23,1.063,2025-02-20 21:35:41,18.0,21.8,15.1,17.81,1.56,0,18
0.884,24.328,1.024,84.17,1.019,2025-02-20 21:35:41,18.0,21.8,15.1,17.81,1.56,0,18
0.889,24.273,0.62,84.21,1.08,2025-02-20 21:35:41,18.0,21.8,15.1,17.81,1.56,0,18
0.922,24.161,0.72,84.168,1.019,2025-02-21 14:03:19,19.0,25.5,15.3,19.01,1.96,0,19
0.909,24.221,0.412,83.691,1.013,2025-02-21 14:03:19,19.0,25.5,15.3,19.01,1.96,0,19
0.906,24.207,0.405,83.802,0.986,2025-02-21 14:03:19,19.0,25.5,15.3,19.01,1.96,0,19
0.886,24.149,0.455,84.285,0.997,2025-02-21 14:03:19,19.0,25.5,15.3,19.01,1.96,0,19
0.923,24.286,0.687,84.007,1.006,2025-02-21 14:03:19,19.0,25.5,15.3,19.01,1.96,0,19
0.902,24.316,0.492,84.188,1.007,2025-02-21 14:03:19,19.0,25.5,15.3,19.01,1.96,0,19
0.879,24.15,0.685,84.164,1.005,2025-02-21 14:03:19,19.0,25.5,15.3,19.01,1.96,0,19
0.895,24.22,0.506,84.133,1.032,2025-02-21 14:03:19,19.0,25.5,15.3,19.01,1.96,0,19
0.899,24.24,0.509,84.05,0.968,2025-02-21 14:03:19,19.0,25.5,15.3,19.01,1.96,0,19
0.923,24.269,0.613,84.024,1.026,2025-02-21 14:03:19,19.0,25.5,15.3,19.01,1.96,0,19
0.918,24.28,0.41,84.031,1.033,2025-02-21 14:03:19,19.0,25.5,15.3,19.01,1.96,0,19
0.905,24.312,0.581,83.96,1.028,2025-02-21 14:03:19,19.0,25.5,15.3,19.01,1.96,0,19
0.927,24.171,0.519,84.194,1.052,2025-02-21 14:03:19,19.0,25.5,15.3,19.01,1.96,0,19
0.914,24.362,0.716,84.19,1.066,2025-02-21 21:26:46,20.0,21.4,17.3,19.33,1.07,0,20
0.907,24.35,0.53,84.26,1.108,2025-02-21 21:26:46,20.0,21.4,17.3,19.33,1.07,0,20
0.904,24.346,0.442,83.99,1.006,2025-02-21 21:26:46,20.0,21.4,17.3,19.33,1.07,0,20
0.911,24.35,0.901,84.18,1.073,2025-02-21 21:26:46,20.0,21.4,17.3,19.33,1.07,0,20
0.901,24.268,0.595,83.99,1.124,2025-02-21 21:26:46,20.0,21.4,17.3,19.33,1.07,0,20
0.893,24.378,0.407,84.26,0.989,2025-02-21 21:26:46,20.0,21.4,17.3,19.33,1.07,0,20
0.897,24.328,0.811,84.11,1.049,2025-02-21 21:26:46,20.0,21.4,17.3,19.33,1.07,0,20
0.924,24.315,0.51,84.26,1.127,2025-02-21 21:26:46,20.0,21.4,17.3,19.33,1.07,0,20
0.9,24.369,0.427,84.15,1.064,2025-02-21 21:26:46,20.0,21.4,17.3,19.33,1.07,0,20
0.909,24.298,0.618,84.0,1.016,2025-02-21 21:26:46,20.0,21.4,17.3,19.33,1.07,0,20
0.9,24.304,0.982,84.08,1.003,2025-02-21 21:26:46,20.0,21.4,17.3,19.33,1.07,0,20
0.938,24.319,0.54,84.26,1.096,2025-02-21 21:26:46,20.0,21.4,17.3,19.33,1.07,0,20
0.898,24.324,0.497,83.87,1.029,2025-02-21 21:26:46,20.0,21.4,17.3,19.33,1.07,0,20
0.885,24.342,0.638,83.99,1.039,2025-02-21 21:26:46,20.0,21.4,17.3,19.33,1.07,0,20
0.912,24.368,0.439,84.21,1.012,2025-02-21 21:26:46,20.0,21.4,17.3,19.33,1.07,0,20
0.872,24.256,0.537,84.38,1.041,2025-02-21 21:26:46,20.0,21.4,17.3,19.33,1.07,0,20
0.895,24.366,0.743,84.2,0.965,2025-02-21 21:26:46,20.0,21.4,17.3,19.33,1.07,0,20
0.911,24.292,0.578,84.07,1.04,2025-02-21 21:26:46,20.0,21.4,17.3,19.33,1.07,0,20
0.893,24.31,0.753,83.97,1.084,2025-02-21 21:26:46,20.0,21.4,17.3,19.33,1.07,0,20
0.916,24.364,0.645,83.99,1.074,2025-02-21 21:26:46,20.0,21.4,17.3,19.33,1.07,0,20
0.909,24.24,0.567,84.01,0.979,2025-02-24 13:14:10,21.0,20.5,15.0,17.65,1.38,0,21
0.909,24.333,0.588,83.82,1.002,2025-02-24 13:14:10,21.0,20.5,15.0,17.65,1.38,0,21
0.912,24.325,0.575,84.32,1.063,2025-02-24 13:14:10,21.0,20.5,15.0,17.65,1.38,0,21
0.897,24.26,0.645,83.86,1.084,2025-02-24 13:14:10,21.0,20.5,15.0,17.65,1.38,0,21
0.9,24.247,0.638,84.18,1.023,2025-02-24 13:14:10,21.0,20.5,15.0,17.65,1.38,0,21
0.935,24.303,0.716,84.01,1.045,2025-02-24 13:14:10,21.0,20.5,15.0,17.65,1.38,0,21
0.896,24.177,0.402,84.23,1.069,2025-02-24 13:14:10,21.0,20.5,15.0,17.65,1.38,0,21
0.893,24.286,0.377,84.21,1.017,2025-02-24 13:14:10,21.0,20.5,15.0,17.65,1.38,0,21
0.904,24.213,0.721,84.06,1.086,2025-02-24 13:14:10,21.0,20.5,15.0,17.65,1.38,0,21
0.911,24.306,0.598,83.77,1.004,2025-02-24 13:14:10,21.0,20.5,15.0,17.65,1.38,0,21
0.91,24.22,0.45,84.02,1.052,2025-02-24 13:14:10,21.0,20.5,15.0,17.65,1.38,0,21
0.921,24.229,0.537,84.21,1.026,2025-02-24 13:14:10,21.0,20.5,15.0,17.65,1.38,0,21
0.896,24.322,0.57,84.37,1.055,2025-02-24 13:14:10,21.0,20.5,15.0,17.65,1.38,0,21
0.899,24.232,0.532,84.08,1.015,2025-02-24 13:14:10,21.0,20.5,15.0,17.65,1.38,0,21
0.925,24.203,0.57,84.01,1.042,2025-02-24 13:14:10,21.0,20.5,15.0,17.65,1.38,0,21
0.9,24.164,0.879,84.03,1.052,2025-02-24 13:14:10,21.0,20.5,15.0,17.65,1.38,0,21
0.891,24.249,0.495,84.2,1.03,2025-02-24 13:14:10,21.0,20.5,15.0,17.65,1.38,0,21
0.898,24.265,1.065,83.9,1.018,2025-02-24 13:14:10,21.0,20.5,15.0,17.65,1.38,0,21
0.914,24.229,0.482,83.88,1.077,2025-02-24 13:14:10,21.0,20.5,15.0,17.65,1.38,0,21
0.916,24.202,0.595,83.83,0.999,2025-02-24 13:14:10,21.0,20.5,15.0,17.65,1.38,0,21
0.909,24.307,0.397,84.29,0.982,2025-02-24 19:14:20,22.0,20.1,15.5,17.95,1.35,0,22
0.894,24.367,0.565,84.19,1.021,2025-02-24 19:14:20,22.0,20.1,15.5,17.95,1.35,0,22
0.925,24.368,0.525,84.23,1.043,2025-02-24 19:14:20,22.0,20.1,15.5,17.95,1.35,0,22
0.909,24.261,0.994,84.22,1.022,2025-02-24 19:14:20,22.0,20.1,15.5,17.95,1.35,0,22
0.932,24.402,0.552,83.85,0.988,2025-02-24 19:14:20,22.0,20.1,15.5,17.95,1.35,0,22
0.895,24.324,0.977,83.87,1.032,2025-02-24 19:14:20,22.0,20.1,15.5,17.95,1.35,0,22
0.928,24.319,0.55,84.13,1.034,2025-02-24 19:14:20,22.0,20.1,15.5,17.95,1.35,0,22
0.928,24.408,0.464,84.15,1.05,2025-02-24 19:14:20,22.0,20.1,15.5,17.95,1.35,0,22
0.895,24.296,0.6,83.79,0.952,2025-02-24 19:14:20,22.0,20.1,15.5,17.95,1.35,0,22
0.884,24.36,0.369,84.07,0.991,2025-02-24 19:14:20,22.0,20.1,15.5,17.95,1.35,0,22
0.919,24.342,0.485,84.32,1.018,2025-02-24 19:14:20,22.0,20.1,15.5,17.95,1.35,0,22
0.899,24.368,0.49,84.0,0.987,2025-02-24 19:14:20,22.0,20.1,15.5,17.95,1.35,0,22
0.922,24.42,0.552,84.04,0.966,2025-02-24 19:14:20,22.0,20.1,15.5,17.95,1.35,0,22
0.862,24.319,0.432,83.95,0.979,2025-02-24 19:14:20,22.0,20.1,15.5,17.95,1.35,0,22
0.905,24.388,0.464,83.92,1.001,2025-02-24 19:14:20,22.0,20.1,15.5,17.95,1.35,0,22
0.948,24.307,0.51,84.22,1.021,2025-02-24 19:14:20,22.0,20.1,15.5,17.95,1.35,0,22
0.885,24.33,0.467,84.02,0.968,2025-02-24 19:14:20,22.0,20.1,15.5,17.95,1.35,0,22
0.899,24.381,0.565,83.82,0.95,2025-02-24 19:14:20,22.0,20.1,15.5,17.95,1.35,0,22
0.898,24.296,0.711,83.86,1.02,2025-02-24 19:14:20,22.0,20.1,15.5,17.95,1.35,0,22
0.912,24.322,0.507,84.21,1.024,2025-04-08 13:09:03,23.0,24.4,19.0,21.6,1.5,0,23
0.913,24.36,0.64,84.61,1.018,2025-04-08 13:09:03,23.0,24.4,19.0,21.6,1.5,0,23
0.935,24.323,0.6,84.25,0.958,2025-04-08 13:09:03,23.0,24.4,19.0,21.6,1.5,0,23
0.905,24.303,0.56,84.37,1.003,2025-04-08 13:09:03,23.0,24.4,19.0,21.6,1.5,0,23
0.925,24.289,0.485,83.98,1.07,2025-04-08 13:09:03,23.0,24.4,19.0,21.6,1.5,0,23
0.9,24.324,0.535,84.47,1.007,2025-04-08 13:09:03,23.0,24.4,19.0,21.6,1.5,0,23
0.918,24.289,0.721,84.27,1.038,2025-04-08 13:09:03,23.0,24.4,19.0,21.6,1.5,0,23
0.922,24.345,0.595,84.28,1.053,2025-04-08 13:09:03,23.0,24.4,19.0,21.6,1.5,0,23
0.908,24.285,0.472,84.28,1.001,2025-04-08 13:09:03,23.0,24.4,19.0,21.6,1.5,0,23
0.913,24.319,0.432,84.23,0.965,2025-04-08 13:09:03,23.0,24.4,19.0,21.6,1.5,0,23
0.901,24.312,0.407,84.09,0.982,2025-04-08 13:09:03,23.0,24.4,19.0,21.6,1.5,0,23
0.917,24.329,0.417,84.43,1.04,2025-04-08 13:09:03,23.0,24.4,19.0,21.6,1.5,0,23
0.925,24.334,0.467,84.06,1.023,2025-04-08 13:09:03,23.0,24.4,19.0,21.6,1.5,0,23
0.904,24.324,0.527,83.98,1.013,2025-04-08 13:09:03,23.0,24.4,19.0,21.6,1.5,0,23
0.921,24.305,0.387,84.37,1.069,2025-04-08 13:09:03,23.0,24.4,19.0,21.6,1.5,0,23
0.917,24.335,0.427,84.11,0.951,2025-04-08 13:09:03,23.0,24.4,19.0,21.6,1.5,0,23
0.896,24.295,0.497,84.41,1.042,2025-04-08 13:09:03,23.0,24.4,19.0,21.6,1.5,0,23
0.913,24.303,0.701,84.09,1.023,2025-04-08 13:09:03,23.0,24.4,19.0,21.6,1.5,0,23
0.929,24.372,0.992,84.12,1.037,2025-04-08 13:59:08,24.0,23.7,18.4,21.47,1.34,0,24
0.908,24.434,0.6,84.23,1.015,2025-04-08 13:59:08,24.0,23.7,18.4,21.47,1.34,0,24
0.916,24.35,0.44,83.94,1.031,2025-04-08 13:59:08,24.0,23.7,18.4,21.47,1.34,0,24
0.915,24.445,0.537,84.13,1.036,2025-04-08 13:59:08,24.0,23.7,18.4,21.47,1.34,0,24
0.909,24.386,0.309,84.03,1.037,2025-04-08 13:59:08,24.0,23.7,18.4,21.47,1.34,0,24
0.919,24.334,0.45,84.24,1.085,2025-04-08 13:59:08,24.0,23.7,18.4,21.47,1.34,0,24
0.908,24.33,0.359,84.29,1.037,2025-04-08 13:59:08,24.0,23.7,18.4,21.47,1.34,0,24
0.892,24.33,0.394,84.1,1.071,2025-04-08 13:59:08,24.0,23.7,18.4,21.47,1.34,0,24
0.907,24.395,0.487,84.24,1.077,2025-04-08 13:59:08,24.0,23.7,18.4,21.47,1.34,0,24
0.959,24.378,0.716,84.23,1.089,2025-04-08 13:59:08,24.0,23.7,18.4,21.47,1.34,0,24
0.895,24.465,0.834,84.04,1.073,2025-04-08 13:59:08,24.0,23.7,18.4,21.47,1.34,0,24
0.912,24.345,0.889,84.06,1.063,2025-04-08 13:59:08,24.0,23.7,18.4,21.47,1.34,0,24
0.901,24.43,0.49,84.24,1.056,2025-04-08 13:59:08,24.0,23.7,18.4,21.47,1.34,0,24
0.918,24.379,0.769,84.12,1.084,2025-04-08 13:59:08,24.0,23.7,18.4,21.47,1.34,0,24
0.929,24.364,0.311,84.25,1.059,2025-04-08 13:59:08,24.0,23.7,18.4,21.47,1.34,0,24
0.903,24.364,0.58,84.07,1.001,2025-04-08 13:59:08,24.0,23.7,18.4,21.47,1.34,0,24
0.893,24.295,0.527,84.23,1.018,2025-04-08 13:59:08,24.0,23.7,18.4,21.47,1.34,0,24
0.9,24.303,0.701,84.21,1.069,2025-04-08 13:59:08,24.0,23.7,18.4,21.47,1.34,0,24
0.925,24.346,0.414,84.04,0.996,2025-04-08 13:59:08,24.0,23.7,18.4,21.47,1.34,0,24
0.881,24.293,0.552,84.29,1.032,2025-04-08 13:59:08,24.0,23.7,18.4,21.47,1.34,0,24
0.892,24.289,0.723,84.06,1.072,2025-04-08 19:24:18,25.0,24.5,18.6,21.17,1.54,0,25
0.93,24.321,0.475,84.21,1.095,2025-04-08 19:24:18,25.0,24.5,18.6,21.17,1.54,0,25
0.898,24.3,0.457,84.0,1.114,2025-04-08 19:24:18,25.0,24.5,18.6,21.17,1.54,0,25
0.912,24.221,0.543,84.23,1.076,2025-04-08 19:24:18,25.0,24.5,18.6,21.17,1.54,0,25
0.906,24.245,0.59,84.41,1.038,2025-04-08 19:24:18,25.0,24.5,18.6,21.17,1.54,0,25
0.924,24.322,0.407,83.9,1.081,2025-04-08 19:24:18,25.0,24.5,18.6,21.17,1.54,0,25
0.906,24.242,0.462,84.43,1.041,2025-04-08 19:24:18,25.0,24.5,18.6,21.17,1.54,0,25
0.93,24.405,0.726,84.32,1.063,2025-04-08 19:24:18,25.0,24.5,18.6,21.17,1.54,0,25
0.892,24.299,0.437,84.29,0.948,2025-04-08 19:24:18,25.0,24.5,18.6,21.17,1.54,0,25
0.874,24.249,0.53,84.15,1.028,2025-04-08 19:24:18,25.0,24.5,18.6,21.17,1.54,0,25
0.907,24.268,0.525,84.0,1.084,2025-04-08 19:24:18,25.0,24.5,18.6,21.17,1.54,0,25
0.921,24.315,0.575,84.17,1.081,2025-04-08 19:24:18,25.0,24.5,18.6,21.17,1.54,0,25
0.916,24.316,0.512,84.09,1.122,2025-04-08 19:24:18,25.0,24.5,18.6,21.17,1.54,0,25
0.904,24.246,0.721,84.25,1.055,2025-04-08 19:24:18,25.0,24.5,18.6,21.17,1.54,0,25
0.906,24.244,0.535,84.16,1.074,2025-04-08 19:24:18,25.0,24.5,18.6,21.17,1.54,0,25
0.907,24.336,0.545,84.05,1.054,2025-04-08 19:24:18,25.0,24.5,18.6,21.17,1.54,0,25
0.929,24.309,0.545,83.89,1.058,2025-04-08 19:24:18,25.0,24.5,18.6,21.17,1.54,0,25
0.911,24.332,0.784,84.23,1.055,2025-04-08 21:29:27,26.0,23.6,18.1,21.56,1.36,0,26
0.913,24.335,0.47,84.14,0.999,2025-04-08 21:29:27,26.0,23.6,18.1,21.56,1.36,0,26
0.921,24.382,0.65,84.26,1.049,2025-04-08 21:29:27,26.0,23.6,18.1,21.56,1.36,0,26
0.915,24.313,0.683,83.97,1.062,2025-04-08 21:29:27,26.0,23.6,18.1,21.56,1.36,0,26
0.914,24.32,0.505,83.79,1.031,2025-04-08 21:29:27,26.0,23.6,18.1,21.56,1.36,0,26
0.922,24.373,0.655,84.24,1.152,2025-04-08 21:29:27,26.0,23.6,18.1,21.56,1.36,0,26
0.921,24.322,0.743,84.21,1.089,2025-04-08 21:29:27,26.0,23.6,18.1,21.56,1.36,0,26
0.895,24.389,0.472,84.02,1.024,2025-04-08 21:29:27,26.0,23.6,18.1,21.56,1.36,0,26
0.934,24.344,0.364,84.18,1.091,2025-04-08 21:29:27,26.0,23.6,18.1,21.56,1.36,0,26
0.913,24.307,0.414,84.14,1.023,2025-04-08 21:29:27,26.0,23.6,18.1,21.56,1.36,0,26
0.911,24.308,0.63,84.25,1.071,2025-04-08 21:29:27,26.0,23.6,18.1,21.56,1.36,0,26
0.898,24.374,0.455,83.9,1.087,2025-04-08 21:29:27,26.0,23.6,18.1,21.56,1.36,0,26
0.922,24.306,0.472,84.0,1.111,2025-04-08 21:29:27,26.0,23.6,18.1,21.56,1.36,0,26
0.924,24.366,0.776,83.9,1.028,2025-04-08 21:29:27,26.0,23.6,18.1,21.56,1.36,0,26
0.904,24.271,0.603,84.11,1.062,2025-04-08 21:29:27,26.0,23.6,18.1,21.56,1.36,0,26
0.912,24.312,0.445,84.27,1.088,2025-04-08 21:29:27,26.0,23.6,18.1,21.56,1.36,0,26
0.886,24.289,0.736,83.99,1.027,2025-04-08 21:29:27,26.0,23.6,18.1,21.56,1.36,0,26
0.914,24.325,0.557,84.31,1.059,2025-04-08 21:29:27,26.0,23.6,18.1,21.56,1.36,0,26
0.868,24.284,0.613,84.1,1.031,2025-04-08 21:29:27,26.0,23.6,18.1,21.56,1.36,0,26
0.909,24.344,0.334,84.08,1.058,2025-04-08 21:29:27,26.0,23.6,18.1,21.56,1.36,0,26
0.9,24.306,0.615,84.29,1.035,2025-04-09 11:16:11,27.0,22.2,17.2,20.21,1.37,0,27
0.889,24.337,0.703,83.89,1.0,2025-04-09 11:16:11,27.0,22.2,17.2,20.21,1.37,0,27
0.913,24.308,0.897,84.24,1.054,2025-04-09 11:16:11,27.0,22.2,17.2,20.21,1.37,0,27
0.883,24.279,0.676,83.98,1.019,2025-04-09 11:16:11,27.0,22.2,17.2,20.21,1.37,0,27
0.912,24.264,0.6,84.46,1.139,2025-04-09 11:16:11,27.0,22.2,17.2,20.21,1.37,0,27
0.883,24.292,0.65,84.05,0.948,2025-04-09 11:16:11,27.0,22.2,17.2,20.21,1.37,0,27
0.911,24.25,0.487,84.26,1.087,2025-04-09 11:16:11,27.0,22.2,17.2,20.21,1.37,0,27
0.894,24.222,0.269,84.21,1.034,2025-04-09 11:16:11,27.0,22.2,17.2,20.21,1.37,0,27
0.905,24.285,0.874,84.0,1.075,2025-04-09 11:16:11,27.0,22.2,17.2,20.21,1.37,0,27
0.9,24.253,0.352,84.26,1.009,2025-04-09 11:16:11,27.0,22.2,17.2,20.21,1.37,0,27
0.907,24.31,0.347,83.97,1.032,2025-04-09 11:16:11,27.0,22.2,17.2,20.21,1.37,0,27
0.926,24.305,0.517,84.41,1.053,2025-04-09 11:16:11,27.0,22.2,17.2,20.21,1.37,0,27
0.889,24.279,0.482,84.29,1.07,2025-04-09 11:16:11,27.0,22.2,17.2,20.21,1.37,0,27
0.88,24.349,0.427,84.25,0.996,2025-04-09 11:16:11,27.0,22.2,17.2,20.21,1.37,0,27
0.862,24.261,0.899,84.25,1.013,2025-04-09 11:16:11,27.0,22.2,17.2,20.21,1.37,0,27
0.89,24.228,0.367,83.86,1.062,2025-04-09 11:16:11,27.0,22.2,17.2,20.21,1.37,0,27
0.932,24.341,0.495,84.16,1.07,2025-04-09 11:16:11,27.0,22.2,17.2,20.21,1.37,0,27
0.915,24.244,0.613,84.13,1.082,2025-04-09 11:16:11,27.0,22.2,17.2,20.21,1.37,0,27
0.905,24.299,0.701,84.06,1.022,2025-04-09 11:16:11,27.0,22.2,17.2,20.21,1.37,0,27
0.895,24.307,0.507,83.99,1.032,2025-04-09 11:16:11,27.0,22.2,17.2,20.21,1.37,0,27
0.89,24.307,0.676,84.06,1.015,2025-04-09 13:06:18,28.0,23.6,18.1,19.96,1.59,0,28
0.949,24.335,0.557,84.25,1.13,2025-04-09 13:06:18,28.0,23.6,18.1,19.96,1.59,0,28
0.872,24.264,0.532,83.62,1.06,2025-04-09 13:06:18,28.0,23.6,18.1,19.96,1.59,0,28
0.868,24.359,0.427,84.22,1.029,2025-04-09 13:06:18,28.0,23.6,18.1,19.96,1.59,0,28
0.93,24.361,0.698,84.07,1.065,2025-04-09 13:06:18,28.0,23.6,18.1,19.96,1.59,0,28
0.902,24.375,0.492,84.26,1.088,2025-04-09 13:06:18,28.0,23.6,18.1,19.96,1.59,0,28
0.926,24.34,0.377,84.04,1.06,2025-04-09 13:06:18,28.0,23.6,18.1,19.96,1.59,0,28
0.92,24.355,0.573,84.59,1.04,2025-04-09 13:06:18,28.0,23.6,18.1,19.96,1.59,0,28
0.912,24.342,0.663,84.23,1.128,2025-04-09 13:06:18,28.0,23.6,18.1,19.96,1.59,0,28
0.932,24.329,0.668,84.24,1.113,2025-04-09 13:06:18,28.0,23.6,18.1,19.96,1.59,0,28
0.914,24.302,0.359,84.08,1.002,2025-04-09 13:06:18,28.0,23.6,18.1,19.96,1.59,0,28
0.88,24.305,0.623,84.05,1.037,2025-04-09 13:06:18,28.0,23.6,18.1,19.96,1.59,0,28
0.928,24.32,0.593,83.92,1.079,2025-04-09 13:06:18,28.0,23.6,18.1,19.96,1.59,0,28
0.905,24.33,0.653,84.38,1.027,2025-04-09 13:06:18,28.0,23.6,18.1,19.96,1.59,0,28
0.891,24.278,0.671,84.32,1.062,2025-04-09 13:06:18,28.0,23.6,18.1,19.96,1.59,0,28
0.927,24.332,0.645,84.38,1.1,2025-04-09 13:06:18,28.0,23.6,18.1,19.96,1.59,0,28
0.907,24.364,0.703,83.98,1.066,2025-04-09 13:06:18,28.0,23.6,18.1,19.96,1.59,0,28
0.909,24.369,0.63,83.95,1.087,2025-04-09 19:41:32,29.0,28.1,17.5,21.15,2.48,0,29
0.928,24.31,0.399,84.31,1.057,2025-04-09 19:41:32,29.0,28.1,17.5,21.15,2.48,0,29
0.915,24.343,0.5,84.06,1.127,2025-04-09 19:41:32,29.0,28.1,17.5,21.15,2.48,0,29
0.921,24.382,0.439,84.25,1.034,2025-04-09 19:41:32,29.0,28.1,17.5,21.15,2.48,0,29
0.875,24.302,0.306,84.08,1.061,2025-04-09 19:41:32,29.0,28.1,17.5,21.15,2.48,0,29
0.92,24.348,0.59,84.1,1.149,2025-04-09 19:41:32,29.0,28.1,17.5,21.15,2.48,0,29
0.939,24.4,0.801,84.27,1.03,2025-04-09 19:41:32,29.0,28.1,17.5,21.15,2.48,0,29
0.933,24.319,0.517,84.61,1.082,2025-04-09 19:41:32,29.0,28.1,17.5,21.15,2.48,0,29
0.897,24.269,0.44,83.91,1.018,2025-04-09 19:41:32,29.0,28.1,17.5,21.15,2.48,0,29
0.943,24.329,0.447,84.47,1.095,2025-04-09 19:41:32,29.0,28.1,17.5,21.15,2.48,0,29
0.911,24.371,0.59,84.19,1.031,2025-04-09 19:41:32,29.0,28.1,17.5,21.15,2.48,0,29
0.886,24.259,0.922,84.03,1.073,2025-04-09 19:41:32,29.0,28.1,17.5,21.15,2.48,0,29
0.94,24.378,0.764,84.24,1.054,2025-04-09 19:41:32,29.0,28.1,17.5,21.15,2.48,0,29
0.898,24.296,0.485,84.37,1.02,2025-04-09 19:41:32,29.0,28.1,17.5,21.15,2.48,0,29
0.906,24.329,0.829,84.14,1.111,2025-04-09 19:41:32,29.0,28.1,17.5,21.15,2.48,0,29
0.913,24.424,0.445,84.52,0.984,2025-04-09 19:41:32,29.0,28.1,17.5,21.15,2.48,0,29
0.911,24.264,0.532,84.04,0.983,2025-04-16 11:23:41,30.0,22.0,15.7,18.38,1.49,0,30
0.914,24.244,0.397,84.21,1.082,2025-04-16 11:23:41,30.0,22.0,15.7,18.38,1.49,0,30
0.922,24.276,0.467,84.14,1.06,2025-04-16 11:23:41,30.0,22.0,15.7,18.38,1.49,0,30
0.894,24.17,0.666,84.12,1.055,2025-04-16 11:23:41,30.0,22.0,15.7,18.38,1.49,0,30
0.912,24.235,0.507,83.98,1.068,2025-04-16 11:23:41,30.0,22.0,15.7,18.38,1.49,0,30
0.913,24.21,0.673,84.08,1.1,2025-04-16 11:23:41,30.0,22.0,15.7,18.38,1.49,0,30
0.916,24.225,0.6,84.11,1.082,2025-04-16 11:23:41,30.0,22.0,15.7,18.38,1.49,0,30
0.903,24.217,0.475,84.15,1.036,2025-04-16 11:23:41,30.0,22.0,15.7,18.38,1.49,0,30
0.899,24.231,0.43,84.19,1.079,2025-04-16 11:23:41,30.0,22.0,15.7,18.38,1.49,0,30
0.875,24.231,0.241,83.82,1.019,2025-04-16 11:23:41,30.0,22.0,15.7,18.38,1.49,0,30
0.923,24.19,0.394,83.84,1.069,2025-04-16 11:23:41,30.0,22.0,15.7,18.38,1.49,0,30
0.878,24.194,0.342,84.0,1.032,2025-04-16 11:23:41,30.0,22.0,15.7,18.38,1.49,0,30
0.912,24.176,0.54,84.1,1.1,2025-04-16 11:23:41,30.0,22.0,15.7,18.38,1.49,0,30
0.941,24.271,0.47,84.21,1.063,2025-04-16 11:23:41,30.0,22.0,15.7,18.38,1.49,0,30
0.886,24.169,0.655,84.27,1.011,2025-04-16 11:23:41,30.0,22.0,15.7,18.38,1.49,0,30
0.908,24.37,0.495,84.53,1.025,2025-04-16 13:03:47,31.0,20.4,16.0,17.91,1.28,0,31
0.899,24.271,0.721,83.83,1.067,2025-04-16 13:03:47,31.0,20.4,16.0,17.91,1.28,0,31
0.895,24.339,0.492,84.19,1.064,2025-04-16 13:03:47,31.0,20.4,16.0,17.91,1.28,0,31
0.902,24.283,0.565,84.01,1.052,2025-04-16 13:03:47,31.0,20.4,16.0,17.91,1.28,0,31
0.895,24.331,0.545,84.0,1.068,2025-04-16 13:03:47,31.0,20.4,16.0,17.91,1.28,0,31
0.921,24.208,0.472,84.41,1.078,2025-04-16 13:03:47,31.0,20.4,16.0,17.91,1.28,0,31
0.904,24.237,0.846,84.31,1.067,2025-04-16 13:03:47,31.0,20.4,16.0,17.91,1.28,0,31
0.91,24.232,0.58,84.56,1.006,2025-04-16 13:03:47,31.0,20.4,16.0,17.91,1.28,0,31
0.899,24.34,0.6,83.96,1.024,2025-04-16 13:03:47,31.0,20.4,16.0,17.91,1.28,0,31
0.919,24.311,0.344,83.92,1.063,2025-04-16 13:03:47,31.0,20.4,16.0,17.91,1.28,0,31
0.906,24.311,0.47,83.88,1.056,2025-04-16 13:03:47,31.0,20.4,16.0,17.91,1.28,0,31
0.9,24.372,0.545,84.24,1.048,2025-04-16 13:03:47,31.0,20.4,16.0,17.91,1.28,0,31
0.911,24.319,0.43,84.14,1.013,2025-04-16 13:03:47,31.0,20.4,16.0,17.91,1.28,0,31
0.892,24.242,0.548,84.27,1.012,2025-04-16 13:03:47,31.0,20.4,16.0,17.91,1.28,0,31
0.918,24.291,0.545,84.1,1.067,2025-04-16 13:03:47,31.0,20.4,16.0,17.91,1.28,0,31
0.926,24.305,0.55,84.02,1.082,2025-04-16 13:03:47,31.0,20.4,16.0,17.91,1.28,0,31
0.92,24.357,0.419,84.49,1.043,2025-04-16 13:03:47,31.0,20.4,16.0,17.91,1.28,0,31
0.905,24.353,0.392,83.72,1.035,2025-04-16 13:03:47,31.0,20.4,16.0,17.91,1.28,0,31
0.89,24.291,0.779,84.19,1.058,2025-04-16 19:49:01,32.0,20.9,13.9,17.22,1.48,0,32
0.883,24.368,0.904,83.93,1.053,2025-04-16 19:49:01,32.0,20.9,13.9,17.22,1.48,0,32
0.883,24.305,0.545,84.04,1.022,2025-04-16 19:49:01,32.0,20.9,13.9,17.22,1.48,0,32
0.904,24.379,0.357,83.87,1.101,2025-04-16 19:49:01,32.0,20.9,13.9,17.22,1.48,0,32
0.938,24.389,0.59,84.37,1.164,2025-04-16 19:49:01,32.0,20.9,13.9,17.22,1.48,0,32
0.891,24.305,0.56,84.19,1.023,2025-04-16 19:49:01,32.0,20.9,13.9,17.22,1.48,0,32
0.903,24.349,0.613,84.16,1.049,2025-04-16 19:49:01,32.0,20.9,13.9,17.22,1.48,0,32
0.892,24.323,0.573,84.01,1.116,2025-04-16 19:49:01,32.0,20.9,13.9,17.22,1.48,0,32
0.937,24.327,0.643,84.27,1.076,2025-04-16 19:49:01,32.0,20.9,13.9,17.22,1.48,0,32
0.893,24.362,0.588,84.09,0.986,2025-04-16 19:49:01,32.0,20.9,13.9,17.22,1.48,0,32
0.886,24.314,0.565,83.87,1.049,2025-04-16 19:49:01,32.0,20.9,13.9,17.22,1.48,0,32
0.902,24.33,0.44,83.98,1.066,2025-04-16 19:49:01,32.0,20.9,13.9,17.22,1.48,0,32
0.91,24.346,0.56,84.17,1.05,2025-04-16 19:49:01,32.0,20.9,13.9,17.22,1.48,0,32
0.91,24.381,0.507,84.37,1.071,2025-04-16 19:49:01,32.0,20.9,13.9,17.22,1.48,0,32
0.891,24.292,0.485,84.06,1.062,2025-04-16 19:49:01,32.0,20.9,13.9,17.22,1.48,0,32
0.927,24.387,0.575,83.69,1.014,2025-04-16 19:49:01,32.0,20.9,13.9,17.22,1.48,0,32
0.91,24.399,0.52,84.14,1.056,2025-04-16 19:49:01,32.0,20.9,13.9,17.22,1.48,0,32
0.889,24.338,0.437,84.18,1.138,2025-04-16 19:49:01,32.0,20.9,13.9,17.22,1.48,0,32
0.903,24.404,0.552,84.25,1.079,2025-04-16 21:29:09,33.0,21.8,15.0,18.57,1.91,0,33
0.909,24.463,0.409,84.01,1.011,2025-04-16 21:29:09,33.0,21.8,15.0,18.57,1.91,0,33
0.906,24.36,0.527,84.36,1.055,2025-04-16 21:29:09,33.0,21.8,15.0,18.57,1.91,0,33
0.93,24.445,0.676,84.23,1.065,2025-04-16 21:29:09,33.0,21.8,15.0,18.57,1.91,0,33
0.882,24.377,0.472,84.02,1.048,2025-04-16 21:29:09,33.0,21.8,15.0,18.57,1.91,0,33
0.909,24.358,0.826,84.21,1.057,2025-04-16 21:29:09,33.0,21.8,15.0,18.57,1.91,0,33
0.88,24.349,0.455,84.06,1.012,2025-04-16 21:29:09,33.0,21.8,15.0,18.57,1.91,0,33
0.931,24.433,0.678,84.01,1.03,2025-04-16 21:29:09,33.0,21.8,15.0,18.57,1.91,0,33
0.918,24.339,0.452,84.24,1.044,2025-04-16 21:29:09,33.0,21.8,15.0,18.57,1.91,0,33
0.881,24.324,0.809,84.16,1.015,2025-04-16 21:29:09,33.0,21.8,15.0,18.57,1.91,0,33
0.89,24.379,0.663,84.47,1.095,2025-04-16 21:29:09,33.0,21.8,15.0,18.57,1.91,0,33
0.911,24.379,0.992,84.01,1.123,2025-04-16 21:29:09,33.0,21.8,15.0,18.57,1.91,0,33
0.906,24.374,0.5,84.23,1.057,2025-04-16 21:29:09,33.0,21.8,15.0,18.57,1.91,0,33
0.922,24.418,0.505,83.94,1.053,2025-04-16 21:29:09,33.0,21.8,15.0,18.57,1.91,0,33
0.905,24.345,0.568,84.17,1.08,2025-04-16 21:29:09,33.0,21.8,15.0,18.57,1.91,0,33
0.91,24.339,0.673,84.08,1.074,2025-04-16 21:29:09,33.0,21.8,15.0,18.57,1.91,0,33
0.869,24.287,0.63,84.23,1.016,2025-04-16 21:29:09,33.0,21.8,15.0,18.57,1.91,0,33
0.898,24.35,0.856,83.98,1.009,2025-04-16 21:29:09,33.0,21.8,15.0,18.57,1.91,0,33
0.921,24.344,0.683,84.04,1.052,2025-04-17 11:05:29,34.0,20.8,14.4,18.09,1.87,0,34
0.883,24.283,0.656,84.1,1.011,2025-04-17 11:05:29,34.0,20.8,14.4,18.09,1.87,0,34
0.909,24.41,0.525,84.21,1.017,2025-04-17 11:05:29,34.0,20.8,14.4,18.09,1.87,0,34
0.9,24.34,0.67,84.27,1.075,2025-04-17 11:05:29,34.0,20.8,14.4,18.09,1.87,0,34
0.893,24.329,0.505,84.24,0.99,2025-04-17 11:05:29,34.0,20.8,14.4,18.09,1.87,0,34
0.913,24.358,0.676,84.21,1.042,2025-04-17 11:05:29,34.0,20.8,14.4,18.09,1.87,0,34
0.893,24.352,0.756,84.18,1.047,2025-04-17 11:05:29,34.0,20.8,14.4,18.09,1.87,0,34
0.898,24.327,0.668,84.29,1.086,2025-04-17 11:05:29,34.0,20.8,14.4,18.09,1.87,0,34
0.937,24.334,0.53,83.89,1.081,2025-04-17 11:05:29,34.0,20.8,14.4,18.09,1.87,0,34
0.875,24.25,0.55,83.71,1.016,2025-04-17 11:05:29,34.0,20.8,14.4,18.09,1.87,0,34
0.917,24.345,0.706,84.12,1.093,2025-04-17 11:05:29,34.0,20.8,14.4,18.09,1.87,0,34
0.926,24.348,0.934,84.34,1.106,2025-04-17 11:05:29,34.0,20.8,14.4,18.09,1.87,0,34
0.897,24.323,0.249,84.23,1.064,2025-04-17 11:05:29,34.0,20.8,14.4,18.09,1.87,0,34
0.882,24.377,0.585,83.99,1.047,2025-04-17 11:05:29,34.0,20.8,14.4,18.09,1.87,0,34
0.919,24.348,0.55,84.01,1.075,2025-04-17 11:05:29,34.0,20.8,14.4,18.09,1.87,0,34
0.906,24.337,0.364,83.97,0.989,2025-04-17 11:05:29,34.0,20.8,14.4,18.09,1.87,0,34
0.897,24.261,0.482,84.3,1.025,2025-04-17 11:05:29,34.0,20.8,14.4,18.09,1.87,0,34
0.876,24.318,0.728,83.98,0.98,2025-04-17 11:05:29,34.0,20.8,14.4,18.09,1.87,0,34
0.895,24.317,0.427,84.04,0.988,2025-04-17 11:05:29,34.0,20.8,14.4,18.09,1.87,0,34
0.922,24.308,0.743,84.26,1.028,2025-04-17 13:00:34,35.0,21.0,14.1,18.17,1.86,0,35
0.908,24.311,0.467,83.72,1.074,2025-04-17 13:00:34,35.0,21.0,14.1,18.17,1.86,0,35
0.911,24.319,0.56,83.72,1.124,2025-04-17 13:00:34,35.0,21.0,14.1,18.17,1.86,0,35
0.895,24.327,0.51,84.37,1.022,2025-04-17 13:00:34,35.0,21.0,14.1,18.17,1.86,0,35
0.908,24.289,0.603,84.18,0.979,2025-04-17 13:00:34,35.0,21.0,14.1,18.17,1.86,0,35
0.864,24.243,0.844,83.88,1.016,2025-04-17 13:00:34,35.0,21.0,14.1,18.17,1.86,0,35
0.922,24.262,0.751,84.2,1.057,2025-04-17 13:00:34,35.0,21.0,14.1,18.17,1.86,0,35
0.913,24.377,0.47,84.2,1.051,2025-04-17 13:00:34,35.0,21.0,14.1,18.17,1.86,0,35
0.92,24.321,0.5,84.06,1.107,2025-04-17 13:00:34,35.0,21.0,14.1,18.17,1.86,0,35
0.905,24.335,0.563,84.01,1.041,2025-04-17 13:00:34,35.0,21.0,14.1,18.17,1.86,0,35
0.859,24.231,0.568,84.2,1.002,2025-04-17 13:00:34,35.0,21.0,14.1,18.17,1.86,0,35
0.884,24.286,0.846,84.15,1.025,2025-04-17 13:00:34,35.0,21.0,14.1,18.17,1.86,0,35
0.862,24.211,0.754,84.0,1.032,2025-04-17 13:00:34,35.0,21.0,14.1,18.17,1.86,0,35
0.9,24.341,0.477,84.25,1.033,2025-04-17 13:00:34,35.0,21.0,14.1,18.17,1.86,0,35
0.919,24.293,0.578,83.99,0.985,2025-04-17 13:00:34,35.0,21.0,14.1,18.17,1.86,0,35
0.909,24.345,0.771,84.05,1.005,2025-04-17 13:00:34,35.0,21.0,14.1,18.17,1.86,0,35
0.92,24.335,0.47,84.06,1.011,2025-04-17 13:00:34,35.0,21.0,14.1,18.17,1.86,0,35
0.884,24.271,0.831,83.75,1.058,2025-04-17 13:00:34,35.0,21.0,14.1,18.17,1.86,0,35
0.907,24.276,0.332,83.88,1.026,2025-04-17 13:00:34,35.0,21.0,14.1,18.17,1.86,0,35
0.928,24.285,0.623,84.18,1.008,2025-04-17 13:00:34,35.0,21.0,14.1,18.17,1.86,0,35
0.895,24.31,0.99,84.05,0.952,2025-04-17 19:40:52,36.0,20.4,14.6,17.42,1.44,0,36
0.9,24.386,0.537,84.23,1.029,2025-04-17 19:40:52,36.0,20.4,14.6,17.42,1.44,0,36
0.868,24.326,0.397,83.99,0.975,2025-04-17 19:40:52,36.0,20.4,14.6,17.42,1.44,0,36
0.875,24.266,0.61,83.71,0.968,2025-04-17 19:40:52,36.0,20.4,14.6,17.42,1.44,0,36
0.876,24.305,0.55,84.21,0.969,2025-04-17 19:40:52,36.0,20.4,14.6,17.42,1.44,0,36
0.887,24.336,0.527,83.78,0.999,2025-04-17 19:40:52,36.0,20.4,14.6,17.42,1.44,0,36
0.863,24.25,0.532,83.92,1.077,2025-04-17 19:40:52,36.0,20.4,14.6,17.42,1.44,0,36
0.9,24.39,0.555,84.0,1.017,2025-04-17 19:40:52,36.0,20.4,14.6,17.42,1.44,0,36
0.9,24.388,0.427,83.89,0.986,2025-04-17 19:40:52,36.0,20.4,14.6,17.42,1.44,0,36
0.865,24.284,0.678,83.87,1.003,2025-04-17 19:40:52,36.0,20.4,14.6,17.42,1.44,0,36
0.856,24.26,0.819,84.05,1.02,2025-04-17 19:40:52,36.0,20.4,14.6,17.42,1.44,0,36
0.881,24.344,0.535,84.06,0.976,2025-04-17 19:40:52,36.0,20.4,14.6,17.42,1.44,0,36
0.876,24.258,0.603,83.91,1.01,2025-04-17 19:40:52,36.0,20.4,14.6,17.42,1.44,0,36
0.919,24.309,0.598,84.25,1.094,2025-04-17 19:40:52,36.0,20.4,14.6,17.42,1.44,0,36
0.891,24.366,0.347,84.24,0.966,2025-04-17 19:40:52,36.0,20.4,14.6,17.42,1.44,0,36
0.917,24.342,0.537,84.01,1.032,2025-04-17 19:40:52,36.0,20.4,14.6,17.42,1.44,0,36
0.882,24.302,0.497,84.16,0.994,2025-04-17 19:40:52,36.0,20.4,14.6,17.42,1.44,0,36
0.912,24.372,0.512,84.03,0.998,2025-04-17 19:40:52,36.0,20.4,14.6,17.42,1.44,0,36
0.906,24.32,0.671,83.9,1.061,2025-04-17 21:31:00,37.0,21.1,15.5,18.18,1.67,0,37
0.919,24.355,0.615,84.04,1.096,2025-04-17 21:31:00,37.0,21.1,15.5,18.18,1.67,0,37
0.882,24.314,0.57,83.89,1.021,2025-04-17 21:31:00,37.0,21.1,15.5,18.18,1.67,0,37
0.912,24.364,0.563,84.46,1.062,2025-04-17 21:31:00,37.0,21.1,15.5,18.18,1.67,0,37
0.895,24.288,0.565,83.71,1.025,2025-04-17 21:31:00,37.0,21.1,15.5,18.18,1.67,0,37
0.916,24.349,0.583,84.24,0.995,2025-04-17 21:31:00,37.0,21.1,15.5,18.18,1.67,0,37
0.884,24.311,0.542,83.95,1.038,2025-04-17 21:31:00,37.0,21.1,15.5,18.18,1.67,0,37
0.895,24.378,0.759,84.26,1.052,2025-04-17 21:31:00,37.0,21.1,15.5,18.18,1.67,0,37
0.897,24.336,0.663,83.96,1.037,2025-04-17 21:31:00,37.0,21.1,15.5,18.18,1.67,0,37
0.913,24.419,0.57,84.25,1.072,2025-04-17 21:31:00,37.0,21.1,15.5,18.18,1.67,0,37
0.908,24.419,0.545,83.71,1.059,2025-04-17 21:31:00,37.0,21.1,15.5,18.18,1.67,0,37
0.915,24.383,0.394,84.19,1.038,2025-04-17 21:31:00,37.0,21.1,15.5,18.18,1.67,0,37
0.907,24.33,0.789,83.98,1.055,2025-04-17 21:31:00,37.0,21.1,15.5,18.18,1.67,0,37
0.924,24.429,0.502,84.02,1.127,2025-04-17 21:31:00,37.0,21.1,15.5,18.18,1.67,0,37
0.91,24.358,0.608,84.37,1.01,2025-04-17 21:31:00,37.0,21.1,15.5,18.18,1.67,0,37
0.914,24.347,0.502,84.25,1.065,2025-04-17 21:31:00,37.0,21.1,15.5,18.18,1.67,0,37
0.906,24.339,0.794,84.35,1.022,2025-04-17 21:31:00,37.0,21.1,15.5,18.18,1.67,0,37
0.898,24.392,0.598,84.13,1.034,2025-04-17 21:31:00,37.0,21.1,15.5,18.18,1.67,0,37
0.912,24.285,0.502,84.07,1.063,2025-04-17 21:31:00,37.0,21.1,15.5,18.18,1.67,0,37
0.926,24.284,0.867,84.21,1.016,2025-04-18 11:08:20,38.0,19.3,14.4,17.24,1.08,0,38
0.912,24.348,0.673,84.24,1.007,2025-04-18 11:08:20,38.0,19.3,14.4,17.24,1.08,0,38
0.902,24.309,0.768,84.16,1.057,2025-04-18 11:08:20,38.0,19.3,14.4,17.24,1.08,0,38
0.89,24.269,0.733,84.29,1.129,2025-04-18 11:08:20,38.0,19.3,14.4,17.24,1.08,0,38
0.906,24.33,0.58,84.09,1.046,2025-04-18 11:08:20,38.0,19.3,14.4,17.24,1.08,0,38
0.903,24.325,0.502,84.36,1.024,2025-04-18 11:08:20,38.0,19.3,14.4,17.24,1.08,0,38
0.908,24.301,0.49,84.24,1.042,2025-04-18 11:08:20,38.0,19.3,14.4,17.24,1.08,0,38
0.912,24.27,0.462,84.41,1.105,2025-04-18 11:08:20,38.0,19.3,14.4,17.24,1.08,0,38
0.902,24.405,0.55,84.16,1.096,2025-04-18 11:08:20,38.0,19.3,14.4,17.24,1.08,0,38
0.876,24.282,0.593,84.03,1.019,2025-04-18 11:08:20,38.0,19.3,14.4,17.24,1.08,0,38
0.886,24.288,0.382,84.16,1.063,2025-04-18 11:08:20,38.0,19.3,14.4,17.24,1.08,0,38
0.852,24.225,0.527,84.02,0.97,2025-04-18 11:08:20,38.0,19.3,14.4,17.24,1.08,0,38
0.864,24.29,0.643,83.94,1.051,2025-04-18 11:08:20,38.0,19.3,14.4,17.24,1.08,0,38
0.887,24.275,0.374,84.24,1.026,2025-04-18 11:08:20,38.0,19.3,14.4,17.24,1.08,0,38
0.894,24.303,0.565,84.03,1.072,2025-04-18 11:08:20,38.0,19.3,14.4,17.24,1.08,0,38
0.889,24.322,0.59,84.35,1.06,2025-04-18 11:08:20,38.0,19.3,14.4,17.24,1.08,0,38
0.904,24.337,0.628,84.09,1.046,2025-04-18 11:08:20,38.0,19.3,14.4,17.24,1.08,0,38
0.891,24.339,0.593,83.87,1.039,2025-04-18 11:08:20,38.0,19.3,14.4,17.24,1.08,0,38
0.888,24.334,0.399,84.17,1.014,2025-04-18 11:08:20,38.0,19.3,14.4,17.24,1.08,0,38
0.895,24.292,0.638,83.83,1.128,2025-04-18 21:08:35,39.0,11.7,6.6,9.6,1.27,0,39
0.918,24.381,0.671,83.97,1.15,2025-04-18 21:08:35,39.0,11.7,6.6,9.6,1.27,0,39
0.897,24.359,0.543,84.15,1.117,2025-04-18 21:08:35,39.0,11.7,6.6,9.6,1.27,0,39
0.92,24.257,0.625,84.05,1.182,2025-04-18 21:08:35,39.0,11.7,6.6,9.6,1.27,0,39
0.901,24.424,0.545,83.98,1.148,2025-04-18 21:08:35,39.0,11.7,6.6,9.6,1.27,0,39
0.87,24.281,0.414,83.89,1.133,2025-04-18 21:08:35,39.0,11.7,6.6,9.6,1.27,0,39
0.888,24.29,0.625,84.01,1.123,2025-04-18 21:08:35,39.0,11.7,6.6,9.6,1.27,0,39
0.897,24.313,0.552,84.2,1.019,2025-06-05 13:17:34,40.0,27.9,18.1,20.68,2.23,0,40
0.908,24.331,0.55,84.2,1.004,2025-06-05 13:17:34,40.0,27.9,18.1,20.68,2.23,0,40
0.933,24.364,0.369,83.87,1.053,2025-06-05 13:17:34,40.0,27.9,18.1,20.68,2.23,0,40
0.954,24.329,0.58,84.05,1.014,2025-06-05 13:17:34,40.0,27.9,18.1,20.68,2.23,0,40
0.887,24.332,0.537,84.09,1.057,2025-06-05 13:17:34,40.0,27.9,18.1,20.68,2.23,0,40
0.917,24.344,1.017,84.08,1.011,2025-06-05 13:17:34,40.0,27.9,18.1,20.68,2.23,0,40
0.928,24.35,0.65,84.27,1.047,2025-06-05 13:17:34,40.0,27.9,18.1,20.68,2.23,0,40
0.891,24.303,0.605,84.22,1.026,2025-06-05 13:17:34,40.0,27.9,18.1,20.68,2.23,0,40
0.874,24.243,0.577,83.99,0.986,2025-06-05 13:17:34,40.0,27.9,18.1,20.68,2.23,0,40
0.912,24.305,0.645,84.04,1.024,2025-06-05 13:17:34,40.0,27.9,18.1,20.68,2.23,0,40
0.859,24.287,0.477,83.94,0.977,2025-06-05 13:17:34,40.0,27.9,18.1,20.68,2.23,0,40
0.908,24.286,0.331,84.28,1.074,2025-06-05 13:17:34,40.0,27.9,18.1,20.68,2.23,0,40
0.9,24.28,0.502,84.27,1.083,2025-06-05 13:17:34,40.0,27.9,18.1,20.68,2.23,0,40
0.886,24.294,0.464,84.06,1.036,2025-06-05 13:17:34,40.0,27.9,18.1,20.68,2.23,0,40
0.907,24.278,0.603,84.09,1.022,2025-06-05 13:17:34,40.0,27.9,18.1,20.68,2.23,0,40
0.896,24.321,0.294,84.01,0.996,2025-06-05 13:17:34,40.0,27.9,18.1,20.68,2.23,0,40
0.935,24.333,0.505,84.06,1.038,2025-06-05 13:17:34,40.0,27.9,18.1,20.68,2.23,0,40
0.887,24.297,0.535,83.84,0.944,2025-06-05 19:12:44,41.0,23.1,16.3,20.17,1.63,0,41
0.922,24.358,0.575,84.37,1.075,2025-06-05 19:12:44,41.0,23.1,16.3,20.17,1.63,0,41
0.889,24.357,0.507,84.09,0.976,2025-06-05 19:12:44,41.0,23.1,16.3,20.17,1.63,0,41
0.899,24.321,0.736,84.2,0.988,2025-06-05 19:12:44,41.0,23.1,16.3,20.17,1.63,0,41
0.913,24.278,0.547,83.93,1.048,2025-06-05 19:12:44,41.0,23.1,16.3,20.17,1.63,0,41
0.928,24.364,0.69,84.21,1.043,2025-06-05 19:12:44,41.0,23.1,16.3,20.17,1.63,0,41
0.897,24.303,0.598,84.24,0.964,2025-06-05 19:12:44,41.0,23.1,16.3,20.17,1.63,0,41
0.895,24.304,0.522,84.52,0.968,2025-06-05 19:12:44,41.0,23.1,16.3,20.17,1.63,0,41
0.916,24.295,0.349,84.5,1.032,2025-06-05 19:12:44,41.0,23.1,16.3,20.17,1.63,0,41
0.915,24.357,0.638,84.47,1.007,2025-06-05 19:12:44,41.0,23.1,16.3,20.17,1.63,0,41
0.864,24.296,0.417,83.72,0.996,2025-06-05 19:12:44,41.0,23.1,16.3,20.17,1.63,0,41
0.929,24.279,0.419,84.35,1.019,2025-06-05 19:12:44,41.0,23.1,16.3,20.17,1.63,0,41
0.915,24.295,0.648,84.19,1.075,2025-06-05 19:12:44,41.0,23.1,16.3,20.17,1.63,0,41
0.919,24.309,0.565,84.03,0.994,2025-06-05 19:12:44,41.0,23.1,16.3,20.17,1.63,0,41
0.924,24.434,0.59,84.01,1.03,2025-06-05 19:12:44,41.0,23.1,16.3,20.17,1.63,0,41
0.892,24.272,0.502,84.02,1.04,2025-06-05 19:12:44,41.0,23.1,16.3,20.17,1.63,0,41
0.897,24.289,0.392,84.17,0.999,2025-06-05 19:12:44,41.0,23.1,16.3,20.17,1.63,0,41
0.895,24.283,0.515,83.68,0.982,2025-06-05 19:12:44,41.0,23.1,16.3,20.17,1.63,0,41
0.936,24.339,0.711,84.13,1.011,2025-06-05 19:12:44,41.0,23.1,16.3,20.17,1.63,0,41
0.904,24.329,0.407,84.22,1.105,2025-06-05 21:27:50,42.0,22.4,15.9,19.2,1.84,0,42
0.904,24.236,0.542,83.89,1.014,2025-06-05 21:27:50,42.0,22.4,15.9,19.2,1.84,0,42
0.907,24.29,0.482,84.14,1.015,2025-06-05 21:27:50,42.0,22.4,15.9,19.2,1.84,0,42
0.884,24.268,0.475,84.03,1.021,2025-06-05 21:27:50,42.0,22.4,15.9,19.2,1.84,0,42
0.891,24.265,0.605,84.63,1.028,2025-06-05 21:27:50,42.0,22.4,15.9,19.2,1.84,0,42
0.912,24.276,0.557,84.14,1.008,2025-06-05 21:27:50,42.0,22.4,15.9,19.2,1.84,0,42
0.911,24.292,0.66,84.05,1.005,2025-06-05 21:27:50,42.0,22.4,15.9,19.2,1.84,0,42
0.92,24.244,0.721,84.02,1.096,2025-06-05 21:27:50,42.0,22.4,15.9,19.2,1.84,0,42
0.911,24.325,0.429,84.32,1.126,2025-06-05 21:27:50,42.0,22.4,15.9,19.2,1.84,0,42
0.909,24.378,0.52,84.06,1.042,2025-06-05 21:27:50,42.0,22.4,15.9,19.2,1.84,0,42
0.898,24.313,0.562,83.95,1.045,2025-06-05 21:27:50,42.0,22.4,15.9,19.2,1.84,0,42
0.92,24.35,0.48,84.19,1.077,2025-06-05 21:27:50,42.0,22.4,15.9,19.2,1.84,0,42
0.915,24.264,0.726,84.13,1.035,2025-06-05 21:27:50,42.0,22.4,15.9,19.2,1.84,0,42
0.915,24.329,0.547,83.99,1.095,2025-06-05 21:27:50,42.0,22.4,15.9,19.2,1.84,0,42
0.889,24.305,0.766,83.92,0.994,2025-06-05 21:27:50,42.0,22.4,15.9,19.2,1.84,0,42
0.927,24.328,0.821,84.17,1.094,2025-06-05 21:27:50,42.0,22.4,15.9,19.2,1.84,0,42
0.891,24.308,0.379,84.18,1.054,2025-06-05 21:27:50,42.0,22.4,15.9,19.2,1.84,0,42
0.908,24.315,0.387,83.76,1.036,2025-06-06 11:27:18,43.0,23.6,18.5,20.55,1.43,0,43
0.924,24.317,0.527,84.19,1.02,2025-06-06 11:27:18,43.0,23.6,18.5,20.55,1.43,0,43
0.933,24.415,0.474,83.98,0.995,2025-06-06 11:27:18,43.0,23.6,18.5,20.55,1.43,0,43
0.908,24.374,0.492,83.88,1.021,2025-06-06 11:27:18,43.0,23.6,18.5,20.55,1.43,0,43
0.912,24.336,0.66,84.24,1.015,2025-06-06 11:27:18,43.0,23.6,18.5,20.55,1.43,0,43
0.932,24.351,0.409,83.96,0.971,2025-06-06 11:27:18,43.0,23.6,18.5,20.55,1.43,0,43
0.93,24.314,0.512,84.18,1.059,2025-06-06 11:27:18,43.0,23.6,18.5,20.55,1.43,0,43
0.925,24.358,0.492,83.99,1.025,2025-06-06 11:27:18,43.0,23.6,18.5,20.55,1.43,0,43
0.951,24.334,0.58,84.13,1.036,2025-06-06 11:27:18,43.0,23.6,18.5,20.55,1.43,0,43
0.903,24.384,0.53,84.08,1.033,2025-06-06 11:27:18,43.0,23.6,18.5,20.55,1.43,0,43
0.9,24.316,0.731,84.03,1.022,2025-06-06 11:27:18,43.0,23.6,18.5,20.55,1.43,0,43
0.906,24.355,0.427,84.02,0.975,2025-06-06 11:27:18,43.0,23.6,18.5,20.55,1.43,0,43
0.894,24.35,0.51,84.37,1.019,2025-06-06 11:27:18,43.0,23.6,18.5,20.55,1.43,0,43
0.935,24.355,0.565,84.23,1.025,2025-06-06 11:27:18,43.0,23.6,18.5,20.55,1.43,0,43
0.926,24.337,0.66,84.09,1.074,2025-06-06 11:27:18,43.0,23.6,18.5,20.55,1.43,0,43
0.924,24.377,0.384,84.0,0.998,2025-06-06 11:27:18,43.0,23.6,18.5,20.55,1.43,0,43
0.904,24.373,0.404,84.18,0.964,2025-06-06 11:27:18,43.0,23.6,18.5,20.55,1.43,0,43
0.879,24.297,0.693,84.09,1.03,2025-06-06 11:27:18,43.0,23.6,18.5,20.55,1.43,0,43
0.892,24.251,0.618,84.26,0.997,2025-06-06 13:12:27,44.0,22.5,17.7,19.98,1.31,0,44
0.91,24.277,0.967,84.05,1.026,2025-06-06 13:12:27,44.0,22.5,17.7,19.98,1.31,0,44
0.905,24.329,0.638,84.17,0.994,2025-06-06 13:12:27,44.0,22.5,17.7,19.98,1.31,0,44
0.902,24.368,0.429,84.08,1.011,2025-06-06 13:12:27,44.0,22.5,17.7,19.98,1.31,0,44
0.897,24.27,0.542,84.03,0.951,2025-06-06 13:12:27,44.0,22.5,17.7,19.98,1.31,0,44
0.893,24.325,0.63,83.9,1.02,2025-06-06 13:12:27,44.0,22.5,17.7,19.98,1.31,0,44
0.898,24.28,0.706,83.87,1.055,2025-06-06 13:12:27,44.0,22.5,17.7,19.98,1.31,0,44
0.924,24.327,0.804,84.14,1.075,2025-06-06 13:12:27,44.0,22.5,17.7,19.98,1.31,0,44
0.896,24.268,0.613,83.98,1.001,2025-06-06 13:12:27,44.0,22.5,17.7,19.98,1.31,0,44
0.917,24.377,0.49,84.13,1.027,2025-06-06 13:12:27,44.0,22.5,17.7,19.98,1.31,0,44
0.89,24.275,0.547,84.36,0.995,2025-06-06 13:12:27,44.0,22.5,17.7,19.98,1.31,0,44
0.888,24.285,0.362,84.08,1.036,2025-06-06 13:12:27,44.0,22.5,17.7,19.98,1.31,0,44
0.91,24.299,0.64,84.14,1.051,2025-06-06 13:12:27,44.0,22.5,17.7,19.98,1.31,0,44
0.908,24.259,0.563,84.11,1.003,2025-06-06 13:12:27,44.0,22.5,17.7,19.98,1.31,0,44
0.916,24.255,0.547,84.23,1.021,2025-06-06 13:12:27,44.0,22.5,17.7,19.98,1.31,0,44
0.893,24.288,1.067,83.91,1.042,2025-06-06 13:12:27,44.0,22.5,17.7,19.98,1.31,0,44
0.907,24.334,0.808,84.06,1.02,2025-06-06 13:12:27,44.0,22.5,17.7,19.98,1.31,0,44
0.885,24.304,0.598,84.19,0.978,2025-06-06 13:12:27,44.0,22.5,17.7,19.98,1.31,0,44
0.932,24.341,0.467,83.99,0.996,2025-06-06 13:12:27,44.0,22.5,17.7,19.98,1.31,0,44
0.894,24.25,0.542,83.99,1.024,2025-06-06 13:12:27,44.0,22.5,17.7,19.98,1.31,0,44
0.915,24.36,0.615,83.96,1.055,2025-06-06 21:27:57,45.0,24.4,17.3,21.01,1.69,0,45
0.893,24.306,0.399,84.33,1.016,2025-06-06 21:27:57,45.0,24.4,17.3,21.01,1.69,0,45
0.879,24.264,0.472,83.94,1.008,2025-06-06 21:27:57,45.0,24.4,17.3,21.01,1.69,0,45
0.896,24.245,0.583,84.34,0.984,2025-06-06 21:27:57,45.0,24.4,17.3,21.01,1.69,0,45
0.902,24.302,0.947,83.92,0.989,2025-06-06 21:27:57,45.0,24.4,17.3,21.01,1.69,0,45
0.894,24.281,0.633,84.09,1.014,2025-06-06 21:27:57,45.0,24.4,17.3,21.01,1.69,0,45
0.89,24.35,0.721,84.17,1.04,2025-06-06 21:27:57,45.0,24.4,17.3,21.01,1.69,0,45
0.906,24.263,0.457,84.03,1.04,2025-06-06 21:27:57,45.0,24.4,17.3,21.01,1.69,0,45
0.936,24.353,0.369,84.17,1.027,2025-06-06 21:27:57,45.0,24.4,17.3,21.01,1.69,0,45
0.903,24.328,0.535,83.73,0.962,2025-06-06 21:27:57,45.0,24.4,17.3,21.01,1.69,0,45
0.892,24.302,0.525,84.04,0.968,2025-06-06 21:27:57,45.0,24.4,17.3,21.01,1.69,0,45
0.889,24.273,0.437,84.32,1.019,2025-06-06 21:27:57,45.0,24.4,17.3,21.01,1.69,0,45
0.925,24.4,0.46,84.12,1.024,2025-06-06 21:27:57,45.0,24.4,17.3,21.01,1.69,0,45
0.906,24.307,0.598,84.19,0.987,2025-06-06 21:27:57,45.0,24.4,17.3,21.01,1.69,0,45
0.915,24.337,0.427,84.15,1.015,2025-06-06 21:27:57,45.0,24.4,17.3,21.01,1.69,0,45
0.906,24.38,0.475,84.03,1.038,2025-06-06 21:27:57,45.0,24.4,17.3,21.01,1.69,0,45
0.883,24.317,0.831,83.87,0.986,2025-06-06 21:27:57,45.0,24.4,17.3,21.01,1.69,0,45
0.914,24.333,0.479,84.03,1.037,2025-06-06 21:27:57,45.0,24.4,17.3,21.01,1.69,0,45
0.914,24.291,0.979,84.2,1.012,2025-06-06 21:27:57,45.0,24.4,17.3,21.01,1.69,0,45
0.948,24.326,0.568,84.38,0.998,2025-06-09 13:55:59,46.0,20.9,16.0,18.67,1.46,0,46
0.892,24.386,0.547,84.21,1.022,2025-06-09 13:55:59,46.0,20.9,16.0,18.67,1.46,0,46
0.899,24.317,0.768,83.85,1.044,2025-06-09 13:55:59,46.0,20.9,16.0,18.67,1.46,0,46
0.888,24.266,0.758,83.92,0.999,2025-06-09 13:55:59,46.0,20.9,16.0,18.67,1.46,0,46
0.91,24.339,0.615,84.09,1.033,2025-06-09 13:55:59,46.0,20.9,16.0,18.67,1.46,0,46
0.893,24.335,0.525,83.93,1.012,2025-06-09 13:55:59,46.0,20.9,16.0,18.67,1.46,0,46
0.911,24.283,0.668,83.69,1.032,2025-06-09 13:55:59,46.0,20.9,16.0,18.67,1.46,0,46
0.93,24.346,0.495,83.99,1.058,2025-06-09 13:55:59,46.0,20.9,16.0,18.67,1.46,0,46
0.878,24.332,0.605,84.19,0.986,2025-06-09 13:55:59,46.0,20.9,16.0,18.67,1.46,0,46
0.929,24.39,0.575,84.16,1.085,2025-06-09 13:55:59,46.0,20.9,16.0,18.67,1.46,0,46
0.88,24.321,0.52,83.79,1.034,2025-06-09 13:55:59,46.0,20.9,16.0,18.67,1.46,0,46
0.895,24.312,0.771,83.85,1.047,2025-06-09 13:55:59,46.0,20.9,16.0,18.67,1.46,0,46
0.926,24.364,0.791,84.17,1.028,2025-06-09 13:55:59,46.0,20.9,16.0,18.67,1.46,0,46
0.908,24.378,0.522,84.21,1.094,2025-06-09 13:55:59,46.0,20.9,16.0,18.67,1.46,0,46
0.916,24.368,0.512,84.05,1.069,2025-06-09 13:55:59,46.0,20.9,16.0,18.67,1.46,0,46
0.885,24.308,0.459,84.21,1.052,2025-06-09 13:55:59,46.0,20.9,16.0,18.67,1.46,0,46
0.926,24.411,0.585,84.23,1.052,2025-06-09 13:55:59,46.0,20.9,16.0,18.67,1.46,0,46
0.891,24.269,0.964,83.89,1.036,2025-06-09 13:55:59,46.0,20.9,16.0,18.67,1.46,0,46
0.928,24.314,0.555,84.14,1.005,2025-07-01 13:43:41,47.0,21.1,17.2,19.23,0.93,0,47
0.885,24.275,0.492,83.89,0.998,2025-07-01 13:43:41,47.0,21.1,17.2,19.23,0.93,0,47
0.899,24.377,0.605,83.77,1.037,2025-07-01 13:43:41,47.0,21.1,17.2,19.23,0.93,0,47
0.899,24.317,0.796,83.88,1.035,2025-07-01 13:43:41,47.0,21.1,17.2,19.23,0.93,0,47
0.918,24.303,0.367,84.14,1.119,2025-07-01 13:43:41,47.0,21.1,17.2,19.23,0.93,0,47
0.9,24.333,0.615,84.04,0.968,2025-07-01 13:43:41,47.0,21.1,17.2,19.23,0.93,0,47
0.883,24.331,0.746,84.27,0.933,2025-07-01 13:43:41,47.0,21.1,17.2,19.23,0.93,0,47
0.864,24.289,0.668,83.85,1.02,2025-07-01 13:43:41,47.0,21.1,17.2,19.23,0.93,0,47
0.877,24.284,0.723,84.13,0.972,2025-07-01 13:43:41,47.0,21.1,17.2,19.23,0.93,0,47
0.888,24.269,0.683,83.98,1.066,2025-07-01 13:43:41,47.0,21.1,17.2,19.23,0.93,0,47
0.884,24.237,0.605,84.02,0.984,2025-07-01 13:43:41,47.0,21.1,17.2,19.23,0.93,0,47
0.892,24.265,0.618,84.13,1.057,2025-07-01 13:43:41,47.0,21.1,17.2,19.23,0.93,0,47
0.926,24.335,0.5,84.13,1.051,2025-07-01 13:43:41,47.0,21.1,17.2,19.23,0.93,0,47
0.885,24.302,0.625,84.0,0.98,2025-07-01 13:43:41,47.0,21.1,17.2,19.23,0.93,0,47
0.919,24.359,0.562,83.9,1.033,2025-07-01 13:43:41,47.0,21.1,17.2,19.23,0.93,0,47
0.882,24.233,0.869,84.02,1.019,2025-07-01 13:43:41,47.0,21.1,17.2,19.23,0.93,0,47
0.92,24.292,0.53,83.83,0.98,2025-07-01 13:43:41,47.0,21.1,17.2,19.23,0.93,0,47
0.896,24.328,0.568,83.66,1.031,2025-07-01 13:43:41,47.0,21.1,17.2,19.23,0.93,0,47
0.91,24.334,0.319,84.03,0.995,2025-07-01 13:43:41,47.0,21.1,17.2,19.23,0.93,0,47
0.912,24.299,0.349,83.79,1.088,2025-07-01 19:08:50,48.0,21.2,14.6,18.22,1.69,0,48
0.895,24.287,0.778,83.84,1.05,2025-07-01 19:08:50,48.0,21.2,14.6,18.22,1.69,0,48
0.907,24.332,0.756,84.15,1.022,2025-07-01 19:08:50,48.0,21.2,14.6,18.22,1.69,0,48
0.873,24.26,0.449,83.97,1.073,2025-07-01 19:08:50,48.0,21.2,14.6,18.22,1.69,0,48
0.887,24.285,0.58,84.11,1.016,2025-07-01 19:08:50,48.0,21.2,14.6,18.22,1.69,0,48
0.922,24.32,0.449,84.07,1.038,2025-07-01 19:08:50,48.0,21.2,14.6,18.22,1.69,0,48
0.876,24.331,0.623,83.97,0.943,2025-07-01 19:08:50,48.0,21.2,14.6,18.22,1.69,0,48
0.901,24.336,0.55,83.96,1.086,2025-07-01 19:08:50,48.0,21.2,14.6,18.22,1.69,0,48
0.922,24.35,0.367,83.67,1.004,2025-07-01 19:08:50,48.0,21.2,14.6,18.22,1.69,0,48
0.904,24.305,0.66,83.93,1.047,2025-07-01 19:08:50,48.0,21.2,14.6,18.22,1.69,0,48
0.898,24.34,0.846,83.92,1.071,2025-07-01 19:08:50,48.0,21.2,14.6,18.22,1.69,0,48
0.917,24.26,0.447,84.09,1.087,2025-07-01 19:08:50,48.0,21.2,14.6,18.22,1.69,0,48
0.939,24.286,0.507,84.15,1.085,2025-07-01 19:08:50,48.0,21.2,14.6,18.22,1.69,0,48
0.908,24.301,0.738,83.86,1.061,2025-07-01 19:08:50,48.0,21.2,14.6,18.22,1.69,0,48
0.913,24.315,0.507,84.12,1.001,2025-07-01 19:08:50,48.0,21.2,14.6,18.22,1.69,0,48
0.919,24.356,0.455,83.98,1.049,2025-07-01 19:08:50,48.0,21.2,14.6,18.22,1.69,0,48
0.92,24.317,0.465,84.16,1.095,2025-07-01 19:08:50,48.0,21.2,14.6,18.22,1.69,0,48
0.925,24.36,0.711,84.2,0.988,2025-07-01 19:08:50,48.0,21.2,14.6,18.22,1.69,0,48
0.924,24.367,0.449,84.09,0.998,2025-07-01 20:48:54,49.0,21.6,15.2,19.01,1.74,0,49
0.916,24.324,0.525,84.06,1.131,2025-07-01 20:48:54,49.0,21.6,15.2,19.01,1.74,0,49
0.9,24.33,0.532,84.22,1.035,2025-07-01 20:48:54,49.0,21.6,15.2,19.01,1.74,0,49
0.918,24.401,0.944,83.97,0.968,2025-07-01 20:48:54,49.0,21.6,15.2,19.01,1.74,0,49
0.916,24.314,0.53,83.89,1.013,2025-07-01 20:48:54,49.0,21.6,15.2,19.01,1.74,0,49
0.918,24.38,0.444,83.98,1.0,2025-07-01 20:48:54,49.0,21.6,15.2,19.01,1.74,0,49
0.914,24.315,0.532,83.96,1.11,2025-07-01 20:48:54,49.0,21.6,15.2,19.01,1.74,0,49
0.929,24.314,0.916,84.23,1.008,2025-07-01 20:48:54,49.0,21.6,15.2,19.01,1.74,0,49
0.91,24.333,0.625,84.19,1.037,2025-07-01 20:48:54,49.0,21.6,15.2,19.01,1.74,0,49
0.898,24.334,0.49,83.87,1.067,2025-07-01 20:48:54,49.0,21.6,15.2,19.01,1.74,0,49
0.899,24.348,0.653,84.13,1.046,2025-07-01 20:48:54,49.0,21.6,15.2,19.01,1.74,0,49
0.898,24.34,0.48,83.97,1.011,2025-07-01 20:48:54,49.0,21.6,15.2,19.01,1.74,0,49
0.924,24.4,0.379,84.2,1.053,2025-07-01 20:48:54,49.0,21.6,15.2,19.01,1.74,0,49
0.947,24.395,0.535,84.11,1.112,2025-07-01 20:48:54,49.0,21.6,15.2,19.01,1.74,0,49
0.873,24.311,1.002,83.98,1.026,2025-07-01 20:48:54,49.0,21.6,15.2,19.01,1.74,0,49
0.912,24.382,0.698,83.81,1.114,2025-07-01 20:48:54,49.0,21.6,15.2,19.01,1.74,0,49
0.924,24.346,0.869,83.93,1.049,2025-07-01 20:48:54,49.0,21.6,15.2,19.01,1.74,0,49
0.909,24.364,0.542,84.21,1.049,2025-07-01 20:48:54,49.0,21.6,15.2,19.01,1.74,0,49
0.913,24.348,0.62,84.33,1.049,2025-07-01 20:48:54,49.0,21.6,15.2,19.01,1.74,0,49
0.912,24.396,0.746,84.33,1.065,2025-07-01 21:18:58,50.0,23.0,16.8,20.45,1.4,0,50
0.923,24.417,0.615,84.39,1.005,2025-07-01 21:18:58,50.0,23.0,16.8,20.45,1.4,0,50
0.913,24.375,0.437,84.09,0.999,2025-07-01 21:18:58,50.0,23.0,16.8,20.45,1.4,0,50
0.924,24.35,0.618,84.03,1.063,2025-07-01 21:18:58,50.0,23.0,16.8,20.45,1.4,0,50
0.91,24.355,0.5,84.1,1.018,2025-07-01 21:18:58,50.0,23.0,16.8,20.45,1.4,0,50
0.916,24.311,0.447,84.59,1.073,2025-07-01 21:18:58,50.0,23.0,16.8,20.45,1.4,0,50
0.858,24.288,0.844,83.8,0.958,2025-07-01 21:18:58,50.0,23.0,16.8,20.45,1.4,0,50
0.908,24.319,0.766,83.86,1.034,2025-07-01 21:18:58,50.0,23.0,16.8,20.45,1.4,0,50
0.927,24.315,0.829,84.23,1.044,2025-07-01 21:18:58,50.0,23.0,16.8,20.45,1.4,0,50
0.886,24.319,0.474,84.16,0.977,2025-07-01 21:18:58,50.0,23.0,16.8,20.45,1.4,0,50
0.899,24.342,0.522,84.32,1.019,2025-07-01 21:18:58,50.0,23.0,16.8,20.45,1.4,0,50
0.914,24.289,0.364,83.86,0.985,2025-07-01 21:18:58,50.0,23.0,16.8,20.45,1.4,0,50
0.909,24.349,0.645,84.32,0.996,2025-07-01 21:18:58,50.0,23.0,16.8,20.45,1.4,0,50
0.895,24.375,0.618,84.2,1.06,2025-07-01 21:18:58,50.0,23.0,16.8,20.45,1.4,0,50
0.916,24.394,0.55,84.03,0.98,2025-07-01 21:18:58,50.0,23.0,16.8,20.45,1.4,0,50
0.947,24.367,0.472,83.92,1.131,2025-07-01 21:18:58,50.0,23.0,16.8,20.45,1.4,0,50
0.888,24.37,0.525,83.94,0.997,2025-07-01 21:18:58,50.0,23.0,16.8,20.45,1.4,0,50
0.897,24.337,0.645,84.24,0.998,2025-07-01 21:18:58,50.0,23.0,16.8,20.45,1.4,0,50
0.918,24.285,0.505,83.81,1.009,2025-07-01 21:18:58,50.0,23.0,16.8,20.45,1.4,0,50
0.915,24.299,0.439,84.22,1.033,2025-07-02 18:55:54,51.0,21.5,15.4,18.61,1.51,0,51
0.897,24.357,0.495,84.09,1.005,2025-07-02 18:55:54,51.0,21.5,15.4,18.61,1.51,0,51
0.881,24.27,0.409,84.15,0.921,2025-07-02 18:55:54,51.0,21.5,15.4,18.61,1.51,0,51
0.872,24.365,0.598,83.94,1.056,2025-07-02 18:55:54,51.0,21.5,15.4,18.61,1.51,0,51
0.925,24.376,0.942,83.91,1.057,2025-07-02 18:55:54,51.0,21.5,15.4,18.61,1.51,0,51
0.897,24.264,0.796,83.65,1.063,2025-07-02 18:55:54,51.0,21.5,15.4,18.61,1.51,0,51
0.896,24.295,0.459,84.29,1.044,2025-07-02 18:55:54,51.0,21.5,15.4,18.61,1.51,0,51
0.929,24.407,0.527,84.21,1.064,2025-07-02 18:55:54,51.0,21.5,15.4,18.61,1.51,0,51
0.921,24.335,0.818,84.01,1.095,2025-07-02 18:55:54,51.0,21.5,15.4,18.61,1.51,0,51
0.891,24.284,0.761,84.14,0.988,2025-07-02 18:55:54,51.0,21.5,15.4,18.61,1.51,0,51
0.916,24.284,0.598,83.78,1.102,2025-07-02 18:55:54,51.0,21.5,15.4,18.61,1.51,0,51
0.888,24.268,0.444,84.19,0.966,2025-07-02 18:55:54,51.0,21.5,15.4,18.61,1.51,0,51
0.905,24.284,0.495,84.18,0.994,2025-07-02 18:55:54,51.0,21.5,15.4,18.61,1.51,0,51
0.892,24.258,0.68,84.25,1.039,2025-07-02 18:55:54,51.0,21.5,15.4,18.61,1.51,0,51
0.91,24.293,0.439,83.94,1.097,2025-07-02 18:55:54,51.0,21.5,15.4,18.61,1.51,0,51
0.919,24.292,0.404,84.1,1.083,2025-07-02 18:55:54,51.0,21.5,15.4,18.61,1.51,0,51
0.891,24.277,0.334,84.03,1.042,2025-07-02 18:55:54,51.0,21.5,15.4,18.61,1.51,0,51
0.872,24.274,0.532,83.9,1.062,2025-07-02 18:55:54,51.0,21.5,15.4,18.61,1.51,0,51
0.886,24.25,0.891,83.84,1.013,2025-07-02 21:26:00,52.0,21.5,16.1,19.01,1.33,0,52
0.921,24.283,0.535,84.28,1.045,2025-07-02 21:26:00,52.0,21.5,16.1,19.01,1.33,0,52
0.888,24.343,0.452,84.19,1.056,2025-07-02 21:26:00,52.0,21.5,16.1,19.01,1.33,0,52
0.906,24.317,0.58,84.42,1.037,2025-07-02 21:26:00,52.0,21.5,16.1,19.01,1.33,0,52
0.893,24.326,0.68,83.89,1.004,2025-07-02 21:26:00,52.0,21.5,16.1,19.01,1.33,0,52
0.885,24.293,0.472,83.9,1.099,2025-07-02 21:26:00,52.0,21.5,16.1,19.01,1.33,0,52
0.883,24.249,0.588,83.96,0.995,2025-07-02 21:26:00,52.0,21.5,16.1,19.01,1.33,0,52
0.906,24.306,0.823,84.22,1.096,2025-07-02 21:26:00,52.0,21.5,16.1,19.01,1.33,0,52
0.878,24.257,0.698,83.77,1.048,2025-07-02 21:26:00,52.0,21.5,16.1,19.01,1.33,0,52
0.886,24.258,0.374,84.17,0.986,2025-07-02 21:26:00,52.0,21.5,16.1,19.01,1.33,0,52
0.933,24.354,0.791,84.15,1.051,2025-07-02 21:26:00,52.0,21.5,16.1,19.01,1.33,0,52
0.916,24.327,0.53,84.17,1.063,2025-07-02 21:26:00,52.0,21.5,16.1,19.01,1.33,0,52
0.9,24.32,0.525,84.35,0.994,2025-07-02 21:26:00,52.0,21.5,16.1,19.01,1.33,0,52
0.908,24.255,0.417,83.88,1.019,2025-07-02 21:26:00,52.0,21.5,16.1,19.01,1.33,0,52
0.924,24.271,0.693,84.52,1.062,2025-07-02 21:26:00,52.0,21.5,16.1,19.01,1.33,0,52
0.921,24.336,0.61,84.06,1.025,2025-07-02 21:26:00,52.0,21.5,16.1,19.01,1.33,0,52
0.893,24.298,0.658,84.13,1.035,2025-07-02 21:26:00,52.0,21.5,16.1,19.01,1.33,0,52
0.897,24.23,0.565,83.81,1.095,2025-07-02 21:26:00,52.0,21.5,16.1,19.01,1.33,0,52
0.913,24.318,0.68,84.33,1.093,2025-07-02 21:26:00,52.0,21.5,16.1,19.01,1.33,0,52
0.883,24.309,0.62,83.89,1.063,2025-07-02 21:26:00,52.0,21.5,16.1,19.01,1.33,0,52
0.898,24.299,0.653,84.23,0.99,2025-07-03 11:35:47,53.0,19.7,15.0,17.16,1.28,0,53
0.926,24.32,0.821,83.86,1.019,2025-07-03 11:35:47,53.0,19.7,15.0,17.16,1.28,0,53
0.898,24.315,0.708,84.03,1.107,2025-07-03 11:35:47,53.0,19.7,15.0,17.16,1.28,0,53
0.921,24.326,0.768,83.88,1.018,2025-07-03 11:35:47,53.0,19.7,15.0,17.16,1.28,0,53
0.94,24.339,0.49,83.86,1.097,2025-07-03 11:35:47,53.0,19.7,15.0,17.16,1.28,0,53
0.895,24.262,0.696,84.12,1.095,2025-07-03 11:35:47,53.0,19.7,15.0,17.16,1.28,0,53
0.911,24.277,0.608,84.22,1.053,2025-07-03 11:35:47,53.0,19.7,15.0,17.16,1.28,0,53
0.901,24.313,0.896,84.19,1.01,2025-07-03 11:35:47,53.0,19.7,15.0,17.16,1.28,0,53
0.914,24.372,0.668,84.3,1.137,2025-07-03 11:35:47,53.0,19.7,15.0,17.16,1.28,0,53
0.898,24.373,0.447,84.11,0.963,2025-07-03 11:35:47,53.0,19.7,15.0,17.16,1.28,0,53
0.873,24.375,0.427,83.7,1.004,2025-07-03 11:35:47,53.0,19.7,15.0,17.16,1.28,0,53
0.883,24.268,0.402,83.77,0.998,2025-07-03 11:35:47,53.0,19.7,15.0,17.16,1.28,0,53
0.892,24.241,0.726,84.04,1.011,2025-07-03 11:35:47,53.0,19.7,15.0,17.16,1.28,0,53
0.923,24.351,0.515,84.22,1.037,2025-07-03 11:35:47,53.0,19.7,15.0,17.16,1.28,0,53
0.886,24.309,0.542,83.95,1.105,2025-07-03 11:35:47,53.0,19.7,15.0,17.16,1.28,0,53
0.918,24.309,0.482,83.74,1.018,2025-07-03 11:35:47,53.0,19.7,15.0,17.16,1.28,0,53
0.888,24.278,0.422,83.89,1.029,2025-07-03 11:35:47,53.0,19.7,15.0,17.16,1.28,0,53
0.913,24.431,0.653,84.02,1.04,2025-07-03 13:10:52,54.0,23.7,15.7,19.14,1.84,0,54
0.913,24.381,0.562,84.13,1.046,2025-07-03 13:10:52,54.0,23.7,15.7,19.14,1.84,0,54
0.894,24.39,0.66,83.66,1.008,2025-07-03 13:10:52,54.0,23.7,15.7,19.14,1.84,0,54
0.922,24.387,0.417,84.35,0.985,2025-07-03 13:10:52,54.0,23.7,15.7,19.14,1.84,0,54
0.912,24.335,0.5,83.95,1.05,2025-07-03 13:10:52,54.0,23.7,15.7,19.14,1.84,0,54
0.87,24.36,0.706,84.1,1.075,2025-07-03 13:10:52,54.0,23.7,15.7,19.14,1.84,0,54
0.922,24.417,0.693,84.22,1.062,2025-07-03 13:10:52,54.0,23.7,15.7,19.14,1.84,0,54
0.893,24.285,0.525,84.19,1.057,2025-07-03 13:10:52,54.0,23.7,15.7,19.14,1.84,0,54
0.949,24.368,0.618,84.06,1.104,2025-07-03 13:10:52,54.0,23.7,15.7,19.14,1.84,0,54
0.884,24.338,0.67,84.2,1.061,2025-07-03 13:10:52,54.0,23.7,15.7,19.14,1.84,0,54
0.924,24.342,0.575,83.95,1.027,2025-07-03 13:10:52,54.0,23.7,15.7,19.14,1.84,0,54
0.927,24.31,0.718,84.22,1.05,2025-07-03 13:10:52,54.0,23.7,15.7,19.14,1.84,0,54
0.872,24.328,0.846,83.95,1.063,2025-07-03 13:10:52,54.0,23.7,15.7,19.14,1.84,0,54
0.912,24.292,0.645,83.84,1.032,2025-07-03 13:10:52,54.0,23.7,15.7,19.14,1.84,0,54
0.908,24.388,0.568,84.06,1.037,2025-07-03 13:10:52,54.0,23.7,15.7,19.14,1.84,0,54
0.895,24.291,0.62,83.96,1.031,2025-07-03 13:10:52,54.0,23.7,15.7,19.14,1.84,0,54
0.906,24.367,0.741,84.32,1.028,2025-07-03 13:10:52,54.0,23.7,15.7,19.14,1.84,0,54
0.873,24.318,0.434,84.32,0.999,2025-07-03 18:51:03,55.0,22.6,15.3,18.81,1.78,0,55
0.924,24.338,0.615,84.11,1.124,2025-07-03 18:51:03,55.0,22.6,15.3,18.81,1.78,0,55
0.884,24.32,0.487,84.09,1.086,2025-07-03 18:51:03,55.0,22.6,15.3,18.81,1.78,0,55
0.907,24.328,0.515,84.07,1.05,2025-07-03 18:51:03,55.0,22.6,15.3,18.81,1.78,0,55
0.933,24.378,0.562,83.98,1.138,2025-07-03 18:51:03,55.0,22.6,15.3,18.81,1.78,0,55
0.897,24.319,0.718,84.22,1.071,2025-07-03 18:51:03,55.0,22.6,15.3,18.81,1.78,0,55
0.88,24.316,0.57,84.14,1.137,2025-07-03 18:51:03,55.0,22.6,15.3,18.81,1.78,0,55
0.91,24.384,0.748,84.23,1.052,2025-07-03 18:51:03,55.0,22.6,15.3,18.81,1.78,0,55
0.894,24.242,0.374,84.16,1.006,2025-07-03 18:51:03,55.0,22.6,15.3,18.81,1.78,0,55
0.939,24.384,0.572,84.14,1.011,2025-07-03 18:51:03,55.0,22.6,15.3,18.81,1.78,0,55
0.898,24.309,0.645,83.91,1.099,2025-07-03 18:51:03,55.0,22.6,15.3,18.81,1.78,0,55
0.908,24.275,0.525,83.97,1.083,2025-07-03 18:51:03,55.0,22.6,15.3,18.81,1.78,0,55
0.903,24.31,0.532,84.26,1.001,2025-07-03 18:51:03,55.0,22.6,15.3,18.81,1.78,0,55
0.91,24.306,1.07,84.13,1.034,2025-07-03 18:51:03,55.0,22.6,15.3,18.81,1.78,0,55
0.903,24.327,0.455,83.85,1.055,2025-07-03 18:51:03,55.0,22.6,15.3,18.81,1.78,0,55
0.9,24.301,0.829,84.11,1.103,2025-07-03 18:51:03,55.0,22.6,15.3,18.81,1.78,0,55
0.91,24.373,0.738,83.65,1.071,2025-07-03 18:51:03,55.0,22.6,15.3,18.81,1.78,0,55
0.893,24.34,0.753,83.93,1.015,2025-07-03 18:51:03,55.0,22.6,15.3,18.81,1.78,0,55
0.906,24.362,0.198,84.22,1.036,2025-07-03 18:51:03,55.0,22.6,15.3,18.81,1.78,0,55
0.915,24.289,0.59,83.94,1.055,2025-08-11 13:05:44,56.0,22.0,16.2,18.63,1.41,0,56
0.913,24.34,0.638,84.15,1.064,2025-08-11 13:05:44,56.0,22.0,16.2,18.63,1.41,0,56
0.909,24.269,0.48,84.07,0.996,2025-08-11 13:05:44,56.0,22.0,16.2,18.63,1.41,0,56
0.903,24.303,0.515,84.08,1.015,2025-08-11 13:05:44,56.0,22.0,16.2,18.63,1.41,0,56
0.906,24.219,0.605,84.13,1.018,2025-08-11 13:05:44,56.0,22.0,16.2,18.63,1.41,0,56
0.903,24.329,0.5,84.29,1.045,2025-08-11 13:05:44,56.0,22.0,16.2,18.63,1.41,0,56
0.891,24.245,0.588,84.14,1.094,2025-08-11 13:05:44,56.0,22.0,16.2,18.63,1.41,0,56
0.902,24.231,0.585,84.16,1.061,2025-08-11 13:05:44,56.0,22.0,16.2,18.63,1.41,0,56
0.886,24.228,0.821,84.19,1.012,2025-08-11 13:05:44,56.0,22.0,16.2,18.63,1.41,0,56
0.901,24.228,0.583,84.17,1.022,2025-08-11 13:05:44,56.0,22.0,16.2,18.63,1.41,0,56
0.899,24.207,0.713,84.19,1.079,2025-08-11 13:05:44,56.0,22.0,16.2,18.63,1.41,0,56
0.901,24.266,0.467,84.24,1.065,2025-08-11 13:05:44,56.0,22.0,16.2,18.63,1.41,0,56
0.894,24.228,0.784,83.99,1.037,2025-08-11 13:05:44,56.0,22.0,16.2,18.63,1.41,0,56
0.865,24.235,0.555,83.99,1.005,2025-08-11 13:05:44,56.0,22.0,16.2,18.63,1.41,0,56
0.908,24.281,0.771,84.5,1.039,2025-08-11 13:05:44,56.0,22.0,16.2,18.63,1.41,0,56
0.903,24.328,0.578,84.14,1.017,2025-08-11 13:05:44,56.0,22.0,16.2,18.63,1.41,0,56
0.913,24.255,0.457,83.94,1.031,2025-08-11 13:05:44,56.0,22.0,16.2,18.63,1.41,0,56
0.905,24.304,0.558,83.85,1.068,2025-08-11 13:05:44,56.0,22.0,16.2,18.63,1.41,0,56
0.9,24.391,0.656,84.09,0.974,2025-08-11 19:05:58,57.0,19.0,15.0,17.31,1.34,0,57
0.903,24.369,0.887,83.96,0.966,2025-08-11 19:05:58,57.0,19.0,15.0,17.31,1.34,0,57
0.901,24.364,0.618,83.73,0.961,2025-08-11 19:05:58,57.0,19.0,15.0,17.31,1.34,0,57
0.889,24.419,0.809,83.92,0.99,2025-08-11 19:05:58,57.0,19.0,15.0,17.31,1.34,0,57
0.882,24.343,1.027,84.0,0.998,2025-08-11 19:05:58,57.0,19.0,15.0,17.31,1.34,0,57
0.88,24.313,0.497,83.96,1.052,2025-08-11 19:05:58,57.0,19.0,15.0,17.31,1.34,0,57
0.897,24.343,0.5,83.83,0.965,2025-08-11 19:05:58,57.0,19.0,15.0,17.31,1.34,0,57
0.879,24.415,0.548,84.04,1.024,2025-08-11 19:05:58,57.0,19.0,15.0,17.31,1.34,0,57
0.914,24.377,0.397,83.95,0.991,2025-08-11 19:05:58,57.0,19.0,15.0,17.31,1.34,0,57
0.896,24.407,0.527,84.13,1.037,2025-08-11 19:05:58,57.0,19.0,15.0,17.31,1.34,0,57
0.92,24.345,0.794,83.97,1.035,2025-08-11 19:05:58,57.0,19.0,15.0,17.31,1.34,0,57
0.879,24.356,0.613,83.99,1.075,2025-08-11 19:05:58,57.0,19.0,15.0,17.31,1.34,0,57
0.907,24.392,0.47,84.03,1.059,2025-08-11 19:05:58,57.0,19.0,15.0,17.31,1.34,0,57
0.902,24.426,0.721,83.76,0.959,2025-08-11 19:05:58,57.0,19.0,15.0,17.31,1.34,0,57
0.905,24.384,0.548,83.99,1.014,2025-08-11 19:05:58,57.0,19.0,15.0,17.31,1.34,0,57
0.891,24.375,0.706,84.29,1.015,2025-08-11 19:05:58,57.0,19.0,15.0,17.31,1.34,0,57
0.905,24.353,0.824,84.11,1.015,2025-08-11 19:05:58,57.0,19.0,15.0,17.31,1.34,0,57
0.904,24.362,0.739,83.84,0.967,2025-08-11 19:05:58,57.0,19.0,15.0,17.31,1.34,0,57
0.865,24.344,0.542,83.88,0.965,2025-08-11 19:05:58,57.0,19.0,15.0,17.31,1.34,0,57
0.91,24.4,0.595,83.99,1.099,2025-08-11 21:16:05,58.0,19.8,15.0,17.65,1.51,0,58
0.869,24.306,0.422,84.14,0.978,2025-08-11 21:16:05,58.0,19.8,15.0,17.65,1.51,0,58
0.891,24.396,0.743,83.79,1.085,2025-08-11 21:16:05,58.0,19.8,15.0,17.65,1.51,0,58
0.917,24.443,0.698,84.06,1.015,2025-08-11 21:16:05,58.0,19.8,15.0,17.65,1.51,0,58
0.902,24.362,0.485,84.25,1.126,2025-08-11 21:16:05,58.0,19.8,15.0,17.65,1.51,0,58
0.885,24.365,0.505,83.85,1.018,2025-08-11 21:16:05,58.0,19.8,15.0,17.65,1.51,0,58
0.899,24.37,0.417,84.16,1.05,2025-08-11 21:16:05,58.0,19.8,15.0,17.65,1.51,0,58
0.929,24.415,0.708,83.84,1.077,2025-08-11 21:16:05,58.0,19.8,15.0,17.65,1.51,0,58
0.888,24.254,1.05,83.97,1.029,2025-08-11 21:16:05,58.0,19.8,15.0,17.65,1.51,0,58
0.897,24.347,1.002,84.16,0.996,2025-08-11 21:16:05,58.0,19.8,15.0,17.65,1.51,0,58
0.921,24.444,0.698,84.19,0.974,2025-08-11 21:16:05,58.0,19.8,15.0,17.65,1.51,0,58
0.924,24.42,0.671,84.02,1.049,2025-08-11 21:16:05,58.0,19.8,15.0,17.65,1.51,0,58
0.888,24.361,0.683,84.01,1.04,2025-08-11 21:16:05,58.0,19.8,15.0,17.65,1.51,0,58
0.903,24.371,0.492,83.85,1.079,2025-08-11 21:16:05,58.0,19.8,15.0,17.65,1.51,0,58
0.891,24.447,0.63,84.0,1.101,2025-08-11 21:16:05,58.0,19.8,15.0,17.65,1.51,0,58
0.872,24.356,0.626,84.06,1.092,2025-08-11 21:16:05,58.0,19.8,15.0,17.65,1.51,0,58
0.925,24.416,0.58,83.83,1.034,2025-08-11 21:16:05,58.0,19.8,15.0,17.65,1.51,0,58
0.925,24.414,0.748,84.15,0.974,2025-08-12 11:37:25,59.0,21.1,15.1,17.87,1.36,0,59
0.898,24.403,0.47,84.18,1.014,2025-08-12 11:37:25,59.0,21.1,15.1,17.87,1.36,0,59
0.929,24.401,0.555,83.78,1.045,2025-08-12 11:37:25,59.0,21.1,15.1,17.87,1.36,0,59
0.882,24.356,0.748,83.87,0.96,2025-08-12 11:37:25,59.0,21.1,15.1,17.87,1.36,0,59
0.856,24.374,0.359,83.99,0.957,2025-08-12 11:37:25,59.0,21.1,15.1,17.87,1.36,0,59
0.9,24.417,0.475,83.99,0.967,2025-08-12 11:37:25,59.0,21.1,15.1,17.87,1.36,0,59
0.883,24.323,0.671,84.13,1.015,2025-08-12 11:37:25,59.0,21.1,15.1,17.87,1.36,0,59
0.908,24.421,0.691,83.92,1.022,2025-08-12 11:37:25,59.0,21.1,15.1,17.87,1.36,0,59
0.902,24.35,0.769,83.97,1.049,2025-08-12 11:37:25,59.0,21.1,15.1,17.87,1.36,0,59
0.894,24.4,0.482,84.28,1.004,2025-08-12 11:37:25,59.0,21.1,15.1,17.87,1.36,0,59
0.885,24.403,0.874,84.11,1.003,2025-08-12 11:37:25,59.0,21.1,15.1,17.87,1.36,0,59
0.919,24.386,0.359,83.82,1.083,2025-08-12 11:37:25,59.0,21.1,15.1,17.87,1.36,0,59
0.888,24.356,0.753,84.06,1.044,2025-08-12 11:37:25,59.0,21.1,15.1,17.87,1.36,0,59
0.895,24.282,0.681,83.8,1.045,2025-08-12 11:37:25,59.0,21.1,15.1,17.87,1.36,0,59
0.915,24.353,0.5,84.0,1.117,2025-08-12 11:37:25,59.0,21.1,15.1,17.87,1.36,0,59
0.9,24.315,0.723,83.62,1.049,2025-08-12 11:37:25,59.0,21.1,15.1,17.87,1.36,0,59
0.944,24.352,0.48,84.09,1.085,2025-08-12 13:07:30,60.0,20.9,15.5,17.94,1.39,0,60
0.884,24.341,0.482,84.2,0.981,2025-08-12 13:07:30,60.0,20.9,15.5,17.94,1.39,0,60
0.939,24.338,0.63,84.14,1.054,2025-08-12 13:07:30,60.0,20.9,15.5,17.94,1.39,0,60
0.903,24.302,0.522,83.83,1.084,2025-08-12 13:07:30,60.0,20.9,15.5,17.94,1.39,0,60
0.896,24.352,0.45,84.01,1.011,2025-08-12 13:07:30,60.0,20.9,15.5,17.94,1.39,0,60
0.926,24.344,0.457,84.2,1.095,2025-08-12 13:07:30,60.0,20.9,15.5,17.94,1.39,0,60
0.926,24.303,0.967,84.33,1.014,2025-08-12 13:07:30,60.0,20.9,15.5,17.94,1.39,0,60
0.9,24.312,0.844,83.98,1.058,2025-08-12 13:07:30,60.0,20.9,15.5,17.94,1.39,0,60
0.917,24.345,0.407,83.79,1.014,2025-08-12 13:07:30,60.0,20.9,15.5,17.94,1.39,0,60
0.888,24.343,0.6,83.77,1.108,2025-08-12 13:07:30,60.0,20.9,15.5,17.94,1.39,0,60
0.902,24.383,0.487,83.9,1.077,2025-08-12 13:07:30,60.0,20.9,15.5,17.94,1.39,0,60
0.933,24.355,0.603,84.0,1.066,2025-08-12 13:07:30,60.0,20.9,15.5,17.94,1.39,0,60
0.887,24.316,0.831,84.13,0.997,2025-08-12 13:07:30,60.0,20.9,15.5,17.94,1.39,0,60
0.895,24.286,0.844,84.14,1.051,2025-08-12 13:07:30,60.0,20.9,15.5,17.94,1.39,0,60
0.893,24.282,0.367,84.21,0.986,2025-08-12 13:07:30,60.0,20.9,15.5,17.94,1.39,0,60
0.902,24.363,0.884,83.99,1.039,2025-08-12 13:07:30,60.0,20.9,15.5,17.94,1.39,0,60
0.897,24.363,0.605,84.05,1.012,2025-08-12 13:07:30,60.0,20.9,15.5,17.94,1.39,0,60
0.902,24.326,0.716,84.14,1.049,2025-08-12 13:07:30,60.0,20.9,15.5,17.94,1.39,0,60
0.902,24.303,0.419,83.77,1.058,2025-08-12 13:07:30,60.0,20.9,15.5,17.94,1.39,0,60
0.896,24.347,0.726,83.9,1.078,2025-08-12 13:07:30,60.0,20.9,15.5,17.94,1.39,0,60
0.888,24.26,0.789,84.17,1.062,2025-08-12 18:47:42,61.0,19.2,14.8,16.85,1.19,0,61
0.889,24.287,0.573,84.15,1.037,2025-08-12 18:47:42,61.0,19.2,14.8,16.85,1.19,0,61
0.898,24.258,0.552,84.06,1.021,2025-08-12 18:47:42,61.0,19.2,14.8,16.85,1.19,0,61
0.907,24.365,0.512,83.76,1.086,2025-08-12 18:47:42,61.0,19.2,14.8,16.85,1.19,0,61
0.896,24.328,0.507,83.64,1.067,2025-08-12 18:47:42,61.0,19.2,14.8,16.85,1.19,0,61
0.878,24.306,0.61,83.96,1.055,2025-08-12 18:47:42,61.0,19.2,14.8,16.85,1.19,0,61
0.926,24.329,0.625,83.99,1.074,2025-08-12 18:47:42,61.0,19.2,14.8,16.85,1.19,0,61
0.913,24.22,0.753,84.29,1.035,2025-08-12 18:47:42,61.0,19.2,14.8,16.85,1.19,0,61
0.897,24.334,0.425,84.02,0.992,2025-08-12 18:47:42,61.0,19.2,14.8,16.85,1.19,0,61
0.908,24.253,0.553,84.1,1.087,2025-08-12 18:47:42,61.0,19.2,14.8,16.85,1.19,0,61
0.893,24.296,0.367,84.19,0.996,2025-08-12 18:47:42,61.0,19.2,14.8,16.85,1.19,0,61
0.926,24.291,0.588,83.86,1.105,2025-08-12 18:47:42,61.0,19.2,14.8,16.85,1.19,0,61
0.891,24.279,0.477,84.07,1.074,2025-08-12 18:47:42,61.0,19.2,14.8,16.85,1.19,0,61
0.907,24.371,0.721,84.13,1.118,2025-08-12 18:47:42,61.0,19.2,14.8,16.85,1.19,0,61
0.874,24.336,0.927,84.16,1.047,2025-08-12 18:47:42,61.0,19.2,14.8,16.85,1.19,0,61
0.9,24.24,0.65,83.93,1.081,2025-08-12 18:47:42,61.0,19.2,14.8,16.85,1.19,0,61
0.911,24.272,0.467,83.8,1.051,2025-08-12 18:47:42,61.0,19.2,14.8,16.85,1.19,0,61
0.897,24.279,0.58,84.47,1.038,2025-08-12 18:47:42,61.0,19.2,14.8,16.85,1.19,0,61
0.914,24.451,0.618,83.82,0.979,2025-08-12 21:27:49,62.0,18.9,14.5,16.93,1.0,0,62
0.91,24.356,0.743,83.93,1.096,2025-08-12 21:27:49,62.0,18.9,14.5,16.93,1.0,0,62
0.892,24.435,0.568,84.16,1.067,2025-08-12 21:27:49,62.0,18.9,14.5,16.93,1.0,0,62
0.907,24.34,0.545,83.65,0.993,2025-08-12 21:27:49,62.0,18.9,14.5,16.93,1.0,0,62
0.906,24.356,0.718,84.14,1.061,2025-08-12 21:27:49,62.0,18.9,14.5,16.93,1.0,0,62
0.917,24.305,0.593,84.23,1.006,2025-08-12 21:27:49,62.0,18.9,14.5,16.93,1.0,0,62
0.905,24.349,0.583,84.18,0.946,2025-08-12 21:27:49,62.0,18.9,14.5,16.93,1.0,0,62
0.896,24.294,0.444,84.17,1.067,2025-08-12 21:27:49,62.0,18.9,14.5,16.93,1.0,0,62
0.907,24.339,0.452,84.16,1.041,2025-08-12 21:27:49,62.0,18.9,14.5,16.93,1.0,0,62
0.91,24.361,0.334,84.14,1.013,2025-08-12 21:27:49,62.0,18.9,14.5,16.93,1.0,0,62
0.92,24.215,0.661,84.13,1.015,2025-08-12 21:27:49,62.0,18.9,14.5,16.93,1.0,0,62
0.884,24.318,0.613,84.06,1.018,2025-08-12 21:27:49,62.0,18.9,14.5,16.93,1.0,0,62
0.857,24.245,0.563,83.86,0.976,2025-08-12 21:27:49,62.0,18.9,14.5,16.93,1.0,0,62
0.902,24.306,0.555,84.12,1.045,2025-08-12 21:27:49,62.0,18.9,14.5,16.93,1.0,0,62
0.893,24.328,0.53,84.06,0.995,2025-08-12 21:27:49,62.0,18.9,14.5,16.93,1.0,0,62
0.932,24.275,0.635,84.11,1.075,2025-08-12 21:27:49,62.0,18.9,14.5,16.93,1.0,0,62
0.923,24.327,0.653,83.94,1.047,2025-08-12 21:27:49,62.0,18.9,14.5,16.93,1.0,0,62
0.943,24.276,0.467,84.1,1.075,2025-08-12 21:27:49,62.0,18.9,14.5,16.93,1.0,0,62
0.936,24.327,0.675,84.34,1.041,2025-08-20 11:13:51,63.0,21.1,16.9,18.97,1.12,0,63
0.918,24.263,0.655,84.07,1.022,2025-08-20 11:13:51,63.0,21.1,16.9,18.97,1.12,0,63
0.936,24.334,0.58,83.91,1.014,2025-08-20 11:13:51,63.0,21.1,16.9,18.97,1.12,0,63
0.904,24.235,0.512,84.09,0.985,2025-08-20 11:13:51,63.0,21.1,16.9,18.97,1.12,0,63
0.892,24.228,0.565,84.25,1.021,2025-08-20 11:13:51,63.0,21.1,16.9,18.97,1.12,0,63
0.947,24.359,0.829,83.86,1.035,2025-08-20 11:13:51,63.0,21.1,16.9,18.97,1.12,0,63
0.94,24.29,0.545,84.09,1.071,2025-08-20 11:13:51,63.0,21.1,16.9,18.97,1.12,0,63
0.906,24.275,0.419,84.07,1.016,2025-08-20 11:13:51,63.0,21.1,16.9,18.97,1.12,0,63
0.891,24.317,0.738,84.01,1.011,2025-08-20 11:13:51,63.0,21.1,16.9,18.97,1.12,0,63
0.901,24.279,0.635,84.01,1.067,2025-08-20 11:13:51,63.0,21.1,16.9,18.97,1.12,0,63
0.917,24.312,0.402,84.08,1.041,2025-08-20 11:13:51,63.0,21.1,16.9,18.97,1.12,0,63
0.916,24.273,0.552,83.89,0.996,2025-08-20 11:13:51,63.0,21.1,16.9,18.97,1.12,0,63
0.902,24.23,0.582,84.14,1.006,2025-08-20 11:13:51,63.0,21.1,16.9,18.97,1.12,0,63
0.92,24.262,0.437,84.08,1.027,2025-08-20 11:13:51,63.0,21.1,16.9,18.97,1.12,0,63
0.924,24.248,0.743,84.04,1.049,2025-08-20 11:13:51,63.0,21.1,16.9,18.97,1.12,0,63
0.941,24.263,0.711,84.04,1.044,2025-08-20 11:13:51,63.0,21.1,16.9,18.97,1.12,0,63
0.934,24.287,0.49,83.85,1.088,2025-08-20 11:13:51,63.0,21.1,16.9,18.97,1.12,0,63
0.907,24.265,0.665,84.13,1.014,2025-08-20 11:13:51,63.0,21.1,16.9,18.97,1.12,0,63
0.904,24.377,0.452,84.07,0.946,2025-08-20 13:14:02,64.0,19.5,15.8,17.59,1.03,0,64
0.884,24.296,0.59,84.3,0.978,2025-08-20 13:14:02,64.0,19.5,15.8,17.59,1.03,0,64
0.928,24.313,0.63,84.02,0.981,2025-08-20 13:14:02,64.0,19.5,15.8,17.59,1.03,0,64
0.922,24.34,0.482,83.89,0.98,2025-08-20 13:14:02,64.0,19.5,15.8,17.59,1.03,0,64
0.895,24.299,0.495,83.89,0.946,2025-08-20 13:14:02,64.0,19.5,15.8,17.59,1.03,0,64
0.91,24.248,0.761,83.98,0.969,2025-08-20 13:14:02,64.0,19.5,15.8,17.59,1.03,0,64
0.86,24.318,0.625,84.24,0.979,2025-08-20 13:14:02,64.0,19.5,15.8,17.59,1.03,0,64
0.858,24.331,0.332,84.13,0.939,2025-08-20 13:14:02,64.0,19.5,15.8,17.59,1.03,0,64
0.921,24.326,0.57,84.07,0.977,2025-08-20 13:14:02,64.0,19.5,15.8,17.59,1.03,0,64
0.911,24.28,0.841,84.03,1.04,2025-08-20 13:14:02,64.0,19.5,15.8,17.59,1.03,0,64
0.91,24.426,0.575,84.06,0.982,2025-08-20 13:14:02,64.0,19.5,15.8,17.59,1.03,0,64
0.903,24.415,0.505,83.97,1.036,2025-08-20 13:14:02,64.0,19.5,15.8,17.59,1.03,0,64
0.888,24.393,0.575,83.78,0.986,2025-08-20 13:14:02,64.0,19.5,15.8,17.59,1.03,0,64
0.879,24.279,0.655,83.95,0.959,2025-08-20 13:14:02,64.0,19.5,15.8,17.59,1.03,0,64
0.882,24.303,0.819,83.92,0.985,2025-08-20 13:14:02,64.0,19.5,15.8,17.59,1.03,0,64
0.92,24.345,0.61,84.04,0.974,2025-08-20 18:49:12,65.0,19.2,14.8,17.58,1.07,0,65
0.909,24.414,0.522,83.9,1.072,2025-08-20 18:49:12,65.0,19.2,14.8,17.58,1.07,0,65
0.911,24.376,0.658,83.99,1.03,2025-08-20 18:49:12,65.0,19.2,14.8,17.58,1.07,0,65
0.873,24.313,0.281,83.96,1.017,2025-08-20 18:49:12,65.0,19.2,14.8,17.58,1.07,0,65
0.939,24.396,0.598,84.01,1.019,2025-08-20 18:49:12,65.0,19.2,14.8,17.58,1.07,0,65
0.932,24.392,0.623,84.03,1.054,2025-08-20 18:49:12,65.0,19.2,14.8,17.58,1.07,0,65
0.924,24.405,0.768,84.09,1.064,2025-08-20 18:49:12,65.0,19.2,14.8,17.58,1.07,0,65
0.898,24.34,0.806,84.47,0.997,2025-08-20 18:49:12,65.0,19.2,14.8,17.58,1.07,0,65
0.921,24.316,0.572,83.89,1.037,2025-08-20 18:49:12,65.0,19.2,14.8,17.58,1.07,0,65
0.922,24.386,0.439,84.21,0.984,2025-08-20 18:49:12,65.0,19.2,14.8,17.58,1.07,0,65
0.93,24.399,0.61,84.24,1.05,2025-08-20 18:49:12,65.0,19.2,14.8,17.58,1.07,0,65
0.946,24.299,0.743,84.2,1.087,2025-08-20 18:49:12,65.0,19.2,14.8,17.58,1.07,0,65
0.888,24.374,0.54,84.12,1.091,2025-08-20 18:49:12,65.0,19.2,14.8,17.58,1.07,0,65
0.91,24.343,0.793,83.94,1.032,2025-08-20 18:49:12,65.0,19.2,14.8,17.58,1.07,0,65
0.903,24.317,0.311,83.99,1.064,2025-08-20 18:49:12,65.0,19.2,14.8,17.58,1.07,0,65
0.921,24.339,0.854,84.02,1.091,2025-08-20 18:49:12,65.0,19.2,14.8,17.58,1.07,0,65
0.932,24.386,0.462,83.72,1.028,2025-08-20 18:49:12,65.0,19.2,14.8,17.58,1.07,0,65
0.93,24.318,0.585,84.01,1.127,2025-08-20 18:49:12,65.0,19.2,14.8,17.58,1.07,0,65
0.936,24.354,0.547,83.93,1.037,2025-08-20 21:29:18,66.0,22.0,14.8,17.23,1.74,0,66
0.899,24.371,0.414,84.03,1.055,2025-08-20 21:29:18,66.0,22.0,14.8,17.23,1.74,0,66
0.929,24.364,0.56,84.05,1.134,2025-08-20 21:29:18,66.0,22.0,14.8,17.23,1.74,0,66
0.894,24.29,1.08,84.0,1.04,2025-08-20 21:29:18,66.0,22.0,14.8,17.23,1.74,0,66
0.915,24.364,0.587,84.05,1.039,2025-08-20 21:29:18,66.0,22.0,14.8,17.23,1.74,0,66
0.85,24.32,0.5,84.12,0.991,2025-08-20 21:29:18,66.0,22.0,14.8,17.23,1.74,0,66
0.881,24.298,0.931,83.85,1.065,2025-08-20 21:29:18,66.0,22.0,14.8,17.23,1.74,0,66
0.912,24.299,0.648,84.1,0.963,2025-08-20 21:29:18,66.0,22.0,14.8,17.23,1.74,0,66
0.9,24.323,0.568,84.11,0.978,2025-08-20 21:29:18,66.0,22.0,14.8,17.23,1.74,0,66
0.874,24.279,0.47,84.0,1.054,2025-08-20 21:29:18,66.0,22.0,14.8,17.23,1.74,0,66
0.919,24.275,0.673,84.03,1.017,2025-08-20 21:29:18,66.0,22.0,14.8,17.23,1.74,0,66
0.928,24.343,0.66,84.11,1.022,2025-08-20 21:29:18,66.0,22.0,14.8,17.23,1.74,0,66
0.899,24.351,0.55,83.67,0.925,2025-08-20 21:29:18,66.0,22.0,14.8,17.23,1.74,0,66
0.933,24.303,0.698,84.17,1.132,2025-08-20 21:29:18,66.0,22.0,14.8,17.23,1.74,0,66
0.915,24.33,0.52,83.95,0.99,2025-08-20 21:29:18,66.0,22.0,14.8,17.23,1.74,0,66
0.908,24.342,0.881,83.77,1.0,2025-08-20 21:29:18,66.0,22.0,14.8,17.23,1.74,0,66
0.933,24.336,0.653,84.13,1.105,2025-08-20 21:29:18,66.0,22.0,14.8,17.23,1.74,0,66
0.931,24.393,0.419,83.96,1.006,2025-08-20 21:29:18,66.0,22.0,14.8,17.23,1.74,0,66
0.88,24.247,0.615,84.25,1.033,2025-08-21 11:23:02,67.0,19.7,15.6,17.7,1.36,0,67
0.909,24.222,0.947,83.89,1.052,2025-08-21 11:23:02,67.0,19.7,15.6,17.7,1.36,0,67
0.923,24.282,0.71,84.15,1.053,2025-08-21 11:23:02,67.0,19.7,15.6,17.7,1.36,0,67
0.935,24.285,0.751,84.22,1.051,2025-08-21 11:23:02,67.0,19.7,15.6,17.7,1.36,0,67
0.932,24.244,0.472,83.95,1.06,2025-08-21 11:23:02,67.0,19.7,15.6,17.7,1.36,0,67
0.889,24.277,0.69,84.06,1.001,2025-08-21 11:23:02,67.0,19.7,15.6,17.7,1.36,0,67
0.914,24.273,0.557,83.97,1.105,2025-08-21 11:23:02,67.0,19.7,15.6,17.7,1.36,0,67
0.891,24.284,0.65,83.96,1.026,2025-08-21 11:23:02,67.0,19.7,15.6,17.7,1.36,0,67
0.929,24.304,0.675,84.08,1.041,2025-08-21 11:23:02,67.0,19.7,15.6,17.7,1.36,0,67
0.91,24.278,0.849,84.06,1.067,2025-08-21 11:23:02,67.0,19.7,15.6,17.7,1.36,0,67
0.924,24.25,0.62,84.03,1.064,2025-08-21 11:23:02,67.0,19.7,15.6,17.7,1.36,0,67
0.912,24.189,0.309,83.9,1.012,2025-08-21 11:23:02,67.0,19.7,15.6,17.7,1.36,0,67
0.933,24.26,0.678,84.16,1.068,2025-08-21 11:23:02,67.0,19.7,15.6,17.7,1.36,0,67
0.875,24.239,0.703,84.17,1.026,2025-08-21 11:23:02,67.0,19.7,15.6,17.7,1.36,0,67
0.9,24.248,0.623,84.23,1.147,2025-08-21 11:23:02,67.0,19.7,15.6,17.7,1.36,0,67
0.911,24.25,0.432,83.87,1.017,2025-08-21 11:23:02,67.0,19.7,15.6,17.7,1.36,0,67
0.938,24.288,0.738,84.33,1.021,2025-08-21 11:23:02,67.0,19.7,15.6,17.7,1.36,0,67
0.924,24.298,0.668,84.31,1.05,2025-08-21 11:23:02,67.0,19.7,15.6,17.7,1.36,0,67
0.905,24.246,0.306,83.76,1.054,2025-08-21 11:23:02,67.0,19.7,15.6,17.7,1.36,0,67
0.923,24.444,0.487,83.95,0.968,2025-08-21 13:18:11,68.0,21.8,14.7,18.46,1.85,0,68
0.88,24.289,0.374,83.91,1.007,2025-08-21 13:18:11,68.0,21.8,14.7,18.46,1.85,0,68
0.897,24.417,0.492,84.1,0.962,2025-08-21 13:18:11,68.0,21.8,14.7,18.46,1.85,0,68
0.885,24.32,0.731,84.02,0.965,2025-08-21 13:18:11,68.0,21.8,14.7,18.46,1.85,0,68
0.903,24.401,0.585,83.9,1.012,2025-08-21 13:18:11,68.0,21.8,14.7,18.46,1.85,0,68
0.909,24.406,0.507,83.73,0.963,2025-08-21 13:18:11,68.0,21.8,14.7,18.46,1.85,0,68
0.926,24.186,0.686,83.84,1.039,2025-08-21 13:18:11,68.0,21.8,14.7,18.46,1.85,0,68
0.907,24.303,0.515,84.42,1.026,2025-08-21 13:18:11,68.0,21.8,14.7,18.46,1.85,0,68
0.878,24.183,0.572,83.92,0.967,2025-08-21 13:18:11,68.0,21.8,14.7,18.46,1.85,0,68
0.897,24.434,0.527,83.89,0.987,2025-08-21 13:18:11,68.0,21.8,14.7,18.46,1.85,0,68
0.907,24.283,0.668,84.05,1.008,2025-08-21 13:18:11,68.0,21.8,14.7,18.46,1.85,0,68
0.906,24.367,0.964,84.11,0.986,2025-08-21 13:18:11,68.0,21.8,14.7,18.46,1.85,0,68
0.916,24.388,0.736,84.15,1.048,2025-08-21 13:18:11,68.0,21.8,14.7,18.46,1.85,0,68
0.891,24.411,0.841,84.19,0.943,2025-08-21 13:18:11,68.0,21.8,14.7,18.46,1.85,0,68
0.881,24.276,0.718,84.02,0.998,2025-08-21 13:18:11,68.0,21.8,14.7,18.46,1.85,0,68
0.915,24.192,0.783,83.99,1.002,2025-08-21 13:18:11,68.0,21.8,14.7,18.46,1.85,0,68
0.865,24.286,0.693,83.84,0.971,2025-08-21 13:18:11,68.0,21.8,14.7,18.46,1.85,0,68
0.909,24.44,0.575,83.86,0.974,2025-08-21 13:18:11,68.0,21.8,14.7,18.46,1.85,0,68
0.894,24.346,0.881,84.1,1.067,2025-08-21 19:08:23,69.0,22.1,16.2,18.65,1.71,0,69
0.892,24.295,0.703,83.87,1.024,2025-08-21 19:08:23,69.0,22.1,16.2,18.65,1.71,0,69
0.891,24.314,0.424,83.83,0.969,2025-08-21 19:08:23,69.0,22.1,16.2,18.65,1.71,0,69
0.908,24.358,0.47,83.92,0.969,2025-08-21 19:08:23,69.0,22.1,16.2,18.65,1.71,0,69
0.895,24.333,0.412,84.01,1.073,2025-08-21 19:08:23,69.0,22.1,16.2,18.65,1.71,0,69
0.874,24.286,0.384,83.99,0.94,2025-08-21 19:08:23,69.0,22.1,16.2,18.65,1.71,0,69
0.894,24.243,0.532,84.36,1.055,2025-08-21 19:08:23,69.0,22.1,16.2,18.65,1.71,0,69
0.91,24.335,0.723,83.99,1.097,2025-08-21 19:08:23,69.0,22.1,16.2,18.65,1.71,0,69
0.888,24.297,0.464,84.44,1.092,2025-08-21 19:08:23,69.0,22.1,16.2,18.65,1.71,0,69
0.902,24.331,0.56,83.94,0.914,2025-08-21 19:08:23,69.0,22.1,16.2,18.65,1.71,0,69
0.92,24.305,0.547,83.93,0.975,2025-08-21 19:08:23,69.0,22.1,16.2,18.65,1.71,0,69
0.94,24.35,0.379,83.82,0.998,2025-08-21 19:08:23,69.0,22.1,16.2,18.65,1.71,0,69
0.917,24.386,0.459,83.85,1.063,2025-08-21 19:08:23,69.0,22.1,16.2,18.65,1.71,0,69
0.918,24.326,0.527,83.95,0.986,2025-08-21 19:08:23,69.0,22.1,16.2,18.65,1.71,0,69
0.888,24.363,0.58,83.71,0.993,2025-08-21 19:08:23,69.0,22.1,16.2,18.65,1.71,0,69
0.918,24.372,0.457,83.86,1.015,2025-08-21 19:08:23,69.0,22.1,16.2,18.65,1.71,0,69
0.915,24.338,0.771,84.27,0.992,2025-08-21 19:08:23,69.0,22.1,16.2,18.65,1.71,0,69
0.933,24.322,0.849,84.0,1.148,2025-08-21 19:08:23,69.0,22.1,16.2,18.65,1.71,0,69
0.899,24.309,0.502,83.96,1.082,2025-08-21 19:08:23,69.0,22.1,16.2,18.65,1.71,0,69
0.917,24.258,0.487,84.0,1.066,2025-09-03 14:00:30,70.0,20.7,15.4,18.02,1.37,0,70
0.918,24.283,0.84,83.929,0.98,2025-09-03 14:00:30,70.0,20.7,15.4,18.02,1.37,0,70
0.912,24.17,0.507,84.128,1.124,2025-09-03 14:00:30,70.0,20.7,15.4,18.02,1.37,0,70
0.902,24.237,0.68,84.069,1.007,2025-09-03 14:00:30,70.0,20.7,15.4,18.02,1.37,0,70
0.898,24.218,0.571,84.101,1.122,2025-09-03 14:00:30,70.0,20.7,15.4,18.02,1.37,0,70
0.913,24.248,0.447,83.968,1.114,2025-09-03 14:00:30,70.0,20.7,15.4,18.02,1.37,0,70
0.924,24.19,0.586,83.992,1.019,2025-09-03 14:00:30,70.0,20.7,15.4,18.02,1.37,0,70
0.884,24.233,0.496,83.837,1.063,2025-09-03 14:00:30,70.0,20.7,15.4,18.02,1.37,0,70
0.937,24.305,0.529,83.986,1.059,2025-09-03 14:00:30,70.0,20.7,15.4,18.02,1.37,0,70
0.919,24.244,0.458,84.026,1.058,2025-09-03 14:00:30,70.0,20.7,15.4,18.02,1.37,0,70
0.891,24.255,0.774,83.952,1.069,2025-09-03 14:00:30,70.0,20.7,15.4,18.02,1.37,0,70
0.915,24.242,0.523,84.198,0.987,2025-09-03 14:00:30,70.0,20.7,15.4,18.02,1.37,0,70
0.922,24.294,0.63,83.933,1.074,2025-09-03 14:00:30,70.0,20.7,15.4,18.02,1.37,0,70
0.922,24.248,0.584,84.487,1.055,2025-09-03 14:00:30,70.0,20.7,15.4,18.02,1.37,0,70
0.887,24.376,0.668,84.14,0.993,2025-09-03 19:52:12,71.0,21.5,16.8,19.18,1.42,0,71
0.869,24.353,0.512,83.61,0.967,2025-09-03 19:52:12,71.0,21.5,16.8,19.18,1.42,0,71
0.91,24.41,0.502,83.87,0.909,2025-09-03 19:52:12,71.0,21.5,16.8,19.18,1.42,0,71
0.867,24.305,0.685,83.9,1.015,2025-09-03 19:52:12,71.0,21.5,16.8,19.18,1.42,0,71
0.887,24.366,0.51,84.02,0.973,2025-09-03 19:52:12,71.0,21.5,16.8,19.18,1.42,0,71
0.909,24.441,0.47,84.25,0.933,2025-09-03 19:52:12,71.0,21.5,16.8,19.18,1.42,0,71
0.88,24.458,0.487,83.91,1.039,2025-09-03 19:52:12,71.0,21.5,16.8,19.18,1.42,0,71
0.877,24.386,0.844,84.21,1.062,2025-09-03 19:52:12,71.0,21.5,16.8,19.18,1.42,0,71
0.897,24.468,0.472,83.98,1.012,2025-09-03 19:52:12,71.0,21.5,16.8,19.18,1.42,0,71
0.883,24.342,0.535,84.04,1.005,2025-09-03 19:52:12,71.0,21.5,16.8,19.18,1.42,0,71
0.868,24.29,0.723,83.94,0.996,2025-09-03 19:52:12,71.0,21.5,16.8,19.18,1.42,0,71
0.875,24.393,0.525,83.95,1.027,2025-09-03 19:52:12,71.0,21.5,16.8,19.18,1.42,0,71
0.91,24.398,0.545,84.0,0.957,2025-09-03 19:52:12,71.0,21.5,16.8,19.18,1.42,0,71
0.883,24.413,0.49,83.73,1.092,2025-09-03 19:52:12,71.0,21.5,16.8,19.18,1.42,0,71
0.937,24.443,0.756,84.01,1.143,2025-09-03 19:52:12,71.0,21.5,16.8,19.18,1.42,0,71
0.91,24.422,0.545,84.13,0.95,2025-09-03 19:52:12,71.0,21.5,16.8,19.18,1.42,0,71
0.875,24.298,0.417,84.17,0.997,2025-09-03 19:52:12,71.0,21.5,16.8,19.18,1.42,0,71
0.902,24.374,0.56,84.14,1.001,2025-09-04 11:21:51,72.0,22.2,15.9,17.95,1.41,0,72
0.914,24.27,0.475,83.97,0.989,2025-09-04 11:21:51,72.0,22.2,15.9,17.95,1.41,0,72
0.88,24.243,0.603,84.23,1.066,2025-09-04 11:21:51,72.0,22.2,15.9,17.95,1.41,0,72
0.928,24.332,0.442,84.24,1.058,2025-09-04 11:21:51,72.0,22.2,15.9,17.95,1.41,0,72
0.894,24.226,0.588,84.16,1.103,2025-09-04 11:21:51,72.0,22.2,15.9,17.95,1.41,0,72
0.902,24.327,0.64,84.24,0.981,2025-09-04 11:21:51,72.0,22.2,15.9,17.95,1.41,0,72
0.883,24.304,0.465,84.38,1.044,2025-09-04 11:21:51,72.0,22.2,15.9,17.95,1.41,0,72
0.934,24.298,0.397,84.15,1.069,2025-09-04 11:21:51,72.0,22.2,15.9,17.95,1.41,0,72
0.931,24.285,0.442,84.37,1.115,2025-09-04 11:21:51,72.0,22.2,15.9,17.95,1.41,0,72
0.924,24.242,0.444,84.14,1.002,2025-09-04 11:21:51,72.0,22.2,15.9,17.95,1.41,0,72
0.908,24.272,0.507,84.24,1.112,2025-09-04 11:21:51,72.0,22.2,15.9,17.95,1.41,0,72
0.935,24.296,0.663,84.23,1.102,2025-09-04 11:21:51,72.0,22.2,15.9,17.95,1.41,0,72
0.913,24.339,0.56,83.84,1.021,2025-09-04 11:21:51,72.0,22.2,15.9,17.95,1.41,0,72
0.915,24.222,0.475,83.89,1.06,2025-09-04 11:21:51,72.0,22.2,15.9,17.95,1.41,0,72
0.938,24.373,0.419,83.98,1.018,2025-09-04 11:21:51,72.0,22.2,15.9,17.95,1.41,0,72
0.91,24.333,0.64,84.04,1.125,2025-09-04 11:21:51,72.0,22.2,15.9,17.95,1.41,0,72
0.904,24.315,0.568,84.24,1.05,2025-09-04 11:21:51,72.0,22.2,15.9,17.95,1.41,0,72
0.888,24.272,0.954,84.11,1.004,2025-09-04 11:21:51,72.0,22.2,15.9,17.95,1.41,0,72
0.899,24.333,0.432,83.832,1.046,2025-09-04 13:36:05,73.0,18.6,14.1,16.76,1.27,0,73
0.874,24.325,0.589,83.972,1.004,2025-09-04 13:36:05,73.0,18.6,14.1,16.76,1.27,0,73
0.913,24.345,0.539,84.375,1.062,2025-09-04 13:36:05,73.0,18.6,14.1,16.76,1.27,0,73
0.892,24.339,0.36,84.176,0.966,2025-09-04 13:36:05,73.0,18.6,14.1,16.76,1.27,0,73
0.911,24.254,0.571,83.9,1.069,2025-09-04 13:36:05,73.0,18.6,14.1,16.76,1.27,0,73
0.861,24.313,0.705,83.994,0.955,2025-09-04 13:36:05,73.0,18.6,14.1,16.76,1.27,0,73
0.908,24.299,0.483,84.125,1.082,2025-09-04 13:36:05,73.0,18.6,14.1,16.76,1.27,0,73
0.917,24.38,0.813,83.992,1.049,2025-09-04 13:36:05,73.0,18.6,14.1,16.76,1.27,0,73
0.889,24.292,0.718,83.867,1.038,2025-09-04 13:36:05,73.0,18.6,14.1,16.76,1.27,0,73
0.915,24.329,0.72,84.177,0.966,2025-09-04 13:36:05,73.0,18.6,14.1,16.76,1.27,0,73
0.909,24.399,0.525,83.951,1.021,2025-09-04 13:36:05,73.0,18.6,14.1,16.76,1.27,0,73
0.89,24.453,0.752,83.84,1.041,2025-09-04 13:36:05,73.0,18.6,14.1,16.76,1.27,0,73
0.904,24.224,0.767,83.966,1.004,2025-09-04 13:36:05,73.0,18.6,14.1,16.76,1.27,0,73
0.89,24.282,0.405,83.878,0.911,2025-09-04 13:36:05,73.0,18.6,14.1,16.76,1.27,0,73
0.899,24.284,0.442,83.968,1.071,2025-09-04 13:36:05,73.0,18.6,14.1,16.76,1.27,0,73
0.901,24.222,0.67,84.429,1.024,2025-09-04 13:36:05,73.0,18.6,14.1,16.76,1.27,0,73
0.892,24.374,0.665,84.362,1.025,2025-09-04 13:36:05,73.0,18.6,14.1,16.76,1.27,0,73
0.901,24.351,0.662,84.03,0.953,2025-09-04 13:36:05,73.0,18.6,14.1,16.76,1.27,0,73
0.884,24.327,0.703,83.88,1.023,2025-09-04 19:37:08,74.0,23.2,17.5,19.59,1.7,0,74
0.901,24.34,0.532,84.39,1.083,2025-09-04 19:37:08,74.0,23.2,17.5,19.59,1.7,0,74
0.917,24.321,1.03,83.93,1.001,2025-09-04 19:37:08,74.0,23.2,17.5,19.59,1.7,0,74
0.911,24.296,0.904,84.0,1.055,2025-09-04 19:37:08,74.0,23.2,17.5,19.59,1.7,0,74
0.915,24.235,0.527,84.14,0.992,2025-09-04 19:37:08,74.0,23.2,17.5,19.59,1.7,0,74
0.912,24.306,0.437,84.01,0.963,2025-09-04 19:37:08,74.0,23.2,17.5,19.59,1.7,0,74
0.917,24.296,0.871,84.01,0.992,2025-09-04 19:37:08,74.0,23.2,17.5,19.59,1.7,0,74
0.908,24.272,0.577,83.94,0.972,2025-09-04 19:37:08,74.0,23.2,17.5,19.59,1.7,0,74
0.893,24.331,0.459,83.97,0.987,2025-09-04 19:37:08,74.0,23.2,17.5,19.59,1.7,0,74
0.914,24.289,0.695,83.94,1.015,2025-09-04 19:37:08,74.0,23.2,17.5,19.59,1.7,0,74
0.893,24.412,0.64,84.06,0.977,2025-09-04 19:37:08,74.0,23.2,17.5,19.59,1.7,0,74
0.922,24.386,0.439,84.1,0.998,2025-09-04 19:37:08,74.0,23.2,17.5,19.59,1.7,0,74
0.926,24.356,0.492,84.17,0.983,2025-09-04 19:37:08,74.0,23.2,17.5,19.59,1.7,0,74
0.922,24.346,0.557,83.79,0.973,2025-09-04 19:37:08,74.0,23.2,17.5,19.59,1.7,0,74
0.923,24.416,0.61,84.01,0.988,2025-09-04 19:37:08,74.0,23.2,17.5,19.59,1.7,0,74
0.915,24.263,0.625,84.02,1.059,2025-09-04 19:37:08,74.0,23.2,17.5,19.59,1.7,0,74
0.9,24.235,0.595,83.75,0.994,2025-09-04 19:37:08,74.0,23.2,17.5,19.59,1.7,0,74
0.882,24.32,0.472,83.76,0.951,2025-09-04 19:37:08,74.0,23.2,17.5,19.59,1.7,0,74
0.922,24.306,0.6,84.13,0.949,2025-09-04 19:37:08,74.0,23.2,17.5,19.59,1.7,0,74
0.892,24.31,0.552,84.28,1.027,2025-09-04 21:32:16,75.0,21.6,16.1,19.0,1.41,0,75
0.904,24.3,0.625,83.9,0.964,2025-09-04 21:32:16,75.0,21.6,16.1,19.0,1.41,0,75
0.898,24.277,0.469,84.12,1.059,2025-09-04 21:32:16,75.0,21.6,16.1,19.0,1.41,0,75
0.894,24.204,0.603,84.1,1.041,2025-09-04 21:32:16,75.0,21.6,16.1,19.0,1.41,0,75
0.897,24.349,0.552,84.36,1.131,2025-09-04 21:32:16,75.0,21.6,16.1,19.0,1.41,0,75
0.887,24.286,0.693,83.83,0.919,2025-09-04 21:32:16,75.0,21.6,16.1,19.0,1.41,0,75
0.894,24.33,0.555,83.88,0.995,2025-09-04 21:32:16,75.0,21.6,16.1,19.0,1.41,0,75
0.887,24.293,0.432,84.06,0.996,2025-09-04 21:32:16,75.0,21.6,16.1,19.0,1.41,0,75
0.898,24.332,0.711,84.11,0.994,2025-09-04 21:32:16,75.0,21.6,16.1,19.0,1.41,0,75
0.911,24.336,0.771,84.26,0.995,2025-09-04 21:32:16,75.0,21.6,16.1,19.0,1.41,0,75
0.889,24.36,0.63,84.01,1.028,2025-09-04 21:32:16,75.0,21.6,16.1,19.0,1.41,0,75
0.887,24.274,0.608,83.98,0.988,2025-09-04 21:32:16,75.0,21.6,16.1,19.0,1.41,0,75
0.903,24.271,0.583,84.19,1.111,2025-09-04 21:32:16,75.0,21.6,16.1,19.0,1.41,0,75
0.927,24.355,0.545,84.2,1.012,2025-09-04 21:32:16,75.0,21.6,16.1,19.0,1.41,0,75
0.922,24.397,0.678,84.07,0.959,2025-09-04 21:32:16,75.0,21.6,16.1,19.0,1.41,0,75
0.885,24.255,0.849,84.3,0.956,2025-09-04 21:32:16,75.0,21.6,16.1,19.0,1.41,0,75
0.895,24.274,0.525,84.12,1.057,2025-09-04 21:32:16,75.0,21.6,16.1,19.0,1.41,0,75
0.883,24.32,0.723,84.17,1.079,2025-09-04 21:32:16,75.0,21.6,16.1,19.0,1.41,0,75
0.883,24.362,0.537,83.84,1.044,2025-09-05 13:07:19,76.0,21.1,17.2,19.3,1.25,0,76
0.92,24.291,0.583,84.04,1.026,2025-09-05 13:07:19,76.0,21.1,17.2,19.3,1.25,0,76
0.913,24.401,0.522,84.11,1.141,2025-09-05 13:07:19,76.0,21.1,17.2,19.3,1.25,0,76
0.898,24.394,0.608,84.13,1.061,2025-09-05 13:07:19,76.0,21.1,17.2,19.3,1.25,0,76
0.892,24.245,0.608,83.86,1.074,2025-09-05 13:07:19,76.0,21.1,17.2,19.3,1.25,0,76
0.919,24.357,0.663,84.34,0.963,2025-09-05 13:07:19,76.0,21.1,17.2,19.3,1.25,0,76
0.914,24.385,0.595,84.08,1.085,2025-09-05 13:07:19,76.0,21.1,17.2,19.3,1.25,0,76
0.893,24.383,0.871,84.21,0.958,2025-09-05 13:07:19,76.0,21.1,17.2,19.3,1.25,0,76
0.883,24.244,0.643,83.95,1.054,2025-09-05 13:07:19,76.0,21.1,17.2,19.3,1.25,0,76
0.941,24.393,0.5,84.12,1.086,2025-09-05 13:07:19,76.0,21.1,17.2,19.3,1.25,0,76
0.903,24.266,0.442,84.13,1.054,2025-09-05 13:07:19,76.0,21.1,17.2,19.3,1.25,0,76
0.89,24.252,0.648,84.29,1.029,2025-09-05 13:07:19,76.0,21.1,17.2,19.3,1.25,0,76
0.891,24.214,0.455,84.06,1.0,2025-09-05 13:07:19,76.0,21.1,17.2,19.3,1.25,0,76
0.902,24.322,0.585,84.16,0.998,2025-09-05 13:07:19,76.0,21.1,17.2,19.3,1.25,0,76
0.901,24.275,0.67,84.24,1.008,2025-09-05 13:07:19,76.0,21.1,17.2,19.3,1.25,0,76
0.903,24.353,0.59,83.99,1.025,2025-09-05 13:07:19,76.0,21.1,17.2,19.3,1.25,0,76
0.915,24.342,0.407,84.23,1.008,2025-09-05 13:07:19,76.0,21.1,17.2,19.3,1.25,0,76
0.879,24.348,0.585,84.08,1.035,2025-09-05 13:07:19,76.0,21.1,17.2,19.3,1.25,0,76
0.919,24.315,0.58,84.06,1.107,2025-10-17 21:54:49,78.0,23.7,17.1,20.26,1.58,0,78
0.871,24.277,0.563,84.26,1.053,2025-10-17 21:54:49,78.0,23.7,17.1,20.26,1.58,0,78
0.897,24.299,0.537,83.8,1.054,2025-10-17 21:54:49,78.0,23.7,17.1,20.26,1.58,0,78
0.886,24.232,0.64,84.0,1.134,2025-10-17 21:54:49,78.0,23.7,17.1,20.26,1.58,0,78
0.909,24.263,0.542,83.78,1.089,2025-10-17 21:54:49,78.0,23.7,17.1,20.26,1.58,0,78
0.919,24.229,0.389,84.2,1.103,2025-10-17 21:54:49,78.0,23.7,17.1,20.26,1.58,0,78
0.903,24.233,0.337,83.95,1.103,2025-10-17 21:54:49,78.0,23.7,17.1,20.26,1.58,0,78
0.877,24.257,0.387,84.49,1.073,2025-10-17 21:54:49,78.0,23.7,17.1,20.26,1.58,0,78
0.915,24.306,0.919,84.16,1.053,2025-10-17 21:54:49,78.0,23.7,17.1,20.26,1.58,0,78
0.913,24.298,0.332,84.01,1.06,2025-10-17 21:54:49,78.0,23.7,17.1,20.26,1.58,0,78
0.919,24.26,0.427,84.05,1.027,2025-10-17 21:54:49,78.0,23.7,17.1,20.26,1.58,0,78
0.91,24.265,0.645,83.78,1.058,2025-10-17 21:54:49,78.0,23.7,17.1,20.26,1.58,0,78
0.919,24.328,0.306,84.29,1.091,2025-10-17 21:54:49,78.0,23.7,17.1,20.26,1.58,0,78
0.888,24.305,0.967,83.83,0.976,2025-10-20 11:46:28,79.0,21.8,17.9,20.21,1.04,0,79
0.896,24.34,0.52,84.36,0.959,2025-10-20 11:46:28,79.0,21.8,17.9,20.21,1.04,0,79
0.921,24.49,0.58,84.18,0.956,2025-10-20 11:46:28,79.0,21.8,17.9,20.21,1.04,0,79
0.894,24.286,0.864,84.18,1.055,2025-10-20 11:46:28,79.0,21.8,17.9,20.21,1.04,0,79
0.909,24.443,0.625,84.26,1.043,2025-10-20 11:46:28,79.0,21.8,17.9,20.21,1.04,0,79
0.886,24.357,0.874,83.99,1.055,2025-10-20 11:46:28,79.0,21.8,17.9,20.21,1.04,0,79
0.898,24.362,0.651,83.88,1.064,2025-10-20 11:46:28,79.0,21.8,17.9,20.21,1.04,0,79
0.859,24.288,0.824,84.08,0.965,2025-10-20 11:46:28,79.0,21.8,17.9,20.21,1.04,0,79
0.868,24.377,0.575,84.23,1.064,2025-10-20 11:46:28,79.0,21.8,17.9,20.21,1.04,0,79
0.891,24.381,0.608,84.54,1.009,2025-10-20 11:46:28,79.0,21.8,17.9,20.21,1.04,0,79
0.896,24.388,0.673,84.25,0.971,2025-10-20 11:46:28,79.0,21.8,17.9,20.21,1.04,0,79
0.876,24.303,0.771,83.69,1.052,2025-10-20 11:46:28,79.0,21.8,17.9,20.21,1.04,0,79
0.893,24.32,0.477,83.98,1.099,2025-10-20 11:46:28,79.0,21.8,17.9,20.21,1.04,0,79
0.887,24.372,0.505,83.91,1.048,2025-10-20 11:46:28,79.0,21.8,17.9,20.21,1.04,0,79
0.863,24.339,0.429,84.06,1.053,2025-10-20 11:46:28,79.0,21.8,17.9,20.21,1.04,0,79
0.863,24.359,0.49,84.12,0.972,2025-10-20 11:46:28,79.0,21.8,17.9,20.21,1.04,0,79
0.908,24.345,0.55,84.01,1.112,2025-10-20 11:46:28,79.0,21.8,17.9,20.21,1.04,0,79
0.897,24.371,0.834,83.93,1.068,2025-10-20 11:46:28,79.0,21.8,17.9,20.21,1.04,0,79
0.874,24.339,0.45,84.19,0.964,2025-10-20 11:46:28,79.0,21.8,17.9,20.21,1.04,0,79
0.873,24.354,0.332,84.09,1.115,2025-10-20 11:46:28,79.0,21.8,17.9,20.21,1.04,0,79
0.9,24.379,0.435,83.85,1.115,2025-10-20 13:11:35,80.0,22.4,18.4,20.1,1.19,0,80
0.875,24.281,0.703,84.16,1.094,2025-10-20 13:11:35,80.0,22.4,18.4,20.1,1.19,0,80
0.906,24.373,0.761,83.97,1.172,2025-10-20 13:11:35,80.0,22.4,18.4,20.1,1.19,0,80
0.875,24.297,0.482,83.92,1.061,2025-10-20 13:11:35,80.0,22.4,18.4,20.1,1.19,0,80
0.907,24.367,0.452,84.19,1.052,2025-10-20 13:11:35,80.0,22.4,18.4,20.1,1.19,0,80
0.915,24.331,0.485,83.96,1.131,2025-10-20 13:11:35,80.0,22.4,18.4,20.1,1.19,0,80
0.925,24.345,0.691,84.13,1.092,2025-10-20 13:11:35,80.0,22.4,18.4,20.1,1.19,0,80
0.898,24.32,0.49,84.2,1.092,2025-10-20 13:11:35,80.0,22.4,18.4,20.1,1.19,0,80
0.881,24.292,0.821,84.09,1.078,2025-10-20 13:11:35,80.0,22.4,18.4,20.1,1.19,0,80
0.897,24.303,0.432,83.93,1.119,2025-10-20 13:11:35,80.0,22.4,18.4,20.1,1.19,0,80
0.896,24.367,0.555,84.49,1.061,2025-10-20 13:11:35,80.0,22.4,18.4,20.1,1.19,0,80
0.866,24.246,0.733,84.16,1.105,2025-10-20 13:11:35,80.0,22.4,18.4,20.1,1.19,0,80
0.904,24.306,0.553,84.22,1.101,2025-10-20 13:11:35,80.0,22.4,18.4,20.1,1.19,0,80
0.885,24.253,0.527,84.12,1.009,2025-10-20 13:11:35,80.0,22.4,18.4,20.1,1.19,0,80
0.906,24.397,0.58,84.04,1.06,2025-10-20 13:11:35,80.0,22.4,18.4,20.1,1.19,0,80
0.895,24.363,0.889,83.84,1.113,2025-10-20 13:11:35,80.0,22.4,18.4,20.1,1.19,0,80
0.923,24.323,0.939,83.87,1.119,2025-10-20 13:11:35,80.0,22.4,18.4,20.1,1.19,0,80
0.887,24.292,0.502,83.85,1.067,2025-10-20 13:11:35,80.0,22.4,18.4,20.1,1.19,0,80
0.88,24.33,0.492,84.07,1.123,2025-10-20 13:11:35,80.0,22.4,18.4,20.1,1.19,0,80
0.856,24.257,0.475,84.04,1.018,2025-10-20 21:27:00,81.0,21.7,16.2,19.38,1.41,0,81
0.895,24.361,0.575,83.8,1.122,2025-10-20 21:27:00,81.0,21.7,16.2,19.38,1.41,0,81
0.874,24.285,0.575,84.03,1.107,2025-10-20 21:27:00,81.0,21.7,16.2,19.38,1.41,0,81
0.909,24.337,0.58,84.26,1.029,2025-10-20 21:27:00,81.0,21.7,16.2,19.38,1.41,0,81
0.917,24.372,0.623,84.25,1.027,2025-10-20 21:27:00,81.0,21.7,16.2,19.38,1.41,0,81
0.906,24.335,0.369,84.35,1.042,2025-10-20 21:27:00,81.0,21.7,16.2,19.38,1.41,0,81
0.912,24.385,0.512,84.37,1.011,2025-10-20 21:27:00,81.0,21.7,16.2,19.38,1.41,0,81
0.895,24.334,0.615,83.93,1.104,2025-10-20 21:27:00,81.0,21.7,16.2,19.38,1.41,0,81
0.893,24.384,0.563,84.28,1.022,2025-10-20 21:27:00,81.0,21.7,16.2,19.38,1.41,0,81
0.901,24.333,0.455,84.18,1.042,2025-10-20 21:27:00,81.0,21.7,16.2,19.38,1.41,0,81
0.885,24.298,0.404,83.89,1.091,2025-10-20 21:27:00,81.0,21.7,16.2,19.38,1.41,0,81
0.923,24.299,0.743,84.25,1.028,2025-10-20 21:27:00,81.0,21.7,16.2,19.38,1.41,0,81
0.898,24.397,0.661,84.43,1.078,2025-10-20 21:27:00,81.0,21.7,16.2,19.38,1.41,0,81
0.908,24.378,0.698,84.23,1.047,2025-10-20 21:27:00,81.0,21.7,16.2,19.38,1.41,0,81
0.895,24.245,0.904,83.99,1.139,2025-10-20 21:27:00,81.0,21.7,16.2,19.38,1.41,0,81
0.902,24.398,0.522,83.98,1.062,2025-10-20 21:27:00,81.0,21.7,16.2,19.38,1.41,0,81
0.885,24.367,0.929,84.19,1.045,2025-10-20 21:27:00,81.0,21.7,16.2,19.38,1.41,0,81
0.886,24.271,0.849,83.91,1.12,2025-10-20 21:27:00,81.0,21.7,16.2,19.38,1.41,0,81
0.856,24.295,0.271,84.06,1.037,2025-10-20 21:27:00,81.0,21.7,16.2,19.38,1.41,0,81
0.895,24.254,0.658,83.63,1.106,2025-10-20 21:27:00,81.0,21.7,16.2,19.38,1.41,0,81
0.886,24.257,0.894,83.89,1.11,2025-10-21 10:50:47,82.0,22.3,18.0,19.9,1.3,0,82
0.931,24.429,0.633,84.13,1.073,2025-10-21 10:50:47,82.0,22.3,18.0,19.9,1.3,0,82
0.957,24.433,0.638,84.12,1.084,2025-10-21 10:50:47,82.0,22.3,18.0,19.9,1.3,0,82
0.949,24.415,0.402,84.17,1.057,2025-10-21 10:50:47,82.0,22.3,18.0,19.9,1.3,0,82
0.908,24.429,0.482,84.06,1.047,2025-10-21 10:50:47,82.0,22.3,18.0,19.9,1.3,0,82
0.893,24.328,0.663,84.45,1.024,2025-10-21 10:50:47,82.0,22.3,18.0,19.9,1.3,0,82
0.941,24.443,0.331,84.36,1.042,2025-10-21 10:50:47,82.0,22.3,18.0,19.9,1.3,0,82
0.886,24.322,0.412,84.07,1.014,2025-10-21 10:50:47,82.0,22.3,18.0,19.9,1.3,0,82
0.909,24.356,0.593,84.1,1.011,2025-10-21 10:50:47,82.0,22.3,18.0,19.9,1.3,0,82
0.881,24.295,0.417,83.91,1.12,2025-10-21 10:50:47,82.0,22.3,18.0,19.9,1.3,0,82
0.894,24.358,0.46,84.24,1.069,2025-10-21 10:50:47,82.0,22.3,18.0,19.9,1.3,0,82
0.881,24.363,0.43,83.97,0.949,2025-10-21 10:50:47,82.0,22.3,18.0,19.9,1.3,0,82
0.933,24.426,0.972,84.23,1.041,2025-10-21 10:50:47,82.0,22.3,18.0,19.9,1.3,0,82
0.91,24.382,0.422,84.01,1.042,2025-10-21 10:50:47,82.0,22.3,18.0,19.9,1.3,0,82
0.863,24.296,0.45,84.11,1.037,2025-10-21 10:50:47,82.0,22.3,18.0,19.9,1.3,0,82
0.899,24.33,0.389,84.12,1.011,2025-10-21 10:50:47,82.0,22.3,18.0,19.9,1.3,0,82
0.909,24.427,0.62,84.26,0.981,2025-10-21 10:50:47,82.0,22.3,18.0,19.9,1.3,0,82
0.887,24.341,0.779,84.2,0.988,2025-10-21 10:50:47,82.0,22.3,18.0,19.9,1.3,0,82
0.946,24.414,0.447,83.9,1.098,2025-10-21 13:10:53,83.0,22.4,18.3,20.28,1.18,0,83
0.889,24.392,0.59,84.13,0.967,2025-10-21 13:10:53,83.0,22.4,18.3,20.28,1.18,0,83
0.903,24.283,0.645,84.08,1.156,2025-10-21 13:10:53,83.0,22.4,18.3,20.28,1.18,0,83
0.894,24.353,0.623,84.51,1.032,2025-10-21 13:10:53,83.0,22.4,18.3,20.28,1.18,0,83
0.889,24.336,0.439,84.0,1.113,2025-10-21 13:10:53,83.0,22.4,18.3,20.28,1.18,0,83
0.89,24.328,0.623,84.21,1.021,2025-10-21 13:10:53,83.0,22.4,18.3,20.28,1.18,0,83
0.857,24.264,0.618,84.22,1.018,2025-10-21 13:10:53,83.0,22.4,18.3,20.28,1.18,0,83
0.891,24.317,0.495,83.91,1.014,2025-10-21 13:10:53,83.0,22.4,18.3,20.28,1.18,0,83
0.875,24.273,0.774,84.33,1.068,2025-10-21 13:10:53,83.0,22.4,18.3,20.28,1.18,0,83
0.91,24.299,0.736,84.23,1.058,2025-10-21 13:10:53,83.0,22.4,18.3,20.28,1.18,0,83
0.904,24.38,0.537,83.98,1.145,2025-10-21 13:10:53,83.0,22.4,18.3,20.28,1.18,0,83
0.92,24.301,0.678,84.07,1.062,2025-10-21 13:10:53,83.0,22.4,18.3,20.28,1.18,0,83
0.879,24.26,0.676,83.91,1.144,2025-10-21 13:10:53,83.0,22.4,18.3,20.28,1.18,0,83
0.89,24.421,0.565,84.08,1.023,2025-10-21 13:10:53,83.0,22.4,18.3,20.28,1.18,0,83
0.89,24.347,1.017,84.31,1.042,2025-10-21 13:10:53,83.0,22.4,18.3,20.28,1.18,0,83
0.911,24.373,0.527,83.96,1.138,2025-10-21 13:10:53,83.0,22.4,18.3,20.28,1.18,0,83
0.913,24.319,0.55,84.4,1.055,2025-10-21 13:10:53,83.0,22.4,18.3,20.28,1.18,0,83
0.875,24.349,0.743,83.75,1.026,2025-10-21 13:10:53,83.0,22.4,18.3,20.28,1.18,0,83
0.908,24.296,0.618,83.94,1.046,2025-10-21 13:10:53,83.0,22.4,18.3,20.28,1.18,0,83
0.864,24.18,0.52,84.03,1.032,2025-10-21 19:36:09,84.0,23.8,16.9,19.53,1.61,0,84
0.894,24.231,0.57,83.99,1.029,2025-10-21 19:36:09,84.0,23.8,16.9,19.53,1.61,0,84
0.9,24.244,0.759,84.04,1.009,2025-10-21 19:36:09,84.0,23.8,16.9,19.53,1.61,0,84
0.913,24.241,0.553,84.19,1.105,2025-10-21 19:36:09,84.0,23.8,16.9,19.53,1.61,0,84
0.903,24.254,0.472,84.27,1.109,2025-10-21 19:36:09,84.0,23.8,16.9,19.53,1.61,0,84
0.873,24.239,0.512,83.99,1.111,2025-10-21 19:36:09,84.0,23.8,16.9,19.53,1.61,0,84
0.918,24.365,0.666,84.05,1.006,2025-10-21 19:36:09,84.0,23.8,16.9,19.53,1.61,0,84
0.909,24.229,0.522,83.96,1.024,2025-10-21 19:36:09,84.0,23.8,16.9,19.53,1.61,0,84
0.912,24.286,0.495,84.08,1.056,2025-10-21 19:36:09,84.0,23.8,16.9,19.53,1.61,0,84
0.895,24.249,0.578,83.67,0.994,2025-10-21 19:36:09,84.0,23.8,16.9,19.53,1.61,0,84
0.874,24.286,0.56,84.06,1.048,2025-10-21 19:36:09,84.0,23.8,16.9,19.53,1.61,0,84
0.894,24.252,0.495,84.22,1.016,2025-10-21 19:36:09,84.0,23.8,16.9,19.53,1.61,0,84
0.897,24.272,0.997,84.06,1.03,2025-10-21 19:36:09,84.0,23.8,16.9,19.53,1.61,0,84
0.926,24.332,0.784,84.26,1.108,2025-10-21 19:36:09,84.0,23.8,16.9,19.53,1.61,0,84
0.9,24.306,0.892,84.01,0.978,2025-10-21 19:36:09,84.0,23.8,16.9,19.53,1.61,0,84
0.895,24.252,0.578,83.92,1.014,2025-10-21 19:36:09,84.0,23.8,16.9,19.53,1.61,0,84
0.883,24.25,0.505,83.89,1.057,2025-10-21 19:36:09,84.0,23.8,16.9,19.53,1.61,0,84
0.901,24.243,0.56,83.95,1.008,2025-10-21 19:36:09,84.0,23.8,16.9,19.53,1.61,0,84
0.895,24.303,0.46,84.23,1.055,2025-10-21 19:36:09,84.0,23.8,16.9,19.53,1.61,0,84
0.924,24.294,0.754,84.23,1.025,2025-11-06 11:10:17,85.0,23.5,18.2,21.31,1.41,0,85
0.958,24.359,0.537,83.99,1.093,2025-11-06 11:10:17,85.0,23.5,18.2,21.31,1.41,0,85
0.909,24.256,0.686,84.02,1.024,2025-11-06 11:10:17,85.0,23.5,18.2,21.31,1.41,0,85
0.929,24.312,0.789,84.21,1.103,2025-11-06 11:10:17,85.0,23.5,18.2,21.31,1.41,0,85
0.909,24.284,0.465,84.01,1.069,2025-11-06 11:10:17,85.0,23.5,18.2,21.31,1.41,0,85
0.908,24.314,0.696,83.98,1.094,2025-11-06 11:10:17,85.0,23.5,18.2,21.31,1.41,0,85
0.927,24.315,0.59,84.35,1.054,2025-11-06 11:10:17,85.0,23.5,18.2,21.31,1.41,0,85
0.871,24.238,0.806,84.0,1.021,2025-11-06 11:10:17,85.0,23.5,18.2,21.31,1.41,0,85
0.928,24.286,0.6,84.32,1.07,2025-11-06 11:10:17,85.0,23.5,18.2,21.31,1.41,0,85
0.902,24.225,0.618,83.96,1.096,2025-11-06 11:10:17,85.0,23.5,18.2,21.31,1.41,0,85
0.925,24.33,0.952,84.05,1.099,2025-11-06 11:10:17,85.0,23.5,18.2,21.31,1.41,0,85
0.906,24.276,0.658,84.14,1.033,2025-11-06 11:10:17,85.0,23.5,18.2,21.31,1.41,0,85
0.916,24.298,0.879,84.09,1.015,2025-11-06 11:10:17,85.0,23.5,18.2,21.31,1.41,0,85
0.904,24.302,0.409,84.14,0.989,2025-11-06 11:10:17,85.0,23.5,18.2,21.31,1.41,0,85
0.883,24.342,0.317,83.84,1.119,2025-11-06 11:10:17,85.0,23.5,18.2,21.31,1.41,0,85
0.915,24.297,0.661,83.99,1.127,2025-11-06 11:10:17,85.0,23.5,18.2,21.31,1.41,0,85
0.915,24.367,0.49,84.29,1.068,2025-11-06 11:10:17,85.0,23.5,18.2,21.31,1.41,0,85
0.921,24.328,0.648,84.02,1.016,2025-11-06 11:10:17,85.0,23.5,18.2,21.31,1.41,0,85
0.904,24.202,0.537,84.02,1.079,2025-11-06 11:10:17,85.0,23.5,18.2,21.31,1.41,0,85
0.899,24.325,0.666,84.08,1.027,2025-11-06 13:15:23,86.0,22.1,15.5,19.65,1.62,0,86
0.887,24.397,0.804,84.19,0.968,2025-11-06 13:15:23,86.0,22.1,15.5,19.65,1.62,0,86
0.897,24.335,0.337,84.2,1.08,2025-11-06 13:15:23,86.0,22.1,15.5,19.65,1.62,0,86
0.923,24.426,0.641,83.96,0.998,2025-11-06 13:15:23,86.0,22.1,15.5,19.65,1.62,0,86
0.921,24.398,0.603,84.11,1.047,2025-11-06 13:15:23,86.0,22.1,15.5,19.65,1.62,0,86
0.9,24.283,0.779,83.99,1.047,2025-11-06 13:15:23,86.0,22.1,15.5,19.65,1.62,0,86
0.934,24.329,0.756,84.09,1.061,2025-11-06 13:15:23,86.0,22.1,15.5,19.65,1.62,0,86
0.922,24.353,0.605,83.92,1.045,2025-11-06 13:15:23,86.0,22.1,15.5,19.65,1.62,0,86
0.869,24.328,0.583,84.2,1.043,2025-11-06 13:15:23,86.0,22.1,15.5,19.65,1.62,0,86
0.891,24.273,0.543,84.05,1.085,2025-11-06 13:15:23,86.0,22.1,15.5,19.65,1.62,0,86
0.909,24.366,0.462,83.9,1.07,2025-11-06 13:15:23,86.0,22.1,15.5,19.65,1.62,0,86
0.891,24.341,0.615,83.84,1.057,2025-11-06 13:15:23,86.0,22.1,15.5,19.65,1.62,0,86
0.925,24.366,0.746,84.07,1.053,2025-11-06 13:15:23,86.0,22.1,15.5,19.65,1.62,0,86
0.864,24.296,0.517,84.05,1.021,2025-11-06 13:15:23,86.0,22.1,15.5,19.65,1.62,0,86
0.885,24.257,0.507,84.04,0.959,2025-11-06 13:15:23,86.0,22.1,15.5,19.65,1.62,0,86
0.935,24.311,0.575,84.0,1.015,2025-11-06 13:15:23,86.0,22.1,15.5,19.65,1.62,0,86
0.91,24.294,0.944,84.06,1.035,2025-11-06 13:15:23,86.0,22.1,15.5,19.65,1.62,0,86
0.932,24.39,0.671,84.21,1.04,2025-11-06 13:15:23,86.0,22.1,15.5,19.65,1.62,0,86
0.898,24.241,0.311,83.99,1.031,2025-11-06 19:25:37,87.0,21.6,15.4,18.55,1.64,0,87
0.879,24.291,0.399,83.94,1.062,2025-11-06 19:25:37,87.0,21.6,15.4,18.55,1.64,0,87
0.899,24.303,0.595,84.29,1.016,2025-11-06 19:25:37,87.0,21.6,15.4,18.55,1.64,0,87
0.886,24.256,0.751,84.24,0.996,2025-11-06 19:25:37,87.0,21.6,15.4,18.55,1.64,0,87
0.886,24.23,0.628,84.11,1.068,2025-11-06 19:25:37,87.0,21.6,15.4,18.55,1.64,0,87
0.922,24.272,0.507,83.92,1.079,2025-11-06 19:25:37,87.0,21.6,15.4,18.55,1.64,0,87
0.865,24.223,0.711,83.87,1.017,2025-11-06 19:25:37,87.0,21.6,15.4,18.55,1.64,0,87
0.864,24.15,0.578,83.9,1.045,2025-11-06 19:25:37,87.0,21.6,15.4,18.55,1.64,0,87
0.918,24.241,0.505,83.96,1.019,2025-11-06 19:25:37,87.0,21.6,15.4,18.55,1.64,0,87
0.896,24.367,0.359,84.05,1.035,2025-11-06 19:25:37,87.0,21.6,15.4,18.55,1.64,0,87
0.918,24.266,0.399,83.86,1.104,2025-11-06 19:25:37,87.0,21.6,15.4,18.55,1.64,0,87
0.935,24.296,0.53,83.97,1.006,2025-11-06 19:25:37,87.0,21.6,15.4,18.55,1.64,0,87
0.893,24.32,0.555,84.24,1.037,2025-11-06 19:25:37,87.0,21.6,15.4,18.55,1.64,0,87
0.897,24.2,0.676,84.18,1.114,2025-11-06 19:25:37,87.0,21.6,15.4,18.55,1.64,0,87
0.858,24.283,0.693,83.98,1.027,2025-11-06 19:25:37,87.0,21.6,15.4,18.55,1.64,0,87
0.885,24.214,0.384,83.97,1.045,2025-11-06 19:25:37,87.0,21.6,15.4,18.55,1.64,0,87
0.886,24.161,0.525,84.15,1.062,2025-11-06 19:25:37,87.0,21.6,15.4,18.55,1.64,0,87
0.878,24.187,0.61,84.05,1.036,2025-11-06 19:25:37,87.0,21.6,15.4,18.55,1.64,0,87
0.877,24.254,0.796,84.14,1.011,2025-11-06 19:25:37,87.0,21.6,15.4,18.55,1.64,0,87
0.921,24.325,0.982,83.82,1.093,2025-11-06 21:20:43,88.0,21.7,15.9,19.1,1.64,0,88
0.889,24.252,0.746,83.76,1.123,2025-11-06 21:20:43,88.0,21.7,15.9,19.1,1.64,0,88
0.926,24.371,0.605,84.05,1.013,2025-11-06 21:20:43,88.0,21.7,15.9,19.1,1.64,0,88
0.918,24.348,0.676,83.99,1.139,2025-11-06 21:20:43,88.0,21.7,15.9,19.1,1.64,0,88
0.916,24.32,0.575,84.24,1.115,2025-11-06 21:20:43,88.0,21.7,15.9,19.1,1.64,0,88
0.888,24.234,0.688,83.94,1.032,2025-11-06 21:20:43,88.0,21.7,15.9,19.1,1.64,0,88
0.912,24.315,0.502,83.99,1.141,2025-11-06 21:20:43,88.0,21.7,15.9,19.1,1.64,0,88
0.893,24.332,0.763,84.11,1.015,2025-11-06 21:20:43,88.0,21.7,15.9,19.1,1.64,0,88
0.901,24.332,0.741,83.94,1.078,2025-11-06 21:20:43,88.0,21.7,15.9,19.1,1.64,0,88
0.877,24.305,0.5,84.01,1.017,2025-11-06 21:20:43,88.0,21.7,15.9,19.1,1.64,0,88
0.896,24.349,0.653,84.0,0.988,2025-11-06 21:20:43,88.0,21.7,15.9,19.1,1.64,0,88
0.88,24.4,0.482,83.76,1.036,2025-11-06 21:20:43,88.0,21.7,15.9,19.1,1.64,0,88
0.88,24.287,0.718,83.98,1.072,2025-11-06 21:20:43,88.0,21.7,15.9,19.1,1.64,0,88
0.894,24.295,0.603,83.84,1.06,2025-11-06 21:20:43,88.0,21.7,15.9,19.1,1.64,0,88
0.889,24.306,0.54,83.99,1.052,2025-11-06 21:20:43,88.0,21.7,15.9,19.1,1.64,0,88
0.897,24.334,0.944,84.0,1.042,2025-11-06 21:20:43,88.0,21.7,15.9,19.1,1.64,0,88
0.864,24.328,0.638,83.98,1.048,2025-11-06 21:20:43,88.0,21.7,15.9,19.1,1.64,0,88
0.906,24.356,0.417,84.05,1.111,2025-11-06 21:20:43,88.0,21.7,15.9,19.1,1.64,0,88
0.903,24.414,0.706,83.87,1.029,2025-11-07 11:14:09,89.0,22.9,18.3,20.5,1.24,0,89
0.883,24.391,0.55,84.18,0.941,2025-11-07 11:14:09,89.0,22.9,18.3,20.5,1.24,0,89
0.865,24.321,0.826,84.15,0.997,2025-11-07 11:14:09,89.0,22.9,18.3,20.5,1.24,0,89
0.901,24.293,0.402,83.98,1.069,2025-11-07 11:14:09,89.0,22.9,18.3,20.5,1.24,0,89
0.895,24.329,0.638,83.91,1.049,2025-11-07 11:14:09,89.0,22.9,18.3,20.5,1.24,0,89
0.91,24.278,0.535,84.38,1.109,2025-11-07 11:14:09,89.0,22.9,18.3,20.5,1.24,0,89
0.918,24.379,0.743,84.02,1.029,2025-11-07 11:14:09,89.0,22.9,18.3,20.5,1.24,0,89
0.9,24.374,0.447,84.12,1.003,2025-11-07 11:14:09,89.0,22.9,18.3,20.5,1.24,0,89
0.872,24.3,0.806,83.98,1.023,2025-11-07 11:14:09,89.0,22.9,18.3,20.5,1.24,0,89
0.896,24.333,0.613,84.05,1.015,2025-11-07 11:14:09,89.0,22.9,18.3,20.5,1.24,0,89
0.884,24.391,0.804,84.04,0.946,2025-11-07 11:14:09,89.0,22.9,18.3,20.5,1.24,0,89
0.868,24.282,0.575,83.98,1.028,2025-11-07 11:14:09,89.0,22.9,18.3,20.5,1.24,0,89
0.919,24.351,0.588,84.21,1.097,2025-11-07 11:14:09,89.0,22.9,18.3,20.5,1.24,0,89
0.925,24.421,0.656,84.09,1.008,2025-11-07 11:14:09,89.0,22.9,18.3,20.5,1.24,0,89
0.904,24.394,0.645,84.08,0.96,2025-11-07 11:14:09,89.0,22.9,18.3,20.5,1.24,0,89
0.915,24.394,0.764,83.87,0.93,2025-11-07 11:14:09,89.0,22.9,18.3,20.5,1.24,0,89
0.88,24.319,0.836,83.97,1.05,2025-11-07 11:14:09,89.0,22.9,18.3,20.5,1.24,0,89
0.872,24.277,0.638,83.92,1.019,2025-11-07 11:14:09,89.0,22.9,18.3,20.5,1.24,0,89
0.88,24.289,0.773,83.97,0.948,2025-11-07 11:14:09,89.0,22.9,18.3,20.5,1.24,0,89
0.906,24.34,0.638,84.26,0.997,2025-11-07 13:24:15,90.0,24.1,19.1,21.27,1.42,0,90
0.879,24.323,0.738,83.94,1.052,2025-11-07 13:24:15,90.0,24.1,19.1,21.27,1.42,0,90
0.94,24.372,0.628,84.07,1.077,2025-11-07 13:24:15,90.0,24.1,19.1,21.27,1.42,0,90
0.891,24.342,0.661,83.92,1.048,2025-11-07 13:24:15,90.0,24.1,19.1,21.27,1.42,0,90
0.876,24.237,0.55,84.08,1.025,2025-11-07 13:24:15,90.0,24.1,19.1,21.27,1.42,0,90
0.904,24.407,0.645,84.16,1.073,2025-11-07 13:24:15,90.0,24.1,19.1,21.27,1.42,0,90
0.933,24.353,0.515,83.89,1.099,2025-11-07 13:24:15,90.0,24.1,19.1,21.27,1.42,0,90
0.903,24.43,0.502,83.98,1.084,2025-11-07 13:24:15,90.0,24.1,19.1,21.27,1.42,0,90
0.949,24.42,0.588,83.92,1.118,2025-11-07 13:24:15,90.0,24.1,19.1,21.27,1.42,0,90
0.914,24.37,0.553,84.19,1.076,2025-11-07 13:24:15,90.0,24.1,19.1,21.27,1.42,0,90
0.908,24.311,0.56,84.29,1.118,2025-11-07 13:24:15,90.0,24.1,19.1,21.27,1.42,0,90
0.897,24.296,0.54,84.01,1.084,2025-11-07 13:24:15,90.0,24.1,19.1,21.27,1.42,0,90
0.908,24.272,0.462,84.31,1.041,2025-11-07 13:24:15,90.0,24.1,19.1,21.27,1.42,0,90
0.909,24.356,0.575,84.08,1.123,2025-11-07 13:24:15,90.0,24.1,19.1,21.27,1.42,0,90
0.92,24.442,0.407,84.08,1.082,2025-11-07 13:24:15,90.0,24.1,19.1,21.27,1.42,0,90
0.875,24.297,0.542,84.31,1.069,2025-11-07 13:24:15,90.0,24.1,19.1,21.27,1.42,0,90
0.909,24.328,1.09,84.12,1.057,2025-11-07 13:24:15,90.0,24.1,19.1,21.27,1.42,0,90
0.878,24.368,0.595,83.92,1.033,2025-11-07 13:24:15,90.0,24.1,19.1,21.27,1.42,0,90
0.903,24.347,0.588,84.03,1.065,2025-11-07 13:24:15,90.0,24.1,19.1,21.27,1.42,0,90
0.917,24.335,0.766,83.92,1.04,2025-11-07 19:24:29,91.0,24.7,17.1,20.41,1.81,0,91
0.906,24.35,0.884,83.75,1.076,2025-11-07 19:24:29,91.0,24.7,17.1,20.41,1.81,0,91
0.887,24.3,0.633,84.11,1.058,2025-11-07 19:24:29,91.0,24.7,17.1,20.41,1.81,0,91
0.92,24.33,0.646,84.05,1.019,2025-11-07 19:24:29,91.0,24.7,17.1,20.41,1.81,0,91
0.917,24.356,0.555,84.09,1.005,2025-11-07 19:24:29,91.0,24.7,17.1,20.41,1.81,0,91
0.88,24.311,0.683,83.97,1.053,2025-11-07 19:24:29,91.0,24.7,17.1,20.41,1.81,0,91
0.91,24.357,0.475,84.15,1.078,2025-11-07 19:24:29,91.0,24.7,17.1,20.41,1.81,0,91
0.919,24.288,0.784,84.03,1.062,2025-11-07 19:24:29,91.0,24.7,17.1,20.41,1.81,0,91
0.94,24.332,0.512,83.74,1.047,2025-11-07 19:24:29,91.0,24.7,17.1,20.41,1.81,0,91
0.905,24.345,0.507,84.08,1.032,2025-11-07 19:24:29,91.0,24.7,17.1,20.41,1.81,0,91
0.893,24.407,0.819,84.22,0.999,2025-11-07 19:24:29,91.0,24.7,17.1,20.41,1.81,0,91
0.888,24.334,0.784,83.98,1.017,2025-11-07 19:24:29,91.0,24.7,17.1,20.41,1.81,0,91
0.892,24.268,0.525,84.03,1.047,2025-11-07 19:24:29,91.0,24.7,17.1,20.41,1.81,0,91
0.894,24.25,0.515,83.88,1.073,2025-11-07 19:24:29,91.0,24.7,17.1,20.41,1.81,0,91
0.879,24.297,0.52,84.02,0.945,2025-11-07 19:24:29,91.0,24.7,17.1,20.41,1.81,0,91
0.894,24.284,0.525,84.04,1.107,2025-11-07 19:24:29,91.0,24.7,17.1,20.41,1.81,0,91
0.901,24.383,0.894,84.04,1.069,2025-11-07 19:24:29,91.0,24.7,17.1,20.41,1.81,0,91
0.921,24.374,0.613,83.96,0.958,2025-11-07 19:24:29,91.0,24.7,17.1,20.41,1.81,0,91
0.875,24.293,0.49,83.9,1.019,2025-11-07 19:24:29,91.0,24.7,17.1,20.41,1.81,0,91
0.901,24.245,0.979,84.02,1.013,2025-11-07 19:24:29,91.0,24.7,17.1,20.41,1.81,0,91
0.898,24.296,0.922,84.18,1.029,2025-11-07 21:14:36,92.0,21.9,17.3,19.12,1.15,0,92
0.927,24.271,0.487,84.12,1.084,2025-11-07 21:14:36,92.0,21.9,17.3,19.12,1.15,0,92
0.888,24.261,0.658,84.1,0.995,2025-11-07 21:14:36,92.0,21.9,17.3,19.12,1.15,0,92
0.929,24.385,0.527,84.01,0.995,2025-11-07 21:14:36,92.0,21.9,17.3,19.12,1.15,0,92
0.9,24.328,0.404,83.83,1.028,2025-11-07 21:14:36,92.0,21.9,17.3,19.12,1.15,0,92
0.862,24.316,0.894,84.07,1.042,2025-11-07 21:14:36,92.0,21.9,17.3,19.12,1.15,0,92
0.877,24.372,0.779,84.33,1.085,2025-11-07 21:14:36,92.0,21.9,17.3,19.12,1.15,0,92
0.863,24.354,0.701,84.2,1.003,2025-11-07 21:14:36,92.0,21.9,17.3,19.12,1.15,0,92
0.935,24.343,0.593,84.25,1.039,2025-11-07 21:14:36,92.0,21.9,17.3,19.12,1.15,0,92
0.926,24.313,0.62,84.18,1.106,2025-11-07 21:14:36,92.0,21.9,17.3,19.12,1.15,0,92
0.897,24.361,0.769,84.05,1.101,2025-11-07 21:14:36,92.0,21.9,17.3,19.12,1.15,0,92
0.869,24.297,0.854,84.04,1.041,2025-11-07 21:14:36,92.0,21.9,17.3,19.12,1.15,0,92
0.887,24.28,0.512,84.15,1.106,2025-11-07 21:14:36,92.0,21.9,17.3,19.12,1.15,0,92
0.864,24.231,0.731,84.16,1.052,2025-11-07 21:14:36,92.0,21.9,17.3,19.12,1.15,0,92
0.901,24.334,0.673,84.09,1.096,2025-11-07 21:14:36,92.0,21.9,17.3,19.12,1.15,0,92
0.917,24.414,0.432,84.2,1.047,2025-11-07 21:14:36,92.0,21.9,17.3,19.12,1.15,0,92
0.894,24.405,0.741,83.94,1.017,2025-11-07 21:14:36,92.0,21.9,17.3,19.12,1.15,0,92
0.864,24.241,0.587,83.726,1.026,2025-11-09 12:26:07,93.0,22.0,16.6,18.67,1.53,0,93
0.88,24.216,0.497,84.034,1.003,2025-11-09 12:26:07,93.0,22.0,16.6,18.67,1.53,0,93
0.899,24.15,0.54,83.925,1.0,2025-11-09 12:26:07,93.0,22.0,16.6,18.67,1.53,0,93
0.9,24.291,0.619,84.03,0.998,2025-11-09 12:26:07,93.0,22.0,16.6,18.67,1.53,0,93
0.877,24.207,0.497,83.9,1.056,2025-11-09 12:26:07,93.0,22.0,16.6,18.67,1.53,0,93
0.912,24.324,0.406,83.85,1.097,2025-11-09 12:26:07,93.0,22.0,16.6,18.67,1.53,0,93
0.873,24.173,0.41,84.245,1.049,2025-11-09 12:26:07,93.0,22.0,16.6,18.67,1.53,0,93
0.907,24.263,0.522,84.048,0.997,2025-11-09 12:26:07,93.0,22.0,16.6,18.67,1.53,0,93
0.879,24.224,0.544,84.077,0.999,2025-11-09 12:26:07,93.0,22.0,16.6,18.67,1.53,0,93
0.869,24.237,0.623,83.713,1.05,2025-11-09 12:26:07,93.0,22.0,16.6,18.67,1.53,0,93
0.913,24.168,0.578,83.994,1.113,2025-11-09 12:26:07,93.0,22.0,16.6,18.67,1.53,0,93
0.897,24.163,0.63,84.11,1.01,2025-11-09 12:26:07,93.0,22.0,16.6,18.67,1.53,0,93
0.857,24.293,0.581,83.799,1.04,2025-11-09 12:26:07,93.0,22.0,16.6,18.67,1.53,0,93
0.903,24.23,0.408,83.935,1.061,2025-11-09 12:26:07,93.0,22.0,16.6,18.67,1.53,0,93
