M,C,d,L,R,T,N,Max_Ve,Min_Ve,Avg_Ve,Std_Ve,is_error,N_stat
0.874,24.28,0.62,84.044,1.154,2025-05-21 12:53:11,0.0,12.1,8.4,10.14,1.03,0,0
0.87,24.336,0.344,84.024,1.204,2025-05-21 12:53:11,0.0,12.1,8.4,10.14,1.03,0,0
0.865,24.346,0.416,84.037,1.251,2025-05-21 12:53:11,0.0,12.1,8.4,10.14,1.03,0,0
0.901,24.393,0.501,84.129,1.243,2025-05-21 12:53:11,0.0,12.1,8.4,10.14,1.03,0,0
0.901,24.281,0.483,83.971,1.218,2025-05-21 12:53:11,0.0,12.1,8.4,10.14,1.03,0,0
0.866,24.284,0.578,84.171,1.181,2025-05-21 12:53:11,0.0,12.1,8.4,10.14,1.03,0,0
0.879,24.331,0.556,83.838,1.281,2025-05-21 12:53:11,0.0,12.1,8.4,10.14,1.03,0,0
0.862,24.363,0.434,84.045,1.188,2025-05-21 12:53:11,0.0,12.1,8.4,10.14,1.03,0,0
0.854,24.255,0.473,84.109,1.254,2025-05-21 12:53:11,0.0,12.1,8.4,10.14,1.03,0,0
0.885,24.305,0.465,83.952,1.234,2025-05-21 12:53:11,0.0,12.1,8.4,10.14,1.03,0,0
0.838,24.244,0.361,83.998,1.136,2025-05-21 12:53:11,0.0,12.1,8.4,10.14,1.03,0,0
0.895,24.252,0.319,84.112,1.266,2025-05-21 12:53:11,0.0,12.1,8.4,10.14,1.03,0,0
0.909,24.279,0.672,84.061,1.314,2025-05-21 12:53:11,0.0,12.1,8.4,10.14,1.03,0,0
0.889,24.362,0.508,84.135,1.22,2025-05-21 12:53:11,0.0,12.1,8.4,10.14,1.03,0,0
0.847,24.257,0.474,83.975,1.174,2025-05-21 12:53:11,0.0,12.1,8.4,10.14,1.03,0,0
0.877,24.257,0.467,84.269,1.215,2025-05-21 12:53:11,0.0,12.1,8.4,10.14,1.03,0,0
0.867,24.327,0.454,84.268,1.206,2025-05-21 12:53:11,0.0,12.1,8.4,10.14,1.03,0,0
0.903,24.417,0.653,84.146,1.256,2025-05-21 12:53:11,0.0,12.1,8.4,10.14,1.03,0,0
0.901,24.318,0.662,84.258,1.263,2025-05-21 12:53:11,0.0,12.1,8.4,10.14,1.03,0,0
0.871,24.225,0.345,84.269,1.281,2025-05-21 12:53:11,0.0,12.1,8.4,10.14,1.03,0,0
0.857,24.393,0.24,84.202,1.164,2025-05-21 12:58:12,1.0,11.9,6.6,9.18,1.31,0,1
0.853,24.328,0.457,83.794,1.189,2025-05-21 12:58:12,1.0,11.9,6.6,9.18,1.31,0,1
0.869,24.368,0.361,84.346,1.236,2025-05-21 12:58:12,1.0,11.9,6.6,9.18,1.31,0,1
0.873,24.268,0.536,84.606,1.187,2025-05-21 12:58:12,1.0,11.9,6.6,9.18,1.31,0,1
0.852,24.306,0.442,84.27,1.201,2025-05-21 12:58:12,1.0,11.9,6.6,9.18,1.31,0,1
0.881,24.335,0.397,84.253,1.221,2025-05-21 12:58:12,1.0,11.9,6.6,9.18,1.31,0,1
0.844,24.203,0.511,84.236,1.165,2025-05-21 12:58:12,1.0,11.9,6.6,9.18,1.31,0,1
0.861,24.271,0.476,84.281,1.252,2025-05-21 12:58:12,1.0,11.9,6.6,9.18,1.31,0,1
0.894,24.339,0.473,84.126,1.322,2025-05-21 12:58:12,1.0,11.9,6.6,9.18,1.31,0,1
0.865,24.246,0.267,83.948,1.239,2025-05-21 12:58:12,1.0,11.9,6.6,9.18,1.31,0,1
0.861,24.349,0.732,84.248,1.216,2025-05-21 12:58:12,1.0,11.9,6.6,9.18,1.31,0,1
0.871,24.299,0.415,84.287,1.167,2025-05-21 12:58:12,1.0,11.9,6.6,9.18,1.31,0,1
0.857,24.279,0.292,84.374,1.221,2025-05-21 12:58:12,1.0,11.9,6.6,9.18,1.31,0,1
0.866,24.267,0.351,84.256,1.225,2025-05-21 12:58:12,1.0,11.9,6.6,9.18,1.31,0,1
0.839,24.205,0.507,84.41,1.125,2025-05-21 12:58:12,1.0,11.9,6.6,9.18,1.31,0,1
0.853,24.256,0.368,84.083,1.233,2025-05-21 12:58:12,1.0,11.9,6.6,9.18,1.31,0,1
0.846,24.231,0.48,84.083,1.197,2025-05-21 12:58:12,1.0,11.9,6.6,9.18,1.31,0,1
0.835,24.237,0.262,84.102,1.143,2025-05-21 12:58:12,1.0,11.9,6.6,9.18,1.31,0,1
0.82,24.253,0.403,83.893,1.172,2025-05-21 12:58:12,1.0,11.9,6.6,9.18,1.31,0,1
0.843,24.319,0.265,84.313,1.225,2025-05-21 12:58:12,1.0,11.9,6.6,9.18,1.31,0,1
0.855,24.198,0.372,83.978,1.22,2025-05-21 13:03:12,2.0,12.4,7.8,9.81,1.11,0,2
0.858,24.327,0.729,84.274,1.253,2025-05-21 13:03:12,2.0,12.4,7.8,9.81,1.11,0,2
0.865,24.321,0.341,84.018,1.196,2025-05-21 13:03:12,2.0,12.4,7.8,9.81,1.11,0,2
0.893,24.259,0.406,84.102,1.217,2025-05-21 13:03:12,2.0,12.4,7.8,9.81,1.11,0,2
0.879,24.403,0.751,83.872,1.268,2025-05-21 13:03:12,2.0,12.4,7.8,9.81,1.11,0,2
0.913,24.349,0.408,84.006,1.287,2025-05-21 13:03:12,2.0,12.4,7.8,9.81,1.11,0,2
0.831,24.276,0.358,84.078,1.14,2025-05-21 13:03:12,2.0,12.4,7.8,9.81,1.11,0,2
0.884,24.248,0.454,84.097,1.26,2025-05-21 13:03:12,2.0,12.4,7.8,9.81,1.11,0,2
0.9,24.358,0.477,83.95,1.264,2025-05-21 13:03:12,2.0,12.4,7.8,9.81,1.11,0,2
0.89,24.377,0.419,84.182,1.262,2025-05-21 13:03:12,2.0,12.4,7.8,9.81,1.11,0,2
0.883,24.261,0.55,83.874,1.275,2025-05-21 13:03:12,2.0,12.4,7.8,9.81,1.11,0,2
0.883,24.346,0.337,84.028,1.218,2025-05-21 13:03:12,2.0,12.4,7.8,9.81,1.11,0,2
0.876,24.345,0.613,83.832,1.202,2025-05-21 13:03:12,2.0,12.4,7.8,9.81,1.11,0,2
0.865,24.317,0.574,83.826,1.173,2025-05-21 13:03:12,2.0,12.4,7.8,9.81,1.11,0,2
0.872,24.271,0.344,84.021,1.282,2025-05-21 13:03:12,2.0,12.4,7.8,9.81,1.11,0,2
0.869,24.308,0.354,83.852,1.236,2025-05-21 13:03:12,2.0,12.4,7.8,9.81,1.11,0,2
0.891,24.23,0.595,84.107,1.226,2025-05-21 13:03:12,2.0,12.4,7.8,9.81,1.11,0,2
0.866,24.371,0.378,83.94,1.154,2025-05-21 13:03:12,2.0,12.4,7.8,9.81,1.11,0,2
0.88,24.28,0.368,83.85,1.212,2025-05-21 13:03:12,2.0,12.4,7.8,9.81,1.11,0,2
0.902,24.377,0.514,84.112,1.252,2025-05-21 13:03:12,2.0,12.4,7.8,9.81,1.11,0,2
0.889,24.317,0.411,84.268,1.218,2025-05-21 21:13:21,3.0,11.8,7.8,10.35,0.97,0,3
0.879,24.164,0.516,84.203,1.256,2025-05-21 21:13:21,3.0,11.8,7.8,10.35,0.97,0,3
0.855,24.371,0.586,84.068,1.223,2025-05-21 21:13:21,3.0,11.8,7.8,10.35,0.97,0,3
0.883,24.355,0.436,83.917,1.266,2025-05-21 21:13:21,3.0,11.8,7.8,10.35,0.97,0,3
0.889,24.334,0.353,84.181,1.231,2025-05-21 21:13:21,3.0,11.8,7.8,10.35,0.97,0,3
0.867,24.338,0.41,84.368,1.294,2025-05-21 21:13:21,3.0,11.8,7.8,10.35,0.97,0,3
0.866,24.296,0.444,83.999,1.224,2025-05-21 21:13:21,3.0,11.8,7.8,10.35,0.97,0,3
0.844,24.294,0.541,84.098,1.191,2025-05-21 21:13:21,3.0,11.8,7.8,10.35,0.97,0,3
0.887,24.321,0.299,84.031,1.233,2025-05-21 21:13:21,3.0,11.8,7.8,10.35,0.97,0,3
0.858,24.343,0.291,84.224,1.122,2025-05-21 21:13:21,3.0,11.8,7.8,10.35,0.97,0,3
0.879,24.269,0.537,83.971,1.339,2025-05-21 21:13:21,3.0,11.8,7.8,10.35,0.97,0,3
0.887,24.266,0.408,84.305,1.286,2025-05-21 21:13:21,3.0,11.8,7.8,10.35,0.97,0,3
0.868,24.257,0.278,84.162,1.247,2025-05-21 21:13:21,3.0,11.8,7.8,10.35,0.97,0,3
0.888,24.378,0.289,84.003,1.279,2025-05-21 21:13:21,3.0,11.8,7.8,10.35,0.97,0,3
0.855,24.258,0.587,83.92,1.225,2025-05-21 21:13:21,3.0,11.8,7.8,10.35,0.97,0,3
0.874,24.325,0.246,84.197,1.27,2025-05-21 21:13:21,3.0,11.8,7.8,10.35,0.97,0,3
0.837,24.225,0.59,84.28,1.194,2025-05-21 21:13:21,3.0,11.8,7.8,10.35,0.97,0,3
0.849,24.364,0.555,84.366,1.143,2025-05-21 21:13:21,3.0,11.8,7.8,10.35,0.97,0,3
0.88,24.362,0.769,84.144,1.201,2025-05-21 21:13:21,3.0,11.8,7.8,10.35,0.97,0,3
0.874,24.329,0.363,83.871,1.235,2025-05-21 21:23:22,4.0,11.8,7.4,9.24,0.93,0,4
0.857,24.215,0.373,83.901,1.183,2025-05-21 21:23:22,4.0,11.8,7.4,9.24,0.93,0,4
0.871,24.128,0.364,84.336,1.191,2025-05-21 21:23:22,4.0,11.8,7.4,9.24,0.93,0,4
0.897,24.306,0.315,83.977,1.245,2025-05-21 21:23:22,4.0,11.8,7.4,9.24,0.93,0,4
0.866,24.219,0.52,83.877,1.21,2025-05-21 21:23:22,4.0,11.8,7.4,9.24,0.93,0,4
0.897,24.224,0.414,83.904,1.274,2025-05-21 21:23:22,4.0,11.8,7.4,9.24,0.93,0,4
0.881,24.291,0.352,84.027,1.257,2025-05-21 21:23:22,4.0,11.8,7.4,9.24,0.93,0,4
0.888,24.362,0.347,83.786,1.265,2025-05-21 21:23:22,4.0,11.8,7.4,9.24,0.93,0,4
0.905,24.186,0.341,83.948,1.293,2025-05-21 21:23:22,4.0,11.8,7.4,9.24,0.93,0,4
0.878,24.29,0.431,83.563,1.328,2025-05-21 21:23:22,4.0,11.8,7.4,9.24,0.93,0,4
0.855,24.19,0.349,83.842,1.231,2025-05-21 21:23:22,4.0,11.8,7.4,9.24,0.93,0,4
0.883,24.332,0.239,83.859,1.22,2025-05-21 21:23:22,4.0,11.8,7.4,9.24,0.93,0,4
0.857,24.184,0.539,83.668,1.232,2025-05-21 21:23:22,4.0,11.8,7.4,9.24,0.93,0,4
0.868,24.261,0.482,83.895,1.302,2025-05-21 21:23:22,4.0,11.8,7.4,9.24,0.93,0,4
0.856,24.364,0.668,84.044,1.168,2025-05-21 21:23:22,4.0,11.8,7.4,9.24,0.93,0,4
0.856,24.339,0.307,84.098,1.162,2025-05-21 21:23:22,4.0,11.8,7.4,9.24,0.93,0,4
0.863,24.235,0.4,83.704,1.303,2025-05-21 21:23:22,4.0,11.8,7.4,9.24,0.93,0,4
0.833,24.265,0.374,83.565,1.216,2025-05-21 21:23:22,4.0,11.8,7.4,9.24,0.93,0,4
0.889,24.298,0.318,83.845,1.259,2025-05-21 21:23:22,4.0,11.8,7.4,9.24,0.93,0,4
0.887,24.31,0.741,83.92,1.294,2025-05-21 21:14:49,5.0,14.0,9.3,11.74,1.31,0,5
0.854,24.276,0.422,84.0,1.176,2025-05-21 21:14:49,5.0,14.0,9.3,11.74,1.31,0,5
0.861,24.274,0.407,84.06,1.224,2025-05-21 21:14:49,5.0,14.0,9.3,11.74,1.31,0,5
0.854,24.338,0.404,83.97,1.211,2025-05-21 21:14:49,5.0,14.0,9.3,11.74,1.31,0,5
0.921,24.345,0.407,84.4,1.384,2025-05-21 21:14:49,5.0,14.0,9.3,11.74,1.31,0,5
0.852,24.33,0.66,84.24,1.237,2025-05-21 21:14:49,5.0,14.0,9.3,11.74,1.31,0,5
0.877,24.394,0.341,84.19,1.293,2025-05-21 21:14:49,5.0,14.0,9.3,11.74,1.31,0,5
0.839,24.381,0.547,84.24,1.144,2025-05-21 21:14:49,5.0,14.0,9.3,11.74,1.31,0,5
0.88,24.359,0.55,84.24,1.189,2025-05-21 21:14:49,5.0,14.0,9.3,11.74,1.31,0,5
0.899,24.332,0.442,83.99,1.308,2025-05-21 21:14:49,5.0,14.0,9.3,11.74,1.31,0,5
0.878,24.311,0.289,83.75,1.23,2025-05-21 21:14:49,5.0,14.0,9.3,11.74,1.31,0,5
0.882,24.263,0.432,84.08,1.268,2025-05-21 21:14:49,5.0,14.0,9.3,11.74,1.31,0,5
0.882,24.403,0.427,83.96,1.211,2025-05-21 21:14:49,5.0,14.0,9.3,11.74,1.31,0,5
0.831,24.342,0.449,83.78,1.205,2025-05-21 21:14:49,5.0,14.0,9.3,11.74,1.31,0,5
0.849,24.366,0.482,83.69,1.183,2025-05-21 21:14:49,5.0,14.0,9.3,11.74,1.31,0,5
0.882,24.371,0.623,84.08,1.274,2025-05-21 21:14:49,5.0,14.0,9.3,11.74,1.31,0,5
0.879,24.294,0.49,84.06,1.221,2025-05-21 21:14:49,5.0,14.0,9.3,11.74,1.31,0,5
0.873,24.422,0.346,84.05,1.308,2025-05-21 21:14:49,5.0,14.0,9.3,11.74,1.31,0,5
0.879,24.343,0.505,84.03,1.142,2025-05-21 21:14:49,5.0,14.0,9.3,11.74,1.31,0,5
0.893,24.336,0.459,83.966,1.208,2025-05-22 12:46:48,6.0,11.7,8.0,10.32,0.98,0,6
0.879,24.268,0.578,84.155,1.197,2025-05-22 12:46:48,6.0,11.7,8.0,10.32,0.98,0,6
0.865,24.27,0.475,84.062,1.241,2025-05-22 12:46:48,6.0,11.7,8.0,10.32,0.98,0,6
0.864,24.303,0.526,84.197,1.278,2025-05-22 12:46:48,6.0,11.7,8.0,10.32,0.98,0,6
0.897,24.228,0.636,83.965,1.289,2025-05-22 12:46:48,6.0,11.7,8.0,10.32,0.98,0,6
0.883,24.347,0.635,84.339,1.164,2025-05-22 12:46:48,6.0,11.7,8.0,10.32,0.98,0,6
0.864,24.226,0.724,84.17,1.16,2025-05-22 12:46:48,6.0,11.7,8.0,10.32,0.98,0,6
0.883,24.266,0.41,84.212,1.177,2025-05-22 12:46:48,6.0,11.7,8.0,10.32,0.98,0,6
0.869,24.27,0.361,84.226,1.274,2025-05-22 12:46:48,6.0,11.7,8.0,10.32,0.98,0,6
0.889,24.265,0.503,84.197,1.296,2025-05-22 12:46:48,6.0,11.7,8.0,10.32,0.98,0,6
0.868,24.23,0.523,84.351,1.313,2025-05-22 12:46:48,6.0,11.7,8.0,10.32,0.98,0,6
0.888,24.257,0.667,84.053,1.278,2025-05-22 12:46:48,6.0,11.7,8.0,10.32,0.98,0,6
0.9,24.364,0.619,84.115,1.305,2025-05-22 12:46:48,6.0,11.7,8.0,10.32,0.98,0,6
0.886,24.224,0.454,84.181,1.228,2025-05-22 12:46:48,6.0,11.7,8.0,10.32,0.98,0,6
0.872,24.267,0.56,84.379,1.272,2025-05-22 12:46:48,6.0,11.7,8.0,10.32,0.98,0,6
0.871,24.244,0.265,84.097,1.223,2025-05-22 12:46:48,6.0,11.7,8.0,10.32,0.98,0,6
0.868,24.318,0.404,84.037,1.238,2025-05-22 12:46:48,6.0,11.7,8.0,10.32,0.98,0,6
0.862,24.239,0.532,84.003,1.204,2025-05-22 12:46:48,6.0,11.7,8.0,10.32,0.98,0,6
0.868,24.325,0.432,84.312,1.239,2025-05-22 12:46:48,6.0,11.7,8.0,10.32,0.98,0,6
0.906,24.314,0.515,83.996,1.194,2025-05-22 12:46:48,6.0,11.7,8.0,10.32,0.98,0,6
0.873,24.268,0.36,83.766,1.255,2025-05-22 12:51:49,7.0,11.1,7.8,9.55,0.94,0,7
0.871,24.156,0.413,84.254,1.244,2025-05-22 12:51:49,7.0,11.1,7.8,9.55,0.94,0,7
0.883,24.377,0.448,84.051,1.328,2025-05-22 12:51:49,7.0,11.1,7.8,9.55,0.94,0,7
0.891,24.136,0.427,83.919,1.265,2025-05-22 12:51:49,7.0,11.1,7.8,9.55,0.94,0,7
0.895,24.238,0.367,84.589,1.27,2025-05-22 12:51:49,7.0,11.1,7.8,9.55,0.94,0,7
0.844,24.155,0.343,84.343,1.16,2025-05-22 12:51:49,7.0,11.1,7.8,9.55,0.94,0,7
0.857,24.222,0.633,83.651,1.263,2025-05-22 12:51:49,7.0,11.1,7.8,9.55,0.94,0,7
0.884,24.181,0.356,84.493,1.319,2025-05-22 12:51:49,7.0,11.1,7.8,9.55,0.94,0,7
0.873,24.19,0.515,84.186,1.278,2025-05-22 12:51:49,7.0,11.1,7.8,9.55,0.94,0,7
0.887,24.219,0.436,84.374,1.307,2025-05-22 12:51:49,7.0,11.1,7.8,9.55,0.94,0,7
0.89,24.159,0.526,83.722,1.227,2025-05-22 12:51:49,7.0,11.1,7.8,9.55,0.94,0,7
0.873,24.303,0.364,84.215,1.234,2025-05-22 12:51:49,7.0,11.1,7.8,9.55,0.94,0,7
0.876,24.238,0.291,84.255,1.217,2025-05-22 12:51:49,7.0,11.1,7.8,9.55,0.94,0,7
0.859,24.188,0.319,84.34,1.273,2025-05-22 12:51:49,7.0,11.1,7.8,9.55,0.94,0,7
0.848,24.227,0.33,83.703,1.272,2025-05-22 12:51:49,7.0,11.1,7.8,9.55,0.94,0,7
0.886,24.231,0.456,84.409,1.316,2025-05-22 12:51:49,7.0,11.1,7.8,9.55,0.94,0,7
0.865,24.253,0.521,83.969,1.194,2025-05-22 12:51:49,7.0,11.1,7.8,9.55,0.94,0,7
0.873,24.215,0.456,84.234,1.26,2025-05-22 12:51:49,7.0,11.1,7.8,9.55,0.94,0,7
0.859,24.215,0.375,83.969,1.205,2025-05-22 21:16:57,8.0,12.4,8.1,9.35,1.1,0,8
0.889,24.29,0.311,84.104,1.267,2025-05-22 21:16:57,8.0,12.4,8.1,9.35,1.1,0,8
0.868,24.279,0.39,83.723,1.261,2025-05-22 21:16:57,8.0,12.4,8.1,9.35,1.1,0,8
0.879,24.341,0.424,83.841,1.196,2025-05-22 21:16:57,8.0,12.4,8.1,9.35,1.1,0,8
0.854,24.301,0.463,83.694,1.197,2025-05-22 21:16:57,8.0,12.4,8.1,9.35,1.1,0,8
0.872,24.284,0.304,84.014,1.176,2025-05-22 21:16:57,8.0,12.4,8.1,9.35,1.1,0,8
0.907,24.389,0.679,83.909,1.332,2025-05-22 21:16:57,8.0,12.4,8.1,9.35,1.1,0,8
0.888,24.306,0.415,83.858,1.177,2025-05-22 21:16:57,8.0,12.4,8.1,9.35,1.1,0,8
0.895,24.289,0.481,83.838,1.228,2025-05-22 21:16:57,8.0,12.4,8.1,9.35,1.1,0,8
0.902,24.394,0.469,84.246,1.247,2025-05-22 21:16:57,8.0,12.4,8.1,9.35,1.1,0,8
0.887,24.191,0.53,83.898,1.203,2025-05-22 21:16:57,8.0,12.4,8.1,9.35,1.1,0,8
0.878,24.373,0.478,83.735,1.238,2025-05-22 21:16:57,8.0,12.4,8.1,9.35,1.1,0,8
0.896,24.306,0.35,84.102,1.284,2025-05-22 21:16:57,8.0,12.4,8.1,9.35,1.1,0,8
0.869,24.263,0.502,83.935,1.168,2025-05-22 21:16:57,8.0,12.4,8.1,9.35,1.1,0,8
0.874,24.196,0.406,83.786,1.225,2025-05-22 21:16:57,8.0,12.4,8.1,9.35,1.1,0,8
0.861,24.341,0.403,83.802,1.233,2025-05-22 21:16:57,8.0,12.4,8.1,9.35,1.1,0,8
0.853,24.305,0.319,83.826,1.2,2025-05-22 21:16:57,8.0,12.4,8.1,9.35,1.1,0,8
0.861,24.215,0.489,83.846,1.188,2025-05-22 21:16:57,8.0,12.4,8.1,9.35,1.1,0,8
0.866,24.236,0.485,83.867,1.262,2025-05-22 21:16:57,8.0,12.4,8.1,9.35,1.1,0,8
0.876,24.301,0.525,83.85,1.166,2025-05-22 21:13:29,9.0,12.1,9.7,10.75,0.69,0,9
0.907,24.36,0.409,84.07,1.245,2025-05-22 21:13:29,9.0,12.1,9.7,10.75,0.69,0,9
0.909,24.288,0.51,84.37,1.315,2025-05-22 21:13:29,9.0,12.1,9.7,10.75,0.69,0,9
0.883,24.323,0.402,84.09,1.215,2025-05-22 21:13:29,9.0,12.1,9.7,10.75,0.69,0,9
0.862,24.213,0.485,84.01,1.214,2025-05-22 21:13:29,9.0,12.1,9.7,10.75,0.69,0,9
0.868,24.212,0.655,84.23,1.211,2025-05-22 21:13:29,9.0,12.1,9.7,10.75,0.69,0,9
0.88,24.305,0.269,83.72,1.189,2025-05-22 21:13:29,9.0,12.1,9.7,10.75,0.69,0,9
0.896,24.385,0.377,84.12,1.22,2025-05-22 21:13:29,9.0,12.1,9.7,10.75,0.69,0,9
0.85,24.398,0.47,84.15,1.16,2025-05-22 21:13:29,9.0,12.1,9.7,10.75,0.69,0,9
0.861,24.313,0.439,84.03,1.179,2025-05-22 21:13:29,9.0,12.1,9.7,10.75,0.69,0,9
0.877,24.347,0.447,83.95,1.23,2025-05-22 21:13:29,9.0,12.1,9.7,10.75,0.69,0,9
0.891,24.301,0.51,84.33,1.163,2025-05-22 21:13:29,9.0,12.1,9.7,10.75,0.69,0,9
0.878,24.358,0.547,84.19,1.131,2025-05-22 21:13:29,9.0,12.1,9.7,10.75,0.69,0,9
0.86,24.208,0.525,84.3,1.182,2025-05-22 21:13:29,9.0,12.1,9.7,10.75,0.69,0,9
0.854,24.151,0.442,84.43,1.282,2025-05-22 21:13:29,9.0,12.1,9.7,10.75,0.69,0,9
0.896,24.251,0.475,84.21,1.24,2025-05-22 21:13:29,9.0,12.1,9.7,10.75,0.69,0,9
0.886,24.33,0.492,83.89,1.173,2025-05-22 21:13:29,9.0,12.1,9.7,10.75,0.69,0,9
0.9,24.385,0.57,83.99,1.198,2025-05-22 21:13:29,9.0,12.1,9.7,10.75,0.69,0,9
0.855,24.202,0.374,83.89,1.235,2025-05-22 21:13:29,9.0,12.1,9.7,10.75,0.69,0,9
0.888,24.42,0.427,84.13,1.223,2025-05-22 21:13:29,9.0,12.1,9.7,10.75,0.69,0,9
0.918,24.312,0.718,84.24,1.349,2025-05-22 21:18:31,10.0,13.7,9.9,11.76,1.17,0,10
0.899,24.329,0.364,84.05,1.269,2025-05-22 21:18:31,10.0,13.7,9.9,11.76,1.17,0,10
0.878,24.314,0.582,84.0,1.155,2025-05-22 21:18:31,10.0,13.7,9.9,11.76,1.17,0,10
0.892,24.33,0.384,84.37,1.246,2025-05-22 21:18:31,10.0,13.7,9.9,11.76,1.17,0,10
0.901,24.243,0.515,83.9,1.317,2025-05-22 21:18:31,10.0,13.7,9.9,11.76,1.17,0,10
0.891,24.361,0.562,84.03,1.248,2025-05-22 21:18:31,10.0,13.7,9.9,11.76,1.17,0,10
0.89,24.255,0.407,84.19,1.204,2025-05-22 21:18:31,10.0,13.7,9.9,11.76,1.17,0,10
0.877,24.36,0.394,83.85,1.263,2025-05-22 21:18:31,10.0,13.7,9.9,11.76,1.17,0,10
0.874,24.36,0.369,83.81,1.263,2025-05-22 21:18:31,10.0,13.7,9.9,11.76,1.17,0,10
0.919,24.319,0.241,84.25,1.292,2025-05-22 21:18:31,10.0,13.7,9.9,11.76,1.17,0,10
0.874,24.378,0.351,84.04,1.231,2025-05-22 21:18:31,10.0,13.7,9.9,11.76,1.17,0,10
0.891,24.338,0.354,83.85,1.258,2025-05-22 21:18:31,10.0,13.7,9.9,11.76,1.17,0,10
0.892,24.244,0.522,84.2,1.214,2025-05-22 21:18:31,10.0,13.7,9.9,11.76,1.17,0,10
0.885,24.359,0.352,84.01,1.252,2025-05-22 21:18:31,10.0,13.7,9.9,11.76,1.17,0,10
0.879,24.294,0.319,83.83,1.243,2025-05-22 21:18:31,10.0,13.7,9.9,11.76,1.17,0,10
0.886,24.282,0.291,84.58,1.235,2025-05-22 21:18:31,10.0,13.7,9.9,11.76,1.17,0,10
0.881,24.438,0.434,83.93,1.261,2025-05-22 21:18:31,10.0,13.7,9.9,11.76,1.17,0,10
0.877,24.264,0.228,84.07,1.288,2025-05-22 21:18:31,10.0,13.7,9.9,11.76,1.17,0,10
0.892,24.313,0.409,83.84,1.37,2025-05-22 21:18:31,10.0,13.7,9.9,11.76,1.17,0,10
0.896,24.273,0.429,83.879,1.269,2025-05-23 10:52:29,11.0,13.8,8.1,9.88,1.64,0,11
0.875,24.323,0.499,84.189,1.185,2025-05-23 10:52:29,11.0,13.8,8.1,9.88,1.64,0,11
0.852,24.273,0.379,84.045,1.213,2025-05-23 10:52:29,11.0,13.8,8.1,9.88,1.64,0,11
0.888,24.317,0.505,84.253,1.2,2025-05-23 10:52:29,11.0,13.8,8.1,9.88,1.64,0,11
0.845,24.299,0.589,84.339,1.158,2025-05-23 10:52:29,11.0,13.8,8.1,9.88,1.64,0,11
0.898,24.324,0.34,84.165,1.153,2025-05-23 10:52:29,11.0,13.8,8.1,9.88,1.64,0,11
0.856,24.23,0.649,83.638,1.185,2025-05-23 10:52:29,11.0,13.8,8.1,9.88,1.64,0,11
0.891,24.173,0.577,84.213,1.3,2025-05-23 10:52:29,11.0,13.8,8.1,9.88,1.64,0,11
0.879,24.309,0.841,84.306,1.219,2025-05-23 10:52:29,11.0,13.8,8.1,9.88,1.64,0,11
0.865,24.272,0.629,84.192,1.224,2025-05-23 10:52:29,11.0,13.8,8.1,9.88,1.64,0,11
0.909,24.303,0.487,84.178,1.29,2025-05-23 10:52:29,11.0,13.8,8.1,9.88,1.64,0,11
0.894,24.354,0.491,83.978,1.255,2025-05-23 10:52:29,11.0,13.8,8.1,9.88,1.64,0,11
0.887,24.307,0.713,84.091,1.21,2025-05-23 10:52:29,11.0,13.8,8.1,9.88,1.64,0,11
0.87,24.196,0.671,84.243,1.229,2025-05-23 10:52:29,11.0,13.8,8.1,9.88,1.64,0,11
0.87,24.263,0.435,84.481,1.238,2025-05-23 10:52:29,11.0,13.8,8.1,9.88,1.64,0,11
0.867,24.327,0.54,84.06,1.227,2025-05-23 10:52:29,11.0,13.8,8.1,9.88,1.64,0,11
0.894,24.208,0.7,84.205,1.178,2025-05-23 10:52:29,11.0,13.8,8.1,9.88,1.64,0,11
0.888,24.28,0.566,84.223,1.262,2025-05-23 10:52:29,11.0,13.8,8.1,9.88,1.64,0,11
0.873,24.31,0.663,84.194,1.238,2025-05-23 10:52:29,11.0,13.8,8.1,9.88,1.64,0,11
0.857,24.352,0.55,84.162,1.197,2025-05-23 10:52:29,11.0,13.8,8.1,9.88,1.64,0,11
0.863,24.374,0.596,84.039,1.194,2025-05-23 10:57:30,12.0,12.3,8.6,10.17,1.09,0,12
0.911,24.39,0.424,84.084,1.373,2025-05-23 10:57:30,12.0,12.3,8.6,10.17,1.09,0,12
0.903,24.421,0.624,83.99,1.36,2025-05-23 10:57:30,12.0,12.3,8.6,10.17,1.09,0,12
0.89,24.416,0.526,84.095,1.231,2025-05-23 10:57:30,12.0,12.3,8.6,10.17,1.09,0,12
0.866,24.346,0.499,83.653,1.209,2025-05-23 10:57:30,12.0,12.3,8.6,10.17,1.09,0,12
0.878,24.245,0.46,83.656,1.204,2025-05-23 10:57:30,12.0,12.3,8.6,10.17,1.09,0,12
0.925,24.441,0.665,83.951,1.274,2025-05-23 10:57:30,12.0,12.3,8.6,10.17,1.09,0,12
0.921,24.398,0.322,84.36,1.277,2025-05-23 10:57:30,12.0,12.3,8.6,10.17,1.09,0,12
0.888,24.446,0.309,84.421,1.203,2025-05-23 10:57:30,12.0,12.3,8.6,10.17,1.09,0,12
0.883,24.376,0.611,84.067,1.285,2025-05-23 10:57:30,12.0,12.3,8.6,10.17,1.09,0,12
0.895,24.321,0.664,84.082,1.237,2025-05-23 10:57:30,12.0,12.3,8.6,10.17,1.09,0,12
0.905,24.331,0.346,84.628,1.282,2025-05-23 10:57:30,12.0,12.3,8.6,10.17,1.09,0,12
0.881,24.229,0.542,84.363,1.255,2025-05-23 10:57:30,12.0,12.3,8.6,10.17,1.09,0,12
0.91,24.343,0.342,84.143,1.344,2025-05-23 10:57:30,12.0,12.3,8.6,10.17,1.09,0,12
0.877,24.281,0.393,84.231,1.191,2025-05-23 10:57:30,12.0,12.3,8.6,10.17,1.09,0,12
0.896,24.397,0.435,83.819,1.344,2025-05-23 10:57:30,12.0,12.3,8.6,10.17,1.09,0,12
0.872,24.355,0.329,83.773,1.278,2025-05-23 10:57:30,12.0,12.3,8.6,10.17,1.09,0,12
0.875,24.315,0.461,83.936,1.257,2025-05-23 10:57:30,12.0,12.3,8.6,10.17,1.09,0,12
0.841,24.356,0.556,84.084,1.203,2025-05-23 10:57:30,12.0,12.3,8.6,10.17,1.09,0,12
0.879,24.417,0.471,83.927,1.294,2025-05-23 10:57:30,12.0,12.3,8.6,10.17,1.09,0,12
0.888,24.38,0.449,84.013,1.228,2025-05-23 11:02:31,13.0,12.7,8.1,9.87,1.2,0,13
0.895,24.347,0.472,84.104,1.2,2025-05-23 11:02:31,13.0,12.7,8.1,9.87,1.2,0,13
0.867,24.259,0.572,84.041,1.22,2025-05-23 11:02:31,13.0,12.7,8.1,9.87,1.2,0,13
0.885,24.268,0.269,84.124,1.226,2025-05-23 11:02:31,13.0,12.7,8.1,9.87,1.2,0,13
0.902,24.389,0.785,84.202,1.28,2025-05-23 11:02:31,13.0,12.7,8.1,9.87,1.2,0,13
0.906,24.323,0.765,83.927,1.25,2025-05-23 11:02:31,13.0,12.7,8.1,9.87,1.2,0,13
0.877,24.294,0.335,84.185,1.207,2025-05-23 11:02:31,13.0,12.7,8.1,9.87,1.2,0,13
0.863,24.349,0.38,83.981,1.187,2025-05-23 11:02:31,13.0,12.7,8.1,9.87,1.2,0,13
0.856,24.351,0.37,84.076,1.164,2025-05-23 11:02:31,13.0,12.7,8.1,9.87,1.2,0,13
0.852,24.351,0.389,83.899,1.165,2025-05-23 11:02:31,13.0,12.7,8.1,9.87,1.2,0,13
0.876,24.257,0.504,84.111,1.254,2025-05-23 11:02:31,13.0,12.7,8.1,9.87,1.2,0,13
0.884,24.307,0.525,83.695,1.245,2025-05-23 11:02:31,13.0,12.7,8.1,9.87,1.2,0,13
0.902,24.345,0.42,83.674,1.269,2025-05-23 11:02:31,13.0,12.7,8.1,9.87,1.2,0,13
0.883,24.347,0.341,83.994,1.243,2025-05-23 11:02:31,13.0,12.7,8.1,9.87,1.2,0,13
0.869,24.321,0.309,84.114,1.273,2025-05-23 11:02:31,13.0,12.7,8.1,9.87,1.2,0,13
0.898,24.44,0.397,84.019,1.258,2025-05-23 11:02:31,13.0,12.7,8.1,9.87,1.2,0,13
0.884,24.328,0.381,84.069,1.223,2025-05-23 11:02:31,13.0,12.7,8.1,9.87,1.2,0,13
0.884,24.429,0.394,83.829,1.213,2025-05-23 11:02:31,13.0,12.7,8.1,9.87,1.2,0,13
0.885,24.388,0.441,83.7,1.24,2025-05-23 11:02:31,13.0,12.7,8.1,9.87,1.2,0,13
0.905,24.35,0.327,83.871,1.227,2025-05-23 11:02:31,13.0,12.7,8.1,9.87,1.2,0,13
0.881,24.261,0.423,84.221,1.25,2025-05-23 12:47:37,14.0,12.3,7.3,9.54,1.43,0,14
0.86,24.328,0.468,84.203,1.238,2025-05-23 12:47:37,14.0,12.3,7.3,9.54,1.43,0,14
0.851,24.361,0.536,83.845,1.169,2025-05-23 12:47:37,14.0,12.3,7.3,9.54,1.43,0,14
0.851,24.314,0.597,84.079,1.179,2025-05-23 12:47:37,14.0,12.3,7.3,9.54,1.43,0,14
0.896,24.316,0.526,84.107,1.221,2025-05-23 12:47:37,14.0,12.3,7.3,9.54,1.43,0,14
0.864,24.243,0.523,83.889,1.275,2025-05-23 12:47:37,14.0,12.3,7.3,9.54,1.43,0,14
0.859,24.274,0.547,83.966,1.301,2025-05-23 12:47:37,14.0,12.3,7.3,9.54,1.43,0,14
0.904,24.28,0.577,84.245,1.321,2025-05-23 12:47:37,14.0,12.3,7.3,9.54,1.43,0,14
0.887,24.323,0.549,83.814,1.209,2025-05-23 12:47:37,14.0,12.3,7.3,9.54,1.43,0,14
0.887,24.324,0.514,84.178,1.176,2025-05-23 12:47:37,14.0,12.3,7.3,9.54,1.43,0,14
0.861,24.234,0.591,83.983,1.127,2025-05-23 12:47:37,14.0,12.3,7.3,9.54,1.43,0,14
0.868,24.292,0.5,84.141,1.22,2025-05-23 12:47:37,14.0,12.3,7.3,9.54,1.43,0,14
0.885,24.192,0.483,84.362,1.273,2025-05-23 12:47:37,14.0,12.3,7.3,9.54,1.43,0,14
0.891,24.197,0.407,84.337,1.238,2025-05-23 12:47:37,14.0,12.3,7.3,9.54,1.43,0,14
0.868,24.36,0.598,84.238,1.289,2025-05-23 12:47:37,14.0,12.3,7.3,9.54,1.43,0,14
0.883,24.262,0.462,84.172,1.249,2025-05-23 12:47:37,14.0,12.3,7.3,9.54,1.43,0,14
0.883,24.304,0.485,84.443,1.248,2025-05-23 12:47:37,14.0,12.3,7.3,9.54,1.43,0,14
0.877,24.302,0.524,84.242,1.286,2025-05-23 12:47:37,14.0,12.3,7.3,9.54,1.43,0,14
0.892,24.38,0.323,84.209,1.287,2025-05-23 12:52:38,15.0,13.7,8.3,10.36,1.42,0,15
0.891,24.268,0.404,84.39,1.242,2025-05-23 12:52:38,15.0,13.7,8.3,10.36,1.42,0,15
0.884,24.318,0.455,83.857,1.249,2025-05-23 12:52:38,15.0,13.7,8.3,10.36,1.42,0,15
0.867,24.239,0.496,83.94,1.273,2025-05-23 12:52:38,15.0,13.7,8.3,10.36,1.42,0,15
0.856,24.291,0.453,84.235,1.165,2025-05-23 12:52:38,15.0,13.7,8.3,10.36,1.42,0,15
0.855,24.264,0.313,84.014,1.204,2025-05-23 12:52:38,15.0,13.7,8.3,10.36,1.42,0,15
0.876,24.225,0.441,84.137,1.26,2025-05-23 12:52:38,15.0,13.7,8.3,10.36,1.42,0,15
0.854,24.32,0.521,83.681,1.132,2025-05-23 12:52:38,15.0,13.7,8.3,10.36,1.42,0,15
0.896,24.27,0.65,84.106,1.247,2025-05-23 12:52:38,15.0,13.7,8.3,10.36,1.42,0,15
0.907,24.246,0.381,84.405,1.301,2025-05-23 12:52:38,15.0,13.7,8.3,10.36,1.42,0,15
0.874,24.343,0.633,84.061,1.236,2025-05-23 12:52:38,15.0,13.7,8.3,10.36,1.42,0,15
0.876,24.283,0.385,84.168,1.245,2025-05-23 12:52:38,15.0,13.7,8.3,10.36,1.42,0,15
0.874,24.314,0.515,83.804,1.213,2025-05-23 12:52:38,15.0,13.7,8.3,10.36,1.42,0,15
0.873,24.269,0.403,84.132,1.204,2025-05-23 12:52:38,15.0,13.7,8.3,10.36,1.42,0,15
0.89,24.334,0.333,83.974,1.241,2025-05-23 12:52:38,15.0,13.7,8.3,10.36,1.42,0,15
0.891,24.34,0.457,84.574,1.254,2025-05-23 12:52:38,15.0,13.7,8.3,10.36,1.42,0,15
0.845,24.209,0.667,83.807,1.158,2025-05-23 12:52:38,15.0,13.7,8.3,10.36,1.42,0,15
0.897,24.384,0.401,83.953,1.141,2025-05-23 12:52:38,15.0,13.7,8.3,10.36,1.42,0,15
0.902,24.301,0.476,84.009,1.29,2025-05-23 12:52:38,15.0,13.7,8.3,10.36,1.42,0,15
0.899,24.347,0.359,83.918,1.234,2025-05-23 13:02:39,16.0,12.5,8.1,10.17,1.25,0,16
0.912,24.391,0.391,84.49,1.314,2025-05-23 13:02:39,16.0,12.5,8.1,10.17,1.25,0,16
0.902,24.33,0.519,83.92,1.321,2025-05-23 13:02:39,16.0,12.5,8.1,10.17,1.25,0,16
0.887,24.415,0.242,84.046,1.244,2025-05-23 13:02:39,16.0,12.5,8.1,10.17,1.25,0,16
0.886,24.328,0.652,84.003,1.285,2025-05-23 13:02:39,16.0,12.5,8.1,10.17,1.25,0,16
0.899,24.332,0.394,84.055,1.286,2025-05-23 13:02:39,16.0,12.5,8.1,10.17,1.25,0,16
0.889,24.293,0.488,84.113,1.208,2025-05-23 13:02:39,16.0,12.5,8.1,10.17,1.25,0,16
0.875,24.41,0.368,84.235,1.286,2025-05-23 13:02:39,16.0,12.5,8.1,10.17,1.25,0,16
0.873,24.234,0.564,83.85,1.207,2025-05-23 13:02:39,16.0,12.5,8.1,10.17,1.25,0,16
0.873,24.221,0.413,84.246,1.174,2025-05-23 13:02:39,16.0,12.5,8.1,10.17,1.25,0,16
0.871,24.443,0.402,83.978,1.145,2025-05-23 13:02:39,16.0,12.5,8.1,10.17,1.25,0,16
0.881,24.305,0.624,83.791,1.218,2025-05-23 13:02:39,16.0,12.5,8.1,10.17,1.25,0,16
0.875,24.342,0.339,83.842,1.298,2025-05-23 13:02:39,16.0,12.5,8.1,10.17,1.25,0,16
0.884,24.36,0.425,84.063,1.329,2025-05-23 13:02:39,16.0,12.5,8.1,10.17,1.25,0,16
0.86,24.323,0.661,84.054,1.171,2025-05-23 13:02:39,16.0,12.5,8.1,10.17,1.25,0,16
0.884,24.287,0.469,83.986,1.244,2025-05-23 13:02:39,16.0,12.5,8.1,10.17,1.25,0,16
0.894,24.321,0.5,83.984,1.282,2025-05-23 13:02:39,16.0,12.5,8.1,10.17,1.25,0,16
0.877,24.32,0.553,83.765,1.228,2025-05-23 13:02:39,16.0,12.5,8.1,10.17,1.25,0,16
0.869,24.318,0.287,83.63,1.234,2025-05-23 13:02:39,16.0,12.5,8.1,10.17,1.25,0,16
0.881,24.34,0.435,83.983,1.292,2025-05-23 13:02:39,16.0,12.5,8.1,10.17,1.25,0,16
0.903,24.39,0.427,83.883,1.253,2025-05-23 19:22:48,17.0,12.0,7.3,9.78,1.31,0,17
0.904,24.311,0.435,84.226,1.324,2025-05-23 19:22:48,17.0,12.0,7.3,9.78,1.31,0,17
0.877,24.323,0.47,83.956,1.279,2025-05-23 19:22:48,17.0,12.0,7.3,9.78,1.31,0,17
0.88,24.216,0.463,84.0,1.211,2025-05-23 19:22:48,17.0,12.0,7.3,9.78,1.31,0,17
0.911,24.401,0.432,84.301,1.34,2025-05-23 19:22:48,17.0,12.0,7.3,9.78,1.31,0,17
0.878,24.345,0.415,83.843,1.196,2025-05-23 19:22:48,17.0,12.0,7.3,9.78,1.31,0,17
0.869,24.25,0.265,84.257,1.198,2025-05-23 19:22:48,17.0,12.0,7.3,9.78,1.31,0,17
0.892,24.359,0.378,84.08,1.23,2025-05-23 19:22:48,17.0,12.0,7.3,9.78,1.31,0,17
0.914,24.305,0.327,83.84,1.23,2025-05-23 19:22:48,17.0,12.0,7.3,9.78,1.31,0,17
0.897,24.279,0.437,83.823,1.231,2025-05-23 19:22:48,17.0,12.0,7.3,9.78,1.31,0,17
0.893,24.346,0.466,83.947,1.312,2025-05-23 19:22:48,17.0,12.0,7.3,9.78,1.31,0,17
0.903,24.303,0.427,83.791,1.257,2025-05-23 19:22:48,17.0,12.0,7.3,9.78,1.31,0,17
0.878,24.254,0.529,84.108,1.275,2025-05-23 19:22:48,17.0,12.0,7.3,9.78,1.31,0,17
0.889,24.295,0.484,83.794,1.244,2025-05-23 19:22:48,17.0,12.0,7.3,9.78,1.31,0,17
0.883,24.387,0.4,83.819,1.135,2025-05-23 19:22:48,17.0,12.0,7.3,9.78,1.31,0,17
0.902,24.515,0.517,84.103,1.224,2025-05-23 19:22:48,17.0,12.0,7.3,9.78,1.31,0,17
0.887,24.272,0.335,83.996,1.244,2025-05-23 19:22:48,17.0,12.0,7.3,9.78,1.31,0,17
0.878,24.25,0.449,84.154,1.277,2025-05-23 19:22:48,17.0,12.0,7.3,9.78,1.31,0,17
0.889,24.464,0.714,83.918,1.209,2025-05-23 19:22:48,17.0,12.0,7.3,9.78,1.31,0,17
0.882,24.343,0.497,83.99,1.162,2025-05-23 19:17:55,18.0,13.0,9.4,11.36,0.93,0,18
0.879,24.305,0.856,84.07,1.176,2025-05-23 19:17:55,18.0,13.0,9.4,11.36,0.93,0,18
0.872,24.325,0.595,84.06,1.147,2025-05-23 19:17:55,18.0,13.0,9.4,11.36,0.93,0,18
0.877,24.368,0.412,84.06,1.234,2025-05-23 19:17:55,18.0,13.0,9.4,11.36,0.93,0,18
0.882,24.377,0.63,84.1,1.2,2025-05-23 19:17:55,18.0,13.0,9.4,11.36,0.93,0,18
0.908,24.316,0.512,84.42,1.227,2025-05-23 19:17:55,18.0,13.0,9.4,11.36,0.93,0,18
0.877,24.327,0.397,84.01,1.15,2025-05-23 19:17:55,18.0,13.0,9.4,11.36,0.93,0,18
0.899,24.375,0.444,84.09,1.18,2025-05-23 19:17:55,18.0,13.0,9.4,11.36,0.93,0,18
0.879,24.339,0.269,84.14,1.222,2025-05-23 19:17:55,18.0,13.0,9.4,11.36,0.93,0,18
0.899,24.312,0.462,84.12,1.207,2025-05-23 19:17:55,18.0,13.0,9.4,11.36,0.93,0,18
0.89,24.349,0.52,84.08,1.217,2025-05-23 19:17:55,18.0,13.0,9.4,11.36,0.93,0,18
0.904,24.352,0.47,84.15,1.194,2025-05-23 19:17:55,18.0,13.0,9.4,11.36,0.93,0,18
0.905,24.396,0.422,84.34,1.22,2025-05-23 19:17:55,18.0,13.0,9.4,11.36,0.93,0,18
0.88,24.292,0.447,84.0,1.204,2025-05-23 19:17:55,18.0,13.0,9.4,11.36,0.93,0,18
0.846,24.28,0.517,84.19,1.125,2025-05-23 19:17:55,18.0,13.0,9.4,11.36,0.93,0,18
0.886,24.31,0.595,83.94,1.214,2025-05-23 19:17:55,18.0,13.0,9.4,11.36,0.93,0,18
0.868,24.306,0.48,84.15,1.189,2025-05-23 19:17:55,18.0,13.0,9.4,11.36,0.93,0,18
0.837,24.368,0.444,84.08,1.179,2025-05-23 19:17:55,18.0,13.0,9.4,11.36,0.93,0,18
0.869,24.303,0.442,84.48,1.24,2025-05-23 19:17:55,18.0,13.0,9.4,11.36,0.93,0,18
0.878,24.302,0.482,83.85,1.243,2025-05-23 19:17:55,18.0,13.0,9.4,11.36,0.93,0,18
0.871,24.335,0.417,83.52,1.187,2025-05-23 19:22:56,19.0,13.3,8.9,10.65,1.09,0,19
0.858,24.361,0.407,84.0,1.172,2025-05-23 19:22:56,19.0,13.3,8.9,10.65,1.09,0,19
0.899,24.361,0.793,84.25,1.209,2025-05-23 19:22:56,19.0,13.3,8.9,10.65,1.09,0,19
0.864,24.304,0.517,84.05,1.147,2025-05-23 19:22:56,19.0,13.3,8.9,10.65,1.09,0,19
0.862,24.334,0.432,84.22,1.18,2025-05-23 19:22:56,19.0,13.3,8.9,10.65,1.09,0,19
0.891,24.317,0.485,83.81,1.241,2025-05-23 19:22:56,19.0,13.3,8.9,10.65,1.09,0,19
0.903,24.356,0.495,83.84,1.15,2025-05-23 19:22:56,19.0,13.3,8.9,10.65,1.09,0,19
0.901,24.284,0.269,84.26,1.274,2025-05-23 19:22:56,19.0,13.3,8.9,10.65,1.09,0,19
0.868,24.355,0.334,84.43,1.239,2025-05-23 19:22:56,19.0,13.3,8.9,10.65,1.09,0,19
0.9,24.375,0.226,84.31,1.199,2025-05-23 19:22:56,19.0,13.3,8.9,10.65,1.09,0,19
0.873,24.344,0.261,84.09,1.184,2025-05-23 19:22:56,19.0,13.3,8.9,10.65,1.09,0,19
0.882,24.309,0.321,83.9,1.257,2025-05-23 19:22:56,19.0,13.3,8.9,10.65,1.09,0,19
0.862,24.277,0.319,83.97,1.197,2025-05-23 19:22:56,19.0,13.3,8.9,10.65,1.09,0,19
0.87,24.337,0.424,84.06,1.161,2025-05-23 19:22:56,19.0,13.3,8.9,10.65,1.09,0,19
0.879,24.436,0.467,83.88,1.246,2025-05-23 19:22:56,19.0,13.3,8.9,10.65,1.09,0,19
0.874,24.35,0.595,84.0,1.238,2025-05-23 19:22:56,19.0,13.3,8.9,10.65,1.09,0,19
0.884,24.329,0.419,83.71,1.277,2025-05-23 19:22:56,19.0,13.3,8.9,10.65,1.09,0,19
0.873,24.281,0.291,84.17,1.265,2025-05-23 19:22:56,19.0,13.3,8.9,10.65,1.09,0,19
0.891,24.328,0.628,84.34,1.252,2025-05-23 19:22:56,19.0,13.3,8.9,10.65,1.09,0,19
0.886,24.383,0.434,83.717,1.241,2025-05-23 21:02:52,20.0,11.7,8.4,10.17,0.91,0,20
0.901,24.371,0.552,83.941,1.205,2025-05-23 21:02:52,20.0,11.7,8.4,10.17,0.91,0,20
0.904,24.277,0.474,84.191,1.394,2025-05-23 21:02:52,20.0,11.7,8.4,10.17,0.91,0,20
0.901,24.324,0.511,83.841,1.245,2025-05-23 21:02:52,20.0,11.7,8.4,10.17,0.91,0,20
0.893,24.259,0.378,84.244,1.175,2025-05-23 21:02:52,20.0,11.7,8.4,10.17,0.91,0,20
0.869,24.271,0.516,83.527,1.173,2025-05-23 21:02:52,20.0,11.7,8.4,10.17,0.91,0,20
0.878,24.377,0.421,83.735,1.194,2025-05-23 21:02:52,20.0,11.7,8.4,10.17,0.91,0,20
0.904,24.405,0.595,84.124,1.224,2025-05-23 21:02:52,20.0,11.7,8.4,10.17,0.91,0,20
0.877,24.361,0.791,83.957,1.234,2025-05-23 21:02:52,20.0,11.7,8.4,10.17,0.91,0,20
0.891,24.333,0.508,84.043,1.268,2025-05-23 21:02:52,20.0,11.7,8.4,10.17,0.91,0,20
0.884,24.251,0.401,83.983,1.28,2025-05-23 21:02:52,20.0,11.7,8.4,10.17,0.91,0,20
0.89,24.265,0.308,83.92,1.244,2025-05-23 21:02:52,20.0,11.7,8.4,10.17,0.91,0,20
0.854,24.362,0.423,83.855,1.198,2025-05-23 21:02:52,20.0,11.7,8.4,10.17,0.91,0,20
0.872,24.252,0.585,83.984,1.285,2025-05-23 21:02:52,20.0,11.7,8.4,10.17,0.91,0,20
0.902,24.393,0.423,83.665,1.155,2025-05-23 21:02:52,20.0,11.7,8.4,10.17,0.91,0,20
0.874,24.395,0.421,83.924,1.241,2025-05-23 21:02:52,20.0,11.7,8.4,10.17,0.91,0,20
0.882,24.204,0.499,84.246,1.264,2025-05-23 21:02:52,20.0,11.7,8.4,10.17,0.91,0,20
0.859,24.236,0.467,84.153,1.19,2025-05-23 21:02:52,20.0,11.7,8.4,10.17,0.91,0,20
0.879,24.287,0.589,83.809,1.233,2025-05-23 21:02:52,20.0,11.7,8.4,10.17,0.91,0,20
0.864,24.307,0.527,83.797,1.158,2025-05-23 21:02:52,20.0,11.7,8.4,10.17,0.91,0,20
0.871,24.345,0.577,84.06,1.176,2025-05-23 21:03:01,21.0,12.6,8.1,10.36,1.38,0,21
0.911,24.358,0.354,84.19,1.217,2025-05-23 21:03:01,21.0,12.6,8.1,10.36,1.38,0,21
0.874,24.324,0.688,84.03,1.201,2025-05-23 21:03:01,21.0,12.6,8.1,10.36,1.38,0,21
0.863,24.425,0.332,84.07,1.256,2025-05-23 21:03:01,21.0,12.6,8.1,10.36,1.38,0,21
0.873,24.401,0.809,84.04,1.155,2025-05-23 21:03:01,21.0,12.6,8.1,10.36,1.38,0,21
0.907,24.357,0.751,84.17,1.259,2025-05-23 21:03:01,21.0,12.6,8.1,10.36,1.38,0,21
0.868,24.308,0.62,84.01,1.146,2025-05-23 21:03:01,21.0,12.6,8.1,10.36,1.38,0,21
0.889,24.325,0.211,84.03,1.198,2025-05-23 21:03:01,21.0,12.6,8.1,10.36,1.38,0,21
0.889,24.335,0.231,83.94,1.211,2025-05-23 21:03:01,21.0,12.6,8.1,10.36,1.38,0,21
0.884,24.342,0.409,84.01,1.149,2025-05-23 21:03:01,21.0,12.6,8.1,10.36,1.38,0,21
0.872,24.328,0.515,84.08,1.191,2025-05-23 21:03:01,21.0,12.6,8.1,10.36,1.38,0,21
0.858,24.299,0.512,83.99,1.246,2025-05-23 21:03:01,21.0,12.6,8.1,10.36,1.38,0,21
0.863,24.352,0.542,84.23,1.144,2025-05-23 21:03:01,21.0,12.6,8.1,10.36,1.38,0,21
0.886,24.419,0.439,84.4,1.264,2025-05-23 21:03:01,21.0,12.6,8.1,10.36,1.38,0,21
0.882,24.393,0.52,84.05,1.193,2025-05-23 21:03:01,21.0,12.6,8.1,10.36,1.38,0,21
0.898,24.333,0.598,84.22,1.195,2025-05-23 21:03:01,21.0,12.6,8.1,10.36,1.38,0,21
0.846,24.346,0.374,84.37,1.154,2025-05-23 21:03:01,21.0,12.6,8.1,10.36,1.38,0,21
0.905,24.409,0.427,84.07,1.292,2025-05-23 21:03:01,21.0,12.6,8.1,10.36,1.38,0,21
0.862,24.314,0.412,84.0,1.167,2025-05-23 21:03:01,21.0,12.6,8.1,10.36,1.38,0,21
0.882,24.275,0.484,83.429,1.202,2025-05-23 21:12:54,22.0,11.6,6.6,9.62,1.15,0,22
0.881,24.218,0.418,83.839,1.238,2025-05-23 21:12:54,22.0,11.6,6.6,9.62,1.15,0,22
0.86,24.359,0.457,83.958,1.17,2025-05-23 21:12:54,22.0,11.6,6.6,9.62,1.15,0,22
0.881,24.351,0.379,83.911,1.193,2025-05-23 21:12:54,22.0,11.6,6.6,9.62,1.15,0,22
0.872,24.252,0.489,83.636,1.239,2025-05-23 21:12:54,22.0,11.6,6.6,9.62,1.15,0,22
0.867,24.383,0.436,83.92,1.151,2025-05-23 21:12:54,22.0,11.6,6.6,9.62,1.15,0,22
0.855,24.171,0.529,83.989,1.169,2025-05-23 21:12:54,22.0,11.6,6.6,9.62,1.15,0,22
0.89,24.345,0.337,84.066,1.245,2025-05-23 21:12:54,22.0,11.6,6.6,9.62,1.15,0,22
0.857,24.434,0.684,83.758,1.187,2025-05-23 21:12:54,22.0,11.6,6.6,9.62,1.15,0,22
0.871,24.158,0.38,83.837,1.218,2025-05-23 21:12:54,22.0,11.6,6.6,9.62,1.15,0,22
0.893,24.243,0.424,83.806,1.283,2025-05-23 21:12:54,22.0,11.6,6.6,9.62,1.15,0,22
0.856,24.241,0.32,84.125,1.2,2025-05-23 21:12:54,22.0,11.6,6.6,9.62,1.15,0,22
0.858,24.296,0.338,84.011,1.277,2025-05-23 21:12:54,22.0,11.6,6.6,9.62,1.15,0,22
0.861,24.186,0.436,83.749,1.239,2025-05-23 21:12:54,22.0,11.6,6.6,9.62,1.15,0,22
0.9,24.265,0.464,84.106,1.247,2025-05-23 21:12:54,22.0,11.6,6.6,9.62,1.15,0,22
0.867,24.24,0.342,83.847,1.176,2025-05-23 21:12:54,22.0,11.6,6.6,9.62,1.15,0,22
0.889,24.303,0.585,83.928,1.29,2025-05-23 21:12:54,22.0,11.6,6.6,9.62,1.15,0,22
0.867,24.21,0.341,83.827,1.231,2025-05-23 21:12:54,22.0,11.6,6.6,9.62,1.15,0,22
0.885,24.296,0.451,84.333,1.247,2025-05-27 12:56:36,23.0,11.4,7.2,8.87,1.11,0,23
0.88,24.389,0.312,83.692,1.139,2025-05-27 12:56:36,23.0,11.4,7.2,8.87,1.11,0,23
0.872,24.345,0.742,84.031,1.209,2025-05-27 12:56:36,23.0,11.4,7.2,8.87,1.11,0,23
0.905,24.364,0.36,83.737,1.324,2025-05-27 12:56:36,23.0,11.4,7.2,8.87,1.11,0,23
0.919,24.279,0.502,83.927,1.296,2025-05-27 12:56:36,23.0,11.4,7.2,8.87,1.11,0,23
0.9,24.274,0.515,83.974,1.284,2025-05-27 12:56:36,23.0,11.4,7.2,8.87,1.11,0,23
0.879,24.274,0.344,83.82,1.243,2025-05-27 12:56:36,23.0,11.4,7.2,8.87,1.11,0,23
0.875,24.202,0.494,83.726,1.209,2025-05-27 12:56:36,23.0,11.4,7.2,8.87,1.11,0,23
0.869,24.251,0.317,83.683,1.162,2025-05-27 12:56:36,23.0,11.4,7.2,8.87,1.11,0,23
0.859,24.32,0.357,83.865,1.206,2025-05-27 12:56:36,23.0,11.4,7.2,8.87,1.11,0,23
0.873,24.272,0.379,83.965,1.248,2025-05-27 12:56:36,23.0,11.4,7.2,8.87,1.11,0,23
0.878,24.423,0.464,83.967,1.191,2025-05-27 12:56:36,23.0,11.4,7.2,8.87,1.11,0,23
0.865,24.24,0.669,83.872,1.2,2025-05-27 12:56:36,23.0,11.4,7.2,8.87,1.11,0,23
0.845,24.24,0.369,84.102,1.15,2025-05-27 12:56:36,23.0,11.4,7.2,8.87,1.11,0,23
0.86,24.274,0.759,84.352,1.197,2025-05-27 12:56:36,23.0,11.4,7.2,8.87,1.11,0,23
0.888,24.296,0.327,83.873,1.176,2025-05-27 12:56:36,23.0,11.4,7.2,8.87,1.11,0,23
0.894,24.367,0.533,83.923,1.184,2025-05-27 12:56:36,23.0,11.4,7.2,8.87,1.11,0,23
0.896,24.418,0.37,83.902,1.235,2025-05-27 12:56:36,23.0,11.4,7.2,8.87,1.11,0,23
0.854,24.23,0.507,83.789,1.161,2025-05-27 12:56:36,23.0,11.4,7.2,8.87,1.11,0,23
0.906,24.407,0.389,84.02,1.187,2025-05-27 12:53:43,24.0,13.4,10.0,12.02,0.93,0,24
0.885,24.3,0.424,83.91,1.311,2025-05-27 12:53:43,24.0,13.4,10.0,12.02,0.93,0,24
0.871,24.371,0.387,84.3,1.259,2025-05-27 12:53:43,24.0,13.4,10.0,12.02,0.93,0,24
0.865,24.356,0.53,84.19,1.194,2025-05-27 12:53:43,24.0,13.4,10.0,12.02,0.93,0,24
0.905,24.332,0.588,84.18,1.306,2025-05-27 12:53:43,24.0,13.4,10.0,12.02,0.93,0,24
0.869,24.317,0.773,84.33,1.225,2025-05-27 12:53:43,24.0,13.4,10.0,12.02,0.93,0,24
0.873,24.376,0.447,84.18,1.264,2025-05-27 12:53:43,24.0,13.4,10.0,12.02,0.93,0,24
0.883,24.253,0.424,84.23,1.23,2025-05-27 12:53:43,24.0,13.4,10.0,12.02,0.93,0,24
0.888,24.31,0.462,84.19,1.261,2025-05-27 12:53:43,24.0,13.4,10.0,12.02,0.93,0,24
0.859,24.315,0.53,83.95,1.207,2025-05-27 12:53:43,24.0,13.4,10.0,12.02,0.93,0,24
0.862,24.375,0.427,84.22,1.213,2025-05-27 12:53:43,24.0,13.4,10.0,12.02,0.93,0,24
0.884,24.35,0.583,84.16,1.302,2025-05-27 12:53:43,24.0,13.4,10.0,12.02,0.93,0,24
0.879,24.428,0.462,84.11,1.25,2025-05-27 12:53:43,24.0,13.4,10.0,12.02,0.93,0,24
0.886,24.298,0.577,84.02,1.277,2025-05-27 12:53:43,24.0,13.4,10.0,12.02,0.93,0,24
0.892,24.281,0.495,83.97,1.319,2025-05-27 12:53:43,24.0,13.4,10.0,12.02,0.93,0,24
0.879,24.383,0.444,84.14,1.196,2025-05-27 12:53:43,24.0,13.4,10.0,12.02,0.93,0,24
0.882,24.398,0.332,84.06,1.202,2025-05-27 12:53:43,24.0,13.4,10.0,12.02,0.93,0,24
0.887,24.393,0.522,84.16,1.219,2025-05-27 12:53:43,24.0,13.4,10.0,12.02,0.93,0,24
0.868,24.257,0.367,83.79,1.254,2025-05-27 12:53:43,24.0,13.4,10.0,12.02,0.93,0,24
0.872,24.349,0.555,83.86,1.183,2025-05-27 12:58:44,25.0,13.9,11.0,12.47,0.82,0,25
0.865,24.342,0.384,83.92,1.231,2025-05-27 12:58:44,25.0,13.9,11.0,12.47,0.82,0,25
0.864,24.322,0.51,83.83,1.207,2025-05-27 12:58:44,25.0,13.9,11.0,12.47,0.82,0,25
0.861,24.278,0.462,83.97,1.302,2025-05-27 12:58:44,25.0,13.9,11.0,12.47,0.82,0,25
0.902,24.36,0.289,83.88,1.24,2025-05-27 12:58:44,25.0,13.9,11.0,12.47,0.82,0,25
0.858,24.307,0.6,83.82,1.237,2025-05-27 12:58:44,25.0,13.9,11.0,12.47,0.82,0,25
0.883,24.356,0.475,83.85,1.211,2025-05-27 12:58:44,25.0,13.9,11.0,12.47,0.82,0,25
0.865,24.378,0.244,84.14,1.174,2025-05-27 12:58:44,25.0,13.9,11.0,12.47,0.82,0,25
0.869,24.304,0.352,84.11,1.225,2025-05-27 12:58:44,25.0,13.9,11.0,12.47,0.82,0,25
0.872,24.379,0.497,83.96,1.291,2025-05-27 12:58:44,25.0,13.9,11.0,12.47,0.82,0,25
0.891,24.361,0.384,83.82,1.299,2025-05-27 12:58:44,25.0,13.9,11.0,12.47,0.82,0,25
0.871,24.301,0.384,83.98,1.271,2025-05-27 12:58:44,25.0,13.9,11.0,12.47,0.82,0,25
0.89,24.341,0.321,84.0,1.233,2025-05-27 12:58:44,25.0,13.9,11.0,12.47,0.82,0,25
0.874,24.335,0.254,83.86,1.288,2025-05-27 12:58:44,25.0,13.9,11.0,12.47,0.82,0,25
0.861,24.285,0.296,84.0,1.258,2025-05-27 12:58:44,25.0,13.9,11.0,12.47,0.82,0,25
0.875,24.323,0.344,84.38,1.285,2025-05-27 12:58:44,25.0,13.9,11.0,12.47,0.82,0,25
0.87,24.302,0.442,83.78,1.266,2025-05-27 12:58:44,25.0,13.9,11.0,12.47,0.82,0,25
0.865,24.235,0.45,83.99,1.34,2025-05-27 12:58:44,25.0,13.9,11.0,12.47,0.82,0,25
0.901,24.312,0.419,84.01,1.291,2025-05-27 12:58:44,25.0,13.9,11.0,12.47,0.82,0,25
0.89,24.228,0.426,84.073,1.214,2025-05-27 18:41:45,26.0,12.8,7.9,9.99,1.18,0,26
0.906,24.328,0.574,84.083,1.227,2025-05-27 18:41:45,26.0,12.8,7.9,9.99,1.18,0,26
0.891,24.406,0.477,84.214,1.244,2025-05-27 18:41:45,26.0,12.8,7.9,9.99,1.18,0,26
0.873,24.241,0.449,83.902,1.288,2025-05-27 18:41:45,26.0,12.8,7.9,9.99,1.18,0,26
0.884,24.23,0.46,83.935,1.261,2025-05-27 18:41:45,26.0,12.8,7.9,9.99,1.18,0,26
0.902,24.262,0.621,83.994,1.221,2025-05-27 18:41:45,26.0,12.8,7.9,9.99,1.18,0,26
0.857,24.255,0.526,83.852,1.176,2025-05-27 18:41:45,26.0,12.8,7.9,9.99,1.18,0,26
0.929,24.342,0.508,84.209,1.307,2025-05-27 18:41:45,26.0,12.8,7.9,9.99,1.18,0,26
0.891,24.317,0.695,84.168,1.211,2025-05-27 18:41:45,26.0,12.8,7.9,9.99,1.18,0,26
0.886,24.219,0.37,83.974,1.129,2025-05-27 18:41:45,26.0,12.8,7.9,9.99,1.18,0,26
0.89,24.31,0.538,84.186,1.223,2025-05-27 18:41:45,26.0,12.8,7.9,9.99,1.18,0,26
0.916,24.296,0.436,84.574,1.297,2025-05-27 18:41:45,26.0,12.8,7.9,9.99,1.18,0,26
0.889,24.322,0.551,84.013,1.26,2025-05-27 18:41:45,26.0,12.8,7.9,9.99,1.18,0,26
0.852,24.384,0.486,83.947,1.134,2025-05-27 18:41:45,26.0,12.8,7.9,9.99,1.18,0,26
0.89,24.387,0.504,84.104,1.204,2025-05-27 18:41:45,26.0,12.8,7.9,9.99,1.18,0,26
0.888,24.337,0.547,84.104,1.155,2025-05-27 18:41:45,26.0,12.8,7.9,9.99,1.18,0,26
0.877,24.33,0.426,84.206,1.266,2025-05-27 18:41:45,26.0,12.8,7.9,9.99,1.18,0,26
0.883,24.309,0.809,84.13,1.181,2025-05-27 18:41:45,26.0,12.8,7.9,9.99,1.18,0,26
0.88,24.295,0.502,84.105,1.247,2025-05-27 18:41:45,26.0,12.8,7.9,9.99,1.18,0,26
0.852,24.276,0.617,83.89,1.148,2025-05-27 18:46:46,27.0,11.1,6.7,8.87,0.95,0,27
0.865,24.266,0.371,84.089,1.211,2025-05-27 18:46:46,27.0,11.1,6.7,8.87,0.95,0,27
0.875,24.324,0.511,84.14,1.21,2025-05-27 18:46:46,27.0,11.1,6.7,8.87,0.95,0,27
0.855,24.281,0.466,83.915,1.152,2025-05-27 18:46:46,27.0,11.1,6.7,8.87,0.95,0,27
0.865,24.345,0.289,84.146,1.157,2025-05-27 18:46:46,27.0,11.1,6.7,8.87,0.95,0,27
0.837,24.272,0.282,83.923,1.156,2025-05-27 18:46:46,27.0,11.1,6.7,8.87,0.95,0,27
0.861,24.257,0.399,84.06,1.263,2025-05-27 18:46:46,27.0,11.1,6.7,8.87,0.95,0,27
0.84,24.232,0.613,83.591,1.184,2025-05-27 18:46:46,27.0,11.1,6.7,8.87,0.95,0,27
0.892,24.35,0.539,83.821,1.258,2025-05-27 18:46:46,27.0,11.1,6.7,8.87,0.95,0,27
0.891,24.267,0.349,83.921,1.234,2025-05-27 18:46:46,27.0,11.1,6.7,8.87,0.95,0,27
0.86,24.203,0.48,83.727,1.189,2025-05-27 18:46:46,27.0,11.1,6.7,8.87,0.95,0,27
0.893,24.379,0.64,83.786,1.218,2025-05-27 18:46:46,27.0,11.1,6.7,8.87,0.95,0,27
0.871,24.376,0.321,83.806,1.102,2025-05-27 18:46:46,27.0,11.1,6.7,8.87,0.95,0,27
0.877,24.369,0.435,83.972,1.217,2025-05-27 18:46:46,27.0,11.1,6.7,8.87,0.95,0,27
0.875,24.374,0.398,83.977,1.239,2025-05-27 18:46:46,27.0,11.1,6.7,8.87,0.95,0,27
0.863,24.215,0.547,84.174,1.177,2025-05-27 18:46:46,27.0,11.1,6.7,8.87,0.95,0,27
0.859,24.411,0.617,83.981,1.186,2025-05-27 18:46:46,27.0,11.1,6.7,8.87,0.95,0,27
0.896,24.268,0.306,83.852,1.218,2025-05-27 18:46:46,27.0,11.1,6.7,8.87,0.95,0,27
0.863,24.257,0.413,84.15,1.224,2025-05-27 18:46:46,27.0,11.1,6.7,8.87,0.95,0,27
0.866,24.344,0.33,84.291,1.154,2025-05-27 18:51:47,28.0,11.1,7.8,9.63,0.89,0,28
0.881,24.361,0.506,84.385,1.168,2025-05-27 18:51:47,28.0,11.1,7.8,9.63,0.89,0,28
0.899,24.402,0.361,84.18,1.237,2025-05-27 18:51:47,28.0,11.1,7.8,9.63,0.89,0,28
0.892,24.273,0.373,84.046,1.172,2025-05-27 18:51:47,28.0,11.1,7.8,9.63,0.89,0,28
0.896,24.339,0.443,84.255,1.216,2025-05-27 18:51:47,28.0,11.1,7.8,9.63,0.89,0,28
0.884,24.221,0.619,83.887,1.218,2025-05-27 18:51:47,28.0,11.1,7.8,9.63,0.89,0,28
0.866,24.221,0.71,83.855,1.228,2025-05-27 18:51:47,28.0,11.1,7.8,9.63,0.89,0,28
0.89,24.235,0.372,84.112,1.3,2025-05-27 18:51:47,28.0,11.1,7.8,9.63,0.89,0,28
0.868,24.393,0.586,84.106,1.179,2025-05-27 18:51:47,28.0,11.1,7.8,9.63,0.89,0,28
0.871,24.224,0.309,83.975,1.206,2025-05-27 18:51:47,28.0,11.1,7.8,9.63,0.89,0,28
0.865,24.298,0.324,83.665,1.218,2025-05-27 18:51:47,28.0,11.1,7.8,9.63,0.89,0,28
0.894,24.361,0.512,83.975,1.216,2025-05-27 18:51:47,28.0,11.1,7.8,9.63,0.89,0,28
0.89,24.429,0.552,84.249,1.26,2025-05-27 18:51:47,28.0,11.1,7.8,9.63,0.89,0,28
0.863,24.139,0.392,83.871,1.279,2025-05-27 18:51:47,28.0,11.1,7.8,9.63,0.89,0,28
0.865,24.252,0.452,84.201,1.15,2025-05-27 18:51:47,28.0,11.1,7.8,9.63,0.89,0,28
0.891,24.178,0.389,83.802,1.291,2025-05-27 18:51:47,28.0,11.1,7.8,9.63,0.89,0,28
0.882,24.379,0.436,84.344,1.261,2025-05-27 18:51:47,28.0,11.1,7.8,9.63,0.89,0,28
0.887,24.191,0.4,84.016,1.296,2025-05-27 18:51:47,28.0,11.1,7.8,9.63,0.89,0,28
0.86,24.323,0.445,83.927,1.192,2025-05-27 18:51:47,28.0,11.1,7.8,9.63,0.89,0,28
0.872,24.393,0.64,84.151,1.254,2025-05-27 18:51:47,28.0,11.1,7.8,9.63,0.89,0,28
0.869,24.356,0.294,84.16,1.098,2025-06-11 19:41:58,29.0,14.3,9.6,11.63,1.2,0,29
0.904,24.282,0.781,84.31,1.261,2025-06-11 19:41:58,29.0,14.3,9.6,11.63,1.2,0,29
0.846,24.296,0.326,84.21,1.202,2025-06-11 19:41:58,29.0,14.3,9.6,11.63,1.2,0,29
0.889,24.305,0.364,84.24,1.27,2025-06-11 19:41:58,29.0,14.3,9.6,11.63,1.2,0,29
0.886,24.311,0.286,84.03,1.293,2025-06-11 19:41:58,29.0,14.3,9.6,11.63,1.2,0,29
0.872,24.487,0.399,84.09,1.247,2025-06-11 19:41:58,29.0,14.3,9.6,11.63,1.2,0,29
0.861,24.412,0.382,84.05,1.257,2025-06-11 19:41:58,29.0,14.3,9.6,11.63,1.2,0,29
0.867,24.378,0.542,84.12,1.22,2025-06-11 19:41:58,29.0,14.3,9.6,11.63,1.2,0,29
0.872,24.266,0.673,84.06,1.21,2025-06-11 19:41:58,29.0,14.3,9.6,11.63,1.2,0,29
0.909,24.29,0.349,84.29,1.213,2025-06-11 19:41:58,29.0,14.3,9.6,11.63,1.2,0,29
0.885,24.367,0.557,84.23,1.193,2025-06-11 19:41:58,29.0,14.3,9.6,11.63,1.2,0,29
0.913,24.298,0.397,84.45,1.343,2025-06-11 19:41:58,29.0,14.3,9.6,11.63,1.2,0,29
0.863,24.322,0.53,84.37,1.275,2025-06-11 19:41:58,29.0,14.3,9.6,11.63,1.2,0,29
0.86,24.351,0.575,84.17,1.076,2025-06-11 19:41:58,29.0,14.3,9.6,11.63,1.2,0,29
0.893,24.323,0.364,84.0,1.207,2025-06-11 19:41:58,29.0,14.3,9.6,11.63,1.2,0,29
0.892,24.307,0.47,84.24,1.209,2025-06-11 19:41:58,29.0,14.3,9.6,11.63,1.2,0,29
0.883,24.347,0.387,84.22,1.243,2025-06-11 19:41:58,29.0,14.3,9.6,11.63,1.2,0,29
0.87,24.368,0.502,84.17,1.228,2025-06-11 19:41:58,29.0,14.3,9.6,11.63,1.2,0,29
0.887,24.33,0.768,83.98,1.298,2025-06-11 19:41:58,29.0,14.3,9.6,11.63,1.2,0,29
0.876,24.361,0.379,84.19,1.227,2025-06-11 19:41:58,29.0,14.3,9.6,11.63,1.2,0,29
0.899,24.314,0.467,84.16,1.244,2025-06-11 19:46:59,30.0,13.0,10.0,11.75,0.77,0,30
0.874,24.333,0.412,84.17,1.189,2025-06-11 19:46:59,30.0,13.0,10.0,11.75,0.77,0,30
0.881,24.336,0.492,84.52,1.236,2025-06-11 19:46:59,30.0,13.0,10.0,11.75,0.77,0,30
0.904,24.306,0.284,84.01,1.196,2025-06-11 19:46:59,30.0,13.0,10.0,11.75,0.77,0,30
0.876,24.219,0.309,84.13,1.211,2025-06-11 19:46:59,30.0,13.0,10.0,11.75,0.77,0,30
0.892,24.332,0.419,83.86,1.249,2025-06-11 19:46:59,30.0,13.0,10.0,11.75,0.77,0,30
0.899,24.377,0.211,84.19,1.266,2025-06-11 19:46:59,30.0,13.0,10.0,11.75,0.77,0,30
0.893,24.393,0.246,84.17,1.194,2025-06-11 19:46:59,30.0,13.0,10.0,11.75,0.77,0,30
0.874,24.266,0.54,84.5,1.166,2025-06-11 19:46:59,30.0,13.0,10.0,11.75,0.77,0,30
0.878,24.299,0.211,84.18,1.217,2025-06-11 19:46:59,30.0,13.0,10.0,11.75,0.77,0,30
0.887,24.384,0.442,84.17,1.158,2025-06-11 19:46:59,30.0,13.0,10.0,11.75,0.77,0,30
0.888,24.27,0.567,84.05,1.258,2025-06-11 19:46:59,30.0,13.0,10.0,11.75,0.77,0,30
0.855,24.313,0.48,84.19,1.156,2025-06-11 19:46:59,30.0,13.0,10.0,11.75,0.77,0,30
0.898,24.358,0.748,84.21,1.21,2025-06-11 19:46:59,30.0,13.0,10.0,11.75,0.77,0,30
0.875,24.37,0.389,84.07,1.195,2025-06-11 19:46:59,30.0,13.0,10.0,11.75,0.77,0,30
0.877,24.305,0.552,84.17,1.166,2025-06-11 19:46:59,30.0,13.0,10.0,11.75,0.77,0,30
0.888,24.312,0.54,83.91,1.257,2025-06-11 19:46:59,30.0,13.0,10.0,11.75,0.77,0,30
0.89,24.364,0.708,83.99,1.265,2025-06-11 19:46:59,30.0,13.0,10.0,11.75,0.77,0,30
0.901,24.396,0.344,84.1,1.26,2025-06-11 19:46:59,30.0,13.0,10.0,11.75,0.77,0,30
0.855,24.272,0.271,84.18,1.176,2025-06-11 19:46:59,30.0,13.0,10.0,11.75,0.77,0,30
0.877,24.36,0.392,83.91,1.214,2025-06-11 19:52:00,31.0,14.4,9.7,11.01,1.02,0,31
0.885,24.313,0.367,84.1,1.293,2025-06-11 19:52:00,31.0,14.4,9.7,11.01,1.02,0,31
0.903,24.424,0.598,84.0,1.286,2025-06-11 19:52:00,31.0,14.4,9.7,11.01,1.02,0,31
0.912,24.378,0.535,84.04,1.285,2025-06-11 19:52:00,31.0,14.4,9.7,11.01,1.02,0,31
0.872,24.41,0.407,83.89,1.227,2025-06-11 19:52:00,31.0,14.4,9.7,11.01,1.02,0,31
0.885,24.266,0.768,84.04,1.258,2025-06-11 19:52:00,31.0,14.4,9.7,11.01,1.02,0,31
0.871,24.31,0.339,84.16,1.185,2025-06-11 19:52:00,31.0,14.4,9.7,11.01,1.02,0,31
0.906,24.342,0.467,83.73,1.283,2025-06-11 19:52:00,31.0,14.4,9.7,11.01,1.02,0,31
0.909,24.436,0.399,83.99,1.187,2025-06-11 19:52:00,31.0,14.4,9.7,11.01,1.02,0,31
0.864,24.324,0.326,84.12,1.173,2025-06-11 19:52:00,31.0,14.4,9.7,11.01,1.02,0,31
0.873,24.342,0.442,83.97,1.232,2025-06-11 19:52:00,31.0,14.4,9.7,11.01,1.02,0,31
0.883,24.265,0.437,84.01,1.186,2025-06-11 19:52:00,31.0,14.4,9.7,11.01,1.02,0,31
0.899,24.376,0.367,84.27,1.299,2025-06-11 19:52:00,31.0,14.4,9.7,11.01,1.02,0,31
0.861,24.298,0.47,83.71,1.232,2025-06-11 19:52:00,31.0,14.4,9.7,11.01,1.02,0,31
0.893,24.324,0.733,83.93,1.209,2025-06-11 19:52:00,31.0,14.4,9.7,11.01,1.02,0,31
0.907,24.31,0.261,83.98,1.243,2025-06-11 19:52:00,31.0,14.4,9.7,11.01,1.02,0,31
0.901,24.322,0.51,83.97,1.27,2025-06-11 19:52:00,31.0,14.4,9.7,11.01,1.02,0,31
0.91,24.318,0.301,84.05,1.236,2025-06-11 19:52:00,31.0,14.4,9.7,11.01,1.02,0,31
0.896,24.321,0.407,83.9,1.232,2025-06-11 19:52:00,31.0,14.4,9.7,11.01,1.02,0,31
0.866,24.313,0.522,84.05,1.114,2025-06-11 19:52:00,31.0,14.4,9.7,11.01,1.02,0,31
0.895,24.384,0.477,84.07,1.268,2025-06-11 21:07:08,32.0,15.2,9.0,10.97,1.3,0,32
0.845,24.323,0.472,84.43,1.181,2025-06-11 21:07:08,32.0,15.2,9.0,10.97,1.3,0,32
0.85,24.285,0.718,83.86,1.178,2025-06-11 21:07:08,32.0,15.2,9.0,10.97,1.3,0,32
0.882,24.292,0.442,84.02,1.276,2025-06-11 21:07:08,32.0,15.2,9.0,10.97,1.3,0,32
0.902,24.296,0.354,84.22,1.181,2025-06-11 21:07:08,32.0,15.2,9.0,10.97,1.3,0,32
0.87,24.373,0.417,84.25,1.202,2025-06-11 21:07:08,32.0,15.2,9.0,10.97,1.3,0,32
0.864,24.346,0.442,84.39,1.225,2025-06-11 21:07:08,32.0,15.2,9.0,10.97,1.3,0,32
0.908,24.335,0.447,84.18,1.209,2025-06-11 21:07:08,32.0,15.2,9.0,10.97,1.3,0,32
0.888,24.356,0.61,84.28,1.183,2025-06-11 21:07:08,32.0,15.2,9.0,10.97,1.3,0,32
0.9,24.301,0.542,84.22,1.167,2025-06-11 21:07:08,32.0,15.2,9.0,10.97,1.3,0,32
0.897,24.317,0.379,84.17,1.392,2025-06-11 21:07:08,32.0,15.2,9.0,10.97,1.3,0,32
0.888,24.258,0.537,83.94,1.302,2025-06-11 21:07:08,32.0,15.2,9.0,10.97,1.3,0,32
0.906,24.328,0.736,84.38,1.247,2025-06-11 21:07:08,32.0,15.2,9.0,10.97,1.3,0,32
0.881,24.339,0.583,84.3,1.271,2025-06-11 21:07:08,32.0,15.2,9.0,10.97,1.3,0,32
0.872,24.356,0.357,84.33,1.193,2025-06-11 21:07:08,32.0,15.2,9.0,10.97,1.3,0,32
0.896,24.309,0.545,84.27,1.168,2025-06-11 21:07:08,32.0,15.2,9.0,10.97,1.3,0,32
0.878,24.35,0.459,84.05,1.168,2025-06-11 21:07:08,32.0,15.2,9.0,10.97,1.3,0,32
0.85,24.349,0.487,84.24,1.144,2025-06-11 21:07:08,32.0,15.2,9.0,10.97,1.3,0,32
0.882,24.36,0.389,84.17,1.258,2025-06-11 21:07:08,32.0,15.2,9.0,10.97,1.3,0,32
0.881,24.383,0.367,84.3,1.245,2025-06-11 21:12:09,33.0,14.3,9.8,11.54,1.07,0,33
0.873,24.354,0.437,84.18,1.195,2025-06-11 21:12:09,33.0,14.3,9.8,11.54,1.07,0,33
0.895,24.288,0.522,84.38,1.277,2025-06-11 21:12:09,33.0,14.3,9.8,11.54,1.07,0,33
0.876,24.382,0.59,84.14,1.215,2025-06-11 21:12:09,33.0,14.3,9.8,11.54,1.07,0,33
0.888,24.368,0.329,84.09,1.226,2025-06-11 21:12:09,33.0,14.3,9.8,11.54,1.07,0,33
0.868,24.232,0.359,84.37,1.195,2025-06-11 21:12:09,33.0,14.3,9.8,11.54,1.07,0,33
0.898,24.352,0.429,84.02,1.244,2025-06-11 21:12:09,33.0,14.3,9.8,11.54,1.07,0,33
0.906,24.356,0.422,84.15,1.298,2025-06-11 21:12:09,33.0,14.3,9.8,11.54,1.07,0,33
0.866,24.349,0.337,84.21,1.251,2025-06-11 21:12:09,33.0,14.3,9.8,11.54,1.07,0,33
0.837,24.288,0.736,84.08,1.204,2025-06-11 21:12:09,33.0,14.3,9.8,11.54,1.07,0,33
0.868,24.231,0.449,84.09,1.191,2025-06-11 21:12:09,33.0,14.3,9.8,11.54,1.07,0,33
0.883,24.391,0.424,84.12,1.2,2025-06-11 21:12:09,33.0,14.3,9.8,11.54,1.07,0,33
0.849,24.226,0.545,84.23,1.251,2025-06-11 21:12:09,33.0,14.3,9.8,11.54,1.07,0,33
0.854,24.277,0.455,84.21,1.195,2025-06-11 21:12:09,33.0,14.3,9.8,11.54,1.07,0,33
0.861,24.293,0.449,84.15,1.259,2025-06-11 21:12:09,33.0,14.3,9.8,11.54,1.07,0,33
0.868,24.304,0.618,84.0,1.233,2025-06-11 21:12:09,33.0,14.3,9.8,11.54,1.07,0,33
0.868,24.338,0.5,83.97,1.26,2025-06-11 21:12:09,33.0,14.3,9.8,11.54,1.07,0,33
0.878,24.358,0.239,84.07,1.215,2025-06-11 21:12:09,33.0,14.3,9.8,11.54,1.07,0,33
0.866,24.199,0.693,84.09,1.293,2025-06-11 21:12:09,33.0,14.3,9.8,11.54,1.07,0,33
0.868,24.261,0.48,84.13,1.25,2025-06-11 21:12:09,33.0,14.3,9.8,11.54,1.07,0,33
0.876,24.358,0.48,83.81,1.208,2025-06-11 21:17:11,34.0,14.0,8.8,10.94,1.27,0,34
0.894,24.317,0.399,84.03,1.289,2025-06-11 21:17:11,34.0,14.0,8.8,10.94,1.27,0,34
0.909,24.344,0.495,84.16,1.283,2025-06-11 21:17:11,34.0,14.0,8.8,10.94,1.27,0,34
0.9,24.403,0.467,84.09,1.186,2025-06-11 21:17:11,34.0,14.0,8.8,10.94,1.27,0,34
0.876,24.362,0.309,84.16,1.193,2025-06-11 21:17:11,34.0,14.0,8.8,10.94,1.27,0,34
0.845,24.316,0.309,84.03,1.141,2025-06-11 21:17:11,34.0,14.0,8.8,10.94,1.27,0,34
0.87,24.377,0.279,84.03,1.145,2025-06-11 21:17:11,34.0,14.0,8.8,10.94,1.27,0,34
0.906,24.265,0.379,84.13,1.286,2025-06-11 21:17:11,34.0,14.0,8.8,10.94,1.27,0,34
0.875,24.333,0.409,83.84,1.258,2025-06-11 21:17:11,34.0,14.0,8.8,10.94,1.27,0,34
0.831,24.364,0.502,83.84,1.204,2025-06-11 21:17:11,34.0,14.0,8.8,10.94,1.27,0,34
0.866,24.286,0.464,84.03,1.152,2025-06-11 21:17:11,34.0,14.0,8.8,10.94,1.27,0,34
0.888,24.369,0.482,84.24,1.255,2025-06-11 21:17:11,34.0,14.0,8.8,10.94,1.27,0,34
0.856,24.189,0.447,84.21,1.202,2025-06-11 21:17:11,34.0,14.0,8.8,10.94,1.27,0,34
0.892,24.336,0.733,83.91,1.169,2025-06-11 21:17:11,34.0,14.0,8.8,10.94,1.27,0,34
0.886,24.234,0.291,84.31,1.257,2025-06-11 21:17:11,34.0,14.0,8.8,10.94,1.27,0,34
0.898,24.299,0.311,83.98,1.217,2025-06-11 21:17:11,34.0,14.0,8.8,10.94,1.27,0,34
0.889,24.273,0.598,84.11,1.244,2025-06-11 21:17:11,34.0,14.0,8.8,10.94,1.27,0,34
0.884,24.358,0.304,83.85,1.202,2025-06-11 21:17:11,34.0,14.0,8.8,10.94,1.27,0,34
0.83,24.259,0.592,84.0,1.133,2025-06-11 21:17:11,34.0,14.0,8.8,10.94,1.27,0,34
0.89,24.327,0.271,83.87,1.294,2025-06-11 21:17:11,34.0,14.0,8.8,10.94,1.27,0,34
0.917,24.356,0.695,84.366,1.282,2025-06-12 10:45:50,35.0,11.8,6.9,9.49,1.57,0,35
0.915,24.386,0.503,84.064,1.212,2025-06-12 10:45:50,35.0,11.8,6.9,9.49,1.57,0,35
0.86,24.288,0.547,84.002,1.227,2025-06-12 10:45:50,35.0,11.8,6.9,9.49,1.57,0,35
0.88,24.395,0.609,83.998,1.237,2025-06-12 10:45:50,35.0,11.8,6.9,9.49,1.57,0,35
0.881,24.346,0.443,84.013,1.186,2025-06-12 10:45:50,35.0,11.8,6.9,9.49,1.57,0,35
0.896,24.333,0.419,84.147,1.16,2025-06-12 10:45:50,35.0,11.8,6.9,9.49,1.57,0,35
0.883,24.377,0.4,83.894,1.209,2025-06-12 10:45:50,35.0,11.8,6.9,9.49,1.57,0,35
0.886,24.263,0.523,83.941,1.211,2025-06-12 10:45:50,35.0,11.8,6.9,9.49,1.57,0,35
0.896,24.422,0.48,84.272,1.212,2025-06-12 10:45:50,35.0,11.8,6.9,9.49,1.57,0,35
0.901,24.365,0.383,84.088,1.148,2025-06-12 10:45:50,35.0,11.8,6.9,9.49,1.57,0,35
0.889,24.391,0.378,83.946,1.192,2025-06-12 10:45:50,35.0,11.8,6.9,9.49,1.57,0,35
0.857,24.307,0.423,84.146,1.192,2025-06-12 10:45:50,35.0,11.8,6.9,9.49,1.57,0,35
0.868,24.265,0.684,83.994,1.154,2025-06-12 10:45:50,35.0,11.8,6.9,9.49,1.57,0,35
0.905,24.448,0.714,83.993,1.176,2025-06-12 10:45:50,35.0,11.8,6.9,9.49,1.57,0,35
0.885,24.359,0.513,83.983,1.155,2025-06-12 10:45:50,35.0,11.8,6.9,9.49,1.57,0,35
0.862,24.42,0.646,84.065,1.224,2025-06-12 10:45:50,35.0,11.8,6.9,9.49,1.57,0,35
0.886,24.356,0.55,84.047,1.144,2025-06-12 10:45:50,35.0,11.8,6.9,9.49,1.57,0,35
0.876,24.389,0.427,84.233,1.24,2025-06-12 10:45:50,35.0,11.8,6.9,9.49,1.57,0,35
0.889,24.31,0.391,84.347,1.231,2025-06-12 10:45:50,35.0,11.8,6.9,9.49,1.57,0,35
0.864,24.347,0.524,84.045,1.144,2025-06-12 10:45:50,35.0,11.8,6.9,9.49,1.57,0,35
0.896,24.332,0.749,84.22,1.147,2025-06-12 10:55:51,36.0,11.3,7.4,9.6,1.26,0,36
0.891,24.395,0.501,84.192,1.181,2025-06-12 10:55:51,36.0,11.3,7.4,9.6,1.26,0,36
0.87,24.412,0.449,84.0,1.155,2025-06-12 10:55:51,36.0,11.3,7.4,9.6,1.26,0,36
0.875,24.301,0.495,83.873,1.181,2025-06-12 10:55:51,36.0,11.3,7.4,9.6,1.26,0,36
0.88,24.396,0.425,84.124,1.218,2025-06-12 10:55:51,36.0,11.3,7.4,9.6,1.26,0,36
0.89,24.398,0.49,84.095,1.242,2025-06-12 10:55:51,36.0,11.3,7.4,9.6,1.26,0,36
0.887,24.439,0.484,84.35,1.18,2025-06-12 10:55:51,36.0,11.3,7.4,9.6,1.26,0,36
0.897,24.392,0.285,83.834,1.262,2025-06-12 10:55:51,36.0,11.3,7.4,9.6,1.26,0,36
0.899,24.364,0.36,83.843,1.263,2025-06-12 10:55:51,36.0,11.3,7.4,9.6,1.26,0,36
0.873,24.285,0.64,83.907,1.122,2025-06-12 10:55:51,36.0,11.3,7.4,9.6,1.26,0,36
0.897,24.387,0.434,84.062,1.202,2025-06-12 10:55:51,36.0,11.3,7.4,9.6,1.26,0,36
0.889,24.332,0.403,84.359,1.121,2025-06-12 10:55:51,36.0,11.3,7.4,9.6,1.26,0,36
0.879,24.298,0.434,84.389,1.189,2025-06-12 10:55:51,36.0,11.3,7.4,9.6,1.26,0,36
0.876,24.425,0.659,84.032,1.224,2025-06-12 10:55:51,36.0,11.3,7.4,9.6,1.26,0,36
0.869,24.268,0.544,84.113,1.164,2025-06-12 10:55:51,36.0,11.3,7.4,9.6,1.26,0,36
0.879,24.365,0.329,83.833,1.229,2025-06-12 10:55:51,36.0,11.3,7.4,9.6,1.26,0,36
0.871,24.268,0.584,83.873,1.198,2025-06-12 10:55:51,36.0,11.3,7.4,9.6,1.26,0,36
0.871,24.315,0.416,84.262,1.205,2025-06-12 10:55:51,36.0,11.3,7.4,9.6,1.26,0,36
0.9,24.348,0.262,83.894,1.222,2025-06-12 10:55:51,36.0,11.3,7.4,9.6,1.26,0,36
0.887,24.353,0.384,84.233,1.27,2025-06-12 10:55:51,36.0,11.3,7.4,9.6,1.26,0,36
0.881,24.304,0.321,83.85,1.242,2025-06-12 11:00:52,37.0,11.0,5.5,8.63,1.21,0,37
0.914,24.219,0.404,84.09,1.246,2025-06-12 11:00:52,37.0,11.0,5.5,8.63,1.21,0,37
0.87,24.342,0.317,84.032,1.225,2025-06-12 11:00:52,37.0,11.0,5.5,8.63,1.21,0,37
0.852,24.362,0.471,83.599,1.174,2025-06-12 11:00:52,37.0,11.0,5.5,8.63,1.21,0,37
0.872,24.313,0.385,84.053,1.217,2025-06-12 11:00:52,37.0,11.0,5.5,8.63,1.21,0,37
0.859,24.282,0.456,83.923,1.18,2025-06-12 11:00:52,37.0,11.0,5.5,8.63,1.21,0,37
0.865,24.388,0.57,83.886,1.182,2025-06-12 11:00:52,37.0,11.0,5.5,8.63,1.21,0,37
0.87,24.309,0.236,83.697,1.203,2025-06-12 11:00:52,37.0,11.0,5.5,8.63,1.21,0,37
0.845,24.277,0.415,83.774,1.161,2025-06-12 11:00:52,37.0,11.0,5.5,8.63,1.21,0,37
0.859,24.256,0.633,83.9,1.235,2025-06-12 11:00:52,37.0,11.0,5.5,8.63,1.21,0,37
0.842,24.445,0.318,83.993,1.136,2025-06-12 11:00:52,37.0,11.0,5.5,8.63,1.21,0,37
0.858,24.185,0.3,83.72,1.236,2025-06-12 11:00:52,37.0,11.0,5.5,8.63,1.21,0,37
0.868,24.231,0.419,83.952,1.197,2025-06-12 11:00:52,37.0,11.0,5.5,8.63,1.21,0,37
0.851,24.327,0.356,83.627,1.187,2025-06-12 11:00:52,37.0,11.0,5.5,8.63,1.21,0,37
0.887,24.384,0.367,83.785,1.18,2025-06-12 11:00:52,37.0,11.0,5.5,8.63,1.21,0,37
0.876,24.453,0.348,83.745,1.186,2025-06-12 11:00:52,37.0,11.0,5.5,8.63,1.21,0,37
0.89,24.359,0.436,83.89,1.18,2025-06-12 11:00:52,37.0,11.0,5.5,8.63,1.21,0,37
0.887,24.386,0.603,83.672,1.224,2025-06-12 11:00:52,37.0,11.0,5.5,8.63,1.21,0,37
0.865,24.349,0.72,83.738,1.219,2025-06-12 11:00:52,37.0,11.0,5.5,8.63,1.21,0,37
0.881,24.331,0.437,83.981,1.29,2025-06-12 12:50:58,38.0,10.9,6.4,8.88,0.98,0,38
0.853,24.39,0.354,83.833,1.169,2025-06-12 12:50:58,38.0,10.9,6.4,8.88,0.98,0,38
0.867,24.345,0.412,84.175,1.222,2025-06-12 12:50:58,38.0,10.9,6.4,8.88,0.98,0,38
0.872,24.209,0.67,84.011,1.208,2025-06-12 12:50:58,38.0,10.9,6.4,8.88,0.98,0,38
0.903,24.324,0.499,83.979,1.222,2025-06-12 12:50:58,38.0,10.9,6.4,8.88,0.98,0,38
0.85,24.307,0.48,84.146,1.119,2025-06-12 12:50:58,38.0,10.9,6.4,8.88,0.98,0,38
0.881,24.387,0.308,84.075,1.2,2025-06-12 12:50:58,38.0,10.9,6.4,8.88,0.98,0,38
0.894,24.421,0.513,84.166,1.261,2025-06-12 12:50:58,38.0,10.9,6.4,8.88,0.98,0,38
0.926,24.397,0.584,84.247,1.222,2025-06-12 12:50:58,38.0,10.9,6.4,8.88,0.98,0,38
0.856,24.452,0.513,84.119,1.185,2025-06-12 12:50:58,38.0,10.9,6.4,8.88,0.98,0,38
0.874,24.362,0.288,83.958,1.157,2025-06-12 12:50:58,38.0,10.9,6.4,8.88,0.98,0,38
0.881,24.475,0.536,83.848,1.139,2025-06-12 12:50:58,38.0,10.9,6.4,8.88,0.98,0,38
0.894,24.355,0.447,84.007,1.23,2025-06-12 12:50:58,38.0,10.9,6.4,8.88,0.98,0,38
0.888,24.346,0.373,84.06,1.272,2025-06-12 12:50:58,38.0,10.9,6.4,8.88,0.98,0,38
0.9,24.41,0.402,83.848,1.2,2025-06-12 12:50:58,38.0,10.9,6.4,8.88,0.98,0,38
0.871,24.387,0.317,84.03,1.191,2025-06-12 12:50:58,38.0,10.9,6.4,8.88,0.98,0,38
0.87,24.321,0.518,84.002,1.132,2025-06-12 12:50:58,38.0,10.9,6.4,8.88,0.98,0,38
0.882,24.359,0.519,84.175,1.138,2025-06-12 12:50:58,38.0,10.9,6.4,8.88,0.98,0,38
0.863,24.461,0.571,83.854,1.106,2025-06-12 12:50:58,38.0,10.9,6.4,8.88,0.98,0,38
0.893,24.281,0.595,84.067,1.195,2025-06-12 12:55:59,39.0,11.5,7.8,9.65,0.97,0,39
0.887,24.276,0.34,84.25,1.227,2025-06-12 12:55:59,39.0,11.5,7.8,9.65,0.97,0,39
0.877,24.249,0.527,84.201,1.217,2025-06-12 12:55:59,39.0,11.5,7.8,9.65,0.97,0,39
0.868,24.362,0.626,84.041,1.206,2025-06-12 12:55:59,39.0,11.5,7.8,9.65,0.97,0,39
0.879,24.303,0.473,83.995,1.269,2025-06-12 12:55:59,39.0,11.5,7.8,9.65,0.97,0,39
0.89,24.347,0.425,84.151,1.228,2025-06-12 12:55:59,39.0,11.5,7.8,9.65,0.97,0,39
0.892,24.28,0.43,84.147,1.245,2025-06-12 12:55:59,39.0,11.5,7.8,9.65,0.97,0,39
0.892,24.285,0.293,84.205,1.269,2025-06-12 12:55:59,39.0,11.5,7.8,9.65,0.97,0,39
0.877,24.319,0.477,84.24,1.172,2025-06-12 12:55:59,39.0,11.5,7.8,9.65,0.97,0,39
0.874,24.346,0.373,84.154,1.253,2025-06-12 12:55:59,39.0,11.5,7.8,9.65,0.97,0,39
0.868,24.248,0.386,83.985,1.177,2025-06-12 12:55:59,39.0,11.5,7.8,9.65,0.97,0,39
0.866,24.369,0.47,84.139,1.139,2025-06-12 12:55:59,39.0,11.5,7.8,9.65,0.97,0,39
0.917,24.396,0.475,84.174,1.238,2025-06-12 12:55:59,39.0,11.5,7.8,9.65,0.97,0,39
0.868,24.339,0.499,84.322,1.131,2025-06-12 12:55:59,39.0,11.5,7.8,9.65,0.97,0,39
0.892,24.296,0.411,84.105,1.213,2025-06-12 12:55:59,39.0,11.5,7.8,9.65,0.97,0,39
0.905,24.32,0.366,84.231,1.234,2025-06-12 12:55:59,39.0,11.5,7.8,9.65,0.97,0,39
0.88,24.351,0.439,84.198,1.215,2025-06-12 12:55:59,39.0,11.5,7.8,9.65,0.97,0,39
0.883,24.308,0.373,84.183,1.15,2025-06-12 12:55:59,39.0,11.5,7.8,9.65,0.97,0,39
0.902,24.373,0.659,84.154,1.166,2025-06-12 12:55:59,39.0,11.5,7.8,9.65,0.97,0,39
0.872,24.334,0.442,84.154,1.147,2025-06-12 13:01:00,40.0,10.7,8.0,9.14,0.79,0,40
0.883,24.357,0.395,83.803,1.244,2025-06-12 13:01:00,40.0,10.7,8.0,9.14,0.79,0,40
0.893,24.373,0.476,83.661,1.191,2025-06-12 13:01:00,40.0,10.7,8.0,9.14,0.79,0,40
0.868,24.419,0.24,83.694,1.129,2025-06-12 13:01:00,40.0,10.7,8.0,9.14,0.79,0,40
0.886,24.337,0.33,83.839,1.205,2025-06-12 13:01:00,40.0,10.7,8.0,9.14,0.79,0,40
0.899,24.258,0.56,83.98,1.224,2025-06-12 13:01:00,40.0,10.7,8.0,9.14,0.79,0,40
0.858,24.254,0.362,83.915,1.205,2025-06-12 13:01:00,40.0,10.7,8.0,9.14,0.79,0,40
0.881,24.357,0.386,84.009,1.216,2025-06-12 13:01:00,40.0,10.7,8.0,9.14,0.79,0,40
0.871,24.385,0.5,84.126,1.124,2025-06-12 13:01:00,40.0,10.7,8.0,9.14,0.79,0,40
0.876,24.41,0.482,83.788,1.268,2025-06-12 13:01:00,40.0,10.7,8.0,9.14,0.79,0,40
0.885,24.369,0.265,83.622,1.253,2025-06-12 13:01:00,40.0,10.7,8.0,9.14,0.79,0,40
0.892,24.25,0.415,83.855,1.199,2025-06-12 13:01:00,40.0,10.7,8.0,9.14,0.79,0,40
0.869,24.291,0.579,83.553,1.221,2025-06-12 13:01:00,40.0,10.7,8.0,9.14,0.79,0,40
0.897,24.251,0.212,84.051,1.224,2025-06-12 13:01:00,40.0,10.7,8.0,9.14,0.79,0,40
0.865,24.341,0.299,83.76,1.17,2025-06-12 13:01:00,40.0,10.7,8.0,9.14,0.79,0,40
0.854,24.321,0.732,83.644,1.244,2025-06-12 13:01:00,40.0,10.7,8.0,9.14,0.79,0,40
0.889,24.272,0.383,84.124,1.214,2025-06-12 13:01:00,40.0,10.7,8.0,9.14,0.79,0,40
0.864,24.238,0.527,83.985,1.155,2025-06-12 13:01:00,40.0,10.7,8.0,9.14,0.79,0,40
0.891,24.31,0.522,84.05,1.184,2025-06-12 18:59:14,41.0,14.3,9.4,11.86,1.14,0,41
0.881,24.349,0.485,84.17,1.175,2025-06-12 18:59:14,41.0,14.3,9.4,11.86,1.14,0,41
0.874,24.313,0.347,83.96,1.271,2025-06-12 18:59:14,41.0,14.3,9.4,11.86,1.14,0,41
0.913,24.315,0.54,83.97,1.302,2025-06-12 18:59:14,41.0,14.3,9.4,11.86,1.14,0,41
0.919,24.291,0.731,84.17,1.299,2025-06-12 18:59:14,41.0,14.3,9.4,11.86,1.14,0,41
0.868,24.327,0.562,83.86,1.323,2025-06-12 18:59:14,41.0,14.3,9.4,11.86,1.14,0,41
0.855,24.328,0.495,84.25,1.198,2025-06-12 18:59:14,41.0,14.3,9.4,11.86,1.14,0,41
0.873,24.287,0.475,84.04,1.332,2025-06-12 18:59:14,41.0,14.3,9.4,11.86,1.14,0,41
0.859,24.354,0.49,83.89,1.225,2025-06-12 18:59:14,41.0,14.3,9.4,11.86,1.14,0,41
0.895,24.315,0.65,84.16,1.28,2025-06-12 18:59:14,41.0,14.3,9.4,11.86,1.14,0,41
0.879,24.326,0.585,83.83,1.192,2025-06-12 18:59:14,41.0,14.3,9.4,11.86,1.14,0,41
0.929,24.339,0.369,84.19,1.299,2025-06-12 18:59:14,41.0,14.3,9.4,11.86,1.14,0,41
0.871,24.285,0.459,83.95,1.251,2025-06-12 18:59:14,41.0,14.3,9.4,11.86,1.14,0,41
0.885,24.296,0.422,83.98,1.229,2025-06-12 18:59:14,41.0,14.3,9.4,11.86,1.14,0,41
0.876,24.317,0.522,84.17,1.206,2025-06-12 18:59:14,41.0,14.3,9.4,11.86,1.14,0,41
0.863,24.282,0.484,84.17,1.195,2025-06-12 18:59:14,41.0,14.3,9.4,11.86,1.14,0,41
0.864,24.409,0.234,84.0,1.13,2025-06-12 18:59:14,41.0,14.3,9.4,11.86,1.14,0,41
0.88,24.433,0.367,84.29,1.211,2025-06-12 18:59:14,41.0,14.3,9.4,11.86,1.14,0,41
0.908,24.295,0.482,84.09,1.252,2025-06-12 18:59:14,41.0,14.3,9.4,11.86,1.14,0,41
0.888,24.307,0.344,84.26,1.276,2025-06-12 19:04:15,42.0,14.1,8.8,12.38,1.42,0,42
0.883,24.301,0.455,84.05,1.284,2025-06-12 19:04:15,42.0,14.1,8.8,12.38,1.42,0,42
0.899,24.254,0.367,83.88,1.273,2025-06-12 19:04:15,42.0,14.1,8.8,12.38,1.42,0,42
0.91,24.326,0.427,84.37,1.299,2025-06-12 19:04:15,42.0,14.1,8.8,12.38,1.42,0,42
0.879,24.31,0.354,84.11,1.211,2025-06-12 19:04:15,42.0,14.1,8.8,12.38,1.42,0,42
0.896,24.372,0.392,83.98,1.257,2025-06-12 19:04:15,42.0,14.1,8.8,12.38,1.42,0,42
0.902,24.337,0.6,84.31,1.32,2025-06-12 19:04:15,42.0,14.1,8.8,12.38,1.42,0,42
0.862,24.277,0.522,84.14,1.206,2025-06-12 19:04:15,42.0,14.1,8.8,12.38,1.42,0,42
0.883,24.257,0.799,84.2,1.235,2025-06-12 19:04:15,42.0,14.1,8.8,12.38,1.42,0,42
0.903,24.27,0.515,84.2,1.282,2025-06-12 19:04:15,42.0,14.1,8.8,12.38,1.42,0,42
0.908,24.277,0.47,84.18,1.342,2025-06-12 19:04:15,42.0,14.1,8.8,12.38,1.42,0,42
0.878,24.324,0.537,83.9,1.279,2025-06-12 19:04:15,42.0,14.1,8.8,12.38,1.42,0,42
0.893,24.38,0.254,84.52,1.201,2025-06-12 19:04:15,42.0,14.1,8.8,12.38,1.42,0,42
0.843,24.274,0.59,83.89,1.12,2025-06-12 19:04:15,42.0,14.1,8.8,12.38,1.42,0,42
0.923,24.346,0.394,83.92,1.333,2025-06-12 19:04:15,42.0,14.1,8.8,12.38,1.42,0,42
0.898,24.306,0.291,84.16,1.336,2025-06-12 19:04:15,42.0,14.1,8.8,12.38,1.42,0,42
0.899,24.335,0.449,84.11,1.284,2025-06-12 19:04:15,42.0,14.1,8.8,12.38,1.42,0,42
0.871,24.315,0.389,84.39,1.197,2025-06-12 19:04:15,42.0,14.1,8.8,12.38,1.42,0,42
0.866,24.268,0.691,84.07,1.232,2025-06-12 19:04:15,42.0,14.1,8.8,12.38,1.42,0,42
0.847,24.2,0.472,84.17,1.19,2025-06-12 19:04:15,42.0,14.1,8.8,12.38,1.42,0,42
0.867,24.381,0.502,83.88,1.224,2025-06-12 19:09:17,43.0,16.2,10.0,11.97,1.43,0,43
0.876,24.273,0.706,83.89,1.257,2025-06-12 19:09:17,43.0,16.2,10.0,11.97,1.43,0,43
0.893,24.44,0.306,83.87,1.202,2025-06-12 19:09:17,43.0,16.2,10.0,11.97,1.43,0,43
0.905,24.294,0.477,84.03,1.207,2025-06-12 19:09:17,43.0,16.2,10.0,11.97,1.43,0,43
0.887,24.309,0.304,83.94,1.25,2025-06-12 19:09:17,43.0,16.2,10.0,11.97,1.43,0,43
0.883,24.343,0.261,84.15,1.322,2025-06-12 19:09:17,43.0,16.2,10.0,11.97,1.43,0,43
0.887,24.36,0.439,84.19,1.364,2025-06-12 19:09:17,43.0,16.2,10.0,11.97,1.43,0,43
0.885,24.297,0.337,84.17,1.291,2025-06-12 19:09:17,43.0,16.2,10.0,11.97,1.43,0,43
0.88,24.412,0.321,84.18,1.229,2025-06-12 19:09:17,43.0,16.2,10.0,11.97,1.43,0,43
0.895,24.402,0.326,83.66,1.237,2025-06-12 19:09:17,43.0,16.2,10.0,11.97,1.43,0,43
0.91,24.414,0.369,84.15,1.309,2025-06-12 19:09:17,43.0,16.2,10.0,11.97,1.43,0,43
0.89,24.343,0.603,84.2,1.314,2025-06-12 19:09:17,43.0,16.2,10.0,11.97,1.43,0,43
0.863,24.347,0.329,83.97,1.195,2025-06-12 19:09:17,43.0,16.2,10.0,11.97,1.43,0,43
0.874,24.385,0.221,84.18,1.228,2025-06-12 19:09:17,43.0,16.2,10.0,11.97,1.43,0,43
0.892,24.345,0.382,84.1,1.274,2025-06-12 19:09:17,43.0,16.2,10.0,11.97,1.43,0,43
0.896,24.421,0.47,83.69,1.286,2025-06-12 19:09:17,43.0,16.2,10.0,11.97,1.43,0,43
0.864,24.346,0.352,83.99,1.19,2025-06-12 19:09:17,43.0,16.2,10.0,11.97,1.43,0,43
0.86,24.419,0.53,84.16,1.249,2025-06-12 19:09:17,43.0,16.2,10.0,11.97,1.43,0,43
0.911,24.374,0.299,84.18,1.353,2025-06-12 19:09:17,43.0,16.2,10.0,11.97,1.43,0,43
0.863,24.345,0.577,84.17,1.262,2025-06-12 19:09:17,43.0,16.2,10.0,11.97,1.43,0,43
0.866,24.402,0.412,84.39,1.261,2025-06-12 21:09:24,44.0,14.2,10.4,12.17,1.05,0,44
0.887,24.336,0.331,84.38,1.267,2025-06-12 21:09:24,44.0,14.2,10.4,12.17,1.05,0,44
0.878,24.29,0.557,83.89,1.316,2025-06-12 21:09:24,44.0,14.2,10.4,12.17,1.05,0,44
0.897,24.328,0.532,84.04,1.305,2025-06-12 21:09:24,44.0,14.2,10.4,12.17,1.05,0,44
0.891,24.309,0.424,84.13,1.319,2025-06-12 21:09:24,44.0,14.2,10.4,12.17,1.05,0,44
0.883,24.288,0.419,84.17,1.331,2025-06-12 21:09:24,44.0,14.2,10.4,12.17,1.05,0,44
0.885,24.341,0.555,84.35,1.283,2025-06-12 21:09:24,44.0,14.2,10.4,12.17,1.05,0,44
0.859,24.267,0.598,84.04,1.288,2025-06-12 21:09:24,44.0,14.2,10.4,12.17,1.05,0,44
0.884,24.319,0.409,84.36,1.248,2025-06-12 21:09:24,44.0,14.2,10.4,12.17,1.05,0,44
0.87,24.286,0.552,83.97,1.254,2025-06-12 21:09:24,44.0,14.2,10.4,12.17,1.05,0,44
0.885,24.352,0.467,83.91,1.207,2025-06-12 21:09:24,44.0,14.2,10.4,12.17,1.05,0,44
0.906,24.314,0.266,84.27,1.245,2025-06-12 21:09:24,44.0,14.2,10.4,12.17,1.05,0,44
0.901,24.262,0.462,84.05,1.3,2025-06-12 21:09:24,44.0,14.2,10.4,12.17,1.05,0,44
0.878,24.321,0.434,84.02,1.281,2025-06-12 21:09:24,44.0,14.2,10.4,12.17,1.05,0,44
0.867,24.276,0.563,84.05,1.245,2025-06-12 21:09:24,44.0,14.2,10.4,12.17,1.05,0,44
0.856,24.366,0.377,84.24,1.273,2025-06-12 21:09:24,44.0,14.2,10.4,12.17,1.05,0,44
0.879,24.277,0.512,83.98,1.292,2025-06-12 21:09:24,44.0,14.2,10.4,12.17,1.05,0,44
0.874,24.278,0.668,83.98,1.374,2025-06-12 21:09:24,44.0,14.2,10.4,12.17,1.05,0,44
0.873,24.291,0.547,83.98,1.254,2025-06-12 21:09:24,44.0,14.2,10.4,12.17,1.05,0,44
0.888,24.306,0.414,84.03,1.308,2025-06-12 21:09:24,44.0,14.2,10.4,12.17,1.05,0,44
0.869,24.278,0.354,84.58,1.279,2025-06-12 21:14:25,45.0,14.7,9.5,11.97,1.2,0,45
0.892,24.339,0.306,84.04,1.315,2025-06-12 21:14:25,45.0,14.7,9.5,11.97,1.2,0,45
0.874,24.369,0.449,84.05,1.294,2025-06-12 21:14:25,45.0,14.7,9.5,11.97,1.2,0,45
0.894,24.332,0.497,84.12,1.288,2025-06-12 21:14:25,45.0,14.7,9.5,11.97,1.2,0,45
0.898,24.388,0.352,84.18,1.25,2025-06-12 21:14:25,45.0,14.7,9.5,11.97,1.2,0,45
0.878,24.309,0.459,83.88,1.282,2025-06-12 21:14:25,45.0,14.7,9.5,11.97,1.2,0,45
0.847,24.24,0.444,84.15,1.189,2025-06-12 21:14:25,45.0,14.7,9.5,11.97,1.2,0,45
0.917,24.337,0.475,84.06,1.233,2025-06-12 21:14:25,45.0,14.7,9.5,11.97,1.2,0,45
0.889,24.323,0.269,83.98,1.34,2025-06-12 21:14:25,45.0,14.7,9.5,11.97,1.2,0,45
0.892,24.287,0.583,84.1,1.305,2025-06-12 21:14:25,45.0,14.7,9.5,11.97,1.2,0,45
0.906,24.364,0.326,84.12,1.327,2025-06-12 21:14:25,45.0,14.7,9.5,11.97,1.2,0,45
0.872,24.268,0.706,84.24,1.271,2025-06-12 21:14:25,45.0,14.7,9.5,11.97,1.2,0,45
0.863,24.339,0.374,84.14,1.265,2025-06-12 21:14:25,45.0,14.7,9.5,11.97,1.2,0,45
0.861,24.325,0.535,84.32,1.286,2025-06-12 21:14:25,45.0,14.7,9.5,11.97,1.2,0,45
0.899,24.286,0.382,84.2,1.284,2025-06-12 21:14:25,45.0,14.7,9.5,11.97,1.2,0,45
0.857,24.261,0.291,84.12,1.217,2025-06-12 21:14:25,45.0,14.7,9.5,11.97,1.2,0,45
0.881,24.29,0.427,84.19,1.321,2025-06-12 21:14:25,45.0,14.7,9.5,11.97,1.2,0,45
0.857,24.25,0.623,84.18,1.166,2025-06-12 21:14:25,45.0,14.7,9.5,11.97,1.2,0,45
0.847,24.272,0.5,84.18,1.219,2025-06-12 21:14:25,45.0,14.7,9.5,11.97,1.2,0,45
0.868,24.317,0.52,84.05,1.257,2025-06-12 21:14:25,45.0,14.7,9.5,11.97,1.2,0,45
0.899,24.306,0.457,83.77,1.23,2025-06-12 21:19:26,46.0,12.5,8.8,10.89,0.98,0,46
0.872,24.31,0.593,84.39,1.195,2025-06-12 21:19:26,46.0,12.5,8.8,10.89,0.98,0,46
0.852,24.239,0.454,84.46,1.177,2025-06-12 21:19:26,46.0,12.5,8.8,10.89,0.98,0,46
0.896,24.38,0.306,83.73,1.224,2025-06-12 21:19:26,46.0,12.5,8.8,10.89,0.98,0,46
0.899,24.317,0.306,83.93,1.253,2025-06-12 21:19:26,46.0,12.5,8.8,10.89,0.98,0,46
0.893,24.309,0.47,83.83,1.222,2025-06-12 21:19:26,46.0,12.5,8.8,10.89,0.98,0,46
0.841,24.176,0.319,83.91,1.233,2025-06-12 21:19:26,46.0,12.5,8.8,10.89,0.98,0,46
0.87,24.29,0.344,83.89,1.231,2025-06-12 21:19:26,46.0,12.5,8.8,10.89,0.98,0,46
0.877,24.255,0.412,83.67,1.313,2025-06-12 21:19:26,46.0,12.5,8.8,10.89,0.98,0,46
0.889,24.348,0.53,84.39,1.307,2025-06-12 21:19:26,46.0,12.5,8.8,10.89,0.98,0,46
0.89,24.419,0.389,84.07,1.293,2025-06-12 21:19:26,46.0,12.5,8.8,10.89,0.98,0,46
0.887,24.354,0.424,84.01,1.294,2025-06-12 21:19:26,46.0,12.5,8.8,10.89,0.98,0,46
0.863,24.327,0.422,84.0,1.205,2025-06-12 21:19:26,46.0,12.5,8.8,10.89,0.98,0,46
0.868,24.271,0.47,84.17,1.241,2025-06-12 21:19:26,46.0,12.5,8.8,10.89,0.98,0,46
0.878,24.345,0.198,83.87,1.213,2025-06-12 21:19:26,46.0,12.5,8.8,10.89,0.98,0,46
0.886,24.403,0.5,84.17,1.232,2025-06-12 21:19:26,46.0,12.5,8.8,10.89,0.98,0,46
0.884,24.29,0.432,83.65,1.333,2025-06-12 21:19:26,46.0,12.5,8.8,10.89,0.98,0,46
0.887,24.345,0.534,84.186,1.212,2025-06-13 12:59:47,47.0,11.9,7.8,9.89,1.18,0,47
0.884,24.429,0.338,84.167,1.232,2025-06-13 12:59:47,47.0,11.9,7.8,9.89,1.18,0,47
0.883,24.313,0.598,84.365,1.246,2025-06-13 12:59:47,47.0,11.9,7.8,9.89,1.18,0,47
0.9,24.278,0.57,84.024,1.345,2025-06-13 12:59:47,47.0,11.9,7.8,9.89,1.18,0,47
0.89,24.356,0.544,83.961,1.228,2025-06-13 12:59:47,47.0,11.9,7.8,9.89,1.18,0,47
0.891,24.354,0.248,84.148,1.209,2025-06-13 12:59:47,47.0,11.9,7.8,9.89,1.18,0,47
0.872,24.36,0.383,84.347,1.256,2025-06-13 12:59:47,47.0,11.9,7.8,9.89,1.18,0,47
0.871,24.295,0.416,83.841,1.234,2025-06-13 12:59:47,47.0,11.9,7.8,9.89,1.18,0,47
0.915,24.328,0.53,84.301,1.231,2025-06-13 12:59:47,47.0,11.9,7.8,9.89,1.18,0,47
0.882,24.35,0.407,84.041,1.168,2025-06-13 12:59:47,47.0,11.9,7.8,9.89,1.18,0,47
0.913,24.255,0.443,84.002,1.278,2025-06-13 12:59:47,47.0,11.9,7.8,9.89,1.18,0,47
0.839,24.394,0.676,83.972,1.158,2025-06-13 12:59:47,47.0,11.9,7.8,9.89,1.18,0,47
0.902,24.359,0.488,84.053,1.26,2025-06-13 12:59:47,47.0,11.9,7.8,9.89,1.18,0,47
0.864,24.242,0.417,84.462,1.178,2025-06-13 12:59:47,47.0,11.9,7.8,9.89,1.18,0,47
0.865,24.335,0.628,84.493,1.148,2025-06-13 12:59:47,47.0,11.9,7.8,9.89,1.18,0,47
0.9,24.288,0.38,84.146,1.275,2025-06-13 12:59:47,47.0,11.9,7.8,9.89,1.18,0,47
0.889,24.282,0.689,84.203,1.23,2025-06-13 12:59:47,47.0,11.9,7.8,9.89,1.18,0,47
0.85,24.256,0.605,84.589,1.186,2025-06-13 12:59:47,47.0,11.9,7.8,9.89,1.18,0,47
0.856,24.239,0.537,84.406,1.258,2025-06-13 12:59:47,47.0,11.9,7.8,9.89,1.18,0,47
0.898,24.356,0.319,84.226,1.24,2025-06-13 13:04:49,48.0,13.2,8.1,10.73,1.27,0,48
0.892,24.456,0.524,83.946,1.278,2025-06-13 13:04:49,48.0,13.2,8.1,10.73,1.27,0,48
0.903,24.344,0.222,84.118,1.269,2025-06-13 13:04:49,48.0,13.2,8.1,10.73,1.27,0,48
0.882,24.398,0.468,84.17,1.238,2025-06-13 13:04:49,48.0,13.2,8.1,10.73,1.27,0,48
0.85,24.317,0.347,84.224,1.222,2025-06-13 13:04:49,48.0,13.2,8.1,10.73,1.27,0,48
0.842,24.251,0.512,84.249,1.123,2025-06-13 13:04:49,48.0,13.2,8.1,10.73,1.27,0,48
0.886,24.298,0.529,84.288,1.218,2025-06-13 13:04:49,48.0,13.2,8.1,10.73,1.27,0,48
0.857,24.274,0.766,83.982,1.207,2025-06-13 13:04:49,48.0,13.2,8.1,10.73,1.27,0,48
0.883,24.278,0.383,84.363,1.228,2025-06-13 13:04:49,48.0,13.2,8.1,10.73,1.27,0,48
0.868,24.407,0.705,83.92,1.23,2025-06-13 13:04:49,48.0,13.2,8.1,10.73,1.27,0,48
0.855,24.323,0.354,84.44,1.263,2025-06-13 13:04:49,48.0,13.2,8.1,10.73,1.27,0,48
0.884,24.298,0.32,84.391,1.274,2025-06-13 13:04:49,48.0,13.2,8.1,10.73,1.27,0,48
0.898,24.35,0.483,84.356,1.215,2025-06-13 13:04:49,48.0,13.2,8.1,10.73,1.27,0,48
0.853,24.359,0.499,84.147,1.23,2025-06-13 13:04:49,48.0,13.2,8.1,10.73,1.27,0,48
0.897,24.399,0.404,84.378,1.245,2025-06-13 13:04:49,48.0,13.2,8.1,10.73,1.27,0,48
0.896,24.333,0.249,84.066,1.273,2025-06-13 13:04:49,48.0,13.2,8.1,10.73,1.27,0,48
0.886,24.278,0.46,83.991,1.314,2025-06-13 13:04:49,48.0,13.2,8.1,10.73,1.27,0,48
0.893,24.322,0.493,84.227,1.347,2025-06-13 13:04:49,48.0,13.2,8.1,10.73,1.27,0,48
0.88,24.352,0.422,83.839,1.325,2025-06-13 13:04:49,48.0,13.2,8.1,10.73,1.27,0,48
0.873,24.329,0.57,84.051,1.214,2025-06-13 13:04:49,48.0,13.2,8.1,10.73,1.27,0,48
0.858,24.268,0.437,83.97,1.2,2025-06-13 19:06:16,49.0,13.7,9.2,11.08,1.0,0,49
0.892,24.352,0.57,84.31,1.259,2025-06-13 19:06:16,49.0,13.7,9.2,11.08,1.0,0,49
0.879,24.395,0.575,83.78,1.177,2025-06-13 19:06:16,49.0,13.7,9.2,11.08,1.0,0,49
0.881,24.414,0.399,84.13,1.189,2025-06-13 19:06:16,49.0,13.7,9.2,11.08,1.0,0,49
0.878,24.268,0.364,84.25,1.273,2025-06-13 19:06:16,49.0,13.7,9.2,11.08,1.0,0,49
0.873,24.314,0.414,83.94,1.192,2025-06-13 19:06:16,49.0,13.7,9.2,11.08,1.0,0,49
0.892,24.432,0.645,84.23,1.161,2025-06-13 19:06:16,49.0,13.7,9.2,11.08,1.0,0,49
0.895,24.268,0.545,84.14,1.349,2025-06-13 19:06:16,49.0,13.7,9.2,11.08,1.0,0,49
0.888,24.397,0.299,84.35,1.25,2025-06-13 19:06:16,49.0,13.7,9.2,11.08,1.0,0,49
0.881,24.329,0.384,83.93,1.289,2025-06-13 19:06:16,49.0,13.7,9.2,11.08,1.0,0,49
0.879,24.321,0.384,84.01,1.186,2025-06-13 19:06:16,49.0,13.7,9.2,11.08,1.0,0,49
0.89,24.339,0.495,83.93,1.301,2025-06-13 19:06:16,49.0,13.7,9.2,11.08,1.0,0,49
0.887,24.304,0.585,84.28,1.322,2025-06-13 19:06:16,49.0,13.7,9.2,11.08,1.0,0,49
0.89,24.292,0.326,83.91,1.301,2025-06-13 19:06:16,49.0,13.7,9.2,11.08,1.0,0,49
0.865,24.365,0.417,84.01,1.239,2025-06-13 19:06:16,49.0,13.7,9.2,11.08,1.0,0,49
0.872,24.292,0.314,84.34,1.296,2025-06-13 19:06:16,49.0,13.7,9.2,11.08,1.0,0,49
0.898,24.33,0.495,83.78,1.3,2025-06-13 19:06:16,49.0,13.7,9.2,11.08,1.0,0,49
0.874,24.315,0.409,84.12,1.202,2025-06-13 19:06:16,49.0,13.7,9.2,11.08,1.0,0,49
0.864,24.252,0.522,83.83,1.177,2025-06-13 19:06:16,49.0,13.7,9.2,11.08,1.0,0,49
0.889,24.346,0.424,84.12,1.218,2025-06-13 19:11:17,50.0,13.7,8.2,10.95,1.45,0,50
0.877,24.249,0.542,84.39,1.229,2025-06-13 19:11:17,50.0,13.7,8.2,10.95,1.45,0,50
0.866,24.353,0.502,84.18,1.141,2025-06-13 19:11:17,50.0,13.7,8.2,10.95,1.45,0,50
0.874,24.336,0.449,84.11,1.242,2025-06-13 19:11:17,50.0,13.7,8.2,10.95,1.45,0,50
0.885,24.31,0.613,84.18,1.234,2025-06-13 19:11:17,50.0,13.7,8.2,10.95,1.45,0,50
0.893,24.321,0.213,84.24,1.27,2025-06-13 19:11:17,50.0,13.7,8.2,10.95,1.45,0,50
0.878,24.311,0.374,84.17,1.212,2025-06-13 19:11:17,50.0,13.7,8.2,10.95,1.45,0,50
0.89,24.315,0.497,84.2,1.31,2025-06-13 19:11:17,50.0,13.7,8.2,10.95,1.45,0,50
0.872,24.302,0.336,84.13,1.305,2025-06-13 19:11:17,50.0,13.7,8.2,10.95,1.45,0,50
0.872,24.278,0.414,84.2,1.211,2025-06-13 19:11:17,50.0,13.7,8.2,10.95,1.45,0,50
0.908,24.295,0.253,84.14,1.307,2025-06-13 19:11:17,50.0,13.7,8.2,10.95,1.45,0,50
0.871,24.311,0.472,84.05,1.298,2025-06-13 19:11:17,50.0,13.7,8.2,10.95,1.45,0,50
0.889,24.356,0.271,84.09,1.288,2025-06-13 19:11:17,50.0,13.7,8.2,10.95,1.45,0,50
0.862,24.3,0.372,84.06,1.192,2025-06-13 19:11:17,50.0,13.7,8.2,10.95,1.45,0,50
0.868,24.347,0.346,84.21,1.189,2025-06-13 19:11:17,50.0,13.7,8.2,10.95,1.45,0,50
0.896,24.336,0.299,84.31,1.263,2025-06-13 19:11:17,50.0,13.7,8.2,10.95,1.45,0,50
0.878,24.242,0.387,84.13,1.256,2025-06-13 19:11:17,50.0,13.7,8.2,10.95,1.45,0,50
0.882,24.301,0.547,83.96,1.244,2025-06-13 19:11:17,50.0,13.7,8.2,10.95,1.45,0,50
0.867,24.311,0.429,84.13,1.223,2025-06-13 19:11:17,50.0,13.7,8.2,10.95,1.45,0,50
0.854,24.252,0.449,84.06,1.192,2025-06-13 19:11:17,50.0,13.7,8.2,10.95,1.45,0,50
0.866,24.243,0.475,83.99,1.223,2025-06-13 19:16:18,51.0,12.4,8.6,10.83,0.98,0,51
0.88,24.241,0.404,84.13,1.192,2025-06-13 19:16:18,51.0,12.4,8.6,10.83,0.98,0,51
0.908,24.367,0.522,83.68,1.305,2025-06-13 19:16:18,51.0,12.4,8.6,10.83,0.98,0,51
0.897,24.338,0.573,84.02,1.268,2025-06-13 19:16:18,51.0,12.4,8.6,10.83,0.98,0,51
0.909,24.291,0.331,83.9,1.246,2025-06-13 19:16:18,51.0,12.4,8.6,10.83,0.98,0,51
0.893,24.246,0.372,84.18,1.192,2025-06-13 19:16:18,51.0,12.4,8.6,10.83,0.98,0,51
0.868,24.369,0.575,83.77,1.295,2025-06-13 19:16:18,51.0,12.4,8.6,10.83,0.98,0,51
0.893,24.359,0.69,84.03,1.258,2025-06-13 19:16:18,51.0,12.4,8.6,10.83,0.98,0,51
0.905,24.344,0.482,84.02,1.225,2025-06-13 19:16:18,51.0,12.4,8.6,10.83,0.98,0,51
0.887,24.387,0.311,83.97,1.233,2025-06-13 19:16:18,51.0,12.4,8.6,10.83,0.98,0,51
0.885,24.3,0.419,83.62,1.18,2025-06-13 19:16:18,51.0,12.4,8.6,10.83,0.98,0,51
0.862,24.323,0.424,83.99,1.239,2025-06-13 19:16:18,51.0,12.4,8.6,10.83,0.98,0,51
0.887,24.335,0.409,83.69,1.189,2025-06-13 19:16:18,51.0,12.4,8.6,10.83,0.98,0,51
0.886,24.331,0.457,83.88,1.216,2025-06-13 19:16:18,51.0,12.4,8.6,10.83,0.98,0,51
0.863,24.27,0.397,83.99,1.176,2025-06-13 19:16:18,51.0,12.4,8.6,10.83,0.98,0,51
0.906,24.291,0.379,83.76,1.291,2025-06-13 19:16:18,51.0,12.4,8.6,10.83,0.98,0,51
0.909,24.283,0.316,83.69,1.261,2025-06-13 19:16:18,51.0,12.4,8.6,10.83,0.98,0,51
0.891,24.372,0.352,83.88,1.205,2025-06-13 19:16:18,51.0,12.4,8.6,10.83,0.98,0,51
0.884,24.305,0.58,83.97,1.194,2025-06-13 19:16:18,51.0,12.4,8.6,10.83,0.98,0,51
0.857,24.272,0.507,83.64,1.257,2025-06-13 19:16:18,51.0,12.4,8.6,10.83,0.98,0,51
0.83,24.195,0.597,84.19,1.226,2025-06-13 20:51:25,52.0,15.2,8.7,11.13,1.73,0,52
0.841,24.113,0.417,84.01,1.196,2025-06-13 20:51:25,52.0,15.2,8.7,11.13,1.73,0,52
0.844,24.204,0.203,84.04,1.169,2025-06-13 20:51:25,52.0,15.2,8.7,11.13,1.73,0,52
0.879,24.258,0.444,84.05,1.218,2025-06-13 20:51:25,52.0,15.2,8.7,11.13,1.73,0,52
0.858,24.222,0.605,83.97,1.122,2025-06-13 20:51:25,52.0,15.2,8.7,11.13,1.73,0,52
0.901,24.247,0.673,84.16,1.33,2025-06-13 20:51:25,52.0,15.2,8.7,11.13,1.73,0,52
0.896,24.141,0.372,83.92,1.345,2025-06-13 20:51:25,52.0,15.2,8.7,11.13,1.73,0,52
0.84,24.169,0.527,83.95,1.159,2025-06-13 20:51:25,52.0,15.2,8.7,11.13,1.73,0,52
0.895,24.173,0.62,84.19,1.215,2025-06-13 20:51:25,52.0,15.2,8.7,11.13,1.73,0,52
0.876,24.251,0.485,84.35,1.192,2025-06-13 20:51:25,52.0,15.2,8.7,11.13,1.73,0,52
0.861,24.292,0.48,84.28,1.203,2025-06-13 20:51:25,52.0,15.2,8.7,11.13,1.73,0,52
0.866,24.227,0.459,84.16,1.303,2025-06-13 20:51:25,52.0,15.2,8.7,11.13,1.73,0,52
0.862,24.175,0.653,83.92,1.194,2025-06-13 20:51:25,52.0,15.2,8.7,11.13,1.73,0,52
0.841,24.221,0.761,84.09,1.23,2025-06-13 20:51:25,52.0,15.2,8.7,11.13,1.73,0,52
0.844,24.22,0.316,84.24,1.198,2025-06-13 20:51:25,52.0,15.2,8.7,11.13,1.73,0,52
0.852,24.17,0.573,83.9,1.121,2025-06-13 20:51:25,52.0,15.2,8.7,11.13,1.73,0,52
0.913,24.243,0.321,84.12,1.266,2025-06-13 20:51:25,52.0,15.2,8.7,11.13,1.73,0,52
0.876,24.259,0.321,84.02,1.21,2025-06-13 20:51:25,52.0,15.2,8.7,11.13,1.73,0,52
0.855,24.281,0.341,84.27,1.212,2025-06-13 20:56:26,53.0,13.7,9.6,10.92,1.1,0,53
0.888,24.284,0.505,84.27,1.212,2025-06-13 20:56:26,53.0,13.7,9.6,10.92,1.1,0,53
0.876,24.29,0.407,84.26,1.219,2025-06-13 20:56:26,53.0,13.7,9.6,10.92,1.1,0,53
0.863,24.29,0.495,84.08,1.246,2025-06-13 20:56:26,53.0,13.7,9.6,10.92,1.1,0,53
0.877,24.31,0.58,83.97,1.251,2025-06-13 20:56:26,53.0,13.7,9.6,10.92,1.1,0,53
0.874,24.323,0.5,84.1,1.262,2025-06-13 20:56:26,53.0,13.7,9.6,10.92,1.1,0,53
0.879,24.297,0.49,84.44,1.178,2025-06-13 20:56:26,53.0,13.7,9.6,10.92,1.1,0,53
0.847,24.313,0.352,83.9,1.223,2025-06-13 20:56:26,53.0,13.7,9.6,10.92,1.1,0,53
0.915,24.326,0.613,84.18,1.308,2025-06-13 20:56:26,53.0,13.7,9.6,10.92,1.1,0,53
0.877,24.3,0.309,84.15,1.233,2025-06-13 20:56:26,53.0,13.7,9.6,10.92,1.1,0,53
0.85,24.282,0.658,83.84,1.233,2025-06-13 20:56:26,53.0,13.7,9.6,10.92,1.1,0,53
0.842,24.317,0.48,84.0,1.212,2025-06-13 20:56:26,53.0,13.7,9.6,10.92,1.1,0,53
0.897,24.356,0.417,84.51,1.278,2025-06-13 20:56:26,53.0,13.7,9.6,10.92,1.1,0,53
0.877,24.331,0.628,84.15,1.197,2025-06-13 20:56:26,53.0,13.7,9.6,10.92,1.1,0,53
0.857,24.223,0.407,84.17,1.227,2025-06-13 20:56:26,53.0,13.7,9.6,10.92,1.1,0,53
0.874,24.301,0.427,84.23,1.231,2025-06-13 20:56:26,53.0,13.7,9.6,10.92,1.1,0,53
0.853,24.279,0.455,84.05,1.143,2025-06-13 20:56:26,53.0,13.7,9.6,10.92,1.1,0,53
0.886,24.32,0.357,84.21,1.337,2025-06-13 20:56:26,53.0,13.7,9.6,10.92,1.1,0,53
0.836,24.243,0.346,83.99,1.233,2025-06-13 20:56:26,53.0,13.7,9.6,10.92,1.1,0,53
0.862,24.356,0.143,84.24,1.22,2025-06-13 20:56:26,53.0,13.7,9.6,10.92,1.1,0,53
0.889,24.337,0.294,83.67,1.185,2025-06-13 21:01:27,54.0,11.8,9.1,10.42,0.83,0,54
0.857,24.377,0.349,83.95,1.101,2025-06-13 21:01:27,54.0,11.8,9.1,10.42,0.83,0,54
0.867,24.341,0.354,83.85,1.19,2025-06-13 21:01:27,54.0,11.8,9.1,10.42,0.83,0,54
0.876,24.364,0.362,83.88,1.203,2025-06-13 21:01:27,54.0,11.8,9.1,10.42,0.83,0,54
0.85,24.339,0.5,84.04,1.187,2025-06-13 21:01:27,54.0,11.8,9.1,10.42,0.83,0,54
0.861,24.296,0.341,83.99,1.22,2025-06-13 21:01:27,54.0,11.8,9.1,10.42,0.83,0,54
0.873,24.36,0.171,83.89,1.155,2025-06-13 21:01:27,54.0,11.8,9.1,10.42,0.83,0,54
0.877,24.332,0.532,83.84,1.198,2025-06-13 21:01:27,54.0,11.8,9.1,10.42,0.83,0,54
0.882,24.334,0.505,84.01,1.164,2025-06-13 21:01:27,54.0,11.8,9.1,10.42,0.83,0,54
0.873,24.277,0.324,83.91,1.197,2025-06-13 21:01:27,54.0,11.8,9.1,10.42,0.83,0,54
0.865,24.252,0.462,84.09,1.235,2025-06-13 21:01:27,54.0,11.8,9.1,10.42,0.83,0,54
0.869,24.399,0.726,83.85,1.242,2025-06-13 21:01:27,54.0,11.8,9.1,10.42,0.83,0,54
0.873,24.289,0.583,83.51,1.251,2025-06-13 21:01:27,54.0,11.8,9.1,10.42,0.83,0,54
0.88,24.349,0.334,83.9,1.225,2025-06-13 21:01:27,54.0,11.8,9.1,10.42,0.83,0,54
0.856,24.29,0.402,83.66,1.234,2025-06-13 21:01:27,54.0,11.8,9.1,10.42,0.83,0,54
0.853,24.316,0.472,83.86,1.218,2025-06-13 21:01:27,54.0,11.8,9.1,10.42,0.83,0,54
0.872,24.245,0.585,84.02,1.234,2025-06-13 21:01:27,54.0,11.8,9.1,10.42,0.83,0,54
0.869,24.184,0.663,84.269,1.2,2025-06-16 12:49:45,55.0,11.1,7.5,9.38,1.08,0,55
0.856,24.264,0.379,84.002,1.202,2025-06-16 12:49:45,55.0,11.1,7.5,9.38,1.08,0,55
0.857,24.27,0.728,84.032,1.207,2025-06-16 12:49:45,55.0,11.1,7.5,9.38,1.08,0,55
0.889,24.224,0.403,84.08,1.262,2025-06-16 12:49:45,55.0,11.1,7.5,9.38,1.08,0,55
0.874,24.334,0.764,83.947,1.195,2025-06-16 12:49:45,55.0,11.1,7.5,9.38,1.08,0,55
0.861,24.248,0.403,84.015,1.212,2025-06-16 12:49:45,55.0,11.1,7.5,9.38,1.08,0,55
0.889,24.297,0.616,83.879,1.259,2025-06-16 12:49:45,55.0,11.1,7.5,9.38,1.08,0,55
0.887,24.302,0.405,84.08,1.238,2025-06-16 12:49:45,55.0,11.1,7.5,9.38,1.08,0,55
0.912,24.223,0.611,83.985,1.264,2025-06-16 12:49:45,55.0,11.1,7.5,9.38,1.08,0,55
0.873,24.326,0.518,84.119,1.166,2025-06-16 12:49:45,55.0,11.1,7.5,9.38,1.08,0,55
0.901,24.277,0.388,83.877,1.272,2025-06-16 12:49:45,55.0,11.1,7.5,9.38,1.08,0,55
0.866,24.381,0.376,84.142,1.164,2025-06-16 12:49:45,55.0,11.1,7.5,9.38,1.08,0,55
0.917,24.301,0.413,84.175,1.232,2025-06-16 12:49:45,55.0,11.1,7.5,9.38,1.08,0,55
0.878,24.186,0.749,84.278,1.207,2025-06-16 12:49:45,55.0,11.1,7.5,9.38,1.08,0,55
0.852,24.248,0.278,84.185,1.23,2025-06-16 12:49:45,55.0,11.1,7.5,9.38,1.08,0,55
0.893,24.246,0.371,83.793,1.237,2025-06-16 12:49:45,55.0,11.1,7.5,9.38,1.08,0,55
0.877,24.258,0.515,83.964,1.179,2025-06-16 12:49:45,55.0,11.1,7.5,9.38,1.08,0,55
0.884,24.245,0.445,84.388,1.319,2025-06-16 12:49:45,55.0,11.1,7.5,9.38,1.08,0,55
0.904,24.247,0.444,84.194,1.178,2025-06-16 12:49:45,55.0,11.1,7.5,9.38,1.08,0,55
0.87,24.269,0.626,84.012,1.228,2025-06-16 12:49:45,55.0,11.1,7.5,9.38,1.08,0,55
0.911,24.414,0.361,84.343,1.276,2025-06-16 12:59:46,56.0,11.5,7.1,9.23,1.42,0,56
0.869,24.346,0.48,83.99,1.175,2025-06-16 12:59:46,56.0,11.5,7.1,9.23,1.42,0,56
0.866,24.418,0.587,84.157,1.158,2025-06-16 12:59:46,56.0,11.5,7.1,9.23,1.42,0,56
0.885,24.449,0.258,84.218,1.182,2025-06-16 12:59:46,56.0,11.5,7.1,9.23,1.42,0,56
0.878,24.22,0.47,84.104,1.267,2025-06-16 12:59:46,56.0,11.5,7.1,9.23,1.42,0,56
0.893,24.268,0.443,83.891,1.232,2025-06-16 12:59:46,56.0,11.5,7.1,9.23,1.42,0,56
0.884,24.199,0.565,84.143,1.301,2025-06-16 12:59:46,56.0,11.5,7.1,9.23,1.42,0,56
0.891,24.287,0.405,84.232,1.216,2025-06-16 12:59:46,56.0,11.5,7.1,9.23,1.42,0,56
0.856,24.374,0.736,83.915,1.152,2025-06-16 12:59:46,56.0,11.5,7.1,9.23,1.42,0,56
0.881,24.239,0.368,83.987,1.299,2025-06-16 12:59:46,56.0,11.5,7.1,9.23,1.42,0,56
0.895,24.357,0.538,84.463,1.303,2025-06-16 12:59:46,56.0,11.5,7.1,9.23,1.42,0,56
0.872,24.318,0.438,84.237,1.198,2025-06-16 12:59:46,56.0,11.5,7.1,9.23,1.42,0,56
0.864,24.244,0.588,84.012,1.194,2025-06-16 12:59:46,56.0,11.5,7.1,9.23,1.42,0,56
0.873,24.391,0.387,84.254,1.239,2025-06-16 12:59:46,56.0,11.5,7.1,9.23,1.42,0,56
0.874,24.381,0.376,83.77,1.177,2025-06-16 12:59:46,56.0,11.5,7.1,9.23,1.42,0,56
0.892,24.251,0.445,84.25,1.297,2025-06-16 12:59:46,56.0,11.5,7.1,9.23,1.42,0,56
0.875,24.27,0.541,84.133,1.252,2025-06-16 12:59:46,56.0,11.5,7.1,9.23,1.42,0,56
0.852,24.225,0.473,84.393,1.214,2025-06-16 12:59:46,56.0,11.5,7.1,9.23,1.42,0,56
0.889,24.373,0.265,84.036,1.32,2025-06-16 12:59:46,56.0,11.5,7.1,9.23,1.42,0,56
0.881,24.337,0.419,84.145,1.225,2025-06-16 13:04:47,57.0,10.3,6.7,8.66,1.07,0,57
0.848,24.313,0.414,84.045,1.161,2025-06-16 13:04:47,57.0,10.3,6.7,8.66,1.07,0,57
0.9,24.356,0.405,84.177,1.326,2025-06-16 13:04:47,57.0,10.3,6.7,8.66,1.07,0,57
0.863,24.227,0.666,84.259,1.177,2025-06-16 13:04:47,57.0,10.3,6.7,8.66,1.07,0,57
0.853,24.304,0.481,84.116,1.137,2025-06-16 13:04:47,57.0,10.3,6.7,8.66,1.07,0,57
0.854,24.345,0.411,83.716,1.186,2025-06-16 13:04:47,57.0,10.3,6.7,8.66,1.07,0,57
0.895,24.351,0.361,83.71,1.262,2025-06-16 13:04:47,57.0,10.3,6.7,8.66,1.07,0,57
0.87,24.265,0.484,84.048,1.335,2025-06-16 13:04:47,57.0,10.3,6.7,8.66,1.07,0,57
0.901,24.402,0.338,83.95,1.242,2025-06-16 13:04:47,57.0,10.3,6.7,8.66,1.07,0,57
0.878,24.346,0.405,84.006,1.247,2025-06-16 13:04:47,57.0,10.3,6.7,8.66,1.07,0,57
0.886,24.344,0.489,83.936,1.228,2025-06-16 13:04:47,57.0,10.3,6.7,8.66,1.07,0,57
0.88,24.31,0.4,83.768,1.321,2025-06-16 13:04:47,57.0,10.3,6.7,8.66,1.07,0,57
0.893,24.29,0.421,84.005,1.214,2025-06-16 13:04:47,57.0,10.3,6.7,8.66,1.07,0,57
0.88,24.285,0.608,84.075,1.245,2025-06-16 13:04:47,57.0,10.3,6.7,8.66,1.07,0,57
0.862,24.346,0.39,83.888,1.166,2025-06-16 13:04:47,57.0,10.3,6.7,8.66,1.07,0,57
0.88,24.25,0.521,84.147,1.248,2025-06-16 13:04:47,57.0,10.3,6.7,8.66,1.07,0,57
0.864,24.337,0.39,83.711,1.272,2025-06-16 13:04:47,57.0,10.3,6.7,8.66,1.07,0,57
0.872,24.237,0.416,83.805,1.174,2025-06-16 13:04:47,57.0,10.3,6.7,8.66,1.07,0,57
0.848,24.26,0.57,83.864,1.176,2025-06-16 13:04:47,57.0,10.3,6.7,8.66,1.07,0,57
0.88,24.235,0.466,84.33,1.284,2025-06-16 13:39:52,58.0,12.0,6.5,9.62,1.38,0,58
0.904,24.259,0.472,84.2,1.285,2025-06-16 13:39:52,58.0,12.0,6.5,9.62,1.38,0,58
0.885,24.336,0.615,84.31,1.231,2025-06-16 13:39:52,58.0,12.0,6.5,9.62,1.38,0,58
0.884,24.164,0.494,84.156,1.158,2025-06-16 13:39:52,58.0,12.0,6.5,9.62,1.38,0,58
0.846,24.118,0.704,83.79,1.296,2025-06-16 13:39:52,58.0,12.0,6.5,9.62,1.38,0,58
0.897,24.304,0.394,84.255,1.302,2025-06-16 13:39:52,58.0,12.0,6.5,9.62,1.38,0,58
0.876,24.214,0.467,84.102,1.187,2025-06-16 13:39:52,58.0,12.0,6.5,9.62,1.38,0,58
0.867,24.254,0.442,83.997,1.312,2025-06-16 13:39:52,58.0,12.0,6.5,9.62,1.38,0,58
0.904,24.266,0.445,84.323,1.206,2025-06-16 13:39:52,58.0,12.0,6.5,9.62,1.38,0,58
0.913,24.188,0.537,83.765,1.35,2025-06-16 13:39:52,58.0,12.0,6.5,9.62,1.38,0,58
0.861,24.209,0.311,84.002,1.261,2025-06-16 13:39:52,58.0,12.0,6.5,9.62,1.38,0,58
0.897,24.274,0.595,84.257,1.288,2025-06-16 13:39:52,58.0,12.0,6.5,9.62,1.38,0,58
0.906,24.2,0.375,84.251,1.255,2025-06-16 13:39:52,58.0,12.0,6.5,9.62,1.38,0,58
0.879,24.143,0.575,84.185,1.278,2025-06-16 13:39:52,58.0,12.0,6.5,9.62,1.38,0,58
0.883,24.258,0.743,83.978,1.204,2025-06-16 13:39:52,58.0,12.0,6.5,9.62,1.38,0,58
0.882,24.205,0.494,84.05,1.304,2025-06-16 13:39:52,58.0,12.0,6.5,9.62,1.38,0,58
0.875,24.18,0.433,84.233,1.255,2025-06-16 13:39:52,58.0,12.0,6.5,9.62,1.38,0,58
0.893,24.379,0.651,84.205,1.345,2025-06-16 13:39:52,58.0,12.0,6.5,9.62,1.38,0,58
0.846,24.223,0.514,84.343,1.255,2025-06-16 13:39:52,58.0,12.0,6.5,9.62,1.38,0,58
0.863,24.288,0.543,83.847,1.228,2025-06-16 13:44:54,59.0,11.7,7.1,9.49,1.31,0,59
0.892,24.389,0.536,84.03,1.205,2025-06-16 13:44:54,59.0,11.7,7.1,9.49,1.31,0,59
0.889,24.316,0.342,83.92,1.245,2025-06-16 13:44:54,59.0,11.7,7.1,9.49,1.31,0,59
0.891,24.313,0.6,83.864,1.263,2025-06-16 13:44:54,59.0,11.7,7.1,9.49,1.31,0,59
0.908,24.326,0.383,84.377,1.346,2025-06-16 13:44:54,59.0,11.7,7.1,9.49,1.31,0,59
0.871,24.259,0.47,83.854,1.243,2025-06-16 13:44:54,59.0,11.7,7.1,9.49,1.31,0,59
0.886,24.296,0.336,84.31,1.266,2025-06-16 13:44:54,59.0,11.7,7.1,9.49,1.31,0,59
0.893,24.26,0.744,84.349,1.25,2025-06-16 13:44:54,59.0,11.7,7.1,9.49,1.31,0,59
0.899,24.347,0.602,84.444,1.3,2025-06-16 13:44:54,59.0,11.7,7.1,9.49,1.31,0,59
0.907,24.351,0.368,84.144,1.246,2025-06-16 13:44:54,59.0,11.7,7.1,9.49,1.31,0,59
0.918,24.393,0.419,84.221,1.293,2025-06-16 13:44:54,59.0,11.7,7.1,9.49,1.31,0,59
0.879,24.261,0.404,83.788,1.154,2025-06-16 13:44:54,59.0,11.7,7.1,9.49,1.31,0,59
0.886,24.295,0.762,84.192,1.23,2025-06-16 13:44:54,59.0,11.7,7.1,9.49,1.31,0,59
0.916,24.372,0.311,84.437,1.301,2025-06-16 13:44:54,59.0,11.7,7.1,9.49,1.31,0,59
0.861,24.275,0.482,83.998,1.223,2025-06-16 13:44:54,59.0,11.7,7.1,9.49,1.31,0,59
0.897,24.316,0.432,84.408,1.305,2025-06-16 13:44:54,59.0,11.7,7.1,9.49,1.31,0,59
0.879,24.366,0.453,84.231,1.229,2025-06-16 13:44:54,59.0,11.7,7.1,9.49,1.31,0,59
0.891,24.388,0.303,83.895,1.197,2025-06-16 13:44:54,59.0,11.7,7.1,9.49,1.31,0,59
0.853,24.194,0.754,83.974,1.221,2025-06-16 13:44:54,59.0,11.7,7.1,9.49,1.31,0,59
0.894,24.354,0.553,83.865,1.198,2025-06-16 13:44:54,59.0,11.7,7.1,9.49,1.31,0,59
0.867,24.426,0.773,84.242,1.211,2025-06-16 13:49:55,60.0,11.2,6.6,9.07,1.12,0,60
0.893,24.448,0.356,83.899,1.267,2025-06-16 13:49:55,60.0,11.2,6.6,9.07,1.12,0,60
0.848,24.304,0.317,83.997,1.21,2025-06-16 13:49:55,60.0,11.2,6.6,9.07,1.12,0,60
0.86,24.396,0.383,84.052,1.226,2025-06-16 13:49:55,60.0,11.2,6.6,9.07,1.12,0,60
0.885,24.33,0.207,83.822,1.196,2025-06-16 13:49:55,60.0,11.2,6.6,9.07,1.12,0,60
0.897,24.454,0.327,83.761,1.309,2025-06-16 13:49:55,60.0,11.2,6.6,9.07,1.12,0,60
0.878,24.376,0.419,84.172,1.226,2025-06-16 13:49:55,60.0,11.2,6.6,9.07,1.12,0,60
0.88,24.367,0.682,83.787,1.254,2025-06-16 13:49:55,60.0,11.2,6.6,9.07,1.12,0,60
0.883,24.412,0.472,84.008,1.175,2025-06-16 13:49:55,60.0,11.2,6.6,9.07,1.12,0,60
0.866,24.442,0.379,83.729,1.215,2025-06-16 13:49:55,60.0,11.2,6.6,9.07,1.12,0,60
0.891,24.336,0.33,83.827,1.307,2025-06-16 13:49:55,60.0,11.2,6.6,9.07,1.12,0,60
0.868,24.426,0.435,83.672,1.21,2025-06-16 13:49:55,60.0,11.2,6.6,9.07,1.12,0,60
0.888,24.329,0.396,83.98,1.213,2025-06-16 13:49:55,60.0,11.2,6.6,9.07,1.12,0,60
0.881,24.41,0.655,83.715,1.224,2025-06-16 13:49:55,60.0,11.2,6.6,9.07,1.12,0,60
0.905,24.373,0.317,84.136,1.247,2025-06-16 13:49:55,60.0,11.2,6.6,9.07,1.12,0,60
0.863,24.307,0.359,83.98,1.185,2025-06-16 13:49:55,60.0,11.2,6.6,9.07,1.12,0,60
0.873,24.33,0.472,84.119,1.23,2025-06-16 13:49:55,60.0,11.2,6.6,9.07,1.12,0,60
0.866,24.327,0.377,83.987,1.221,2025-06-16 13:49:55,60.0,11.2,6.6,9.07,1.12,0,60
0.891,24.34,0.304,84.004,1.279,2025-06-16 13:49:55,60.0,11.2,6.6,9.07,1.12,0,60
0.888,24.377,0.467,83.901,1.248,2025-06-16 13:49:55,60.0,11.2,6.6,9.07,1.12,0,60
0.898,24.358,0.512,83.899,1.341,2025-06-16 19:10:04,61.0,12.2,7.0,8.94,1.36,0,61
0.869,24.351,0.577,84.24,1.154,2025-06-16 19:10:04,61.0,12.2,7.0,8.94,1.36,0,61
0.858,24.322,0.305,84.19,1.202,2025-06-16 19:10:04,61.0,12.2,7.0,8.94,1.36,0,61
0.867,24.312,0.771,84.274,1.194,2025-06-16 19:10:04,61.0,12.2,7.0,8.94,1.36,0,61
0.881,24.286,0.364,84.034,1.187,2025-06-16 19:10:04,61.0,12.2,7.0,8.94,1.36,0,61
0.878,24.274,0.389,83.989,1.197,2025-06-16 19:10:04,61.0,12.2,7.0,8.94,1.36,0,61
0.86,24.302,0.574,83.96,1.2,2025-06-16 19:10:04,61.0,12.2,7.0,8.94,1.36,0,61
0.857,24.245,0.405,84.094,1.216,2025-06-16 19:10:04,61.0,12.2,7.0,8.94,1.36,0,61
0.854,24.355,0.47,83.965,1.246,2025-06-16 19:10:04,61.0,12.2,7.0,8.94,1.36,0,61
0.85,24.256,0.478,84.335,1.18,2025-06-16 19:10:04,61.0,12.2,7.0,8.94,1.36,0,61
0.89,24.34,0.502,84.014,1.264,2025-06-16 19:10:04,61.0,12.2,7.0,8.94,1.36,0,61
0.868,24.409,0.616,84.152,1.211,2025-06-16 19:10:04,61.0,12.2,7.0,8.94,1.36,0,61
0.863,24.329,0.472,84.247,1.22,2025-06-16 19:10:04,61.0,12.2,7.0,8.94,1.36,0,61
0.874,24.306,0.408,84.153,1.204,2025-06-16 19:10:04,61.0,12.2,7.0,8.94,1.36,0,61
0.879,24.317,0.276,84.314,1.183,2025-06-16 19:10:04,61.0,12.2,7.0,8.94,1.36,0,61
0.893,24.267,0.372,83.993,1.16,2025-06-16 19:10:04,61.0,12.2,7.0,8.94,1.36,0,61
0.866,24.292,0.543,84.071,1.176,2025-06-16 19:10:04,61.0,12.2,7.0,8.94,1.36,0,61
0.896,24.407,0.566,84.195,1.201,2025-06-16 19:10:04,61.0,12.2,7.0,8.94,1.36,0,61
0.89,24.267,0.49,84.169,1.262,2025-06-16 19:10:04,61.0,12.2,7.0,8.94,1.36,0,61
0.878,24.417,0.657,83.981,1.14,2025-06-16 19:15:05,62.0,11.9,7.5,9.41,1.19,0,62
0.896,24.377,0.692,84.137,1.262,2025-06-16 19:15:05,62.0,11.9,7.5,9.41,1.19,0,62
0.898,24.354,0.317,83.972,1.232,2025-06-16 19:15:05,62.0,11.9,7.5,9.41,1.19,0,62
0.882,24.32,0.345,84.232,1.236,2025-06-16 19:15:05,62.0,11.9,7.5,9.41,1.19,0,62
0.926,24.356,0.389,84.38,1.283,2025-06-16 19:15:05,62.0,11.9,7.5,9.41,1.19,0,62
0.868,24.375,0.224,84.28,1.188,2025-06-16 19:15:05,62.0,11.9,7.5,9.41,1.19,0,62
0.878,24.384,0.365,83.998,1.204,2025-06-16 19:15:05,62.0,11.9,7.5,9.41,1.19,0,62
0.897,24.335,0.564,83.888,1.339,2025-06-16 19:15:05,62.0,11.9,7.5,9.41,1.19,0,62
0.9,24.356,0.352,84.075,1.318,2025-06-16 19:15:05,62.0,11.9,7.5,9.41,1.19,0,62
0.878,24.37,0.322,83.988,1.192,2025-06-16 19:15:05,62.0,11.9,7.5,9.41,1.19,0,62
0.872,24.329,0.311,84.255,1.301,2025-06-16 19:15:05,62.0,11.9,7.5,9.41,1.19,0,62
0.866,24.301,0.592,84.107,1.184,2025-06-16 19:15:05,62.0,11.9,7.5,9.41,1.19,0,62
0.877,24.319,0.523,84.022,1.265,2025-06-16 19:15:05,62.0,11.9,7.5,9.41,1.19,0,62
0.878,24.413,0.385,84.249,1.211,2025-06-16 19:15:05,62.0,11.9,7.5,9.41,1.19,0,62
0.91,24.383,0.438,84.164,1.329,2025-06-16 19:15:05,62.0,11.9,7.5,9.41,1.19,0,62
0.857,24.324,0.422,83.896,1.17,2025-06-16 19:15:05,62.0,11.9,7.5,9.41,1.19,0,62
0.897,24.267,0.487,84.174,1.226,2025-06-16 19:15:05,62.0,11.9,7.5,9.41,1.19,0,62
0.875,24.259,0.762,84.122,1.266,2025-06-16 19:15:05,62.0,11.9,7.5,9.41,1.19,0,62
0.893,24.323,0.579,84.084,1.307,2025-06-16 19:15:05,62.0,11.9,7.5,9.41,1.19,0,62
0.898,24.339,0.52,84.097,1.263,2025-06-16 19:15:05,62.0,11.9,7.5,9.41,1.19,0,62
0.896,24.371,0.353,83.993,1.249,2025-06-16 19:20:06,63.0,10.8,6.7,8.71,1.19,0,63
0.89,24.311,0.656,83.915,1.293,2025-06-16 19:20:06,63.0,10.8,6.7,8.71,1.19,0,63
0.886,24.351,0.326,83.971,1.269,2025-06-16 19:20:06,63.0,10.8,6.7,8.71,1.19,0,63
0.857,24.324,0.335,84.08,1.107,2025-06-16 19:20:06,63.0,10.8,6.7,8.71,1.19,0,63
0.881,24.378,0.318,83.784,1.154,2025-06-16 19:20:06,63.0,10.8,6.7,8.71,1.19,0,63
0.86,24.324,0.421,83.927,1.191,2025-06-16 19:20:06,63.0,10.8,6.7,8.71,1.19,0,63
0.893,24.379,0.306,84.118,1.209,2025-06-16 19:20:06,63.0,10.8,6.7,8.71,1.19,0,63
0.862,24.324,0.803,84.072,1.215,2025-06-16 19:20:06,63.0,10.8,6.7,8.71,1.19,0,63
0.875,24.338,0.57,83.981,1.206,2025-06-16 19:20:06,63.0,10.8,6.7,8.71,1.19,0,63
0.868,24.345,0.278,84.009,1.258,2025-06-16 19:20:06,63.0,10.8,6.7,8.71,1.19,0,63
0.887,24.413,0.445,83.821,1.254,2025-06-16 19:20:06,63.0,10.8,6.7,8.71,1.19,0,63
0.883,24.435,0.466,83.979,1.303,2025-06-16 19:20:06,63.0,10.8,6.7,8.71,1.19,0,63
0.885,24.324,0.321,83.997,1.222,2025-06-16 19:20:06,63.0,10.8,6.7,8.71,1.19,0,63
0.867,24.36,0.361,83.874,1.203,2025-06-16 19:20:06,63.0,10.8,6.7,8.71,1.19,0,63
0.862,24.325,0.403,84.135,1.15,2025-06-16 19:20:06,63.0,10.8,6.7,8.71,1.19,0,63
0.89,24.325,0.419,83.982,1.304,2025-06-16 19:20:06,63.0,10.8,6.7,8.71,1.19,0,63
0.84,24.261,0.488,83.942,1.224,2025-06-16 19:20:06,63.0,10.8,6.7,8.71,1.19,0,63
0.888,24.357,0.3,84.335,1.356,2025-06-16 19:20:06,63.0,10.8,6.7,8.71,1.19,0,63
0.887,24.251,0.44,83.999,1.237,2025-06-16 19:20:06,63.0,10.8,6.7,8.71,1.19,0,63
0.877,24.253,0.346,83.958,1.272,2025-06-16 19:20:06,63.0,10.8,6.7,8.71,1.19,0,63
0.933,24.353,0.661,84.008,1.325,2025-06-16 21:10:11,64.0,14.1,6.0,9.66,1.79,0,64
0.88,24.225,0.566,83.982,1.195,2025-06-16 21:10:11,64.0,14.1,6.0,9.66,1.79,0,64
0.89,24.381,0.548,84.109,1.299,2025-06-16 21:10:11,64.0,14.1,6.0,9.66,1.79,0,64
0.906,24.283,0.338,83.996,1.35,2025-06-16 21:10:11,64.0,14.1,6.0,9.66,1.79,0,64
0.859,24.258,0.522,83.859,1.21,2025-06-16 21:10:11,64.0,14.1,6.0,9.66,1.79,0,64
0.866,24.27,0.463,83.946,1.277,2025-06-16 21:10:11,64.0,14.1,6.0,9.66,1.79,0,64
0.909,24.432,0.543,84.078,1.277,2025-06-16 21:10:11,64.0,14.1,6.0,9.66,1.79,0,64
0.889,24.303,0.554,83.952,1.216,2025-06-16 21:10:11,64.0,14.1,6.0,9.66,1.79,0,64
0.896,24.327,0.339,83.925,1.193,2025-06-16 21:10:11,64.0,14.1,6.0,9.66,1.79,0,64
0.864,24.287,0.5,83.84,1.273,2025-06-16 21:10:11,64.0,14.1,6.0,9.66,1.79,0,64
0.856,24.243,0.409,83.845,1.219,2025-06-16 21:10:11,64.0,14.1,6.0,9.66,1.79,0,64
0.887,24.28,0.32,84.042,1.222,2025-06-16 21:10:11,64.0,14.1,6.0,9.66,1.79,0,64
0.856,24.248,0.27,84.014,1.204,2025-06-16 21:10:11,64.0,14.1,6.0,9.66,1.79,0,64
0.886,24.258,0.414,83.976,1.134,2025-06-16 21:10:11,64.0,14.1,6.0,9.66,1.79,0,64
0.871,24.251,0.349,84.007,1.264,2025-06-16 21:10:11,64.0,14.1,6.0,9.66,1.79,0,64
0.887,24.281,0.569,84.001,1.226,2025-06-16 21:10:11,64.0,14.1,6.0,9.66,1.79,0,64
0.883,24.298,0.382,83.96,1.2,2025-06-16 21:10:11,64.0,14.1,6.0,9.66,1.79,0,64
0.906,24.177,0.634,83.774,1.291,2025-06-16 21:10:11,64.0,14.1,6.0,9.66,1.79,0,64
0.873,24.304,0.44,83.946,1.273,2025-06-16 21:10:11,64.0,14.1,6.0,9.66,1.79,0,64
0.895,24.287,0.278,84.024,1.218,2025-06-16 21:10:11,64.0,14.1,6.0,9.66,1.79,0,64
0.897,24.421,0.497,84.12,1.252,2025-06-16 21:10:11,64.0,14.1,6.0,9.66,1.79,0,64
0.855,24.403,0.432,84.2,1.14,2025-06-16 21:10:11,64.0,14.1,6.0,9.66,1.79,0,64
0.9,24.352,0.635,84.34,1.227,2025-06-16 21:10:11,64.0,14.1,6.0,9.66,1.79,0,64
0.886,24.317,0.412,84.07,1.287,2025-06-16 21:10:11,64.0,14.1,6.0,9.66,1.79,0,64
0.893,24.351,0.417,84.32,1.256,2025-06-16 21:10:11,64.0,14.1,6.0,9.66,1.79,0,64
0.864,24.299,0.54,83.96,1.084,2025-06-16 21:10:11,64.0,14.1,6.0,9.66,1.79,0,64
0.87,24.321,0.384,84.16,1.158,2025-06-16 21:10:11,64.0,14.1,6.0,9.66,1.79,0,64
0.847,24.298,0.447,84.22,1.215,2025-06-16 21:10:11,64.0,14.1,6.0,9.66,1.79,0,64
0.89,24.339,0.861,84.0,1.231,2025-06-16 21:10:11,64.0,14.1,6.0,9.66,1.79,0,64
0.924,24.321,0.487,83.96,1.231,2025-06-16 21:10:11,64.0,14.1,6.0,9.66,1.79,0,64
0.858,24.382,0.465,84.09,1.179,2025-06-16 21:10:11,64.0,14.1,6.0,9.66,1.79,0,64
0.88,24.378,0.409,84.35,1.27,2025-06-16 21:10:11,64.0,14.1,6.0,9.66,1.79,0,64
0.854,24.301,0.691,84.26,1.24,2025-06-16 21:10:11,64.0,14.1,6.0,9.66,1.79,0,64
0.884,24.419,0.409,84.08,1.25,2025-06-16 21:10:11,64.0,14.1,6.0,9.66,1.79,0,64
0.892,24.31,0.783,84.12,1.196,2025-06-16 21:10:11,64.0,14.1,6.0,9.66,1.79,0,64
0.89,24.346,0.592,84.0,1.201,2025-06-16 21:10:11,64.0,14.1,6.0,9.66,1.79,0,64
0.895,24.298,0.753,84.02,1.212,2025-06-16 21:10:11,64.0,14.1,6.0,9.66,1.79,0,64
0.885,24.264,0.452,84.04,1.203,2025-06-16 21:10:11,64.0,14.1,6.0,9.66,1.79,0,64
0.88,24.323,0.377,84.23,1.189,2025-06-16 21:15:13,65.0,13.7,9.9,11.8,1.22,0,65
0.899,24.336,0.394,84.24,1.176,2025-06-16 21:15:13,65.0,13.7,9.9,11.8,1.22,0,65
0.881,24.307,0.326,84.06,1.159,2025-06-16 21:15:13,65.0,13.7,9.9,11.8,1.22,0,65
0.879,24.307,0.633,84.34,1.184,2025-06-16 21:15:13,65.0,13.7,9.9,11.8,1.22,0,65
0.851,24.266,0.362,83.9,1.205,2025-06-16 21:15:13,65.0,13.7,9.9,11.8,1.22,0,65
0.884,24.32,0.377,84.43,1.17,2025-06-16 21:15:13,65.0,13.7,9.9,11.8,1.22,0,65
0.887,24.297,0.683,84.17,1.232,2025-06-16 21:15:13,65.0,13.7,9.9,11.8,1.22,0,65
0.897,24.269,0.585,84.34,1.228,2025-06-16 21:15:13,65.0,13.7,9.9,11.8,1.22,0,65
0.862,24.36,0.422,84.08,1.145,2025-06-16 21:15:13,65.0,13.7,9.9,11.8,1.22,0,65
0.867,24.216,0.685,84.22,1.217,2025-06-16 21:15:13,65.0,13.7,9.9,11.8,1.22,0,65
0.91,24.363,0.349,84.33,1.322,2025-06-16 21:15:13,65.0,13.7,9.9,11.8,1.22,0,65
0.85,24.342,0.329,84.32,1.175,2025-06-16 21:15:13,65.0,13.7,9.9,11.8,1.22,0,65
0.885,24.381,0.364,83.97,1.239,2025-06-16 21:15:13,65.0,13.7,9.9,11.8,1.22,0,65
0.883,24.411,0.457,83.97,1.233,2025-06-16 21:15:13,65.0,13.7,9.9,11.8,1.22,0,65
0.87,24.341,0.563,84.06,1.227,2025-06-16 21:15:13,65.0,13.7,9.9,11.8,1.22,0,65
0.883,24.374,0.372,84.24,1.138,2025-06-16 21:15:13,65.0,13.7,9.9,11.8,1.22,0,65
0.875,24.298,0.402,84.21,1.243,2025-06-16 21:15:13,65.0,13.7,9.9,11.8,1.22,0,65
0.895,24.4,0.361,84.22,1.245,2025-06-16 21:15:13,65.0,13.7,9.9,11.8,1.22,0,65
0.859,24.226,0.299,84.12,1.125,2025-06-16 21:15:13,65.0,13.7,9.9,11.8,1.22,0,65
0.883,24.262,0.454,84.04,1.239,2025-06-16 21:15:13,65.0,13.7,9.9,11.8,1.22,0,65
0.876,24.299,0.477,83.881,1.229,2025-06-17 11:00:01,66.0,12.8,9.3,10.83,0.94,0,66
0.85,24.318,0.436,83.879,1.22,2025-06-17 11:00:01,66.0,12.8,9.3,10.83,0.94,0,66
0.885,24.236,0.582,84.023,1.21,2025-06-17 11:00:01,66.0,12.8,9.3,10.83,0.94,0,66
0.849,24.207,0.423,84.048,1.224,2025-06-17 11:00:01,66.0,12.8,9.3,10.83,0.94,0,66
0.906,24.305,0.553,84.007,1.318,2025-06-17 11:00:01,66.0,12.8,9.3,10.83,0.94,0,66
0.868,24.307,0.435,83.984,1.242,2025-06-17 11:00:01,66.0,12.8,9.3,10.83,0.94,0,66
0.876,24.249,0.543,84.179,1.187,2025-06-17 11:00:01,66.0,12.8,9.3,10.83,0.94,0,66
0.886,24.284,0.355,83.851,1.243,2025-06-17 11:00:01,66.0,12.8,9.3,10.83,0.94,0,66
0.859,24.165,0.792,84.132,1.267,2025-06-17 11:00:01,66.0,12.8,9.3,10.83,0.94,0,66
0.891,24.255,0.625,83.963,1.287,2025-06-17 11:00:01,66.0,12.8,9.3,10.83,0.94,0,66
0.846,24.23,0.532,84.096,1.174,2025-06-17 11:00:01,66.0,12.8,9.3,10.83,0.94,0,66
0.886,24.19,0.407,84.149,1.24,2025-06-17 11:00:01,66.0,12.8,9.3,10.83,0.94,0,66
0.877,24.244,0.503,83.912,1.18,2025-06-17 11:00:01,66.0,12.8,9.3,10.83,0.94,0,66
0.865,24.255,0.522,84.369,1.244,2025-06-17 11:00:01,66.0,12.8,9.3,10.83,0.94,0,66
0.874,24.272,0.772,84.232,1.188,2025-06-17 11:00:01,66.0,12.8,9.3,10.83,0.94,0,66
0.869,24.218,0.466,84.277,1.2,2025-06-17 11:00:01,66.0,12.8,9.3,10.83,0.94,0,66
0.851,24.252,0.694,84.018,1.193,2025-06-17 11:00:01,66.0,12.8,9.3,10.83,0.94,0,66
0.869,24.254,0.585,84.215,1.235,2025-06-17 11:00:01,66.0,12.8,9.3,10.83,0.94,0,66
0.878,24.293,0.79,84.337,1.288,2025-06-17 11:00:01,66.0,12.8,9.3,10.83,0.94,0,66
0.88,24.345,0.532,84.056,1.245,2025-06-17 11:00:01,66.0,12.8,9.3,10.83,0.94,0,66
0.87,24.286,0.361,84.165,1.182,2025-06-17 11:05:02,67.0,11.4,7.2,8.92,1.08,0,67
0.88,24.274,0.365,83.953,1.276,2025-06-17 11:05:02,67.0,11.4,7.2,8.92,1.08,0,67
0.881,24.354,0.282,84.13,1.242,2025-06-17 11:05:02,67.0,11.4,7.2,8.92,1.08,0,67
0.907,24.298,0.513,84.449,1.314,2025-06-17 11:05:02,67.0,11.4,7.2,8.92,1.08,0,67
0.898,24.262,0.498,84.17,1.228,2025-06-17 11:05:02,67.0,11.4,7.2,8.92,1.08,0,67
0.883,24.287,0.442,84.099,1.242,2025-06-17 11:05:02,67.0,11.4,7.2,8.92,1.08,0,67
0.885,24.269,0.538,83.97,1.25,2025-06-17 11:05:02,67.0,11.4,7.2,8.92,1.08,0,67
0.869,24.295,0.395,84.358,1.165,2025-06-17 11:05:02,67.0,11.4,7.2,8.92,1.08,0,67
0.887,24.259,0.41,84.511,1.301,2025-06-17 11:05:02,67.0,11.4,7.2,8.92,1.08,0,67
0.84,24.229,0.52,84.181,1.191,2025-06-17 11:05:02,67.0,11.4,7.2,8.92,1.08,0,67
0.852,24.278,0.44,84.224,1.206,2025-06-17 11:05:02,67.0,11.4,7.2,8.92,1.08,0,67
0.862,24.323,0.585,84.384,1.226,2025-06-17 11:05:02,67.0,11.4,7.2,8.92,1.08,0,67
0.863,24.344,0.445,83.875,1.21,2025-06-17 11:05:02,67.0,11.4,7.2,8.92,1.08,0,67
0.876,24.277,0.364,84.394,1.211,2025-06-17 11:05:02,67.0,11.4,7.2,8.92,1.08,0,67
0.902,24.302,0.41,84.08,1.22,2025-06-17 11:05:02,67.0,11.4,7.2,8.92,1.08,0,67
0.894,24.396,0.581,84.436,1.347,2025-06-17 11:05:02,67.0,11.4,7.2,8.92,1.08,0,67
0.875,24.315,0.386,83.904,1.287,2025-06-17 11:05:02,67.0,11.4,7.2,8.92,1.08,0,67
0.884,24.328,0.491,84.399,1.237,2025-06-17 11:05:02,67.0,11.4,7.2,8.92,1.08,0,67
0.874,24.313,0.55,83.933,1.227,2025-06-17 11:05:02,67.0,11.4,7.2,8.92,1.08,0,67
0.903,24.257,0.636,84.347,1.221,2025-06-17 11:05:02,67.0,11.4,7.2,8.92,1.08,0,67
0.881,24.367,0.519,84.254,1.336,2025-06-17 11:10:02,68.0,11.9,8.0,9.67,1.07,0,68
0.892,24.343,0.427,84.068,1.345,2025-06-17 11:10:02,68.0,11.9,8.0,9.67,1.07,0,68
0.889,24.388,0.31,84.022,1.244,2025-06-17 11:10:02,68.0,11.9,8.0,9.67,1.07,0,68
0.881,24.323,0.378,84.149,1.263,2025-06-17 11:10:02,68.0,11.9,8.0,9.67,1.07,0,68
0.875,24.301,0.444,84.13,1.22,2025-06-17 11:10:02,68.0,11.9,8.0,9.67,1.07,0,68
0.865,24.285,0.556,83.825,1.213,2025-06-17 11:10:02,68.0,11.9,8.0,9.67,1.07,0,68
0.905,24.239,0.569,84.009,1.287,2025-06-17 11:10:02,68.0,11.9,8.0,9.67,1.07,0,68
0.882,24.475,0.626,84.009,1.2,2025-06-17 11:10:02,68.0,11.9,8.0,9.67,1.07,0,68
0.887,24.342,0.463,83.973,1.265,2025-06-17 11:10:02,68.0,11.9,8.0,9.67,1.07,0,68
0.856,24.254,0.365,83.99,1.223,2025-06-17 11:10:02,68.0,11.9,8.0,9.67,1.07,0,68
0.902,24.339,0.278,84.007,1.279,2025-06-17 11:10:02,68.0,11.9,8.0,9.67,1.07,0,68
0.9,24.36,0.34,84.046,1.233,2025-06-17 11:10:02,68.0,11.9,8.0,9.67,1.07,0,68
0.901,24.285,0.444,83.999,1.304,2025-06-17 11:10:02,68.0,11.9,8.0,9.67,1.07,0,68
0.892,24.257,0.479,83.779,1.346,2025-06-17 11:10:02,68.0,11.9,8.0,9.67,1.07,0,68
0.882,24.377,0.621,83.743,1.276,2025-06-17 11:10:02,68.0,11.9,8.0,9.67,1.07,0,68
0.881,24.281,0.292,84.012,1.216,2025-06-17 11:10:02,68.0,11.9,8.0,9.67,1.07,0,68
0.888,24.323,0.321,84.244,1.217,2025-06-17 11:10:02,68.0,11.9,8.0,9.67,1.07,0,68
0.859,24.316,0.386,83.676,1.199,2025-06-17 11:10:02,68.0,11.9,8.0,9.67,1.07,0,68
0.904,24.286,0.642,84.002,1.199,2025-06-17 11:10:02,68.0,11.9,8.0,9.67,1.07,0,68
0.893,24.323,0.41,83.856,1.29,2025-06-17 11:10:02,68.0,11.9,8.0,9.67,1.07,0,68
0.873,24.331,0.435,84.148,1.244,2025-06-17 12:45:09,69.0,11.8,7.2,9.82,1.11,0,69
0.887,24.231,0.725,84.17,1.243,2025-06-17 12:45:09,69.0,11.8,7.2,9.82,1.11,0,69
0.874,24.346,0.546,84.13,1.296,2025-06-17 12:45:09,69.0,11.8,7.2,9.82,1.11,0,69
0.868,24.281,0.225,84.188,1.282,2025-06-17 12:45:09,69.0,11.8,7.2,9.82,1.11,0,69
0.875,24.167,0.575,84.0,1.281,2025-06-17 12:45:09,69.0,11.8,7.2,9.82,1.11,0,69
0.899,24.315,0.534,84.179,1.229,2025-06-17 12:45:09,69.0,11.8,7.2,9.82,1.11,0,69
0.904,24.281,0.367,84.223,1.3,2025-06-17 12:45:09,69.0,11.8,7.2,9.82,1.11,0,69
0.878,24.313,0.442,83.892,1.211,2025-06-17 12:45:09,69.0,11.8,7.2,9.82,1.11,0,69
0.885,24.18,0.535,84.083,1.227,2025-06-17 12:45:09,69.0,11.8,7.2,9.82,1.11,0,69
0.866,24.208,0.452,84.262,1.201,2025-06-17 12:45:09,69.0,11.8,7.2,9.82,1.11,0,69
0.857,24.239,0.436,84.153,1.19,2025-06-17 12:45:09,69.0,11.8,7.2,9.82,1.11,0,69
0.877,24.284,0.513,84.121,1.161,2025-06-17 12:45:09,69.0,11.8,7.2,9.82,1.11,0,69
0.88,24.379,0.606,84.18,1.22,2025-06-17 12:45:09,69.0,11.8,7.2,9.82,1.11,0,69
0.878,24.268,0.515,84.395,1.224,2025-06-17 12:45:09,69.0,11.8,7.2,9.82,1.11,0,69
0.883,24.345,0.652,84.024,1.246,2025-06-17 12:45:09,69.0,11.8,7.2,9.82,1.11,0,69
0.872,24.306,0.683,84.221,1.204,2025-06-17 12:45:09,69.0,11.8,7.2,9.82,1.11,0,69
0.913,24.379,0.461,84.148,1.192,2025-06-17 12:45:09,69.0,11.8,7.2,9.82,1.11,0,69
0.878,24.323,0.527,84.123,1.234,2025-06-17 12:45:09,69.0,11.8,7.2,9.82,1.11,0,69
0.862,24.328,0.562,83.879,1.14,2025-06-17 12:45:09,69.0,11.8,7.2,9.82,1.11,0,69
0.907,24.238,0.598,84.252,1.251,2025-06-17 12:45:09,69.0,11.8,7.2,9.82,1.11,0,69
0.836,24.367,0.319,84.202,1.11,2025-06-17 12:50:10,70.0,11.6,7.7,9.48,1.09,0,70
0.879,24.329,0.494,83.989,1.213,2025-06-17 12:50:10,70.0,11.6,7.7,9.48,1.09,0,70
0.892,24.317,0.378,83.726,1.303,2025-06-17 12:50:10,70.0,11.6,7.7,9.48,1.09,0,70
0.881,24.306,0.506,84.001,1.21,2025-06-17 12:50:10,70.0,11.6,7.7,9.48,1.09,0,70
0.92,24.353,0.385,84.216,1.293,2025-06-17 12:50:10,70.0,11.6,7.7,9.48,1.09,0,70
0.879,24.379,0.505,84.271,1.203,2025-06-17 12:50:10,70.0,11.6,7.7,9.48,1.09,0,70
0.89,24.291,0.637,83.996,1.282,2025-06-17 12:50:10,70.0,11.6,7.7,9.48,1.09,0,70
0.882,24.266,0.312,84.202,1.315,2025-06-17 12:50:10,70.0,11.6,7.7,9.48,1.09,0,70
0.877,24.304,0.354,83.988,1.296,2025-06-17 12:50:10,70.0,11.6,7.7,9.48,1.09,0,70
0.888,24.251,0.473,83.991,1.301,2025-06-17 12:50:10,70.0,11.6,7.7,9.48,1.09,0,70
0.869,24.375,0.658,84.275,1.2,2025-06-17 12:50:10,70.0,11.6,7.7,9.48,1.09,0,70
0.873,24.258,0.459,84.003,1.215,2025-06-17 12:50:10,70.0,11.6,7.7,9.48,1.09,0,70
0.858,24.185,0.426,84.178,1.335,2025-06-17 12:50:10,70.0,11.6,7.7,9.48,1.09,0,70
0.895,24.373,0.339,83.848,1.212,2025-06-17 12:50:10,70.0,11.6,7.7,9.48,1.09,0,70
0.881,24.267,0.353,84.194,1.29,2025-06-17 12:50:10,70.0,11.6,7.7,9.48,1.09,0,70
0.842,24.334,0.541,84.192,1.156,2025-06-17 12:50:10,70.0,11.6,7.7,9.48,1.09,0,70
0.9,24.343,0.569,84.1,1.286,2025-06-17 12:50:10,70.0,11.6,7.7,9.48,1.09,0,70
0.873,24.318,0.737,83.927,1.263,2025-06-17 12:50:10,70.0,11.6,7.7,9.48,1.09,0,70
0.9,24.303,0.362,84.004,1.272,2025-06-17 12:50:10,70.0,11.6,7.7,9.48,1.09,0,70
0.89,24.262,0.448,84.136,1.243,2025-06-17 12:50:10,70.0,11.6,7.7,9.48,1.09,0,70
0.873,24.399,0.452,83.702,1.287,2025-06-17 13:00:11,71.0,12.6,6.9,9.84,1.46,0,71
0.86,24.335,0.704,84.222,1.238,2025-06-17 13:00:11,71.0,12.6,6.9,9.84,1.46,0,71
0.844,24.252,0.427,84.315,1.172,2025-06-17 13:00:11,71.0,12.6,6.9,9.84,1.46,0,71
0.902,24.496,0.38,83.886,1.199,2025-06-17 13:00:11,71.0,12.6,6.9,9.84,1.46,0,71
0.866,24.444,0.389,83.852,1.235,2025-06-17 13:00:11,71.0,12.6,6.9,9.84,1.46,0,71
0.9,24.363,0.611,84.111,1.247,2025-06-17 13:00:11,71.0,12.6,6.9,9.84,1.46,0,71
0.896,24.374,0.525,83.975,1.273,2025-06-17 13:00:11,71.0,12.6,6.9,9.84,1.46,0,71
0.916,24.405,0.423,84.009,1.331,2025-06-17 13:00:11,71.0,12.6,6.9,9.84,1.46,0,71
0.832,24.279,0.492,83.82,1.147,2025-06-17 13:00:11,71.0,12.6,6.9,9.84,1.46,0,71
0.888,24.352,0.601,83.94,1.274,2025-06-17 13:00:11,71.0,12.6,6.9,9.84,1.46,0,71
0.897,24.454,0.303,83.888,1.25,2025-06-17 13:00:11,71.0,12.6,6.9,9.84,1.46,0,71
0.862,24.336,0.307,84.23,1.244,2025-06-17 13:00:11,71.0,12.6,6.9,9.84,1.46,0,71
0.88,24.304,0.331,84.189,1.18,2025-06-17 13:00:11,71.0,12.6,6.9,9.84,1.46,0,71
0.9,24.393,0.455,84.175,1.33,2025-06-17 13:00:11,71.0,12.6,6.9,9.84,1.46,0,71
0.899,24.408,0.338,83.889,1.279,2025-06-17 13:00:11,71.0,12.6,6.9,9.84,1.46,0,71
0.878,24.48,0.534,83.961,1.271,2025-06-17 13:00:11,71.0,12.6,6.9,9.84,1.46,0,71
0.9,24.3,0.386,84.125,1.305,2025-06-17 13:00:11,71.0,12.6,6.9,9.84,1.46,0,71
0.923,24.353,0.496,83.847,1.304,2025-06-17 13:00:11,71.0,12.6,6.9,9.84,1.46,0,71
0.893,24.255,0.307,83.679,1.335,2025-06-17 13:00:11,71.0,12.6,6.9,9.84,1.46,0,71
0.877,24.251,0.452,83.97,1.227,2025-06-17 18:59:49,72.0,11.6,6.6,8.71,1.3,0,72
0.868,24.208,0.497,84.43,1.228,2025-06-17 18:59:49,72.0,11.6,6.6,8.71,1.3,0,72
0.877,24.257,0.806,84.14,1.246,2025-06-17 18:59:49,72.0,11.6,6.6,8.71,1.3,0,72
0.889,24.237,0.392,84.27,1.335,2025-06-17 18:59:49,72.0,11.6,6.6,8.71,1.3,0,72
0.889,24.272,0.399,83.89,1.217,2025-06-17 18:59:49,72.0,11.6,6.6,8.71,1.3,0,72
0.87,24.252,0.384,84.33,1.256,2025-06-17 18:59:49,72.0,11.6,6.6,8.71,1.3,0,72
0.882,24.257,0.384,83.92,1.288,2025-06-17 18:59:49,72.0,11.6,6.6,8.71,1.3,0,72
0.86,24.245,0.427,83.96,1.219,2025-06-17 18:59:49,72.0,11.6,6.6,8.71,1.3,0,72
0.906,24.288,0.48,84.48,1.276,2025-06-17 18:59:49,72.0,11.6,6.6,8.71,1.3,0,72
0.854,24.27,0.266,83.74,1.205,2025-06-17 18:59:49,72.0,11.6,6.6,8.71,1.3,0,72
0.842,24.262,0.537,83.99,1.145,2025-06-17 18:59:49,72.0,11.6,6.6,8.71,1.3,0,72
0.888,24.284,0.382,84.02,1.293,2025-06-17 18:59:49,72.0,11.6,6.6,8.71,1.3,0,72
0.876,24.262,0.168,83.75,1.216,2025-06-17 18:59:49,72.0,11.6,6.6,8.71,1.3,0,72
0.905,24.257,0.377,84.22,1.261,2025-06-17 18:59:49,72.0,11.6,6.6,8.71,1.3,0,72
0.86,24.314,0.46,84.19,1.195,2025-06-17 18:59:49,72.0,11.6,6.6,8.71,1.3,0,72
0.868,24.276,0.573,83.98,1.143,2025-06-17 18:59:49,72.0,11.6,6.6,8.71,1.3,0,72
0.909,24.291,0.324,84.08,1.21,2025-06-17 18:59:49,72.0,11.6,6.6,8.71,1.3,0,72
0.874,24.27,0.417,84.28,1.209,2025-06-17 18:59:49,72.0,11.6,6.6,8.71,1.3,0,72
0.911,24.297,0.439,84.18,1.343,2025-06-17 19:04:51,73.0,15.4,9.7,11.75,1.29,0,73
0.874,24.329,0.605,84.49,1.223,2025-06-17 19:04:51,73.0,15.4,9.7,11.75,1.29,0,73
0.854,24.35,0.369,83.92,1.225,2025-06-17 19:04:51,73.0,15.4,9.7,11.75,1.29,0,73
0.887,24.314,0.332,84.1,1.302,2025-06-17 19:04:51,73.0,15.4,9.7,11.75,1.29,0,73
0.897,24.345,0.613,84.14,1.232,2025-06-17 19:04:51,73.0,15.4,9.7,11.75,1.29,0,73
0.873,24.325,0.432,83.84,1.199,2025-06-17 19:04:51,73.0,15.4,9.7,11.75,1.29,0,73
0.852,24.342,0.56,83.92,1.163,2025-06-17 19:04:51,73.0,15.4,9.7,11.75,1.29,0,73
0.884,24.37,0.339,84.23,1.195,2025-06-17 19:04:51,73.0,15.4,9.7,11.75,1.29,0,73
0.882,24.36,0.57,84.19,1.21,2025-06-17 19:04:51,73.0,15.4,9.7,11.75,1.29,0,73
0.866,24.268,0.306,84.11,1.231,2025-06-17 19:04:51,73.0,15.4,9.7,11.75,1.29,0,73
0.855,24.33,0.254,84.16,1.138,2025-06-17 19:04:51,73.0,15.4,9.7,11.75,1.29,0,73
0.868,24.377,0.427,84.34,1.281,2025-06-17 19:04:51,73.0,15.4,9.7,11.75,1.29,0,73
0.892,24.366,0.648,84.0,1.294,2025-06-17 19:04:51,73.0,15.4,9.7,11.75,1.29,0,73
0.903,24.338,0.402,84.06,1.275,2025-06-17 19:04:51,73.0,15.4,9.7,11.75,1.29,0,73
0.867,24.216,0.535,84.05,1.229,2025-06-17 19:04:51,73.0,15.4,9.7,11.75,1.29,0,73
0.879,24.315,0.422,84.0,1.211,2025-06-17 19:04:51,73.0,15.4,9.7,11.75,1.29,0,73
0.851,24.361,0.364,84.02,1.245,2025-06-17 19:04:51,73.0,15.4,9.7,11.75,1.29,0,73
0.883,24.336,0.339,84.14,1.226,2025-06-17 19:04:51,73.0,15.4,9.7,11.75,1.29,0,73
0.836,24.224,0.578,84.18,1.234,2025-06-17 19:04:51,73.0,15.4,9.7,11.75,1.29,0,73
0.848,24.269,0.296,83.77,1.106,2025-06-17 19:04:51,73.0,15.4,9.7,11.75,1.29,0,73
0.916,24.252,0.367,83.98,1.224,2025-06-17 19:09:52,74.0,12.5,8.6,10.82,1.22,0,74
0.893,24.338,0.59,83.91,1.239,2025-06-17 19:09:52,74.0,12.5,8.6,10.82,1.22,0,74
0.91,24.132,0.337,84.03,1.376,2025-06-17 19:09:52,74.0,12.5,8.6,10.82,1.22,0,74
0.872,24.235,0.492,84.05,1.227,2025-06-17 19:09:52,74.0,12.5,8.6,10.82,1.22,0,74
0.903,24.289,0.399,83.93,1.193,2025-06-17 19:09:52,74.0,12.5,8.6,10.82,1.22,0,74
0.873,24.135,0.397,83.78,1.202,2025-06-17 19:09:52,74.0,12.5,8.6,10.82,1.22,0,74
0.91,24.265,0.352,83.87,1.318,2025-06-17 19:09:52,74.0,12.5,8.6,10.82,1.22,0,74
0.907,24.326,0.608,83.9,1.276,2025-06-17 19:09:52,74.0,12.5,8.6,10.82,1.22,0,74
0.882,24.163,0.387,83.88,1.404,2025-06-17 19:09:52,74.0,12.5,8.6,10.82,1.22,0,74
0.871,24.301,0.374,83.92,1.206,2025-06-17 19:09:52,74.0,12.5,8.6,10.82,1.22,0,74
0.858,24.115,0.407,84.11,1.284,2025-06-17 19:09:52,74.0,12.5,8.6,10.82,1.22,0,74
0.893,24.184,0.261,84.05,1.188,2025-06-17 19:09:52,74.0,12.5,8.6,10.82,1.22,0,74
0.9,24.324,0.394,83.67,1.31,2025-06-17 19:09:52,74.0,12.5,8.6,10.82,1.22,0,74
0.89,24.283,0.404,84.01,1.25,2025-06-17 19:09:52,74.0,12.5,8.6,10.82,1.22,0,74
0.885,24.374,0.309,83.99,1.261,2025-06-17 19:09:52,74.0,12.5,8.6,10.82,1.22,0,74
0.878,24.275,0.585,83.77,1.236,2025-06-17 19:09:52,74.0,12.5,8.6,10.82,1.22,0,74
0.909,24.278,0.188,84.08,1.32,2025-06-17 19:09:52,74.0,12.5,8.6,10.82,1.22,0,74
0.92,24.372,0.392,84.16,1.345,2025-06-17 19:09:52,74.0,12.5,8.6,10.82,1.22,0,74
0.879,24.3,0.271,83.91,1.259,2025-06-17 19:09:52,74.0,12.5,8.6,10.82,1.22,0,74
0.857,24.323,0.377,84.34,1.257,2025-06-17 21:09:59,75.0,14.6,9.8,11.73,1.29,0,75
0.857,24.263,0.407,84.0,1.184,2025-06-17 21:09:59,75.0,14.6,9.8,11.73,1.29,0,75
0.861,24.276,0.379,83.84,1.25,2025-06-17 21:09:59,75.0,14.6,9.8,11.73,1.29,0,75
0.872,24.35,0.454,83.98,1.18,2025-06-17 21:09:59,75.0,14.6,9.8,11.73,1.29,0,75
0.867,24.276,0.374,83.92,1.169,2025-06-17 21:09:59,75.0,14.6,9.8,11.73,1.29,0,75
0.889,24.27,0.367,83.83,1.256,2025-06-17 21:09:59,75.0,14.6,9.8,11.73,1.29,0,75
0.852,24.258,0.442,83.88,1.158,2025-06-17 21:09:59,75.0,14.6,9.8,11.73,1.29,0,75
0.872,24.244,0.417,84.07,1.269,2025-06-17 21:09:59,75.0,14.6,9.8,11.73,1.29,0,75
0.909,24.288,0.585,84.26,1.244,2025-06-17 21:09:59,75.0,14.6,9.8,11.73,1.29,0,75
0.892,24.305,0.48,84.01,1.246,2025-06-17 21:09:59,75.0,14.6,9.8,11.73,1.29,0,75
0.909,24.28,0.515,84.19,1.263,2025-06-17 21:09:59,75.0,14.6,9.8,11.73,1.29,0,75
0.903,24.314,0.336,83.92,1.303,2025-06-17 21:09:59,75.0,14.6,9.8,11.73,1.29,0,75
0.877,24.353,0.329,84.08,1.313,2025-06-17 21:09:59,75.0,14.6,9.8,11.73,1.29,0,75
0.872,24.257,0.798,83.93,1.233,2025-06-17 21:09:59,75.0,14.6,9.8,11.73,1.29,0,75
0.874,24.241,0.623,84.11,1.229,2025-06-17 21:09:59,75.0,14.6,9.8,11.73,1.29,0,75
0.911,24.259,0.444,83.96,1.284,2025-06-17 21:09:59,75.0,14.6,9.8,11.73,1.29,0,75
0.866,24.236,0.51,84.39,1.296,2025-06-17 21:09:59,75.0,14.6,9.8,11.73,1.29,0,75
0.877,24.279,0.286,84.02,1.239,2025-06-17 21:09:59,75.0,14.6,9.8,11.73,1.29,0,75
0.891,24.269,0.665,84.25,1.227,2025-06-17 21:09:59,75.0,14.6,9.8,11.73,1.29,0,75
0.892,24.323,0.459,84.17,1.246,2025-06-17 21:09:59,75.0,14.6,9.8,11.73,1.29,0,75
0.892,24.395,0.482,84.31,1.314,2025-06-17 21:15:01,76.0,13.8,10.2,11.73,0.92,0,76
0.897,24.367,0.497,83.86,1.312,2025-06-17 21:15:01,76.0,13.8,10.2,11.73,0.92,0,76
0.893,24.337,0.429,84.21,1.314,2025-06-17 21:15:01,76.0,13.8,10.2,11.73,0.92,0,76
0.88,24.27,0.269,84.06,1.229,2025-06-17 21:15:01,76.0,13.8,10.2,11.73,0.92,0,76
0.869,24.322,0.452,84.19,1.206,2025-06-17 21:15:01,76.0,13.8,10.2,11.73,0.92,0,76
0.878,24.317,0.48,84.55,1.285,2025-06-17 21:15:01,76.0,13.8,10.2,11.73,0.92,0,76
0.885,24.35,0.329,84.36,1.237,2025-06-17 21:15:01,76.0,13.8,10.2,11.73,0.92,0,76
0.864,24.34,0.695,83.96,1.184,2025-06-17 21:15:01,76.0,13.8,10.2,11.73,0.92,0,76
0.894,24.42,0.344,84.11,1.205,2025-06-17 21:15:01,76.0,13.8,10.2,11.73,0.92,0,76
0.864,24.225,0.417,83.77,1.225,2025-06-17 21:15:01,76.0,13.8,10.2,11.73,0.92,0,76
0.849,24.298,0.349,84.24,1.226,2025-06-17 21:15:01,76.0,13.8,10.2,11.73,0.92,0,76
0.897,24.352,0.623,84.29,1.28,2025-06-17 21:15:01,76.0,13.8,10.2,11.73,0.92,0,76
0.91,24.37,0.532,83.99,1.225,2025-06-17 21:15:01,76.0,13.8,10.2,11.73,0.92,0,76
0.87,24.289,0.68,84.2,1.234,2025-06-17 21:15:01,76.0,13.8,10.2,11.73,0.92,0,76
0.864,24.345,0.294,84.09,1.233,2025-06-17 21:15:01,76.0,13.8,10.2,11.73,0.92,0,76
0.878,24.3,0.372,83.9,1.261,2025-06-17 21:15:01,76.0,13.8,10.2,11.73,0.92,0,76
0.859,24.259,0.422,84.28,1.192,2025-06-17 21:15:01,76.0,13.8,10.2,11.73,0.92,0,76
0.88,24.44,0.412,84.06,1.248,2025-06-17 21:15:01,76.0,13.8,10.2,11.73,0.92,0,76
0.886,24.35,0.404,84.31,1.278,2025-06-17 21:15:01,76.0,13.8,10.2,11.73,0.92,0,76
0.849,24.218,0.266,83.92,1.224,2025-06-17 21:15:01,76.0,13.8,10.2,11.73,0.92,0,76
0.89,24.251,0.284,83.96,1.259,2025-06-17 21:20:02,77.0,13.8,10.0,11.67,1.11,0,77
0.876,24.342,0.281,84.09,1.193,2025-06-17 21:20:02,77.0,13.8,10.0,11.67,1.11,0,77
0.891,24.394,0.427,84.27,1.212,2025-06-17 21:20:02,77.0,13.8,10.0,11.67,1.11,0,77
0.9,24.382,0.344,84.01,1.27,2025-06-17 21:20:02,77.0,13.8,10.0,11.67,1.11,0,77
0.896,24.337,0.377,83.98,1.26,2025-06-17 21:20:02,77.0,13.8,10.0,11.67,1.11,0,77
0.884,24.39,0.299,83.68,1.241,2025-06-17 21:20:02,77.0,13.8,10.0,11.67,1.11,0,77
0.864,24.248,0.294,84.06,1.191,2025-06-17 21:20:02,77.0,13.8,10.0,11.67,1.11,0,77
0.91,24.327,0.356,83.93,1.295,2025-06-17 21:20:02,77.0,13.8,10.0,11.67,1.11,0,77
0.886,24.266,0.434,83.82,1.269,2025-06-17 21:20:02,77.0,13.8,10.0,11.67,1.11,0,77
0.861,24.329,0.542,83.64,1.257,2025-06-17 21:20:02,77.0,13.8,10.0,11.67,1.11,0,77
0.917,24.36,0.271,83.78,1.24,2025-06-17 21:20:02,77.0,13.8,10.0,11.67,1.11,0,77
0.872,24.36,0.301,83.88,1.216,2025-06-17 21:20:02,77.0,13.8,10.0,11.67,1.11,0,77
0.889,24.328,0.706,83.88,1.272,2025-06-17 21:20:02,77.0,13.8,10.0,11.67,1.11,0,77
0.875,24.345,0.399,83.93,1.235,2025-06-17 21:20:02,77.0,13.8,10.0,11.67,1.11,0,77
0.901,24.344,0.331,83.71,1.304,2025-06-17 21:20:02,77.0,13.8,10.0,11.67,1.11,0,77
0.883,24.311,0.57,83.94,1.239,2025-06-17 21:20:02,77.0,13.8,10.0,11.67,1.11,0,77
0.874,24.352,0.352,84.01,1.251,2025-06-17 21:20:02,77.0,13.8,10.0,11.67,1.11,0,77
0.88,24.343,0.638,83.92,1.262,2025-06-17 21:20:02,77.0,13.8,10.0,11.67,1.11,0,77
0.869,24.363,0.535,83.84,1.18,2025-06-17 21:20:02,77.0,13.8,10.0,11.67,1.11,0,77
0.833,24.21,0.289,83.79,1.144,2025-06-17 21:20:02,77.0,13.8,10.0,11.67,1.11,0,77
0.877,24.109,0.48,84.257,1.323,2025-10-20 13:24:37,79.0,16.0,6.9,9.77,2.29,0,79
0.852,24.179,0.411,84.174,1.331,2025-10-20 13:24:37,79.0,16.0,6.9,9.77,2.29,0,79
0.91,24.136,0.365,84.333,1.371,2025-10-20 13:24:37,79.0,16.0,6.9,9.77,2.29,0,79
0.879,24.156,0.375,84.033,1.407,2025-10-20 13:24:37,79.0,16.0,6.9,9.77,2.29,0,79
0.885,24.154,0.347,84.204,1.327,2025-10-20 13:24:37,79.0,16.0,6.9,9.77,2.29,0,79
0.865,24.247,0.511,84.13,1.342,2025-10-20 13:24:37,79.0,16.0,6.9,9.77,2.29,0,79
0.873,24.163,0.414,84.212,1.302,2025-10-20 13:24:37,79.0,16.0,6.9,9.77,2.29,0,79
0.887,24.209,0.317,84.293,1.401,2025-10-20 13:24:37,79.0,16.0,6.9,9.77,2.29,0,79
0.881,24.208,0.529,84.059,1.236,2025-10-20 13:24:37,79.0,16.0,6.9,9.77,2.29,0,79
0.883,24.079,0.466,84.084,1.242,2025-10-20 13:24:37,79.0,16.0,6.9,9.77,2.29,0,79
0.879,24.17,0.587,84.211,1.324,2025-10-20 13:24:37,79.0,16.0,6.9,9.77,2.29,0,79
0.88,24.201,0.502,83.879,1.282,2025-10-20 13:24:37,79.0,16.0,6.9,9.77,2.29,0,79
0.853,24.132,0.414,84.213,1.324,2025-10-20 13:24:37,79.0,16.0,6.9,9.77,2.29,0,79
0.863,24.213,0.51,84.065,1.322,2025-10-20 13:24:37,79.0,16.0,6.9,9.77,2.29,0,79
0.839,24.214,0.348,84.213,1.287,2025-10-20 13:24:37,79.0,16.0,6.9,9.77,2.29,0,79
0.852,24.034,0.521,84.305,1.253,2025-10-20 13:24:37,79.0,16.0,6.9,9.77,2.29,0,79
0.902,24.252,0.599,84.036,1.388,2025-10-20 13:24:37,79.0,16.0,6.9,9.77,2.29,0,79
0.904,24.342,0.757,83.886,1.332,2025-10-20 13:54:43,80.0,16.3,10.3,12.59,1.65,0,80
0.88,24.22,0.597,83.924,1.193,2025-10-20 13:54:43,80.0,16.3,10.3,12.59,1.65,0,80
0.914,24.285,0.656,83.876,1.29,2025-10-20 13:54:43,80.0,16.3,10.3,12.59,1.65,0,80
0.867,24.339,0.535,83.881,1.25,2025-10-20 13:54:43,80.0,16.3,10.3,12.59,1.65,0,80
0.862,24.132,0.781,83.995,1.196,2025-10-20 13:54:43,80.0,16.3,10.3,12.59,1.65,0,80
0.902,24.293,0.588,84.163,1.271,2025-10-20 13:54:43,80.0,16.3,10.3,12.59,1.65,0,80
0.842,24.334,0.556,83.99,1.228,2025-10-20 13:54:43,80.0,16.3,10.3,12.59,1.65,0,80
0.87,24.227,0.563,84.121,1.296,2025-10-20 13:54:43,80.0,16.3,10.3,12.59,1.65,0,80
0.867,24.387,0.627,84.015,1.309,2025-10-20 13:54:43,80.0,16.3,10.3,12.59,1.65,0,80
0.912,24.241,0.621,84.104,1.404,2025-10-20 13:54:43,80.0,16.3,10.3,12.59,1.65,0,80
0.862,24.284,0.819,83.934,1.2,2025-10-20 13:54:43,80.0,16.3,10.3,12.59,1.65,0,80
0.881,24.125,0.677,83.802,1.228,2025-10-20 13:54:43,80.0,16.3,10.3,12.59,1.65,0,80
0.884,24.176,0.456,83.967,1.249,2025-10-20 13:54:43,80.0,16.3,10.3,12.59,1.65,0,80
0.884,24.153,0.438,83.793,1.185,2025-10-20 13:54:43,80.0,16.3,10.3,12.59,1.65,0,80
0.883,24.275,0.846,83.94,1.295,2025-10-20 13:54:43,80.0,16.3,10.3,12.59,1.65,0,80
0.85,24.21,0.593,83.751,1.211,2025-10-20 13:54:43,80.0,16.3,10.3,12.59,1.65,0,80
0.872,24.226,0.569,84.159,1.252,2025-10-20 13:54:43,80.0,16.3,10.3,12.59,1.65,0,80
0.869,24.344,0.82,84.013,1.232,2025-10-20 13:54:43,80.0,16.3,10.3,12.59,1.65,0,80
0.853,24.328,0.597,83.903,1.227,2025-10-20 13:54:43,80.0,16.3,10.3,12.59,1.65,0,80
0.861,24.24,0.524,84.069,1.334,2025-10-20 19:04:47,81.0,13.4,8.4,10.78,1.59,0,81
0.887,24.114,0.376,84.016,1.229,2025-10-20 19:04:47,81.0,13.4,8.4,10.78,1.59,0,81
0.88,24.163,0.562,84.259,1.342,2025-10-20 19:04:47,81.0,13.4,8.4,10.78,1.59,0,81
0.914,24.25,0.385,84.191,1.387,2025-10-20 19:04:47,81.0,13.4,8.4,10.78,1.59,0,81
0.866,24.155,0.346,83.861,1.342,2025-10-20 19:04:47,81.0,13.4,8.4,10.78,1.59,0,81
0.884,24.211,0.368,84.007,1.384,2025-10-20 19:04:47,81.0,13.4,8.4,10.78,1.59,0,81
0.867,24.114,0.385,84.131,1.306,2025-10-20 19:04:47,81.0,13.4,8.4,10.78,1.59,0,81
0.876,24.301,0.439,84.135,1.346,2025-10-20 19:04:47,81.0,13.4,8.4,10.78,1.59,0,81
0.887,24.158,0.494,83.906,1.365,2025-10-20 19:04:47,81.0,13.4,8.4,10.78,1.59,0,81
0.882,24.255,0.377,84.12,1.289,2025-10-20 19:04:47,81.0,13.4,8.4,10.78,1.59,0,81
0.852,24.229,0.415,83.947,1.233,2025-10-20 19:04:47,81.0,13.4,8.4,10.78,1.59,0,81
0.875,24.121,0.359,84.199,1.304,2025-10-20 19:04:47,81.0,13.4,8.4,10.78,1.59,0,81
0.879,24.292,0.464,84.016,1.249,2025-10-20 19:04:47,81.0,13.4,8.4,10.78,1.59,0,81
0.841,24.178,0.465,84.042,1.266,2025-10-20 19:04:47,81.0,13.4,8.4,10.78,1.59,0,81
0.87,24.08,0.407,84.27,1.319,2025-10-20 19:04:47,81.0,13.4,8.4,10.78,1.59,0,81
0.86,24.274,0.437,84.099,1.195,2025-10-20 19:04:47,81.0,13.4,8.4,10.78,1.59,0,81
0.874,24.154,0.477,84.24,1.401,2025-10-20 19:04:47,81.0,13.4,8.4,10.78,1.59,0,81
0.87,24.179,0.547,84.123,1.301,2025-10-20 19:04:47,81.0,13.4,8.4,10.78,1.59,0,81
0.854,24.11,0.369,83.976,1.298,2025-10-20 19:04:47,81.0,13.4,8.4,10.78,1.59,0,81
0.899,24.272,0.663,84.25,1.389,2025-10-20 19:06:47,82.0,13.3,9.7,11.44,1.08,0,82
0.865,24.201,0.568,83.99,1.24,2025-10-20 19:06:47,82.0,13.3,9.7,11.44,1.08,0,82
0.88,24.232,0.477,84.04,1.35,2025-10-20 19:06:47,82.0,13.3,9.7,11.44,1.08,0,82
0.874,24.129,0.432,84.24,1.291,2025-10-20 19:06:47,82.0,13.3,9.7,11.44,1.08,0,82
0.859,24.245,0.475,83.98,1.253,2025-10-20 19:06:47,82.0,13.3,9.7,11.44,1.08,0,82
0.856,24.191,0.422,84.13,1.309,2025-10-20 19:06:47,82.0,13.3,9.7,11.44,1.08,0,82
0.864,24.219,0.475,84.0,1.335,2025-10-20 19:06:47,82.0,13.3,9.7,11.44,1.08,0,82
0.882,24.234,0.414,84.14,1.222,2025-10-20 19:06:47,82.0,13.3,9.7,11.44,1.08,0,82
0.865,24.138,0.583,84.36,1.361,2025-10-20 19:06:47,82.0,13.3,9.7,11.44,1.08,0,82
0.848,24.225,0.432,84.05,1.334,2025-10-20 19:06:47,82.0,13.3,9.7,11.44,1.08,0,82
0.85,24.114,0.532,84.16,1.29,2025-10-20 19:06:47,82.0,13.3,9.7,11.44,1.08,0,82
0.824,24.241,0.402,84.27,1.284,2025-10-20 19:06:47,82.0,13.3,9.7,11.44,1.08,0,82
0.852,24.104,0.462,84.09,1.275,2025-10-20 19:06:47,82.0,13.3,9.7,11.44,1.08,0,82
0.872,24.195,0.59,83.98,1.355,2025-10-20 19:06:47,82.0,13.3,9.7,11.44,1.08,0,82
0.869,24.258,0.658,84.16,1.301,2025-10-20 19:06:47,82.0,13.3,9.7,11.44,1.08,0,82
0.851,24.126,0.437,83.99,1.384,2025-10-20 19:06:47,82.0,13.3,9.7,11.44,1.08,0,82
0.871,24.221,0.485,83.92,1.341,2025-10-20 19:06:47,82.0,13.3,9.7,11.44,1.08,0,82
0.889,24.223,0.728,84.18,1.355,2025-10-20 19:06:47,82.0,13.3,9.7,11.44,1.08,0,82
0.885,24.21,0.593,84.31,1.348,2025-10-20 19:06:47,82.0,13.3,9.7,11.44,1.08,0,82
0.837,24.155,0.349,83.86,1.305,2025-10-20 19:06:47,82.0,13.3,9.7,11.44,1.08,0,82
0.875,24.287,0.427,84.12,1.345,2025-10-20 19:11:49,83.0,16.7,11.2,13.21,1.14,0,83
0.874,24.205,0.613,84.01,1.273,2025-10-20 19:11:49,83.0,16.7,11.2,13.21,1.14,0,83
0.883,24.248,0.507,84.06,1.31,2025-10-20 19:11:49,83.0,16.7,11.2,13.21,1.14,0,83
0.844,24.162,0.605,83.77,1.184,2025-10-20 19:11:49,83.0,16.7,11.2,13.21,1.14,0,83
0.863,24.2,0.54,84.35,1.266,2025-10-20 19:11:49,83.0,16.7,11.2,13.21,1.14,0,83
0.855,24.22,0.434,84.22,1.369,2025-10-20 19:11:49,83.0,16.7,11.2,13.21,1.14,0,83
0.904,24.272,0.407,84.38,1.361,2025-10-20 19:11:49,83.0,16.7,11.2,13.21,1.14,0,83
0.852,24.287,0.595,84.15,1.242,2025-10-20 19:11:49,83.0,16.7,11.2,13.21,1.14,0,83
0.856,24.189,0.319,83.9,1.286,2025-10-20 19:11:49,83.0,16.7,11.2,13.21,1.14,0,83
0.88,24.252,0.359,83.9,1.287,2025-10-20 19:11:49,83.0,16.7,11.2,13.21,1.14,0,83
0.867,24.214,0.583,83.99,1.266,2025-10-20 19:11:49,83.0,16.7,11.2,13.21,1.14,0,83
0.849,24.18,0.216,84.42,1.224,2025-10-20 19:11:49,83.0,16.7,11.2,13.21,1.14,0,83
0.84,24.228,0.329,84.25,1.197,2025-10-20 19:11:49,83.0,16.7,11.2,13.21,1.14,0,83
0.873,24.214,0.404,84.35,1.255,2025-10-20 19:11:49,83.0,16.7,11.2,13.21,1.14,0,83
0.88,24.242,0.623,83.94,1.36,2025-10-20 19:11:49,83.0,16.7,11.2,13.21,1.14,0,83
0.902,24.225,0.382,84.05,1.433,2025-10-20 19:11:49,83.0,16.7,11.2,13.21,1.14,0,83
0.88,24.201,0.387,84.22,1.371,2025-10-20 19:11:49,83.0,16.7,11.2,13.21,1.14,0,83
0.847,24.28,0.357,84.06,1.249,2025-10-20 19:11:49,83.0,16.7,11.2,13.21,1.14,0,83
0.894,24.193,0.546,84.293,1.447,2025-10-20 21:14:53,84.0,16.4,11.0,13.45,1.57,0,84
0.859,24.16,0.357,84.21,1.316,2025-10-20 21:14:53,84.0,16.4,11.0,13.45,1.57,0,84
0.856,24.277,0.208,83.788,1.294,2025-10-20 21:14:53,84.0,16.4,11.0,13.45,1.57,0,84
0.886,24.286,0.746,84.264,1.371,2025-10-20 21:14:53,84.0,16.4,11.0,13.45,1.57,0,84
0.872,24.16,0.566,84.148,1.236,2025-10-20 21:14:53,84.0,16.4,11.0,13.45,1.57,0,84
0.88,24.12,0.418,83.896,1.35,2025-10-20 21:14:53,84.0,16.4,11.0,13.45,1.57,0,84
0.868,24.166,0.617,84.227,1.384,2025-10-20 21:14:53,84.0,16.4,11.0,13.45,1.57,0,84
0.878,24.157,0.526,84.534,1.333,2025-10-20 21:14:53,84.0,16.4,11.0,13.45,1.57,0,84
0.855,24.251,0.445,84.064,1.301,2025-10-20 21:14:53,84.0,16.4,11.0,13.45,1.57,0,84
0.861,24.175,0.503,84.154,1.349,2025-10-20 21:14:53,84.0,16.4,11.0,13.45,1.57,0,84
0.892,24.148,0.628,84.205,1.313,2025-10-20 21:14:53,84.0,16.4,11.0,13.45,1.57,0,84
0.881,24.121,0.479,84.139,1.245,2025-10-20 21:14:53,84.0,16.4,11.0,13.45,1.57,0,84
0.851,24.207,0.341,84.3,1.204,2025-10-20 21:14:53,84.0,16.4,11.0,13.45,1.57,0,84
0.879,24.177,0.556,84.034,1.274,2025-10-20 21:14:53,84.0,16.4,11.0,13.45,1.57,0,84
0.875,24.241,0.394,84.336,1.329,2025-10-20 21:14:53,84.0,16.4,11.0,13.45,1.57,0,84
0.869,24.214,0.561,83.984,1.306,2025-10-20 21:14:53,84.0,16.4,11.0,13.45,1.57,0,84
0.877,24.211,0.398,84.588,1.315,2025-10-20 21:14:53,84.0,16.4,11.0,13.45,1.57,0,84
0.87,24.168,0.394,84.156,1.316,2025-10-20 21:14:53,84.0,16.4,11.0,13.45,1.57,0,84
0.843,24.249,0.382,84.263,1.193,2025-10-20 21:19:54,85.0,15.2,10.1,12.61,1.49,0,85
0.854,24.346,0.558,84.224,1.317,2025-10-20 21:19:54,85.0,15.2,10.1,12.61,1.49,0,85
0.875,24.374,0.714,84.399,1.256,2025-10-20 21:19:54,85.0,15.2,10.1,12.61,1.49,0,85
0.843,24.237,0.352,83.762,1.194,2025-10-20 21:19:54,85.0,15.2,10.1,12.61,1.49,0,85
0.843,24.09,0.363,84.179,1.307,2025-10-20 21:19:54,85.0,15.2,10.1,12.61,1.49,0,85
0.85,24.227,0.47,83.944,1.365,2025-10-20 21:19:54,85.0,15.2,10.1,12.61,1.49,0,85
0.869,24.107,0.351,84.443,1.307,2025-10-20 21:19:54,85.0,15.2,10.1,12.61,1.49,0,85
0.837,24.069,0.612,84.297,1.268,2025-10-20 21:19:54,85.0,15.2,10.1,12.61,1.49,0,85
0.838,24.319,0.469,83.974,1.246,2025-10-20 21:19:54,85.0,15.2,10.1,12.61,1.49,0,85
0.846,24.347,0.411,83.713,1.249,2025-10-20 21:19:54,85.0,15.2,10.1,12.61,1.49,0,85
0.842,24.241,0.457,84.118,1.273,2025-10-20 21:19:54,85.0,15.2,10.1,12.61,1.49,0,85
0.853,24.301,0.437,84.398,1.298,2025-10-20 21:19:54,85.0,15.2,10.1,12.61,1.49,0,85
0.872,24.242,0.363,84.391,1.316,2025-10-20 21:19:54,85.0,15.2,10.1,12.61,1.49,0,85
0.847,24.116,0.407,84.108,1.303,2025-10-20 21:19:54,85.0,15.2,10.1,12.61,1.49,0,85
0.856,24.297,0.304,84.214,1.305,2025-10-20 21:19:54,85.0,15.2,10.1,12.61,1.49,0,85
0.826,24.283,0.273,83.947,1.216,2025-10-20 21:19:54,85.0,15.2,10.1,12.61,1.49,0,85
0.866,24.25,0.401,84.007,1.249,2025-10-20 21:19:54,85.0,15.2,10.1,12.61,1.49,0,85
0.862,24.205,0.535,84.314,1.346,2025-10-20 21:19:54,85.0,15.2,10.1,12.61,1.49,0,85
0.847,24.197,0.705,84.174,1.237,2025-10-20 21:19:54,85.0,15.2,10.1,12.61,1.49,0,85
0.879,24.191,0.392,84.216,1.415,2025-10-20 21:29:55,86.0,14.2,9.1,11.5,1.2,0,86
0.885,24.248,0.47,83.94,1.36,2025-10-20 21:29:55,86.0,14.2,9.1,11.5,1.2,0,86
0.884,24.323,0.432,84.34,1.362,2025-10-20 21:29:55,86.0,14.2,9.1,11.5,1.2,0,86
0.878,24.222,0.54,84.175,1.335,2025-10-20 21:29:55,86.0,14.2,9.1,11.5,1.2,0,86
0.872,24.182,0.378,84.178,1.366,2025-10-20 21:29:55,86.0,14.2,9.1,11.5,1.2,0,86
0.83,24.245,0.584,83.931,1.281,2025-10-20 21:29:55,86.0,14.2,9.1,11.5,1.2,0,86
0.859,24.26,0.519,83.97,1.299,2025-10-20 21:29:55,86.0,14.2,9.1,11.5,1.2,0,86
0.898,24.26,0.392,84.144,1.384,2025-10-20 21:29:55,86.0,14.2,9.1,11.5,1.2,0,86
0.878,24.302,0.404,84.152,1.383,2025-10-20 21:29:55,86.0,14.2,9.1,11.5,1.2,0,86
0.886,24.249,0.363,84.252,1.367,2025-10-20 21:29:55,86.0,14.2,9.1,11.5,1.2,0,86
0.869,24.27,0.592,83.927,1.298,2025-10-20 21:29:55,86.0,14.2,9.1,11.5,1.2,0,86
0.908,24.255,0.596,84.129,1.408,2025-10-20 21:29:55,86.0,14.2,9.1,11.5,1.2,0,86
0.871,24.227,0.52,84.015,1.347,2025-10-20 21:29:55,86.0,14.2,9.1,11.5,1.2,0,86
0.883,24.235,0.397,84.26,1.406,2025-10-20 21:29:55,86.0,14.2,9.1,11.5,1.2,0,86
0.903,24.265,0.76,84.24,1.37,2025-10-20 21:29:55,86.0,14.2,9.1,11.5,1.2,0,86
0.876,24.321,0.616,83.981,1.328,2025-10-20 21:29:55,86.0,14.2,9.1,11.5,1.2,0,86
0.868,24.149,0.633,84.263,1.225,2025-10-21 10:29:39,87.0,17.0,10.6,13.12,1.67,0,87
0.88,24.101,0.425,83.829,1.278,2025-10-21 10:29:39,87.0,17.0,10.6,13.12,1.67,0,87
0.874,24.167,0.392,84.21,1.217,2025-10-21 10:29:39,87.0,17.0,10.6,13.12,1.67,0,87
0.872,24.27,0.497,84.294,1.242,2025-10-21 10:29:39,87.0,17.0,10.6,13.12,1.67,0,87
0.866,24.121,0.647,84.24,1.248,2025-10-21 10:29:39,87.0,17.0,10.6,13.12,1.67,0,87
0.906,24.351,0.424,84.166,1.255,2025-10-21 10:29:39,87.0,17.0,10.6,13.12,1.67,0,87
0.912,24.168,0.615,84.204,1.295,2025-10-21 10:29:39,87.0,17.0,10.6,13.12,1.67,0,87
0.877,24.281,0.343,84.171,1.171,2025-10-21 10:29:39,87.0,17.0,10.6,13.12,1.67,0,87
0.878,24.37,0.456,84.032,1.249,2025-10-21 10:29:39,87.0,17.0,10.6,13.12,1.67,0,87
0.869,24.196,0.487,84.189,1.309,2025-10-21 10:29:39,87.0,17.0,10.6,13.12,1.67,0,87
0.859,24.128,0.462,83.958,1.187,2025-10-21 10:29:39,87.0,17.0,10.6,13.12,1.67,0,87
0.877,24.357,0.409,84.138,1.174,2025-10-21 10:29:39,87.0,17.0,10.6,13.12,1.67,0,87
0.871,24.316,0.501,84.184,1.182,2025-10-21 10:29:39,87.0,17.0,10.6,13.12,1.67,0,87
0.87,24.222,0.519,84.059,1.187,2025-10-21 10:29:39,87.0,17.0,10.6,13.12,1.67,0,87
0.897,24.17,0.304,84.355,1.3,2025-10-21 10:29:39,87.0,17.0,10.6,13.12,1.67,0,87
0.852,24.225,0.338,84.129,1.152,2025-10-21 10:29:39,87.0,17.0,10.6,13.12,1.67,0,87
0.899,24.216,0.337,84.012,1.222,2025-10-21 10:29:39,87.0,17.0,10.6,13.12,1.67,0,87
0.87,24.28,0.466,84.202,1.26,2025-10-21 10:29:39,87.0,17.0,10.6,13.12,1.67,0,87
0.855,24.254,0.537,84.21,1.207,2025-10-21 10:30:41,88.0,12.7,7.7,10.19,1.49,0,88
0.855,24.141,0.65,84.12,1.199,2025-10-21 10:30:41,88.0,12.7,7.7,10.19,1.49,0,88
0.863,24.246,0.432,84.21,1.242,2025-10-21 10:30:41,88.0,12.7,7.7,10.19,1.49,0,88
0.87,24.254,0.515,84.22,1.14,2025-10-21 10:30:41,88.0,12.7,7.7,10.19,1.49,0,88
0.871,24.131,0.598,83.88,1.217,2025-10-21 10:30:41,88.0,12.7,7.7,10.19,1.49,0,88
0.89,24.177,0.369,84.14,1.32,2025-10-21 10:30:41,88.0,12.7,7.7,10.19,1.49,0,88
0.874,24.142,0.51,84.2,1.221,2025-10-21 10:30:41,88.0,12.7,7.7,10.19,1.49,0,88
0.888,24.18,0.412,84.03,1.279,2025-10-21 10:30:41,88.0,12.7,7.7,10.19,1.49,0,88
0.873,24.297,0.372,84.19,1.232,2025-10-21 10:30:41,88.0,12.7,7.7,10.19,1.49,0,88
0.84,24.155,0.284,84.31,1.249,2025-10-21 10:30:41,88.0,12.7,7.7,10.19,1.49,0,88
0.88,24.147,0.53,84.34,1.207,2025-10-21 10:30:41,88.0,12.7,7.7,10.19,1.49,0,88
0.908,24.22,0.359,84.06,1.261,2025-10-21 10:30:41,88.0,12.7,7.7,10.19,1.49,0,88
0.892,24.328,0.578,84.11,1.286,2025-10-21 10:30:41,88.0,12.7,7.7,10.19,1.49,0,88
0.88,24.192,0.522,84.34,1.157,2025-10-21 10:30:41,88.0,12.7,7.7,10.19,1.49,0,88
0.876,24.153,0.347,84.19,1.221,2025-10-21 10:30:41,88.0,12.7,7.7,10.19,1.49,0,88
0.875,24.131,0.434,84.25,1.294,2025-10-21 10:30:41,88.0,12.7,7.7,10.19,1.49,0,88
0.868,24.213,0.557,83.95,1.263,2025-10-21 10:35:43,89.0,14.1,9.6,12.41,1.14,0,89
0.855,24.152,0.49,84.05,1.247,2025-10-21 10:35:43,89.0,14.1,9.6,12.41,1.14,0,89
0.894,24.27,0.419,83.91,1.323,2025-10-21 10:35:43,89.0,14.1,9.6,12.41,1.14,0,89
0.879,24.198,0.347,84.38,1.273,2025-10-21 10:35:43,89.0,14.1,9.6,12.41,1.14,0,89
0.881,24.173,0.384,84.2,1.241,2025-10-21 10:35:43,89.0,14.1,9.6,12.41,1.14,0,89
0.848,24.2,0.49,83.88,1.181,2025-10-21 10:35:43,89.0,14.1,9.6,12.41,1.14,0,89
0.883,24.287,0.65,84.44,1.217,2025-10-21 10:35:43,89.0,14.1,9.6,12.41,1.14,0,89
0.854,24.132,0.419,83.77,1.147,2025-10-21 10:35:43,89.0,14.1,9.6,12.41,1.14,0,89
0.89,24.268,0.585,84.42,1.308,2025-10-21 10:35:43,89.0,14.1,9.6,12.41,1.14,0,89
0.854,24.106,0.58,84.0,1.187,2025-10-21 10:35:43,89.0,14.1,9.6,12.41,1.14,0,89
0.852,24.189,0.716,84.22,1.214,2025-10-21 10:35:43,89.0,14.1,9.6,12.41,1.14,0,89
0.894,24.205,0.369,84.01,1.269,2025-10-21 10:35:43,89.0,14.1,9.6,12.41,1.14,0,89
0.862,24.226,0.389,84.35,1.205,2025-10-21 10:35:43,89.0,14.1,9.6,12.41,1.14,0,89
0.885,24.187,0.362,84.37,1.217,2025-10-21 10:35:43,89.0,14.1,9.6,12.41,1.14,0,89
0.865,24.185,0.437,83.89,1.237,2025-10-21 10:35:43,89.0,14.1,9.6,12.41,1.14,0,89
0.872,24.214,0.512,83.81,1.243,2025-10-21 10:35:43,89.0,14.1,9.6,12.41,1.14,0,89
0.88,24.186,0.467,83.65,1.228,2025-10-21 10:35:43,89.0,14.1,9.6,12.41,1.14,0,89
0.872,24.141,0.447,83.8,1.234,2025-10-21 10:35:43,89.0,14.1,9.6,12.41,1.14,0,89
0.866,24.233,0.538,84.05,1.272,2025-10-21 10:35:43,89.0,14.1,9.6,12.41,1.14,0,89
0.826,24.228,0.475,84.365,1.181,2025-10-21 12:59:47,90.0,16.1,10.9,12.39,1.29,0,90
0.868,24.361,0.52,83.923,1.236,2025-10-21 12:59:47,90.0,16.1,10.9,12.39,1.29,0,90
0.886,24.332,0.312,84.139,1.169,2025-10-21 12:59:47,90.0,16.1,10.9,12.39,1.29,0,90
0.858,24.194,0.555,83.764,1.181,2025-10-21 12:59:47,90.0,16.1,10.9,12.39,1.29,0,90
0.891,24.201,0.457,84.095,1.233,2025-10-21 12:59:47,90.0,16.1,10.9,12.39,1.29,0,90
0.861,24.243,0.379,83.902,1.255,2025-10-21 12:59:47,90.0,16.1,10.9,12.39,1.29,0,90
0.863,24.244,0.433,83.855,1.157,2025-10-21 12:59:47,90.0,16.1,10.9,12.39,1.29,0,90
0.836,24.185,0.484,83.957,1.14,2025-10-21 12:59:47,90.0,16.1,10.9,12.39,1.29,0,90
0.875,24.19,0.404,84.003,1.246,2025-10-21 12:59:47,90.0,16.1,10.9,12.39,1.29,0,90
0.841,24.15,0.396,84.317,1.22,2025-10-21 12:59:47,90.0,16.1,10.9,12.39,1.29,0,90
0.859,24.184,0.388,84.131,1.139,2025-10-21 12:59:47,90.0,16.1,10.9,12.39,1.29,0,90
0.885,24.283,0.598,84.137,1.273,2025-10-21 12:59:47,90.0,16.1,10.9,12.39,1.29,0,90
0.838,24.119,0.419,83.873,1.17,2025-10-21 12:59:47,90.0,16.1,10.9,12.39,1.29,0,90
0.833,24.169,0.62,84.269,1.173,2025-10-21 12:59:47,90.0,16.1,10.9,12.39,1.29,0,90
0.864,24.241,0.432,84.24,1.211,2025-10-21 12:59:47,90.0,16.1,10.9,12.39,1.29,0,90
0.846,24.211,0.596,84.043,1.173,2025-10-21 12:59:47,90.0,16.1,10.9,12.39,1.29,0,90
0.923,24.211,0.481,84.178,1.301,2025-10-21 13:04:49,91.0,12.0,7.5,9.34,1.11,0,91
0.871,24.172,0.46,84.115,1.296,2025-10-21 13:04:49,91.0,12.0,7.5,9.34,1.11,0,91
0.878,24.146,0.514,84.19,1.263,2025-10-21 13:04:49,91.0,12.0,7.5,9.34,1.11,0,91
0.895,24.147,0.347,84.101,1.273,2025-10-21 13:04:49,91.0,12.0,7.5,9.34,1.11,0,91
0.855,24.197,0.438,84.009,1.279,2025-10-21 13:04:49,91.0,12.0,7.5,9.34,1.11,0,91
0.867,24.254,0.425,84.02,1.337,2025-10-21 13:04:49,91.0,12.0,7.5,9.34,1.11,0,91
0.88,24.11,0.439,84.061,1.266,2025-10-21 13:04:49,91.0,12.0,7.5,9.34,1.11,0,91
0.863,24.116,0.722,84.013,1.275,2025-10-21 13:04:49,91.0,12.0,7.5,9.34,1.11,0,91
0.841,24.095,0.61,83.912,1.208,2025-10-21 13:04:49,91.0,12.0,7.5,9.34,1.11,0,91
0.857,24.186,0.383,84.034,1.348,2025-10-21 13:04:49,91.0,12.0,7.5,9.34,1.11,0,91
0.875,24.227,0.473,84.187,1.348,2025-10-21 13:04:49,91.0,12.0,7.5,9.34,1.11,0,91
0.871,24.223,0.418,84.318,1.229,2025-10-21 13:04:49,91.0,12.0,7.5,9.34,1.11,0,91
0.864,24.164,0.479,84.438,1.227,2025-10-21 13:04:49,91.0,12.0,7.5,9.34,1.11,0,91
0.88,24.258,0.544,84.36,1.268,2025-10-21 13:04:49,91.0,12.0,7.5,9.34,1.11,0,91
0.849,24.13,0.589,84.177,1.288,2025-10-21 13:04:49,91.0,12.0,7.5,9.34,1.11,0,91
0.876,24.201,0.504,84.188,1.272,2025-10-21 13:04:49,91.0,12.0,7.5,9.34,1.11,0,91
0.874,24.317,0.376,84.204,1.231,2025-10-21 13:04:49,91.0,12.0,7.5,9.34,1.11,0,91
0.893,24.208,0.29,84.233,1.369,2025-10-21 13:04:49,91.0,12.0,7.5,9.34,1.11,0,91
0.873,24.235,0.446,83.945,1.338,2025-10-21 13:04:49,91.0,12.0,7.5,9.34,1.11,0,91
0.879,24.079,0.61,83.914,1.256,2025-10-21 13:04:49,91.0,12.0,7.5,9.34,1.11,0,91
0.842,24.241,0.477,83.96,1.216,2025-10-21 19:06:04,92.0,13.5,9.3,11.17,1.1,0,92
0.842,24.197,0.53,84.12,1.31,2025-10-21 19:06:04,92.0,13.5,9.3,11.17,1.1,0,92
0.863,24.231,0.532,84.2,1.28,2025-10-21 19:06:04,92.0,13.5,9.3,11.17,1.1,0,92
0.846,24.277,0.686,84.1,1.347,2025-10-21 19:06:04,92.0,13.5,9.3,11.17,1.1,0,92
0.871,24.272,0.502,84.0,1.308,2025-10-21 19:06:04,92.0,13.5,9.3,11.17,1.1,0,92
0.859,24.252,0.517,83.98,1.201,2025-10-21 19:06:04,92.0,13.5,9.3,11.17,1.1,0,92
0.878,24.259,0.578,84.14,1.354,2025-10-21 19:06:04,92.0,13.5,9.3,11.17,1.1,0,92
0.876,24.272,0.404,84.25,1.266,2025-10-21 19:06:04,92.0,13.5,9.3,11.17,1.1,0,92
0.842,24.19,0.726,84.15,1.203,2025-10-21 19:06:04,92.0,13.5,9.3,11.17,1.1,0,92
0.862,24.222,0.442,84.12,1.334,2025-10-21 19:06:04,92.0,13.5,9.3,11.17,1.1,0,92
0.883,24.257,0.342,84.39,1.376,2025-10-21 19:06:04,92.0,13.5,9.3,11.17,1.1,0,92
0.888,24.25,0.301,83.93,1.348,2025-10-21 19:06:04,92.0,13.5,9.3,11.17,1.1,0,92
0.861,24.201,0.593,84.24,1.34,2025-10-21 19:06:04,92.0,13.5,9.3,11.17,1.1,0,92
0.86,24.315,0.422,83.98,1.331,2025-10-21 19:06:04,92.0,13.5,9.3,11.17,1.1,0,92
0.859,24.312,0.49,84.31,1.327,2025-10-21 19:06:04,92.0,13.5,9.3,11.17,1.1,0,92
0.873,24.271,0.61,84.01,1.229,2025-10-21 19:06:04,92.0,13.5,9.3,11.17,1.1,0,92
0.836,24.201,0.246,84.13,1.206,2025-10-21 19:06:04,92.0,13.5,9.3,11.17,1.1,0,92
0.844,24.199,0.467,84.03,1.289,2025-10-21 19:06:04,92.0,13.5,9.3,11.17,1.1,0,92
0.841,24.203,0.455,84.18,1.288,2025-10-21 19:06:04,92.0,13.5,9.3,11.17,1.1,0,92
0.861,24.148,0.369,83.815,1.257,2025-10-21 19:35:04,93.0,16.8,9.1,13.14,1.97,0,93
0.884,24.127,0.77,84.165,1.244,2025-10-21 19:35:04,93.0,16.8,9.1,13.14,1.97,0,93
0.868,24.229,0.417,84.258,1.286,2025-10-21 19:35:04,93.0,16.8,9.1,13.14,1.97,0,93
0.864,24.257,0.409,83.528,1.312,2025-10-21 19:35:04,93.0,16.8,9.1,13.14,1.97,0,93
0.86,24.172,0.51,84.34,1.278,2025-10-21 19:35:04,93.0,16.8,9.1,13.14,1.97,0,93
0.885,24.304,0.277,84.162,1.369,2025-10-21 19:35:04,93.0,16.8,9.1,13.14,1.97,0,93
0.887,24.285,0.317,84.116,1.393,2025-10-21 19:35:04,93.0,16.8,9.1,13.14,1.97,0,93
0.874,24.177,0.388,83.677,1.347,2025-10-21 19:35:04,93.0,16.8,9.1,13.14,1.97,0,93
0.881,24.277,0.395,84.193,1.275,2025-10-21 19:35:04,93.0,16.8,9.1,13.14,1.97,0,93
0.882,24.268,0.374,83.902,1.317,2025-10-21 19:35:04,93.0,16.8,9.1,13.14,1.97,0,93
0.88,24.259,0.508,84.085,1.317,2025-10-21 19:35:04,93.0,16.8,9.1,13.14,1.97,0,93
0.869,24.182,0.461,83.924,1.392,2025-10-21 19:35:04,93.0,16.8,9.1,13.14,1.97,0,93
0.868,24.216,0.426,84.198,1.349,2025-10-21 19:35:04,93.0,16.8,9.1,13.14,1.97,0,93
0.892,24.238,0.593,84.015,1.413,2025-10-21 19:35:04,93.0,16.8,9.1,13.14,1.97,0,93
0.895,24.194,0.544,84.037,1.429,2025-10-21 19:35:04,93.0,16.8,9.1,13.14,1.97,0,93
0.856,24.186,0.325,83.833,1.319,2025-10-21 19:35:04,93.0,16.8,9.1,13.14,1.97,0,93
0.883,24.24,0.29,84.073,1.278,2025-10-21 19:35:04,93.0,16.8,9.1,13.14,1.97,0,93
0.86,24.16,0.694,83.748,1.248,2025-10-21 19:35:04,93.0,16.8,9.1,13.14,1.97,0,93
0.859,24.204,0.462,84.192,1.271,2025-10-21 21:15:05,94.0,15.7,10.0,11.93,1.57,0,94
0.85,24.2,0.411,84.123,1.33,2025-10-21 21:15:05,94.0,15.7,10.0,11.93,1.57,0,94
0.856,24.262,0.633,83.845,1.276,2025-10-21 21:15:05,94.0,15.7,10.0,11.93,1.57,0,94
0.875,24.294,0.454,84.182,1.237,2025-10-21 21:15:05,94.0,15.7,10.0,11.93,1.57,0,94
0.881,24.187,0.372,84.075,1.269,2025-10-21 21:15:05,94.0,15.7,10.0,11.93,1.57,0,94
0.878,24.221,0.472,83.924,1.198,2025-10-21 21:15:05,94.0,15.7,10.0,11.93,1.57,0,94
0.885,24.179,0.398,83.88,1.249,2025-10-21 21:15:05,94.0,15.7,10.0,11.93,1.57,0,94
0.866,24.369,0.466,83.962,1.251,2025-10-21 21:15:05,94.0,15.7,10.0,11.93,1.57,0,94
0.881,24.145,0.346,84.21,1.325,2025-10-21 21:15:05,94.0,15.7,10.0,11.93,1.57,0,94
0.884,24.196,0.378,84.017,1.386,2025-10-21 21:15:05,94.0,15.7,10.0,11.93,1.57,0,94
0.852,24.206,0.508,84.189,1.22,2025-10-21 21:15:05,94.0,15.7,10.0,11.93,1.57,0,94
0.838,24.221,0.564,83.994,1.304,2025-10-21 21:15:05,94.0,15.7,10.0,11.93,1.57,0,94
0.849,24.255,0.475,84.004,1.166,2025-10-21 21:15:05,94.0,15.7,10.0,11.93,1.57,0,94
0.883,24.241,0.446,84.219,1.289,2025-10-21 21:15:05,94.0,15.7,10.0,11.93,1.57,0,94
0.842,24.218,0.455,84.122,1.285,2025-10-21 21:15:05,94.0,15.7,10.0,11.93,1.57,0,94
0.864,24.197,0.439,84.01,1.297,2025-10-21 21:15:05,94.0,15.7,10.0,11.93,1.57,0,94
0.845,24.129,0.535,83.955,1.287,2025-10-21 21:15:05,94.0,15.7,10.0,11.93,1.57,0,94
0.861,24.251,0.492,83.702,1.274,2025-10-21 21:20:06,95.0,13.9,8.6,11.26,1.47,0,95
0.849,24.17,0.548,83.773,1.275,2025-10-21 21:20:06,95.0,13.9,8.6,11.26,1.47,0,95
0.859,24.224,0.31,83.684,1.288,2025-10-21 21:20:06,95.0,13.9,8.6,11.26,1.47,0,95
0.884,24.401,0.395,84.153,1.332,2025-10-21 21:20:06,95.0,13.9,8.6,11.26,1.47,0,95
0.873,24.276,0.478,83.417,1.281,2025-10-21 21:20:06,95.0,13.9,8.6,11.26,1.47,0,95
0.854,24.165,0.295,83.621,1.201,2025-10-21 21:20:06,95.0,13.9,8.6,11.26,1.47,0,95
0.896,24.227,0.366,84.063,1.355,2025-10-21 21:20:06,95.0,13.9,8.6,11.26,1.47,0,95
0.877,24.273,0.529,83.846,1.339,2025-10-21 21:20:06,95.0,13.9,8.6,11.26,1.47,0,95
0.843,24.259,0.354,84.278,1.296,2025-10-21 21:20:06,95.0,13.9,8.6,11.26,1.47,0,95
0.898,24.164,0.484,84.168,1.319,2025-10-21 21:20:06,95.0,13.9,8.6,11.26,1.47,0,95
0.875,24.295,0.612,83.912,1.316,2025-10-21 21:20:06,95.0,13.9,8.6,11.26,1.47,0,95
0.881,24.145,0.349,84.19,1.266,2025-10-21 21:20:06,95.0,13.9,8.6,11.26,1.47,0,95
0.895,24.184,0.605,84.015,1.223,2025-10-21 21:20:06,95.0,13.9,8.6,11.26,1.47,0,95
0.877,24.16,0.264,84.015,1.219,2025-10-21 21:20:06,95.0,13.9,8.6,11.26,1.47,0,95
0.864,24.186,0.485,84.021,1.252,2025-10-21 21:20:06,95.0,13.9,8.6,11.26,1.47,0,95
0.879,24.257,0.533,83.958,1.217,2025-10-21 21:20:06,95.0,13.9,8.6,11.26,1.47,0,95
0.884,24.272,0.413,83.996,1.376,2025-10-21 21:20:06,95.0,13.9,8.6,11.26,1.47,0,95
0.877,24.327,0.357,84.037,1.333,2025-10-21 21:25:07,96.0,15.5,9.3,11.27,1.54,0,96
0.875,24.186,0.636,84.172,1.276,2025-10-21 21:25:07,96.0,15.5,9.3,11.27,1.54,0,96
0.885,24.296,0.42,84.337,1.245,2025-10-21 21:25:07,96.0,15.5,9.3,11.27,1.54,0,96
0.874,24.282,0.286,84.026,1.294,2025-10-21 21:25:07,96.0,15.5,9.3,11.27,1.54,0,96
0.877,24.079,0.404,84.18,1.353,2025-10-21 21:25:07,96.0,15.5,9.3,11.27,1.54,0,96
0.88,24.305,0.369,84.006,1.378,2025-10-21 21:25:07,96.0,15.5,9.3,11.27,1.54,0,96
0.861,24.259,0.399,84.423,1.225,2025-10-21 21:25:07,96.0,15.5,9.3,11.27,1.54,0,96
0.896,24.252,0.516,84.31,1.31,2025-10-21 21:25:07,96.0,15.5,9.3,11.27,1.54,0,96
0.859,24.076,0.407,84.191,1.234,2025-10-21 21:25:07,96.0,15.5,9.3,11.27,1.54,0,96
0.875,24.093,0.46,84.336,1.34,2025-10-21 21:25:07,96.0,15.5,9.3,11.27,1.54,0,96
0.9,24.272,0.63,84.226,1.261,2025-10-21 21:25:07,96.0,15.5,9.3,11.27,1.54,0,96
0.892,24.336,0.636,83.865,1.316,2025-10-21 21:25:07,96.0,15.5,9.3,11.27,1.54,0,96
0.881,24.17,0.328,84.18,1.298,2025-10-21 21:25:07,96.0,15.5,9.3,11.27,1.54,0,96
0.871,24.285,0.302,84.123,1.264,2025-10-21 21:25:07,96.0,15.5,9.3,11.27,1.54,0,96
0.903,24.216,0.489,84.124,1.317,2025-10-21 21:25:07,96.0,15.5,9.3,11.27,1.54,0,96
0.89,24.367,0.438,84.115,1.298,2025-10-21 21:25:07,96.0,15.5,9.3,11.27,1.54,0,96
0.9,24.276,0.75,84.016,1.366,2025-10-21 21:25:07,96.0,15.5,9.3,11.27,1.54,0,96
0.89,24.192,0.421,83.927,1.248,2025-10-21 21:25:07,96.0,15.5,9.3,11.27,1.54,0,96
0.89,24.314,0.527,84.022,1.305,2025-10-22 10:50:41,97.0,14.2,8.0,11.28,1.38,0,97
0.861,24.356,0.455,84.132,1.264,2025-10-22 10:50:41,97.0,14.2,8.0,11.28,1.38,0,97
0.88,24.297,0.594,83.957,1.342,2025-10-22 10:50:41,97.0,14.2,8.0,11.28,1.38,0,97
0.881,24.252,0.366,83.881,1.236,2025-10-22 10:50:41,97.0,14.2,8.0,11.28,1.38,0,97
0.894,24.16,0.359,83.836,1.277,2025-10-22 10:50:41,97.0,14.2,8.0,11.28,1.38,0,97
0.85,24.212,0.407,84.115,1.258,2025-10-22 10:50:41,97.0,14.2,8.0,11.28,1.38,0,97
0.909,24.246,0.415,84.079,1.318,2025-10-22 10:50:41,97.0,14.2,8.0,11.28,1.38,0,97
0.883,24.237,0.536,84.17,1.363,2025-10-22 10:50:41,97.0,14.2,8.0,11.28,1.38,0,97
0.899,24.199,0.657,84.337,1.289,2025-10-22 10:50:41,97.0,14.2,8.0,11.28,1.38,0,97
0.898,24.208,0.47,83.963,1.296,2025-10-22 10:50:41,97.0,14.2,8.0,11.28,1.38,0,97
0.866,24.283,0.6,83.929,1.342,2025-10-22 10:50:41,97.0,14.2,8.0,11.28,1.38,0,97
0.85,24.239,0.435,84.238,1.215,2025-10-22 10:50:41,97.0,14.2,8.0,11.28,1.38,0,97
0.895,24.211,0.546,84.044,1.322,2025-10-22 10:50:41,97.0,14.2,8.0,11.28,1.38,0,97
0.835,24.248,0.58,83.696,1.253,2025-10-22 10:50:41,97.0,14.2,8.0,11.28,1.38,0,97
0.837,24.27,0.306,83.8,1.184,2025-10-22 10:50:41,97.0,14.2,8.0,11.28,1.38,0,97
0.834,24.145,0.304,84.118,1.208,2025-10-22 10:50:41,97.0,14.2,8.0,11.28,1.38,0,97
0.899,24.208,0.379,83.89,1.244,2025-10-22 10:50:41,97.0,14.2,8.0,11.28,1.38,0,97
0.861,24.303,0.303,84.189,1.339,2025-10-22 10:50:41,97.0,14.2,8.0,11.28,1.38,0,97
0.856,24.243,0.26,84.258,1.315,2025-10-22 10:50:41,97.0,14.2,8.0,11.28,1.38,0,97
0.855,24.252,0.549,84.002,1.277,2025-10-22 10:50:41,97.0,14.2,8.0,11.28,1.38,0,97
0.861,24.23,0.595,84.03,1.247,2025-10-22 10:57:11,98.0,13.3,7.3,10.31,1.85,0,98
0.888,24.182,0.558,84.31,1.359,2025-10-22 10:57:11,98.0,13.3,7.3,10.31,1.85,0,98
0.874,24.252,0.419,84.25,1.251,2025-10-22 10:57:11,98.0,13.3,7.3,10.31,1.85,0,98
0.877,24.18,0.344,84.01,1.358,2025-10-22 10:57:11,98.0,13.3,7.3,10.31,1.85,0,98
0.877,24.327,0.502,84.25,1.293,2025-10-22 10:57:11,98.0,13.3,7.3,10.31,1.85,0,98
0.855,24.336,0.457,84.04,1.336,2025-10-22 10:57:11,98.0,13.3,7.3,10.31,1.85,0,98
0.862,24.177,0.422,84.21,1.333,2025-10-22 10:57:11,98.0,13.3,7.3,10.31,1.85,0,98
0.874,24.334,0.435,84.14,1.39,2025-10-22 10:57:11,98.0,13.3,7.3,10.31,1.85,0,98
0.851,24.178,0.362,84.34,1.339,2025-10-22 10:57:11,98.0,13.3,7.3,10.31,1.85,0,98
0.899,24.196,0.671,84.05,1.316,2025-10-22 10:57:11,98.0,13.3,7.3,10.31,1.85,0,98
0.896,24.431,0.628,84.05,1.351,2025-10-22 10:57:11,98.0,13.3,7.3,10.31,1.85,0,98
0.839,24.355,0.377,84.01,1.219,2025-10-22 10:57:11,98.0,13.3,7.3,10.31,1.85,0,98
0.836,24.199,0.532,84.28,1.2,2025-10-22 10:57:11,98.0,13.3,7.3,10.31,1.85,0,98
0.86,24.163,0.334,83.88,1.268,2025-10-22 10:57:11,98.0,13.3,7.3,10.31,1.85,0,98
0.875,24.16,0.588,84.27,1.287,2025-10-22 10:57:11,98.0,13.3,7.3,10.31,1.85,0,98
0.851,24.167,0.389,84.03,1.245,2025-10-22 10:57:11,98.0,13.3,7.3,10.31,1.85,0,98
0.891,24.253,0.392,84.53,1.345,2025-10-22 10:57:11,98.0,13.3,7.3,10.31,1.85,0,98
0.879,24.35,0.419,84.46,1.351,2025-10-22 10:57:11,98.0,13.3,7.3,10.31,1.85,0,98
0.871,24.419,0.367,84.09,1.242,2025-10-22 10:57:11,98.0,13.3,7.3,10.31,1.85,0,98
0.889,24.33,0.47,84.14,1.275,2025-10-22 10:57:11,98.0,13.3,7.3,10.31,1.85,0,98
0.866,24.298,0.665,84.06,1.256,2025-10-22 11:02:13,99.0,16.5,12.1,13.91,1.31,0,99
0.872,24.192,0.337,84.12,1.296,2025-10-22 11:02:13,99.0,16.5,12.1,13.91,1.31,0,99
0.864,24.263,0.608,83.85,1.31,2025-10-22 11:02:13,99.0,16.5,12.1,13.91,1.31,0,99
0.864,24.209,0.437,84.09,1.32,2025-10-22 11:02:13,99.0,16.5,12.1,13.91,1.31,0,99
0.863,24.299,0.444,83.57,1.239,2025-10-22 11:02:13,99.0,16.5,12.1,13.91,1.31,0,99
0.866,24.279,0.45,83.6,1.305,2025-10-22 11:02:13,99.0,16.5,12.1,13.91,1.31,0,99
0.901,24.322,0.515,84.35,1.318,2025-10-22 11:02:13,99.0,16.5,12.1,13.91,1.31,0,99
0.89,24.197,0.65,84.28,1.35,2025-10-22 11:02:13,99.0,16.5,12.1,13.91,1.31,0,99
0.868,24.233,0.442,83.73,1.376,2025-10-22 11:02:13,99.0,16.5,12.1,13.91,1.31,0,99
0.867,24.172,0.392,83.93,1.31,2025-10-22 11:02:13,99.0,16.5,12.1,13.91,1.31,0,99
0.859,24.17,0.57,84.07,1.283,2025-10-22 11:02:13,99.0,16.5,12.1,13.91,1.31,0,99
0.849,24.278,0.334,83.89,1.252,2025-10-22 11:02:13,99.0,16.5,12.1,13.91,1.31,0,99
0.859,24.245,0.274,83.93,1.273,2025-10-22 11:02:13,99.0,16.5,12.1,13.91,1.31,0,99
0.84,24.222,0.681,84.18,1.245,2025-10-22 11:02:13,99.0,16.5,12.1,13.91,1.31,0,99
0.893,24.265,0.359,83.6,1.329,2025-10-22 11:02:13,99.0,16.5,12.1,13.91,1.31,0,99
0.869,24.196,0.535,84.14,1.258,2025-10-22 11:02:13,99.0,16.5,12.1,13.91,1.31,0,99
0.859,24.18,0.389,83.73,1.225,2025-10-22 11:02:13,99.0,16.5,12.1,13.91,1.31,0,99
0.87,24.305,0.457,84.32,1.304,2025-10-22 11:02:13,99.0,16.5,12.1,13.91,1.31,0,99
0.875,24.267,0.492,84.25,1.227,2025-10-22 11:02:13,99.0,16.5,12.1,13.91,1.31,0,99
0.879,24.291,0.708,83.68,1.345,2025-10-22 11:02:13,99.0,16.5,12.1,13.91,1.31,0,99
0.853,24.197,0.675,84.165,1.265,2025-10-22 13:00:48,100.0,16.3,11.8,14.02,1.25,0,100
0.839,24.172,0.428,84.023,1.243,2025-10-22 13:00:48,100.0,16.3,11.8,14.02,1.25,0,100
0.89,24.21,0.349,83.992,1.294,2025-10-22 13:00:48,100.0,16.3,11.8,14.02,1.25,0,100
0.849,24.121,0.446,84.025,1.278,2025-10-22 13:00:48,100.0,16.3,11.8,14.02,1.25,0,100
0.843,24.179,0.476,83.954,1.227,2025-10-22 13:00:48,100.0,16.3,11.8,14.02,1.25,0,100
0.898,24.125,0.343,83.979,1.389,2025-10-22 13:00:48,100.0,16.3,11.8,14.02,1.25,0,100
0.875,24.275,0.842,83.96,1.324,2025-10-22 13:00:48,100.0,16.3,11.8,14.02,1.25,0,100
0.851,24.379,0.621,83.865,1.256,2025-10-22 13:00:48,100.0,16.3,11.8,14.02,1.25,0,100
0.845,24.133,0.612,84.164,1.326,2025-10-22 13:00:48,100.0,16.3,11.8,14.02,1.25,0,100
0.825,24.214,0.567,83.994,1.251,2025-10-22 13:00:48,100.0,16.3,11.8,14.02,1.25,0,100
0.845,24.16,0.561,83.842,1.349,2025-10-22 13:00:48,100.0,16.3,11.8,14.02,1.25,0,100
0.859,24.234,0.507,84.288,1.334,2025-10-22 13:00:48,100.0,16.3,11.8,14.02,1.25,0,100
0.867,24.094,0.513,84.101,1.276,2025-10-22 13:00:48,100.0,16.3,11.8,14.02,1.25,0,100
0.843,24.14,0.551,84.282,1.267,2025-10-22 13:00:48,100.0,16.3,11.8,14.02,1.25,0,100
0.855,24.352,0.528,84.082,1.364,2025-10-22 13:00:48,100.0,16.3,11.8,14.02,1.25,0,100
0.853,24.09,0.525,84.309,1.336,2025-10-22 13:00:48,100.0,16.3,11.8,14.02,1.25,0,100
0.853,24.368,0.553,84.002,1.289,2025-10-22 13:00:48,100.0,16.3,11.8,14.02,1.25,0,100
0.835,24.31,0.504,83.983,1.271,2025-10-22 13:00:48,100.0,16.3,11.8,14.02,1.25,0,100
0.88,24.095,0.443,83.892,1.266,2025-10-22 13:00:48,100.0,16.3,11.8,14.02,1.25,0,100
0.824,24.159,0.62,84.118,1.23,2025-10-22 13:00:48,100.0,16.3,11.8,14.02,1.25,0,100
0.889,24.197,0.544,84.429,1.24,2025-10-22 13:05:49,101.0,12.8,8.9,10.81,1.08,0,101
0.889,24.156,0.373,84.283,1.239,2025-10-22 13:05:49,101.0,12.8,8.9,10.81,1.08,0,101
0.866,24.178,0.348,84.01,1.303,2025-10-22 13:05:49,101.0,12.8,8.9,10.81,1.08,0,101
0.85,24.175,0.49,84.309,1.257,2025-10-22 13:05:49,101.0,12.8,8.9,10.81,1.08,0,101
0.877,24.201,0.563,84.091,1.407,2025-10-22 13:05:49,101.0,12.8,8.9,10.81,1.08,0,101
0.903,24.21,0.407,84.203,1.404,2025-10-22 13:05:49,101.0,12.8,8.9,10.81,1.08,0,101
0.868,24.159,0.453,84.288,1.345,2025-10-22 13:05:49,101.0,12.8,8.9,10.81,1.08,0,101
0.866,24.099,0.341,84.142,1.251,2025-10-22 13:05:49,101.0,12.8,8.9,10.81,1.08,0,101
0.865,24.077,0.49,84.342,1.288,2025-10-22 13:05:49,101.0,12.8,8.9,10.81,1.08,0,101
0.869,24.203,0.362,84.209,1.314,2025-10-22 13:05:49,101.0,12.8,8.9,10.81,1.08,0,101
0.874,24.138,0.358,83.82,1.267,2025-10-22 13:05:49,101.0,12.8,8.9,10.81,1.08,0,101
0.895,24.202,0.383,84.097,1.341,2025-10-22 13:05:49,101.0,12.8,8.9,10.81,1.08,0,101
0.831,24.126,0.423,83.967,1.343,2025-10-22 13:05:49,101.0,12.8,8.9,10.81,1.08,0,101
0.851,24.112,0.425,84.191,1.359,2025-10-22 13:05:49,101.0,12.8,8.9,10.81,1.08,0,101
0.864,24.141,0.424,83.829,1.325,2025-10-22 13:05:49,101.0,12.8,8.9,10.81,1.08,0,101
0.906,24.124,0.41,84.252,1.378,2025-10-22 13:40:56,102.0,13.6,8.9,11.61,1.42,0,102
0.872,24.117,0.563,84.223,1.265,2025-10-22 13:40:56,102.0,13.6,8.9,11.61,1.42,0,102
0.882,24.266,0.643,83.991,1.309,2025-10-22 13:40:56,102.0,13.6,8.9,11.61,1.42,0,102
0.874,24.182,0.365,83.853,1.288,2025-10-22 13:40:56,102.0,13.6,8.9,11.61,1.42,0,102
0.856,24.167,0.266,84.249,1.302,2025-10-22 13:40:56,102.0,13.6,8.9,11.61,1.42,0,102
0.869,24.156,0.371,83.948,1.336,2025-10-22 13:40:56,102.0,13.6,8.9,11.61,1.42,0,102
0.856,24.19,0.429,84.18,1.345,2025-10-22 13:40:56,102.0,13.6,8.9,11.61,1.42,0,102
0.864,24.183,0.47,84.243,1.333,2025-10-22 13:40:56,102.0,13.6,8.9,11.61,1.42,0,102
0.885,24.144,0.417,84.024,1.425,2025-10-22 13:40:56,102.0,13.6,8.9,11.61,1.42,0,102
0.889,24.161,0.42,83.899,1.316,2025-10-22 13:40:56,102.0,13.6,8.9,11.61,1.42,0,102
0.881,24.196,0.421,84.003,1.379,2025-10-22 13:40:56,102.0,13.6,8.9,11.61,1.42,0,102
0.897,24.213,0.463,84.255,1.345,2025-10-22 13:40:56,102.0,13.6,8.9,11.61,1.42,0,102
0.881,24.154,0.75,83.966,1.274,2025-10-22 13:40:56,102.0,13.6,8.9,11.61,1.42,0,102
0.865,24.106,0.335,84.137,1.278,2025-10-22 13:40:56,102.0,13.6,8.9,11.61,1.42,0,102
0.872,24.113,0.374,84.336,1.329,2025-10-22 13:40:56,102.0,13.6,8.9,11.61,1.42,0,102
0.845,24.176,0.427,84.283,1.236,2025-10-22 13:40:56,102.0,13.6,8.9,11.61,1.42,0,102
0.855,24.232,0.732,84.443,1.245,2025-10-22 13:40:56,102.0,13.6,8.9,11.61,1.42,0,102
0.825,24.237,0.424,84.092,1.192,2025-10-22 13:40:56,102.0,13.6,8.9,11.61,1.42,0,102
0.893,24.162,0.402,84.1,1.321,2025-10-22 19:10:59,103.0,13.7,8.5,10.48,1.33,0,103
0.845,24.235,0.616,84.086,1.24,2025-10-22 19:10:59,103.0,13.7,8.5,10.48,1.33,0,103
0.875,24.335,0.505,84.324,1.31,2025-10-22 19:10:59,103.0,13.7,8.5,10.48,1.33,0,103
0.895,24.085,0.399,84.257,1.39,2025-10-22 19:10:59,103.0,13.7,8.5,10.48,1.33,0,103
0.889,24.099,0.562,84.32,1.325,2025-10-22 19:10:59,103.0,13.7,8.5,10.48,1.33,0,103
0.844,24.157,0.595,84.221,1.287,2025-10-22 19:10:59,103.0,13.7,8.5,10.48,1.33,0,103
0.876,24.319,0.408,84.033,1.3,2025-10-22 19:10:59,103.0,13.7,8.5,10.48,1.33,0,103
0.869,24.069,0.58,84.119,1.274,2025-10-22 19:10:59,103.0,13.7,8.5,10.48,1.33,0,103
0.845,24.18,0.514,83.937,1.209,2025-10-22 19:10:59,103.0,13.7,8.5,10.48,1.33,0,103
0.882,24.164,0.377,84.13,1.3,2025-10-22 19:10:59,103.0,13.7,8.5,10.48,1.33,0,103
0.847,24.306,0.511,84.047,1.269,2025-10-22 19:10:59,103.0,13.7,8.5,10.48,1.33,0,103
0.838,24.208,0.588,84.03,1.286,2025-10-22 19:10:59,103.0,13.7,8.5,10.48,1.33,0,103
0.874,24.232,0.366,84.362,1.268,2025-10-22 19:10:59,103.0,13.7,8.5,10.48,1.33,0,103
0.888,24.421,0.698,84.353,1.29,2025-10-22 19:10:59,103.0,13.7,8.5,10.48,1.33,0,103
0.858,24.255,0.495,84.159,1.247,2025-10-22 19:10:59,103.0,13.7,8.5,10.48,1.33,0,103
0.883,24.294,0.438,84.064,1.231,2025-10-22 19:10:59,103.0,13.7,8.5,10.48,1.33,0,103
0.858,24.354,0.43,84.002,1.198,2025-10-22 19:10:59,103.0,13.7,8.5,10.48,1.33,0,103
0.879,24.185,0.564,84.101,1.302,2025-10-22 19:10:59,103.0,13.7,8.5,10.48,1.33,0,103
0.866,24.302,0.356,84.077,1.252,2025-10-22 19:10:59,103.0,13.7,8.5,10.48,1.33,0,103
0.858,24.212,0.437,84.328,1.197,2025-10-22 19:10:59,103.0,13.7,8.5,10.48,1.33,0,103
0.869,24.259,0.638,84.19,1.262,2025-10-22 19:07:33,104.0,14.4,9.3,10.95,1.4,0,104
0.862,24.191,0.517,84.1,1.176,2025-10-22 19:07:33,104.0,14.4,9.3,10.95,1.4,0,104
0.856,24.281,0.485,84.34,1.285,2025-10-22 19:07:33,104.0,14.4,9.3,10.95,1.4,0,104
0.892,24.309,0.47,84.17,1.324,2025-10-22 19:07:33,104.0,14.4,9.3,10.95,1.4,0,104
0.84,24.337,0.48,83.69,1.288,2025-10-22 19:07:33,104.0,14.4,9.3,10.95,1.4,0,104
0.87,24.238,0.58,84.48,1.284,2025-10-22 19:07:33,104.0,14.4,9.3,10.95,1.4,0,104
0.884,24.252,0.52,84.16,1.265,2025-10-22 19:07:33,104.0,14.4,9.3,10.95,1.4,0,104
0.872,24.317,0.545,83.93,1.22,2025-10-22 19:07:33,104.0,14.4,9.3,10.95,1.4,0,104
0.882,24.235,0.266,84.14,1.248,2025-10-22 19:07:33,104.0,14.4,9.3,10.95,1.4,0,104
0.854,24.241,0.369,84.04,1.274,2025-10-22 19:07:33,104.0,14.4,9.3,10.95,1.4,0,104
0.847,24.33,0.517,84.07,1.265,2025-10-22 19:07:33,104.0,14.4,9.3,10.95,1.4,0,104
0.884,24.23,0.52,83.92,1.277,2025-10-22 19:07:33,104.0,14.4,9.3,10.95,1.4,0,104
0.867,24.234,0.422,84.16,1.327,2025-10-22 19:07:33,104.0,14.4,9.3,10.95,1.4,0,104
0.894,24.242,0.447,84.06,1.314,2025-10-22 19:07:33,104.0,14.4,9.3,10.95,1.4,0,104
0.842,24.332,0.417,84.05,1.257,2025-10-22 19:07:33,104.0,14.4,9.3,10.95,1.4,0,104
0.87,24.231,0.437,84.16,1.257,2025-10-22 19:07:33,104.0,14.4,9.3,10.95,1.4,0,104
0.904,24.299,0.51,84.01,1.347,2025-10-22 19:07:33,104.0,14.4,9.3,10.95,1.4,0,104
0.88,24.279,0.442,84.11,1.363,2025-10-22 19:07:33,104.0,14.4,9.3,10.95,1.4,0,104
0.862,24.276,0.334,84.0,1.273,2025-10-22 19:07:33,104.0,14.4,9.3,10.95,1.4,0,104
0.877,24.318,0.613,84.06,1.262,2025-10-22 19:07:33,104.0,14.4,9.3,10.95,1.4,0,104
0.879,24.229,0.527,84.04,1.288,2025-10-22 19:12:34,105.0,16.1,10.4,13.49,1.47,0,105
0.859,24.225,0.344,83.67,1.319,2025-10-22 19:12:34,105.0,16.1,10.4,13.49,1.47,0,105
0.87,24.316,0.246,83.64,1.285,2025-10-22 19:12:34,105.0,16.1,10.4,13.49,1.47,0,105
0.857,24.197,0.337,83.64,1.348,2025-10-22 19:12:34,105.0,16.1,10.4,13.49,1.47,0,105
0.857,24.195,0.6,84.21,1.308,2025-10-22 19:12:34,105.0,16.1,10.4,13.49,1.47,0,105
0.861,24.173,0.698,84.29,1.324,2025-10-22 19:12:34,105.0,16.1,10.4,13.49,1.47,0,105
0.837,24.197,0.334,84.04,1.264,2025-10-22 19:12:34,105.0,16.1,10.4,13.49,1.47,0,105
0.902,24.192,0.311,83.96,1.343,2025-10-22 19:12:34,105.0,16.1,10.4,13.49,1.47,0,105
0.861,24.305,0.362,84.2,1.288,2025-10-22 19:12:34,105.0,16.1,10.4,13.49,1.47,0,105
0.821,24.205,0.49,84.22,1.175,2025-10-22 19:12:34,105.0,16.1,10.4,13.49,1.47,0,105
0.858,24.206,0.296,83.78,1.308,2025-10-22 19:12:34,105.0,16.1,10.4,13.49,1.47,0,105
0.833,24.284,0.382,84.35,1.184,2025-10-22 19:12:34,105.0,16.1,10.4,13.49,1.47,0,105
0.899,24.216,0.49,84.28,1.395,2025-10-22 19:12:34,105.0,16.1,10.4,13.49,1.47,0,105
0.882,24.197,0.5,83.89,1.253,2025-10-22 19:12:34,105.0,16.1,10.4,13.49,1.47,0,105
0.875,24.208,0.43,84.01,1.317,2025-10-22 19:12:34,105.0,16.1,10.4,13.49,1.47,0,105
0.861,24.17,0.507,84.2,1.362,2025-10-22 19:12:34,105.0,16.1,10.4,13.49,1.47,0,105
0.881,24.253,0.56,83.92,1.272,2025-10-22 19:12:34,105.0,16.1,10.4,13.49,1.47,0,105
0.85,24.24,0.517,83.93,1.311,2025-10-22 19:12:34,105.0,16.1,10.4,13.49,1.47,0,105
0.89,24.166,0.47,84.202,1.394,2025-10-22 21:11:06,106.0,17.3,11.9,14.26,1.24,0,106
0.86,24.259,0.529,83.986,1.366,2025-10-22 21:11:06,106.0,17.3,11.9,14.26,1.24,0,106
0.845,24.199,0.486,83.87,1.313,2025-10-22 21:11:06,106.0,17.3,11.9,14.26,1.24,0,106
0.888,24.137,0.571,84.134,1.43,2025-10-22 21:11:06,106.0,17.3,11.9,14.26,1.24,0,106
0.872,24.25,0.791,84.093,1.277,2025-10-22 21:11:06,106.0,17.3,11.9,14.26,1.24,0,106
0.85,24.21,0.36,83.988,1.324,2025-10-22 21:11:06,106.0,17.3,11.9,14.26,1.24,0,106
0.874,24.229,0.444,84.157,1.356,2025-10-22 21:11:06,106.0,17.3,11.9,14.26,1.24,0,106
0.864,24.167,0.495,84.039,1.39,2025-10-22 21:11:06,106.0,17.3,11.9,14.26,1.24,0,106
0.866,24.153,0.429,84.2,1.361,2025-10-22 21:11:06,106.0,17.3,11.9,14.26,1.24,0,106
0.89,24.132,0.531,83.92,1.246,2025-10-22 21:11:06,106.0,17.3,11.9,14.26,1.24,0,106
0.879,24.11,0.53,84.195,1.375,2025-10-22 21:11:06,106.0,17.3,11.9,14.26,1.24,0,106
0.883,24.192,0.363,84.212,1.379,2025-10-22 21:11:06,106.0,17.3,11.9,14.26,1.24,0,106
0.881,24.259,0.47,84.313,1.314,2025-10-22 21:11:06,106.0,17.3,11.9,14.26,1.24,0,106
0.864,24.144,0.435,83.873,1.281,2025-10-22 21:11:06,106.0,17.3,11.9,14.26,1.24,0,106
0.885,24.185,0.367,84.01,1.348,2025-10-22 21:11:06,106.0,17.3,11.9,14.26,1.24,0,106
0.82,24.216,0.525,84.173,1.2,2025-10-22 21:11:06,106.0,17.3,11.9,14.26,1.24,0,106
0.873,24.172,0.54,84.142,1.341,2025-10-22 21:11:06,106.0,17.3,11.9,14.26,1.24,0,106
0.895,24.193,0.421,84.226,1.331,2025-10-22 21:11:06,106.0,17.3,11.9,14.26,1.24,0,106
0.864,24.261,0.47,83.885,1.304,2025-10-22 21:11:06,106.0,17.3,11.9,14.26,1.24,0,106
0.893,24.274,0.33,84.193,1.301,2025-10-22 21:16:07,107.0,14.0,9.0,11.58,1.22,0,107
0.855,24.266,0.392,83.675,1.275,2025-10-22 21:16:07,107.0,14.0,9.0,11.58,1.22,0,107
0.841,24.258,0.793,84.018,1.248,2025-10-22 21:16:07,107.0,14.0,9.0,11.58,1.22,0,107
0.884,24.245,0.391,83.883,1.31,2025-10-22 21:16:07,107.0,14.0,9.0,11.58,1.22,0,107
0.857,24.256,0.273,83.914,1.313,2025-10-22 21:16:07,107.0,14.0,9.0,11.58,1.22,0,107
0.869,24.271,0.659,84.031,1.305,2025-10-22 21:16:07,107.0,14.0,9.0,11.58,1.22,0,107
0.867,24.273,0.487,84.191,1.271,2025-10-22 21:16:07,107.0,14.0,9.0,11.58,1.22,0,107
0.866,24.285,0.348,84.329,1.229,2025-10-22 21:16:07,107.0,14.0,9.0,11.58,1.22,0,107
0.87,24.32,0.477,83.497,1.321,2025-10-22 21:16:07,107.0,14.0,9.0,11.58,1.22,0,107
0.865,24.175,0.466,84.073,1.277,2025-10-22 21:16:07,107.0,14.0,9.0,11.58,1.22,0,107
0.868,24.17,0.381,83.687,1.372,2025-10-22 21:16:07,107.0,14.0,9.0,11.58,1.22,0,107
0.852,24.193,0.305,84.06,1.285,2025-10-22 21:16:07,107.0,14.0,9.0,11.58,1.22,0,107
0.846,24.1,0.649,84.115,1.248,2025-10-22 21:16:07,107.0,14.0,9.0,11.58,1.22,0,107
0.852,24.15,0.378,84.071,1.289,2025-10-22 21:16:07,107.0,14.0,9.0,11.58,1.22,0,107
0.883,24.3,0.525,83.862,1.31,2025-10-22 21:16:07,107.0,14.0,9.0,11.58,1.22,0,107
0.856,24.155,0.447,84.122,1.365,2025-10-22 21:16:07,107.0,14.0,9.0,11.58,1.22,0,107
0.886,24.365,0.538,84.28,1.375,2025-10-22 21:16:07,107.0,14.0,9.0,11.58,1.22,0,107
0.891,24.193,0.483,83.675,1.373,2025-10-22 21:16:07,107.0,14.0,9.0,11.58,1.22,0,107
0.855,24.161,0.577,84.165,1.255,2025-10-22 21:21:08,108.0,18.6,7.6,11.3,2.22,0,108
0.86,24.137,0.522,84.31,1.33,2025-10-22 21:21:08,108.0,18.6,7.6,11.3,2.22,0,108
0.876,24.175,0.687,84.052,1.257,2025-10-22 21:21:08,108.0,18.6,7.6,11.3,2.22,0,108
0.867,24.245,0.458,84.299,1.313,2025-10-22 21:21:08,108.0,18.6,7.6,11.3,2.22,0,108
0.88,24.336,0.466,84.054,1.32,2025-10-22 21:21:08,108.0,18.6,7.6,11.3,2.22,0,108
0.845,24.324,0.437,83.882,1.32,2025-10-22 21:21:08,108.0,18.6,7.6,11.3,2.22,0,108
0.841,24.2,0.464,83.899,1.282,2025-10-22 21:21:08,108.0,18.6,7.6,11.3,2.22,0,108
0.867,24.173,0.303,84.28,1.347,2025-10-22 21:21:08,108.0,18.6,7.6,11.3,2.22,0,108
0.877,24.148,0.518,84.262,1.406,2025-10-22 21:21:08,108.0,18.6,7.6,11.3,2.22,0,108
0.865,24.287,0.512,84.074,1.353,2025-10-22 21:21:08,108.0,18.6,7.6,11.3,2.22,0,108
0.865,24.168,0.293,84.007,1.29,2025-10-22 21:21:08,108.0,18.6,7.6,11.3,2.22,0,108
0.877,24.139,0.505,84.112,1.347,2025-10-22 21:21:08,108.0,18.6,7.6,11.3,2.22,0,108
0.875,24.328,0.465,84.27,1.337,2025-10-22 21:21:08,108.0,18.6,7.6,11.3,2.22,0,108
0.869,24.24,0.41,84.337,1.237,2025-10-22 21:21:08,108.0,18.6,7.6,11.3,2.22,0,108
0.859,24.241,0.39,83.937,1.346,2025-10-22 21:21:08,108.0,18.6,7.6,11.3,2.22,0,108
0.847,24.157,0.609,84.277,1.384,2025-10-22 21:21:08,108.0,18.6,7.6,11.3,2.22,0,108
0.871,24.152,0.309,83.921,1.288,2025-10-22 21:21:08,108.0,18.6,7.6,11.3,2.22,0,108
0.875,24.29,0.377,84.016,1.246,2025-10-22 21:21:08,108.0,18.6,7.6,11.3,2.22,0,108
0.843,24.177,0.573,84.108,1.273,2025-10-22 21:21:08,108.0,18.6,7.6,11.3,2.22,0,108
0.874,24.138,0.536,84.096,1.356,2025-10-22 21:21:08,108.0,18.6,7.6,11.3,2.22,0,108
0.845,24.215,0.482,84.24,1.148,2025-10-23 10:51:04,109.0,14.1,8.6,10.6,1.5,0,109
0.872,24.341,0.542,84.171,1.352,2025-10-23 10:51:04,109.0,14.1,8.6,10.6,1.5,0,109
0.898,24.312,0.366,83.92,1.261,2025-10-23 10:51:04,109.0,14.1,8.6,10.6,1.5,0,109
0.857,24.181,0.523,83.9,1.315,2025-10-23 10:51:04,109.0,14.1,8.6,10.6,1.5,0,109
0.904,24.331,0.441,84.194,1.41,2025-10-23 10:51:04,109.0,14.1,8.6,10.6,1.5,0,109
0.848,24.325,0.524,84.211,1.307,2025-10-23 10:51:04,109.0,14.1,8.6,10.6,1.5,0,109
0.868,24.309,0.607,84.282,1.154,2025-10-23 10:51:04,109.0,14.1,8.6,10.6,1.5,0,109
0.855,24.22,0.442,83.995,1.275,2025-10-23 10:51:04,109.0,14.1,8.6,10.6,1.5,0,109
0.872,24.25,0.474,83.938,1.312,2025-10-23 10:51:04,109.0,14.1,8.6,10.6,1.5,0,109
0.885,24.39,0.485,84.338,1.258,2025-10-23 10:51:04,109.0,14.1,8.6,10.6,1.5,0,109
0.896,24.272,0.342,84.275,1.227,2025-10-23 10:51:04,109.0,14.1,8.6,10.6,1.5,0,109
0.88,24.297,0.618,84.293,1.252,2025-10-23 10:51:04,109.0,14.1,8.6,10.6,1.5,0,109
0.867,24.184,0.645,84.318,1.277,2025-10-23 10:51:04,109.0,14.1,8.6,10.6,1.5,0,109
0.887,24.336,0.466,83.921,1.339,2025-10-23 10:51:04,109.0,14.1,8.6,10.6,1.5,0,109
0.827,24.256,0.546,83.737,1.239,2025-10-23 10:51:04,109.0,14.1,8.6,10.6,1.5,0,109
0.871,24.356,0.469,84.037,1.289,2025-10-23 10:51:04,109.0,14.1,8.6,10.6,1.5,0,109
0.846,24.386,0.371,84.204,1.26,2025-10-23 10:51:04,109.0,14.1,8.6,10.6,1.5,0,109
0.92,24.266,0.462,84.329,1.293,2025-10-23 10:51:04,109.0,14.1,8.6,10.6,1.5,0,109
0.867,24.287,0.44,84.186,1.294,2025-10-23 10:51:04,109.0,14.1,8.6,10.6,1.5,0,109
0.89,24.258,0.352,84.28,1.322,2025-10-23 10:48:11,110.0,15.3,8.7,10.96,1.56,0,110
0.85,24.147,0.593,83.95,1.273,2025-10-23 10:48:11,110.0,15.3,8.7,10.96,1.56,0,110
0.872,24.214,0.274,84.33,1.289,2025-10-23 10:48:11,110.0,15.3,8.7,10.96,1.56,0,110
0.881,24.18,0.427,84.07,1.302,2025-10-23 10:48:11,110.0,15.3,8.7,10.96,1.56,0,110
0.837,24.232,0.465,84.21,1.256,2025-10-23 10:48:11,110.0,15.3,8.7,10.96,1.56,0,110
0.873,24.283,0.492,84.27,1.296,2025-10-23 10:48:11,110.0,15.3,8.7,10.96,1.56,0,110
0.865,24.229,0.251,84.18,1.233,2025-10-23 10:48:11,110.0,15.3,8.7,10.96,1.56,0,110
0.893,24.235,0.417,84.1,1.298,2025-10-23 10:48:11,110.0,15.3,8.7,10.96,1.56,0,110
0.884,24.271,0.671,83.8,1.308,2025-10-23 10:48:11,110.0,15.3,8.7,10.96,1.56,0,110
0.865,24.3,0.598,84.19,1.228,2025-10-23 10:48:11,110.0,15.3,8.7,10.96,1.56,0,110
0.875,24.216,0.703,84.04,1.413,2025-10-23 10:48:11,110.0,15.3,8.7,10.96,1.56,0,110
0.887,24.198,0.394,84.01,1.323,2025-10-23 10:48:11,110.0,15.3,8.7,10.96,1.56,0,110
0.885,24.211,0.301,84.14,1.337,2025-10-23 10:48:11,110.0,15.3,8.7,10.96,1.56,0,110
0.854,24.238,0.568,83.95,1.33,2025-10-23 10:48:11,110.0,15.3,8.7,10.96,1.56,0,110
0.87,24.227,0.52,84.09,1.239,2025-10-23 10:48:11,110.0,15.3,8.7,10.96,1.56,0,110
0.863,24.19,0.354,84.03,1.297,2025-10-23 10:48:11,110.0,15.3,8.7,10.96,1.56,0,110
0.828,24.228,0.329,83.88,1.313,2025-10-23 10:48:11,110.0,15.3,8.7,10.96,1.56,0,110
0.887,24.205,0.391,83.864,1.297,2025-10-23 13:01:11,111.0,18.3,12.7,15.05,1.26,0,111
0.87,24.267,0.634,84.202,1.301,2025-10-23 13:01:11,111.0,18.3,12.7,15.05,1.26,0,111
0.88,24.092,0.527,83.909,1.266,2025-10-23 13:01:11,111.0,18.3,12.7,15.05,1.26,0,111
0.888,24.231,0.477,83.827,1.296,2025-10-23 13:01:11,111.0,18.3,12.7,15.05,1.26,0,111
0.916,24.246,0.383,84.062,1.289,2025-10-23 13:01:11,111.0,18.3,12.7,15.05,1.26,0,111
0.847,24.102,0.609,84.197,1.323,2025-10-23 13:01:11,111.0,18.3,12.7,15.05,1.26,0,111
0.894,24.304,0.436,84.452,1.326,2025-10-23 13:01:11,111.0,18.3,12.7,15.05,1.26,0,111
0.909,24.359,0.44,83.842,1.262,2025-10-23 13:01:11,111.0,18.3,12.7,15.05,1.26,0,111
0.864,24.077,0.657,84.196,1.332,2025-10-23 13:01:11,111.0,18.3,12.7,15.05,1.26,0,111
0.874,24.265,0.399,83.805,1.294,2025-10-23 13:01:11,111.0,18.3,12.7,15.05,1.26,0,111
0.883,24.33,0.379,84.194,1.233,2025-10-23 13:01:11,111.0,18.3,12.7,15.05,1.26,0,111
0.854,24.176,0.397,83.867,1.245,2025-10-23 13:01:11,111.0,18.3,12.7,15.05,1.26,0,111
0.865,24.116,0.484,83.923,1.202,2025-10-23 13:01:11,111.0,18.3,12.7,15.05,1.26,0,111
0.878,24.205,0.413,84.342,1.248,2025-10-23 13:01:11,111.0,18.3,12.7,15.05,1.26,0,111
0.895,24.254,0.53,83.705,1.383,2025-10-23 13:01:11,111.0,18.3,12.7,15.05,1.26,0,111
0.874,24.153,0.345,84.395,1.335,2025-10-23 13:01:11,111.0,18.3,12.7,15.05,1.26,0,111
0.834,24.212,0.536,83.896,1.317,2025-10-23 13:01:11,111.0,18.3,12.7,15.05,1.26,0,111
0.893,24.152,0.47,83.844,1.279,2025-10-23 13:01:11,111.0,18.3,12.7,15.05,1.26,0,111
0.877,24.242,0.431,84.151,1.27,2025-10-23 13:01:11,111.0,18.3,12.7,15.05,1.26,0,111
0.857,24.102,0.444,83.691,1.331,2025-10-23 13:06:12,112.0,14.2,8.9,10.95,1.52,0,112
0.856,24.056,0.542,84.323,1.24,2025-10-23 13:06:12,112.0,14.2,8.9,10.95,1.52,0,112
0.876,24.231,0.438,84.083,1.261,2025-10-23 13:06:12,112.0,14.2,8.9,10.95,1.52,0,112
0.868,24.114,0.426,84.163,1.298,2025-10-23 13:06:12,112.0,14.2,8.9,10.95,1.52,0,112
0.868,24.163,0.297,84.371,1.331,2025-10-23 13:06:12,112.0,14.2,8.9,10.95,1.52,0,112
0.879,24.291,0.553,84.01,1.357,2025-10-23 13:06:12,112.0,14.2,8.9,10.95,1.52,0,112
0.857,24.094,0.393,84.216,1.251,2025-10-23 13:06:12,112.0,14.2,8.9,10.95,1.52,0,112
0.864,24.166,0.782,84.091,1.316,2025-10-23 13:06:12,112.0,14.2,8.9,10.95,1.52,0,112
0.902,24.137,0.582,83.886,1.321,2025-10-23 13:06:12,112.0,14.2,8.9,10.95,1.52,0,112
0.88,24.154,0.464,84.256,1.32,2025-10-23 13:06:12,112.0,14.2,8.9,10.95,1.52,0,112
0.889,24.126,0.558,84.194,1.302,2025-10-23 13:06:12,112.0,14.2,8.9,10.95,1.52,0,112
0.872,24.055,0.404,84.195,1.239,2025-10-23 13:06:12,112.0,14.2,8.9,10.95,1.52,0,112
0.871,24.211,0.468,84.072,1.391,2025-10-23 13:06:12,112.0,14.2,8.9,10.95,1.52,0,112
0.9,24.151,0.687,84.295,1.309,2025-10-23 13:06:12,112.0,14.2,8.9,10.95,1.52,0,112
0.85,24.234,0.414,84.35,1.24,2025-10-23 14:23:30,113.0,13.4,9.0,11.0,1.19,0,113
0.882,24.259,0.389,84.19,1.325,2025-10-23 14:23:30,113.0,13.4,9.0,11.0,1.19,0,113
0.895,24.264,0.475,84.19,1.261,2025-10-23 14:23:30,113.0,13.4,9.0,11.0,1.19,0,113
0.899,24.332,0.45,84.19,1.318,2025-10-23 14:23:30,113.0,13.4,9.0,11.0,1.19,0,113
0.842,24.176,0.568,84.11,1.226,2025-10-23 14:23:30,113.0,13.4,9.0,11.0,1.19,0,113
0.871,24.227,0.733,84.3,1.306,2025-10-23 14:23:30,113.0,13.4,9.0,11.0,1.19,0,113
0.869,24.176,0.392,84.33,1.3,2025-10-23 14:23:30,113.0,13.4,9.0,11.0,1.19,0,113
0.881,24.261,0.701,84.43,1.235,2025-10-23 14:23:30,113.0,13.4,9.0,11.0,1.19,0,113
0.914,24.224,0.495,84.27,1.227,2025-10-23 14:23:30,113.0,13.4,9.0,11.0,1.19,0,113
0.867,24.318,0.482,83.91,1.208,2025-10-23 14:23:30,113.0,13.4,9.0,11.0,1.19,0,113
0.894,24.271,0.485,83.91,1.253,2025-10-23 14:23:30,113.0,13.4,9.0,11.0,1.19,0,113
0.853,24.3,0.482,84.13,1.21,2025-10-23 14:23:30,113.0,13.4,9.0,11.0,1.19,0,113
0.85,24.189,0.251,84.29,1.195,2025-10-23 14:23:30,113.0,13.4,9.0,11.0,1.19,0,113
0.886,24.298,0.291,84.22,1.283,2025-10-23 14:23:30,113.0,13.4,9.0,11.0,1.19,0,113
0.87,24.213,0.437,83.94,1.243,2025-10-23 14:23:30,113.0,13.4,9.0,11.0,1.19,0,113
0.853,24.203,0.477,84.31,1.277,2025-10-23 14:23:30,113.0,13.4,9.0,11.0,1.19,0,113
0.878,24.253,0.625,84.12,1.224,2025-10-23 14:23:30,113.0,13.4,9.0,11.0,1.19,0,113
0.866,24.224,0.603,84.08,1.211,2025-10-23 14:23:30,113.0,13.4,9.0,11.0,1.19,0,113
0.86,24.253,0.427,84.25,1.324,2025-10-23 14:23:30,113.0,13.4,9.0,11.0,1.19,0,113
0.898,24.212,0.382,84.09,1.353,2025-10-23 14:23:30,113.0,13.4,9.0,11.0,1.19,0,113
0.873,24.314,0.379,84.207,1.35,2025-10-23 21:11:22,114.0,17.4,10.6,13.01,1.5,0,114
0.867,24.129,0.373,84.165,1.266,2025-10-23 21:11:22,114.0,17.4,10.6,13.01,1.5,0,114
0.878,24.239,0.587,84.068,1.224,2025-10-23 21:11:22,114.0,17.4,10.6,13.01,1.5,0,114
0.9,24.225,0.516,84.334,1.316,2025-10-23 21:11:22,114.0,17.4,10.6,13.01,1.5,0,114
0.842,24.317,0.51,84.185,1.255,2025-10-23 21:11:22,114.0,17.4,10.6,13.01,1.5,0,114
0.888,24.433,0.58,84.251,1.298,2025-10-23 21:11:22,114.0,17.4,10.6,13.01,1.5,0,114
0.832,24.187,0.304,84.194,1.292,2025-10-23 21:11:22,114.0,17.4,10.6,13.01,1.5,0,114
0.897,24.272,0.52,84.462,1.353,2025-10-23 21:11:22,114.0,17.4,10.6,13.01,1.5,0,114
0.868,24.142,0.569,83.914,1.278,2025-10-23 21:11:22,114.0,17.4,10.6,13.01,1.5,0,114
0.843,24.154,0.491,83.915,1.239,2025-10-23 21:11:22,114.0,17.4,10.6,13.01,1.5,0,114
0.872,24.278,0.523,84.093,1.36,2025-10-23 21:11:22,114.0,17.4,10.6,13.01,1.5,0,114
0.839,24.249,0.645,84.451,1.295,2025-10-23 21:11:22,114.0,17.4,10.6,13.01,1.5,0,114
0.892,24.279,0.469,84.604,1.255,2025-10-23 21:11:22,114.0,17.4,10.6,13.01,1.5,0,114
0.868,24.279,0.565,84.325,1.224,2025-10-23 21:11:22,114.0,17.4,10.6,13.01,1.5,0,114
0.862,24.297,0.464,83.828,1.229,2025-10-23 21:11:22,114.0,17.4,10.6,13.01,1.5,0,114
0.904,24.378,0.458,84.012,1.277,2025-10-23 21:11:22,114.0,17.4,10.6,13.01,1.5,0,114
0.846,24.195,0.601,84.333,1.224,2025-10-23 21:11:22,114.0,17.4,10.6,13.01,1.5,0,114
0.889,24.297,0.321,84.638,1.277,2025-10-23 21:11:22,114.0,17.4,10.6,13.01,1.5,0,114
0.893,24.184,0.551,84.36,1.337,2025-10-23 21:11:22,114.0,17.4,10.6,13.01,1.5,0,114
0.9,24.216,0.543,83.99,1.32,2025-10-23 21:16:23,115.0,13.8,8.2,11.25,1.71,0,115
0.874,24.199,0.518,83.805,1.356,2025-10-23 21:16:23,115.0,13.8,8.2,11.25,1.71,0,115
0.887,24.26,0.665,84.153,1.284,2025-10-23 21:16:23,115.0,13.8,8.2,11.25,1.71,0,115
0.851,24.234,0.265,83.717,1.245,2025-10-23 21:16:23,115.0,13.8,8.2,11.25,1.71,0,115
0.851,24.237,0.255,83.774,1.221,2025-10-23 21:16:23,115.0,13.8,8.2,11.25,1.71,0,115
0.861,24.222,0.295,84.241,1.235,2025-10-23 21:16:23,115.0,13.8,8.2,11.25,1.71,0,115
0.848,24.207,0.452,83.712,1.233,2025-10-23 21:16:23,115.0,13.8,8.2,11.25,1.71,0,115
0.874,24.128,0.574,83.881,1.292,2025-10-23 21:16:23,115.0,13.8,8.2,11.25,1.71,0,115
0.858,24.214,0.321,84.29,1.296,2025-10-23 21:16:23,115.0,13.8,8.2,11.25,1.71,0,115
0.863,24.25,0.569,83.94,1.255,2025-10-23 21:16:23,115.0,13.8,8.2,11.25,1.71,0,115
0.849,24.203,0.404,84.437,1.286,2025-10-23 21:16:23,115.0,13.8,8.2,11.25,1.71,0,115
0.851,24.194,0.336,83.698,1.317,2025-10-23 21:16:23,115.0,13.8,8.2,11.25,1.71,0,115
0.856,24.21,0.475,83.848,1.249,2025-10-23 21:16:23,115.0,13.8,8.2,11.25,1.71,0,115
0.851,24.257,0.255,84.192,1.255,2025-10-23 21:16:23,115.0,13.8,8.2,11.25,1.71,0,115
0.839,24.148,0.255,84.149,1.236,2025-10-23 21:16:23,115.0,13.8,8.2,11.25,1.71,0,115
0.878,24.244,0.48,84.118,1.203,2025-10-23 21:16:23,115.0,13.8,8.2,11.25,1.71,0,115
0.866,24.123,0.365,84.228,1.236,2025-10-23 21:16:23,115.0,13.8,8.2,11.25,1.71,0,115
0.836,24.046,0.385,84.004,1.296,2025-10-23 21:16:23,115.0,13.8,8.2,11.25,1.71,0,115
0.882,24.189,0.343,84.332,1.273,2025-10-23 21:16:23,115.0,13.8,8.2,11.25,1.71,0,115
0.866,24.223,0.476,83.726,1.318,2025-10-23 21:16:23,115.0,13.8,8.2,11.25,1.71,0,115
0.881,24.203,0.65,84.185,1.299,2025-10-23 21:26:24,116.0,13.2,8.3,11.22,1.32,0,116
0.876,24.193,0.52,84.006,1.292,2025-10-23 21:26:24,116.0,13.2,8.3,11.22,1.32,0,116
0.888,24.241,0.556,84.003,1.325,2025-10-23 21:26:24,116.0,13.2,8.3,11.22,1.32,0,116
0.864,24.299,0.683,84.174,1.288,2025-10-23 21:26:24,116.0,13.2,8.3,11.22,1.32,0,116
0.883,24.306,0.346,83.893,1.3,2025-10-23 21:26:24,116.0,13.2,8.3,11.22,1.32,0,116
0.895,24.237,0.529,84.34,1.321,2025-10-23 21:26:24,116.0,13.2,8.3,11.22,1.32,0,116
0.885,24.219,0.632,83.879,1.315,2025-10-23 21:26:24,116.0,13.2,8.3,11.22,1.32,0,116
0.9,24.273,0.39,83.974,1.36,2025-10-23 21:26:24,116.0,13.2,8.3,11.22,1.32,0,116
0.907,24.247,0.466,84.171,1.206,2025-10-23 21:26:24,116.0,13.2,8.3,11.22,1.32,0,116
0.876,24.332,0.519,83.854,1.213,2025-10-23 21:26:24,116.0,13.2,8.3,11.22,1.32,0,116
0.867,24.28,0.417,84.232,1.234,2025-10-23 21:26:24,116.0,13.2,8.3,11.22,1.32,0,116
0.882,24.218,0.438,84.137,1.371,2025-10-23 21:26:24,116.0,13.2,8.3,11.22,1.32,0,116
0.89,24.298,0.438,84.138,1.242,2025-10-23 21:26:24,116.0,13.2,8.3,11.22,1.32,0,116
0.895,24.271,0.562,83.815,1.206,2025-10-23 21:26:24,116.0,13.2,8.3,11.22,1.32,0,116
0.864,24.125,0.525,84.197,1.242,2025-10-23 21:26:24,116.0,13.2,8.3,11.22,1.32,0,116
0.885,24.306,0.446,84.034,1.387,2025-10-23 21:26:24,116.0,13.2,8.3,11.22,1.32,0,116
0.882,24.312,0.258,84.018,1.23,2025-10-23 21:26:24,116.0,13.2,8.3,11.22,1.32,0,116
0.857,24.151,0.738,83.914,1.259,2025-10-23 21:26:24,116.0,13.2,8.3,11.22,1.32,0,116
0.897,24.278,0.418,84.186,1.3,2025-10-23 21:26:24,116.0,13.2,8.3,11.22,1.32,0,116
0.892,24.305,0.42,84.222,1.322,2025-10-23 21:26:24,116.0,13.2,8.3,11.22,1.32,0,116
